Region,Time_UTC,T2,Q2,SWDOWN,GLW,WSPD,Temperature_F
California,1/31/1985 0:00,280.7,0,233.9,235.2,5.1,45.6
California,1/31/1985 1:00,279,0,60.2,233.7,4.7,42.6
California,1/31/1985 2:00,276.9,0,0,229.7,4.2,38.7
California,1/31/1985 3:00,275.9,0,0,226.9,3.8,37
California,1/31/1985 4:00,275.3,0,0,225.5,3.5,35.9
California,1/31/1985 5:00,274.9,0,0,224.6,3.3,35.2
California,1/31/1985 6:00,274.7,0,0,224.4,3.3,34.8
California,1/31/1985 7:00,274.6,0,0,224.2,3.2,34.5
California,1/31/1985 8:00,274.4,0,0,223.9,3.1,34.3
California,1/31/1985 9:00,274.2,0,0,223.6,3,34
California,1/31/1985 10:00,274.1,0,0,223.4,2.9,33.7
California,1/31/1985 11:00,273.9,0,0,223.2,2.8,33.4
California,1/31/1985 12:00,273.8,0,0,223.2,2.7,33.2
California,1/31/1985 13:00,273.7,0,0,222.8,2.7,32.9
California,1/31/1985 14:00,273.4,0,0,222.4,2.5,32.5
California,1/31/1985 15:00,273.4,0,14.8,222.1,2.4,32.5
California,1/31/1985 16:00,275.3,0,162.4,222.8,2.4,35.9
California,1/31/1985 17:00,277.6,0,377.4,226.5,2.5,40
California,1/31/1985 18:00,279.1,0,518.8,229.2,2.5,42.7
California,1/31/1985 19:00,280.2,0,637.7,232.2,2.5,44.7
California,1/31/1985 20:00,281,0,680,234.3,2.7,46.2
California,1/31/1985 21:00,281.5,0,659.4,236.7,2.8,47.1
California,1/31/1985 22:00,281.7,0,560.7,238.4,3.4,47.4
California,1/31/1985 23:00,281.5,0,440.3,239.4,4.1,47.1
California,2/2/1985 0:00,279.6,0,245.1,239.9,4.2,43.6
California,2/2/1985 1:00,277.9,0,48.9,243.6,3.6,40.5
California,2/2/1985 2:00,276.1,0,0,248.3,3.1,37.3
California,2/2/1985 3:00,275.8,0,0,253.7,2.8,36.8
California,2/2/1985 4:00,275.8,0,0,257.3,2.8,36.8
California,2/2/1985 5:00,275.7,0,0,258.6,3.1,36.6
California,2/2/1985 6:00,275.6,0,0,256,3.3,36.4
California,2/2/1985 7:00,275.4,0,0,254,3.6,36.1
California,2/2/1985 8:00,275.2,0,0,253.1,3.8,35.8
California,2/2/1985 9:00,275,0,0,255.4,3.7,35.3
California,2/2/1985 10:00,275,0,0,268.8,3.6,35.2
California,2/2/1985 11:00,274.8,0,0,272.6,3.5,35
California,2/2/1985 12:00,274.7,0,0,278.5,3.2,34.9
California,2/2/1985 13:00,274.6,0,0,282,3,34.7
California,2/2/1985 14:00,274.4,0,0,279.6,2.8,34.2
California,2/2/1985 15:00,274.3,0,3.3,282.1,2.6,34.1
California,2/2/1985 16:00,275,0,85.9,282.1,2.4,35.3
California,2/2/1985 17:00,276.3,0,216.6,274.5,2.4,37.7
California,2/2/1985 18:00,277.8,0,383.1,269.1,2.5,40.4
California,2/2/1985 19:00,279,0,501.3,268.5,2.8,42.5
California,2/2/1985 20:00,279.7,0,544.7,268.3,3.3,43.9
California,2/2/1985 21:00,280.3,0,559.3,265.6,3.6,44.8
California,2/2/1985 22:00,280.5,0,496.3,263.8,3.7,45.3
California,2/2/1985 23:00,280.5,0,374.2,260.8,3.7,45.2
California,2/4/1985 0:00,279.2,0,194.5,270.2,4,42.8
California,2/4/1985 1:00,277.8,0,37.8,264,3.4,40.3
California,2/4/1985 2:00,276.2,0,0,260.8,2.5,37.5
California,2/4/1985 3:00,275.7,0,0,261.9,2.2,36.6
California,2/4/1985 4:00,275.4,0,0,259.1,2,36
California,2/4/1985 5:00,275,0,0,256,1.8,35.4
California,2/4/1985 6:00,274.7,0,0,252.8,1.8,34.8
California,2/4/1985 7:00,274.5,0,0,250.8,1.8,34.4
California,2/4/1985 8:00,274.3,0,0,252.8,1.8,34.1
California,2/4/1985 9:00,274.2,0,0,251.9,1.9,33.8
California,2/4/1985 10:00,274,0,0,249.4,1.9,33.5
California,2/4/1985 11:00,273.8,0,0,246,2,33.1
California,2/4/1985 12:00,273.5,0,0,243.8,2,32.7
California,2/4/1985 13:00,273.3,0,0,243.1,1.8,32.3
California,2/4/1985 14:00,273,0,0,240.6,1.7,31.8
California,2/4/1985 15:00,272.8,0,6,239.1,1.7,31.3
California,2/4/1985 16:00,274.3,0,152,238.8,1.7,34.1
California,2/4/1985 17:00,276.2,0,349.2,237.4,1.9,37.5
California,2/4/1985 18:00,277.7,0,500.7,239.6,2.4,40.1
California,2/4/1985 19:00,278.8,0,611.3,240.7,3.1,42.2
California,2/4/1985 20:00,279.6,0,656.5,241.8,3.5,43.5
California,2/4/1985 21:00,280.1,0,650.7,241.1,3.7,44.5
California,2/4/1985 22:00,280.4,0,579.3,240.7,3.8,45
California,2/4/1985 23:00,280.3,0,424.8,238.4,3.8,44.8
California,7/2/1985 0:00,307.8,0,610.3,363.8,4.9,94.3
California,7/2/1985 1:00,306.7,0,394.7,361,4.8,92.4
California,7/2/1985 2:00,305,0,219.6,357.7,4.5,89.4
California,7/2/1985 3:00,301.3,0,28.2,350.7,3.7,82.6
California,7/2/1985 4:00,298.9,0,0,343.5,2.9,78.3
California,7/2/1985 5:00,297.9,0,0,341,2.4,76.5
California,7/2/1985 6:00,297.3,0,0,339.3,2.1,75.4
California,7/2/1985 7:00,296.8,0,0,337.5,2.2,74.6
California,7/2/1985 8:00,296.3,0,0,336,2.2,73.7
California,7/2/1985 9:00,295.8,0,0,334.2,2.4,72.8
California,7/2/1985 10:00,295.3,0,0,332.6,2.4,71.9
California,7/2/1985 11:00,295,0,0,331.6,2.5,71.2
California,7/2/1985 12:00,294.7,0,0,330.1,2.5,70.7
California,7/2/1985 13:00,294.5,0,7.5,329.1,2.5,70.4
California,7/2/1985 14:00,297.7,0,209.5,331.1,2.3,76.3
California,7/2/1985 15:00,300.8,0,394.8,337.1,2.2,81.7
California,7/2/1985 16:00,303.1,0,621.2,343.4,2.1,86
California,7/2/1985 17:00,304.8,0,778.3,347.4,2.3,88.9
California,7/2/1985 18:00,306,0,936,351.6,2.8,91.2
California,7/2/1985 19:00,307,0,1030.5,355.1,3.2,92.9
California,7/2/1985 20:00,307.7,0,1057.7,357.4,3.7,94.2
California,7/2/1985 21:00,308,0,1029.9,358.9,4.4,94.7
California,7/2/1985 22:00,307.8,0,932.5,358.7,5,94.4
California,7/2/1985 23:00,307.4,0,818.5,357.9,5.3,93.6
California,7/3/1985 0:00,306.6,0,633,356,5.5,92.1
California,7/3/1985 1:00,305.3,0,421.6,353.2,5.3,89.8
California,7/3/1985 2:00,303.4,0,202,349,4.8,86.4
California,7/3/1985 3:00,299.4,0,21.6,342,3.8,79.3
California,7/3/1985 4:00,297.4,0,0,335.2,3.1,75.6
California,7/3/1985 5:00,296.4,0,0,332.9,2.7,73.8
California,7/3/1985 6:00,295.8,0,0,331.2,2.6,72.7
California,7/3/1985 7:00,295.3,0,0,329.2,2.8,71.8
California,7/3/1985 8:00,294.7,0,0,327.1,3,70.7
California,7/3/1985 9:00,294.1,0,0,324.8,2.9,69.7
California,7/3/1985 10:00,293.7,0,0,323.1,2.9,68.9
California,7/3/1985 11:00,293.4,0,0,322.1,2.9,68.4
California,7/3/1985 12:00,293.2,0,0,321.2,2.9,68
California,7/3/1985 13:00,293.1,0,10.1,320.4,2.7,67.9
California,7/3/1985 14:00,296.3,0,194.8,322.6,2.5,73.7
California,7/3/1985 15:00,299.4,0,420.6,329.5,2.2,79.2
California,7/3/1985 16:00,301.7,0,601.2,334.5,2.2,83.3
California,7/3/1985 17:00,303.6,0,797.4,340.2,2.4,86.9
California,7/3/1985 18:00,305.2,0,948.9,345.3,2.6,89.6
California,7/3/1985 19:00,306.3,0,1026.7,349.1,2.7,91.7
California,7/3/1985 20:00,307.4,0,1062.2,353.4,2.8,93.6
California,7/3/1985 21:00,307.9,0,1027.2,356.2,3.3,94.6
California,7/3/1985 22:00,308.1,0,950.8,357.1,3.9,94.8
California,7/3/1985 23:00,307.7,0,803.2,356.8,4.4,94.2
California,1/16/1987 0:00,278.9,0,189.7,224.4,7.9,42.3
California,1/16/1987 1:00,276.9,0,3.5,223.7,7.2,38.8
California,1/16/1987 2:00,275.6,0,0,217.8,6.9,36.3
California,1/16/1987 3:00,274.7,0,0,213.7,7.1,34.9
California,1/16/1987 4:00,274.2,0,0,209.7,6.4,33.8
California,1/16/1987 5:00,273.6,0,0,207.2,5.8,32.9
California,1/16/1987 6:00,273.2,0,0,205.9,5.3,32.1
California,1/16/1987 7:00,272.8,0,0,204.8,4.9,31.5
California,1/16/1987 8:00,272.5,0,0,203.3,4.6,30.8
California,1/16/1987 9:00,272.2,0,0,202,4.6,30.3
California,1/16/1987 10:00,272,0,0,201.2,4.6,29.9
California,1/16/1987 11:00,271.8,0,0,200.2,4.6,29.6
California,1/16/1987 12:00,271.6,0,0,199.3,4.4,29.3
California,1/16/1987 13:00,271.5,0,0,198.3,4.2,29
California,1/16/1987 14:00,271.3,0,0,197.6,4.2,28.6
California,1/16/1987 15:00,271.1,0,1.9,197.1,4.1,28.4
California,1/16/1987 16:00,272.7,0,153.3,197.8,4.2,31.1
California,1/16/1987 17:00,274.9,0,355.6,200.9,4.3,35.1
California,1/16/1987 18:00,276.4,0,490.1,203.2,4.4,37.9
California,1/16/1987 19:00,277.6,0,601.8,206,4.6,40.1
California,1/16/1987 20:00,278.5,0,639.3,208.2,5,41.6
California,1/16/1987 21:00,279,0,614,210.7,5.1,42.6
California,1/16/1987 22:00,279.2,0,511.9,212.7,5,43
California,1/16/1987 23:00,279.2,0,387.4,213.7,4.8,42.8
California,1/17/1987 0:00,278.4,0,197.2,214,4.6,41.4
California,1/17/1987 1:00,275.8,0,1.8,213.2,3.8,36.7
California,1/17/1987 2:00,274.4,0,0,211.1,3.8,34.2
California,1/17/1987 3:00,273.7,0,0,210,3.6,33
California,1/17/1987 4:00,273.3,0,0,209.8,3.4,32.2
California,1/17/1987 5:00,273,0,0,209.6,3.2,31.7
California,1/17/1987 6:00,272.8,0,0,209.8,3,31.4
California,1/17/1987 7:00,272.7,0,0,210,2.8,31.2
California,1/17/1987 8:00,272.7,0,0,210.5,2.8,31.2
California,1/17/1987 9:00,272.7,0,0,210.8,2.7,31.2
California,1/17/1987 10:00,272.7,0,0,210.9,2.7,31.2
California,1/17/1987 11:00,272.7,0,0,210.9,2.6,31.2
California,1/17/1987 12:00,272.6,0,0,210.8,2.6,31.1
California,1/17/1987 13:00,272.6,0,0,210.8,2.7,30.9
California,1/17/1987 14:00,272.4,0,0,210.9,2.7,30.7
California,1/17/1987 15:00,272.3,0,1.2,210.7,2.8,30.5
California,1/17/1987 16:00,274.2,0,148.3,211.4,2.8,33.8
California,1/17/1987 17:00,276.7,0,350.5,214.5,2.7,38.4
California,1/17/1987 18:00,278.5,0,484.5,217.3,2.5,41.7
California,1/17/1987 19:00,280,0,597.5,221.4,2.5,44.3
California,1/17/1987 20:00,281.1,0,638.5,225.4,2.6,46.3
California,1/17/1987 21:00,281.9,0,605.8,229,2.7,47.8
California,1/17/1987 22:00,282.4,0,531.3,231.5,2.9,48.6
California,1/17/1987 23:00,282.3,0,385,233.9,2.9,48.4
California,12/24/1987 0:00,278.8,0,128.5,225.5,6.3,42.1
California,12/24/1987 1:00,276.5,0,0,221.9,5.6,38
California,12/24/1987 2:00,275.5,0,0,219.3,5.1,36.2
California,12/24/1987 3:00,274.8,0,0,217.1,5.1,35
California,12/24/1987 4:00,274.3,0,0,215.8,5.1,34.1
California,12/24/1987 5:00,274,0,0,216.3,5.3,33.5
California,12/24/1987 6:00,273.7,0,0,217.3,5.4,33
California,12/24/1987 7:00,273.5,0,0,219.1,5.4,32.7
California,12/24/1987 8:00,273.2,0,0,217.6,5.4,32.2
California,12/24/1987 9:00,273.1,0,0,217,5.3,31.9
California,12/24/1987 10:00,272.9,0,0,216.4,5.3,31.6
California,12/24/1987 11:00,272.7,0,0,214.9,5.1,31.2
California,12/24/1987 12:00,272.6,0,0,214.1,5,31
California,12/24/1987 13:00,272.5,0,0,214.6,4.8,30.8
California,12/24/1987 14:00,272.3,0,0,212.8,4.6,30.5
California,12/24/1987 15:00,272.1,0,0.9,210,4.5,30
California,12/24/1987 16:00,273.2,0,125.7,206.9,4.6,32.1
California,12/24/1987 17:00,275.1,0,309.3,208,5.1,35.5
California,12/24/1987 18:00,276.5,0,458.4,210,5.6,38.1
California,12/24/1987 19:00,277.6,0,553.5,212.5,6.1,40
California,12/24/1987 20:00,278.3,0,584.3,215.1,6.9,41.2
California,12/24/1987 21:00,278.6,0,546.4,219,7.3,41.8
California,12/24/1987 22:00,278.6,0,451.9,220,7.4,41.9
California,12/24/1987 23:00,278.3,0,304.8,220.7,7.2,41.3
California,12/25/1987 0:00,277.2,0,127.6,219.4,6.7,39.4
California,12/25/1987 1:00,275.1,0,0,216.6,5.8,35.5
California,12/25/1987 2:00,274.1,0,0,213.2,5.4,33.6
California,12/25/1987 3:00,273.4,0,0,211.4,5.1,32.5
California,12/25/1987 4:00,273,0,0,210.4,4.9,31.8
California,12/25/1987 5:00,272.7,0,0,209.4,4.9,31.2
California,12/25/1987 6:00,272.5,0,0,208.9,4.9,30.9
California,12/25/1987 7:00,272.4,0,0,208.8,4.9,30.7
California,12/25/1987 8:00,272.3,0,0,208.6,4.8,30.5
California,12/25/1987 9:00,272.2,0,0,208.6,4.6,30.4
California,12/25/1987 10:00,272.2,0,0,208.8,4.4,30.2
California,12/25/1987 11:00,272.1,0,0,208.6,4.2,30
California,12/25/1987 12:00,272,0,0,208.4,4.2,29.9
California,12/25/1987 13:00,271.9,0,0,208.1,4.2,29.7
California,12/25/1987 14:00,271.7,0,0,207.7,4.1,29.4
California,12/25/1987 15:00,271.6,0,0.9,207.1,3.8,29.2
California,12/25/1987 16:00,273,0,127.5,207.5,3.7,31.8
California,12/25/1987 17:00,275.3,0,310.3,210.1,3.9,35.9
California,12/25/1987 18:00,277,0,459.2,213.1,4.1,38.9
California,12/25/1987 19:00,278.2,0,554.9,216.4,4.3,41.1
California,12/25/1987 20:00,279.2,0,588.2,219.4,4.2,42.9
California,12/25/1987 21:00,279.8,0,556.4,221.9,3.9,44
California,12/25/1987 22:00,280.1,0,462.3,224.1,3.7,44.5
California,12/25/1987 23:00,279.9,0,315.1,225.5,3.4,44.1
California,12/26/1987 0:00,278.6,0,133,225.7,2.8,41.8
California,12/26/1987 1:00,275.9,0,0,223.7,2.2,36.9
California,12/26/1987 2:00,274.9,0,0,221.8,2,35.2
California,12/26/1987 3:00,274.4,0,0,220.6,2,34.2
California,12/26/1987 4:00,274,0,0,219.7,1.9,33.6
California,12/26/1987 5:00,273.8,0,0,218.7,1.8,33.1
California,12/26/1987 6:00,273.7,0,0,218.2,1.6,32.9
California,12/26/1987 7:00,273.6,0,0,218,1.8,32.8
California,12/26/1987 8:00,273.5,0,0,218,1.9,32.6
California,12/26/1987 9:00,273.4,0,0,217.9,1.9,32.4
California,12/26/1987 10:00,273.3,0,0,217.8,1.8,32.3
California,12/26/1987 11:00,273.2,0,0,217.7,1.8,32.1
California,12/26/1987 12:00,273.1,0,0,217.6,1.9,32
California,12/26/1987 13:00,273,0,0,217.1,2,31.8
California,12/26/1987 14:00,272.9,0,0,216.8,2,31.6
California,12/26/1987 15:00,272.8,0,0.8,216.5,1.8,31.4
California,12/26/1987 16:00,274.3,0,125.8,216.8,1.5,34.1
California,12/26/1987 17:00,276.6,0,307,219.4,1.2,38.2
California,12/26/1987 18:00,278.2,0,454.9,222.4,1.4,41.1
California,12/26/1987 19:00,279.3,0,550.2,225.3,1.8,43.1
California,12/26/1987 20:00,280.1,0,583.6,227.8,2,44.5
California,12/26/1987 21:00,280.6,0,552.4,229.9,2.1,45.4
California,12/26/1987 22:00,280.7,0,459.4,231.4,2.3,45.6
California,12/26/1987 23:00,280.4,0,313.8,232.1,2.3,45
California,7/17/1988 0:00,306.2,0,629.8,356.4,4.3,91.5
California,7/17/1988 1:00,305.3,0,421.7,356,4.2,89.9
California,7/17/1988 2:00,303.8,0,206.1,354.3,3.9,87.2
California,7/17/1988 3:00,300.2,0,25.4,349.5,3,80.7
California,7/17/1988 4:00,298,0,0,344,2.4,76.8
California,7/17/1988 5:00,297.2,0,0,342.3,2.1,75.3
California,7/17/1988 6:00,296.7,0,0,341.9,1.9,74.4
California,7/17/1988 7:00,296.3,0,0,341.8,1.9,73.7
California,7/17/1988 8:00,296,0,0,341.5,1.8,73.1
California,7/17/1988 9:00,295.6,0,0,340.8,1.8,72.5
California,7/17/1988 10:00,295.3,0,0,339.8,1.8,71.9
California,7/17/1988 11:00,295,0,0,338.9,1.7,71.4
California,7/17/1988 12:00,294.8,0,0,338.2,1.8,71
California,7/17/1988 13:00,294.6,0,0.8,337.7,1.7,70.7
California,7/17/1988 14:00,297.4,0,148.6,339,1.4,75.6
California,7/17/1988 15:00,300.6,0,359.5,345.2,1.3,81.4
California,7/17/1988 16:00,303,0,569.2,351.7,1.5,85.7
California,7/17/1988 17:00,304.9,0,755.2,357.7,1.9,89.2
California,7/17/1988 18:00,306.6,0,902.6,363.3,2.3,92.1
California,7/17/1988 19:00,307.8,0,998.2,368.4,2.7,94.3
California,7/17/1988 20:00,308.5,0,1035.4,372.1,3.2,95.7
California,7/17/1988 21:00,308.9,0,1007.7,374.6,3.7,96.3
California,7/17/1988 22:00,308.8,0,927.2,375.1,4.1,96.2
California,7/17/1988 23:00,308.4,0,791.1,374.4,4.5,95.5
California,9/3/1988 0:00,303.7,0,442.6,376,3.6,87
California,9/3/1988 1:00,302.4,0,241.1,372,3.5,84.7
California,9/3/1988 2:00,300,0,43.6,367.6,2.9,80.3
California,9/3/1988 3:00,297.7,0,0,361.8,2.3,76.1
California,9/3/1988 4:00,296.8,0,0,359,2.1,74.6
California,9/3/1988 5:00,296.3,0,0,357.2,2.2,73.7
California,9/3/1988 6:00,296,0,0,356.3,2.2,73.1
California,9/3/1988 7:00,295.6,0,0,356.2,2.2,72.4
California,9/3/1988 8:00,295.2,0,0,354.7,2.2,71.7
California,9/3/1988 9:00,294.9,0,0,353.2,2.3,71.2
California,9/3/1988 10:00,294.7,0,0,352.9,2.4,70.8
California,9/3/1988 11:00,294.7,0,0,351.6,2.5,70.7
California,9/3/1988 12:00,294.8,0,0,351.8,2.6,71
California,9/3/1988 13:00,294.7,0,0,351.5,2.5,70.8
California,9/3/1988 14:00,295.1,0,35,351.1,2.5,71.5
California,9/3/1988 15:00,298.3,0,235.7,352.7,2.4,77.2
California,9/3/1988 16:00,301.3,0,451.3,359.5,2.3,82.7
California,9/3/1988 17:00,303.6,0,645.4,365.3,2.1,86.7
California,9/3/1988 18:00,305.4,0,797.3,370.3,2,90
California,9/3/1988 19:00,307,0,891.1,375.5,2.2,92.9
California,9/3/1988 20:00,308.3,0,918.5,380.5,2.6,95.3
California,9/3/1988 21:00,309,0,885.3,383.6,3,96.6
California,9/3/1988 22:00,309.1,0,790.4,385.2,3.4,96.8
California,9/3/1988 23:00,308.6,0,642.8,384.3,3.8,95.8
California,9/4/1988 0:00,307.5,0,452.6,381.2,4,93.8
California,9/4/1988 1:00,305.8,0,239.4,377.7,3.6,90.8
California,9/4/1988 2:00,302.7,0,40.9,373.1,2.8,85.2
California,9/4/1988 3:00,300.1,0,0,364.3,2.6,80.6
California,9/4/1988 4:00,299.3,0,0,360.5,2.7,79
California,9/4/1988 5:00,298.6,0,0,357.8,2.8,77.9
California,9/4/1988 6:00,298.2,0,0,356.5,2.9,77.1
California,9/4/1988 7:00,297.8,0,0,355.7,2.9,76.4
California,9/4/1988 8:00,297.3,0,0,355.1,2.8,75.5
California,9/4/1988 9:00,297,0,0,354.2,2.8,75
California,9/4/1988 10:00,296.8,0,0,353.5,2.9,74.7
California,9/4/1988 11:00,296.6,0,0,352.7,3,74.3
California,9/4/1988 12:00,296.4,0,0,351,3.1,73.9
California,9/4/1988 13:00,296.2,0,0,349.2,3.2,73.5
California,9/4/1988 14:00,296.4,0,34.7,348,3.1,73.8
California,9/4/1988 15:00,299.5,0,237.2,350.8,3,79.4
California,9/4/1988 16:00,302.2,0,454.2,356.9,3.2,84.2
California,9/4/1988 17:00,304.1,0,648.2,361.8,3.4,87.8
California,9/4/1988 18:00,305.9,0,799.9,366.8,3.9,90.9
California,9/4/1988 19:00,307.4,0,897,371.4,4.4,93.6
California,9/4/1988 20:00,308.6,0,930.9,375.4,4.9,95.8
California,9/4/1988 21:00,309.4,0,898.8,378.3,5.3,97.2
California,9/4/1988 22:00,309.6,0,803.4,379.8,5.5,97.7
California,9/4/1988 23:00,309.4,0,652.7,379.7,5.4,97.3
California,9/5/1988 0:00,308.6,0,459.4,377.9,5.2,95.9
California,9/5/1988 1:00,307.2,0,242.3,374.6,4.6,93.2
California,9/5/1988 2:00,303.6,0,38.2,368.6,3.1,86.9
California,9/5/1988 3:00,300.6,0,0,360.5,2.6,81.4
California,9/5/1988 4:00,299.4,0,0,355.8,2.7,79.2
California,9/5/1988 5:00,298.6,0,0,353.4,2.7,77.8
California,9/5/1988 6:00,298,0,0,352.3,2.7,76.7
California,9/5/1988 7:00,297.4,0,0,351.2,2.6,75.6
California,9/5/1988 8:00,296.8,0,0,349.5,2.4,74.5
California,9/5/1988 9:00,296.3,0,0,347.7,2.2,73.7
California,9/5/1988 10:00,295.9,0,0,346.1,2.1,73
California,9/5/1988 11:00,295.6,0,0,344.5,2.1,72.5
California,9/5/1988 12:00,295.4,0,0,342.7,2.1,72
California,9/5/1988 13:00,295,0,0,340.6,2,71.4
California,9/5/1988 14:00,295.2,0,33.2,339.2,1.8,71.6
California,9/5/1988 15:00,298.4,0,235.3,341.5,1.6,77.4
California,9/5/1988 16:00,301.2,0,454,347.6,1.7,82.6
California,9/5/1988 17:00,303.2,0,648.5,352.6,1.9,86.1
California,9/5/1988 18:00,304.8,0,801.1,357.2,2.2,88.9
California,9/5/1988 19:00,306,0,898,361.3,2.5,91.2
California,9/5/1988 20:00,307,0,931.1,364.8,2.9,92.9
California,9/5/1988 21:00,307.6,0,898.4,367.2,3.4,94
California,9/5/1988 22:00,307.6,0,802.4,367.9,4,94
California,9/5/1988 23:00,307.1,0,650.8,367,4.4,93.2
California,12/26/1988 0:00,277.7,0,111.3,248.1,5.5,40.2
California,12/26/1988 1:00,276,0,0,242.8,4.8,37.2
California,12/26/1988 2:00,275.2,0,0,241.9,4.5,35.7
California,12/26/1988 3:00,274.5,0,0,238,4.1,34.4
California,12/26/1988 4:00,273.8,0,0,231.9,3.7,33.2
California,12/26/1988 5:00,273.4,0,0,227.8,3.6,32.4
California,12/26/1988 6:00,273,0,0,228,3.5,31.8
California,12/26/1988 7:00,272.8,0,0,227.4,3.5,31.4
California,12/26/1988 8:00,272.7,0,0,227.2,3.5,31.2
California,12/26/1988 9:00,272.6,0,0,226.6,3.2,30.9
California,12/26/1988 10:00,272.4,0,0,222.3,3.2,30.7
California,12/26/1988 11:00,272.2,0,0,218.9,3.2,30.4
California,12/26/1988 12:00,272.1,0,0,217.1,3.2,30.1
California,12/26/1988 13:00,271.9,0,0,215.1,3.3,29.8
California,12/26/1988 14:00,271.7,0,0,213.1,3.4,29.4
California,12/26/1988 15:00,271.5,0,0.7,211.3,3.4,29.1
California,12/26/1988 16:00,272.9,0,123.6,210.6,3.3,31.5
California,12/26/1988 17:00,274.9,0,306.6,211.8,3.4,35.2
California,12/26/1988 18:00,276.4,0,457.1,213.6,3.7,37.8
California,12/26/1988 19:00,277.5,0,555.1,215.6,3.9,39.9
California,12/26/1988 20:00,278.4,0,590.7,217.3,4,41.5
California,12/26/1988 21:00,278.8,0,560.5,218.5,4.3,42.3
California,12/26/1988 22:00,278.9,0,467.5,219.2,4.7,42.4
California,12/26/1988 23:00,278.5,0,321,218.9,5.1,41.6
California,12/27/1988 0:00,277.2,0,138.5,217.3,5,39.2
California,12/27/1988 1:00,274.3,0,0,213.6,4.2,34
California,12/27/1988 2:00,273.2,0,0,210.5,3.6,32.1
California,12/27/1988 3:00,272.7,0,0,209.2,3.2,31.2
California,12/27/1988 4:00,272.4,0,0,208.9,2.9,30.6
California,12/27/1988 5:00,272.1,0,0,208.8,2.8,30.2
California,12/27/1988 6:00,272,0,0,209.2,2.7,30
California,12/27/1988 7:00,271.9,0,0,210.1,2.6,29.8
California,12/27/1988 8:00,271.9,0,0,210.3,2.5,29.7
California,12/27/1988 9:00,271.8,0,0,210,2.5,29.6
California,12/27/1988 10:00,271.8,0,0,209.7,2.6,29.5
California,12/27/1988 11:00,271.7,0,0,210.1,2.6,29.4
California,12/27/1988 12:00,271.6,0,0,211.7,2.6,29.3
California,12/27/1988 13:00,271.6,0,0,214.4,2.5,29.2
California,12/27/1988 14:00,271.7,0,0,221.8,2.6,29.5
California,12/27/1988 15:00,272,0,0.7,232.1,2.6,29.9
California,12/27/1988 16:00,273.5,0,112.1,236.8,2.5,32.6
California,12/27/1988 17:00,275.2,0,253.2,241.9,2.4,35.7
California,12/27/1988 18:00,276.4,0,365.9,244.7,2.2,37.8
California,12/27/1988 19:00,277.2,0,429.9,248.4,2.4,39.3
California,12/27/1988 20:00,277.8,0,482.2,247.7,2.9,40.3
California,12/27/1988 21:00,278.1,0,462.2,248.8,3.4,40.9
California,12/27/1988 22:00,278.1,0,376.3,252.9,3.6,40.9
California,12/27/1988 23:00,277.7,0,252.2,254.5,3.7,40.2
California,12/28/1988 0:00,276.8,0,105.9,255.9,3.2,38.7
California,12/28/1988 1:00,274.8,0,0,261.4,2.8,35
California,12/28/1988 2:00,274.4,0,0,270.3,2.4,34.2
California,12/28/1988 3:00,274.2,0,0,272.2,2.2,34
California,12/28/1988 4:00,273.9,0,0,267,1.9,33.4
California,12/28/1988 5:00,273.5,0,0,262.5,1.8,32.7
California,12/28/1988 6:00,273.3,0,0,263.8,1.7,32.3
California,12/28/1988 7:00,273.4,0,0,273.6,1.8,32.4
California,12/28/1988 8:00,273.1,0,0,264.5,1.6,31.9
California,12/28/1988 9:00,272.8,0,0,258.1,1.5,31.4
California,12/28/1988 10:00,272.6,0,0,253,1.3,31
California,12/28/1988 11:00,272.6,0,0,252.8,1.2,31
California,12/28/1988 12:00,272.6,0,0,252.4,1.2,30.9
California,12/28/1988 13:00,272.5,0,0,252.4,1.3,30.8
California,12/28/1988 14:00,272.5,0,0,255.5,1.4,30.8
California,12/28/1988 15:00,272.5,0,0.6,257.4,1.5,30.8
California,12/28/1988 16:00,273.5,0,95.5,256.8,1.6,32.6
California,12/28/1988 17:00,275,0,248.5,253,1.8,35.3
California,12/28/1988 18:00,276.1,0,392,249.3,2,37.4
California,12/28/1988 19:00,277,0,494,247.8,2.3,39
California,12/28/1988 20:00,277.6,0,535,245.9,2.6,40
California,12/28/1988 21:00,277.9,0,512.1,245.1,2.9,40.5
California,12/28/1988 22:00,278,0,433.5,243,3,40.7
California,12/28/1988 23:00,277.7,0,300.8,240.8,3.1,40.2
California,12/29/1988 0:00,276.8,0,130.2,239.3,3.1,38.6
California,12/29/1988 1:00,274.4,0,0,236.8,2.8,34.3
California,12/29/1988 2:00,273.6,0,0,233,2.8,32.8
California,12/29/1988 3:00,273.1,0,0,230.8,2.6,31.9
California,12/29/1988 4:00,272.8,0,0,229.9,2.6,31.4
California,12/29/1988 5:00,272.6,0,0,230.3,2.6,31
California,12/29/1988 6:00,272.4,0,0,229.5,2.7,30.7
California,12/29/1988 7:00,272.2,0,0,228.3,2.7,30.4
California,12/29/1988 8:00,272.1,0,0,227.3,2.8,30.2
California,12/29/1988 9:00,272,0,0,225.8,2.9,30
California,12/29/1988 10:00,271.9,0,0,224.9,2.9,29.8
California,12/29/1988 11:00,271.8,0,0,224.3,2.9,29.6
California,12/29/1988 12:00,271.8,0,0,223.6,2.9,29.5
California,12/29/1988 13:00,271.7,0,0,222.7,3,29.4
California,12/29/1988 14:00,271.6,0,0,221.7,2.9,29.3
California,12/29/1988 15:00,271.6,0,0.6,221.2,3,29.2
California,12/29/1988 16:00,273.1,0,119.5,221.3,3.1,31.9
California,12/29/1988 17:00,275.4,0,299.4,223.6,3.1,36
California,12/29/1988 18:00,277,0,447.8,226.4,3.1,39
California,12/29/1988 19:00,278.2,0,544.4,229.2,2.9,41.1
California,12/29/1988 20:00,279.1,0,578.1,231.9,2.7,42.6
California,12/29/1988 21:00,279.6,0,541.7,235.2,2.3,43.6
California,12/29/1988 22:00,279.7,0,445.8,238,2.1,43.8
California,12/29/1988 23:00,279.5,0,310.2,237.7,2.3,43.4
California,2/5/1989 0:00,279,0,171.4,280.6,7,42.6
California,2/5/1989 1:00,277.8,0,49.6,270.4,6.3,40.4
California,2/5/1989 2:00,276.1,0,0,255.2,5.5,37.3
California,2/5/1989 3:00,275,0,0,247.8,4.9,35.4
California,2/5/1989 4:00,274.3,0,0,240.9,4.5,34.1
California,2/5/1989 5:00,273.7,0,0,235.7,4.2,33
California,2/5/1989 6:00,273.3,0,0,234.2,4,32.3
California,2/5/1989 7:00,272.9,0,0,233,4,31.6
California,2/5/1989 8:00,272.4,0,0,231.5,4,30.7
California,2/5/1989 9:00,271.9,0,0,230.2,4,29.8
California,2/5/1989 10:00,271.5,0,0,227.4,3.8,29
California,2/5/1989 11:00,271.1,0,0,224.7,3.7,28.4
California,2/5/1989 12:00,270.9,0,0,222.6,3.6,27.9
California,2/5/1989 13:00,270.7,0,0,220.9,3.5,27.6
California,2/5/1989 14:00,270.5,0,0,218.9,3.3,27.2
California,2/5/1989 15:00,270.3,0,5.7,216.9,3,26.8
California,2/5/1989 16:00,271.8,0,160.2,216.8,3.1,29.6
California,2/5/1989 17:00,273.6,0,348.9,219.4,3.5,32.8
California,2/5/1989 18:00,275,0,503.4,221.9,4,35.3
California,2/5/1989 19:00,276.1,0,584.5,228.6,4.6,37.2
California,2/5/1989 20:00,276.9,0,663.5,226.9,5.1,38.7
California,2/5/1989 21:00,277.4,0,651.5,227.1,5.4,39.7
California,2/5/1989 22:00,277.7,0,569,227.9,5.4,40.1
California,2/5/1989 23:00,277.6,0,441.2,226.9,5.5,39.9
California,2/6/1989 0:00,276.9,0,265.6,226,5.6,38.8
California,2/6/1989 1:00,275.4,0,71,224.3,5.3,36
California,2/6/1989 2:00,273.2,0,0,219,4.9,32.2
California,2/6/1989 3:00,272.2,0,0,213.9,4.5,30.3
California,2/6/1989 4:00,271.6,0,0,208.9,4.2,29.2
California,2/6/1989 5:00,271.1,0,0,205.4,4.1,28.3
California,2/6/1989 6:00,270.7,0,0,201.7,4.1,27.5
California,2/6/1989 7:00,270.3,0,0,199.8,4.1,26.9
California,2/6/1989 8:00,270,0,0,197.8,4.3,26.3
California,2/6/1989 9:00,269.7,0,0,197,4.7,25.8
California,2/6/1989 10:00,269.4,0,0,195.6,4.8,25.3
California,2/6/1989 11:00,269.1,0,0,194.3,4.6,24.8
California,2/6/1989 12:00,268.9,0,0,193.1,4.6,24.3
California,2/6/1989 13:00,268.7,0,0,192.4,4.6,24
California,2/6/1989 14:00,268.6,0,0,191.4,4.7,23.8
California,2/6/1989 15:00,268.5,0,8.2,190.6,4.8,23.6
California,2/6/1989 16:00,270.3,0,183.5,191.1,5.1,26.8
California,2/6/1989 17:00,272.3,0,390.4,193.7,5.4,30.5
California,2/6/1989 18:00,273.8,0,560.1,196.5,5.5,33.3
California,2/6/1989 19:00,275,0,676.9,199,5.6,35.4
California,2/6/1989 20:00,275.9,0,731.9,200.8,6,37
California,2/6/1989 21:00,276.6,0,714.8,202.8,6.1,38.2
California,2/6/1989 22:00,276.9,0,630,204.6,6,38.8
California,2/6/1989 23:00,276.9,0,485,205.8,5.8,38.8
California,2/7/1989 0:00,276.4,0,293.1,206.3,5.6,37.8
California,2/7/1989 1:00,274.6,0,81.2,205.4,5.3,34.6
California,2/7/1989 2:00,272.4,0,0,203,5,30.7
California,2/7/1989 3:00,271.6,0,0,201.2,5,29.2
California,2/7/1989 4:00,271,0,0,200.1,4.9,28.2
California,2/7/1989 5:00,270.6,0,0,199.4,4.9,27.4
California,2/7/1989 6:00,270.2,0,0,199,4.6,26.8
California,2/7/1989 7:00,270,0,0,200,4.4,26.3
California,2/7/1989 8:00,269.7,0,0,201.1,4.4,25.9
California,2/7/1989 9:00,269.6,0,0,202.4,4.4,25.6
California,2/7/1989 10:00,269.4,0,0,203.2,4.4,25.2
California,2/7/1989 11:00,269.3,0,0,206.6,4.4,25.1
California,2/7/1989 12:00,269.2,0,0,209.4,4.5,24.9
California,2/7/1989 13:00,269.2,0,0,212,4.6,24.9
California,2/7/1989 14:00,269.2,0,0,214,4.5,24.8
California,2/7/1989 15:00,269.2,0,7.3,216.6,4.4,24.9
California,2/7/1989 16:00,271.1,0,150.2,220.1,4.5,28.3
California,2/7/1989 17:00,273.3,0,331.7,224.7,4.8,32.3
California,2/7/1989 18:00,275,0,492.5,227.2,4.9,35.4
California,2/7/1989 19:00,276.5,0,633.2,224.7,4.8,38
California,2/7/1989 20:00,277.5,0,675.4,230.3,4.8,39.9
California,2/7/1989 21:00,278.3,0,643.2,236,4.7,41.2
California,2/7/1989 22:00,278.6,0,522.4,245.8,4.7,41.9
California,2/7/1989 23:00,278.6,0,375.1,252.4,4.6,41.8
California,2/8/1989 0:00,278.1,0,226.5,251.3,4.6,41
California,2/8/1989 1:00,276.5,0,66.4,246.4,4.2,38
California,2/8/1989 2:00,274.6,0,0,245,4.2,34.6
California,2/8/1989 3:00,273.9,0,0,246.4,4.3,33.3
California,2/8/1989 4:00,273.4,0,0,243.4,4.3,32.4
California,2/8/1989 5:00,273.1,0,0,246.6,4.2,31.9
California,2/8/1989 6:00,272.8,0,0,246.6,4.3,31.5
California,2/8/1989 7:00,272.6,0,0,245.2,4.3,31.1
California,2/8/1989 8:00,272.5,0,0,249.1,4.4,30.8
California,2/8/1989 9:00,272.5,0,0,254.7,4.4,30.9
California,2/8/1989 10:00,272.5,0,0,261.2,4.7,30.9
California,2/8/1989 11:00,272.4,0,0,264.8,5,30.6
California,2/8/1989 12:00,272.1,0,0,266.4,5.4,30.1
California,2/8/1989 13:00,272,0,0,265.2,5.6,30
California,2/8/1989 14:00,272.1,0,0,269.1,5.8,30.1
California,2/8/1989 15:00,272.3,0,4.7,272.4,6,30.5
California,2/8/1989 16:00,273.4,0,89.2,278.2,6.1,32.5
California,2/8/1989 17:00,275,0,202.5,283.1,6.2,35.3
California,2/8/1989 18:00,276.3,0,301.6,288.1,6.4,37.6
California,2/8/1989 19:00,277.4,0,384.2,291.4,6.4,39.7
California,2/8/1989 20:00,278.3,0,412.1,295.4,6.6,41.3
California,2/8/1989 21:00,278.9,0,381.2,300.3,6.5,42.4
California,2/8/1989 22:00,279.2,0,297,307.2,6.3,42.8
California,2/8/1989 23:00,279,0,198,312,5.9,42.6
California,7/6/1989 0:00,306.7,0,638,349.5,4.6,92.4
California,7/6/1989 1:00,305.6,0,432.2,347.1,4.6,90.4
California,7/6/1989 2:00,303.9,0,218.2,343.9,4.3,87.3
California,7/6/1989 3:00,300.1,0,33.6,338.4,3.5,80.4
California,7/6/1989 4:00,297.6,0,0,332,2.9,76.1
California,7/6/1989 5:00,296.7,0,0,329.3,2.4,74.4
California,7/6/1989 6:00,296.1,0,0,327.6,2.3,73.3
California,7/6/1989 7:00,295.7,0,0,326.5,2.3,72.6
California,7/6/1989 8:00,295.4,0,0,325.4,2.3,72
California,7/6/1989 9:00,295,0,0,324.2,2.2,71.4
California,7/6/1989 10:00,294.7,0,0,323.4,2.2,70.8
California,7/6/1989 11:00,294.4,0,0,322.6,2.2,70.3
California,7/6/1989 12:00,294.1,0,0,322,2.1,69.7
California,7/6/1989 13:00,293.8,0,6,320.9,1.9,69.1
California,7/6/1989 14:00,296.7,0,175,321.6,1.6,74.4
California,7/6/1989 15:00,299.7,0,387.6,327.1,1.5,79.7
California,7/6/1989 16:00,301.9,0,596.2,332.9,1.5,83.8
California,7/6/1989 17:00,303.8,0,780.8,338.4,1.6,87.1
California,7/6/1989 18:00,305.2,0,925.6,343.4,1.8,89.7
California,7/6/1989 19:00,306.4,0,1019.2,348.4,2.1,91.9
California,7/6/1989 20:00,307.4,0,1054.8,352.6,2.3,93.6
California,7/6/1989 21:00,307.9,0,1029.6,355.6,2.6,94.6
California,7/6/1989 22:00,308.1,0,945.7,357.3,2.8,94.9
California,7/6/1989 23:00,308,0,809.6,357.9,3.2,94.7
California,2/14/1990 0:00,281.6,0,285.8,256.6,7.2,47.1
California,2/14/1990 1:00,280.1,0,91.4,254.7,6.7,44.5
California,2/14/1990 2:00,278.1,0,0,247.7,6.2,40.8
California,2/14/1990 3:00,277,0,0,241.3,6,38.9
California,2/14/1990 4:00,276.3,0,0,236.4,6.3,37.6
California,2/14/1990 5:00,275.6,0,0,233.2,6.6,36.4
California,2/14/1990 6:00,275,0,0,231.1,6.9,35.4
California,2/14/1990 7:00,274.5,0,0,226.3,7.2,34.4
California,2/14/1990 8:00,273.9,0,0,220.9,7.8,33.4
California,2/14/1990 9:00,273.4,0,0,214.6,7.9,32.4
California,2/14/1990 10:00,272.8,0,0,210.4,7.6,31.4
California,2/14/1990 11:00,272.3,0,0,207.1,7.4,30.5
California,2/14/1990 12:00,271.9,0,0,203.9,7.2,29.7
California,2/14/1990 13:00,271.6,0,0,201.9,7.1,29.1
California,2/14/1990 14:00,271.2,0,0,199.7,7.2,28.5
California,2/14/1990 15:00,270.9,0,18.6,197.2,7.2,28
California,2/14/1990 16:00,272.4,0,210,197.3,7.8,30.6
California,2/14/1990 17:00,273.9,0,418.5,199,8.5,33.4
California,2/14/1990 18:00,275.2,0,596.1,199.2,8.9,35.7
California,2/14/1990 19:00,276.2,0,714.7,201.3,9.1,37.6
California,2/14/1990 20:00,277,0,767.1,204.4,9.1,38.9
California,2/14/1990 21:00,277.5,0,749.5,206.9,8.8,39.9
California,2/14/1990 22:00,277.8,0,664,208.6,8.4,40.4
California,2/14/1990 23:00,277.8,0,517.5,209.9,8.2,40.4
California,2/15/1990 0:00,277.3,0,325,210,8,39.5
California,2/15/1990 1:00,276.1,0,110.6,209,7.3,37.3
California,2/15/1990 2:00,273.8,0,0,206.1,5.8,33.2
California,2/15/1990 3:00,272.8,0,0,203.4,4.9,31.4
California,2/15/1990 4:00,272.1,0,0,201.6,4.3,30.2
California,2/15/1990 5:00,271.7,0,0,200.2,4.1,29.3
California,2/15/1990 6:00,271.3,0,0,199.4,4,28.7
California,2/15/1990 7:00,271.1,0,0,199.1,3.7,28.3
California,2/15/1990 8:00,270.9,0,0,199.3,3.3,28
California,2/15/1990 9:00,270.8,0,0,199.9,3,27.7
California,2/15/1990 10:00,270.6,0,0,200.8,2.7,27.5
California,2/15/1990 11:00,270.5,0,0,201.8,2.5,27.3
California,2/15/1990 12:00,270.4,0,0,203.1,2.1,27.1
California,2/15/1990 13:00,270.3,0,0,203.9,1.9,26.9
California,2/15/1990 14:00,270.1,0,0,204.1,1.7,26.5
California,2/15/1990 15:00,270.2,0,21.4,204.2,1.7,26.7
California,2/15/1990 16:00,272.8,0,214.2,206,1.7,31.4
California,2/15/1990 17:00,275,0,421.8,209.6,1.6,35.4
California,2/15/1990 18:00,276.6,0,591.5,213.3,1.5,38.3
California,2/15/1990 19:00,277.9,0,705.5,217.4,1.8,40.5
California,2/15/1990 20:00,278.9,0,753.6,221.7,2,42.3
California,2/15/1990 21:00,279.6,0,734.7,224.8,2.3,43.6
California,2/15/1990 22:00,280,0,650.1,227.2,2.8,44.3
California,2/15/1990 23:00,279.9,0,500.5,230.7,3.4,44.2
California,12/20/1990 0:00,278.8,0,78.1,277.1,8.8,42.2
California,12/20/1990 1:00,277.6,0,0,280.5,7.8,40
California,12/20/1990 2:00,276.9,0,0,276.7,7.5,38.7
California,12/20/1990 3:00,276.3,0,0,271,7,37.6
California,12/20/1990 4:00,275.8,0,0,266.1,6.6,36.8
California,12/20/1990 5:00,275.4,0,0,262.2,6.5,36.1
California,12/20/1990 6:00,275,0,0,254.2,6.3,35.3
California,12/20/1990 7:00,274.6,0,0,253.9,6.4,34.7
California,12/20/1990 8:00,274.3,0,0,250.5,6.6,34.1
California,12/20/1990 9:00,273.8,0,0,245.5,6.5,33.2
California,12/20/1990 10:00,273.4,0,0,245.7,6.3,32.4
California,12/20/1990 11:00,272.9,0,0,237.9,6,31.5
California,12/20/1990 12:00,272.5,0,0,235.1,5.9,30.8
California,12/20/1990 13:00,272.2,0,0,229.7,6,30.2
California,12/20/1990 14:00,271.8,0,0,224.8,6.1,29.5
California,12/20/1990 15:00,271.3,0,1.2,220.1,5.9,28.6
California,12/20/1990 16:00,272.2,0,118.2,218.6,5.7,30.2
California,12/20/1990 17:00,273.7,0,289,218.4,6,33
California,12/20/1990 18:00,274.8,0,431.9,218.3,6.8,35
California,12/20/1990 19:00,275.5,0,524.9,218.6,7.5,36.3
California,12/20/1990 20:00,276,0,567.4,217.3,7.9,37.1
California,12/20/1990 21:00,276.2,0,538.7,216.6,8.2,37.4
California,12/20/1990 22:00,276,0,442.8,216.2,8.3,37.2
California,12/20/1990 23:00,275.5,0,297.7,214.6,8.1,36.2
California,12/21/1990 0:00,274.4,0,121.5,212,7.5,34.2
California,12/21/1990 1:00,272.2,0,0,208.7,6.3,30.3
California,12/21/1990 2:00,271.2,0,0,205.2,5.7,28.4
California,12/21/1990 3:00,270.4,0,0,203,5.4,27.1
California,12/21/1990 4:00,269.9,0,0,202.3,5.2,26.1
California,12/21/1990 5:00,269.6,0,0,203.5,5.1,25.6
California,12/21/1990 6:00,269.2,0,0,204.8,4.9,25
California,12/21/1990 7:00,268.8,0,0,204.3,4.4,24.2
California,12/21/1990 8:00,268.5,0,0,203.5,4.2,23.7
California,12/21/1990 9:00,268.3,0,0,203.7,4.1,23.2
California,12/21/1990 10:00,268.2,0,0,204.1,4,23.1
California,12/21/1990 11:00,268.1,0,0,204.9,3.9,22.9
California,12/21/1990 12:00,268,0,0,205.7,4,22.7
California,12/21/1990 13:00,267.9,0,0,208.2,4,22.6
California,12/21/1990 14:00,267.6,0,0,205.8,3.7,22.1
California,12/21/1990 15:00,267.4,0,1.2,204.9,3.4,21.6
California,12/21/1990 16:00,269,0,119.4,203.8,3.4,24.5
California,12/21/1990 17:00,270.9,0,294.5,204.1,4.1,28
California,12/21/1990 18:00,272.2,0,435.2,205.6,4.8,30.3
California,12/21/1990 19:00,273,0,522,207.3,5.4,31.8
California,12/21/1990 20:00,273.6,0,559.7,206.6,5.5,32.8
California,12/21/1990 21:00,273.9,0,531.7,206.2,5.5,33.3
California,12/21/1990 22:00,273.8,0,439.7,206.1,5.3,33.2
California,12/21/1990 23:00,273.4,0,300.4,204.4,5.2,32.5
California,12/22/1990 0:00,272.3,0,124,202.6,4.8,30.5
California,12/22/1990 1:00,269.7,0,0,199.6,4.1,25.8
California,12/22/1990 2:00,268.6,0,0,197.7,3.8,23.9
California,12/22/1990 3:00,267.9,0,0,193.7,3.6,22.6
California,12/22/1990 4:00,267.4,0,0,190.4,3.4,21.7
California,12/22/1990 5:00,267,0,0,189.9,3.2,20.9
California,12/22/1990 6:00,266.7,0,0,187.7,3.2,20.4
California,12/22/1990 7:00,266.4,0,0,185.8,3,19.9
California,12/22/1990 8:00,266.2,0,0,184.8,2.9,19.4
California,12/22/1990 9:00,266,0,0,185,2.9,19.1
California,12/22/1990 10:00,265.8,0,0,184.2,2.8,18.8
California,12/22/1990 11:00,265.7,0,0,183.1,2.8,18.5
California,12/22/1990 12:00,265.5,0,0,182.4,2.7,18.3
California,12/22/1990 13:00,265.3,0,0,181.5,2.6,17.9
California,12/22/1990 14:00,265,0,0,180.8,2.6,17.3
California,12/22/1990 15:00,264.8,0,1.3,180,2.5,16.9
California,12/22/1990 16:00,266.7,0,134.6,180,2.5,20.4
California,12/22/1990 17:00,269.1,0,320.4,182.2,2.5,24.8
California,12/22/1990 18:00,270.8,0,470.8,184.3,2.5,27.8
California,12/22/1990 19:00,272.1,0,567,186.8,2.4,30.1
California,12/22/1990 20:00,273.1,0,599.7,189,2.5,31.9
California,12/22/1990 21:00,273.8,0,566.2,191.1,2.3,33.3
California,12/22/1990 22:00,274.3,0,469.3,193,2.1,34
California,12/22/1990 23:00,274.2,0,318.4,194.6,1.9,33.9
California,12/23/1990 0:00,273.1,0,131.9,195.4,1.6,31.9
California,12/23/1990 1:00,269.6,0,0,194.5,1.7,25.6
California,12/23/1990 2:00,269,0,0,193.9,2,24.5
California,12/23/1990 3:00,268.6,0,0,193.6,2.1,23.8
California,12/23/1990 4:00,268.4,0,0,193.6,2.1,23.4
California,12/23/1990 5:00,268.2,0,0,193.7,2.3,23
California,12/23/1990 6:00,268,0,0,193.8,2.4,22.7
California,12/23/1990 7:00,267.9,0,0,194,2.7,22.5
California,12/23/1990 8:00,267.8,0,0,194.2,2.9,22.3
California,12/23/1990 9:00,267.7,0,0,194.4,3,22.2
California,12/23/1990 10:00,267.6,0,0,194.6,3.2,22
California,12/23/1990 11:00,267.5,0,0,195.1,3.2,21.9
California,12/23/1990 12:00,267.4,0,0,195.5,3.2,21.6
California,12/23/1990 13:00,267.3,0,0,195.6,3.1,21.5
California,12/23/1990 14:00,267.2,0,0,195.9,3.2,21.3
California,12/23/1990 15:00,267.1,0,1.2,196.1,3.3,21.1
California,12/23/1990 16:00,269,0,130.4,197,3.4,24.5
California,12/23/1990 17:00,271.6,0,311.5,200.2,3.6,29.3
California,12/23/1990 18:00,273.5,0,457.3,203.9,3.8,32.6
California,12/23/1990 19:00,274.9,0,554.5,206.1,3.8,35.1
California,12/23/1990 20:00,275.9,0,587.7,208.3,4.3,37
California,12/23/1990 21:00,276.6,0,555.2,210.5,4.5,38.3
California,12/23/1990 22:00,277,0,460.5,212.2,4.5,38.9
California,12/23/1990 23:00,276.8,0,312.7,213.2,4.5,38.6
California,12/24/1990 0:00,275.4,0,129.9,213,4.2,36.1
California,12/24/1990 1:00,272.5,0,0,211.1,4,30.9
California,12/24/1990 2:00,271.6,0,0,209.5,4.3,29.2
California,12/24/1990 3:00,271.2,0,0,208.9,4.5,28.5
California,12/24/1990 4:00,270.9,0,0,209.6,4.4,28
California,12/24/1990 5:00,270.8,0,0,210,4.4,27.8
California,12/24/1990 6:00,270.7,0,0,210.3,4.3,27.5
California,12/24/1990 7:00,270.6,0,0,211,4.2,27.4
California,12/24/1990 8:00,270.5,0,0,211.3,4,27.2
California,12/24/1990 9:00,270.4,0,0,211.1,4.1,27.1
California,12/24/1990 10:00,270.4,0,0,211.1,4.1,27
California,12/24/1990 11:00,270.4,0,0,211.2,4.2,27
California,12/24/1990 12:00,270.3,0,0,211.3,4.2,26.9
California,12/24/1990 13:00,270.3,0,0,212,4.2,26.8
California,12/24/1990 14:00,270.3,0,0,212.5,4.2,26.8
California,12/24/1990 15:00,270.2,0,0.9,212,4.1,26.7
California,12/24/1990 16:00,272,0,125.7,211.8,4,30
California,12/24/1990 17:00,274.9,0,308.4,214.3,4,35.1
California,12/24/1990 18:00,277.1,0,457.2,217.4,4,39
California,12/24/1990 19:00,278.6,0,552.5,220.8,3.8,41.8
California,12/24/1990 20:00,279.8,0,585.9,223.3,3.5,43.9
California,12/24/1990 21:00,280.6,0,554.2,225.6,3.3,45.3
California,12/24/1990 22:00,280.9,0,460.3,227.2,3.2,45.9
California,12/24/1990 23:00,280.6,0,313.4,227.9,3.2,45.5
California,12/25/1990 0:00,279,0,131.4,227.1,2.9,42.5
California,12/25/1990 1:00,275.8,0,0,224.6,2.9,36.7
California,12/25/1990 2:00,274.9,0,0,222.4,2.9,35.1
California,12/25/1990 3:00,274.4,0,0,221.4,2.9,34.3
California,12/25/1990 4:00,274.1,0,0,220.8,2.7,33.8
California,12/25/1990 5:00,273.9,0,0,220.5,2.7,33.4
California,12/25/1990 6:00,273.8,0,0,220.3,2.7,33.1
California,12/25/1990 7:00,273.6,0,0,220.3,2.7,32.8
California,12/25/1990 8:00,273.5,0,0,220.2,2.5,32.7
California,12/25/1990 9:00,273.5,0,0,220.4,2.3,32.6
California,12/25/1990 10:00,273.4,0,0,220.6,2.2,32.4
California,12/25/1990 11:00,273.3,0,0,220.9,2.2,32.2
California,12/25/1990 12:00,273.2,0,0,221.4,2.2,32
California,12/25/1990 13:00,273,0,0,221.8,2,31.8
California,12/25/1990 14:00,272.9,0,0,222.1,2.1,31.6
California,12/25/1990 15:00,272.8,0,1,222.3,2.1,31.4
California,12/25/1990 16:00,274.8,0,125.8,222.9,2.1,34.9
California,12/25/1990 17:00,277.4,0,306.3,225.5,1.9,39.7
California,12/25/1990 18:00,279.3,0,454,228.4,2,43.1
California,12/25/1990 19:00,280.8,0,549.9,230.8,1.9,45.7
California,12/25/1990 20:00,281.8,0,584.2,232.6,2.1,47.6
California,12/25/1990 21:00,282.4,0,553.6,234,2.2,48.7
California,12/25/1990 22:00,282.7,0,460.3,235.2,2.2,49.1
California,12/25/1990 23:00,282.3,0,313.8,235.9,2.2,48.4
California,8/6/1997 0:00,307.6,0,582.9,373.2,4.7,94
California,8/6/1997 1:00,306.5,0,373.9,370.7,4.7,92.1
California,8/6/1997 2:00,304.9,0,158.7,368.1,4.1,89.2
California,8/6/1997 3:00,301.1,0,6.9,361.9,3,82.3
California,8/6/1997 4:00,299.6,0,0,356.6,2.5,79.6
California,8/6/1997 5:00,298.9,0,0,354.4,2.4,78.3
California,8/6/1997 6:00,298.4,0,0,352.7,2.5,77.4
California,8/6/1997 7:00,297.8,0,0,351,2.5,76.3
California,8/6/1997 8:00,297.1,0,0,349.5,2.4,75.2
California,8/6/1997 9:00,296.6,0,0,347.8,2.3,74.1
California,8/6/1997 10:00,296,0,0,346.1,2.2,73.2
California,8/6/1997 11:00,295.7,0,0,345.5,2.1,72.6
California,8/6/1997 12:00,295.4,0,0,344.8,2.1,72.1
California,8/6/1997 13:00,295.2,0,0,344.1,2,71.6
California,8/6/1997 14:00,296.7,0,101.2,344.4,1.8,74.4
California,8/6/1997 15:00,299.6,0,308.5,349.4,1.6,79.6
California,8/6/1997 16:00,301.8,0,520.8,355,1.5,83.6
California,8/6/1997 17:00,303.7,0,713.5,360,1.6,87
California,8/6/1997 18:00,305.3,0,866,365,1.8,89.8
California,8/6/1997 19:00,306.7,0,966.9,370,2.1,92.4
California,8/6/1997 20:00,307.7,0,1004.9,374.3,2.6,94.2
California,8/6/1997 21:00,308.2,0,980.5,376.7,3.2,95.1
California,8/6/1997 22:00,308.2,0,894.6,377.3,3.8,95.1
California,8/6/1997 23:00,307.7,0,755.6,376.5,4.3,94.2
California,8/4/1998 0:00,307.1,0,601.8,356.8,3.6,93.1
California,8/4/1998 1:00,306,0,388.8,354.8,3.6,91.2
California,8/4/1998 2:00,304.2,0,169,352.1,3.1,87.9
California,8/4/1998 3:00,300.2,0,8.7,345.7,2.4,80.7
California,8/4/1998 4:00,298.7,0,0,340.5,2,77.9
California,8/4/1998 5:00,298,0,0,338.8,1.9,76.8
California,8/4/1998 6:00,297.7,0,0,338.3,1.8,76.2
California,8/4/1998 7:00,297.3,0,0,337.5,1.8,75.5
California,8/4/1998 8:00,296.8,0,0,336.6,1.7,74.7
California,8/4/1998 9:00,296.4,0,0,335.5,1.7,73.8
California,8/4/1998 10:00,295.9,0,0,334.4,1.6,73
California,8/4/1998 11:00,295.5,0,0,333.1,1.7,72.2
California,8/4/1998 12:00,295.2,0,0,332.5,1.7,71.7
California,8/4/1998 13:00,295,0,0,331.6,1.7,71.4
California,8/4/1998 14:00,296.8,0,110.8,331.6,1.6,74.6
California,8/4/1998 15:00,300.3,0,325.8,336.4,1.3,80.9
California,8/4/1998 16:00,303.1,0,542.5,343.4,1.1,85.9
California,8/4/1998 17:00,305.3,0,735.7,349.8,1.1,89.9
California,8/4/1998 18:00,307.1,0,888.7,355.8,1.2,93.1
California,8/4/1998 19:00,308.4,0,989,360.7,1.6,95.4
California,8/4/1998 20:00,309.2,0,1028.8,364,2.1,96.8
California,8/4/1998 21:00,309.4,0,1004.8,365.6,2.8,97.2
California,8/4/1998 22:00,309.3,0,918.9,366.1,3.5,97
California,8/4/1998 23:00,308.8,0,778.5,365.5,4,96.3
California,8/5/1998 0:00,308.1,0,594.6,364,4.3,94.9
California,8/5/1998 1:00,306.9,0,382.6,361.4,4.2,92.8
California,8/5/1998 2:00,304.8,0,164.5,357.6,3.6,89
California,8/5/1998 3:00,300.8,0,7.8,350.7,2.7,81.8
California,8/5/1998 4:00,299.2,0,0,345.8,2.1,78.9
California,8/5/1998 5:00,298.6,0,0,344.2,1.8,77.7
California,8/5/1998 6:00,298.2,0,0,343.5,1.9,77.1
California,8/5/1998 7:00,297.8,0,0,342.5,2,76.3
California,8/5/1998 8:00,297.2,0,0,340.9,2,75.3
California,8/5/1998 9:00,296.5,0,0,338.9,1.9,74.1
California,8/5/1998 10:00,296,0,0,337.2,1.8,73.1
California,8/5/1998 11:00,295.6,0,0,336,1.7,72.5
California,8/5/1998 12:00,295.4,0,0,335,1.6,72
California,8/5/1998 13:00,295,0,0,333.2,1.5,71.3
California,8/5/1998 14:00,296.5,0,107.6,332.2,1.2,74
California,8/5/1998 15:00,299.4,0,321.4,335.9,1.1,79.2
California,8/5/1998 16:00,301.8,0,537.2,341.6,1.2,83.5
California,8/5/1998 17:00,303.8,0,729.8,347.4,1.6,87.1
California,8/5/1998 18:00,305.4,0,882.2,353,2.2,90.1
California,8/5/1998 19:00,306.7,0,982,357.6,2.7,92.4
California,8/5/1998 20:00,307.6,0,1021.6,361.2,3.1,94
California,8/5/1998 21:00,308.1,0,997.9,363.6,3.6,94.9
California,8/5/1998 22:00,308.1,0,912.6,364.5,4.1,94.9
California,8/5/1998 23:00,307.6,0,772.5,363.8,4.5,94
California,12/21/1998 0:00,278.6,0,103.4,250.3,7.2,41.7
California,12/21/1998 1:00,277,0,0,254.4,6.4,38.9
California,12/21/1998 2:00,276.1,0,0,250.9,6,37.2
California,12/21/1998 3:00,275.2,0,0,245.2,5.6,35.8
California,12/21/1998 4:00,274.6,0,0,239.8,5.6,34.5
California,12/21/1998 5:00,274,0,0,237.2,5.8,33.6
California,12/21/1998 6:00,273.6,0,0,230.9,5.7,32.7
California,12/21/1998 7:00,273.1,0,0,226,5.5,31.8
California,12/21/1998 8:00,272.6,0,0,220.6,5.3,31
California,12/21/1998 9:00,272.1,0,0,215.7,5,30.1
California,12/21/1998 10:00,271.7,0,0,210.9,4.5,29.4
California,12/21/1998 11:00,271.4,0,0,207.4,4.2,28.9
California,12/21/1998 12:00,271.3,0,0,204.4,4,28.7
California,12/21/1998 13:00,271.1,0,0,203.6,3.9,28.3
California,12/21/1998 14:00,271,0,0,203.2,3.9,28.1
California,12/21/1998 15:00,271,0,1.4,202.7,4.1,28.1
California,12/21/1998 16:00,272.8,0,133.2,203.1,4.3,31.3
California,12/21/1998 17:00,275,0,316.5,205.9,4.4,35.4
California,12/21/1998 18:00,276.7,0,464.1,208.8,4.4,38.4
California,12/21/1998 19:00,277.9,0,556.2,212.2,4.4,40.6
California,12/21/1998 20:00,278.8,0,579.8,216.6,4.2,42.2
California,12/21/1998 21:00,279.3,0,538.8,220.3,4.2,43.1
California,12/21/1998 22:00,279.4,0,436.9,223.4,4.2,43.3
California,12/21/1998 23:00,279.1,0,287.1,225,4.1,42.7
California,12/22/1998 0:00,277.8,0,109.6,227.2,3.8,40.3
California,12/22/1998 1:00,275.3,0,0,227.8,3.7,35.9
California,12/22/1998 2:00,274.5,0,0,226.8,3.7,34.4
California,12/22/1998 3:00,274,0,0,224.1,3.5,33.5
California,12/22/1998 4:00,273.6,0,0,223.8,3.3,32.8
California,12/22/1998 5:00,273.4,0,0,224.2,3.2,32.4
California,12/22/1998 6:00,273.2,0,0,223.2,3.2,32
California,12/22/1998 7:00,273,0,0,221.3,3.1,31.6
California,12/22/1998 8:00,272.8,0,0,219.1,2.9,31.3
California,12/22/1998 9:00,272.6,0,0,215.6,2.8,30.9
California,12/22/1998 10:00,272.3,0,0,213.2,2.8,30.5
California,12/22/1998 11:00,272.1,0,0,211.4,2.7,30.1
California,12/22/1998 12:00,271.9,0,0,210.2,2.6,29.7
California,12/22/1998 13:00,271.6,0,0,208.9,2.6,29.3
California,12/22/1998 14:00,271.4,0,0,208.2,2.6,28.8
California,12/22/1998 15:00,271.3,0,1.2,208,2.6,28.6
California,12/22/1998 16:00,273.1,0,130.6,208.5,2.3,32
California,12/22/1998 17:00,275.6,0,312.4,211.3,2.2,36.3
California,12/22/1998 18:00,277.2,0,459.5,214.4,2.4,39.3
California,12/22/1998 19:00,278.4,0,553.3,217.2,2.5,41.4
California,12/22/1998 20:00,279.1,0,585,219.6,2.6,42.7
California,12/22/1998 21:00,279.5,0,551.6,221.7,2.8,43.5
California,12/22/1998 22:00,279.7,0,456.5,223.3,3.1,43.7
California,12/22/1998 23:00,279.4,0,309.1,223.8,3.2,43.2
California,12/23/1998 0:00,278,0,127.4,222.9,2.9,40.8
California,12/23/1998 1:00,274.7,0,0,219.8,2.6,34.8
California,12/23/1998 2:00,273.8,0,0,216.9,2.5,33.1
California,12/23/1998 3:00,273.2,0,0,215,2.6,32.1
California,12/23/1998 4:00,272.9,0,0,213.6,2.8,31.5
California,12/23/1998 5:00,272.6,0,0,212.2,2.9,31.1
California,12/23/1998 6:00,272.4,0,0,210.8,3,30.7
California,12/23/1998 7:00,272.3,0,0,209.7,2.9,30.4
California,12/23/1998 8:00,272.1,0,0,208.6,2.8,30.2
California,12/23/1998 9:00,272.1,0,0,207.9,2.8,30.1
California,12/23/1998 10:00,272,0,0,207.3,2.8,29.9
California,12/23/1998 11:00,271.8,0,0,206.9,2.8,29.6
California,12/23/1998 12:00,271.8,0,0,206.8,2.9,29.5
California,12/23/1998 13:00,271.7,0,0,206.7,2.9,29.4
California,12/23/1998 14:00,271.6,0,0,206.7,2.8,29.2
California,12/23/1998 15:00,271.5,0,1.2,206.4,2.9,29
California,12/23/1998 16:00,273.3,0,130.4,206.8,2.9,32.3
California,12/23/1998 17:00,275.9,0,313.6,209.6,2.8,36.9
California,12/23/1998 18:00,277.7,0,462.3,212.5,2.7,40.2
California,12/23/1998 19:00,279,0,557.7,215.2,2.5,42.5
California,12/23/1998 20:00,279.9,0,590.7,217.4,2.5,44.1
California,12/23/1998 21:00,280.4,0,558.3,219.1,2.6,45
California,12/23/1998 22:00,280.5,0,463.5,220.2,2.6,45.3
California,12/23/1998 23:00,280.2,0,315.4,220.5,2.6,44.8
California,1/30/2002 0:00,278.3,0,201.6,250.5,4.5,41.3
California,1/30/2002 1:00,276.7,0,30.1,247.5,3.9,38.3
California,1/30/2002 2:00,275,0,0,242.8,3.4,35.3
California,1/30/2002 3:00,274.3,0,0,236.2,3.2,34
California,1/30/2002 4:00,273.8,0,0,230.9,3.3,33.2
California,1/30/2002 5:00,273.4,0,0,227.3,3.5,32.5
California,1/30/2002 6:00,273.1,0,0,225.9,3.6,32
California,1/30/2002 7:00,272.9,0,0,224,3.6,31.6
California,1/30/2002 8:00,272.7,0,0,220.5,3.7,31.2
California,1/30/2002 9:00,272.6,0,0,218.1,3.6,30.9
California,1/30/2002 10:00,272.5,0,0,216.6,3.6,30.8
California,1/30/2002 11:00,272.4,0,0,215.8,3.6,30.6
California,1/30/2002 12:00,272.3,0,0,214.8,3.6,30.4
California,1/30/2002 13:00,272.2,0,0,213.6,3.6,30.3
California,1/30/2002 14:00,272.2,0,0,213.1,3.4,30.2
California,1/30/2002 15:00,272.2,0,2.9,212.5,3.2,30.2
California,1/30/2002 16:00,274.3,0,164.3,213,3.1,34
California,1/30/2002 17:00,276.6,0,367,215.9,3.2,38.2
California,1/30/2002 18:00,278.3,0,529,218.5,3.4,41.2
California,1/30/2002 19:00,279.4,0,639.2,221,3.8,43.3
California,1/30/2002 20:00,280.3,0,688.4,223.2,4.1,44.9
California,1/30/2002 21:00,280.8,0,667.3,224.9,4.2,45.8
California,1/30/2002 22:00,281,0,578.2,226.3,4.3,46.2
California,1/30/2002 23:00,280.8,0,420.4,227.2,4.2,45.9
California,7/21/2006 0:00,305.1,0,566,377.4,4.3,89.5
California,7/21/2006 1:00,304,0,366.6,375.3,4.1,87.6
California,7/21/2006 2:00,302.4,0,155.9,372.4,3.6,84.7
California,7/21/2006 3:00,299.8,0,21.7,369.8,2.8,79.9
California,7/21/2006 4:00,298,0,0,365.2,2.3,76.7
California,7/21/2006 5:00,297.3,0,0,363.6,2,75.5
California,7/21/2006 6:00,296.8,0,0,362.6,1.9,74.7
California,7/21/2006 7:00,296.5,0,0,362,1.9,74
California,7/21/2006 8:00,296.1,0,0,361.3,1.9,73.3
California,7/21/2006 9:00,295.7,0,0,360.9,2,72.6
California,7/21/2006 10:00,295.4,0,0,360.8,2.1,72
California,7/21/2006 11:00,295.2,0,0,360.2,2,71.7
California,7/21/2006 12:00,295,0,0,360,2,71.4
California,7/21/2006 13:00,294.9,0,4.2,360.1,2,71.2
California,7/21/2006 14:00,297,0,152.8,362.4,1.9,74.9
California,7/21/2006 15:00,299.4,0,350.8,369.6,1.8,79.3
California,7/21/2006 16:00,301.5,0,551.7,375.7,1.7,83
California,7/21/2006 17:00,303.2,0,702.7,380.2,1.7,86.2
California,7/21/2006 18:00,304.7,0,845.9,385.8,1.5,88.8
California,7/21/2006 19:00,305.9,0,913.4,391.7,1.7,90.9
California,7/21/2006 20:00,306.8,0,939.4,396.3,2.4,92.5
California,7/21/2006 21:00,307.3,0,899.7,399.8,3,93.5
California,7/21/2006 22:00,307.4,0,815.9,401.5,3.6,93.6
California,7/21/2006 23:00,307,0,698.6,400.4,4,93
California,7/22/2006 0:00,306.4,0,541.6,397.8,4.3,91.8
California,7/22/2006 1:00,305.4,0,357.4,394.4,4.1,90
California,7/22/2006 2:00,304.1,0,162.6,391.6,3.6,87.7
California,7/22/2006 3:00,301.3,0,13.1,386,3,82.6
California,7/22/2006 4:00,299.9,0,0,381.2,2.6,80.2
California,7/22/2006 5:00,299.3,0,0,379.2,2.3,79.1
California,7/22/2006 6:00,299,0,0,378.6,2.1,78.5
California,7/22/2006 7:00,298.7,0,0,377.7,2.1,78
California,7/22/2006 8:00,298.4,0,0,376.5,2,77.5
California,7/22/2006 9:00,298.2,0,0,375.6,2,77.1
California,7/22/2006 10:00,298,0,0,375.3,2,76.7
California,7/22/2006 11:00,297.8,0,0,374.7,2.1,76.4
California,7/22/2006 12:00,297.7,0,0,374.1,1.9,76.1
California,7/22/2006 13:00,297.5,0,0.6,373.2,1.8,75.8
California,7/22/2006 14:00,299.6,0,134.6,373.9,1.7,79.6
California,7/22/2006 15:00,302.3,0,337.9,379.4,1.3,84.5
California,7/22/2006 16:00,304.4,0,545.6,385.1,1.2,88.3
California,7/22/2006 17:00,306.4,0,726.1,391.4,1.7,91.8
California,7/22/2006 18:00,308,0,865.8,397.9,1.9,94.8
California,7/22/2006 19:00,309.4,0,951.9,404.1,2,97.3
California,7/22/2006 20:00,310.4,0,973.2,409.2,2.3,99.1
California,7/22/2006 21:00,310.9,0,942.5,412.3,2.6,100
California,7/22/2006 22:00,311,0,848.7,414.3,3,100.1
California,7/22/2006 23:00,310.7,0,704,415,3.2,99.6
California,7/23/2006 0:00,310.1,0,535.2,414.1,3.6,98.5
California,7/23/2006 1:00,309,0,347.3,411.7,3.7,96.5
California,7/23/2006 2:00,307.4,0,158.1,407.7,3.8,93.6
California,7/23/2006 3:00,304.2,0,14.3,401,3.2,88
California,7/23/2006 4:00,302.6,0,0,396.6,2.8,85
California,7/23/2006 5:00,301.8,0,0,393.8,2.5,83.6
California,7/23/2006 6:00,301.2,0,0,392.9,2.3,82.5
California,7/23/2006 7:00,300.6,0,0,391,2.1,81.4
California,7/23/2006 8:00,300,0,0,386.2,1.8,80.2
California,7/23/2006 9:00,299.5,0,0,386,1.7,79.4
California,7/23/2006 10:00,299.1,0,0,384,1.8,78.7
California,7/23/2006 11:00,298.8,0,0,380.1,1.7,78.2
California,7/23/2006 12:00,298.5,0,0,377.8,1.6,77.7
California,7/23/2006 13:00,298.3,0,0.9,378.4,1.6,77.3
California,7/23/2006 14:00,300.4,0,137.2,381.4,1.5,81
California,7/23/2006 15:00,302.8,0,319.1,386.5,1.3,85.3
California,7/23/2006 16:00,304.4,0,483.5,393.1,1.5,88.2
California,7/23/2006 17:00,305.8,0,624.4,399.8,1.9,90.7
California,7/23/2006 18:00,306.9,0,715.1,406.1,2.2,92.8
California,7/23/2006 19:00,308,0,814.9,408.8,2.6,94.8
California,7/23/2006 20:00,309.2,0,890,410.6,3.2,96.8
California,7/23/2006 21:00,309.7,0,906,409.9,3.5,97.8
California,7/23/2006 22:00,309.6,0,848.3,408.6,3.5,97.7
California,7/23/2006 23:00,309.3,0,729.2,406,3.6,97.1
California,7/24/2006 0:00,308.4,0,526.1,403.5,3.4,95.5
California,7/24/2006 1:00,307.4,0,342,399.6,2.9,93.7
California,7/24/2006 2:00,305.8,0,142.7,396.4,2.7,90.8
California,7/24/2006 3:00,302.8,0,8.4,391.2,2.5,85.3
California,7/24/2006 4:00,301.1,0,0,388.7,2.4,82.3
California,7/24/2006 5:00,300,0,0,384,2.3,80.4
California,7/24/2006 6:00,299.4,0,0,382.4,2.1,79.2
California,7/24/2006 7:00,298.8,0,0,381.2,1.9,78.1
California,7/24/2006 8:00,298.1,0,0,377.6,1.7,76.9
California,7/24/2006 9:00,297.6,0,0,375.9,1.6,75.9
California,7/24/2006 10:00,297.1,0,0,374.7,1.6,75.1
California,7/24/2006 11:00,296.8,0,0,373.4,1.5,74.6
California,7/24/2006 12:00,296.5,0,0,371.8,1.4,74
California,7/24/2006 13:00,296.3,0,2,370.3,1.2,73.7
California,7/24/2006 14:00,298,0,117.1,370.1,1.2,76.6
California,7/24/2006 15:00,300.3,0,324.1,373.5,1.4,80.9
California,7/24/2006 16:00,302.4,0,527.5,377.4,1.4,84.6
California,7/24/2006 17:00,304.2,0,706.2,382.4,1.7,87.8
California,7/24/2006 18:00,305.7,0,849.3,388.3,2.1,90.5
California,7/24/2006 19:00,306.9,0,945.3,392.4,2.5,92.7
California,7/24/2006 20:00,307.7,0,967.9,396.2,3,94.2
California,7/24/2006 21:00,308.3,0,945.3,397.8,3.6,95.3
California,7/24/2006 22:00,308.5,0,861,398.8,4,95.6
California,7/24/2006 23:00,308.2,0,729.1,398.3,4.4,95.1
California,1/13/2007 0:00,277.8,0,176.1,226.2,6.8,40.4
California,1/13/2007 1:00,275.7,0,7.1,222.2,5.9,36.6
California,1/13/2007 2:00,274.2,0,0,216.6,5.4,33.9
California,1/13/2007 3:00,273.4,0,0,213.8,4.9,32.4
California,1/13/2007 4:00,272.8,0,0,210.4,4.5,31.4
California,1/13/2007 5:00,272.4,0,0,209.4,4.4,30.7
California,1/13/2007 6:00,272.1,0,0,207.6,4.3,30.1
California,1/13/2007 7:00,271.7,0,0,206.2,4.3,29.4
California,1/13/2007 8:00,271.4,0,0,204,4.4,28.8
California,1/13/2007 9:00,271.2,0,0,202.8,4.5,28.4
California,1/13/2007 10:00,271,0,0,201.8,4.4,28
California,1/13/2007 11:00,270.7,0,0,200.9,4.2,27.6
California,1/13/2007 12:00,270.4,0,0,200.2,4.1,27.1
California,1/13/2007 13:00,270.2,0,0,199.8,4,26.7
California,1/13/2007 14:00,270,0,0,199.8,3.9,26.4
California,1/13/2007 15:00,270,0,1,200.3,3.8,26.2
California,1/13/2007 16:00,271.7,0,125.4,201.5,3.8,29.3
California,1/13/2007 17:00,274.2,0,317.1,204.4,4.1,33.9
California,1/13/2007 18:00,276,0,473.8,207.3,4.3,37.1
California,1/13/2007 19:00,277.3,0,577.9,210.3,4.4,39.4
California,1/13/2007 20:00,278.1,0,618.5,212.4,4.4,41
California,1/13/2007 21:00,278.7,0,591.6,213.8,4.4,42
California,1/13/2007 22:00,278.9,0,500,214.9,4.5,42.3
California,1/13/2007 23:00,278.7,0,350.4,214.4,4.6,41.9
California,1/14/2007 0:00,277.7,0,165.1,213.2,4.2,40.2
California,1/14/2007 1:00,274.8,0,0.9,210.9,3.5,34.9
California,1/14/2007 2:00,273.5,0,0,209,3.2,32.6
California,1/14/2007 3:00,272.8,0,0,208.8,3,31.5
California,1/14/2007 4:00,272.4,0,0,208.5,2.9,30.7
California,1/14/2007 5:00,272.1,0,0,207.7,2.7,30.2
California,1/14/2007 6:00,271.9,0,0,207.3,2.5,29.8
California,1/14/2007 7:00,271.8,0,0,207.4,2.4,29.5
California,1/14/2007 8:00,271.6,0,0,207.7,2.4,29.3
California,1/14/2007 9:00,271.6,0,0,208,2.3,29.1
California,1/14/2007 10:00,271.4,0,0,208.2,2.2,28.9
California,1/14/2007 11:00,271.3,0,0,208.5,2,28.7
California,1/14/2007 12:00,271.2,0,0,208.5,2,28.5
California,1/14/2007 13:00,271.1,0,0,208,2,28.3
California,1/14/2007 14:00,270.8,0,0,207.2,2,27.9
California,1/14/2007 15:00,270.6,0,0.6,206.1,2.1,27.4
California,1/14/2007 16:00,272.5,0,135.5,205.9,1.9,30.8
California,1/14/2007 17:00,275,0,338.2,208.4,1.5,35.3
California,1/14/2007 18:00,276.7,0,492.5,211.2,1.3,38.4
California,1/14/2007 19:00,278,0,594,213.7,1.4,40.7
California,1/14/2007 20:00,278.9,0,630,215.9,1.6,42.3
California,1/14/2007 21:00,279.4,0,604.6,217.4,1.9,43.3
California,1/14/2007 22:00,279.6,0,515.4,218.6,2.2,43.6
California,1/14/2007 23:00,279.3,0,370.2,219.2,2.6,43.1
California,1/15/2007 0:00,278.4,0,181.6,219.2,2.4,41.4
California,1/15/2007 1:00,274.9,0,4.3,217.7,2,35.2
California,1/15/2007 2:00,273.7,0,0,215.2,2.4,32.9
California,1/15/2007 3:00,273.3,0,0,213.6,3.1,32.3
California,1/15/2007 4:00,273,0,0,211.9,3.4,31.8
California,1/15/2007 5:00,272.8,0,0,210.6,3.6,31.3
California,1/15/2007 6:00,272.6,0,0,209.9,3.5,31
California,1/15/2007 7:00,272.5,0,0,209.8,3.4,30.8
California,1/15/2007 8:00,272.4,0,0,210,3.5,30.7
California,1/15/2007 9:00,272.4,0,0,210.2,3.5,30.6
California,1/15/2007 10:00,272.3,0,0,210.4,3.4,30.5
California,1/15/2007 11:00,272.2,0,0,210.5,3.4,30.4
California,1/15/2007 12:00,272.2,0,0,210.3,3.6,30.3
California,1/15/2007 13:00,272.2,0,0,210,3.7,30.3
California,1/15/2007 14:00,272.2,0,0,209.8,3.8,30.3
California,1/15/2007 15:00,272.1,0,0.5,209.4,3.9,30.1
California,1/15/2007 16:00,273.9,0,130.4,209.4,4.1,33.4
California,1/15/2007 17:00,276.6,0,326.1,211.7,4.4,38.1
California,1/15/2007 18:00,278.5,0,483.5,214.4,4.6,41.7
California,1/15/2007 19:00,279.9,0,592.4,217.1,4.8,44.2
California,1/15/2007 20:00,281,0,636.1,219.5,5,46.1
California,1/15/2007 21:00,281.7,0,608.6,221.7,4.9,47.3
California,1/15/2007 22:00,281.9,0,510.1,223.3,4.8,47.8
California,1/15/2007 23:00,281.7,0,356.6,224,4.7,47.4
California,1/16/2007 0:00,280.9,0,203.4,223.7,4.4,45.9
California,1/16/2007 1:00,277.8,0,12.2,221.8,4.1,40.4
California,1/16/2007 2:00,276.6,0,0,219.4,4,38.1
California,1/16/2007 3:00,276,0,0,218.3,4,37.2
California,1/16/2007 4:00,275.6,0,0,217.8,4,36.4
California,1/16/2007 5:00,275.3,0,0,217.4,3.9,35.9
California,1/16/2007 6:00,275.1,0,0,217,3.9,35.5
California,1/16/2007 7:00,274.9,0,0,217,3.8,35.2
California,1/16/2007 8:00,274.7,0,0,216.7,3.8,34.8
California,1/16/2007 9:00,274.5,0,0,216.3,3.8,34.5
California,1/16/2007 10:00,274.4,0,0,215.9,3.8,34.3
California,1/16/2007 11:00,274.3,0,0,215.4,3.8,34.1
California,1/16/2007 12:00,274.2,0,0,214.8,3.9,33.9
California,1/16/2007 13:00,274,0,0,214.3,3.8,33.6
California,1/16/2007 14:00,273.8,0,0,214,3.7,33.3
California,1/16/2007 15:00,273.7,0,4.9,213.7,3.6,33
California,1/16/2007 16:00,275.4,0,125.6,213.9,3.5,36
California,1/16/2007 17:00,278,0,327.3,216.6,3.3,40.7
California,1/16/2007 18:00,280,0,487.6,220.4,3.3,44.3
California,1/16/2007 19:00,281.4,0,589.5,225,3.3,46.9
California,1/16/2007 20:00,282.5,0,626.7,228.9,3.2,48.8
California,1/16/2007 21:00,283.1,0,598.8,231.5,3.1,50
California,1/16/2007 22:00,283.4,0,509.4,232.8,3,50.4
California,1/16/2007 23:00,283.1,0,363.9,233.4,2.8,49.9
California,8/28/2009 0:00,305.9,0,484.8,343,3.5,90.9
California,8/28/2009 1:00,304.6,0,263.9,341.3,3.4,88.6
California,8/28/2009 2:00,301.1,0,47.4,337.5,2.8,82.3
California,8/28/2009 3:00,298.1,0,0,331.8,2.4,76.8
California,8/28/2009 4:00,296.8,0,0,328.5,2.3,74.6
California,8/28/2009 5:00,296,0,0,327.1,2.1,73.2
California,8/28/2009 6:00,295.6,0,0,326.7,2,72.4
California,8/28/2009 7:00,295.3,0,0,326.4,2,71.8
California,8/28/2009 8:00,295,0,0,326.8,2.1,71.3
California,8/28/2009 9:00,294.7,0,0,326.4,2.1,70.8
California,8/28/2009 10:00,294.4,0,0,326.9,2,70.3
California,8/28/2009 11:00,294.2,0,0,327.1,1.9,69.9
California,8/28/2009 12:00,293.9,0,0,326.9,1.9,69.3
California,8/28/2009 13:00,293.6,0,0,326.6,1.9,68.8
California,8/28/2009 14:00,294.6,0,63.4,327.4,1.9,70.7
California,8/28/2009 15:00,298.3,0,260.6,332.3,1.5,77.2
California,8/28/2009 16:00,301.2,0,463.6,340.6,1.1,82.6
California,8/28/2009 17:00,303.5,0,652.4,347.5,1,86.6
California,8/28/2009 18:00,305.3,0,808.4,353.9,1.2,89.9
California,8/28/2009 19:00,306.8,0,905.9,360.1,1.8,92.6
California,8/28/2009 20:00,307.8,0,940.2,364.7,2.5,94.4
California,8/28/2009 21:00,308.2,0,901.2,366.9,3.3,95
California,8/28/2009 22:00,308,0,801.1,366.8,3.8,94.8
California,8/28/2009 23:00,307.6,0,647,365.7,4.1,94.1
California,8/29/2009 0:00,306.9,0,460.6,363.8,4.4,92.7
California,8/29/2009 1:00,305.6,0,249.9,361,4.2,90.3
California,8/29/2009 2:00,302.2,0,48.2,356.7,3.4,84.3
California,8/29/2009 3:00,299.5,0,0,352.2,2.7,79.4
California,8/29/2009 4:00,298.5,0,0,351.2,2.4,77.6
California,8/29/2009 5:00,298,0,0,349.9,2.2,76.7
California,8/29/2009 6:00,297.6,0,0,348.4,2.1,76
California,8/29/2009 7:00,297.3,0,0,347.5,2.1,75.4
California,8/29/2009 8:00,296.9,0,0,346.6,2.1,74.8
California,8/29/2009 9:00,296.6,0,0,346.7,2.1,74.3
California,8/29/2009 10:00,296.4,0,0,347.1,2.1,73.8
California,8/29/2009 11:00,296.1,0,0,347.5,2,73.4
California,8/29/2009 12:00,295.9,0,0,347.7,1.9,72.9
California,8/29/2009 13:00,295.6,0,0,346.9,1.9,72.4
California,8/29/2009 14:00,296.2,0,45.6,345.8,1.9,73.4
California,8/29/2009 15:00,299.8,0,236.1,349,1.5,80
California,8/29/2009 16:00,302.8,0,456.2,356.2,1.2,85.5
California,8/29/2009 17:00,304.9,0,653.6,362,1.5,89.2
California,8/29/2009 18:00,306.4,0,832.1,367.6,2.1,91.9
California,8/29/2009 19:00,307.5,0,923.8,371.2,2.9,93.8
California,8/29/2009 20:00,308.2,0,950.9,373.6,3.8,95.1
California,8/29/2009 21:00,308.4,0,915.1,374.4,4.5,95.4
California,8/29/2009 22:00,308.2,0,815.1,373.8,5,95
California,8/29/2009 23:00,307.7,0,665,372.2,5.1,94.1
California,12/9/2009 0:00,277.5,0,105.8,228.6,1.9,39.9
California,12/9/2009 1:00,275,0,0,226.5,1.6,35.3
California,12/9/2009 2:00,274.2,0,0,225.5,1.5,33.8
California,12/9/2009 3:00,273.8,0,0,228.5,1.3,33.1
California,12/9/2009 4:00,273.4,0,0,225.5,1.4,32.4
California,12/9/2009 5:00,273.1,0,0,223.6,1.5,31.9
California,12/9/2009 6:00,272.9,0,0,223.8,1.5,31.6
California,12/9/2009 7:00,272.8,0,0,224.8,1.4,31.4
California,12/9/2009 8:00,272.7,0,0,226,1.3,31.2
California,12/9/2009 9:00,272.7,0,0,226.5,1.5,31.2
California,12/9/2009 10:00,272.6,0,0,225.7,1.6,31
California,12/9/2009 11:00,272.5,0,0,225.6,1.6,30.9
California,12/9/2009 12:00,272.5,0,0,225.8,1.6,30.9
California,12/9/2009 13:00,272.4,0,0,224.9,1.5,30.7
California,12/9/2009 14:00,272.3,0,0,223.1,1.6,30.4
California,12/9/2009 15:00,272.1,0,4.6,221.2,2,30.2
California,12/9/2009 16:00,273.8,0,150.5,220.7,2.4,33.3
California,12/9/2009 17:00,276,0,326.7,222.9,2.6,37
California,12/9/2009 18:00,277.6,0,488.4,225.5,2.4,39.9
California,12/9/2009 19:00,278.8,0,568.3,228.1,2.2,42.1
California,12/9/2009 20:00,279.7,0,583.5,230.2,2.2,43.8
California,12/9/2009 21:00,280.2,0,534.1,231.8,2.1,44.8
California,12/9/2009 22:00,280.5,0,424.4,233.1,1.9,45.2
California,12/9/2009 23:00,280.2,0,268.7,233.6,1.5,44.6
California,1/12/2013 0:00,279.2,0,146.1,238.1,4,42.8
California,1/12/2013 1:00,276.9,0,9.6,236.2,3.3,38.8
California,1/12/2013 2:00,275.6,0,0,231.9,3.1,36.4
California,1/12/2013 3:00,274.9,0,0,228.8,2.9,35.2
California,1/12/2013 4:00,274.4,0,0,227.3,2.8,34.3
California,1/12/2013 5:00,274,0,0,226.3,2.6,33.6
California,1/12/2013 6:00,273.8,0,0,225.6,2.4,33.1
California,1/12/2013 7:00,273.4,0,0,224.7,2.3,32.5
California,1/12/2013 8:00,273.1,0,0,223.1,2.3,32
California,1/12/2013 9:00,272.9,0,0,222.8,2.4,31.5
California,1/12/2013 10:00,272.7,0,0,223.5,2.4,31.2
California,1/12/2013 11:00,272.5,0,0,222.7,2.5,30.9
California,1/12/2013 12:00,272.3,0,0,220.7,2.6,30.5
California,1/12/2013 13:00,272.1,0,0,219.1,2.5,30.1
California,1/12/2013 14:00,271.8,0,0,216.4,2.4,29.7
California,1/12/2013 15:00,271.7,0,3.2,214.3,2.5,29.4
California,1/12/2013 16:00,273.2,0,115,213.8,2.4,32.1
California,1/12/2013 17:00,275.7,0,316.1,215.9,2.5,36.6
California,1/12/2013 18:00,277.2,0,485.3,218.1,2.3,39.4
California,1/12/2013 19:00,278.3,0,587.9,220,2,41.3
California,1/12/2013 20:00,279,0,618.2,221.4,1.8,42.5
California,1/12/2013 21:00,279.4,0,589.9,222.9,1.8,43.2
California,1/12/2013 22:00,279.5,0,488.9,224.2,1.8,43.5
California,1/12/2013 23:00,279.3,0,360.4,225,1.8,43.1
California,1/13/2013 0:00,278.5,0,170.5,224.9,1.7,41.6
California,1/13/2013 1:00,275.5,0,0.3,222.7,1.5,36.2
California,1/13/2013 2:00,274.3,0,0,220.5,1.6,34.1
California,1/13/2013 3:00,273.8,0,0,218.9,1.9,33.2
California,1/13/2013 4:00,273.4,0,0,217.8,2,32.5
California,1/13/2013 5:00,273.1,0,0,217,2.1,32
California,1/13/2013 6:00,272.9,0,0,216.1,2.1,31.6
California,1/13/2013 7:00,272.7,0,0,215.1,2.2,31.2
California,1/13/2013 8:00,272.4,0,0,214.2,2.3,30.7
California,1/13/2013 9:00,272.2,0,0,213.7,2.4,30.3
California,1/13/2013 10:00,272,0,0,212.6,2.5,29.9
California,1/13/2013 11:00,271.8,0,0,211.6,2.6,29.6
California,1/13/2013 12:00,271.6,0,0,210.6,2.6,29.2
California,1/13/2013 13:00,271.4,0,0,209.4,2.6,28.9
California,1/13/2013 14:00,271.2,0,0,208.5,2.5,28.6
California,1/13/2013 15:00,271.1,0,0.8,208,2.5,28.3
California,1/13/2013 16:00,272.9,0,142.9,208.2,2.3,31.5
California,1/13/2013 17:00,275.3,0,337.5,211.3,2.1,35.9
California,1/13/2013 18:00,276.9,0,472.4,213.7,1.8,38.7
California,1/13/2013 19:00,278,0,581.9,216.7,1.5,40.7
California,1/13/2013 20:00,278.7,0,620.1,219.1,1.4,42
California,1/13/2013 21:00,279.2,0,592.4,222.1,1.3,42.9
California,1/13/2013 22:00,279.4,0,494.3,225.3,1.9,43.3
California,1/13/2013 23:00,279.2,0,343.9,224.7,2.4,42.8
California,1/14/2013 0:00,278.4,0,185.5,224.8,2.4,41.4
California,1/14/2013 1:00,275.3,0,4.2,222.6,1.9,35.9
California,1/14/2013 2:00,274,0,0,219,1.9,33.5
California,1/14/2013 3:00,273.3,0,0,216.7,2.2,32.3
California,1/14/2013 4:00,273,0,0,215.3,2.6,31.7
California,1/14/2013 5:00,272.7,0,0,214,3,31.3
California,1/14/2013 6:00,272.5,0,0,212.9,3.3,30.9
California,1/14/2013 7:00,272.4,0,0,211.8,3.6,30.6
California,1/14/2013 8:00,272.1,0,0,210.2,3.9,30.2
California,1/14/2013 9:00,272,0,0,208.8,4.2,29.9
California,1/14/2013 10:00,271.8,0,0,207.8,4.4,29.6
California,1/14/2013 11:00,271.7,0,0,206.9,4.6,29.4
California,1/14/2013 12:00,271.5,0,0,206.2,4.5,29
California,1/14/2013 13:00,271.4,0,0,206,4.3,28.8
California,1/14/2013 14:00,271.2,0,0,205.6,4.2,28.6
California,1/14/2013 15:00,271.1,0,3.6,205.4,3.9,28.3
California,1/14/2013 16:00,272.6,0,119.3,206.1,3.9,31.1
California,1/14/2013 17:00,275.1,0,328.5,209.3,4,35.5
California,1/14/2013 18:00,276.8,0,488.5,212.6,4,38.5
California,1/14/2013 19:00,278,0,593.5,216.2,3.9,40.7
California,1/14/2013 20:00,278.8,0,626,218.5,3.9,42.2
California,1/14/2013 21:00,279.4,0,598,220.8,3.9,43.2
California,1/14/2013 22:00,279.6,0,497.5,222.9,3.8,43.6
California,1/14/2013 23:00,279.5,0,375.1,224.2,3.8,43.4
California,12/7/2013 0:00,279.7,0,80.1,253.5,2.9,43.7
California,12/7/2013 1:00,277.3,0,0,256.8,2.3,39.5
California,12/7/2013 2:00,276.8,0,0,258.6,2.1,38.5
California,12/7/2013 3:00,276.6,0,0,258.2,2.3,38.1
California,12/7/2013 4:00,276.4,0,0,259.5,2.6,37.9
California,12/7/2013 5:00,276.3,0,0,260.5,2.8,37.6
California,12/7/2013 6:00,276.2,0,0,263,2.9,37.4
California,12/7/2013 7:00,276,0,0,264.9,3,37.1
California,12/7/2013 8:00,275.8,0,0,266.3,3.1,36.9
California,12/7/2013 9:00,275.8,0,0,265.8,3,36.8
California,12/7/2013 10:00,275.7,0,0,264.9,3,36.6
California,12/7/2013 11:00,275.5,0,0,258.7,3,36.2
California,12/7/2013 12:00,275.1,0,0,255.2,2.8,35.5
California,12/7/2013 13:00,274.8,0,0,252.9,2.8,34.9
California,12/7/2013 14:00,274.6,0,0,252.5,3.1,34.6
California,12/7/2013 15:00,274.7,0,10.4,256.4,3.3,34.8
California,12/7/2013 16:00,276.2,0,139.3,260,3.6,37.6
California,12/7/2013 17:00,277.7,0,246,264.8,4.2,40.2
California,12/7/2013 18:00,278.7,0,348.8,271.1,4.6,42.1
California,12/7/2013 19:00,279.5,0,407.2,272.9,5,43.4
California,12/7/2013 20:00,279.9,0,401.2,276.5,5.2,44.2
California,12/7/2013 21:00,280.1,0,354.1,277.7,5.4,44.6
California,12/7/2013 22:00,280.1,0,293,274.7,5.2,44.6
California,12/7/2013 23:00,279.9,0,217.9,271,5.2,44.2
California,12/8/2013 0:00,279,0,78.3,263.3,5.2,42.5
California,12/8/2013 1:00,277.2,0,0,254.7,4.8,39.3
California,12/8/2013 2:00,276.2,0,0,245.7,4.6,37.6
California,12/8/2013 3:00,275.5,0,0,241.1,4.3,36.3
California,12/8/2013 4:00,274.9,0,0,235.3,4.1,35.1
California,12/8/2013 5:00,274.3,0,0,230.9,3.6,34
California,12/8/2013 6:00,273.8,0,0,228.7,3.3,33.3
California,12/8/2013 7:00,273.5,0,0,226.8,3,32.7
California,12/8/2013 8:00,273.2,0,0,226.1,2.5,32
California,12/8/2013 9:00,272.9,0,0,226.2,2.1,31.5
California,12/8/2013 10:00,272.6,0,0,223.1,2.1,31.1
California,12/8/2013 11:00,272.4,0,0,221.8,2.2,30.7
California,12/8/2013 12:00,272.2,0,0,220.8,2.2,30.4
California,12/8/2013 13:00,272,0,0,220.3,2.1,30
California,12/8/2013 14:00,271.8,0,0,220.1,2.1,29.6
California,12/8/2013 15:00,271.6,0,5.5,221.1,2.4,29.3
California,12/8/2013 16:00,273.2,0,140.2,221.4,2.4,32.2
California,12/8/2013 17:00,275.3,0,325.5,222.2,2.3,35.9
California,12/8/2013 18:00,276.8,0,471.9,224,2.1,38.5
California,12/8/2013 19:00,277.8,0,547.5,225.2,2.2,40.4
California,12/8/2013 20:00,278.5,0,576.6,226.4,2.2,41.7
California,12/8/2013 21:00,278.9,0,525.1,228.1,2.3,42.4
California,12/8/2013 22:00,279,0,437,228.2,2.4,42.6
California,12/8/2013 23:00,278.7,0,276.8,229.1,2.6,42
California,12/9/2013 0:00,277.2,0,77.6,229.4,2.4,39.2
California,12/9/2013 1:00,274.6,0,0,228.4,2.4,34.7
California,12/9/2013 2:00,273.7,0,0,223.9,2.4,33.1
California,12/9/2013 3:00,273.3,0,0,219.2,2.6,32.2
California,12/9/2013 4:00,273,0,0,217.1,2.7,31.7
California,12/9/2013 5:00,272.8,0,0,215.8,2.9,31.3
California,12/9/2013 6:00,272.6,0,0,214.3,3,31
California,12/9/2013 7:00,272.4,0,0,213.6,3,30.7
California,12/9/2013 8:00,272.3,0,0,212.4,3.1,30.5
California,12/9/2013 9:00,272.2,0,0,211.2,3.3,30.3
California,12/9/2013 10:00,272.1,0,0,210.4,3.4,30.1
California,12/9/2013 11:00,272,0,0,209.2,3.6,29.9
California,12/9/2013 12:00,271.9,0,0,208.3,3.6,29.8
California,12/9/2013 13:00,271.9,0,0,207.7,3.6,29.7
California,12/9/2013 14:00,271.9,0,0,207.2,3.8,29.7
California,12/9/2013 15:00,272,0,10.2,206.5,4.1,29.9
California,12/9/2013 16:00,274.1,0,186.4,207.3,4.6,33.8
California,12/9/2013 17:00,276.4,0,343.1,209.7,5,37.8
California,12/9/2013 18:00,278.2,0,490.6,212.7,5.4,41.1
California,12/9/2013 19:00,279.6,0,580.2,216.2,5.4,43.6
California,12/9/2013 20:00,280.5,0,599.2,218.5,5.7,45.2
California,12/9/2013 21:00,281,0,552.9,220.5,5.8,46.1
California,12/9/2013 22:00,281,0,436.9,221.6,5.9,46.2
California,12/9/2013 23:00,280.6,0,305.7,221.4,5.6,45.3
California,7/7/2017 0:00,305.1,0,599.4,368.4,4.6,89.5
California,7/7/2017 1:00,304,0,383.7,365.7,4.4,87.6
California,7/7/2017 2:00,302.6,0,211.2,362.8,4.1,85
California,7/7/2017 3:00,299.3,0,25.6,356.1,3.4,79.1
California,7/7/2017 4:00,297.3,0,0,349.6,2.8,75.5
California,7/7/2017 5:00,296.4,0,0,346.9,2.6,73.8
California,7/7/2017 6:00,295.8,0,0,344.5,2.4,72.7
California,7/7/2017 7:00,295.3,0,0,342.6,2.3,71.8
California,7/7/2017 8:00,294.9,0,0,341.4,2.4,71.2
California,7/7/2017 9:00,294.6,0,0,340.6,2.5,70.5
California,7/7/2017 10:00,294.3,0,0,339.8,2.4,70.1
California,7/7/2017 11:00,294.1,0,0,338.9,2.5,69.7
California,7/7/2017 12:00,293.9,0,0,338.2,2.4,69.4
California,7/7/2017 13:00,293.9,0,12.5,337.4,2.4,69.4
California,7/7/2017 14:00,296.9,0,199.2,339.8,2.2,74.7
California,7/7/2017 15:00,299.6,0,373.7,345.2,2.2,79.6
California,7/7/2017 16:00,302.1,0,593.4,351.7,2,84
California,7/7/2017 17:00,304.1,0,790.7,358.2,2,87.8
California,7/7/2017 18:00,305.9,0,907.5,363.3,2.4,91
California,7/7/2017 19:00,307.3,0,1005.8,368.9,2.9,93.5
California,7/7/2017 20:00,308.4,0,1037,373.2,3.5,95.4
California,7/7/2017 21:00,309,0,1013.3,375.1,4.2,96.4
California,7/7/2017 22:00,309,0,923.7,375.9,4.8,96.6
California,7/7/2017 23:00,308.6,0,776.9,374.8,5.1,95.9
California,7/8/2017 0:00,307.9,0,590.5,373,5.2,94.5
California,7/8/2017 1:00,306.8,0,407.4,370.6,5,92.6
California,7/8/2017 2:00,305.1,0,192.6,366.9,4.4,89.5
California,7/8/2017 3:00,301.6,0,17.1,360.2,3.5,83.2
California,7/8/2017 4:00,299.6,0,0,354.9,2.8,79.6
California,7/8/2017 5:00,298.6,0,0,351.2,2.5,77.7
California,7/8/2017 6:00,297.8,0,0,348.6,2.4,76.4
California,7/8/2017 7:00,297.2,0,0,346.5,2.3,75.4
California,7/8/2017 8:00,296.8,0,0,344.5,2.2,74.5
California,7/8/2017 9:00,296.3,0,0,342.9,2.2,73.7
California,7/8/2017 10:00,296,0,0,342.2,2.1,73.1
California,7/8/2017 11:00,295.8,0,0,341.8,2.1,72.8
California,7/8/2017 12:00,295.7,0,0,342,2.1,72.6
California,7/8/2017 13:00,295.7,0,3.7,341.6,2,72.5
California,7/8/2017 14:00,298.5,0,177.1,343.3,1.8,77.6
California,7/8/2017 15:00,301.3,0,400.2,349.5,1.6,82.7
California,7/8/2017 16:00,303.4,0,571.3,354.8,1.7,86.5
California,7/8/2017 17:00,305.3,0,765.6,361.3,2.1,89.9
California,7/8/2017 18:00,306.7,0,919.8,366.8,2.7,92.4
California,7/8/2017 19:00,307.7,0,1005,371.4,3.5,94.2
California,7/8/2017 20:00,308.2,0,1029.4,373.9,4.2,95.1
California,7/8/2017 21:00,308.3,0,998.3,375.3,4.7,95.3
California,7/8/2017 22:00,308.1,0,900.4,375.9,4.9,95
California,7/8/2017 23:00,307.7,0,778.3,375.5,5.1,94.2
California,8/28/2017 0:00,306.5,0,470.7,368.2,4.2,92.1
California,8/28/2017 1:00,305.2,0,290.2,365.9,3.9,89.7
California,8/28/2017 2:00,302.2,0,65.8,361.3,3.1,84.3
California,8/28/2017 3:00,299.1,0,0,353.9,2.6,78.7
California,8/28/2017 4:00,298,0,0,350.8,2.2,76.7
California,8/28/2017 5:00,297.4,0,0,349,2.1,75.7
California,8/28/2017 6:00,297.1,0,0,348.3,2,75.1
California,8/28/2017 7:00,296.7,0,0,347.4,1.9,74.4
California,8/28/2017 8:00,296.2,0,0,346.2,1.8,73.6
California,8/28/2017 9:00,295.9,0,0,345.2,1.7,72.9
California,8/28/2017 10:00,295.6,0,0,344.5,1.6,72.4
California,8/28/2017 11:00,295.4,0,0,344.2,1.6,72.1
California,8/28/2017 12:00,295.2,0,0,343.8,1.7,71.8
California,8/28/2017 13:00,295,0,0,343.3,1.7,71.3
California,8/28/2017 14:00,295.7,0,53.5,343.2,1.6,72.6
California,8/28/2017 15:00,299.2,0,272.6,348.1,1.3,78.9
California,8/28/2017 16:00,301.9,0,501,355.3,1.1,83.8
California,8/28/2017 17:00,304,0,661.5,360.5,1.2,87.5
California,8/28/2017 18:00,305.7,0,823.4,366.8,1.6,90.6
California,8/28/2017 19:00,307.1,0,920,372.8,2,93.2
California,8/28/2017 20:00,308.1,0,943.9,376.9,2.5,94.9
California,8/28/2017 21:00,308.6,0,906.6,380.9,2.9,95.9
California,8/28/2017 22:00,308.7,0,806.8,381.6,3.2,96
California,8/28/2017 23:00,308.2,0,677,381.2,3.5,95.1
California,8/31/2017 0:00,305.5,0,461.6,373.6,3.8,90.2
California,8/31/2017 1:00,304,0,239.5,368.9,3.4,87.6
California,8/31/2017 2:00,300.8,0,32.2,362.8,2.8,81.8
California,8/31/2017 3:00,298.4,0,0,357.4,2.4,77.4
California,8/31/2017 4:00,297.4,0,0,355.3,2.3,75.6
California,8/31/2017 5:00,296.9,0,0,354.6,2.4,74.7
California,8/31/2017 6:00,296.6,0,0,353.9,2.5,74.2
California,8/31/2017 7:00,296.1,0,0,351.9,2.4,73.3
California,8/31/2017 8:00,295.6,0,0,352,2.3,72.4
California,8/31/2017 9:00,295.3,0,0,352.4,2.3,71.8
California,8/31/2017 10:00,295.1,0,0,352.4,2.4,71.5
California,8/31/2017 11:00,294.8,0,0,350.4,2.4,71
California,8/31/2017 12:00,294.6,0,0,349.5,2.2,70.7
California,8/31/2017 13:00,294.5,0,0,348.6,2.3,70.4
California,8/31/2017 14:00,295.3,0,59.6,347.5,2.4,71.8
California,8/31/2017 15:00,298.2,0,234.7,348.6,2.1,77
California,8/31/2017 16:00,300.9,0,456.2,354.3,2,81.9
California,8/31/2017 17:00,303,0,668,360.1,2.2,85.8
California,8/31/2017 18:00,304.7,0,796.8,364.2,2.5,88.8
California,8/31/2017 19:00,306.2,0,903.1,369.4,2.7,91.5
California,8/31/2017 20:00,307.3,0,936.8,373.7,2.8,93.5
California,8/31/2017 21:00,308,0,885.3,377.2,2.8,94.7
California,8/31/2017 22:00,308.1,0,794.6,378.5,2.7,94.9
California,8/31/2017 23:00,307.7,0,631.1,378.6,2.6,94.2
California,9/1/2017 0:00,307.1,0,436.2,376.6,2.4,93.1
California,9/1/2017 1:00,306.3,0,263.3,375.2,2.1,91.7
California,9/1/2017 2:00,303.2,0,43.4,372.4,1.7,86.1
California,9/1/2017 3:00,300.6,0,0,367.2,1.9,81.4
California,9/1/2017 4:00,299.6,0,0,362.8,1.8,79.6
California,9/1/2017 5:00,299,0,0,360.5,1.6,78.5
California,9/1/2017 6:00,298.7,0,0,359.7,1.7,77.9
California,9/1/2017 7:00,298.3,0,0,359.2,1.8,77.2
California,9/1/2017 8:00,297.8,0,0,357.5,1.8,76.3
California,9/1/2017 9:00,297.3,0,0,355.5,1.6,75.5
California,9/1/2017 10:00,296.9,0,0,354.2,1.6,74.7
California,9/1/2017 11:00,296.6,0,0,353.1,1.7,74.2
California,9/1/2017 12:00,296.4,0,0,352.3,1.9,73.8
California,9/1/2017 13:00,296.2,0,0,350.9,2.1,73.4
California,9/1/2017 14:00,296.7,0,45.6,350,2.2,74.4
California,9/1/2017 15:00,300.2,0,265.3,354.5,2,80.7
California,9/1/2017 16:00,303.1,0,489.7,362.8,1.9,85.9
California,9/1/2017 17:00,305.2,0,642.5,368.8,1.9,89.8
California,9/1/2017 18:00,307,0,804,374.3,2,92.9
California,9/1/2017 19:00,308.4,0,910.3,378.6,1.9,95.5
California,9/1/2017 20:00,309.4,0,937.1,381.8,1.7,97.3
California,9/1/2017 21:00,309.8,0,894.5,384.9,2,98
California,9/1/2017 22:00,309.6,0,789.1,384.8,2.5,97.5
California,9/1/2017 23:00,309,0,618.3,384.7,2.8,96.5
California,9/2/2017 0:00,308.2,0,453.8,383,3.3,95.1
California,9/2/2017 1:00,306.8,0,230.8,379.1,3.4,92.5
California,9/2/2017 2:00,303.6,0,29.4,373.5,2.8,86.8
California,9/2/2017 3:00,301.2,0,0,367.4,2.2,82.4
California,9/2/2017 4:00,300.4,0,0,364.6,2.1,81.1
California,9/2/2017 5:00,300,0,0,363.1,2,80.3
California,9/2/2017 6:00,299.7,0,0,362.3,2,79.9
California,9/2/2017 7:00,299.5,0,0,361,2.1,79.4
California,9/2/2017 8:00,299.1,0,0,359.3,2.2,78.7
California,9/2/2017 9:00,298.8,0,0,358.3,2.2,78.1
California,9/2/2017 10:00,298.4,0,0,356.8,2.1,77.5
California,9/2/2017 11:00,298,0,0,355.2,2.1,76.8
California,9/2/2017 12:00,297.7,0,0,354.2,2,76.2
California,9/2/2017 13:00,297.3,0,0,352.4,2.1,75.4
California,9/2/2017 14:00,297.9,0,61.4,351.6,2.1,76.6
California,9/2/2017 15:00,301.2,0,242,355.4,1.8,82.5
California,9/2/2017 16:00,304.4,0,472.8,364.2,1.8,88.2
California,9/2/2017 17:00,306.5,0,669.9,371.5,2,92
California,9/2/2017 18:00,308.2,0,828.6,378,2.3,95.1
California,9/2/2017 19:00,309.3,0,903.9,381.7,2.6,97.1
California,9/2/2017 20:00,309.9,0,932.3,386,2.9,98.2
California,9/2/2017 21:00,310.1,0,882.7,389.4,3.1,98.5
California,9/2/2017 22:00,309.8,0,788.8,390.6,3.4,98
California,9/2/2017 23:00,309.3,0,629.6,390.8,3.8,97.1
California,9/3/2017 0:00,308.3,0,425.6,389.1,3.8,95.3
California,9/3/2017 1:00,307,0,242.4,386.9,3.4,92.9
California,9/3/2017 2:00,304,0,39.9,383,3.2,87.5
California,9/3/2017 3:00,301.4,0,0,377.7,2.7,82.8
California,9/3/2017 4:00,300.3,0,0,374.5,2.2,80.9
California,9/3/2017 5:00,299.9,0,0,374.1,2.1,80.1
California,9/3/2017 6:00,299.6,0,0,375.3,2.2,79.7
California,9/3/2017 7:00,299.4,0,0,380.4,1.9,79.2
California,9/3/2017 8:00,299,0,0,378.5,1.6,78.5
California,9/3/2017 9:00,298.6,0,0,375.7,1.5,77.9
California,9/3/2017 10:00,298.4,0,0,372.9,1.7,77.4
California,9/3/2017 11:00,298.1,0,0,372.5,1.9,76.9
California,9/3/2017 12:00,297.7,0,0,372,2,76.2
California,9/3/2017 13:00,297.4,0,0,372.7,2,75.7
California,9/3/2017 14:00,297.8,0,41.6,375.1,1.9,76.4
California,9/3/2017 15:00,300.5,0,226.2,381.4,2,81.2
California,9/3/2017 16:00,302.6,0,421.1,387.2,2.6,85
California,9/3/2017 17:00,303.9,0,559.6,390.4,3.1,87.3
California,9/3/2017 18:00,304.7,0,673.3,395.2,3.4,88.7
California,9/3/2017 19:00,305.3,0,748.8,398.5,3.7,89.8
California,9/3/2017 20:00,305.8,0,787.8,398.9,3.8,90.7
California,9/3/2017 21:00,306.1,0,754.6,400.3,3.8,91.2
California,9/3/2017 22:00,306.1,0,648.5,401.9,3.6,91.3
California,9/3/2017 23:00,305.8,0,535.7,401.4,3.6,90.8
California,2/21/2018 0:00,281.7,0,344.7,230.3,3.2,47.4
California,2/21/2018 1:00,280.2,0,111.5,230.4,3.2,44.7
California,2/21/2018 2:00,277.4,0,0,231.2,2.7,39.7
California,2/21/2018 3:00,276.3,0,0,231.6,2.4,37.7
California,2/21/2018 4:00,275.6,0,0,230.8,2.1,36.4
California,2/21/2018 5:00,275.1,0,0,229.7,1.9,35.5
California,2/21/2018 6:00,274.8,0,0,229.8,1.8,35
California,2/21/2018 7:00,274.6,0,0,229.8,1.8,34.6
California,2/21/2018 8:00,274.3,0,0,229.2,1.8,34
California,2/21/2018 9:00,274,0,0,227.6,1.8,33.5
California,2/21/2018 10:00,273.8,0,0,227.1,1.7,33.1
California,2/21/2018 11:00,273.6,0,0,227.8,1.7,32.8
California,2/21/2018 12:00,273.5,0,0,227.9,1.6,32.6
California,2/21/2018 13:00,273.3,0,0,228.4,1.6,32.3
California,2/21/2018 14:00,273.2,0,0,228.5,1.6,32.1
California,2/21/2018 15:00,273.8,0,56.5,227.7,1.7,33.1
California,2/21/2018 16:00,276.4,0,230.3,228.9,1.5,37.9
California,2/21/2018 17:00,278.9,0,452.4,232.3,1.4,42.3
California,2/21/2018 18:00,280.5,0,630.4,235.6,1.2,45.2
California,2/21/2018 19:00,281.6,0,729.4,238.1,1.4,47.2
California,2/21/2018 20:00,282.5,0,782.5,241,2,48.9
California,2/21/2018 21:00,283.1,0,757.4,243.1,2.5,49.9
California,2/21/2018 22:00,283.4,0,679.8,245,3.1,50.5
California,2/21/2018 23:00,283.3,0,520.9,246.9,3.8,50.3
California,7/7/2018 0:00,308.2,0,578.5,386.6,4.5,95
California,7/7/2018 1:00,307.1,0,366.1,383.4,4.4,93.1
California,7/7/2018 2:00,305.6,0,196.4,381.5,4.3,90.5
California,7/7/2018 3:00,302.1,0,19.1,374.7,3.7,84
California,7/7/2018 4:00,300.1,0,0,367.7,3.3,80.5
California,7/7/2018 5:00,299.1,0,0,365,3,78.8
California,7/7/2018 6:00,298.6,0,0,362.2,3,77.7
California,7/7/2018 7:00,297.9,0,0,359.6,3,76.5
California,7/7/2018 8:00,297,0,0,357.9,2.7,75
California,7/7/2018 9:00,296.4,0,0,355.8,2.4,73.9
California,7/7/2018 10:00,296,0,0,354.8,2.4,73
California,7/7/2018 11:00,295.6,0,0,354.4,2.4,72.4
California,7/7/2018 12:00,295.4,0,0,356.1,2.3,72.1
California,7/7/2018 13:00,295.6,0,11.5,364.5,2.2,72.5
California,7/7/2018 14:00,297.7,0,115.1,368.5,2.1,76.2
California,7/7/2018 15:00,300.3,0,288.9,375.1,2.2,80.9
California,7/7/2018 16:00,302.6,0,492.3,378.6,2.4,85.1
California,7/7/2018 17:00,304.4,0,655.8,384.8,3,88.2
California,7/7/2018 18:00,305.8,0,770.6,388.8,3.5,90.8
California,7/7/2018 19:00,307.2,0,880.6,392.6,3.5,93.2
California,7/7/2018 20:00,307.9,0,908.6,394.7,3.4,94.5
California,7/7/2018 21:00,308,0,878.2,395.6,3.4,94.8
California,7/7/2018 22:00,308.1,0,831.1,393.8,3.6,95
California,7/7/2018 23:00,307.7,0,677.2,393.3,3.9,94.2
California,8/14/2020 0:00,305,0,540.4,368.3,5.3,89.4
California,8/14/2020 1:00,303.8,0,327.8,366.6,5.1,87.2
California,8/14/2020 2:00,301.8,0,117.3,364.2,4.3,83.5
California,8/14/2020 3:00,298.4,0,0.9,359.8,3.3,77.4
California,8/14/2020 4:00,297.3,0,0,358.8,2.6,75.5
California,8/14/2020 5:00,296.9,0,0,361.9,2.4,74.8
California,8/14/2020 6:00,296.6,0,0,362,2.3,74.3
California,8/14/2020 7:00,296.4,0,0,361.2,2.3,73.8
California,8/14/2020 8:00,296.1,0,0,358.2,2.1,73.3
California,8/14/2020 9:00,295.8,0,0,354.7,2,72.8
California,8/14/2020 10:00,295.7,0,0,353.9,2,72.6
California,8/14/2020 11:00,295.6,0,0,353.7,1.9,72.4
California,8/14/2020 12:00,295.5,0,0,353.2,1.9,72.2
California,8/14/2020 13:00,295.3,0,0,353.2,1.9,71.9
California,8/14/2020 14:00,296.6,0,75.3,354.2,1.8,74.2
California,8/14/2020 15:00,300,0,275.7,360.2,1.6,80.3
California,8/14/2020 16:00,302.6,0,487.2,366.7,1.8,85.1
California,8/14/2020 17:00,304.7,0,681.2,372.2,2,88.9
California,8/14/2020 18:00,306.4,0,833.4,377.8,2.5,91.8
California,8/14/2020 19:00,307.6,0,928.2,383.1,3,94
California,8/14/2020 20:00,308.4,0,965.9,387.3,3.4,95.5
California,8/14/2020 21:00,309,0,938.3,390.8,3.8,96.5
California,8/14/2020 22:00,309.1,0,842.3,393.3,4.3,96.6
California,8/14/2020 23:00,308.8,0,701,394.2,4.8,96.2
California,8/15/2020 0:00,308,0,525.1,392.7,5.1,94.7
California,8/15/2020 1:00,306.7,0,327.3,388.3,4.7,92.3
California,8/15/2020 2:00,304.5,0,121.4,383.1,3.8,88.5
California,8/15/2020 3:00,301.1,0,0.5,375.4,2.9,82.3
California,8/15/2020 4:00,299.7,0,0,370,2.5,79.9
California,8/15/2020 5:00,299.2,0,0,367.8,2.5,79
California,8/15/2020 6:00,298.9,0,0,367.3,2.3,78.4
California,8/15/2020 7:00,298.7,0,0,366.9,2.3,78
California,8/15/2020 8:00,298.4,0,0,367.1,2.2,77.5
California,8/15/2020 9:00,298.2,0,0,367.2,2.2,77.1
California,8/15/2020 10:00,297.9,0,0,365.7,2.2,76.5
California,8/15/2020 11:00,297.2,0,0,365.1,2.1,75.3
California,8/15/2020 12:00,296.7,0,0,364.7,2,74.4
California,8/15/2020 13:00,296.6,0,0,364.4,2,74.2
California,8/15/2020 14:00,297.7,0,70.6,362.4,1.9,76.2
California,8/15/2020 15:00,301.1,0,275.2,366.4,1.8,82.3
California,8/15/2020 16:00,303.5,0,482.4,373.7,2.3,86.6
California,8/15/2020 17:00,305.5,0,670.6,380.3,2.3,90.2
California,8/15/2020 18:00,307.4,0,802,389.3,2.5,93.7
California,8/15/2020 19:00,308.3,0,845.6,399.3,3.4,95.2
California,8/15/2020 20:00,308.7,0,866.6,402.9,3.8,96
California,8/15/2020 21:00,309.3,0,848.5,405.9,4,97.1
California,8/15/2020 22:00,309.7,0,747.4,411.9,3.9,97.9
California,8/15/2020 23:00,309.6,0,559.9,418.6,3.6,97.6
California,8/16/2020 0:00,308.8,0,401.8,417.8,3.3,96.2
California,8/16/2020 1:00,307.3,0,253.8,411.7,3.5,93.5
California,8/16/2020 2:00,304.6,0,90.7,403.6,2.8,88.6
California,8/16/2020 3:00,301.6,0,0.3,391.8,2.4,83.1
California,8/16/2020 4:00,300.3,0,0,385.2,2.2,80.9
California,8/16/2020 5:00,299.5,0,0,380.8,2.2,79.5
California,8/16/2020 6:00,298.9,0,0,379.6,2,78.4
California,8/16/2020 7:00,298.4,0,0,379.7,1.7,77.5
California,8/16/2020 8:00,298.3,0,0,380.6,1.7,77.2
California,8/16/2020 9:00,297.9,0,0,376.5,1.7,76.6
California,8/16/2020 10:00,297.9,0,0,373.9,1.9,76.5
California,8/16/2020 11:00,297.9,0,0,374.5,1.8,76.5
California,8/16/2020 12:00,297.7,0,0,377.2,1.8,76.1
California,8/16/2020 13:00,297.2,0,0,375.6,1.9,75.2
California,8/16/2020 14:00,298,0,61.6,376.2,1.9,76.7
California,8/16/2020 15:00,300.8,0,234.5,381.8,2.1,81.7
California,8/16/2020 16:00,302.9,0,432,386.7,2.4,85.6
California,8/16/2020 17:00,304.9,0,611.8,392.7,2.5,89.1
California,8/16/2020 18:00,306.5,0,749.3,399.1,2.9,92
California,8/16/2020 19:00,307.3,0,786,405.5,3.4,93.5
California,8/16/2020 20:00,307.6,0,814.3,407.7,4.1,93.9
California,8/16/2020 21:00,308,0,811.8,409.4,4.4,94.7
California,8/16/2020 22:00,308.2,0,740.9,410.9,4.2,95.1
California,8/16/2020 23:00,307.8,0,625,408.2,4.1,94.3
California,8/17/2020 0:00,307.4,0,480.3,405.1,4.1,93.7
California,8/17/2020 1:00,306.4,0,289.4,401.9,4,91.8
California,8/17/2020 2:00,304.2,0,96.2,398.2,3.6,87.9
California,8/17/2020 3:00,301.1,0,0.2,389.7,2.8,82.4
California,8/17/2020 4:00,299.8,0,0,383.4,2.6,79.9
California,8/17/2020 5:00,299,0,0,382.3,2.9,78.6
California,8/17/2020 6:00,298.4,0,0,379.5,3,77.5
California,8/17/2020 7:00,297.7,0,0,374.7,2.6,76.1
California,8/17/2020 8:00,297.2,0,0,372,2.1,75.4
California,8/17/2020 9:00,297,0,0,371,1.7,74.9
California,8/17/2020 10:00,297,0,0,371.3,2,74.9
California,8/17/2020 11:00,297.1,0,0,373,2.2,75.1
California,8/17/2020 12:00,297.1,0,0,372.7,2.1,75.1
California,8/17/2020 13:00,297.1,0,0,372.4,1.8,75
California,8/17/2020 14:00,298,0,63.8,373.6,1.4,76.8
California,8/17/2020 15:00,301.2,0,254.3,379.4,1.7,82.5
California,8/17/2020 16:00,303.4,0,459.5,384.8,2.2,86.5
California,8/17/2020 17:00,304.8,0,640.1,389.9,2.9,89
California,8/17/2020 18:00,306.3,0,787.5,395.3,3.6,91.7
California,8/17/2020 19:00,307.3,0,882.5,399.2,3.8,93.5
California,8/17/2020 20:00,308.3,0,901.4,405.4,4,95.3
California,8/17/2020 21:00,308.4,0,851.2,408.6,4.8,95.5
California,8/17/2020 22:00,308.2,0,786.2,407,4.9,95.1
California,8/17/2020 23:00,308.1,0,639.9,408.8,5,94.9
California,8/18/2020 0:00,307.1,0,454.2,408.6,5,93
California,8/18/2020 1:00,306,0,274.5,405.1,4.6,91.1
California,8/18/2020 2:00,304.4,0,85.6,404.2,3.9,88.2
California,8/18/2020 3:00,301.9,0,0.1,399.7,3.3,83.8
California,8/18/2020 4:00,300.7,0,0,392.2,2.8,81.7
California,8/18/2020 5:00,300,0,0,387.3,2.6,80.3
California,8/18/2020 6:00,299.6,0,0,385.6,2.8,79.6
California,8/18/2020 7:00,298.9,0,0,382.1,2.8,78.4
California,8/18/2020 8:00,298.3,0,0,378.9,2.7,77.3
California,8/18/2020 9:00,297.8,0,0,376.7,2.4,76.4
California,8/18/2020 10:00,297.4,0,0,375,2.2,75.6
California,8/18/2020 11:00,296.9,0,0,373.5,2,74.8
California,8/18/2020 12:00,296.6,0,0,372.7,1.9,74.2
California,8/18/2020 13:00,296.4,0,0,372.6,2,73.9
California,8/18/2020 14:00,297.5,0,62,372.7,1.9,75.8
California,8/18/2020 15:00,300.5,0,239.1,380.8,1.8,81.2
California,8/18/2020 16:00,302.7,0,386.8,392.1,2.3,85.3
California,8/18/2020 17:00,304.2,0,511.6,400.6,3.6,87.9
California,8/18/2020 18:00,305.8,0,650.6,404.6,3.4,90.9
California,8/18/2020 19:00,307.6,0,760.6,409.8,3.2,94.1
California,8/18/2020 20:00,309.1,0,848.8,412.9,2.8,96.6
California,8/18/2020 21:00,309.2,0,812.8,414.1,3.3,97
California,8/18/2020 22:00,309.1,0,757.4,411.6,4,96.6
California,8/18/2020 23:00,308.9,0,642.6,408.8,3.9,96.4
California,8/19/2020 0:00,308.3,0,477.5,405.7,4.1,95.3
California,8/19/2020 1:00,307,0,281.2,402.2,4.3,92.9
California,8/19/2020 2:00,304.5,0,90.8,399,4,88.4
California,8/19/2020 3:00,301.5,0,0.1,390.6,3.2,83
California,8/19/2020 4:00,300.1,0,0,382.8,2.8,80.6
California,8/19/2020 5:00,299.5,0,0,381.9,2.8,79.5
California,8/19/2020 6:00,299.2,0,0,382.5,2.4,79
California,8/19/2020 7:00,298.8,0,0,382.4,2.3,78.3
California,8/19/2020 8:00,298.3,0,0,378.2,2.4,77.3
California,8/19/2020 9:00,298,0,0,376.3,2.2,76.7
California,8/19/2020 10:00,297.5,0,0,376,2.3,75.9
California,8/19/2020 11:00,297.3,0,0,371.4,2,75.4
California,8/19/2020 12:00,297.2,0,0,373.1,2.2,75.2
California,8/19/2020 13:00,297.2,0,0,377.9,2.2,75.2
California,8/19/2020 14:00,297.8,0,50.5,376.6,2,76.3
California,8/19/2020 15:00,300,0,207.2,380.3,1.8,80.3
California,8/19/2020 16:00,302.5,0,401,383.8,1.5,84.8
California,8/19/2020 17:00,304.6,0,572.6,389.8,2,88.5
California,8/19/2020 18:00,306.2,0,751.9,391.8,2.6,91.5
California,8/19/2020 19:00,307.4,0,887.2,391.9,2.8,93.6
California,8/19/2020 20:00,308.6,0,943.6,393.4,3.1,95.9
California,8/19/2020 21:00,309.2,0,921.9,394.6,3.8,97
California,8/19/2020 22:00,309.1,0,837.2,393.6,4.6,96.7
California,8/19/2020 23:00,308.3,0,691.2,391.9,5,95.3
California,9/5/2020 0:00,304.8,0,421.1,361.6,4.3,88.9
California,9/5/2020 1:00,303.5,0,239.2,359.5,3.9,86.6
California,9/5/2020 2:00,299.9,0,22.1,355,3.1,80.2
California,9/5/2020 3:00,297.8,0,0,349.8,2.6,76.4
California,9/5/2020 4:00,297.1,0,0,348.8,2.4,75.1
California,9/5/2020 5:00,296.8,0,0,348.6,2.3,74.5
California,9/5/2020 6:00,296.6,0,0,348.8,2.2,74.1
California,9/5/2020 7:00,296.3,0,0,348.8,2.1,73.7
California,9/5/2020 8:00,296.1,0,0,348.9,2.1,73.3
California,9/5/2020 9:00,295.9,0,0,348.9,2.1,72.9
California,9/5/2020 10:00,295.7,0,0,349,2.2,72.7
California,9/5/2020 11:00,295.6,0,0,349.3,2.1,72.5
California,9/5/2020 12:00,295.5,0,0,349.3,2,72.2
California,9/5/2020 13:00,295.4,0,0,349.4,1.9,72.1
California,9/5/2020 14:00,296.1,0,41.1,349.8,1.9,73.3
California,9/5/2020 15:00,299.9,0,260.4,354.7,1.5,80.1
California,9/5/2020 16:00,302.9,0,440.7,361.5,1.1,85.6
California,9/5/2020 17:00,305.3,0,647.5,368.4,0.9,89.9
California,9/5/2020 18:00,307.2,0,809.8,375,1.3,93.4
California,9/5/2020 19:00,308.9,0,900.2,380.9,1.8,96.4
California,9/5/2020 20:00,310.3,0,923.7,385,2.3,98.8
California,9/5/2020 21:00,311,0,881.3,388.8,2.9,100.1
California,9/5/2020 22:00,311.2,0,771.3,390.5,3.2,100.5
California,9/5/2020 23:00,310.8,0,633.6,391.1,3.5,99.9
California,9/6/2020 0:00,310,0,429.1,389.5,3.6,98.3
California,9/6/2020 1:00,308.6,0,200.7,386.9,3,95.8
California,9/6/2020 2:00,305,0,36.1,382.8,2.2,89.4
California,9/6/2020 3:00,302.6,0,0,375.6,2,85
California,9/6/2020 4:00,301.8,0,0,372.6,2.3,83.7
California,9/6/2020 5:00,301.4,0,0,371.4,2.3,82.8
California,9/6/2020 6:00,301,0,0,370,2.2,82.1
California,9/6/2020 7:00,300.7,0,0,368.9,2.3,81.6
California,9/6/2020 8:00,300.4,0,0,368,2.2,81.1
California,9/6/2020 9:00,300.1,0,0,367.1,2.2,80.6
California,9/6/2020 10:00,299.9,0,0,366.3,2.3,80.1
California,9/6/2020 11:00,299.7,0,0,365.6,2.3,79.8
California,9/6/2020 12:00,299.5,0,0,364.9,2.3,79.4
California,9/6/2020 13:00,299.3,0,0,363.8,2.2,79
California,9/6/2020 14:00,299.9,0,56.5,363,2.1,80.1
California,9/6/2020 15:00,303.1,0,235.6,366,1.9,85.9
California,9/6/2020 16:00,306.2,0,458.1,374.2,1.6,91.5
California,9/6/2020 17:00,308.3,0,666,380.5,1.7,95.3
California,9/6/2020 18:00,309.9,0,788.3,385.4,1.9,98.2
California,9/6/2020 19:00,311.2,0,884.1,391.6,2,100.6
California,9/6/2020 20:00,312.2,0,905.3,397,2.2,102.2
California,9/6/2020 21:00,312.6,0,871.6,399.8,2.4,103.1
California,9/6/2020 22:00,312.6,0,761.9,402.1,2.6,103
California,9/6/2020 23:00,312.2,0,597.8,402.9,2.8,102.3
California,9/7/2020 0:00,311.2,0,389.7,399.9,3,100.6
California,9/7/2020 1:00,309.9,0,209.2,395.9,3,98.1
California,9/7/2020 2:00,305.7,0,15.9,388.2,2.6,90.7
California,9/7/2020 3:00,303.4,0,0,379.2,2.4,86.4
California,9/7/2020 4:00,302.4,0,0,375.2,2.3,84.6
California,9/7/2020 5:00,301.7,0,0,371.8,2.4,83.4
California,9/7/2020 6:00,301.2,0,0,369.2,2.2,82.5
California,9/7/2020 7:00,300.5,0,0,367,2.1,81.2
California,9/7/2020 8:00,299.9,0,0,364.6,2,80.1
California,9/7/2020 9:00,299.3,0,0,362.5,2,79.1
California,9/7/2020 10:00,298.9,0,0,360.9,2.1,78.4
California,9/7/2020 11:00,298.5,0,0,358.8,2.1,77.7
California,9/7/2020 12:00,298.2,0,0,357.1,2.1,77.1
California,9/7/2020 13:00,297.9,0,0,355.5,2,76.5
California,9/7/2020 14:00,298.2,0,37.4,353.8,1.9,77.1
California,9/7/2020 15:00,301.7,0,255.9,357,1.8,83.4
California,9/7/2020 16:00,304.5,0,444.1,362.7,2.1,88.4
California,9/7/2020 17:00,306.6,0,650.2,368.9,2.4,92.3
California,9/7/2020 18:00,308.4,0,808,374.4,2.8,95.4
California,9/7/2020 19:00,309.5,0,898.4,378.4,3.3,97.4
California,9/7/2020 20:00,309.9,0,920.9,379.5,3.8,98.1
California,9/7/2020 21:00,309.8,0,880.4,379.1,4.5,97.9
California,9/7/2020 22:00,309.4,0,768.8,377.3,5.1,97.2
California,9/7/2020 23:00,308.6,0,632.4,375.3,5.3,95.9
California,9/2/2022 0:00,307.2,0,454.6,372.2,3.9,93.2
California,9/2/2022 1:00,305.6,0,220,368.9,3.5,90.5
California,9/2/2022 2:00,302.7,0,51.5,364.8,2.6,85.2
California,9/2/2022 3:00,299.8,0,0,357.2,2,80
California,9/2/2022 4:00,298.7,0,0,354,1.8,78
California,9/2/2022 5:00,298.1,0,0,353,1.8,76.9
California,9/2/2022 6:00,297.9,0,0,353,1.9,76.5
California,9/2/2022 7:00,297.4,0,0,352.4,1.9,75.6
California,9/2/2022 8:00,296.8,0,0,351.7,1.8,74.5
California,9/2/2022 9:00,296.1,0,0,350,1.8,73.3
California,9/2/2022 10:00,295.5,0,0,347.6,1.8,72.3
California,9/2/2022 11:00,295.2,0,0,346,1.9,71.7
California,9/2/2022 12:00,295,0,0,346.3,1.8,71.3
California,9/2/2022 13:00,294.8,0,0,348.1,1.9,70.9
California,9/2/2022 14:00,295,0,29,350,1.7,71.3
California,9/2/2022 15:00,298,0,213.9,356.3,1.6,76.8
California,9/2/2022 16:00,300.4,0,408.3,363.4,1.7,81
California,9/2/2022 17:00,302.4,0,607.1,367.7,1.8,84.7
California,9/2/2022 18:00,304.2,0,744,372.1,2.1,87.8
California,9/2/2022 19:00,305.8,0,880,373.8,2.5,90.8
California,9/2/2022 20:00,306.9,0,914,376.7,3.1,92.8
California,9/2/2022 21:00,307.5,0,889.5,378.5,3.5,93.8
California,9/2/2022 22:00,307.6,0,781.4,380.2,3.8,94.1
California,9/2/2022 23:00,307.3,0,641.8,381.2,4.2,93.4
California,9/3/2022 0:00,306.3,0,436.2,380.1,4.5,91.7
California,9/3/2022 1:00,304.7,0,213.7,376.2,4.4,88.8
California,9/3/2022 2:00,301.9,0,50.2,372.9,3.4,83.8
California,9/3/2022 3:00,299.2,0,0,365.7,2.7,78.9
California,9/3/2022 4:00,298.2,0,0,361.1,2.6,77.1
California,9/3/2022 5:00,297.5,0,0,358.9,2.5,75.9
California,9/3/2022 6:00,297,0,0,357.7,2.5,74.9
California,9/3/2022 7:00,296.4,0,0,355.5,2.3,73.8
California,9/3/2022 8:00,295.8,0,0,353.4,2.1,72.8
California,9/3/2022 9:00,295.5,0,0,352.5,2.2,72.2
California,9/3/2022 10:00,295.2,0,0,351.7,2.3,71.7
California,9/3/2022 11:00,295,0,0,350.8,2.2,71.4
California,9/3/2022 12:00,294.9,0,0,350.5,2.1,71.2
California,9/3/2022 13:00,294.8,0,0,350.5,2,71
California,9/3/2022 14:00,295.3,0,35.5,350.4,2,71.8
California,9/3/2022 15:00,298.8,0,250.7,355.4,1.9,78.1
California,9/3/2022 16:00,301.6,0,478.7,363,2,83.1
California,9/3/2022 17:00,303.6,0,678,369.4,2.2,86.9
California,9/3/2022 18:00,305.2,0,803,374.3,2.6,89.8
California,9/3/2022 19:00,306.6,0,894.3,380.5,3,92.3
California,9/3/2022 20:00,307.5,0,914.6,385.3,3.4,93.9
California,9/3/2022 21:00,308.1,0,884.9,387.7,3.9,94.9
California,9/3/2022 22:00,308.2,0,772.6,390.1,4.2,95
California,9/3/2022 23:00,307.8,0,612.3,389.7,4.5,94.4
California,9/4/2022 0:00,307.1,0,452.3,388.5,4.5,93.1
California,9/4/2022 1:00,305.7,0,224.5,384.7,4.2,90.6
California,9/4/2022 2:00,302.8,0,27.6,378.8,3.2,85.4
California,9/4/2022 3:00,300.4,0,0,372.9,2.3,81
California,9/4/2022 4:00,299.5,0,0,369.3,2,79.4
California,9/4/2022 5:00,298.9,0,0,367.3,2,78.4
California,9/4/2022 6:00,298.5,0,0,366,2,77.6
California,9/4/2022 7:00,297.9,0,0,364.3,2,76.6
California,9/4/2022 8:00,297.4,0,0,362.4,1.9,75.6
California,9/4/2022 9:00,296.9,0,0,361.2,1.9,74.7
California,9/4/2022 10:00,296.6,0,0,360.5,1.8,74.2
California,9/4/2022 11:00,296.3,0,0,360.2,1.7,73.7
California,9/4/2022 12:00,296.1,0,0,360,1.7,73.3
California,9/4/2022 13:00,295.7,0,0,359.4,1.6,72.6
California,9/4/2022 14:00,296.4,0,49.1,359.3,1.5,73.8
California,9/4/2022 15:00,299.6,0,267.1,364.2,1.3,79.5
California,9/4/2022 16:00,302.2,0,445.1,370.1,1.2,84.3
California,9/4/2022 17:00,304.4,0,648.2,376.7,1.3,88.2
California,9/4/2022 18:00,306.1,0,808.8,382.4,1.7,91.3
California,9/4/2022 19:00,307.6,0,885.4,386.4,2.1,94
California,9/4/2022 20:00,308.6,0,920.2,390.2,2.5,95.9
California,9/4/2022 21:00,309.2,0,880.4,392.9,3,96.9
California,9/4/2022 22:00,309.3,0,794.5,394,3.5,97.1
California,9/4/2022 23:00,308.9,0,636,393.3,3.9,96.4
California,9/5/2022 0:00,307.9,0,426.2,391.3,4.2,94.6
California,9/5/2022 1:00,306.5,0,251,387.9,4.1,92.1
California,9/5/2022 2:00,303.4,0,38.1,382.3,3.2,86.5
California,9/5/2022 3:00,300.8,0,0,375.8,2.6,81.7
California,9/5/2022 4:00,299.8,0,0,370.9,2.3,80.1
California,9/5/2022 5:00,299.3,0,0,369.1,2,79
California,9/5/2022 6:00,298.9,0,0,367.3,2,78.4
California,9/5/2022 7:00,298.4,0,0,365.6,1.8,77.4
California,9/5/2022 8:00,297.9,0,0,364.2,1.7,76.6
California,9/5/2022 9:00,297.6,0,0,362.7,1.7,75.9
California,9/5/2022 10:00,297.2,0,0,361.7,1.6,75.4
California,9/5/2022 11:00,297,0,0,361.1,1.6,74.9
California,9/5/2022 12:00,296.8,0,0,360.5,1.6,74.7
California,9/5/2022 13:00,296.7,0,0,359.9,1.5,74.4
California,9/5/2022 14:00,297.2,0,32,359.7,1.6,75.3
California,9/5/2022 15:00,301,0,246,364.2,1.3,82
California,9/5/2022 16:00,304,0,473.9,372.1,1.3,87.5
California,9/5/2022 17:00,306.4,0,668.2,379.1,1.4,91.8
California,9/5/2022 18:00,308.1,0,799.7,384.3,1.7,94.9
California,9/5/2022 19:00,309.7,0,896.1,390.1,2.3,97.7
California,9/5/2022 20:00,310.5,0,920.7,393.8,2.8,99.3
California,9/5/2022 21:00,310.9,0,885.8,395.7,3.3,99.9
California,9/5/2022 22:00,310.7,0,778.8,396.3,3.9,99.5
California,9/5/2022 23:00,310,0,614.8,394.7,4.2,98.4
California,9/6/2022 0:00,309.2,0,455.2,392.6,4.3,96.9
California,9/6/2022 1:00,307.8,0,226.6,389.4,3.8,94.3
California,9/6/2022 2:00,304.4,0,17.5,383.8,2.8,88.3
California,9/6/2022 3:00,302.3,0,0,377.8,2.1,84.4
California,9/6/2022 4:00,301.5,0,0,374.2,1.9,83
California,9/6/2022 5:00,301,0,0,372.4,1.8,82
California,9/6/2022 6:00,300.5,0,0,371.3,1.6,81.3
California,9/6/2022 7:00,299.9,0,0,369.3,1.6,80.2
California,9/6/2022 8:00,299.4,0,0,367.1,1.7,79.3
California,9/6/2022 9:00,299,0,0,365.7,1.8,78.6
California,9/6/2022 10:00,298.7,0,0,364.8,1.7,78
California,9/6/2022 11:00,298.5,0,0,363.9,1.6,77.6
California,9/6/2022 12:00,298.2,0,0,363.2,1.6,77.2
California,9/6/2022 13:00,298,0,0,362.1,1.5,76.7
California,9/6/2022 14:00,298.6,0,46.6,361.3,1.4,77.7
California,9/6/2022 15:00,302,0,266.8,365.7,1,84
California,9/6/2022 16:00,304.6,0,446.3,371.5,0.8,88.7
California,9/6/2022 17:00,306.7,0,657.1,377.4,1.1,92.4
California,9/6/2022 18:00,308.3,0,811.4,383,1.5,95.2
California,9/6/2022 19:00,309.8,0,887.8,387.5,1.8,98
California,9/6/2022 20:00,310.8,0,920.9,391.9,2.2,99.7
California,9/6/2022 21:00,311.1,0,879.2,394,2.8,100.3
California,9/6/2022 22:00,310.9,0,793,394.3,3.3,99.9
California,9/6/2022 23:00,310.1,0,628.3,393.3,3.6,98.5
California,9/7/2022 0:00,308.9,0,423.2,390.1,4,96.4
California,9/7/2022 1:00,307.1,0,192.6,386.1,4,93.1
California,9/7/2022 2:00,303.8,0,31.1,380.6,3.4,87.2
California,9/7/2022 3:00,301.4,0,0,372.9,2.7,82.9
California,9/7/2022 4:00,300.6,0,0,370.5,2.3,81.5
California,9/7/2022 5:00,300.1,0,0,369.3,2,80.5
California,9/7/2022 6:00,299.7,0,0,368.8,1.8,79.8
California,9/7/2022 7:00,299.2,0,0,367.5,1.7,78.8
California,9/7/2022 8:00,298.6,0,0,365.8,1.6,77.7
California,9/7/2022 9:00,298.1,0,0,364,1.6,76.8
California,9/7/2022 10:00,297.7,0,0,362.8,1.5,76.2
California,9/7/2022 11:00,297.4,0,0,362.1,1.6,75.7
California,9/7/2022 12:00,297.1,0,0,361.5,1.7,75.2
California,9/7/2022 13:00,296.8,0,0,360.7,1.7,74.6
California,9/7/2022 14:00,296.8,0,23.8,360.2,1.6,74.7
California,9/7/2022 15:00,300.3,0,239.6,364.2,1.4,80.8
California,9/7/2022 16:00,303,0,466.3,371.8,1.6,85.7
California,9/7/2022 17:00,305,0,663.1,378.5,1.9,89.2
California,9/7/2022 18:00,306.4,0,784.8,382.8,2.4,91.8
California,9/7/2022 19:00,307.5,0,881.9,387.4,3,93.8
California,9/7/2022 20:00,308.2,0,905.4,390.6,3.5,95.1
California,9/7/2022 21:00,308.7,0,870.3,392.6,4,95.9
California,9/7/2022 22:00,308.7,0,764,393.7,4.3,96
California,9/7/2022 23:00,308.3,0,599.9,392.8,4.6,95.3
California,9/8/2022 0:00,307.5,0,441.8,390.8,4.6,93.8
California,9/8/2022 1:00,306,0,207.6,387.2,4.3,91
California,9/8/2022 2:00,302.8,0,12.8,381.3,3.4,85.3
California,9/8/2022 3:00,300.6,0,0,375.5,2.6,81.4
California,9/8/2022 4:00,299.7,0,0,372.3,2.1,79.9
California,9/8/2022 5:00,299.2,0,0,370.5,1.9,79
California,9/8/2022 6:00,298.8,0,0,369.3,1.9,78.2
California,9/8/2022 7:00,298.2,0,0,367,1.9,77
California,9/8/2022 8:00,297.5,0,0,364.7,2,75.9
California,9/8/2022 9:00,297,0,0,363.3,1.9,75
California,9/8/2022 10:00,296.7,0,0,362.4,1.8,74.3
California,9/8/2022 11:00,296.4,0,0,361.7,1.7,73.9
California,9/8/2022 12:00,296.3,0,0,361.2,1.5,73.6
California,9/8/2022 13:00,296.1,0,0,360.7,1.3,73.3
California,9/8/2022 14:00,296.6,0,40.4,359.9,1.2,74.2
California,9/8/2022 15:00,299.8,0,252.1,364.7,1,80
California,9/8/2022 16:00,302.4,0,434.2,370.8,1.2,84.7
California,9/8/2022 17:00,304.4,0,631.6,376.8,1.6,88.3
California,9/8/2022 18:00,306,0,789.7,382.5,2.1,91.1
California,9/8/2022 19:00,307.3,0,863.6,386.5,2.3,93.5
California,9/8/2022 20:00,308.2,0,890.8,390.2,3,95
California,9/8/2022 21:00,308.5,0,849.9,392.2,3.7,95.6
California,9/8/2022 22:00,308.4,0,755,393.4,4.2,95.5
California,9/8/2022 23:00,307.9,0,585.4,393.6,4.4,94.6
