Region,Date,Daily_Min_Temp,Daily_Max_Temp,3_Day_Rolling_Avg_Max_Temp,3_Day_Rolling_Avg_Min_Temp
CanadaCentral,1/1/1981,5.9,19,14.7,-2.6
CanadaCentral,1/2/1981,-11,10.5,11.1,-5.6
CanadaCentral,1/3/1981,-11.7,3.7,9.3,-8.7
CanadaCentral,1/4/1981,-3.3,13.8,14.9,-1.2
CanadaCentral,1/5/1981,11.5,27.1,21,0.1
CanadaCentral,1/6/1981,-7.8,22.3,18,-1.8
CanadaCentral,1/7/1981,-9.1,4.7,12.6,-8.5
CanadaCentral,1/8/1981,-8.4,10.8,4.6,-12.5
CanadaCentral,1/9/1981,-20,-1.5,5.9,-12.7
CanadaCentral,1/10/1981,-9.7,8.5,10.6,-10.5
CanadaCentral,1/11/1981,-1.7,24.7,20,0.1
CanadaCentral,1/12/1981,11.7,26.9,26.1,8.4
CanadaCentral,1/13/1981,15.1,26.8,26.1,11.4
CanadaCentral,1/14/1981,7.4,24.6,21.4,7.6
CanadaCentral,1/15/1981,0.4,12.8,20,1.8
CanadaCentral,1/16/1981,-2.3,22.5,22.2,3.6
CanadaCentral,1/17/1981,12.8,31.3,28.5,7
CanadaCentral,1/18/1981,10.6,31.6,28.7,10.3
CanadaCentral,1/19/1981,7.4,23.1,28.3,6.6
CanadaCentral,1/20/1981,1.8,30.3,29.4,7.2
CanadaCentral,1/21/1981,12.2,34.7,34.4,8.9
CanadaCentral,1/22/1981,12.6,38.3,38.5,15.2
CanadaCentral,1/23/1981,20.8,42.4,39.2,18.1
CanadaCentral,1/24/1981,20.9,36.9,36.5,20.6
CanadaCentral,1/25/1981,20.2,30.1,29.7,10.2
CanadaCentral,1/26/1981,-10.5,22.2,21,-2.3
CanadaCentral,1/27/1981,-16.5,10.7,13.8,-12.6
CanadaCentral,1/28/1981,-10.7,8.4,7,-16
CanadaCentral,1/29/1981,-20.9,1.8,9.7,-13.2
CanadaCentral,1/30/1981,-8.1,19,12.6,-9.3
CanadaCentral,1/31/1981,1.2,17.1,13.1,-5.5
CanadaCentral,2/1/1981,-9.5,3.3,7.3,-6.6
CanadaCentral,2/2/1981,-11.6,1.6,3.5,-10.1
CanadaCentral,2/3/1981,-9.3,5.6,9.7,-11.6
CanadaCentral,2/4/1981,-14,21.9,16.5,-3.1
CanadaCentral,2/5/1981,13.9,21.9,21.4,2.5
CanadaCentral,2/6/1981,7.6,20.5,18.4,2.9
CanadaCentral,2/7/1981,-12.8,12.9,10.2,-8
CanadaCentral,2/8/1981,-18.8,-2.9,0.9,-18.6
CanadaCentral,2/9/1981,-24.3,-7.2,-7.6,-24.1
CanadaCentral,2/10/1981,-29.1,-12.8,-8.8,-26.8
CanadaCentral,2/11/1981,-26.8,-6.6,-5.9,-26.2
CanadaCentral,2/12/1981,-22.7,1.6,4.1,-19
CanadaCentral,2/13/1981,-7.3,17.3,18.7,-7
CanadaCentral,2/14/1981,9.1,37.3,31.7,9.8
CanadaCentral,2/15/1981,27.5,40.5,39.9,20.7
CanadaCentral,2/16/1981,25.6,42,41.4,28.2
CanadaCentral,2/17/1981,31.5,41.6,40.6,28.6
CanadaCentral,2/18/1981,28.8,38.2,40,30
CanadaCentral,2/19/1981,29.7,40.1,39,29.8
CanadaCentral,2/20/1981,30.8,38.6,40.1,29.3
CanadaCentral,2/21/1981,27.4,41.6,40.3,28.2
CanadaCentral,2/22/1981,26.3,40.6,42.1,26
CanadaCentral,2/23/1981,24.3,44.2,37.9,23.1
CanadaCentral,2/24/1981,18.7,28.9,33.9,20
CanadaCentral,2/25/1981,17.1,28.7,31.8,18.4
CanadaCentral,2/26/1981,19.4,38,33.1,19.8
CanadaCentral,2/27/1981,22.8,32.6,34.2,20.7
CanadaCentral,2/28/1981,19.9,32.1,31.8,17.9
CanadaCentral,3/1/1981,11,30.7,30.6,11.9
CanadaCentral,3/2/1981,4.7,29,33,11
CanadaCentral,3/3/1981,17.3,39.3,32.8,13.1
CanadaCentral,3/4/1981,17.4,30,32.8,15.4
CanadaCentral,3/5/1981,11.5,29.2,29.5,13.1
CanadaCentral,3/6/1981,10.4,29.2,30.2,12.1
CanadaCentral,3/7/1981,14.4,32.3,32.8,15.1
CanadaCentral,3/8/1981,20.5,37,35.9,17.6
CanadaCentral,3/9/1981,17.8,38.4,39.2,21.1
CanadaCentral,3/10/1981,24.9,42.2,44.7,23.2
CanadaCentral,3/11/1981,26.9,53.6,46.8,25.4
CanadaCentral,3/12/1981,24.5,44.7,47.6,24
CanadaCentral,3/13/1981,20.7,44.5,46.1,24.9
CanadaCentral,3/14/1981,29.5,49.2,45.3,25.6
CanadaCentral,3/15/1981,26.7,42.2,49.5,28
CanadaCentral,3/16/1981,27.7,56.9,43.5,23.2
CanadaCentral,3/17/1981,15.3,31.3,41.1,20.2
CanadaCentral,3/18/1981,17.6,35.2,34.6,17.8
CanadaCentral,3/19/1981,20.6,37.2,38.5,19.4
CanadaCentral,3/20/1981,20,43,40,18.9
CanadaCentral,3/21/1981,16.2,39.9,40.6,16
CanadaCentral,3/22/1981,11.8,38.8,42.2,17.2
CanadaCentral,3/23/1981,23.6,47.8,46.6,19.8
CanadaCentral,3/24/1981,24,53.1,48,25.2
CanadaCentral,3/25/1981,28,43.3,45.6,25.5
CanadaCentral,3/26/1981,24.4,40.4,42.5,27.4
CanadaCentral,3/27/1981,29.8,43.8,44.4,29
CanadaCentral,3/28/1981,32.7,49.1,49.7,31.3
CanadaCentral,3/29/1981,31.5,56.2,52.8,33
CanadaCentral,3/30/1981,34.9,53.3,51.6,31.8
CanadaCentral,3/31/1981,29.1,45.4,51.7,29.5
CanadaCentral,4/1/1981,24.5,56.4,51.9,27.8
CanadaCentral,4/2/1981,29.9,53.9,49.8,26.9
CanadaCentral,4/3/1981,26.3,39.2,44.9,25.6
CanadaCentral,4/4/1981,20.7,41.7,44.6,23.2
CanadaCentral,4/5/1981,22.7,52.9,48.7,26.2
CanadaCentral,4/6/1981,35.2,51.6,50.6,28.2
CanadaCentral,4/7/1981,26.7,47.2,50.2,28.1
CanadaCentral,4/8/1981,22.4,51.8,53.4,24.7
CanadaCentral,4/9/1981,25,61.2,54.2,23.4
CanadaCentral,4/10/1981,22.8,49.5,52.3,22.3
CanadaCentral,4/11/1981,19,46.2,50.9,23
CanadaCentral,4/12/1981,27.1,57,47.8,21.2
CanadaCentral,4/13/1981,17.6,40.1,49.2,19.7
CanadaCentral,4/14/1981,14.5,50.5,54.5,22.1
CanadaCentral,4/15/1981,34.4,72.9,67.2,28.6
CanadaCentral,4/16/1981,37,78.1,66.3,33.1
CanadaCentral,4/17/1981,27.9,48,61.4,29.7
CanadaCentral,4/18/1981,24.3,58,50.5,24.1
CanadaCentral,4/19/1981,20.2,45.6,54,21.8
CanadaCentral,4/20/1981,20.9,58.3,56.4,26.3
CanadaCentral,4/21/1981,37.9,65.3,56.1,30.2
CanadaCentral,4/22/1981,31.7,44.9,55.6,32.6
CanadaCentral,4/23/1981,28.4,56.7,55.1,30.4
CanadaCentral,4/24/1981,31,63.8,59.7,31.9
CanadaCentral,4/25/1981,36.3,58.5,64.4,33
CanadaCentral,4/26/1981,31.7,71,61.4,37.1
CanadaCentral,4/27/1981,43.2,54.6,61.4,38
CanadaCentral,4/28/1981,39,58.5,57.2,40.9
CanadaCentral,4/29/1981,40.5,58.4,56,37.9
CanadaCentral,4/30/1981,34.1,51,57.1,34.7
CanadaCentral,5/1/1981,29.4,61.7,61.2,36.5
CanadaCentral,5/2/1981,45.9,70.8,63.6,38.6
CanadaCentral,5/3/1981,40.4,58.4,61.3,40.4
CanadaCentral,5/4/1981,34.9,54.6,57.5,35.2
CanadaCentral,5/5/1981,30.3,59.5,59.4,33.6
CanadaCentral,5/6/1981,35.6,63.9,62.4,34.2
CanadaCentral,5/7/1981,36.8,63.9,60.1,33.5
CanadaCentral,5/8/1981,28.2,52.4,54.9,28.3
CanadaCentral,5/9/1981,19.9,48.6,51,25.7
CanadaCentral,5/10/1981,29.1,52.1,54.7,28.8
CanadaCentral,5/11/1981,37.4,63.3,59.7,35.8
CanadaCentral,5/12/1981,41,63.6,65,39.7
CanadaCentral,5/13/1981,40.7,68,66.3,40.3
CanadaCentral,5/14/1981,39.3,67.4,64.8,39.7
CanadaCentral,5/15/1981,39,59.1,63.5,37.9
CanadaCentral,5/16/1981,35.3,64,64.4,37.5
CanadaCentral,5/17/1981,38.2,70.1,69.1,38.2
CanadaCentral,5/18/1981,41,73.1,73,40.7
CanadaCentral,5/19/1981,42.9,75.8,76.9,42.1
CanadaCentral,5/20/1981,42.3,81.9,80,44.6
CanadaCentral,5/21/1981,48.7,82.4,78.3,44.3
CanadaCentral,5/22/1981,41.9,70.6,65.2,42.8
CanadaCentral,5/23/1981,37.7,42.6,53.9,39.5
CanadaCentral,5/24/1981,39,48.5,49.4,40.7
CanadaCentral,5/25/1981,45.4,57,56.3,43.5
CanadaCentral,5/26/1981,46.2,63.5,62.2,45.3
CanadaCentral,5/27/1981,44.4,66.1,69,46.9
CanadaCentral,5/28/1981,50.1,77.3,69.3,45.6
CanadaCentral,5/29/1981,42.5,64.6,69.3,42
CanadaCentral,5/30/1981,33.5,65.9,67.7,40.6
CanadaCentral,5/31/1981,45.7,72.5,67.5,42
CanadaCentral,6/1/1981,46.8,64,70,44.5
CanadaCentral,6/2/1981,41,73.7,72,43.7
CanadaCentral,6/3/1981,43.3,78.5,74,45
CanadaCentral,6/4/1981,50.8,69.9,74,47.3
CanadaCentral,6/5/1981,47.7,73.5,73.2,48.5
CanadaCentral,6/6/1981,47.1,76.1,73.9,48.7
CanadaCentral,6/7/1981,51.3,72.1,70.5,48.6
CanadaCentral,6/8/1981,47.4,63.4,67.9,47
CanadaCentral,6/9/1981,42.3,68.4,66.8,43.9
CanadaCentral,6/10/1981,42,68.7,69.6,43.4
CanadaCentral,6/11/1981,45.8,71.6,72.3,44.1
CanadaCentral,6/12/1981,44.6,76.7,70.2,47.8
CanadaCentral,6/13/1981,53,62.3,67.2,49.1
CanadaCentral,6/14/1981,49.8,62.8,61.3,49.6
CanadaCentral,6/15/1981,46.1,58.9,65.2,47.4
CanadaCentral,6/16/1981,46.4,73.9,64.8,47
CanadaCentral,6/17/1981,48.5,61.7,66.1,46.8
CanadaCentral,6/18/1981,45.5,62.8,63.6,45
CanadaCentral,6/19/1981,41,66.2,66.3,43.4
CanadaCentral,6/20/1981,43.5,70,66.5,45.2
CanadaCentral,6/21/1981,51.1,63.2,66.6,48.1
CanadaCentral,6/22/1981,49.5,66.6,66.8,50.9
CanadaCentral,6/23/1981,52,70.6,69.3,50.4
CanadaCentral,6/24/1981,49.6,70.8,71.7,50.6
CanadaCentral,6/25/1981,50.2,73.6,74.3,49.5
CanadaCentral,6/26/1981,48.8,78.6,77.5,52.7
CanadaCentral,6/27/1981,59.1,80.1,76.5,52.4
CanadaCentral,6/28/1981,49.2,70.8,74.9,52.2
CanadaCentral,6/29/1981,48.4,73.8,76.1,50.6
CanadaCentral,6/30/1981,54.2,83.7,81,55.1
CanadaCentral,7/1/1981,62.8,85.4,82.1,58.4
CanadaCentral,7/2/1981,58.3,77.3,81.9,57.7
CanadaCentral,7/3/1981,52.2,83,83.2,55
CanadaCentral,7/4/1981,54.6,89.3,87,54.8
CanadaCentral,7/5/1981,57.7,88.7,91.7,58
CanadaCentral,7/6/1981,61.8,97.2,93.2,61
CanadaCentral,7/7/1981,63.4,93.7,89,58.7
CanadaCentral,7/8/1981,50.9,76.1,85,53.1
CanadaCentral,7/9/1981,45.1,85.3,80.3,49.4
CanadaCentral,7/10/1981,52.3,79.4,81.5,52.1
CanadaCentral,7/11/1981,59,79.8,81.5,56.6
CanadaCentral,7/12/1981,58.4,85.3,84.3,58.8
CanadaCentral,7/13/1981,59.1,87.7,80.4,59.5
CanadaCentral,7/14/1981,60.9,68.2,77.9,58.9
CanadaCentral,7/15/1981,56.7,77.9,73.7,56.5
CanadaCentral,7/16/1981,52.1,74.9,75.8,53.6
CanadaCentral,7/17/1981,52.2,74.7,76.4,52.6
CanadaCentral,7/18/1981,53.7,79.5,79.1,54.4
CanadaCentral,7/19/1981,57.4,83,78.2,55.5
CanadaCentral,7/20/1981,55.4,72.3,76.3,54.9
CanadaCentral,7/21/1981,52,73.7,75.1,53.7
CanadaCentral,7/22/1981,53.6,79.3,78.7,54.3
CanadaCentral,7/23/1981,57.3,83,76.6,54.4
CanadaCentral,7/24/1981,52.4,67.5,72.9,51.7
CanadaCentral,7/25/1981,45.5,68.2,69.8,46.5
CanadaCentral,7/26/1981,41.5,73.8,73.2,44.9
CanadaCentral,7/27/1981,47.6,77.7,77.4,46.8
CanadaCentral,7/28/1981,51.3,80.6,81.3,52.1
CanadaCentral,7/29/1981,57.6,85.5,82.5,56.5
CanadaCentral,7/30/1981,60.6,81.4,80.1,56.7
CanadaCentral,7/31/1981,52.1,73.4,78.3,53.5
CanadaCentral,8/1/1981,47.9,80,77.9,52.6
CanadaCentral,8/2/1981,57.9,80.4,79.2,54.7
CanadaCentral,8/3/1981,58.3,77.1,80.3,58.2
CanadaCentral,8/4/1981,58.5,83.3,78.1,58.6
CanadaCentral,8/5/1981,59.1,74,78.3,58.1
CanadaCentral,8/6/1981,56.7,77.5,78.3,57.2
CanadaCentral,8/7/1981,55.7,83.4,78.1,55.1
CanadaCentral,8/8/1981,52.8,73.3,77.1,51.8
CanadaCentral,8/9/1981,46.9,74.7,76.1,51.5
CanadaCentral,8/10/1981,54.8,80.3,81.9,52.7
CanadaCentral,8/11/1981,56.3,90.8,84.3,55.3
CanadaCentral,8/12/1981,54.9,81.8,87.1,56
CanadaCentral,8/13/1981,57,88.8,82,55
CanadaCentral,8/14/1981,53.2,75.3,78.1,53.4
CanadaCentral,8/15/1981,49.9,70.3,74.8,49.9
CanadaCentral,8/16/1981,46.6,78.9,77.9,49.7
CanadaCentral,8/17/1981,52.6,84.6,83.4,51.2
CanadaCentral,8/18/1981,54.5,86.6,85.7,54.6
CanadaCentral,8/19/1981,56.7,85.8,84.9,55.8
CanadaCentral,8/20/1981,56.2,82.1,84.4,57.1
CanadaCentral,8/21/1981,58.4,85.1,82.5,58.1
CanadaCentral,8/22/1981,59.7,80.3,77.7,58.9
CanadaCentral,8/23/1981,58.6,67.6,74.3,60.2
CanadaCentral,8/24/1981,62.3,75.1,72.5,60.7
CanadaCentral,8/25/1981,61.1,74.9,75.9,60.6
CanadaCentral,8/26/1981,58.4,77.8,76.9,57.9
CanadaCentral,8/27/1981,54.2,77.9,78.4,54.7
CanadaCentral,8/28/1981,51.6,79.5,80.7,53.7
CanadaCentral,8/29/1981,55.3,84.8,83.7,55.3
CanadaCentral,8/30/1981,59,86.8,79.9,52.7
CanadaCentral,8/31/1981,43.7,68.1,74.8,47.7
CanadaCentral,9/1/1981,40.5,69.4,70.5,44.3
CanadaCentral,9/2/1981,48.9,73.9,67.8,42.3
CanadaCentral,9/3/1981,37.5,60.2,67.9,42.5
CanadaCentral,9/4/1981,41.3,69.8,67,44.5
CanadaCentral,9/5/1981,54.7,71,69.1,48.6
CanadaCentral,9/6/1981,49.8,66.6,70.1,49.8
CanadaCentral,9/7/1981,45,72.6,74.2,47.8
CanadaCentral,9/8/1981,48.5,83.4,80.7,48.2
CanadaCentral,9/9/1981,51.2,86.1,85,50.8
CanadaCentral,9/10/1981,52.7,85.4,83,50.5
CanadaCentral,9/11/1981,47.6,77.5,80.6,50.3
CanadaCentral,9/12/1981,50.6,78.9,75.7,47.5
CanadaCentral,9/13/1981,44.3,70.6,71.7,46.1
CanadaCentral,9/14/1981,43.4,65.4,65.1,42.2
CanadaCentral,9/15/1981,38.8,59.2,61.2,38.7
CanadaCentral,9/16/1981,33.9,59.1,62.6,36
CanadaCentral,9/17/1981,35.4,69.5,70.3,37.2
CanadaCentral,9/18/1981,42.4,82.4,74.8,41.1
CanadaCentral,9/19/1981,45.3,72.5,73.8,43
CanadaCentral,9/20/1981,41.1,66.6,68,42.3
CanadaCentral,9/21/1981,40.5,64.8,65.1,41.6
CanadaCentral,9/22/1981,43.1,63.8,64.6,41.5
CanadaCentral,9/23/1981,40.9,65.3,65.2,39.9
CanadaCentral,9/24/1981,35.8,66.5,64.4,40
CanadaCentral,9/25/1981,43.1,61.4,60.7,39.3
CanadaCentral,9/26/1981,39.1,54.2,55.1,38.5
CanadaCentral,9/27/1981,33.3,49.8,49.3,35.5
CanadaCentral,9/28/1981,34,43.8,47.7,33.7
CanadaCentral,9/29/1981,33.8,49.4,46.1,35.5
CanadaCentral,9/30/1981,38.5,45.2,48.3,36.1
CanadaCentral,10/1/1981,35.9,50.2,51.5,37.5
CanadaCentral,10/2/1981,38.2,59.1,52.8,38.5
CanadaCentral,10/3/1981,41.4,49.1,51.7,39.5
CanadaCentral,10/4/1981,39,47,48.6,38.3
CanadaCentral,10/5/1981,34.4,49.8,51,34
CanadaCentral,10/6/1981,28.7,56.2,54.9,34.2
CanadaCentral,10/7/1981,39.4,58.7,58.6,37.3
CanadaCentral,10/8/1981,43.9,60.9,60,40.8
CanadaCentral,10/9/1981,39.1,60.4,61.9,39.7
CanadaCentral,10/10/1981,36,64.4,63.2,39.8
CanadaCentral,10/11/1981,44.4,64.8,62.2,39.9
CanadaCentral,10/12/1981,39.4,57.3,55,40.1
CanadaCentral,10/13/1981,36.5,42.8,48.9,36.1
CanadaCentral,10/14/1981,32.5,46.5,48.7,34.5
CanadaCentral,10/15/1981,34.6,56.7,55.4,35.2
CanadaCentral,10/16/1981,38.5,63.2,56.3,35.8
CanadaCentral,10/17/1981,34.4,48.9,51.5,33.6
CanadaCentral,10/18/1981,27.8,42.2,49.1,32.7
CanadaCentral,10/19/1981,35.8,56,45.5,27.6
CanadaCentral,10/20/1981,19.4,38.1,41.1,24
CanadaCentral,10/21/1981,16.8,29,30.6,17.5
CanadaCentral,10/22/1981,16.2,24.6,27.6,14
CanadaCentral,10/23/1981,8.9,29.1,27.9,14.3
CanadaCentral,10/24/1981,17.9,29.9,29.8,12.4
CanadaCentral,10/25/1981,10.5,30.4,37.4,17.4
CanadaCentral,10/26/1981,23.7,51.8,38.3,19.2
CanadaCentral,10/27/1981,23.3,32.6,45.8,25.7
CanadaCentral,10/28/1981,30,52.9,47.4,29.4
CanadaCentral,10/29/1981,35,56.6,52.4,33.7
CanadaCentral,10/30/1981,35.9,47.6,53.2,34.4
CanadaCentral,10/31/1981,32.3,55.4,54.5,33.5
CanadaCentral,11/1/1981,32.3,60.6,57.9,31.8
CanadaCentral,11/2/1981,30.7,57.8,61.4,32
CanadaCentral,11/3/1981,33.2,65.7,60.5,32.8
CanadaCentral,11/4/1981,34.5,58,57.8,31.6
CanadaCentral,11/5/1981,27.2,49.5,56.1,30.6
CanadaCentral,11/6/1981,30.1,60.8,55.9,28
CanadaCentral,11/7/1981,26.6,57.4,50.5,24.6
CanadaCentral,11/8/1981,17.2,33.3,47.1,20
CanadaCentral,11/9/1981,16.1,50.6,43.5,20
CanadaCentral,11/10/1981,26.5,46.6,51.4,23.1
CanadaCentral,11/11/1981,26.7,57.1,55.4,28.3
CanadaCentral,11/12/1981,31.7,62.6,59.6,30.8
CanadaCentral,11/13/1981,34,59.2,58.9,32
CanadaCentral,11/14/1981,30.1,55,55.9,32
CanadaCentral,11/15/1981,31.9,53.5,49.6,30
CanadaCentral,11/16/1981,27.8,40.3,43.1,28.6
CanadaCentral,11/17/1981,26.1,35.6,34.9,24.9
CanadaCentral,11/18/1981,20.6,28.8,28.8,20.3
CanadaCentral,11/19/1981,14,21.9,24.2,15
CanadaCentral,11/20/1981,10.2,21.9,24.1,14.6
CanadaCentral,11/21/1981,19.5,28.3,27.2,17.4
CanadaCentral,11/22/1981,22.4,31.3,30.5,22.5
CanadaCentral,11/23/1981,25.7,32,30.8,24.6
CanadaCentral,11/24/1981,25.9,29.3,29.5,25.5
CanadaCentral,11/25/1981,24.9,27.2,27.5,23.3
CanadaCentral,11/26/1981,19.1,26,26,20.6
CanadaCentral,11/27/1981,17.8,24.6,24.7,17.9
CanadaCentral,11/28/1981,16.7,23.4,24.3,16.7
CanadaCentral,11/29/1981,15.6,24.9,25.2,14.9
CanadaCentral,11/30/1981,12.4,27.4,26,12.6
CanadaCentral,12/1/1981,9.8,25.8,27.1,11.7
CanadaCentral,12/2/1981,13,28.1,27.7,13.6
CanadaCentral,12/3/1981,17.8,29.3,26.5,10.7
CanadaCentral,12/4/1981,1.4,22.2,26.2,6.3
CanadaCentral,12/5/1981,-0.4,27.1,29.2,6.7
CanadaCentral,12/6/1981,19.1,38.5,31.1,11.9
CanadaCentral,12/7/1981,17,27.6,29.5,13.8
CanadaCentral,12/8/1981,5.2,22.5,23.3,10.6
CanadaCentral,12/9/1981,9.5,19.9,23.3,10
CanadaCentral,12/10/1981,15.3,27.5,25.7,12.7
CanadaCentral,12/11/1981,13.4,29.7,25.4,11.6
CanadaCentral,12/12/1981,6.1,19.2,20.8,6.8
CanadaCentral,12/13/1981,0.9,13.4,12.4,-0.3
CanadaCentral,12/14/1981,-8,4.6,8.5,-4.7
CanadaCentral,12/15/1981,-7,7.4,5.1,-9.5
CanadaCentral,12/16/1981,-13.6,3.2,5.9,-12
CanadaCentral,12/17/1981,-15.3,7.2,5,-12.8
CanadaCentral,12/18/1981,-9.6,4.7,9.4,-10.7
CanadaCentral,12/19/1981,-7,16.3,18.3,-0.5
CanadaCentral,12/20/1981,15.3,33.8,27.3,6
CanadaCentral,12/21/1981,9.6,31.7,26.1,9.6
CanadaCentral,12/22/1981,3.9,12.8,19.8,4.9
CanadaCentral,12/23/1981,1.1,14.9,13.8,2
CanadaCentral,12/24/1981,1,13.8,12.4,-0.9
CanadaCentral,12/25/1981,-4.9,8.7,12.6,-0.9
CanadaCentral,12/26/1981,1.3,15.4,12.1,-5.8
CanadaCentral,12/27/1981,-13.7,12.3,6.6,-10.1
CanadaCentral,12/28/1981,-17.9,-7.9,-0.6,-18
CanadaCentral,12/29/1981,-22.4,-6.3,-6.9,-21.8
CanadaCentral,12/30/1981,-24.9,-6.5,-6.2,-23
CanadaCentral,12/31/1981,-21.6,-5.7,-6.5,-24.1
CanadaCentral,1/1/1982,-25.7,-7.3,-6.3,-23.4
CanadaCentral,1/2/1982,-23.1,-5.9,-7.7,-25.8
CanadaCentral,1/3/1982,-28.5,-9.9,-6.5,-21.6
CanadaCentral,1/4/1982,-13.1,-3.6,-5.8,-21.4
CanadaCentral,1/5/1982,-22.6,-4,-7.9,-21.5
CanadaCentral,1/6/1982,-28.9,-16.2,-7.9,-25.8
CanadaCentral,1/7/1982,-26,-3.6,-10.6,-27.1
CanadaCentral,1/8/1982,-26.4,-11.9,-10.2,-28
CanadaCentral,1/9/1982,-31.8,-15,-13.7,-30.2
CanadaCentral,1/10/1982,-32.4,-14.2,-13,-29.7
CanadaCentral,1/11/1982,-24.9,-9.7,-9.3,-26.1
CanadaCentral,1/12/1982,-20.9,-4.1,-5.5,-23.6
CanadaCentral,1/13/1982,-25.1,-2.7,4.8,-20.6
CanadaCentral,1/14/1982,-15.8,21,5.6,-23.1
CanadaCentral,1/15/1982,-28.4,-1.6,1.2,-24.6
CanadaCentral,1/16/1982,-29.6,-15.9,-6.9,-27.9
CanadaCentral,1/17/1982,-25.7,-3.1,-5.9,-25.5
CanadaCentral,1/18/1982,-21.2,1.2,-3.1,-25
CanadaCentral,1/19/1982,-28.2,-7.3,-6.3,-25.6
CanadaCentral,1/20/1982,-27.2,-12.8,-11,-27.5
CanadaCentral,1/21/1982,-26.9,-12.9,-11.8,-22.6
CanadaCentral,1/22/1982,-13.7,-9.7,-10.9,-22.2
CanadaCentral,1/23/1982,-26.1,-10,-11.5,-22.9
CanadaCentral,1/24/1982,-29,-14.7,-9.1,-26.8
CanadaCentral,1/25/1982,-25.4,-2.7,3.3,-21.1
CanadaCentral,1/26/1982,-8.9,27.3,22.7,-14.6
CanadaCentral,1/27/1982,-9.5,43.4,26,-11.3
CanadaCentral,1/28/1982,-15.4,7.1,19.6,-11
CanadaCentral,1/29/1982,-8.2,8.2,3.4,-16.8
CanadaCentral,1/30/1982,-26.8,-5.2,2.4,-18
CanadaCentral,1/31/1982,-19,4.2,2,-20
CanadaCentral,2/1/1982,-14.3,6.8,2.1,-19.4
CanadaCentral,2/2/1982,-25,-4.9,-2.2,-22
CanadaCentral,2/3/1982,-26.7,-8.5,-8.2,-26.1
CanadaCentral,2/4/1982,-26.7,-11.3,-9.1,-28.1
CanadaCentral,2/5/1982,-31,-7.3,0.3,-26.7
CanadaCentral,2/6/1982,-22.6,19.5,6.5,-21.6
CanadaCentral,2/7/1982,-11.3,7.4,6.7,-17.7
CanadaCentral,2/8/1982,-19.2,-6.9,-1,-18.4
CanadaCentral,2/9/1982,-24.6,-3.6,-1.1,-20.1
CanadaCentral,2/10/1982,-16.5,7.1,3.2,-17
CanadaCentral,2/11/1982,-10,6.2,6.9,-13.2
CanadaCentral,2/12/1982,-13,7.5,6.9,-10.3
CanadaCentral,2/13/1982,-8,6.9,14.5,-5.3
CanadaCentral,2/14/1982,5.2,29.2,17.6,-0.7
CanadaCentral,2/15/1982,0.7,16.6,25.2,6.1
CanadaCentral,2/16/1982,12.5,29.9,27.3,11.5
CanadaCentral,2/17/1982,21.4,35.3,31.9,15.9
CanadaCentral,2/18/1982,13.9,30.4,34.7,17.8
CanadaCentral,2/19/1982,18.2,38.5,35.8,17.4
CanadaCentral,2/20/1982,20,38.4,40.5,20.5
CanadaCentral,2/21/1982,23.2,44.6,37.3,17
CanadaCentral,2/22/1982,7.9,29,28.6,11.3
CanadaCentral,2/23/1982,2.8,12.1,19.4,4.1
CanadaCentral,2/24/1982,1.7,17.2,15.7,0.3
CanadaCentral,2/25/1982,-3.7,17.8,15.4,-0.3
CanadaCentral,2/26/1982,1.2,11.2,16.8,-0.8
CanadaCentral,2/27/1982,-0.1,21.3,19,2.6
CanadaCentral,2/28/1982,6.7,24.5,18.9,1.8
CanadaCentral,3/1/1982,-1.3,10.8,14.4,0.2
CanadaCentral,3/2/1982,-4.7,7.8,10.5,-3.3
CanadaCentral,3/3/1982,-4,13,11.1,-3.8
CanadaCentral,3/4/1982,-2.6,12.5,14.6,-4
CanadaCentral,3/5/1982,-5.4,18.4,15.2,-5
CanadaCentral,3/6/1982,-7,14.6,14.6,-7.8
CanadaCentral,3/7/1982,-11.1,10.8,10.3,-10.5
CanadaCentral,3/8/1982,-13.3,5.5,13.2,-9.9
CanadaCentral,3/9/1982,-5.3,23.3,17.6,-3.1
CanadaCentral,3/10/1982,9.2,24.1,27,2.1
CanadaCentral,3/11/1982,2.5,33.7,31.3,10.8
CanadaCentral,3/12/1982,20.8,36.1,34,12.8
CanadaCentral,3/13/1982,15,32.2,34.6,16.6
CanadaCentral,3/14/1982,14.1,35.7,34.4,19.3
CanadaCentral,3/15/1982,28.7,35.4,34.9,24.1
CanadaCentral,3/16/1982,29.5,33.5,33.1,24.7
CanadaCentral,3/17/1982,15.8,30.3,26.9,17.8
CanadaCentral,3/18/1982,8.2,17,22.9,10.4
CanadaCentral,3/19/1982,7.1,21.5,21.8,7.4
CanadaCentral,3/20/1982,7,27,26.6,8.3
CanadaCentral,3/21/1982,10.9,31.1,30.7,12.6
CanadaCentral,3/22/1982,19.9,33.9,33,18.7
CanadaCentral,3/23/1982,25.2,34.1,32.2,20.5
CanadaCentral,3/24/1982,16.4,28.5,30.9,17.2
CanadaCentral,3/25/1982,10.1,30.1,28,11.3
CanadaCentral,3/26/1982,7.5,25.4,29.5,10.5
CanadaCentral,3/27/1982,13.8,33.1,33.3,15.4
CanadaCentral,3/28/1982,24.9,41.5,37.3,23.9
CanadaCentral,3/29/1982,33,37.4,38.7,28.6
CanadaCentral,3/30/1982,28,37,34.4,25.6
CanadaCentral,3/31/1982,15.7,28.6,31.3,19.6
CanadaCentral,4/1/1982,15,28.2,27,11.9
CanadaCentral,4/2/1982,4.9,24.3,26,6.8
CanadaCentral,4/3/1982,0.5,25.5,22.6,1.1
CanadaCentral,4/4/1982,-2,17.9,21.6,0.9
CanadaCentral,4/5/1982,4.3,21.3,21.8,3.2
CanadaCentral,4/6/1982,7.2,26.3,26.4,10.9
CanadaCentral,4/7/1982,21.3,31.7,30.4,16
CanadaCentral,4/8/1982,19.6,33.2,33.6,20.8
CanadaCentral,4/9/1982,21.5,35.8,33.7,18.1
CanadaCentral,4/10/1982,13.2,31.9,39.2,20.2
CanadaCentral,4/11/1982,25.9,50,43.8,23.4
CanadaCentral,4/12/1982,31,49.4,49.9,28.5
CanadaCentral,4/13/1982,28.4,50.3,54.5,31.5
CanadaCentral,4/14/1982,35,63.8,56.1,32.3
CanadaCentral,4/15/1982,33.4,54.3,55.4,32.8
CanadaCentral,4/16/1982,29.9,48.2,52,29.9
CanadaCentral,4/17/1982,26.4,53.5,50.3,28.4
CanadaCentral,4/18/1982,28.7,49.1,49.5,27.9
CanadaCentral,4/19/1982,28.5,45.8,47.3,27.4
CanadaCentral,4/20/1982,25,47,48.7,27.2
CanadaCentral,4/21/1982,28.2,53.4,57.7,29.2
CanadaCentral,4/22/1982,34.3,72.7,68.5,34.2
CanadaCentral,4/23/1982,40.2,79.5,74.7,38.2
CanadaCentral,4/24/1982,40,71.7,66,36.9
CanadaCentral,4/25/1982,30.5,46.8,58.6,32.4
CanadaCentral,4/26/1982,26.6,57.3,55.1,29.8
CanadaCentral,4/27/1982,32.4,61.2,61.7,32.1
CanadaCentral,4/28/1982,37.4,66.7,60.8,36.4
CanadaCentral,4/29/1982,39.5,54.5,61.7,36.6
CanadaCentral,4/30/1982,32.9,64,64.3,36.4
CanadaCentral,5/1/1982,36.9,74.3,73.1,38.8
CanadaCentral,5/2/1982,46.5,81.1,79.4,44.2
CanadaCentral,5/3/1982,49.2,82.6,75.8,44.6
CanadaCentral,5/4/1982,38.2,63.7,67.9,40
CanadaCentral,5/5/1982,32.6,57.3,55.9,33.8
CanadaCentral,5/6/1982,30.6,46.8,50.7,30.9
CanadaCentral,5/7/1982,29.5,48.1,46.1,28.2
CanadaCentral,5/8/1982,24.5,43.3,45.6,29.5
CanadaCentral,5/9/1982,34.4,45.4,44,32.6
CanadaCentral,5/10/1982,38.8,43.2,48.9,36.7
CanadaCentral,5/11/1982,36.8,58.2,52,38.6
CanadaCentral,5/12/1982,40.2,54.7,59.8,40.2
CanadaCentral,5/13/1982,43.6,66.5,63.9,42.5
CanadaCentral,5/14/1982,43.7,70.4,63.3,44.4
CanadaCentral,5/15/1982,45.8,53.1,58.5,45.5
CanadaCentral,5/16/1982,47.1,52,52.8,46.6
CanadaCentral,5/17/1982,46.8,53.2,54.2,46.7
CanadaCentral,5/18/1982,46.2,57.3,55.7,46.3
CanadaCentral,5/19/1982,45.9,56.6,58.9,44.6
CanadaCentral,5/20/1982,41.8,62.7,61.8,44.2
CanadaCentral,5/21/1982,45,66,67,44
CanadaCentral,5/22/1982,45.2,72.3,69.7,45.5
CanadaCentral,5/23/1982,46.4,70.9,69.4,46.3
CanadaCentral,5/24/1982,47.4,64.9,70.4,45.8
CanadaCentral,5/25/1982,43.5,75.4,72.9,46.4
CanadaCentral,5/26/1982,48.4,78.4,76.7,48.1
CanadaCentral,5/27/1982,52.3,76.3,77.1,50.2
CanadaCentral,5/28/1982,49.9,76.6,74.3,48.5
CanadaCentral,5/29/1982,43.4,70.2,67.3,44.5
CanadaCentral,5/30/1982,40.1,55.2,61,39.6
CanadaCentral,5/31/1982,35.3,57.7,58.2,37.2
CanadaCentral,6/1/1982,36.1,61.9,61,36.9
CanadaCentral,6/2/1982,39.4,63.4,66.2,39.2
CanadaCentral,6/3/1982,42.2,73.2,70.7,42.6
CanadaCentral,6/4/1982,46.1,75.5,74.6,47.6
CanadaCentral,6/5/1982,54.7,75.1,71,50.5
CanadaCentral,6/6/1982,50.7,62.4,65,50
CanadaCentral,6/7/1982,44.7,57.4,57.3,44.5
CanadaCentral,6/8/1982,38.2,52,58.4,41.3
CanadaCentral,6/9/1982,41,65.6,63.3,38.8
CanadaCentral,6/10/1982,37.1,72.2,67.9,41.6
CanadaCentral,6/11/1982,46.8,65.8,70.8,41.3
CanadaCentral,6/12/1982,40.1,74.4,73.2,45.5
CanadaCentral,6/13/1982,49.5,79.4,75.2,45.9
CanadaCentral,6/14/1982,48,71.8,74.2,48.2
CanadaCentral,6/15/1982,47.1,71.4,72.8,49.3
CanadaCentral,6/16/1982,52.7,75.2,67.4,46.8
CanadaCentral,6/17/1982,40.8,55.5,65,44.2
CanadaCentral,6/18/1982,39,64.4,61.5,42.5
CanadaCentral,6/19/1982,47.8,64.6,65.5,43.1
CanadaCentral,6/20/1982,42.4,67.4,67.9,46.3
CanadaCentral,6/21/1982,48.6,71.7,70.7,46.6
CanadaCentral,6/22/1982,48.9,73,74.3,49.9
CanadaCentral,6/23/1982,52.2,78.2,72.5,49.2
CanadaCentral,6/24/1982,46.6,66.2,72.4,47.3
CanadaCentral,6/25/1982,43,72.8,72.4,46
CanadaCentral,6/26/1982,48.3,78.1,75.8,47.7
CanadaCentral,6/27/1982,51.8,76.6,72.8,50
CanadaCentral,6/28/1982,49.8,63.8,69.2,48.3
CanadaCentral,6/29/1982,43.2,67.2,67.9,46.2
CanadaCentral,6/30/1982,45.7,72.6,72.9,46.8
CanadaCentral,7/1/1982,51.5,78.8,77.9,52.6
CanadaCentral,7/2/1982,60.5,82.2,82.3,56
CanadaCentral,7/3/1982,56.1,85.8,84.5,58
CanadaCentral,7/4/1982,57.5,85.4,83,56.9
CanadaCentral,7/5/1982,57.1,77.8,78.4,55.6
CanadaCentral,7/6/1982,52.3,72.1,74.1,51.5
CanadaCentral,7/7/1982,45,72.6,69.7,47.3
CanadaCentral,7/8/1982,44.6,64.3,68.7,47.7
CanadaCentral,7/9/1982,53.5,69.1,71,49
CanadaCentral,7/10/1982,49,79.6,77.4,50.9
CanadaCentral,7/11/1982,50.2,83.5,82.8,50.6
CanadaCentral,7/12/1982,52.6,85.4,80.4,52.8
CanadaCentral,7/13/1982,55.5,72.2,78.3,53.9
CanadaCentral,7/14/1982,53.7,77.3,75.9,56.4
CanadaCentral,7/15/1982,59.9,78.4,78.4,57.5
CanadaCentral,7/16/1982,59.1,79.4,75.8,56.3
CanadaCentral,7/17/1982,49.8,69.5,74.2,51.5
CanadaCentral,7/18/1982,45.6,73.7,74.6,50.8
CanadaCentral,7/19/1982,57,80.7,78.3,54
CanadaCentral,7/20/1982,59.5,80.3,78.9,56.1
CanadaCentral,7/21/1982,51.8,75.6,75.9,54.8
CanadaCentral,7/22/1982,53.1,71.9,75.4,54.7
CanadaCentral,7/23/1982,59,78.8,76.4,57.3
CanadaCentral,7/24/1982,59.9,78.6,77.4,56.9
CanadaCentral,7/25/1982,51.8,74.7,77.8,54.3
CanadaCentral,7/26/1982,51.3,80,77.4,53.5
CanadaCentral,7/27/1982,57.3,77.3,79.2,54.4
CanadaCentral,7/28/1982,54.5,80.4,77.3,54.4
CanadaCentral,7/29/1982,51.3,74.2,78.4,51.9
CanadaCentral,7/30/1982,49.9,80.8,80.4,52.3
CanadaCentral,7/31/1982,55.8,86.1,85.1,55
CanadaCentral,8/1/1982,59.2,88.3,85.4,57.8
CanadaCentral,8/2/1982,58.4,81.8,84.9,56
CanadaCentral,8/3/1982,50.3,84.5,82.1,52.3
CanadaCentral,8/4/1982,48.3,79.8,83.4,51.3
CanadaCentral,8/5/1982,55.2,85.9,84.9,54.2
CanadaCentral,8/6/1982,59.1,88.8,83.1,56.9
CanadaCentral,8/7/1982,56.3,74.5,78.5,54.4
CanadaCentral,8/8/1982,47.8,72.1,71.3,48.1
CanadaCentral,8/9/1982,40.2,67.3,70.5,43.3
CanadaCentral,8/10/1982,41.8,72,73.3,44.1
CanadaCentral,8/11/1982,50.1,80.6,77.2,49.2
CanadaCentral,8/12/1982,55.8,79.1,81.5,50.2
CanadaCentral,8/13/1982,44.7,84.8,85.3,53.1
CanadaCentral,8/14/1982,59,92,83.5,51.7
CanadaCentral,8/15/1982,51.6,73.8,82,53.6
CanadaCentral,8/16/1982,50.2,80.1,80.2,52.8
CanadaCentral,8/17/1982,56.5,86.7,83.3,55.1
CanadaCentral,8/18/1982,58.6,83.1,83.1,55.3
CanadaCentral,8/19/1982,50.7,79.5,82.9,53.6
CanadaCentral,8/20/1982,51.4,86.1,80.8,52.6
CanadaCentral,8/21/1982,55.7,76.7,77.1,51.8
CanadaCentral,8/22/1982,48.4,68.4,71.4,49.7
CanadaCentral,8/23/1982,45,68.9,68.5,46.2
CanadaCentral,8/24/1982,45.3,68.1,64.6,43.8
CanadaCentral,8/25/1982,41.1,56.7,60.9,40.8
CanadaCentral,8/26/1982,36.1,57.9,57.2,35.6
CanadaCentral,8/27/1982,29.6,56.9,64.4,37.2
CanadaCentral,8/28/1982,45.8,78.5,68.4,39.1
CanadaCentral,8/29/1982,41.9,69.7,69.5,45.2
CanadaCentral,8/30/1982,47.8,60.2,65.8,44.8
CanadaCentral,8/31/1982,44.8,67.3,65,45.9
CanadaCentral,9/1/1982,45.1,67.4,69.3,44.2
CanadaCentral,9/2/1982,42.7,73.2,75.1,45.1
CanadaCentral,9/3/1982,47.5,84.6,76.9,47.2
CanadaCentral,9/4/1982,51.4,73,74.5,47.7
CanadaCentral,9/5/1982,44.2,66,67.6,46.2
CanadaCentral,9/6/1982,43.1,63.8,71.1,42.8
CanadaCentral,9/7/1982,41.2,83.4,78.6,44.1
CanadaCentral,9/8/1982,48.1,88.6,86.5,46.6
CanadaCentral,9/9/1982,50.4,87.5,89,50.3
CanadaCentral,9/10/1982,52.4,91,81.1,48.5
CanadaCentral,9/11/1982,42.8,64.9,73.9,45
CanadaCentral,9/12/1982,39.9,65.8,60.4,38
CanadaCentral,9/13/1982,31.2,50.5,55.8,33.8
CanadaCentral,9/14/1982,30.4,51.1,53.7,29.4
CanadaCentral,9/15/1982,26.7,59.6,56.5,31.4
CanadaCentral,9/16/1982,37.2,58.7,61.4,32.1
CanadaCentral,9/17/1982,32.5,65.9,65.4,36.8
CanadaCentral,9/18/1982,40.7,71.4,64.3,35.3
CanadaCentral,9/19/1982,32.9,55.5,64.6,35
CanadaCentral,9/20/1982,31.3,66.8,66.1,33.3
CanadaCentral,9/21/1982,35.6,76.1,71.1,36.8
CanadaCentral,9/22/1982,43.4,70.5,71,38.7
CanadaCentral,9/23/1982,37.2,66.3,67.6,37
CanadaCentral,9/24/1982,30.4,66,70.2,36.1
CanadaCentral,9/25/1982,40.8,78.5,68.6,36.9
CanadaCentral,9/26/1982,39.6,61.5,62.2,38.4
CanadaCentral,9/27/1982,34.8,46.5,51.5,36.3
CanadaCentral,9/28/1982,34.4,46.6,44.2,33.8
CanadaCentral,9/29/1982,32.2,39.4,42.6,32.5
CanadaCentral,9/30/1982,30.9,41.7,40.2,32.1
CanadaCentral,10/1/1982,33.2,39.7,43.6,33.7
CanadaCentral,10/2/1982,37.2,49.3,50.7,34.6
CanadaCentral,10/3/1982,33.5,63.1,54.3,36.3
CanadaCentral,10/4/1982,38.2,50.5,50.9,34.7
CanadaCentral,10/5/1982,32.6,39.2,42.7,34.1
CanadaCentral,10/6/1982,31.4,38.3,42,32
CanadaCentral,10/7/1982,32.1,48.5,44.9,33.7
CanadaCentral,10/8/1982,37.6,48.1,47.7,37.4
CanadaCentral,10/9/1982,42.5,46.6,46.2,39.6
CanadaCentral,10/10/1982,38.6,43.9,44,39.5
CanadaCentral,10/11/1982,37.5,41.4,45.5,37.3
CanadaCentral,10/12/1982,35.9,51.1,52.1,36.3
CanadaCentral,10/13/1982,35.5,63.8,61.1,37.1
CanadaCentral,10/14/1982,40,68.5,62.2,36.8
CanadaCentral,10/15/1982,35,54.2,58.2,37.6
CanadaCentral,10/16/1982,37.8,52,56.9,36.7
CanadaCentral,10/17/1982,37.4,64.6,52.8,35
CanadaCentral,10/18/1982,29.8,41.8,47,31.7
CanadaCentral,10/19/1982,27.8,34.8,38.9,27.2
CanadaCentral,10/20/1982,24.1,40.1,41.9,24.8
CanadaCentral,10/21/1982,22.6,50.8,49.8,24.2
CanadaCentral,10/22/1982,26,58.3,58.1,29.4
CanadaCentral,10/23/1982,39.6,65,63.4,34.6
CanadaCentral,10/24/1982,38.4,66.9,66.4,38.5
CanadaCentral,10/25/1982,37.7,67.3,66.8,38.7
CanadaCentral,10/26/1982,40,66.2,62.1,38.6
CanadaCentral,10/27/1982,38.2,52.8,55.1,36.9
CanadaCentral,10/28/1982,32.6,46.1,47.5,32.7
CanadaCentral,10/29/1982,27.3,43.6,45.3,27.1
CanadaCentral,10/30/1982,21.4,46.3,47.3,24.8
CanadaCentral,10/31/1982,25.6,52,49.5,24.5
CanadaCentral,11/1/1982,26.6,50.3,45.6,25
CanadaCentral,11/2/1982,22.9,34.6,37.5,21
CanadaCentral,11/3/1982,13.6,27.8,29.8,16.4
CanadaCentral,11/4/1982,12.7,26.9,27.2,13.9
CanadaCentral,11/5/1982,15.6,26.9,33.2,15.5
CanadaCentral,11/6/1982,18.4,45.7,35.8,19.5
CanadaCentral,11/7/1982,24.5,34.8,38.8,20.9
CanadaCentral,11/8/1982,19.8,35.9,35.3,21.3
CanadaCentral,11/9/1982,19.6,35.3,35.3,21.9
CanadaCentral,11/10/1982,26.5,34.8,33.4,18
CanadaCentral,11/11/1982,7.8,30,25.9,11.6
CanadaCentral,11/12/1982,0.5,13,21.3,3.9
CanadaCentral,11/13/1982,3.3,20.9,20.6,2
CanadaCentral,11/14/1982,2.1,27.8,29,7.9
CanadaCentral,11/15/1982,18.3,38.1,35.4,13.2
CanadaCentral,11/16/1982,19.2,40.3,39.3,20.5
CanadaCentral,11/17/1982,24,39.4,42.2,22.6
CanadaCentral,11/18/1982,24.4,46.9,40.5,24.3
CanadaCentral,11/19/1982,24.3,35.1,37.2,17.4
CanadaCentral,11/20/1982,3.5,29.5,24.5,9.2
CanadaCentral,11/21/1982,-0.4,9,16.1,-0.1
CanadaCentral,11/22/1982,-3.5,9.9,8.9,-2.5
CanadaCentral,11/23/1982,-3.6,7.8,12.7,-2.1
CanadaCentral,11/24/1982,0.8,20.4,13.2,-2.3
CanadaCentral,11/25/1982,-4.1,11.4,15.8,-1.8
CanadaCentral,11/26/1982,-2,15.7,20.7,0.8
CanadaCentral,11/27/1982,8.4,35,30.8,7.3
CanadaCentral,11/28/1982,15.6,41.6,39.4,14.5
CanadaCentral,11/29/1982,19.5,41.5,40.1,18.6
CanadaCentral,11/30/1982,20.8,37.1,37.3,21.6
CanadaCentral,12/1/1982,24.6,33.3,35.7,24.2
CanadaCentral,12/2/1982,27.3,36.7,33.5,24.7
CanadaCentral,12/3/1982,22.1,30.4,34.9,22.6
CanadaCentral,12/4/1982,18.5,37.7,33.2,16.7
CanadaCentral,12/5/1982,9.7,31.5,29.8,9.5
CanadaCentral,12/6/1982,0.2,20.2,20.4,-1
CanadaCentral,12/7/1982,-12.8,9.4,12.6,-10.2
CanadaCentral,12/8/1982,-18.1,8.2,15.6,-8.6
CanadaCentral,12/9/1982,5.3,29.3,19,-7.7
CanadaCentral,12/10/1982,-10.3,19.7,20.8,-5.3
CanadaCentral,12/11/1982,-10.9,13.4,20.5,-4.2
CanadaCentral,12/12/1982,8.7,28.4,19.3,1.7
CanadaCentral,12/13/1982,7.2,16.2,20.2,6.8
CanadaCentral,12/14/1982,4.3,16.1,18.3,5.7
CanadaCentral,12/15/1982,5.6,22.7,23.8,6.5
CanadaCentral,12/16/1982,9.5,32.5,31,13.5
CanadaCentral,12/17/1982,25.4,37.9,32.8,18.5
CanadaCentral,12/18/1982,20.7,27.9,30.5,20.9
CanadaCentral,12/19/1982,16.7,25.6,25,17.8
CanadaCentral,12/20/1982,15.9,21.4,23.5,16.8
CanadaCentral,12/21/1982,17.9,23.4,22.9,16.4
CanadaCentral,12/22/1982,15.5,23.9,23.9,16
CanadaCentral,12/23/1982,14.6,24.3,22,10.7
CanadaCentral,12/24/1982,2,17.8,20.2,3.8
CanadaCentral,12/25/1982,-5.2,18.5,21.8,2.8
CanadaCentral,12/26/1982,11.7,28.9,23.4,1.7
CanadaCentral,12/27/1982,-1.5,22.9,19.4,1.5
CanadaCentral,12/28/1982,-5.7,6.5,11,-7.5
CanadaCentral,12/29/1982,-15.2,3.5,9.3,-11.2
CanadaCentral,12/30/1982,-12.8,17.8,15.9,-4.7
CanadaCentral,12/31/1982,13.9,26.5,23,2.3
CanadaCentral,1/1/1983,5.8,24.8,23.4,5.8
CanadaCentral,1/2/1983,-2.3,18.9,24.3,6.3
CanadaCentral,1/3/1983,15.5,29.2,25.9,8.2
CanadaCentral,1/4/1983,11.4,29.4,28.5,11.2
CanadaCentral,1/5/1983,6.8,26.8,27.4,10.4
CanadaCentral,1/6/1983,12.9,26.1,26.1,9.6
CanadaCentral,1/7/1983,9.1,25.2,29.4,14.9
CanadaCentral,1/8/1983,22.7,37,31.5,14.6
CanadaCentral,1/9/1983,11.8,32.3,32.3,13
CanadaCentral,1/10/1983,4.3,27.7,23.5,0.6
CanadaCentral,1/11/1983,-14.3,10.4,23.5,-0.1
CanadaCentral,1/12/1983,9.5,32.4,24.3,1.2
CanadaCentral,1/13/1983,8.3,30.1,25.9,5.6
CanadaCentral,1/14/1983,-1.1,15.2,22.3,1.5
CanadaCentral,1/15/1983,-2.8,21.6,18.5,-4.5
CanadaCentral,1/16/1983,-9.5,18.8,14.9,-8.7
CanadaCentral,1/17/1983,-13.9,4.4,13.7,-6.9
CanadaCentral,1/18/1983,2.8,18.1,14.9,1.8
CanadaCentral,1/19/1983,16.6,22.2,21.4,13.1
CanadaCentral,1/20/1983,20,23.9,24.3,18.8
CanadaCentral,1/21/1983,19.7,26.7,25.6,19.8
CanadaCentral,1/22/1983,19.7,26.1,25.2,17
CanadaCentral,1/23/1983,11.6,22.7,20.3,5.9
CanadaCentral,1/24/1983,-13.5,12,8.5,-8.1
CanadaCentral,1/25/1983,-22.4,-9.2,0.7,-21
CanadaCentral,1/26/1983,-27.2,-0.6,4.8,-16.8
CanadaCentral,1/27/1983,-0.8,24.2,20.7,-4.4
CanadaCentral,1/28/1983,14.7,38.6,26.5,3.2
CanadaCentral,1/29/1983,-4.2,16.7,21.1,0.6
CanadaCentral,1/30/1983,-8.6,8.1,16.4,-4.1
CanadaCentral,1/31/1983,0.4,24.4,18.4,-1.3
CanadaCentral,2/1/1983,4.4,22.8,17.3,-2.6
CanadaCentral,2/2/1983,-12.6,4.7,9.3,-8.2
CanadaCentral,2/3/1983,-16.3,0.4,3.5,-15.9
CanadaCentral,2/4/1983,-18.8,5.3,0.6,-18.5
CanadaCentral,2/5/1983,-20.3,-4.1,3.8,-20.1
CanadaCentral,2/6/1983,-21.1,10,4.6,-16.1
CanadaCentral,2/7/1983,-6.9,7.8,7.9,-12.4
CanadaCentral,2/8/1983,-9.1,5.9,11.4,-3.5
CanadaCentral,2/9/1983,5.5,20.5,16.5,3.7
CanadaCentral,2/10/1983,14.6,23.2,22.2,11.8
CanadaCentral,2/11/1983,15.3,22.9,27.5,16.3
CanadaCentral,2/12/1983,18.9,36.3,33.5,20.2
CanadaCentral,2/13/1983,26.5,41.3,36.4,22.8
CanadaCentral,2/14/1983,23.1,31.7,36.4,24.6
CanadaCentral,2/15/1983,24.3,36.2,33.3,21.2
CanadaCentral,2/16/1983,16.2,32,28.6,14.7
CanadaCentral,2/17/1983,3.6,17.7,23.6,8.3
CanadaCentral,2/18/1983,5.1,21.2,19.5,7.5
CanadaCentral,2/19/1983,13.7,19.8,22.6,10.4
CanadaCentral,2/20/1983,12.4,26.7,28.5,16.7
CanadaCentral,2/21/1983,24,39,35,19.5
CanadaCentral,2/22/1983,21.9,39.2,36.9,21.6
CanadaCentral,2/23/1983,18.9,32.3,33.3,18.5
CanadaCentral,2/24/1983,14.8,28.5,31.4,17.5
CanadaCentral,2/25/1983,18.8,33.6,33.5,19.2
CanadaCentral,2/26/1983,23.8,38.5,34.7,18.3
CanadaCentral,2/27/1983,12.3,32.1,29.4,14.9
CanadaCentral,2/28/1983,8.6,17.6,27.1,12.2
CanadaCentral,3/1/1983,15.8,31.5,27,17.3
CanadaCentral,3/2/1983,27.3,32,31.8,23.2
CanadaCentral,3/3/1983,26.5,32,32,27.9
CanadaCentral,3/4/1983,30,31.9,31.9,28.1
CanadaCentral,3/5/1983,27.6,31.8,30.9,21.2
CanadaCentral,3/6/1983,6,29,23.5,12.4
CanadaCentral,3/7/1983,3.4,9.8,18.4,3.9
CanadaCentral,3/8/1983,2.3,16.3,15.2,1.8
CanadaCentral,3/9/1983,-0.3,19.6,21.4,4.1
CanadaCentral,3/10/1983,10.2,28.5,29.5,10.9
CanadaCentral,3/11/1983,23,40.6,35.7,20.4
CanadaCentral,3/12/1983,28.2,38,36.2,22.5
CanadaCentral,3/13/1983,16.4,30,29.3,17.7
CanadaCentral,3/14/1983,8.5,20,25.5,13.7
CanadaCentral,3/15/1983,16.2,26.4,25.2,15.7
CanadaCentral,3/16/1983,22.4,29.2,27.3,17.8
CanadaCentral,3/17/1983,14.6,26.1,24.8,13.7
CanadaCentral,3/18/1983,3.9,19,20.9,5.7
CanadaCentral,3/19/1983,-1.4,17.6,18.7,1.4
CanadaCentral,3/20/1983,1.7,19.3,18.4,-0.8
CanadaCentral,3/21/1983,-2.8,18.3,19.2,-1.7
CanadaCentral,3/22/1983,-4,20.1,21.7,-0.7
CanadaCentral,3/23/1983,4.5,26.9,28,7.1
CanadaCentral,3/24/1983,20.8,36.9,32.8,16.2
CanadaCentral,3/25/1983,23.2,34.5,32.6,20.6
CanadaCentral,3/26/1983,17.7,26.5,30.1,19.6
CanadaCentral,3/27/1983,18,29.4,30.4,16.5
CanadaCentral,3/28/1983,14,35.1,33.5,19.1
CanadaCentral,3/29/1983,25.3,36,38.3,21.5
CanadaCentral,3/30/1983,25.3,43.8,38,26.8
CanadaCentral,3/31/1983,29.8,34.2,36.5,24.3
CanadaCentral,4/1/1983,17.7,31.4,32.7,20.6
CanadaCentral,4/2/1983,14.2,32.4,33.8,19
CanadaCentral,4/3/1983,25,37.4,35.2,20.2
CanadaCentral,4/4/1983,21.4,35.8,37.7,22
CanadaCentral,4/5/1983,19.6,40,39.6,20.3
CanadaCentral,4/6/1983,20,42.9,42.9,20.3
CanadaCentral,4/7/1983,21.2,45.7,46.3,22.9
CanadaCentral,4/8/1983,27.5,50.3,48.7,26.5
CanadaCentral,4/9/1983,30.8,50.2,49,28.9
CanadaCentral,4/10/1983,28.4,46.6,47.1,27.8
CanadaCentral,4/11/1983,24.2,44.7,40.9,22.5
CanadaCentral,4/12/1983,14.8,31.6,34.3,16.7
CanadaCentral,4/13/1983,10.9,26.6,31,12.1
CanadaCentral,4/14/1983,10.6,34.8,31,12.3
CanadaCentral,4/15/1983,15.4,31.6,33.4,13.2
CanadaCentral,4/16/1983,13.4,33.9,34.6,18.8
CanadaCentral,4/17/1983,27.7,38.4,38.3,23.9
CanadaCentral,4/18/1983,30.6,42.5,45.6,30.4
CanadaCentral,4/19/1983,32.8,55.8,52.8,32.2
CanadaCentral,4/20/1983,33.3,60,58.3,34.2
CanadaCentral,4/21/1983,36.6,59.2,59.8,34.2
CanadaCentral,4/22/1983,32.6,60.3,62.4,34.5
CanadaCentral,4/23/1983,34.3,67.6,65.6,35.3
CanadaCentral,4/24/1983,39,68.8,68.3,38.8
CanadaCentral,4/25/1983,42.9,68.6,62.3,38.4
CanadaCentral,4/26/1983,33.3,49.6,53.5,34.7
CanadaCentral,4/27/1983,27.9,42.5,42.5,28.4
CanadaCentral,4/28/1983,24.1,35.3,41.8,26.1
CanadaCentral,4/29/1983,26.3,47.6,46.1,25.5
CanadaCentral,4/30/1983,26.1,55.3,54.6,27.4
CanadaCentral,5/1/1983,29.8,60.9,59.9,30.3
CanadaCentral,5/2/1983,34.9,63.5,58.3,31.9
CanadaCentral,5/3/1983,31,50.6,57.1,31.4
CanadaCentral,5/4/1983,28.4,57.3,55.8,32.2
CanadaCentral,5/5/1983,37.2,59.5,58.2,33
CanadaCentral,5/6/1983,33.4,57.7,58.4,32.3
CanadaCentral,5/7/1983,26.1,58.1,61.7,31.2
CanadaCentral,5/8/1983,34.1,69.3,64.7,35.2
CanadaCentral,5/9/1983,45.3,66.7,65.6,37.8
CanadaCentral,5/10/1983,33.9,60.8,56.4,34.8
CanadaCentral,5/11/1983,25.1,41.8,45.2,28.4
CanadaCentral,5/12/1983,26.1,33.1,38.3,26.2
CanadaCentral,5/13/1983,27.3,40,37.3,26
CanadaCentral,5/14/1983,24.8,38.9,39.7,23.7
CanadaCentral,5/15/1983,19.1,40.2,43.7,22
CanadaCentral,5/16/1983,22,51.8,53.4,25.6
CanadaCentral,5/17/1983,35.8,68,62.6,33
CanadaCentral,5/18/1983,41.3,68,63.3,38
CanadaCentral,5/19/1983,37,53.9,62.3,37.4
CanadaCentral,5/20/1983,33.8,65,61.3,37.1
CanadaCentral,5/21/1983,40.5,65,65.7,37.2
CanadaCentral,5/22/1983,37.1,67,66.7,40.2
CanadaCentral,5/23/1983,42.9,68.1,63.9,39.5
CanadaCentral,5/24/1983,38.3,56.4,64.7,38.3
CanadaCentral,5/25/1983,33.7,69.4,68.4,40.6
CanadaCentral,5/26/1983,49.8,79.4,75.5,43.8
CanadaCentral,5/27/1983,48,77.8,75.1,47.1
CanadaCentral,5/28/1983,43.4,68.1,69,43.5
CanadaCentral,5/29/1983,39,61,61.3,41.2
CanadaCentral,5/30/1983,41.3,54.8,59.7,39
CanadaCentral,5/31/1983,36.9,63.4,62.2,39.3
CanadaCentral,6/1/1983,39.9,68.5,66.8,41.1
CanadaCentral,6/2/1983,46.4,68.5,65.9,42.6
CanadaCentral,6/3/1983,41.6,60.6,62.1,42.8
CanadaCentral,6/4/1983,40.5,57.3,60.3,39.2
CanadaCentral,6/5/1983,35.7,63,64.4,38.7
CanadaCentral,6/6/1983,39.8,73,71.7,39.6
CanadaCentral,6/7/1983,43.2,79.1,74.9,42.9
CanadaCentral,6/8/1983,45.6,72.7,78.2,45.3
CanadaCentral,6/9/1983,47.1,82.8,80.9,49.6
CanadaCentral,6/10/1983,56.2,87.3,85.6,53.8
CanadaCentral,6/11/1983,58,86.8,83.4,56.9
CanadaCentral,6/12/1983,56.6,76.2,77.1,55.1
CanadaCentral,6/13/1983,50.8,68.2,70.4,51.9
CanadaCentral,6/14/1983,48.3,66.7,64,47.8
CanadaCentral,6/15/1983,44.2,57.1,64.9,44.3
CanadaCentral,6/16/1983,40.3,70.8,68.3,43.2
CanadaCentral,6/17/1983,45,77,74.8,45.1
CanadaCentral,6/18/1983,49.9,76.5,74.6,50.2
CanadaCentral,6/19/1983,55.6,70.3,74.5,53.3
CanadaCentral,6/20/1983,54.4,76.7,74,54.1
CanadaCentral,6/21/1983,52.4,75.1,75.5,53.4
CanadaCentral,6/22/1983,53.3,74.6,76.7,52.2
CanadaCentral,6/23/1983,51,80.3,79.3,56.1
CanadaCentral,6/24/1983,64,83,80.9,57.8
CanadaCentral,6/25/1983,58.4,79.3,77.9,57.3
CanadaCentral,6/26/1983,49.5,71.5,73,52.5
CanadaCentral,6/27/1983,49.7,68.2,71.7,50.5
CanadaCentral,6/28/1983,52.4,75.2,69.8,52.4
CanadaCentral,6/29/1983,55.1,65.9,69.1,54.2
CanadaCentral,6/30/1983,55.1,66,67.7,54.3
CanadaCentral,7/1/1983,52.8,71.1,69.8,55.3
CanadaCentral,7/2/1983,58.2,72.2,72.4,55.5
CanadaCentral,7/3/1983,55.6,74.1,69.2,52.8
CanadaCentral,7/4/1983,44.8,61.3,70.3,46.7
CanadaCentral,7/5/1983,39.8,75.4,74.9,47.8
CanadaCentral,7/6/1983,58.9,87.9,84.8,54.5
CanadaCentral,7/7/1983,64.9,91.2,88.6,62.9
CanadaCentral,7/8/1983,64.8,86.9,88.1,65.9
CanadaCentral,7/9/1983,68.1,86.1,86.5,63
CanadaCentral,7/10/1983,55.9,86.5,82.9,59.8
CanadaCentral,7/11/1983,55.4,76.1,83.7,55.7
CanadaCentral,7/12/1983,55.6,88.4,83.2,58.4
CanadaCentral,7/13/1983,64.1,85,89.2,61
CanadaCentral,7/14/1983,63.3,94.2,87.3,62.7
CanadaCentral,7/15/1983,60.9,82.6,84.4,59.3
CanadaCentral,7/16/1983,53.7,76.3,79.4,54.9
CanadaCentral,7/17/1983,50.2,79.1,79.2,53.8
CanadaCentral,7/18/1983,57.6,82,81.7,56
CanadaCentral,7/19/1983,60.3,84,83.9,60.5
CanadaCentral,7/20/1983,63.4,85.7,84.4,61.6
CanadaCentral,7/21/1983,61.1,83.6,84.2,60.2
CanadaCentral,7/22/1983,55.9,83.2,81.2,57.2
CanadaCentral,7/23/1983,54.5,76.9,79.9,54.9
CanadaCentral,7/24/1983,54.3,79.6,80.9,54.9
CanadaCentral,7/25/1983,56,86.4,83.5,58.2
CanadaCentral,7/26/1983,64.3,84.6,85.6,61.2
CanadaCentral,7/27/1983,63.3,85.8,85.2,61.9
CanadaCentral,7/28/1983,58.1,85.1,84.8,59.1
CanadaCentral,7/29/1983,56.1,83.6,82.5,56.2
CanadaCentral,7/30/1983,54.5,78.7,81.2,54.1
CanadaCentral,7/31/1983,51.9,81.3,82,53.7
CanadaCentral,8/1/1983,54.8,85.9,85.6,57.1
CanadaCentral,8/2/1983,64.6,89.5,90.4,60.8
CanadaCentral,8/3/1983,62.9,95.9,94,65
CanadaCentral,8/4/1983,67.5,96.8,93.7,64.2
CanadaCentral,8/5/1983,62.3,88.5,94.1,64
CanadaCentral,8/6/1983,62.3,97.1,91.3,62
CanadaCentral,8/7/1983,61.5,88.2,88.6,58.8
CanadaCentral,8/8/1983,52.7,80.5,83,57.8
CanadaCentral,8/9/1983,59,80.4,80.1,55.7
CanadaCentral,8/10/1983,55.3,79.6,82.2,54.8
CanadaCentral,8/11/1983,50,86.6,84.6,55.8
CanadaCentral,8/12/1983,61.9,87.6,85.5,56.6
CanadaCentral,8/13/1983,57.9,82.3,87.4,57.2
CanadaCentral,8/14/1983,51.6,92.4,86.9,56.7
CanadaCentral,8/15/1983,60.5,86,86.5,56.9
CanadaCentral,8/16/1983,58.5,81.2,87.1,57.7
CanadaCentral,8/17/1983,54.1,93.9,90.2,57.2
CanadaCentral,8/18/1983,59.1,95.4,87.8,54.2
CanadaCentral,8/19/1983,49.4,74,77.8,53
CanadaCentral,8/20/1983,50.5,63.8,72.2,51.1
CanadaCentral,8/21/1983,53.3,78.7,72.3,51.3
CanadaCentral,8/22/1983,50.1,74.3,74.8,52.2
CanadaCentral,8/23/1983,53.1,71.6,76.9,53.4
CanadaCentral,8/24/1983,57,84.8,82.5,57
CanadaCentral,8/25/1983,60.9,91.2,87.7,57.7
CanadaCentral,8/26/1983,55.2,87.1,89.8,58.4
CanadaCentral,8/27/1983,59.1,90.9,89.1,57.4
CanadaCentral,8/28/1983,58,89.2,88,58.9
CanadaCentral,8/29/1983,59.5,83.7,87.2,58.3
CanadaCentral,8/30/1983,57.4,88.5,89,59.4
CanadaCentral,8/31/1983,61.3,94.7,91.1,59.5
CanadaCentral,9/1/1983,59.9,90.2,91.9,61
CanadaCentral,9/2/1983,61.8,90.7,86.8,58.8
CanadaCentral,9/3/1983,54.8,79.4,82.9,55.8
CanadaCentral,9/4/1983,50.8,78.6,74.5,51.7
CanadaCentral,9/5/1983,49.6,65.4,69.3,49.1
CanadaCentral,9/6/1983,46.9,63.9,69.8,46.8
CanadaCentral,9/7/1983,43.8,80.2,69.5,47.7
CanadaCentral,9/8/1983,52.4,64.3,70.5,47.8
CanadaCentral,9/9/1983,47.2,67,62.8,47.2
CanadaCentral,9/10/1983,41.9,56.9,60.1,42.9
CanadaCentral,9/11/1983,39.7,56.4,57.3,40.4
CanadaCentral,9/12/1983,39.7,58.6,57.5,38.7
CanadaCentral,9/13/1983,36.7,57.5,58.4,37.7
CanadaCentral,9/14/1983,36.7,59.1,56.1,40
CanadaCentral,9/15/1983,46.5,51.7,56.5,42.6
CanadaCentral,9/16/1983,44.6,58.8,56.6,44.6
CanadaCentral,9/17/1983,42.6,59.3,57.1,41.5
CanadaCentral,9/18/1983,37.3,53,52.5,37.9
CanadaCentral,9/19/1983,33.7,45.2,47.2,35
CanadaCentral,9/20/1983,34.2,43.3,44.3,31.8
CanadaCentral,9/21/1983,27.4,44.4,46.9,29.1
CanadaCentral,9/22/1983,25.8,53,54.8,28.4
CanadaCentral,9/23/1983,32,67.1,64.5,32.5
CanadaCentral,9/24/1983,39.7,73.5,70.7,38.9
CanadaCentral,9/25/1983,45,71.5,75.6,42.6
CanadaCentral,9/26/1983,43.1,82,78.7,46.9
CanadaCentral,9/27/1983,52.7,82.6,74.4,44.2
CanadaCentral,9/28/1983,36.8,58.7,61.2,39.4
CanadaCentral,9/29/1983,28.6,42.2,46.6,32.6
CanadaCentral,9/30/1983,32.4,38.9,42.2,32.3
CanadaCentral,10/1/1983,36,45.5,43.7,35.9
CanadaCentral,10/2/1983,39.3,46.7,47.2,38.1
CanadaCentral,10/3/1983,39.1,49.5,50.4,39
CanadaCentral,10/4/1983,38.7,55,51.2,36.6
CanadaCentral,10/5/1983,32.1,49.1,52.5,33
CanadaCentral,10/6/1983,28.3,53.4,51.5,31.6
CanadaCentral,10/7/1983,34.4,51.9,54.4,30.9
CanadaCentral,10/8/1983,30,58,56.9,34.3
CanadaCentral,10/9/1983,38.3,60.8,59.8,35.7
CanadaCentral,10/10/1983,38.7,60.7,54.3,34.7
CanadaCentral,10/11/1983,27.2,41.4,49.1,30.9
CanadaCentral,10/12/1983,26.8,45.1,46.1,26.5
CanadaCentral,10/13/1983,25.4,51.8,50.1,26.4
CanadaCentral,10/14/1983,26.9,53.5,50,27.6
CanadaCentral,10/15/1983,30.4,44.9,47.1,27.7
CanadaCentral,10/16/1983,25.7,42.9,43.5,25.3
CanadaCentral,10/17/1983,19.7,42.9,42.6,22.9
CanadaCentral,10/18/1983,23.1,41.9,43.4,21.5
CanadaCentral,10/19/1983,21.5,45.4,46.1,27.7
CanadaCentral,10/20/1983,38.5,50.9,51.7,32.5
CanadaCentral,10/21/1983,37.4,58.7,56.9,36.9
CanadaCentral,10/22/1983,34.8,61.3,57.4,37.5
CanadaCentral,10/23/1983,40.3,52.1,54.1,35.1
CanadaCentral,10/24/1983,30.3,49,53.2,33.2
CanadaCentral,10/25/1983,29,58.6,57.1,30.7
CanadaCentral,10/26/1983,32.8,63.7,63.8,32.6
CanadaCentral,10/27/1983,35.9,69.1,60,32.1
CanadaCentral,10/28/1983,27.5,47,57.6,30.1
CanadaCentral,10/29/1983,27,56.6,56.2,27.7
CanadaCentral,10/30/1983,28.6,64.8,61.1,30.9
CanadaCentral,10/31/1983,37,61.8,63.1,33.3
CanadaCentral,11/1/1983,34.3,62.6,54.6,34.3
CanadaCentral,11/2/1983,31.7,39.5,48.7,32.9
CanadaCentral,11/3/1983,32.7,44.1,45,34.7
CanadaCentral,11/4/1983,39.6,51.3,48.6,34.1
CanadaCentral,11/5/1983,29.8,50.3,50.6,31.8
CanadaCentral,11/6/1983,25.8,50.2,49.8,29.9
CanadaCentral,11/7/1983,34,48.9,45.5,29.2
CanadaCentral,11/8/1983,27.7,37.4,41.9,28.1
CanadaCentral,11/9/1983,22.4,39.5,37.9,23.8
CanadaCentral,11/10/1983,21.2,36.9,35.8,20.7
CanadaCentral,11/11/1983,18.6,31.1,33,21.9
CanadaCentral,11/12/1983,25.9,30.9,32.5,24
CanadaCentral,11/13/1983,27.5,35.6,32.9,27.1
CanadaCentral,11/14/1983,28,32.2,33.1,27.8
CanadaCentral,11/15/1983,27.8,31.4,32.7,27.5
CanadaCentral,11/16/1983,26.8,34.5,34.6,27.2
CanadaCentral,11/17/1983,27.1,38,38,27.9
CanadaCentral,11/18/1983,29.8,41.6,38.5,28.8
CanadaCentral,11/19/1983,29.5,35.9,36.1,27.6
CanadaCentral,11/20/1983,23.6,30.9,30.8,24.2
CanadaCentral,11/21/1983,19.6,25.6,26.4,19.6
CanadaCentral,11/22/1983,15.5,22.8,22.4,15
CanadaCentral,11/23/1983,9.9,18.8,19.2,10.8
CanadaCentral,11/24/1983,7.1,16.1,16.6,7.3
CanadaCentral,11/25/1983,4.8,14.8,17.4,7.8
CanadaCentral,11/26/1983,11.5,21.2,19.6,10.1
CanadaCentral,11/27/1983,14,22.8,20.5,12.6
CanadaCentral,11/28/1983,12.4,17.6,18.2,11.4
CanadaCentral,11/29/1983,7.8,14.2,14.8,5.7
CanadaCentral,11/30/1983,-3.2,12.7,12.8,-0.3
CanadaCentral,12/1/1983,-5.6,11.4,11.3,-4.8
CanadaCentral,12/2/1983,-5.6,9.8,14,-2.3
CanadaCentral,12/3/1983,4.3,20.7,15.1,0.9
CanadaCentral,12/4/1983,4,14.8,16.4,3.4
CanadaCentral,12/5/1983,1.7,13.6,14.2,3.7
CanadaCentral,12/6/1983,5.4,14.2,14.4,1.9
CanadaCentral,12/7/1983,-1.3,15.3,10.8,-5.2
CanadaCentral,12/8/1983,-19.5,2.9,5,-12
CanadaCentral,12/9/1983,-15.3,-3.1,0.9,-15.7
CanadaCentral,12/10/1983,-12.4,2.8,2.6,-11.6
CanadaCentral,12/11/1983,-7.2,8.1,6.2,-9
CanadaCentral,12/12/1983,-7.5,7.7,9.1,-5.3
CanadaCentral,12/13/1983,-1.3,11.6,9.9,-5
CanadaCentral,12/14/1983,-6.1,10.3,6.1,-9.8
CanadaCentral,12/15/1983,-21.9,-3.7,-1.3,-17.4
CanadaCentral,12/16/1983,-24.1,-10.7,-10.1,-24.1
CanadaCentral,12/17/1983,-26.4,-16.1,-14.3,-26.4
CanadaCentral,12/18/1983,-28.7,-16.3,-14.7,-28.6
CanadaCentral,12/19/1983,-30.6,-11.9,-13,-29.7
CanadaCentral,12/20/1983,-29.9,-10.7,-11.6,-28.1
CanadaCentral,12/21/1983,-23.7,-12.2,-15.1,-29.1
CanadaCentral,12/22/1983,-33.8,-22.3,-20,-32.3
CanadaCentral,12/23/1983,-39.4,-25.6,-18.5,-33.5
CanadaCentral,12/24/1983,-27.4,-7.5,-7.5,-25.2
CanadaCentral,12/25/1983,-8.9,10.8,6,-11
CanadaCentral,12/26/1983,3.1,14.6,11.2,-4.1
CanadaCentral,12/27/1983,-6.5,8.2,7.8,-4.8
CanadaCentral,12/28/1983,-11,0.4,6.7,-10.8
CanadaCentral,12/29/1983,-14.8,11.4,8.2,-10.2
CanadaCentral,12/30/1983,-4.8,12.7,12.1,-7.2
CanadaCentral,12/31/1983,-2,12.4,17,1.3
CanadaCentral,1/1/1984,10.8,26.1,24.9,6.7
CanadaCentral,1/2/1984,11.1,36.2,33.3,15.9
CanadaCentral,1/3/1984,25.9,37.6,37.1,18.1
CanadaCentral,1/4/1984,17.3,37.3,38.4,25
CanadaCentral,1/5/1984,32,40.2,37.4,24.8
CanadaCentral,1/6/1984,25.1,34.7,34,20.9
CanadaCentral,1/7/1984,5.5,27,26.7,11.5
CanadaCentral,1/8/1984,3.8,18.4,20.7,-3.4
CanadaCentral,1/9/1984,-19.5,16.6,12.9,-12.1
CanadaCentral,1/10/1984,-20.6,3.6,6.9,-16.9
CanadaCentral,1/11/1984,-10.5,0.5,3,-14.9
CanadaCentral,1/12/1984,-13.6,5,3.2,-9.3
CanadaCentral,1/13/1984,-3.7,4.1,3.6,-11
CanadaCentral,1/14/1984,-15.6,1.6,6,-9.2
CanadaCentral,1/15/1984,-8.1,12.2,7.3,-12.1
CanadaCentral,1/16/1984,-12.5,8.2,3.2,-13.9
CanadaCentral,1/17/1984,-21,-10.8,-1.9,-18
CanadaCentral,1/18/1984,-20.6,-3.3,-8.2,-22
CanadaCentral,1/19/1984,-24.5,-10.7,-3.3,-25.2
CanadaCentral,1/20/1984,-30.4,3.9,-0.1,-21.2
CanadaCentral,1/21/1984,-8.8,6.5,11.9,-15.2
CanadaCentral,1/22/1984,-6.4,25.4,21.6,-0.5
CanadaCentral,1/23/1984,13.6,32.9,30.6,4.1
CanadaCentral,1/24/1984,5.2,33.7,26.5,7.9
CanadaCentral,1/25/1984,4.9,12.8,22.6,0.7
CanadaCentral,1/26/1984,-8,21.4,23.7,-3.4
CanadaCentral,1/27/1984,-7.1,36.8,29.5,0.4
CanadaCentral,1/28/1984,16.5,30.3,30.9,5.9
CanadaCentral,1/29/1984,8.4,25.6,28.7,9.4
CanadaCentral,1/30/1984,3.2,30.3,31.5,9.1
CanadaCentral,1/31/1984,15.6,38.6,33.7,11
CanadaCentral,2/1/1984,14.2,32.2,33.9,15
CanadaCentral,2/2/1984,15,30.8,31.9,15.8
CanadaCentral,2/3/1984,18.3,32.6,29.5,7.4
CanadaCentral,2/4/1984,-11.1,25.1,26.3,1.9
CanadaCentral,2/5/1984,-1.6,21.2,23.3,-4
CanadaCentral,2/6/1984,0.8,23.6,23.2,2.6
CanadaCentral,2/7/1984,8.6,24.9,27.2,7
CanadaCentral,2/8/1984,11.5,33.2,32.8,13.4
CanadaCentral,2/9/1984,20.2,40.5,38.1,16.6
CanadaCentral,2/10/1984,18.2,40.5,38.8,20.5
CanadaCentral,2/11/1984,23.1,35.4,34.2,21.1
CanadaCentral,2/12/1984,22,26.6,33,22.1
CanadaCentral,2/13/1984,21.1,37.1,34.4,22.3
CanadaCentral,2/14/1984,23.8,39.6,37.3,23.3
CanadaCentral,2/15/1984,25.1,35.3,35.8,24.3
CanadaCentral,2/16/1984,23.9,32.5,32.1,23.8
CanadaCentral,2/17/1984,22.3,28.5,30.7,19.5
CanadaCentral,2/18/1984,12.3,31.2,32.8,16.3
CanadaCentral,2/19/1984,14.2,38.8,35.9,16.1
CanadaCentral,2/20/1984,21.9,37.6,41,21.9
CanadaCentral,2/21/1984,29.7,46.7,41.1,27.2
CanadaCentral,2/22/1984,30.1,39,40,27.8
CanadaCentral,2/23/1984,23.8,34.2,33.3,22.6
CanadaCentral,2/24/1984,13.8,26.7,29.5,15.8
CanadaCentral,2/25/1984,9.8,27.6,28.7,11
CanadaCentral,2/26/1984,9.2,31.7,27.5,10.5
CanadaCentral,2/27/1984,12.4,23.3,26.4,10.6
CanadaCentral,2/28/1984,10.1,24.3,25.9,12.8
CanadaCentral,2/29/1984,16,30.2,27.4,13.7
CanadaCentral,3/1/1984,14.9,27.6,28.7,14.2
CanadaCentral,3/2/1984,11.6,28.4,28.4,14.8
CanadaCentral,3/3/1984,18,29.3,28.8,14.4
CanadaCentral,3/4/1984,13.7,28.7,24.5,9.3
CanadaCentral,3/5/1984,-3.7,15.4,17.9,1.1
CanadaCentral,3/6/1984,-6.8,9.5,12.3,-6.4
CanadaCentral,3/7/1984,-8.8,12,11.2,-10.3
CanadaCentral,3/8/1984,-15.2,12.1,14.1,-10.5
CanadaCentral,3/9/1984,-7.5,18.2,18.1,-9.1
CanadaCentral,3/10/1984,-4.6,23.9,17,-8.2
CanadaCentral,3/11/1984,-12.5,8.7,15.8,-6.1
CanadaCentral,3/12/1984,-1.2,14.7,14.1,-4.1
CanadaCentral,3/13/1984,1.2,18.8,16.1,-0.6
CanadaCentral,3/14/1984,-1.9,15,13.1,-4
CanadaCentral,3/15/1984,-11.4,5.5,12.6,-6.8
CanadaCentral,3/16/1984,-7.1,17.3,15.3,-1.9
CanadaCentral,3/17/1984,12.8,23.1,23.2,6.5
CanadaCentral,3/18/1984,13.7,29,29.3,16.7
CanadaCentral,3/19/1984,23.5,35.7,35.2,21.7
CanadaCentral,3/20/1984,28,40.9,38.2,26.5
CanadaCentral,3/21/1984,27.9,38,39.4,26.5
CanadaCentral,3/22/1984,23.6,39.4,42.8,27.3
CanadaCentral,3/23/1984,30.3,51.2,47.8,29
CanadaCentral,3/24/1984,33,52.9,49.2,31.8
CanadaCentral,3/25/1984,32.3,43.6,46.8,32.3
CanadaCentral,3/26/1984,31.7,43.8,42,31.7
CanadaCentral,3/27/1984,31.1,38.6,40.4,31.1
CanadaCentral,3/28/1984,30.5,38.7,39.8,29.9
CanadaCentral,3/29/1984,28.2,42.2,41.3,27.9
CanadaCentral,3/30/1984,24.9,42.8,43.6,26.4
CanadaCentral,3/31/1984,25.9,45.8,45.6,25
CanadaCentral,4/1/1984,24.2,48.2,48.6,25.9
CanadaCentral,4/2/1984,27.7,51.8,51.2,27.5
CanadaCentral,4/3/1984,30.6,53.5,54.8,29.7
CanadaCentral,4/4/1984,30.8,59.2,58.6,32.3
CanadaCentral,4/5/1984,35.5,63,60.6,34.4
CanadaCentral,4/6/1984,36.9,59.7,60.5,37
CanadaCentral,4/7/1984,38.8,58.7,58.7,37.9
CanadaCentral,4/8/1984,38.1,57.6,55.2,39.1
CanadaCentral,4/9/1984,40.5,49.3,52.9,39.4
CanadaCentral,4/10/1984,39.4,51.7,50.2,38.5
CanadaCentral,4/11/1984,35.4,49.5,48,37.4
CanadaCentral,4/12/1984,37.2,42.8,46.4,35.5
CanadaCentral,4/13/1984,33.9,46.9,46.5,34.5
CanadaCentral,4/14/1984,32.6,49.9,51.1,31.2
CanadaCentral,4/15/1984,27.2,56.4,56.2,30.1
CanadaCentral,4/16/1984,30.5,62.4,60.2,29.8
CanadaCentral,4/17/1984,31.7,61.7,63.8,31.3
CanadaCentral,4/18/1984,31.7,67.2,65.7,33
CanadaCentral,4/19/1984,35.7,68.2,68,35
CanadaCentral,4/20/1984,37.6,68.4,68.8,36.4
CanadaCentral,4/21/1984,35.9,69.8,69.2,35.9
CanadaCentral,4/22/1984,34.2,69.4,69.4,34.1
CanadaCentral,4/23/1984,32.3,68.9,64.9,34.1
CanadaCentral,4/24/1984,35.8,56.3,60.6,32.9
CanadaCentral,4/25/1984,30.7,56.7,49,30.4
CanadaCentral,4/26/1984,24.9,34.2,39.1,25.4
CanadaCentral,4/27/1984,20.6,26.5,32.4,22.5
CanadaCentral,4/28/1984,21.9,36.4,36.2,20.7
CanadaCentral,4/29/1984,19.6,45.7,41.5,21.8
CanadaCentral,4/30/1984,23.9,42.4,45.3,23.2
CanadaCentral,5/1/1984,26.1,47.9,47.2,25.1
CanadaCentral,5/2/1984,25.4,51.3,51.4,26.5
CanadaCentral,5/3/1984,27.9,54.9,53.1,29.7
CanadaCentral,5/4/1984,35.8,53,55.6,31.7
CanadaCentral,5/5/1984,31.3,58.8,53.7,31.9
CanadaCentral,5/6/1984,28.6,49.5,50.7,28.6
CanadaCentral,5/7/1984,25.8,43.8,49.2,26.6
CanadaCentral,5/8/1984,25.4,54.3,52.5,28.1
CanadaCentral,5/9/1984,33.2,59.6,58,31.6
CanadaCentral,5/10/1984,36.1,60,57.7,34.6
CanadaCentral,5/11/1984,34.7,53.5,58.8,35.4
CanadaCentral,5/12/1984,35.4,63,59.7,36.2
CanadaCentral,5/13/1984,38.5,62.5,65.1,37.5
CanadaCentral,5/14/1984,38.4,69.7,68.8,41.1
CanadaCentral,5/15/1984,46.3,74.2,77.7,46.5
CanadaCentral,5/16/1984,54.7,89.2,77.5,50.5
CanadaCentral,5/17/1984,50.5,69.1,75.2,50.2
CanadaCentral,5/18/1984,45.2,67.4,64.8,44.9
CanadaCentral,5/19/1984,38.9,57.9,62.8,41.9
CanadaCentral,5/20/1984,41.5,63,62.7,40.7
CanadaCentral,5/21/1984,41.6,67.1,63.4,40.5
CanadaCentral,5/22/1984,38.2,60.1,66.3,38.8
CanadaCentral,5/23/1984,36.7,71.9,61.5,36.7
CanadaCentral,5/24/1984,35.2,52.4,58.1,35
CanadaCentral,5/25/1984,33,50,54.3,32.9
CanadaCentral,5/26/1984,30.3,60.6,58.1,32.8
CanadaCentral,5/27/1984,35.2,63.8,64.1,35.2
CanadaCentral,5/28/1984,40.2,68,70.1,41.1
CanadaCentral,5/29/1984,47.9,78.5,79.1,47.8
CanadaCentral,5/30/1984,55.2,90.9,85.2,51.2
CanadaCentral,5/31/1984,50.5,86.1,82.3,49.4
CanadaCentral,6/1/1984,42.7,69.7,76.8,46.4
CanadaCentral,6/2/1984,46.2,74.6,73.1,43.4
CanadaCentral,6/3/1984,41.3,75.1,71.9,45.3
CanadaCentral,6/4/1984,48.6,66.1,69.1,46.6
CanadaCentral,6/5/1984,49.9,66.2,64.7,50.7
CanadaCentral,6/6/1984,53.5,61.9,67.6,51.4
CanadaCentral,6/7/1984,50.6,74.8,66,52
CanadaCentral,6/8/1984,51.8,61.2,63.5,48.4
CanadaCentral,6/9/1984,42.7,54.6,60.5,44.3
CanadaCentral,6/10/1984,38.3,65.8,62.2,40.8
CanadaCentral,6/11/1984,41.5,66.1,65.3,43.2
CanadaCentral,6/12/1984,49.9,63.9,66.4,44.5
CanadaCentral,6/13/1984,42.2,69.2,66.6,47.7
CanadaCentral,6/14/1984,50.8,66.7,71.1,47.8
CanadaCentral,6/15/1984,50.2,77.5,76,52.6
CanadaCentral,6/16/1984,56.7,83.8,79.1,54.2
CanadaCentral,6/17/1984,55.5,75.8,78.1,53.8
CanadaCentral,6/18/1984,49,74.6,75.1,51.8
CanadaCentral,6/19/1984,50.8,75,75.9,50.3
CanadaCentral,6/20/1984,50.9,78,77.7,54.6
CanadaCentral,6/21/1984,61.9,79.9,78,55
CanadaCentral,6/22/1984,52.1,75.9,76,54.8
CanadaCentral,6/23/1984,50.2,72.3,75.8,50.4
CanadaCentral,6/24/1984,48.8,79.1,79.3,51.8
CanadaCentral,6/25/1984,56.5,86.5,79.5,53.2
CanadaCentral,6/26/1984,54.2,72.8,79,53.5
CanadaCentral,6/27/1984,49.8,77.8,76.9,52.9
CanadaCentral,6/28/1984,54.6,80,79.9,53.2
CanadaCentral,6/29/1984,55,82.1,79.6,54.4
CanadaCentral,6/30/1984,53.4,76.7,78.6,52.4
CanadaCentral,7/1/1984,48.8,76.9,78,52.2
CanadaCentral,7/2/1984,54.5,80.3,77.7,51.2
CanadaCentral,7/3/1984,50.2,75.8,76.9,50.6
CanadaCentral,7/4/1984,47,74.7,72.8,47.8
CanadaCentral,7/5/1984,46.1,67.9,71.6,44.4
CanadaCentral,7/6/1984,40.2,72.1,71.2,45.5
CanadaCentral,7/7/1984,50.3,73.7,76.5,48.1
CanadaCentral,7/8/1984,53.7,83.7,79.7,50.9
CanadaCentral,7/9/1984,48.7,81.8,82.6,52.3
CanadaCentral,7/10/1984,54.6,82.3,83.6,51.5
CanadaCentral,7/11/1984,51.3,86.8,87.5,54.2
CanadaCentral,7/12/1984,56.8,93.3,88.8,55.6
CanadaCentral,7/13/1984,58.7,86.2,85.5,55.6
CanadaCentral,7/14/1984,51.4,77.1,81.1,53.3
CanadaCentral,7/15/1984,50,80.1,77.3,51.6
CanadaCentral,7/16/1984,53.4,74.6,77.7,49.5
CanadaCentral,7/17/1984,45.3,78.4,80,49.7
CanadaCentral,7/18/1984,50.5,87,82.6,48.3
CanadaCentral,7/19/1984,49,82.5,86.1,52.4
CanadaCentral,7/20/1984,57.6,88.7,85.8,57.8
CanadaCentral,7/21/1984,66.6,86.3,83.9,60.1
CanadaCentral,7/22/1984,56.2,76.6,81.3,56.4
CanadaCentral,7/23/1984,46.4,80.9,80.1,52.2
CanadaCentral,7/24/1984,54,82.7,81.8,52.6
CanadaCentral,7/25/1984,57.4,81.8,83.2,54.1
CanadaCentral,7/26/1984,50.9,85.1,85.4,54.7
CanadaCentral,7/27/1984,55.8,89.3,88.7,54.9
CanadaCentral,7/28/1984,58.1,91.7,90.7,59.2
CanadaCentral,7/29/1984,63.7,91.2,89.4,62.8
CanadaCentral,7/30/1984,66.6,85.2,85.7,64.8
CanadaCentral,7/31/1984,64,80.6,82.8,63.2
CanadaCentral,8/1/1984,58.8,82.6,83.3,60.8
CanadaCentral,8/2/1984,59.6,86.6,85.1,60.1
CanadaCentral,8/3/1984,62,86.2,86.6,61.2
CanadaCentral,8/4/1984,62.1,87,88.6,62.8
CanadaCentral,8/5/1984,64.1,92.6,89.9,62.6
CanadaCentral,8/6/1984,61.6,90.2,89.7,62.4
CanadaCentral,8/7/1984,61.3,86.3,83,58.7
CanadaCentral,8/8/1984,53.2,72.5,78.1,55.3
CanadaCentral,8/9/1984,51.5,75.3,75.5,53
CanadaCentral,8/10/1984,54.4,78.5,81.7,54.7
CanadaCentral,8/11/1984,58.1,91.2,85.3,58.3
CanadaCentral,8/12/1984,62.5,86.3,91.4,61
CanadaCentral,8/13/1984,62.4,96.7,89,61.2
CanadaCentral,8/14/1984,58.5,84.1,77.1,62
CanadaCentral,8/15/1984,65.1,50.5,74.9,60.8
CanadaCentral,8/16/1984,58.8,90.3,74.8,59.3
CanadaCentral,8/17/1984,54.1,83.7,87.7,55.2
CanadaCentral,8/18/1984,52.8,89,87.8,55.6
CanadaCentral,8/19/1984,59.9,90.7,85.5,55.4
CanadaCentral,8/20/1984,53.4,76.8,78.9,53.7
CanadaCentral,8/21/1984,47.8,69.1,72.4,47.4
CanadaCentral,8/22/1984,40.9,71.4,75,45
CanadaCentral,8/23/1984,46.4,84.4,81.7,48.8
CanadaCentral,8/24/1984,59.1,89.2,89.9,54.3
CanadaCentral,8/25/1984,57.4,96.2,93.2,59.3
CanadaCentral,8/26/1984,61.5,94.1,95.5,58.9
CanadaCentral,8/27/1984,57.7,96.2,91.6,56.2
CanadaCentral,8/28/1984,49.4,84.6,84.3,49.9
CanadaCentral,8/29/1984,42.7,72.1,75.1,46.1
CanadaCentral,8/30/1984,46.1,68.7,68.2,42.9
CanadaCentral,8/31/1984,39.9,63.9,63,44.8
CanadaCentral,9/1/1984,48.4,56.5,61,44.7
CanadaCentral,9/2/1984,45.6,62.7,60.7,43.8
CanadaCentral,9/3/1984,37.4,63,64.5,38.9
CanadaCentral,9/4/1984,33.8,67.9,68.5,38.3
CanadaCentral,9/5/1984,43.7,74.6,74.7,42.9
CanadaCentral,9/6/1984,51.2,81.4,73.5,47.2
CanadaCentral,9/7/1984,46.7,64.4,67.6,48.1
CanadaCentral,9/8/1984,46.2,56.9,57.6,45.1
CanadaCentral,9/9/1984,42.3,51.6,53.2,42.5
CanadaCentral,9/10/1984,38.9,51.1,54.8,38.2
CanadaCentral,9/11/1984,33.4,61.7,57.2,40
CanadaCentral,9/12/1984,47.6,58.7,58.5,41.8
CanadaCentral,9/13/1984,44.3,55.1,57,43.8
CanadaCentral,9/14/1984,39.6,57.2,58.6,38.8
CanadaCentral,9/15/1984,32.7,63.6,65.1,37.3
CanadaCentral,9/16/1984,39.5,74.5,73.6,39
CanadaCentral,9/17/1984,44.8,82.6,78.2,44.8
CanadaCentral,9/18/1984,50,77.3,77.8,46.8
CanadaCentral,9/19/1984,45.6,73.4,71.1,43.7
CanadaCentral,9/20/1984,35.5,62.6,64.4,42.4
CanadaCentral,9/21/1984,46,57.1,57.1,37.6
CanadaCentral,9/22/1984,31.5,51.6,48.8,35.6
CanadaCentral,9/23/1984,29.3,37.8,41.6,29.4
CanadaCentral,9/24/1984,27.4,35.4,38.5,27.5
CanadaCentral,9/25/1984,25.8,42.3,41.7,26.9
CanadaCentral,9/26/1984,27.6,47.3,43.8,26.2
CanadaCentral,9/27/1984,25.3,41.9,47.6,26.7
CanadaCentral,9/28/1984,27,53.6,50.9,26
CanadaCentral,9/29/1984,25.8,57.2,56,26.4
CanadaCentral,9/30/1984,26.5,57.1,61.3,27.4
CanadaCentral,10/1/1984,29.9,69.6,64.9,31.7
CanadaCentral,10/2/1984,38.6,68,69.7,33.8
CanadaCentral,10/3/1984,33,71.5,67.2,37.2
CanadaCentral,10/4/1984,39.8,62.1,69.5,37.5
CanadaCentral,10/5/1984,39.7,74.9,65.4,42.8
CanadaCentral,10/6/1984,48.9,59.1,63.8,43.7
CanadaCentral,10/7/1984,42.6,57.6,61,44.6
CanadaCentral,10/8/1984,42.3,66.3,64.3,43.5
CanadaCentral,10/9/1984,45.6,68.9,66,45.1
CanadaCentral,10/10/1984,47.3,62.8,67.3,49
CanadaCentral,10/11/1984,54,70.3,67.4,51.6
CanadaCentral,10/12/1984,53.6,69.1,68.7,50.6
CanadaCentral,10/13/1984,44.3,66.7,63.8,46.2
CanadaCentral,10/14/1984,40.8,55.5,56.9,41
CanadaCentral,10/15/1984,37.9,48.3,48.2,35.6
CanadaCentral,10/16/1984,27.9,40.6,41.8,30.9
CanadaCentral,10/17/1984,26.8,36.5,39.4,26.8
CanadaCentral,10/18/1984,25.6,41,38,27.3
CanadaCentral,10/19/1984,29.4,36.6,37.7,28.6
CanadaCentral,10/20/1984,30.7,35.4,35,29
CanadaCentral,10/21/1984,26.8,32.9,35.4,28.1
CanadaCentral,10/22/1984,26.6,37.9,36.8,26.6
CanadaCentral,10/23/1984,26.5,39.6,37.1,25
CanadaCentral,10/24/1984,21.9,33.8,37.5,23.1
CanadaCentral,10/25/1984,20.9,39.1,40.2,25.3
CanadaCentral,10/26/1984,33,47.6,40.5,22.3
CanadaCentral,10/27/1984,13.1,34.8,35.6,16.1
CanadaCentral,10/28/1984,2.2,24.3,27.4,7.5
CanadaCentral,10/29/1984,7.2,23.2,22,2.8
CanadaCentral,10/30/1984,-1.1,18.5,23.1,2.8
CanadaCentral,10/31/1984,2.2,27.6,18.1,-0.6
CanadaCentral,11/1/1984,-2.9,8.2,20.2,-1.9
CanadaCentral,11/2/1984,-5.1,24.7,23.2,4.1
CanadaCentral,11/3/1984,20.2,36.5,28.6,10.3
CanadaCentral,11/4/1984,16,24.6,30.4,16.7
CanadaCentral,11/5/1984,14,29.9,30.5,13.6
CanadaCentral,11/6/1984,10.8,37,36,17
CanadaCentral,11/7/1984,26.2,41,36.2,19.1
CanadaCentral,11/8/1984,20.4,30.6,32.4,19.3
CanadaCentral,11/9/1984,11.4,25.5,27.1,13.3
CanadaCentral,11/10/1984,8.2,25.3,28.5,11.4
CanadaCentral,11/11/1984,14.6,34.8,31.9,13.7
CanadaCentral,11/12/1984,18.2,35.8,38.3,18.6
CanadaCentral,11/13/1984,23,44.2,38.6,20.7
CanadaCentral,11/14/1984,21,35.8,35.1,16.2
CanadaCentral,11/15/1984,4.8,25.4,28.7,11.1
CanadaCentral,11/16/1984,7.6,24.8,22.2,5.1
CanadaCentral,11/17/1984,2.9,16.6,19.8,6.4
CanadaCentral,11/18/1984,8.8,18.2,19.2,5.2
CanadaCentral,11/19/1984,3.9,22.9,24.6,9.6
CanadaCentral,11/20/1984,16.2,32.7,29.4,14.7
CanadaCentral,11/21/1984,24.1,32.5,34.6,21.3
CanadaCentral,11/22/1984,23.7,38.7,38.3,25.1
CanadaCentral,11/23/1984,27.5,43.7,43.2,25.9
CanadaCentral,11/24/1984,26.5,47.2,42.3,28.1
CanadaCentral,11/25/1984,30.4,35.9,38.7,26.1
CanadaCentral,11/26/1984,21.5,32.9,30.5,23
CanadaCentral,11/27/1984,17.1,22.7,25.5,17.9
CanadaCentral,11/28/1984,15.1,20.9,22,14.7
CanadaCentral,11/29/1984,12.1,22.3,19.4,11.1
CanadaCentral,11/30/1984,6.2,15.1,15.6,6.1
CanadaCentral,12/1/1984,-0.1,9.3,9.7,-0.7
CanadaCentral,12/2/1984,-8.1,4.8,8.5,-4.7
CanadaCentral,12/3/1984,-5.9,11.4,10.9,-6.7
CanadaCentral,12/4/1984,-6.2,16.6,12.9,-9.3
CanadaCentral,12/5/1984,-15.7,10.6,18.4,-11.2
CanadaCentral,12/6/1984,-11.6,28,25.8,-0.7
CanadaCentral,12/7/1984,25.2,38.7,34.2,13
CanadaCentral,12/8/1984,25.5,35.9,36.1,23.7
CanadaCentral,12/9/1984,20.5,33.6,35.2,22.4
CanadaCentral,12/10/1984,21.2,36.1,32.8,11.2
CanadaCentral,12/11/1984,-8.2,28.8,21.5,-0.5
CanadaCentral,12/12/1984,-14.4,-0.3,13.8,-10
CanadaCentral,12/13/1984,-7.4,12.9,12.8,-7.1
CanadaCentral,12/14/1984,0.5,25.8,23,1.6
CanadaCentral,12/15/1984,11.8,30.2,23.2,1.5
CanadaCentral,12/16/1984,-7.7,13.5,12.4,-5.6
CanadaCentral,12/17/1984,-20.9,-6.4,1.4,-17.2
CanadaCentral,12/18/1984,-22.9,-2.8,3.6,-16.4
CanadaCentral,12/19/1984,-5.3,19.8,12.3,-8.5
CanadaCentral,12/20/1984,2.6,19.8,19.6,-5.5
CanadaCentral,12/21/1984,-13.9,19.2,10.9,-10
CanadaCentral,12/22/1984,-18.6,-6.4,0.2,-18.3
CanadaCentral,12/23/1984,-22.5,-12.1,-7.8,-20.2
CanadaCentral,12/24/1984,-19.6,-4.8,-8.1,-20.7
CanadaCentral,12/25/1984,-20.1,-7.5,-3.7,-18.3
CanadaCentral,12/26/1984,-15.1,1.1,0.5,-14.4
CanadaCentral,12/27/1984,-8.2,7.7,1.1,-14
CanadaCentral,12/28/1984,-18.7,-5.5,-4.4,-18.5
CanadaCentral,12/29/1984,-28.6,-15.5,-11.9,-26
CanadaCentral,12/30/1984,-30.7,-14.5,-12.6,-29.7
CanadaCentral,12/31/1984,-29.8,-7.9,-9.9,-29.6
CanadaCentral,1/1/1985,-28.2,-7.2,1.2,-23.7
CanadaCentral,1/2/1985,-13.1,18.8,16,-8
CanadaCentral,1/3/1985,17.2,36.5,28.2,5.5
CanadaCentral,1/4/1985,12.2,29.3,30.6,13.5
CanadaCentral,1/5/1985,11,25.9,27.5,13.1
CanadaCentral,1/6/1985,16.2,27.5,25.7,4
CanadaCentral,1/7/1985,-15.3,23.8,15.4,-6.4
CanadaCentral,1/8/1985,-20.2,-4.9,4.1,-18.6
CanadaCentral,1/9/1985,-20.2,-6.5,-6.1,-19.1
CanadaCentral,1/10/1985,-17,-6.8,-2.2,-16.2
CanadaCentral,1/11/1985,-11.6,6.8,8.9,-7.9
CanadaCentral,1/12/1985,4.7,26.6,22.3,-2.2
CanadaCentral,1/13/1985,0.3,33.4,22.2,-1.6
CanadaCentral,1/14/1985,-9.9,6.7,18.5,-2.9
CanadaCentral,1/15/1985,1,15.4,14.2,-1.4
CanadaCentral,1/16/1985,4.9,20.3,17.7,-0.6
CanadaCentral,1/17/1985,-7.5,17.3,10.1,-11.2
CanadaCentral,1/18/1985,-31,-7.3,-2.3,-25
CanadaCentral,1/19/1985,-36.5,-17,-6.3,-28.5
CanadaCentral,1/20/1985,-17.8,5.2,1.7,-16.4
CanadaCentral,1/21/1985,5.1,16.9,13,-1.4
CanadaCentral,1/22/1985,8.4,16.9,20,8.3
CanadaCentral,1/23/1985,11.3,26.3,21.6,2.9
CanadaCentral,1/24/1985,-11.1,21.8,17.9,-5.7
CanadaCentral,1/25/1985,-17.3,5.7,14.2,-11.6
CanadaCentral,1/26/1985,-6.6,15.1,10.3,-9.4
CanadaCentral,1/27/1985,-4.2,10,13.8,-5.3
CanadaCentral,1/28/1985,-5.1,16.4,12.8,-11.9
CanadaCentral,1/29/1985,-26.2,12,2.4,-20.1
CanadaCentral,1/30/1985,-28.9,-21.4,-9.2,-26.7
CanadaCentral,1/31/1985,-24.8,-18.2,-18.4,-28.2
CanadaCentral,2/1/1985,-31,-15.7,-16.5,-27.4
CanadaCentral,2/2/1985,-26.5,-15.6,-16.1,-29.1
CanadaCentral,2/3/1985,-29.9,-17.1,-12.7,-25.5
CanadaCentral,2/4/1985,-20.1,-5.5,-8.2,-21.7
CanadaCentral,2/5/1985,-15,-2,-4.8,-18.9
CanadaCentral,2/6/1985,-21.6,-6.9,-3.7,-19.7
CanadaCentral,2/7/1985,-22.6,-2.3,-0.9,-19.6
CanadaCentral,2/8/1985,-14.5,6.6,5.2,-17.7
CanadaCentral,2/9/1985,-16.1,11.4,4.8,-17.8
CanadaCentral,2/10/1985,-22.7,-3.6,3.3,-18.1
CanadaCentral,2/11/1985,-15.5,2.2,5.6,-17.9
CanadaCentral,2/12/1985,-15.7,18.2,11.7,-12.7
CanadaCentral,2/13/1985,-6.9,14.8,13.8,-9.1
CanadaCentral,2/14/1985,-4.8,8.5,17.2,-5.7
CanadaCentral,2/15/1985,-5.4,28.4,21.5,-0.4
CanadaCentral,2/16/1985,9.1,27.7,26.7,2.5
CanadaCentral,2/17/1985,3.9,23.9,23.5,4.6
CanadaCentral,2/18/1985,0.7,18.9,25.2,4.6
CanadaCentral,2/19/1985,9,32.9,28,9.3
CanadaCentral,2/20/1985,18.1,32.2,31.4,15.2
CanadaCentral,2/21/1985,18.5,29.1,31.2,19.7
CanadaCentral,2/22/1985,22.5,32.4,30.1,19.3
CanadaCentral,2/23/1985,17,28.8,32.1,20.1
CanadaCentral,2/24/1985,20.8,35.1,30,13.3
CanadaCentral,2/25/1985,2.1,26,25.2,5.8
CanadaCentral,2/26/1985,-5.5,14.5,25,0.1
CanadaCentral,2/27/1985,3.8,34.4,30.3,9.5
CanadaCentral,2/28/1985,30.2,42,36,16.3
CanadaCentral,3/1/1985,14.8,31.7,31.4,17.1
CanadaCentral,3/2/1985,6.2,20.6,22.6,8
CanadaCentral,3/3/1985,2.9,15.4,18.3,3.8
CanadaCentral,3/4/1985,2.2,18.7,19.5,-1.3
CanadaCentral,3/5/1985,-8.9,24.2,23.1,0.2
CanadaCentral,3/6/1985,7.2,26.3,28.3,0
CanadaCentral,3/7/1985,1.5,34.2,31.8,7.4
CanadaCentral,3/8/1985,13.4,35,36.5,11.6
CanadaCentral,3/9/1985,19.8,40.2,37.6,18.5
CanadaCentral,3/10/1985,22.4,37.6,36.8,20.1
CanadaCentral,3/11/1985,18.2,32.6,35.8,19.9
CanadaCentral,3/12/1985,19.1,37.1,35.9,19.1
CanadaCentral,3/13/1985,19.8,38,37.2,20.3
CanadaCentral,3/14/1985,21.8,36.5,38.1,22.3
CanadaCentral,3/15/1985,25.2,39.9,40.2,23.3
CanadaCentral,3/16/1985,22.8,44.2,43.7,24.1
CanadaCentral,3/17/1985,24.3,47,45.6,25.8
CanadaCentral,3/18/1985,30.4,45.6,44,26.1
CanadaCentral,3/19/1985,23.5,39.4,43.3,25.8
CanadaCentral,3/20/1985,23.4,44.9,43.7,25.5
CanadaCentral,3/21/1985,29.6,46.7,43.3,27.5
CanadaCentral,3/22/1985,29.5,38.2,40.5,29.5
CanadaCentral,3/23/1985,29.5,36.6,38.9,29.1
CanadaCentral,3/24/1985,28.4,41.8,40.8,29.6
CanadaCentral,3/25/1985,30.8,44.1,41,29.6
CanadaCentral,3/26/1985,29.6,37,40.5,28
CanadaCentral,3/27/1985,23.5,40.2,35.6,23.9
CanadaCentral,3/28/1985,18.7,29.7,34,18.8
CanadaCentral,3/29/1985,14,32.1,32.2,16.8
CanadaCentral,3/30/1985,17.7,34.9,36,17.4
CanadaCentral,3/31/1985,20.4,40.9,42.9,21.5
CanadaCentral,4/1/1985,26.4,52.9,48.1,27.5
CanadaCentral,4/2/1985,35.5,50.3,47.9,29.8
CanadaCentral,4/3/1985,27.3,40.6,43.3,29.2
CanadaCentral,4/4/1985,24.6,39.1,39.9,25.2
CanadaCentral,4/5/1985,23.6,40.1,39.8,24.6
CanadaCentral,4/6/1985,25.5,40.2,38.3,23.5
CanadaCentral,4/7/1985,21.2,34.7,38,20.9
CanadaCentral,4/8/1985,15.9,39.1,45,21
CanadaCentral,4/9/1985,25.7,61.1,51.6,24.4
CanadaCentral,4/10/1985,31.4,54.5,59.3,29.1
CanadaCentral,4/11/1985,30.3,62.4,57,32.2
CanadaCentral,4/12/1985,35,53.9,60.1,31.7
CanadaCentral,4/13/1985,30,64.1,64.2,34.6
CanadaCentral,4/14/1985,39,74.7,66,33
CanadaCentral,4/15/1985,30,59,59.2,31.2
CanadaCentral,4/16/1985,24.7,43.8,57.8,29.4
CanadaCentral,4/17/1985,33.3,70.6,61.2,31.3
CanadaCentral,4/18/1985,35.9,69,71.1,36
CanadaCentral,4/19/1985,38.7,73.6,66.9,38
CanadaCentral,4/20/1985,39.4,57.9,62.6,36.7
CanadaCentral,4/21/1985,32.1,56.2,58.5,33.8
CanadaCentral,4/22/1985,29.8,61.3,59.9,32.1
CanadaCentral,4/23/1985,34.3,62.2,60.6,33
CanadaCentral,4/24/1985,34.8,58.2,55,33.4
CanadaCentral,4/25/1985,31.1,44.7,50.6,30.2
CanadaCentral,4/26/1985,24.8,48.8,56.2,29.7
CanadaCentral,4/27/1985,33.1,75.1,69.7,33.4
CanadaCentral,4/28/1985,42.4,85.2,78.4,39.6
CanadaCentral,4/29/1985,43.2,74.8,74.7,39.8
CanadaCentral,4/30/1985,34,64.3,69.9,39.7
CanadaCentral,5/1/1985,41.8,70.7,69.1,39
CanadaCentral,5/2/1985,41.3,72.2,74.7,44.4
CanadaCentral,5/3/1985,50.1,81.2,76.8,44.9
CanadaCentral,5/4/1985,43.2,77.1,74.5,43.7
CanadaCentral,5/5/1985,37.7,65.1,66.5,40.5
CanadaCentral,5/6/1985,40.7,57.2,64.6,36.9
CanadaCentral,5/7/1985,32.3,71.5,71.1,40.2
CanadaCentral,5/8/1985,47.5,84.7,77.6,43.3
CanadaCentral,5/9/1985,50.1,76.6,75.5,49
CanadaCentral,5/10/1985,49.4,65.1,67.4,49.2
CanadaCentral,5/11/1985,48,60.6,59.5,45.8
CanadaCentral,5/12/1985,40,52.8,54.9,40.6
CanadaCentral,5/13/1985,33.9,51.4,53.5,35.7
CanadaCentral,5/14/1985,33.3,56.4,56.3,35.3
CanadaCentral,5/15/1985,38.8,61.1,62.4,37.3
CanadaCentral,5/16/1985,39.9,69.7,69.3,40.5
CanadaCentral,5/17/1985,42.9,77.1,75.9,41.9
CanadaCentral,5/18/1985,43.1,81,73.6,41.6
CanadaCentral,5/19/1985,38.7,62.8,69.2,38.6
CanadaCentral,5/20/1985,33.9,63.9,67.7,37.8
CanadaCentral,5/21/1985,40.9,76.5,72.4,41.6
CanadaCentral,5/22/1985,50,76.9,79,45.6
CanadaCentral,5/23/1985,46,83.6,77.3,48.7
CanadaCentral,5/24/1985,50,71.2,70.8,46.9
CanadaCentral,5/25/1985,44.7,57.4,63.4,45.6
CanadaCentral,5/26/1985,42.2,61.5,61.3,41.7
CanadaCentral,5/27/1985,38.1,65,64.1,42.5
CanadaCentral,5/28/1985,47,65.9,67,45
CanadaCentral,5/29/1985,50,70,65.6,48.5
CanadaCentral,5/30/1985,48.6,60.8,65.8,46.1
CanadaCentral,5/31/1985,39.8,66.7,60.2,40.7
CanadaCentral,6/1/1985,33.7,53.2,59.7,36.7
CanadaCentral,6/2/1985,36.6,59.3,57.4,36.2
CanadaCentral,6/3/1985,38.3,59.6,58.7,36.1
CanadaCentral,6/4/1985,33.5,57.1,62.6,35.7
CanadaCentral,6/5/1985,35.3,71.1,68,40.7
CanadaCentral,6/6/1985,53.3,75.7,76.1,46.4
CanadaCentral,6/7/1985,50.5,81.5,76.1,53.1
CanadaCentral,6/8/1985,55.5,71.3,72.9,50.7
CanadaCentral,6/9/1985,46,65.9,67,46.8
CanadaCentral,6/10/1985,38.8,63.8,63.6,43
CanadaCentral,6/11/1985,44.1,61.1,64.1,40.8
CanadaCentral,6/12/1985,39.4,67.4,67.1,44.8
CanadaCentral,6/13/1985,51,72.8,69.6,47.9
CanadaCentral,6/14/1985,53.2,68.4,72.4,51.6
CanadaCentral,6/15/1985,50.6,75.9,69.5,50.5
CanadaCentral,6/16/1985,47.6,64.3,66.5,48.1
CanadaCentral,6/17/1985,46.1,59.3,63.3,47.3
CanadaCentral,6/18/1985,48.1,66.3,66.5,45.9
CanadaCentral,6/19/1985,43.5,73.8,73.1,47.8
CanadaCentral,6/20/1985,51.8,79.1,71.8,47.5
CanadaCentral,6/21/1985,47.1,62.7,67.9,46
CanadaCentral,6/22/1985,39.1,62,64.7,41.3
CanadaCentral,6/23/1985,37.7,69.3,64.7,41.7
CanadaCentral,6/24/1985,48.2,62.7,65.3,44.5
CanadaCentral,6/25/1985,47.8,64.1,63,47
CanadaCentral,6/26/1985,45,62.2,60.4,46.1
CanadaCentral,6/27/1985,45.6,54.8,57.6,45.4
CanadaCentral,6/28/1985,45.6,55.8,56.8,46.3
CanadaCentral,6/29/1985,47.8,59.8,63.1,47.4
CanadaCentral,6/30/1985,48.8,73.6,69,49.4
CanadaCentral,7/1/1985,51.7,73.6,76.5,50.2
CanadaCentral,7/2/1985,50.2,82.1,80.1,53.9
CanadaCentral,7/3/1985,59.8,84.4,81.7,54.3
CanadaCentral,7/4/1985,52.7,78.7,83.5,55.7
CanadaCentral,7/5/1985,54.7,87.4,85.1,56.7
CanadaCentral,7/6/1985,62.7,89.2,87.9,57.7
CanadaCentral,7/7/1985,55.6,86.9,86.8,57.2
CanadaCentral,7/8/1985,53.1,84.2,82.7,54.1
CanadaCentral,7/9/1985,53.6,76.8,77.9,53.3
CanadaCentral,7/10/1985,53.1,72.6,76.7,51.3
CanadaCentral,7/11/1985,47.1,80.6,80.1,51.5
CanadaCentral,7/12/1985,54.1,87.1,82,52.3
CanadaCentral,7/13/1985,55.7,78.4,79.1,53.7
CanadaCentral,7/14/1985,51.3,71.7,76.6,51.7
CanadaCentral,7/15/1985,48.2,79.7,78.4,51.1
CanadaCentral,7/16/1985,53.9,83.7,79.3,51.4
CanadaCentral,7/17/1985,52,74.6,76.6,52.6
CanadaCentral,7/18/1985,51.8,71.5,75.1,50.3
CanadaCentral,7/19/1985,47.1,79.1,73.7,48.6
CanadaCentral,7/20/1985,47,70.6,74.8,46.9
CanadaCentral,7/21/1985,46.7,74.7,78.5,48.6
CanadaCentral,7/22/1985,52.2,90.2,81.2,52.4
CanadaCentral,7/23/1985,58.2,78.7,79.1,52.6
CanadaCentral,7/24/1985,47.6,68.5,73.9,51.5
CanadaCentral,7/25/1985,48.6,74.6,74.5,48.1
CanadaCentral,7/26/1985,47.9,80.4,78,49.7
CanadaCentral,7/27/1985,52.6,78.9,75.9,48.5
CanadaCentral,7/28/1985,45,68.3,73.7,46.6
CanadaCentral,7/29/1985,42.1,74,73.6,45.7
CanadaCentral,7/30/1985,49.9,78.4,76.8,46.7
CanadaCentral,7/31/1985,48.2,78,78.4,49.7
CanadaCentral,8/1/1985,50.9,78.7,78.7,52
CanadaCentral,8/2/1985,56.8,79.4,77.5,56.1
CanadaCentral,8/3/1985,60.5,74.5,75.7,58.8
CanadaCentral,8/4/1985,59.3,73.3,76,59.8
CanadaCentral,8/5/1985,59.7,80.1,77.2,57.3
CanadaCentral,8/6/1985,53,78.2,78.1,54.1
CanadaCentral,8/7/1985,49.6,76.1,78.7,52.1
CanadaCentral,8/8/1985,53.7,81.7,73.9,50.5
CanadaCentral,8/9/1985,48.3,63.8,70.1,47.7
CanadaCentral,8/10/1985,41,64.7,63.3,45.4
CanadaCentral,8/11/1985,46.8,61.3,61.8,46.7
CanadaCentral,8/12/1985,52.2,59.3,59.3,49.3
CanadaCentral,8/13/1985,48.9,57.3,61,49.2
CanadaCentral,8/14/1985,46.5,66.5,64.1,46.5
CanadaCentral,8/15/1985,44.2,68.5,64.3,46
CanadaCentral,8/16/1985,47.3,58,61.8,45.5
CanadaCentral,8/17/1985,45,58.9,59.2,44.5
CanadaCentral,8/18/1985,41.1,60.7,61.8,42.2
CanadaCentral,8/19/1985,40.5,65.7,65,41.7
CanadaCentral,8/20/1985,43.6,68.8,68.4,44.7
CanadaCentral,8/21/1985,49.9,70.8,70.2,49.1
CanadaCentral,8/22/1985,53.8,71.1,69.1,51.7
CanadaCentral,8/23/1985,51.3,65.3,70.3,52.5
CanadaCentral,8/24/1985,52.5,74.4,72.5,52.4
CanadaCentral,8/25/1985,53.3,77.9,75.2,51.7
CanadaCentral,8/26/1985,49.3,73.4,73.4,48.7
CanadaCentral,8/27/1985,43.7,68.9,66.9,46.5
CanadaCentral,8/28/1985,46.5,58.3,64.1,44.6
CanadaCentral,8/29/1985,43.6,65,66.6,45.6
CanadaCentral,8/30/1985,46.8,76.6,71.6,47.3
CanadaCentral,8/31/1985,51.6,73.2,73.6,47.7
CanadaCentral,9/1/1985,44.6,71.1,68.8,49.8
CanadaCentral,9/2/1985,53.1,62,68.8,48.6
CanadaCentral,9/3/1985,48,73.3,66.5,49.2
CanadaCentral,9/4/1985,46.4,64,70,46.9
CanadaCentral,9/5/1985,46.3,72.7,64.8,46
CanadaCentral,9/6/1985,45.2,57.8,60.5,44.2
CanadaCentral,9/7/1985,41.2,51.1,54.9,40.3
CanadaCentral,9/8/1985,34.7,55.9,54.6,38.6
CanadaCentral,9/9/1985,40,57,57.5,37.5
CanadaCentral,9/10/1985,37.9,59.8,60.2,39.3
CanadaCentral,9/11/1985,40,63.8,62.8,42.1
CanadaCentral,9/12/1985,48.4,64.7,63.7,45.7
CanadaCentral,9/13/1985,48.6,62.7,63,48.5
CanadaCentral,9/14/1985,48.4,61.7,63.4,49.9
CanadaCentral,9/15/1985,52.8,65.7,66.1,49.6
CanadaCentral,9/16/1985,47.6,70.9,68.3,47.7
CanadaCentral,9/17/1985,42.7,68.2,64.6,43.4
CanadaCentral,9/18/1985,39.9,54.7,55.5,38.9
CanadaCentral,9/19/1985,34.1,43.7,48.5,35.6
CanadaCentral,9/20/1985,32.8,47,50.1,34.4
CanadaCentral,9/21/1985,36.4,59.5,53,35.4
CanadaCentral,9/22/1985,37,52.4,51.8,34.5
CanadaCentral,9/23/1985,30.2,43.3,46.3,30.6
CanadaCentral,9/24/1985,24.4,43.1,45,26.8
CanadaCentral,9/25/1985,25.8,48.7,51.1,25.1
CanadaCentral,9/26/1985,25.1,61.5,50.6,27.6
CanadaCentral,9/27/1985,31.8,41.7,48.6,29.4
CanadaCentral,9/28/1985,31.2,42.6,42.1,30.7
CanadaCentral,9/29/1985,29,42.1,43.6,28.8
CanadaCentral,9/30/1985,26.4,46,47.5,27.2
CanadaCentral,10/1/1985,26.1,54.5,52.1,29
CanadaCentral,10/2/1985,34.4,55.9,55.4,31.2
CanadaCentral,10/3/1985,33.3,55.7,52,34
CanadaCentral,10/4/1985,34.5,44.3,50,33
CanadaCentral,10/5/1985,31.2,50.1,45.4,32.4
CanadaCentral,10/6/1985,31.4,41.6,41.8,30.1
CanadaCentral,10/7/1985,27.7,33.7,34.6,25.9
CanadaCentral,10/8/1985,18.7,28.4,29.7,19.5
CanadaCentral,10/9/1985,12.2,27,30.2,15.8
CanadaCentral,10/10/1985,16.4,35.2,36,17.3
CanadaCentral,10/11/1985,23.2,45.9,45.1,24.8
CanadaCentral,10/12/1985,34.9,54.2,51.3,29.8
CanadaCentral,10/13/1985,31.3,53.8,50.6,31.3
CanadaCentral,10/14/1985,27.6,43.6,45.6,26.3
CanadaCentral,10/15/1985,19.9,39.3,41.4,22.7
CanadaCentral,10/16/1985,20.6,41.3,43.8,23.8
CanadaCentral,10/17/1985,30.8,50.8,50.7,28.2
CanadaCentral,10/18/1985,33.3,59.9,58.4,32.8
CanadaCentral,10/19/1985,34.3,64.5,64.2,34.7
CanadaCentral,10/20/1985,36.4,68.2,66.3,35.5
CanadaCentral,10/21/1985,35.6,66.3,65.8,38.1
CanadaCentral,10/22/1985,42.2,63,61.8,38
CanadaCentral,10/23/1985,36.3,56.1,57.9,36.2
CanadaCentral,10/24/1985,30.1,54.5,57.4,32.6
CanadaCentral,10/25/1985,31.5,61.6,54.7,31.3
CanadaCentral,10/26/1985,32.4,48,55.1,31.7
CanadaCentral,10/27/1985,31.3,55.7,56.4,32.6
CanadaCentral,10/28/1985,34.1,65.3,56,30
CanadaCentral,10/29/1985,24.5,47,55.2,28.2
CanadaCentral,10/30/1985,26.1,53.2,49.9,27.3
CanadaCentral,10/31/1985,31.2,49.6,49.3,27.5
CanadaCentral,11/1/1985,25.3,45,46,27.7
CanadaCentral,11/2/1985,26.5,43.3,43.2,27.4
CanadaCentral,11/3/1985,30.3,41.4,44.9,29.2
CanadaCentral,11/4/1985,30.9,50,45.9,30.3
CanadaCentral,11/5/1985,29.8,46.4,43.9,25.6
CanadaCentral,11/6/1985,15.9,35.2,36.1,18.1
CanadaCentral,11/7/1985,8.5,26.6,27.1,10.4
CanadaCentral,11/8/1985,6.8,19.6,21,6.6
CanadaCentral,11/9/1985,4.5,16.7,18,4.3
CanadaCentral,11/10/1985,1.4,17.8,18.1,3.2
CanadaCentral,11/11/1985,3.6,19.9,18.7,1.5
CanadaCentral,11/12/1985,-0.4,18.3,20.4,0.7
CanadaCentral,11/13/1985,-1,23,22.3,1.8
CanadaCentral,11/14/1985,6.9,25.5,27.5,7.7
CanadaCentral,11/15/1985,17.2,34,32.4,14.2
CanadaCentral,11/16/1985,18.4,37.7,33.7,12.6
CanadaCentral,11/17/1985,2.3,29.5,24.9,5.9
CanadaCentral,11/18/1985,-3,7.5,14.7,0.6
CanadaCentral,11/19/1985,2.4,7.1,7.9,-1.4
CanadaCentral,11/20/1985,-3.6,9.2,8.5,-3.6
CanadaCentral,11/21/1985,-9.6,9.3,8.8,-7
CanadaCentral,11/22/1985,-7.8,8,5.3,-12.7
CanadaCentral,11/23/1985,-20.8,-1.3,0.9,-16.8
CanadaCentral,11/24/1985,-21.8,-3.9,-2.7,-20.1
CanadaCentral,11/25/1985,-17.6,-2.8,-3.3,-21.8
CanadaCentral,11/26/1985,-26,-3.1,-6.3,-24.1
CanadaCentral,11/27/1985,-28.9,-13.1,-7.3,-26.3
CanadaCentral,11/28/1985,-24.2,-5.6,-8.7,-26.8
CanadaCentral,11/29/1985,-27.2,-7.5,-7.1,-25.3
CanadaCentral,11/30/1985,-24.4,-8.1,-8.1,-23.4
CanadaCentral,12/1/1985,-18.6,-8.6,-7,-21.7
CanadaCentral,12/2/1985,-22,-4.3,-0.5,-19.8
CanadaCentral,12/3/1985,-18.7,11.5,6.7,-14.2
CanadaCentral,12/4/1985,-2,12.9,12.3,-8.4
CanadaCentral,12/5/1985,-4.4,12.7,18,-0.7
CanadaCentral,12/6/1985,4.2,28.3,20.6,2.7
CanadaCentral,12/7/1985,8.2,20.8,24.7,8.2
CanadaCentral,12/8/1985,12.3,24.8,22.5,8.8
CanadaCentral,12/9/1985,6,21.9,18.9,2.6
CanadaCentral,12/10/1985,-10.5,9.8,14.7,-5.4
CanadaCentral,12/11/1985,-11.6,12.5,9.2,-11.8
CanadaCentral,12/12/1985,-13.3,5.2,5.4,-13.3
CanadaCentral,12/13/1985,-14.9,-1.5,5.5,-11.6
CanadaCentral,12/14/1985,-6.6,12.7,6.2,-11.3
CanadaCentral,12/15/1985,-12.5,7.5,5.6,-11.7
CanadaCentral,12/16/1985,-16.1,-3.3,0.2,-14.8
CanadaCentral,12/17/1985,-15.8,-3.4,1.5,-15.9
CanadaCentral,12/18/1985,-15.8,11.3,5.8,-14.7
CanadaCentral,12/19/1985,-12.5,9.5,10.3,-13.7
CanadaCentral,12/20/1985,-12.9,10,19.8,-5.7
CanadaCentral,12/21/1985,8.4,39.8,28.7,7.9
CanadaCentral,12/22/1985,28.2,36.4,37.2,8.5
CanadaCentral,12/23/1985,-11.2,35.4,23.1,1.3
CanadaCentral,12/24/1985,-13.3,-2.6,22,-13.5
CanadaCentral,12/25/1985,-16.1,33.1,21.9,-12.3
CanadaCentral,12/26/1985,-7.4,35.2,26.8,-9.6
CanadaCentral,12/27/1985,-5.3,12.2,20.3,-2.7
CanadaCentral,12/28/1985,4.6,13.4,14.2,-0.2
CanadaCentral,12/29/1985,0.1,17,17.1,2.9
CanadaCentral,12/30/1985,4,21,15.7,-2.2
CanadaCentral,12/31/1985,-10.9,9.1,15.3,-3
CanadaCentral,1/1/1986,-2.1,15.7,10.7,-4.9
CanadaCentral,1/2/1986,-1.8,7.4,11.5,-3.9
CanadaCentral,1/3/1986,-7.7,11.3,11.2,-2.5
CanadaCentral,1/4/1986,2,15,12,-7.5
CanadaCentral,1/5/1986,-16.9,9.7,5.2,-13.4
CanadaCentral,1/6/1986,-25.3,-9,4.3,-20.7
CanadaCentral,1/7/1986,-19.8,12.1,15.1,-11.7
CanadaCentral,1/8/1986,10,42.2,31.4,4.8
CanadaCentral,1/9/1986,24.2,40,38.5,16.8
CanadaCentral,1/10/1986,16.2,33.2,38.7,21.3
CanadaCentral,1/11/1986,23.4,42.8,36.1,17.4
CanadaCentral,1/12/1986,12.6,32.4,35.9,17.2
CanadaCentral,1/13/1986,15.7,32.7,32.8,13.6
CanadaCentral,1/14/1986,12.6,33.5,32.9,15
CanadaCentral,1/15/1986,16.6,32.4,33.5,16.1
CanadaCentral,1/16/1986,19.1,34.7,33.4,17.7
CanadaCentral,1/17/1986,17.3,33.2,31.4,18.8
CanadaCentral,1/18/1986,19.9,26.5,30.5,20
CanadaCentral,1/19/1986,22.7,31.9,28.8,19.2
CanadaCentral,1/20/1986,15.1,28,27.4,14
CanadaCentral,1/21/1986,4.2,22.2,20.5,6.9
CanadaCentral,1/22/1986,1.4,11.4,15.7,3.9
CanadaCentral,1/23/1986,6.1,13.4,14.5,5.9
CanadaCentral,1/24/1986,10.3,18.8,17.4,3.5
CanadaCentral,1/25/1986,-6,20,13.1,-3.8
CanadaCentral,1/26/1986,-15.7,0.5,12,-8.7
CanadaCentral,1/27/1986,-4.5,15.6,10.1,-6.7
CanadaCentral,1/28/1986,0.2,14.2,14.8,-3.5
CanadaCentral,1/29/1986,-6.3,14.5,13.5,-4
CanadaCentral,1/30/1986,-5.8,11.7,15.5,-2.6
CanadaCentral,1/31/1986,4.4,20.2,19.4,5.3
CanadaCentral,2/1/1986,17.2,26.2,24.7,12
CanadaCentral,2/2/1986,14.4,27.7,27.3,17.2
CanadaCentral,2/3/1986,20.1,28,27.4,14.8
CanadaCentral,2/4/1986,10,26.6,26.4,11.7
CanadaCentral,2/5/1986,4.8,24.7,24.4,7.4
CanadaCentral,2/6/1986,7.3,21.9,19.1,1
CanadaCentral,2/7/1986,-9.1,10.7,11.2,-5.5
CanadaCentral,2/8/1986,-14.7,1.2,2.6,-14
CanadaCentral,2/9/1986,-18.1,-3.9,-2.1,-18.2
CanadaCentral,2/10/1986,-21.8,-3.6,-0.6,-17.7
CanadaCentral,2/11/1986,-13.2,5.8,4,-15.2
CanadaCentral,2/12/1986,-10.5,9.7,7.7,-11.2
CanadaCentral,2/13/1986,-9.8,7.6,9.9,-11.6
CanadaCentral,2/14/1986,-14.6,12.4,9.4,-9.2
CanadaCentral,2/15/1986,-3.2,8.1,11.5,-6.6
CanadaCentral,2/16/1986,-1.9,14.1,12,-4.7
CanadaCentral,2/17/1986,-9,13.7,8.5,-7.3
CanadaCentral,2/18/1986,-11.1,-2.3,1.9,-13.7
CanadaCentral,2/19/1986,-21,-5.6,-3.7,-21.3
CanadaCentral,2/20/1986,-31.6,-3.1,2.4,-19.8
CanadaCentral,2/21/1986,-6.9,16,6.3,-18.2
CanadaCentral,2/22/1986,-16.1,6,12.7,-9.4
CanadaCentral,2/23/1986,-5.1,16.3,15.7,-3.2
CanadaCentral,2/24/1986,11.5,25,27.2,9.2
CanadaCentral,2/25/1986,21.3,40.4,34.4,18.3
CanadaCentral,2/26/1986,22,37.7,34.8,20.3
CanadaCentral,2/27/1986,17.6,26.2,32.9,20.5
CanadaCentral,2/28/1986,21.9,35,33.9,21.5
CanadaCentral,3/1/1986,25.1,40.6,38.2,24.7
CanadaCentral,3/2/1986,27,38.9,39.9,24.4
CanadaCentral,3/3/1986,21.1,40.2,37.6,19.7
CanadaCentral,3/4/1986,11,33.6,36.3,13.2
CanadaCentral,3/5/1986,7.4,35.2,31.5,3.8
CanadaCentral,3/6/1986,-6.9,25.6,25.9,-3.1
CanadaCentral,3/7/1986,-9.9,16.9,24.7,-1.8
CanadaCentral,3/8/1986,11.4,31.5,25.2,4.5
CanadaCentral,3/9/1986,12,27.1,31.8,11
CanadaCentral,3/10/1986,9.5,36.7,31.7,14.8
CanadaCentral,3/11/1986,22.9,31.4,35.1,17
CanadaCentral,3/12/1986,18.8,37.3,36.9,23.1
CanadaCentral,3/13/1986,27.8,42.1,40.6,23.7
CanadaCentral,3/14/1986,24.6,42.4,42.8,27.1
CanadaCentral,3/15/1986,28.9,43.8,41,27.2
CanadaCentral,3/16/1986,28.1,36.8,39.1,27.2
CanadaCentral,3/17/1986,24.6,36.8,36.2,23
CanadaCentral,3/18/1986,16.4,35.1,30.2,15.8
CanadaCentral,3/19/1986,6.5,18.8,29.8,11.5
CanadaCentral,3/20/1986,11.6,35.5,35.7,13.4
CanadaCentral,3/21/1986,22,52.7,45.5,20.8
CanadaCentral,3/22/1986,28.9,48.2,45.8,21.6
CanadaCentral,3/23/1986,13.9,36.5,42.5,23.7
CanadaCentral,3/24/1986,28.3,42.7,39.4,20.1
CanadaCentral,3/25/1986,18.2,38.9,41.1,21.2
CanadaCentral,3/26/1986,17.2,41.6,47.7,22.7
CanadaCentral,3/27/1986,32.7,62.5,55,29.7
CanadaCentral,3/28/1986,39.3,61,60.7,35.3
CanadaCentral,3/29/1986,34,58.7,58.8,35.1
CanadaCentral,3/30/1986,32.1,56.8,55.5,33.1
CanadaCentral,3/31/1986,33.2,50.9,53.4,30.6
CanadaCentral,4/1/1986,26.5,52.7,48.4,30.5
CanadaCentral,4/2/1986,31.8,41.6,46.8,28.4
CanadaCentral,4/3/1986,26.8,46.1,46,28.9
CanadaCentral,4/4/1986,28,50.2,48.4,30.2
CanadaCentral,4/5/1986,35.9,48.9,54.6,32.6
CanadaCentral,4/6/1986,33.7,64.6,56.4,34.5
CanadaCentral,4/7/1986,33.9,55.7,58.5,32.2
CanadaCentral,4/8/1986,28.8,55,58.7,30.8
CanadaCentral,4/9/1986,29.6,65.2,63.3,31.6
CanadaCentral,4/10/1986,36.3,69.5,62.8,27.1
CanadaCentral,4/11/1986,15.5,53.6,48.5,20.3
CanadaCentral,4/12/1986,9.1,22.3,31.8,12.1
CanadaCentral,4/13/1986,11.7,19.6,21.6,11
CanadaCentral,4/14/1986,12.3,23,24.9,11.5
CanadaCentral,4/15/1986,10.5,32.1,35.2,14.8
CanadaCentral,4/16/1986,21.7,50.4,44.4,22.8
CanadaCentral,4/17/1986,36.3,50.6,50.9,31.4
CanadaCentral,4/18/1986,36.2,51.7,51.9,35.5
CanadaCentral,4/19/1986,33.8,53.4,49,31.9
CanadaCentral,4/20/1986,25.6,42,48.5,27.1
CanadaCentral,4/21/1986,21.9,50.1,54.8,28.2
CanadaCentral,4/22/1986,37,72.3,62.3,33
CanadaCentral,4/23/1986,40.2,64.4,63.3,36
CanadaCentral,4/24/1986,30.8,53.2,55.9,35
CanadaCentral,4/25/1986,33.9,50.2,49.5,32.1
CanadaCentral,4/26/1986,31.5,45.2,45.7,32.1
CanadaCentral,4/27/1986,31,41.7,46.9,30.5
CanadaCentral,4/28/1986,29,53.7,53,30.1
CanadaCentral,4/29/1986,30.2,63.5,56.1,29.7
CanadaCentral,4/30/1986,29.9,51.3,53.8,29.1
CanadaCentral,5/1/1986,27.2,46.8,51.5,29.4
CanadaCentral,5/2/1986,31,56.4,59.2,31.7
CanadaCentral,5/3/1986,36.7,74.3,68.3,38
CanadaCentral,5/4/1986,46.3,74.2,66.1,40.1
CanadaCentral,5/5/1986,37.3,49.8,57.7,38.7
CanadaCentral,5/6/1986,32.5,49.2,50.1,33.5
CanadaCentral,5/7/1986,30.8,51.3,49.9,34.2
CanadaCentral,5/8/1986,39.2,49.1,54.1,36.4
CanadaCentral,5/9/1986,39.1,61.9,58.3,39.4
CanadaCentral,5/10/1986,39.8,63.8,66.1,41.2
CanadaCentral,5/11/1986,44.8,72.6,66.9,42.6
CanadaCentral,5/12/1986,43.1,64.4,68.8,42.5
CanadaCentral,5/13/1986,39.6,69.3,65.6,40.1
CanadaCentral,5/14/1986,37.7,63.1,63.9,37.9
CanadaCentral,5/15/1986,36.5,59.3,57.5,35.8
CanadaCentral,5/16/1986,33.4,50.2,55.8,33.2
CanadaCentral,5/17/1986,29.9,57.9,58.5,33.3
CanadaCentral,5/18/1986,36.8,67.6,65.7,35.8
CanadaCentral,5/19/1986,40.9,71.6,71,41.7
CanadaCentral,5/20/1986,47.5,73.9,72.9,44.6
CanadaCentral,5/21/1986,45.3,73.1,72.9,46.4
CanadaCentral,5/22/1986,46.4,71.6,70.1,46.3
CanadaCentral,5/23/1986,47.3,65.4,69.1,47
CanadaCentral,5/24/1986,47.3,70.2,71.4,46.3
CanadaCentral,5/25/1986,44.2,78.6,76.9,47
CanadaCentral,5/26/1986,49.6,81.9,81.8,49
CanadaCentral,5/27/1986,53.2,85,84.9,53.4
CanadaCentral,5/28/1986,57.6,87.8,87.1,56
CanadaCentral,5/29/1986,57.3,88.6,89.3,58.2
CanadaCentral,5/30/1986,59.7,91.6,89,56.5
CanadaCentral,5/31/1986,52.5,86.8,81.8,52.4
CanadaCentral,6/1/1986,44.9,66.9,80.2,49.9
CanadaCentral,6/2/1986,52.3,87,77.1,51.1
CanadaCentral,6/3/1986,56,77.3,77.8,50.9
CanadaCentral,6/4/1986,44.6,68.9,72.8,49.9
CanadaCentral,6/5/1986,49.3,72.1,70.7,49
CanadaCentral,6/6/1986,53.3,71,71.8,49.9
CanadaCentral,6/7/1986,47.3,72.3,71.7,47.5
CanadaCentral,6/8/1986,41.9,71.8,70.9,48.3
CanadaCentral,6/9/1986,55.8,68.5,70.1,50
CanadaCentral,6/10/1986,52.2,70,72.2,52.7
CanadaCentral,6/11/1986,49.9,78.3,72.5,50.8
CanadaCentral,6/12/1986,50.2,69.3,72.6,47.1
CanadaCentral,6/13/1986,41.2,70.2,69.4,43.8
CanadaCentral,6/14/1986,40.2,68.7,65.3,41.7
CanadaCentral,6/15/1986,43.7,57.2,64.6,41.1
CanadaCentral,6/16/1986,39.5,68,68.1,44.6
CanadaCentral,6/17/1986,50.7,79,77.5,48.2
CanadaCentral,6/18/1986,54.5,85.4,82.8,54.5
CanadaCentral,6/19/1986,58.3,83.8,81.7,55.6
CanadaCentral,6/20/1986,53.9,75.9,78.5,56
CanadaCentral,6/21/1986,55.8,75.8,75.7,53
CanadaCentral,6/22/1986,49.3,75.5,71.7,50.7
CanadaCentral,6/23/1986,47.1,63.9,73.8,47.5
CanadaCentral,6/24/1986,46.2,82,75.6,51.7
CanadaCentral,6/25/1986,62,80.8,80.5,55.8
CanadaCentral,6/26/1986,59.2,78.5,77.7,57.4
CanadaCentral,6/27/1986,51.1,73.8,75.7,54.1
CanadaCentral,6/28/1986,51.9,74.6,70.8,50.2
CanadaCentral,6/29/1986,47.7,63.9,68.6,50.8
CanadaCentral,6/30/1986,52.9,67.2,67.9,51.7
CanadaCentral,7/1/1986,54.5,72.7,72.4,52.9
CanadaCentral,7/2/1986,51.2,77.3,78.2,54.4
CanadaCentral,7/3/1986,57.5,84.7,79.2,54.8
CanadaCentral,7/4/1986,55.6,75.5,76.6,55.9
CanadaCentral,7/5/1986,54.6,69.7,71.2,53.2
CanadaCentral,7/6/1986,49.4,68.5,71.4,50.6
CanadaCentral,7/7/1986,47.9,75.9,74.7,49.9
CanadaCentral,7/8/1986,52.4,79.5,76.7,51.9
CanadaCentral,7/9/1986,55.5,74.8,73.3,54.7
CanadaCentral,7/10/1986,56.4,65.6,69.8,55.6
CanadaCentral,7/11/1986,54.9,68.9,64.9,53.5
CanadaCentral,7/12/1986,49.3,60.2,67.4,52.8
CanadaCentral,7/13/1986,54.1,73,70.5,52.8
CanadaCentral,7/14/1986,55,78.2,77.1,55.5
CanadaCentral,7/15/1986,57.3,80,77.7,58.4
CanadaCentral,7/16/1986,63,74.9,77.1,60.4
CanadaCentral,7/17/1986,60.9,76.5,76.5,58.7
CanadaCentral,7/18/1986,52.1,78.1,76.1,55.4
CanadaCentral,7/19/1986,53.2,73.7,74.6,51.3
CanadaCentral,7/20/1986,48.7,72.1,75,51.2
CanadaCentral,7/21/1986,51.7,79.2,78.1,51.9
CanadaCentral,7/22/1986,55.3,83.2,82.1,56.5
CanadaCentral,7/23/1986,62.6,84,79.8,57.3
CanadaCentral,7/24/1986,54.1,72.2,78.6,56
CanadaCentral,7/25/1986,51.3,79.7,76,54.8
CanadaCentral,7/26/1986,59.1,75.9,77,55.9
CanadaCentral,7/27/1986,57.4,75.4,76.2,57.6
CanadaCentral,7/28/1986,56.2,77.3,78.3,57.2
CanadaCentral,7/29/1986,58.1,82.1,77.1,54.7
CanadaCentral,7/30/1986,49.9,71.9,75.4,52.9
CanadaCentral,7/31/1986,50.8,72.2,70.8,50.1
CanadaCentral,8/1/1986,49.7,68.3,71.1,49.6
CanadaCentral,8/2/1986,48.3,72.9,73.7,49.6
CanadaCentral,8/3/1986,51,79.9,78.3,52
CanadaCentral,8/4/1986,56.6,82.1,80.8,55.5
CanadaCentral,8/5/1986,59,80.4,79.6,57.5
CanadaCentral,8/6/1986,56.8,76.3,77.6,56.6
CanadaCentral,8/7/1986,53.9,76.1,77.3,54.4
CanadaCentral,8/8/1986,52.5,79.6,73.9,51.6
CanadaCentral,8/9/1986,48.3,66,70.7,47.5
CanadaCentral,8/10/1986,41.7,66.4,68.8,44.3
CanadaCentral,8/11/1986,42.9,74,74.2,44.8
CanadaCentral,8/12/1986,49.9,82.2,78.8,49.8
CanadaCentral,8/13/1986,56.6,80.3,81.1,53.5
CanadaCentral,8/14/1986,53.9,80.7,81.4,54.9
CanadaCentral,8/15/1986,54,83.2,78.4,50.9
CanadaCentral,8/16/1986,44.8,71.3,75.6,46.3
CanadaCentral,8/17/1986,40,72.4,75.4,44.6
CanadaCentral,8/18/1986,49,82.5,82.1,49.5
CanadaCentral,8/19/1986,59.5,91.4,80.4,51.4
CanadaCentral,8/20/1986,45.6,67.1,77.5,48.4
CanadaCentral,8/21/1986,40,73.8,68.8,44.6
CanadaCentral,8/22/1986,48.3,65.6,72.9,44.4
CanadaCentral,8/23/1986,44.9,79.2,75.9,50.5
CanadaCentral,8/24/1986,58.4,82.9,74.7,50.4
CanadaCentral,8/25/1986,47.9,61.8,68.4,48.9
CanadaCentral,8/26/1986,40.4,60.5,62.2,41.8
CanadaCentral,8/27/1986,37.2,64.4,66.3,38.3
CanadaCentral,8/28/1986,37.4,73.9,74.3,40.7
CanadaCentral,8/29/1986,47.5,84.4,81.5,46.2
CanadaCentral,8/30/1986,53.6,86,80.5,50.5
CanadaCentral,8/31/1986,50.5,71.1,73.6,48.7
CanadaCentral,9/1/1986,42.1,63.6,66.4,46.8
CanadaCentral,9/2/1986,47.8,64.6,65.5,46.6
CanadaCentral,9/3/1986,49.8,68.4,63.9,47.4
CanadaCentral,9/4/1986,44.5,58.8,60.6,44.3
CanadaCentral,9/5/1986,38.7,54.7,57.7,38.3
CanadaCentral,9/6/1986,31.7,59.5,60.5,34.9
CanadaCentral,9/7/1986,34.3,67.3,64.6,34
CanadaCentral,9/8/1986,36.1,67.2,64.7,37.1
CanadaCentral,9/9/1986,41,59.7,63.1,41.2
CanadaCentral,9/10/1986,46.4,62.4,62,44.8
CanadaCentral,9/11/1986,47,63.9,59.5,42.6
CanadaCentral,9/12/1986,34.4,52.1,55.9,36.6
CanadaCentral,9/13/1986,28.2,51.7,51.8,34.8
CanadaCentral,9/14/1986,41.7,51.7,53,35.4
CanadaCentral,9/15/1986,36.3,55.5,52.2,40.1
CanadaCentral,9/16/1986,42.3,49.3,52.2,41.5
CanadaCentral,9/17/1986,45.8,51.7,52.4,44.1
CanadaCentral,9/18/1986,44,56.2,53.1,43.9
CanadaCentral,9/19/1986,41.8,51.3,53.9,44.1
CanadaCentral,9/20/1986,46.6,54.3,56,44
CanadaCentral,9/21/1986,43.6,62.5,60.7,42.6
CanadaCentral,9/22/1986,37.6,65.3,66.2,39.8
CanadaCentral,9/23/1986,38.4,70.7,70,39.3
CanadaCentral,9/24/1986,41.9,73.9,69.2,43.6
CanadaCentral,9/25/1986,50.4,63,67,46.4
CanadaCentral,9/26/1986,46.8,64,63.6,46.6
CanadaCentral,9/27/1986,42.6,63.8,63.4,42.4
CanadaCentral,9/28/1986,37.9,62.3,61.8,39.8
CanadaCentral,9/29/1986,38.9,59.3,60.1,37.1
CanadaCentral,9/30/1986,34.5,58.7,57.6,36.6
CanadaCentral,10/1/1986,36.4,54.8,53,35.5
CanadaCentral,10/2/1986,35.7,45.6,48.8,34.7
CanadaCentral,10/3/1986,32,46.2,48.4,35.1
CanadaCentral,10/4/1986,37.7,53.5,50.6,32.3
CanadaCentral,10/5/1986,27.3,52,59.1,36.9
CanadaCentral,10/6/1986,45.7,71.8,60,38
CanadaCentral,10/7/1986,41.1,56.2,56.8,37.4
CanadaCentral,10/8/1986,25.5,42.5,50.8,30.8
CanadaCentral,10/9/1986,25.9,53.6,48.1,27.3
CanadaCentral,10/10/1986,30.4,48.1,45,25.3
CanadaCentral,10/11/1986,19.7,33.2,42.2,22.9
CanadaCentral,10/12/1986,18.8,45.3,45.1,21.8
CanadaCentral,10/13/1986,26.8,56.9,47.2,24.4
CanadaCentral,10/14/1986,27.5,39.6,55.9,28
CanadaCentral,10/15/1986,29.5,71.4,59.9,30.1
CanadaCentral,10/16/1986,33.3,68.7,71.4,32.9
CanadaCentral,10/17/1986,35.8,74.1,70.9,35.6
CanadaCentral,10/18/1986,37.8,69.9,69.8,35.6
CanadaCentral,10/19/1986,33.4,65.4,67.1,35.4
CanadaCentral,10/20/1986,35.1,65.9,68.3,35.9
CanadaCentral,10/21/1986,39.2,73.6,66.2,35.7
CanadaCentral,10/22/1986,32.7,59.1,63.8,32.9
CanadaCentral,10/23/1986,26.9,58.6,60.3,28.9
CanadaCentral,10/24/1986,27.2,63.1,60.1,29
CanadaCentral,10/25/1986,32.8,58.6,62.2,31.1
CanadaCentral,10/26/1986,33.3,65.1,65,32.9
CanadaCentral,10/27/1986,32.5,71.5,61.8,32.8
CanadaCentral,10/28/1986,32.5,49,52,29.9
CanadaCentral,10/29/1986,24.8,35.5,41.3,28.7
CanadaCentral,10/30/1986,28.9,39.4,35.8,23.3
CanadaCentral,10/31/1986,16.2,32.5,33.1,18.8
CanadaCentral,11/1/1986,11.4,27.4,32,12.4
CanadaCentral,11/2/1986,9.6,36.2,32.7,13.5
CanadaCentral,11/3/1986,19.5,34.5,40.2,20.9
CanadaCentral,11/4/1986,33.6,49.9,42.1,28
CanadaCentral,11/5/1986,30.9,41.9,42,28.8
CanadaCentral,11/6/1986,22,34.1,33.9,23.8
CanadaCentral,11/7/1986,18.4,25.7,26.6,16.5
CanadaCentral,11/8/1986,8.9,20.1,18.4,7.6
CanadaCentral,11/9/1986,-4.5,9.4,13.8,-1.4
CanadaCentral,11/10/1986,-8.5,12,9,-7
CanadaCentral,11/11/1986,-8.1,5.6,7.2,-8.1
CanadaCentral,11/12/1986,-7.6,4.1,12.6,-8.2
CanadaCentral,11/13/1986,-9,28,15.9,-4
CanadaCentral,11/14/1986,4.5,15.7,22.3,-2.2
CanadaCentral,11/15/1986,-2.2,23.3,21.8,0.8
CanadaCentral,11/16/1986,0.2,26.3,19.5,-3.1
CanadaCentral,11/17/1986,-7.1,8.8,16.7,-4.8
CanadaCentral,11/18/1986,-7.4,15.1,14.8,-6
CanadaCentral,11/19/1986,-3.5,20.7,23.3,-6.3
CanadaCentral,11/20/1986,-7.9,34.3,30.4,2.4
CanadaCentral,11/21/1986,18.7,36.3,30.8,8
CanadaCentral,11/22/1986,13.3,21.9,31.7,15.9
CanadaCentral,11/23/1986,15.6,37,34,19.3
CanadaCentral,11/24/1986,28.9,43.1,39.4,23
CanadaCentral,11/25/1986,24.5,38.1,40.6,26
CanadaCentral,11/26/1986,24.5,40.7,38.7,23.4
CanadaCentral,11/27/1986,21.2,37.3,36.6,19.9
CanadaCentral,11/28/1986,14,31.7,33.2,17.2
CanadaCentral,11/29/1986,16.5,30.6,29.3,14.6
CanadaCentral,11/30/1986,13.4,25.5,28.4,13.6
CanadaCentral,12/1/1986,10.8,29.2,29.4,15.3
CanadaCentral,12/2/1986,21.8,33.6,27.8,12.7
CanadaCentral,12/3/1986,5.6,20.5,26.2,9.2
CanadaCentral,12/4/1986,0.4,24.4,21.4,2.4
CanadaCentral,12/5/1986,1.1,19.3,20.4,-0.1
CanadaCentral,12/6/1986,-1.9,17.4,20.5,3.5
CanadaCentral,12/7/1986,11.1,24.9,23,2
CanadaCentral,12/8/1986,-3.1,26.6,17.6,-0.2
CanadaCentral,12/9/1986,-8.7,1.3,18.8,-4.3
CanadaCentral,12/10/1986,-1.2,28.6,15.1,-4.1
CanadaCentral,12/11/1986,-2.5,15.4,17.3,-7.3
CanadaCentral,12/12/1986,-18.1,7.9,18,-4.3
CanadaCentral,12/13/1986,7.7,30.7,21.6,0.6
CanadaCentral,12/14/1986,12.3,26.3,28.8,11.8
CanadaCentral,12/15/1986,15.5,29.4,29.8,16.4
CanadaCentral,12/16/1986,21.3,33.8,30.4,18.4
CanadaCentral,12/17/1986,18.5,28.1,30,17
CanadaCentral,12/18/1986,11.1,27.9,28.8,10.4
CanadaCentral,12/19/1986,1.6,30.2,28.3,4.7
CanadaCentral,12/20/1986,1.5,26.7,30.3,5.3
CanadaCentral,12/21/1986,12.9,33.9,30.8,9.4
CanadaCentral,12/22/1986,13.8,31.8,32.7,13.2
CanadaCentral,12/23/1986,13,32.4,32.7,13.9
CanadaCentral,12/24/1986,15.1,33.9,29.4,11.4
CanadaCentral,12/25/1986,6.1,21.8,30.5,14.6
CanadaCentral,12/26/1986,22.7,35.7,32.2,17.2
CanadaCentral,12/27/1986,22.9,39.2,35.1,21.2
CanadaCentral,12/28/1986,17.9,30.5,33.1,18.4
CanadaCentral,12/29/1986,14.5,29.6,32.9,17.7
CanadaCentral,12/30/1986,20.8,38.6,31.5,15.9
CanadaCentral,12/31/1986,12.3,26.2,29.9,14
CanadaCentral,1/1/1987,8.9,24.8,28.8,15
CanadaCentral,1/2/1987,23.8,35.3,29.2,14.8
CanadaCentral,1/3/1987,11.8,27.6,34.3,19
CanadaCentral,1/4/1987,21.4,40.2,33.8,15.8
CanadaCentral,1/5/1987,14.3,33.8,31.6,15.7
CanadaCentral,1/6/1987,11.5,20.9,28.4,12.1
CanadaCentral,1/7/1987,10.7,30.6,26.2,10.5
CanadaCentral,1/8/1987,9.5,27,25.5,9.6
CanadaCentral,1/9/1987,8.5,18.8,25.6,7.3
CanadaCentral,1/10/1987,3.9,31.1,32.5,12.3
CanadaCentral,1/11/1987,24.5,47.7,42.2,20.8
CanadaCentral,1/12/1987,33.8,47.9,45.7,27.4
CanadaCentral,1/13/1987,24,41.6,38.2,17
CanadaCentral,1/14/1987,-6.8,25.2,26.2,1.5
CanadaCentral,1/15/1987,-12.7,11.7,18.3,-6.7
CanadaCentral,1/16/1987,-0.7,18,14.5,-4.2
CanadaCentral,1/17/1987,0.7,13.9,18.4,-0.1
CanadaCentral,1/18/1987,-0.3,23.5,18.7,-2
CanadaCentral,1/19/1987,-6.5,18.8,24.3,-2.7
CanadaCentral,1/20/1987,-1.3,30.7,26.2,0
CanadaCentral,1/21/1987,8,29.1,25,2.7
CanadaCentral,1/22/1987,1.4,15.3,20,3.3
CanadaCentral,1/23/1987,0.7,15.7,8.4,-5.8
CanadaCentral,1/24/1987,-19.4,-5.8,6.4,-11.8
CanadaCentral,1/25/1987,-16.7,9.1,10.2,-11.6
CanadaCentral,1/26/1987,1.4,27.1,20.6,-1.5
CanadaCentral,1/27/1987,10.9,25.5,27.4,7.3
CanadaCentral,1/28/1987,9.6,29.4,28.5,13.8
CanadaCentral,1/29/1987,20.8,30.4,32.1,13.5
CanadaCentral,1/30/1987,10,36.6,34.6,16.5
CanadaCentral,1/31/1987,18.8,36.9,33.8,13.3
CanadaCentral,2/1/1987,11.1,27.9,31.9,15.4
CanadaCentral,2/2/1987,16.2,30.9,28.1,10.8
CanadaCentral,2/3/1987,5.1,25.6,31.7,7.8
CanadaCentral,2/4/1987,2.3,38.4,35,8.1
CanadaCentral,2/5/1987,16.8,40.9,40.7,14.4
CanadaCentral,2/6/1987,24.1,42.8,40.9,19
CanadaCentral,2/7/1987,16.1,39.1,36.6,15.1
CanadaCentral,2/8/1987,5,27.8,35.2,14.6
CanadaCentral,2/9/1987,22.9,38.7,35.4,16
CanadaCentral,2/10/1987,20.1,39.5,37.6,22.2
CanadaCentral,2/11/1987,23.7,34.5,37.3,23
CanadaCentral,2/12/1987,25.1,37.8,34.2,17.3
CanadaCentral,2/13/1987,3.2,30.2,29.9,10.9
CanadaCentral,2/14/1987,4.3,21.6,25.8,7.5
CanadaCentral,2/15/1987,15,25.5,23.6,9
CanadaCentral,2/16/1987,7.7,23.8,26.5,11.6
CanadaCentral,2/17/1987,12.1,30.2,27,13.6
CanadaCentral,2/18/1987,20.9,26.9,31,16.8
CanadaCentral,2/19/1987,17.4,35.9,33.2,19.1
CanadaCentral,2/20/1987,18.9,36.9,34.2,18.7
CanadaCentral,2/21/1987,19.8,29.9,32,18
CanadaCentral,2/22/1987,15.3,29.4,28.9,15.2
CanadaCentral,2/23/1987,10.4,27.3,25.7,11.2
CanadaCentral,2/24/1987,7.9,20.4,22.4,8.3
CanadaCentral,2/25/1987,6.4,19.5,19.8,6
CanadaCentral,2/26/1987,3.7,19.4,18.1,1.8
CanadaCentral,2/27/1987,-4.8,15.3,20.1,1.4
CanadaCentral,2/28/1987,5.2,25.7,20.6,-1.3
CanadaCentral,3/1/1987,-4.3,20.9,21.8,-0.7
CanadaCentral,3/2/1987,-3.1,18.8,28.6,2.8
CanadaCentral,3/3/1987,15.9,46,36.7,12.6
CanadaCentral,3/4/1987,25,45.4,45.9,23.6
CanadaCentral,3/5/1987,29.9,46.3,47,27.6
CanadaCentral,3/6/1987,28,49.3,44.7,24.5
CanadaCentral,3/7/1987,15.7,38.5,36.6,16.1
CanadaCentral,3/8/1987,4.7,22.1,27.5,7.3
CanadaCentral,3/9/1987,1.3,21.8,23.6,6.3
CanadaCentral,3/10/1987,12.8,26.9,24.8,8.5
CanadaCentral,3/11/1987,11.4,25.8,26.8,13.3
CanadaCentral,3/12/1987,15.8,27.7,26.6,15.7
CanadaCentral,3/13/1987,19.9,26.2,28.9,19
CanadaCentral,3/14/1987,21.2,32.9,31.7,23.2
CanadaCentral,3/15/1987,28.6,35.9,34.4,26.8
CanadaCentral,3/16/1987,30.7,34.4,34.2,28.5
CanadaCentral,3/17/1987,26.3,32.2,33.5,28.5
CanadaCentral,3/18/1987,28.5,33.8,33.7,28.1
CanadaCentral,3/19/1987,29.5,35,34.5,30
CanadaCentral,3/20/1987,32.2,34.7,36.5,31
CanadaCentral,3/21/1987,31.2,39.7,36.3,31.3
CanadaCentral,3/22/1987,30.4,34.5,36.5,30
CanadaCentral,3/23/1987,28.3,35.3,34.1,29
CanadaCentral,3/24/1987,28.2,32.6,33.9,27
CanadaCentral,3/25/1987,24.5,33.8,36.7,25.2
CanadaCentral,3/26/1987,22.8,43.8,36.6,18.4
CanadaCentral,3/27/1987,8,32.2,31,10.8
CanadaCentral,3/28/1987,1.7,17,23.4,4.4
CanadaCentral,3/29/1987,3.5,20.9,24.2,4.4
CanadaCentral,3/30/1987,8,34.7,33.4,12.6
CanadaCentral,3/31/1987,26.3,44.8,38.4,17.7
CanadaCentral,4/1/1987,18.8,35.7,42.6,23.9
CanadaCentral,4/2/1987,26.6,47.4,47.5,25.5
CanadaCentral,4/3/1987,31.1,59.3,57.1,29.3
CanadaCentral,4/4/1987,30.2,64.5,64,31.8
CanadaCentral,4/5/1987,34.2,68.2,66.8,32.7
CanadaCentral,4/6/1987,33.8,67.8,68.7,36.9
CanadaCentral,4/7/1987,42.7,70.1,69.4,38.5
CanadaCentral,4/8/1987,39,70.3,62.2,37.3
CanadaCentral,4/9/1987,30.3,46.2,48.9,30.1
CanadaCentral,4/10/1987,20.9,30.3,41.6,25.3
CanadaCentral,4/11/1987,24.9,48.1,44.1,26
CanadaCentral,4/12/1987,32.2,53.7,53.9,28.9
CanadaCentral,4/13/1987,29.6,59.8,61,33
CanadaCentral,4/14/1987,37.1,69.6,66.8,34
CanadaCentral,4/15/1987,35.2,70.9,68.9,36.4
CanadaCentral,4/16/1987,37.1,66.1,68.3,40
CanadaCentral,4/17/1987,47.9,67.8,70.2,43.6
CanadaCentral,4/18/1987,45.8,76.7,70.6,46.8
CanadaCentral,4/19/1987,46.7,67.4,65.8,41.7
CanadaCentral,4/20/1987,32.7,53.3,60.5,35.4
CanadaCentral,4/21/1987,26.9,60.8,60.1,32.7
CanadaCentral,4/22/1987,38.6,66.2,61.4,32.2
CanadaCentral,4/23/1987,31.2,57.1,62.4,37.1
CanadaCentral,4/24/1987,41.6,64,62.6,35.9
CanadaCentral,4/25/1987,35,66.6,65.6,38.5
CanadaCentral,4/26/1987,39,66.2,65.7,35
CanadaCentral,4/27/1987,31.1,64.2,71.8,39.5
CanadaCentral,4/28/1987,48.3,84.9,69.7,38.8
CanadaCentral,4/29/1987,37,60.1,74.1,43.8
CanadaCentral,4/30/1987,46,77.2,67.3,40.8
CanadaCentral,5/1/1987,39.2,64.7,69.3,44.1
CanadaCentral,5/2/1987,46.9,66.1,65.3,43
CanadaCentral,5/3/1987,42.9,65,67.8,43.3
CanadaCentral,5/4/1987,40.2,72.4,69.2,42.4
CanadaCentral,5/5/1987,44.2,70.3,72.2,40.6
CanadaCentral,5/6/1987,37.5,74,73.8,41.4
CanadaCentral,5/7/1987,42.3,77.1,80.3,42.8
CanadaCentral,5/8/1987,48.4,89.7,81.7,44.8
CanadaCentral,5/9/1987,43.7,78.3,81.1,43.8
CanadaCentral,5/10/1987,39.3,75.2,76.4,40.3
CanadaCentral,5/11/1987,37.7,75.6,80.3,44.6
CanadaCentral,5/12/1987,56.9,90.1,78,46.2
CanadaCentral,5/13/1987,44,68.4,76.9,45.8
CanadaCentral,5/14/1987,36.6,72.3,75,45.6
CanadaCentral,5/15/1987,56.1,84.2,73.9,47.5
CanadaCentral,5/16/1987,49.9,65.1,69,49.3
CanadaCentral,5/17/1987,41.9,57.7,60.8,43.5
CanadaCentral,5/18/1987,38.8,59.5,63.1,43
CanadaCentral,5/19/1987,48.3,71.9,62.2,41.7
CanadaCentral,5/20/1987,38,55.2,60.4,38.7
CanadaCentral,5/21/1987,29.9,54.2,54.9,34.8
CanadaCentral,5/22/1987,36.5,55.2,60.2,34
CanadaCentral,5/23/1987,35.5,71.3,67.6,40
CanadaCentral,5/24/1987,48.1,76.4,69.3,43.9
CanadaCentral,5/25/1987,48.2,60.1,66.1,48.7
CanadaCentral,5/26/1987,49.8,61.9,63.5,50.3
CanadaCentral,5/27/1987,53.1,68.5,66.9,50.9
CanadaCentral,5/28/1987,49.8,70.4,71.5,50.5
CanadaCentral,5/29/1987,48.8,75.6,75.9,49.2
CanadaCentral,5/30/1987,49.1,81.7,80.5,50.6
CanadaCentral,5/31/1987,53.9,84.3,76.8,51
CanadaCentral,6/1/1987,50.2,64.3,69,49.3
CanadaCentral,6/2/1987,43.9,58.2,64.2,44.7
CanadaCentral,6/3/1987,40.1,70.1,66.9,42.4
CanadaCentral,6/4/1987,43.1,72.3,76.1,43.8
CanadaCentral,6/5/1987,48.1,86,83.2,50.3
CanadaCentral,6/6/1987,59.6,91.3,84.1,52.3
CanadaCentral,6/7/1987,49.2,75.2,77.8,49.9
CanadaCentral,6/8/1987,40.8,66.8,72.9,44.2
CanadaCentral,6/9/1987,42.7,76.8,70.6,46.3
CanadaCentral,6/10/1987,55.3,68.2,74.9,50.7
CanadaCentral,6/11/1987,54.1,79.7,79.5,54.4
CanadaCentral,6/12/1987,53.9,90.6,87.2,54.9
CanadaCentral,6/13/1987,56.8,91.5,90.5,54.1
CanadaCentral,6/14/1987,51.6,89.4,92.9,58.3
CanadaCentral,6/15/1987,66.4,98,93.2,59
CanadaCentral,6/16/1987,59.1,92.3,89.5,60.8
CanadaCentral,6/17/1987,56.9,78.4,85.1,55.5
CanadaCentral,6/18/1987,50.6,84.5,83.7,54.7
CanadaCentral,6/19/1987,56.5,88.1,85.3,54.7
CanadaCentral,6/20/1987,56.9,83.2,87.2,57.7
CanadaCentral,6/21/1987,59.8,90.2,86,58.1
CanadaCentral,6/22/1987,57.8,84.6,82.8,57.6
CanadaCentral,6/23/1987,55.2,73.6,76.3,53.6
CanadaCentral,6/24/1987,47.7,70.7,71,49.5
CanadaCentral,6/25/1987,45.7,68.6,72.2,45.4
CanadaCentral,6/26/1987,42.8,77.4,76.8,48.2
CanadaCentral,6/27/1987,56.2,84.5,75.4,50.1
CanadaCentral,6/28/1987,51.3,64.4,73.2,51.9
CanadaCentral,6/29/1987,48.3,70.8,70.5,49.3
CanadaCentral,6/30/1987,48.1,76.3,72.1,49.6
CanadaCentral,7/1/1987,52.5,69.2,73.1,51.5
CanadaCentral,7/2/1987,53.8,73.6,73.8,50.5
CanadaCentral,7/3/1987,45.2,78.5,78.6,52.6
CanadaCentral,7/4/1987,58.8,83.6,82,52.6
CanadaCentral,7/5/1987,53.9,83.8,81,55.3
CanadaCentral,7/6/1987,53.3,75.4,77.5,52.2
CanadaCentral,7/7/1987,49.3,73.3,75.7,50.9
CanadaCentral,7/8/1987,50.1,78.2,75.6,52
CanadaCentral,7/9/1987,56.7,75.4,72.1,53.6
CanadaCentral,7/10/1987,54,62.6,66.4,53.6
CanadaCentral,7/11/1987,50.2,61.3,64.5,49.1
CanadaCentral,7/12/1987,43,69.6,67,46
CanadaCentral,7/13/1987,44.7,70.1,72.3,47.3
CanadaCentral,7/14/1987,54.1,77.4,79.5,51.5
CanadaCentral,7/15/1987,55.6,91,82.1,55.1
CanadaCentral,7/16/1987,55.6,78,78.9,52.9
CanadaCentral,7/17/1987,47.6,67.6,67.9,52.1
CanadaCentral,7/18/1987,53.1,58.1,68.1,51.5
CanadaCentral,7/19/1987,53.7,78.6,70.1,52.5
CanadaCentral,7/20/1987,50.8,73.7,72,50.3
CanadaCentral,7/21/1987,46.6,63.5,68.3,50.6
CanadaCentral,7/22/1987,54.5,67.5,67.6,50.7
CanadaCentral,7/23/1987,51.1,71.7,73.1,51.7
CanadaCentral,7/24/1987,49.5,80.2,78.4,52.6
CanadaCentral,7/25/1987,57.2,83.4,82.3,55.7
CanadaCentral,7/26/1987,60.3,83.3,85.3,58.7
CanadaCentral,7/27/1987,58.6,89.2,87.9,60.1
CanadaCentral,7/28/1987,61.4,91.3,86.2,61.3
CanadaCentral,7/29/1987,63.8,78,81.4,63.3
CanadaCentral,7/30/1987,64.6,74.9,79.2,64.1
CanadaCentral,7/31/1987,63.9,84.6,79.4,62.1
CanadaCentral,8/1/1987,57.9,78.8,80.5,58.5
CanadaCentral,8/2/1987,53.6,78,73.3,54.5
CanadaCentral,8/3/1987,52,63.2,72.4,50.3
CanadaCentral,8/4/1987,45.1,75.9,73.1,50.6
CanadaCentral,8/5/1987,54.7,80.2,77.6,50.7
CanadaCentral,8/6/1987,52.2,76.6,79.4,52
CanadaCentral,8/7/1987,49.3,81.5,79.7,53.2
CanadaCentral,8/8/1987,58,80.9,79.5,53.3
CanadaCentral,8/9/1987,52.8,76,81.7,54.9
CanadaCentral,8/10/1987,54,88.3,78.5,52.4
CanadaCentral,8/11/1987,50.5,71.2,75.8,49.2
CanadaCentral,8/12/1987,43.2,68.1,69.8,46.5
CanadaCentral,8/13/1987,45.7,70.2,66.6,46.6
CanadaCentral,8/14/1987,50.7,61.5,66.2,49.7
CanadaCentral,8/15/1987,52.8,66.9,64.8,50.9
CanadaCentral,8/16/1987,49.2,65.9,66.7,48.8
CanadaCentral,8/17/1987,44.4,67.3,67.2,46.9
CanadaCentral,8/18/1987,46.9,68.2,69.1,44.1
CanadaCentral,8/19/1987,41,71.8,74,44
CanadaCentral,8/20/1987,44.1,82.1,73.8,42.9
CanadaCentral,8/21/1987,43.6,67.4,72.1,41.5
CanadaCentral,8/22/1987,36.8,66.8,68.5,38.6
CanadaCentral,8/23/1987,35.4,71.2,69.8,37.4
CanadaCentral,8/24/1987,39.9,71.4,70.7,41.1
CanadaCentral,8/25/1987,48,69.4,70.7,45.6
CanadaCentral,8/26/1987,48.8,71.2,72,46.8
CanadaCentral,8/27/1987,43.6,75.3,75.8,47.9
CanadaCentral,8/28/1987,51.3,81,74.4,48.7
CanadaCentral,8/29/1987,51.2,66.9,71.1,48
CanadaCentral,8/30/1987,41.6,65.3,70.8,43.6
CanadaCentral,8/31/1987,38.1,80.1,72.6,41.9
CanadaCentral,9/1/1987,46,72.3,81,46.6
CanadaCentral,9/2/1987,55.6,90.6,79.9,52.2
CanadaCentral,9/3/1987,55.1,76.8,78.3,52.1
CanadaCentral,9/4/1987,45.5,67.4,70.8,48.2
CanadaCentral,9/5/1987,43.9,68.2,69.6,46.8
CanadaCentral,9/6/1987,50.9,73.1,69.4,45
CanadaCentral,9/7/1987,40.1,66.8,68.5,41.3
CanadaCentral,9/8/1987,33.1,65.6,64.9,36.5
CanadaCentral,9/9/1987,36.3,62.4,61.9,36
CanadaCentral,9/10/1987,38.5,57.6,59.7,36.7
CanadaCentral,9/11/1987,35.1,59.1,60.9,38.3
CanadaCentral,9/12/1987,41.3,65.9,67.6,38
CanadaCentral,9/13/1987,37.5,77.8,74.6,42.9
CanadaCentral,9/14/1987,49.8,80,80.1,45
CanadaCentral,9/15/1987,47.7,82.4,76.2,48.7
CanadaCentral,9/16/1987,48.6,66,69.2,47.6
CanadaCentral,9/17/1987,46.6,59.3,62.9,45.2
CanadaCentral,9/18/1987,40.4,63.5,62.7,41.2
CanadaCentral,9/19/1987,36.6,65.4,64.2,38.2
CanadaCentral,9/20/1987,37.5,63.7,67.5,38
CanadaCentral,9/21/1987,39.9,73.2,74.1,41.6
CanadaCentral,9/22/1987,47.5,85.4,78.3,43.4
CanadaCentral,9/23/1987,42.7,76.1,74.5,43.2
CanadaCentral,9/24/1987,39.4,61.9,69.6,38.8
CanadaCentral,9/25/1987,34.2,70.8,67.8,38.1
CanadaCentral,9/26/1987,40.9,70.5,68,40.6
CanadaCentral,9/27/1987,46.8,62.7,65.6,43.8
CanadaCentral,9/28/1987,43.8,63.6,64.7,44.1
CanadaCentral,9/29/1987,41.8,67.7,68.7,42.1
CanadaCentral,9/30/1987,40.6,74.7,67.2,38.3
CanadaCentral,10/1/1987,32.3,59.3,65,33.1
CanadaCentral,10/2/1987,26.5,61.2,67.8,35
CanadaCentral,10/3/1987,46.2,82.9,69.2,39.7
CanadaCentral,10/4/1987,46.5,63.6,68.2,43.8
CanadaCentral,10/5/1987,38.8,58.1,58,39.7
CanadaCentral,10/6/1987,33.8,52.2,54.5,34.1
CanadaCentral,10/7/1987,29.6,53.2,49.9,30.3
CanadaCentral,10/8/1987,27.5,44.2,42.4,24.5
CanadaCentral,10/9/1987,16.6,29.8,40,19.8
CanadaCentral,10/10/1987,15.5,46.1,43.8,19.3
CanadaCentral,10/11/1987,26,55.5,58,25.4
CanadaCentral,10/12/1987,34.7,72.4,62.6,33.3
CanadaCentral,10/13/1987,39.2,59.7,62.7,33.1
CanadaCentral,10/14/1987,25.4,55.9,56.2,32
CanadaCentral,10/15/1987,31.3,52.9,50.2,29.3
CanadaCentral,10/16/1987,31.2,41.7,47.9,31.4
CanadaCentral,10/17/1987,31.7,49.2,44.9,30.1
CanadaCentral,10/18/1987,27.4,43.8,41.8,27.4
CanadaCentral,10/19/1987,23,32.5,36.6,23.1
CanadaCentral,10/20/1987,18.8,33.6,35.8,20.5
CanadaCentral,10/21/1987,19.7,41.2,36,21.6
CanadaCentral,10/22/1987,26.3,33.1,36,21.8
CanadaCentral,10/23/1987,19.5,33.8,36.7,20.5
CanadaCentral,10/24/1987,15.7,43.3,45.5,21.5
CanadaCentral,10/25/1987,29.2,59.3,50.3,25.7
CanadaCentral,10/26/1987,32.1,48.3,51.7,28.8
CanadaCentral,10/27/1987,25,47.4,49.5,28.1
CanadaCentral,10/28/1987,27.4,52.9,53.7,28.1
CanadaCentral,10/29/1987,32,60.8,55.4,28.3
CanadaCentral,10/30/1987,25.3,52.6,59.1,28.3
CanadaCentral,10/31/1987,27.6,63.9,60,30.1
CanadaCentral,11/1/1987,37.5,63.6,57.8,32.2
CanadaCentral,11/2/1987,31.7,46,54.2,32.8
CanadaCentral,11/3/1987,29.4,53,47.3,27.8
CanadaCentral,11/4/1987,22.3,42.9,47,22.8
CanadaCentral,11/5/1987,16.6,45,47.8,19.7
CanadaCentral,11/6/1987,20.3,55.6,47.8,21.9
CanadaCentral,11/7/1987,28.7,42.8,45.2,22.2
CanadaCentral,11/8/1987,17.6,37.2,42,20.2
CanadaCentral,11/9/1987,14.2,46,46.6,20.3
CanadaCentral,11/10/1987,29.2,56.6,52.9,24.4
CanadaCentral,11/11/1987,29.9,56,54.3,28.8
CanadaCentral,11/12/1987,27.2,50.2,51.8,26.4
CanadaCentral,11/13/1987,22,49.2,49.7,28.3
CanadaCentral,11/14/1987,35.7,49.7,46.3,26.1
CanadaCentral,11/15/1987,20.5,40,43.7,23.8
CanadaCentral,11/16/1987,15.2,41.5,36.6,16.8
CanadaCentral,11/17/1987,14.8,28.3,36.1,15
CanadaCentral,11/18/1987,15,38.5,33.3,12.6
CanadaCentral,11/19/1987,7.9,33.1,33.8,8
CanadaCentral,11/20/1987,1,29.9,38.7,13.4
CanadaCentral,11/21/1987,31.3,53.2,39.7,17
CanadaCentral,11/22/1987,18.6,36,40.7,21.4
CanadaCentral,11/23/1987,14.2,32.9,33.8,17.2
CanadaCentral,11/24/1987,18.8,32.6,35.2,16.5
CanadaCentral,11/25/1987,16.6,39.9,35.1,16.6
CanadaCentral,11/26/1987,14.5,32.7,38,15.6
CanadaCentral,11/27/1987,15.8,41.5,35.8,16
CanadaCentral,11/28/1987,17.9,33.2,38,16.7
CanadaCentral,11/29/1987,16.5,39.4,38.9,16.4
CanadaCentral,11/30/1987,14.7,44.2,41.7,15.7
CanadaCentral,12/1/1987,15.9,41.4,40.5,17.8
CanadaCentral,12/2/1987,22.7,36,35.4,19.9
CanadaCentral,12/3/1987,21,28.8,36.1,21.7
CanadaCentral,12/4/1987,21.4,43.5,36.5,20.7
CanadaCentral,12/5/1987,19.8,37.3,38.4,18.7
CanadaCentral,12/6/1987,14.8,34.5,37.9,21.2
CanadaCentral,12/7/1987,29,42,37.7,22.8
CanadaCentral,12/8/1987,24.5,36.7,37.6,24
CanadaCentral,12/9/1987,18.5,34,39.4,21.9
CanadaCentral,12/10/1987,22.8,47.6,37.7,20.5
CanadaCentral,12/11/1987,20.3,31.4,35.5,20.1
CanadaCentral,12/12/1987,17.2,27.5,25.7,17.2
CanadaCentral,12/13/1987,14.2,18,21.5,15
CanadaCentral,12/14/1987,13.8,18.9,19.6,12.4
CanadaCentral,12/15/1987,9.2,21.8,21.1,8.5
CanadaCentral,12/16/1987,2.4,22.5,23.3,7.4
CanadaCentral,12/17/1987,10.5,25.7,25.4,7.1
CanadaCentral,12/18/1987,8.5,28.1,27.7,10.9
CanadaCentral,12/19/1987,13.7,29.3,28.1,11.7
CanadaCentral,12/20/1987,13,26.9,28.7,12.6
CanadaCentral,12/21/1987,11.1,30.1,28.8,12
CanadaCentral,12/22/1987,11.9,29.4,26.6,9.8
CanadaCentral,12/23/1987,6.4,20.2,21.3,5.9
CanadaCentral,12/24/1987,-0.7,14.4,20.2,1.6
CanadaCentral,12/25/1987,-0.8,25.9,25.6,4.1
CanadaCentral,12/26/1987,13.7,36.5,33.7,7.3
CanadaCentral,12/27/1987,9.1,38.8,37.1,10.3
CanadaCentral,12/28/1987,8.1,36.2,36.3,9.9
CanadaCentral,12/29/1987,12.3,34,28.9,3.3
CanadaCentral,12/30/1987,-10.5,16.6,16.4,-4.1
CanadaCentral,12/31/1987,-14,-1.4,10.1,-12.4
CanadaCentral,1/1/1988,-12.5,15.1,10.7,-8.1
CanadaCentral,1/2/1988,2.3,18.3,11.9,-9.8
CanadaCentral,1/3/1988,-19,2.4,1.7,-13.4
CanadaCentral,1/4/1988,-23.5,-15.5,-7.3,-22.8
CanadaCentral,1/5/1988,-25.9,-8.7,-5.1,-24.5
CanadaCentral,1/6/1988,-23.9,8.9,1.5,-19.4
CanadaCentral,1/7/1988,-8.5,4.5,4.3,-16
CanadaCentral,1/8/1988,-15.7,-0.3,4.6,-13.7
CanadaCentral,1/9/1988,-16.9,9.8,5.7,-15.5
CanadaCentral,1/10/1988,-13.8,7.7,6,-15.7
CanadaCentral,1/11/1988,-16.6,0.4,4.1,-16.3
CanadaCentral,1/12/1988,-18.6,4.1,1.8,-18.4
CanadaCentral,1/13/1988,-20.1,0.8,10.4,-13.2
CanadaCentral,1/14/1988,-0.9,26.1,22.8,-2.5
CanadaCentral,1/15/1988,13.5,41.5,35.2,9.4
CanadaCentral,1/16/1988,15.8,37.9,34.9,10.4
CanadaCentral,1/17/1988,2.1,25.4,29.2,8.2
CanadaCentral,1/18/1988,6.8,24.3,23.7,2.8
CanadaCentral,1/19/1988,-0.6,21.4,24.1,-0.7
CanadaCentral,1/20/1988,-8.3,26.8,27.3,2.5
CanadaCentral,1/21/1988,16.5,33.7,26.7,2.4
CanadaCentral,1/22/1988,-1.1,19.6,28.4,5.8
CanadaCentral,1/23/1988,2,31.9,26.9,-4.5
CanadaCentral,1/24/1988,-14.4,29.1,23.7,-10.3
CanadaCentral,1/25/1988,-18.6,10.2,20.7,-7.7
CanadaCentral,1/26/1988,9.7,23,18.8,-1.5
CanadaCentral,1/27/1988,4.4,23.3,27.9,8.5
CanadaCentral,1/28/1988,11.5,37.4,32.4,8.6
CanadaCentral,1/29/1988,9.8,36.6,28,3.4
CanadaCentral,1/30/1988,-11.2,9.8,12.4,-8.4
CanadaCentral,1/31/1988,-23.7,-9.2,-2.6,-21.1
CanadaCentral,2/1/1988,-28.4,-8.3,-6.3,-23.9
CanadaCentral,2/2/1988,-19.6,-1.4,-6.2,-25.6
CanadaCentral,2/3/1988,-28.8,-9,-7.4,-24
CanadaCentral,2/4/1988,-23.5,-12,-8,-25.2
CanadaCentral,2/5/1988,-23.4,-3.1,-1.9,-21.1
CanadaCentral,2/6/1988,-16.6,9.4,3.2,-18.5
CanadaCentral,2/7/1988,-15.5,3.4,6.7,-16.9
CanadaCentral,2/8/1988,-18.6,7.2,0.3,-19.5
CanadaCentral,2/9/1988,-24.6,-9.7,-3.6,-23.3
CanadaCentral,2/10/1988,-26.8,-8.4,-0.3,-24.2
CanadaCentral,2/11/1988,-21.3,17.4,14.5,-13.5
CanadaCentral,2/12/1988,7.5,34.5,30.7,0
CanadaCentral,2/13/1988,13.7,40.1,29.6,6.3
CanadaCentral,2/14/1988,-2.2,14.2,31.3,6.8
CanadaCentral,2/15/1988,9,39.7,28.1,9
CanadaCentral,2/16/1988,20.4,30.5,37.3,17.1
CanadaCentral,2/17/1988,22,41.7,37,22.5
CanadaCentral,2/18/1988,25,38.7,38.9,19
CanadaCentral,2/19/1988,9.9,36.2,36.9,12.2
CanadaCentral,2/20/1988,1.6,35.7,38.1,12.8
CanadaCentral,2/21/1988,26.7,42.3,36.3,11.1
CanadaCentral,2/22/1988,4.9,30.9,28.4,11
CanadaCentral,2/23/1988,1.3,12.2,20.8,0.7
CanadaCentral,2/24/1988,-4.2,19.4,28,2.1
CanadaCentral,2/25/1988,9.3,52.5,40,11
CanadaCentral,2/26/1988,28,48,52.9,22.2
CanadaCentral,2/27/1988,29.3,58.1,49.6,28.4
CanadaCentral,2/28/1988,28,42.7,49.1,25.2
CanadaCentral,2/29/1988,18.2,46.5,41.9,20.6
CanadaCentral,3/1/1988,15.8,36.4,35.9,15.1
CanadaCentral,3/2/1988,11.2,24.7,33,12.4
CanadaCentral,3/3/1988,10.3,38,36.3,11.6
CanadaCentral,3/4/1988,13.1,46.4,45.4,16.5
CanadaCentral,3/5/1988,25.9,51.7,47.2,20.9
CanadaCentral,3/6/1988,23.7,43.6,43.4,26.2
CanadaCentral,3/7/1988,29,34.8,41.2,26.1
CanadaCentral,3/8/1988,25.6,45.1,41.4,25
CanadaCentral,3/9/1988,20.4,44.2,42,22.5
CanadaCentral,3/10/1988,21.5,36.6,34.2,15.3
CanadaCentral,3/11/1988,4.1,21.7,25.7,7.9
CanadaCentral,3/12/1988,-2,18.7,20.5,0.1
CanadaCentral,3/13/1988,-1.8,20.9,22.5,-1.3
CanadaCentral,3/14/1988,0,27.9,27.1,0.8
CanadaCentral,3/15/1988,4.2,32.6,32.7,6.5
CanadaCentral,3/16/1988,15.2,37.8,35.4,12.2
CanadaCentral,3/17/1988,17.2,35.8,37.8,16.4
CanadaCentral,3/18/1988,16.8,39.7,34.8,18.4
CanadaCentral,3/19/1988,21,28.9,35.2,18.2
CanadaCentral,3/20/1988,16.7,37,42.4,20.8
CanadaCentral,3/21/1988,24.5,61.4,48.5,22.9
CanadaCentral,3/22/1988,27.5,47.2,55.7,25.8
CanadaCentral,3/23/1988,25.5,58.4,49.6,27.6
CanadaCentral,3/24/1988,29.8,43.1,44.2,24.3
CanadaCentral,3/25/1988,17.7,31.1,38.7,19.5
CanadaCentral,3/26/1988,11,41.9,36.4,17.3
CanadaCentral,3/27/1988,23.3,36.1,36.7,16.4
CanadaCentral,3/28/1988,14.9,32.2,32,16.8
CanadaCentral,3/29/1988,12.1,27.9,29.1,12.4
CanadaCentral,3/30/1988,10.2,27.3,34.2,10.3
CanadaCentral,3/31/1988,8.7,47.5,45.2,16
CanadaCentral,4/1/1988,29.2,60.6,59.5,22.4
CanadaCentral,4/2/1988,29.4,70.2,66.2,30
CanadaCentral,4/3/1988,31.4,67.9,65.4,31.5
CanadaCentral,4/4/1988,33.5,58.2,59.8,31.6
CanadaCentral,4/5/1988,29.7,53.4,59.8,32.5
CanadaCentral,4/6/1988,34.1,67.8,62.2,33.4
CanadaCentral,4/7/1988,36.4,65.2,59.9,32.9
CanadaCentral,4/8/1988,28.3,46.8,50.6,30.3
CanadaCentral,4/9/1988,26.4,40,47.9,25.7
CanadaCentral,4/10/1988,22.4,56.9,57.7,27.7
CanadaCentral,4/11/1988,34.3,76.4,62.7,29.4
CanadaCentral,4/12/1988,31.6,54.8,59.8,29.9
CanadaCentral,4/13/1988,23.9,48.3,50.9,25.2
CanadaCentral,4/14/1988,20,49.5,53.6,21.3
CanadaCentral,4/15/1988,20,62.9,59,24.1
CanadaCentral,4/16/1988,32.3,64.7,55.8,24.5
CanadaCentral,4/17/1988,21.1,39.8,50.8,23.2
CanadaCentral,4/18/1988,16.1,47.8,47.6,18.5
CanadaCentral,4/19/1988,18.4,55.2,48.3,16.9
CanadaCentral,4/20/1988,16.1,42,47.9,16.9
CanadaCentral,4/21/1988,16.3,46.5,43.1,18.4
CanadaCentral,4/22/1988,22.8,40.9,48.3,19.3
CanadaCentral,4/23/1988,18.8,57.6,47.2,22.4
CanadaCentral,4/24/1988,25.6,43.2,47.9,20.9
CanadaCentral,4/25/1988,18.2,42.9,46,22
CanadaCentral,4/26/1988,22.1,52,52.1,21
CanadaCentral,4/27/1988,22.7,61.3,62,24.9
CanadaCentral,4/28/1988,29.9,72.7,72,31.3
CanadaCentral,4/29/1988,41.2,82,76.3,39.1
CanadaCentral,4/30/1988,46.1,74.3,68.4,43.5
CanadaCentral,5/1/1988,43.1,48.8,60.7,43.5
CanadaCentral,5/2/1988,41.3,59,51.8,39.5
CanadaCentral,5/3/1988,34,47.6,50.8,34.6
CanadaCentral,5/4/1988,28.4,45.9,49.9,30.1
CanadaCentral,5/5/1988,27.8,56.1,55.2,32.5
CanadaCentral,5/6/1988,41.4,63.7,59.4,38.1
CanadaCentral,5/7/1988,44.9,58.4,59.4,42.4
CanadaCentral,5/8/1988,41,56.2,62.9,42.2
CanadaCentral,5/9/1988,40.7,74,66.3,39.1
CanadaCentral,5/10/1988,35.6,68.6,70.7,38.8
CanadaCentral,5/11/1988,40.1,69.5,67.7,36.8
CanadaCentral,5/12/1988,34.7,65,68.5,36.2
CanadaCentral,5/13/1988,33.8,71.1,66.5,36.6
CanadaCentral,5/14/1988,41.3,63.4,61.9,36.9
CanadaCentral,5/15/1988,35.5,51.2,63.4,36.3
CanadaCentral,5/16/1988,31.9,75.5,69.9,39.8
CanadaCentral,5/17/1988,52.1,83.1,73.9,44
CanadaCentral,5/18/1988,47.9,63.2,72.7,47.1
CanadaCentral,5/19/1988,41.4,71.8,69.6,45
CanadaCentral,5/20/1988,45.8,73.6,72,43.6
CanadaCentral,5/21/1988,43.7,70.6,74.1,43.7
CanadaCentral,5/22/1988,41.7,78.1,76.2,44.9
CanadaCentral,5/23/1988,49.3,79.9,80.7,46.8
CanadaCentral,5/24/1988,49.4,84.1,79.6,51
CanadaCentral,5/25/1988,54.2,75,77.2,50.8
CanadaCentral,5/26/1988,48.9,72.5,77.5,50.4
CanadaCentral,5/27/1988,48,84.9,80.7,51.3
CanadaCentral,5/28/1988,57.1,84.5,87.7,53.4
CanadaCentral,5/29/1988,55,93.5,87.2,58.6
CanadaCentral,5/30/1988,63.7,83.7,87.4,61.3
CanadaCentral,5/31/1988,65.1,85,83.8,62.7
CanadaCentral,6/1/1988,59.3,82.6,82.8,60.5
CanadaCentral,6/2/1988,57,80.9,83.9,53.5
CanadaCentral,6/3/1988,44.1,88.2,87.9,52.6
CanadaCentral,6/4/1988,56.6,94.7,93.8,56.5
CanadaCentral,6/5/1988,68.9,98.6,97.4,64
CanadaCentral,6/6/1988,66.4,98.9,97.5,66.4
CanadaCentral,6/7/1988,64,95.1,93.1,64.5
CanadaCentral,6/8/1988,63.1,85.1,87.7,61
CanadaCentral,6/9/1988,56,82.8,85.6,58.9
CanadaCentral,6/10/1988,57.7,88.9,85.6,57.3
CanadaCentral,6/11/1988,58.3,85.1,83.3,55.4
CanadaCentral,6/12/1988,50.1,76,75,52
CanadaCentral,6/13/1988,47.7,63.9,69.2,49.3
CanadaCentral,6/14/1988,50.2,67.7,66.1,48.4
CanadaCentral,6/15/1988,47.3,66.8,72.3,47.8
CanadaCentral,6/16/1988,45.9,82.5,81,52.4
CanadaCentral,6/17/1988,64.1,93.6,88.8,57.8
CanadaCentral,6/18/1988,63.5,90.3,89.1,61.6
CanadaCentral,6/19/1988,57.3,83.3,90.9,58.8
CanadaCentral,6/20/1988,55.6,99.1,89,58.4
CanadaCentral,6/21/1988,62.4,84.7,88.2,59.6
CanadaCentral,6/22/1988,60.8,80.9,84.8,60.6
CanadaCentral,6/23/1988,58.6,88.7,86.1,59.2
CanadaCentral,6/24/1988,58.2,88.8,86.5,55.1
CanadaCentral,6/25/1988,48.6,81.9,84.9,52.9
CanadaCentral,6/26/1988,52.1,84,87.4,55.4
CanadaCentral,6/27/1988,65.5,96.3,88.1,59.5
CanadaCentral,6/28/1988,61.1,83.9,85.9,62.8
CanadaCentral,6/29/1988,62,77.7,77.8,59.5
CanadaCentral,6/30/1988,55.5,72,76.7,56.2
CanadaCentral,7/1/1988,51.1,80.4,80,55.2
CanadaCentral,7/2/1988,59,87.8,85.1,57
CanadaCentral,7/3/1988,60.9,87.2,85.1,58.2
CanadaCentral,7/4/1988,54.8,80.3,84.4,59.2
CanadaCentral,7/5/1988,62,85.5,81.8,58.5
CanadaCentral,7/6/1988,58.8,79.7,81.2,57.4
CanadaCentral,7/7/1988,51.3,78.4,80.5,53.9
CanadaCentral,7/8/1988,51.5,83.4,78.3,51
CanadaCentral,7/9/1988,50.3,72.9,74.2,50.1
CanadaCentral,7/10/1988,48.5,66.3,71.6,46.9
CanadaCentral,7/11/1988,41.9,75.7,71.6,48.2
CanadaCentral,7/12/1988,54.2,72.9,75.8,49.8
CanadaCentral,7/13/1988,53.1,78.8,77.3,54.7
CanadaCentral,7/14/1988,56.7,80.1,78.3,54.8
CanadaCentral,7/15/1988,54.4,76.1,78.8,54.6
CanadaCentral,7/16/1988,52.7,80.1,77.9,51.3
CanadaCentral,7/17/1988,46.8,77.4,77.8,50.4
CanadaCentral,7/18/1988,51.7,76,74.1,49.6
CanadaCentral,7/19/1988,50.3,68.9,74.2,50
CanadaCentral,7/20/1988,48,77.6,77.8,50.2
CanadaCentral,7/21/1988,52.2,86.9,87.9,52.6
CanadaCentral,7/22/1988,57.5,99.3,88.8,54.9
CanadaCentral,7/23/1988,55.2,80.3,88.7,54.4
CanadaCentral,7/24/1988,50.6,86.6,85,55.8
CanadaCentral,7/25/1988,61.6,88.2,88.2,56
CanadaCentral,7/26/1988,55.8,89.7,92,57.7
CanadaCentral,7/27/1988,55.8,98.2,92.4,57.4
CanadaCentral,7/28/1988,60.7,89.3,89.7,57.9
CanadaCentral,7/29/1988,57.1,81.6,88,55.8
CanadaCentral,7/30/1988,49.6,93.2,85.5,54.3
CanadaCentral,7/31/1988,56.3,81.8,83,52.8
CanadaCentral,8/1/1988,52.4,74.1,76.7,54.7
CanadaCentral,8/2/1988,55.4,74.1,74.1,54
CanadaCentral,8/3/1988,54.1,74.1,77.4,52.7
CanadaCentral,8/4/1988,48.7,84,84.1,51.9
CanadaCentral,8/5/1988,52.9,94.1,92.6,52.2
CanadaCentral,8/6/1988,54.9,99.7,87.7,52.4
CanadaCentral,8/7/1988,49.4,69.2,80.7,48.1
CanadaCentral,8/8/1988,39.9,73.2,77.6,48.6
CanadaCentral,8/9/1988,56.4,90.3,83,50.4
CanadaCentral,8/10/1988,54.8,85.6,85.8,54.2
CanadaCentral,8/11/1988,51.3,81.5,82.9,54.6
CanadaCentral,8/12/1988,57.8,81.6,80.5,54.1
CanadaCentral,8/13/1988,53.1,78.2,81.6,55.1
CanadaCentral,8/14/1988,54.6,85,85.7,56.4
CanadaCentral,8/15/1988,61.6,93.9,87,60.3
CanadaCentral,8/16/1988,64.6,82,82.6,61.6
CanadaCentral,8/17/1988,58.5,71.8,76.9,59.6
CanadaCentral,8/18/1988,55.7,76.9,75.8,56.3
CanadaCentral,8/19/1988,54.8,78.8,78.5,52.7
CanadaCentral,8/20/1988,47.6,79.7,77,53.4
CanadaCentral,8/21/1988,58,72.6,73.3,53.1
CanadaCentral,8/22/1988,53.7,67.6,72.4,54.6
CanadaCentral,8/23/1988,52.3,77.2,74.3,52.3
CanadaCentral,8/24/1988,51.1,78,76.4,49.8
CanadaCentral,8/25/1988,46,74.1,74.8,46.5
CanadaCentral,8/26/1988,42.4,72.5,70.8,42.2
CanadaCentral,8/27/1988,38.2,65.8,68.8,39.1
CanadaCentral,8/28/1988,36.7,68,70.2,36.8
CanadaCentral,8/29/1988,35.6,76.8,74.9,40.1
CanadaCentral,8/30/1988,48,80,77.5,43.8
CanadaCentral,8/31/1988,47.9,75.8,78.4,46.4
CanadaCentral,9/1/1988,43.2,79.5,76.6,45.7
CanadaCentral,9/2/1988,46,74.4,78,45
CanadaCentral,9/3/1988,45.7,80.2,75.3,44.4
CanadaCentral,9/4/1988,41.5,71.2,73.4,41.1
CanadaCentral,9/5/1988,36,68.8,73.5,38.9
CanadaCentral,9/6/1988,39.1,80.6,74.8,43.2
CanadaCentral,9/7/1988,54.4,75.1,73.6,46.5
CanadaCentral,9/8/1988,46,65.1,68.9,47.6
CanadaCentral,9/9/1988,42.4,66.4,62.6,40.7
CanadaCentral,9/10/1988,33.6,56.4,57.1,40.2
CanadaCentral,9/11/1988,44.7,48.7,55.7,39.6
CanadaCentral,9/12/1988,40.6,62,60.4,42.8
CanadaCentral,9/13/1988,43,70.6,69.3,39.8
CanadaCentral,9/14/1988,35.7,75.3,71.2,41.7
CanadaCentral,9/15/1988,46.5,67.6,71,43.6
CanadaCentral,9/16/1988,48.7,70.2,67.2,47.3
CanadaCentral,9/17/1988,46.7,63.8,60.5,43.8
CanadaCentral,9/18/1988,36.1,47.5,54.5,39.8
CanadaCentral,9/19/1988,36.6,52.3,49.4,36.6
CanadaCentral,9/20/1988,37.2,48.3,55.2,38
CanadaCentral,9/21/1988,40.3,64.8,57.4,39.1
CanadaCentral,9/22/1988,39.8,59,62.6,38.5
CanadaCentral,9/23/1988,35.3,63.9,61.5,37.4
CanadaCentral,9/24/1988,37.1,61.6,60.2,34.7
CanadaCentral,9/25/1988,31.7,55.2,55.8,35.7
CanadaCentral,9/26/1988,38.3,50.8,51.1,35.1
CanadaCentral,9/27/1988,35.2,47.3,49.8,38.1
CanadaCentral,9/28/1988,40.9,51.5,55.6,36.3
CanadaCentral,9/29/1988,33,68.1,64.3,39
CanadaCentral,9/30/1988,43.2,73.4,66.3,37.4
CanadaCentral,10/1/1988,36.2,57.3,62.8,35.4
CanadaCentral,10/2/1988,27,57.8,52.7,28.6
CanadaCentral,10/3/1988,22.8,42.9,50.5,22.7
CanadaCentral,10/4/1988,18.5,50.8,50.2,21.3
CanadaCentral,10/5/1988,22.8,57.1,57.9,22.7
CanadaCentral,10/6/1988,27,65.8,64.4,28.3
CanadaCentral,10/7/1988,35.3,70.3,69,31.7
CanadaCentral,10/8/1988,32.7,70.8,70.6,35.3
CanadaCentral,10/9/1988,37.8,70.6,67.1,34.5
CanadaCentral,10/10/1988,33.1,59.7,62.6,32.7
CanadaCentral,10/11/1988,27.3,57.3,60.1,31.1
CanadaCentral,10/12/1988,32.9,63.2,65.2,33.2
CanadaCentral,10/13/1988,39.4,75.2,73.2,38.5
CanadaCentral,10/14/1988,43.3,81.2,72.9,42
CanadaCentral,10/15/1988,43.4,62.5,63.6,39.5
CanadaCentral,10/16/1988,31.8,47.2,52.4,35.8
CanadaCentral,10/17/1988,32.2,47.6,48.3,30.8
CanadaCentral,10/18/1988,28.4,50,51.2,28
CanadaCentral,10/19/1988,23.4,55.8,53.2,27.7
CanadaCentral,10/20/1988,31.4,53.6,53,25.9
CanadaCentral,10/21/1988,23,49.7,51.8,27.3
CanadaCentral,10/22/1988,27.6,52.2,46.6,24.1
CanadaCentral,10/23/1988,21.6,37.9,44.5,23.6
CanadaCentral,10/24/1988,21.6,43.5,40.5,20.1
CanadaCentral,10/25/1988,17.1,40.2,42.9,19
CanadaCentral,10/26/1988,18.2,45.1,37.5,15.1
CanadaCentral,10/27/1988,10,27.2,32.3,11
CanadaCentral,10/28/1988,4.8,24.7,29.3,6.5
CanadaCentral,10/29/1988,4.6,36.1,36.9,7.8
CanadaCentral,10/30/1988,14.1,50,45.5,14.5
CanadaCentral,10/31/1988,24.7,50.5,52.6,20.2
CanadaCentral,11/1/1988,21.9,57.2,53.6,25.6
CanadaCentral,11/2/1988,30.3,53.2,54.4,26
CanadaCentral,11/3/1988,25.9,52.7,48.3,29.1
CanadaCentral,11/4/1988,31.1,39.1,42,28
CanadaCentral,11/5/1988,26.9,34.2,37.9,27.4
CanadaCentral,11/6/1988,24.2,40.5,40,27.1
CanadaCentral,11/7/1988,30,45.3,43.2,25.3
CanadaCentral,11/8/1988,21.6,43.8,39.3,23.6
CanadaCentral,11/9/1988,19.1,28.8,34.2,19
CanadaCentral,11/10/1988,16.2,30,34,17.5
CanadaCentral,11/11/1988,17.2,43.3,36.3,17.6
CanadaCentral,11/12/1988,19.5,35.7,36.4,18.1
CanadaCentral,11/13/1988,17.6,30.2,30,18.3
CanadaCentral,11/14/1988,17.9,24,26.5,17.7
CanadaCentral,11/15/1988,17.5,25.4,21.5,14
CanadaCentral,11/16/1988,6.7,15.1,17.8,8
CanadaCentral,11/17/1988,-0.2,12.9,13.6,-0.1
CanadaCentral,11/18/1988,-6.8,12.9,14.7,-2.1
CanadaCentral,11/19/1988,0.7,18.2,18.7,0.2
CanadaCentral,11/20/1988,6.7,25.1,21,5.1
CanadaCentral,11/21/1988,7.8,19.7,22.2,8.3
CanadaCentral,11/22/1988,10.5,21.8,25.5,12.2
CanadaCentral,11/23/1988,18.3,34.9,31.3,18.1
CanadaCentral,11/24/1988,25.7,37.1,34.6,19.6
CanadaCentral,11/25/1988,14.7,31.7,31.9,15.9
CanadaCentral,11/26/1988,7.3,26.8,22.1,6
CanadaCentral,11/27/1988,-4.1,7.8,21.6,2.7
CanadaCentral,11/28/1988,4.8,30.2,22.6,6.3
CanadaCentral,11/29/1988,18.1,29.9,28.3,11
CanadaCentral,11/30/1988,10.3,24.7,32.6,16.1
CanadaCentral,12/1/1988,19.8,43.1,38.6,19.8
CanadaCentral,12/2/1988,29.4,48,41.5,23.8
CanadaCentral,12/3/1988,22.2,33.4,39.6,23.8
CanadaCentral,12/4/1988,19.7,37.4,39,22.8
CanadaCentral,12/5/1988,26.4,46.1,39.4,20.7
CanadaCentral,12/6/1988,16.2,34.7,33.6,16
CanadaCentral,12/7/1988,5.5,20,21.1,5.8
CanadaCentral,12/8/1988,-4.2,8.7,12.4,-2.7
CanadaCentral,12/9/1988,-9.5,8.4,7.2,-9.7
CanadaCentral,12/10/1988,-15.4,4.5,15.2,-8
CanadaCentral,12/11/1988,0.9,32.8,24.7,3.1
CanadaCentral,12/12/1988,23.8,36.8,33.6,13.5
CanadaCentral,12/13/1988,15.6,31.2,28.9,7.3
CanadaCentral,12/14/1988,-17.6,18.7,22.1,-6.7
CanadaCentral,12/15/1988,-18,16.4,19.6,-7.5
CanadaCentral,12/16/1988,13.2,23.8,22.1,-0.9
CanadaCentral,12/17/1988,2.1,26.2,26.7,12.7
CanadaCentral,12/18/1988,22.8,30.3,27.1,13.4
CanadaCentral,12/19/1988,15.4,24.7,26.7,15.6
CanadaCentral,12/20/1988,8.5,25.1,24.9,8.5
CanadaCentral,12/21/1988,1.5,24.9,25.2,9
CanadaCentral,12/22/1988,16.8,25.6,21.9,6.8
CanadaCentral,12/23/1988,2.1,15.2,15.9,4.4
CanadaCentral,12/24/1988,-5.8,6.9,5.5,-7.7
CanadaCentral,12/25/1988,-19.3,-5.5,1.1,-12.2
CanadaCentral,12/26/1988,-11.5,1.9,-1.1,-15
CanadaCentral,12/27/1988,-14.1,0.4,-0.8,-16.8
CanadaCentral,12/28/1988,-24.7,-4.8,0.5,-16
CanadaCentral,12/29/1988,-9.2,5.8,0.5,-14.7
CanadaCentral,12/30/1988,-10.2,0.4,1.8,-10.9
CanadaCentral,12/31/1988,-13.2,-0.8,-1.6,-15.3
CanadaCentral,1/1/1989,-22.5,-4.3,2.3,-19.7
CanadaCentral,1/2/1989,-23.3,12.2,11.1,-14.2
CanadaCentral,1/3/1989,3.2,25.6,22.8,-0.9
CanadaCentral,1/4/1989,17.4,30.6,24.7,9.3
CanadaCentral,1/5/1989,7.3,17.8,20,6.4
CanadaCentral,1/6/1989,-5.5,11.5,8.2,-3.5
CanadaCentral,1/7/1989,-12.2,-4.6,-1.4,-15.9
CanadaCentral,1/8/1989,-30,-11.1,-11.5,-25.6
CanadaCentral,1/9/1989,-34.6,-18.7,-13.2,-34
CanadaCentral,1/10/1989,-37.3,-9.9,-6.5,-28
CanadaCentral,1/11/1989,-12,9.1,2.8,-18.5
CanadaCentral,1/12/1989,-6,9.2,16.9,-1.1
CanadaCentral,1/13/1989,14.7,32.5,23.2,6
CanadaCentral,1/14/1989,9.2,28,24.4,7.4
CanadaCentral,1/15/1989,-1.7,12.9,22.5,3.6
CanadaCentral,1/16/1989,3.5,26.8,22.4,4.8
CanadaCentral,1/17/1989,12.6,27.6,27.5,8.6
CanadaCentral,1/18/1989,9.8,28.2,28.3,9.6
CanadaCentral,1/19/1989,6.2,29.2,26.8,4.3
CanadaCentral,1/20/1989,-3.2,23.1,27.5,6.7
CanadaCentral,1/21/1989,17.2,30.3,27.4,6.9
CanadaCentral,1/22/1989,6.8,28.9,22.2,4.1
CanadaCentral,1/23/1989,-11.8,7.4,15.3,-6.5
CanadaCentral,1/24/1989,-14.4,9.6,8.4,-12.3
CanadaCentral,1/25/1989,-10.9,8.3,16.4,-11.1
CanadaCentral,1/26/1989,-8.1,31.2,25.6,-1.5
CanadaCentral,1/27/1989,14.6,37.4,32.5,6.8
CanadaCentral,1/28/1989,14,28.8,34,15.8
CanadaCentral,1/29/1989,18.9,35.8,32.9,13.9
CanadaCentral,1/30/1989,8.8,34.2,25.6,2.6
CanadaCentral,1/31/1989,-19.9,6.9,6.5,-14.8
CanadaCentral,2/1/1989,-33.3,-21.5,-13.2,-29.2
CanadaCentral,2/2/1989,-34.4,-25.1,-21.9,-33.6
CanadaCentral,2/3/1989,-33.1,-19,-16.4,-29.7
CanadaCentral,2/4/1989,-21.8,-5.1,-3.9,-19.5
CanadaCentral,2/5/1989,-3.7,12.4,7.8,-4.9
CanadaCentral,2/6/1989,10.9,16.1,13.9,-0.8
CanadaCentral,2/7/1989,-9.7,13.3,11.3,-5.5
CanadaCentral,2/8/1989,-17.6,4.6,11.2,-10.1
CanadaCentral,2/9/1989,-2.8,15.7,14.4,-5.2
CanadaCentral,2/10/1989,4.9,23,20.9,3.6
CanadaCentral,2/11/1989,8.6,24.1,24,6.1
CanadaCentral,2/12/1989,4.7,24.8,23.4,4.5
CanadaCentral,2/13/1989,0.3,21.2,17.8,-4.9
CanadaCentral,2/14/1989,-19.6,7.4,5.9,-16.9
CanadaCentral,2/15/1989,-31.4,-11.1,-4,-27.6
CanadaCentral,2/16/1989,-31.7,-8.3,-7.4,-30.2
CanadaCentral,2/17/1989,-27.5,-2.8,-2.5,-27.1
CanadaCentral,2/18/1989,-22.1,3.5,2.3,-19.9
CanadaCentral,2/19/1989,-10,6.2,7.5,-15
CanadaCentral,2/20/1989,-12.8,12.6,10.9,-10.1
CanadaCentral,2/21/1989,-7.4,13.9,12.2,-12.4
CanadaCentral,2/22/1989,-17,10.1,20.8,-5.7
CanadaCentral,2/23/1989,7.3,38.2,27.8,4.8
CanadaCentral,2/24/1989,24,35,33.2,10.8
CanadaCentral,2/25/1989,1.2,26.5,22,6.6
CanadaCentral,2/26/1989,-5.3,4.6,15.4,-1.5
CanadaCentral,2/27/1989,-0.3,15.1,8,-7.1
CanadaCentral,2/28/1989,-15.6,4.3,5.2,-13
CanadaCentral,3/1/1989,-23.2,-3.7,-0.6,-21.2
CanadaCentral,3/2/1989,-24.7,-2.3,-1.4,-22.2
CanadaCentral,3/3/1989,-18.7,1.7,2.1,-19.3
CanadaCentral,3/4/1989,-14.5,7,8.1,-16
CanadaCentral,3/5/1989,-14.8,15.7,13.6,-11.7
CanadaCentral,3/6/1989,-5.8,18.2,22.1,-3.1
CanadaCentral,3/7/1989,11.4,32.4,27.2,6.6
CanadaCentral,3/8/1989,14.3,31,34.7,18.2
CanadaCentral,3/9/1989,29,40.8,38.1,24.7
CanadaCentral,3/10/1989,30.8,42.3,38.5,25.9
CanadaCentral,3/11/1989,18,32.3,35.2,21.3
CanadaCentral,3/12/1989,15.2,30.9,28,13.8
CanadaCentral,3/13/1989,8.3,20.7,20.5,5.9
CanadaCentral,3/14/1989,-5.6,10,16,-1.4
CanadaCentral,3/15/1989,-6.8,17.4,12.8,-6.7
CanadaCentral,3/16/1989,-7.6,10.9,11.8,-9.1
CanadaCentral,3/17/1989,-13,7.2,13.8,-9.9
CanadaCentral,3/18/1989,-9.1,23.3,16.8,-7
CanadaCentral,3/19/1989,1.1,19.9,21.1,-3.6
CanadaCentral,3/20/1989,-2.8,20.2,20.4,-2.1
CanadaCentral,3/21/1989,-4.5,21,22.6,1.4
CanadaCentral,3/22/1989,11.3,26.6,25.9,7.6
CanadaCentral,3/23/1989,15.9,30,30.2,14.4
CanadaCentral,3/24/1989,15.9,33.9,34,16
CanadaCentral,3/25/1989,16.3,38,38.4,20.9
CanadaCentral,3/26/1989,30.6,43.3,38.1,24.7
CanadaCentral,3/27/1989,27.2,32.9,38.6,27.4
CanadaCentral,3/28/1989,24.5,39.5,33.7,23.9
CanadaCentral,3/29/1989,19.9,28.8,34.2,20.2
CanadaCentral,3/30/1989,16.2,34.3,34.2,15.6
CanadaCentral,3/31/1989,10.6,39.4,41.1,18.7
CanadaCentral,4/1/1989,29.3,49.6,46.7,22.6
CanadaCentral,4/2/1989,27.8,51.1,48.4,28.1
CanadaCentral,4/3/1989,27.1,44.5,48.6,26.3
CanadaCentral,4/4/1989,24,50.1,44.8,26.1
CanadaCentral,4/5/1989,27,39.8,42.8,26.1
CanadaCentral,4/6/1989,27.1,38.6,37.4,24.7
CanadaCentral,4/7/1989,20.1,33.9,33.1,19.8
CanadaCentral,4/8/1989,12.2,26.9,30.4,15.3
CanadaCentral,4/9/1989,13.7,30.5,32.5,17.3
CanadaCentral,4/10/1989,26.2,40.1,39.1,22.7
CanadaCentral,4/11/1989,28.4,46.7,49.6,25.9
CanadaCentral,4/12/1989,23.1,62,54.7,28.6
CanadaCentral,4/13/1989,34.5,55.2,56.1,28.5
CanadaCentral,4/14/1989,27.8,50.9,57.8,31.9
CanadaCentral,4/15/1989,33.3,67.1,52.4,25.1
CanadaCentral,4/16/1989,14.1,39.1,50.4,19.7
CanadaCentral,4/17/1989,11.7,45.1,45.3,16.8
CanadaCentral,4/18/1989,24.6,51.9,54.6,21.2
CanadaCentral,4/19/1989,27.2,66.9,61,30.9
CanadaCentral,4/20/1989,40.9,64.2,69.5,35.6
CanadaCentral,4/21/1989,38.7,77.5,75.1,42.1
CanadaCentral,4/22/1989,46.8,83.6,76.4,43.9
CanadaCentral,4/23/1989,46.2,67.9,68.5,42.5
CanadaCentral,4/24/1989,34.6,54,59.8,36.4
CanadaCentral,4/25/1989,28.5,57.4,54.1,33.3
CanadaCentral,4/26/1989,36.7,50.9,53,30.9
CanadaCentral,4/27/1989,27.4,50.7,53.7,29.4
CanadaCentral,4/28/1989,24,59.4,51.6,26.5
CanadaCentral,4/29/1989,28.1,44.8,52.9,25.9
CanadaCentral,4/30/1989,25.7,54.4,54.1,27.5
CanadaCentral,5/1/1989,28.6,63.2,62.8,30.1
CanadaCentral,5/2/1989,36,70.7,64.3,34.6
CanadaCentral,5/3/1989,39.2,59,63.1,35.6
CanadaCentral,5/4/1989,31.6,59.6,55.9,32.1
CanadaCentral,5/5/1989,25.6,48.9,61.7,26.7
CanadaCentral,5/6/1989,22.8,76.5,65.2,31.4
CanadaCentral,5/7/1989,45.9,70.3,72.6,35.3
CanadaCentral,5/8/1989,37.1,70.9,73,43.1
CanadaCentral,5/9/1989,46.2,77.7,75.5,41.3
CanadaCentral,5/10/1989,40.6,78,80.1,48.3
CanadaCentral,5/11/1989,58,84.5,80.7,50.2
CanadaCentral,5/12/1989,52.1,79.7,81.5,53.7
CanadaCentral,5/13/1989,50.9,80.3,79,48.6
CanadaCentral,5/14/1989,42.7,77,78.4,47.9
CanadaCentral,5/15/1989,49.9,78,78.7,47.6
CanadaCentral,5/16/1989,50.3,81.2,78.1,50.6
CanadaCentral,5/17/1989,51.7,75.2,79.9,49.8
CanadaCentral,5/18/1989,47.4,83.1,74.9,48.1
CanadaCentral,5/19/1989,45.1,66.4,70.9,44.5
CanadaCentral,5/20/1989,40.9,63.2,66.7,41
CanadaCentral,5/21/1989,36.9,70.6,66.8,39.5
CanadaCentral,5/22/1989,40.8,66.7,71.4,39.6
CanadaCentral,5/23/1989,41.2,77,67.7,42.1
CanadaCentral,5/24/1989,44.3,59.4,61.6,41.3
CanadaCentral,5/25/1989,38.3,48.3,57,39.2
CanadaCentral,5/26/1989,34.9,63.4,61.5,39.2
CanadaCentral,5/27/1989,44.2,72.9,65.4,39.8
CanadaCentral,5/28/1989,40.2,60,63.3,41.4
CanadaCentral,5/29/1989,39.8,57,58.6,40.8
CanadaCentral,5/30/1989,42.3,58.8,62.2,40
CanadaCentral,5/31/1989,37.7,70.9,65.8,41.2
CanadaCentral,6/1/1989,43.5,67.6,68.4,43.1
CanadaCentral,6/2/1989,48,66.6,69.4,44.5
CanadaCentral,6/3/1989,41.8,74.1,71.5,44.6
CanadaCentral,6/4/1989,43.9,73.9,74.6,46.7
CanadaCentral,6/5/1989,54.4,75.7,77.9,49.1
CanadaCentral,6/6/1989,49.1,84.2,72.9,48.4
CanadaCentral,6/7/1989,41.6,58.9,70.8,41.6
CanadaCentral,6/8/1989,34.1,69.4,68.3,38.7
CanadaCentral,6/9/1989,40.4,76.6,72.1,41.9
CanadaCentral,6/10/1989,51.2,70.4,72.4,48.6
CanadaCentral,6/11/1989,54,70.2,65.6,49.8
CanadaCentral,6/12/1989,44.1,56.2,63.2,47.4
CanadaCentral,6/13/1989,44.1,63.2,63.9,41.6
CanadaCentral,6/14/1989,36.5,72.2,72.1,42.2
CanadaCentral,6/15/1989,46,80.8,79.1,46.2
CanadaCentral,6/16/1989,56,84.1,79.9,51.1
CanadaCentral,6/17/1989,51.2,74.6,80,51.1
CanadaCentral,6/18/1989,46.3,81.2,81.7,48.6
CanadaCentral,6/19/1989,48.3,89.4,80,48.2
CanadaCentral,6/20/1989,50.1,69.5,75.9,47.8
CanadaCentral,6/21/1989,45,68.6,69.7,47.2
CanadaCentral,6/22/1989,46.6,71,71.3,45.8
CanadaCentral,6/23/1989,45.7,74.3,72.7,45.7
CanadaCentral,6/24/1989,44.8,72.9,73.8,45.8
CanadaCentral,6/25/1989,47,74.2,70.6,45.6
CanadaCentral,6/26/1989,44.9,64.6,72,43.8
CanadaCentral,6/27/1989,39.5,77.1,73.5,47
CanadaCentral,6/28/1989,56.7,78.9,79.8,50.3
CanadaCentral,6/29/1989,54.8,83.5,83.9,56.5
CanadaCentral,6/30/1989,57.9,89.5,87.2,57.5
CanadaCentral,7/1/1989,59.9,88.6,85.7,57.9
CanadaCentral,7/2/1989,55.9,79.1,82.9,55.6
CanadaCentral,7/3/1989,50.9,81.1,85.3,54.2
CanadaCentral,7/4/1989,55.7,95.7,88.3,53.4
CanadaCentral,7/5/1989,53.6,88.2,86.8,53.2
CanadaCentral,7/6/1989,50.4,76.4,86.1,54.5
CanadaCentral,7/7/1989,59.3,93.8,86.8,56.3
CanadaCentral,7/8/1989,59.2,90.1,85.9,57.6
CanadaCentral,7/9/1989,54.3,73.8,78.6,55
CanadaCentral,7/10/1989,51.5,71.8,75.2,53.9
CanadaCentral,7/11/1989,55.8,80,76.4,53.1
CanadaCentral,7/12/1989,51.9,77.3,78.1,54.1
CanadaCentral,7/13/1989,54.7,77,78.4,53
CanadaCentral,7/14/1989,52.4,80.8,80.5,53.2
CanadaCentral,7/15/1989,52.3,83.9,83.3,52
CanadaCentral,7/16/1989,51.3,85.2,83.6,53.1
CanadaCentral,7/17/1989,55.6,81.6,83.9,53
CanadaCentral,7/18/1989,52.1,84.8,85.4,54.4
CanadaCentral,7/19/1989,55.4,89.8,90,55.9
CanadaCentral,7/20/1989,60.1,95.4,93.1,59.3
CanadaCentral,7/21/1989,62.4,94.1,92.8,62.5
CanadaCentral,7/22/1989,65,89,90.8,62
CanadaCentral,7/23/1989,58.4,89.3,90.5,62.5
CanadaCentral,7/24/1989,64,93.1,87.9,60.2
CanadaCentral,7/25/1989,58.3,81.2,85.5,57.5
CanadaCentral,7/26/1989,50.3,82.2,77.2,52.7
CanadaCentral,7/27/1989,49.7,68.2,74.6,51.8
CanadaCentral,7/28/1989,55.3,73.4,73.8,53.8
CanadaCentral,7/29/1989,56.5,79.7,80.3,54.9
CanadaCentral,7/30/1989,53,87.9,88.1,57.5
CanadaCentral,7/31/1989,63,96.6,95.1,59.8
CanadaCentral,8/1/1989,63.4,100.7,96.5,62.6
CanadaCentral,8/2/1989,61.3,92.1,92.6,60.2
CanadaCentral,8/3/1989,56,84.9,83.7,57.7
CanadaCentral,8/4/1989,55.7,74.1,76.4,53.9
CanadaCentral,8/5/1989,50,70.1,73,48
CanadaCentral,8/6/1989,38.2,74.7,75.6,43.2
CanadaCentral,8/7/1989,41.3,81.9,81,41.4
CanadaCentral,8/8/1989,44.8,86.4,86.5,44.7
CanadaCentral,8/9/1989,48.1,91.3,89.5,49.7
CanadaCentral,8/10/1989,56.3,90.9,91.8,53.9
CanadaCentral,8/11/1989,57.3,93.2,91.9,57.3
CanadaCentral,8/12/1989,58.3,91.5,83.3,57.3
CanadaCentral,8/13/1989,56.2,65.3,76.5,53.7
CanadaCentral,8/14/1989,46.5,72.6,72.5,48.1
CanadaCentral,8/15/1989,41.8,79.7,79,45.3
CanadaCentral,8/16/1989,47.6,84.7,82.9,48.8
CanadaCentral,8/17/1989,57,84.4,83.4,52.8
CanadaCentral,8/18/1989,53.8,81,77.7,53.4
CanadaCentral,8/19/1989,49.4,67.6,70.4,49.3
CanadaCentral,8/20/1989,44.6,62.5,70.3,49.3
CanadaCentral,8/21/1989,53.7,81,76.7,50.9
CanadaCentral,8/22/1989,54.3,86.6,87.9,53.7
CanadaCentral,8/23/1989,53.2,96.2,90.7,57.4
CanadaCentral,8/24/1989,64.7,89.2,88.1,57.5
CanadaCentral,8/25/1989,54.7,78.9,78.9,55.9
CanadaCentral,8/26/1989,48.2,68.4,73.2,48.8
CanadaCentral,8/27/1989,43.5,72.2,67.4,46.6
CanadaCentral,8/28/1989,48.2,61.6,67.1,44
CanadaCentral,8/29/1989,40.3,67.6,65.8,46
CanadaCentral,8/30/1989,49.5,68.2,65.5,46.7
CanadaCentral,8/31/1989,50.3,60.9,67.3,49.7
CanadaCentral,9/1/1989,49.4,72.7,71.3,48.9
CanadaCentral,9/2/1989,46.9,80.3,74.2,49.9
CanadaCentral,9/3/1989,53.5,69.7,74.4,50.1
CanadaCentral,9/4/1989,49.9,73.2,75.1,50.1
CanadaCentral,9/5/1989,47,82.5,74.8,50.2
CanadaCentral,9/6/1989,53.8,68.7,71.9,49.6
CanadaCentral,9/7/1989,48.2,64.6,63.4,48.5
CanadaCentral,9/8/1989,43.5,56.8,58.7,42
CanadaCentral,9/9/1989,34.3,54.7,52.7,34.4
CanadaCentral,9/10/1989,25.5,46.6,50.2,29.7
CanadaCentral,9/11/1989,29.2,49.2,51,28.3
CanadaCentral,9/12/1989,30.2,57.2,59.8,33.5
CanadaCentral,9/13/1989,41.2,72.9,70.3,37.6
CanadaCentral,9/14/1989,41.3,80.7,77.6,42.8
CanadaCentral,9/15/1989,46,79.4,80.1,42.3
CanadaCentral,9/16/1989,39.7,80.4,82.7,45.3
CanadaCentral,9/17/1989,50.3,88.3,74.8,45.6
CanadaCentral,9/18/1989,46.8,55.8,68.6,47.8
CanadaCentral,9/19/1989,46.3,61.7,61.2,46
CanadaCentral,9/20/1989,44.9,66.2,66.6,40.9
CanadaCentral,9/21/1989,31.4,72,62.2,34.7
CanadaCentral,9/22/1989,27.7,48.5,60.5,27.6
CanadaCentral,9/23/1989,23.6,61.1,59.2,30.4
CanadaCentral,9/24/1989,39.9,68.1,61.6,30.4
CanadaCentral,9/25/1989,27.7,55.7,65.5,33
CanadaCentral,9/26/1989,31.3,72.9,70.1,35.6
CanadaCentral,9/27/1989,47.8,81.8,74.5,39.9
CanadaCentral,9/28/1989,40.7,68.8,76.2,41.7
CanadaCentral,9/29/1989,36.7,78,77.5,40.1
CanadaCentral,9/30/1989,42.9,85.8,72,36.3
CanadaCentral,10/1/1989,29.5,52,57.4,30.8
CanadaCentral,10/2/1989,20.1,34.4,45.4,21.2
CanadaCentral,10/3/1989,14.1,49.8,45,18.9
CanadaCentral,10/4/1989,22.6,50.8,50.2,23.4
CanadaCentral,10/5/1989,33.5,50.1,49.3,26.6
CanadaCentral,10/6/1989,23.8,46.9,51.6,27.2
CanadaCentral,10/7/1989,24.4,57.9,54.5,25
CanadaCentral,10/8/1989,26.9,58.6,58.2,29.1
CanadaCentral,10/9/1989,36,58,62.7,34.2
CanadaCentral,10/10/1989,39.7,71.3,62.5,37.5
CanadaCentral,10/11/1989,36.7,58.2,64.5,37.3
CanadaCentral,10/12/1989,35.5,64.1,62.3,35.1
CanadaCentral,10/13/1989,33.1,64.5,61.3,31.8
CanadaCentral,10/14/1989,26.7,55.1,54.2,30.2
CanadaCentral,10/15/1989,30.7,42.9,46.6,26.1
CanadaCentral,10/16/1989,20.9,41.7,40.6,23
CanadaCentral,10/17/1989,17.5,37.2,43.7,18.9
CanadaCentral,10/18/1989,18.3,52.3,49.2,21.2
CanadaCentral,10/19/1989,28,58.3,58.6,22.9
CanadaCentral,10/20/1989,22.4,65.1,64.1,27.7
CanadaCentral,10/21/1989,32.6,68.7,69.4,30
CanadaCentral,10/22/1989,35.1,74.3,71.3,32.3
CanadaCentral,10/23/1989,29.2,70.8,72.4,34.9
CanadaCentral,10/24/1989,40.5,72.1,70.6,35.6
CanadaCentral,10/25/1989,37,68.9,65.6,36.2
CanadaCentral,10/26/1989,31.1,55.9,55.6,33.3
CanadaCentral,10/27/1989,31.8,42,45.2,30
CanadaCentral,10/28/1989,27,37.6,40,27
CanadaCentral,10/29/1989,22,40.4,40.6,22.5
CanadaCentral,10/30/1989,18.3,43.8,38.6,20.8
CanadaCentral,10/31/1989,22.1,31.8,38,19.7
CanadaCentral,11/1/1989,18.7,38.5,31.9,16.5
CanadaCentral,11/2/1989,8.6,25.4,34.3,17.5
CanadaCentral,11/3/1989,25.2,39,34.1,20.9
CanadaCentral,11/4/1989,28.8,37.9,37.2,27.2
CanadaCentral,11/5/1989,27.5,34.7,37.4,28.2
CanadaCentral,11/6/1989,28.3,39.7,39.1,26.6
CanadaCentral,11/7/1989,23.9,43,39.8,25.3
CanadaCentral,11/8/1989,23.6,36.7,37.8,22.3
CanadaCentral,11/9/1989,19.4,33.7,40.4,20.1
CanadaCentral,11/10/1989,17.3,50.9,39.9,18.6
CanadaCentral,11/11/1989,19.2,34.9,38.4,18.7
CanadaCentral,11/12/1989,19.8,29.5,29.4,18.7
CanadaCentral,11/13/1989,17.2,23.9,28.4,17.2
CanadaCentral,11/14/1989,14.7,31.8,23.8,7.9
CanadaCentral,11/15/1989,-8.3,15.6,24.3,-1.1
CanadaCentral,11/16/1989,-9.7,25.4,17.9,-6.8
CanadaCentral,11/17/1989,-2.5,12.7,26.1,-1
CanadaCentral,11/18/1989,9.2,40.1,35.1,14
CanadaCentral,11/19/1989,35.4,52.5,43.3,23.3
CanadaCentral,11/20/1989,25.3,37.4,40.1,25
CanadaCentral,11/21/1989,14.4,30.2,31.5,11.8
CanadaCentral,11/22/1989,-4.2,26.9,23.8,0.9
CanadaCentral,11/23/1989,-7.5,14.3,25.5,0.3
CanadaCentral,11/24/1989,12.5,35.4,27,6.8
CanadaCentral,11/25/1989,15.4,31.4,30.7,13.4
CanadaCentral,11/26/1989,12.4,25.2,22.3,7.8
CanadaCentral,11/27/1989,-4.5,10.1,22,4.5
CanadaCentral,11/28/1989,5.4,30.8,27,7.6
CanadaCentral,11/29/1989,22,40.2,36.9,15.6
CanadaCentral,11/30/1989,19.5,39.8,37.8,17.7
CanadaCentral,12/1/1989,11.6,33.3,29.6,10.8
CanadaCentral,12/2/1989,1.4,15.9,29.6,9.2
CanadaCentral,12/3/1989,14.5,39.5,31.2,14.9
CanadaCentral,12/4/1989,28.7,38.2,36.8,15.3
CanadaCentral,12/5/1989,2.6,32.7,26.8,9.3
CanadaCentral,12/6/1989,-3.5,9.6,21.8,-0.7
CanadaCentral,12/7/1989,-1.3,23,19.4,1.5
CanadaCentral,12/8/1989,9.3,25.6,21.9,2.1
CanadaCentral,12/9/1989,-1.8,16.9,16.8,-2.2
CanadaCentral,12/10/1989,-14.2,7.9,7,-11.4
CanadaCentral,12/11/1989,-18.2,-3.7,1.7,-17.9
CanadaCentral,12/12/1989,-21.3,1,-3.8,-22.3
CanadaCentral,12/13/1989,-27.3,-8.6,-7.1,-26.9
CanadaCentral,12/14/1989,-32.1,-13.6,-7.5,-28.2
CanadaCentral,12/15/1989,-25.2,-0.2,-2.6,-23.3
CanadaCentral,12/16/1989,-12.8,6,-0.8,-21.5
CanadaCentral,12/17/1989,-26.5,-8.3,-6.4,-23.3
CanadaCentral,12/18/1989,-30.6,-16.9,-14.1,-31.3
CanadaCentral,12/19/1989,-36.7,-17.2,-20.2,-34.6
CanadaCentral,12/20/1989,-36.4,-26.7,-22.6,-36.5
CanadaCentral,12/21/1989,-36.5,-23.9,-18.1,-34.7
CanadaCentral,12/22/1989,-31.2,-3.7,2.7,-21.9
CanadaCentral,12/23/1989,2,35.6,23.5,-2.2
CanadaCentral,12/24/1989,22.7,38.5,34.7,10.1
CanadaCentral,12/25/1989,5.5,30.1,35.6,13.3
CanadaCentral,12/26/1989,11.7,38.2,34.4,12.1
CanadaCentral,12/27/1989,19.3,34.9,32.9,8.1
CanadaCentral,12/28/1989,-6.7,25.6,24.6,0.7
CanadaCentral,12/29/1989,-10.6,13.4,21.7,-2.3
CanadaCentral,12/30/1989,10.3,26.1,19.7,0.2
CanadaCentral,12/31/1989,1,19.4,27.7,4
CanadaCentral,1/1/1990,0.8,37.7,26.5,4.4
CanadaCentral,1/2/1990,11.4,22.5,28,3.1
CanadaCentral,1/3/1990,-3,23.8,18.8,0.1
CanadaCentral,1/4/1990,-8.2,10.2,15.3,-7.7
CanadaCentral,1/5/1990,-11.9,11.8,20.7,-3.2
CanadaCentral,1/6/1990,10.6,40.3,30.3,5.7
CanadaCentral,1/7/1990,18.3,38.9,38.9,15.4
CanadaCentral,1/8/1990,17.2,37.5,35.1,14.8
CanadaCentral,1/9/1990,8.9,29,35.9,17.1
CanadaCentral,1/10/1990,25.1,41.3,31.9,14
CanadaCentral,1/11/1990,8,25.5,31.5,11.6
CanadaCentral,1/12/1990,1.6,27.6,26.8,8
CanadaCentral,1/13/1990,14.3,27.5,27.6,9.6
CanadaCentral,1/14/1990,12.8,27.7,29.3,15.8
CanadaCentral,1/15/1990,20.3,32.8,28.1,17.1
CanadaCentral,1/16/1990,18.2,23.8,26.1,16
CanadaCentral,1/17/1990,9.4,21.7,23.2,11.3
CanadaCentral,1/18/1990,6.2,24,23.4,7.7
CanadaCentral,1/19/1990,7.6,24.6,25.9,6.4
CanadaCentral,1/20/1990,5.3,29.1,29.4,10.1
CanadaCentral,1/21/1990,17.4,34.4,31.6,13.2
CanadaCentral,1/22/1990,16.8,31.4,32.8,19.3
CanadaCentral,1/23/1990,23.8,32.8,30.6,16.9
CanadaCentral,1/24/1990,10.1,27.7,28.6,11.9
CanadaCentral,1/25/1990,1.9,25.2,29.7,4.1
CanadaCentral,1/26/1990,0.4,36.3,24.6,-1.6
CanadaCentral,1/27/1990,-7.1,12.4,18.3,-4.1
CanadaCentral,1/28/1990,-5.6,6.2,14,-9.3
CanadaCentral,1/29/1990,-15.1,23.5,6.3,-15.4
CanadaCentral,1/30/1990,-25.4,-10.7,-0.9,-22.8
CanadaCentral,1/31/1990,-27.8,-15.5,-12,-28.3
CanadaCentral,2/1/1990,-31.8,-9.9,-4.4,-23.4
CanadaCentral,2/2/1990,-10.5,12.1,12,-14.8
CanadaCentral,2/3/1990,-2.2,33.8,27.2,-0.5
CanadaCentral,2/4/1990,11.1,35.9,33.6,4.6
CanadaCentral,2/5/1990,5,31.1,34.3,13
CanadaCentral,2/6/1990,23,35.9,33.4,14.8
CanadaCentral,2/7/1990,16.6,33.2,33,17
CanadaCentral,2/8/1990,11.4,30,25.9,7.9
CanadaCentral,2/9/1990,-4.2,14.5,25.3,2.4
CanadaCentral,2/10/1990,0.1,31.3,26.8,5
CanadaCentral,2/11/1990,19.2,34.6,33.8,2.2
CanadaCentral,2/12/1990,-12.6,35.4,20.8,-4.3
CanadaCentral,2/13/1990,-19.6,-7.7,13.7,-16
CanadaCentral,2/14/1990,-15.8,13.4,3.2,-15.6
CanadaCentral,2/15/1990,-11.4,3.8,4.4,-15
CanadaCentral,2/16/1990,-17.8,-4.1,1.2,-14
CanadaCentral,2/17/1990,-12.9,3.9,1.6,-14.8
CanadaCentral,2/18/1990,-13.7,5,14.3,-10.7
CanadaCentral,2/19/1990,-5.6,33.8,27.2,0.7
CanadaCentral,2/20/1990,21.4,42.8,36.7,12.1
CanadaCentral,2/21/1990,20.3,33.6,36.1,17.2
CanadaCentral,2/22/1990,9.8,31.9,33.1,9.3
CanadaCentral,2/23/1990,-2.3,33.7,22,-2
CanadaCentral,2/24/1990,-13.7,0.3,19.9,-9.2
CanadaCentral,2/25/1990,-11.6,25.6,19.3,-7.8
CanadaCentral,2/26/1990,1.8,32.1,28.1,-5.5
CanadaCentral,2/27/1990,-6.5,26.5,34.6,4.8
CanadaCentral,2/28/1990,19.3,45.2,38,11.9
CanadaCentral,3/1/1990,23,42.2,36.9,17.1
CanadaCentral,3/2/1990,8.9,23.1,36.1,15.7
CanadaCentral,3/3/1990,15.3,42.8,28.9,9.8
CanadaCentral,3/4/1990,5.1,20.9,32.8,10
CanadaCentral,3/5/1990,9.6,34.8,32.5,10.2
CanadaCentral,3/6/1990,15.9,42,41,19.2
CanadaCentral,3/7/1990,32,46.2,43.9,26.7
CanadaCentral,3/8/1990,32.2,43.3,44.1,29.6
CanadaCentral,3/9/1990,24.7,42.6,45.6,26.6
CanadaCentral,3/10/1990,22.9,50.8,46,25.8
CanadaCentral,3/11/1990,29.8,44.7,44.2,27.9
CanadaCentral,3/12/1990,31.1,37.1,37.8,28.2
CanadaCentral,3/13/1990,23.6,31.7,32.5,26.2
CanadaCentral,3/14/1990,24,28.7,29.3,23.3
CanadaCentral,3/15/1990,22.3,27.3,30.9,23.9
CanadaCentral,3/16/1990,25.3,36.7,32.3,21.2
CanadaCentral,3/17/1990,15.9,33,31.4,17
CanadaCentral,3/18/1990,9.7,24.7,33.6,13.8
CanadaCentral,3/19/1990,15.7,43.2,34.5,17.2
CanadaCentral,3/20/1990,26.1,35.5,36.7,18.7
CanadaCentral,3/21/1990,14.2,31.3,27.6,14.5
CanadaCentral,3/22/1990,3.1,16,22.2,6.6
CanadaCentral,3/23/1990,2.5,19.5,21.3,3.7
CanadaCentral,3/24/1990,5.7,28.5,24.7,6.5
CanadaCentral,3/25/1990,11.2,26.2,31.2,8.5
CanadaCentral,3/26/1990,8.6,38.9,34.8,13.7
CanadaCentral,3/27/1990,21.2,39.4,39.1,18.7
CanadaCentral,3/28/1990,26.4,39,42.3,23.7
CanadaCentral,3/29/1990,23.6,48.4,46.9,27.3
CanadaCentral,3/30/1990,31.9,53.3,50,28.9
CanadaCentral,3/31/1990,31.3,48.2,47.9,30.4
CanadaCentral,4/1/1990,27.9,42.2,46.7,28.3
CanadaCentral,4/2/1990,25.8,49.8,48.4,28.9
CanadaCentral,4/3/1990,33.1,53.2,46.4,28.2
CanadaCentral,4/4/1990,25.8,36.3,39.7,25.6
CanadaCentral,4/5/1990,17.8,29.7,36.2,20.8
CanadaCentral,4/6/1990,18.8,42.5,39.2,21.5
CanadaCentral,4/7/1990,27.8,45.3,41.6,24.9
CanadaCentral,4/8/1990,28,37.1,39.3,25.8
CanadaCentral,4/9/1990,21.4,35.5,33.6,22.6
CanadaCentral,4/10/1990,18.2,28.2,34.2,19.8
CanadaCentral,4/11/1990,19.9,38.8,38.5,19.8
CanadaCentral,4/12/1990,21.2,48.4,46.4,22.6
CanadaCentral,4/13/1990,26.9,52.1,48.4,26
CanadaCentral,4/14/1990,30,44.6,48,29
CanadaCentral,4/15/1990,30.1,47.4,43.9,27.8
CanadaCentral,4/16/1990,23.3,39.8,48,25.8
CanadaCentral,4/17/1990,24,57,55.6,25.6
CanadaCentral,4/18/1990,29.7,70,65.6,30.4
CanadaCentral,4/19/1990,37.6,69.8,73.8,35.1
CanadaCentral,4/20/1990,38,81.5,76.8,39.7
CanadaCentral,4/21/1990,43.5,79.3,81.3,42.6
CanadaCentral,4/22/1990,46.3,83.1,78.6,44.3
CanadaCentral,4/23/1990,43.1,73.6,76.4,43.6
CanadaCentral,4/24/1990,41.4,72.5,66.6,41.4
CanadaCentral,4/25/1990,39.8,53.6,56.5,36.4
CanadaCentral,4/26/1990,27.9,43.4,41.3,29.2
CanadaCentral,4/27/1990,19.9,26.9,33.8,22
CanadaCentral,4/28/1990,18.3,31.2,30.4,18.5
CanadaCentral,4/29/1990,17.4,33.2,33.5,18.2
CanadaCentral,4/30/1990,19,35.9,39.1,20.6
CanadaCentral,5/1/1990,25.6,48.2,44.8,24.7
CanadaCentral,5/2/1990,29.6,50.2,50.3,28.5
CanadaCentral,5/3/1990,30.4,52.6,54.3,33.1
CanadaCentral,5/4/1990,39.5,60.2,60.8,33.8
CanadaCentral,5/5/1990,31.6,69.5,70.2,38
CanadaCentral,5/6/1990,42.8,81,70.8,37.5
CanadaCentral,5/7/1990,38,61.9,63.1,37.3
CanadaCentral,5/8/1990,31.1,46.6,53.8,31.2
CanadaCentral,5/9/1990,24.7,52.8,53.6,29
CanadaCentral,5/10/1990,31.2,61.3,56.2,29
CanadaCentral,5/11/1990,31.3,54.3,58.1,29.4
CanadaCentral,5/12/1990,25.7,58.8,56.9,31.4
CanadaCentral,5/13/1990,37.1,57.6,59.8,31.8
CanadaCentral,5/14/1990,32.6,63.1,59,36.3
CanadaCentral,5/15/1990,39.1,56.2,55.1,35.3
CanadaCentral,5/16/1990,34.2,45.9,52.9,34.7
CanadaCentral,5/17/1990,30.8,56.6,53.8,33
CanadaCentral,5/18/1990,34,58.9,61.1,35.6
CanadaCentral,5/19/1990,42.1,67.9,61.7,39.1
CanadaCentral,5/20/1990,41.2,58.3,63.1,42.6
CanadaCentral,5/21/1990,44.6,63.3,63.2,41.8
CanadaCentral,5/22/1990,39.5,68.2,68.2,41.5
CanadaCentral,5/23/1990,40.2,73,73.2,43.1
CanadaCentral,5/24/1990,49.6,78.4,75.2,47.2
CanadaCentral,5/25/1990,51.6,74.1,73.7,49.4
CanadaCentral,5/26/1990,47.1,68.7,71.7,46.9
CanadaCentral,5/27/1990,42.1,72.2,72.3,45.7
CanadaCentral,5/28/1990,48,75.9,74.6,45.4
CanadaCentral,5/29/1990,46.1,75.9,77.1,48.5
CanadaCentral,5/30/1990,51.5,79.7,77.7,51.5
CanadaCentral,5/31/1990,56.8,77.7,78.2,54.7
CanadaCentral,6/1/1990,55.7,77.4,70.7,49.8
CanadaCentral,6/2/1990,36.8,57.2,64.8,41.5
CanadaCentral,6/3/1990,32.1,59.9,61.1,38
CanadaCentral,6/4/1990,45.2,66.4,63.3,41
CanadaCentral,6/5/1990,45.7,63.6,67.9,44.5
CanadaCentral,6/6/1990,42.8,73.8,69.1,45.5
CanadaCentral,6/7/1990,48.2,69.8,72.2,47.1
CanadaCentral,6/8/1990,50.4,73.1,74,48.6
CanadaCentral,6/9/1990,47.2,79,80.2,50
CanadaCentral,6/10/1990,52.6,88.5,80.9,50.1
CanadaCentral,6/11/1990,50.6,75.3,79.3,50.1
CanadaCentral,6/12/1990,47.2,74.2,72.9,46.8
CanadaCentral,6/13/1990,42.6,69.1,68.5,44.5
CanadaCentral,6/14/1990,43.7,62.2,66.2,43.5
CanadaCentral,6/15/1990,44.3,67.3,64.9,44.9
CanadaCentral,6/16/1990,46.6,65.1,67.5,49.2
CanadaCentral,6/17/1990,56.7,70.2,71.4,52.7
CanadaCentral,6/18/1990,54.9,78.7,74,53.7
CanadaCentral,6/19/1990,49.5,72.9,75.6,50.7
CanadaCentral,6/20/1990,47.6,75.3,74.3,48.5
CanadaCentral,6/21/1990,48.3,74.6,75.1,47.3
CanadaCentral,6/22/1990,45.9,75.3,76.3,47.7
CanadaCentral,6/23/1990,49,79.1,81.4,51.3
CanadaCentral,6/24/1990,59,89.7,84.7,55.3
CanadaCentral,6/25/1990,58,85.4,88,57.7
CanadaCentral,6/26/1990,56.2,89.1,83.9,58
CanadaCentral,6/27/1990,59.9,77.3,82.2,58
CanadaCentral,6/28/1990,57.9,80.2,78.8,57.1
CanadaCentral,6/29/1990,53.5,79,81.4,54.2
CanadaCentral,6/30/1990,51.3,85.1,83.4,55.8
CanadaCentral,7/1/1990,62.6,86.1,84.4,58.9
CanadaCentral,7/2/1990,62.9,82.1,80.6,61
CanadaCentral,7/3/1990,57.3,73.6,71.9,55.8
CanadaCentral,7/4/1990,47.1,60,66.9,51.6
CanadaCentral,7/5/1990,50.3,67.3,66.1,49.7
CanadaCentral,7/6/1990,51.8,71.2,70.3,51.3
CanadaCentral,7/7/1990,51.8,72.3,72.7,51.7
CanadaCentral,7/8/1990,51.6,74.6,74.3,51.4
CanadaCentral,7/9/1990,50.9,76.1,74.2,51.8
CanadaCentral,7/10/1990,53,71.8,73.9,51
CanadaCentral,7/11/1990,49.2,73.9,74.1,50
CanadaCentral,7/12/1990,47.8,76.7,78,49.6
CanadaCentral,7/13/1990,51.7,83.5,80.2,50.5
CanadaCentral,7/14/1990,52.1,80.3,79.7,50.2
CanadaCentral,7/15/1990,47,75.3,79.3,49.3
CanadaCentral,7/16/1990,48.8,82.1,76.7,49.4
CanadaCentral,7/17/1990,52.3,72.5,75,49.5
CanadaCentral,7/18/1990,47.4,70.3,70.5,48.1
CanadaCentral,7/19/1990,44.6,68.6,69.5,45.8
CanadaCentral,7/20/1990,45.5,69.5,69.8,44.1
CanadaCentral,7/21/1990,42.4,71.3,71.9,44.7
CanadaCentral,7/22/1990,46.3,75,75.5,45.4
CanadaCentral,7/23/1990,47.5,80.1,81.5,47.5
CanadaCentral,7/24/1990,48.6,89.3,84.6,49.7
CanadaCentral,7/25/1990,53,84.5,84.5,53.8
CanadaCentral,7/26/1990,59.7,79.6,81.6,57.5
CanadaCentral,7/27/1990,59.8,80.6,78.3,57.7
CanadaCentral,7/28/1990,53.5,74.8,75.3,54.7
CanadaCentral,7/29/1990,50.8,70.6,73,49.3
CanadaCentral,7/30/1990,43.5,73.7,76.5,46.5
CanadaCentral,7/31/1990,45.1,85.2,81.2,49.3
CanadaCentral,8/1/1990,59.5,84.8,84.7,53.5
CanadaCentral,8/2/1990,56.1,84.2,81,55.6
CanadaCentral,8/3/1990,51.3,74,76.8,50.1
CanadaCentral,8/4/1990,42.9,72.2,76,46.9
CanadaCentral,8/5/1990,46.4,81.8,81.4,45.6
CanadaCentral,8/6/1990,47.4,90.2,89.2,51.2
CanadaCentral,8/7/1990,59.8,95.5,89.7,54
CanadaCentral,8/8/1990,54.9,83.2,84.9,54.9
CanadaCentral,8/9/1990,50.1,76,78.5,50.2
CanadaCentral,8/10/1990,45.6,76.3,71.3,48.1
CanadaCentral,8/11/1990,48.7,61.5,71.5,46.8
CanadaCentral,8/12/1990,46.2,76.7,74.3,48.5
CanadaCentral,8/13/1990,50.5,84.8,78.7,47.6
CanadaCentral,8/14/1990,46.2,74.6,84.1,50.2
CanadaCentral,8/15/1990,54.1,93,83.4,52.8
CanadaCentral,8/16/1990,58.3,82.7,82,53.9
CanadaCentral,8/17/1990,49.5,70.3,71.2,52.2
CanadaCentral,8/18/1990,48.8,60.7,66.9,50.9
CanadaCentral,8/19/1990,54.4,69.8,70.1,51.6
CanadaCentral,8/20/1990,51.8,79.9,77.8,53
CanadaCentral,8/21/1990,52.8,83.7,83.7,54.7
CanadaCentral,8/22/1990,59.7,87.6,84,57.4
CanadaCentral,8/23/1990,59.9,80.6,79.3,58.2
CanadaCentral,8/24/1990,55,69.7,71,56.6
CanadaCentral,8/25/1990,54.9,62.8,66.9,55.3
CanadaCentral,8/26/1990,56.1,68.3,67.2,55.1
CanadaCentral,8/27/1990,54.5,70.3,72,53.1
CanadaCentral,8/28/1990,48.7,77.5,76.9,50.4
CanadaCentral,8/29/1990,48.1,82.9,82.6,49
CanadaCentral,8/30/1990,50.2,87.4,81.9,49.6
CanadaCentral,8/31/1990,50.6,75.5,80.9,48.7
CanadaCentral,9/1/1990,45.4,79.9,81.3,49.2
CanadaCentral,9/2/1990,51.5,88.6,84.9,52.2
CanadaCentral,9/3/1990,59.8,86.1,82.9,51.4
CanadaCentral,9/4/1990,42.9,74.1,82.6,51.8
CanadaCentral,9/5/1990,52.8,87.7,79.9,47.8
CanadaCentral,9/6/1990,47.6,77.9,83.5,48.4
CanadaCentral,9/7/1990,45,85.1,79.4,46.5
CanadaCentral,9/8/1990,46.8,75.4,75.5,44.7
CanadaCentral,9/9/1990,42.2,66.1,75,42.9
CanadaCentral,9/10/1990,39.6,83.5,77.7,45.7
CanadaCentral,9/11/1990,55.2,83.6,81.3,46.5
CanadaCentral,9/12/1990,44.6,76.8,75.3,47.9
CanadaCentral,9/13/1990,44,65.5,72.6,41.5
CanadaCentral,9/14/1990,35.9,75.4,67.9,39.4
CanadaCentral,9/15/1990,38.3,62.8,67.1,35.3
CanadaCentral,9/16/1990,31.6,63,66.4,39.4
CanadaCentral,9/17/1990,48.3,73.5,67.9,38
CanadaCentral,9/18/1990,34,67.1,71.4,39.6
CanadaCentral,9/19/1990,36.6,73.5,67.3,38.5
CanadaCentral,9/20/1990,44.9,61.1,62.5,39.9
CanadaCentral,9/21/1990,38.2,52.7,55.8,38.5
CanadaCentral,9/22/1990,32.5,53.7,59.3,33.8
CanadaCentral,9/23/1990,30.6,71.5,68.6,35.2
CanadaCentral,9/24/1990,42.5,80.7,77.4,39.8
CanadaCentral,9/25/1990,46.3,79.9,77.4,44
CanadaCentral,9/26/1990,43.2,71.7,70.2,42
CanadaCentral,9/27/1990,36.6,59,60.1,36.9
CanadaCentral,9/28/1990,30.8,49.6,52.5,32
CanadaCentral,9/29/1990,28.5,49,52.7,30.5
CanadaCentral,9/30/1990,32.2,59.5,58.5,30.2
CanadaCentral,10/1/1990,29.8,67,63.9,34.7
CanadaCentral,10/2/1990,42.3,65.1,62.2,36.4
CanadaCentral,10/3/1990,37.3,54.6,55.6,36.4
CanadaCentral,10/4/1990,29.5,47,54.1,32.2
CanadaCentral,10/5/1990,29.9,60.6,49.9,28.2
CanadaCentral,10/6/1990,25.1,42.1,49.4,23.5
CanadaCentral,10/7/1990,15.4,45.3,46.5,20.5
CanadaCentral,10/8/1990,20.9,52.1,52.1,20.1
CanadaCentral,10/9/1990,24,59,57.8,26.4
CanadaCentral,10/10/1990,34.2,62.2,55.5,26
CanadaCentral,10/11/1990,19.7,45.4,51.4,23.8
CanadaCentral,10/12/1990,17.4,46.5,49.6,21.1
CanadaCentral,10/13/1990,26.3,56.9,51.1,23.2
CanadaCentral,10/14/1990,25.9,49.7,52.1,23.9
CanadaCentral,10/15/1990,19.5,49.8,47.8,21.7
CanadaCentral,10/16/1990,19.9,44,44.4,18.2
CanadaCentral,10/17/1990,15.3,39.5,42.4,15.7
CanadaCentral,10/18/1990,11.9,43.8,46.7,18.4
CanadaCentral,10/19/1990,28,56.8,46.7,21.8
CanadaCentral,10/20/1990,25.6,39.3,48.1,23.2
CanadaCentral,10/21/1990,16.1,48.2,47.1,23.5
CanadaCentral,10/22/1990,28.8,53.6,49.6,22.4
CanadaCentral,10/23/1990,22.3,47,48,22.7
CanadaCentral,10/24/1990,17.1,43.4,53.6,23.3
CanadaCentral,10/25/1990,30.5,70.3,60.4,28
CanadaCentral,10/26/1990,36.5,67.4,60.4,31
CanadaCentral,10/27/1990,26.1,43.5,56.4,28.5
CanadaCentral,10/28/1990,22.7,58.3,51.9,25.8
CanadaCentral,10/29/1990,28.6,54.1,58,24.5
CanadaCentral,10/30/1990,22.2,61.5,61.6,28.1
CanadaCentral,10/31/1990,33.5,69.3,56.8,29.1
CanadaCentral,11/1/1990,31.4,39.7,47.3,28.4
CanadaCentral,11/2/1990,20.4,32.9,33.7,23
CanadaCentral,11/3/1990,17.1,28.6,33.5,17
CanadaCentral,11/4/1990,13.6,39,31.9,12.4
CanadaCentral,11/5/1990,6.4,28.1,31,8.1
CanadaCentral,11/6/1990,4.3,25.8,31.6,6.7
CanadaCentral,11/7/1990,9.3,40.8,37.7,11.4
CanadaCentral,11/8/1990,20.5,46.5,40.9,13.6
CanadaCentral,11/9/1990,11,35.3,40.3,12.6
CanadaCentral,11/10/1990,6.5,39.2,34.4,11.4
CanadaCentral,11/11/1990,16.8,28.7,34.3,13
CanadaCentral,11/12/1990,15.8,35,40.1,18.6
CanadaCentral,11/13/1990,23.2,56.5,48.5,21.6
CanadaCentral,11/14/1990,25.8,54,52.7,23.5
CanadaCentral,11/15/1990,21.6,47.7,49.4,21.4
CanadaCentral,11/16/1990,16.9,46.3,49.4,21.1
CanadaCentral,11/17/1990,24.7,54.3,47.7,20.1
CanadaCentral,11/18/1990,18.7,42.6,47.8,20.3
CanadaCentral,11/19/1990,17.5,46.6,44.6,18.7
CanadaCentral,11/20/1990,19.7,44.6,41.7,15.6
CanadaCentral,11/21/1990,9.5,34.1,32.5,9.7
CanadaCentral,11/22/1990,-0.3,18.9,23.1,4.5
CanadaCentral,11/23/1990,4.2,16.3,21.1,1.3
CanadaCentral,11/24/1990,-0.1,28.1,17.2,1
CanadaCentral,11/25/1990,-1.2,7.1,15.3,-5.5
CanadaCentral,11/26/1990,-15.2,10.7,9.9,-11.4
CanadaCentral,11/27/1990,-17.7,11.8,13.8,-13.1
CanadaCentral,11/28/1990,-6.4,18.7,23.5,-3.3
CanadaCentral,11/29/1990,14.3,39.9,33,4
CanadaCentral,11/30/1990,4.3,40.5,28.3,1.7
CanadaCentral,12/1/1990,-13.4,4.4,16.1,-7.2
CanadaCentral,12/2/1990,-12.7,3.6,6,-12.2
CanadaCentral,12/3/1990,-10.6,10,18,-8.8
CanadaCentral,12/4/1990,-3.2,40.6,29.2,1.1
CanadaCentral,12/5/1990,17.1,37.1,37.9,9
CanadaCentral,12/6/1990,13.1,36,36.8,18.5
CanadaCentral,12/7/1990,25.3,37.2,38.6,20.8
CanadaCentral,12/8/1990,23.9,42.5,39.4,25.4
CanadaCentral,12/9/1990,27.1,38.6,36.6,24.6
CanadaCentral,12/10/1990,22.8,28.8,32.3,24.1
CanadaCentral,12/11/1990,22.3,29.4,28.1,13.1
CanadaCentral,12/12/1990,-5.8,26.1,26,4.1
CanadaCentral,12/13/1990,-4.2,22.5,23.9,-3.9
CanadaCentral,12/14/1990,-1.5,23,24.2,-0.4
CanadaCentral,12/15/1990,4.6,27.2,23.9,-0.8
CanadaCentral,12/16/1990,-5.4,21.5,19.7,-5.5
CanadaCentral,12/17/1990,-15.6,10.3,12.7,-9.9
CanadaCentral,12/18/1990,-8.7,6.2,2.7,-16.8
CanadaCentral,12/19/1990,-26.1,-8.5,-8.4,-21.4
CanadaCentral,12/20/1990,-29.4,-22.8,-18.8,-31.1
CanadaCentral,12/21/1990,-38,-25,-20.3,-35.2
CanadaCentral,12/22/1990,-38.2,-13.2,-10.6,-32
CanadaCentral,12/23/1990,-19.8,6.6,0.5,-26
CanadaCentral,12/24/1990,-20.1,8,-0.5,-23.8
CanadaCentral,12/25/1990,-31.6,-16,-1.8,-29
CanadaCentral,12/26/1990,-35.4,2.4,4.9,-24.9
CanadaCentral,12/27/1990,-7.8,28.2,7.6,-23
CanadaCentral,12/28/1990,-26,-7.8,-0.7,-21.9
CanadaCentral,12/29/1990,-32,-22.7,-10.7,-29.3
CanadaCentral,12/30/1990,-29.9,-1.6,-9.6,-27.4
CanadaCentral,12/31/1990,-20.4,-4.5,-5.2,-24.4
CanadaCentral,1/1/1991,-23,-9.4,-5.2,-21.3
CanadaCentral,1/2/1991,-20.7,-1.7,-4.3,-19.8
CanadaCentral,1/3/1991,-15.7,-1.6,0.1,-16.3
CanadaCentral,1/4/1991,-12.6,3.8,0.7,-17.9
CanadaCentral,1/5/1991,-25.3,-0.2,-2.2,-23
CanadaCentral,1/6/1991,-31.1,-10.1,-5.2,-27.2
CanadaCentral,1/7/1991,-25,-5.3,-8.5,-29.5
CanadaCentral,1/8/1991,-32.2,-10.1,-8.7,-31.7
CanadaCentral,1/9/1991,-38,-10.7,-4.7,-27.1
CanadaCentral,1/10/1991,-11,6.7,1.6,-20.5
CanadaCentral,1/11/1991,-12.5,8.7,12.8,-10.7
CanadaCentral,1/12/1991,-8.6,23,17.7,-4.4
CanadaCentral,1/13/1991,7.9,21.4,25.7,4.3
CanadaCentral,1/14/1991,13.6,32.5,26.6,9.9
CanadaCentral,1/15/1991,8.2,25.8,26.3,8.5
CanadaCentral,1/16/1991,3.7,20.7,23.8,5.8
CanadaCentral,1/17/1991,5.6,24.8,27.4,11
CanadaCentral,1/18/1991,23.7,36.6,31.2,8
CanadaCentral,1/19/1991,-5.2,32.1,22,-0.1
CanadaCentral,1/20/1991,-18.7,-2.6,18.9,-11.4
CanadaCentral,1/21/1991,-10.5,27.3,19.6,-5.9
CanadaCentral,1/22/1991,11.6,33.9,25.4,-6.1
CanadaCentral,1/23/1991,-19.5,15,15.4,-11
CanadaCentral,1/24/1991,-25.1,-2.7,10.3,-15.7
CanadaCentral,1/25/1991,-2.4,18.7,12.2,-12.9
CanadaCentral,1/26/1991,-11.1,20.5,19.6,-4.6
CanadaCentral,1/27/1991,-0.2,19.7,13.6,-9.6
CanadaCentral,1/28/1991,-17.4,0.5,7.9,-13.7
CanadaCentral,1/29/1991,-23.6,3.5,4.1,-15.6
CanadaCentral,1/30/1991,-6,8.2,7.2,-13.2
CanadaCentral,1/31/1991,-10.1,10,17.9,-3.8
CanadaCentral,2/1/1991,4.6,35.6,29.6,9.5
CanadaCentral,2/2/1991,34.1,43.1,40.5,23.5
CanadaCentral,2/3/1991,31.9,42.8,41.6,29.8
CanadaCentral,2/4/1991,23.4,38.8,40.7,26.5
CanadaCentral,2/5/1991,24.4,40.5,39.9,24.8
CanadaCentral,2/6/1991,26.6,40.4,42,27.6
CanadaCentral,2/7/1991,31.8,45.2,41.2,26.3
CanadaCentral,2/8/1991,20.6,37.9,37.2,22.4
CanadaCentral,2/9/1991,14.8,28.6,27,13.3
CanadaCentral,2/10/1991,4.5,14.4,26.3,11
CanadaCentral,2/11/1991,13.8,35.8,26.9,12.9
CanadaCentral,2/12/1991,20.3,30.5,29.7,11
CanadaCentral,2/13/1991,-1.1,22.7,18.2,1.3
CanadaCentral,2/14/1991,-15.4,1.3,14.1,-11.3
CanadaCentral,2/15/1991,-17.5,18.2,14,-8.7
CanadaCentral,2/16/1991,6.9,22.5,22.3,2.3
CanadaCentral,2/17/1991,17.6,26.2,24.1,13.9
CanadaCentral,2/18/1991,17.2,23.7,28.1,17.1
CanadaCentral,2/19/1991,16.5,34.5,32.2,19.2
CanadaCentral,2/20/1991,24,38.3,35,14.8
CanadaCentral,2/21/1991,4,32.2,27.7,8.4
CanadaCentral,2/22/1991,-2.6,12.7,18.5,-1.4
CanadaCentral,2/23/1991,-5.4,10.8,12.1,-5.9
CanadaCentral,2/24/1991,-9.6,12.7,14.6,-4.7
CanadaCentral,2/25/1991,0.9,20.2,18,0.2
CanadaCentral,2/26/1991,9.2,21.1,19.3,3.8
CanadaCentral,2/27/1991,1.3,16.7,19.2,2.5
CanadaCentral,2/28/1991,-2.9,19.7,12,-5.3
CanadaCentral,3/1/1991,-14.2,-0.5,7.8,-10.7
CanadaCentral,3/2/1991,-14.9,4.2,8.4,-10.6
CanadaCentral,3/3/1991,-2.8,21.4,15.5,-2.1
CanadaCentral,3/4/1991,11.3,21.1,18.6,2.6
CanadaCentral,3/5/1991,-0.7,13.3,12.8,-1.1
CanadaCentral,3/6/1991,-13.8,4.2,15.3,-3.7
CanadaCentral,3/7/1991,3.5,28.5,18.4,-1.2
CanadaCentral,3/8/1991,6.8,22.6,29.2,5.6
CanadaCentral,3/9/1991,6.6,36.4,34.7,10.5
CanadaCentral,3/10/1991,18.3,44.9,37.8,15.7
CanadaCentral,3/11/1991,22.1,32,36.4,16.9
CanadaCentral,3/12/1991,10.4,32.2,35.3,16.7
CanadaCentral,3/13/1991,17.4,41.6,38.3,13.9
CanadaCentral,3/14/1991,13.9,41.2,40.2,14.9
CanadaCentral,3/15/1991,13.2,37.9,39.9,15.9
CanadaCentral,3/16/1991,20.5,40.5,38.9,19
CanadaCentral,3/17/1991,23.3,38.2,42.5,22.5
CanadaCentral,3/18/1991,23.8,48.7,49.4,23.9
CanadaCentral,3/19/1991,24.7,61.3,54.8,26.6
CanadaCentral,3/20/1991,31.4,54.4,54.7,28.6
CanadaCentral,3/21/1991,29.6,48.4,48.2,29.5
CanadaCentral,3/22/1991,27.3,41.7,45.9,27.7
CanadaCentral,3/23/1991,26.1,47.6,42,26.7
CanadaCentral,3/24/1991,26.8,36.7,38.2,23.9
CanadaCentral,3/25/1991,18.7,30.2,28.6,16.6
CanadaCentral,3/26/1991,4.3,18.8,22.6,7
CanadaCentral,3/27/1991,-1.9,18.9,19.5,0.3
CanadaCentral,3/28/1991,-1.7,20.7,24.4,-2
CanadaCentral,3/29/1991,-2.6,33.5,32.6,7.2
CanadaCentral,3/30/1991,25.7,43.6,41.8,16.9
CanadaCentral,3/31/1991,27.6,48.4,51.3,28.6
CanadaCentral,4/1/1991,32.6,62,58.5,31.2
CanadaCentral,4/2/1991,33.4,65.1,62.9,33.3
CanadaCentral,4/3/1991,34,61.6,64.5,33.2
CanadaCentral,4/4/1991,32.2,66.8,66.3,35.5
CanadaCentral,4/5/1991,40.3,70.4,67.3,38.1
CanadaCentral,4/6/1991,41.8,64.8,62.9,37.1
CanadaCentral,4/7/1991,29.2,53.6,57.5,33.3
CanadaCentral,4/8/1991,28.9,54.1,54.3,28.1
CanadaCentral,4/9/1991,26.2,55.3,56.3,28.5
CanadaCentral,4/10/1991,30.5,59.5,56.9,29.2
CanadaCentral,4/11/1991,30.9,55.9,56.6,29.5
CanadaCentral,4/12/1991,27.1,54.4,52,28.1
CanadaCentral,4/13/1991,26.2,45.9,45.9,28.3
CanadaCentral,4/14/1991,31.7,37.4,43.7,29.7
CanadaCentral,4/15/1991,31.3,48,44,30.5
CanadaCentral,4/16/1991,28.7,46.5,48,30.6
CanadaCentral,4/17/1991,31.8,49.5,46.7,28.7
CanadaCentral,4/18/1991,25.7,43.9,46.1,25.8
CanadaCentral,4/19/1991,20,44.8,49.6,25
CanadaCentral,4/20/1991,29.2,60.1,54.9,27
CanadaCentral,4/21/1991,31.9,59.7,54.1,29.6
CanadaCentral,4/22/1991,27.8,42.4,53,26.7
CanadaCentral,4/23/1991,20.5,56.7,59.1,26.4
CanadaCentral,4/24/1991,30.9,78.2,69,31
CanadaCentral,4/25/1991,41.7,72.1,69.6,38.5
CanadaCentral,4/26/1991,42.9,58.7,61.6,41.4
CanadaCentral,4/27/1991,39.5,54,53.6,39.7
CanadaCentral,4/28/1991,36.8,48.1,48.5,36.6
CanadaCentral,4/29/1991,33.7,43.4,42.5,32.9
CanadaCentral,4/30/1991,28.2,36.1,37.1,29
CanadaCentral,5/1/1991,25.2,31.9,34.4,26.5
CanadaCentral,5/2/1991,26,35.3,33.2,26.4
CanadaCentral,5/3/1991,27.9,32.3,33.9,27.6
CanadaCentral,5/4/1991,28.8,34,34.3,28.5
CanadaCentral,5/5/1991,28.9,36.6,40.6,28.3
CanadaCentral,5/6/1991,27.1,51.4,48.4,27.8
CanadaCentral,5/7/1991,27.3,57.3,59.6,31.7
CanadaCentral,5/8/1991,40.7,70.2,66.7,38.8
CanadaCentral,5/9/1991,48.4,72.6,73.2,48.1
CanadaCentral,5/10/1991,55,76.8,74.5,51.2
CanadaCentral,5/11/1991,50.1,74,77.6,52.7
CanadaCentral,5/12/1991,52.9,82,74.5,51.2
CanadaCentral,5/13/1991,50.4,67.6,72.8,49.6
CanadaCentral,5/14/1991,45.5,68.9,66.7,48.4
CanadaCentral,5/15/1991,49.5,63.7,67.9,44.7
CanadaCentral,5/16/1991,39.2,71.2,67.6,44.4
CanadaCentral,5/17/1991,44.6,67.8,69.7,41.5
CanadaCentral,5/18/1991,40.6,70.1,69.1,42.2
CanadaCentral,5/19/1991,41.3,69.4,74.1,45.6
CanadaCentral,5/20/1991,54.8,82.7,77.6,51
CanadaCentral,5/21/1991,56.9,80.5,78.2,55.4
CanadaCentral,5/22/1991,54.5,71.3,76.3,52.4
CanadaCentral,5/23/1991,45.7,76.9,71.7,49.5
CanadaCentral,5/24/1991,48.3,66.7,73.7,47.9
CanadaCentral,5/25/1991,49.6,77.5,71.6,50
CanadaCentral,5/26/1991,52.1,70.6,72.2,48
CanadaCentral,5/27/1991,42.3,68.3,69.1,48.4
CanadaCentral,5/28/1991,50.9,68.3,69.8,47.7
CanadaCentral,5/29/1991,49.8,72.7,72.3,49.5
CanadaCentral,5/30/1991,47.9,76.1,73.5,48.9
CanadaCentral,5/31/1991,48.9,71.9,72.9,49.4
CanadaCentral,6/1/1991,51.4,70.7,72.3,50.3
CanadaCentral,6/2/1991,50.5,74.2,74.9,52
CanadaCentral,6/3/1991,54.1,79.7,74.3,54.1
CanadaCentral,6/4/1991,57.7,68.9,72.7,55.7
CanadaCentral,6/5/1991,55.4,69.5,69.9,57
CanadaCentral,6/6/1991,57.8,71.2,73.6,58.3
CanadaCentral,6/7/1991,61.6,79.9,76.1,58.3
CanadaCentral,6/8/1991,55.3,77.2,75.3,55.4
CanadaCentral,6/9/1991,49.3,68.8,74.4,50.5
CanadaCentral,6/10/1991,46.8,77,76.3,49.4
CanadaCentral,6/11/1991,52.3,83.1,78.9,52.7
CanadaCentral,6/12/1991,59.1,76.6,76.7,54.6
CanadaCentral,6/13/1991,52.4,70.3,73.2,54.1
CanadaCentral,6/14/1991,50.9,72.6,70.6,50.9
CanadaCentral,6/15/1991,49.3,68.8,73.4,49.5
CanadaCentral,6/16/1991,48.4,78.8,72.6,48.5
CanadaCentral,6/17/1991,47.8,70.3,72.4,47.6
CanadaCentral,6/18/1991,46.6,68.1,70.8,46.6
CanadaCentral,6/19/1991,45.2,73.9,68.4,48.3
CanadaCentral,6/20/1991,53,63.1,69.2,48.2
CanadaCentral,6/21/1991,46.2,70.7,67.8,49.1
CanadaCentral,6/22/1991,48.2,69.5,70,48.9
CanadaCentral,6/23/1991,52.5,69.8,73,52
CanadaCentral,6/24/1991,55.5,79.8,74.2,55.2
CanadaCentral,6/25/1991,57.7,72.8,75.7,56.9
CanadaCentral,6/26/1991,57.5,74.5,72.9,56
CanadaCentral,6/27/1991,52.7,71.4,70.1,53.6
CanadaCentral,6/28/1991,50.5,64.4,70.7,53.4
CanadaCentral,6/29/1991,57,76.3,68.3,54.6
CanadaCentral,6/30/1991,56.3,64.3,67.2,56.1
CanadaCentral,7/1/1991,55,60.9,63.8,54.7
CanadaCentral,7/2/1991,52.7,66.2,65.9,53.7
CanadaCentral,7/3/1991,53.5,70.6,72,53.7
CanadaCentral,7/4/1991,55,79.3,74.5,54.7
CanadaCentral,7/5/1991,55.5,73.7,75.8,54.6
CanadaCentral,7/6/1991,53.1,74.4,71,52.5
CanadaCentral,7/7/1991,48.8,64.9,70.7,49.4
CanadaCentral,7/8/1991,46.1,72.7,72.2,48.5
CanadaCentral,7/9/1991,50.5,78.9,75.5,50.6
CanadaCentral,7/10/1991,55.1,74.8,73.9,55.1
CanadaCentral,7/11/1991,59.5,68.1,72.4,56.5
CanadaCentral,7/12/1991,54.8,74.2,73.9,55.8
CanadaCentral,7/13/1991,53.1,79.5,79.8,56.2
CanadaCentral,7/14/1991,60.8,85.7,83.5,59.2
CanadaCentral,7/15/1991,63.7,85.3,86.1,61.6
CanadaCentral,7/16/1991,60.3,87.4,87.1,62.3
CanadaCentral,7/17/1991,63,88.5,83.6,60.6
CanadaCentral,7/18/1991,58.5,74.8,80.5,58
CanadaCentral,7/19/1991,52.5,78,76.6,56
CanadaCentral,7/20/1991,57.1,76.9,80.7,56.5
CanadaCentral,7/21/1991,59.9,87.1,78.3,56.4
CanadaCentral,7/22/1991,52.2,70.9,77.6,54.1
CanadaCentral,7/23/1991,50.3,74.8,73.3,50.5
CanadaCentral,7/24/1991,49,74.2,73.7,47.7
CanadaCentral,7/25/1991,43.8,72,73.8,47
CanadaCentral,7/26/1991,48.3,75.3,73.4,48.8
CanadaCentral,7/27/1991,54.2,72.9,76.9,51.6
CanadaCentral,7/28/1991,52.3,82.4,79.8,54.5
CanadaCentral,7/29/1991,57.1,84.2,80.3,53.6
CanadaCentral,7/30/1991,51.5,74.2,77.6,51.6
CanadaCentral,7/31/1991,46.2,74.5,73.6,47.9
CanadaCentral,8/1/1991,45.9,72,69.2,48.2
CanadaCentral,8/2/1991,52.5,61.2,67.9,48.5
CanadaCentral,8/3/1991,47,70.5,68.4,48.2
CanadaCentral,8/4/1991,44.9,73.6,70.6,49
CanadaCentral,8/5/1991,54.9,67.8,70.3,51.8
CanadaCentral,8/6/1991,55.6,69.5,70.1,57.1
CanadaCentral,8/7/1991,60.6,73.1,73,58.8
CanadaCentral,8/8/1991,60.1,76.3,77,58.1
CanadaCentral,8/9/1991,53.6,81.5,79.9,55.8
CanadaCentral,8/10/1991,53.8,81.7,82,53.6
CanadaCentral,8/11/1991,53.5,82.9,82.6,53.4
CanadaCentral,8/12/1991,53.1,83.1,83.3,53.9
CanadaCentral,8/13/1991,55.2,83.9,83.1,55.1
CanadaCentral,8/14/1991,57,82.3,82,55.8
CanadaCentral,8/15/1991,55.2,79.7,79.8,56.9
CanadaCentral,8/16/1991,58.5,77.4,76.4,55.8
CanadaCentral,8/17/1991,53.6,71.9,74.9,53.2
CanadaCentral,8/18/1991,47.6,75.3,78.2,54
CanadaCentral,8/19/1991,60.9,87.3,84.3,54.7
CanadaCentral,8/20/1991,55.5,90.2,85.9,55.9
CanadaCentral,8/21/1991,51.2,80.2,82.6,52.2
CanadaCentral,8/22/1991,49.8,77.3,77.7,49.5
CanadaCentral,8/23/1991,47.3,75.7,78.8,51.6
CanadaCentral,8/24/1991,57.5,83.3,80.8,52.7
CanadaCentral,8/25/1991,53.1,83.5,82.1,56.1
CanadaCentral,8/26/1991,57.7,79.5,84.8,54.3
CanadaCentral,8/27/1991,52,91.3,85.7,56.9
CanadaCentral,8/28/1991,61,86.4,88.1,55.5
CanadaCentral,8/29/1991,53.6,86.7,85.7,55
CanadaCentral,8/30/1991,50.3,84,85,50.8
CanadaCentral,8/31/1991,48.4,84.4,87.3,53.4
CanadaCentral,9/1/1991,61.6,93.6,83.8,52.5
CanadaCentral,9/2/1991,47.6,73.2,79.1,51.3
CanadaCentral,9/3/1991,44.8,70.3,69.9,43.5
CanadaCentral,9/4/1991,38.2,66,65.3,40
CanadaCentral,9/5/1991,37,59.5,69.4,38.4
CanadaCentral,9/6/1991,40,82.9,74.5,42.8
CanadaCentral,9/7/1991,51.5,81,78.5,51
CanadaCentral,9/8/1991,61.5,71.5,71,53.2
CanadaCentral,9/9/1991,46.7,60.5,63.2,49.5
CanadaCentral,9/10/1991,40.1,57.7,59.5,46.6
CanadaCentral,9/11/1991,53.1,60.2,63.8,46.3
CanadaCentral,9/12/1991,45.8,73.6,70.8,48.8
CanadaCentral,9/13/1991,47.4,78.6,74.1,48.9
CanadaCentral,9/14/1991,53.6,70.1,69.2,47.8
CanadaCentral,9/15/1991,42.4,58.9,62.2,46.3
CanadaCentral,9/16/1991,42.8,57.7,54.4,39
CanadaCentral,9/17/1991,31.8,46.7,47.2,33.6
CanadaCentral,9/18/1991,26.3,37.3,47.3,27.1
CanadaCentral,9/19/1991,23.3,57.8,57.6,27.3
CanadaCentral,9/20/1991,32.4,77.8,65.1,32.3
CanadaCentral,9/21/1991,41.1,59.6,62.6,35.7
CanadaCentral,9/22/1991,33.6,50.3,55.4,36.2
CanadaCentral,9/23/1991,34,56.3,59.3,34.7
CanadaCentral,9/24/1991,36.4,71.2,61.8,36.8
CanadaCentral,9/25/1991,40.1,58,63.1,38.6
CanadaCentral,9/26/1991,39.3,60.3,58.8,36.8
CanadaCentral,9/27/1991,30.9,58.3,61.2,33.2
CanadaCentral,9/28/1991,29.4,65.1,61.2,32.7
CanadaCentral,9/29/1991,38,60.4,61.4,34.1
CanadaCentral,9/30/1991,35,58.7,61.5,38.5
CanadaCentral,10/1/1991,42.6,65.3,58.1,37.3
CanadaCentral,10/2/1991,34.2,50.2,54.5,36.7
CanadaCentral,10/3/1991,33.3,48.1,45.7,31.7
CanadaCentral,10/4/1991,27.7,38.8,42.1,28.7
CanadaCentral,10/5/1991,24.9,39.5,44.2,24.4
CanadaCentral,10/6/1991,20.6,54.4,54.3,25.6
CanadaCentral,10/7/1991,31.4,69.1,61.6,29.1
CanadaCentral,10/8/1991,35.2,61.3,62.1,32.6
CanadaCentral,10/9/1991,31.3,56,62.5,35.9
CanadaCentral,10/10/1991,41.3,70.1,65.5,38.3
CanadaCentral,10/11/1991,42.5,70.4,70.5,41.4
CanadaCentral,10/12/1991,40.3,71,64.7,39.2
CanadaCentral,10/13/1991,34.8,52.8,54.2,33.2
CanadaCentral,10/14/1991,24.3,38.7,53.4,29.9
CanadaCentral,10/15/1991,30.4,68.8,57.7,29.4
CanadaCentral,10/16/1991,33.4,65.6,65.8,27.4
CanadaCentral,10/17/1991,18.4,63,54.9,22
CanadaCentral,10/18/1991,14.3,36.1,47.9,15.8
CanadaCentral,10/19/1991,14.9,44.6,38.6,15.7
CanadaCentral,10/20/1991,18.1,35,38,20.6
CanadaCentral,10/21/1991,28.9,34.4,36.9,23.6
CanadaCentral,10/22/1991,23.9,41.4,34,24.7
CanadaCentral,10/23/1991,21.3,26.1,32.3,19.8
CanadaCentral,10/24/1991,14.2,29.5,32.7,18.9
CanadaCentral,10/25/1991,21.2,42.6,35.1,20.8
CanadaCentral,10/26/1991,27.1,33.2,40.7,22.2
CanadaCentral,10/27/1991,18.4,46.2,32.6,18.2
CanadaCentral,10/28/1991,9.2,18.4,26.7,10.7
CanadaCentral,10/29/1991,4.4,15.6,18.3,3.1
CanadaCentral,10/30/1991,-4.4,20.9,18.4,2.6
CanadaCentral,10/31/1991,7.9,18.8,17.7,0.8
CanadaCentral,11/1/1991,-1,13.4,14.9,3.3
CanadaCentral,11/2/1991,3.2,12.5,11.2,-0.2
CanadaCentral,11/3/1991,-2.7,7.6,14.9,1.3
CanadaCentral,11/4/1991,3.4,24.5,17.1,-1
CanadaCentral,11/5/1991,-3.7,19.1,17.3,-5.1
CanadaCentral,11/6/1991,-14.9,8.4,16.2,-8.3
CanadaCentral,11/7/1991,-6.1,21.2,22.5,-2.3
CanadaCentral,11/8/1991,14.1,37.9,30.6,7.1
CanadaCentral,11/9/1991,13.4,32.7,31.6,10
CanadaCentral,11/10/1991,2.4,24.2,30.5,12
CanadaCentral,11/11/1991,20.2,34.7,37.2,18.3
CanadaCentral,11/12/1991,32.3,52.7,46,26.2
CanadaCentral,11/13/1991,26,50.7,45.7,28.8
CanadaCentral,11/14/1991,28.1,33.9,39.1,25.1
CanadaCentral,11/15/1991,21.2,32.7,37.5,27.7
CanadaCentral,11/16/1991,33.9,45.9,42.3,28.9
CanadaCentral,11/17/1991,31.6,48.4,46,31.1
CanadaCentral,11/18/1991,27.9,43.8,42.8,26.2
CanadaCentral,11/19/1991,18.9,36.3,39.6,21.5
CanadaCentral,11/20/1991,17.7,38.7,32.7,14.6
CanadaCentral,11/21/1991,7.1,23.1,29.6,10
CanadaCentral,11/22/1991,5.1,27,24.7,3.9
CanadaCentral,11/23/1991,-0.6,24.1,18.8,-1.7
CanadaCentral,11/24/1991,-9.6,5.3,16.6,-5.6
CanadaCentral,11/25/1991,-6.6,20.4,18.2,0.7
CanadaCentral,11/26/1991,18.4,28.7,23.1,2.4
CanadaCentral,11/27/1991,-4.7,20.3,23.1,4.1
CanadaCentral,11/28/1991,-1.5,20.3,21.6,-0.6
CanadaCentral,11/29/1991,4.4,24.1,21.4,-2
CanadaCentral,11/30/1991,-9,19.8,15.1,-8.3
CanadaCentral,12/1/1991,-20.5,1.3,6.2,-14.9
CanadaCentral,12/2/1991,-15.4,-2.4,-4.2,-21.1
CanadaCentral,12/3/1991,-27.5,-11.5,-5.8,-20.5
CanadaCentral,12/4/1991,-18.8,-3.4,-3.8,-19.3
CanadaCentral,12/5/1991,-11.6,3.5,7.3,-10
CanadaCentral,12/6/1991,0.4,21.8,16.6,-3.1
CanadaCentral,12/7/1991,1.9,24.6,23.2,3.5
CanadaCentral,12/8/1991,8.2,23.4,28,7.5
CanadaCentral,12/9/1991,12.4,36.1,30.2,14.4
CanadaCentral,12/10/1991,22.5,31,34,19
CanadaCentral,12/11/1991,22,35,31.7,17.7
CanadaCentral,12/12/1991,8.5,29.2,28.9,7.6
CanadaCentral,12/13/1991,-7.6,22.5,19.2,-5.2
CanadaCentral,12/14/1991,-16.5,6,19.1,-10.4
CanadaCentral,12/15/1991,-7,28.7,22.7,-3.5
CanadaCentral,12/16/1991,13.1,33.5,25.8,0.4
CanadaCentral,12/17/1991,-5,15.3,25.7,1.8
CanadaCentral,12/18/1991,-2.7,28.4,25.2,2.6
CanadaCentral,12/19/1991,15.6,31.8,28.7,8.5
CanadaCentral,12/20/1991,12.5,26,32.6,15.6
CanadaCentral,12/21/1991,18.8,40,32.5,14.8
CanadaCentral,12/22/1991,13.2,31.6,33.2,13.6
CanadaCentral,12/23/1991,8.8,28.1,30.4,9.6
CanadaCentral,12/24/1991,6.6,31.6,30.1,9.7
CanadaCentral,12/25/1991,13.5,30.7,32,8.1
CanadaCentral,12/26/1991,4.2,33.7,33.7,12.6
CanadaCentral,12/27/1991,20,36.6,34,11.4
CanadaCentral,12/28/1991,10.1,31.7,33,15
CanadaCentral,12/29/1991,14.9,30.5,30.5,15
CanadaCentral,12/30/1991,20.2,29.2,27.9,15.1
CanadaCentral,12/31/1991,10.4,23.8,25.1,12
CanadaCentral,1/1/1992,5.5,22.4,26.7,8.7
CanadaCentral,1/2/1992,10.3,33.8,30.1,9.4
CanadaCentral,1/3/1992,12.4,34.2,32.8,10.1
CanadaCentral,1/4/1992,7.7,30.3,30.5,11.4
CanadaCentral,1/5/1992,14.1,27.1,25.6,10.4
CanadaCentral,1/6/1992,9.5,19.5,22.7,10.6
CanadaCentral,1/7/1992,8.1,21.6,19.8,7.6
CanadaCentral,1/8/1992,5.3,18.3,21.5,7.1
CanadaCentral,1/9/1992,7.9,24.6,26.3,10.5
CanadaCentral,1/10/1992,18.4,35.8,32.6,15.1
CanadaCentral,1/11/1992,19,37.4,34.1,17.1
CanadaCentral,1/12/1992,14.1,29,30.1,13
CanadaCentral,1/13/1992,6,23.9,19.9,0.4
CanadaCentral,1/14/1992,-18.9,6.8,15.1,-11.7
CanadaCentral,1/15/1992,-22.3,14.4,18.2,-16.2
CanadaCentral,1/16/1992,-7.3,33.4,13.9,-16.8
CanadaCentral,1/17/1992,-20.8,-6.2,15.7,-18.8
CanadaCentral,1/18/1992,-28.4,20,16,-12.7
CanadaCentral,1/19/1992,11,34.2,28.6,-2.4
CanadaCentral,1/20/1992,10.2,31.7,33.1,8.8
CanadaCentral,1/21/1992,5.2,33.3,32.3,10.2
CanadaCentral,1/22/1992,15.3,31.9,27.1,2.9
CanadaCentral,1/23/1992,-11.7,16.2,19.1,-0.6
CanadaCentral,1/24/1992,-5.3,9,10.2,-6.9
CanadaCentral,1/25/1992,-3.6,5.2,7,-6.5
CanadaCentral,1/26/1992,-10.6,6.8,14,-6.8
CanadaCentral,1/27/1992,-6.1,30.1,25.8,3.7
CanadaCentral,1/28/1992,27.9,40.5,36.8,15.3
CanadaCentral,1/29/1992,24.1,39.8,37.4,24.5
CanadaCentral,1/30/1992,21.4,32,38.1,23.2
CanadaCentral,1/31/1992,24.1,42.4,40.5,24.8
CanadaCentral,2/1/1992,28.9,47.2,43.6,23.9
CanadaCentral,2/2/1992,18.6,41.2,38,21.2
CanadaCentral,2/3/1992,16,25.8,36,16.1
CanadaCentral,2/4/1992,13.6,41,33.6,14.6
CanadaCentral,2/5/1992,14.2,34.1,34.6,15
CanadaCentral,2/6/1992,17,28.8,26.9,9.5
CanadaCentral,2/7/1992,-2.8,17.8,20.9,3.8
CanadaCentral,2/8/1992,-2.8,16.2,19.2,-0.2
CanadaCentral,2/9/1992,5.1,23.6,16.5,-3.6
CanadaCentral,2/10/1992,-13.1,9.6,14.2,-8.2
CanadaCentral,2/11/1992,-16.7,9.4,13.4,-7.9
CanadaCentral,2/12/1992,6,21.1,18.5,0
CanadaCentral,2/13/1992,10.9,25,23.2,7.5
CanadaCentral,2/14/1992,5.6,23.4,25,9.3
CanadaCentral,2/15/1992,11.5,26.7,25.4,9.8
CanadaCentral,2/16/1992,12.4,26,25.7,14.7
CanadaCentral,2/17/1992,20.1,24.3,25,15.1
CanadaCentral,2/18/1992,12.9,24.7,19.6,9.5
CanadaCentral,2/19/1992,-4.6,9.6,14.3,-0.6
CanadaCentral,2/20/1992,-10,8.6,9.6,-7.5
CanadaCentral,2/21/1992,-7.7,10.6,11.6,-4.7
CanadaCentral,2/22/1992,3.5,15.5,14.6,-1.2
CanadaCentral,2/23/1992,0.7,17.9,20.3,-2.3
CanadaCentral,2/24/1992,-11.1,27.7,30,1
CanadaCentral,2/25/1992,13.5,44.4,37.7,11.1
CanadaCentral,2/26/1992,30.8,41.1,42.9,24.7
CanadaCentral,2/27/1992,29.8,43.1,42.7,29
CanadaCentral,2/28/1992,26.3,43.8,46,28
CanadaCentral,2/29/1992,27.7,50.9,45.2,25.8
CanadaCentral,3/1/1992,23.4,41,44.5,25.4
CanadaCentral,3/2/1992,25,41.6,43.3,25.3
CanadaCentral,3/3/1992,27.6,47.5,40.6,26.9
CanadaCentral,3/4/1992,28,32.8,38.6,28.6
CanadaCentral,3/5/1992,30,35.3,34.3,29.6
CanadaCentral,3/6/1992,30.6,34.7,35.1,30.1
CanadaCentral,3/7/1992,29.5,35.2,33.3,22.7
CanadaCentral,3/8/1992,8,30,27,13.4
CanadaCentral,3/9/1992,2.7,16,28.9,8.2
CanadaCentral,3/10/1992,13.8,40.6,33.8,13.5
CanadaCentral,3/11/1992,24.1,44.7,42.6,21.2
CanadaCentral,3/12/1992,25.8,42.6,43.8,25.2
CanadaCentral,3/13/1992,25.8,44.2,41.5,24
CanadaCentral,3/14/1992,20.3,37.8,40.5,19.5
CanadaCentral,3/15/1992,12.2,39.6,38.6,16.8
CanadaCentral,3/16/1992,17.8,38.5,36.4,14.8
CanadaCentral,3/17/1992,14.4,31,36.6,19
CanadaCentral,3/18/1992,24.7,40.3,36.1,21.1
CanadaCentral,3/19/1992,24.3,37.1,33.4,18.3
CanadaCentral,3/20/1992,6.1,22.7,30.1,11.3
CanadaCentral,3/21/1992,3.5,30.5,34.8,10.8
CanadaCentral,3/22/1992,22.7,51.2,41.8,15.6
CanadaCentral,3/23/1992,20.6,43.8,44.6,22.9
CanadaCentral,3/24/1992,25.5,38.9,38.7,20.8
CanadaCentral,3/25/1992,16.1,33.4,39.4,18.5
CanadaCentral,3/26/1992,13.9,45.8,40.7,17.2
CanadaCentral,3/27/1992,21.6,42.9,45.8,20.9
CanadaCentral,3/28/1992,27.2,48.5,45.9,24.3
CanadaCentral,3/29/1992,24.3,46.2,43.7,23.7
CanadaCentral,3/30/1992,19.6,36.3,39.5,19.7
CanadaCentral,3/31/1992,15.3,36,39.5,17.3
CanadaCentral,4/1/1992,17.1,46.1,49.5,20
CanadaCentral,4/2/1992,27.6,66.4,55.5,25.3
CanadaCentral,4/3/1992,31.2,54,55.9,28.7
CanadaCentral,4/4/1992,27.3,47.3,47.8,28.1
CanadaCentral,4/5/1992,25.9,42.1,43.2,26.2
CanadaCentral,4/6/1992,25.3,40.1,40.7,24.7
CanadaCentral,4/7/1992,22.9,39.9,43.2,23
CanadaCentral,4/8/1992,20.8,49.4,40.6,19.6
CanadaCentral,4/9/1992,15,32.4,38.2,18.1
CanadaCentral,4/10/1992,18.5,32.6,30.9,15
CanadaCentral,4/11/1992,11.3,27.7,32.4,12.9
CanadaCentral,4/12/1992,8.8,37,38.5,15.6
CanadaCentral,4/13/1992,26.8,50.8,46.5,22.1
CanadaCentral,4/14/1992,30.7,51.7,48,30.8
CanadaCentral,4/15/1992,34.8,41.6,47.4,33
CanadaCentral,4/16/1992,33.4,48.9,51.9,33.7
CanadaCentral,4/17/1992,32.7,65.3,53.6,34.9
CanadaCentral,4/18/1992,38.6,46.7,51.4,30.9
CanadaCentral,4/19/1992,21.5,42.3,38.3,26.1
CanadaCentral,4/20/1992,18.1,26,33.8,19.4
CanadaCentral,4/21/1992,18.6,32.9,31.8,20.9
CanadaCentral,4/22/1992,26.1,36.5,36,23.7
CanadaCentral,4/23/1992,26.3,38.6,41.9,26.7
CanadaCentral,4/24/1992,27.6,50.6,47.8,26.4
CanadaCentral,4/25/1992,25.4,54.3,54.7,26.6
CanadaCentral,4/26/1992,26.8,59.1,61.8,30.1
CanadaCentral,4/27/1992,38.2,72.1,69.2,36.7
CanadaCentral,4/28/1992,45,76.4,74.3,41.3
CanadaCentral,4/29/1992,40.8,74.3,77.3,45.7
CanadaCentral,4/30/1992,51.1,81.3,73.2,45.8
CanadaCentral,5/1/1992,45.5,63.9,69.1,44.4
CanadaCentral,5/2/1992,36.5,62.1,64.9,39.7
CanadaCentral,5/3/1992,37.1,68.7,67.6,35
CanadaCentral,5/4/1992,31.4,72.1,74.7,39.2
CanadaCentral,5/5/1992,49.2,83.3,81.4,43.8
CanadaCentral,5/6/1992,50.9,88.8,84.7,47.7
CanadaCentral,5/7/1992,43,82.2,76.9,44.6
CanadaCentral,5/8/1992,39.9,59.9,71.3,41.6
CanadaCentral,5/9/1992,42,71.9,63.8,39.4
CanadaCentral,5/10/1992,36.4,59.4,64.5,39.7
CanadaCentral,5/11/1992,40.6,62,56.6,36.6
CanadaCentral,5/12/1992,32.7,48.3,56.6,34.1
CanadaCentral,5/13/1992,29.1,59.6,58,33.2
CanadaCentral,5/14/1992,37.7,66.2,61.8,33.9
CanadaCentral,5/15/1992,34.7,59.5,58.5,37.5
CanadaCentral,5/16/1992,40,49.9,60.5,36.3
CanadaCentral,5/17/1992,34.1,72.2,69.8,40.9
CanadaCentral,5/18/1992,48.7,87.4,82.2,45
CanadaCentral,5/19/1992,52.2,86.8,88.1,51.6
CanadaCentral,5/20/1992,54,90.2,75.5,47.6
CanadaCentral,5/21/1992,36.6,49.4,62.6,41.4
CanadaCentral,5/22/1992,33.5,48.3,49.8,33.9
CanadaCentral,5/23/1992,31.7,51.9,48.2,31.8
CanadaCentral,5/24/1992,30.2,44.6,51.5,29.8
CanadaCentral,5/25/1992,27.7,58.1,56,30.7
CanadaCentral,5/26/1992,34.1,65.4,64.5,32.4
CanadaCentral,5/27/1992,35.4,69.9,70,39.1
CanadaCentral,5/28/1992,47.9,74.5,73.4,41.9
CanadaCentral,5/29/1992,42.3,75.7,70.8,47.5
CanadaCentral,5/30/1992,52.4,62.3,68.7,47.4
CanadaCentral,5/31/1992,47.3,68.2,69.4,49.1
CanadaCentral,6/1/1992,47.5,77.9,75.1,49
CanadaCentral,6/2/1992,52.1,79.1,74.1,48.5
CanadaCentral,6/3/1992,45.9,65.3,67.4,47.7
CanadaCentral,6/4/1992,45,57.6,56.8,43
CanadaCentral,6/5/1992,38,47.5,51.2,40.3
CanadaCentral,6/6/1992,37.8,48.5,53.9,37.8
CanadaCentral,6/7/1992,37.4,65.6,64.7,39.4
CanadaCentral,6/8/1992,42.9,79.9,76.2,43.5
CanadaCentral,6/9/1992,50.1,83.1,82.3,49.2
CanadaCentral,6/10/1992,54.7,84,84.2,53.7
CanadaCentral,6/11/1992,56.3,85.6,82.9,55.1
CanadaCentral,6/12/1992,54.4,79.2,80.5,54.6
CanadaCentral,6/13/1992,53.2,76.8,73.4,51.4
CanadaCentral,6/14/1992,46.7,64.1,71.3,48.8
CanadaCentral,6/15/1992,46.5,72.9,66.4,49
CanadaCentral,6/16/1992,53.7,62.1,67.5,52
CanadaCentral,6/17/1992,55.8,67.5,64.4,51.6
CanadaCentral,6/18/1992,45.2,63.4,63.4,48
CanadaCentral,6/19/1992,43,59.3,61.7,46
CanadaCentral,6/20/1992,49.8,62.3,62.2,47.6
CanadaCentral,6/21/1992,49.8,64.9,67.5,50.3
CanadaCentral,6/22/1992,51.2,75.4,72.3,49.4
CanadaCentral,6/23/1992,47.2,76.6,74,48.1
CanadaCentral,6/24/1992,45.9,69.9,70.7,45.9
CanadaCentral,6/25/1992,44.6,65.6,71.1,44.4
CanadaCentral,6/26/1992,42.6,77.7,75.9,46.8
CanadaCentral,6/27/1992,53.2,84.3,74.5,45
CanadaCentral,6/28/1992,39.2,61.4,70.9,42.4
CanadaCentral,6/29/1992,34.9,67.1,62.1,39.8
CanadaCentral,6/30/1992,45.3,57.9,59.2,42.5
CanadaCentral,7/1/1992,47.4,52.7,56.6,46.3
CanadaCentral,7/2/1992,46.1,59.3,58.6,45
CanadaCentral,7/3/1992,41.5,63.7,63.4,42.5
CanadaCentral,7/4/1992,39.8,67.2,67,42
CanadaCentral,7/5/1992,44.6,70.1,70.7,46.3
CanadaCentral,7/6/1992,54.7,74.8,72.6,49.8
CanadaCentral,7/7/1992,50.2,72.9,74,51.2
CanadaCentral,7/8/1992,48.9,74.3,70.3,49.4
CanadaCentral,7/9/1992,49.2,63.5,67.1,46.9
CanadaCentral,7/10/1992,42.7,63.4,64.9,46
CanadaCentral,7/11/1992,46.3,67.8,68.3,44.6
CanadaCentral,7/12/1992,44.7,73.7,73.2,46.9
CanadaCentral,7/13/1992,49.7,78.1,75.9,49.4
CanadaCentral,7/14/1992,53.7,75.8,73.4,51
CanadaCentral,7/15/1992,49.5,66.3,68.7,51.7
CanadaCentral,7/16/1992,52,64.1,67.8,48.5
CanadaCentral,7/17/1992,44.2,73,70.4,49.4
CanadaCentral,7/18/1992,52,74.1,71.2,47.5
CanadaCentral,7/19/1992,46.4,66.4,69.5,47.2
CanadaCentral,7/20/1992,43.1,68.2,68.7,43.9
CanadaCentral,7/21/1992,42.2,71.5,71.8,43.1
CanadaCentral,7/22/1992,44,75.7,74.4,45.2
CanadaCentral,7/23/1992,49.4,76.2,75.5,49
CanadaCentral,7/24/1992,53.6,74.7,74.5,52.6
CanadaCentral,7/25/1992,54.8,72.5,76.2,52.2
CanadaCentral,7/26/1992,48.3,81.4,74.3,52.3
CanadaCentral,7/27/1992,53.7,69.1,73.6,49.2
CanadaCentral,7/28/1992,45.6,70.2,69.9,47.7
CanadaCentral,7/29/1992,43.7,70.5,71.4,44.2
CanadaCentral,7/30/1992,43.1,73.5,75.1,45.2
CanadaCentral,7/31/1992,48.7,81.3,77.3,46.7
CanadaCentral,8/1/1992,48.3,77.3,77.7,46.7
CanadaCentral,8/2/1992,43.1,74.6,74.6,43.8
CanadaCentral,8/3/1992,39.9,72,74.3,43.1
CanadaCentral,8/4/1992,46.2,76.3,75.3,45.4
CanadaCentral,8/5/1992,50.2,77.6,76.4,49.9
CanadaCentral,8/6/1992,53.2,75.4,79.9,50.9
CanadaCentral,8/7/1992,49.2,86.8,83.3,50.8
CanadaCentral,8/8/1992,50.1,87.6,85,50
CanadaCentral,8/9/1992,50.8,80.7,80.5,50.1
CanadaCentral,8/10/1992,49.4,73.2,74.7,47.2
CanadaCentral,8/11/1992,41.3,70.2,72,43.9
CanadaCentral,8/12/1992,41,72.7,74.2,41.4
CanadaCentral,8/13/1992,41.8,79.7,79.4,42.8
CanadaCentral,8/14/1992,45.5,85.8,85.1,48
CanadaCentral,8/15/1992,56.8,89.8,87.6,50.9
CanadaCentral,8/16/1992,50.5,87.3,84.8,51
CanadaCentral,8/17/1992,45.7,77.3,83.6,46.7
CanadaCentral,8/18/1992,44,86.1,85.9,49.7
CanadaCentral,8/19/1992,59.4,94.4,83.4,49.6
CanadaCentral,8/20/1992,45.4,69.8,77.1,48.6
CanadaCentral,8/21/1992,40.8,67.2,65.3,43.3
CanadaCentral,8/22/1992,43.7,59,57.5,42
CanadaCentral,8/23/1992,41.5,46.2,51.8,41.6
CanadaCentral,8/24/1992,39.5,50.1,51.4,37.7
CanadaCentral,8/25/1992,32,57.9,60.1,36.2
CanadaCentral,8/26/1992,37.1,72.3,68.9,40
CanadaCentral,8/27/1992,50.7,76.4,73.3,43.5
CanadaCentral,8/28/1992,42.6,71.1,67.7,46.2
CanadaCentral,8/29/1992,45.1,55.5,61.6,43.3
CanadaCentral,8/30/1992,42.3,58.1,59.4,41.6
CanadaCentral,8/31/1992,37.5,64.5,67.1,40.3
CanadaCentral,9/1/1992,41.1,78.5,67.9,41.3
CanadaCentral,9/2/1992,45.1,60.8,67.7,42.5
CanadaCentral,9/3/1992,41.1,63.7,63.9,42.4
CanadaCentral,9/4/1992,40.9,67,62.6,41.8
CanadaCentral,9/5/1992,43.4,57,57.3,38.9
CanadaCentral,9/6/1992,32.4,48,53,35
CanadaCentral,9/7/1992,29.3,53.9,55.6,32.6
CanadaCentral,9/8/1992,36.2,65,56.8,36.3
CanadaCentral,9/9/1992,43.3,51.5,61.4,39
CanadaCentral,9/10/1992,37.6,67.7,63.5,40.9
CanadaCentral,9/11/1992,42,71.4,70,40.3
CanadaCentral,9/12/1992,41.4,70.7,67.6,41.7
CanadaCentral,9/13/1992,41.7,60.7,63.5,39.8
CanadaCentral,9/14/1992,36.3,59.1,59.2,38.3
CanadaCentral,9/15/1992,36.9,57.7,57.6,37.3
CanadaCentral,9/16/1992,38.6,55.9,57.1,37.5
CanadaCentral,9/17/1992,37,57.6,54.6,35.9
CanadaCentral,9/18/1992,31.9,50.3,60.1,35.9
CanadaCentral,9/19/1992,38.8,72.4,65.4,38.4
CanadaCentral,9/20/1992,44.4,73.7,67.5,37.8
CanadaCentral,9/21/1992,30.2,56.3,65.4,35.3
CanadaCentral,9/22/1992,31.3,66.2,69.6,32.9
CanadaCentral,9/23/1992,37.3,86.2,80.5,41.9
CanadaCentral,9/24/1992,57.1,89.2,77.9,45.2
CanadaCentral,9/25/1992,41.3,58.3,67.3,44
CanadaCentral,9/26/1992,33.6,54.4,53.6,33.9
CanadaCentral,9/27/1992,26.8,48.1,54.3,28.3
CanadaCentral,9/28/1992,24.5,60.2,61.5,28.7
CanadaCentral,9/29/1992,34.6,76.1,74,31.7
CanadaCentral,9/30/1992,36,85.7,83.9,38.2
CanadaCentral,10/1/1992,44,89.9,84.5,39.5
CanadaCentral,10/2/1992,38.5,77.9,81.7,41
CanadaCentral,10/3/1992,40.6,77.2,78.4,41.4
CanadaCentral,10/4/1992,45.2,80.2,72.8,38.3
CanadaCentral,10/5/1992,29.1,61.1,65.2,33.3
CanadaCentral,10/6/1992,25.8,54.2,55.9,25.9
CanadaCentral,10/7/1992,22.8,52.4,54.5,25.5
CanadaCentral,10/8/1992,27.8,56.7,54.4,27.5
CanadaCentral,10/9/1992,31.8,54,56.4,29
CanadaCentral,10/10/1992,27.4,58.3,57.9,29.9
CanadaCentral,10/11/1992,30.6,61.4,55,27.3
CanadaCentral,10/12/1992,23.8,45.2,46.4,25.3
CanadaCentral,10/13/1992,21.4,32.6,37.7,22.9
CanadaCentral,10/14/1992,23.5,35.4,32.8,22.1
CanadaCentral,10/15/1992,21.2,30.3,31.9,18.8
CanadaCentral,10/16/1992,11.5,30.1,30.2,13.9
CanadaCentral,10/17/1992,9,30.1,30.8,9.4
CanadaCentral,10/18/1992,7.8,32.2,36.1,14.7
CanadaCentral,10/19/1992,27.4,46.1,40.8,21
CanadaCentral,10/20/1992,27.9,44.2,52,28.6
CanadaCentral,10/21/1992,30.4,65.8,54.8,29.4
CanadaCentral,10/22/1992,29.8,54.4,61.7,30.5
CanadaCentral,10/23/1992,31.3,65,64.2,31.9
CanadaCentral,10/24/1992,34.5,73.3,64.2,31.5
CanadaCentral,10/25/1992,28.9,54.3,61.7,28.8
CanadaCentral,10/26/1992,23,57.5,52.2,27.3
CanadaCentral,10/27/1992,30.1,44.9,46.7,28.7
CanadaCentral,10/28/1992,33,37.7,41.9,30.4
CanadaCentral,10/29/1992,28.3,43.3,40.1,30.1
CanadaCentral,10/30/1992,29.1,39.4,39.8,28.4
CanadaCentral,10/31/1992,27.9,36.8,37.4,28.1
CanadaCentral,11/1/1992,27.3,36.2,34.7,27.2
CanadaCentral,11/2/1992,26.4,31.3,32.7,25.6
CanadaCentral,11/3/1992,23.1,30.6,29.3,23.4
CanadaCentral,11/4/1992,20.7,25.9,26.9,21.5
CanadaCentral,11/5/1992,20.6,24.1,26.5,20.4
CanadaCentral,11/6/1992,19.8,29.4,32.5,19.9
CanadaCentral,11/7/1992,19.2,44,34.9,21.1
CanadaCentral,11/8/1992,24.3,31.5,35.9,24.2
CanadaCentral,11/9/1992,29.1,32.1,32.2,25.4
CanadaCentral,11/10/1992,22.7,32.9,34.8,25.6
CanadaCentral,11/11/1992,24.8,39.3,34.1,21.5
CanadaCentral,11/12/1992,17,30.1,31,18.2
CanadaCentral,11/13/1992,12.9,23.7,28,14.7
CanadaCentral,11/14/1992,14.2,30.3,29.4,15.6
CanadaCentral,11/15/1992,19.7,34.3,32.1,18.9
CanadaCentral,11/16/1992,22.8,31.7,33.2,22.9
CanadaCentral,11/17/1992,26.3,33.7,31.7,24.7
CanadaCentral,11/18/1992,24.9,29.5,31.6,26.2
CanadaCentral,11/19/1992,27.5,31.7,30.4,26.5
CanadaCentral,11/20/1992,27,30,30.9,25.2
CanadaCentral,11/21/1992,21,30.9,30,22.7
CanadaCentral,11/22/1992,20.2,29,28.5,20.6
CanadaCentral,11/23/1992,20.6,25.6,26.7,19
CanadaCentral,11/24/1992,16.1,25.6,25.8,15.1
CanadaCentral,11/25/1992,8.6,26.2,24.5,11.8
CanadaCentral,11/26/1992,10.6,21.8,28.7,10
CanadaCentral,11/27/1992,10.9,38.2,29.7,12.1
CanadaCentral,11/28/1992,14.7,29.1,31.9,14.5
CanadaCentral,11/29/1992,18,28.3,31.5,16.1
CanadaCentral,11/30/1992,15.5,37,32.9,17.4
CanadaCentral,12/1/1992,18.7,33.5,31.5,12.4
CanadaCentral,12/2/1992,3.1,24,23.5,7.6
CanadaCentral,12/3/1992,1.1,13.1,16.2,-1.1
CanadaCentral,12/4/1992,-7.5,11.3,15.5,-0.2
CanadaCentral,12/5/1992,6,22.1,17.5,-2
CanadaCentral,12/6/1992,-4.3,19.3,18.8,-0.3
CanadaCentral,12/7/1992,-2.7,15.2,18.4,-2
CanadaCentral,12/8/1992,1,20.6,21.6,1.2
CanadaCentral,12/9/1992,5.3,29,22.7,2.5
CanadaCentral,12/10/1992,1.2,18.6,27.1,7.2
CanadaCentral,12/11/1992,15,33.6,24.4,8.8
CanadaCentral,12/12/1992,10.3,20.9,23,10.7
CanadaCentral,12/13/1992,6.9,14.4,18.7,8.7
CanadaCentral,12/14/1992,9,20.9,19.9,9
CanadaCentral,12/15/1992,11,24.3,22.4,7.1
CanadaCentral,12/16/1992,1.3,22.1,19.3,-0.9
CanadaCentral,12/17/1992,-15.1,11.5,14.3,-8.8
CanadaCentral,12/18/1992,-12.7,9.4,6.7,-15.7
CanadaCentral,12/19/1992,-19.4,-0.8,3.8,-16.8
CanadaCentral,12/20/1992,-18.3,2.8,0.9,-16.4
CanadaCentral,12/21/1992,-11.4,0.6,2.2,-15.1
CanadaCentral,12/22/1992,-15.7,3.3,-1.6,-17.2
CanadaCentral,12/23/1992,-24.6,-8.7,7.6,-18.8
CanadaCentral,12/24/1992,-16.2,28.3,6,-19.9
CanadaCentral,12/25/1992,-19,-1.6,9.4,-19.9
CanadaCentral,12/26/1992,-24.6,1.5,-0.8,-21.4
CanadaCentral,12/27/1992,-20.6,-2.2,-7,-25.1
CanadaCentral,12/28/1992,-30,-20.5,-12.4,-25
CanadaCentral,12/29/1992,-24.4,-14.6,-16,-25.4
CanadaCentral,12/30/1992,-21.8,-12.8,-15.3,-26.1
CanadaCentral,12/31/1992,-32.1,-18.5,-11.8,-27.7
CanadaCentral,1/1/1993,-29.1,-4.1,-5,-22.4
CanadaCentral,1/2/1993,-5.9,7.6,2.2,-16.9
CanadaCentral,1/3/1993,-15.5,3.2,5.5,-13.1
CanadaCentral,1/4/1993,-17.8,5.7,1.3,-17.9
CanadaCentral,1/5/1993,-20.3,-5.1,0.6,-18.9
CanadaCentral,1/6/1993,-18.4,1.2,-1.1,-20.4
CanadaCentral,1/7/1993,-22.4,0.7,-3.2,-23.4
CanadaCentral,1/8/1993,-29.2,-11.5,-10.2,-30
CanadaCentral,1/9/1993,-38.4,-19.9,-8.7,-30.6
CanadaCentral,1/10/1993,-24.3,5.2,-1.7,-21.4
CanadaCentral,1/11/1993,-1.6,9.6,8.4,-6.5
CanadaCentral,1/12/1993,6.4,10.3,9,-0.3
CanadaCentral,1/13/1993,-5.6,7.2,5.9,-6.2
CanadaCentral,1/14/1993,-19.3,0.3,4.5,-13.6
CanadaCentral,1/15/1993,-15.8,5.9,5.9,-13.8
CanadaCentral,1/16/1993,-6.2,11.5,9.7,-12.6
CanadaCentral,1/17/1993,-15.8,11.5,11.4,-11.8
CanadaCentral,1/18/1993,-13.3,11.2,16.5,-9.9
CanadaCentral,1/19/1993,-0.5,26.7,21.9,0.8
CanadaCentral,1/20/1993,16.3,27.8,29.9,11.6
CanadaCentral,1/21/1993,19,35.4,29.3,14
CanadaCentral,1/22/1993,6.8,24.9,24.9,10.6
CanadaCentral,1/23/1993,6.1,14.3,17.1,0.4
CanadaCentral,1/24/1993,-11.7,12.2,20,-1.1
CanadaCentral,1/25/1993,2.3,33.6,27.1,0.6
CanadaCentral,1/26/1993,11,35.5,31.5,5.1
CanadaCentral,1/27/1993,2,25.6,22.2,-0.7
CanadaCentral,1/28/1993,-14.9,5.6,19.3,-8.5
CanadaCentral,1/29/1993,-12.5,26.6,24.6,-2.4
CanadaCentral,1/30/1993,20.2,41.6,35.7,10.9
CanadaCentral,1/31/1993,25.1,38.9,39,22.7
CanadaCentral,2/1/1993,22.8,36.5,36.9,22.3
CanadaCentral,2/2/1993,18.9,35.4,36.3,18.5
CanadaCentral,2/3/1993,13.7,36.9,36,14.8
CanadaCentral,2/4/1993,11.8,35.5,28.5,11
CanadaCentral,2/5/1993,7.6,13.2,25,9.1
CanadaCentral,2/6/1993,8,26.2,20.4,6.9
CanadaCentral,2/7/1993,5.2,21.7,25,6
CanadaCentral,2/8/1993,4.7,27.2,24.8,3.1
CanadaCentral,2/9/1993,-0.5,25.4,18.1,-1
CanadaCentral,2/10/1993,-7.2,1.7,12.9,-4
CanadaCentral,2/11/1993,-4.2,11.7,8.9,-5.4
CanadaCentral,2/12/1993,-4.7,13.2,12.3,-4
CanadaCentral,2/13/1993,-3,12,9.9,-5
CanadaCentral,2/14/1993,-7.4,4.5,5.2,-8.2
CanadaCentral,2/15/1993,-14.2,-0.8,-1.3,-14.6
CanadaCentral,2/16/1993,-22.3,-7.5,-1.6,-17.5
CanadaCentral,2/17/1993,-15.9,3.5,3.9,-15
CanadaCentral,2/18/1993,-6.7,15.8,9.6,-9.9
CanadaCentral,2/19/1993,-7,9.6,12,-5.8
CanadaCentral,2/20/1993,-3.8,10.7,9.1,-5.3
CanadaCentral,2/21/1993,-5.2,7,5.4,-7.7
CanadaCentral,2/22/1993,-14.1,-1.4,2.8,-12.9
CanadaCentral,2/23/1993,-19.3,2.8,1.8,-16.9
CanadaCentral,2/24/1993,-17.4,3.9,6,-17.8
CanadaCentral,2/25/1993,-16.6,11.2,9.5,-14.5
CanadaCentral,2/26/1993,-9.6,13.5,15.6,-10.3
CanadaCentral,2/27/1993,-4.8,22.1,25.6,0.2
CanadaCentral,2/28/1993,14.8,41.2,37.5,11.1
CanadaCentral,3/1/1993,23.2,49.1,42.9,19
CanadaCentral,3/2/1993,18.9,38.5,42.3,21
CanadaCentral,3/3/1993,20.9,39.2,40.8,20.6
CanadaCentral,3/4/1993,22,44.7,42.3,23.7
CanadaCentral,3/5/1993,28.1,43.1,43.8,24.7
CanadaCentral,3/6/1993,23.9,43.8,41.9,26.9
CanadaCentral,3/7/1993,28.7,39,40.1,25.8
CanadaCentral,3/8/1993,24.9,37.5,36.2,24
CanadaCentral,3/9/1993,18.4,32.1,29.7,15.6
CanadaCentral,3/10/1993,3.6,19.6,25.1,7
CanadaCentral,3/11/1993,-1,23.7,19.1,0.2
CanadaCentral,3/12/1993,-1.9,13.9,18.8,-1.6
CanadaCentral,3/13/1993,-2,18.9,19.1,-1.4
CanadaCentral,3/14/1993,-0.3,24.6,22.3,0.3
CanadaCentral,3/15/1993,3.3,23.3,19.8,-1.9
CanadaCentral,3/16/1993,-8.8,11.5,16.3,-7.1
CanadaCentral,3/17/1993,-15.9,14,22.2,-4.9
CanadaCentral,3/18/1993,10.1,41,29.2,2.7
CanadaCentral,3/19/1993,13.8,32.7,32.4,8.4
CanadaCentral,3/20/1993,1.4,23.5,28.4,5.4
CanadaCentral,3/21/1993,1.1,28.9,30.8,6.4
CanadaCentral,3/22/1993,16.7,39.9,44.3,18.2
CanadaCentral,3/23/1993,36.7,64.2,51.2,28.5
CanadaCentral,3/24/1993,32.2,49.4,57.2,33.4
CanadaCentral,3/25/1993,31.4,57.9,49,30.9
CanadaCentral,3/26/1993,29.2,39.8,44.3,30.8
CanadaCentral,3/27/1993,32,35.1,36,30.6
CanadaCentral,3/28/1993,30.6,33.2,33.8,30.5
CanadaCentral,3/29/1993,28.9,33.1,32.6,28.9
CanadaCentral,3/30/1993,27.2,31.3,31.2,23.8
CanadaCentral,3/31/1993,15.3,29.1,31.8,17.5
CanadaCentral,4/1/1993,10.1,34.9,34,14.8
CanadaCentral,4/2/1993,18.9,37.8,40,15.4
CanadaCentral,4/3/1993,17.2,47.1,45.7,20.5
CanadaCentral,4/4/1993,25.4,52.2,49.9,23.8
CanadaCentral,4/5/1993,28.8,50.4,52.1,29.4
CanadaCentral,4/6/1993,33.8,53.7,50,30.7
CanadaCentral,4/7/1993,29.5,45.9,46.8,30.5
CanadaCentral,4/8/1993,28.1,40.9,45.4,26.1
CanadaCentral,4/9/1993,20.8,49.3,44.2,26.3
CanadaCentral,4/10/1993,29.9,42.5,45.2,27.2
CanadaCentral,4/11/1993,31,43.9,42.7,30.6
CanadaCentral,4/12/1993,30.8,41.6,45.8,28.6
CanadaCentral,4/13/1993,24,51.8,49.1,28.1
CanadaCentral,4/14/1993,29.7,53.9,55,27.4
CanadaCentral,4/15/1993,28.5,59.5,55.8,29.1
CanadaCentral,4/16/1993,29.1,54,57.5,29.2
CanadaCentral,4/17/1993,30,58.9,52.8,29.6
CanadaCentral,4/18/1993,29.8,45.5,49.9,26.7
CanadaCentral,4/19/1993,20.3,45.2,46.9,24.3
CanadaCentral,4/20/1993,22.9,50,51.7,22.6
CanadaCentral,4/21/1993,24.6,59.9,58.3,25
CanadaCentral,4/22/1993,27.6,64.8,61.6,29.9
CanadaCentral,4/23/1993,37.5,59.9,56.2,29.1
CanadaCentral,4/24/1993,22.2,43.9,50.4,24.9
CanadaCentral,4/25/1993,15.1,47.3,53.3,23.3
CanadaCentral,4/26/1993,32.6,68.6,57.9,27.3
CanadaCentral,4/27/1993,34.1,57.8,57.1,33
CanadaCentral,4/28/1993,32.3,44.8,51.8,31.9
CanadaCentral,4/29/1993,29.4,52.6,49.2,30.2
CanadaCentral,4/30/1993,28.9,50.3,54.8,28.6
CanadaCentral,5/1/1993,27.5,61.4,59.7,30.1
CanadaCentral,5/2/1993,34,67.5,66,34.1
CanadaCentral,5/3/1993,41,69.3,69.6,36.3
CanadaCentral,5/4/1993,33.9,72,73.9,38.9
CanadaCentral,5/5/1993,41.9,80.5,76.6,41
CanadaCentral,5/6/1993,47.1,77.4,74.2,47.2
CanadaCentral,5/7/1993,52.5,64.8,67.2,49.1
CanadaCentral,5/8/1993,47.6,59.3,62.2,48
CanadaCentral,5/9/1993,44,62.6,65.8,43.9
CanadaCentral,5/10/1993,40.1,75.4,73.2,43.1
CanadaCentral,5/11/1993,45.2,81.6,80.3,43.7
CanadaCentral,5/12/1993,45.9,83.8,83.2,46.2
CanadaCentral,5/13/1993,47.5,84,75.4,43.3
CanadaCentral,5/14/1993,36.6,58.2,65.3,38
CanadaCentral,5/15/1993,29.9,53.6,56.5,31
CanadaCentral,5/16/1993,26.7,57.6,54.4,29.4
CanadaCentral,5/17/1993,31.7,51.8,54.8,30.3
CanadaCentral,5/18/1993,32.6,55,55,34.1
CanadaCentral,5/19/1993,37.9,58.2,60.1,34.7
CanadaCentral,5/20/1993,33.7,66.9,67.5,36.9
CanadaCentral,5/21/1993,39,77.4,72.8,40.7
CanadaCentral,5/22/1993,49.3,74.2,68.7,44.5
CanadaCentral,5/23/1993,45.1,54.6,63.5,43.4
CanadaCentral,5/24/1993,35.7,61.6,58.3,38.9
CanadaCentral,5/25/1993,35.8,58.6,60.4,35.1
CanadaCentral,5/26/1993,33.7,61.1,55.9,34.8
CanadaCentral,5/27/1993,35,48,55.9,33.3
CanadaCentral,5/28/1993,31.2,58.6,55.4,36.1
CanadaCentral,5/29/1993,42.2,59.7,60.5,37.2
CanadaCentral,5/30/1993,38.2,63.2,61.1,38.8
CanadaCentral,5/31/1993,36.2,60.5,63,36.3
CanadaCentral,6/1/1993,34.6,65.3,58.6,36.8
CanadaCentral,6/2/1993,39.7,50,58.5,37.2
CanadaCentral,6/3/1993,37.3,60.2,59.5,39.6
CanadaCentral,6/4/1993,41.7,68.3,64.6,39.7
CanadaCentral,6/5/1993,39.9,65.2,66.5,41.2
CanadaCentral,6/6/1993,41.8,66,64.8,41.7
CanadaCentral,6/7/1993,43.4,63.1,66.2,43.8
CanadaCentral,6/8/1993,46.3,69.5,70.7,43.4
CanadaCentral,6/9/1993,40.6,79.5,76.6,45.4
CanadaCentral,6/10/1993,49.3,80.8,78.2,48.1
CanadaCentral,6/11/1993,54.5,74.4,76.6,50.9
CanadaCentral,6/12/1993,48.9,74.5,70.2,49.2
CanadaCentral,6/13/1993,44.2,61.5,68.1,45.5
CanadaCentral,6/14/1993,43.5,68.3,65.7,45.4
CanadaCentral,6/15/1993,48.5,67.3,63.6,44.6
CanadaCentral,6/16/1993,41.7,55.2,63.6,41.9
CanadaCentral,6/17/1993,35.6,68.4,65.3,40.1
CanadaCentral,6/18/1993,43.1,72.3,73.3,42.3
CanadaCentral,6/19/1993,48.4,79.1,80.5,49.3
CanadaCentral,6/20/1993,56.5,90,84.4,51.1
CanadaCentral,6/21/1993,48.6,84.2,85.1,52.6
CanadaCentral,6/22/1993,52.8,81.2,76.5,49
CanadaCentral,6/23/1993,45.6,64.2,68.7,47.8
CanadaCentral,6/24/1993,45.1,60.8,59.9,45.6
CanadaCentral,6/25/1993,46.2,54.6,56.3,44.7
CanadaCentral,6/26/1993,42.8,53.4,56.2,42.8
CanadaCentral,6/27/1993,39.4,60.7,58.2,41.9
CanadaCentral,6/28/1993,43.7,60.4,58.8,43.3
CanadaCentral,6/29/1993,46.9,55.2,61.8,47.6
CanadaCentral,6/30/1993,52.2,69.9,65.5,48.8
CanadaCentral,7/1/1993,47.4,71.5,73.3,49
CanadaCentral,7/2/1993,47.4,78.4,72.1,49.8
CanadaCentral,7/3/1993,54.6,66.4,70.4,52
CanadaCentral,7/4/1993,54,66.2,63.5,53.4
CanadaCentral,7/5/1993,51.6,57.9,63.2,51.7
CanadaCentral,7/6/1993,49.5,65.4,63.8,48.6
CanadaCentral,7/7/1993,44.8,68.3,67.9,47.4
CanadaCentral,7/8/1993,48,70.2,67.7,47
CanadaCentral,7/9/1993,48.1,64.8,66.1,47.1
CanadaCentral,7/10/1993,45.2,63.3,63.7,46
CanadaCentral,7/11/1993,44.8,63.2,63.8,43.6
CanadaCentral,7/12/1993,40.7,64.9,63.8,43.8
CanadaCentral,7/13/1993,46,63.2,65.8,43
CanadaCentral,7/14/1993,42.2,69.3,65.7,47.3
CanadaCentral,7/15/1993,53.6,64.5,67.4,49.4
CanadaCentral,7/16/1993,52.3,68.4,68.5,53.1
CanadaCentral,7/17/1993,53.4,72.6,68.9,50.9
CanadaCentral,7/18/1993,47.2,65.6,68.6,50.3
CanadaCentral,7/19/1993,50.3,67.7,67.2,47.3
CanadaCentral,7/20/1993,44.2,68.4,67.9,49.9
CanadaCentral,7/21/1993,55,67.6,67.8,52.7
CanadaCentral,7/22/1993,59,67.4,68.5,56.6
CanadaCentral,7/23/1993,55.8,70.5,70,56.5
CanadaCentral,7/24/1993,54.8,72.3,70.7,57
CanadaCentral,7/25/1993,60.3,69.2,72.6,56.3
CanadaCentral,7/26/1993,53.8,76.4,70.8,56
CanadaCentral,7/27/1993,53.9,66.7,73.7,52.6
CanadaCentral,7/28/1993,50.2,78.2,75.7,53.3
CanadaCentral,7/29/1993,55.7,82.1,80,52.2
CanadaCentral,7/30/1993,50.7,79.7,78.8,51.6
CanadaCentral,7/31/1993,48.3,74.6,73.6,50.4
CanadaCentral,8/1/1993,52.3,66.6,67.3,49.7
CanadaCentral,8/2/1993,48.5,60.8,63.4,48.1
CanadaCentral,8/3/1993,43.5,62.9,63.4,45.7
CanadaCentral,8/4/1993,45.2,66.5,66.6,44.5
CanadaCentral,8/5/1993,44.7,70.4,70,45.2
CanadaCentral,8/6/1993,45.8,73,73.7,45.9
CanadaCentral,8/7/1993,47.3,77.6,76.2,50
CanadaCentral,8/8/1993,56.9,78.1,79.4,53
CanadaCentral,8/9/1993,54.8,82.5,82.6,55.6
CanadaCentral,8/10/1993,55,87,82.2,53.4
CanadaCentral,8/11/1993,50.5,77,77.6,49.7
CanadaCentral,8/12/1993,43.6,68.8,73.5,46.1
CanadaCentral,8/13/1993,44.2,74.6,74.1,47
CanadaCentral,8/14/1993,53.4,79,75,50.6
CanadaCentral,8/15/1993,54.2,71.4,76.3,54.6
CanadaCentral,8/16/1993,56.1,78.5,76.4,53.7
CanadaCentral,8/17/1993,50.7,79.3,76.5,52.6
CanadaCentral,8/18/1993,50.9,71.6,74.9,51.8
CanadaCentral,8/19/1993,53.8,73.8,73.6,51.7
CanadaCentral,8/20/1993,50.4,75.4,76.2,52.6
CanadaCentral,8/21/1993,53.7,79.5,75.2,55.8
CanadaCentral,8/22/1993,63.3,70.7,76.5,59.2
CanadaCentral,8/23/1993,60.6,79.3,75.5,59.6
CanadaCentral,8/24/1993,54.9,76.5,75,54.8
CanadaCentral,8/25/1993,48.9,69.1,70.8,50
CanadaCentral,8/26/1993,46.2,66.7,67.8,48.7
CanadaCentral,8/27/1993,50.9,67.7,67.2,47.9
CanadaCentral,8/28/1993,46.6,67.2,64.9,48.9
CanadaCentral,8/29/1993,49.3,59.8,62.9,45.4
CanadaCentral,8/30/1993,40.4,61.8,64.1,42.9
CanadaCentral,8/31/1993,39.1,70.6,66,43.5
CanadaCentral,9/1/1993,51,65.6,65,44.7
CanadaCentral,9/2/1993,44,58.9,65.8,46.4
CanadaCentral,9/3/1993,44.4,72.9,63.5,43.8
CanadaCentral,9/4/1993,43.1,58.8,63.6,41.7
CanadaCentral,9/5/1993,37.5,59.1,60,38.7
CanadaCentral,9/6/1993,35.5,62.2,62.4,36.6
CanadaCentral,9/7/1993,36.8,66,69.1,41.1
CanadaCentral,9/8/1993,51,79,69,43.7
CanadaCentral,9/9/1993,43.4,62,68.5,43.3
CanadaCentral,9/10/1993,35.4,64.5,68.6,41.3
CanadaCentral,9/11/1993,45.2,79.2,66.7,37.4
CanadaCentral,9/12/1993,31.5,56.4,60.8,35.5
CanadaCentral,9/13/1993,29.9,46.8,52.8,28.6
CanadaCentral,9/14/1993,24.5,55.2,53.2,29.5
CanadaCentral,9/15/1993,34.2,57.7,54.8,30.8
CanadaCentral,9/16/1993,33.6,51.5,57.4,33.7
CanadaCentral,9/17/1993,33.2,63,60.1,33.4
CanadaCentral,9/18/1993,33.4,66,63.9,33.9
CanadaCentral,9/19/1993,35,62.8,66.6,37.4
CanadaCentral,9/20/1993,43.8,71,62.4,38.2
CanadaCentral,9/21/1993,35.9,53.3,59.7,37.9
CanadaCentral,9/22/1993,34.2,54.9,58.2,35.1
CanadaCentral,9/23/1993,35.3,66.5,64,36.2
CanadaCentral,9/24/1993,38.9,70.5,66.5,38.3
CanadaCentral,9/25/1993,40.7,62.6,61,37.7
CanadaCentral,9/26/1993,33.6,50,58.6,36.9
CanadaCentral,9/27/1993,36.3,63.2,55.2,32.1
CanadaCentral,9/28/1993,26.4,52.4,58.8,28.9
CanadaCentral,9/29/1993,23.9,60.7,57.3,27.8
CanadaCentral,9/30/1993,33,58.7,52.8,27.1
CanadaCentral,10/1/1993,24.5,39.2,52.5,25.8
CanadaCentral,10/2/1993,19.9,59.6,57.2,26.5
CanadaCentral,10/3/1993,35.2,72.8,63,26.7
CanadaCentral,10/4/1993,25,56.6,67.5,32.4
CanadaCentral,10/5/1993,37.1,73.2,63.1,32
CanadaCentral,10/6/1993,33.8,59.4,55.9,31.5
CanadaCentral,10/7/1993,23.6,35.2,45.5,23.9
CanadaCentral,10/8/1993,14.1,42,43.5,19.1
CanadaCentral,10/9/1993,19.4,53.3,53.2,20.4
CanadaCentral,10/10/1993,27.6,64.4,54.3,23.9
CanadaCentral,10/11/1993,24.7,45.2,53.3,24.9
CanadaCentral,10/12/1993,22.5,50.2,47.2,25
CanadaCentral,10/13/1993,27.8,46.2,48.7,26.4
CanadaCentral,10/14/1993,29,49.8,48.2,28.9
CanadaCentral,10/15/1993,30,48.6,46.6,29.4
CanadaCentral,10/16/1993,29.2,41.5,45.7,29.5
CanadaCentral,10/17/1993,29.3,47.1,49.2,29.8
CanadaCentral,10/18/1993,31,59,53.9,30.1
CanadaCentral,10/19/1993,29.9,55.5,52.7,29.8
CanadaCentral,10/20/1993,28.3,43.7,51.2,25.1
CanadaCentral,10/21/1993,17.1,54.3,53.3,22.8
CanadaCentral,10/22/1993,23,61.7,60.4,24.5
CanadaCentral,10/23/1993,33.3,65,64.4,29.7
CanadaCentral,10/24/1993,32.7,66.5,58.8,33.5
CanadaCentral,10/25/1993,34.5,44.8,49.4,29.6
CanadaCentral,10/26/1993,21.6,36.8,44.5,26.7
CanadaCentral,10/27/1993,24.1,51.9,40.4,20.9
CanadaCentral,10/28/1993,16.9,32.5,35.6,16.8
CanadaCentral,10/29/1993,9.4,22.3,30.8,11.9
CanadaCentral,10/30/1993,9.3,37.4,37.2,13.6
CanadaCentral,10/31/1993,22,51.9,44.5,20.8
CanadaCentral,11/1/1993,31.3,44.1,44.8,26.8
CanadaCentral,11/2/1993,27.2,38.6,39.6,26.8
CanadaCentral,11/3/1993,21.8,36.1,33.5,20.6
CanadaCentral,11/4/1993,12.6,25.8,27.9,12.4
CanadaCentral,11/5/1993,2.7,21.9,25.2,6.4
CanadaCentral,11/6/1993,3.9,27.9,24.3,6.7
CanadaCentral,11/7/1993,13.7,23.1,25.8,10.3
CanadaCentral,11/8/1993,13.3,26.5,25,12.6
CanadaCentral,11/9/1993,10.9,25.5,28.1,13.3
CanadaCentral,11/10/1993,15.6,32.2,30.1,14.5
CanadaCentral,11/11/1993,16.9,32.4,32.7,14.7
CanadaCentral,11/12/1993,11.6,33.5,32.7,17.2
CanadaCentral,11/13/1993,23.1,32.1,32.5,17.3
CanadaCentral,11/14/1993,17.1,31.7,34.1,21.3
CanadaCentral,11/15/1993,23.8,38.6,36.1,19.9
CanadaCentral,11/16/1993,18.8,37.9,37.9,18.7
CanadaCentral,11/17/1993,13.5,37.4,37.8,17.7
CanadaCentral,11/18/1993,20.9,38.1,37,16.1
CanadaCentral,11/19/1993,13.8,35.6,37.9,19.4
CanadaCentral,11/20/1993,23.4,39.9,37,12.8
CanadaCentral,11/21/1993,1,35.4,25.2,6.1
CanadaCentral,11/22/1993,-6.1,0.2,12.3,-5
CanadaCentral,11/23/1993,-9.9,1.4,1.8,-6.3
CanadaCentral,11/24/1993,-2.8,3.9,5.4,-4.3
CanadaCentral,11/25/1993,-0.3,10.9,9.6,-1
CanadaCentral,11/26/1993,0.1,14.1,17,0.5
CanadaCentral,11/27/1993,1.7,26,23.5,3.2
CanadaCentral,11/28/1993,7.8,30.5,27.9,4.8
CanadaCentral,11/29/1993,4.8,27.2,30.9,10.1
CanadaCentral,11/30/1993,17.5,35,30.9,10.3
CanadaCentral,12/1/1993,8.5,30.6,28.9,10.9
CanadaCentral,12/2/1993,6.7,21.1,27.3,8.6
CanadaCentral,12/3/1993,10.5,30.1,29.4,14.7
CanadaCentral,12/4/1993,26.8,37,33.4,17.4
CanadaCentral,12/5/1993,14.8,33,30.6,14.3
CanadaCentral,12/6/1993,1.4,21.7,23.7,5.6
CanadaCentral,12/7/1993,0.5,16.3,23,5.1
CanadaCentral,12/8/1993,13.3,31.2,24.6,7.5
CanadaCentral,12/9/1993,8.8,26.5,26,8.5
CanadaCentral,12/10/1993,3.4,20.3,24.8,7.2
CanadaCentral,12/11/1993,9.3,27.8,25,8.6
CanadaCentral,12/12/1993,12.9,27.1,27.2,14.6
CanadaCentral,12/13/1993,21.5,26.7,25.7,18.3
CanadaCentral,12/14/1993,20.4,23.4,26.2,21.1
CanadaCentral,12/15/1993,21.4,28.4,26.8,22.4
CanadaCentral,12/16/1993,25.5,28.5,27.9,23.8
CanadaCentral,12/17/1993,24.5,26.8,27.4,22.8
CanadaCentral,12/18/1993,18.4,26.9,26.9,14.6
CanadaCentral,12/19/1993,1,27.1,27.5,4.4
CanadaCentral,12/20/1993,-6.1,28.6,27.8,-5.7
CanadaCentral,12/21/1993,-12.1,27.8,22.9,-10.9
CanadaCentral,12/22/1993,-14.5,12.3,16.3,-10.4
CanadaCentral,12/23/1993,-4.5,8.7,13.8,-8.3
CanadaCentral,12/24/1993,-5.9,20.5,10.6,-7.1
CanadaCentral,12/25/1993,-10.8,2.8,8.3,-15.3
CanadaCentral,12/26/1993,-29.2,1.7,1.5,-24.7
CanadaCentral,12/27/1993,-34.2,-0.1,5.9,-24.1
CanadaCentral,12/28/1993,-8.9,16.2,14.1,-20.3
CanadaCentral,12/29/1993,-17.7,26.1,23.4,-4.9
CanadaCentral,12/30/1993,12.1,27.8,24.5,-1.4
CanadaCentral,12/31/1993,1.5,19.5,16.7,2
CanadaCentral,1/1/1994,-7.6,2.8,7.9,-8
CanadaCentral,1/2/1994,-17.7,1.3,3.1,-10.5
CanadaCentral,1/3/1994,-6.1,5.1,2.8,-14.6
CanadaCentral,1/4/1994,-20,1.9,-1.5,-15.4
CanadaCentral,1/5/1994,-20.1,-11.6,-8,-22.6
CanadaCentral,1/6/1994,-27.8,-14.3,-11.3,-25.9
CanadaCentral,1/7/1994,-29.9,-8,-10.9,-29.6
CanadaCentral,1/8/1994,-30.9,-10.5,-1.5,-27.6
CanadaCentral,1/9/1994,-21.8,14.1,0.8,-24.7
CanadaCentral,1/10/1994,-21.4,-1.3,4.3,-21.6
CanadaCentral,1/11/1994,-21.6,0.2,-0.2,-17.4
CanadaCentral,1/12/1994,-9.2,0.3,-2.7,-17.2
CanadaCentral,1/13/1994,-20.7,-8.7,-7.7,-18.8
CanadaCentral,1/14/1994,-26.5,-14.8,-11.6,-25.9
CanadaCentral,1/15/1994,-30.6,-11.2,-11.7,-26.1
CanadaCentral,1/16/1994,-21.1,-9.2,-15,-28.1
CanadaCentral,1/17/1994,-32.6,-24.7,-16,-30.4
CanadaCentral,1/18/1994,-37.6,-14.1,-15.1,-32.4
CanadaCentral,1/19/1994,-27,-6.6,-1.4,-28.8
CanadaCentral,1/20/1994,-21.7,16.7,8.4,-15.1
CanadaCentral,1/21/1994,3.5,15.2,15.8,-4.2
CanadaCentral,1/22/1994,5.7,15.4,17.5,5.1
CanadaCentral,1/23/1994,6,21.9,16,3
CanadaCentral,1/24/1994,-2.8,10.6,11.9,0.4
CanadaCentral,1/25/1994,-1.9,3.1,9,-2.1
CanadaCentral,1/26/1994,-1.6,13.4,11.2,1.6
CanadaCentral,1/27/1994,8.4,17.3,15.3,0.3
CanadaCentral,1/28/1994,-6,15.4,11.5,-4.6
CanadaCentral,1/29/1994,-16.2,1.8,8,-10.5
CanadaCentral,1/30/1994,-9.3,6.8,6.4,-11.2
CanadaCentral,1/31/1994,-8.1,10.7,9.9,-7.9
CanadaCentral,2/1/1994,-6.4,12.2,11.1,-8.2
CanadaCentral,2/2/1994,-10.1,10.5,6.4,-9.4
CanadaCentral,2/3/1994,-11.7,-3.5,4,-11
CanadaCentral,2/4/1994,-11.3,5.1,2.9,-12.2
CanadaCentral,2/5/1994,-13.7,7.2,0.7,-17.2
CanadaCentral,2/6/1994,-26.6,-10.1,-8,-25
CanadaCentral,2/7/1994,-34.8,-21.2,-15.2,-31
CanadaCentral,2/8/1994,-31.8,-14.1,-14,-33.3
CanadaCentral,2/9/1994,-33.3,-6.8,-8.2,-27.1
CanadaCentral,2/10/1994,-16.4,-3.7,-3.1,-22.8
CanadaCentral,2/11/1994,-18.8,1,1.7,-15.5
CanadaCentral,2/12/1994,-11.4,7.7,12.6,-9.8
CanadaCentral,2/13/1994,0.9,29.3,22.4,-1
CanadaCentral,2/14/1994,7.5,30.4,27.9,1.7
CanadaCentral,2/15/1994,-3.1,24.1,28.7,2.7
CanadaCentral,2/16/1994,3.8,31.5,26,1.4
CanadaCentral,2/17/1994,3.5,22.3,23.9,4.6
CanadaCentral,2/18/1994,6.4,18,15.6,0.1
CanadaCentral,2/19/1994,-9.5,6.7,7.6,-5.7
CanadaCentral,2/20/1994,-14.1,-1.9,0.2,-16.1
CanadaCentral,2/21/1994,-24.7,-4.1,-2.7,-19.2
CanadaCentral,2/22/1994,-18.7,-2,-1.6,-17.4
CanadaCentral,2/23/1994,-8.6,1.3,1.1,-10.7
CanadaCentral,2/24/1994,-4.6,4,3.3,-9.2
CanadaCentral,2/25/1994,-14.3,4.6,4.9,-16
CanadaCentral,2/26/1994,-29.1,6.2,8.1,-14.6
CanadaCentral,2/27/1994,-0.3,13.4,13.7,-9.6
CanadaCentral,2/28/1994,0.4,21.4,24,6.9
CanadaCentral,3/1/1994,20.6,37.1,33.2,16.1
CanadaCentral,3/2/1994,27.4,40.9,39.2,26.2
CanadaCentral,3/3/1994,30.8,39.6,40.1,26.5
CanadaCentral,3/4/1994,21.5,39.9,39.5,25.8
CanadaCentral,3/5/1994,25.3,39,36.2,20.6
CanadaCentral,3/6/1994,15.1,29.6,28,14.5
CanadaCentral,3/7/1994,3.1,15.4,19.6,3.6
CanadaCentral,3/8/1994,-7.3,13.8,16.8,1.2
CanadaCentral,3/9/1994,7.9,21.2,21.4,2.8
CanadaCentral,3/10/1994,7.8,29.1,27.9,10.4
CanadaCentral,3/11/1994,15.4,33.3,33.8,13.8
CanadaCentral,3/12/1994,18.3,39,38.3,18.9
CanadaCentral,3/13/1994,22.9,42.6,39.7,23.3
CanadaCentral,3/14/1994,28.7,37.5,37.8,24.5
CanadaCentral,3/15/1994,21.8,33.2,36.6,25.8
CanadaCentral,3/16/1994,26.8,39.1,37.1,26
CanadaCentral,3/17/1994,29.3,39.1,41.7,27.4
CanadaCentral,3/18/1994,26.1,47,43.4,29.1
CanadaCentral,3/19/1994,32.1,44.2,44.3,28.8
CanadaCentral,3/20/1994,28.3,41.7,42.9,27.9
CanadaCentral,3/21/1994,23.2,42.7,37.6,23.3
CanadaCentral,3/22/1994,18.3,28.5,33.2,20.1
CanadaCentral,3/23/1994,18.9,28.5,30.7,18.9
CanadaCentral,3/24/1994,19.6,35.2,34.4,20.3
CanadaCentral,3/25/1994,22.4,39.5,36.4,22.4
CanadaCentral,3/26/1994,25.2,34.5,34.1,22.7
CanadaCentral,3/27/1994,20.5,28.2,32.5,22.3
CanadaCentral,3/28/1994,21.3,34.8,33.2,20.2
CanadaCentral,3/29/1994,18.9,36.5,40,22.6
CanadaCentral,3/30/1994,27.6,48.7,47.4,23.7
CanadaCentral,3/31/1994,24.4,56.9,48.6,24
CanadaCentral,4/1/1994,20,40.3,43.3,22
CanadaCentral,4/2/1994,21.5,32.8,39.3,21.4
CanadaCentral,4/3/1994,22.6,44.6,35.1,19
CanadaCentral,4/4/1994,13,27.7,36.6,17.5
CanadaCentral,4/5/1994,16.9,37.3,34.3,16.1
CanadaCentral,4/6/1994,18.4,37.8,41.3,19.5
CanadaCentral,4/7/1994,23.1,48.8,41.7,23.5
CanadaCentral,4/8/1994,28.9,38.5,45.6,25.7
CanadaCentral,4/9/1994,25,49.3,48.7,27.8
CanadaCentral,4/10/1994,29.6,58.3,58.4,30.6
CanadaCentral,4/11/1994,37.1,67.5,65.7,34.9
CanadaCentral,4/12/1994,38,71.5,64.7,38
CanadaCentral,4/13/1994,38.7,55.1,59,36
CanadaCentral,4/14/1994,31.3,50.4,53.6,32.5
CanadaCentral,4/15/1994,27.6,55.4,57.1,29.5
CanadaCentral,4/16/1994,29.6,65.6,65.2,29.7
CanadaCentral,4/17/1994,32,74.7,65.4,32.2
CanadaCentral,4/18/1994,35.1,55.9,60.9,31.1
CanadaCentral,4/19/1994,26.2,52.1,54.6,30.9
CanadaCentral,4/20/1994,31.2,55.8,57.4,28.6
CanadaCentral,4/21/1994,28.4,64.3,63.4,31.9
CanadaCentral,4/22/1994,36,70,67.6,33.6
CanadaCentral,4/23/1994,36.2,68.4,60,33.8
CanadaCentral,4/24/1994,29.2,41.5,50.5,30.6
CanadaCentral,4/25/1994,26.3,41.8,41.9,25.6
CanadaCentral,4/26/1994,21.4,42.6,41.8,21.9
CanadaCentral,4/27/1994,17.9,41,43.2,20.6
CanadaCentral,4/28/1994,22.6,46.2,46.1,21.2
CanadaCentral,4/29/1994,23,51.2,50.5,23.6
CanadaCentral,4/30/1994,25.1,54.1,54.1,25.6
CanadaCentral,5/1/1994,28.8,56.9,58.4,30.1
CanadaCentral,5/2/1994,36.5,64.1,58.1,33.3
CanadaCentral,5/3/1994,34.5,53.4,56.5,33.8
CanadaCentral,5/4/1994,30.3,52.1,53.2,29.3
CanadaCentral,5/5/1994,23,54.2,56,28.2
CanadaCentral,5/6/1994,31.4,61.8,64.3,31.6
CanadaCentral,5/7/1994,40.6,76.9,67.3,36.7
CanadaCentral,5/8/1994,38.3,63.2,69.9,37.1
CanadaCentral,5/9/1994,32.4,69.5,69.4,36.2
CanadaCentral,5/10/1994,38,75.5,71.8,36.6
CanadaCentral,5/11/1994,39.4,70.3,73.2,39.5
CanadaCentral,5/12/1994,41.2,73.9,71.5,41.2
CanadaCentral,5/13/1994,43,70.2,70.4,42.8
CanadaCentral,5/14/1994,44.2,67.3,68,40.6
CanadaCentral,5/15/1994,34.5,66.7,65.8,41.6
CanadaCentral,5/16/1994,46.1,63.4,72.1,43.5
CanadaCentral,5/17/1994,49.9,86.3,72.5,47.5
CanadaCentral,5/18/1994,46.4,67.7,71.1,45.7
CanadaCentral,5/19/1994,40.7,59.5,59.2,42.4
CanadaCentral,5/20/1994,40,50.5,57.6,41.1
CanadaCentral,5/21/1994,42.5,62.9,62.2,42.6
CanadaCentral,5/22/1994,45.1,73.2,69.9,46.1
CanadaCentral,5/23/1994,50.8,73.5,72.7,48
CanadaCentral,5/24/1994,48,71.6,69.7,48.3
CanadaCentral,5/25/1994,46.1,64,68.9,45
CanadaCentral,5/26/1994,41.1,71.2,71.9,44.6
CanadaCentral,5/27/1994,46.7,80.6,74.2,43.8
CanadaCentral,5/28/1994,43.5,70.9,73.8,42.4
CanadaCentral,5/29/1994,36.9,70,69,43
CanadaCentral,5/30/1994,48.5,66.1,69.7,43
CanadaCentral,5/31/1994,43.7,72.8,70.2,45.9
CanadaCentral,6/1/1994,45.4,71.7,70.9,46.6
CanadaCentral,6/2/1994,50.7,68.2,71.9,49.3
CanadaCentral,6/3/1994,51.6,75.8,72.8,50
CanadaCentral,6/4/1994,47.5,74.2,75.1,50.6
CanadaCentral,6/5/1994,52.6,75.2,74.6,48.8
CanadaCentral,6/6/1994,46.3,74.2,72.6,50.3
CanadaCentral,6/7/1994,51.8,68.3,68.9,48.6
CanadaCentral,6/8/1994,47.6,64.3,63.3,49.3
CanadaCentral,6/9/1994,48.6,57.2,62.1,49.4
CanadaCentral,6/10/1994,51.9,64.8,65.1,49.2
CanadaCentral,6/11/1994,47.2,73.2,70,49.6
CanadaCentral,6/12/1994,49.6,72.1,70,50.1
CanadaCentral,6/13/1994,53.5,64.7,67.8,52.2
CanadaCentral,6/14/1994,53.5,66.5,64.9,50.3
CanadaCentral,6/15/1994,43.9,63.4,64.3,45.7
CanadaCentral,6/16/1994,39.6,63.1,62.5,42.8
CanadaCentral,6/17/1994,45,61,63.2,41.8
CanadaCentral,6/18/1994,40.9,65.5,65.5,46.7
CanadaCentral,6/19/1994,54.3,70.1,70.5,47.9
CanadaCentral,6/20/1994,48.5,75.8,74,51.7
CanadaCentral,6/21/1994,52.4,76.1,76.9,50.4
CanadaCentral,6/22/1994,50.2,78.7,79.5,53.8
CanadaCentral,6/23/1994,58.7,83.8,81.2,55.6
CanadaCentral,6/24/1994,57.8,81.2,76.3,56.2
CanadaCentral,6/25/1994,52.2,63.8,72.5,53.9
CanadaCentral,6/26/1994,51.6,72.5,66.9,52.1
CanadaCentral,6/27/1994,52.5,64.4,70.3,53
CanadaCentral,6/28/1994,55,74,71.6,53.7
CanadaCentral,6/29/1994,53.7,76.4,72.6,53.3
CanadaCentral,6/30/1994,51.3,67.4,70.1,49.4
CanadaCentral,7/1/1994,43.4,66.5,68.5,48.2
CanadaCentral,7/2/1994,49.9,71.6,69.9,49.6
CanadaCentral,7/3/1994,55.4,71.4,72.4,52.1
CanadaCentral,7/4/1994,51,74.1,72.9,52.9
CanadaCentral,7/5/1994,52.2,73.2,71.9,51.1
CanadaCentral,7/6/1994,50.2,68.4,70.1,50.1
CanadaCentral,7/7/1994,47.9,68.7,70,47.7
CanadaCentral,7/8/1994,45,72.8,72.5,46.7
CanadaCentral,7/9/1994,47.2,75.9,76.1,49.4
CanadaCentral,7/10/1994,55.9,79.6,76.3,53.3
CanadaCentral,7/11/1994,56.7,73.5,74.4,53.8
CanadaCentral,7/12/1994,48.8,70.2,71,51.9
CanadaCentral,7/13/1994,50.1,69.3,71.6,48.4
CanadaCentral,7/14/1994,46.3,75.2,72.1,49.5
CanadaCentral,7/15/1994,52.2,71.7,72.3,49
CanadaCentral,7/16/1994,48.5,69.9,72.3,49.6
CanadaCentral,7/17/1994,48.2,75.4,76.4,52.5
CanadaCentral,7/18/1994,60.8,84,75.3,55.1
CanadaCentral,7/19/1994,56.2,66.5,73.4,58.4
CanadaCentral,7/20/1994,58.2,69.6,71.5,56.2
CanadaCentral,7/21/1994,54.2,78.4,75.1,55.4
CanadaCentral,7/22/1994,53.7,77.4,77.3,53.4
CanadaCentral,7/23/1994,52.3,76,76.9,51.4
CanadaCentral,7/24/1994,48.3,77.1,74.8,47.9
CanadaCentral,7/25/1994,43.1,71.3,74,46.6
CanadaCentral,7/26/1994,48.2,73.5,75.3,46
CanadaCentral,7/27/1994,46.8,81.1,80.7,49.5
CanadaCentral,7/28/1994,53.6,87.4,85.3,51.8
CanadaCentral,7/29/1994,55.1,87.3,83.6,55.9
CanadaCentral,7/30/1994,58.9,76,80.6,55.9
CanadaCentral,7/31/1994,53.5,78.6,80.1,57.8
CanadaCentral,8/1/1994,60.8,85.8,82.8,57.8
CanadaCentral,8/2/1994,59.1,84,82.9,58.2
CanadaCentral,8/3/1994,54.6,78.8,79,53.3
CanadaCentral,8/4/1994,46.3,74.3,76.4,48.4
CanadaCentral,8/5/1994,44.3,76.1,77.5,47.7
CanadaCentral,8/6/1994,52.4,82.2,73.6,48.1
CanadaCentral,8/7/1994,47.5,62.6,69,47
CanadaCentral,8/8/1994,41.1,62.1,64.5,44.3
CanadaCentral,8/9/1994,44.3,68.7,66.5,47.1
CanadaCentral,8/10/1994,55.7,68.5,70.7,50.6
CanadaCentral,8/11/1994,51.9,74.9,74,53
CanadaCentral,8/12/1994,51.5,78.5,72.9,47.7
CanadaCentral,8/13/1994,39.6,65.3,73.6,44.1
CanadaCentral,8/14/1994,41.1,77.1,77.9,43.1
CanadaCentral,8/15/1994,48.6,91.3,82.7,48.9
CanadaCentral,8/16/1994,57.1,79.9,83.3,52.9
CanadaCentral,8/17/1994,53.1,78.7,76.6,54.5
CanadaCentral,8/18/1994,53.2,71.2,74,52.5
CanadaCentral,8/19/1994,51.2,72.1,73.5,50.9
CanadaCentral,8/20/1994,48.4,77.1,77.6,50.1
CanadaCentral,8/21/1994,50.6,83.7,80.7,52.1
CanadaCentral,8/22/1994,57.2,81.5,81.9,54.7
CanadaCentral,8/23/1994,56.3,80.5,80,54.3
CanadaCentral,8/24/1994,49.4,78.1,78.4,53
CanadaCentral,8/25/1994,53.2,76.8,72.5,51.4
CanadaCentral,8/26/1994,51.8,62.5,67,50.6
CanadaCentral,8/27/1994,46.8,61.6,65.4,47.2
CanadaCentral,8/28/1994,42.9,72,66.3,44.6
CanadaCentral,8/29/1994,44.1,65.2,64.6,42.4
CanadaCentral,8/30/1994,40.2,56.7,60.3,41.1
CanadaCentral,8/31/1994,39,59.2,60.2,38.4
CanadaCentral,9/1/1994,36,64.8,63.4,37.4
CanadaCentral,9/2/1994,37.3,66.2,63.2,37.2
CanadaCentral,9/3/1994,38.4,58.5,65,41.8
CanadaCentral,9/4/1994,49.8,70.3,65.7,45.4
CanadaCentral,9/5/1994,47.9,68.2,71,47.5
CanadaCentral,9/6/1994,44.9,74.7,74.6,45.9
CanadaCentral,9/7/1994,44.9,81,79.7,47.1
CanadaCentral,9/8/1994,51.7,83.6,84,49.8
CanadaCentral,9/9/1994,52.8,87.4,81,50.9
CanadaCentral,9/10/1994,48.1,71.9,74.9,49.2
CanadaCentral,9/11/1994,46.8,65.4,69.2,46.4
CanadaCentral,9/12/1994,44.3,70.3,69.7,44.7
CanadaCentral,9/13/1994,43.2,73.3,71.1,45.5
CanadaCentral,9/14/1994,49,69.8,70.9,45.4
CanadaCentral,9/15/1994,44,69.5,72.1,43.6
CanadaCentral,9/16/1994,37.9,76.9,76,42
CanadaCentral,9/17/1994,44.1,81.6,80.2,42.7
CanadaCentral,9/18/1994,46.1,82.3,80.7,45.8
CanadaCentral,9/19/1994,47.2,78.2,78.6,45.8
CanadaCentral,9/20/1994,44.2,75.3,68.5,41.3
CanadaCentral,9/21/1994,32.5,52,66.6,35.5
CanadaCentral,9/22/1994,29.8,72.6,69.8,36
CanadaCentral,9/23/1994,45.6,84.9,76,39.7
CanadaCentral,9/24/1994,43.7,70.5,71.9,42.1
CanadaCentral,9/25/1994,37.1,60.2,68,40.6
CanadaCentral,9/26/1994,40.8,73.2,64.7,38.9
CanadaCentral,9/27/1994,38.8,60.7,66.4,39
CanadaCentral,9/28/1994,37.5,65.3,61.2,37.4
CanadaCentral,9/29/1994,35.9,57.5,59.7,37.2
CanadaCentral,9/30/1994,38.2,56.4,56.8,38.9
CanadaCentral,10/1/1994,42.6,56.5,54.3,41
CanadaCentral,10/2/1994,42.3,50.1,51.3,40
CanadaCentral,10/3/1994,35,47.4,48.1,36.4
CanadaCentral,10/4/1994,32,46.9,51.9,36.6
CanadaCentral,10/5/1994,42.7,61.3,54.9,39.9
CanadaCentral,10/6/1994,44.9,56.4,56.4,39.9
CanadaCentral,10/7/1994,32.2,51.7,53,36.6
CanadaCentral,10/8/1994,32.6,50.9,56.7,31.1
CanadaCentral,10/9/1994,28.6,67.5,65.1,33.6
CanadaCentral,10/10/1994,39.7,76.9,68.5,35.8
CanadaCentral,10/11/1994,39,61.1,62.7,39.4
CanadaCentral,10/12/1994,39.5,50.1,50.3,36.9
CanadaCentral,10/13/1994,32.4,39.7,48.8,37
CanadaCentral,10/14/1994,39.3,56.5,52.2,40.4
CanadaCentral,10/15/1994,49.7,60.5,57.6,46.6
CanadaCentral,10/16/1994,50.7,56,57.3,50.3
CanadaCentral,10/17/1994,50.4,55.4,54.9,48.5
CanadaCentral,10/18/1994,44.4,53.4,54.1,42.9
CanadaCentral,10/19/1994,33.8,53.6,55.7,37.5
CanadaCentral,10/20/1994,34.3,60.1,58.4,34.2
CanadaCentral,10/21/1994,34.6,61.5,54.6,34.5
CanadaCentral,10/22/1994,34.6,42.3,46.8,31.3
CanadaCentral,10/23/1994,24.8,36.8,41.7,26.9
CanadaCentral,10/24/1994,21.3,46.2,45.7,22.2
CanadaCentral,10/25/1994,20.4,54.1,55.1,25.6
CanadaCentral,10/26/1994,35,65,60.6,31.2
CanadaCentral,10/27/1994,38.3,62.8,59.4,36.3
CanadaCentral,10/28/1994,35.8,50.4,53.7,36.4
CanadaCentral,10/29/1994,35.2,47.9,47.5,31.9
CanadaCentral,10/30/1994,24.7,44.3,45.5,24.9
CanadaCentral,10/31/1994,14.8,44.4,45.6,24.6
CanadaCentral,11/1/1994,34.3,48,42.3,25.9
CanadaCentral,11/2/1994,28.4,34.3,38.6,26.6
CanadaCentral,11/3/1994,17.1,33.4,36.2,21.2
CanadaCentral,11/4/1994,18,40.9,39.8,17.4
CanadaCentral,11/5/1994,17.1,45,45.5,16.4
CanadaCentral,11/6/1994,14.2,50.5,46.8,17.8
CanadaCentral,11/7/1994,22.2,45,47.3,19.5
CanadaCentral,11/8/1994,22.1,46.5,46.2,21.5
CanadaCentral,11/9/1994,20.1,47.1,45.3,21.6
CanadaCentral,11/10/1994,22.5,42.2,43.2,24.1
CanadaCentral,11/11/1994,29.7,40.3,42.5,26.8
CanadaCentral,11/12/1994,28.1,45.1,42.3,30.1
CanadaCentral,11/13/1994,32.4,41.7,43.1,26.8
CanadaCentral,11/14/1994,19.8,42.7,42.4,25.7
CanadaCentral,11/15/1994,25,42.9,44.6,22.8
CanadaCentral,11/16/1994,23.5,48,39.4,22.6
CanadaCentral,11/17/1994,19.4,27.2,34.3,18.3
CanadaCentral,11/18/1994,12,27.6,27.9,13
CanadaCentral,11/19/1994,7.6,28.9,31.8,12.3
CanadaCentral,11/20/1994,17.4,38.8,31.8,12.1
CanadaCentral,11/21/1994,11.4,27.5,31.9,14.5
CanadaCentral,11/22/1994,14.9,29.4,34.2,13.7
CanadaCentral,11/23/1994,14.9,45.7,36.6,14.7
CanadaCentral,11/24/1994,14.5,34.8,33.5,10.6
CanadaCentral,11/25/1994,2.3,20.1,25.8,7.7
CanadaCentral,11/26/1994,6.2,22.4,22.4,9.2
CanadaCentral,11/27/1994,19,24.7,22.7,10.9
CanadaCentral,11/28/1994,7.6,20.8,24.1,10
CanadaCentral,11/29/1994,3.3,26.8,29.1,9.4
CanadaCentral,11/30/1994,17.2,39.5,37.4,15.4
CanadaCentral,12/1/1994,25.6,45.7,38.5,21.1
CanadaCentral,12/2/1994,20.5,30.2,35.2,16.8
CanadaCentral,12/3/1994,4.4,29.7,20.2,3.3
CanadaCentral,12/4/1994,-15,0.7,10.2,-9.8
CanadaCentral,12/5/1994,-18.9,0.3,2,-16.5
CanadaCentral,12/6/1994,-15.6,5.1,6.2,-15.6
CanadaCentral,12/7/1994,-12.3,13.3,12.1,-9
CanadaCentral,12/8/1994,1,18.1,14.5,-4.3
CanadaCentral,12/9/1994,-1.6,12.1,11.6,-6.5
CanadaCentral,12/10/1994,-18.9,4.6,9.2,-12.1
CanadaCentral,12/11/1994,-15.9,10.9,8.2,-12
CanadaCentral,12/12/1994,-1.2,9,12.8,-4.4
CanadaCentral,12/13/1994,3.7,18.6,16.4,3.3
CanadaCentral,12/14/1994,7.3,21.7,21.3,6
CanadaCentral,12/15/1994,6.9,23.8,22.1,4.6
CanadaCentral,12/16/1994,-0.4,20.8,21.6,3
CanadaCentral,12/17/1994,2.6,20.2,22.7,4.2
CanadaCentral,12/18/1994,10.5,27.1,26.3,9.8
CanadaCentral,12/19/1994,16.3,31.7,32.3,16.1
CanadaCentral,12/20/1994,21.4,38.2,37.3,19.7
CanadaCentral,12/21/1994,21.5,41.9,38.9,17.8
CanadaCentral,12/22/1994,10.6,36.7,37.9,14
CanadaCentral,12/23/1994,10,35.1,34.9,10
CanadaCentral,12/24/1994,9.3,33.1,35.6,11.2
CanadaCentral,12/25/1994,14.2,38.5,34.1,13.5
CanadaCentral,12/26/1994,17,30.6,34.4,17.5
CanadaCentral,12/27/1994,21.5,34.1,28.6,17.2
CanadaCentral,12/28/1994,13.2,21.3,27.1,15.9
CanadaCentral,12/29/1994,12.9,25.8,22.7,10
CanadaCentral,12/30/1994,4,21.1,18,2.2
CanadaCentral,12/31/1994,-10.3,7,13,-5.5
CanadaCentral,1/1/1995,-10.1,10.9,10.4,-10.6
CanadaCentral,1/2/1995,-11.3,13.2,5.6,-13.3
CanadaCentral,1/3/1995,-18.5,-7.3,4.6,-16.8
CanadaCentral,1/4/1995,-20.6,7.8,3.4,-14
CanadaCentral,1/5/1995,-2.9,9.7,6.8,-12.3
CanadaCentral,1/6/1995,-13.5,2.8,6.8,-9.2
CanadaCentral,1/7/1995,-11.2,7.9,6.1,-13
CanadaCentral,1/8/1995,-14.3,7.5,6.3,-13.3
CanadaCentral,1/9/1995,-14.5,3.6,8.9,-8.7
CanadaCentral,1/10/1995,2.7,15.7,13.3,1
CanadaCentral,1/11/1995,14.9,20.7,18.7,9.7
CanadaCentral,1/12/1995,11.5,19.7,17.4,11.4
CanadaCentral,1/13/1995,8,11.6,13.7,5.5
CanadaCentral,1/14/1995,-3,9.6,11,1.6
CanadaCentral,1/15/1995,-0.3,11.9,13,2.4
CanadaCentral,1/16/1995,10.5,17.5,15.1,6.3
CanadaCentral,1/17/1995,8.8,15.9,16,7.4
CanadaCentral,1/18/1995,3,14.5,13.2,2.2
CanadaCentral,1/19/1995,-5,9.1,12,-0.4
CanadaCentral,1/20/1995,1,12.3,11.2,-0.9
CanadaCentral,1/21/1995,1.4,12.2,12.5,3.6
CanadaCentral,1/22/1995,8.4,12.9,12.1,1.3
CanadaCentral,1/23/1995,-5.9,11.1,10.3,-2.9
CanadaCentral,1/24/1995,-11.1,7.1,8.4,-9.6
CanadaCentral,1/25/1995,-11.6,7,10.3,-7.7
CanadaCentral,1/26/1995,-0.3,16.9,10.5,-4.7
CanadaCentral,1/27/1995,-2.2,7.5,11.7,-2
CanadaCentral,1/28/1995,-3.3,10.8,10.8,-5
CanadaCentral,1/29/1995,-9.3,14.2,20.9,0.2
CanadaCentral,1/30/1995,13.3,37.8,28.1,6
CanadaCentral,1/31/1995,14.2,32.4,32,15.3
CanadaCentral,2/1/1995,18.5,25.8,31,17.9
CanadaCentral,2/2/1995,20.9,34.7,29.9,14.4
CanadaCentral,2/3/1995,3.7,29.3,25.6,9.7
CanadaCentral,2/4/1995,4.4,12.9,22.5,7.5
CanadaCentral,2/5/1995,14.3,25.2,19.5,7
CanadaCentral,2/6/1995,2.2,20.3,20.5,3
CanadaCentral,2/7/1995,-7.4,16.2,21.9,-0.3
CanadaCentral,2/8/1995,4.4,29.1,24.5,0.7
CanadaCentral,2/9/1995,5,28.2,20.9,-1
CanadaCentral,2/10/1995,-12.5,5.3,10.7,-6.9
CanadaCentral,2/11/1995,-13.2,-1.5,-0.8,-14
CanadaCentral,2/12/1995,-16.3,-6.2,-2.5,-15.5
CanadaCentral,2/13/1995,-17.1,0.2,-0.3,-15.7
CanadaCentral,2/14/1995,-13.7,5.2,3.8,-16.2
CanadaCentral,2/15/1995,-17.7,6.1,6.1,-14.5
CanadaCentral,2/16/1995,-12.2,7.1,8.7,-10.1
CanadaCentral,2/17/1995,-0.4,12.9,12.6,-3.5
CanadaCentral,2/18/1995,2.2,17.9,23.9,1
CanadaCentral,2/19/1995,1.2,40.7,30.8,7
CanadaCentral,2/20/1995,17.5,33.6,37.6,12.9
CanadaCentral,2/21/1995,19.9,38.4,37.1,20.5
CanadaCentral,2/22/1995,23.9,39.2,36.2,19.8
CanadaCentral,2/23/1995,15.5,30.9,32,17.3
CanadaCentral,2/24/1995,12.5,26.1,23.4,12.6
CanadaCentral,2/25/1995,9.6,13.4,19,5.7
CanadaCentral,2/26/1995,-5.1,17.6,10.8,-3.3
CanadaCentral,2/27/1995,-14.4,1.5,6.7,-11.2
CanadaCentral,2/28/1995,-14,0.9,4.4,-15.7
CanadaCentral,3/1/1995,-18.6,10.8,11.6,-11
CanadaCentral,3/2/1995,-0.5,23,18.1,-9.4
CanadaCentral,3/3/1995,-8.9,20.5,12.1,-8.7
CanadaCentral,3/4/1995,-16.8,-7.2,2.6,-13.6
CanadaCentral,3/5/1995,-14.9,-5.3,-5,-15.9
CanadaCentral,3/6/1995,-15.9,-2.4,-3.1,-17.5
CanadaCentral,3/7/1995,-21.6,-1.5,-0.2,-19.9
CanadaCentral,3/8/1995,-22.2,3.3,10.7,-14.2
CanadaCentral,3/9/1995,1.2,30.4,24.3,-2.3
CanadaCentral,3/10/1995,13.9,39.3,36.6,14.1
CanadaCentral,3/11/1995,27,40,39.5,24.4
CanadaCentral,3/12/1995,32.3,39.2,38.9,31
CanadaCentral,3/13/1995,33.6,37.6,37.7,32.4
CanadaCentral,3/14/1995,31.4,36.3,35.5,30.5
CanadaCentral,3/15/1995,26.7,32.7,34.8,27
CanadaCentral,3/16/1995,23.1,35.5,36.4,26.2
CanadaCentral,3/17/1995,28.8,40.9,37.6,26.8
CanadaCentral,3/18/1995,28.7,36.3,36,26.5
CanadaCentral,3/19/1995,22.1,30.9,35.6,26.1
CanadaCentral,3/20/1995,27.4,39.4,36.3,24.9
CanadaCentral,3/21/1995,25.2,38.6,37.6,28
CanadaCentral,3/22/1995,31.5,34.9,37,28.2
CanadaCentral,3/23/1995,27.9,37.4,36.2,29.4
CanadaCentral,3/24/1995,28.8,36.3,38.2,30.3
CanadaCentral,3/25/1995,34.3,40.9,37.5,31.3
CanadaCentral,3/26/1995,30.8,35.3,35.8,28.1
CanadaCentral,3/27/1995,19.3,31.2,30.4,21.3
CanadaCentral,3/28/1995,13.7,24.6,27.8,14.7
CanadaCentral,3/29/1995,11.2,27.6,30.1,15.9
CanadaCentral,3/30/1995,22.9,38,33.8,18.2
CanadaCentral,3/31/1995,20.6,35.8,38.4,21.3
CanadaCentral,4/1/1995,20.3,41.4,42.5,23.7
CanadaCentral,4/2/1995,30.3,50.3,40.9,17.1
CanadaCentral,4/3/1995,0.6,30.8,36,10.9
CanadaCentral,4/4/1995,1.7,26.8,30.6,6.7
CanadaCentral,4/5/1995,17.7,34,33.3,10.9
CanadaCentral,4/6/1995,13.3,39,37,16.6
CanadaCentral,4/7/1995,18.8,38,34.4,15.4
CanadaCentral,4/8/1995,14.1,26.1,30.4,15.1
CanadaCentral,4/9/1995,12.4,27,31.1,13.9
CanadaCentral,4/10/1995,15.2,40.2,37.6,16.7
CanadaCentral,4/11/1995,22.3,45.6,46.6,21
CanadaCentral,4/12/1995,25.5,53.9,49.9,23
CanadaCentral,4/13/1995,21.2,50.2,52.5,27.1
CanadaCentral,4/14/1995,34.6,53.2,49.3,29.3
CanadaCentral,4/15/1995,32.1,44.6,46.4,32.8
CanadaCentral,4/16/1995,31.7,41.4,45.8,31.2
CanadaCentral,4/17/1995,29.9,51.5,46.1,30.1
CanadaCentral,4/18/1995,28.7,45.5,49.8,29.7
CanadaCentral,4/19/1995,30.6,52.5,49.2,30.4
CanadaCentral,4/20/1995,31.9,49.7,52.1,31.9
CanadaCentral,4/21/1995,33.2,54,53.8,32.8
CanadaCentral,4/22/1995,33.1,57.6,53.5,32.3
CanadaCentral,4/23/1995,30.5,49,52.2,30.1
CanadaCentral,4/24/1995,26.8,49.9,45.8,28.7
CanadaCentral,4/25/1995,28.9,38.5,44.7,27.7
CanadaCentral,4/26/1995,27.4,45.6,40.7,27.9
CanadaCentral,4/27/1995,27.3,38,41.2,27.8
CanadaCentral,4/28/1995,28.7,39.9,41,29.2
CanadaCentral,4/29/1995,31.5,45.1,45.3,30.9
CanadaCentral,4/30/1995,32.4,50.9,49.8,31.4
CanadaCentral,5/1/1995,30.3,53.3,52.8,31.6
CanadaCentral,5/2/1995,32.2,54.3,54.4,33.3
CanadaCentral,5/3/1995,37.4,55.7,53.4,35.4
CanadaCentral,5/4/1995,36.7,50.1,55,35.5
CanadaCentral,5/5/1995,32.4,59.2,56.7,36.2
CanadaCentral,5/6/1995,39.4,60.8,58.4,39.5
CanadaCentral,5/7/1995,46.6,55.2,57.5,44.3
CanadaCentral,5/8/1995,47,56.5,59.5,46.6
CanadaCentral,5/9/1995,46,66.8,65.2,45.4
CanadaCentral,5/10/1995,43.2,72.5,70.7,43.5
CanadaCentral,5/11/1995,41.2,72.9,63.7,39.3
CanadaCentral,5/12/1995,33.5,45.6,58.1,34.6
CanadaCentral,5/13/1995,29.1,55.9,54.9,32.2
CanadaCentral,5/14/1995,33.9,63.2,59.1,32.7
CanadaCentral,5/15/1995,35,58,59.1,34.4
CanadaCentral,5/16/1995,34.4,56,60.1,34.5
CanadaCentral,5/17/1995,34,66.3,65.1,36.6
CanadaCentral,5/18/1995,41.4,73.1,64.2,38.6
CanadaCentral,5/19/1995,40.4,53.2,62.6,39
CanadaCentral,5/20/1995,35.2,61.3,57.3,37.4
CanadaCentral,5/21/1995,36.7,57.3,57.6,35.8
CanadaCentral,5/22/1995,35.6,54.3,54.1,36.7
CanadaCentral,5/23/1995,37.8,50.7,53.5,37.6
CanadaCentral,5/24/1995,39.5,55.6,55.7,37.9
CanadaCentral,5/25/1995,36.4,60.8,59.3,39.3
CanadaCentral,5/26/1995,42,61.5,61,42.1
CanadaCentral,5/27/1995,47.8,60.6,64.2,44.9
CanadaCentral,5/28/1995,44.8,70.6,70.2,47.2
CanadaCentral,5/29/1995,49,79.5,77.3,49.1
CanadaCentral,5/30/1995,53.6,81.8,81.4,53.5
CanadaCentral,5/31/1995,57.9,82.8,80.9,55.1
CanadaCentral,6/1/1995,53.9,78.3,80.2,55.8
CanadaCentral,6/2/1995,55.6,79.4,78.9,55.1
CanadaCentral,6/3/1995,55.7,79,79.7,56.1
CanadaCentral,6/4/1995,56.8,80.7,79.6,56.8
CanadaCentral,6/5/1995,57.8,79.1,77.4,53.6
CanadaCentral,6/6/1995,46.2,72.2,67.9,48.1
CanadaCentral,6/7/1995,40.4,52.4,61.8,40.5
CanadaCentral,6/8/1995,34.9,60.8,61,37.7
CanadaCentral,6/9/1995,37.7,69.9,65.8,38.7
CanadaCentral,6/10/1995,43.7,66.8,70.1,41.3
CanadaCentral,6/11/1995,42.4,73.6,72.7,44.4
CanadaCentral,6/12/1995,47.2,77.8,77.9,48.3
CanadaCentral,6/13/1995,55.3,82.1,81.7,54.2
CanadaCentral,6/14/1995,60,85.2,85.8,60.1
CanadaCentral,6/15/1995,65,90,88.6,64.8
CanadaCentral,6/16/1995,69.3,90.7,91.1,67.4
CanadaCentral,6/17/1995,68,92.5,89.1,66
CanadaCentral,6/18/1995,60.7,84.2,88,60.6
CanadaCentral,6/19/1995,53.2,87.4,85.1,57.9
CanadaCentral,6/20/1995,59.8,83.8,83.7,55.6
CanadaCentral,6/21/1995,53.8,79.8,80,56.9
CanadaCentral,6/22/1995,57.2,76.3,75.1,55.9
CanadaCentral,6/23/1995,56.6,69.4,69,55.8
CanadaCentral,6/24/1995,53.7,61.4,66.6,54.3
CanadaCentral,6/25/1995,52.5,68.9,68.4,53.7
CanadaCentral,6/26/1995,55,74.8,74,53.9
CanadaCentral,6/27/1995,54.2,78.3,69.9,54
CanadaCentral,6/28/1995,52.9,56.5,64.1,52.3
CanadaCentral,6/29/1995,49.7,57.5,59.3,48.1
CanadaCentral,6/30/1995,41.5,64,63.7,45.4
CanadaCentral,7/1/1995,44.9,69.7,67.5,45.5
CanadaCentral,7/2/1995,50.1,68.9,68.5,49.7
CanadaCentral,7/3/1995,54.1,66.8,68,52.7
CanadaCentral,7/4/1995,53.9,68.3,66.1,54.1
CanadaCentral,7/5/1995,54.2,63,69.4,52.6
CanadaCentral,7/6/1995,49.8,76.8,70.1,53.2
CanadaCentral,7/7/1995,55.5,70.5,74.5,54
CanadaCentral,7/8/1995,56.6,76.2,76.7,56.5
CanadaCentral,7/9/1995,57.3,83.4,81,57.3
CanadaCentral,7/10/1995,57.8,83.3,84.8,59.8
CanadaCentral,7/11/1995,64.3,87.6,84.9,62.6
CanadaCentral,7/12/1995,65.6,83.9,83,63.7
CanadaCentral,7/13/1995,61.2,77.6,79.7,60.4
CanadaCentral,7/14/1995,54.4,77.6,78.3,56
CanadaCentral,7/15/1995,52.6,79.8,77.2,54.1
CanadaCentral,7/16/1995,55.4,74.1,76.8,52.8
CanadaCentral,7/17/1995,50.6,76.3,75.7,52
CanadaCentral,7/18/1995,50.1,76.6,74.6,52
CanadaCentral,7/19/1995,55.4,70.8,75,52.8
CanadaCentral,7/20/1995,52.8,77.6,74,54.2
CanadaCentral,7/21/1995,54.5,73.5,75,52.3
CanadaCentral,7/22/1995,49.7,74.1,75.5,53
CanadaCentral,7/23/1995,55,79,74.4,50.8
CanadaCentral,7/24/1995,47.9,70.1,74.9,50.7
CanadaCentral,7/25/1995,49.2,75.6,78.4,52.8
CanadaCentral,7/26/1995,61.3,89.5,81.6,57
CanadaCentral,7/27/1995,60.7,79.8,81.4,58
CanadaCentral,7/28/1995,52.1,75,78.8,52.7
CanadaCentral,7/29/1995,45.5,81.8,76,48.3
CanadaCentral,7/30/1995,47.4,71.2,76.4,44.9
CanadaCentral,7/31/1995,41.9,76.4,77.3,47.2
CanadaCentral,8/1/1995,52.2,84.2,77.6,47.4
CanadaCentral,8/2/1995,48.2,72.1,76.1,47.7
CanadaCentral,8/3/1995,42.8,72.1,76,46.3
CanadaCentral,8/4/1995,47.9,83.8,82.6,51.5
CanadaCentral,8/5/1995,63.7,92,90.7,59.3
CanadaCentral,8/6/1995,66.3,96.4,92.6,64.2
CanadaCentral,8/7/1995,62.5,89.4,87.9,60.8
CanadaCentral,8/8/1995,53.6,77.8,79.4,55.4
CanadaCentral,8/9/1995,50.1,70.9,72.7,50.9
CanadaCentral,8/10/1995,49,69.4,71.1,48
CanadaCentral,8/11/1995,44.7,73,74.6,49.3
CanadaCentral,8/12/1995,54.1,81.5,76.1,50.5
CanadaCentral,8/13/1995,52.5,73.9,76,52.2
CanadaCentral,8/14/1995,49.9,72.7,76.6,49.9
CanadaCentral,8/15/1995,47.5,83.1,79.7,51.8
CanadaCentral,8/16/1995,58.1,83.2,83.2,57
CanadaCentral,8/17/1995,65.4,83.2,76.8,58.6
CanadaCentral,8/18/1995,52.4,63.9,74,55.4
CanadaCentral,8/19/1995,48.5,74.9,72.1,49.3
CanadaCentral,8/20/1995,47.2,77.6,76.3,47.6
CanadaCentral,8/21/1995,47,76.5,79.3,50.4
CanadaCentral,8/22/1995,57.1,83.8,75.3,52.4
CanadaCentral,8/23/1995,53.3,65.7,71.8,55.4
CanadaCentral,8/24/1995,55.8,65.9,68.7,53.8
CanadaCentral,8/25/1995,52.4,74.5,71.6,51.4
CanadaCentral,8/26/1995,46,74.5,75,50.8
CanadaCentral,8/27/1995,54.1,76,74.2,47.6
CanadaCentral,8/28/1995,42.6,72,75,50.5
CanadaCentral,8/29/1995,54.8,77.1,73.2,49
CanadaCentral,8/30/1995,49.6,70.4,74.7,49.8
CanadaCentral,8/31/1995,45,76.7,75.7,47.1
CanadaCentral,9/1/1995,46.7,80.1,77.6,46.9
CanadaCentral,9/2/1995,49.1,75.9,79.5,47.6
CanadaCentral,9/3/1995,47,82.4,79.4,48.2
CanadaCentral,9/4/1995,48.7,79.8,74.7,49.1
CanadaCentral,9/5/1995,51.6,61.8,66.1,47.1
CanadaCentral,9/6/1995,41.1,56.7,59.1,42.3
CanadaCentral,9/7/1995,34.3,58.8,59.7,37.1
CanadaCentral,9/8/1995,35.9,63.6,63.2,36.5
CanadaCentral,9/9/1995,39.4,67.1,68.3,39.4
CanadaCentral,9/10/1995,42.8,74.1,72.9,41.5
CanadaCentral,9/11/1995,42.3,77.3,76.6,46.3
CanadaCentral,9/12/1995,53.7,78.4,74,46.5
CanadaCentral,9/13/1995,43.5,66.3,71.7,44.3
CanadaCentral,9/14/1995,35.6,70.5,69.9,41.7
CanadaCentral,9/15/1995,46,73,67.9,40.5
CanadaCentral,9/16/1995,39.9,60.1,65,40.6
CanadaCentral,9/17/1995,35.8,62,56.2,36.9
CanadaCentral,9/18/1995,35.1,46.4,51.8,34.3
CanadaCentral,9/19/1995,32.1,46.9,44.8,30.9
CanadaCentral,9/20/1995,25.5,41,42.8,26.8
CanadaCentral,9/21/1995,22.8,40.5,44.5,24.6
CanadaCentral,9/22/1995,25.4,51.9,50,25.8
CanadaCentral,9/23/1995,29.1,57.5,58.9,30.6
CanadaCentral,9/24/1995,37.3,67.1,65.8,34.3
CanadaCentral,9/25/1995,36.4,72.6,71.5,36.3
CanadaCentral,9/26/1995,35.3,74.6,75,37.2
CanadaCentral,9/27/1995,39.8,77.6,75.4,40.5
CanadaCentral,9/28/1995,46.4,73.8,74.7,42.6
CanadaCentral,9/29/1995,41.6,72.6,68.3,41.9
CanadaCentral,9/30/1995,37.8,58.4,63.4,37.8
CanadaCentral,10/1/1995,34,59.1,57,37.7
CanadaCentral,10/2/1995,41.4,53.4,55.9,36.6
CanadaCentral,10/3/1995,34.6,55.3,55.2,36.8
CanadaCentral,10/4/1995,34.6,56.7,55.4,32.8
CanadaCentral,10/5/1995,29.2,54.3,54.6,32.4
CanadaCentral,10/6/1995,33.3,52.8,53.7,29.9
CanadaCentral,10/7/1995,27.1,54.2,55.3,31
CanadaCentral,10/8/1995,32.7,58.9,57.8,32.4
CanadaCentral,10/9/1995,37.4,60.3,62.2,34.4
CanadaCentral,10/10/1995,33,67.4,65.5,37.8
CanadaCentral,10/11/1995,42.8,68.9,64.2,38.8
CanadaCentral,10/12/1995,40.6,56.4,57.4,38.8
CanadaCentral,10/13/1995,32.9,46.8,49.7,33.7
CanadaCentral,10/14/1995,27.7,46,49.2,29
CanadaCentral,10/15/1995,26.5,54.9,53.9,28.4
CanadaCentral,10/16/1995,31,60.8,54.3,30.5
CanadaCentral,10/17/1995,34,47.1,50.2,32.8
CanadaCentral,10/18/1995,33.5,42.8,43.4,33.3
CanadaCentral,10/19/1995,32.3,40.4,42.4,30.7
CanadaCentral,10/20/1995,26.1,44.1,43.9,29.2
CanadaCentral,10/21/1995,29.3,47.3,44.9,27
CanadaCentral,10/22/1995,25.5,43.4,46.1,26.2
CanadaCentral,10/23/1995,23.9,47.6,48.5,24.7
CanadaCentral,10/24/1995,24.7,54.5,49.9,25
CanadaCentral,10/25/1995,26.3,47.6,48.7,26.3
CanadaCentral,10/26/1995,27.9,44,44.5,29.5
CanadaCentral,10/27/1995,34.5,42.1,41.6,30.6
CanadaCentral,10/28/1995,29.6,38.8,38.2,29.8
CanadaCentral,10/29/1995,25.3,33.7,34.2,25.6
CanadaCentral,10/30/1995,21.9,30.3,32.4,23
CanadaCentral,10/31/1995,21.6,33.4,31.5,20.5
CanadaCentral,11/1/1995,18,30.7,27.6,16.1
CanadaCentral,11/2/1995,8.7,18.7,22.1,8.8
CanadaCentral,11/3/1995,-0.2,16.9,23.2,5.2
CanadaCentral,11/4/1995,7,34.1,30,6.9
CanadaCentral,11/5/1995,14,39.2,34.9,12.6
CanadaCentral,11/6/1995,16.8,31.4,29.9,13.6
CanadaCentral,11/7/1995,10,19.2,22.3,11.4
CanadaCentral,11/8/1995,7.5,16.4,18.4,10.1
CanadaCentral,11/9/1995,12.7,19.7,16.4,6.1
CanadaCentral,11/10/1995,-1.9,13,14.1,-0.1
CanadaCentral,11/11/1995,-11,9.5,13.3,-2.1
CanadaCentral,11/12/1995,6.6,17.4,17,1.5
CanadaCentral,11/13/1995,8.9,24.2,23.9,8
CanadaCentral,11/14/1995,8.6,30.2,27.7,8.7
CanadaCentral,11/15/1995,8.6,28.6,28.4,10.4
CanadaCentral,11/16/1995,14,26.3,29.3,15.8
CanadaCentral,11/17/1995,24.7,32.9,32.3,21.6
CanadaCentral,11/18/1995,26.3,37.7,37.3,26.3
CanadaCentral,11/19/1995,28,41.4,35.8,23.1
CanadaCentral,11/20/1995,15.1,28.2,32.1,16.4
CanadaCentral,11/21/1995,6.1,26.8,26.5,7.4
CanadaCentral,11/22/1995,1,24.4,24.1,1.4
CanadaCentral,11/23/1995,-2.9,21.1,23.2,2.8
CanadaCentral,11/24/1995,10.2,24.2,21.2,5.7
CanadaCentral,11/25/1995,9.9,18.4,17.3,4.5
CanadaCentral,11/26/1995,-6.5,9.2,12.7,-0.3
CanadaCentral,11/27/1995,-4.2,10.5,9.6,-4.1
CanadaCentral,11/28/1995,-1.6,9.2,12.5,-0.2
CanadaCentral,11/29/1995,5.4,17.9,18.1,2.4
CanadaCentral,11/30/1995,3.5,27.2,18.6,0.2
CanadaCentral,12/1/1995,-8.4,10.5,22.1,1.5
CanadaCentral,12/2/1995,9.4,28.7,21,1.2
CanadaCentral,12/3/1995,2.5,23.6,29,4.9
CanadaCentral,12/4/1995,2.9,34.7,20.3,0.2
CanadaCentral,12/5/1995,-4.7,2.6,13.5,-3.5
CanadaCentral,12/6/1995,-8.7,3.2,2.8,-8.6
CanadaCentral,12/7/1995,-12.5,2.7,-0.1,-13.4
CanadaCentral,12/8/1995,-19.1,-6.2,-3.6,-18.6
CanadaCentral,12/9/1995,-24.3,-7.4,-8.9,-22.8
CanadaCentral,12/10/1995,-25,-13.1,-11.4,-22.5
CanadaCentral,12/11/1995,-18.3,-13.7,-11.4,-20.9
CanadaCentral,12/12/1995,-19.4,-7.5,-2,-15.1
CanadaCentral,12/13/1995,-7.7,15,6.9,-10.8
CanadaCentral,12/14/1995,-5.4,13.1,10.5,-6.7
CanadaCentral,12/15/1995,-6.9,3.3,8,-5.6
CanadaCentral,12/16/1995,-4.6,7.5,6.3,-5.6
CanadaCentral,12/17/1995,-5.3,8,9.1,-6.2
CanadaCentral,12/18/1995,-8.8,11.7,13.1,-1.2
CanadaCentral,12/19/1995,10.4,19.6,17,3.4
CanadaCentral,12/20/1995,8.7,19.6,18.2,8.1
CanadaCentral,12/21/1995,5.3,15.5,16.5,4.2
CanadaCentral,12/22/1995,-1.3,14.5,18.3,4.8
CanadaCentral,12/23/1995,10.5,24.9,21.8,9.6
CanadaCentral,12/24/1995,19.6,25.8,25.2,15.4
CanadaCentral,12/25/1995,16.1,24.9,25.2,17.5
CanadaCentral,12/26/1995,16.8,25,24.6,14.8
CanadaCentral,12/27/1995,11.6,24.1,21.1,10.1
CanadaCentral,12/28/1995,2,14.4,16.4,3.7
CanadaCentral,12/29/1995,-2.5,10.7,10.5,-0.4
CanadaCentral,12/30/1995,-0.5,6.5,9.6,1.3
CanadaCentral,12/31/1995,7,11.7,12,3
CanadaCentral,1/1/1996,2.6,17.8,12.3,0.4
CanadaCentral,1/2/1996,-8.5,7.4,12.2,-3.7
CanadaCentral,1/3/1996,-5.2,11.4,4.6,-14.7
CanadaCentral,1/4/1996,-30.3,-5.1,-3,-22.8
CanadaCentral,1/5/1996,-33,-15.5,-10,-31.9
CanadaCentral,1/6/1996,-32.3,-9.5,-0.7,-25.8
CanadaCentral,1/7/1996,-12.3,22.9,14.8,-9.2
CanadaCentral,1/8/1996,17.1,31,26.8,4.5
CanadaCentral,1/9/1996,8.8,26.6,29.1,12.4
CanadaCentral,1/10/1996,11.4,29.6,31.4,11.3
CanadaCentral,1/11/1996,13.7,37.9,36.2,17.5
CanadaCentral,1/12/1996,27.6,41.2,36.1,14.2
CanadaCentral,1/13/1996,1.4,29.2,24,5.5
CanadaCentral,1/14/1996,-12.4,1.6,11.6,-7.3
CanadaCentral,1/15/1996,-11,4.1,3.2,-9.1
CanadaCentral,1/16/1996,-3.8,4,1.5,-12.2
CanadaCentral,1/17/1996,-21.8,-3.5,-6,-19.3
CanadaCentral,1/18/1996,-32.3,-18.4,-13.7,-30.9
CanadaCentral,1/19/1996,-38.7,-19.2,-15.9,-35.9
CanadaCentral,1/20/1996,-36.7,-10,-10.8,-33.7
CanadaCentral,1/21/1996,-25.8,-3.3,-5.3,-28.6
CanadaCentral,1/22/1996,-23.1,-2.7,-3,-23.3
CanadaCentral,1/23/1996,-21,-3.1,-4.3,-22
CanadaCentral,1/24/1996,-21.8,-7.2,-6.4,-22.2
CanadaCentral,1/25/1996,-23.9,-8.8,-5.9,-23.3
CanadaCentral,1/26/1996,-24.4,-1.8,-6,-23.5
CanadaCentral,1/27/1996,-22.4,-7.5,-7.3,-22.9
CanadaCentral,1/28/1996,-21.8,-12.6,-11.9,-23.5
CanadaCentral,1/29/1996,-26.3,-15.8,-14.2,-26
CanadaCentral,1/30/1996,-29.9,-14.2,-16,-31.1
CanadaCentral,1/31/1996,-37.3,-18,-20.4,-36.1
CanadaCentral,2/1/1996,-41.2,-29,-23.1,-38.5
CanadaCentral,2/2/1996,-37,-22.3,-20.6,-36
CanadaCentral,2/3/1996,-29.7,-10.4,-11,-29.4
CanadaCentral,2/4/1996,-21.4,-0.3,0.4,-24.2
CanadaCentral,2/5/1996,-21.6,11.9,17.3,-10.5
CanadaCentral,2/6/1996,11.4,40.4,28.8,3.7
CanadaCentral,2/7/1996,21.5,34,36,17.4
CanadaCentral,2/8/1996,19.3,33.7,35,21.9
CanadaCentral,2/9/1996,24.9,37.4,33.9,20
CanadaCentral,2/10/1996,15.8,30.5,29.6,14.3
CanadaCentral,2/11/1996,2.3,20.9,27.8,6.7
CanadaCentral,2/12/1996,2,32.1,28.1,9.5
CanadaCentral,2/13/1996,24.1,31.4,30,11.7
CanadaCentral,2/14/1996,8.9,26.6,22.3,9.8
CanadaCentral,2/15/1996,-3.6,9,19.9,0.1
CanadaCentral,2/16/1996,-4.9,24.1,13.6,-6.2
CanadaCentral,2/17/1996,-10.1,7.7,17.5,-4.5
CanadaCentral,2/18/1996,1.4,20.7,22.2,-1.8
CanadaCentral,2/19/1996,3.3,38.1,25.1,0
CanadaCentral,2/20/1996,-4.7,16.4,28.8,3
CanadaCentral,2/21/1996,10.4,31.9,27.4,9.5
CanadaCentral,2/22/1996,22.6,33.9,32.9,17.1
CanadaCentral,2/23/1996,18.4,32.9,29.2,14.6
CanadaCentral,2/24/1996,2.8,20.7,19.4,5.5
CanadaCentral,2/25/1996,-4.5,4.6,9.1,-2.6
CanadaCentral,2/26/1996,-6.1,1.9,1.7,-5.9
CanadaCentral,2/27/1996,-7.1,-1.2,1.1,-8.5
CanadaCentral,2/28/1996,-12.4,2.6,5.9,-7.1
CanadaCentral,2/29/1996,-1.8,16.3,11.8,-4.7
CanadaCentral,3/1/1996,0,16.4,13.2,-4
CanadaCentral,3/2/1996,-10.3,7,12,-6.8
CanadaCentral,3/3/1996,-10.1,12.6,9.4,-8.6
CanadaCentral,3/4/1996,-5.3,8.7,7.5,-10.3
CanadaCentral,3/5/1996,-15.5,1.1,3.1,-13.8
CanadaCentral,3/6/1996,-20.6,-0.5,0.3,-18.6
CanadaCentral,3/7/1996,-19.7,0.4,4,-15.5
CanadaCentral,3/8/1996,-6.1,12.1,10.9,-11
CanadaCentral,3/9/1996,-7.2,20.3,22.8,0.6
CanadaCentral,3/10/1996,15.1,36,31.5,10
CanadaCentral,3/11/1996,22,38.2,37.6,22.6
CanadaCentral,3/12/1996,30.6,38.6,37.6,25.2
CanadaCentral,3/13/1996,22.9,36,37.6,24.6
CanadaCentral,3/14/1996,20.2,38.2,38.3,22
CanadaCentral,3/15/1996,22.8,40.7,38.4,20.6
CanadaCentral,3/16/1996,18.8,36.2,33.3,18.6
CanadaCentral,3/17/1996,14.2,23.1,27.6,15.7
CanadaCentral,3/18/1996,14.2,23.4,21.6,11.7
CanadaCentral,3/19/1996,6.7,18.2,23.3,7.9
CanadaCentral,3/20/1996,2.7,28.2,25.5,9.8
CanadaCentral,3/21/1996,20,30.1,27.8,12.3
CanadaCentral,3/22/1996,14.3,25.2,24.3,13.2
CanadaCentral,3/23/1996,5.3,17.6,16.8,6
CanadaCentral,3/24/1996,-1.6,7.5,9.1,-2.6
CanadaCentral,3/25/1996,-11.4,2.3,8.9,-8
CanadaCentral,3/26/1996,-11.1,17,12,-6.7
CanadaCentral,3/27/1996,2.5,16.8,17.1,-4.3
CanadaCentral,3/28/1996,-4.3,17.4,17.4,0.3
CanadaCentral,3/29/1996,2.6,17.9,18.9,1.7
CanadaCentral,3/30/1996,6.7,21.5,21.7,3.1
CanadaCentral,3/31/1996,0.1,25.8,21.7,3.5
CanadaCentral,4/1/1996,3.7,17.9,19.9,4.7
CanadaCentral,4/2/1996,10.4,16,18.3,6.5
CanadaCentral,4/3/1996,5.4,21.1,21.5,4.2
CanadaCentral,4/4/1996,-3.4,27.4,26.7,3.5
CanadaCentral,4/5/1996,8.3,31.5,29.5,4.7
CanadaCentral,4/6/1996,9.2,29.6,32.1,12.3
CanadaCentral,4/7/1996,19.4,35.2,34.6,17.7
CanadaCentral,4/8/1996,24.5,38.9,40,24.4
CanadaCentral,4/9/1996,29.2,45.9,44.7,28.9
CanadaCentral,4/10/1996,33,49.4,43.5,30.3
CanadaCentral,4/11/1996,28.6,35.2,39.9,28.3
CanadaCentral,4/12/1996,23.4,35.1,36.2,25.2
CanadaCentral,4/13/1996,23.5,38.4,39.5,25.9
CanadaCentral,4/14/1996,30.8,45.1,42.1,27.9
CanadaCentral,4/15/1996,29.4,42.8,47.1,29.2
CanadaCentral,4/16/1996,27.5,53.5,51,31.3
CanadaCentral,4/17/1996,37,56.7,52.1,32.2
CanadaCentral,4/18/1996,32,46,45.2,31.9
CanadaCentral,4/19/1996,26.8,32.8,37.2,28.2
CanadaCentral,4/20/1996,25.8,32.8,34.4,26.3
CanadaCentral,4/21/1996,26.4,37.7,39.4,25.5
CanadaCentral,4/22/1996,24.4,47.6,43.5,27.4
CanadaCentral,4/23/1996,31.4,45.3,47.4,30
CanadaCentral,4/24/1996,34.1,49.3,45.6,30.9
CanadaCentral,4/25/1996,27.2,42.4,42.4,28
CanadaCentral,4/26/1996,22.7,35.6,40.1,25
CanadaCentral,4/27/1996,25.1,42.4,43.1,24.2
CanadaCentral,4/28/1996,24.9,51.4,49.9,27.1
CanadaCentral,4/29/1996,31.3,55.8,54.1,29.9
CanadaCentral,4/30/1996,33.5,55.1,54.5,31.3
CanadaCentral,5/1/1996,29,52.4,52.2,30.3
CanadaCentral,5/2/1996,28.4,49.1,51.2,28.5
CanadaCentral,5/3/1996,28,52.1,52,28.2
CanadaCentral,5/4/1996,28.3,54.8,55.3,29.6
CanadaCentral,5/5/1996,32.7,59,57.2,30.7
CanadaCentral,5/6/1996,31.2,57.7,58.6,32.9
CanadaCentral,5/7/1996,34.9,59.1,55.8,31.6
CanadaCentral,5/8/1996,28.7,50.5,50.4,29.8
CanadaCentral,5/9/1996,25.7,41.7,45.4,25.9
CanadaCentral,5/10/1996,23.2,44,45,25.7
CanadaCentral,5/11/1996,28.2,49.2,49.9,27
CanadaCentral,5/12/1996,29.6,56.4,56.2,29.3
CanadaCentral,5/13/1996,30.2,62.8,60.8,35.6
CanadaCentral,5/14/1996,47,63.1,62.2,40.6
CanadaCentral,5/15/1996,44.5,60.6,64.6,45.6
CanadaCentral,5/16/1996,45.3,70.1,63.4,47.2
CanadaCentral,5/17/1996,51.9,59.7,65.1,48.6
CanadaCentral,5/18/1996,48.8,65.5,60.3,49.2
CanadaCentral,5/19/1996,47,55.6,60.7,46
CanadaCentral,5/20/1996,42.2,61,57.5,43
CanadaCentral,5/21/1996,39.8,55.9,55.9,39.2
CanadaCentral,5/22/1996,35.7,51,54.8,39.1
CanadaCentral,5/23/1996,41.9,57.7,56,37.7
CanadaCentral,5/24/1996,35.4,59.2,59.9,39.9
CanadaCentral,5/25/1996,42.3,62.9,63.4,39.8
CanadaCentral,5/26/1996,41.7,68.2,67.5,42.9
CanadaCentral,5/27/1996,44.6,71.4,71,44.1
CanadaCentral,5/28/1996,45.9,73.4,72.4,44.4
CanadaCentral,5/29/1996,42.7,72.5,71.7,46
CanadaCentral,5/30/1996,49.4,69.2,69.5,47.5
CanadaCentral,5/31/1996,50.3,66.9,68.9,48.6
CanadaCentral,6/1/1996,46.2,70.6,64.1,46.7
CanadaCentral,6/2/1996,43.7,54.8,64.6,44
CanadaCentral,6/3/1996,42,68.3,65.4,43.7
CanadaCentral,6/4/1996,45.5,73.1,68.3,46.7
CanadaCentral,6/5/1996,52.6,63.4,69,48.9
CanadaCentral,6/6/1996,48.7,70.6,70.2,50.3
CanadaCentral,6/7/1996,49.6,76.6,77.3,51.2
CanadaCentral,6/8/1996,55.4,84.6,83.4,54.4
CanadaCentral,6/9/1996,58.2,89,85.8,58.5
CanadaCentral,6/10/1996,62,84,86,58.3
CanadaCentral,6/11/1996,54.8,85.2,81.4,56.1
CanadaCentral,6/12/1996,51.5,75.2,80.1,51.9
CanadaCentral,6/13/1996,49.3,79.8,80,51.3
CanadaCentral,6/14/1996,53.1,84.9,80.1,52.8
CanadaCentral,6/15/1996,56.1,75.7,78.6,53.9
CanadaCentral,6/16/1996,52.4,75.2,77.2,54.4
CanadaCentral,6/17/1996,54.8,80.7,77.7,55.2
CanadaCentral,6/18/1996,58.6,77.3,74.9,55.3
CanadaCentral,6/19/1996,52.7,66.7,71.7,53.5
CanadaCentral,6/20/1996,49.4,71.2,66.3,49.9
CanadaCentral,6/21/1996,47.7,61,62,46.9
CanadaCentral,6/22/1996,43.7,54,55.2,45.7
CanadaCentral,6/23/1996,45.6,50.6,55.7,44.6
CanadaCentral,6/24/1996,44.4,62.7,58,46.6
CanadaCentral,6/25/1996,49.6,60.9,64.8,50.1
CanadaCentral,6/26/1996,56.2,70.9,72,57.2
CanadaCentral,6/27/1996,65.9,84.3,79,62.7
CanadaCentral,6/28/1996,66,81.9,81.8,64.8
CanadaCentral,6/29/1996,62.6,79.3,79.6,60.7
CanadaCentral,6/30/1996,53.6,77.7,78.6,56.5
CanadaCentral,7/1/1996,53.4,78.8,79.8,54.1
CanadaCentral,7/2/1996,55.3,82.9,82.4,56.4
CanadaCentral,7/3/1996,60.5,85.6,85,60.8
CanadaCentral,7/4/1996,66.6,86.6,82.1,62.4
CanadaCentral,7/5/1996,60.1,74.2,78.1,59.2
CanadaCentral,7/6/1996,51,73.4,70.2,53
CanadaCentral,7/7/1996,47.8,63.1,67.8,48.7
CanadaCentral,7/8/1996,47.4,66.8,67.7,46.7
CanadaCentral,7/9/1996,45.1,73.2,71.6,47.8
CanadaCentral,7/10/1996,51,74.9,72.1,48.6
CanadaCentral,7/11/1996,49.8,68.3,72.7,50.8
CanadaCentral,7/12/1996,51.5,75,72.6,50.8
CanadaCentral,7/13/1996,50.9,74.6,75.2,51.6
CanadaCentral,7/14/1996,52.2,75.9,76.7,52
CanadaCentral,7/15/1996,52.8,79.7,79.9,54.1
CanadaCentral,7/16/1996,57.3,84.1,79,57.4
CanadaCentral,7/17/1996,62,73.4,78.3,59.9
CanadaCentral,7/18/1996,60.5,77.5,75.7,62
CanadaCentral,7/19/1996,63.4,76.2,75.7,60
CanadaCentral,7/20/1996,56,73.4,72.4,57
CanadaCentral,7/21/1996,51.6,67.4,71,52.9
CanadaCentral,7/22/1996,51.2,72.2,69.5,51.9
CanadaCentral,7/23/1996,52.9,68.9,72.2,52.4
CanadaCentral,7/24/1996,53.1,75.3,72.6,52.4
CanadaCentral,7/25/1996,51.1,73.7,73.3,53.5
CanadaCentral,7/26/1996,56.4,70.9,72.1,53.4
CanadaCentral,7/27/1996,52.7,71.8,71.5,53.6
CanadaCentral,7/28/1996,51.8,71.7,72,51.9
CanadaCentral,7/29/1996,51.2,72.5,72.9,51.3
CanadaCentral,7/30/1996,51,74.5,73.1,51.6
CanadaCentral,7/31/1996,52.7,72.3,76.9,52.5
CanadaCentral,8/1/1996,54,83.8,80.4,55.5
CanadaCentral,8/2/1996,59.9,84.9,82,57.1
CanadaCentral,8/3/1996,57.4,77.4,79,56.7
CanadaCentral,8/4/1996,52.7,74.6,76.8,53.8
CanadaCentral,8/5/1996,51.3,78.4,73.6,51.4
CanadaCentral,8/6/1996,50.1,67.9,72.2,50.7
CanadaCentral,8/7/1996,50.8,70.2,69.5,48.6
CanadaCentral,8/8/1996,44.9,70.3,73.1,46.8
CanadaCentral,8/9/1996,44.6,78.7,78.8,48.4
CanadaCentral,8/10/1996,55.6,87.3,82.3,51.5
CanadaCentral,8/11/1996,54.2,80.7,84.8,53.7
CanadaCentral,8/12/1996,51.4,86.3,80,52.1
CanadaCentral,8/13/1996,50.7,73.1,79,49.2
CanadaCentral,8/14/1996,45.6,77.8,76.4,48.5
CanadaCentral,8/15/1996,49.3,78.2,79.5,49.7
CanadaCentral,8/16/1996,54.1,82.7,82.2,54.1
CanadaCentral,8/17/1996,59,85.7,82.2,56.2
CanadaCentral,8/18/1996,55.7,78.1,78.7,55
CanadaCentral,8/19/1996,50.4,72.3,77.8,51
CanadaCentral,8/20/1996,46.9,82.9,75.8,50.3
CanadaCentral,8/21/1996,53.6,72.3,78.3,48.7
CanadaCentral,8/22/1996,45.7,79.7,78.1,48.3
CanadaCentral,8/23/1996,45.7,82.3,81.8,47.3
CanadaCentral,8/24/1996,50.6,83.4,80.7,46.7
CanadaCentral,8/25/1996,43.8,76.4,81,47
CanadaCentral,8/26/1996,46.8,83.4,82.6,49
CanadaCentral,8/27/1996,56.5,88.1,85.1,52.3
CanadaCentral,8/28/1996,53.7,83.9,86.7,55.7
CanadaCentral,8/29/1996,57,88.1,87.4,57.4
CanadaCentral,8/30/1996,61.4,90.3,89.4,59.2
CanadaCentral,8/31/1996,59.2,89.9,85.8,56.8
CanadaCentral,9/1/1996,49.8,77.2,80.5,51.8
CanadaCentral,9/2/1996,46.3,74.6,74.8,45.7
CanadaCentral,9/3/1996,41.2,72.7,70,44.8
CanadaCentral,9/4/1996,46.8,62.9,65,46.6
CanadaCentral,9/5/1996,51.9,59.3,63.1,48.4
CanadaCentral,9/6/1996,46.6,67.2,67.8,46.9
CanadaCentral,9/7/1996,42.3,76.9,73.2,44.2
CanadaCentral,9/8/1996,43.6,75.4,76.7,43.8
CanadaCentral,9/9/1996,45.4,77.7,71.8,43.6
CanadaCentral,9/10/1996,41.9,62.4,66.4,40.3
CanadaCentral,9/11/1996,33.6,59.2,61.2,37.2
CanadaCentral,9/12/1996,36.2,62.1,63.3,38.1
CanadaCentral,9/13/1996,44.5,68.7,66.9,41.6
CanadaCentral,9/14/1996,44.2,70,69.4,44.6
CanadaCentral,9/15/1996,45.1,69.5,69,45.5
CanadaCentral,9/16/1996,47.2,67.4,67,47.2
CanadaCentral,9/17/1996,49.3,64.1,66,47.5
CanadaCentral,9/18/1996,46,66.4,64.7,48.8
CanadaCentral,9/19/1996,51.1,63.5,64.5,47.9
CanadaCentral,9/20/1996,46.6,63.6,61.1,48.7
CanadaCentral,9/21/1996,48.3,56.3,60.1,45.3
CanadaCentral,9/22/1996,41.1,60.4,58.4,41.9
CanadaCentral,9/23/1996,36.4,58.6,57.8,36.8
CanadaCentral,9/24/1996,32.9,54.4,54.6,36.6
CanadaCentral,9/25/1996,40.3,50.9,53.9,37.2
CanadaCentral,9/26/1996,38.3,56.5,55.1,38.2
CanadaCentral,9/27/1996,35.9,58.1,54.8,35.4
CanadaCentral,9/28/1996,31.8,49.9,51.2,31
CanadaCentral,9/29/1996,25.2,45.7,45.9,30.9
CanadaCentral,9/30/1996,35.6,42.1,41.9,29
CanadaCentral,10/1/1996,26.2,37.8,39.6,26.3
CanadaCentral,10/2/1996,17.1,38.9,42.9,22.9
CanadaCentral,10/3/1996,25.5,52,54.6,24.9
CanadaCentral,10/4/1996,32.2,72.8,64.8,34.1
CanadaCentral,10/5/1996,44.5,69.7,64.2,36.6
CanadaCentral,10/6/1996,33.1,50.1,61.8,37.6
CanadaCentral,10/7/1996,35.3,65.6,60.2,36
CanadaCentral,10/8/1996,39.7,65,63.2,35
CanadaCentral,10/9/1996,30,59,64.1,36.7
CanadaCentral,10/10/1996,40.2,68.4,66,38
CanadaCentral,10/11/1996,43.6,70.6,67.1,41
CanadaCentral,10/12/1996,39.3,62.4,66.1,38.9
CanadaCentral,10/13/1996,33.7,65.2,61.2,37.9
CanadaCentral,10/14/1996,40.8,56.1,61,36.8
CanadaCentral,10/15/1996,36,61.7,56.7,34.1
CanadaCentral,10/16/1996,25.4,52.2,53.6,27.3
CanadaCentral,10/17/1996,20.3,46.8,49.4,20.8
CanadaCentral,10/18/1996,16.7,49.3,50.5,22.4
CanadaCentral,10/19/1996,30,55.5,45.9,25.1
CanadaCentral,10/20/1996,28.6,33.1,40.9,26.3
CanadaCentral,10/21/1996,20.4,34.1,34.7,19.3
CanadaCentral,10/22/1996,8.9,36.8,36.8,19.3
CanadaCentral,10/23/1996,28.6,39.4,39.6,20.1
CanadaCentral,10/24/1996,23,42.7,42.6,26.3
CanadaCentral,10/25/1996,27.3,45.8,42.4,25.1
CanadaCentral,10/26/1996,25,38.7,43.1,26.5
CanadaCentral,10/27/1996,27.3,45,45.2,27
CanadaCentral,10/28/1996,28.7,52,45.4,21.8
CanadaCentral,10/29/1996,9.4,39.2,37.1,15.6
CanadaCentral,10/30/1996,8.9,20.1,27.4,8.7
CanadaCentral,10/31/1996,7.9,23,24,8
CanadaCentral,11/1/1996,7.2,29,34.5,8.4
CanadaCentral,11/2/1996,9.9,51.4,42.6,14.1
CanadaCentral,11/3/1996,25,47.5,45.1,19.9
CanadaCentral,11/4/1996,24.6,36.4,39.3,22.3
CanadaCentral,11/5/1996,17.2,34,35.2,20.5
CanadaCentral,11/6/1996,19.7,35.1,34.7,15.4
CanadaCentral,11/7/1996,9.4,34.9,34,13.1
CanadaCentral,11/8/1996,10.2,31.9,29.7,8.4
CanadaCentral,11/9/1996,5.7,22.2,23.9,6.1
CanadaCentral,11/10/1996,2.3,17.6,18.8,1.1
CanadaCentral,11/11/1996,-4.6,16.4,16.4,-2.5
CanadaCentral,11/12/1996,-5.2,15.1,15.7,-5.9
CanadaCentral,11/13/1996,-8,15.7,17.9,-5.8
CanadaCentral,11/14/1996,-4.2,22.9,22.3,0.2
CanadaCentral,11/15/1996,12.8,28.3,21.9,2.8
CanadaCentral,11/16/1996,-0.1,14.3,18.2,3.9
CanadaCentral,11/17/1996,-1.1,12.1,11.7,-4.2
CanadaCentral,11/18/1996,-11.3,8.7,8.5,-6.3
CanadaCentral,11/19/1996,-6.5,4.8,8.9,-8.6
CanadaCentral,11/20/1996,-7.8,13.3,5.2,-9.5
CanadaCentral,11/21/1996,-14.1,-2.5,4.2,-9.2
CanadaCentral,11/22/1996,-5.8,1.8,1.3,-11.2
CanadaCentral,11/23/1996,-13.8,4.6,2.4,-12.5
CanadaCentral,11/24/1996,-17.9,0.7,0,-17.1
CanadaCentral,11/25/1996,-19.5,-5.4,-1.3,-19
CanadaCentral,11/26/1996,-19.7,0.9,3.4,-15.3
CanadaCentral,11/27/1996,-6.8,14.6,13.2,-7.7
CanadaCentral,11/28/1996,3.5,24.1,20.5,4.6
CanadaCentral,11/29/1996,17,22.8,21.6,9.6
CanadaCentral,11/30/1996,8.2,17.8,17.8,7.2
CanadaCentral,12/1/1996,-3.8,12.8,13.3,-0.3
CanadaCentral,12/2/1996,-5.4,9.1,12,-4.3
CanadaCentral,12/3/1996,-3.7,14.1,12.5,-3.6
CanadaCentral,12/4/1996,-1.7,14.3,17.2,-0.7
CanadaCentral,12/5/1996,3.4,23,20.6,3.5
CanadaCentral,12/6/1996,8.9,24.5,22.9,8.5
CanadaCentral,12/7/1996,13.3,21,21.4,8.3
CanadaCentral,12/8/1996,2.8,18.5,20.8,9.4
CanadaCentral,12/9/1996,12,22.9,19.4,8.7
CanadaCentral,12/10/1996,11.4,16.9,22.9,12.7
CanadaCentral,12/11/1996,14.8,28.8,24.4,12.3
CanadaCentral,12/12/1996,10.7,27.7,24.6,6.4
CanadaCentral,12/13/1996,-6.2,17.4,18.9,-0.3
CanadaCentral,12/14/1996,-5.3,11.5,15.2,-6.7
CanadaCentral,12/15/1996,-8.6,16.5,15.7,-3.1
CanadaCentral,12/16/1996,4.6,19.2,13.8,-4.6
CanadaCentral,12/17/1996,-9.7,5.8,5.5,-9.6
CanadaCentral,12/18/1996,-23.8,-8.5,1.1,-20.4
CanadaCentral,12/19/1996,-27.8,6.2,5.8,-17.9
CanadaCentral,12/20/1996,-2.1,19.7,7.9,-18.1
CanadaCentral,12/21/1996,-24.5,-2.1,0.7,-17.4
CanadaCentral,12/22/1996,-25.5,-15.5,-10,-26.5
CanadaCentral,12/23/1996,-29.5,-12.3,-14.8,-27.9
CanadaCentral,12/24/1996,-28.8,-16.7,-15.1,-30.1
CanadaCentral,12/25/1996,-31.9,-16.4,-15.4,-29.8
CanadaCentral,12/26/1996,-28.8,-13,-11.8,-27.7
CanadaCentral,12/27/1996,-22.3,-5.9,-8.4,-26.3
CanadaCentral,12/28/1996,-27.7,-6.2,-7.9,-28.3
CanadaCentral,12/29/1996,-34.9,-11.6,-8.6,-25.2
CanadaCentral,12/30/1996,-12.9,-7.9,-1.1,-19.1
CanadaCentral,12/31/1996,-9.6,16.3,13,-6.7
CanadaCentral,1/1/1997,2.3,30.6,28.6,-2.3
CanadaCentral,1/2/1997,0.3,39,26.3,0.7
CanadaCentral,1/3/1997,-0.4,9.1,18.7,-0.7
CanadaCentral,1/4/1997,-1.9,7.9,6.9,-5.4
CanadaCentral,1/5/1997,-13.8,3.8,3.1,-10.9
CanadaCentral,1/6/1997,-17,-2.5,1.4,-16
CanadaCentral,1/7/1997,-17.3,2.8,5.3,-14.5
CanadaCentral,1/8/1997,-9.2,15.6,9.1,-15.3
CanadaCentral,1/9/1997,-19.3,8.9,3.4,-17.4
CanadaCentral,1/10/1997,-23.8,-14.3,-6.2,-23.1
CanadaCentral,1/11/1997,-26.2,-13.1,-12.1,-23.4
CanadaCentral,1/12/1997,-20.3,-8.8,-7.4,-21.2
CanadaCentral,1/13/1997,-17.1,-0.2,-1.3,-15.6
CanadaCentral,1/14/1997,-9.4,5.1,7,-13.4
CanadaCentral,1/15/1997,-13.9,16.2,4.1,-14.6
CanadaCentral,1/16/1997,-20.5,-9.1,1.6,-19.9
CanadaCentral,1/17/1997,-25.2,-2.4,5.7,-17.4
CanadaCentral,1/18/1997,-6.5,28.6,19.1,-6.7
CanadaCentral,1/19/1997,11.6,30.9,26.1,3
CanadaCentral,1/20/1997,3.8,18.7,22.7,4.8
CanadaCentral,1/21/1997,-1,18.5,12.1,-6
CanadaCentral,1/22/1997,-20.8,-0.8,5.8,-13.2
CanadaCentral,1/23/1997,-18,-0.3,-2,-19.3
CanadaCentral,1/24/1997,-19.1,-4.8,-7,-23.3
CanadaCentral,1/25/1997,-32.9,-16.1,-11.4,-29.9
CanadaCentral,1/26/1997,-37.8,-13.3,-13,-33.1
CanadaCentral,1/27/1997,-28.5,-9.7,-11.4,-30.7
CanadaCentral,1/28/1997,-25.8,-11.1,-4.3,-26.4
CanadaCentral,1/29/1997,-24.9,8,11,-16
CanadaCentral,1/30/1997,2.8,36.2,26.4,-4.2
CanadaCentral,1/31/1997,9.7,35.2,33.2,8.2
CanadaCentral,2/1/1997,12.1,28.2,27.6,11.7
CanadaCentral,2/2/1997,13.4,19.6,24.2,12.9
CanadaCentral,2/3/1997,13.1,24.9,22.5,14.9
CanadaCentral,2/4/1997,18.2,23,24.9,13.1
CanadaCentral,2/5/1997,8,26.8,23.7,9
CanadaCentral,2/6/1997,0.8,21.2,22.6,3.5
CanadaCentral,2/7/1997,1.5,19.9,21.1,2.2
CanadaCentral,2/8/1997,4.3,22.1,21.3,1.9
CanadaCentral,2/9/1997,-0.2,22,18,0.3
CanadaCentral,2/10/1997,-3.1,9.8,16.8,-6.6
CanadaCentral,2/11/1997,-16.5,18.5,12.8,-14.6
CanadaCentral,2/12/1997,-24.2,10.1,16.6,-11.6
CanadaCentral,2/13/1997,6,21.3,14.4,-7.4
CanadaCentral,2/14/1997,-4.1,11.8,14.2,-1.2
CanadaCentral,2/15/1997,-5.5,9.3,14.3,-3.6
CanadaCentral,2/16/1997,-1.2,21.9,23.1,2.9
CanadaCentral,2/17/1997,15.5,38.2,27.2,4.6
CanadaCentral,2/18/1997,-0.4,21.6,30.7,4
CanadaCentral,2/19/1997,-3.1,32.2,29.3,3.7
CanadaCentral,2/20/1997,14.7,34,29.7,6.3
CanadaCentral,2/21/1997,7.2,23,25.2,6.9
CanadaCentral,2/22/1997,-1.3,18.7,16.4,-3.4
CanadaCentral,2/23/1997,-16,7.4,16.9,-13.1
CanadaCentral,2/24/1997,-21.9,24.7,23.2,-7.2
CanadaCentral,2/25/1997,16.3,37.6,27.3,-3.2
CanadaCentral,2/26/1997,-4,19.6,23.1,0.4
CanadaCentral,2/27/1997,-11,12.1,16.3,-4.7
CanadaCentral,2/28/1997,1.1,17.2,13.7,-4
CanadaCentral,3/1/1997,-2,11.7,13.8,-5
CanadaCentral,3/2/1997,-14.3,12.5,11.6,-7.3
CanadaCentral,3/3/1997,-5.6,10.5,8.9,-12.8
CanadaCentral,3/4/1997,-18.6,3.6,8,-12.4
CanadaCentral,3/5/1997,-12.9,9.7,7.6,-15.5
CanadaCentral,3/6/1997,-14.8,9.6,11,-9.5
CanadaCentral,3/7/1997,-0.7,13.8,18.1,-4.4
CanadaCentral,3/8/1997,2.4,31,24.5,4.8
CanadaCentral,3/9/1997,12.7,28.7,29.5,8.5
CanadaCentral,3/10/1997,10.4,28.9,24.8,6.4
CanadaCentral,3/11/1997,-3.9,16.7,17.5,-1
CanadaCentral,3/12/1997,-9.6,7,10.8,-6.7
CanadaCentral,3/13/1997,-6.5,8.7,6.5,-10.1
CanadaCentral,3/14/1997,-14.4,3.9,7.8,-12.2
CanadaCentral,3/15/1997,-15.6,10.7,12.7,-11.6
CanadaCentral,3/16/1997,-4.7,23.4,17.7,-8
CanadaCentral,3/17/1997,-3.8,18.9,24.4,-1.4
CanadaCentral,3/18/1997,4.2,30.7,28.9,7.2
CanadaCentral,3/19/1997,21.2,37.2,36,16.4
CanadaCentral,3/20/1997,23.8,40,37.5,24.2
CanadaCentral,3/21/1997,27.7,35.3,35.8,22.4
CanadaCentral,3/22/1997,15.7,32.1,32.9,18.5
CanadaCentral,3/23/1997,12.1,31.4,33.1,18.1
CanadaCentral,3/24/1997,26.5,35.8,35.1,20.3
CanadaCentral,3/25/1997,22.3,38,39.1,25.6
CanadaCentral,3/26/1997,28.1,43.6,39.4,26.2
CanadaCentral,3/27/1997,28.2,36.7,39.3,26.9
CanadaCentral,3/28/1997,24.5,37.6,36.4,24.1
CanadaCentral,3/29/1997,19.7,34.8,36.9,19.6
CanadaCentral,3/30/1997,14.7,38.3,39.3,21.2
CanadaCentral,3/31/1997,29.2,44.6,41.4,25
CanadaCentral,4/1/1997,31.2,41.2,40.3,29.6
CanadaCentral,4/2/1997,28.5,35.1,40.7,28.3
CanadaCentral,4/3/1997,25.4,45.8,39.1,24.9
CanadaCentral,4/4/1997,21,36.4,34.7,19.8
CanadaCentral,4/5/1997,13.2,21.8,23.9,12.9
CanadaCentral,4/6/1997,4.5,13.6,14.6,5.9
CanadaCentral,4/7/1997,0.1,8.4,12.6,1.6
CanadaCentral,4/8/1997,0.1,15.7,15.3,-1.2
CanadaCentral,4/9/1997,-3.8,21.6,22.8,-0.4
CanadaCentral,4/10/1997,2.6,31.1,30.5,3.8
CanadaCentral,4/11/1997,12.8,38.9,37.5,10.8
CanadaCentral,4/12/1997,17.2,42.5,41.2,16.3
CanadaCentral,4/13/1997,19.1,42.3,43.8,20.6
CanadaCentral,4/14/1997,25.7,46.7,40.4,20.6
CanadaCentral,4/15/1997,17.2,32.3,40.8,19.8
CanadaCentral,4/16/1997,16.5,43.4,43.6,22.2
CanadaCentral,4/17/1997,32.9,55.1,52.5,27.9
CanadaCentral,4/18/1997,34.3,58.8,56.9,32.7
CanadaCentral,4/19/1997,31,56.7,56.2,33.2
CanadaCentral,4/20/1997,34.4,53.1,53.6,32.9
CanadaCentral,4/21/1997,33.3,51,51.7,32.3
CanadaCentral,4/22/1997,29.3,51.1,51.3,31.5
CanadaCentral,4/23/1997,31.8,51.8,52.8,30.8
CanadaCentral,4/24/1997,31.4,55.4,53.9,33
CanadaCentral,4/25/1997,35.9,54.4,53.7,33.1
CanadaCentral,4/26/1997,32,51.3,53.3,31.8
CanadaCentral,4/27/1997,27.7,54.2,54.2,32.2
CanadaCentral,4/28/1997,37.1,57.2,51.8,29.9
CanadaCentral,4/29/1997,25,44.1,49.8,28.2
CanadaCentral,4/30/1997,22.6,48.2,46.2,26
CanadaCentral,5/1/1997,30.4,46.2,49.7,27.3
CanadaCentral,5/2/1997,29,54.6,53.1,29.3
CanadaCentral,5/3/1997,28.4,58.4,61,30.5
CanadaCentral,5/4/1997,34.2,69.9,62.6,33.9
CanadaCentral,5/5/1997,39,59.4,65.3,35
CanadaCentral,5/6/1997,31.8,66.4,62.5,37.4
CanadaCentral,5/7/1997,41.3,61.5,60.3,34.6
CanadaCentral,5/8/1997,30.6,52.9,61.3,34.1
CanadaCentral,5/9/1997,30.5,69.3,65.5,34.7
CanadaCentral,5/10/1997,42.9,74.3,66.1,36.5
CanadaCentral,5/11/1997,36.1,54.9,60,36.4
CanadaCentral,5/12/1997,30.3,50.7,52.6,34.3
CanadaCentral,5/13/1997,36.4,52.2,49.8,31
CanadaCentral,5/14/1997,26.4,46.4,53.8,29
CanadaCentral,5/15/1997,24.2,62.7,60.3,29.2
CanadaCentral,5/16/1997,36.9,71.7,68.5,32.1
CanadaCentral,5/17/1997,35.3,71.1,61.2,35
CanadaCentral,5/18/1997,32.9,40.8,53.1,33.4
CanadaCentral,5/19/1997,32.1,47.3,46.1,31
CanadaCentral,5/20/1997,28.1,50.2,52.2,31.2
CanadaCentral,5/21/1997,33.3,59.1,58.2,35.2
CanadaCentral,5/22/1997,44.2,65.4,62.9,39.2
CanadaCentral,5/23/1997,40,64.1,63.9,41.7
CanadaCentral,5/24/1997,41,62,62.7,40.7
CanadaCentral,5/25/1997,41.1,62.1,63.1,40.4
CanadaCentral,5/26/1997,39.1,65.1,65.6,40.2
CanadaCentral,5/27/1997,40.4,69.6,68.5,40.2
CanadaCentral,5/28/1997,41,70.8,70.9,41.5
CanadaCentral,5/29/1997,43.1,72.2,73.6,44.4
CanadaCentral,5/30/1997,49.1,77.8,77.6,47.6
CanadaCentral,5/31/1997,50.5,82.9,82.2,52.8
CanadaCentral,6/1/1997,58.7,86,83.2,54.6
CanadaCentral,6/2/1997,54.5,80.8,83.1,55.8
CanadaCentral,6/3/1997,54.2,82.4,80.8,52.2
CanadaCentral,6/4/1997,47.8,79.1,78.8,50.9
CanadaCentral,6/5/1997,50.8,74.8,76.7,50.1
CanadaCentral,6/6/1997,51.7,76,77.6,51
CanadaCentral,6/7/1997,50.5,82,80.1,53.3
CanadaCentral,6/8/1997,57.7,82.2,82.5,55.2
CanadaCentral,6/9/1997,57.3,83.4,82.6,56.7
CanadaCentral,6/10/1997,54.9,82.2,82.4,54.4
CanadaCentral,6/11/1997,51,81.6,81.4,53.2
CanadaCentral,6/12/1997,53.7,80.3,78,51
CanadaCentral,6/13/1997,48.3,72.2,77.9,50.2
CanadaCentral,6/14/1997,48.7,81.2,75.1,49.1
CanadaCentral,6/15/1997,50.3,72,74.6,47.6
CanadaCentral,6/16/1997,43.7,70.8,69.1,48.5
CanadaCentral,6/17/1997,51.6,64.6,67.4,47.2
CanadaCentral,6/18/1997,46.5,66.9,67.1,49.7
CanadaCentral,6/19/1997,51,69.9,69.5,48.3
CanadaCentral,6/20/1997,47.4,71.7,71.7,48
CanadaCentral,6/21/1997,45.5,73.7,73.5,47
CanadaCentral,6/22/1997,48.2,75,75.1,50.2
CanadaCentral,6/23/1997,57,76.7,74.5,52.5
CanadaCentral,6/24/1997,52.4,71.9,73.6,52.7
CanadaCentral,6/25/1997,48.8,72,75.5,50.5
CanadaCentral,6/26/1997,50.4,82.6,78.6,52.3
CanadaCentral,6/27/1997,57.7,81,81.1,53.4
CanadaCentral,6/28/1997,52.2,79.8,78,54.9
CanadaCentral,6/29/1997,54.8,73.1,75,53
CanadaCentral,6/30/1997,52,72.1,67.2,52.3
CanadaCentral,7/1/1997,50.2,56.4,62.2,50.1
CanadaCentral,7/2/1997,48.1,58,60.7,48.4
CanadaCentral,7/3/1997,46.9,67.7,66.3,47.6
CanadaCentral,7/4/1997,47.7,73.3,68.5,46.5
CanadaCentral,7/5/1997,44.8,64.6,68.9,45.2
CanadaCentral,7/6/1997,43.1,68.7,66.4,47.1
CanadaCentral,7/7/1997,53.5,66,69.4,50.4
CanadaCentral,7/8/1997,54.5,73.5,73.8,55.3
CanadaCentral,7/9/1997,57.8,82,79.8,58.9
CanadaCentral,7/10/1997,64.4,83.8,82.4,61.5
CanadaCentral,7/11/1997,62.2,81.4,81.1,62.8
CanadaCentral,7/12/1997,61.8,78,78.4,59.9
CanadaCentral,7/13/1997,55.8,75.8,77.8,58.2
CanadaCentral,7/14/1997,57.2,79.7,79.7,57.1
CanadaCentral,7/15/1997,58.3,83.6,81.9,58.7
CanadaCentral,7/16/1997,60.6,82.4,82.4,59.6
CanadaCentral,7/17/1997,59.8,81.2,79.6,60.8
CanadaCentral,7/18/1997,61.9,75.2,77.3,59.5
CanadaCentral,7/19/1997,56.7,75.5,76.5,56.9
CanadaCentral,7/20/1997,52,79,76.9,54.3
CanadaCentral,7/21/1997,54.1,76.2,78.5,54.9
CanadaCentral,7/22/1997,58.5,80.4,79.7,58.4
CanadaCentral,7/23/1997,62.5,82.6,82.7,61.3
CanadaCentral,7/24/1997,62.7,85.1,83.7,61.5
CanadaCentral,7/25/1997,59.3,83.4,81.2,58.8
CanadaCentral,7/26/1997,54.3,75,77.9,55.1
CanadaCentral,7/27/1997,51.7,75.2,75.1,51.1
CanadaCentral,7/28/1997,47.2,75.1,75.9,49.7
CanadaCentral,7/29/1997,50.2,77.5,76.3,49.9
CanadaCentral,7/30/1997,52.3,76.3,78.4,54.3
CanadaCentral,7/31/1997,60.5,81.5,81.8,55
CanadaCentral,8/1/1997,52.3,87.7,83.3,55.7
CanadaCentral,8/2/1997,54.3,80.7,83.7,53.8
CanadaCentral,8/3/1997,55,82.7,81.9,53.7
CanadaCentral,8/4/1997,51.8,82.4,82.1,54.2
CanadaCentral,8/5/1997,55.6,81.2,83.2,53.7
CanadaCentral,8/6/1997,53.5,86.1,86,55.6
CanadaCentral,8/7/1997,57.6,90.6,87.3,56.3
CanadaCentral,8/8/1997,57.8,85,78.8,53.5
CanadaCentral,8/9/1997,45.2,60.8,71.6,48.5
CanadaCentral,8/10/1997,42.5,68.8,67.9,43.1
CanadaCentral,8/11/1997,41.6,74.2,70.1,41.4
CanadaCentral,8/12/1997,40,67.3,72.2,40.1
CanadaCentral,8/13/1997,38.8,75.1,73,44.6
CanadaCentral,8/14/1997,55,76.5,72.7,49.5
CanadaCentral,8/15/1997,54.6,66.5,68.3,53.1
CanadaCentral,8/16/1997,49.8,62.1,64.9,50.2
CanadaCentral,8/17/1997,46.1,66,66.4,46.9
CanadaCentral,8/18/1997,44.6,71,70.2,46.6
CanadaCentral,8/19/1997,49,73.6,73.2,46.3
CanadaCentral,8/20/1997,45.3,75,73.9,47.3
CanadaCentral,8/21/1997,47.5,73.2,75.9,47.4
CanadaCentral,8/22/1997,49.4,79.6,79.4,50.2
CanadaCentral,8/23/1997,53.7,85.3,84.1,52.3
CanadaCentral,8/24/1997,53.7,87.4,84.2,54.6
CanadaCentral,8/25/1997,56.4,79.8,83.4,53.4
CanadaCentral,8/26/1997,50.1,82.9,80.2,52.9
CanadaCentral,8/27/1997,52,78,78.7,52.9
CanadaCentral,8/28/1997,56.6,75.3,76.5,55.4
CanadaCentral,8/29/1997,57.7,76.3,76.7,55.4
CanadaCentral,8/30/1997,51.8,78.4,77.5,53.6
CanadaCentral,8/31/1997,51.2,77.7,73.4,50.6
CanadaCentral,9/1/1997,48.7,64,69.9,46.3
CanadaCentral,9/2/1997,39,67.9,67.6,43.7
CanadaCentral,9/3/1997,43.5,70.8,72.1,45.6
CanadaCentral,9/4/1997,54.3,77.6,72.7,50.3
CanadaCentral,9/5/1997,53.2,69.7,71.9,53.4
CanadaCentral,9/6/1997,52.8,68.5,71.3,51.5
CanadaCentral,9/7/1997,48.4,75.8,70.3,49.3
CanadaCentral,9/8/1997,46.8,66.6,71.4,45.2
CanadaCentral,9/9/1997,40.5,72,72.8,43.8
CanadaCentral,9/10/1997,44.3,79.8,76.3,43.4
CanadaCentral,9/11/1997,45.5,77,75,48.6
CanadaCentral,9/12/1997,56.1,68.3,73.2,49.8
CanadaCentral,9/13/1997,47.9,74.4,69,48.3
CanadaCentral,9/14/1997,40.9,64.3,67.7,42.9
CanadaCentral,9/15/1997,39.8,64.5,64.2,42.7
CanadaCentral,9/16/1997,47.3,63.9,64.7,42.1
CanadaCentral,9/17/1997,39.1,65.9,62.7,41.6
CanadaCentral,9/18/1997,38.3,58.3,57.9,37.2
CanadaCentral,9/19/1997,34.3,49.5,56.2,33.5
CanadaCentral,9/20/1997,27.8,60.9,61.2,33.5
CanadaCentral,9/21/1997,38.3,73.1,66.3,35.3
CanadaCentral,9/22/1997,39.7,64.9,70.6,37.4
CanadaCentral,9/23/1997,34.2,74,74.5,40.6
CanadaCentral,9/24/1997,48,84.5,79.3,41.7
CanadaCentral,9/25/1997,42.9,79.5,81.3,46.4
CanadaCentral,9/26/1997,48.4,79.9,75.9,46.3
CanadaCentral,9/27/1997,47.6,68.3,71.4,47.6
CanadaCentral,9/28/1997,46.9,66,67,45.4
CanadaCentral,9/29/1997,41.6,66.8,66.5,41.1
CanadaCentral,9/30/1997,34.8,66.7,70.9,40.3
CanadaCentral,10/1/1997,44.6,79.2,76.4,40.9
CanadaCentral,10/2/1997,43.3,83.2,76.8,43.9
CanadaCentral,10/3/1997,43.7,67.9,73.2,40.2
CanadaCentral,10/4/1997,33.6,68.5,67.9,38.6
CanadaCentral,10/5/1997,38.5,67.3,64.2,35.5
CanadaCentral,10/6/1997,34.3,56.7,62.5,37
CanadaCentral,10/7/1997,38.1,63.4,59.6,37.5
CanadaCentral,10/8/1997,39.9,58.6,54.6,36.4
CanadaCentral,10/9/1997,31.1,41.8,50.8,34.1
CanadaCentral,10/10/1997,31.1,52.1,52,35.4
CanadaCentral,10/11/1997,44,62,55.7,35.6
CanadaCentral,10/12/1997,31.8,52.9,50,34.1
CanadaCentral,10/13/1997,26.4,35.1,46,29.1
CanadaCentral,10/14/1997,29.2,49.9,45.3,27.3
CanadaCentral,10/15/1997,26.2,50.8,54.4,29.6
CanadaCentral,10/16/1997,33.5,62.4,61.8,31.9
CanadaCentral,10/17/1997,36.1,72.1,61.2,34.9
CanadaCentral,10/18/1997,35.2,49.2,54.7,33.8
CanadaCentral,10/19/1997,30.1,42.7,43.7,28.9
CanadaCentral,10/20/1997,21.6,39.2,38.1,23.7
CanadaCentral,10/21/1997,19.5,32.3,38.7,21.5
CanadaCentral,10/22/1997,23.4,44.7,36,21.6
CanadaCentral,10/23/1997,22,31,33.3,19.7
CanadaCentral,10/24/1997,13.8,24.1,27.5,14.2
CanadaCentral,10/25/1997,6.9,27.2,29.5,10.6
CanadaCentral,10/26/1997,11.1,37.3,38.7,14.4
CanadaCentral,10/27/1997,25.2,51.7,43.4,19.6
CanadaCentral,10/28/1997,22.4,41.3,44.3,23.2
CanadaCentral,10/29/1997,22,39.8,38.6,24.8
CanadaCentral,10/30/1997,29.9,34.9,38.1,28.1
CanadaCentral,10/31/1997,32.6,39.5,36.7,30.6
CanadaCentral,11/1/1997,29.2,35.6,35.6,26.9
CanadaCentral,11/2/1997,18.8,31.5,31.1,22
CanadaCentral,11/3/1997,17.9,26.2,27.8,18.2
CanadaCentral,11/4/1997,17.9,25.6,28.8,17.9
CanadaCentral,11/5/1997,18,34.6,34.2,20.7
CanadaCentral,11/6/1997,26.3,42.4,40.9,23.2
CanadaCentral,11/7/1997,25.4,45.6,41.4,24.8
CanadaCentral,11/8/1997,22.7,36.2,37.2,22
CanadaCentral,11/9/1997,17.9,29.8,29.5,15.6
CanadaCentral,11/10/1997,6.2,22.6,24.3,9.1
CanadaCentral,11/11/1997,3.3,20.6,25.6,8.7
CanadaCentral,11/12/1997,16.7,33.7,26.2,11.1
CanadaCentral,11/13/1997,13.3,24.4,26.2,11.1
CanadaCentral,11/14/1997,3.4,20.4,23.9,5.2
CanadaCentral,11/15/1997,-1.2,27,27.2,3.3
CanadaCentral,11/16/1997,7.6,34.1,27.3,7.2
CanadaCentral,11/17/1997,15.2,20.9,25,11.1
CanadaCentral,11/18/1997,10.3,20,21.6,14.2
CanadaCentral,11/19/1997,16.9,24,22.3,13.7
CanadaCentral,11/20/1997,13.8,22.8,23,14.4
CanadaCentral,11/21/1997,12.6,22.1,21.6,12.3
CanadaCentral,11/22/1997,10.4,20,22.2,12.2
CanadaCentral,11/23/1997,13.6,24.5,30,11.7
CanadaCentral,11/24/1997,11.2,45.6,37,17.9
CanadaCentral,11/25/1997,29,41.1,41.9,20.5
CanadaCentral,11/26/1997,21.2,39.2,38.7,20.7
CanadaCentral,11/27/1997,11.9,35.8,39.3,18.4
CanadaCentral,11/28/1997,22.2,42.9,41.2,18.1
CanadaCentral,11/29/1997,20.2,45,42.2,19.8
CanadaCentral,11/30/1997,17.1,38.6,37.9,19.4
CanadaCentral,12/1/1997,20.8,30,32.4,18.7
CanadaCentral,12/2/1997,18.3,28.5,28,16.1
CanadaCentral,12/3/1997,9.3,25.5,23.5,11.5
CanadaCentral,12/4/1997,7,16.5,20.7,9.6
CanadaCentral,12/5/1997,12.6,20.2,19,11.5
CanadaCentral,12/6/1997,14.9,20.4,20.8,14.1
CanadaCentral,12/7/1997,14.9,21.7,21.3,16.4
CanadaCentral,12/8/1997,19.3,21.8,23,18.2
CanadaCentral,12/9/1997,20.5,25.7,24.6,16.6
CanadaCentral,12/10/1997,10,26.3,26.3,11.9
CanadaCentral,12/11/1997,5.2,26.9,30.5,12
CanadaCentral,12/12/1997,20.9,38.3,34.7,15.1
CanadaCentral,12/13/1997,19.3,39,40.6,20.7
CanadaCentral,12/14/1997,21.8,44.6,43.6,21.8
CanadaCentral,12/15/1997,24.3,47.2,43.2,21.4
CanadaCentral,12/16/1997,18.1,37.6,43.4,23.2
CanadaCentral,12/17/1997,27,45.2,39.9,23.2
CanadaCentral,12/18/1997,24.4,36.9,36.8,20.8
CanadaCentral,12/19/1997,11.1,28.3,32,15.5
CanadaCentral,12/20/1997,10.9,30.9,30.4,12.1
CanadaCentral,12/21/1997,14.2,32,30.8,12.4
CanadaCentral,12/22/1997,12,29.5,31.5,13
CanadaCentral,12/23/1997,12.9,33,31.4,12.8
CanadaCentral,12/24/1997,13.6,31.6,32.9,12.4
CanadaCentral,12/25/1997,10.7,34.1,31.4,12.6
CanadaCentral,12/26/1997,13.5,28.6,32.1,14.7
CanadaCentral,12/27/1997,19.9,33.5,30.1,17.7
CanadaCentral,12/28/1997,19.8,28.3,33.2,17.6
CanadaCentral,12/29/1997,13.1,37.7,30.2,8.1
CanadaCentral,12/30/1997,-8.7,24.7,33.4,5.2
CanadaCentral,12/31/1997,11.1,37.7,29.3,5.3
CanadaCentral,1/1/1998,13.4,25.5,26,5
CanadaCentral,1/2/1998,-9.4,15,11.4,-7
CanadaCentral,1/3/1998,-25.1,-6.2,4.7,-15.2
CanadaCentral,1/4/1998,-11.1,5.3,1.8,-13.9
CanadaCentral,1/5/1998,-5.5,6.2,9.9,-5.7
CanadaCentral,1/6/1998,-0.5,18.1,12.9,-0.2
CanadaCentral,1/7/1998,5.5,14.6,14,-0.7
CanadaCentral,1/8/1998,-7.2,9.5,6,-6.6
CanadaCentral,1/9/1998,-18.2,-6,-1.3,-14.3
CanadaCentral,1/10/1998,-17.5,-7.4,-7.1,-19.5
CanadaCentral,1/11/1998,-22.7,-7.7,-10.4,-22.3
CanadaCentral,1/12/1998,-26.8,-16.1,-7.8,-25.8
CanadaCentral,1/13/1998,-28,0.3,-2.6,-18.8
CanadaCentral,1/14/1998,-1.6,7.9,9.4,-8.6
CanadaCentral,1/15/1998,3.6,19.9,13.2,0.7
CanadaCentral,1/16/1998,0.1,12,12.8,1.5
CanadaCentral,1/17/1998,0.7,6.5,9.2,-1.7
CanadaCentral,1/18/1998,-5.9,9.1,6.6,-4.7
CanadaCentral,1/19/1998,-8.7,4.3,7.6,-7.6
CanadaCentral,1/20/1998,-8.1,9.4,7.5,-9
CanadaCentral,1/21/1998,-10.1,8.9,12.3,-8.5
CanadaCentral,1/22/1998,-7.1,18.6,14,-8.5
CanadaCentral,1/23/1998,-8.2,14.7,16.9,-6.1
CanadaCentral,1/24/1998,-2.9,17.5,16.2,-1
CanadaCentral,1/25/1998,8.1,16.3,18.7,4.4
CanadaCentral,1/26/1998,8,22.2,22.7,9.1
CanadaCentral,1/27/1998,11.3,29.6,27,9.4
CanadaCentral,1/28/1998,9,29.2,29.9,11.6
CanadaCentral,1/29/1998,14.5,30.8,30.9,13.2
CanadaCentral,1/30/1998,16,32.6,31.2,14.9
CanadaCentral,1/31/1998,14.3,30.3,29.1,8.5
CanadaCentral,2/1/1998,-4.9,24.5,21.3,-1.8
CanadaCentral,2/2/1998,-14.9,9.1,19.4,-7.6
CanadaCentral,2/3/1998,-3,24.6,20.5,1.4
CanadaCentral,2/4/1998,22.1,28,27.9,14.4
CanadaCentral,2/5/1998,24.1,31.1,29.8,21.4
CanadaCentral,2/6/1998,17.9,30.5,29.8,18.4
CanadaCentral,2/7/1998,13.3,27.8,27,14.4
CanadaCentral,2/8/1998,12,22.7,24.1,13.1
CanadaCentral,2/9/1998,13.9,21.7,23,14.2
CanadaCentral,2/10/1998,16.5,24.5,25.3,15.3
CanadaCentral,2/11/1998,15.4,29.7,25.5,14.1
CanadaCentral,2/12/1998,10.4,22.2,25.4,9.5
CanadaCentral,2/13/1998,2.6,24.2,27.2,11.8
CanadaCentral,2/14/1998,22.2,35.2,30.6,14.8
CanadaCentral,2/15/1998,19.7,32.5,33.6,20.1
CanadaCentral,2/16/1998,18.5,33.2,33.5,23.4
CanadaCentral,2/17/1998,32.1,34.7,33.9,27.3
CanadaCentral,2/18/1998,31.4,33.7,34.2,31.2
CanadaCentral,2/19/1998,30.2,34.2,34.4,30.1
CanadaCentral,2/20/1998,28.7,35.4,35.5,28.6
CanadaCentral,2/21/1998,26.9,37,36.9,28.3
CanadaCentral,2/22/1998,29.4,38.2,38.1,26.7
CanadaCentral,2/23/1998,23.7,39.2,39.3,24.3
CanadaCentral,2/24/1998,19.8,40.7,37.7,23.2
CanadaCentral,2/25/1998,26.1,33.2,34,21.2
CanadaCentral,2/26/1998,17.6,28.2,27.1,19.8
CanadaCentral,2/27/1998,15.6,19.8,21.3,15.5
CanadaCentral,2/28/1998,13.3,16,19.1,14.2
CanadaCentral,3/1/1998,13.5,21.5,18.4,12.5
CanadaCentral,3/2/1998,10.8,17.8,19,6.9
CanadaCentral,3/3/1998,-3.7,17.6,16.8,0
CanadaCentral,3/4/1998,-7.1,15,17.8,-6.5
CanadaCentral,3/5/1998,-8.6,20.9,18.3,-4.9
CanadaCentral,3/6/1998,0.9,19,18.7,-3.8
CanadaCentral,3/7/1998,-3.8,16.3,13.6,-5.9
CanadaCentral,3/8/1998,-14.9,5.4,6.5,-14.7
CanadaCentral,3/9/1998,-25.4,-2.3,0.2,-22.9
CanadaCentral,3/10/1998,-28.3,-2.4,-0.2,-26.3
CanadaCentral,3/11/1998,-25.1,4.2,9.5,-18
CanadaCentral,3/12/1998,-0.6,26.6,18.9,-9.7
CanadaCentral,3/13/1998,-3.5,25.9,21.9,-3.5
CanadaCentral,3/14/1998,-6.4,13.2,20,-2.3
CanadaCentral,3/15/1998,3.1,20.9,21.2,1.5
CanadaCentral,3/16/1998,7.7,29.7,26.7,12.4
CanadaCentral,3/17/1998,26.4,29.6,29.7,17.4
CanadaCentral,3/18/1998,18.1,29.9,30.1,20.5
CanadaCentral,3/19/1998,17.2,30.7,31.3,18.8
CanadaCentral,3/20/1998,21.2,33.4,32,19
CanadaCentral,3/21/1998,18.8,32,31,16.6
CanadaCentral,3/22/1998,9.8,27.7,30,11.1
CanadaCentral,3/23/1998,4.7,30.3,30.7,9.3
CanadaCentral,3/24/1998,13.5,34.2,35,16.4
CanadaCentral,3/25/1998,31,40.5,40.2,25.2
CanadaCentral,3/26/1998,31,45.9,44,31.1
CanadaCentral,3/27/1998,31.2,45.6,43,30.3
CanadaCentral,3/28/1998,28.6,37.4,40.7,28.5
CanadaCentral,3/29/1998,25.6,39.2,40.2,25.5
CanadaCentral,3/30/1998,22.2,44.1,43.9,24.3
CanadaCentral,3/31/1998,25.2,48.5,47,25
CanadaCentral,4/1/1998,27.4,48.4,50.2,26.9
CanadaCentral,4/2/1998,28,53.7,53.4,28.3
CanadaCentral,4/3/1998,29.5,58.2,56.2,30
CanadaCentral,4/4/1998,32.4,56.6,55,31.7
CanadaCentral,4/5/1998,33.1,50.1,49,32
CanadaCentral,4/6/1998,30.5,40.3,44,30.8
CanadaCentral,4/7/1998,28.7,41.7,43.8,29.4
CanadaCentral,4/8/1998,29,49.4,48.1,28.9
CanadaCentral,4/9/1998,29.1,53.1,53.2,30
CanadaCentral,4/10/1998,31.9,57.2,57.7,31
CanadaCentral,4/11/1998,32,62.7,59.2,35.1
CanadaCentral,4/12/1998,41.3,57.5,57.6,36.5
CanadaCentral,4/13/1998,36.2,52.7,50.7,35.5
CanadaCentral,4/14/1998,29,41.8,46.4,30
CanadaCentral,4/15/1998,24.8,44.7,46.1,26.6
CanadaCentral,4/16/1998,25.9,51.8,49.3,26.8
CanadaCentral,4/17/1998,29.9,51.5,50.8,27.8
CanadaCentral,4/18/1998,27.6,49.2,50.9,28.8
CanadaCentral,4/19/1998,29,52.1,53.9,28.8
CanadaCentral,4/20/1998,29.7,60.5,59.7,29.7
CanadaCentral,4/21/1998,30.5,66.4,66.9,32.5
CanadaCentral,4/22/1998,37.3,73.8,70.2,35.8
CanadaCentral,4/23/1998,39.6,70.5,69.8,38.5
CanadaCentral,4/24/1998,38.5,65.2,66.5,40.8
CanadaCentral,4/25/1998,44.3,63.7,64.2,41.3
CanadaCentral,4/26/1998,41.1,63.8,65.6,41.1
CanadaCentral,4/27/1998,37.8,69.4,68.7,39.1
CanadaCentral,4/28/1998,38.3,72.8,73.2,38.9
CanadaCentral,4/29/1998,40.5,77.5,74.4,39.9
CanadaCentral,4/30/1998,41,72.8,65.9,38.1
CanadaCentral,5/1/1998,32.7,47.5,61.3,34.1
CanadaCentral,5/2/1998,28.6,63.7,61.8,32.6
CanadaCentral,5/3/1998,36.4,74.2,67.2,34.7
CanadaCentral,5/4/1998,39.1,63.6,68.3,35.8
CanadaCentral,5/5/1998,31.9,67,59.3,34.3
CanadaCentral,5/6/1998,31.8,47.3,53.1,32.3
CanadaCentral,5/7/1998,33.2,45,52.3,33.7
CanadaCentral,5/8/1998,35.9,64.7,57.2,38.3
CanadaCentral,5/9/1998,45.7,61.8,62.8,42.5
CanadaCentral,5/10/1998,46,61.9,63.1,43.7
CanadaCentral,5/11/1998,39.4,65.5,61.7,40
CanadaCentral,5/12/1998,34.6,57.8,63.3,36.5
CanadaCentral,5/13/1998,35.5,66.6,62.3,38.5
CanadaCentral,5/14/1998,45.4,62.5,65.9,44.1
CanadaCentral,5/15/1998,51.5,68.6,66.8,47.7
CanadaCentral,5/16/1998,46.3,69.3,70.9,46.1
CanadaCentral,5/17/1998,40.6,74.8,71.2,45
CanadaCentral,5/18/1998,48.1,69.5,71.2,45.6
CanadaCentral,5/19/1998,48.1,69.2,71.3,46.1
CanadaCentral,5/20/1998,42,75.3,72.6,45.2
CanadaCentral,5/21/1998,45.6,73.2,73.2,45
CanadaCentral,5/22/1998,47.4,71,72.2,46.3
CanadaCentral,5/23/1998,45.8,72.4,72.5,46.1
CanadaCentral,5/24/1998,45,74.3,74.1,45.1
CanadaCentral,5/25/1998,44.5,75.6,75.8,45.9
CanadaCentral,5/26/1998,48.2,77.6,76.3,47.8
CanadaCentral,5/27/1998,50.7,75.7,73,45.2
CanadaCentral,5/28/1998,36.7,65.7,66.7,39.3
CanadaCentral,5/29/1998,30.7,58.6,65.2,35.4
CanadaCentral,5/30/1998,38.8,71.4,66,33.8
CanadaCentral,5/31/1998,31.8,67.9,65.6,36
CanadaCentral,6/1/1998,37.3,57.7,57.4,34.8
CanadaCentral,6/2/1998,35.2,46.6,53.6,34.9
CanadaCentral,6/3/1998,32.2,56.6,52.2,33.2
CanadaCentral,6/4/1998,32.2,53.5,53.8,34.7
CanadaCentral,6/5/1998,39.7,51.5,53.6,36.7
CanadaCentral,6/6/1998,38.4,55.7,57.2,38.3
CanadaCentral,6/7/1998,36.8,64.4,62.4,38.8
CanadaCentral,6/8/1998,41.3,66.9,65.5,41.8
CanadaCentral,6/9/1998,47.2,65.2,66.8,45.5
CanadaCentral,6/10/1998,47.9,68.3,66.3,48.2
CanadaCentral,6/11/1998,49.4,65.2,70.3,48.4
CanadaCentral,6/12/1998,48,77.2,71.8,49.3
CanadaCentral,6/13/1998,50.5,73,72.4,49.7
CanadaCentral,6/14/1998,50.5,67,70.2,48.9
CanadaCentral,6/15/1998,45.7,70.7,68.9,48.8
CanadaCentral,6/16/1998,50.3,69,68.7,50.2
CanadaCentral,6/17/1998,54.7,66.5,67.9,54.6
CanadaCentral,6/18/1998,58.9,68.3,65.2,56.1
CanadaCentral,6/19/1998,54.8,61,64.4,55.3
CanadaCentral,6/20/1998,52.2,63.9,61.1,52.8
CanadaCentral,6/21/1998,51.5,58.2,63.9,51.9
CanadaCentral,6/22/1998,52.1,69.6,66.6,51.5
CanadaCentral,6/23/1998,50.8,71.9,73.2,53.4
CanadaCentral,6/24/1998,57.2,78.1,77.7,54.6
CanadaCentral,6/25/1998,55.8,83.2,79.7,57.6
CanadaCentral,6/26/1998,59.9,77.7,76.1,56.7
CanadaCentral,6/27/1998,54.4,67.3,70.9,56
CanadaCentral,6/28/1998,53.7,67.7,69.1,54.3
CanadaCentral,6/29/1998,54.7,72.4,72.4,54.9
CanadaCentral,6/30/1998,56.2,77,76.8,55.2
CanadaCentral,7/1/1998,54.6,81,77.8,56.4
CanadaCentral,7/2/1998,58.4,75.4,76,55.6
CanadaCentral,7/3/1998,53.9,71.7,73.2,53.7
CanadaCentral,7/4/1998,48.9,72.7,73.2,54.1
CanadaCentral,7/5/1998,59.6,75.3,72.6,56
CanadaCentral,7/6/1998,59.6,69.8,73.3,59.1
CanadaCentral,7/7/1998,58,74.9,75.1,57.8
CanadaCentral,7/8/1998,55.7,80.7,79.2,57.7
CanadaCentral,7/9/1998,59.2,82,83.2,58.9
CanadaCentral,7/10/1998,61.7,86.9,85.2,62.3
CanadaCentral,7/11/1998,66.1,86.7,84.6,63.1
CanadaCentral,7/12/1998,61.5,80.2,82.3,61.5
CanadaCentral,7/13/1998,56.9,80.1,80.3,58.5
CanadaCentral,7/14/1998,57.1,80.7,75.8,54.2
CanadaCentral,7/15/1998,48.5,66.8,72.7,50.7
CanadaCentral,7/16/1998,46.6,70.6,72.5,48.4
CanadaCentral,7/17/1998,50.1,80.2,77.9,52
CanadaCentral,7/18/1998,59.4,82.8,80.6,55
CanadaCentral,7/19/1998,55.6,78.7,79.7,56.9
CanadaCentral,7/20/1998,55.6,77.6,74.7,54.1
CanadaCentral,7/21/1998,51,67.9,71.4,51.7
CanadaCentral,7/22/1998,48.5,68.8,69.2,48.6
CanadaCentral,7/23/1998,46.4,70.8,71.7,47.1
CanadaCentral,7/24/1998,46.5,75.4,75.9,47.7
CanadaCentral,7/25/1998,50.3,81.5,78.9,50.6
CanadaCentral,7/26/1998,55.1,79.8,82,51.6
CanadaCentral,7/27/1998,49.4,84.7,80.9,52
CanadaCentral,7/28/1998,51.7,78.1,78.3,49.8
CanadaCentral,7/29/1998,48.2,72.2,74.5,48.4
CanadaCentral,7/30/1998,45.4,73.3,74.3,47.4
CanadaCentral,7/31/1998,48.6,77.5,77.2,50.4
CanadaCentral,8/1/1998,57.2,80.8,78.5,56
CanadaCentral,8/2/1998,62.1,77.1,76.9,60.8
CanadaCentral,8/3/1998,63.2,72.7,76.3,61.1
CanadaCentral,8/4/1998,57.9,79.1,78.3,58.9
CanadaCentral,8/5/1998,55.6,83.1,82.1,57.1
CanadaCentral,8/6/1998,57.8,84,83.5,57.4
CanadaCentral,8/7/1998,58.8,83.4,84,57.4
CanadaCentral,8/8/1998,55.7,84.7,84.1,55.3
CanadaCentral,8/9/1998,51.5,84.3,84.4,53.7
CanadaCentral,8/10/1998,54,84.2,85.3,55.2
CanadaCentral,8/11/1998,60.3,87.3,86.9,58.5
CanadaCentral,8/12/1998,61.3,89.1,87.2,58.8
CanadaCentral,8/13/1998,54.8,85.2,82.4,54.5
CanadaCentral,8/14/1998,47.3,73,78.8,49.8
CanadaCentral,8/15/1998,47.1,78,73.9,49.4
CanadaCentral,8/16/1998,53.7,70.7,73.1,50.1
CanadaCentral,8/17/1998,49.5,70.5,70.7,52.2
CanadaCentral,8/18/1998,53.4,70.9,74.2,52.8
CanadaCentral,8/19/1998,55.5,81.2,77.3,52.4
CanadaCentral,8/20/1998,48.3,79.7,80.1,52.6
CanadaCentral,8/21/1998,53.9,79.5,77.2,53.4
CanadaCentral,8/22/1998,58,72.3,76.1,55.5
CanadaCentral,8/23/1998,54.5,76.4,75.7,53.9
CanadaCentral,8/24/1998,49.3,78.3,78.9,51.2
CanadaCentral,8/25/1998,49.7,82,80.6,50.5
CanadaCentral,8/26/1998,52.7,81.5,81.6,51.8
CanadaCentral,8/27/1998,53.1,81.1,81.5,51.6
CanadaCentral,8/28/1998,49.2,81.9,80,48.9
CanadaCentral,8/29/1998,44.3,76.9,80.8,47.2
CanadaCentral,8/30/1998,48.1,83.5,81.6,47.3
CanadaCentral,8/31/1998,49.6,84.2,79.4,46.5
CanadaCentral,9/1/1998,41.7,70.6,78,45.4
CanadaCentral,9/2/1998,44.8,79.3,78.1,44.6
CanadaCentral,9/3/1998,47.3,84.6,85.2,48.3
CanadaCentral,9/4/1998,52.9,91.6,83.4,50.1
CanadaCentral,9/5/1998,50.3,74,79.3,48.9
CanadaCentral,9/6/1998,43.5,72.4,72.6,45.5
CanadaCentral,9/7/1998,42.7,71.5,72.7,43.3
CanadaCentral,9/8/1998,43.7,74.2,76.7,47.9
CanadaCentral,9/9/1998,57.5,84.3,82.3,53.2
CanadaCentral,9/10/1998,58.6,88.5,82.8,56.3
CanadaCentral,9/11/1998,52.8,75.5,78.5,53.7
CanadaCentral,9/12/1998,49.9,71.4,73.9,50.8
CanadaCentral,9/13/1998,49.7,74.8,72.4,48.5
CanadaCentral,9/14/1998,45.9,71.1,75.3,46.1
CanadaCentral,9/15/1998,42.8,80,76,45.2
CanadaCentral,9/16/1998,46.9,77,78.3,46.3
CanadaCentral,9/17/1998,49.3,77.7,73.1,47.8
CanadaCentral,9/18/1998,47.1,64.6,63.9,45.9
CanadaCentral,9/19/1998,41.2,49.3,55.7,42
CanadaCentral,9/20/1998,37.5,53.2,54.1,39
CanadaCentral,9/21/1998,38.2,59.7,60.2,37
CanadaCentral,9/22/1998,35.2,67.8,63.7,37.8
CanadaCentral,9/23/1998,40,63.7,66.2,37.6
CanadaCentral,9/24/1998,37.6,67.1,64,39.7
CanadaCentral,9/25/1998,41.5,61.2,62.1,41
CanadaCentral,9/26/1998,43.8,57.9,62.2,41
CanadaCentral,9/27/1998,37.8,67.6,65.9,40.1
CanadaCentral,9/28/1998,38.6,72.3,66.4,38.1
CanadaCentral,9/29/1998,37.7,59.2,60.7,35.2
CanadaCentral,9/30/1998,29.4,50.7,54.6,30.2
CanadaCentral,10/1/1998,23.4,54,53.1,27
CanadaCentral,10/2/1998,28.3,54.7,53.7,27.1
CanadaCentral,10/3/1998,29.6,52.3,51.7,33.8
CanadaCentral,10/4/1998,43.6,48,49.4,38.8
CanadaCentral,10/5/1998,43.2,47.9,48.8,41.2
CanadaCentral,10/6/1998,36.7,50.4,53.4,37
CanadaCentral,10/7/1998,31.1,61.9,60.3,36.4
CanadaCentral,10/8/1998,41.3,68.6,65.2,37.9
CanadaCentral,10/9/1998,41.2,65,60,39.6
CanadaCentral,10/10/1998,36.4,46.4,52.1,37.1
CanadaCentral,10/11/1998,33.9,45,41.9,32.7
CanadaCentral,10/12/1998,27.7,34.2,40.4,29.6
CanadaCentral,10/13/1998,27.2,41.9,40.4,29.8
CanadaCentral,10/14/1998,34.3,45.1,47.7,30.6
CanadaCentral,10/15/1998,30.3,56.1,48.8,34.2
CanadaCentral,10/16/1998,38,45.3,46.8,33.7
CanadaCentral,10/17/1998,32.9,39.1,42.7,34.3
CanadaCentral,10/18/1998,32.1,43.8,43.4,30.9
CanadaCentral,10/19/1998,27.7,47.4,48.4,29.2
CanadaCentral,10/20/1998,27.7,54,54.6,28
CanadaCentral,10/21/1998,28.6,62.5,61.8,30.3
CanadaCentral,10/22/1998,34.4,69,66.8,32
CanadaCentral,10/23/1998,32.9,69,62.4,33.4
CanadaCentral,10/24/1998,32.8,49.2,53.5,33.8
CanadaCentral,10/25/1998,35.6,42.4,51.2,34.8
CanadaCentral,10/26/1998,35.9,62,56.3,34.8
CanadaCentral,10/27/1998,32.9,64.5,62.3,33.3
CanadaCentral,10/28/1998,31.1,60.4,56.5,33.4
CanadaCentral,10/29/1998,36.1,44.5,51.4,31.4
CanadaCentral,10/30/1998,27,49.3,46,28.6
CanadaCentral,10/31/1998,22.9,44.1,46.1,25.3
CanadaCentral,11/1/1998,26,45,43.8,23.8
CanadaCentral,11/2/1998,22.7,42.4,41.4,23.2
CanadaCentral,11/3/1998,20.8,36.8,36.7,19.8
CanadaCentral,11/4/1998,16,30.8,30.4,18.1
CanadaCentral,11/5/1998,17.5,23.6,25.8,18
CanadaCentral,11/6/1998,20.4,23.1,24,19.3
CanadaCentral,11/7/1998,20,25.3,25.9,20.6
CanadaCentral,11/8/1998,21.3,29.2,28,22.5
CanadaCentral,11/9/1998,26,29.3,29.1,22.4
CanadaCentral,11/10/1998,19.9,28.8,27.3,16.2
CanadaCentral,11/11/1998,2.8,23.8,24.7,5.9
CanadaCentral,11/12/1998,-5.1,21.6,26.7,3.3
CanadaCentral,11/13/1998,12.1,34.6,28.6,6.7
CanadaCentral,11/14/1998,13.1,29.7,29,13.2
CanadaCentral,11/15/1998,14.4,22.8,23.8,14.2
CanadaCentral,11/16/1998,15.1,19,20,11.9
CanadaCentral,11/17/1998,6.3,18.2,18.9,9.4
CanadaCentral,11/18/1998,6.8,19.6,18.9,4.1
CanadaCentral,11/19/1998,-0.9,19,22,4.5
CanadaCentral,11/20/1998,7.7,27.4,28.6,9.9
CanadaCentral,11/21/1998,23,39.4,36.5,21.2
CanadaCentral,11/22/1998,33,42.6,40.2,26
CanadaCentral,11/23/1998,22,38.5,39.8,26.5
CanadaCentral,11/24/1998,24.4,38.5,38.7,23.8
CanadaCentral,11/25/1998,25,39.2,40.3,24.9
CanadaCentral,11/26/1998,25.1,43.3,41.7,26.8
CanadaCentral,11/27/1998,30.4,42.7,41.6,28.6
CanadaCentral,11/28/1998,30.2,38.8,38.3,28.5
CanadaCentral,11/29/1998,24.9,33.3,35.7,25.3
CanadaCentral,11/30/1998,20.7,35.1,34.3,22.1
CanadaCentral,12/1/1998,20.6,34.5,35.6,20
CanadaCentral,12/2/1998,18.7,37.4,37.5,21.8
CanadaCentral,12/3/1998,26.2,40.7,34.9,20.1
CanadaCentral,12/4/1998,15.5,26.7,27.8,14.7
CanadaCentral,12/5/1998,2.3,16.1,21.1,5.8
CanadaCentral,12/6/1998,-0.5,20.6,19.7,0.3
CanadaCentral,12/7/1998,-0.9,22.4,23.9,0.5
CanadaCentral,12/8/1998,2.7,28.6,26.9,3.6
CanadaCentral,12/9/1998,8.8,29.8,29.9,7
CanadaCentral,12/10/1998,9.3,31.4,33,12.1
CanadaCentral,12/11/1998,18.1,37.8,35.9,13.3
CanadaCentral,12/12/1998,12.7,38.3,37.9,14.3
CanadaCentral,12/13/1998,12.3,37.7,41.1,17.6
CanadaCentral,12/14/1998,27.8,47.4,38.7,19.1
CanadaCentral,12/15/1998,17.4,31.1,35.9,19.5
CanadaCentral,12/16/1998,13.4,29.2,28.8,14.3
CanadaCentral,12/17/1998,12.2,26,25.8,5.6
CanadaCentral,12/18/1998,-8.7,22.1,14.1,-4.7
CanadaCentral,12/19/1998,-17.6,-5.7,3.2,-15.1
CanadaCentral,12/20/1998,-18.9,-6.8,-7.5,-18.7
CanadaCentral,12/21/1998,-19.5,-9.9,-5,-17.7
CanadaCentral,12/22/1998,-14.7,1.7,-3.2,-13.8
CanadaCentral,12/23/1998,-7.2,-1.4,3.3,-10.3
CanadaCentral,12/24/1998,-8.9,9.5,3.4,-8.7
CanadaCentral,12/25/1998,-9.8,2,8.5,-10.7
CanadaCentral,12/26/1998,-13.3,14.1,9,-7.9
CanadaCentral,12/27/1998,-0.5,11.1,10.1,-8.6
CanadaCentral,12/28/1998,-11.9,5.3,2.6,-11.6
CanadaCentral,12/29/1998,-22.5,-8.5,-1.3,-16.4
CanadaCentral,12/30/1998,-14.9,-0.6,-4,-19.6
CanadaCentral,12/31/1998,-21.3,-2.9,-2.6,-17.9
CanadaCentral,1/1/1999,-17.7,-4.2,-4.3,-18.9
CanadaCentral,1/2/1999,-17.8,-5.9,-7.4,-20.7
CanadaCentral,1/3/1999,-26.6,-12.1,-5.5,-25.5
CanadaCentral,1/4/1999,-32.1,1.6,-2.2,-22.9
CanadaCentral,1/5/1999,-9.9,4,-1.3,-21.7
CanadaCentral,1/6/1999,-23.1,-9.6,-3.1,-18.7
CanadaCentral,1/7/1999,-23.2,-3.5,-7.5,-23
CanadaCentral,1/8/1999,-22.7,-9.4,-4.8,-23.6
CanadaCentral,1/9/1999,-24.9,-1.5,-6.1,-21.9
CanadaCentral,1/10/1999,-18.2,-7.3,-5,-20.5
CanadaCentral,1/11/1999,-18.3,-6.3,-8.4,-21.6
CanadaCentral,1/12/1999,-28.4,-11.7,-6.4,-22.1
CanadaCentral,1/13/1999,-19.7,-1.3,1.7,-19.7
CanadaCentral,1/14/1999,-11,18.2,18.4,-4.9
CanadaCentral,1/15/1999,16,38.4,29,5.1
CanadaCentral,1/16/1999,10.3,30.4,30.6,12.2
CanadaCentral,1/17/1999,10.4,23.1,23.2,8.4
CanadaCentral,1/18/1999,4.6,16,16.5,3.1
CanadaCentral,1/19/1999,-5.6,10.3,10.1,-4.1
CanadaCentral,1/20/1999,-11.2,4,9.8,-5.5
CanadaCentral,1/21/1999,0.3,15.1,12.1,0
CanadaCentral,1/22/1999,10.9,17.1,15.1,6.6
CanadaCentral,1/23/1999,8.6,13,13.5,2.5
CanadaCentral,1/24/1999,-12,10.3,11.5,-6.1
CanadaCentral,1/25/1999,-14.9,11.1,12.8,-11.3
CanadaCentral,1/26/1999,-7.1,17,14.5,-4.2
CanadaCentral,1/27/1999,9.3,15.4,18.1,2.1
CanadaCentral,1/28/1999,4,21.8,21.2,6.2
CanadaCentral,1/29/1999,5.2,26.4,25.9,6.2
CanadaCentral,1/30/1999,9.5,29.6,30.4,8.3
CanadaCentral,1/31/1999,10.2,35.4,32.5,10.3
CanadaCentral,2/1/1999,11.1,32.6,31.4,10.3
CanadaCentral,2/2/1999,9.7,26.3,26.9,3.3
CanadaCentral,2/3/1999,-10.9,21.7,18.3,-6.8
CanadaCentral,2/4/1999,-19.2,7,15.1,-12.4
CanadaCentral,2/5/1999,-7.1,16.5,14.1,-12.2
CanadaCentral,2/6/1999,-10.1,18.7,22.5,-2.9
CanadaCentral,2/7/1999,8.5,32.4,29.1,4.2
CanadaCentral,2/8/1999,14.2,36.2,32.4,12
CanadaCentral,2/9/1999,13.4,28.6,31.9,13.2
CanadaCentral,2/10/1999,12.1,30.9,25.1,9.9
CanadaCentral,2/11/1999,4.3,15.8,20.3,3.9
CanadaCentral,2/12/1999,-4.8,14.3,20.8,1
CanadaCentral,2/13/1999,3.3,32.2,26.5,5.5
CanadaCentral,2/14/1999,17.9,33.1,29.4,9.8
CanadaCentral,2/15/1999,8.3,22.8,22.6,7.1
CanadaCentral,2/16/1999,-4.8,11.8,15.3,0.5
CanadaCentral,2/17/1999,-2.1,11.4,12,-2.6
CanadaCentral,2/18/1999,-0.9,12.9,14.3,1.8
CanadaCentral,2/19/1999,8.5,18.5,17.7,7.4
CanadaCentral,2/20/1999,14.6,21.7,22.3,13.5
CanadaCentral,2/21/1999,17.5,26.8,24.3,16.2
CanadaCentral,2/22/1999,16.6,24.3,27.9,18.3
CanadaCentral,2/23/1999,21,32.6,29.2,15.6
CanadaCentral,2/24/1999,9.2,30.6,33.3,13.9
CanadaCentral,2/25/1999,11.4,36.8,34.6,16.1
CanadaCentral,2/26/1999,27.8,36.3,34.9,20.1
CanadaCentral,2/27/1999,21,31.6,32.3,21.9
CanadaCentral,2/28/1999,16.9,29.1,28.3,16.8
CanadaCentral,3/1/1999,12.4,24.2,24.2,9.4
CanadaCentral,3/2/1999,-1,19.2,19.5,0.7
CanadaCentral,3/3/1999,-9.3,15,17.1,-1.2
CanadaCentral,3/4/1999,6.6,17.1,15.3,0.2
CanadaCentral,3/5/1999,3.2,13.9,16.8,3
CanadaCentral,3/6/1999,-0.8,19.3,19.5,4.4
CanadaCentral,3/7/1999,10.8,25.5,23.2,8.6
CanadaCentral,3/8/1999,15.9,24.9,25.1,13.8
CanadaCentral,3/9/1999,14.7,25,25.1,12.8
CanadaCentral,3/10/1999,7.9,25.5,24.5,9.7
CanadaCentral,3/11/1999,6.6,22.9,25.5,10.5
CanadaCentral,3/12/1999,16.9,28.1,28,15.1
CanadaCentral,3/13/1999,21.8,33,32.4,19.5
CanadaCentral,3/14/1999,20,36.1,38.4,22.3
CanadaCentral,3/15/1999,25.2,46.1,39.1,22.1
CanadaCentral,3/16/1999,21.2,35.1,37.4,20.9
CanadaCentral,3/17/1999,16.4,31,33.5,15.4
CanadaCentral,3/18/1999,8.6,34.4,34.9,15.3
CanadaCentral,3/19/1999,21.1,39.2,36.8,17.4
CanadaCentral,3/20/1999,22.6,36.8,38,20.1
CanadaCentral,3/21/1999,16.6,38,38.6,19.4
CanadaCentral,3/22/1999,18.8,41.1,36.4,18.7
CanadaCentral,3/23/1999,20.6,30,35.1,18.2
CanadaCentral,3/24/1999,15.2,34.1,34.7,18.5
CanadaCentral,3/25/1999,19.6,39.9,41,22.5
CanadaCentral,3/26/1999,32.8,49,45.3,28.4
CanadaCentral,3/27/1999,32.9,47,47.8,32
CanadaCentral,3/28/1999,30.2,47.5,47.9,30
CanadaCentral,3/29/1999,26.7,49.2,48.3,28.8
CanadaCentral,3/30/1999,29.5,48.2,45,28.1
CanadaCentral,3/31/1999,28.2,37.6,39.2,27.7
CanadaCentral,4/1/1999,25.3,31.8,34.7,25.8
CanadaCentral,4/2/1999,24.1,34.5,31.9,24
CanadaCentral,4/3/1999,22.7,29.3,31.2,23.1
CanadaCentral,4/4/1999,22.5,29.9,33.1,20.8
CanadaCentral,4/5/1999,17.2,40.2,37.7,22.8
CanadaCentral,4/6/1999,28.7,42.9,46.6,25.9
CanadaCentral,4/7/1999,31.8,56.8,53.4,30.8
CanadaCentral,4/8/1999,31.9,60.5,57.7,33.2
CanadaCentral,4/9/1999,35.9,55.9,55.5,33.7
CanadaCentral,4/10/1999,33.3,50.2,51.6,33.5
CanadaCentral,4/11/1999,31.4,48.9,52.1,31.8
CanadaCentral,4/12/1999,30.7,57.1,56.8,32.4
CanadaCentral,4/13/1999,35,64.4,57.1,32.6
CanadaCentral,4/14/1999,31.9,49.8,52,31
CanadaCentral,4/15/1999,26,41.9,43.5,26.2
CanadaCentral,4/16/1999,20.7,38.9,43.2,22
CanadaCentral,4/17/1999,19.2,48.8,48.5,22.9
CanadaCentral,4/18/1999,28.6,57.9,53.7,24.5
CanadaCentral,4/19/1999,25.5,54.5,54.1,30.1
CanadaCentral,4/20/1999,36.1,49.8,52.4,31.7
CanadaCentral,4/21/1999,33.6,52.9,52.1,33.2
CanadaCentral,4/22/1999,30,53.5,55.7,30.2
CanadaCentral,4/23/1999,26.8,60.7,60,28.9
CanadaCentral,4/24/1999,29.9,65.9,64.6,30.6
CanadaCentral,4/25/1999,35,67.2,66.5,35.6
CanadaCentral,4/26/1999,41.8,66.2,65.9,40.4
CanadaCentral,4/27/1999,44.4,64.1,66.7,42
CanadaCentral,4/28/1999,39.8,69.8,68.8,41.4
CanadaCentral,4/29/1999,39.9,72.5,72.2,39.7
CanadaCentral,4/30/1999,39.4,74.3,74.2,41.5
CanadaCentral,5/1/1999,45,75.7,74.3,45.4
CanadaCentral,5/2/1999,51.8,72.9,70.8,48.2
CanadaCentral,5/3/1999,47.8,63.9,66,49.2
CanadaCentral,5/4/1999,47.9,61.2,61.4,48.5
CanadaCentral,5/5/1999,49.7,59,57.2,45.6
CanadaCentral,5/6/1999,39.3,51.4,54.3,40.5
CanadaCentral,5/7/1999,32.4,52.5,52.2,33.9
CanadaCentral,5/8/1999,29.9,52.8,51.6,32.5
CanadaCentral,5/9/1999,35.3,49.5,47.7,33.1
CanadaCentral,5/10/1999,34.1,40.8,47,34.9
CanadaCentral,5/11/1999,35.3,50.6,50.1,34.6
CanadaCentral,5/12/1999,34.3,58.8,55.2,36.7
CanadaCentral,5/13/1999,40.5,56.2,57.3,39.8
CanadaCentral,5/14/1999,44.7,56.9,58.9,44.5
CanadaCentral,5/15/1999,48.3,63.5,59.8,46.4
CanadaCentral,5/16/1999,46.2,58.9,59.1,44.9
CanadaCentral,5/17/1999,40.1,55,59.4,41.2
CanadaCentral,5/18/1999,37.3,64.3,63.3,42.2
CanadaCentral,5/19/1999,49.3,70.6,64.1,44
CanadaCentral,5/20/1999,45.4,57.4,59.7,45.2
CanadaCentral,5/21/1999,40.8,51.1,52.9,43.1
CanadaCentral,5/22/1999,43.2,50.3,53.8,42
CanadaCentral,5/23/1999,42.1,60,58.4,42.2
CanadaCentral,5/24/1999,41.3,64.9,64.3,41
CanadaCentral,5/25/1999,39.7,68,68.7,42
CanadaCentral,5/26/1999,45,73.3,71.2,42.9
CanadaCentral,5/27/1999,43.9,72.2,76,47.1
CanadaCentral,5/28/1999,52.6,82.4,73.3,49
CanadaCentral,5/29/1999,50.6,65.3,67.8,48.5
CanadaCentral,5/30/1999,42.4,55.7,59.8,44.1
CanadaCentral,5/31/1999,39.2,58.2,57.1,42.4
CanadaCentral,6/1/1999,45.4,57.4,61.2,43
CanadaCentral,6/2/1999,44.3,68.1,65,47.7
CanadaCentral,6/3/1999,53.3,69.5,69.7,51.4
CanadaCentral,6/4/1999,56.6,71.5,72.1,54.1
CanadaCentral,6/5/1999,52.3,75.3,74.3,54
CanadaCentral,6/6/1999,53,76.1,74.9,52.3
CanadaCentral,6/7/1999,51.6,73.2,75.7,53.1
CanadaCentral,6/8/1999,54.7,77.8,72.3,51.9
CanadaCentral,6/9/1999,49.3,66,70.6,49.6
CanadaCentral,6/10/1999,44.7,68,67.8,47.7
CanadaCentral,6/11/1999,49.3,69.4,67.7,47.4
CanadaCentral,6/12/1999,48.2,65.6,64.6,47.3
CanadaCentral,6/13/1999,44.3,58.8,62.2,44
CanadaCentral,6/14/1999,39.5,62.3,61.5,41.8
CanadaCentral,6/15/1999,41.4,63.4,64.1,40.5
CanadaCentral,6/16/1999,40.5,66.5,66.8,41.4
CanadaCentral,6/17/1999,42.3,70.4,70.7,44.4
CanadaCentral,6/18/1999,50.3,75.3,70.8,47.8
CanadaCentral,6/19/1999,50.8,66.7,72.5,52.6
CanadaCentral,6/20/1999,56.8,75.6,74.5,55.5
CanadaCentral,6/21/1999,59,81.1,78.6,57.9
CanadaCentral,6/22/1999,57.8,79.1,77.7,56.5
CanadaCentral,6/23/1999,52.6,72.9,74.5,53.6
CanadaCentral,6/24/1999,50.3,71.5,68.1,50
CanadaCentral,6/25/1999,47.1,59.8,64.8,49
CanadaCentral,6/26/1999,49.5,63,61.5,47.7
CanadaCentral,6/27/1999,46.5,61.7,64.4,47.3
CanadaCentral,6/28/1999,46,68.7,66.4,47.2
CanadaCentral,6/29/1999,49,68.7,68.7,48
CanadaCentral,6/30/1999,48.9,68.7,68.7,48.3
CanadaCentral,7/1/1999,47.2,68.5,69.3,47.6
CanadaCentral,7/2/1999,46.7,70.5,69.7,49.1
CanadaCentral,7/3/1999,53.5,70,70.2,51.1
CanadaCentral,7/4/1999,53,70,70.3,54.1
CanadaCentral,7/5/1999,55.7,70.9,72.5,53.6
CanadaCentral,7/6/1999,52.2,76.6,72.8,51
CanadaCentral,7/7/1999,44.9,70.9,71.7,49.9
CanadaCentral,7/8/1999,52.4,67.5,70,49.8
CanadaCentral,7/9/1999,51.9,71.7,71.4,52
CanadaCentral,7/10/1999,51.6,75,75.4,52.2
CanadaCentral,7/11/1999,53.1,79.5,78.6,54
CanadaCentral,7/12/1999,57.2,81.1,79.3,55.2
CanadaCentral,7/13/1999,55.4,77.4,78,55.9
CanadaCentral,7/14/1999,55.1,75.5,72.8,55.4
CanadaCentral,7/15/1999,55.6,65.5,68.6,53.5
CanadaCentral,7/16/1999,49.7,64.7,65.8,51.4
CanadaCentral,7/17/1999,48.9,67.3,67.1,51.3
CanadaCentral,7/18/1999,55.3,69.2,71.2,54.8
CanadaCentral,7/19/1999,60.3,77.2,76.5,58.1
CanadaCentral,7/20/1999,58.8,83.1,81.9,60.9
CanadaCentral,7/21/1999,63.5,85.5,83.9,61.9
CanadaCentral,7/22/1999,63.4,83.1,84.1,62.3
CanadaCentral,7/23/1999,60.1,83.6,83.7,59.4
CanadaCentral,7/24/1999,54.8,84.5,81.7,57.1
CanadaCentral,7/25/1999,56.6,76.9,77.6,54.1
CanadaCentral,7/26/1999,51,71.5,75.7,52.5
CanadaCentral,7/27/1999,49.9,78.9,80,52
CanadaCentral,7/28/1999,54.9,89.6,86.3,54
CanadaCentral,7/29/1999,57.1,90.5,85.1,56
CanadaCentral,7/30/1999,55.8,75,77,53.1
CanadaCentral,7/31/1999,46.3,65.5,69.8,49
CanadaCentral,8/1/1999,44.9,69,69,47.3
CanadaCentral,8/2/1999,50.5,72.6,72,48
CanadaCentral,8/3/1999,48.4,74.5,75.4,50.2
CanadaCentral,8/4/1999,51.7,79.1,78.9,51.7
CanadaCentral,8/5/1999,55,83,80.7,53.8
CanadaCentral,8/6/1999,54.6,79.9,76.3,53.2
CanadaCentral,8/7/1999,50.2,66,73.1,50.3
CanadaCentral,8/8/1999,46,73.4,71.8,51
CanadaCentral,8/9/1999,56.9,76,75.5,52.2
CanadaCentral,8/10/1999,53.6,77.2,73.4,55
CanadaCentral,8/11/1999,54.3,67,70.2,52.3
CanadaCentral,8/12/1999,49,66.3,67.9,49.3
CanadaCentral,8/13/1999,44.7,70.3,72.1,47.8
CanadaCentral,8/14/1999,49.7,79.6,75.5,49.9
CanadaCentral,8/15/1999,55.2,76.6,75.1,53.1
CanadaCentral,8/16/1999,54.4,69.1,72.9,53.9
CanadaCentral,8/17/1999,52.1,72.9,71.5,52.8
CanadaCentral,8/18/1999,52.1,72.6,75.4,51.3
CanadaCentral,8/19/1999,49.8,80.8,77.6,52.2
CanadaCentral,8/20/1999,54.7,79.5,81.7,53.1
CanadaCentral,8/21/1999,54.6,84.9,81.2,54.7
CanadaCentral,8/22/1999,54.9,79.1,79.6,54.2
CanadaCentral,8/23/1999,53.2,74.8,78.5,52.9
CanadaCentral,8/24/1999,50.6,81.4,81.6,53.9
CanadaCentral,8/25/1999,57.9,88.6,83.9,54.7
CanadaCentral,8/26/1999,55.6,81.7,83.6,55
CanadaCentral,8/27/1999,51.5,80.5,78,52
CanadaCentral,8/28/1999,49,71.6,74,48.2
CanadaCentral,8/29/1999,44.2,69.8,72.3,49.9
CanadaCentral,8/30/1999,56.5,75.4,76.9,51.8
CanadaCentral,8/31/1999,54.6,85.5,75.3,52.7
CanadaCentral,9/1/1999,47.1,65.1,69,49.1
CanadaCentral,9/2/1999,45.5,56.3,60.1,46.1
CanadaCentral,9/3/1999,45.8,58.9,56.7,46.5
CanadaCentral,9/4/1999,48.1,54.7,58.3,45.3
CanadaCentral,9/5/1999,42.1,61.4,65.1,44.1
CanadaCentral,9/6/1999,41.9,79.2,69.6,44.6
CanadaCentral,9/7/1999,49.7,68.3,67.2,44.6
CanadaCentral,9/8/1999,42.1,54,61.6,44.1
CanadaCentral,9/9/1999,40.4,62.5,60.4,40
CanadaCentral,9/10/1999,37.6,64.7,61,40
CanadaCentral,9/11/1999,42.1,55.8,57.7,40.7
CanadaCentral,9/12/1999,42.4,52.6,54,41.8
CanadaCentral,9/13/1999,41,53.6,54.7,40.5
CanadaCentral,9/14/1999,38,57.8,58.8,37.2
CanadaCentral,9/15/1999,32.7,65.1,65,35.8
CanadaCentral,9/16/1999,36.7,72.2,72,38.1
CanadaCentral,9/17/1999,45,78.6,71.3,42.7
CanadaCentral,9/18/1999,46.5,62.9,63.6,42.1
CanadaCentral,9/19/1999,34.8,49.3,58,37.1
CanadaCentral,9/20/1999,30.1,61.8,63.3,34.9
CanadaCentral,9/21/1999,39.9,79,73.6,37.8
CanadaCentral,9/22/1999,43.3,79.9,75.5,39.9
CanadaCentral,9/23/1999,36.4,67.6,73.5,41.5
CanadaCentral,9/24/1999,44.8,73,66.8,38.3
CanadaCentral,9/25/1999,33.8,59.9,63,40.1
CanadaCentral,9/26/1999,41.6,56.2,56.4,36.2
CanadaCentral,9/27/1999,33,53.2,55,35.2
CanadaCentral,9/28/1999,31,55.6,55.5,30.4
CanadaCentral,9/29/1999,27.2,57.8,52.6,29.2
CanadaCentral,9/30/1999,29.4,44.5,46.5,25.1
CanadaCentral,10/1/1999,18.6,37.3,40.8,22.6
CanadaCentral,10/2/1999,19.7,40.7,41.4,20.2
CanadaCentral,10/3/1999,22.2,46.3,48.7,23.6
CanadaCentral,10/4/1999,28.9,59.2,49.7,25.8
CanadaCentral,10/5/1999,26.3,43.5,49.2,26.4
CanadaCentral,10/6/1999,24.1,45,47.9,27.4
CanadaCentral,10/7/1999,31.8,55.2,54.6,29.8
CanadaCentral,10/8/1999,33.4,63.5,58.6,34.4
CanadaCentral,10/9/1999,37.9,57.1,59.6,34.2
CanadaCentral,10/10/1999,31.2,58,55.1,32.7
CanadaCentral,10/11/1999,29,50.3,50.9,31.1
CanadaCentral,10/12/1999,33.2,44.5,47.5,28.9
CanadaCentral,10/13/1999,24.6,47.6,50.2,30.5
CanadaCentral,10/14/1999,33.7,58.6,52.6,30.2
CanadaCentral,10/15/1999,32.3,51.7,50.6,32.1
CanadaCentral,10/16/1999,30.4,41.6,45.9,28.3
CanadaCentral,10/17/1999,22.3,44.3,42.3,27.7
CanadaCentral,10/18/1999,30.3,41.1,42.6,25.5
CanadaCentral,10/19/1999,24,42.4,48.7,29.5
CanadaCentral,10/20/1999,34.3,62.6,53.4,30.1
CanadaCentral,10/21/1999,32.2,55.2,53.4,30
CanadaCentral,10/22/1999,23.5,42.5,49.3,24.5
CanadaCentral,10/23/1999,17.7,50.3,53.6,24.4
CanadaCentral,10/24/1999,32,68.2,57.6,26.6
CanadaCentral,10/25/1999,30.1,54.5,60.7,29.5
CanadaCentral,10/26/1999,26.2,59.3,53.6,26.7
CanadaCentral,10/27/1999,23.7,47.1,50.7,23.3
CanadaCentral,10/28/1999,20,45.6,49.3,25.6
CanadaCentral,10/29/1999,33,55.2,52.2,26.9
CanadaCentral,10/30/1999,27.8,55.9,60.7,31.3
CanadaCentral,10/31/1999,33.2,71.1,58.3,29
CanadaCentral,11/1/1999,25.9,47.9,55.1,25.5
CanadaCentral,11/2/1999,17.2,46.2,48.2,20
CanadaCentral,11/3/1999,16.7,50.6,51.7,19.5
CanadaCentral,11/4/1999,24.5,58.3,49.8,20.9
CanadaCentral,11/5/1999,21.3,40.7,48.8,23.8
CanadaCentral,11/6/1999,25.6,47.6,52.8,25.7
CanadaCentral,11/7/1999,30.1,70,62.2,29.9
CanadaCentral,11/8/1999,33.9,69.1,60,31.2
CanadaCentral,11/9/1999,29.7,41,49.9,30.1
CanadaCentral,11/10/1999,26.7,39.7,46,29.4
CanadaCentral,11/11/1999,31.9,57.3,52.5,28.7
CanadaCentral,11/12/1999,27.6,60.5,59.5,29.1
CanadaCentral,11/13/1999,27.8,60.7,55.6,24.5
CanadaCentral,11/14/1999,18.2,45.5,51.8,23.7
CanadaCentral,11/15/1999,25.1,49.1,44.8,22.4
CanadaCentral,11/16/1999,23.8,39.9,42.6,23.8
CanadaCentral,11/17/1999,22.5,38.8,35.8,21.8
CanadaCentral,11/18/1999,19.1,28.6,34.9,20.9
CanadaCentral,11/19/1999,21.1,37.2,37.1,21.8
CanadaCentral,11/20/1999,25.2,45.4,41.3,22.3
CanadaCentral,11/21/1999,20.8,41.4,42.2,21.2
CanadaCentral,11/22/1999,17.8,39.9,40.6,18.2
CanadaCentral,11/23/1999,16.1,40.6,39.7,15.3
CanadaCentral,11/24/1999,12.1,38.5,38.5,15
CanadaCentral,11/25/1999,16.7,36.5,35.2,16
CanadaCentral,11/26/1999,19.2,30.6,33.5,17.6
CanadaCentral,11/27/1999,16.8,33.3,30.6,14.7
CanadaCentral,11/28/1999,7.9,28,32.6,9.6
CanadaCentral,11/29/1999,3.9,36.4,36.5,13.1
CanadaCentral,11/30/1999,27.5,45.1,41.6,19.1
CanadaCentral,12/1/1999,26,43.2,44,25.7
CanadaCentral,12/2/1999,23.7,43.5,42.4,24.6
CanadaCentral,12/3/1999,24,40.3,38.4,20.7
CanadaCentral,12/4/1999,14.5,31.5,35.9,15.2
CanadaCentral,12/5/1999,7.1,35.9,36.8,13.5
CanadaCentral,12/6/1999,18.9,43.1,40.2,15.2
CanadaCentral,12/7/1999,19.7,41.8,38.9,17.2
CanadaCentral,12/8/1999,12.8,31.8,33,15.1
CanadaCentral,12/9/1999,12.8,25.3,29.2,11.6
CanadaCentral,12/10/1999,9.2,30.5,31.1,11.7
CanadaCentral,12/11/1999,13.3,37.7,34.7,12.2
CanadaCentral,12/12/1999,14,35.8,38.6,16.1
CanadaCentral,12/13/1999,21.1,42.2,36.3,14
CanadaCentral,12/14/1999,6.7,30.9,27.5,5.4
CanadaCentral,12/15/1999,-11.7,9.6,13.7,-5.3
CanadaCentral,12/16/1999,-11,0.7,11.1,-8.5
CanadaCentral,12/17/1999,-2.9,22.8,18.5,-1.1
CanadaCentral,12/18/1999,10.5,32,27.4,-1.4
CanadaCentral,12/19/1999,-11.8,27.4,18.5,-7.3
CanadaCentral,12/20/1999,-20.5,-3.8,7.4,-16.6
CanadaCentral,12/21/1999,-17.4,-1.5,2.8,-16.7
CanadaCentral,12/22/1999,-12,13.8,13.4,-6.2
CanadaCentral,12/23/1999,10.7,27.8,26.9,5.6
CanadaCentral,12/24/1999,18.2,39,36.3,16
CanadaCentral,12/25/1999,19,42,39.1,16.5
CanadaCentral,12/26/1999,12.2,36.3,40.6,12.2
CanadaCentral,12/27/1999,5.3,43.5,40.9,16.7
CanadaCentral,12/28/1999,32.7,43,43.2,18.9
CanadaCentral,12/29/1999,18.7,43,38.7,21.3
CanadaCentral,12/30/1999,12.4,30.2,33.8,12.4
CanadaCentral,12/31/1999,6,28.4,23.9,5.2
CanadaCentral,1/1/2000,-2.9,13.2,16,-1.7
CanadaCentral,1/2/2000,-8.4,6.4,6.1,-9.2
CanadaCentral,1/3/2000,-16.3,-1.2,6.1,-15.5
CanadaCentral,1/4/2000,-21.7,13.2,9.4,-12.1
CanadaCentral,1/5/2000,1.7,16.1,12,-10.7
CanadaCentral,1/6/2000,-12.1,6.6,17.7,-6.4
CanadaCentral,1/7/2000,-8.8,30.3,21.9,-2.8
CanadaCentral,1/8/2000,12.7,28.8,30.5,4.9
CanadaCentral,1/9/2000,10.8,32.4,27.2,5.2
CanadaCentral,1/10/2000,-7.9,20.3,15.9,-6.6
CanadaCentral,1/11/2000,-22.7,-4.9,4.3,-17.1
CanadaCentral,1/12/2000,-20.8,-2.4,-0.5,-18
CanadaCentral,1/13/2000,-10.6,5.7,4.3,-10.2
CanadaCentral,1/14/2000,0.9,9.6,6.7,-10.1
CanadaCentral,1/15/2000,-20.5,4.9,8,-15.2
CanadaCentral,1/16/2000,-25.9,9.4,14.1,-15.2
CanadaCentral,1/17/2000,0.7,28,15.2,-9.5
CanadaCentral,1/18/2000,-3.3,8.2,13.8,-4.6
CanadaCentral,1/19/2000,-11.2,5.1,4.3,-10.1
CanadaCentral,1/20/2000,-15.7,-0.4,5.5,-14.7
CanadaCentral,1/21/2000,-17.2,11.8,8.1,-11.8
CanadaCentral,1/22/2000,-2.5,13.1,13.4,-8
CanadaCentral,1/23/2000,-4.2,15.4,16.3,0.8
CanadaCentral,1/24/2000,9.2,20.5,18.5,0.7
CanadaCentral,1/25/2000,-3.1,19.7,20.2,1.1
CanadaCentral,1/26/2000,-2.8,20.3,21.5,1.1
CanadaCentral,1/27/2000,9.3,24.5,24,5.3
CanadaCentral,1/28/2000,9.3,27.1,25.9,10.8
CanadaCentral,1/29/2000,13.7,25.9,26.6,11.9
CanadaCentral,1/30/2000,12.6,26.9,24.7,10.1
CanadaCentral,1/31/2000,3.9,21.2,25.5,9.5
CanadaCentral,2/1/2000,12,28.4,29.2,12.5
CanadaCentral,2/2/2000,21.5,38,29.8,13.9
CanadaCentral,2/3/2000,8.2,22.9,30.2,10.4
CanadaCentral,2/4/2000,1.6,29.5,25.8,2.5
CanadaCentral,2/5/2000,-2.3,25,26.3,-0.4
CanadaCentral,2/6/2000,-0.6,24.2,24.8,-3.2
CanadaCentral,2/7/2000,-6.7,25.1,29.7,2.5
CanadaCentral,2/8/2000,14.8,39.7,28.9,2.8
CanadaCentral,2/9/2000,0.2,22,22.6,1
CanadaCentral,2/10/2000,-12.1,6,12,-9.5
CanadaCentral,2/11/2000,-16.5,7.9,6.6,-14.2
CanadaCentral,2/12/2000,-13.9,5.9,8.1,-16.8
CanadaCentral,2/13/2000,-20.1,10.6,8.7,-13.5
CanadaCentral,2/14/2000,-6.6,9.5,10.8,-11
CanadaCentral,2/15/2000,-6.1,12.4,11.3,-6.8
CanadaCentral,2/16/2000,-7.8,11.9,13.6,-6.3
CanadaCentral,2/17/2000,-4.8,16.4,17.5,-6.4
CanadaCentral,2/18/2000,-6.5,24.2,21.8,-2.4
CanadaCentral,2/19/2000,4.2,24.8,29.8,2.3
CanadaCentral,2/20/2000,9.4,40.4,36.6,10.1
CanadaCentral,2/21/2000,16.8,44.5,43.9,16.2
CanadaCentral,2/22/2000,22.4,46.8,46.2,20
CanadaCentral,2/23/2000,21,47.2,44.9,24.1
CanadaCentral,2/24/2000,28.9,40.6,42.1,27.5
CanadaCentral,2/25/2000,32.7,38.6,39.1,29.7
CanadaCentral,2/26/2000,27.6,38.2,39.5,27.6
CanadaCentral,2/27/2000,22.3,41.7,42.3,27.3
CanadaCentral,2/28/2000,31.8,46.9,42.2,27.5
CanadaCentral,2/29/2000,28.5,38,40,27.8
CanadaCentral,3/1/2000,23.2,35.1,40.4,26.3
CanadaCentral,3/2/2000,27.4,48.1,44.2,27.1
CanadaCentral,3/3/2000,30.8,49.3,50.7,29.1
CanadaCentral,3/4/2000,29,54.6,54,29.9
CanadaCentral,3/5/2000,29.8,58.1,55.6,31.1
CanadaCentral,3/6/2000,34.6,54.1,54.3,32.1
CanadaCentral,3/7/2000,32,50.7,47.4,24.6
CanadaCentral,3/8/2000,7.3,37.3,36.3,14
CanadaCentral,3/9/2000,2.6,20.9,30.8,5.9
CanadaCentral,3/10/2000,7.9,34.3,26.8,7.4
CanadaCentral,3/11/2000,11.6,25,29,10.2
CanadaCentral,3/12/2000,11.1,27.5,26.1,13.6
CanadaCentral,3/13/2000,18,25.9,24.9,13.7
CanadaCentral,3/14/2000,12.1,21.3,22.5,10.2
CanadaCentral,3/15/2000,0.4,20.4,22.7,7.1
CanadaCentral,3/16/2000,8.7,26.3,28,8.2
CanadaCentral,3/17/2000,15.6,37.4,37.5,15.1
CanadaCentral,3/18/2000,21,48.8,45.3,21.2
CanadaCentral,3/19/2000,27.1,49.7,45.8,26.2
CanadaCentral,3/20/2000,30.4,38.7,45.6,27.3
CanadaCentral,3/21/2000,24.4,48.2,48,27.3
CanadaCentral,3/22/2000,27,57.1,55,27.1
CanadaCentral,3/23/2000,29.8,59.8,54.5,30.3
CanadaCentral,3/24/2000,34.1,46.5,52,31.3
CanadaCentral,3/25/2000,30,49.7,48.2,32.2
CanadaCentral,3/26/2000,32.5,48.3,45.9,28
CanadaCentral,3/27/2000,21.5,39.6,45.1,23.9
CanadaCentral,3/28/2000,17.8,47.3,45.8,21.6
CanadaCentral,3/29/2000,25.5,50.5,49.5,26.1
CanadaCentral,3/30/2000,35.1,50.6,49.2,29.9
CanadaCentral,3/31/2000,29,46.5,48.4,29.9
CanadaCentral,4/1/2000,25.6,48.1,46.1,27.8
CanadaCentral,4/2/2000,28.8,43.8,44.2,25.2
CanadaCentral,4/3/2000,21.3,40.6,46.6,23.7
CanadaCentral,4/4/2000,20.9,55.5,47.3,22.3
CanadaCentral,4/5/2000,24.5,45.9,44.2,20.2
CanadaCentral,4/6/2000,15,31.2,38.6,20.2
CanadaCentral,4/7/2000,21.1,38.5,39.8,19.3
CanadaCentral,4/8/2000,21.8,49.8,41.1,21.1
CanadaCentral,4/9/2000,20.4,35,37.8,20.7
CanadaCentral,4/10/2000,20.1,28.5,33.3,19.8
CanadaCentral,4/11/2000,18.8,36.5,35.5,21
CanadaCentral,4/12/2000,24.1,41.5,37.7,21.5
CanadaCentral,4/13/2000,21.5,35.1,34,19.7
CanadaCentral,4/14/2000,13.5,25.5,31.8,16.1
CanadaCentral,4/15/2000,13.2,34.9,36,15.4
CanadaCentral,4/16/2000,19.6,47.6,46.6,19.3
CanadaCentral,4/17/2000,25.3,57.4,52.3,24.2
CanadaCentral,4/18/2000,27.8,52,54.4,25.5
CanadaCentral,4/19/2000,23.3,53.8,57.3,25.2
CanadaCentral,4/20/2000,24.5,66,65.3,27.8
CanadaCentral,4/21/2000,35.6,76,68.7,32.4
CanadaCentral,4/22/2000,37.1,64.2,69.3,35.3
CanadaCentral,4/23/2000,33.2,67.8,66.6,36.9
CanadaCentral,4/24/2000,40.3,67.8,67.2,37.8
CanadaCentral,4/25/2000,39.9,66,66.7,38.9
CanadaCentral,4/26/2000,36.5,66.3,64.5,38.3
CanadaCentral,4/27/2000,38.6,61.3,62.7,35.1
CanadaCentral,4/28/2000,30.4,60.6,62,34.3
CanadaCentral,4/29/2000,34,64.2,64.2,35.4
CanadaCentral,4/30/2000,41.8,67.8,65.4,35.9
CanadaCentral,5/1/2000,32,64.2,71.9,38.5
CanadaCentral,5/2/2000,41.8,83.6,72.2,39.3
CanadaCentral,5/3/2000,44.3,68.7,75.8,43.1
CanadaCentral,5/4/2000,43.2,75.1,71.5,43.4
CanadaCentral,5/5/2000,42.7,70.7,70.8,43.5
CanadaCentral,5/6/2000,44.6,66.6,67.3,42.7
CanadaCentral,5/7/2000,40.8,64.8,63.6,40.9
CanadaCentral,5/8/2000,37.2,59.6,61.8,36.5
CanadaCentral,5/9/2000,31.3,61.1,59.1,37.1
CanadaCentral,5/10/2000,42.8,56.5,55,37
CanadaCentral,5/11/2000,36.9,47.4,48.1,36.7
CanadaCentral,5/12/2000,30.6,40.4,45.6,32.4
CanadaCentral,5/13/2000,29.8,49,49.9,30.6
CanadaCentral,5/14/2000,31.3,60.3,56,31.1
CanadaCentral,5/15/2000,32.2,58.7,60.9,32
CanadaCentral,5/16/2000,32.5,63.7,58.2,33.5
CanadaCentral,5/17/2000,35.8,52.2,59.3,33.2
CanadaCentral,5/18/2000,31.2,62,60.7,36.7
CanadaCentral,5/19/2000,43.3,68,67.4,39.3
CanadaCentral,5/20/2000,43.6,72.1,69.6,44.9
CanadaCentral,5/21/2000,47.9,68.7,71.8,44.6
CanadaCentral,5/22/2000,42.4,74.7,70.8,45.2
CanadaCentral,5/23/2000,45.5,68.9,69.1,43.5
CanadaCentral,5/24/2000,42.6,63.8,67,41.4
CanadaCentral,5/25/2000,36.1,68.4,67.7,41.3
CanadaCentral,5/26/2000,45.4,71,67.7,43.4
CanadaCentral,5/27/2000,48.6,63.7,69.2,47
CanadaCentral,5/28/2000,47,73,66.1,46.2
CanadaCentral,5/29/2000,42.9,61.6,67.5,43
CanadaCentral,5/30/2000,39,67.8,62.8,38.4
CanadaCentral,5/31/2000,33.4,58.8,58.9,36.5
CanadaCentral,6/1/2000,37.2,50,57.8,35.3
CanadaCentral,6/2/2000,35.4,64.7,59.2,38.9
CanadaCentral,6/3/2000,44.2,62.9,65,39.1
CanadaCentral,6/4/2000,37.8,67.4,67.5,41.2
CanadaCentral,6/5/2000,41.6,72.1,71.3,41.7
CanadaCentral,6/6/2000,45.8,74.4,76.5,46.6
CanadaCentral,6/7/2000,52.4,83,74.1,49.8
CanadaCentral,6/8/2000,51.1,65,69.9,50.7
CanadaCentral,6/9/2000,48.5,61.6,60.8,48
CanadaCentral,6/10/2000,44.5,55.8,60.4,45.1
CanadaCentral,6/11/2000,42.3,63.7,61.9,45.8
CanadaCentral,6/12/2000,50.6,66.2,64.4,48.8
CanadaCentral,6/13/2000,53.6,63.2,64.4,50.6
CanadaCentral,6/14/2000,47.6,63.6,63.1,48.5
CanadaCentral,6/15/2000,44.5,62.3,59.5,43.5
CanadaCentral,6/16/2000,38.5,52.5,58.1,40.3
CanadaCentral,6/17/2000,37.8,59.4,59.7,38.2
CanadaCentral,6/18/2000,38.2,67.3,64.8,41
CanadaCentral,6/19/2000,46.9,67.7,65.6,46.2
CanadaCentral,6/20/2000,53.6,61.7,65.7,50.9
CanadaCentral,6/21/2000,52.1,67.6,67.1,51.1
CanadaCentral,6/22/2000,47.7,72.1,70.5,49.5
CanadaCentral,6/23/2000,48.8,71.9,71.2,48.1
CanadaCentral,6/24/2000,47.7,69.7,70.1,48.6
CanadaCentral,6/25/2000,49.3,68.8,67.4,47.7
CanadaCentral,6/26/2000,46,63.5,65.7,46.4
CanadaCentral,6/27/2000,43.9,64.8,66.6,45.4
CanadaCentral,6/28/2000,46.5,71.6,71.8,45.5
CanadaCentral,6/29/2000,46.1,79,77.7,47.9
CanadaCentral,6/30/2000,51.1,82.7,80.4,50.5
CanadaCentral,7/1/2000,54.4,79.7,75.1,51.8
CanadaCentral,7/2/2000,50,63,71.1,51.8
CanadaCentral,7/3/2000,51.2,70.4,69.8,53.4
CanadaCentral,7/4/2000,59.1,75.8,74.5,56.2
CanadaCentral,7/5/2000,58.4,77.3,75.7,58.4
CanadaCentral,7/6/2000,57.7,74,77.2,58.8
CanadaCentral,7/7/2000,60.2,80.4,78.4,58.5
CanadaCentral,7/8/2000,57.6,80.8,79.2,58.6
CanadaCentral,7/9/2000,58,76.6,77.8,57.6
CanadaCentral,7/10/2000,57.2,76,75.7,58.5
CanadaCentral,7/11/2000,60.2,74.5,76.8,58.1
CanadaCentral,7/12/2000,57,79.9,78.5,57.7
CanadaCentral,7/13/2000,55.8,81.2,80.7,56.8
CanadaCentral,7/14/2000,57.6,81.1,81,56.8
CanadaCentral,7/15/2000,56.9,80.7,77.2,54.1
CanadaCentral,7/16/2000,47.8,69.6,70.5,48.1
CanadaCentral,7/17/2000,39.6,61.3,66.5,44
CanadaCentral,7/18/2000,44.5,68.7,63.2,42.9
CanadaCentral,7/19/2000,44.7,59.6,65.3,43.2
CanadaCentral,7/20/2000,40.3,67.6,66.6,42.9
CanadaCentral,7/21/2000,43.8,72.4,72.5,44.5
CanadaCentral,7/22/2000,49.3,77.6,77.7,49.6
CanadaCentral,7/23/2000,55.8,83.2,80.3,54.6
CanadaCentral,7/24/2000,58.7,80.1,80.1,56
CanadaCentral,7/25/2000,53.5,76.9,79.7,55.4
CanadaCentral,7/26/2000,54.2,82.2,80.6,54.9
CanadaCentral,7/27/2000,57.1,82.8,83.6,56.9
CanadaCentral,7/28/2000,59.3,85.8,85.3,59.2
CanadaCentral,7/29/2000,61.4,87.3,86.5,60.4
CanadaCentral,7/30/2000,60.4,86.5,85.6,60.4
CanadaCentral,7/31/2000,59.4,83.1,83.2,57.4
CanadaCentral,8/1/2000,52.4,80.1,80.1,55.3
CanadaCentral,8/2/2000,54.2,77.2,78.7,55.1
CanadaCentral,8/3/2000,58.6,78.7,79.6,56.7
CanadaCentral,8/4/2000,57.2,82.9,79.3,58
CanadaCentral,8/5/2000,58.1,76.3,77.7,56.7
CanadaCentral,8/6/2000,54.7,74,75.6,54.3
CanadaCentral,8/7/2000,50.2,76.6,75.1,53.1
CanadaCentral,8/8/2000,54.6,74.7,77.2,51.6
CanadaCentral,8/9/2000,50,80.2,80.1,54.2
CanadaCentral,8/10/2000,58,85.4,85.4,57.5
CanadaCentral,8/11/2000,64.5,90.6,82.5,58.6
CanadaCentral,8/12/2000,53.2,71.4,78.5,55.3
CanadaCentral,8/13/2000,48,73.5,74.3,51.3
CanadaCentral,8/14/2000,52.6,77.9,74.3,48.7
CanadaCentral,8/15/2000,45.6,71.5,73.2,48.2
CanadaCentral,8/16/2000,46.6,70.3,70.5,47
CanadaCentral,8/17/2000,48.8,69.7,69.8,47.2
CanadaCentral,8/18/2000,46.2,69.4,71.3,50
CanadaCentral,8/19/2000,54.9,74.7,70.9,52.4
CanadaCentral,8/20/2000,55.9,68.8,72.4,52.5
CanadaCentral,8/21/2000,46.7,73.9,73.4,49.5
CanadaCentral,8/22/2000,45.9,77.5,78.3,46.6
CanadaCentral,8/23/2000,47.2,83.4,82.9,49.3
CanadaCentral,8/24/2000,54.7,87.7,84.2,52.6
CanadaCentral,8/25/2000,55.8,81.5,85.7,55.2
CanadaCentral,8/26/2000,55.2,88.1,83.2,55.7
CanadaCentral,8/27/2000,56,80,77.9,51.5
CanadaCentral,8/28/2000,43.3,65.7,73.9,46.3
CanadaCentral,8/29/2000,39.5,75.9,68.3,43.3
CanadaCentral,8/30/2000,47.2,63.3,66.6,43.3
CanadaCentral,8/31/2000,43.3,60.4,59.4,44.7
CanadaCentral,9/1/2000,43.7,54.3,55.9,45.4
CanadaCentral,9/2/2000,49.2,53.1,54.8,47.7
CanadaCentral,9/3/2000,50.2,57,56.2,50.2
CanadaCentral,9/4/2000,51.3,58.4,60.7,52
CanadaCentral,9/5/2000,54.6,66.7,64.7,53.2
CanadaCentral,9/6/2000,53.9,69,67.6,50.8
CanadaCentral,9/7/2000,43.9,67.1,71.6,47.5
CanadaCentral,9/8/2000,44.5,78.7,73,45.6
CanadaCentral,9/9/2000,48.3,73.1,73.7,45.5
CanadaCentral,9/10/2000,43.9,69.3,67.8,43.3
CanadaCentral,9/11/2000,37.8,61.1,67,39.8
CanadaCentral,9/12/2000,37.8,70.5,67,38.7
CanadaCentral,9/13/2000,40.4,69.3,68.1,37.9
CanadaCentral,9/14/2000,35.5,64.4,69.6,37.8
CanadaCentral,9/15/2000,37.6,75,72.3,38.8
CanadaCentral,9/16/2000,43.3,77.6,78.1,41.8
CanadaCentral,9/17/2000,44.3,81.8,73.7,45.5
CanadaCentral,9/18/2000,48.9,61.7,66.4,45.2
CanadaCentral,9/19/2000,42.4,55.6,56.9,42.2
CanadaCentral,9/20/2000,35.2,53.6,52.7,36.8
CanadaCentral,9/21/2000,32.8,48.8,49,32.6
CanadaCentral,9/22/2000,29.7,44.6,46.7,30.4
CanadaCentral,9/23/2000,28.6,46.6,50,29.3
CanadaCentral,9/24/2000,29.4,58.9,58.6,30.6
CanadaCentral,9/25/2000,33.7,70.4,59.9,32.7
CanadaCentral,9/26/2000,34.9,50.5,60.2,34.6
CanadaCentral,9/27/2000,35.1,59.9,62.8,35.9
CanadaCentral,9/28/2000,37.8,78.1,70.1,38.9
CanadaCentral,9/29/2000,43.7,72.2,74.4,41.9
CanadaCentral,9/30/2000,44.2,72.7,68.3,42.6
CanadaCentral,10/1/2000,39.9,60,63.1,39.3
CanadaCentral,10/2/2000,33.8,56.7,53.3,31.8
CanadaCentral,10/3/2000,21.9,43.1,47.5,24.3
CanadaCentral,10/4/2000,17.1,42.6,40.4,19
CanadaCentral,10/5/2000,18.1,35.3,37.6,17.7
CanadaCentral,10/6/2000,18,34.8,37.5,17.1
CanadaCentral,10/7/2000,15.3,42.3,44.4,16.2
CanadaCentral,10/8/2000,15.4,56.1,55,19.6
CanadaCentral,10/9/2000,28.1,66.7,63.8,23.1
CanadaCentral,10/10/2000,25.8,68.7,68.3,28.7
CanadaCentral,10/11/2000,32.1,69.5,65.5,30.1
CanadaCentral,10/12/2000,32.4,58.5,60.5,33.4
CanadaCentral,10/13/2000,35.8,53.5,53.5,31.5
CanadaCentral,10/14/2000,26.3,48.5,52.9,28.2
CanadaCentral,10/15/2000,22.6,56.9,56.9,26.1
CanadaCentral,10/16/2000,29.5,65.3,62,28.4
CanadaCentral,10/17/2000,32.9,63.8,68,32
CanadaCentral,10/18/2000,33.7,75,67.7,34
CanadaCentral,10/19/2000,35.3,64.1,63.9,32.6
CanadaCentral,10/20/2000,28.7,52.6,59.9,33.2
CanadaCentral,10/21/2000,35.4,63,57.4,31.3
CanadaCentral,10/22/2000,29.8,56.7,60.5,30.2
CanadaCentral,10/23/2000,25.4,61.7,61.5,29.9
CanadaCentral,10/24/2000,34.3,66,62,34.3
CanadaCentral,10/25/2000,43.1,58.3,57.1,34.6
CanadaCentral,10/26/2000,26.4,47.1,48.8,29.1
CanadaCentral,10/27/2000,17.7,41.1,45.6,25
CanadaCentral,10/28/2000,30.9,48.6,47.3,32.1
CanadaCentral,10/29/2000,47.6,52.1,51,41
CanadaCentral,10/30/2000,44.6,52.2,51,44.7
CanadaCentral,10/31/2000,42,48.8,48.4,41
CanadaCentral,11/1/2000,36.4,44,43.8,35.8
CanadaCentral,11/2/2000,29,38.4,39.7,30.3
CanadaCentral,11/3/2000,25.5,36.7,40,27.2
CanadaCentral,11/4/2000,27,44.9,41.3,26.6
CanadaCentral,11/5/2000,27.2,42.2,39.7,25.3
CanadaCentral,11/6/2000,21.8,31.9,32.1,21.9
CanadaCentral,11/7/2000,16.7,22.3,24.2,17.4
CanadaCentral,11/8/2000,13.7,18.3,20.6,13.8
CanadaCentral,11/9/2000,11,21.2,19.3,10.8
CanadaCentral,11/10/2000,7.7,18.4,18.4,6.7
CanadaCentral,11/11/2000,1.6,15.7,16.3,3.5
CanadaCentral,11/12/2000,1.2,14.7,14.7,-0.9
CanadaCentral,11/13/2000,-5.4,13.6,16.8,-2.8
CanadaCentral,11/14/2000,-4.3,22,19.4,0.3
CanadaCentral,11/15/2000,10.7,22.6,20.7,2.5
CanadaCentral,11/16/2000,1,17.3,19.7,3.7
CanadaCentral,11/17/2000,-0.4,19.2,22.9,5.7
CanadaCentral,11/18/2000,16.5,32.3,23.3,6.9
CanadaCentral,11/19/2000,4.5,18.6,21.5,4.9
CanadaCentral,11/20/2000,-6.2,13.5,14.7,-1.4
CanadaCentral,11/21/2000,-2.5,12,16.1,-2.5
CanadaCentral,11/22/2000,1.3,23,21.6,3.1
CanadaCentral,11/23/2000,10.7,29.8,29.3,10
CanadaCentral,11/24/2000,18.1,35.3,31.3,12.7
CanadaCentral,11/25/2000,9.3,29,32.2,12.6
CanadaCentral,11/26/2000,10.3,32.2,31.1,11.5
CanadaCentral,11/27/2000,15,32.1,30.8,13.7
CanadaCentral,11/28/2000,15.8,28.1,26.1,12.5
CanadaCentral,11/29/2000,6.7,18.2,20.7,10.5
CanadaCentral,11/30/2000,9.1,15.8,16.2,3.5
CanadaCentral,12/1/2000,-5.3,14.6,18.5,1
CanadaCentral,12/2/2000,-0.9,25.1,24.6,4.4
CanadaCentral,12/3/2000,19.5,34,28.5,1.3
CanadaCentral,12/4/2000,-14.6,26.5,25,-4.2
CanadaCentral,12/5/2000,-17.4,14.6,20.7,-9.5
CanadaCentral,12/6/2000,3.6,21.2,18.5,-6.3
CanadaCentral,12/7/2000,-5.2,19.7,18.5,-2.7
CanadaCentral,12/8/2000,-6.4,14.7,13.7,-11.8
CanadaCentral,12/9/2000,-23.7,6.8,3.8,-18.3
CanadaCentral,12/10/2000,-24.7,-10.1,-4.9,-22.9
CanadaCentral,12/11/2000,-20.4,-11.3,-10,-23.4
CanadaCentral,12/12/2000,-25.2,-8.6,-8.8,-23.1
CanadaCentral,12/13/2000,-23.8,-6.5,-5.7,-24.3
CanadaCentral,12/14/2000,-24,-1.9,-3.2,-25.1
CanadaCentral,12/15/2000,-27.6,-1.2,-1.9,-24.8
CanadaCentral,12/16/2000,-22.6,-2.6,-1.7,-23.5
CanadaCentral,12/17/2000,-20.1,-1.3,-2.4,-19.7
CanadaCentral,12/18/2000,-16.5,-3.1,1.4,-17
CanadaCentral,12/19/2000,-14.5,8.7,2.4,-17.1
CanadaCentral,12/20/2000,-20.2,1.5,0.1,-19.9
CanadaCentral,12/21/2000,-25,-9.9,-2.3,-19.7
CanadaCentral,12/22/2000,-14,1.6,-3.9,-21.3
CanadaCentral,12/23/2000,-25.1,-3.6,-2.4,-23.1
CanadaCentral,12/24/2000,-30.2,-5.2,-1.6,-21.4
CanadaCentral,12/25/2000,-8.9,4.1,2.3,-18.3
CanadaCentral,12/26/2000,-16,7.9,6.4,-8.6
CanadaCentral,12/27/2000,-1,7.1,9.7,-5.3
CanadaCentral,12/28/2000,1.1,14.1,11.4,-1.8
CanadaCentral,12/29/2000,-5.5,13,9,-7.6
CanadaCentral,12/30/2000,-18.4,-0.1,2.7,-15.7
CanadaCentral,12/31/2000,-23.1,-4.8,0.7,-18.3
CanadaCentral,1/1/2001,-13.4,6.9,10.5,-12.4
CanadaCentral,1/2/2001,-0.7,29.2,22.5,-1.5
CanadaCentral,1/3/2001,9.5,31.2,31.9,9.7
CanadaCentral,1/4/2001,20.4,35.1,34.8,12.8
CanadaCentral,1/5/2001,8.6,38,36.6,16.3
CanadaCentral,1/6/2001,20,36.5,33.9,13.2
CanadaCentral,1/7/2001,11.1,27.2,27.5,10.4
CanadaCentral,1/8/2001,0.1,18.7,24.3,7.8
CanadaCentral,1/9/2001,12.1,27,23.4,6.6
CanadaCentral,1/10/2001,7.5,24.4,24.8,7.8
CanadaCentral,1/11/2001,3.9,23.1,21.4,4.4
CanadaCentral,1/12/2001,1.8,16.7,18.5,5.4
CanadaCentral,1/13/2001,10.4,15.7,15.8,5.7
CanadaCentral,1/14/2001,5,15,15.2,6.9
CanadaCentral,1/15/2001,5.4,15,13.1,3.1
CanadaCentral,1/16/2001,-1,9.3,17.5,4
CanadaCentral,1/17/2001,7.4,28.2,19.9,-2.2
CanadaCentral,1/18/2001,-13.1,22.1,19.8,-6.5
CanadaCentral,1/19/2001,-13.9,9.1,15.5,-9.8
CanadaCentral,1/20/2001,-2.5,15.5,15,-3.8
CanadaCentral,1/21/2001,5,20.4,21.9,5.1
CanadaCentral,1/22/2001,12.7,29.7,22.9,4.9
CanadaCentral,1/23/2001,-3.1,18.5,18.6,-1.6
CanadaCentral,1/24/2001,-14.4,7.7,15.7,-5.6
CanadaCentral,1/25/2001,0.7,21,16.3,-1.7
CanadaCentral,1/26/2001,8.7,20.3,20.8,6.4
CanadaCentral,1/27/2001,9.6,21,22.2,7.9
CanadaCentral,1/28/2001,5.4,25.1,23.4,5.8
CanadaCentral,1/29/2001,2.5,24.1,24.3,2.6
CanadaCentral,1/30/2001,0,23.6,22.1,-3.2
CanadaCentral,1/31/2001,-12.2,18.5,13.2,-11.2
CanadaCentral,2/1/2001,-21.2,-2.6,13.1,-12.8
CanadaCentral,2/2/2001,-4.8,23.5,16.8,-4.1
CanadaCentral,2/3/2001,13.8,29.6,26.8,7.2
CanadaCentral,2/4/2001,12.7,27.1,26.8,12.3
CanadaCentral,2/5/2001,10.5,23.7,24,7.2
CanadaCentral,2/6/2001,-1.6,21.1,16.1,-1.4
CanadaCentral,2/7/2001,-13.2,3.4,8.5,-11.8
CanadaCentral,2/8/2001,-20.7,1,-1,-18.8
CanadaCentral,2/9/2001,-22.6,-7.5,-5.2,-24
CanadaCentral,2/10/2001,-28.6,-9,-4.7,-23.2
CanadaCentral,2/11/2001,-18.5,2.5,-0.6,-20.3
CanadaCentral,2/12/2001,-14,4.8,4,-15.9
CanadaCentral,2/13/2001,-15.1,4.6,4.8,-17.3
CanadaCentral,2/14/2001,-22.8,4.9,7.6,-14.5
CanadaCentral,2/15/2001,-5.6,13.3,5.1,-14.2
CanadaCentral,2/16/2001,-14.3,-3,5.8,-13.1
CanadaCentral,2/17/2001,-19.3,7,7.7,-14.2
CanadaCentral,2/18/2001,-9.2,19.2,11.5,-11.3
CanadaCentral,2/19/2001,-5.6,8.5,9.2,-10.1
CanadaCentral,2/20/2001,-15.7,0,8.5,-14.5
CanadaCentral,2/21/2001,-22.1,17.2,9.6,-14.4
CanadaCentral,2/22/2001,-5.5,11.6,13.9,-14
CanadaCentral,2/23/2001,-14.5,12.8,13.5,-3.9
CanadaCentral,2/24/2001,8.3,16.1,12.8,-3.6
CanadaCentral,2/25/2001,-4.6,9.5,8,-3.9
CanadaCentral,2/26/2001,-15.2,-1.5,5.7,-12.6
CanadaCentral,2/27/2001,-18,9,12.1,-8.5
CanadaCentral,2/28/2001,7.6,28.9,24.4,1.4
CanadaCentral,3/1/2001,14.7,35.4,33.2,10.7
CanadaCentral,3/2/2001,9.8,35.4,32.7,11.4
CanadaCentral,3/3/2001,9.6,27.2,28.2,8.4
CanadaCentral,3/4/2001,5.9,22,25.5,6.6
CanadaCentral,3/5/2001,4.4,27.2,25.8,7.7
CanadaCentral,3/6/2001,12.9,28.3,27.8,9.9
CanadaCentral,3/7/2001,12.4,27.8,28.7,11.2
CanadaCentral,3/8/2001,8.4,29.8,29.5,11.7
CanadaCentral,3/9/2001,14.4,30.7,30,9.2
CanadaCentral,3/10/2001,4.9,29.5,29.6,7.9
CanadaCentral,3/11/2001,4.4,28.4,30.6,9.9
CanadaCentral,3/12/2001,20.6,33.7,32.9,15.2
CanadaCentral,3/13/2001,20.6,36.7,33.9,18.8
CanadaCentral,3/14/2001,15.2,31.2,32.6,14.7
CanadaCentral,3/15/2001,8.3,30.1,32.3,12.6
CanadaCentral,3/16/2001,14.5,35.7,34.3,12.7
CanadaCentral,3/17/2001,15.3,37.1,36.3,18.2
CanadaCentral,3/18/2001,24.9,36,37.2,19.8
CanadaCentral,3/19/2001,19.2,38.4,37.7,22.9
CanadaCentral,3/20/2001,24.5,38.8,35.5,17.2
CanadaCentral,3/21/2001,8,29.4,28.8,10.2
CanadaCentral,3/22/2001,-1.9,18.3,20.1,2.1
CanadaCentral,3/23/2001,0.2,12.6,14.1,-1.3
CanadaCentral,3/24/2001,-2.1,11.3,13.4,-2.3
CanadaCentral,3/25/2001,-5.1,16.3,17.4,-2.9
CanadaCentral,3/26/2001,-1.5,24.5,25.3,1.2
CanadaCentral,3/27/2001,10.3,34.9,31.3,9.2
CanadaCentral,3/28/2001,18.7,34.5,35.6,19.1
CanadaCentral,3/29/2001,28.2,37.5,35.7,24.3
CanadaCentral,3/30/2001,25.9,35.2,34.5,24.5
CanadaCentral,3/31/2001,19.3,30.9,33.1,21.2
CanadaCentral,4/1/2001,18.4,33.2,33.4,17.4
CanadaCentral,4/2/2001,14.6,36.1,35,19.2
CanadaCentral,4/3/2001,24.6,35.8,35.6,23.2
CanadaCentral,4/4/2001,30.4,35,37.5,28.4
CanadaCentral,4/5/2001,30.1,41.9,41.2,28.2
CanadaCentral,4/6/2001,24,46.8,43.2,28.8
CanadaCentral,4/7/2001,32.2,40.8,42.7,28.2
CanadaCentral,4/8/2001,28.3,40.5,39.2,31
CanadaCentral,4/9/2001,32.4,36.1,39.3,30.9
CanadaCentral,4/10/2001,32.1,41.3,39.6,31.8
CanadaCentral,4/11/2001,30.8,41.4,42,31.4
CanadaCentral,4/12/2001,31.2,43.2,40.9,30.9
CanadaCentral,4/13/2001,30.6,38,41.8,27.5
CanadaCentral,4/14/2001,20.7,44.1,35.3,21.5
CanadaCentral,4/15/2001,13,23.7,33.1,16.7
CanadaCentral,4/16/2001,16.2,31.6,32.4,15
CanadaCentral,4/17/2001,15.8,41.9,44.4,22.2
CanadaCentral,4/18/2001,34.7,59.6,54,28.1
CanadaCentral,4/19/2001,34,60.6,55.7,32.9
CanadaCentral,4/20/2001,30,47,46.7,28
CanadaCentral,4/21/2001,19.9,32.5,39.7,25
CanadaCentral,4/22/2001,25,39.7,42.4,23.3
CanadaCentral,4/23/2001,25,54.9,52.9,26.9
CanadaCentral,4/24/2001,30.7,64,64.4,31.5
CanadaCentral,4/25/2001,39,74.2,67.9,35.5
CanadaCentral,4/26/2001,36.8,65.4,69.7,39.1
CanadaCentral,4/27/2001,41.5,69.6,71.9,42.2
CanadaCentral,4/28/2001,48.3,80.7,75.2,44.8
CanadaCentral,4/29/2001,44.6,75.2,75,43.7
CanadaCentral,4/30/2001,38.2,69.1,68.1,42.2
CanadaCentral,5/1/2001,43.8,60.1,64,40.4
CanadaCentral,5/2/2001,39.1,62.8,61.5,38.6
CanadaCentral,5/3/2001,33,61.5,64.2,36.2
CanadaCentral,5/4/2001,36.5,68.3,65.8,37.3
CanadaCentral,5/5/2001,42.4,67.6,63,41.3
CanadaCentral,5/6/2001,44.9,53.1,57.3,42.1
CanadaCentral,5/7/2001,38.9,51.2,55.9,39
CanadaCentral,5/8/2001,33.3,63.3,61.8,37.4
CanadaCentral,5/9/2001,40.1,70.7,63.8,35.6
CanadaCentral,5/10/2001,33.5,57.3,63.5,35.6
CanadaCentral,5/11/2001,33.1,62.5,65,35.6
CanadaCentral,5/12/2001,40.3,75.1,73.8,41.3
CanadaCentral,5/13/2001,50.4,83.9,81.4,49.7
CanadaCentral,5/14/2001,58.4,85.1,79.2,53.3
CanadaCentral,5/15/2001,51.2,68.7,75.7,51
CanadaCentral,5/16/2001,43.5,73.2,70.6,46.6
CanadaCentral,5/17/2001,45.1,69.9,72.5,43.7
CanadaCentral,5/18/2001,42.5,74.5,72.3,44
CanadaCentral,5/19/2001,44.3,72.5,68.6,43.1
CanadaCentral,5/20/2001,42.5,58.7,61.2,41.3
CanadaCentral,5/21/2001,37.3,52.2,54.7,38
CanadaCentral,5/22/2001,34.2,53,52.6,35.9
CanadaCentral,5/23/2001,36.1,52.6,53.4,35.5
CanadaCentral,5/24/2001,36.1,54.6,58.2,35.5
CanadaCentral,5/25/2001,34.2,67.6,65.5,37.7
CanadaCentral,5/26/2001,42.6,74.3,71.1,42.3
CanadaCentral,5/27/2001,50.2,71.5,71.5,48.2
CanadaCentral,5/28/2001,51.9,68.8,71,49.6
CanadaCentral,5/29/2001,46.7,72.9,68.9,48.8
CanadaCentral,5/30/2001,47.9,65.2,68,46.3
CanadaCentral,5/31/2001,44.2,66,64.4,45.1
CanadaCentral,6/1/2001,43.1,61.9,64.7,42.6
CanadaCentral,6/2/2001,40.6,66.2,65,42.9
CanadaCentral,6/3/2001,44.8,66.8,67.7,43
CanadaCentral,6/4/2001,43.7,70.1,66.1,45.8
CanadaCentral,6/5/2001,48.8,61.3,64.6,46.9
CanadaCentral,6/6/2001,48.3,62.2,65.7,47.7
CanadaCentral,6/7/2001,46,73.4,71.1,47.8
CanadaCentral,6/8/2001,49.1,77.8,77.7,47.9
CanadaCentral,6/9/2001,48.5,81.8,80.5,50
CanadaCentral,6/10/2001,52.5,81.8,78.6,51.1
CanadaCentral,6/11/2001,52.4,72.2,74.1,49.8
CanadaCentral,6/12/2001,44.5,68.2,67.5,49
CanadaCentral,6/13/2001,50.1,61.9,62.4,48.3
CanadaCentral,6/14/2001,50.2,57,60.7,49.2
CanadaCentral,6/15/2001,47.3,63.3,61.4,46.8
CanadaCentral,6/16/2001,42.9,64,64.7,43.9
CanadaCentral,6/17/2001,41.3,66.8,63.2,43.2
CanadaCentral,6/18/2001,45.4,58.9,63.6,44
CanadaCentral,6/19/2001,45.2,65.1,62.8,45.5
CanadaCentral,6/20/2001,45.8,64.6,67.8,44.8
CanadaCentral,6/21/2001,43.3,73.8,72.5,47
CanadaCentral,6/22/2001,51.9,79.2,79.8,50.3
CanadaCentral,6/23/2001,55.8,86.4,82.4,55.3
CanadaCentral,6/24/2001,58.3,81.7,82,57.9
CanadaCentral,6/25/2001,59.6,78,76.8,55.7
CanadaCentral,6/26/2001,49.2,70.7,70.8,54.7
CanadaCentral,6/27/2001,55.4,63.7,70.5,53.8
CanadaCentral,6/28/2001,56.9,77.1,72.8,56.2
CanadaCentral,6/29/2001,56.3,77.6,72.1,51.7
CanadaCentral,6/30/2001,41.7,61.8,67.3,45.7
CanadaCentral,7/1/2001,39,62.4,66.6,44.4
CanadaCentral,7/2/2001,52.4,75.5,71.2,47.6
CanadaCentral,7/3/2001,51.3,75.7,74.5,49.2
CanadaCentral,7/4/2001,43.8,72.1,74.6,47
CanadaCentral,7/5/2001,45.8,75.8,74.9,48.3
CanadaCentral,7/6/2001,55.2,76.9,77.8,51.7
CanadaCentral,7/7/2001,54.1,80.7,80.9,54.2
CanadaCentral,7/8/2001,53.2,85.2,83.1,54.4
CanadaCentral,7/9/2001,56.1,83.4,81.6,54
CanadaCentral,7/10/2001,52.6,76,75.5,54.8
CanadaCentral,7/11/2001,55.8,67.1,71.6,54.8
CanadaCentral,7/12/2001,55.9,71.8,72.1,57.2
CanadaCentral,7/13/2001,59.7,77.5,75.4,58.3
CanadaCentral,7/14/2001,59.2,76.9,78.1,59.2
CanadaCentral,7/15/2001,58.8,79.8,76.8,59.9
CanadaCentral,7/16/2001,61.6,73.8,79.2,59.7
CanadaCentral,7/17/2001,58.6,83.9,79.6,60.7
CanadaCentral,7/18/2001,61.8,81.1,83.3,59.6
CanadaCentral,7/19/2001,58.3,85,82.9,60.4
CanadaCentral,7/20/2001,61.3,82.8,84,60
CanadaCentral,7/21/2001,60.4,84.1,82.9,60.6
CanadaCentral,7/22/2001,60.1,81.8,78.3,57.2
CanadaCentral,7/23/2001,51.1,68.9,74.3,51.9
CanadaCentral,7/24/2001,44.4,72.1,71.7,48.7
CanadaCentral,7/25/2001,50.7,74.2,73.8,51.5
CanadaCentral,7/26/2001,59.4,75,74.7,55.7
CanadaCentral,7/27/2001,57.1,75,76.9,57.3
CanadaCentral,7/28/2001,55.4,80.7,77.9,56.2
CanadaCentral,7/29/2001,56,78,79.4,54.8
CanadaCentral,7/30/2001,53,79.6,75.6,55.6
CanadaCentral,7/31/2001,57.8,69.3,74.2,55.4
CanadaCentral,8/1/2001,55.5,73.6,74.2,55.3
CanadaCentral,8/2/2001,52.8,79.6,80.8,56.2
CanadaCentral,8/3/2001,60.3,89.1,86.2,60.8
CanadaCentral,8/4/2001,69.3,89.9,88.3,64
CanadaCentral,8/5/2001,62.4,86,88.3,62.6
CanadaCentral,8/6/2001,56.1,89,88.5,60.1
CanadaCentral,8/7/2001,61.9,90.4,86.7,57.9
CanadaCentral,8/8/2001,55.8,80.7,79.5,54.6
CanadaCentral,8/9/2001,46.2,67.4,73.9,48
CanadaCentral,8/10/2001,42,73.6,73.5,45.3
CanadaCentral,8/11/2001,47.9,79.4,74.8,44.9
CanadaCentral,8/12/2001,44.8,71.4,77.4,46.4
CanadaCentral,8/13/2001,46.5,81.3,78.4,49
CanadaCentral,8/14/2001,55.9,82.4,78.6,50.7
CanadaCentral,8/15/2001,49.7,72,77.9,50.6
CanadaCentral,8/16/2001,46.3,79.5,75.7,48.9
CanadaCentral,8/17/2001,50.9,75.7,76,47.6
CanadaCentral,8/18/2001,45.6,72.9,75.5,47.5
CanadaCentral,8/19/2001,46.1,77.9,78.3,48.2
CanadaCentral,8/20/2001,53,84.2,82.9,52.3
CanadaCentral,8/21/2001,57.9,86.6,84.5,54.6
CanadaCentral,8/22/2001,53,82.9,85.4,56.4
CanadaCentral,8/23/2001,58.2,86.8,85.5,57.4
CanadaCentral,8/24/2001,60.9,86.7,85,56
CanadaCentral,8/25/2001,48.9,81.4,82.4,52.2
CanadaCentral,8/26/2001,46.9,79.1,80.3,47.7
CanadaCentral,8/27/2001,47.4,80.5,81.7,47.9
CanadaCentral,8/28/2001,49.3,85.5,80.3,50.7
CanadaCentral,8/29/2001,55.4,75,75.2,48.9
CanadaCentral,8/30/2001,42,65,70.4,44.5
CanadaCentral,8/31/2001,36.1,71.2,74.4,42.8
CanadaCentral,9/1/2001,50.3,87.1,78.1,46.1
CanadaCentral,9/2/2001,51.8,75.9,80.4,48.3
CanadaCentral,9/3/2001,42.9,78.2,80.1,48.9
CanadaCentral,9/4/2001,52,86.2,85,49.9
CanadaCentral,9/5/2001,54.8,90.5,83.3,52.5
CanadaCentral,9/6/2001,50.6,73.3,75.4,50.7
CanadaCentral,9/7/2001,46.6,62.3,66.7,45.8
CanadaCentral,9/8/2001,40.2,64.4,63.2,41.9
CanadaCentral,9/9/2001,39,62.9,64.7,38.1
CanadaCentral,9/10/2001,34.9,66.7,64.3,39.2
CanadaCentral,9/11/2001,43.5,63.2,63.1,38.3
CanadaCentral,9/12/2001,36.5,59.5,61,37.4
CanadaCentral,9/13/2001,32.1,60.5,62.2,35.3
CanadaCentral,9/14/2001,37.3,66.8,63.6,34.2
CanadaCentral,9/15/2001,33.1,63.5,65.5,37.3
CanadaCentral,9/16/2001,41.4,66.1,63.3,38.3
CanadaCentral,9/17/2001,40.3,60.3,65.4,41.6
CanadaCentral,9/18/2001,43,69.7,68.1,42.3
CanadaCentral,9/19/2001,43.7,74.4,69.2,44.3
CanadaCentral,9/20/2001,46.3,63.6,67.9,42.9
CanadaCentral,9/21/2001,38.7,65.9,61.5,39.3
CanadaCentral,9/22/2001,32.8,55.1,58,32.5
CanadaCentral,9/23/2001,26,52.9,57.2,30.4
CanadaCentral,9/24/2001,32.3,63.4,63,32
CanadaCentral,9/25/2001,37.7,72.5,69.6,36
CanadaCentral,9/26/2001,38.1,72.8,74.4,38.7
CanadaCentral,9/27/2001,40.2,78,76.9,41.8
CanadaCentral,9/28/2001,47.2,79.9,76.5,44.6
CanadaCentral,9/29/2001,46.4,71.6,75.4,43.2
CanadaCentral,9/30/2001,35.9,74.6,72.4,40.8
CanadaCentral,10/1/2001,40.1,71,68.2,37.8
CanadaCentral,10/2/2001,37.4,59,63,35.9
CanadaCentral,10/3/2001,30.2,58.9,55,31.8
CanadaCentral,10/4/2001,27.8,47.1,48.5,26.7
CanadaCentral,10/5/2001,22.1,39.6,47.5,23.4
CanadaCentral,10/6/2001,20.2,55.7,52.5,22.5
CanadaCentral,10/7/2001,25.3,62.3,58.9,26.3
CanadaCentral,10/8/2001,33.5,58.9,61.1,30
CanadaCentral,10/9/2001,31.3,62.2,60.1,31.9
CanadaCentral,10/10/2001,31,59.3,61.4,31
CanadaCentral,10/11/2001,30.6,62.7,58.9,30.6
CanadaCentral,10/12/2001,30.1,54.6,56.2,30.5
CanadaCentral,10/13/2001,30.8,51.2,49.6,32
CanadaCentral,10/14/2001,35.1,43.1,45.4,30.9
CanadaCentral,10/15/2001,26.8,41.8,44.2,26.4
CanadaCentral,10/16/2001,17.3,47.7,48.1,25.7
CanadaCentral,10/17/2001,32.9,54.7,51.3,26
CanadaCentral,10/18/2001,27.8,51.4,53.1,30.7
CanadaCentral,10/19/2001,31.4,53,49.2,28.9
CanadaCentral,10/20/2001,27.5,43.1,46.7,27.5
CanadaCentral,10/21/2001,23.4,44.1,46.3,25.7
CanadaCentral,10/22/2001,26.2,51.6,43.4,25.2
CanadaCentral,10/23/2001,26,34.5,38.6,24.9
CanadaCentral,10/24/2001,22.5,29.7,31.9,22.6
CanadaCentral,10/25/2001,19.4,31.5,31.9,18.1
CanadaCentral,10/26/2001,12.5,34.6,37.3,17.9
CanadaCentral,10/27/2001,21.7,45.9,42.9,18.8
CanadaCentral,10/28/2001,22.2,48.3,46,19.5
CanadaCentral,10/29/2001,14.6,43.8,45.9,23.8
CanadaCentral,10/30/2001,34.5,45.6,44.8,28.5
CanadaCentral,10/31/2001,36.3,45.2,45.4,34.9
CanadaCentral,11/1/2001,33.8,45.4,47,32.1
CanadaCentral,11/2/2001,26.2,50.4,49.7,28.4
CanadaCentral,11/3/2001,25.2,53.4,53.8,25.3
CanadaCentral,11/4/2001,24.7,57.6,59.3,26.5
CanadaCentral,11/5/2001,29.6,67.1,56.6,26.7
CanadaCentral,11/6/2001,26,45.2,49.4,29
CanadaCentral,11/7/2001,31.5,35.8,41.5,26
CanadaCentral,11/8/2001,20.5,43.5,45.1,25.7
CanadaCentral,11/9/2001,25,56,50.2,22.4
CanadaCentral,11/10/2001,21.7,51.2,51.9,23.2
CanadaCentral,11/11/2001,22.9,48.7,46.9,22.7
CanadaCentral,11/12/2001,23.5,40.8,50.5,23.1
CanadaCentral,11/13/2001,22.9,61.9,54.7,26
CanadaCentral,11/14/2001,31.7,61.3,59.8,28.9
CanadaCentral,11/15/2001,32,56.3,60.3,32.4
CanadaCentral,11/16/2001,33.5,63.4,61.7,32
CanadaCentral,11/17/2001,30.4,65.5,56.2,29.3
CanadaCentral,11/18/2001,24,39.7,48.4,24
CanadaCentral,11/19/2001,17.5,39.9,44.3,22.9
CanadaCentral,11/20/2001,27.1,53.4,43.7,22.3
CanadaCentral,11/21/2001,22.4,37.9,42.2,25.1
CanadaCentral,11/22/2001,25.8,35.4,36.6,26.4
CanadaCentral,11/23/2001,30.9,36.4,34.9,28.5
CanadaCentral,11/24/2001,28.7,33,32.7,25.7
CanadaCentral,11/25/2001,17.6,28.8,26.5,19.2
CanadaCentral,11/26/2001,11.3,17.6,19.9,13.2
CanadaCentral,11/27/2001,10.8,13.4,15.8,10.6
CanadaCentral,11/28/2001,9.7,16.5,16.3,10.3
CanadaCentral,11/29/2001,10.4,19.2,19,10.1
CanadaCentral,11/30/2001,10.2,21.2,21,8.2
CanadaCentral,12/1/2001,3.9,22.5,26.1,8.9
CanadaCentral,12/2/2001,12.7,34.6,29.7,9.5
CanadaCentral,12/3/2001,11.9,32,30.3,10.1
CanadaCentral,12/4/2001,5.8,24.4,25.5,8.8
CanadaCentral,12/5/2001,8.8,20.2,19.5,6.9
CanadaCentral,12/6/2001,6.1,13.9,17.7,5.4
CanadaCentral,12/7/2001,1.4,18.8,19.7,0.9
CanadaCentral,12/8/2001,-4.9,26.4,28.9,4.5
CanadaCentral,12/9/2001,16.8,41.5,32.1,5.1
CanadaCentral,12/10/2001,3.5,28.5,30.9,9.6
CanadaCentral,12/11/2001,8.5,22.6,22.1,3.5
CanadaCentral,12/12/2001,-1.5,15.2,19.5,2.1
CanadaCentral,12/13/2001,-0.7,20.6,22,1.8
CanadaCentral,12/14/2001,7.6,30.3,27.5,9.3
CanadaCentral,12/15/2001,21.1,31.7,30.2,13.4
CanadaCentral,12/16/2001,11.5,28.6,31.5,16
CanadaCentral,12/17/2001,15.4,34.1,31.1,12.3
CanadaCentral,12/18/2001,10,30.5,28.6,8.1
CanadaCentral,12/19/2001,-1,21.3,22.5,3.5
CanadaCentral,12/20/2001,1.4,15.7,19.9,1.7
CanadaCentral,12/21/2001,4.6,22.6,19.2,0.5
CanadaCentral,12/22/2001,-4.4,19.3,17.8,-1.7
CanadaCentral,12/23/2001,-5.3,11.4,14,-5.2
CanadaCentral,12/24/2001,-6,11.2,9.9,-6.3
CanadaCentral,12/25/2001,-7.7,7,13.2,-4.1
CanadaCentral,12/26/2001,1.5,21.3,16.7,-0.9
CanadaCentral,12/27/2001,3.6,21.7,16.7,2
CanadaCentral,12/28/2001,0.9,7.1,13,1.4
CanadaCentral,12/29/2001,-0.4,10,6.9,-4
CanadaCentral,12/30/2001,-12.5,3.5,5.9,-8.7
CanadaCentral,12/31/2001,-13.3,4.1,4.6,-11.7
CanadaCentral,1/1/2002,-9.4,6.2,8.2,-11.2
CanadaCentral,1/2/2002,-10.8,14.4,13.6,-5.4
CanadaCentral,1/3/2002,3.9,20.3,22.3,3.3
CanadaCentral,1/4/2002,16.8,32.2,27.3,11.8
CanadaCentral,1/5/2002,14.6,29.5,29.1,11.2
CanadaCentral,1/6/2002,2.2,25.5,31.8,11.9
CanadaCentral,1/7/2002,18.8,40.3,36.6,17.9
CanadaCentral,1/8/2002,32.8,44,40.3,27.4
CanadaCentral,1/9/2002,30.5,36.6,39.1,28.7
CanadaCentral,1/10/2002,22.9,36.8,36.2,25.6
CanadaCentral,1/11/2002,23.5,35.2,35.6,21.8
CanadaCentral,1/12/2002,19,35,33,21.2
CanadaCentral,1/13/2002,21.1,28.8,28.9,16
CanadaCentral,1/14/2002,7.9,22.9,22.9,10.5
CanadaCentral,1/15/2002,2.6,17,18.6,5
CanadaCentral,1/16/2002,4.6,15.9,14.4,-2.7
CanadaCentral,1/17/2002,-15.3,10.3,14.9,-9.9
CanadaCentral,1/18/2002,-18.9,18.5,16.1,-12
CanadaCentral,1/19/2002,-1.7,19.4,19.6,-7.1
CanadaCentral,1/20/2002,-0.7,20.9,18.8,-1.9
CanadaCentral,1/21/2002,-3.2,16.1,11.6,-4.3
CanadaCentral,1/22/2002,-9.1,-2.1,4.5,-8.4
CanadaCentral,1/23/2002,-12.9,-0.6,4.1,-8.5
CanadaCentral,1/24/2002,-3.6,15.1,10.9,-5.3
CanadaCentral,1/25/2002,0.6,18.4,12,-1.8
CanadaCentral,1/26/2002,-2.3,2.6,7,-8.1
CanadaCentral,1/27/2002,-22.5,-0.1,-2.1,-17.2
CanadaCentral,1/28/2002,-26.8,-8.9,-2.8,-25.2
CanadaCentral,1/29/2002,-26.3,0.6,-2.7,-25.4
CanadaCentral,1/30/2002,-23,0,1.3,-24.3
CanadaCentral,1/31/2002,-23.5,3.2,5.5,-22.9
CanadaCentral,2/1/2002,-22.1,13.2,12.9,-15.7
CanadaCentral,2/2/2002,-1.5,22.4,14.8,-11.9
CanadaCentral,2/3/2002,-12.2,8.8,19.4,-6.2
CanadaCentral,2/4/2002,-4.9,27.1,22.9,-5.6
CanadaCentral,2/5/2002,0.3,32.7,32.3,4
CanadaCentral,2/6/2002,16.5,37.1,35.4,8.9
CanadaCentral,2/7/2002,9.8,36.2,31,11.3
CanadaCentral,2/8/2002,7.6,19.7,24.8,8.1
CanadaCentral,2/9/2002,6.9,18.5,22,6.9
CanadaCentral,2/10/2002,6.2,27.7,29,12.4
CanadaCentral,2/11/2002,24.1,40.7,32.7,12.6
CanadaCentral,2/12/2002,7.5,29.5,35.7,15.6
CanadaCentral,2/13/2002,15.1,36.9,32.7,14
CanadaCentral,2/14/2002,19.5,31.8,35,17.8
CanadaCentral,2/15/2002,18.7,36.4,35.3,18.5
CanadaCentral,2/16/2002,17.2,37.6,38.8,20
CanadaCentral,2/17/2002,24.1,42.3,38.6,20.3
CanadaCentral,2/18/2002,19.6,36,35.8,18.5
CanadaCentral,2/19/2002,11.9,29,32.9,12.8
CanadaCentral,2/20/2002,7,33.5,33.6,11
CanadaCentral,2/21/2002,14,38.3,39.4,16.6
CanadaCentral,2/22/2002,28.7,46.3,38.5,17.3
CanadaCentral,2/23/2002,9.3,30.8,29.2,12.4
CanadaCentral,2/24/2002,-0.9,10.5,16.7,1.3
CanadaCentral,2/25/2002,-4.4,8.8,10.8,-2.9
CanadaCentral,2/26/2002,-3.6,13.2,14.1,-2.6
CanadaCentral,2/27/2002,0.2,20.2,12,-6.2
CanadaCentral,2/28/2002,-15.2,2.6,10,-10.2
CanadaCentral,3/1/2002,-15.5,7.2,4.6,-15.6
CanadaCentral,3/2/2002,-16.1,4.1,9.9,-16.3
CanadaCentral,3/3/2002,-17.5,18.6,14.2,-8.9
CanadaCentral,3/4/2002,6.8,19.9,16.9,-5.5
CanadaCentral,3/5/2002,-6,12.4,11.6,-4
CanadaCentral,3/6/2002,-12.8,2.5,6.7,-7.8
CanadaCentral,3/7/2002,-4.6,5.1,4.8,-8.1
CanadaCentral,3/8/2002,-6.9,6.6,5.4,-7.3
CanadaCentral,3/9/2002,-10.3,4.4,7.5,-11.3
CanadaCentral,3/10/2002,-16.6,11.3,10.5,-10.1
CanadaCentral,3/11/2002,-3.3,15.6,23.1,-3.4
CanadaCentral,3/12/2002,9.8,42.2,26.9,2.9
CanadaCentral,3/13/2002,2.2,22.9,29.5,7.3
CanadaCentral,3/14/2002,10,23.5,26.1,6.5
CanadaCentral,3/15/2002,7.1,31.9,27.7,9
CanadaCentral,3/16/2002,9.9,27.6,28.9,9.9
CanadaCentral,3/17/2002,12.9,27.1,23,6.2
CanadaCentral,3/18/2002,-4.2,14.3,17,-0.5
CanadaCentral,3/19/2002,-10.1,9.7,10.5,-6.9
CanadaCentral,3/20/2002,-6.5,7.6,10.1,-7.6
CanadaCentral,3/21/2002,-6.4,12.9,15.4,-3.9
CanadaCentral,3/22/2002,1.1,25.8,20.9,-1.1
CanadaCentral,3/23/2002,2,24.1,21.4,0.8
CanadaCentral,3/24/2002,-0.5,14.4,22.5,-0.5
CanadaCentral,3/25/2002,-2.9,28.8,25.9,1.9
CanadaCentral,3/26/2002,9.2,34.4,37.6,9.5
CanadaCentral,3/27/2002,22,49.5,42.5,20.1
CanadaCentral,3/28/2002,29.1,43.6,43.4,25.8
CanadaCentral,3/29/2002,26.3,37.2,36,23.4
CanadaCentral,3/30/2002,14.8,27.1,31.7,17.2
CanadaCentral,3/31/2002,10.4,30.9,29.7,14.1
CanadaCentral,4/1/2002,17.1,31.2,27.3,11.5
CanadaCentral,4/2/2002,7,20,25.2,8.4
CanadaCentral,4/3/2002,1.1,24.3,25.2,3.7
CanadaCentral,4/4/2002,2.9,31.4,29.5,4.1
CanadaCentral,4/5/2002,8.4,32.7,36.3,11.5
CanadaCentral,4/6/2002,23.2,44.7,35.9,17.4
CanadaCentral,4/7/2002,20.6,30.2,35.2,19.2
CanadaCentral,4/8/2002,13.8,30.6,35.9,19.6
CanadaCentral,4/9/2002,24.4,46.8,40.6,21.1
CanadaCentral,4/10/2002,24.9,44.3,49.3,27.8
CanadaCentral,4/11/2002,34.2,57,56.2,29.9
CanadaCentral,4/12/2002,30.5,67.5,63.8,33.5
CanadaCentral,4/13/2002,36,67.1,66.9,34.3
CanadaCentral,4/14/2002,36.5,66.3,64.3,37.2
CanadaCentral,4/15/2002,39.1,59.5,60,36.6
CanadaCentral,4/16/2002,34.1,54.2,56.8,34.7
CanadaCentral,4/17/2002,31.1,56.7,51.2,30.8
CanadaCentral,4/18/2002,27.3,42.8,46.6,26.7
CanadaCentral,4/19/2002,21.8,40.4,42.3,22.7
CanadaCentral,4/20/2002,18.9,43.9,44.1,21.5
CanadaCentral,4/21/2002,23.8,47.9,49.8,22.5
CanadaCentral,4/22/2002,24.9,57.5,55.1,27.1
CanadaCentral,4/23/2002,32.7,59.9,50.6,25.5
CanadaCentral,4/24/2002,19,34.3,44.6,22.6
CanadaCentral,4/25/2002,16.2,39.6,39,16.8
CanadaCentral,4/26/2002,15.2,43.2,41.9,19.4
CanadaCentral,4/27/2002,26.7,43,44.4,24.3
CanadaCentral,4/28/2002,31.1,47.1,47.2,29.4
CanadaCentral,4/29/2002,30.4,51.4,49.8,29
CanadaCentral,4/30/2002,25.6,50.7,45.8,24.8
CanadaCentral,5/1/2002,18.5,35.2,44.5,19.4
CanadaCentral,5/2/2002,14.2,47.7,50.3,20.2
CanadaCentral,5/3/2002,27.9,67.9,55.4,20.9
CanadaCentral,5/4/2002,20.7,50.6,53.8,24.9
CanadaCentral,5/5/2002,26.3,42.9,46,24
CanadaCentral,5/6/2002,25,44.6,45.2,23.1
CanadaCentral,5/7/2002,18,48.1,43.9,24.8
CanadaCentral,5/8/2002,31.3,38.9,44.6,26.1
CanadaCentral,5/9/2002,29,47,48.4,28.9
CanadaCentral,5/10/2002,26.3,59.4,56.2,29.3
CanadaCentral,5/11/2002,32.7,62.1,62,31.8
CanadaCentral,5/12/2002,36.3,64.6,62.9,34.4
CanadaCentral,5/13/2002,34.1,62,67.3,36.3
CanadaCentral,5/14/2002,38.3,75.3,64.9,34.1
CanadaCentral,5/15/2002,29.7,57.4,60.5,29.8
CanadaCentral,5/16/2002,21.5,48.8,52.6,24
CanadaCentral,5/17/2002,20.8,51.6,52.3,22.3
CanadaCentral,5/18/2002,24.7,56.6,55.5,23.7
CanadaCentral,5/19/2002,25.4,58.2,60.4,27.1
CanadaCentral,5/20/2002,31.3,66.4,67.7,33.2
CanadaCentral,5/21/2002,43,78.6,69.7,35.5
CanadaCentral,5/22/2002,32.1,64,62.9,33.8
CanadaCentral,5/23/2002,26.3,46,55.6,28.1
CanadaCentral,5/24/2002,25.7,56.9,54.7,29.3
CanadaCentral,5/25/2002,35.9,61.3,62.1,32.4
CanadaCentral,5/26/2002,35.7,68.3,69.6,36.5
CanadaCentral,5/27/2002,38,79.2,77.2,42.1
CanadaCentral,5/28/2002,52.6,84.1,80.1,47.5
CanadaCentral,5/29/2002,52,76.8,81,51.7
CanadaCentral,5/30/2002,50.6,82.1,81.1,49.3
CanadaCentral,5/31/2002,45.3,84.3,79.9,46.8
CanadaCentral,6/1/2002,44.5,73.4,72.4,44.6
CanadaCentral,6/2/2002,44.1,59.6,64.2,45.5
CanadaCentral,6/3/2002,47.9,59.6,62,46.7
CanadaCentral,6/4/2002,48,66.9,67.3,46.2
CanadaCentral,6/5/2002,42.6,75.4,74.1,47.7
CanadaCentral,6/6/2002,52.4,80.2,76.3,47.1
CanadaCentral,6/7/2002,46.4,73.2,74.1,47.3
CanadaCentral,6/8/2002,43.1,68.8,66,46.1
CanadaCentral,6/9/2002,48.9,55.9,59,46.4
CanadaCentral,6/10/2002,47.3,52.2,55.8,45.9
CanadaCentral,6/11/2002,41.5,59.4,56.9,44.7
CanadaCentral,6/12/2002,45.2,59.3,63.1,44.6
CanadaCentral,6/13/2002,47.1,70.7,67.2,47.4
CanadaCentral,6/14/2002,49.8,71.6,72.7,47
CanadaCentral,6/15/2002,44,75.8,73.1,47
CanadaCentral,6/16/2002,47.2,71.9,74.5,47.1
CanadaCentral,6/17/2002,50,75.8,73.4,50.5
CanadaCentral,6/18/2002,54.4,72.5,72.6,51
CanadaCentral,6/19/2002,48.6,69.6,72.4,49.5
CanadaCentral,6/20/2002,45.4,75,74.1,48
CanadaCentral,6/21/2002,50.1,77.7,76.6,51.9
CanadaCentral,6/22/2002,60.1,77.1,75.3,56.8
CanadaCentral,6/23/2002,60.2,71.1,75.7,59.9
CanadaCentral,6/24/2002,59.3,78.9,75.9,58.8
CanadaCentral,6/25/2002,57,77.8,79.8,56.9
CanadaCentral,6/26/2002,54.4,82.5,81.2,57.1
CanadaCentral,6/27/2002,59.9,83.3,84.5,59.3
CanadaCentral,6/28/2002,63.5,87.5,87,61.9
CanadaCentral,6/29/2002,62.4,90.2,85.4,61.1
CanadaCentral,6/30/2002,57.2,78.5,81.5,57.2
CanadaCentral,7/1/2002,52,75.9,77.1,52.4
CanadaCentral,7/2/2002,47.8,76.8,75.7,48.2
CanadaCentral,7/3/2002,44.8,74.5,72.5,48.5
CanadaCentral,7/4/2002,53,66.1,74.4,50.8
CanadaCentral,7/5/2002,54.5,82.6,75.3,52
CanadaCentral,7/6/2002,48.5,77.2,80.1,52.9
CanadaCentral,7/7/2002,55.6,80.5,78.5,53.4
CanadaCentral,7/8/2002,56.2,77.8,77,55.7
CanadaCentral,7/9/2002,55.4,72.6,74.9,55.4
CanadaCentral,7/10/2002,54.5,74.4,74.2,52.9
CanadaCentral,7/11/2002,48.9,75.5,77.6,52.3
CanadaCentral,7/12/2002,53.5,83,81.5,53.3
CanadaCentral,7/13/2002,57.4,86,85.4,56.7
CanadaCentral,7/14/2002,59.2,87.3,87.3,60.3
CanadaCentral,7/15/2002,64.3,88.5,86.6,62
CanadaCentral,7/16/2002,62.5,84,83,62.3
CanadaCentral,7/17/2002,60.1,76.6,81.3,58.9
CanadaCentral,7/18/2002,54,83.4,82.5,58.7
CanadaCentral,7/19/2002,62.1,87.4,85.6,59.6
CanadaCentral,7/20/2002,62.7,86,83.1,60.3
CanadaCentral,7/21/2002,56.1,75.8,77.1,55.6
CanadaCentral,7/22/2002,48.1,69.5,72.8,49.3
CanadaCentral,7/23/2002,43.6,73.1,72.3,47.7
CanadaCentral,7/24/2002,51.3,74.4,77,49.8
CanadaCentral,7/25/2002,54.6,83.6,82,54.1
CanadaCentral,7/26/2002,56.3,88,84.8,56.2
CanadaCentral,7/27/2002,57.7,82.9,83.6,55.4
CanadaCentral,7/28/2002,52.1,80,80.7,53.5
CanadaCentral,7/29/2002,50.7,79.1,79,51.3
CanadaCentral,7/30/2002,51.1,78,78.5,51.2
CanadaCentral,7/31/2002,51.7,78.5,73.1,49.4
CanadaCentral,8/1/2002,45.3,63,70.5,45.1
CanadaCentral,8/2/2002,38.2,70,68.9,43.2
CanadaCentral,8/3/2002,46.2,73.7,69.4,41.8
CanadaCentral,8/4/2002,41,64.5,70.5,45.3
CanadaCentral,8/5/2002,48.6,73.2,70.1,48.6
CanadaCentral,8/6/2002,56.2,72.6,72.8,55.4
CanadaCentral,8/7/2002,61.5,72.4,75.1,60.5
CanadaCentral,8/8/2002,63.9,80.4,75.3,61.1
CanadaCentral,8/9/2002,57.7,73.1,76.3,58.9
CanadaCentral,8/10/2002,55.1,75.3,75.6,54.8
CanadaCentral,8/11/2002,51.5,78.5,74.3,51.8
CanadaCentral,8/12/2002,48.7,69,74.1,49.3
CanadaCentral,8/13/2002,47.8,74.6,72.2,50.3
CanadaCentral,8/14/2002,54.5,72.9,70.8,51
CanadaCentral,8/15/2002,50.6,64.9,66.8,50.5
CanadaCentral,8/16/2002,46.3,62.7,62.4,47
CanadaCentral,8/17/2002,44.1,59.5,63.1,42.4
CanadaCentral,8/18/2002,36.8,66.9,66.3,41
CanadaCentral,8/19/2002,42,72.4,72.6,42
CanadaCentral,8/20/2002,47.3,78.5,72.2,46.7
CanadaCentral,8/21/2002,50.7,65.8,73.8,48.7
CanadaCentral,8/22/2002,48.2,77.1,75.8,51.4
CanadaCentral,8/23/2002,55.2,84.5,81.4,52.2
CanadaCentral,8/24/2002,53.2,82.6,84.1,54.1
CanadaCentral,8/25/2002,54,85.3,81.4,54.9
CanadaCentral,8/26/2002,57.5,76.4,78.8,56.1
CanadaCentral,8/27/2002,56.9,74.7,74.7,57
CanadaCentral,8/28/2002,56.5,73,75.2,55.8
CanadaCentral,8/29/2002,54.1,77.8,75.1,57
CanadaCentral,8/30/2002,60.5,74.5,77.6,57.6
CanadaCentral,8/31/2002,58.3,80.3,78,57.1
CanadaCentral,9/1/2002,52.5,79.1,76.1,53.9
CanadaCentral,9/2/2002,50.9,68.7,74.9,49.7
CanadaCentral,9/3/2002,45.6,76.9,74.8,50
CanadaCentral,9/4/2002,53.7,78.8,75.5,51.1
CanadaCentral,9/5/2002,54.1,70.9,72.5,54.7
CanadaCentral,9/6/2002,56.3,67.7,66.6,55.1
CanadaCentral,9/7/2002,55,61.2,65.7,54.9
CanadaCentral,9/8/2002,53.3,68.1,65.9,51.6
CanadaCentral,9/9/2002,46.6,68.3,70.2,47.7
CanadaCentral,9/10/2002,43.3,74,75,45
CanadaCentral,9/11/2002,45.3,82.6,76.8,45.4
CanadaCentral,9/12/2002,47.7,73.6,79,46.3
CanadaCentral,9/13/2002,45.8,80.8,72.5,44
CanadaCentral,9/14/2002,38.5,63.2,75,42
CanadaCentral,9/15/2002,41.7,81.1,75.2,41.3
CanadaCentral,9/16/2002,43.8,81.4,81.8,46.6
CanadaCentral,9/17/2002,54.1,82.8,76,48.9
CanadaCentral,9/18/2002,48.6,64,72.2,48.5
CanadaCentral,9/19/2002,42.7,69.8,64.8,45.1
CanadaCentral,9/20/2002,44.2,60.7,60.7,41.5
CanadaCentral,9/21/2002,37.7,51.4,54.8,38.6
CanadaCentral,9/22/2002,33.9,52.3,50.9,33.6
CanadaCentral,9/23/2002,29.4,49.2,50.8,30.2
CanadaCentral,9/24/2002,27.2,50.9,51.3,26.4
CanadaCentral,9/25/2002,22.5,53.8,52.2,25.6
CanadaCentral,9/26/2002,27.1,52,51.3,25.6
CanadaCentral,9/27/2002,27.1,48.1,51.7,25.7
CanadaCentral,9/28/2002,22.8,55,55.7,28.4
CanadaCentral,9/29/2002,35.3,64.1,62.4,34
CanadaCentral,9/30/2002,43.9,68.1,59.5,34.4
CanadaCentral,10/1/2002,24,46.1,55.3,28.9
CanadaCentral,10/2/2002,18.7,51.5,51.6,24.7
CanadaCentral,10/3/2002,31.4,57.2,52,25.5
CanadaCentral,10/4/2002,26.4,47.4,49.4,27
CanadaCentral,10/5/2002,23.1,43.6,45.7,23.9
CanadaCentral,10/6/2002,22.3,46.1,47.1,25.3
CanadaCentral,10/7/2002,30.5,51.8,47.3,25.7
CanadaCentral,10/8/2002,24.2,44.1,51.9,26.4
CanadaCentral,10/9/2002,24.6,59.7,58.4,28
CanadaCentral,10/10/2002,35.2,71.3,61,31.4
CanadaCentral,10/11/2002,34.3,52.1,54,30.7
CanadaCentral,10/12/2002,22.5,38.6,46.5,24.2
CanadaCentral,10/13/2002,15.8,49,44.7,23
CanadaCentral,10/14/2002,30.8,46.5,44.6,22.4
CanadaCentral,10/15/2002,20.5,38.2,41.3,22.3
CanadaCentral,10/16/2002,15.7,39.1,36.2,20.2
CanadaCentral,10/17/2002,24.3,31.2,33.7,19.9
CanadaCentral,10/18/2002,19.7,30.7,31.2,19
CanadaCentral,10/19/2002,13,31.8,29.5,14
CanadaCentral,10/20/2002,9.4,25.9,28.6,11.5
CanadaCentral,10/21/2002,12.2,28.2,27.5,12.3
CanadaCentral,10/22/2002,15.3,28.4,29.3,13.7
CanadaCentral,10/23/2002,13.7,31.1,31,13.8
CanadaCentral,10/24/2002,12.3,33.3,32.9,14.1
CanadaCentral,10/25/2002,16.2,34.2,33.7,17.8
CanadaCentral,10/26/2002,24.9,33.5,33.6,21.6
CanadaCentral,10/27/2002,23.6,33.1,32.1,23.2
CanadaCentral,10/28/2002,20.9,29.6,28.8,16.7
CanadaCentral,10/29/2002,5.5,23.6,25.5,9.9
CanadaCentral,10/30/2002,3.3,23.4,24.2,6.3
CanadaCentral,10/31/2002,10.1,25.6,28.5,8.9
CanadaCentral,11/1/2002,13.4,36.5,32.5,12.2
CanadaCentral,11/2/2002,13.2,35.3,34.4,14.3
CanadaCentral,11/3/2002,16.2,31.5,34.3,18.1
CanadaCentral,11/4/2002,24.8,36.2,35.3,21.3
CanadaCentral,11/5/2002,23.1,38.4,37.5,22
CanadaCentral,11/6/2002,18.1,37.9,43.2,23.5
CanadaCentral,11/7/2002,29.4,53.2,40.4,23.5
CanadaCentral,11/8/2002,23.1,30.2,36.9,24.5
CanadaCentral,11/9/2002,21,27.4,26.7,19.6
CanadaCentral,11/10/2002,14.6,22.5,25.9,16.7
CanadaCentral,11/11/2002,14.3,27.8,25.8,10
CanadaCentral,11/12/2002,0.9,26.9,26.1,5.2
CanadaCentral,11/13/2002,0.5,23.5,22.1,-1.4
CanadaCentral,11/14/2002,-5.6,15.9,19.3,-3.9
CanadaCentral,11/15/2002,-6.7,18.4,22,-0.7
CanadaCentral,11/16/2002,10.2,31.6,29.5,9.6
CanadaCentral,11/17/2002,25.2,38.6,37.1,20.4
CanadaCentral,11/18/2002,25.9,41.2,40.1,24.4
CanadaCentral,11/19/2002,22,40.4,41.3,25.1
CanadaCentral,11/20/2002,27.4,42.2,40.2,24.1
CanadaCentral,11/21/2002,22.9,38,40.5,25.1
CanadaCentral,11/22/2002,25,41.2,37.9,20.5
CanadaCentral,11/23/2002,13.7,34.6,30.9,14.1
CanadaCentral,11/24/2002,3.5,16.9,24.8,7.3
CanadaCentral,11/25/2002,4.6,23,21.1,5.8
CanadaCentral,11/26/2002,9.4,23.4,25.1,9.2
CanadaCentral,11/27/2002,13.6,29.1,34,14.3
CanadaCentral,11/28/2002,19.8,49.5,38.8,13.9
CanadaCentral,11/29/2002,8.4,37.8,38.9,11.9
CanadaCentral,11/30/2002,7.4,29.5,30.4,8.1
CanadaCentral,12/1/2002,8.4,23.9,20.7,4
CanadaCentral,12/2/2002,-3.7,8.7,12.3,-2.6
CanadaCentral,12/3/2002,-12.4,4.2,8.8,-9.9
CanadaCentral,12/4/2002,-13.6,13.5,11.8,-7
CanadaCentral,12/5/2002,4.8,17.8,19.2,-0.8
CanadaCentral,12/6/2002,6.3,26.3,22.3,4.1
CanadaCentral,12/7/2002,1.1,22.8,24.6,-0.8
CanadaCentral,12/8/2002,-9.8,24.6,28.5,3.7
CanadaCentral,12/9/2002,19.7,38.1,35.7,9.2
CanadaCentral,12/10/2002,17.6,44.3,41.5,19.9
CanadaCentral,12/11/2002,22.5,42.2,40.6,19.1
CanadaCentral,12/12/2002,17.4,35.2,39.6,19.4
CanadaCentral,12/13/2002,18.3,41.5,37.4,19.7
CanadaCentral,12/14/2002,23.3,35.6,36.7,22.5
CanadaCentral,12/15/2002,25.9,33.1,33.4,24.1
CanadaCentral,12/16/2002,23,31.5,31.5,23.8
CanadaCentral,12/17/2002,22.6,29.8,30.3,23.9
CanadaCentral,12/18/2002,26.2,29.6,28.9,23.7
CanadaCentral,12/19/2002,22.3,27.1,26.7,22.5
CanadaCentral,12/20/2002,18.9,23.4,23.7,19.2
CanadaCentral,12/21/2002,16.3,20.5,20.7,13.5
CanadaCentral,12/22/2002,5.4,18.1,16.1,5.3
CanadaCentral,12/23/2002,-5.6,9.8,11.8,-3.3
CanadaCentral,12/24/2002,-9.8,7.6,12.4,-7.3
CanadaCentral,12/25/2002,-6.4,19.8,16.2,-3.8
CanadaCentral,12/26/2002,4.9,21.3,23.5,3
CanadaCentral,12/27/2002,10.7,29.5,25.2,9.8
CanadaCentral,12/28/2002,13.8,24.8,28,14.4
CanadaCentral,12/29/2002,18.7,29.6,27.8,10.9
CanadaCentral,12/30/2002,0.3,29.1,25.5,4.5
CanadaCentral,12/31/2002,-5.5,17.8,23.3,1.8
CanadaCentral,1/1/2003,10.7,23.2,23,5.6
CanadaCentral,1/2/2003,11.6,28.1,28.9,14.8
CanadaCentral,1/3/2003,22.2,35.3,30.1,16.5
CanadaCentral,1/4/2003,15.8,26.9,27.5,16.7
CanadaCentral,1/5/2003,12.2,20.3,28.1,13.2
CanadaCentral,1/6/2003,11.7,37.1,32.8,16.8
CanadaCentral,1/7/2003,26.4,40.9,38.9,21.2
CanadaCentral,1/8/2003,25.6,38.7,35.4,17.4
CanadaCentral,1/9/2003,0.3,26.6,22.3,2.2
CanadaCentral,1/10/2003,-19.3,1.7,9.8,-13.6
CanadaCentral,1/11/2003,-21.9,1.3,2.9,-19.2
CanadaCentral,1/12/2003,-16.3,5.7,2.2,-17.4
CanadaCentral,1/13/2003,-14.1,-0.2,1,-14.6
CanadaCentral,1/14/2003,-13.3,-2.5,0.8,-14.4
CanadaCentral,1/15/2003,-15.8,5,2.5,-13.2
CanadaCentral,1/16/2003,-10.4,5,10.5,-12
CanadaCentral,1/17/2003,-9.7,21.6,13.5,-10.2
CanadaCentral,1/18/2003,-10.5,14,16.6,-7.3
CanadaCentral,1/19/2003,-1.7,14.3,9.1,-7.5
CanadaCentral,1/20/2003,-10.3,-1.1,3.3,-9.5
CanadaCentral,1/21/2003,-16.4,-3.5,-5.7,-17.8
CanadaCentral,1/22/2003,-26.7,-12.5,-7,-23.9
CanadaCentral,1/23/2003,-28.5,-5,-5.4,-20.8
CanadaCentral,1/24/2003,-7.2,1.4,-2.6,-18.4
CanadaCentral,1/25/2003,-19.7,-4.3,0.4,-18.6
CanadaCentral,1/26/2003,-28.9,4,8.4,-15.1
CanadaCentral,1/27/2003,3.2,25.4,13.8,-12.9
CanadaCentral,1/28/2003,-13,11.9,19.3,-9.7
CanadaCentral,1/29/2003,-19.5,20.8,19.2,-8.6
CanadaCentral,1/30/2003,6.6,25.1,25.4,-1
CanadaCentral,1/31/2003,9.7,30.3,27.7,11.6
CanadaCentral,2/1/2003,18.5,27.7,27.9,12.6
CanadaCentral,2/2/2003,9.6,25.6,21.7,5.7
CanadaCentral,2/3/2003,-10.9,11.7,14.8,-5.4
CanadaCentral,2/4/2003,-14.8,7.2,8.7,-14.3
CanadaCentral,2/5/2003,-17.3,7.1,5.7,-18.9
CanadaCentral,2/6/2003,-24.6,2.9,10.8,-14.4
CanadaCentral,2/7/2003,-1.2,22.4,9.6,-14.2
CanadaCentral,2/8/2003,-16.8,3.4,9.3,-13.4
CanadaCentral,2/9/2003,-22.1,2.1,6.9,-22.1
CanadaCentral,2/10/2003,-27.5,15.2,8.6,-19.8
CanadaCentral,2/11/2003,-9.8,8.5,13.8,-17
CanadaCentral,2/12/2003,-13.8,17.6,14.5,-6.2
CanadaCentral,2/13/2003,5,17.4,14.1,-8.3
CanadaCentral,2/14/2003,-16,7.4,11.6,-10
CanadaCentral,2/15/2003,-19,10,14.4,-9.3
CanadaCentral,2/16/2003,7.2,25.9,18.2,-0.8
CanadaCentral,2/17/2003,9.4,18.7,21,7.1
CanadaCentral,2/18/2003,4.6,18.2,20.9,7.7
CanadaCentral,2/19/2003,9,25.6,22.2,2.8
CanadaCentral,2/20/2003,-5.2,22.7,14.4,-6.1
CanadaCentral,2/21/2003,-22.2,-5.2,3.8,-17.2
CanadaCentral,2/22/2003,-24.3,-6.1,-7.5,-24.6
CanadaCentral,2/23/2003,-27.4,-11.1,-7.8,-28.2
CanadaCentral,2/24/2003,-33,-6.2,-3.9,-26.6
CanadaCentral,2/25/2003,-19.4,5.5,6.6,-21.8
CanadaCentral,2/26/2003,-13,20.6,13.1,-13.8
CanadaCentral,2/27/2003,-9.1,13.1,18,-9.7
CanadaCentral,2/28/2003,-7,20.3,17.4,-13.9
CanadaCentral,3/1/2003,-25.6,18.8,13.1,-21.6
CanadaCentral,3/2/2003,-32.1,0.1,6.5,-25
CanadaCentral,3/3/2003,-17.3,0.6,-1.5,-24.4
CanadaCentral,3/4/2003,-23.9,-5.2,3.7,-23.2
CanadaCentral,3/5/2003,-28.3,15.6,7.8,-22.6
CanadaCentral,3/6/2003,-15.6,13,8.4,-21.3
CanadaCentral,3/7/2003,-20,-3.4,0.6,-20.2
CanadaCentral,3/8/2003,-25,-7.8,-4.7,-20.7
CanadaCentral,3/9/2003,-17,-2.9,-0.5,-18.9
CanadaCentral,3/10/2003,-14.7,9.1,5.1,-11.1
CanadaCentral,3/11/2003,-1.7,9.2,10.1,-7.6
CanadaCentral,3/12/2003,-6.5,12.1,19.1,-3.4
CanadaCentral,3/13/2003,-2.1,35.9,28.8,-0.1
CanadaCentral,3/14/2003,8.4,38.4,40,10.9
CanadaCentral,3/15/2003,26.3,45.7,42.5,20
CanadaCentral,3/16/2003,25.2,43.3,40.5,26.4
CanadaCentral,3/17/2003,27.7,32.4,37,27.9
CanadaCentral,3/18/2003,30.9,35.1,34.3,29.1
CanadaCentral,3/19/2003,28.6,35.4,37.9,29.5
CanadaCentral,3/20/2003,29,43.2,42.2,27.8
CanadaCentral,3/21/2003,25.7,47.9,49.3,28.5
CanadaCentral,3/22/2003,30.8,56.7,51.9,30.1
CanadaCentral,3/23/2003,33.9,51.1,49.7,31.8
CanadaCentral,3/24/2003,30.8,41.4,44.8,30.4
CanadaCentral,3/25/2003,26.7,42,39.6,27.6
CanadaCentral,3/26/2003,25.5,35.5,38.6,23.6
CanadaCentral,3/27/2003,18.6,38.3,34.5,20.4
CanadaCentral,3/28/2003,17.1,29.8,35.2,16.9
CanadaCentral,3/29/2003,14.8,37.4,37,19.2
CanadaCentral,3/30/2003,25.7,43.7,46.4,24.7
CanadaCentral,3/31/2003,33.5,58.2,45.2,26
CanadaCentral,4/1/2003,18.6,33.6,39,22.8
CanadaCentral,4/2/2003,16.2,25.2,26.7,16.9
CanadaCentral,4/3/2003,15.8,21.4,22.2,14.6
CanadaCentral,4/4/2003,11.7,20.1,22.4,12.4
CanadaCentral,4/5/2003,9.6,25.9,27.7,14.1
CanadaCentral,4/6/2003,20.8,37.2,35.3,19.1
CanadaCentral,4/7/2003,26.9,42.7,45.5,25.7
CanadaCentral,4/8/2003,29.3,56.6,57.2,30.6
CanadaCentral,4/9/2003,35.6,72.2,61.7,32.7
CanadaCentral,4/10/2003,33.2,56.2,64.5,33
CanadaCentral,4/11/2003,30.2,65,63.7,33.5
CanadaCentral,4/12/2003,37.2,70,69.3,35.6
CanadaCentral,4/13/2003,39.4,73.1,64.8,36.9
CanadaCentral,4/14/2003,34.3,51.2,57.4,34.8
CanadaCentral,4/15/2003,30.6,47.9,46.8,31.1
CanadaCentral,4/16/2003,28.4,41.2,45.7,28.5
CanadaCentral,4/17/2003,26.5,47.9,49.3,29.2
CanadaCentral,4/18/2003,32.7,58.8,56.4,32.2
CanadaCentral,4/19/2003,37.3,62.6,62.3,34.3
CanadaCentral,4/20/2003,32.7,65.5,64.4,34
CanadaCentral,4/21/2003,32,65,65.8,32.6
CanadaCentral,4/22/2003,33.1,66.9,68.4,36.2
CanadaCentral,4/23/2003,43.5,73.2,68.8,40.4
CanadaCentral,4/24/2003,44.6,66.3,68.2,43.6
CanadaCentral,4/25/2003,42.7,65,66.6,41.8
CanadaCentral,4/26/2003,37.9,68.5,60.3,37.7
CanadaCentral,4/27/2003,32.5,47.4,55.4,33.1
CanadaCentral,4/28/2003,29,50.2,50.2,28.5
CanadaCentral,4/29/2003,24.1,52.9,55.2,27.2
CanadaCentral,4/30/2003,28.7,62.4,59.4,27.6
CanadaCentral,5/1/2003,30.1,62.7,64.4,30.9
CanadaCentral,5/2/2003,33.9,67.9,66.4,35
CanadaCentral,5/3/2003,41,68.6,65.5,39.7
CanadaCentral,5/4/2003,44.1,60,63.9,42.3
CanadaCentral,5/5/2003,41.7,63.1,60.8,42.2
CanadaCentral,5/6/2003,40.7,59.3,61.6,40.5
CanadaCentral,5/7/2003,39,62.4,59.8,40.7
CanadaCentral,5/8/2003,42.5,57.6,57.2,40.7
CanadaCentral,5/9/2003,40.7,51.6,50.3,38.9
CanadaCentral,5/10/2003,33.5,41.8,50.1,35.1
CanadaCentral,5/11/2003,31.1,57,54.4,31.9
CanadaCentral,5/12/2003,31,64.3,62.6,32.4
CanadaCentral,5/13/2003,35.1,66.4,67.5,36.8
CanadaCentral,5/14/2003,44.3,71.8,70.6,39.9
CanadaCentral,5/15/2003,40.5,73.7,70.3,43.1
CanadaCentral,5/16/2003,44.5,65.3,68.2,42.5
CanadaCentral,5/17/2003,42.6,65.6,61.7,42.3
CanadaCentral,5/18/2003,39.8,54.2,56,37.9
CanadaCentral,5/19/2003,31.2,48.2,55,32.8
CanadaCentral,5/20/2003,27.4,62.7,59.6,32.2
CanadaCentral,5/21/2003,37.9,67.8,67.4,34
CanadaCentral,5/22/2003,36.7,71.7,70.2,40.9
CanadaCentral,5/23/2003,48.2,71.1,68.2,42.8
CanadaCentral,5/24/2003,43.4,61.7,68,44.5
CanadaCentral,5/25/2003,41.9,71.1,71.1,44.2
CanadaCentral,5/26/2003,47.3,80.5,75.6,47.5
CanadaCentral,5/27/2003,53.2,75.3,78.2,49.7
CanadaCentral,5/28/2003,48.5,79,79.1,51.6
CanadaCentral,5/29/2003,53.1,83.2,74.1,47.4
CanadaCentral,5/30/2003,40.6,60,70.3,43.1
CanadaCentral,5/31/2003,35.6,67.5,66.4,39.2
CanadaCentral,6/1/2003,41.3,71.5,69.7,41
CanadaCentral,6/2/2003,46.2,70.2,69.8,46.3
CanadaCentral,6/3/2003,51.4,67.6,68,49.1
CanadaCentral,6/4/2003,49.8,66.1,68.3,49.1
CanadaCentral,6/5/2003,46.2,71.1,67.2,48.4
CanadaCentral,6/6/2003,49.2,64.5,65,47.8
CanadaCentral,6/7/2003,47.8,59.3,62.9,47.2
CanadaCentral,6/8/2003,44.5,64.8,60.9,45.7
CanadaCentral,6/9/2003,44.7,58.5,62.7,44.3
CanadaCentral,6/10/2003,43.7,64.9,63.3,45.9
CanadaCentral,6/11/2003,49.2,66.5,67.1,48.2
CanadaCentral,6/12/2003,51.6,69.8,71.2,49.5
CanadaCentral,6/13/2003,47.7,77.3,76.2,50.6
CanadaCentral,6/14/2003,52.7,81.3,80.9,53
CanadaCentral,6/15/2003,58.7,84.1,81.8,55.8
CanadaCentral,6/16/2003,56.1,80,81.4,55.4
CanadaCentral,6/17/2003,51.3,80,79.2,51.3
CanadaCentral,6/18/2003,46.4,77.7,79.3,49.6
CanadaCentral,6/19/2003,51.3,80.2,81.1,52.8
CanadaCentral,6/20/2003,60.9,85.3,80.8,56.1
CanadaCentral,6/21/2003,56.2,77,77.7,55.1
CanadaCentral,6/22/2003,48.2,71,73.8,50.1
CanadaCentral,6/23/2003,46.1,73.4,68.9,46.3
CanadaCentral,6/24/2003,44.6,62.4,64.7,46.1
CanadaCentral,6/25/2003,47.6,58.4,63.1,45.7
CanadaCentral,6/26/2003,45,68.5,65.6,46.4
CanadaCentral,6/27/2003,46.6,70,70.1,46.3
CanadaCentral,6/28/2003,47.4,71.9,72.7,46.9
CanadaCentral,6/29/2003,46.8,76.1,76.3,47.8
CanadaCentral,6/30/2003,49.1,80.8,81,52.4
CanadaCentral,7/1/2003,61.3,85.9,82.9,56.8
CanadaCentral,7/2/2003,60,81.8,81.5,58.1
CanadaCentral,7/3/2003,52.8,76.8,78.6,54.4
CanadaCentral,7/4/2003,50.5,77.1,77.7,52
CanadaCentral,7/5/2003,52.7,79.2,75.8,52
CanadaCentral,7/6/2003,52.8,71.1,72,50.7
CanadaCentral,7/7/2003,46.8,65.9,68.2,45.9
CanadaCentral,7/8/2003,38.2,67.7,65.4,45.4
CanadaCentral,7/9/2003,51.1,62.6,67.9,47
CanadaCentral,7/10/2003,51.6,73.4,70.3,51.5
CanadaCentral,7/11/2003,51.8,74.9,76.5,50.7
CanadaCentral,7/12/2003,48.6,81.2,80.5,53.4
CanadaCentral,7/13/2003,59.6,85.5,81.6,55
CanadaCentral,7/14/2003,56.8,78.2,81.8,56.1
CanadaCentral,7/15/2003,51.8,81.6,79.2,53.8
CanadaCentral,7/16/2003,52.9,77.7,78.8,52.2
CanadaCentral,7/17/2003,52.1,77.1,80.1,54.2
CanadaCentral,7/18/2003,57.7,85.6,83.1,56.3
CanadaCentral,7/19/2003,59.1,86.7,82.5,57.3
CanadaCentral,7/20/2003,55.2,75,77.8,55.5
CanadaCentral,7/21/2003,52.3,71.7,75,51.9
CanadaCentral,7/22/2003,48.1,78.3,78.2,51
CanadaCentral,7/23/2003,52.6,84.6,82.9,53.6
CanadaCentral,7/24/2003,60.1,85.7,83.8,58.2
CanadaCentral,7/25/2003,61.9,81.2,81.8,58.5
CanadaCentral,7/26/2003,53.6,78.5,80.8,55.2
CanadaCentral,7/27/2003,50.2,82.7,83,52.4
CanadaCentral,7/28/2003,53.5,87.9,83.8,53.8
CanadaCentral,7/29/2003,57.7,80.8,81.5,54.9
CanadaCentral,7/30/2003,53.6,75.8,77.1,54.4
CanadaCentral,7/31/2003,52,74.7,76.5,52.5
CanadaCentral,8/1/2003,51.9,78.9,78,51.3
CanadaCentral,8/2/2003,50.2,80.5,79.8,50.3
CanadaCentral,8/3/2003,48.9,80,78,52
CanadaCentral,8/4/2003,57,73.5,77.1,54.2
CanadaCentral,8/5/2003,56.6,77.7,77.2,55.8
CanadaCentral,8/6/2003,53.9,80.5,80.6,56.4
CanadaCentral,8/7/2003,58.7,83.5,83.8,58
CanadaCentral,8/8/2003,61.3,87.5,83.7,60.1
CanadaCentral,8/9/2003,60.2,80,83.6,59.6
CanadaCentral,8/10/2003,57.3,83.4,83.3,58.4
CanadaCentral,8/11/2003,57.7,86.5,86.3,59.8
CanadaCentral,8/12/2003,64.5,89,88.2,62
CanadaCentral,8/13/2003,63.8,89.1,90.5,64.1
CanadaCentral,8/14/2003,64,93.4,91.7,62.7
CanadaCentral,8/15/2003,60.2,92.5,92.6,60.3
CanadaCentral,8/16/2003,56.6,92,93.1,59
CanadaCentral,8/17/2003,60.1,94.7,92.3,60.4
CanadaCentral,8/18/2003,64.4,90.2,92.8,61.6
CanadaCentral,8/19/2003,60.4,93.7,91.6,60.6
CanadaCentral,8/20/2003,57,91,88.6,56.1
CanadaCentral,8/21/2003,50.9,80.9,84.8,52.7
CanadaCentral,8/22/2003,50.2,82.5,83.4,54.4
CanadaCentral,8/23/2003,62.1,86.9,84.6,56
CanadaCentral,8/24/2003,55.7,84.6,85.5,56.7
CanadaCentral,8/25/2003,52.3,85.1,82.1,51
CanadaCentral,8/26/2003,44.8,76.5,77.1,48
CanadaCentral,8/27/2003,46.9,69.6,67.9,45.5
CanadaCentral,8/28/2003,44.7,57.6,65.1,44.3
CanadaCentral,8/29/2003,41.2,68,67.3,42.5
CanadaCentral,8/30/2003,41.6,76.2,75.2,44.7
CanadaCentral,8/31/2003,51.5,81.5,79.5,47.5
CanadaCentral,9/1/2003,49.3,80.8,77,50.3
CanadaCentral,9/2/2003,50.1,68.7,73,46.8
CanadaCentral,9/3/2003,40.9,69.4,73.7,44.4
CanadaCentral,9/4/2003,42,83.2,79.1,44.5
CanadaCentral,9/5/2003,50.4,84.6,86.4,48.4
CanadaCentral,9/6/2003,52.6,91.5,87.4,51.9
CanadaCentral,9/7/2003,52.5,86.1,88.6,55
CanadaCentral,9/8/2003,59.8,88.2,84,55.6
CanadaCentral,9/9/2003,54.4,77.6,77.2,54.1
CanadaCentral,9/10/2003,48.2,65.8,72.1,50.8
CanadaCentral,9/11/2003,49.9,72.9,68.3,49.4
CanadaCentral,9/12/2003,50.2,66.1,66.5,48.9
CanadaCentral,9/13/2003,46.6,60.4,61.8,44.8
CanadaCentral,9/14/2003,37.7,58.9,63.7,40.4
CanadaCentral,9/15/2003,36.9,71.9,64.1,37.2
CanadaCentral,9/16/2003,37,61.6,61.4,39.1
CanadaCentral,9/17/2003,43.4,50.6,54.5,38.4
CanadaCentral,9/18/2003,34.8,51.1,54.7,36.6
CanadaCentral,9/19/2003,31.6,62.4,59.7,36.3
CanadaCentral,9/20/2003,42.4,65.5,61.4,38.1
CanadaCentral,9/21/2003,40.3,56.4,59.9,39.6
CanadaCentral,9/22/2003,36.2,57.8,59.7,37.4
CanadaCentral,9/23/2003,35.7,65,57.3,34
CanadaCentral,9/24/2003,30.1,49.2,57.5,31.4
CanadaCentral,9/25/2003,28.6,58.3,54.6,32.7
CanadaCentral,9/26/2003,39.6,56.2,55.2,32.1
CanadaCentral,9/27/2003,28.2,51,53.3,31.5
CanadaCentral,9/28/2003,26.8,52.6,50.8,26.9
CanadaCentral,9/29/2003,25.6,48.8,49.6,24.7
CanadaCentral,9/30/2003,21.8,47.3,49.5,22.6
CanadaCentral,10/1/2003,20.3,52.3,55.5,24.2
CanadaCentral,10/2/2003,30.6,66.9,61.5,30.5
CanadaCentral,10/3/2003,40.7,65.1,68.5,36.1
CanadaCentral,10/4/2003,37,73.4,72,37.6
CanadaCentral,10/5/2003,35.1,77.4,77.2,36.3
CanadaCentral,10/6/2003,36.9,80.8,79.9,37
CanadaCentral,10/7/2003,39.1,81.5,80.7,41.8
CanadaCentral,10/8/2003,49.3,79.7,79.5,42.8
CanadaCentral,10/9/2003,40.1,77.3,72.8,43.9
CanadaCentral,10/10/2003,42.3,61.4,65.4,40.1
CanadaCentral,10/11/2003,38,57.4,59.1,36.6
CanadaCentral,10/12/2003,29.5,58.4,57.4,32.5
CanadaCentral,10/13/2003,29.9,56.3,53.9,28.3
CanadaCentral,10/14/2003,25.6,46.8,49,25.7
CanadaCentral,10/15/2003,21.6,43.9,45.3,22.6
CanadaCentral,10/16/2003,20.6,45,51.3,23.9
CanadaCentral,10/17/2003,29.5,65,58.3,27.5
CanadaCentral,10/18/2003,32.4,64.8,69.6,32
CanadaCentral,10/19/2003,34.2,79,68.3,36.1
CanadaCentral,10/20/2003,41.8,60.9,67.9,38
CanadaCentral,10/21/2003,37.9,63.7,61.5,38
CanadaCentral,10/22/2003,34.3,59.9,58.4,34.4
CanadaCentral,10/23/2003,30.9,51.5,52.8,31.9
CanadaCentral,10/24/2003,30.5,46.9,43.9,28.8
CanadaCentral,10/25/2003,25,33.4,40,27.9
CanadaCentral,10/26/2003,28.3,39.6,40.4,28.6
CanadaCentral,10/27/2003,32.5,48.1,40.9,30
CanadaCentral,10/28/2003,29.1,35.1,38.1,29.6
CanadaCentral,10/29/2003,27.1,31.1,32.2,26.2
CanadaCentral,10/30/2003,22.4,30.4,28.7,19
CanadaCentral,10/31/2003,7.5,24.7,26.6,11.4
CanadaCentral,11/1/2003,4.1,24.8,24.3,4.4
CanadaCentral,11/2/2003,1.6,23.4,22.8,0.7
CanadaCentral,11/3/2003,-3.6,20.1,21.3,3.7
CanadaCentral,11/4/2003,13.2,20.4,19.1,3.3
CanadaCentral,11/5/2003,0.2,16.8,17.9,3.5
CanadaCentral,11/6/2003,-2.9,16.5,13.6,-5.5
CanadaCentral,11/7/2003,-13.7,7.5,14.7,-9.1
CanadaCentral,11/8/2003,-10.8,20,17.2,-6.5
CanadaCentral,11/9/2003,5.1,24.1,25.5,1
CanadaCentral,11/10/2003,8.6,32.4,29.9,10
CanadaCentral,11/11/2003,16.4,33.2,30.7,11.5
CanadaCentral,11/12/2003,9.5,26.4,30.4,10.5
CanadaCentral,11/13/2003,5.4,31.6,33.1,9.1
CanadaCentral,11/14/2003,12.3,41.4,35.7,9.7
CanadaCentral,11/15/2003,11.3,34.1,37,12.8
CanadaCentral,11/16/2003,14.8,35.6,35,16.9
CanadaCentral,11/17/2003,24.8,35.3,34.2,20.2
CanadaCentral,11/18/2003,21.2,31.8,34.7,22.8
CanadaCentral,11/19/2003,22.6,36.9,35.7,19.3
CanadaCentral,11/20/2003,14.2,38.4,29.9,11.7
CanadaCentral,11/21/2003,-1.7,14.4,21,4
CanadaCentral,11/22/2003,-0.6,10.2,11.4,-3.2
CanadaCentral,11/23/2003,-7.4,9.6,13.2,-5.9
CanadaCentral,11/24/2003,-9.8,19.7,16.5,-5.1
CanadaCentral,11/25/2003,1.9,20.3,21.6,-3.3
CanadaCentral,11/26/2003,-1.8,24.8,21.3,1.1
CanadaCentral,11/27/2003,3.4,18.8,23.3,-2.5
CanadaCentral,11/28/2003,-9.1,26.2,27.2,4.2
CanadaCentral,11/29/2003,18.2,36.4,30.2,9.9
CanadaCentral,11/30/2003,20.7,28,29,14.2
CanadaCentral,12/1/2003,3.7,22.7,27,9.9
CanadaCentral,12/2/2003,5.4,30.3,29.6,7.7
CanadaCentral,12/3/2003,14,35.7,32.5,10
CanadaCentral,12/4/2003,10.5,31.4,28.2,6.7
CanadaCentral,12/5/2003,-4.3,17.5,25.3,7.4
CanadaCentral,12/6/2003,16.1,27,25.9,10.3
CanadaCentral,12/7/2003,19.2,33,29.2,12
CanadaCentral,12/8/2003,0.6,27.5,24.5,4.5
CanadaCentral,12/9/2003,-6.3,13.1,16.8,-6.7
CanadaCentral,12/10/2003,-14.3,9.9,9.3,-11.4
CanadaCentral,12/11/2003,-13.6,4.9,8.6,-13.7
CanadaCentral,12/12/2003,-13.2,10.9,14,-6.9
CanadaCentral,12/13/2003,6.2,26.3,22.4,-0.2
CanadaCentral,12/14/2003,6.4,29.9,27.6,8.5
CanadaCentral,12/15/2003,13.1,26.4,24.5,6.3
CanadaCentral,12/16/2003,-0.5,17.2,24.9,7.5
CanadaCentral,12/17/2003,10,31.2,24.7,5.6
CanadaCentral,12/18/2003,7.4,25.6,28.8,7.4
CanadaCentral,12/19/2003,4.9,29.7,29.9,8.7
CanadaCentral,12/20/2003,13.9,34.6,34.2,13.6
CanadaCentral,12/21/2003,22.1,38.2,33.5,14.9
CanadaCentral,12/22/2003,8.8,27.8,30.2,11.8
CanadaCentral,12/23/2003,4.6,24.6,28.4,7.3
CanadaCentral,12/24/2003,8.4,32.8,29.4,10.2
CanadaCentral,12/25/2003,17.5,30.8,31.5,13.6
CanadaCentral,12/26/2003,14.8,30.9,30,17.7
CanadaCentral,12/27/2003,20.8,28.4,27.4,16.3
CanadaCentral,12/28/2003,13.3,23,22.2,11.7
CanadaCentral,12/29/2003,1,15.3,14,-2
CanadaCentral,12/30/2003,-20.3,3.6,8,-12.7
CanadaCentral,12/31/2003,-18.9,5.1,8.6,-15.5
CanadaCentral,1/1/2004,-7.3,17.1,8.8,-11.7
CanadaCentral,1/2/2004,-8.8,4.2,6,-12.5
CanadaCentral,1/3/2004,-21.4,-3.2,-4.3,-19.5
CanadaCentral,1/4/2004,-28.4,-13.8,-6.8,-26.3
CanadaCentral,1/5/2004,-29.2,-3.6,-3.8,-21.6
CanadaCentral,1/6/2004,-7.3,5.9,1.1,-17.9
CanadaCentral,1/7/2004,-17.2,1.1,4.5,-10.9
CanadaCentral,1/8/2004,-8.1,6.5,7.3,-6.9
CanadaCentral,1/9/2004,4.4,14.3,13.5,1.1
CanadaCentral,1/10/2004,6.9,19.7,18.6,7
CanadaCentral,1/11/2004,9.7,21.9,22.9,7
CanadaCentral,1/12/2004,4.5,27,22.7,4.2
CanadaCentral,1/13/2004,-1.5,19.1,18.9,-1.7
CanadaCentral,1/14/2004,-8.1,10.6,16.2,-1.4
CanadaCentral,1/15/2004,5.6,18.8,16.9,3.8
CanadaCentral,1/16/2004,13.8,21.2,19.3,1.4
CanadaCentral,1/17/2004,-15.1,18,11.2,-7.1
CanadaCentral,1/18/2004,-20,-5.6,5.6,-13.7
CanadaCentral,1/19/2004,-5.9,4.4,7.9,-7.5
CanadaCentral,1/20/2004,3.4,24.7,15.5,-6.8
CanadaCentral,1/21/2004,-18,17.5,16.2,-10.9
CanadaCentral,1/22/2004,-18,6.4,9.4,-17.6
CanadaCentral,1/23/2004,-16.8,4.3,2.1,-17.2
CanadaCentral,1/24/2004,-16.7,-4.3,-1.4,-14
CanadaCentral,1/25/2004,-8.6,-4.2,-4.9,-16.4
CanadaCentral,1/26/2004,-24,-6.4,-6.6,-21.1
CanadaCentral,1/27/2004,-30.8,-9.3,-14,-31.5
CanadaCentral,1/28/2004,-39.7,-26.4,-18.8,-35.4
CanadaCentral,1/29/2004,-35.8,-20.5,-20.9,-35.9
CanadaCentral,1/30/2004,-32.1,-15.7,-13.2,-28.2
CanadaCentral,1/31/2004,-16.7,-3.3,-5.9,-22.7
CanadaCentral,2/1/2004,-19.2,1.2,-3,-20.2
CanadaCentral,2/2/2004,-24.7,-6.8,-2.2,-24.2
CanadaCentral,2/3/2004,-28.5,-1.1,0.7,-26.1
CanadaCentral,2/4/2004,-25,9.8,6.3,-18.3
CanadaCentral,2/5/2004,-1.3,10.2,7.9,-15.3
CanadaCentral,2/6/2004,-19.6,3.7,11.9,-12.9
CanadaCentral,2/7/2004,-17.9,21.9,17,-6.7
CanadaCentral,2/8/2004,17.3,25.4,23,-0.7
CanadaCentral,2/9/2004,-1.6,21.6,23.2,3.9
CanadaCentral,2/10/2004,-4,22.7,18.5,-5.8
CanadaCentral,2/11/2004,-11.7,11.2,19,-8.8
CanadaCentral,2/12/2004,-10.8,23.2,19.9,-7.6
CanadaCentral,2/13/2004,-0.2,25.3,17.1,-8.4
CanadaCentral,2/14/2004,-14.3,2.9,12.6,-8.8
CanadaCentral,2/15/2004,-11.7,9.6,9.3,-8.2
CanadaCentral,2/16/2004,1.4,15.5,18,-4.2
CanadaCentral,2/17/2004,-2.2,29.1,24.8,4
CanadaCentral,2/18/2004,12.9,29.8,29.1,10
CanadaCentral,2/19/2004,19.3,28.5,29.1,15.5
CanadaCentral,2/20/2004,14.3,29.1,28.1,12.5
CanadaCentral,2/21/2004,3.7,26.7,27.7,13
CanadaCentral,2/22/2004,21,27.3,27.1,14.1
CanadaCentral,2/23/2004,17.6,27.2,27.3,17.3
CanadaCentral,2/24/2004,13.1,27.3,27.7,17
CanadaCentral,2/25/2004,20.3,28.5,28.6,16.6
CanadaCentral,2/26/2004,16.6,29.9,30.8,20
CanadaCentral,2/27/2004,23.2,34,32.2,20.8
CanadaCentral,2/28/2004,22.7,32.6,31.7,23.4
CanadaCentral,2/29/2004,24.2,28.5,29.5,23.4
CanadaCentral,3/1/2004,23.2,27.4,27.2,20.2
CanadaCentral,3/2/2004,13.3,25.8,23.2,11.6
CanadaCentral,3/3/2004,-1.6,16.5,21.1,4.3
CanadaCentral,3/4/2004,1.3,21,19.5,3.4
CanadaCentral,3/5/2004,10.5,21,24.6,8.1
CanadaCentral,3/6/2004,12.6,31.7,27.4,11.4
CanadaCentral,3/7/2004,11.2,29.5,33,13.8
CanadaCentral,3/8/2004,17.7,37.8,35.2,14.7
CanadaCentral,3/9/2004,15.2,38.3,38.2,10.3
CanadaCentral,3/10/2004,-1.9,38.6,29.9,1.8
CanadaCentral,3/11/2004,-8.1,12.9,26.7,-1.3
CanadaCentral,3/12/2004,6,28.7,24.8,5.8
CanadaCentral,3/13/2004,19.5,32.6,29,11.2
CanadaCentral,3/14/2004,8.3,25.7,28.8,9.8
CanadaCentral,3/15/2004,1.7,28.1,29.7,11.1
CanadaCentral,3/16/2004,23.4,35.4,32.1,12.6
CanadaCentral,3/17/2004,12.7,32.7,32.9,15.9
CanadaCentral,3/18/2004,11.5,30.6,35.4,15.9
CanadaCentral,3/19/2004,23.5,42.8,32.4,12.8
CanadaCentral,3/20/2004,3.3,23.7,30.1,8.6
CanadaCentral,3/21/2004,-0.9,23.9,27.3,3.9
CanadaCentral,3/22/2004,9.3,34.3,31.7,5.4
CanadaCentral,3/23/2004,7.7,36.9,39,14.7
CanadaCentral,3/24/2004,27,45.8,43.6,18.3
CanadaCentral,3/25/2004,20.2,48.1,42.1,20.1
CanadaCentral,3/26/2004,13,32.3,40.6,21.6
CanadaCentral,3/27/2004,31.5,41.5,37.3,24.7
CanadaCentral,3/28/2004,29.6,38.2,37.8,27.9
CanadaCentral,3/29/2004,22.6,33.8,39.1,24
CanadaCentral,3/30/2004,19.9,45.3,44.1,24.4
CanadaCentral,3/31/2004,30.7,53.1,50.1,27.7
CanadaCentral,4/1/2004,32.4,51.9,49.5,30.4
CanadaCentral,4/2/2004,28.2,43.6,46.9,28.7
CanadaCentral,4/3/2004,25.5,45.2,48.5,27.4
CanadaCentral,4/4/2004,28.5,56.8,54.6,29.6
CanadaCentral,4/5/2004,34.9,62,60.8,31.2
CanadaCentral,4/6/2004,30.3,63.6,57.9,31
CanadaCentral,4/7/2004,27.7,47.9,51,26.9
CanadaCentral,4/8/2004,22.7,41.6,40.1,23
CanadaCentral,4/9/2004,18.5,30.7,34.9,19.2
CanadaCentral,4/10/2004,16.3,32.3,33.1,16.5
CanadaCentral,4/11/2004,14.7,36.3,40.8,17.7
CanadaCentral,4/12/2004,22.1,53.8,44.9,23.3
CanadaCentral,4/13/2004,33,44.7,48.1,27.9
CanadaCentral,4/14/2004,28.6,45.8,44.4,29.8
CanadaCentral,4/15/2004,27.8,42.7,43.6,27.4
CanadaCentral,4/16/2004,25.8,42.1,43.3,25.3
CanadaCentral,4/17/2004,22.2,45,43.8,26.7
CanadaCentral,4/18/2004,32.1,44.1,48.9,26.8
CanadaCentral,4/19/2004,26.2,57.5,55,31.4
CanadaCentral,4/20/2004,35.9,63.3,55.4,28.8
CanadaCentral,4/21/2004,24.3,45.4,55.2,27.1
CanadaCentral,4/22/2004,21.2,57,51.3,23.4
CanadaCentral,4/23/2004,24.6,51.5,57.7,26.3
CanadaCentral,4/24/2004,33.1,64.7,56.8,28.8
CanadaCentral,4/25/2004,28.8,54.2,58.3,27.9
CanadaCentral,4/26/2004,21.9,56.1,62.9,31.1
CanadaCentral,4/27/2004,42.7,78.5,65.5,31.3
CanadaCentral,4/28/2004,29.3,62.1,64.3,31.5
CanadaCentral,4/29/2004,22.4,52.3,54.2,26.9
CanadaCentral,4/30/2004,28.9,48.3,49.3,25.3
CanadaCentral,5/1/2004,24.5,47.4,50.3,24.9
CanadaCentral,5/2/2004,21.3,55,56.1,27.5
CanadaCentral,5/3/2004,36.8,65.8,59.8,26.5
CanadaCentral,5/4/2004,21.4,58.6,62.5,30.2
CanadaCentral,5/5/2004,32.4,63.2,57.7,27.2
CanadaCentral,5/6/2004,27.9,51.4,60.7,31.6
CanadaCentral,5/7/2004,34.3,67.4,62.5,31.5
CanadaCentral,5/8/2004,32.4,68.8,68.7,34.6
CanadaCentral,5/9/2004,37.2,70,62.5,32.5
CanadaCentral,5/10/2004,27.9,48.9,53.1,31.4
CanadaCentral,5/11/2004,29.2,40.5,40.5,26.7
CanadaCentral,5/12/2004,23.2,32,36.5,22.8
CanadaCentral,5/13/2004,16,36.8,37.4,20.1
CanadaCentral,5/14/2004,21.1,43.2,44.7,23.1
CanadaCentral,5/15/2004,32.2,54,49.7,26.3
CanadaCentral,5/16/2004,25.7,52.1,56.4,29.4
CanadaCentral,5/17/2004,30.4,63.2,62.9,30.5
CanadaCentral,5/18/2004,35.4,73.4,65.9,36.6
CanadaCentral,5/19/2004,44,61,64.3,38.1
CanadaCentral,5/20/2004,34.8,58.5,55.4,38.5
CanadaCentral,5/21/2004,36.8,46.7,51.5,36.3
CanadaCentral,5/22/2004,37.2,49.4,51.7,39
CanadaCentral,5/23/2004,43.1,59.1,52.4,39.7
CanadaCentral,5/24/2004,38.8,48.8,53.3,39.4
CanadaCentral,5/25/2004,36.2,52,51.2,37.8
CanadaCentral,5/26/2004,38.5,52.9,53.9,37.1
CanadaCentral,5/27/2004,36.7,56.9,59.9,38.2
CanadaCentral,5/28/2004,39.5,69.8,63.1,41.8
CanadaCentral,5/29/2004,49.3,62.6,63,46.7
CanadaCentral,5/30/2004,51.4,56.5,57.2,49.6
CanadaCentral,5/31/2004,48.2,52.6,56.8,48.7
CanadaCentral,6/1/2004,46.4,61.2,61,45.8
CanadaCentral,6/2/2004,42.8,69.2,68.5,46.2
CanadaCentral,6/3/2004,49.4,75.1,73.9,47.5
CanadaCentral,6/4/2004,50.2,77.4,76,49.6
CanadaCentral,6/5/2004,49.2,75.6,74.3,50.1
CanadaCentral,6/6/2004,50.9,69.7,71.9,50
CanadaCentral,6/7/2004,49.7,70.2,65.8,48
CanadaCentral,6/8/2004,43.2,57.3,63,45.5
CanadaCentral,6/9/2004,43.6,61.4,59.9,45.2
CanadaCentral,6/10/2004,48.9,60.9,64.1,47.9
CanadaCentral,6/11/2004,51.3,70.1,64.3,50.5
CanadaCentral,6/12/2004,51.2,62,62.9,50.4
CanadaCentral,6/13/2004,48.6,56.5,60.5,48.1
CanadaCentral,6/14/2004,44.4,63.1,61.3,46.5
CanadaCentral,6/15/2004,46.6,64.4,65.4,44.8
CanadaCentral,6/16/2004,43.3,68.8,64.6,42.5
CanadaCentral,6/17/2004,37.6,60.8,64.1,38.7
CanadaCentral,6/18/2004,35.1,62.7,64.3,37.5
CanadaCentral,6/19/2004,39.7,69.4,66.1,40.3
CanadaCentral,6/20/2004,46,66.1,65.4,42.3
CanadaCentral,6/21/2004,41.2,60.8,62.9,42.3
CanadaCentral,6/22/2004,39.5,61.9,60.3,38.7
CanadaCentral,6/23/2004,35.4,58.3,60.2,35.7
CanadaCentral,6/24/2004,32.3,60.3,60.5,36.8
CanadaCentral,6/25/2004,42.6,62.8,62.7,38.2
CanadaCentral,6/26/2004,39.6,65.1,66.3,40.7
CanadaCentral,6/27/2004,39.8,71.1,72,42.1
CanadaCentral,6/28/2004,47,79.8,78,45.3
CanadaCentral,6/29/2004,49.2,83,77.8,48.8
CanadaCentral,6/30/2004,50.2,70.7,74.8,48.5
CanadaCentral,7/1/2004,46.1,70.7,72.8,51
CanadaCentral,7/2/2004,56.7,76.9,73,51
CanadaCentral,7/3/2004,50.3,71.3,68.6,51.4
CanadaCentral,7/4/2004,47.2,57.5,63.8,48.2
CanadaCentral,7/5/2004,47.1,62.4,63,46.8
CanadaCentral,7/6/2004,46,69,66.9,46.1
CanadaCentral,7/7/2004,45.3,69.3,67.8,46.4
CanadaCentral,7/8/2004,47.8,65,70.2,47.6
CanadaCentral,7/9/2004,49.7,76.4,73.9,50.6
CanadaCentral,7/10/2004,54.3,80.1,79,52
CanadaCentral,7/11/2004,52.1,80.4,78.8,54.8
CanadaCentral,7/12/2004,57.9,75.9,77.4,54.9
CanadaCentral,7/13/2004,54.6,76,77.2,55
CanadaCentral,7/14/2004,52.6,79.8,78,55.2
CanadaCentral,7/15/2004,58.4,78.3,77.5,54.6
CanadaCentral,7/16/2004,52.8,74.5,77.6,54
CanadaCentral,7/17/2004,50.7,79.9,80,55.1
CanadaCentral,7/18/2004,61.9,85.7,83.4,57.3
CanadaCentral,7/19/2004,59.3,84.5,84.5,61.9
CanadaCentral,7/20/2004,64.5,83.2,80.2,58.7
CanadaCentral,7/21/2004,52.2,72.8,73.6,55.2
CanadaCentral,7/22/2004,48.8,64.9,69.2,48.3
CanadaCentral,7/23/2004,43.7,69.9,70.7,46.4
CanadaCentral,7/24/2004,46.7,77.3,75.6,46.1
CanadaCentral,7/25/2004,47.9,79.5,79.6,49.1
CanadaCentral,7/26/2004,52.6,82,78.8,52.7
CanadaCentral,7/27/2004,57.7,75,73.5,53.3
CanadaCentral,7/28/2004,49.7,63.4,65.9,51.4
CanadaCentral,7/29/2004,46.7,59.3,63.7,46.9
CanadaCentral,7/30/2004,44.2,68.4,68.8,45.8
CanadaCentral,7/31/2004,46.5,78.8,73.8,46.1
CanadaCentral,8/1/2004,47.6,74.3,75.5,47.7
CanadaCentral,8/2/2004,49.1,73.5,73.8,48.7
CanadaCentral,8/3/2004,49.6,73.8,72.8,48.6
CanadaCentral,8/4/2004,47.1,71.3,73.4,48.5
CanadaCentral,8/5/2004,48.8,75.1,73.1,50.8
CanadaCentral,8/6/2004,56.5,73,75.1,53.6
CanadaCentral,8/7/2004,55.5,77,73.1,54.7
CanadaCentral,8/8/2004,52.1,69.4,68.2,51.3
CanadaCentral,8/9/2004,46.4,58.1,61.4,47.4
CanadaCentral,8/10/2004,43.8,56.8,58.5,43.9
CanadaCentral,8/11/2004,41.4,60.6,61.3,41.3
CanadaCentral,8/12/2004,38.8,66.7,65.8,41
CanadaCentral,8/13/2004,42.8,70.2,71.2,41.2
CanadaCentral,8/14/2004,42.1,76.7,73.2,45.6
CanadaCentral,8/15/2004,51.8,72.6,73.6,47.7
CanadaCentral,8/16/2004,49.1,71.5,72.9,48.6
CanadaCentral,8/17/2004,45,74.5,68.4,44.5
CanadaCentral,8/18/2004,39.5,59.3,65.9,40.2
CanadaCentral,8/19/2004,36.1,64,61.7,35.2
CanadaCentral,8/20/2004,30.1,61.8,65.2,34.6
CanadaCentral,8/21/2004,37.8,69.9,64,37.7
CanadaCentral,8/22/2004,45.3,60.4,62.7,43
CanadaCentral,8/23/2004,45.8,57.6,59,44.6
CanadaCentral,8/24/2004,42.6,59.1,61.3,43
CanadaCentral,8/25/2004,40.7,67.3,62.2,44.8
CanadaCentral,8/26/2004,51.1,60.1,64,45.1
CanadaCentral,8/27/2004,43.4,64.7,65.6,46.1
CanadaCentral,8/28/2004,43.8,72,68.3,45.6
CanadaCentral,8/29/2004,49.6,68.3,68.1,45.6
CanadaCentral,8/30/2004,43.5,64,64.7,47.8
CanadaCentral,8/31/2004,50.4,61.8,68.3,48.4
CanadaCentral,9/1/2004,51.3,79,74.1,53
CanadaCentral,9/2/2004,57.5,81.3,74.8,54.5
CanadaCentral,9/3/2004,54.9,64.2,71.9,52.5
CanadaCentral,9/4/2004,45.3,70.2,68.8,48.1
CanadaCentral,9/5/2004,44.3,72.1,66.2,44.2
CanadaCentral,9/6/2004,43.1,56.3,62.6,41.3
CanadaCentral,9/7/2004,36.5,59.2,62,40.5
CanadaCentral,9/8/2004,41.8,70.4,68.1,42.9
CanadaCentral,9/9/2004,50.3,74.6,68.6,45.8
CanadaCentral,9/10/2004,45.2,60.9,64.1,45.1
CanadaCentral,9/11/2004,39.9,56.9,64,44.6
CanadaCentral,9/12/2004,48.6,74.3,62.4,44.8
CanadaCentral,9/13/2004,46,55.9,64.6,44.4
CanadaCentral,9/14/2004,38.6,63.5,60.8,40.8
CanadaCentral,9/15/2004,37.7,63.1,65.2,37.6
CanadaCentral,9/16/2004,36.5,68.9,68.9,38.8
CanadaCentral,9/17/2004,42.4,74.7,74.2,42.6
CanadaCentral,9/18/2004,49,79,77,49.9
CanadaCentral,9/19/2004,58.5,77.5,73.8,49.9
CanadaCentral,9/20/2004,42.1,65.1,67.5,45
CanadaCentral,9/21/2004,34.3,59.9,62.7,37.8
CanadaCentral,9/22/2004,36.9,63.1,61.3,36.9
CanadaCentral,9/23/2004,39.5,60.9,64.5,39
CanadaCentral,9/24/2004,40.6,69.6,69.4,40.3
CanadaCentral,9/25/2004,40.7,77.5,72.3,41.4
CanadaCentral,9/26/2004,42.9,69.6,69.8,38.8
CanadaCentral,9/27/2004,32.7,62.1,66.7,35.8
CanadaCentral,9/28/2004,31.7,68.4,65.5,34
CanadaCentral,9/29/2004,37.4,66.2,64.7,36.2
CanadaCentral,9/30/2004,39.6,59.7,57.4,33.7
CanadaCentral,10/1/2004,24.2,46.5,55.3,28.1
CanadaCentral,10/2/2004,20.7,59.9,52.2,22.4
CanadaCentral,10/3/2004,22.4,50.4,55.6,19.1
CanadaCentral,10/4/2004,14.2,56.5,61.1,24.8
CanadaCentral,10/5/2004,37.9,76.4,71.3,29.7
CanadaCentral,10/6/2004,36.9,81.1,76.7,40.7
CanadaCentral,10/7/2004,47.2,72.7,72.4,40
CanadaCentral,10/8/2004,35.8,63.5,69.7,39
CanadaCentral,10/9/2004,33.9,72.8,67.2,37.2
CanadaCentral,10/10/2004,42,65.3,68.2,36.2
CanadaCentral,10/11/2004,32.7,66.6,63.6,36.6
CanadaCentral,10/12/2004,34.9,58.8,57.4,31.6
CanadaCentral,10/13/2004,27.2,46.7,52.5,32.5
CanadaCentral,10/14/2004,35.3,52.1,46,29.8
CanadaCentral,10/15/2004,26.9,39.1,41.1,27.6
CanadaCentral,10/16/2004,20.4,32.1,33.5,22.8
CanadaCentral,10/17/2004,21.1,29.2,32.3,20.3
CanadaCentral,10/18/2004,19.5,35.5,34.6,23.7
CanadaCentral,10/19/2004,30.4,39.1,36.4,26
CanadaCentral,10/20/2004,28.1,34.7,39.3,31
CanadaCentral,10/21/2004,34.6,44.1,38.7,31.9
CanadaCentral,10/22/2004,32.9,37.5,42,32.7
CanadaCentral,10/23/2004,30.5,44.5,40.3,30.2
CanadaCentral,10/24/2004,27.2,39.1,44.2,26.8
CanadaCentral,10/25/2004,22.6,49.1,46.1,25.9
CanadaCentral,10/26/2004,28,50,48.8,28.3
CanadaCentral,10/27/2004,34.3,47.4,49,35.4
CanadaCentral,10/28/2004,43.9,49.7,48.1,36.5
CanadaCentral,10/29/2004,31.2,47.3,45.3,34.4
CanadaCentral,10/30/2004,28.1,38.7,43,29.2
CanadaCentral,10/31/2004,28.3,43,40.8,25.6
CanadaCentral,11/1/2004,20.2,40.7,44.2,22.2
CanadaCentral,11/2/2004,18,48.8,46.2,22.8
CanadaCentral,11/3/2004,30.1,49.2,49.1,23.8
CanadaCentral,11/4/2004,23.4,49.4,50.2,27.4
CanadaCentral,11/5/2004,28.7,51.9,50.6,27.4
CanadaCentral,11/6/2004,30.1,50.7,45.7,26.2
CanadaCentral,11/7/2004,19.8,34.6,40.7,24.7
CanadaCentral,11/8/2004,24.1,36.9,40.9,23.1
CanadaCentral,11/9/2004,25.2,51.2,40.5,20.7
CanadaCentral,11/10/2004,12.7,33.3,41.8,15.9
CanadaCentral,11/11/2004,9.9,40.9,40.4,12.7
CanadaCentral,11/12/2004,15.5,47.1,46.2,14.1
CanadaCentral,11/13/2004,17.1,50.6,49.2,18.9
CanadaCentral,11/14/2004,24,49.9,51,21.6
CanadaCentral,11/15/2004,23.7,52.5,51.5,25.6
CanadaCentral,11/16/2004,29.2,52.2,53,25.5
CanadaCentral,11/17/2004,23.6,54.2,51.9,24
CanadaCentral,11/18/2004,19.2,49.4,48.8,21.8
CanadaCentral,11/19/2004,22.5,42.9,41.9,19.1
CanadaCentral,11/20/2004,15.5,33.4,38.6,17.4
CanadaCentral,11/21/2004,14.3,39.5,37.7,17.2
CanadaCentral,11/22/2004,21.8,40.1,35.8,17.4
CanadaCentral,11/23/2004,16.1,28,31.2,17.2
CanadaCentral,11/24/2004,13.7,25.5,28.5,15.7
CanadaCentral,11/25/2004,17.3,31.9,30.4,15.4
CanadaCentral,11/26/2004,15,33.7,33.2,14.9
CanadaCentral,11/27/2004,12.3,33.9,30.1,11.1
CanadaCentral,11/28/2004,6.1,22.6,30.4,11.5
CanadaCentral,11/29/2004,16.1,34.8,27.9,11.5
CanadaCentral,11/30/2004,12.1,26.2,26.9,11.8
CanadaCentral,12/1/2004,7.1,19.7,25.2,4.5
CanadaCentral,12/2/2004,-5.6,29.7,30.7,9.1
CanadaCentral,12/3/2004,25.8,42.7,37.2,8.3
CanadaCentral,12/4/2004,4.6,39.1,31.3,10.8
CanadaCentral,12/5/2004,2,12.1,25.5,5.1
CanadaCentral,12/6/2004,8.8,25.3,19,2.4
CanadaCentral,12/7/2004,-3.6,19.7,21.4,5.5
CanadaCentral,12/8/2004,11.2,19.2,18.5,5.6
CanadaCentral,12/9/2004,9.2,16.5,19.2,9.1
CanadaCentral,12/10/2004,7,21.9,26.8,10.6
CanadaCentral,12/11/2004,15.7,42,31.6,10.8
CanadaCentral,12/12/2004,9.5,31,31,9.2
CanadaCentral,12/13/2004,2.4,20,28.6,6.4
CanadaCentral,12/14/2004,7.4,34.8,29.6,11.7
CanadaCentral,12/15/2004,25.2,33.9,32.3,12.4
CanadaCentral,12/16/2004,4.6,28.2,34.5,15.1
CanadaCentral,12/17/2004,15.4,41.4,30.1,3.5
CanadaCentral,12/18/2004,-9.5,20.9,31.4,-0.6
CanadaCentral,12/19/2004,-7.8,31.9,30.4,-7.9
CanadaCentral,12/20/2004,-6.6,38.5,22.9,-9.2
CanadaCentral,12/21/2004,-13.1,-1.5,10.7,-12.5
CanadaCentral,12/22/2004,-17.8,-4.8,-3.7,-17.8
CanadaCentral,12/23/2004,-22.4,-4.7,-1.3,-17.2
CanadaCentral,12/24/2004,-11.5,5.7,1.7,-13.9
CanadaCentral,12/25/2004,-7.7,4.1,7.5,-9
CanadaCentral,12/26/2004,-7.8,12.7,10.6,-4.7
CanadaCentral,12/27/2004,1.4,15,16.6,-1.7
CanadaCentral,12/28/2004,1.5,22,18.1,0.9
CanadaCentral,12/29/2004,-0.2,17.2,18.4,1.8
CanadaCentral,12/30/2004,4,16.1,13,-1.1
CanadaCentral,12/31/2004,-6.9,5.6,6.5,-4.5
CanadaCentral,1/1/2005,-10.7,-2.3,-1.3,-14.5
CanadaCentral,1/2/2005,-25.8,-7.1,-4.9,-22.1
CanadaCentral,1/3/2005,-29.9,-5.2,-8.1,-30.3
CanadaCentral,1/4/2005,-35.2,-12.1,-9.8,-34.1
CanadaCentral,1/5/2005,-37.1,-12.1,-6.1,-31.1
CanadaCentral,1/6/2005,-21,5.8,0.8,-20.4
CanadaCentral,1/7/2005,-2.9,8.5,6.4,-9.5
CanadaCentral,1/8/2005,-4.5,5,5.7,-7.1
CanadaCentral,1/9/2005,-14,3.6,2.4,-13.9
CanadaCentral,1/10/2005,-23.2,-1.4,2.8,-19.4
CanadaCentral,1/11/2005,-21.2,6.3,5.6,-19.2
CanadaCentral,1/12/2005,-13.3,11.8,1.7,-19.4
CanadaCentral,1/13/2005,-23.7,-13,-6,-22.6
CanadaCentral,1/14/2005,-30.7,-16.9,-13,-27.3
CanadaCentral,1/15/2005,-27.5,-9.2,-11.9,-30.1
CanadaCentral,1/16/2005,-32,-9.6,-2.7,-29.1
CanadaCentral,1/17/2005,-27.6,10.6,11.5,-17.9
CanadaCentral,1/18/2005,5.8,33.5,17.9,-6.8
CanadaCentral,1/19/2005,1.3,9.7,16.2,2.7
CanadaCentral,1/20/2005,0.9,5.4,8.2,-2.4
CanadaCentral,1/21/2005,-9.4,9.4,8,-9.6
CanadaCentral,1/22/2005,-20.4,9.4,17.3,-7.7
CanadaCentral,1/23/2005,6.8,33.1,25,2
CanadaCentral,1/24/2005,19.6,32.4,33.2,9.9
CanadaCentral,1/25/2005,3.4,34,23.9,4.6
CanadaCentral,1/26/2005,-9.3,5.2,22,-4.7
CanadaCentral,1/27/2005,-8.3,26.8,21.5,0.8
CanadaCentral,1/28/2005,20,32.4,26.9,6.1
CanadaCentral,1/29/2005,6.6,21.4,28.3,10.7
CanadaCentral,1/30/2005,5.5,30.9,27.7,8.3
CanadaCentral,1/31/2005,12.8,30.8,32.2,11.3
CanadaCentral,2/1/2005,15.6,35,34.5,13.5
CanadaCentral,2/2/2005,12,37.8,36.2,15
CanadaCentral,2/3/2005,17.4,35.9,35.6,11.5
CanadaCentral,2/4/2005,5.2,32.9,27.7,7.9
CanadaCentral,2/5/2005,1,14.3,16.3,-3.2
CanadaCentral,2/6/2005,-15.9,1.7,4.1,-12
CanadaCentral,2/7/2005,-21.1,-3.6,1.4,-18.9
CanadaCentral,2/8/2005,-19.8,6,7.1,-17.2
CanadaCentral,2/9/2005,-10.6,19,18.9,-8.4
CanadaCentral,2/10/2005,5.3,31.8,30,3.1
CanadaCentral,2/11/2005,14.5,39.2,35.5,10.6
CanadaCentral,2/12/2005,12,35.4,37.1,16.5
CanadaCentral,2/13/2005,23.1,36.7,33,14.3
CanadaCentral,2/14/2005,7.9,26.8,27.6,10.3
CanadaCentral,2/15/2005,0.1,19.2,19.6,1.3
CanadaCentral,2/16/2005,-4.2,12.8,13.2,-5.5
CanadaCentral,2/17/2005,-12.5,7.6,11.9,-9.9
CanadaCentral,2/18/2005,-13.2,15.5,9.7,-12.8
CanadaCentral,2/19/2005,-12.7,6,10.4,-11.2
CanadaCentral,2/20/2005,-7.6,9.6,10.7,-9.7
CanadaCentral,2/21/2005,-8.8,16.4,14.9,-8.3
CanadaCentral,2/22/2005,-8.3,18.6,17.8,-8
CanadaCentral,2/23/2005,-6.9,18.3,21.8,-6
CanadaCentral,2/24/2005,-2.7,28.5,20.9,-4.3
CanadaCentral,2/25/2005,-3.4,16,21.1,-2.7
CanadaCentral,2/26/2005,-1.8,18.7,17.6,0.4
CanadaCentral,2/27/2005,6.5,18.2,18.2,-1.3
CanadaCentral,2/28/2005,-8.6,17.8,19.9,-2.5
CanadaCentral,3/1/2005,-5.2,23.8,21.7,-5.8
CanadaCentral,3/2/2005,-3.4,23.6,28.2,-1.7
CanadaCentral,3/3/2005,3.6,37.3,32.2,7
CanadaCentral,3/4/2005,20.8,35.7,38.5,13.5
CanadaCentral,3/5/2005,16.2,42.5,38.5,16.3
CanadaCentral,3/6/2005,11.9,37.2,31.9,9.1
CanadaCentral,3/7/2005,-0.7,15.8,25.2,1.8
CanadaCentral,3/8/2005,-5.8,22.5,25.9,3.6
CanadaCentral,3/9/2005,17.2,39.4,32.9,11.3
CanadaCentral,3/10/2005,22.4,36.9,35.1,15.9
CanadaCentral,3/11/2005,8.1,29.1,27.5,11.2
CanadaCentral,3/12/2005,3.1,16.4,20.1,4.2
CanadaCentral,3/13/2005,1.4,14.6,16.6,1.3
CanadaCentral,3/14/2005,-0.7,18.9,18.5,-1.9
CanadaCentral,3/15/2005,-6.2,21.9,20,-3.5
CanadaCentral,3/16/2005,-3.5,19.1,21.7,-0.5
CanadaCentral,3/17/2005,8.2,24.1,21.9,5
CanadaCentral,3/18/2005,10.4,22.5,24,8
CanadaCentral,3/19/2005,5.3,25.5,25.5,7.7
CanadaCentral,3/20/2005,7.4,28.5,28.3,10.6
CanadaCentral,3/21/2005,19.2,31,31.1,16.8
CanadaCentral,3/22/2005,23.8,33.7,32.4,21.5
CanadaCentral,3/23/2005,21.6,32.6,29.4,15.8
CanadaCentral,3/24/2005,2.1,22,26.6,5.5
CanadaCentral,3/25/2005,-7.2,25.2,27.2,2.2
CanadaCentral,3/26/2005,11.8,34.3,34.4,8.5
CanadaCentral,3/27/2005,20.9,43.5,38.5,19.8
CanadaCentral,3/28/2005,26.6,37.7,41.1,25.9
CanadaCentral,3/29/2005,30.2,42.2,39.3,28.5
CanadaCentral,3/30/2005,28.7,37.9,39.6,28
CanadaCentral,3/31/2005,25.2,38.6,40.5,26.3
CanadaCentral,4/1/2005,25.1,44.8,44.5,27.1
CanadaCentral,4/2/2005,31,50,48.4,27.8
CanadaCentral,4/3/2005,27.5,50.3,50.4,31.4
CanadaCentral,4/4/2005,35.9,51,51.2,32.1
CanadaCentral,4/5/2005,32.9,52.3,54.4,32.4
CanadaCentral,4/6/2005,28.4,60.1,61,31.8
CanadaCentral,4/7/2005,34.1,70.8,67.5,35.1
CanadaCentral,4/8/2005,42.7,71.6,70.7,39.8
CanadaCentral,4/9/2005,42.7,69.9,65.7,41
CanadaCentral,4/10/2005,37.5,55.8,55.9,38.7
CanadaCentral,4/11/2005,36,42.1,48.1,36.7
CanadaCentral,4/12/2005,36.7,46.4,48.8,36.5
CanadaCentral,4/13/2005,36.7,57.8,56.5,37.5
CanadaCentral,4/14/2005,39.1,65.3,61.1,37
CanadaCentral,4/15/2005,35.2,60.2,63.8,34.4
CanadaCentral,4/16/2005,28.8,66,66.4,34.6
CanadaCentral,4/17/2005,39.7,72.9,68.9,38.9
CanadaCentral,4/18/2005,48.1,67.9,65,40.9
CanadaCentral,4/19/2005,35,54.3,59.5,36.8
CanadaCentral,4/20/2005,27.2,56.4,59.4,30.9
CanadaCentral,4/21/2005,30.4,67.5,57.6,28.2
CanadaCentral,4/22/2005,27.1,48.9,57.6,26.3
CanadaCentral,4/23/2005,21.3,56.4,55.4,25.7
CanadaCentral,4/24/2005,28.8,60.9,55.4,26.1
CanadaCentral,4/25/2005,28.2,48.9,52.2,28.4
CanadaCentral,4/26/2005,28.3,46.9,45.1,27.5
CanadaCentral,4/27/2005,26.2,39.4,41.1,26
CanadaCentral,4/28/2005,23.4,36.9,37.9,25.8
CanadaCentral,4/29/2005,27.6,37.3,36.7,25.3
CanadaCentral,4/30/2005,24.7,35.8,36.3,24
CanadaCentral,5/1/2005,19.6,35.7,38.5,20.1
CanadaCentral,5/2/2005,15.9,44.1,45.1,18.2
CanadaCentral,5/3/2005,19.1,55.5,56.1,19.8
CanadaCentral,5/4/2005,24.4,68.6,63.4,26.6
CanadaCentral,5/5/2005,36.4,66,67.4,30.5
CanadaCentral,5/6/2005,30.8,67.6,66.9,37.8
CanadaCentral,5/7/2005,46.4,67.2,63.3,41.4
CanadaCentral,5/8/2005,47.1,55.1,58.9,45.9
CanadaCentral,5/9/2005,44.2,54.4,52.8,39.5
CanadaCentral,5/10/2005,27.1,49,48.9,31.2
CanadaCentral,5/11/2005,22.3,43.2,46.5,25.8
CanadaCentral,5/12/2005,27.9,47.4,48,27.1
CanadaCentral,5/13/2005,31,53.5,48.2,29.4
CanadaCentral,5/14/2005,29.3,43.6,51,28.1
CanadaCentral,5/15/2005,24,55.9,54.8,30
CanadaCentral,5/16/2005,36.8,64.9,63.2,35.2
CanadaCentral,5/17/2005,44.9,68.9,66.2,44.3
CanadaCentral,5/18/2005,51.3,64.9,70,48.4
CanadaCentral,5/19/2005,49.1,76.2,73.3,50.6
CanadaCentral,5/20/2005,51.3,78.9,73.8,50.1
CanadaCentral,5/21/2005,50,66.3,71.6,49.8
CanadaCentral,5/22/2005,47.9,69.5,68.8,47.9
CanadaCentral,5/23/2005,45.8,70.7,70,46.1
CanadaCentral,5/24/2005,44.5,69.7,67.6,44.6
CanadaCentral,5/25/2005,43.5,62.3,60.9,43.9
CanadaCentral,5/26/2005,43.6,50.7,53.9,42.3
CanadaCentral,5/27/2005,39.8,48.8,50.6,40.3
CanadaCentral,5/28/2005,37.7,52.2,54.6,40.1
CanadaCentral,5/29/2005,43,62.8,60.5,40.9
CanadaCentral,5/30/2005,42,66.6,67.7,44.5
CanadaCentral,5/31/2005,48.5,73.8,69.4,47.9
CanadaCentral,6/1/2005,53.3,67.9,71.3,52.5
CanadaCentral,6/2/2005,55.7,72.2,71.3,52.8
CanadaCentral,6/3/2005,49.6,74,72.7,53.6
CanadaCentral,6/4/2005,55.6,72,69.3,51.7
CanadaCentral,6/5/2005,50,61.9,67.4,50.8
CanadaCentral,6/6/2005,47,68.3,61,47.8
CanadaCentral,6/7/2005,46.5,52.9,58.1,46.8
CanadaCentral,6/8/2005,46.9,53.1,56.3,46.7
CanadaCentral,6/9/2005,46.6,62.9,62.4,47.4
CanadaCentral,6/10/2005,48.8,71.2,68,48.4
CanadaCentral,6/11/2005,49.7,70,70.9,50.5
CanadaCentral,6/12/2005,53.2,71.6,68.1,52.4
CanadaCentral,6/13/2005,54.5,62.7,65.6,53.8
CanadaCentral,6/14/2005,53.6,62.4,65.5,53.2
CanadaCentral,6/15/2005,51.4,71.4,70.1,52.4
CanadaCentral,6/16/2005,52.1,76.6,76.3,53.9
CanadaCentral,6/17/2005,58.2,80.9,80.4,57.5
CanadaCentral,6/18/2005,62.3,83.7,81.2,59.5
CanadaCentral,6/19/2005,58.1,79,80.7,57.9
CanadaCentral,6/20/2005,53.2,79.3,79.4,56.2
CanadaCentral,6/21/2005,57.2,79.8,82.5,57.9
CanadaCentral,6/22/2005,63.4,88.3,83.6,59.3
CanadaCentral,6/23/2005,57.2,82.8,79.3,54.7
CanadaCentral,6/24/2005,43.5,66.7,71.9,47.8
CanadaCentral,6/25/2005,42.6,66.1,70.1,47.4
CanadaCentral,6/26/2005,55.9,77.5,68,49.3
CanadaCentral,6/27/2005,49.4,60.4,66.9,50.2
CanadaCentral,6/28/2005,45.1,62.7,61.5,50.3
CanadaCentral,6/29/2005,56.2,61.5,64.4,51.4
CanadaCentral,6/30/2005,52.8,68.9,68.8,52.7
CanadaCentral,7/1/2005,49.1,76,75,51.9
CanadaCentral,7/2/2005,53.8,80.2,74.7,52.2
CanadaCentral,7/3/2005,53.6,67.9,71.2,53.3
CanadaCentral,7/4/2005,52.5,65.6,69.5,51.7
CanadaCentral,7/5/2005,48.9,75,73.8,53.2
CanadaCentral,7/6/2005,58.1,81,79.8,56.1
CanadaCentral,7/7/2005,61.4,83.4,82.5,59.2
CanadaCentral,7/8/2005,58.2,83.1,85.3,62.7
CanadaCentral,7/9/2005,68.5,89.3,84.8,63.8
CanadaCentral,7/10/2005,64.7,82.1,83.3,64.4
CanadaCentral,7/11/2005,59.9,78.4,82.1,61
CanadaCentral,7/12/2005,58.5,85.9,83.6,60.4
CanadaCentral,7/13/2005,62.9,86.6,84,59.5
CanadaCentral,7/14/2005,56.9,79.6,82.6,57.1
CanadaCentral,7/15/2005,51.4,81.6,80.3,55.9
CanadaCentral,7/16/2005,59.3,79.7,76.5,56
CanadaCentral,7/17/2005,57.3,68.3,71.9,55.9
CanadaCentral,7/18/2005,51,67.5,71.8,53.8
CanadaCentral,7/19/2005,53.2,79.7,72,51.6
CanadaCentral,7/20/2005,50.7,68.9,74,51
CanadaCentral,7/21/2005,49,73.3,72.7,48.7
CanadaCentral,7/22/2005,46.4,75.7,77.9,51.9
CanadaCentral,7/23/2005,60.2,84.7,79.1,53.1
CanadaCentral,7/24/2005,52.6,77,75.9,52.3
CanadaCentral,7/25/2005,44.1,66,71.1,45.2
CanadaCentral,7/26/2005,38.9,70.3,67.2,43.4
CanadaCentral,7/27/2005,47.1,65.4,67.6,44.3
CanadaCentral,7/28/2005,46.8,67.2,69.3,46.7
CanadaCentral,7/29/2005,46.2,75.1,76.6,49.8
CanadaCentral,7/30/2005,56.4,87.4,82.4,53
CanadaCentral,7/31/2005,56.5,84.7,87.8,57.2
CanadaCentral,8/1/2005,58.6,91.4,88.3,59.3
CanadaCentral,8/2/2005,62.8,88.8,84.7,57.9
CanadaCentral,8/3/2005,52.3,74,79.4,55
CanadaCentral,8/4/2005,49.9,75.4,79.1,49.4
CanadaCentral,8/5/2005,45.9,87.9,83.5,49.6
CanadaCentral,8/6/2005,53.2,87.3,88.2,51.3
CanadaCentral,8/7/2005,54.8,89.4,84,54.8
CanadaCentral,8/8/2005,56.4,75.4,79.3,52.9
CanadaCentral,8/9/2005,47.4,73.2,74.4,50.1
CanadaCentral,8/10/2005,46.6,74.7,71.1,47.8
CanadaCentral,8/11/2005,49.5,65.5,68.3,47.5
CanadaCentral,8/12/2005,46.3,64.7,65.5,46.3
CanadaCentral,8/13/2005,43,66.2,67.2,44.6
CanadaCentral,8/14/2005,44.5,70.8,69,44.7
CanadaCentral,8/15/2005,46.6,70,70.4,46.5
CanadaCentral,8/16/2005,48.4,70.5,69.3,49.2
CanadaCentral,8/17/2005,52.5,67.4,68,50.7
CanadaCentral,8/18/2005,51.2,66,66.7,50.6
CanadaCentral,8/19/2005,48,66.6,66.3,47.9
CanadaCentral,8/20/2005,44.6,66.5,66.8,44.6
CanadaCentral,8/21/2005,41.1,67.2,70.3,43.6
CanadaCentral,8/22/2005,45.2,77.3,75.2,46.2
CanadaCentral,8/23/2005,52.3,81.1,76.7,51.3
CanadaCentral,8/24/2005,56.4,71.6,73.7,53.1
CanadaCentral,8/25/2005,50.6,68.5,68.7,51.5
CanadaCentral,8/26/2005,47.6,65.8,68.9,48.8
CanadaCentral,8/27/2005,48.3,72.2,71.3,47.4
CanadaCentral,8/28/2005,46.2,75.9,75,46.8
CanadaCentral,8/29/2005,45.7,76.8,76.9,47.6
CanadaCentral,8/30/2005,50.8,77.9,72.5,48.2
CanadaCentral,8/31/2005,48.2,62.7,69.4,47
CanadaCentral,9/1/2005,42.1,67.6,67.6,43.1
CanadaCentral,9/2/2005,39.1,72.7,73.6,43.9
CanadaCentral,9/3/2005,50.5,80.4,79.1,48.6
CanadaCentral,9/4/2005,56.4,84.1,82.3,53.1
CanadaCentral,9/5/2005,52.5,82.4,78,51.1
CanadaCentral,9/6/2005,44.3,67.5,74.5,45.2
CanadaCentral,9/7/2005,38.7,73.8,73.6,43.3
CanadaCentral,9/8/2005,46.9,79.6,79,47.4
CanadaCentral,9/9/2005,56.5,83.5,81.3,55
CanadaCentral,9/10/2005,61.8,80.8,79.4,56.2
CanadaCentral,9/11/2005,50.3,73.8,73,52.4
CanadaCentral,9/12/2005,45.3,64.5,66.5,44.5
CanadaCentral,9/13/2005,37.9,61.2,63.1,39.3
CanadaCentral,9/14/2005,34.7,63.6,63.1,37.4
CanadaCentral,9/15/2005,39.7,64.3,62,38.9
CanadaCentral,9/16/2005,42.2,58.1,59.4,41.7
CanadaCentral,9/17/2005,43.2,55.9,58.4,40.8
CanadaCentral,9/18/2005,36.9,61.3,63.1,40
CanadaCentral,9/19/2005,39.8,72.1,68,40.4
CanadaCentral,9/20/2005,44.5,70.5,69.5,41.1
CanadaCentral,9/21/2005,38.9,65.9,66.3,38
CanadaCentral,9/22/2005,30.6,62.5,62.5,37.9
CanadaCentral,9/23/2005,44.1,59.2,60.1,37.2
CanadaCentral,9/24/2005,36.9,58.6,60.3,37.2
CanadaCentral,9/25/2005,30.6,63.1,64.6,34.9
CanadaCentral,9/26/2005,37.1,72.2,66.7,35.2
CanadaCentral,9/27/2005,37.9,64.9,63.7,35.4
CanadaCentral,9/28/2005,31.4,53.9,63,34.5
CanadaCentral,9/29/2005,34.4,70.3,66.8,36.2
CanadaCentral,9/30/2005,42.9,76.3,72.1,39.7
CanadaCentral,10/1/2005,41.9,69.8,70,41.6
CanadaCentral,10/2/2005,40.1,63.7,58.8,38.3
CanadaCentral,10/3/2005,32.8,42.7,49.8,34.8
CanadaCentral,10/4/2005,31.4,43,41.7,30.3
CanadaCentral,10/5/2005,26.7,39.5,39.1,26.3
CanadaCentral,10/6/2005,20.7,34.9,37.4,25.3
CanadaCentral,10/7/2005,28.5,37.8,41.1,27.9
CanadaCentral,10/8/2005,34.5,50.5,45.5,33.4
CanadaCentral,10/9/2005,37,48.2,50.4,35.9
CanadaCentral,10/10/2005,36.2,52.6,53.7,36.6
CanadaCentral,10/11/2005,36.5,60.3,56.7,36.7
CanadaCentral,10/12/2005,37.4,57.1,58.3,35.6
CanadaCentral,10/13/2005,32.7,57.4,57.7,35
CanadaCentral,10/14/2005,34.9,58.6,58.3,32
CanadaCentral,10/15/2005,28.4,58.9,61.4,33.3
CanadaCentral,10/16/2005,36.5,66.7,60.5,32.8
CanadaCentral,10/17/2005,33.6,55.8,57.1,34.2
CanadaCentral,10/18/2005,32.6,48.7,51.3,31.9
CanadaCentral,10/19/2005,29.4,49.2,49.2,31.7
CanadaCentral,10/20/2005,33.2,49.6,48.2,30.4
CanadaCentral,10/21/2005,28.6,45.9,45,29.4
CanadaCentral,10/22/2005,26.3,39.5,42,26.9
CanadaCentral,10/23/2005,25.8,40.6,43.9,25.3
CanadaCentral,10/24/2005,23.7,51.7,49.2,25.7
CanadaCentral,10/25/2005,27.7,55.3,54.6,26.1
CanadaCentral,10/26/2005,26.9,56.8,58,29.2
CanadaCentral,10/27/2005,33.1,61.7,56.5,32
CanadaCentral,10/28/2005,35.8,50.9,54.9,33.6
CanadaCentral,10/29/2005,31.9,52.2,50.1,31.5
CanadaCentral,10/30/2005,26.8,47.1,49.6,29
CanadaCentral,10/31/2005,28.3,49.5,47.1,28.5
CanadaCentral,11/1/2005,30.5,44.8,48.8,30
CanadaCentral,11/2/2005,31.4,52.1,43.9,30.6
CanadaCentral,11/3/2005,30,35,40.5,30.1
CanadaCentral,11/4/2005,28.9,34.4,36.6,27.5
CanadaCentral,11/5/2005,23.8,40.3,38.8,25.2
CanadaCentral,11/6/2005,22.9,41.8,39.8,24.4
CanadaCentral,11/7/2005,26.5,37.3,38.6,26.4
CanadaCentral,11/8/2005,29.7,36.8,36.1,27.4
CanadaCentral,11/9/2005,26,34.2,40.7,27.9
CanadaCentral,11/10/2005,28.1,51.1,46,28.2
CanadaCentral,11/11/2005,30.4,52.6,46.5,28.9
CanadaCentral,11/12/2005,28.2,35.7,40.3,26.3
CanadaCentral,11/13/2005,20.2,32.4,32.7,23
CanadaCentral,11/14/2005,20.6,29.9,29.6,13.9
CanadaCentral,11/15/2005,0.8,26.4,21.7,3.1
CanadaCentral,11/16/2005,-12,8.9,20.8,-4.3
CanadaCentral,11/17/2005,-1.6,27,24.9,2.6
CanadaCentral,11/18/2005,21.3,38.6,34.6,16.3
CanadaCentral,11/19/2005,29,38.3,41.6,26.6
CanadaCentral,11/20/2005,29.4,47.9,41.3,28
CanadaCentral,11/21/2005,25.5,37.6,43,26.4
CanadaCentral,11/22/2005,24.4,43.5,40.8,20.4
CanadaCentral,11/23/2005,11.3,41.3,34.2,14.7
CanadaCentral,11/24/2005,8.5,17.8,26.3,11.6
CanadaCentral,11/25/2005,15,19.7,19.9,12
CanadaCentral,11/26/2005,12.4,22.1,21.8,13.7
CanadaCentral,11/27/2005,13.5,23.7,21.5,11.6
CanadaCentral,11/28/2005,8.9,18.8,19.9,10.2
CanadaCentral,11/29/2005,8.2,17.1,16.7,6.3
CanadaCentral,11/30/2005,1.8,14.2,14,2.7
CanadaCentral,12/1/2005,-1.9,10.8,11.3,-3.5
CanadaCentral,12/2/2005,-10.2,9,9.5,-5.7
CanadaCentral,12/3/2005,-5.1,8.6,6,-9.2
CanadaCentral,12/4/2005,-12.2,0.3,3.4,-8.8
CanadaCentral,12/5/2005,-9.1,1.2,2.7,-8.2
CanadaCentral,12/6/2005,-3.2,6.5,5.3,-7.1
CanadaCentral,12/7/2005,-8.9,8.1,10.6,-6.1
CanadaCentral,12/8/2005,-6.1,17.3,20.8,0.7
CanadaCentral,12/9/2005,16.9,37.2,30,10.8
CanadaCentral,12/10/2005,21.6,35.7,36.8,20.8
CanadaCentral,12/11/2005,24,37.7,35.1,21.5
CanadaCentral,12/12/2005,19,31.8,33.1,22.3
CanadaCentral,12/13/2005,23.9,29.8,29.8,18.3
CanadaCentral,12/14/2005,11.9,27.7,23.5,13.6
CanadaCentral,12/15/2005,4.9,12.9,15.7,6.2
CanadaCentral,12/16/2005,1.8,6.4,8,-0.8
CanadaCentral,12/17/2005,-9.1,4.8,6.1,-7.1
CanadaCentral,12/18/2005,-13.9,7.2,10,-8.7
CanadaCentral,12/19/2005,-3.1,17.8,14.3,-5.9
CanadaCentral,12/20/2005,-0.6,18,24.5,-2
CanadaCentral,12/21/2005,-2.2,37.7,30.9,6.5
CanadaCentral,12/22/2005,22.3,37.2,36.3,15.6
CanadaCentral,12/23/2005,26.6,34.1,35.3,23.7
CanadaCentral,12/24/2005,22.1,34.7,34.2,22.9
CanadaCentral,12/25/2005,19.9,33.9,36.3,22
CanadaCentral,12/26/2005,23.9,40.4,34.9,22.5
CanadaCentral,12/27/2005,23.7,30.6,33.5,23.2
CanadaCentral,12/28/2005,21.9,29.5,29.1,23.5
CanadaCentral,12/29/2005,24.9,27.1,27.8,23.7
CanadaCentral,12/30/2005,24.2,26.8,26.8,24.2
CanadaCentral,12/31/2005,23.3,26.5,26.3,22.6
CanadaCentral,1/1/2006,20.1,25.6,26.8,21.2
CanadaCentral,1/2/2006,20.1,28.2,28.2,20.4
CanadaCentral,1/3/2006,20.9,30.7,28.4,19.8
CanadaCentral,1/4/2006,18.4,26.4,27.8,17.7
CanadaCentral,1/5/2006,13.7,26.4,30.6,17.5
CanadaCentral,1/6/2006,20.3,39,32.3,18.9
CanadaCentral,1/7/2006,22.7,31.6,32.2,19.3
CanadaCentral,1/8/2006,14.9,25.9,30,14.6
CanadaCentral,1/9/2006,6.4,32.6,30.9,14.9
CanadaCentral,1/10/2006,23.3,34.2,33.4,16.3
CanadaCentral,1/11/2006,19.1,33.3,31.8,20.4
CanadaCentral,1/12/2006,18.7,27.9,29.4,17.9
CanadaCentral,1/13/2006,16,27,28.8,18.3
CanadaCentral,1/14/2006,20.1,31.4,28.4,18.3
CanadaCentral,1/15/2006,18.8,26.9,27.2,17.1
CanadaCentral,1/16/2006,12.4,23.2,23.2,14.4
CanadaCentral,1/17/2006,12,19.6,20.3,10.6
CanadaCentral,1/18/2006,7.4,18.2,20.8,8.4
CanadaCentral,1/19/2006,5.6,24.8,19.3,3.6
CanadaCentral,1/20/2006,-2.1,15,18.8,0.3
CanadaCentral,1/21/2006,-2.7,16.7,16,-4.4
CanadaCentral,1/22/2006,-8.5,16.3,24.1,-0.5
CanadaCentral,1/23/2006,9.7,39.4,29.4,4.9
CanadaCentral,1/24/2006,13.4,32.4,35.5,11.6
CanadaCentral,1/25/2006,11.9,34.7,34.7,14.8
CanadaCentral,1/26/2006,19.2,37.1,35.6,15.6
CanadaCentral,1/27/2006,15.9,34.9,33.7,17.7
CanadaCentral,1/28/2006,18,29.2,30.1,18.6
CanadaCentral,1/29/2006,22,26.1,28,20.2
CanadaCentral,1/30/2006,20.4,28.8,30.2,20.7
CanadaCentral,1/31/2006,19.6,35.7,29.6,17
CanadaCentral,2/1/2006,11.1,24.3,26.3,9.6
CanadaCentral,2/2/2006,-1.8,18.9,18.6,1.5
CanadaCentral,2/3/2006,-4.9,12.6,16.1,-1.4
CanadaCentral,2/4/2006,2.4,16.8,16.4,0.2
CanadaCentral,2/5/2006,3.1,19.8,20.5,5.5
CanadaCentral,2/6/2006,11,24.8,20.4,3.3
CanadaCentral,2/7/2006,-4.2,16.6,20.5,-0.4
CanadaCentral,2/8/2006,-7.9,20.2,22.6,1.6
CanadaCentral,2/9/2006,17,30.9,24.3,7.8
CanadaCentral,2/10/2006,14.2,21.8,24.8,10.2
CanadaCentral,2/11/2006,-0.5,21.5,23.1,6.5
CanadaCentral,2/12/2006,5.9,25.9,27.5,4.8
CanadaCentral,2/13/2006,9.1,35.1,30.5,2.6
CanadaCentral,2/14/2006,-7.1,30.5,23.7,-3.8
CanadaCentral,2/15/2006,-13.3,5.5,10.2,-15.6
CanadaCentral,2/16/2006,-26.5,-5.5,-1.9,-22.8
CanadaCentral,2/17/2006,-28.5,-5.9,-0.4,-23.2
CanadaCentral,2/18/2006,-14.5,10.1,7.8,-14.9
CanadaCentral,2/19/2006,-1.6,19.3,16.5,-6.3
CanadaCentral,2/20/2006,-2.8,20.1,20.7,-2.1
CanadaCentral,2/21/2006,-1.8,22.6,20.1,-2.6
CanadaCentral,2/22/2006,-3.1,17.7,19.2,-3.6
CanadaCentral,2/23/2006,-6,17.3,16.1,-5.3
CanadaCentral,2/24/2006,-6.8,13.3,14.4,-9.7
CanadaCentral,2/25/2006,-16.4,12.4,10.8,-9.7
CanadaCentral,2/26/2006,-5.9,6.7,10.1,-7.3
CanadaCentral,2/27/2006,0.4,11.3,13.9,1.1
CanadaCentral,2/28/2006,9,23.7,19.1,7.1
CanadaCentral,3/1/2006,12.1,22.2,20.8,6.6
CanadaCentral,3/2/2006,-1.2,16.6,19.5,2.1
CanadaCentral,3/3/2006,-4.4,19.6,21,2.6
CanadaCentral,3/4/2006,13.3,26.8,25.5,10.7
CanadaCentral,3/5/2006,23.3,30,28.7,19.4
CanadaCentral,3/6/2006,21.7,29.4,32.2,23.4
CanadaCentral,3/7/2006,25.2,37.1,33.7,23.3
CanadaCentral,3/8/2006,22.9,34.7,35.4,23.5
CanadaCentral,3/9/2006,22.3,34.5,34.8,22.8
CanadaCentral,3/10/2006,23.4,35.2,34,20.8
CanadaCentral,3/11/2006,16.7,32.4,30.1,14.3
CanadaCentral,3/12/2006,2.8,22.6,23.5,5.5
CanadaCentral,3/13/2006,-3,15.4,18.5,-2
CanadaCentral,3/14/2006,-5.7,17.6,17.2,-3.5
CanadaCentral,3/15/2006,-1.8,18.5,19.4,-2.9
CanadaCentral,3/16/2006,-1.2,22,22.1,0.3
CanadaCentral,3/17/2006,3.7,25.7,24,3.6
CanadaCentral,3/18/2006,8.3,24.2,25.2,8.5
CanadaCentral,3/19/2006,13.5,25.6,25.4,11.2
CanadaCentral,3/20/2006,11.9,26.3,26.6,11.6
CanadaCentral,3/21/2006,9.3,28,28.2,9.4
CanadaCentral,3/22/2006,7,30.3,30.1,7.4
CanadaCentral,3/23/2006,5.9,31.9,31.6,8.7
CanadaCentral,3/24/2006,13.1,32.5,33,13.8
CanadaCentral,3/25/2006,22.4,34.7,34.4,20.1
CanadaCentral,3/26/2006,24.7,36,37,24.5
CanadaCentral,3/27/2006,26.5,40.4,40.1,24.3
CanadaCentral,3/28/2006,21.8,44,41.3,25.1
CanadaCentral,3/29/2006,26.9,39.5,39.7,26.1
CanadaCentral,3/30/2006,29.4,35.5,38.1,25.7
CanadaCentral,3/31/2006,20.6,39.1,39,24.5
CanadaCentral,4/1/2006,23.5,42.3,40.2,22.4
CanadaCentral,4/2/2006,23.1,39.2,41.8,21.4
CanadaCentral,4/3/2006,17.7,43.9,44.1,21.4
CanadaCentral,4/4/2006,23.4,49.3,48,25.1
CanadaCentral,4/5/2006,34.2,50.7,49.1,27.4
CanadaCentral,4/6/2006,24.5,47.3,46,26.1
CanadaCentral,4/7/2006,19.5,40.1,47.2,23.5
CanadaCentral,4/8/2006,26.4,54.2,49.3,26.1
CanadaCentral,4/9/2006,32.6,53.6,57.5,30.5
CanadaCentral,4/10/2006,32.5,64.8,59.8,35.6
CanadaCentral,4/11/2006,41.7,60.9,60.9,37.4
CanadaCentral,4/12/2006,38,57,61.2,38.7
CanadaCentral,4/13/2006,36.4,65.8,63.8,36
CanadaCentral,4/14/2006,33.7,68.7,69.7,36.3
CanadaCentral,4/15/2006,38.7,74.6,71.8,40
CanadaCentral,4/16/2006,47.5,72.2,69,43.5
CanadaCentral,4/17/2006,44.4,60.2,61.7,43.7
CanadaCentral,4/18/2006,39.3,52.7,53,39.8
CanadaCentral,4/19/2006,35.8,46.2,53.1,36.9
CanadaCentral,4/20/2006,35.6,60.4,57.3,35.9
CanadaCentral,4/21/2006,36.4,65.4,65.2,36.9
CanadaCentral,4/22/2006,38.6,69.7,65.9,35.8
CanadaCentral,4/23/2006,32.4,62.7,60.4,32.5
CanadaCentral,4/24/2006,26.6,48.8,56.9,28.8
CanadaCentral,4/25/2006,27.6,59.2,58.1,28.4
CanadaCentral,4/26/2006,31,66.3,65.2,31.4
CanadaCentral,4/27/2006,35.7,70,67.9,36.4
CanadaCentral,4/28/2006,42.4,67.4,64.8,40
CanadaCentral,4/29/2006,41.8,56.9,59,42.9
CanadaCentral,4/30/2006,44.4,52.6,54,43.3
CanadaCentral,5/1/2006,43.8,52.5,54.1,41.5
CanadaCentral,5/2/2006,36.4,57,52.5,38.1
CanadaCentral,5/3/2006,34.2,47.8,49.2,33.6
CanadaCentral,5/4/2006,30.3,42.8,51,31.2
CanadaCentral,5/5/2006,29.2,62.5,59.2,31.3
CanadaCentral,5/6/2006,34.5,72.4,69.4,36.1
CanadaCentral,5/7/2006,44.5,73.4,71.9,39.7
CanadaCentral,5/8/2006,40.2,69.9,67.1,41.9
CanadaCentral,5/9/2006,41,58,59.9,37.5
CanadaCentral,5/10/2006,31.3,51.7,54.3,33.2
CanadaCentral,5/11/2006,27.2,53.2,55,28.3
CanadaCentral,5/12/2006,26.4,60.1,56.1,30.8
CanadaCentral,5/13/2006,38.7,54.8,56.8,35.1
CanadaCentral,5/14/2006,40.3,55.4,56.9,38.3
CanadaCentral,5/15/2006,35.9,60.5,64.6,37
CanadaCentral,5/16/2006,34.8,78,69.3,36.8
CanadaCentral,5/17/2006,39.9,69.5,75,40.7
CanadaCentral,5/18/2006,47.5,77.6,73.2,42
CanadaCentral,5/19/2006,38.6,72.6,68.5,41.6
CanadaCentral,5/20/2006,38.6,55.3,62.6,37.2
CanadaCentral,5/21/2006,34.2,60,64.5,38
CanadaCentral,5/22/2006,41.2,78.1,74.5,43.3
CanadaCentral,5/23/2006,54.3,85.6,77.2,50.9
CanadaCentral,5/24/2006,57.3,68.1,73.2,53.2
CanadaCentral,5/25/2006,47.9,65.9,68.5,50.4
CanadaCentral,5/26/2006,46,71.6,66.2,48
CanadaCentral,5/27/2006,50,61.1,65.5,48.5
CanadaCentral,5/28/2006,49.4,63.8,63,49
CanadaCentral,5/29/2006,47.6,63.9,65.4,48
CanadaCentral,5/30/2006,47.1,68.6,68,46.4
CanadaCentral,5/31/2006,44.4,71.6,72,45.3
CanadaCentral,6/1/2006,44.5,75.8,77.4,45.8
CanadaCentral,6/2/2006,48.5,84.6,82.2,50.1
CanadaCentral,6/3/2006,57.4,86.2,82.6,54.2
CanadaCentral,6/4/2006,56.7,77.1,79.1,55.9
CanadaCentral,6/5/2006,53.5,74.1,76.2,53.9
CanadaCentral,6/6/2006,51.6,77.5,74.3,50.6
CanadaCentral,6/7/2006,46.7,71.2,68.5,48.2
CanadaCentral,6/8/2006,46.2,56.7,61,47.2
CanadaCentral,6/9/2006,48.7,55,57.6,47.9
CanadaCentral,6/10/2006,48.7,61,59.7,48
CanadaCentral,6/11/2006,46.7,63.1,64.5,48.1
CanadaCentral,6/12/2006,48.8,69.6,67.5,46.4
CanadaCentral,6/13/2006,43.7,69.7,72.1,47.7
CanadaCentral,6/14/2006,50.7,76.9,74.9,51.1
CanadaCentral,6/15/2006,59,78.1,77.2,55.1
CanadaCentral,6/16/2006,55.7,76.6,76.6,56.5
CanadaCentral,6/17/2006,54.9,75.1,73.5,54
CanadaCentral,6/18/2006,51.3,68.7,73.4,51.5
CanadaCentral,6/19/2006,48.4,76.2,73.8,51.1
CanadaCentral,6/20/2006,53.7,76.6,73.6,51.9
CanadaCentral,6/21/2006,53.5,67.9,72.2,52.9
CanadaCentral,6/22/2006,51.6,72.1,71.1,52.3
CanadaCentral,6/23/2006,51.8,73.4,72.9,51
CanadaCentral,6/24/2006,49.5,73.2,74.2,49.3
CanadaCentral,6/25/2006,46.5,76.1,74.2,48.5
CanadaCentral,6/26/2006,49.4,73.3,74.7,47.1
CanadaCentral,6/27/2006,45.5,74.7,75.1,48.1
CanadaCentral,6/28/2006,49.5,77.3,79.4,50.3
CanadaCentral,6/29/2006,56,86.3,80.1,54.5
CanadaCentral,6/30/2006,58,76.5,80.5,55.4
CanadaCentral,7/1/2006,52.3,78.7,78,53.7
CanadaCentral,7/2/2006,50.8,78.7,76.4,50.7
CanadaCentral,7/3/2006,49,71.8,75.8,48.5
CanadaCentral,7/4/2006,45.6,77,76.2,48.1
CanadaCentral,7/5/2006,49.7,79.7,80,50.1
CanadaCentral,7/6/2006,55,83.4,83.9,55
CanadaCentral,7/7/2006,60.3,88.6,84.1,56
CanadaCentral,7/8/2006,52.7,80.4,77.6,53.2
CanadaCentral,7/9/2006,46.6,63.7,73.6,48
CanadaCentral,7/10/2006,44.9,76.7,75.4,50
CanadaCentral,7/11/2006,58.6,85.7,83.4,52.8
CanadaCentral,7/12/2006,54.9,87.8,84.7,57.9
CanadaCentral,7/13/2006,60.4,80.5,84.7,56.3
CanadaCentral,7/14/2006,53.6,85.9,84,55.9
CanadaCentral,7/15/2006,53.7,85.8,86.4,54.1
CanadaCentral,7/16/2006,55.1,87.5,83.9,52.9
CanadaCentral,7/17/2006,50,78.3,84.2,52.4
CanadaCentral,7/18/2006,52.1,86.7,80.9,51.2
CanadaCentral,7/19/2006,51.4,77.7,79.9,49.7
CanadaCentral,7/20/2006,45.7,75.3,78.6,48.8
CanadaCentral,7/21/2006,49.2,82.7,81.9,49.6
CanadaCentral,7/22/2006,53.8,87.8,87.4,53
CanadaCentral,7/23/2006,55.8,91.7,88.5,55.6
CanadaCentral,7/24/2006,57.2,86.2,86.7,56.4
CanadaCentral,7/25/2006,56.2,82.2,83.6,55.3
CanadaCentral,7/26/2006,52.6,82.4,84,55.1
CanadaCentral,7/27/2006,56.6,87.5,79.9,53.9
CanadaCentral,7/28/2006,52.6,69.7,76.9,52.2
CanadaCentral,7/29/2006,47.5,73.5,76.6,51.8
CanadaCentral,7/30/2006,55.3,86.6,79.3,51.4
CanadaCentral,7/31/2006,51.5,77.9,81.8,50.1
CanadaCentral,8/1/2006,43.5,80.8,79.8,48.2
CanadaCentral,8/2/2006,49.6,80.7,80.2,46.3
CanadaCentral,8/3/2006,45.7,79.2,79.3,49.7
CanadaCentral,8/4/2006,53.9,78,78,50.2
CanadaCentral,8/5/2006,51,76.8,76.5,50.8
CanadaCentral,8/6/2006,47.3,74.6,78.1,47.5
CanadaCentral,8/7/2006,44.3,82.9,82,50.5
CanadaCentral,8/8/2006,60,88.5,84.8,54.1
CanadaCentral,8/9/2006,58,83.1,85.5,58.5
CanadaCentral,8/10/2006,57.4,84.9,83.4,58.8
CanadaCentral,8/11/2006,61,82.2,80,58
CanadaCentral,8/12/2006,55.5,72.7,75.5,56
CanadaCentral,8/13/2006,51.4,71.7,73.3,51.5
CanadaCentral,8/14/2006,47.6,75.4,76.6,48.6
CanadaCentral,8/15/2006,47,82.8,78.7,49.5
CanadaCentral,8/16/2006,53.8,77.9,78.2,50.2
CanadaCentral,8/17/2006,49.8,74,75.1,50.8
CanadaCentral,8/18/2006,48.7,73.4,75.6,48.3
CanadaCentral,8/19/2006,46.3,79.3,77.9,48.9
CanadaCentral,8/20/2006,51.6,81,78.2,47
CanadaCentral,8/21/2006,43,74.4,80,46.9
CanadaCentral,8/22/2006,46.2,84.6,80.5,47.8
CanadaCentral,8/23/2006,54.4,82.6,78.9,52.4
CanadaCentral,8/24/2006,56.6,69.3,75.9,54.4
CanadaCentral,8/25/2006,52.2,75.6,74.4,51.5
CanadaCentral,8/26/2006,45.8,78.3,79.8,48.3
CanadaCentral,8/27/2006,46.8,85.3,78.7,45.8
CanadaCentral,8/28/2006,44.7,72.5,79.2,45.1
CanadaCentral,8/29/2006,43.8,79.7,78.5,47.5
CanadaCentral,8/30/2006,54.2,83.4,78.6,49.2
CanadaCentral,8/31/2006,49.7,72.6,75.3,47.8
CanadaCentral,9/1/2006,39.4,69.9,71.4,42.3
CanadaCentral,9/2/2006,37.8,71.5,73,40.2
CanadaCentral,9/3/2006,43.4,77.4,76.7,42.1
CanadaCentral,9/4/2006,45.2,81.3,80.7,45.3
CanadaCentral,9/5/2006,47.4,83.4,82.8,46.9
CanadaCentral,9/6/2006,48,83.6,80.2,45.9
CanadaCentral,9/7/2006,42.2,73.5,72.1,41.2
CanadaCentral,9/8/2006,33.3,59.2,66.1,36.6
CanadaCentral,9/9/2006,34.3,65.6,65.6,35.6
CanadaCentral,9/10/2006,39.3,71.9,70.1,38.7
CanadaCentral,9/11/2006,42.6,72.8,75.4,41.9
CanadaCentral,9/12/2006,43.9,81.6,80,44.6
CanadaCentral,9/13/2006,47.5,85.6,80.9,47.8
CanadaCentral,9/14/2006,52,75.5,79.2,50.2
CanadaCentral,9/15/2006,50.9,76.6,72.1,49.9
CanadaCentral,9/16/2006,46.6,64.2,62.9,46.7
CanadaCentral,9/17/2006,42.5,47.9,52.9,41.7
CanadaCentral,9/18/2006,35.9,46.5,48.7,36.9
CanadaCentral,9/19/2006,32.4,51.7,52.9,32.6
CanadaCentral,9/20/2006,29.7,60.4,56.8,33.6
CanadaCentral,9/21/2006,38.7,58.3,58.5,37.2
CanadaCentral,9/22/2006,43.1,56.9,58.1,39.7
CanadaCentral,9/23/2006,37.3,58.9,61.2,41
CanadaCentral,9/24/2006,42.5,67.6,64,39.5
CanadaCentral,9/25/2006,38.8,65.6,63.5,40.4
CanadaCentral,9/26/2006,39.8,57.2,58.1,36.4
CanadaCentral,9/27/2006,30.8,51.5,54.2,31.9
CanadaCentral,9/28/2006,25.3,53.8,56.6,32.5
CanadaCentral,9/29/2006,41.5,64.6,62.5,34.4
CanadaCentral,9/30/2006,36.3,69.1,69.8,41
CanadaCentral,10/1/2006,45.3,75.6,69,39.6
CanadaCentral,10/2/2006,37.2,62.2,64,38.2
CanadaCentral,10/3/2006,32.2,54.2,58.5,32.3
CanadaCentral,10/4/2006,27.5,59,60.1,30.2
CanadaCentral,10/5/2006,30.8,67,66.1,34.9
CanadaCentral,10/6/2006,46.4,72.3,68.9,40.2
CanadaCentral,10/7/2006,43.3,67.3,62.7,40.1
CanadaCentral,10/8/2006,30.7,48.4,55.3,32.4
CanadaCentral,10/9/2006,23.2,50,47.2,26
CanadaCentral,10/10/2006,24.3,43,40.8,21.2
CanadaCentral,10/11/2006,16.1,29.4,36,21.3
CanadaCentral,10/12/2006,23.5,35.4,35.6,20.3
CanadaCentral,10/13/2006,21.4,41.9,41.1,20.6
CanadaCentral,10/14/2006,17,45.9,47.5,20.7
CanadaCentral,10/15/2006,23.7,54.5,47.4,23.8
CanadaCentral,10/16/2006,30.6,41.7,42.5,27.2
CanadaCentral,10/17/2006,27.5,31.2,36.7,26.8
CanadaCentral,10/18/2006,22.2,37.2,35,23.8
CanadaCentral,10/19/2006,21.6,36.6,35.9,20.8
CanadaCentral,10/20/2006,18.7,33.8,34.8,18.8
CanadaCentral,10/21/2006,16.2,33.8,33.3,18
CanadaCentral,10/22/2006,19.1,32.3,35.8,18.5
CanadaCentral,10/23/2006,20.3,41.2,40,20.8
CanadaCentral,10/24/2006,23.2,46.4,46.2,21.8
CanadaCentral,10/25/2006,22,50.9,50.9,23.7
CanadaCentral,10/26/2006,25.9,55.4,51.7,26.4
CanadaCentral,10/27/2006,31.4,48.8,49.4,26.7
CanadaCentral,10/28/2006,22.8,44,42.7,25.3
CanadaCentral,10/29/2006,21.7,35.3,35.3,21.5
CanadaCentral,10/30/2006,19.9,26.7,28.8,19.8
CanadaCentral,10/31/2006,17.8,24.6,25.2,18.6
CanadaCentral,11/1/2006,18.1,24.4,23.8,15.1
CanadaCentral,11/2/2006,9.4,22.3,23.7,9.4
CanadaCentral,11/3/2006,0.6,24.3,26.3,10.4
CanadaCentral,11/4/2006,21.2,32.2,33.8,13.9
CanadaCentral,11/5/2006,19.8,45,39.6,23
CanadaCentral,11/6/2006,27.9,41.5,42.9,26
CanadaCentral,11/7/2006,30.4,42.1,44,28.2
CanadaCentral,11/8/2006,26.2,48.3,39.7,23.1
CanadaCentral,11/9/2006,12.7,28.8,33.1,15.9
CanadaCentral,11/10/2006,8.7,22.2,27.7,12.1
CanadaCentral,11/11/2006,14.9,32,28.1,14.6
CanadaCentral,11/12/2006,20.1,29.9,35.6,19.1
CanadaCentral,11/13/2006,22.2,44.7,38.5,20.8
CanadaCentral,11/14/2006,20,40.8,37.5,19.3
CanadaCentral,11/15/2006,15.6,27.1,35.5,18.7
CanadaCentral,11/16/2006,20.5,38.5,34.4,17.4
CanadaCentral,11/17/2006,16,37.6,40.2,16.5
CanadaCentral,11/18/2006,13,44.3,38.4,14.1
CanadaCentral,11/19/2006,13.3,33.3,43.1,16.9
CanadaCentral,11/20/2006,24.5,51.5,45.9,20.1
CanadaCentral,11/21/2006,22.5,52.9,51.3,20.3
CanadaCentral,11/22/2006,14,49.4,43.3,15.9
CanadaCentral,11/23/2006,11.3,27.5,37.8,11.6
CanadaCentral,11/24/2006,9.4,36.6,25.3,7.2
CanadaCentral,11/25/2006,0.9,11.8,19.9,2.6
CanadaCentral,11/26/2006,-2.4,11.2,13.8,-0.4
CanadaCentral,11/27/2006,0.2,18.5,16.4,0.6
CanadaCentral,11/28/2006,3.9,19.5,14.7,-1.6
CanadaCentral,11/29/2006,-9.1,6.2,14.1,-7
CanadaCentral,11/30/2006,-16,16.6,13.5,-7.2
CanadaCentral,12/1/2006,3.4,17.7,12.8,-8.3
CanadaCentral,12/2/2006,-12.3,4.2,11.4,-10.7
CanadaCentral,12/3/2006,-23,12.4,9.3,-13.1
CanadaCentral,12/4/2006,-3.9,11.3,14.2,-5.5
CanadaCentral,12/5/2006,10.4,18.8,15,-2.5
CanadaCentral,12/6/2006,-13.9,15,17.2,-8.1
CanadaCentral,12/7/2006,-20.9,17.8,22.3,-7.6
CanadaCentral,12/8/2006,11.9,34.1,28.7,1.1
CanadaCentral,12/9/2006,12.4,34.2,31.1,9.6
CanadaCentral,12/10/2006,4.4,24.9,27.8,10.4
CanadaCentral,12/11/2006,14.5,24.2,25.9,9.6
CanadaCentral,12/12/2006,10,28.8,28.7,14.4
CanadaCentral,12/13/2006,18.8,33.1,31.3,15.3
CanadaCentral,12/14/2006,17,32.1,32.2,16
CanadaCentral,12/15/2006,12.1,31.3,32,15.6
CanadaCentral,12/16/2006,17.5,32.5,27.4,8.9
CanadaCentral,12/17/2006,-2.8,18.3,23.5,2.9
CanadaCentral,12/18/2006,-6.1,19.7,23.3,2.6
CanadaCentral,12/19/2006,16.6,31.9,27,6.4
CanadaCentral,12/20/2006,8.5,29.3,30.7,12.2
CanadaCentral,12/21/2006,11.4,30.9,30.4,11.4
CanadaCentral,12/22/2006,14.2,31,29.2,11.1
CanadaCentral,12/23/2006,7.7,25.9,28.4,11.5
CanadaCentral,12/24/2006,12.6,28.2,27.5,6.3
CanadaCentral,12/25/2006,-1.4,28.3,29.4,7.2
CanadaCentral,12/26/2006,10.4,31.6,28.3,6.7
CanadaCentral,12/27/2006,11.1,25.1,27.8,13.9
CanadaCentral,12/28/2006,20.2,26.9,24.8,12.4
CanadaCentral,12/29/2006,6.1,22.4,24,10.9
CanadaCentral,12/30/2006,6.3,22.8,23.4,8.2
CanadaCentral,12/31/2006,12.2,25,22,5.9
CanadaCentral,1/1/2007,-0.8,18.2,25.1,6
CanadaCentral,1/2/2007,6.8,32,30.6,10.3
CanadaCentral,1/3/2007,24.8,41.4,35.4,18.5
CanadaCentral,1/4/2007,23.9,32.7,34.1,19
CanadaCentral,1/5/2007,8.3,28.1,29.7,11.3
CanadaCentral,1/6/2007,1.7,28.2,27.2,4.7
CanadaCentral,1/7/2007,4,25.2,23.9,1
CanadaCentral,1/8/2007,-2.6,18.2,19.5,-1
CanadaCentral,1/9/2007,-4.3,15.1,17.6,-0.9
CanadaCentral,1/10/2007,4.1,19.4,13.8,-8.1
CanadaCentral,1/11/2007,-23.9,6.9,5.7,-17.9
CanadaCentral,1/12/2007,-34,-9.1,1.8,-25.3
CanadaCentral,1/13/2007,-18.1,7.7,-2.8,-25.8
CanadaCentral,1/14/2007,-25.5,-7,-0.6,-23.9
CanadaCentral,1/15/2007,-28,-2.6,2.8,-24.5
CanadaCentral,1/16/2007,-20.1,17.9,13.3,-14
CanadaCentral,1/17/2007,6.1,24.4,20.4,-5.7
CanadaCentral,1/18/2007,-3.3,18.9,19.3,-1.7
CanadaCentral,1/19/2007,-7.9,14.5,19.1,-1.8
CanadaCentral,1/20/2007,5.6,23.9,19.4,-0.7
CanadaCentral,1/21/2007,0.3,19.8,23.1,3
CanadaCentral,1/22/2007,3,25.5,23,5.1
CanadaCentral,1/23/2007,12.2,23.6,23.8,7.5
CanadaCentral,1/24/2007,7.4,22.2,27.3,10.9
CanadaCentral,1/25/2007,13,36,30,7.5
CanadaCentral,1/26/2007,1.9,31.8,23.5,-1
CanadaCentral,1/27/2007,-18.1,2.7,17.1,-12.2
CanadaCentral,1/28/2007,-20.5,16.7,9.1,-17.5
CanadaCentral,1/29/2007,-14,7.8,12.6,-17
CanadaCentral,1/30/2007,-16.5,13.2,10.7,-13
CanadaCentral,1/31/2007,-8.6,11,11.1,-11.6
CanadaCentral,2/1/2007,-9.7,8.9,5.9,-14.6
CanadaCentral,2/2/2007,-25.4,-2.1,-1.4,-21.8
CanadaCentral,2/3/2007,-30.3,-11.1,-6.6,-27.9
CanadaCentral,2/4/2007,-28.1,-6.6,-7.9,-28.9
CanadaCentral,2/5/2007,-28.2,-5.8,-5.9,-25.6
CanadaCentral,2/6/2007,-20.5,-5.1,-5.5,-24.7
CanadaCentral,2/7/2007,-25.5,-5.5,-5.2,-22.3
CanadaCentral,2/8/2007,-20.8,-5,-5.4,-22.5
CanadaCentral,2/9/2007,-21.2,-5.6,-2,-19.5
CanadaCentral,2/10/2007,-16.5,4.6,1.4,-17.1
CanadaCentral,2/11/2007,-13.6,5.1,1.6,-18.3
CanadaCentral,2/12/2007,-24.7,-4.9,-2,-23
CanadaCentral,2/13/2007,-30.6,-6,-4.9,-28.2
CanadaCentral,2/14/2007,-29.2,-3.8,2.8,-27.1
CanadaCentral,2/15/2007,-21.4,18.1,11.7,-14.6
CanadaCentral,2/16/2007,6.7,20.7,19.1,-2.4
CanadaCentral,2/17/2007,7.4,18.5,21.7,6.7
CanadaCentral,2/18/2007,5.9,26,24,8.5
CanadaCentral,2/19/2007,12,27.4,25.6,7.7
CanadaCentral,2/20/2007,5.2,23.3,23.6,5.5
CanadaCentral,2/21/2007,-0.8,20,20.5,0.1
CanadaCentral,2/22/2007,-4,18.2,21.6,3.4
CanadaCentral,2/23/2007,14.9,26.7,23.7,10.4
CanadaCentral,2/24/2007,20.2,26.1,24.7,17.5
CanadaCentral,2/25/2007,17.6,21.4,22.5,15.4
CanadaCentral,2/26/2007,8.4,20,20.4,9.2
CanadaCentral,2/27/2007,1.6,19.8,21.2,5.7
CanadaCentral,2/28/2007,7.2,23.8,23,9.4
CanadaCentral,3/1/2007,19.3,25.3,23.1,10.8
CanadaCentral,3/2/2007,5.9,20.1,22.1,7.8
CanadaCentral,3/3/2007,-1.6,20.8,22.3,1.2
CanadaCentral,3/4/2007,-0.7,25.9,15.8,-4.7
CanadaCentral,3/5/2007,-11.6,0.8,12.5,-4.7
CanadaCentral,3/6/2007,-1.7,11,12.6,-3.2
CanadaCentral,3/7/2007,3.7,26,25.9,7.8
CanadaCentral,3/8/2007,21.3,40.6,35,16.5
CanadaCentral,3/9/2007,24.4,38.3,39.4,20
CanadaCentral,3/10/2007,14.2,39.4,40.1,20.8
CanadaCentral,3/11/2007,23.8,42.6,43.3,21.3
CanadaCentral,3/12/2007,25.9,47.9,44.6,24.4
CanadaCentral,3/13/2007,23.4,43.2,39.7,18.9
CanadaCentral,3/14/2007,7.5,28.1,28.9,7.7
CanadaCentral,3/15/2007,-7.8,15.3,23.9,-1.4
CanadaCentral,3/16/2007,-3.9,28.2,24.9,0.8
CanadaCentral,3/17/2007,13.9,31,31.6,11.3
CanadaCentral,3/18/2007,24,35.4,30.3,13.8
CanadaCentral,3/19/2007,3.5,24.5,34.4,12.1
CanadaCentral,3/20/2007,8.7,43.3,36.5,12.4
CanadaCentral,3/21/2007,25,41.7,42.3,18.2
CanadaCentral,3/22/2007,20.9,42.1,42.8,23.7
CanadaCentral,3/23/2007,25.2,44.5,46.8,24.5
CanadaCentral,3/24/2007,27.5,53.9,52.4,29.5
CanadaCentral,3/25/2007,35.8,58.9,54,31.5
CanadaCentral,3/26/2007,31.3,49.1,50.9,31.6
CanadaCentral,3/27/2007,27.7,44.6,44.7,30.7
CanadaCentral,3/28/2007,33.2,40.4,40.6,28.1
CanadaCentral,3/29/2007,23.3,36.8,36.4,25.3
CanadaCentral,3/30/2007,19.6,32.1,35.2,24.4
CanadaCentral,3/31/2007,30.3,36.8,35.5,26
CanadaCentral,4/1/2007,28,37.6,35,24.4
CanadaCentral,4/2/2007,14.9,30.7,29,17.5
CanadaCentral,4/3/2007,9.8,18.7,24.4,10.9
CanadaCentral,4/4/2007,8.1,23.9,22.6,8.2
CanadaCentral,4/5/2007,6.8,25.2,24.8,7.8
CanadaCentral,4/6/2007,8.4,25.1,26.9,7.7
CanadaCentral,4/7/2007,7.9,30.3,30.4,8.4
CanadaCentral,4/8/2007,9,35.6,34.7,10.5
CanadaCentral,4/9/2007,14.6,38,36.5,15.3
CanadaCentral,4/10/2007,22.2,35.8,38.4,20.3
CanadaCentral,4/11/2007,24.1,41.4,41,21.9
CanadaCentral,4/12/2007,19.5,46,47.4,22.6
CanadaCentral,4/13/2007,24.3,54.9,54.3,23.2
CanadaCentral,4/14/2007,25.7,61.9,62.1,27.8
CanadaCentral,4/15/2007,33.4,69.4,63.8,30.2
CanadaCentral,4/16/2007,31.7,60.2,64.4,32
CanadaCentral,4/17/2007,31,63.6,63.3,32.2
CanadaCentral,4/18/2007,33.8,66,63.9,33.4
CanadaCentral,4/19/2007,35.3,62.1,63.7,36.5
CanadaCentral,4/20/2007,40.5,63,63.5,36.3
CanadaCentral,4/21/2007,33.1,65.2,63.1,34.9
CanadaCentral,4/22/2007,31.2,61.2,61.9,31.3
CanadaCentral,4/23/2007,29.5,59.3,58.1,32.3
CanadaCentral,4/24/2007,36.3,53.9,62.3,32.9
CanadaCentral,4/25/2007,33,73.8,65.8,35.6
CanadaCentral,4/26/2007,37.6,69.8,70,35.2
CanadaCentral,4/27/2007,35.1,66.2,71.1,36.1
CanadaCentral,4/28/2007,35.6,77.2,70.2,37.3
CanadaCentral,4/29/2007,41.2,67.2,70.1,38.7
CanadaCentral,4/30/2007,39.2,66,65,37.7
CanadaCentral,5/1/2007,32.9,61.7,64.7,36.8
CanadaCentral,5/2/2007,38.3,66.4,67.3,40
CanadaCentral,5/3/2007,48.8,73.8,67.9,45.8
CanadaCentral,5/4/2007,50.2,63.7,64.2,48
CanadaCentral,5/5/2007,45.1,55.2,58.4,47.1
CanadaCentral,5/6/2007,46.1,56.2,61.4,44.7
CanadaCentral,5/7/2007,42.8,72.7,69.8,43.8
CanadaCentral,5/8/2007,42.6,80.4,78.5,43.4
CanadaCentral,5/9/2007,44.8,82.5,76.1,42.5
CanadaCentral,5/10/2007,40,65.3,66.8,42.1
CanadaCentral,5/11/2007,41.6,52.6,62.8,39.7
CanadaCentral,5/12/2007,37.6,70.3,65.7,43.1
CanadaCentral,5/13/2007,50.1,74.1,65.6,43.1
CanadaCentral,5/14/2007,41.6,52.6,62.5,42.9
CanadaCentral,5/15/2007,36.9,60.8,58.2,35.9
CanadaCentral,5/16/2007,29.3,61.2,67,36
CanadaCentral,5/17/2007,41.8,79.1,69.1,35.9
CanadaCentral,5/18/2007,36.8,67.1,66,37.1
CanadaCentral,5/19/2007,32.8,51.9,57.7,36
CanadaCentral,5/20/2007,38.4,54.2,58.3,39.4
CanadaCentral,5/21/2007,46.9,68.8,58.4,43.3
CanadaCentral,5/22/2007,44.5,52,58.8,44.4
CanadaCentral,5/23/2007,41.6,55.6,52,40.1
CanadaCentral,5/24/2007,34.1,48.3,51.4,35.2
CanadaCentral,5/25/2007,29.9,50.3,50.4,32.7
CanadaCentral,5/26/2007,34.1,52.4,56.4,32.4
CanadaCentral,5/27/2007,33.2,66.5,63.1,38.2
CanadaCentral,5/28/2007,47.4,70.3,68.7,42.8
CanadaCentral,5/29/2007,47.7,69.4,64.1,47.2
CanadaCentral,5/30/2007,46.3,52.6,62,47.9
CanadaCentral,5/31/2007,49.7,64.1,63.5,48.6
CanadaCentral,6/1/2007,49.7,73.8,71.1,49.9
CanadaCentral,6/2/2007,50.3,75.4,76.4,50.3
CanadaCentral,6/3/2007,51,80,74,48.6
CanadaCentral,6/4/2007,44.7,66.5,72.7,44.4
CanadaCentral,6/5/2007,37.6,71.5,66.8,43.9
CanadaCentral,6/6/2007,49.4,62.4,63.8,42.9
CanadaCentral,6/7/2007,41.6,57.4,64.1,42.5
CanadaCentral,6/8/2007,36.6,72.5,68,42
CanadaCentral,6/9/2007,47.8,74.1,74.8,44.8
CanadaCentral,6/10/2007,50,77.8,78.1,52.2
CanadaCentral,6/11/2007,58.7,82.5,80,55.5
CanadaCentral,6/12/2007,57.9,79.8,79,57.3
CanadaCentral,6/13/2007,55.5,74.7,75.3,55
CanadaCentral,6/14/2007,51.6,71.3,72.3,53.2
CanadaCentral,6/15/2007,52.5,70.9,72,51
CanadaCentral,6/16/2007,49,73.7,70.1,52.2
CanadaCentral,6/17/2007,55,65.7,66.7,50.8
CanadaCentral,6/18/2007,48.4,60.7,65.8,50
CanadaCentral,6/19/2007,46.8,70.9,69.2,48
CanadaCentral,6/20/2007,48.9,75.9,74.6,49.7
CanadaCentral,6/21/2007,53.4,77.1,79.3,53.5
CanadaCentral,6/22/2007,58,84.9,81.7,56.5
CanadaCentral,6/23/2007,58.1,83.1,81.8,58.6
CanadaCentral,6/24/2007,59.6,77.4,76.3,57.9
CanadaCentral,6/25/2007,55.9,68.6,71.2,55.6
CanadaCentral,6/26/2007,51.4,67.5,64.3,50.4
CanadaCentral,6/27/2007,44,56.8,61.4,47.4
CanadaCentral,6/28/2007,46.8,59.8,61.9,45.9
CanadaCentral,6/29/2007,46.9,69,67.6,50.8
CanadaCentral,6/30/2007,58.9,74.1,73.7,55.6
CanadaCentral,7/1/2007,61,78,78.1,59.2
CanadaCentral,7/2/2007,57.6,82.1,80,59.3
CanadaCentral,7/3/2007,59.1,79.8,80.6,57
CanadaCentral,7/4/2007,54.4,79.8,79.8,56
CanadaCentral,7/5/2007,54.6,79.6,80.9,54.5
CanadaCentral,7/6/2007,54.6,83.3,83.4,57.2
CanadaCentral,7/7/2007,62.6,87.1,81.9,57
CanadaCentral,7/8/2007,53.9,75.3,77.6,54.8
CanadaCentral,7/9/2007,47.9,70.5,70.7,50.2
CanadaCentral,7/10/2007,48.8,66.4,69.1,47.5
CanadaCentral,7/11/2007,45.9,70.4,69.6,47.7
CanadaCentral,7/12/2007,48.3,72,74.6,48.5
CanadaCentral,7/13/2007,51.1,81.4,76.9,52.3
CanadaCentral,7/14/2007,57.5,77.4,76.7,54.1
CanadaCentral,7/15/2007,53.8,71.3,73.9,55.1
CanadaCentral,7/16/2007,53.9,73,75,55.2
CanadaCentral,7/17/2007,57.7,80.6,77.9,56.7
CanadaCentral,7/18/2007,58.6,80.1,78.7,55.6
CanadaCentral,7/19/2007,50.4,75.6,79.6,53.6
CanadaCentral,7/20/2007,51.8,83,80.9,53.8
CanadaCentral,7/21/2007,59.2,84.1,85.8,58.4
CanadaCentral,7/22/2007,64.3,90.1,88.6,63.4
CanadaCentral,7/23/2007,66.8,91.7,92.8,66.4
CanadaCentral,7/24/2007,67.9,96.6,91.8,66.8
CanadaCentral,7/25/2007,65.7,87,87.5,63.3
CanadaCentral,7/26/2007,56.3,78.7,82.3,57.9
CanadaCentral,7/27/2007,51.8,81.2,81.7,54.3
CanadaCentral,7/28/2007,54.9,85.3,86.3,56.1
CanadaCentral,7/29/2007,61.8,92.5,90,59.7
CanadaCentral,7/30/2007,62.6,92.2,92.2,63.6
CanadaCentral,7/31/2007,66.4,92,86.6,61.3
CanadaCentral,8/1/2007,54.8,75.7,82.4,57.6
CanadaCentral,8/2/2007,51.7,79.6,79.3,51.2
CanadaCentral,8/3/2007,47.2,82.7,80.9,52.6
CanadaCentral,8/4/2007,58.9,80.3,80,53.4
CanadaCentral,8/5/2007,54.2,77,73.3,54.7
CanadaCentral,8/6/2007,51.1,62.5,74.3,52.3
CanadaCentral,8/7/2007,51.6,83.5,74.1,54.9
CanadaCentral,8/8/2007,61.9,76.4,82,56.8
CanadaCentral,8/9/2007,57,86.2,78.4,59.3
CanadaCentral,8/10/2007,59,72.7,76.1,54.1
CanadaCentral,8/11/2007,46.2,69.4,71.1,47.9
CanadaCentral,8/12/2007,38.5,71.2,74.1,45.8
CanadaCentral,8/13/2007,52.6,81.7,74.5,46.7
CanadaCentral,8/14/2007,48.9,70.5,75.5,48.9
CanadaCentral,8/15/2007,45.1,74.2,71.5,44.2
CanadaCentral,8/16/2007,38.5,69.8,71.4,40.9
CanadaCentral,8/17/2007,39.1,70.1,70.9,41.7
CanadaCentral,8/18/2007,47.5,72.8,71.2,45.8
CanadaCentral,8/19/2007,50.9,70.6,69.8,50.9
CanadaCentral,8/20/2007,54.4,66,71.3,51.1
CanadaCentral,8/21/2007,48,77.3,71.7,50.1
CanadaCentral,8/22/2007,47.8,71.9,70.4,47.8
CanadaCentral,8/23/2007,47.6,61.9,65.5,46
CanadaCentral,8/24/2007,42.5,62.7,66.8,42.9
CanadaCentral,8/25/2007,38.6,75.8,74,44.7
CanadaCentral,8/26/2007,52.8,83.5,73.5,47.1
CanadaCentral,8/27/2007,49.7,61.4,70.5,48.4
CanadaCentral,8/28/2007,42.8,66.7,67.2,43
CanadaCentral,8/29/2007,36.5,73.5,74.8,43.3
CanadaCentral,8/30/2007,50.5,84.1,79.3,45.8
CanadaCentral,8/31/2007,50.4,80.2,84.5,54.3
CanadaCentral,9/1/2007,62,89.2,80.4,52.8
CanadaCentral,9/2/2007,46,71.8,79.5,53.1
CanadaCentral,9/3/2007,51.3,77.6,76.6,47.8
CanadaCentral,9/4/2007,46.1,80.6,77.9,49.1
CanadaCentral,9/5/2007,49.9,75.4,74.3,46.1
CanadaCentral,9/6/2007,42.3,66.9,68.7,44.9
CanadaCentral,9/7/2007,42.6,63.6,62.8,41.3
CanadaCentral,9/8/2007,38.9,57.7,62.1,38.4
CanadaCentral,9/9/2007,33.8,65,62.6,36.6
CanadaCentral,9/10/2007,37.1,65,61.6,34.3
CanadaCentral,9/11/2007,32,54.7,62.7,35.3
CanadaCentral,9/12/2007,36.7,68.5,57.6,34.2
CanadaCentral,9/13/2007,33.9,49.5,57.9,32.4
CanadaCentral,9/14/2007,26.6,55.8,59.5,31.1
CanadaCentral,9/15/2007,32.7,73.3,71.1,31.7
CanadaCentral,9/16/2007,35.7,84.2,79,39
CanadaCentral,9/17/2007,48.6,79.4,74.1,42.6
CanadaCentral,9/18/2007,43.5,58.8,67.9,40.8
CanadaCentral,9/19/2007,30.2,65.6,61.7,39.8
CanadaCentral,9/20/2007,45.8,60.7,63.2,38.6
CanadaCentral,9/21/2007,39.8,63.3,67.9,39.9
CanadaCentral,9/22/2007,34.2,79.7,73.4,41.1
CanadaCentral,9/23/2007,49.2,77.1,70.3,41.8
CanadaCentral,9/24/2007,41.9,54,63.7,42.2
CanadaCentral,9/25/2007,35.5,60,59.5,39.5
CanadaCentral,9/26/2007,41.1,64.5,61.3,37.7
CanadaCentral,9/27/2007,36.4,59.4,64.5,37.5
CanadaCentral,9/28/2007,35,69.5,69.2,39.6
CanadaCentral,9/29/2007,47.3,78.6,69.3,38.6
CanadaCentral,9/30/2007,33.6,59.7,70.3,37.9
CanadaCentral,10/1/2007,32.8,72.5,65.6,34.5
CanadaCentral,10/2/2007,37.1,64.6,68.9,34.9
CanadaCentral,10/3/2007,34.7,69.7,64.9,34
CanadaCentral,10/4/2007,30.3,60.4,58.7,34.1
CanadaCentral,10/5/2007,37.2,46.1,50,34.8
CanadaCentral,10/6/2007,37,43.3,44.8,37.2
CanadaCentral,10/7/2007,37.3,45.1,44.9,36.5
CanadaCentral,10/8/2007,35.3,46.4,47,36.1
CanadaCentral,10/9/2007,35.8,49.4,46.7,35.2
CanadaCentral,10/10/2007,34.4,44.4,45.5,34.9
CanadaCentral,10/11/2007,34.5,42.6,46.2,34
CanadaCentral,10/12/2007,33.2,51.6,50.9,32.6
CanadaCentral,10/13/2007,30.2,58.5,56.3,32
CanadaCentral,10/14/2007,32.5,58.9,58.6,30.8
CanadaCentral,10/15/2007,29.8,58.3,54.1,30.9
CanadaCentral,10/16/2007,30.4,45.2,51.7,33.8
CanadaCentral,10/17/2007,41.1,51.7,48.6,38.6
CanadaCentral,10/18/2007,44.3,48.9,52.4,39.2
CanadaCentral,10/19/2007,32.2,56.5,53.8,36.6
CanadaCentral,10/20/2007,33.3,56,54.2,31.4
CanadaCentral,10/21/2007,28.8,50.1,53.5,29.5
CanadaCentral,10/22/2007,26.4,54.3,52.9,28.4
CanadaCentral,10/23/2007,30.1,54.1,57.6,27.7
CanadaCentral,10/24/2007,26.4,64.3,60.8,30.3
CanadaCentral,10/25/2007,34.4,63.9,58.7,29.7
CanadaCentral,10/26/2007,28.2,48,50.5,26.5
CanadaCentral,10/27/2007,16.9,39.6,47.7,22.3
CanadaCentral,10/28/2007,21.8,55.4,53.1,21.4
CanadaCentral,10/29/2007,25.4,64.2,59.3,26.5
CanadaCentral,10/30/2007,32.2,58.2,56.3,26.6
CanadaCentral,10/31/2007,22.3,46.4,50.9,25.8
CanadaCentral,11/1/2007,22.8,48.2,45.4,22.3
CanadaCentral,11/2/2007,21.9,41.5,45.7,20.6
CanadaCentral,11/3/2007,17.2,47.3,42.7,20.9
CanadaCentral,11/4/2007,23.7,39.3,39.8,20.8
CanadaCentral,11/5/2007,21.5,32.8,35.3,19
CanadaCentral,11/6/2007,11.9,33.7,36.1,18.4
CanadaCentral,11/7/2007,21.9,41.9,38.9,18.2
CanadaCentral,11/8/2007,20.7,41.1,39.4,23.2
CanadaCentral,11/9/2007,27.1,35.1,42,24.2
CanadaCentral,11/10/2007,24.8,49.9,44.9,27.7
CanadaCentral,11/11/2007,31.4,49.5,50.7,25.7
CanadaCentral,11/12/2007,20.8,52.6,52.9,28.3
CanadaCentral,11/13/2007,32.7,56.5,47.6,24.2
CanadaCentral,11/14/2007,19,33.6,41.8,20.3
CanadaCentral,11/15/2007,9.1,35.3,35,16.6
CanadaCentral,11/16/2007,21.7,36.2,33.3,17
CanadaCentral,11/17/2007,20.1,28.4,35.7,23.3
CanadaCentral,11/18/2007,28.2,42.4,36.3,25.2
CanadaCentral,11/19/2007,27.3,38,36.1,22.2
CanadaCentral,11/20/2007,11.1,27.8,28.3,13.5
CanadaCentral,11/21/2007,2,19,23.8,6.4
CanadaCentral,11/22/2007,6.1,24.6,22.2,6.1
CanadaCentral,11/23/2007,10.2,23,26.7,9.1
CanadaCentral,11/24/2007,11,32.5,28.7,10.2
CanadaCentral,11/25/2007,9.5,30.6,24.9,2.8
CanadaCentral,11/26/2007,-12.2,11.7,14.9,-6.6
CanadaCentral,11/27/2007,-17.1,2.3,5.9,-12.1
CanadaCentral,11/28/2007,-6.9,3.6,1.5,-12
CanadaCentral,11/29/2007,-11.9,-1.4,3.9,-11
CanadaCentral,11/30/2007,-14.2,9.5,4.5,-11.5
CanadaCentral,12/1/2007,-8.3,5.4,6.6,-11.9
CanadaCentral,12/2/2007,-13.2,4.9,6.4,-9.4
CanadaCentral,12/3/2007,-6.8,8.8,8.3,-7.7
CanadaCentral,12/4/2007,-3.1,11.2,9.2,-7.7
CanadaCentral,12/5/2007,-13.2,7.5,9.6,-8.3
CanadaCentral,12/6/2007,-8.7,10,5.7,-12.1
CanadaCentral,12/7/2007,-14.5,-0.3,2.7,-15.2
CanadaCentral,12/8/2007,-22.4,-1.7,2.3,-17.2
CanadaCentral,12/9/2007,-14.7,8.9,7.4,-12.6
CanadaCentral,12/10/2007,-0.8,15.1,14.1,-4.8
CanadaCentral,12/11/2007,1.1,18.3,21.7,0.7
CanadaCentral,12/12/2007,1.9,31.6,23.5,-4
CanadaCentral,12/13/2007,-15,20.5,20.7,-10
CanadaCentral,12/14/2007,-16.8,10.1,15.7,-10.7
CanadaCentral,12/15/2007,-0.4,16.3,18,-2.8
CanadaCentral,12/16/2007,8.9,27.5,22.5,4.1
CanadaCentral,12/17/2007,3.9,23.5,24.4,3.7
CanadaCentral,12/18/2007,-1.8,22.2,25.8,-0.6
CanadaCentral,12/19/2007,-4,31.7,28.3,1.8
CanadaCentral,12/20/2007,11.3,31,29.6,3.2
CanadaCentral,12/21/2007,2.2,26,20.8,1.7
CanadaCentral,12/22/2007,-8.5,5.4,13.7,-3.1
CanadaCentral,12/23/2007,-3.1,9.7,15,-4
CanadaCentral,12/24/2007,-0.5,29.8,21.6,2.8
CanadaCentral,12/25/2007,12.1,25.2,23.6,6.6
CanadaCentral,12/26/2007,8.1,15.7,20.2,10.1
CanadaCentral,12/27/2007,10.1,19.7,17.2,5.6
CanadaCentral,12/28/2007,-1.4,16.4,17.7,2.6
CanadaCentral,12/29/2007,-0.8,17.1,15.9,-0.8
CanadaCentral,12/30/2007,-0.1,14.1,13,-3
CanadaCentral,12/31/2007,-8.1,7.7,10.7,-6.3
CanadaCentral,1/1/2008,-10.7,10.4,13,-11.1
CanadaCentral,1/2/2008,-14.6,20.7,20.8,-3.3
CanadaCentral,1/3/2008,15.4,31.3,27.4,5.1
CanadaCentral,1/4/2008,14.4,30.2,33.1,15.7
CanadaCentral,1/5/2008,17.3,37.6,34.7,16.7
CanadaCentral,1/6/2008,18.3,36.4,33.3,14.4
CanadaCentral,1/7/2008,7.7,26,26.8,8.1
CanadaCentral,1/8/2008,-1.5,17.9,22.2,1.7
CanadaCentral,1/9/2008,-0.9,22.8,17.9,0.9
CanadaCentral,1/10/2008,5,13.1,16.4,3.7
CanadaCentral,1/11/2008,6.8,13.5,15.6,7.3
CanadaCentral,1/12/2008,10,20.4,17.3,1.7
CanadaCentral,1/13/2008,-11.7,18.1,16.6,-5.2
CanadaCentral,1/14/2008,-14,11.5,19.5,-7.1
CanadaCentral,1/15/2008,4.5,29,17.6,-7.8
CanadaCentral,1/16/2008,-13.8,12.5,19.5,-7.9
CanadaCentral,1/17/2008,-14.4,17,6.8,-16
CanadaCentral,1/18/2008,-19.8,-9,1.5,-18.3
CanadaCentral,1/19/2008,-20.8,-3.4,-5.3,-21.3
CanadaCentral,1/20/2008,-23.3,-3.6,0.7,-20.5
CanadaCentral,1/21/2008,-17.5,9.2,4.5,-17.4
CanadaCentral,1/22/2008,-11.3,8,5.5,-15.9
CanadaCentral,1/23/2008,-18.8,-0.6,7.1,-14.7
CanadaCentral,1/24/2008,-14,13.9,8.2,-10.9
CanadaCentral,1/25/2008,0.1,11.1,14.7,-6.5
CanadaCentral,1/26/2008,-5.5,19.2,21.3,-0.2
CanadaCentral,1/27/2008,4.9,33.6,25.7,-4.5
CanadaCentral,1/28/2008,-13,24.4,15,-11.8
CanadaCentral,1/29/2008,-27.3,-13.1,-1,-24.4
CanadaCentral,1/30/2008,-33,-14.3,-4.4,-27.8
CanadaCentral,1/31/2008,-23,14.1,5.9,-21.9
CanadaCentral,2/1/2008,-9.6,18,12.6,-16.1
CanadaCentral,2/2/2008,-15.7,5.8,12.5,-6.7
CanadaCentral,2/3/2008,5.1,13.6,9.7,-6.3
CanadaCentral,2/4/2008,-8.4,9.7,9,-7.7
CanadaCentral,2/5/2008,-19.7,3.8,13.1,-11.9
CanadaCentral,2/6/2008,-7.8,25.8,17.8,-9
CanadaCentral,2/7/2008,0.4,23.9,23.9,-2.7
CanadaCentral,2/8/2008,-0.7,21.9,17.6,-7.8
CanadaCentral,2/9/2008,-23,7,5.6,-17.5
CanadaCentral,2/10/2008,-28.6,-12.1,-1.2,-22.3
CanadaCentral,2/11/2008,-15.1,1.4,2.4,-16.7
CanadaCentral,2/12/2008,-6.3,17.8,6.1,-11.7
CanadaCentral,2/13/2008,-13.7,-1,3.5,-12.6
CanadaCentral,2/14/2008,-18,-6.4,3.5,-13.8
CanadaCentral,2/15/2008,-9.7,17.7,15.5,-4.5
CanadaCentral,2/16/2008,14.1,35.2,27.2,-2.2
CanadaCentral,2/17/2008,-11.1,28.7,21.4,-5
CanadaCentral,2/18/2008,-18.1,0.5,8.1,-18.5
CanadaCentral,2/19/2008,-26.2,-4.9,-3,-24.9
CanadaCentral,2/20/2008,-30.6,-4.7,2.8,-22.7
CanadaCentral,2/21/2008,-11.4,18.2,11.1,-15.9
CanadaCentral,2/22/2008,-5.6,19.9,22.7,-5.8
CanadaCentral,2/23/2008,-0.3,30,25.5,-0.4
CanadaCentral,2/24/2008,4.6,26.6,26,5.4
CanadaCentral,2/25/2008,11.9,21.2,24,7.5
CanadaCentral,2/26/2008,6,24.2,23.5,7.3
CanadaCentral,2/27/2008,3.9,25.1,26.8,8.9
CanadaCentral,2/28/2008,16.8,31,26,8.8
CanadaCentral,2/29/2008,5.7,22,27.7,11
CanadaCentral,3/1/2008,10.4,30.1,26.7,4.2
CanadaCentral,3/2/2008,-3.5,28,22.7,-0.4
CanadaCentral,3/3/2008,-8.1,9.9,16.8,-4.7
CanadaCentral,3/4/2008,-2.6,12.5,10.5,-7.1
CanadaCentral,3/5/2008,-10.7,9,6.4,-11.6
CanadaCentral,3/6/2008,-21.5,-2.2,9.5,-18.4
CanadaCentral,3/7/2008,-22.9,21.7,14.3,-11.3
CanadaCentral,3/8/2008,10.6,23.4,22.2,-4.7
CanadaCentral,3/9/2008,-1.8,21.6,28.6,6.3
CanadaCentral,3/10/2008,10.1,40.9,34.7,10.3
CanadaCentral,3/11/2008,22.8,41.5,40.3,20.4
CanadaCentral,3/12/2008,28.5,38.5,37.8,24.2
CanadaCentral,3/13/2008,21.3,33.5,32.8,19.8
CanadaCentral,3/14/2008,9.7,26.4,28.6,12
CanadaCentral,3/15/2008,5,25.8,29.7,8
CanadaCentral,3/16/2008,9.3,36.9,34,13.6
CanadaCentral,3/17/2008,26.3,39.3,39.4,19.9
CanadaCentral,3/18/2008,24,41.8,37.9,22.7
CanadaCentral,3/19/2008,17.7,32.4,35.9,19
CanadaCentral,3/20/2008,15.2,33.4,33.1,19.3
CanadaCentral,3/21/2008,24.9,33.4,32.3,16.4
CanadaCentral,3/22/2008,9.1,30.1,31.8,11.9
CanadaCentral,3/23/2008,1.7,31.9,36.2,11
CanadaCentral,3/24/2008,22,46.5,39.2,13.6
CanadaCentral,3/25/2008,16.9,39.2,38.9,16.6
CanadaCentral,3/26/2008,10.9,30.9,35.1,14.4
CanadaCentral,3/27/2008,15.4,35,33.6,16.3
CanadaCentral,3/28/2008,22.7,34.7,34.4,21.8
CanadaCentral,3/29/2008,27.2,33.5,33.5,22.7
CanadaCentral,3/30/2008,18.2,32.3,32.5,19.6
CanadaCentral,3/31/2008,13.5,31.6,33.9,15.1
CanadaCentral,4/1/2008,13.7,37.7,37.6,15.6
CanadaCentral,4/2/2008,19.5,43.4,43.3,18.6
CanadaCentral,4/3/2008,22.7,48.8,44.8,21.7
CanadaCentral,4/4/2008,22.9,42.3,40.7,20.1
CanadaCentral,4/5/2008,14.8,31.1,37.4,18
CanadaCentral,4/6/2008,16.2,38.9,39.3,17
CanadaCentral,4/7/2008,20,48.1,46.7,20.5
CanadaCentral,4/8/2008,25.2,53,50.6,23.6
CanadaCentral,4/9/2008,25.6,50.8,51,27.8
CanadaCentral,4/10/2008,32.7,49.1,49,28.8
CanadaCentral,4/11/2008,28.1,46.9,47.9,28.7
CanadaCentral,4/12/2008,25.1,47.7,51.1,25
CanadaCentral,4/13/2008,21.7,58.7,59.7,27.6
CanadaCentral,4/14/2008,35.9,72.8,63.7,31.7
CanadaCentral,4/15/2008,37.5,59.5,61.6,33.9
CanadaCentral,4/16/2008,28.2,52.6,57,29.7
CanadaCentral,4/17/2008,23.3,59,59.7,28
CanadaCentral,4/18/2008,32.6,67.5,64.9,29.9
CanadaCentral,4/19/2008,33.7,68.3,65.5,33.2
CanadaCentral,4/20/2008,33.4,60.7,58.6,30.4
CanadaCentral,4/21/2008,24.2,46.8,52.2,26.9
CanadaCentral,4/22/2008,23.1,49.1,46.6,22.4
CanadaCentral,4/23/2008,19.8,44,42.1,22.6
CanadaCentral,4/24/2008,24.8,33.3,37.8,20.7
CanadaCentral,4/25/2008,17.3,36.2,36.8,21.7
CanadaCentral,4/26/2008,22.8,40.8,39.6,20
CanadaCentral,4/27/2008,19.8,41.9,44.1,20.9
CanadaCentral,4/28/2008,20.2,49.7,51.2,23.4
CanadaCentral,4/29/2008,30.2,61.9,56.7,28.9
CanadaCentral,4/30/2008,36.2,58.6,58.5,33.6
CanadaCentral,5/1/2008,34.4,55.1,54.6,31.4
CanadaCentral,5/2/2008,23.6,50,54.6,26.4
CanadaCentral,5/3/2008,21.3,58.7,55,22.8
CanadaCentral,5/4/2008,23.7,56.2,59.8,23.7
CanadaCentral,5/5/2008,26.1,64.4,60.4,28.2
CanadaCentral,5/6/2008,34.9,60.6,60.4,30.3
CanadaCentral,5/7/2008,29.9,56.1,57.9,30.1
CanadaCentral,5/8/2008,25.5,57,53.4,28
CanadaCentral,5/9/2008,28.7,47.2,51.9,26
CanadaCentral,5/10/2008,23.7,51.6,53.8,25
CanadaCentral,5/11/2008,22.7,62.6,55.3,27.8
CanadaCentral,5/12/2008,36.9,51.5,56.9,31.2
CanadaCentral,5/13/2008,33.9,56.6,57.8,35.4
CanadaCentral,5/14/2008,35.3,65.4,63.9,35
CanadaCentral,5/15/2008,35.9,69.9,70.7,38.2
CanadaCentral,5/16/2008,43.3,76.9,71.7,38.6
CanadaCentral,5/17/2008,36.6,68.5,70.8,37.8
CanadaCentral,5/18/2008,33.4,67.1,63.2,36.3
CanadaCentral,5/19/2008,39,54.1,60.7,35.1
CanadaCentral,5/20/2008,32.8,60.8,59.5,34.4
CanadaCentral,5/21/2008,31.4,63.5,62.7,34
CanadaCentral,5/22/2008,38,63.8,66,36.9
CanadaCentral,5/23/2008,41.5,70.5,68.3,41.4
CanadaCentral,5/24/2008,44.7,70.4,65.8,41.2
CanadaCentral,5/25/2008,37.4,56.5,60.1,38.7
CanadaCentral,5/26/2008,34.1,53.4,57.8,33.1
CanadaCentral,5/27/2008,27.9,63.6,61.9,31.6
CanadaCentral,5/28/2008,32.7,68.6,65.7,34
CanadaCentral,5/29/2008,41.4,64.9,67.5,40.9
CanadaCentral,5/30/2008,48.4,69.1,68.7,45.6
CanadaCentral,5/31/2008,46.8,71.9,70.2,46.7
CanadaCentral,6/1/2008,44.8,69.6,69.1,43.7
CanadaCentral,6/2/2008,39.3,65.9,65.7,43.3
CanadaCentral,6/3/2008,45.8,61.5,63.5,43.8
CanadaCentral,6/4/2008,46.2,63.2,63.5,45.1
CanadaCentral,6/5/2008,43.3,65.8,62.2,45.8
CanadaCentral,6/6/2008,47.8,57.7,64,45
CanadaCentral,6/7/2008,44.1,68.5,65.2,44.1
CanadaCentral,6/8/2008,40.5,69.5,64.6,43.8
CanadaCentral,6/9/2008,46.9,55.7,62.1,43.3
CanadaCentral,6/10/2008,42.5,61.1,56.1,44.9
CanadaCentral,6/11/2008,45.4,51.5,57.4,44.2
CanadaCentral,6/12/2008,44.6,59.5,58.2,44.1
CanadaCentral,6/13/2008,42.3,63.6,63.3,44
CanadaCentral,6/14/2008,45,66.8,64.4,44
CanadaCentral,6/15/2008,44.8,62.8,67.2,43.6
CanadaCentral,6/16/2008,41,72,70.9,43.8
CanadaCentral,6/17/2008,45.5,78,76.9,46.1
CanadaCentral,6/18/2008,51.9,80.5,78.8,47.6
CanadaCentral,6/19/2008,45.4,77.7,76.9,48.9
CanadaCentral,6/20/2008,49.5,72.6,75.7,47.3
CanadaCentral,6/21/2008,47,76.7,75.7,47.9
CanadaCentral,6/22/2008,47.2,77.8,76.6,48.6
CanadaCentral,6/23/2008,51.5,75.2,76.4,49.5
CanadaCentral,6/24/2008,49.9,76.2,75.9,51.6
CanadaCentral,6/25/2008,53.4,76.3,76.3,51.4
CanadaCentral,6/26/2008,50.9,76.6,72.8,50.8
CanadaCentral,6/27/2008,48.1,65.6,71.5,50
CanadaCentral,6/28/2008,51.1,72.3,71.8,49.3
CanadaCentral,6/29/2008,48.8,77.4,78.2,50.7
CanadaCentral,6/30/2008,52.4,85,81.8,51.5
CanadaCentral,7/1/2008,53.5,83,78.6,50.5
CanadaCentral,7/2/2008,45.5,67.6,74.8,47.2
CanadaCentral,7/3/2008,42.6,73.9,74.4,46.7
CanadaCentral,7/4/2008,52,81.9,79.8,50.2
CanadaCentral,7/5/2008,55.9,83.7,79.2,52.9
CanadaCentral,7/6/2008,50.9,72,75.2,52
CanadaCentral,7/7/2008,49.2,70,70.2,49.6
CanadaCentral,7/8/2008,48.8,68.6,70.7,48
CanadaCentral,7/9/2008,46.1,73.3,72.2,49.3
CanadaCentral,7/10/2008,53.1,74.5,72.9,51.7
CanadaCentral,7/11/2008,55.8,70.8,69.2,53.7
CanadaCentral,7/12/2008,52.3,62.4,69.8,53.1
CanadaCentral,7/13/2008,51,76.1,71.3,51.1
CanadaCentral,7/14/2008,50,75.5,74.6,50.1
CanadaCentral,7/15/2008,49.2,72.3,73.8,50.1
CanadaCentral,7/16/2008,51.3,73.5,72.4,50.5
CanadaCentral,7/17/2008,51.1,71.4,73.5,49.5
CanadaCentral,7/18/2008,46.2,75.5,72.4,50.5
CanadaCentral,7/19/2008,54.1,70.3,73.8,50.4
CanadaCentral,7/20/2008,50.8,75.7,74.7,51.9
CanadaCentral,7/21/2008,50.8,78.2,78.4,52
CanadaCentral,7/22/2008,54.3,81.5,77.6,56
CanadaCentral,7/23/2008,62.8,73.2,77.5,58.3
CanadaCentral,7/24/2008,57.9,77.7,75.7,57.7
CanadaCentral,7/25/2008,52.4,76.1,78.1,52.4
CanadaCentral,7/26/2008,46.8,80.3,78.9,49.9
CanadaCentral,7/27/2008,50.6,80.3,80.1,50.8
CanadaCentral,7/28/2008,55,79.7,77.7,53.1
CanadaCentral,7/29/2008,53.6,73,76.9,52.7
CanadaCentral,7/30/2008,49.5,78.1,75.3,51.2
CanadaCentral,7/31/2008,50.6,74.6,78.5,48.4
CanadaCentral,8/1/2008,45,82.9,77.5,50.6
CanadaCentral,8/2/2008,56.3,75.1,77.5,51.9
CanadaCentral,8/3/2008,54.4,74.7,74.3,53.6
CanadaCentral,8/4/2008,50.3,73.2,74.7,50.6
CanadaCentral,8/5/2008,47.3,76.1,75.1,49.6
CanadaCentral,8/6/2008,51.3,75.9,76.7,49.3
CanadaCentral,8/7/2008,49.4,78.2,76.9,51.5
CanadaCentral,8/8/2008,53.9,76.7,77.7,52.9
CanadaCentral,8/9/2008,55.4,78.1,77.7,55.2
CanadaCentral,8/10/2008,56.2,78.4,75.7,56.2
CanadaCentral,8/11/2008,57.1,70.7,74.9,55.1
CanadaCentral,8/12/2008,51.9,75.5,73.5,53.3
CanadaCentral,8/13/2008,51,74.3,75,51
CanadaCentral,8/14/2008,50.3,75.3,76.5,50.7
CanadaCentral,8/15/2008,51,80,78.9,51.1
CanadaCentral,8/16/2008,51.9,81.4,82.4,52.8
CanadaCentral,8/17/2008,55.5,85.8,81.6,53.1
CanadaCentral,8/18/2008,51.7,77.4,83.6,53.1
CanadaCentral,8/19/2008,52,87.5,83.2,54.4
CanadaCentral,8/20/2008,59.5,84.6,84.4,57.2
CanadaCentral,8/21/2008,60.2,81,77.2,56.9
CanadaCentral,8/22/2008,50.9,66,70.5,51.7
CanadaCentral,8/23/2008,44,64.5,68,44.9
CanadaCentral,8/24/2008,39.8,73.6,73.9,44.7
CanadaCentral,8/25/2008,50.3,83.6,79.1,48.1
CanadaCentral,8/26/2008,54.3,80,76.1,49.8
CanadaCentral,8/27/2008,44.8,64.6,71.9,47.5
CanadaCentral,8/28/2008,43.5,70.9,69.5,43.8
CanadaCentral,8/29/2008,43.2,73.1,77,45.6
CanadaCentral,8/30/2008,50.2,86.9,80.3,49.1
CanadaCentral,8/31/2008,53.8,80.8,74,50.6
CanadaCentral,9/1/2008,47.6,54.3,62.5,48
CanadaCentral,9/2/2008,42.5,52.5,57.4,41.7
CanadaCentral,9/3/2008,35,65.4,57.4,40.3
CanadaCentral,9/4/2008,43.3,54.5,60.7,39.6
CanadaCentral,9/5/2008,40.4,62.2,59.3,39.9
CanadaCentral,9/6/2008,36,61.2,59.9,38.2
CanadaCentral,9/7/2008,38.1,56.4,59.5,37.4
CanadaCentral,9/8/2008,38,60.9,62.4,38.2
CanadaCentral,9/9/2008,38.4,69.8,66.7,39.5
CanadaCentral,9/10/2008,42.1,69.2,68.9,41.4
CanadaCentral,9/11/2008,43.8,67.6,71,43
CanadaCentral,9/12/2008,43.2,76.2,68.4,43.4
CanadaCentral,9/13/2008,43.2,61.5,66.5,40.7
CanadaCentral,9/14/2008,35.8,61.7,64.6,40.9
CanadaCentral,9/15/2008,43.7,70.5,68.2,41.3
CanadaCentral,9/16/2008,44.3,72.3,70.2,43.9
CanadaCentral,9/17/2008,43.7,67.6,73.7,44.6
CanadaCentral,9/18/2008,45.8,81.1,73.3,43.7
CanadaCentral,9/19/2008,41.6,71.3,70.6,42.2
CanadaCentral,9/20/2008,39.1,59.4,69.7,41.1
CanadaCentral,9/21/2008,42.5,78.5,69.6,45.5
CanadaCentral,9/22/2008,55.1,70.8,71.1,48.5
CanadaCentral,9/23/2008,47.9,64,65.6,47.6
CanadaCentral,9/24/2008,40,62,67.3,43.4
CanadaCentral,9/25/2008,42.4,75.7,66.1,39.7
CanadaCentral,9/26/2008,36.5,60.6,65.2,36.8
CanadaCentral,9/27/2008,31.5,59.2,60.7,35.4
CanadaCentral,9/28/2008,38.2,62.2,60,34.6
CanadaCentral,9/29/2008,34.2,58.7,62.1,36.6
CanadaCentral,9/30/2008,37.5,65.4,63.3,34.8
CanadaCentral,10/1/2008,32.7,65.7,66.2,35.6
CanadaCentral,10/2/2008,36.6,67.4,66.3,34.5
CanadaCentral,10/3/2008,34.1,65.7,67.8,36.8
CanadaCentral,10/4/2008,39.5,70.2,64.7,39.7
CanadaCentral,10/5/2008,45.6,58.2,61.6,42.4
CanadaCentral,10/6/2008,42.1,56.5,58.3,42
CanadaCentral,10/7/2008,38.4,60.2,57.3,40.3
CanadaCentral,10/8/2008,40.5,55.2,54.2,36.6
CanadaCentral,10/9/2008,30.9,47.3,49.5,32.3
CanadaCentral,10/10/2008,25.5,46.1,45.4,29.2
CanadaCentral,10/11/2008,31.4,42.8,42.8,30.6
CanadaCentral,10/12/2008,34.9,39.6,39.9,32.4
CanadaCentral,10/13/2008,30.8,37.2,43.8,31.1
CanadaCentral,10/14/2008,27.7,54.5,45.8,28.3
CanadaCentral,10/15/2008,26.4,45.7,49.7,25.2
CanadaCentral,10/16/2008,21.5,48.9,50.2,24.8
CanadaCentral,10/17/2008,26.5,56.2,55.9,28.3
CanadaCentral,10/18/2008,36.8,62.5,56.5,29.6
CanadaCentral,10/19/2008,25.6,50.8,54.2,27.3
CanadaCentral,10/20/2008,19.6,49.3,48.5,26.1
CanadaCentral,10/21/2008,33.1,45.3,47,26.2
CanadaCentral,10/22/2008,26,46.3,46.9,27.1
CanadaCentral,10/23/2008,22.3,49,49.8,25.4
CanadaCentral,10/24/2008,27.9,54.1,51.5,28.1
CanadaCentral,10/25/2008,34.1,51.3,47,28.7
CanadaCentral,10/26/2008,24,35.5,41,24.8
CanadaCentral,10/27/2008,16.2,36.3,42.9,20
CanadaCentral,10/28/2008,19.9,56.8,52.1,21.3
CanadaCentral,10/29/2008,27.7,63.4,59.5,25.4
CanadaCentral,10/30/2008,28.6,58.3,57.7,26.4
CanadaCentral,10/31/2008,23,51.5,55.3,27.5
CanadaCentral,11/1/2008,31,56,53.9,27.6
CanadaCentral,11/2/2008,29,54.1,57,33.5
CanadaCentral,11/3/2008,40.5,61,56.6,34
CanadaCentral,11/4/2008,32.5,54.6,53,34.9
CanadaCentral,11/5/2008,31.7,43.3,43.3,29.1
CanadaCentral,11/6/2008,23.1,31.9,33.5,25.4
CanadaCentral,11/7/2008,21.3,25.3,28.3,19.5
CanadaCentral,11/8/2008,14,27.8,24.9,15
CanadaCentral,11/9/2008,9.7,21.5,24.2,10.1
CanadaCentral,11/10/2008,6.6,23.2,26.8,10.6
CanadaCentral,11/11/2008,15.5,35.7,31.9,15.7
CanadaCentral,11/12/2008,24.9,36.7,36.6,23.5
CanadaCentral,11/13/2008,30.2,37.5,35.4,24.8
CanadaCentral,11/14/2008,19.3,31.9,33.7,21.4
CanadaCentral,11/15/2008,14.7,31.7,31.2,17.2
CanadaCentral,11/16/2008,17.5,30,28.5,13.3
CanadaCentral,11/17/2008,7.7,23.7,28.9,14.5
CanadaCentral,11/18/2008,18.4,32.9,28,14
CanadaCentral,11/19/2008,15.9,27.5,25.5,10
CanadaCentral,11/20/2008,-4.1,16,20.2,3
CanadaCentral,11/21/2008,-2.8,17.1,20.5,-0.9
CanadaCentral,11/22/2008,4.4,28.5,27.2,6.2
CanadaCentral,11/23/2008,17,36.1,32.6,11.2
CanadaCentral,11/24/2008,12.1,33.3,34.9,15
CanadaCentral,11/25/2008,15.9,35.3,35.2,14.1
CanadaCentral,11/26/2008,14.2,37,35.8,15.4
CanadaCentral,11/27/2008,16.1,35.2,33.4,13
CanadaCentral,11/28/2008,8.7,28,30.5,11.5
CanadaCentral,11/29/2008,9.8,28.4,28.5,9.6
CanadaCentral,11/30/2008,10.3,29,29.5,7.5
CanadaCentral,12/1/2008,2.3,31.1,31.6,6.8
CanadaCentral,12/2/2008,7.9,34.7,27,4.4
CanadaCentral,12/3/2008,2.8,15.3,19.9,4.2
CanadaCentral,12/4/2008,1.8,9.7,16.3,3
CanadaCentral,12/5/2008,4.4,24,14.8,0
CanadaCentral,12/6/2008,-6.2,10.7,17.7,0.2
CanadaCentral,12/7/2008,2.3,18.5,13.3,-1.4
CanadaCentral,12/8/2008,-0.4,10.6,12.2,-1.6
CanadaCentral,12/9/2008,-6.7,7.6,13.7,-3.6
CanadaCentral,12/10/2008,-3.8,22.8,13,-6
CanadaCentral,12/11/2008,-7.6,8.6,18.5,-2.6
CanadaCentral,12/12/2008,3.5,24.2,16,-6.8
CanadaCentral,12/13/2008,-16.2,15.3,8.6,-11.3
CanadaCentral,12/14/2008,-21.2,-13.8,-4.4,-20.9
CanadaCentral,12/15/2008,-25.3,-14.8,-12.4,-22.6
CanadaCentral,12/16/2008,-21.1,-8.5,-8.8,-22.8
CanadaCentral,12/17/2008,-22,-2.9,-5.3,-21.4
CanadaCentral,12/18/2008,-21.2,-4.3,-3.7,-18.7
CanadaCentral,12/19/2008,-12.9,-4,-4.3,-17.3
CanadaCentral,12/20/2008,-18,-4.6,-6.1,-17.7
CanadaCentral,12/21/2008,-22.1,-9.8,-5.5,-22.2
CanadaCentral,12/22/2008,-26.5,-2.2,-4.9,-23.6
CanadaCentral,12/23/2008,-22.4,-2.6,-1.8,-24.6
CanadaCentral,12/24/2008,-24.9,-0.7,3.1,-19.7
CanadaCentral,12/25/2008,-11.8,12.6,8.4,-11.2
CanadaCentral,12/26/2008,2.9,13.5,12.1,-8
CanadaCentral,12/27/2008,-15,10.2,13,-7.2
CanadaCentral,12/28/2008,-9.5,15.4,12,-11
CanadaCentral,12/29/2008,-8.6,10.4,9.6,-11.5
CanadaCentral,12/30/2008,-16.5,3,6.1,-13.7
CanadaCentral,12/31/2008,-15.9,4.8,5.6,-15.9
CanadaCentral,1/1/2009,-15.3,9.1,3.3,-15.5
CanadaCentral,1/2/2009,-15.3,-3.9,1.6,-16.7
CanadaCentral,1/3/2009,-19.5,-0.3,-6.3,-21.8
CanadaCentral,1/4/2009,-30.6,-14.7,-5.1,-26.4
CanadaCentral,1/5/2009,-29,-0.2,-4.8,-22.6
CanadaCentral,1/6/2009,-8.3,0.5,0.3,-16.6
CanadaCentral,1/7/2009,-12.4,0.5,-0.1,-12.5
CanadaCentral,1/8/2009,-16.7,-1.3,2.1,-12.7
CanadaCentral,1/9/2009,-8.9,7.1,7.2,-10.7
CanadaCentral,1/10/2009,-6.6,15.7,13.6,-6
CanadaCentral,1/11/2009,-2.4,17.9,14.7,-10.4
CanadaCentral,1/12/2009,-22.3,10.4,6.9,-17.1
CanadaCentral,1/13/2009,-26.7,-7.5,-4.6,-28.2
CanadaCentral,1/14/2009,-35.5,-16.8,-10.4,-32.4
CanadaCentral,1/15/2009,-34.9,-6.9,0.2,-26.6
CanadaCentral,1/16/2009,-9.4,24.3,15.6,-8.8
CanadaCentral,1/17/2009,17.8,29.3,27.5,7.6
CanadaCentral,1/18/2009,14.4,28.9,28.7,14.4
CanadaCentral,1/19/2009,10.9,27.8,27.1,10.7
CanadaCentral,1/20/2009,6.7,24.6,25.4,7.6
CanadaCentral,1/21/2009,5.1,23.7,21.9,3.4
CanadaCentral,1/22/2009,-1.5,17.5,13.4,-4.7
CanadaCentral,1/23/2009,-17.7,-0.9,3.1,-13.3
CanadaCentral,1/24/2009,-20.7,-7.4,-6.1,-19.6
CanadaCentral,1/25/2009,-20.3,-10,-6.8,-21.7
CanadaCentral,1/26/2009,-24.1,-3,-0.7,-21.7
CanadaCentral,1/27/2009,-20.7,10.9,10,-15.1
CanadaCentral,1/28/2009,-0.5,22,15.3,-9
CanadaCentral,1/29/2009,-5.8,13.1,21.1,-1.3
CanadaCentral,1/30/2009,2.6,28.4,26.6,4.7
CanadaCentral,1/31/2009,17.2,38.4,29.3,2.2
CanadaCentral,2/1/2009,-13.3,21.2,17.9,-6
CanadaCentral,2/2/2009,-22,-6,7,-17.5
CanadaCentral,2/3/2009,-17.3,6,7.2,-12.1
CanadaCentral,2/4/2009,3,21.5,19.5,-1.4
CanadaCentral,2/5/2009,10,31,27.2,8.9
CanadaCentral,2/6/2009,13.7,29,27.6,12.3
CanadaCentral,2/7/2009,13.2,22.9,26.7,12.1
CanadaCentral,2/8/2009,9.5,28.1,28.2,15
CanadaCentral,2/9/2009,22.4,33.5,31.2,19.8
CanadaCentral,2/10/2009,27.5,31.9,31.2,21.6
CanadaCentral,2/11/2009,14.8,28.1,25.4,13.3
CanadaCentral,2/12/2009,-2.5,16.2,16.8,0.4
CanadaCentral,2/13/2009,-11.1,6,7.8,-10.4
CanadaCentral,2/14/2009,-17.7,1.1,4.2,-16.2
CanadaCentral,2/15/2009,-19.9,5.5,5,-18.6
CanadaCentral,2/16/2009,-18.2,8.4,8.7,-14.5
CanadaCentral,2/17/2009,-5.3,12.3,8.2,-13.8
CanadaCentral,2/18/2009,-17.9,3.8,8.2,-13
CanadaCentral,2/19/2009,-15.9,8.4,7.5,-13.6
CanadaCentral,2/20/2009,-7,10.3,9.3,-10
CanadaCentral,2/21/2009,-6.9,9.2,9.8,-7.7
CanadaCentral,2/22/2009,-9.1,9.9,11.5,-7.1
CanadaCentral,2/23/2009,-5.4,15.4,13.6,-2.7
CanadaCentral,2/24/2009,6.5,15.5,12.5,-3.3
CanadaCentral,2/25/2009,-10.9,6.5,5.7,-10.2
CanadaCentral,2/26/2009,-26.1,-4.9,-0.5,-23
CanadaCentral,2/27/2009,-32,-3.1,-1.7,-24.9
CanadaCentral,2/28/2009,-16.5,2.9,2.1,-23.7
CanadaCentral,3/1/2009,-22.5,6.6,8.1,-14.1
CanadaCentral,3/2/2009,-3.2,14.8,15.3,-4.7
CanadaCentral,3/3/2009,11.6,24.4,24.2,7.2
CanadaCentral,3/4/2009,13,33.6,30.7,14.1
CanadaCentral,3/5/2009,17.6,34.1,29.5,8.3
CanadaCentral,3/6/2009,-5.8,20.9,22.8,-1.9
CanadaCentral,3/7/2009,-17.5,13.2,19.7,-7.4
CanadaCentral,3/8/2009,1.2,24.9,15.2,-9.9
CanadaCentral,3/9/2009,-13.2,7.6,8.7,-9.8
CanadaCentral,3/10/2009,-17.2,-6.4,-1.4,-17
CanadaCentral,3/11/2009,-20.5,-5.3,0.3,-18.2
CanadaCentral,3/12/2009,-17,12.6,12.9,-13.7
CanadaCentral,3/13/2009,-3.5,31.3,27.4,-3.1
CanadaCentral,3/14/2009,11.3,38.4,35.4,8
CanadaCentral,3/15/2009,16.1,36.4,39,15.6
CanadaCentral,3/16/2009,19.4,42.2,36.6,16.8
CanadaCentral,3/17/2009,14.8,31.2,30.3,11.8
CanadaCentral,3/18/2009,1.1,17.6,25.3,4.3
CanadaCentral,3/19/2009,-3,27.1,26.9,5.9
CanadaCentral,3/20/2009,19.6,36,32.2,14.7
CanadaCentral,3/21/2009,27.4,33.4,35.5,26.6
CanadaCentral,3/22/2009,32.7,37.1,35.3,29.8
CanadaCentral,3/23/2009,29.2,35.3,33.9,25.2
CanadaCentral,3/24/2009,13.8,29.3,27.1,18.4
CanadaCentral,3/25/2009,12.3,16.7,21.6,9.4
CanadaCentral,3/26/2009,2.3,18.8,18.1,2.6
CanadaCentral,3/27/2009,-6.6,19,21.8,0
CanadaCentral,3/28/2009,4.4,27.6,25.6,1.6
CanadaCentral,3/29/2009,6.9,30.1,29.9,9.2
CanadaCentral,3/30/2009,16.1,32.1,31.5,12.5
CanadaCentral,3/31/2009,14.6,32.4,31.7,17.3
CanadaCentral,4/1/2009,21.3,30.6,32,18.5
CanadaCentral,4/2/2009,19.5,32.9,31.9,20.4
CanadaCentral,4/3/2009,20.3,32.2,32,18.1
CanadaCentral,4/4/2009,14.6,31,30.5,15.5
CanadaCentral,4/5/2009,11.7,28.4,31.2,12.2
CanadaCentral,4/6/2009,10.3,34.1,33.7,12.5
CanadaCentral,4/7/2009,15.4,38.5,37.5,16.6
CanadaCentral,4/8/2009,24.2,39.8,38.6,20.3
CanadaCentral,4/9/2009,21.5,37.6,38.1,22.6
CanadaCentral,4/10/2009,22.3,36.9,39.7,24.4
CanadaCentral,4/11/2009,29.4,44.5,42.4,28.8
CanadaCentral,4/12/2009,34.7,45.8,47.1,32.5
CanadaCentral,4/13/2009,33.5,50.9,51.6,34.2
CanadaCentral,4/14/2009,34.3,58.1,57,35.6
CanadaCentral,4/15/2009,38.9,62.1,57.4,37.4
CanadaCentral,4/16/2009,39,52.1,52.2,36.5
CanadaCentral,4/17/2009,31.5,42.5,44.4,33.2
CanadaCentral,4/18/2009,29.2,38.5,42.1,30.1
CanadaCentral,4/19/2009,29.5,45.4,46.7,29.2
CanadaCentral,4/20/2009,28.8,56.1,53.5,30.2
CanadaCentral,4/21/2009,32.4,58.9,57.6,30.2
CanadaCentral,4/22/2009,29.4,57.9,55.7,31.4
CanadaCentral,4/23/2009,32.6,50.2,50.2,28.6
CanadaCentral,4/24/2009,24,42.4,48.3,26.7
CanadaCentral,4/25/2009,23.6,52.2,47.9,26.2
CanadaCentral,4/26/2009,31,49.1,50.9,28.2
CanadaCentral,4/27/2009,29.9,51.6,50.3,31
CanadaCentral,4/28/2009,32.1,50.3,48.7,32.8
CanadaCentral,4/29/2009,36.3,44.3,48,34
CanadaCentral,4/30/2009,33.5,49.5,48.2,33.2
CanadaCentral,5/1/2009,29.8,50.7,51.8,30.7
CanadaCentral,5/2/2009,28.9,55.2,56.1,29.6
CanadaCentral,5/3/2009,30.3,62.4,61.5,31.6
CanadaCentral,5/4/2009,35.7,67,65.4,36.1
CanadaCentral,5/5/2009,42.4,66.8,67.2,38.7
CanadaCentral,5/6/2009,38.1,67.9,62,37.5
CanadaCentral,5/7/2009,31.9,51.4,52.6,33.1
CanadaCentral,5/8/2009,29.3,38.5,44.9,29.9
CanadaCentral,5/9/2009,28.6,44.7,47.3,28.2
CanadaCentral,5/10/2009,26.8,58.8,57,29.6
CanadaCentral,5/11/2009,33.4,67.5,64.8,34.4
CanadaCentral,5/12/2009,43,68,62.5,35.3
CanadaCentral,5/13/2009,29.4,51.9,55.8,32.4
CanadaCentral,5/14/2009,24.8,47.5,46.3,27.3
CanadaCentral,5/15/2009,27.8,39.5,48.4,25.7
CanadaCentral,5/16/2009,24.5,58.3,56.2,29.2
CanadaCentral,5/17/2009,35.4,70.9,61,31.4
CanadaCentral,5/18/2009,34.2,53.8,59.5,32.8
CanadaCentral,5/19/2009,28.8,53.7,55.9,33.2
CanadaCentral,5/20/2009,36.6,60.1,58.3,31.9
CanadaCentral,5/21/2009,30.3,61.1,61,33.1
CanadaCentral,5/22/2009,32.5,61.9,62.3,29.5
CanadaCentral,5/23/2009,25.8,64,65.8,31
CanadaCentral,5/24/2009,34.5,71.5,63,34.7
CanadaCentral,5/25/2009,43.8,53.4,63.2,39.8
CanadaCentral,5/26/2009,41.1,64.7,64,42.2
CanadaCentral,5/27/2009,41.7,74,67.9,41.6
CanadaCentral,5/28/2009,42.2,64.9,71.5,40.8
CanadaCentral,5/29/2009,38.7,75.6,70.6,38.8
CanadaCentral,5/30/2009,35.7,71.3,71.7,40.2
CanadaCentral,5/31/2009,46.4,68.2,69,40.7
CanadaCentral,6/1/2009,40.1,67.7,66.2,39.6
CanadaCentral,6/2/2009,32.5,62.6,67.6,35.8
CanadaCentral,6/3/2009,34.7,72.6,67.9,36
CanadaCentral,6/4/2009,40.9,68.4,64.7,35.9
CanadaCentral,6/5/2009,32.1,53.2,57.2,34.9
CanadaCentral,6/6/2009,31.7,50,51.9,34.8
CanadaCentral,6/7/2009,40.7,52.4,49.9,38
CanadaCentral,6/8/2009,41.7,47.2,51.1,40.7
CanadaCentral,6/9/2009,39.7,53.6,53.2,39
CanadaCentral,6/10/2009,35.5,58.8,58.9,39
CanadaCentral,6/11/2009,41.7,64.4,65.2,39.9
CanadaCentral,6/12/2009,42.5,72.6,70,42.7
CanadaCentral,6/13/2009,43.8,73.1,75.8,43.6
CanadaCentral,6/14/2009,44.3,81.5,77.9,46.4
CanadaCentral,6/15/2009,51.1,78.9,79.3,50
CanadaCentral,6/16/2009,54.4,77.5,78.7,54
CanadaCentral,6/17/2009,56.5,79.7,80.9,56.1
CanadaCentral,6/18/2009,57.4,85.6,80.7,55.9
CanadaCentral,6/19/2009,53.8,76.9,82.2,53.6
CanadaCentral,6/20/2009,49.5,84.1,80.8,54.3
CanadaCentral,6/21/2009,59.5,81.5,81.6,55
CanadaCentral,6/22/2009,55.9,79.4,78.5,55.5
CanadaCentral,6/23/2009,51.2,74.8,78.6,52.3
CanadaCentral,6/24/2009,49.7,81.7,79.6,49.1
CanadaCentral,6/25/2009,46.3,82.2,80.1,51.1
CanadaCentral,6/26/2009,57.2,76.4,75.6,52.5
CanadaCentral,6/27/2009,53.9,68.3,72.7,53.8
CanadaCentral,6/28/2009,50.3,73.4,70.3,51.6
CanadaCentral,6/29/2009,50.8,69.2,71.6,48.9
CanadaCentral,6/30/2009,45.8,72.2,71.9,48.5
CanadaCentral,7/1/2009,49,74.2,72.6,47.9
CanadaCentral,7/2/2009,48.9,71.5,72.8,48.6
CanadaCentral,7/3/2009,47.8,72.7,72.9,49.2
CanadaCentral,7/4/2009,51,74.4,72.1,48.1
CanadaCentral,7/5/2009,45.6,69.2,72.9,48.9
CanadaCentral,7/6/2009,50.2,75.1,70.6,48.6
CanadaCentral,7/7/2009,50,67.4,71.8,50
CanadaCentral,7/8/2009,49.8,73,70.7,51.5
CanadaCentral,7/9/2009,54.6,71.8,69.2,49.2
CanadaCentral,7/10/2009,43.3,62.7,67.2,45.2
CanadaCentral,7/11/2009,37.7,67.1,66.1,43.1
CanadaCentral,7/12/2009,48.2,68.4,68,43.9
CanadaCentral,7/13/2009,45.7,68.5,69.3,49.6
CanadaCentral,7/14/2009,55,71,66.4,48.8
CanadaCentral,7/15/2009,45.8,59.5,65.3,47.7
CanadaCentral,7/16/2009,42.4,65.4,65,42.8
CanadaCentral,7/17/2009,40.1,70,70.2,41.5
CanadaCentral,7/18/2009,41.8,75.1,75.4,43.9
CanadaCentral,7/19/2009,49.7,81.2,76.4,48.2
CanadaCentral,7/20/2009,53.1,72.8,76,51.6
CanadaCentral,7/21/2009,51.9,74,74.9,50.5
CanadaCentral,7/22/2009,46.5,78,77.1,50.3
CanadaCentral,7/23/2009,52.5,79.4,77.3,49.9
CanadaCentral,7/24/2009,50.5,74.5,77.6,50.7
CanadaCentral,7/25/2009,49.2,78.9,77.1,52.6
CanadaCentral,7/26/2009,58.1,78,76.2,52.4
CanadaCentral,7/27/2009,49.8,71.6,73.2,51.2
CanadaCentral,7/28/2009,45.6,70,69.3,47.5
CanadaCentral,7/29/2009,47.1,66.5,68.3,48.5
CanadaCentral,7/30/2009,52.6,68.6,66.6,49.6
CanadaCentral,7/31/2009,49.1,64.7,67.7,48.7
CanadaCentral,8/1/2009,44.5,69.7,68.7,48.5
CanadaCentral,8/2/2009,52,71.8,69.2,47.5
CanadaCentral,8/3/2009,46.1,66,68.7,46.3
CanadaCentral,8/4/2009,40.8,68.4,68.2,44.2
CanadaCentral,8/5/2009,45.7,70.2,70.2,42.7
CanadaCentral,8/6/2009,41.6,72,69.9,48.3
CanadaCentral,8/7/2009,57.7,67.6,68.3,51.4
CanadaCentral,8/8/2009,55.1,65.3,69.4,54
CanadaCentral,8/9/2009,49.3,75.4,73.9,50.5
CanadaCentral,8/10/2009,47.3,80.9,80.9,50.1
CanadaCentral,8/11/2009,53.7,86.3,85.2,51.3
CanadaCentral,8/12/2009,52.8,88.2,85.6,55.1
CanadaCentral,8/13/2009,58.9,82.3,81.1,57.1
CanadaCentral,8/14/2009,59.5,72.8,75.1,58.7
CanadaCentral,8/15/2009,57.6,70.2,69.9,55.9
CanadaCentral,8/16/2009,50.8,66.7,66.1,51.7
CanadaCentral,8/17/2009,46.7,61.2,67.9,45.7
CanadaCentral,8/18/2009,39.5,75.8,68.7,46.6
CanadaCentral,8/19/2009,53.6,69.1,71.2,48
CanadaCentral,8/20/2009,51,68.8,67.9,50.6
CanadaCentral,8/21/2009,47.2,65.9,70.1,48.6
CanadaCentral,8/22/2009,47.5,75.6,73.4,48
CanadaCentral,8/23/2009,49.2,78.6,74,50
CanadaCentral,8/24/2009,53.4,67.6,74.3,49.4
CanadaCentral,8/25/2009,45.6,76.6,76.1,49.5
CanadaCentral,8/26/2009,49.3,84,76.8,50.4
CanadaCentral,8/27/2009,56.3,69.9,73.9,50.7
CanadaCentral,8/28/2009,46.4,68,68.6,49
CanadaCentral,8/29/2009,44.3,67.8,69.4,43.4
CanadaCentral,8/30/2009,39.4,72.3,72.1,41.4
CanadaCentral,8/31/2009,40.7,76.2,75.8,42.7
CanadaCentral,9/1/2009,48.1,79,78.3,46.2
CanadaCentral,9/2/2009,49.8,79.8,78.8,48.9
CanadaCentral,9/3/2009,48.8,77.6,79,50.8
CanadaCentral,9/4/2009,53.6,79.7,80.4,51.7
CanadaCentral,9/5/2009,52.6,83.9,83.6,53.3
CanadaCentral,9/6/2009,53.8,87.1,82.7,53.5
CanadaCentral,9/7/2009,54.2,77.2,78.4,51.3
CanadaCentral,9/8/2009,46,71,75.5,47.6
CanadaCentral,9/9/2009,42.7,78.2,77.4,45.7
CanadaCentral,9/10/2009,48.3,82.9,75.9,47.5
CanadaCentral,9/11/2009,51.7,66.6,72.7,48.3
CanadaCentral,9/12/2009,45,68.5,70.9,48
CanadaCentral,9/13/2009,47.3,77.6,75.2,49.5
CanadaCentral,9/14/2009,56.3,79.6,80.2,52.6
CanadaCentral,9/15/2009,54.2,83.5,81.5,53.5
CanadaCentral,9/16/2009,49.9,81.4,82.9,51.2
CanadaCentral,9/17/2009,49.4,84,83.3,50.9
CanadaCentral,9/18/2009,53.5,84.6,85.6,50.8
CanadaCentral,9/19/2009,49.4,88,84.1,52.2
CanadaCentral,9/20/2009,53.7,79.6,76.1,50.1
CanadaCentral,9/21/2009,47.3,60.8,70.7,45.6
CanadaCentral,9/22/2009,35.9,71.9,71.9,41.6
CanadaCentral,9/23/2009,41.7,83.1,79.8,41.1
CanadaCentral,9/24/2009,45.7,84.5,82.3,44.4
CanadaCentral,9/25/2009,45.9,79.4,79.8,44.1
CanadaCentral,9/26/2009,40.7,75.6,70.8,42.9
CanadaCentral,9/27/2009,42.3,57.3,61.9,39.2
CanadaCentral,9/28/2009,34.7,52.7,55.9,36.4
CanadaCentral,9/29/2009,32.3,57.7,57,35.6
CanadaCentral,9/30/2009,39.9,60.8,56,37.9
CanadaCentral,10/1/2009,41.5,49.7,53.3,38.9
CanadaCentral,10/2/2009,35.4,49.4,47.9,37.8
CanadaCentral,10/3/2009,36.5,44.5,46.8,36.7
CanadaCentral,10/4/2009,38.2,46.5,44.3,36.6
CanadaCentral,10/5/2009,35.2,41.9,44.9,35.1
CanadaCentral,10/6/2009,32,46.3,44.4,33.8
CanadaCentral,10/7/2009,34.4,45,43.6,30.2
CanadaCentral,10/8/2009,24.2,39.7,38.7,25.8
CanadaCentral,10/9/2009,18.7,31.6,33.8,21.9
CanadaCentral,10/10/2009,22.7,30.3,31.5,22.2
CanadaCentral,10/11/2009,25.2,32.5,32.1,21.8
CanadaCentral,10/12/2009,17.7,33.4,34.2,18.8
CanadaCentral,10/13/2009,13.4,36.6,33.7,19.5
CanadaCentral,10/14/2009,27.3,31.2,33.9,23.4
CanadaCentral,10/15/2009,29.6,33.9,33.7,28.7
CanadaCentral,10/16/2009,29.2,35.8,41.5,29.7
CanadaCentral,10/17/2009,30.3,54.8,52.9,32.4
CanadaCentral,10/18/2009,37.5,68,56.3,34.1
CanadaCentral,10/19/2009,34.5,46.1,51.7,35.8
CanadaCentral,10/20/2009,35.5,41.1,43.9,32.6
CanadaCentral,10/21/2009,27.9,44.4,43.9,29.7
CanadaCentral,10/22/2009,25.9,46.1,47.6,27.2
CanadaCentral,10/23/2009,28,52.2,46,27
CanadaCentral,10/24/2009,27,39.7,45.1,28.9
CanadaCentral,10/25/2009,31.7,43.2,44.2,28.4
CanadaCentral,10/26/2009,26.5,49.6,47.2,30.4
CanadaCentral,10/27/2009,33.1,48.7,46.4,30.2
CanadaCentral,10/28/2009,31.2,40.8,42.7,31.3
CanadaCentral,10/29/2009,29.6,38.6,38.6,29.4
CanadaCentral,10/30/2009,27.6,36.3,37.7,26.9
CanadaCentral,10/31/2009,23.6,38.1,39.2,25.7
CanadaCentral,11/1/2009,26,43.1,39.3,23.4
CanadaCentral,11/2/2009,20.7,36.6,41.6,22.8
CanadaCentral,11/3/2009,21.6,45,42.8,20
CanadaCentral,11/4/2009,17.6,46.7,45.5,19.3
CanadaCentral,11/5/2009,18.8,45,51.7,22.5
CanadaCentral,11/6/2009,31.2,63.3,53.8,25.7
CanadaCentral,11/7/2009,27.2,53.1,57.5,27.8
CanadaCentral,11/8/2009,24.9,56.1,53.1,23.8
CanadaCentral,11/9/2009,19.3,50,53.5,21.9
CanadaCentral,11/10/2009,21.6,54.5,52.1,21.7
CanadaCentral,11/11/2009,24.1,51.8,50.4,24.5
CanadaCentral,11/12/2009,27.7,44.8,46.2,22.4
CanadaCentral,11/13/2009,15.4,41.9,43.6,19.5
CanadaCentral,11/14/2009,15.5,44,42.8,14.7
CanadaCentral,11/15/2009,13.3,42.4,45.3,17.1
CanadaCentral,11/16/2009,22.4,49.6,49.9,22.4
CanadaCentral,11/17/2009,31.5,57.6,54,25.8
CanadaCentral,11/18/2009,23.6,54.8,53.3,24.3
CanadaCentral,11/19/2009,17.9,47.4,50.9,20.2
CanadaCentral,11/20/2009,19.1,50.6,49.3,21.5
CanadaCentral,11/21/2009,27.3,50,47.8,21.9
CanadaCentral,11/22/2009,19.3,42.9,45.8,21.6
CanadaCentral,11/23/2009,18.2,44.7,41.8,17.2
CanadaCentral,11/24/2009,14.2,37.9,37.9,15.1
CanadaCentral,11/25/2009,13,31.3,35.4,13.2
CanadaCentral,11/26/2009,12.5,37,34.7,15.1
CanadaCentral,11/27/2009,19.9,35.7,36.3,17.2
CanadaCentral,11/28/2009,19.1,36.1,35.7,16.7
CanadaCentral,11/29/2009,11.2,35.3,37.6,18.6
CanadaCentral,11/30/2009,25.4,41.6,36.3,18.7
CanadaCentral,12/1/2009,19.5,32,31.4,17.2
CanadaCentral,12/2/2009,6.7,20.7,21.7,8.9
CanadaCentral,12/3/2009,0.3,12.2,13.4,-1.4
CanadaCentral,12/4/2009,-11.3,7.3,9.2,-7.6
CanadaCentral,12/5/2009,-11.8,8,8.9,-9.9
CanadaCentral,12/6/2009,-6.6,11.2,7.3,-12.3
CanadaCentral,12/7/2009,-18.5,2.6,1.5,-17.1
CanadaCentral,12/8/2009,-26.1,-9.4,-5.2,-25.1
CanadaCentral,12/9/2009,-30.8,-8.8,-8.5,-26.4
CanadaCentral,12/10/2009,-22.4,-7.2,-3.2,-24.9
CanadaCentral,12/11/2009,-21.7,6.5,-1.5,-21.8
CanadaCentral,12/12/2009,-21.4,-3.9,-4.4,-22.5
CanadaCentral,12/13/2009,-24.6,-15.7,-9.2,-21.9
CanadaCentral,12/14/2009,-19.8,-7.8,-7.9,-22.8
CanadaCentral,12/15/2009,-24.1,0,2.3,-18.3
CanadaCentral,12/16/2009,-10.9,14.7,11.2,-11.4
CanadaCentral,12/17/2009,0.8,18.9,15.6,-3.6
CanadaCentral,12/18/2009,-0.7,13.1,16.7,3.4
CanadaCentral,12/19/2009,10.3,18,17,5
CanadaCentral,12/20/2009,5.5,19.9,15.9,2.8
CanadaCentral,12/21/2009,-7.4,9.9,15.3,-0.8
CanadaCentral,12/22/2009,-0.5,16,15.4,0.3
CanadaCentral,12/23/2009,8.7,20.3,16.1,3.5
CanadaCentral,12/24/2009,2.2,12,15.5,5.3
CanadaCentral,12/25/2009,5,14.2,13,3.3
CanadaCentral,12/26/2009,2.6,12.9,15.6,3
CanadaCentral,12/27/2009,1.3,19.6,15.6,-1.2
CanadaCentral,12/28/2009,-7.7,14.4,15.4,-3.8
CanadaCentral,12/29/2009,-4.9,12.1,11.8,-4.6
CanadaCentral,12/30/2009,-1.2,8.9,6.9,-7.8
CanadaCentral,12/31/2009,-17.2,-0.2,-1.1,-17.1
CanadaCentral,1/1/2010,-32.9,-12,-4.2,-24.2
CanadaCentral,1/2/2010,-22.6,-0.3,-2.4,-19.6
CanadaCentral,1/3/2010,-3.2,5.1,4.6,-7.6
CanadaCentral,1/4/2010,3,8.9,7.4,1.2
CanadaCentral,1/5/2010,3.9,8.2,7.1,-3.7
CanadaCentral,1/6/2010,-18,4.2,-0.6,-14.6
CanadaCentral,1/7/2010,-29.6,-14,-5.7,-25.9
CanadaCentral,1/8/2010,-30.1,-7.3,-3,-24.6
CanadaCentral,1/9/2010,-14.2,12.4,8.7,-12.7
CanadaCentral,1/10/2010,6.1,21,19.1,-1.9
CanadaCentral,1/11/2010,2.3,24,25.9,9.2
CanadaCentral,1/12/2010,19.2,32.7,31.6,13.2
CanadaCentral,1/13/2010,18,38.2,33.4,17.5
CanadaCentral,1/14/2010,15.3,29.5,33.6,17.1
CanadaCentral,1/15/2010,18.2,33,33.9,19
CanadaCentral,1/16/2010,23.5,39.2,34.5,15.5
CanadaCentral,1/17/2010,4.8,31.3,31.1,9.2
CanadaCentral,1/18/2010,-0.7,22.7,24.7,3.9
CanadaCentral,1/19/2010,7.6,20.2,23.1,7.4
CanadaCentral,1/20/2010,15.3,26.3,23.6,14.2
CanadaCentral,1/21/2010,19.9,24.3,26.2,19.3
CanadaCentral,1/22/2010,22.8,27.9,27.6,22.8
CanadaCentral,1/23/2010,25.9,30.5,28.3,20.8
CanadaCentral,1/24/2010,13.7,26.6,23.6,10.3
CanadaCentral,1/25/2010,-8.7,13.7,14.5,-1.3
CanadaCentral,1/26/2010,-8.9,3.2,5.5,-9
CanadaCentral,1/27/2010,-9.4,-0.3,1.6,-12.3
CanadaCentral,1/28/2010,-18.7,1.9,1.3,-15.8
CanadaCentral,1/29/2010,-19.2,2.3,3.4,-18.9
CanadaCentral,1/30/2010,-18.8,6,3.6,-17
CanadaCentral,1/31/2010,-12.9,2.5,3.3,-16.1
CanadaCentral,2/1/2010,-16.6,1.4,4.3,-13.3
CanadaCentral,2/2/2010,-10.4,8.9,9.6,-9.8
CanadaCentral,2/3/2010,-2.2,18.6,14.1,-5.6
CanadaCentral,2/4/2010,-4.1,14.9,17.8,2.2
CanadaCentral,2/5/2010,13,20,19.3,8.6
CanadaCentral,2/6/2010,17.1,22.9,21.2,6.9
CanadaCentral,2/7/2010,-9.4,20.6,16.6,-1.3
CanadaCentral,2/8/2010,-11.6,6.3,11.3,-11.3
CanadaCentral,2/9/2010,-12.9,6.8,6.6,-13.1
CanadaCentral,2/10/2010,-14.9,6.6,8.7,-11.1
CanadaCentral,2/11/2010,-5.6,12.6,11.9,-6.8
CanadaCentral,2/12/2010,0.1,16.3,14.9,-1.6
CanadaCentral,2/13/2010,0.8,15.6,14.3,-2.7
CanadaCentral,2/14/2010,-9.1,10.8,13.5,-6.7
CanadaCentral,2/15/2010,-11.7,13.9,13.9,-9.8
CanadaCentral,2/16/2010,-8.7,17,14.9,-7.1
CanadaCentral,2/17/2010,-1,13.9,16.5,-0.6
CanadaCentral,2/18/2010,8,18.5,17.9,6.5
CanadaCentral,2/19/2010,12.5,21.2,19.6,8.2
CanadaCentral,2/20/2010,4.3,19.2,19.8,6.5
CanadaCentral,2/21/2010,2.7,19.1,18.7,3.4
CanadaCentral,2/22/2010,3.2,17.9,15.4,-3.9
CanadaCentral,2/23/2010,-17.7,9.3,12.1,-10.4
CanadaCentral,2/24/2010,-16.7,9.2,11.9,-10.7
CanadaCentral,2/25/2010,2.3,17.1,15.2,-3.1
CanadaCentral,2/26/2010,5.2,19.2,18.7,5.2
CanadaCentral,2/27/2010,8.1,19.6,21.4,6
CanadaCentral,2/28/2010,4.8,25.4,22.4,3.4
CanadaCentral,3/1/2010,-2.6,22.2,23.5,3.2
CanadaCentral,3/2/2010,7.5,22.9,22.4,2.5
CanadaCentral,3/3/2010,2.5,22.2,24.3,9.3
CanadaCentral,3/4/2010,18,27.9,25.7,13.5
CanadaCentral,3/5/2010,20,26.9,28.2,17.1
CanadaCentral,3/6/2010,13.4,29.8,30.3,15
CanadaCentral,3/7/2010,11.5,34.1,32.4,18.5
CanadaCentral,3/8/2010,30.7,33.3,33.1,24.2
CanadaCentral,3/9/2010,30.5,31.9,32.8,30.6
CanadaCentral,3/10/2010,30.7,33.3,32.7,30.5
CanadaCentral,3/11/2010,30.2,33,34.5,28.2
CanadaCentral,3/12/2010,23.5,37.4,36.6,25.6
CanadaCentral,3/13/2010,23,39.4,37.6,25.2
CanadaCentral,3/14/2010,29.2,36.1,38.3,25.1
CanadaCentral,3/15/2010,23.2,39.4,39.3,23.8
CanadaCentral,3/16/2010,19,42.3,43.5,22.6
CanadaCentral,3/17/2010,25.5,48.7,43.3,21.2
CanadaCentral,3/18/2010,19.1,38.8,37.8,19.5
CanadaCentral,3/19/2010,13.9,25.8,34.7,16.1
CanadaCentral,3/20/2010,15.2,39.4,36,17.8
CanadaCentral,3/21/2010,24.3,42.9,39.4,21.9
CanadaCentral,3/22/2010,26.3,36,38.1,24.5
CanadaCentral,3/23/2010,23,35.5,35.5,19.5
CanadaCentral,3/24/2010,9.4,34.9,31.5,12.8
CanadaCentral,3/25/2010,6.1,24.2,33.9,11.1
CanadaCentral,3/26/2010,17.8,42.6,34.4,15.1
CanadaCentral,3/27/2010,21.3,36.4,44.7,20.9
CanadaCentral,3/28/2010,23.8,55.1,51.4,26.6
CanadaCentral,3/29/2010,34.9,62.6,59.2,31.6
CanadaCentral,3/30/2010,36.1,60,59.9,34.2
CanadaCentral,3/31/2010,31.6,57.1,56.8,32.7
CanadaCentral,4/1/2010,30.6,53.3,51.7,30.7
CanadaCentral,4/2/2010,30,44.7,50.1,29.2
CanadaCentral,4/3/2010,27.2,52.5,51.2,29.3
CanadaCentral,4/4/2010,30.7,56.3,55.3,28.7
CanadaCentral,4/5/2010,28.2,57.1,55.4,28.5
CanadaCentral,4/6/2010,26.6,52.8,55.4,26
CanadaCentral,4/7/2010,23,56.3,56.6,25
CanadaCentral,4/8/2010,25.3,60.7,56.2,25.3
CanadaCentral,4/9/2010,27.4,51.7,54.2,25.4
CanadaCentral,4/10/2010,23.6,50.3,50.5,24.1
CanadaCentral,4/11/2010,21.3,49.4,48.9,25.4
CanadaCentral,4/12/2010,31.3,46.9,50.5,30.6
CanadaCentral,4/13/2010,39.2,55.2,53.8,37
CanadaCentral,4/14/2010,40.5,59.4,55.5,36.8
CanadaCentral,4/15/2010,30.8,51.8,56.7,32.2
CanadaCentral,4/16/2010,25.4,58.9,58.6,27.9
CanadaCentral,4/17/2010,27.4,65.2,64.3,28.2
CanadaCentral,4/18/2010,31.7,68.9,68.3,31.6
CanadaCentral,4/19/2010,35.5,70.8,68.3,34.1
CanadaCentral,4/20/2010,34.9,65.1,65.8,33
CanadaCentral,4/21/2010,28.7,61.4,65.6,31.5
CanadaCentral,4/22/2010,30.9,70.3,68.8,31.8
CanadaCentral,4/23/2010,35.9,74.7,70.2,35.4
CanadaCentral,4/24/2010,39.4,65.6,66.7,36
CanadaCentral,4/25/2010,32.8,59.6,58.9,35.9
CanadaCentral,4/26/2010,35.5,51.4,58.4,33.1
CanadaCentral,4/27/2010,31.1,64.1,60.1,35.8
CanadaCentral,4/28/2010,40.7,64.7,63,37.9
CanadaCentral,4/29/2010,41.7,60.3,59.6,41.3
CanadaCentral,4/30/2010,41.5,53.9,52.4,40.1
CanadaCentral,5/1/2010,37,43.1,46.3,36.5
CanadaCentral,5/2/2010,31,41.8,45.4,33.1
CanadaCentral,5/3/2010,31.3,51.3,46.6,31.8
CanadaCentral,5/4/2010,33.3,46.5,46,32
CanadaCentral,5/5/2010,31.5,40.2,42.6,31.7
CanadaCentral,5/6/2010,30.3,41.1,41.9,30.3
CanadaCentral,5/7/2010,29.2,44.3,46.3,27.8
CanadaCentral,5/8/2010,24,53.5,51.5,27.2
CanadaCentral,5/9/2010,28.3,56.5,55.3,30.3
CanadaCentral,5/10/2010,38.7,55.7,55.5,34.4
CanadaCentral,5/11/2010,36.2,54.2,55.1,35.6
CanadaCentral,5/12/2010,32,55.4,57.1,34.1
CanadaCentral,5/13/2010,34.1,61.6,63.9,34.6
CanadaCentral,5/14/2010,37.8,74.7,71.2,37.3
CanadaCentral,5/15/2010,40,77.2,76.4,40.9
CanadaCentral,5/16/2010,44.9,77.3,77.9,42.9
CanadaCentral,5/17/2010,43.7,79.1,79.4,45
CanadaCentral,5/18/2010,46.4,81.9,81.2,45.8
CanadaCentral,5/19/2010,47.3,82.5,81.6,47.1
CanadaCentral,5/20/2010,47.5,80.4,77.1,47.8
CanadaCentral,5/21/2010,48.7,68.2,72.1,48.5
CanadaCentral,5/22/2010,49.4,67.6,67.9,48.1
CanadaCentral,5/23/2010,46.1,67.9,65,46.3
CanadaCentral,5/24/2010,43.4,59.6,62.6,45.1
CanadaCentral,5/25/2010,45.7,60.2,61.9,42.9
CanadaCentral,5/26/2010,39.7,66,59.4,43.2
CanadaCentral,5/27/2010,44.2,52,59.3,43.5
CanadaCentral,5/28/2010,46.6,59.9,58.7,46.4
CanadaCentral,5/29/2010,48.4,64.1,61.2,46.1
CanadaCentral,5/30/2010,43.2,59.6,62.3,44.5
CanadaCentral,5/31/2010,42,63.1,61.4,41.7
CanadaCentral,6/1/2010,40,61.4,64.7,39.4
CanadaCentral,6/2/2010,36.1,69.7,66.3,41.1
CanadaCentral,6/3/2010,47.1,68,67.8,44.3
CanadaCentral,6/4/2010,49.7,65.9,67.9,48
CanadaCentral,6/5/2010,47.2,69.9,67.9,48.6
CanadaCentral,6/6/2010,48.9,67.8,71.1,47.4
CanadaCentral,6/7/2010,46.1,75.5,70.4,49.1
CanadaCentral,6/8/2010,52.2,67.8,67.8,47.8
CanadaCentral,6/9/2010,45.1,60.2,60.3,47.6
CanadaCentral,6/10/2010,45.5,53,56.6,46.6
CanadaCentral,6/11/2010,49.1,56.7,57.3,48.1
CanadaCentral,6/12/2010,49.6,62.1,63.2,47
CanadaCentral,6/13/2010,42.1,70.7,68.5,45.1
CanadaCentral,6/14/2010,43.7,72.8,72.8,44.6
CanadaCentral,6/15/2010,48,75.1,75.3,47.4
CanadaCentral,6/16/2010,50.4,78,73.5,51.8
CanadaCentral,6/17/2010,57.1,67.6,70.5,52.8
CanadaCentral,6/18/2010,50.8,65.9,68.3,52.5
CanadaCentral,6/19/2010,49.6,71.4,71.6,50.9
CanadaCentral,6/20/2010,52.3,77.4,73.9,52.3
CanadaCentral,6/21/2010,55.1,73,75,53.5
CanadaCentral,6/22/2010,53.1,74.7,74.4,52.9
CanadaCentral,6/23/2010,50.6,75.4,74.7,52.4
CanadaCentral,6/24/2010,53.4,74.2,76.1,53.3
CanadaCentral,6/25/2010,55.8,78.7,76.1,55.2
CanadaCentral,6/26/2010,56.5,75.4,75.2,54.3
CanadaCentral,6/27/2010,50.7,71.7,72,51.5
CanadaCentral,6/28/2010,47.1,68.9,70.6,49.3
CanadaCentral,6/29/2010,50,71.3,72.9,51.2
CanadaCentral,6/30/2010,56.5,78.5,78,57.2
CanadaCentral,7/1/2010,65,84.2,82.1,61.8
CanadaCentral,7/2/2010,63.7,83.5,82.4,62.6
CanadaCentral,7/3/2010,59.1,79.5,79.2,58.5
CanadaCentral,7/4/2010,52.6,74.6,75.6,54.5
CanadaCentral,7/5/2010,51.7,72.8,72.8,51.9
CanadaCentral,7/6/2010,51.3,71.1,72.5,50.2
CanadaCentral,7/7/2010,47.7,73.6,72.1,49.8
CanadaCentral,7/8/2010,50.3,71.5,75.2,49.2
CanadaCentral,7/9/2010,49.5,80.6,77.3,51.5
CanadaCentral,7/10/2010,54.8,79.8,77,51.2
CanadaCentral,7/11/2010,49.4,70.5,74.6,49.8
CanadaCentral,7/12/2010,45.2,73.6,73.1,50
CanadaCentral,7/13/2010,55.5,75.3,72.7,51.6
CanadaCentral,7/14/2010,54.2,69.1,73.1,53.5
CanadaCentral,7/15/2010,50.9,75,74.6,52.3
CanadaCentral,7/16/2010,51.7,79.9,76.4,52.4
CanadaCentral,7/17/2010,54.6,74.5,76.6,51.6
CanadaCentral,7/18/2010,48.6,75.4,74.5,50.9
CanadaCentral,7/19/2010,49.6,73.7,74.6,48.9
CanadaCentral,7/20/2010,48.6,74.6,74.8,48.7
CanadaCentral,7/21/2010,48,76.1,73.5,49.7
CanadaCentral,7/22/2010,52.6,69.8,72.9,50.1
CanadaCentral,7/23/2010,49.7,72.7,73.6,51.9
CanadaCentral,7/24/2010,53.2,78.3,76.8,51.8
CanadaCentral,7/25/2010,52.5,79.2,81.1,55.6
CanadaCentral,7/26/2010,60.9,85.7,79.5,55.9
CanadaCentral,7/27/2010,54.2,73.6,78.6,55.6
CanadaCentral,7/28/2010,51.6,76.4,75.2,53.6
CanadaCentral,7/29/2010,54.9,75.6,76.6,55
CanadaCentral,7/30/2010,58.4,77.7,79.5,56.3
CanadaCentral,7/31/2010,55.6,85.2,80.5,57
CanadaCentral,8/1/2010,56.9,78.6,81.3,55.9
CanadaCentral,8/2/2010,55.4,80.1,78.5,56.5
CanadaCentral,8/3/2010,57.2,76.8,76.6,55.4
CanadaCentral,8/4/2010,53.6,72.9,74.6,53.7
CanadaCentral,8/5/2010,50.2,74.1,74.5,50.8
CanadaCentral,8/6/2010,48.5,76.4,78.2,51.5
CanadaCentral,8/7/2010,55.8,84,82.1,54.2
CanadaCentral,8/8/2010,58.3,85.8,85.9,58.1
CanadaCentral,8/9/2010,60,87.8,86,59.5
CanadaCentral,8/10/2010,60.2,84.3,84.6,58.8
CanadaCentral,8/11/2010,56.4,81.7,82.8,59
CanadaCentral,8/12/2010,60.4,82.2,79.1,57.9
CanadaCentral,8/13/2010,56.9,73.4,73.6,57.4
CanadaCentral,8/14/2010,54.8,65.1,68.6,54.4
CanadaCentral,8/15/2010,51.4,67.4,66.6,49.7
CanadaCentral,8/16/2010,42.8,67.4,68.5,44.9
CanadaCentral,8/17/2010,40.5,70.9,68.6,41.1
CanadaCentral,8/18/2010,40,67.6,71.7,42.4
CanadaCentral,8/19/2010,46.6,76.7,75.5,47.7
CanadaCentral,8/20/2010,56.4,82.4,80.2,50.5
CanadaCentral,8/21/2010,48.4,81.5,84.5,55.6
CanadaCentral,8/22/2010,62.1,89.5,82.3,54.8
CanadaCentral,8/23/2010,54.1,75.9,77,54.4
CanadaCentral,8/24/2010,47.2,65.5,71.3,46.7
CanadaCentral,8/25/2010,38.8,72.5,75.1,45.1
CanadaCentral,8/26/2010,49.2,87.5,82.3,47.7
CanadaCentral,8/27/2010,55.1,87.1,80.8,51
CanadaCentral,8/28/2010,48.6,68,74.8,52.2
CanadaCentral,8/29/2010,53,69.4,65.2,50.8
CanadaCentral,8/30/2010,50.9,58.2,63.6,49.6
CanadaCentral,8/31/2010,44.8,63.3,63.8,46.6
CanadaCentral,9/1/2010,44.1,69.9,65.7,45.5
CanadaCentral,9/2/2010,47.5,63.9,66.6,44.6
CanadaCentral,9/3/2010,42,65.9,66.5,43.6
CanadaCentral,9/4/2010,41.4,69.7,67.4,44
CanadaCentral,9/5/2010,48.5,66.8,64.6,45.3
CanadaCentral,9/6/2010,46.1,57.5,61.8,45.3
CanadaCentral,9/7/2010,41.3,61.1,61.1,41.2
CanadaCentral,9/8/2010,36.2,64.8,62.4,41.2
CanadaCentral,9/9/2010,46.2,61.3,64.2,44.3
CanadaCentral,9/10/2010,50.5,66.4,64.5,47.5
CanadaCentral,9/11/2010,45.9,65.9,66,46
CanadaCentral,9/12/2010,41.7,65.9,62.8,41.8
CanadaCentral,9/13/2010,37.7,56.6,60.7,40.6
CanadaCentral,9/14/2010,42.3,59.7,57.5,41.6
CanadaCentral,9/15/2010,44.8,56.2,59.5,43.5
CanadaCentral,9/16/2010,43.3,62.7,54.8,40.6
CanadaCentral,9/17/2010,33.9,45.6,54.3,35.9
CanadaCentral,9/18/2010,30.7,54.7,52.2,34.2
CanadaCentral,9/19/2010,38,56.2,54.3,38.2
CanadaCentral,9/20/2010,45.9,51.9,52.6,40.5
CanadaCentral,9/21/2010,37.7,49.8,48.8,40
CanadaCentral,9/22/2010,36.5,44.8,47.7,38.1
CanadaCentral,9/23/2010,40.2,48.5,51.1,37.9
CanadaCentral,9/24/2010,37.1,60.1,57.5,38
CanadaCentral,9/25/2010,36.6,64.1,68.2,40.9
CanadaCentral,9/26/2010,48.9,80.4,71.5,43.2
CanadaCentral,9/27/2010,44.1,70,75.9,45
CanadaCentral,9/28/2010,42,77.4,71.9,44
CanadaCentral,9/29/2010,46,68.1,71.4,41.8
CanadaCentral,9/30/2010,37.5,68.6,64.3,39.5
CanadaCentral,10/1/2010,35.1,56.3,61.1,33.8
CanadaCentral,10/2/2010,28.7,58.5,61.8,33.8
CanadaCentral,10/3/2010,37.7,70.6,67.7,35.7
CanadaCentral,10/4/2010,40.7,74,71.9,40.4
CanadaCentral,10/5/2010,42.8,71.3,70.9,39.2
CanadaCentral,10/6/2010,34.1,67.5,71.8,38
CanadaCentral,10/7/2010,37.1,76.6,74.2,38.1
CanadaCentral,10/8/2010,43.1,78.6,76.9,42.4
CanadaCentral,10/9/2010,47.1,75.6,75.2,44.2
CanadaCentral,10/10/2010,42.4,71.4,72.7,44.7
CanadaCentral,10/11/2010,44.5,71.2,67.5,41.6
CanadaCentral,10/12/2010,37.9,60,64.9,37.8
CanadaCentral,10/13/2010,30.9,63.6,61.1,33.8
CanadaCentral,10/14/2010,32.5,59.6,64.4,32.1
CanadaCentral,10/15/2010,33,69.9,60.7,32
CanadaCentral,10/16/2010,30.5,52.6,57.9,28.3
CanadaCentral,10/17/2010,21.5,51.3,53,25.4
CanadaCentral,10/18/2010,24.1,55.1,56.1,24.4
CanadaCentral,10/19/2010,27.6,62.1,56.2,26.6
CanadaCentral,10/20/2010,28,51.6,56.8,26.1
CanadaCentral,10/21/2010,22.7,56.7,55.9,26.5
CanadaCentral,10/22/2010,28.7,59.6,56,27
CanadaCentral,10/23/2010,29.6,51.9,54.3,29
CanadaCentral,10/24/2010,28.6,51.5,50.1,33.1
CanadaCentral,10/25/2010,41,46.9,46.9,33.8
CanadaCentral,10/26/2010,31.8,42.2,40.6,31.9
CanadaCentral,10/27/2010,22.9,32.7,34.4,23.5
CanadaCentral,10/28/2010,15.7,28.3,32.1,18.6
CanadaCentral,10/29/2010,17,35.1,32,19.6
CanadaCentral,10/30/2010,26,32.6,34.2,22.6
CanadaCentral,10/31/2010,24.9,35,39.2,26.3
CanadaCentral,11/1/2010,28,50.1,47.2,29.6
CanadaCentral,11/2/2010,35.9,56.5,52.2,32.7
CanadaCentral,11/3/2010,34.1,50,50.6,31.8
CanadaCentral,11/4/2010,25.4,45.4,49.3,28
CanadaCentral,11/5/2010,24.6,52.6,51.5,27.9
CanadaCentral,11/6/2010,33.8,56.4,57.5,30.6
CanadaCentral,11/7/2010,33.3,63.4,58.7,33.2
CanadaCentral,11/8/2010,32.5,56.4,56.6,32.9
CanadaCentral,11/9/2010,32.8,50,48.1,31.6
CanadaCentral,11/10/2010,29.4,37.9,40.9,29.5
CanadaCentral,11/11/2010,26.4,34.8,37.2,25.8
CanadaCentral,11/12/2010,21.6,39,34,23.7
CanadaCentral,11/13/2010,23.1,28.3,31.9,21.4
CanadaCentral,11/14/2010,19.5,28.4,28.6,21.5
CanadaCentral,11/15/2010,21.7,29,30,21.4
CanadaCentral,11/16/2010,23,32.4,28.2,19.8
CanadaCentral,11/17/2010,14.7,23.2,26.9,17.3
CanadaCentral,11/18/2010,14.1,25.1,23.7,6.7
CanadaCentral,11/19/2010,-8.9,22.7,18.3,-0.8
CanadaCentral,11/20/2010,-7.8,7.1,13.4,-10.4
CanadaCentral,11/21/2010,-14.5,10.5,7,-11.1
CanadaCentral,11/22/2010,-11.1,3.3,6.1,-12.5
CanadaCentral,11/23/2010,-11.9,4.5,7.4,-6.7
CanadaCentral,11/24/2010,2.8,14.5,11.2,-3.1
CanadaCentral,11/25/2010,-0.1,14.7,16.5,-0.4
CanadaCentral,11/26/2010,-3.8,20.2,21.3,0.7
CanadaCentral,11/27/2010,6.1,29.1,24,5.5
CanadaCentral,11/28/2010,14.2,22.6,23.9,11.4
CanadaCentral,11/29/2010,14.1,20,19.3,8.3
CanadaCentral,11/30/2010,-3.3,15.3,14.3,0.8
CanadaCentral,12/1/2010,-8.3,7.7,10.4,-7.9
CanadaCentral,12/2/2010,-11.9,8.1,10.4,-4.7
CanadaCentral,12/3/2010,6.2,15.2,13.7,0.2
CanadaCentral,12/4/2010,6.4,17.9,17,4.4
CanadaCentral,12/5/2010,0.6,17.9,15,1
CanadaCentral,12/6/2010,-4,9.1,11.6,-3.7
CanadaCentral,12/7/2010,-7.7,7.8,9.9,-3.8
CanadaCentral,12/8/2010,0.1,13,16.4,-0.7
CanadaCentral,12/9/2010,5.5,28.5,16,0.6
CanadaCentral,12/10/2010,-3.7,6.5,10.9,-3.1
CanadaCentral,12/11/2010,-11.1,-2.4,0.6,-11.3
CanadaCentral,12/12/2010,-19.3,-2.3,1.6,-11.8
CanadaCentral,12/13/2010,-5.1,9.3,7.9,-5.4
CanadaCentral,12/14/2010,8,16.7,14.9,4.9
CanadaCentral,12/15/2010,11.7,18.6,17.3,5.6
CanadaCentral,12/16/2010,-2.9,16.6,15.9,3.2
CanadaCentral,12/17/2010,0.7,12.6,13.4,0.2
CanadaCentral,12/18/2010,2.7,10.9,11.1,-1.4
CanadaCentral,12/19/2010,-7.6,9.9,10.6,-6.2
CanadaCentral,12/20/2010,-13.6,11,11.3,-8.4
CanadaCentral,12/21/2010,-3.9,12.9,11.1,-8.9
CanadaCentral,12/22/2010,-9.1,9.5,12.8,-2.4
CanadaCentral,12/23/2010,6,16,13.9,2.1
CanadaCentral,12/24/2010,9.4,16.2,16.1,8.1
CanadaCentral,12/25/2010,8.9,16,16,8.1
CanadaCentral,12/26/2010,6,15.9,20.8,6.9
CanadaCentral,12/27/2010,5.7,30.6,23.7,7.8
CanadaCentral,12/28/2010,11.7,24.5,24,6.5
CanadaCentral,12/29/2010,2.2,17,15.6,1.4
CanadaCentral,12/30/2010,-9.8,5.3,6,-6.8
CanadaCentral,12/31/2010,-12.9,-4.3,0.7,-11.5
CanadaCentral,1/1/2011,-12,1.3,-0.2,-13.1
CanadaCentral,1/2/2011,-14.5,2.6,1,-15
CanadaCentral,1/3/2011,-18.6,-0.8,5.7,-15.5
CanadaCentral,1/4/2011,-13.2,15.2,10.3,-10.6
CanadaCentral,1/5/2011,0.1,16.6,17.1,-1.9
CanadaCentral,1/6/2011,7.5,19.4,18.3,2
CanadaCentral,1/7/2011,-1.7,18.8,15,0
CanadaCentral,1/8/2011,-5.8,6.9,8.8,-5
CanadaCentral,1/9/2011,-7.4,0.8,4.4,-5.6
CanadaCentral,1/10/2011,-3.7,5.5,3.3,-8.8
CanadaCentral,1/11/2011,-15.4,3.6,4.6,-9.9
CanadaCentral,1/12/2011,-10.7,4.6,5,-10.4
CanadaCentral,1/13/2011,-5.2,6.9,6.2,-6.3
CanadaCentral,1/14/2011,-3.1,7.2,5.1,-7.3
CanadaCentral,1/15/2011,-13.7,1.3,5.2,-9
CanadaCentral,1/16/2011,-10.2,7.1,4.7,-14.3
CanadaCentral,1/17/2011,-19,5.7,3.8,-16.3
CanadaCentral,1/18/2011,-19.6,-1.4,3.8,-16.7
CanadaCentral,1/19/2011,-11.6,7.1,0.9,-19.7
CanadaCentral,1/20/2011,-28,-3.1,3.5,-18.2
CanadaCentral,1/21/2011,-15.1,6.4,1.4,-19.7
CanadaCentral,1/22/2011,-16.1,1,13.2,-10.1
CanadaCentral,1/23/2011,0.9,32.2,21,-3.7
CanadaCentral,1/24/2011,4.1,29.9,28.8,4.4
CanadaCentral,1/25/2011,8.2,24.2,27.9,7.1
CanadaCentral,1/26/2011,8.9,29.8,28.2,11.8
CanadaCentral,1/27/2011,18.3,30.7,30.8,11.3
CanadaCentral,1/28/2011,6.5,32,23.1,6.2
CanadaCentral,1/29/2011,-6.2,6.6,11.1,-5.6
CanadaCentral,1/30/2011,-17.2,-5.3,-1.7,-14
CanadaCentral,1/31/2011,-18.7,-6.4,-6.2,-20.7
CanadaCentral,2/1/2011,-26.3,-7,0.2,-22.5
CanadaCentral,2/2/2011,-22.4,13.9,12.4,-11.8
CanadaCentral,2/3/2011,13.3,30.3,26.1,3.3
CanadaCentral,2/4/2011,18.8,34,31.5,17.1
CanadaCentral,2/5/2011,19.3,30.1,28.8,10.4
CanadaCentral,2/6/2011,-7,22.4,16.3,-1.4
CanadaCentral,2/7/2011,-16.5,-3.5,7.4,-12.9
CanadaCentral,2/8/2011,-15.2,3.3,0.2,-17.4
CanadaCentral,2/9/2011,-20.6,0.9,5.6,-19.8
CanadaCentral,2/10/2011,-23.7,12.4,14.4,-11.1
CanadaCentral,2/11/2011,10.9,29.9,25.3,1.4
CanadaCentral,2/12/2011,16.8,33.5,35.2,17.7
CanadaCentral,2/13/2011,25.3,42.1,36.6,19.9
CanadaCentral,2/14/2011,17.4,34.2,39.2,22.5
CanadaCentral,2/15/2011,24.6,41.2,36,19.7
CanadaCentral,2/16/2011,17.2,32.7,30.9,14.7
CanadaCentral,2/17/2011,2.4,18.8,18,2.8
CanadaCentral,2/18/2011,-11.2,2.6,7.8,-7.7
CanadaCentral,2/19/2011,-14.2,1.9,0.4,-14.7
CanadaCentral,2/20/2011,-18.8,-3.2,1.3,-19.6
CanadaCentral,2/21/2011,-25.7,5.1,5.4,-16.1
CanadaCentral,2/22/2011,-3.9,14.3,10.5,-11.8
CanadaCentral,2/23/2011,-5.7,12.1,7.2,-9.2
CanadaCentral,2/24/2011,-18.1,-4.9,-0.2,-16.3
CanadaCentral,2/25/2011,-25.1,-7.8,-2.9,-22.8
CanadaCentral,2/26/2011,-25.3,4,4.6,-16.9
CanadaCentral,2/27/2011,-0.4,17.6,14.2,-10.4
CanadaCentral,2/28/2011,-5.3,21,15.2,-6.9
CanadaCentral,3/1/2011,-15,7.1,9.6,-12.4
CanadaCentral,3/2/2011,-17,0.6,6,-11.1
CanadaCentral,3/3/2011,-1.2,10.4,6.4,-6.9
CanadaCentral,3/4/2011,-2.7,8.2,9.1,-0.9
CanadaCentral,3/5/2011,1.1,8.8,8.1,-4.9
CanadaCentral,3/6/2011,-13.2,7.3,6.9,-11
CanadaCentral,3/7/2011,-20.9,4.6,8.5,-14.9
CanadaCentral,3/8/2011,-10.5,13.7,12.3,-11.6
CanadaCentral,3/9/2011,-3.3,18.5,21,-6
CanadaCentral,3/10/2011,-4.2,30.6,27.6,-1.3
CanadaCentral,3/11/2011,3.5,33.7,23.9,-1.1
CanadaCentral,3/12/2011,-2.7,7.4,22.4,-0.5
CanadaCentral,3/13/2011,-2.4,26.1,23.4,4.9
CanadaCentral,3/14/2011,19.8,36.6,33.2,13.9
CanadaCentral,3/15/2011,24.4,37,36.8,22.7
CanadaCentral,3/16/2011,23.9,36.8,36.1,19
CanadaCentral,3/17/2011,8.5,34.6,32.9,12
CanadaCentral,3/18/2011,3.6,27.3,30.9,12
CanadaCentral,3/19/2011,23.7,30.9,30.2,18.6
CanadaCentral,3/20/2011,28.5,32.4,32.1,26.8
CanadaCentral,3/21/2011,28.1,32.9,32.2,26.4
CanadaCentral,3/22/2011,22.5,31.3,28.9,17.8
CanadaCentral,3/23/2011,2.9,22.5,26,7
CanadaCentral,3/24/2011,-4.4,24.1,23.7,-1.7
CanadaCentral,3/25/2011,-3.6,24.5,24.5,-1.5
CanadaCentral,3/26/2011,3.4,24.8,25.4,1
CanadaCentral,3/27/2011,3.1,26.8,26.6,4.2
CanadaCentral,3/28/2011,6,28.2,28.7,7.2
CanadaCentral,3/29/2011,12.4,31,31.4,13.4
CanadaCentral,3/30/2011,21.7,34.9,34.1,20.5
CanadaCentral,3/31/2011,27.4,36.5,36.4,25.4
CanadaCentral,4/1/2011,27,37.8,37.4,25.3
CanadaCentral,4/2/2011,21.5,38.1,36.5,23.1
CanadaCentral,4/3/2011,20.9,33.6,35.3,19.7
CanadaCentral,4/4/2011,16.7,34.3,35.6,19.5
CanadaCentral,4/5/2011,20.9,39,37.3,18.7
CanadaCentral,4/6/2011,18.5,38.6,40.4,20.7
CanadaCentral,4/7/2011,22.8,43.5,39.9,23.6
CanadaCentral,4/8/2011,29.4,37.6,40.2,27.8
CanadaCentral,4/9/2011,31.1,39.6,40.3,30
CanadaCentral,4/10/2011,29.7,43.7,45.8,30.7
CanadaCentral,4/11/2011,31.2,54,49.1,31.2
CanadaCentral,4/12/2011,32.8,49.7,46.4,27.8
CanadaCentral,4/13/2011,19.4,35.5,41,24.3
CanadaCentral,4/14/2011,20.6,37.9,35.8,22.3
CanadaCentral,4/15/2011,26.9,34.1,35.2,23.8
CanadaCentral,4/16/2011,23.8,33.6,32.6,24.7
CanadaCentral,4/17/2011,23.4,30.2,33.2,21.7
CanadaCentral,4/18/2011,18,35.9,35,21.3
CanadaCentral,4/19/2011,22.4,38.9,40.6,22.3
CanadaCentral,4/20/2011,26.6,46.9,44,26.3
CanadaCentral,4/21/2011,30,46.2,45.5,30.2
CanadaCentral,4/22/2011,34.1,43.3,48.1,31.3
CanadaCentral,4/23/2011,29.9,54.9,52.6,31.7
CanadaCentral,4/24/2011,31,59.5,59.4,31.6
CanadaCentral,4/25/2011,33.9,63.7,61.3,33.9
CanadaCentral,4/26/2011,36.9,60.6,62.6,36.4
CanadaCentral,4/27/2011,38.5,63.5,62.5,37
CanadaCentral,4/28/2011,35.5,63.4,62.6,38.1
CanadaCentral,4/29/2011,40.4,61,55.7,32.4
CanadaCentral,4/30/2011,21.3,42.7,46.6,27.6
CanadaCentral,5/1/2011,21.3,36.1,43.3,21.3
CanadaCentral,5/2/2011,21.3,51.1,49.5,25.5
CanadaCentral,5/3/2011,33.9,61.1,57.7,31.6
CanadaCentral,5/4/2011,39.7,60.8,62.1,37.1
CanadaCentral,5/5/2011,37.6,64.2,62.8,39.8
CanadaCentral,5/6/2011,42.2,63.3,63.7,39.7
CanadaCentral,5/7/2011,39.3,63.5,65.2,42.9
CanadaCentral,5/8/2011,47.1,68.8,61.7,44
CanadaCentral,5/9/2011,45.6,52.7,57.1,44.8
CanadaCentral,5/10/2011,41.7,49.7,52.3,42.5
CanadaCentral,5/11/2011,40.1,54.5,50.5,39.1
CanadaCentral,5/12/2011,35.6,47.4,50.5,36.8
CanadaCentral,5/13/2011,34.7,49.5,52.2,35.2
CanadaCentral,5/14/2011,35.5,59.7,58,35.1
CanadaCentral,5/15/2011,35.3,64.8,64.1,36.5
CanadaCentral,5/16/2011,38.8,67.9,67.7,39.9
CanadaCentral,5/17/2011,45.7,70.3,69.8,42.1
CanadaCentral,5/18/2011,41.8,71.1,71.4,44.2
CanadaCentral,5/19/2011,45,72.8,72.1,46.8
CanadaCentral,5/20/2011,53.5,72.4,68,51.1
CanadaCentral,5/21/2011,54.7,58.8,63.9,53.4
CanadaCentral,5/22/2011,51.9,60.6,58.8,49.1
CanadaCentral,5/23/2011,40.8,57,56.5,42.9
CanadaCentral,5/24/2011,36,52.1,56.5,36.5
CanadaCentral,5/25/2011,32.7,60.4,58.4,34.4
CanadaCentral,5/26/2011,34.6,62.9,61.5,37.7
CanadaCentral,5/27/2011,45.8,61.3,61,40.1
CanadaCentral,5/28/2011,40,58.9,57.8,42.8
CanadaCentral,5/29/2011,42.7,53.1,55.4,41.8
CanadaCentral,5/30/2011,42.7,54.1,53.8,42.9
CanadaCentral,5/31/2011,43.3,54,57.8,41.9
CanadaCentral,6/1/2011,39.8,65.4,63.4,43.8
CanadaCentral,6/2/2011,48.2,70.8,68.4,46.8
CanadaCentral,6/3/2011,52.5,69.1,65.4,49.2
CanadaCentral,6/4/2011,46.8,56.4,68.1,48.5
CanadaCentral,6/5/2011,46.1,78.7,69,48.3
CanadaCentral,6/6/2011,52,71.9,69.9,47.7
CanadaCentral,6/7/2011,45.1,59.2,63.6,46.6
CanadaCentral,6/8/2011,42.6,59.5,60.4,43.1
CanadaCentral,6/9/2011,41.7,62.4,62.6,43.4
CanadaCentral,6/10/2011,45.8,65.9,66.3,43.7
CanadaCentral,6/11/2011,43.8,70.5,67.1,47.4
CanadaCentral,6/12/2011,52.6,64.8,70.4,50.4
CanadaCentral,6/13/2011,54.9,75.9,71.7,53.6
CanadaCentral,6/14/2011,53.4,74.5,73.2,54.3
CanadaCentral,6/15/2011,54.5,69.1,71.9,53.8
CanadaCentral,6/16/2011,53.4,72.1,69.1,54.3
CanadaCentral,6/17/2011,55,66,71.1,52.6
CanadaCentral,6/18/2011,49.5,75.2,72.3,53.3
CanadaCentral,6/19/2011,55.3,75.8,72.3,54.2
CanadaCentral,6/20/2011,57.8,65.8,69.2,56.1
CanadaCentral,6/21/2011,55.1,65.8,65,55.8
CanadaCentral,6/22/2011,54.3,63.2,67.6,53.2
CanadaCentral,6/23/2011,50.1,73.9,70.1,53.1
CanadaCentral,6/24/2011,54.9,73.2,74.1,53
CanadaCentral,6/25/2011,54,75.4,73.6,53.7
CanadaCentral,6/26/2011,52.1,72.1,70.9,52.3
CanadaCentral,6/27/2011,50.7,65.3,70.6,50.1
CanadaCentral,6/28/2011,47.4,74.4,74.6,53.2
CanadaCentral,6/29/2011,61.5,84.2,80.4,57.9
CanadaCentral,6/30/2011,65,82.5,81.4,61.7
CanadaCentral,7/1/2011,58.5,77.4,78.2,58.5
CanadaCentral,7/2/2011,51.9,74.6,78.3,56.4
CanadaCentral,7/3/2011,58.7,82.9,80.1,57
CanadaCentral,7/4/2011,60.2,82.7,80.9,57.8
CanadaCentral,7/5/2011,54.5,77.1,79.1,57
CanadaCentral,7/6/2011,56.3,77.5,78.7,55.8
CanadaCentral,7/7/2011,56.7,81.4,78.2,56.8
CanadaCentral,7/8/2011,57.5,75.7,77.4,56.6
CanadaCentral,7/9/2011,55.6,75.1,76.3,54.8
CanadaCentral,7/10/2011,51.2,78.1,74.2,53.8
CanadaCentral,7/11/2011,54.7,69.4,73.2,51.8
CanadaCentral,7/12/2011,49.4,72,71.4,52.1
CanadaCentral,7/13/2011,52.3,72.8,72.7,53.7
CanadaCentral,7/14/2011,59.5,73.3,76.2,57.7
CanadaCentral,7/15/2011,61.2,82.3,80.6,60.2
CanadaCentral,7/16/2011,60,86.2,84.9,61
CanadaCentral,7/17/2011,61.9,86.2,86.5,61.5
CanadaCentral,7/18/2011,62.7,87.2,88,64.9
CanadaCentral,7/19/2011,70.1,90.5,86.2,64.7
CanadaCentral,7/20/2011,61.3,80.9,83.1,61.5
CanadaCentral,7/21/2011,53.1,77.8,76,55.4
CanadaCentral,7/22/2011,51.7,69.2,70.3,52.2
CanadaCentral,7/23/2011,51.7,63.8,70,50.9
CanadaCentral,7/24/2011,49.3,77,73.1,50.8
CanadaCentral,7/25/2011,51.3,78.5,77.3,52.5
CanadaCentral,7/26/2011,57,76.3,77.4,55.2
CanadaCentral,7/27/2011,57.3,77.5,76.9,56.3
CanadaCentral,7/28/2011,54.7,76.8,78.1,54.4
CanadaCentral,7/29/2011,51.2,80.1,77.7,53.1
CanadaCentral,7/30/2011,53.5,76.2,79.4,51.1
CanadaCentral,7/31/2011,48.7,82,80.7,55.6
CanadaCentral,8/1/2011,64.7,84,81.2,56.3
CanadaCentral,8/2/2011,55.7,77.4,81,58.7
CanadaCentral,8/3/2011,55.8,81.4,79.2,56.1
CanadaCentral,8/4/2011,56.8,78.7,78.5,55.5
CanadaCentral,8/5/2011,53.8,75.4,75.8,54.9
CanadaCentral,8/6/2011,54.2,73.2,75,53.1
CanadaCentral,8/7/2011,51.4,76.4,72.9,53.1
CanadaCentral,8/8/2011,53.8,69,73,52.4
CanadaCentral,8/9/2011,52,73.7,74.4,51.9
CanadaCentral,8/10/2011,49.8,80.5,78.4,52.2
CanadaCentral,8/11/2011,54.7,81,76.4,53.3
CanadaCentral,8/12/2011,55.2,67.5,74.9,53.1
CanadaCentral,8/13/2011,49.3,76.2,75.2,52.2
CanadaCentral,8/14/2011,52.1,81.9,79.7,53.6
CanadaCentral,8/15/2011,59.5,80.9,78.2,54.2
CanadaCentral,8/16/2011,51,71.8,76.7,52.1
CanadaCentral,8/17/2011,46,77.3,76.9,49.8
CanadaCentral,8/18/2011,52.3,81.5,76,48.4
CanadaCentral,8/19/2011,46.8,69.2,73.8,48
CanadaCentral,8/20/2011,44.8,70.8,73.3,45.2
CanadaCentral,8/21/2011,44,80,80.1,48.3
CanadaCentral,8/22/2011,56.1,89.4,86.6,52.2
CanadaCentral,8/23/2011,56.5,90.4,85.6,56
CanadaCentral,8/24/2011,55.4,77,84.5,53.5
CanadaCentral,8/25/2011,48.6,86,79.1,51.1
CanadaCentral,8/26/2011,49.4,74.2,79.2,48.8
CanadaCentral,8/27/2011,48.5,77.4,78,50.2
CanadaCentral,8/28/2011,52.6,82.4,80.8,51.1
CanadaCentral,8/29/2011,52.1,82.5,81.3,54.6
CanadaCentral,8/30/2011,59,79.1,79,56.3
CanadaCentral,8/31/2011,57.9,75.5,74.5,56.3
CanadaCentral,9/1/2011,51.8,68.8,71.9,51.8
CanadaCentral,9/2/2011,45.6,71.5,68.9,47
CanadaCentral,9/3/2011,43.4,66.3,68,42.9
CanadaCentral,9/4/2011,39.7,66.3,69.8,42.3
CanadaCentral,9/5/2011,43.9,77,75.8,43.1
CanadaCentral,9/6/2011,45.6,84.2,82,45.7
CanadaCentral,9/7/2011,47.6,84.8,84.2,48.3
CanadaCentral,9/8/2011,51.6,83.7,84.5,50
CanadaCentral,9/9/2011,50.8,85.1,85,51.1
CanadaCentral,9/10/2011,50.8,86.1,85,51
CanadaCentral,9/11/2011,51.4,83.7,78.5,48.2
CanadaCentral,9/12/2011,42.6,65.5,69,41.4
CanadaCentral,9/13/2011,30.3,57.8,58.8,33.6
CanadaCentral,9/14/2011,27.8,53,57.4,28.4
CanadaCentral,9/15/2011,27,61.3,56.5,30.8
CanadaCentral,9/16/2011,37.5,55.2,57.5,37.8
CanadaCentral,9/17/2011,48.9,56,59,42
CanadaCentral,9/18/2011,39.8,65.9,64.3,41.8
CanadaCentral,9/19/2011,36.9,70.8,64.4,41.1
CanadaCentral,9/20/2011,46.5,56.4,61,39.4
CanadaCentral,9/21/2011,34.7,55.6,57.9,37.5
CanadaCentral,9/22/2011,31.5,61.6,64.1,35.8
CanadaCentral,9/23/2011,41.4,75,72.2,39.2
CanadaCentral,9/24/2011,44.8,80.1,78,44.4
CanadaCentral,9/25/2011,46.9,79,77.6,45.3
CanadaCentral,9/26/2011,44.3,73.7,77.8,44.2
CanadaCentral,9/27/2011,41.2,80.6,76,44.3
CanadaCentral,9/28/2011,47.4,73.6,71.7,41.8
CanadaCentral,9/29/2011,36.7,60.8,65.8,38.6
CanadaCentral,9/30/2011,31.7,62.9,66.3,38.1
CanadaCentral,10/1/2011,45.9,75.2,72.7,41.8
CanadaCentral,10/2/2011,47.9,79.9,74.2,46.4
CanadaCentral,10/3/2011,45.5,67.5,73,46.1
CanadaCentral,10/4/2011,45,71.6,74.8,48.3
CanadaCentral,10/5/2011,54.2,85.2,77.7,52.5
CanadaCentral,10/6/2011,58.3,76.3,77,53.8
CanadaCentral,10/7/2011,48.9,69.4,67.7,48.2
CanadaCentral,10/8/2011,37.5,57.6,61.5,38.4
CanadaCentral,10/9/2011,28.7,57.5,56,36.7
CanadaCentral,10/10/2011,43.9,53.1,58.7,36.7
CanadaCentral,10/11/2011,37.6,65.6,60,40.5
CanadaCentral,10/12/2011,40,61.4,59.7,36.9
CanadaCentral,10/13/2011,33.2,52,54.2,35.4
CanadaCentral,10/14/2011,33.1,49.2,51.4,33.2
CanadaCentral,10/15/2011,33.2,52.9,50.8,32.9
CanadaCentral,10/16/2011,32.4,50.3,50.7,30.9
CanadaCentral,10/17/2011,27.2,48.8,48.1,27
CanadaCentral,10/18/2011,21.4,45.2,46.6,22.2
CanadaCentral,10/19/2011,17.9,45.6,47.9,21.1
CanadaCentral,10/20/2011,24.1,52.8,51.4,23.9
CanadaCentral,10/21/2011,29.7,55.9,57,26.3
CanadaCentral,10/22/2011,25,62.2,58.1,28.6
CanadaCentral,10/23/2011,31,56.1,56.5,27.9
CanadaCentral,10/24/2011,27.7,51.3,51.2,29.1
CanadaCentral,10/25/2011,28.4,46.3,48.1,27.1
CanadaCentral,10/26/2011,25.1,46.9,47.1,24.7
CanadaCentral,10/27/2011,20.6,48,47.6,22.8
CanadaCentral,10/28/2011,22.7,47.9,47.3,22.2
CanadaCentral,10/29/2011,23.4,46,45.4,25.3
CanadaCentral,10/30/2011,29.9,42.5,47.4,28.3
CanadaCentral,10/31/2011,31.7,53.8,48,29.9
CanadaCentral,11/1/2011,28.1,47.8,49.6,26.9
CanadaCentral,11/2/2011,20.8,47.3,50,24
CanadaCentral,11/3/2011,23,55,50.1,23
CanadaCentral,11/4/2011,25,47.9,49,23.7
CanadaCentral,11/5/2011,23,44.1,43.6,25.3
CanadaCentral,11/6/2011,27.7,38.8,38.3,21.7
CanadaCentral,11/7/2011,14.3,31.9,36.3,18.2
CanadaCentral,11/8/2011,12.5,38.2,34.2,15.7
CanadaCentral,11/9/2011,20.2,32.4,35.2,15.4
CanadaCentral,11/10/2011,13.5,34.9,36.5,19.3
CanadaCentral,11/11/2011,24.3,42.3,39,21.7
CanadaCentral,11/12/2011,27.3,39.9,39.8,25.3
CanadaCentral,11/13/2011,24.2,37.1,38.5,24.2
CanadaCentral,11/14/2011,21.1,38.6,34.4,20
CanadaCentral,11/15/2011,14.8,27.5,28.4,13.7
CanadaCentral,11/16/2011,5.4,19.1,21.8,6.8
CanadaCentral,11/17/2011,0.2,18.9,18.6,2.5
CanadaCentral,11/18/2011,1.8,18,13.7,-1
CanadaCentral,11/19/2011,-5.1,4.2,13.1,-2.2
CanadaCentral,11/20/2011,-3.3,17,16,-4.5
CanadaCentral,11/21/2011,-5.2,26.7,27.4,3.8
CanadaCentral,11/22/2011,20,38.5,37.1,14.1
CanadaCentral,11/23/2011,27.5,46,44.8,25.9
CanadaCentral,11/24/2011,30.3,50,42.8,28.4
CanadaCentral,11/25/2011,27.3,32.5,38.2,23.3
CanadaCentral,11/26/2011,12.5,32.3,33.6,15.3
CanadaCentral,11/27/2011,6.1,36.1,37.6,12.1
CanadaCentral,11/28/2011,17.9,44.4,39.1,12.3
CanadaCentral,11/29/2011,13.1,36.8,36.8,15.2
CanadaCentral,11/30/2011,14.7,29.1,31.5,12.3
CanadaCentral,12/1/2011,9.3,28.6,31.6,15.4
CanadaCentral,12/2/2011,22.2,37.2,31.4,13.2
CanadaCentral,12/3/2011,8.1,28.5,28.1,8.2
CanadaCentral,12/4/2011,-5.7,18.6,18.7,-1.8
CanadaCentral,12/5/2011,-7.8,9,21.3,-2.5
CanadaCentral,12/6/2011,5.9,36.3,23.9,2.6
CanadaCentral,12/7/2011,9.6,26.4,24.8,5.4
CanadaCentral,12/8/2011,0.8,11.7,18.6,2.1
CanadaCentral,12/9/2011,-4,17.7,21.7,2.9
CanadaCentral,12/10/2011,11.9,35.7,27.6,7.6
CanadaCentral,12/11/2011,15,29.4,28.2,13
CanadaCentral,12/12/2011,12.2,19.7,24.6,13.5
CanadaCentral,12/13/2011,13.4,24.8,23.9,15.3
CanadaCentral,12/14/2011,20.2,27.1,25.8,14.4
CanadaCentral,12/15/2011,9.6,25.3,25.2,12.1
CanadaCentral,12/16/2011,6.4,23.1,26.3,9.8
CanadaCentral,12/17/2011,13.3,30.6,30.3,12.7
CanadaCentral,12/18/2011,18.5,37.2,31.9,13.8
CanadaCentral,12/19/2011,9.8,27.8,34,17.3
CanadaCentral,12/20/2011,23.6,36.9,31.5,15.8
CanadaCentral,12/21/2011,13.9,29.8,31.3,16.2
CanadaCentral,12/22/2011,11,27.1,28.6,12.5
CanadaCentral,12/23/2011,12.5,28.9,31.9,13
CanadaCentral,12/24/2011,15.5,39.8,35.6,14.9
CanadaCentral,12/25/2011,16.6,38.1,39.8,16.3
CanadaCentral,12/26/2011,16.8,41.4,33,12.3
CanadaCentral,12/27/2011,3.5,19.5,29.5,8.9
CanadaCentral,12/28/2011,6.4,27.5,23.8,6.5
CanadaCentral,12/29/2011,9.7,24.5,26.6,9.7
CanadaCentral,12/30/2011,13.1,27.8,28.7,14.8
CanadaCentral,12/31/2011,21.6,33.7,28.3,13.6
CanadaCentral,1/1/2012,6.2,23.5,25.6,7.1
CanadaCentral,1/2/2012,-6.5,19.4,27.9,5.5
CanadaCentral,1/3/2012,16.8,40.8,32.9,9.9
CanadaCentral,1/4/2012,19.4,38.6,42.9,20.9
CanadaCentral,1/5/2012,26.6,49.4,41.3,23.3
CanadaCentral,1/6/2012,23.7,35.8,38.5,21.8
CanadaCentral,1/7/2012,15.2,30.4,34.1,17.9
CanadaCentral,1/8/2012,14.7,36,36.4,18.8
CanadaCentral,1/9/2012,26.6,42.8,39.4,22
CanadaCentral,1/10/2012,24.8,39.3,36.1,17
CanadaCentral,1/11/2012,-0.5,26.1,24.5,5.1
CanadaCentral,1/12/2012,-9.1,8,19.7,-2.9
CanadaCentral,1/13/2012,0.8,25,20.3,2.8
CanadaCentral,1/14/2012,16.6,28,28.2,7
CanadaCentral,1/15/2012,3.6,31.6,21.2,3.3
CanadaCentral,1/16/2012,-10.2,4,9.1,-7.6
CanadaCentral,1/17/2012,-16.3,-8.3,-5.1,-15.5
CanadaCentral,1/18/2012,-20.1,-11,-7.9,-19.1
CanadaCentral,1/19/2012,-20.9,-4.5,-5.3,-19.2
CanadaCentral,1/20/2012,-16.5,-0.5,2.7,-15.4
CanadaCentral,1/21/2012,-8.7,13,10.3,-5.8
CanadaCentral,1/22/2012,7.9,18.4,16.1,-2.1
CanadaCentral,1/23/2012,-5.5,16.9,22,1.8
CanadaCentral,1/24/2012,3,30.8,28.6,4.9
CanadaCentral,1/25/2012,17,38.1,34.9,13
CanadaCentral,1/26/2012,18.9,35.8,34.1,16.5
CanadaCentral,1/27/2012,13.6,28.4,28.8,11.6
CanadaCentral,1/28/2012,2.3,22.3,22.8,3.3
CanadaCentral,1/29/2012,-6.1,17.8,23.3,3.5
CanadaCentral,1/30/2012,14.1,29.9,27.9,9.1
CanadaCentral,1/31/2012,19.3,35.9,33.8,16.6
CanadaCentral,2/1/2012,16.4,35.5,35.8,17.9
CanadaCentral,2/2/2012,17.8,36.1,36.1,17.4
CanadaCentral,2/3/2012,18,36.8,36.2,18.2
CanadaCentral,2/4/2012,18.7,35.7,39.1,18.2
CanadaCentral,2/5/2012,17.8,45,36.3,15
CanadaCentral,2/6/2012,8.5,28.2,30.9,9.6
CanadaCentral,2/7/2012,2.4,19.4,25.3,6.1
CanadaCentral,2/8/2012,7.4,28.2,22.3,1.3
CanadaCentral,2/9/2012,-5.8,19.2,16.7,-4
CanadaCentral,2/10/2012,-13.5,2.7,11.8,-10.2
CanadaCentral,2/11/2012,-11.2,13.7,15.2,-10.1
CanadaCentral,2/12/2012,-5.5,29.2,26.1,-4.1
CanadaCentral,2/13/2012,4.4,35.3,33.7,3.4
CanadaCentral,2/14/2012,11.3,36.5,33.8,10.7
CanadaCentral,2/15/2012,16.4,29.7,33.1,14
CanadaCentral,2/16/2012,14.2,33,29.6,13.7
CanadaCentral,2/17/2012,10.5,26,32.5,10.5
CanadaCentral,2/18/2012,6.7,38.5,34,10.4
CanadaCentral,2/19/2012,14.1,37.6,39.4,13.1
CanadaCentral,2/20/2012,18.4,42,36.3,18
CanadaCentral,2/21/2012,21.4,29.5,35,18.6
CanadaCentral,2/22/2012,15.9,33.6,31.2,17.1
CanadaCentral,2/23/2012,14.1,30.6,27.5,11.5
CanadaCentral,2/24/2012,4.6,18.2,23.2,6.9
CanadaCentral,2/25/2012,2,20.7,17.1,2
CanadaCentral,2/26/2012,-0.5,12.4,15.4,-3.1
CanadaCentral,2/27/2012,-10.9,13.1,17,-4.6
CanadaCentral,2/28/2012,-2.4,25.6,23.4,-2.3
CanadaCentral,2/29/2012,6.5,31.4,28,7.7
CanadaCentral,3/1/2012,18.9,26.9,28,10.3
CanadaCentral,3/2/2012,5.4,25.6,23.3,6.5
CanadaCentral,3/3/2012,-4.8,17.2,22.6,2.7
CanadaCentral,3/4/2012,7.5,24.9,25.4,5.7
CanadaCentral,3/5/2012,14.5,34.1,29.1,13.9
CanadaCentral,3/6/2012,19.8,28.3,28.5,13.8
CanadaCentral,3/7/2012,7.2,23.1,25.7,9.5
CanadaCentral,3/8/2012,1.4,25.6,27.9,4.1
CanadaCentral,3/9/2012,3.8,34.8,37.3,10.1
CanadaCentral,3/10/2012,25,51.5,46.6,19.5
CanadaCentral,3/11/2012,29.6,53.4,50.8,27.9
CanadaCentral,3/12/2012,29.2,47.5,52.4,28.4
CanadaCentral,3/13/2012,26.4,56.3,50.5,28.2
CanadaCentral,3/14/2012,29,47.8,54,27.8
CanadaCentral,3/15/2012,28.1,58,58.2,30.8
CanadaCentral,3/16/2012,35.3,68.7,63.5,32.8
CanadaCentral,3/17/2012,35,63.7,65.8,37.1
CanadaCentral,3/18/2012,40.9,65.2,66.1,38.7
CanadaCentral,3/19/2012,40.2,69.6,61.8,36.8
CanadaCentral,3/20/2012,29.3,50.6,58.8,34.3
CanadaCentral,3/21/2012,33.4,56.1,58.7,32.6
CanadaCentral,3/22/2012,35.2,69.3,62.1,33.9
CanadaCentral,3/23/2012,33.2,60.9,54.8,31.3
CanadaCentral,3/24/2012,25.6,34.2,43.5,27.7
CanadaCentral,3/25/2012,24.2,35.4,38.9,24.9
CanadaCentral,3/26/2012,24.8,47,40.3,26.8
CanadaCentral,3/27/2012,31.4,38.6,43.1,28.6
CanadaCentral,3/28/2012,29.5,43.6,42.5,30.6
CanadaCentral,3/29/2012,30.8,45.3,49.8,30.8
CanadaCentral,3/30/2012,32.1,60.6,56.2,34.2
CanadaCentral,3/31/2012,39.8,62.7,63.1,38.4
CanadaCentral,4/1/2012,43.5,66.1,59.9,38.4
CanadaCentral,4/2/2012,31.9,50.8,59,34
CanadaCentral,4/3/2012,26.7,59.9,57.2,29.9
CanadaCentral,4/4/2012,31.2,60.8,61.9,30.5
CanadaCentral,4/5/2012,33.6,65,63.8,34.9
CanadaCentral,4/6/2012,39.8,65.5,59.3,34.8
CanadaCentral,4/7/2012,31.1,47.3,52.2,31.1
CanadaCentral,4/8/2012,22.5,43.7,42.9,24.9
CanadaCentral,4/9/2012,21.1,37.6,39.7,19.1
CanadaCentral,4/10/2012,13.7,37.9,41.8,17.4
CanadaCentral,4/11/2012,17.3,49.7,50,19.5
CanadaCentral,4/12/2012,27.6,62.3,53.1,28.2
CanadaCentral,4/13/2012,39.6,47.2,58,34.9
CanadaCentral,4/14/2012,37.4,64.6,53.5,33.9
CanadaCentral,4/15/2012,24.6,48.6,49.3,27.4
CanadaCentral,4/16/2012,20.3,34.7,42.8,22.5
CanadaCentral,4/17/2012,22.6,45.1,41.1,24.6
CanadaCentral,4/18/2012,30.9,43.6,44.8,27.6
CanadaCentral,4/19/2012,29.4,45.7,45.7,31
CanadaCentral,4/20/2012,32.8,47.6,48.3,31.8
CanadaCentral,4/21/2012,33.2,51.4,54.2,31.7
CanadaCentral,4/22/2012,29,63.4,64.1,34.2
CanadaCentral,4/23/2012,40.2,77.6,72.4,36.9
CanadaCentral,4/24/2012,41.4,76.3,69.6,37
CanadaCentral,4/25/2012,29.4,54.9,60.1,31.1
CanadaCentral,4/26/2012,22.7,49.3,49.5,29.5
CanadaCentral,4/27/2012,36.4,44.4,50.6,32
CanadaCentral,4/28/2012,36.9,58.2,51.7,37.5
CanadaCentral,4/29/2012,39.3,52.6,58.7,37.5
CanadaCentral,4/30/2012,36.4,65.4,61.3,39.6
CanadaCentral,5/1/2012,43.2,66.1,64.6,39.5
CanadaCentral,5/2/2012,38.8,62.5,59.2,39.7
CanadaCentral,5/3/2012,37.3,49.2,53.7,37.7
CanadaCentral,5/4/2012,37,49.5,53.6,39.4
CanadaCentral,5/5/2012,44,62,56.7,41.6
CanadaCentral,5/6/2012,43.7,58.7,58.3,43.3
CanadaCentral,5/7/2012,42.1,54.3,57.6,41.5
CanadaCentral,5/8/2012,38.7,59.6,61.4,39.3
CanadaCentral,5/9/2012,37.1,70.3,68.4,39.3
CanadaCentral,5/10/2012,42,75.1,68.2,38.3
CanadaCentral,5/11/2012,35.8,59,68.2,37.4
CanadaCentral,5/12/2012,34.3,70.5,69,37.7
CanadaCentral,5/13/2012,43,77.6,76.4,39.7
CanadaCentral,5/14/2012,41.9,81.1,74,41.2
CanadaCentral,5/15/2012,38.8,63.2,71.5,40.4
CanadaCentral,5/16/2012,40.4,70.1,68.1,42.3
CanadaCentral,5/17/2012,47.7,71,68.4,45
CanadaCentral,5/18/2012,46.9,64.1,65.5,45.6
CanadaCentral,5/19/2012,42.1,61.4,63.8,42.3
CanadaCentral,5/20/2012,37.7,65.9,65.6,41.1
CanadaCentral,5/21/2012,43.3,69.6,66.2,43.5
CanadaCentral,5/22/2012,49.6,63.1,67.1,46.2
CanadaCentral,5/23/2012,45.8,68.6,60.6,44.2
CanadaCentral,5/24/2012,37.4,50.1,55.8,39.4
CanadaCentral,5/25/2012,34.9,48.7,49.7,36.1
CanadaCentral,5/26/2012,36.1,50.4,50.3,38.1
CanadaCentral,5/27/2012,43.3,51.9,52.5,40.5
CanadaCentral,5/28/2012,42,55.1,53.5,41
CanadaCentral,5/29/2012,37.8,53.3,57,37.9
CanadaCentral,5/30/2012,34,62.5,61.8,37.1
CanadaCentral,5/31/2012,39.5,69.5,67.2,40
CanadaCentral,6/1/2012,46.6,69.7,72.7,43.6
CanadaCentral,6/2/2012,44.6,78.8,75.3,48.3
CanadaCentral,6/3/2012,53.8,77.3,79,48.7
CanadaCentral,6/4/2012,47.7,81,79.8,52.4
CanadaCentral,6/5/2012,55.7,81,81.1,53.6
CanadaCentral,6/6/2012,57.4,81.1,79.7,57
CanadaCentral,6/7/2012,58.1,76.9,76.1,56.1
CanadaCentral,6/8/2012,52.8,70.3,73.5,53.4
CanadaCentral,6/9/2012,49.4,73.5,69.5,51.2
CanadaCentral,6/10/2012,51.2,64.9,64.2,46.6
CanadaCentral,6/11/2012,39.2,54.2,63.9,42.3
CanadaCentral,6/12/2012,36.4,72.6,67.5,42.8
CanadaCentral,6/13/2012,52.9,75.8,72.8,48
CanadaCentral,6/14/2012,54.6,69.9,73.9,52.3
CanadaCentral,6/15/2012,49.5,76.1,70.4,51.9
CanadaCentral,6/16/2012,51.5,65,69.9,49.9
CanadaCentral,6/17/2012,48.8,68.7,64.6,49.9
CanadaCentral,6/18/2012,49.3,60.1,63.3,48.8
CanadaCentral,6/19/2012,48.2,61.2,62.4,47.9
CanadaCentral,6/20/2012,46,65.9,65.8,47.6
CanadaCentral,6/21/2012,48.6,70.4,69.8,46.8
CanadaCentral,6/22/2012,45.6,73.1,73.1,48.4
CanadaCentral,6/23/2012,51.1,75.8,72.9,48.5
CanadaCentral,6/24/2012,48.8,69.7,74.7,50.1
CanadaCentral,6/25/2012,50.4,78.6,77.6,52.3
CanadaCentral,6/26/2012,57.8,84.5,79.3,53.9
CanadaCentral,6/27/2012,53.5,74.8,79,54.5
CanadaCentral,6/28/2012,52.2,77.6,77,51.9
CanadaCentral,6/29/2012,49.8,78.5,79.1,52.7
CanadaCentral,6/30/2012,56,81.3,81.3,54.1
CanadaCentral,7/1/2012,56.5,84.3,83.5,58.1
CanadaCentral,7/2/2012,61.8,85,83.9,58
CanadaCentral,7/3/2012,55.8,82.6,81.8,57.1
CanadaCentral,7/4/2012,53.8,77.9,78.9,53.1
CanadaCentral,7/5/2012,49.6,76.2,77,53.8
CanadaCentral,7/6/2012,57.9,76.9,77.8,54.5
CanadaCentral,7/7/2012,55.9,80.2,79,56.1
CanadaCentral,7/8/2012,54.6,80,80.7,55
CanadaCentral,7/9/2012,54.6,81.9,82.3,55.5
CanadaCentral,7/10/2012,57.3,84.9,84.5,58.7
CanadaCentral,7/11/2012,64.4,86.7,84.2,61.5
CanadaCentral,7/12/2012,62.8,81,84.4,62.3
CanadaCentral,7/13/2012,59.6,85.6,82.9,61.5
CanadaCentral,7/14/2012,62,82.1,79.5,60.7
CanadaCentral,7/15/2012,60.5,70.7,74.8,61.1
CanadaCentral,7/16/2012,60.7,71.6,73,59.9
CanadaCentral,7/17/2012,58.5,76.6,76.6,59.9
CanadaCentral,7/18/2012,60.6,81.6,82,60.3
CanadaCentral,7/19/2012,61.7,87.8,83,60.1
CanadaCentral,7/20/2012,57.9,79.6,82.8,58.3
CanadaCentral,7/21/2012,55.4,80.9,81,57.5
CanadaCentral,7/22/2012,59.2,82.5,80.7,56.6
CanadaCentral,7/23/2012,55.2,78.7,80.3,57.5
CanadaCentral,7/24/2012,58.1,79.5,78.2,56.6
CanadaCentral,7/25/2012,56.7,76.3,75.8,55.4
CanadaCentral,7/26/2012,51.3,71.7,75.5,50.9
CanadaCentral,7/27/2012,44.7,78.5,78.3,50.4
CanadaCentral,7/28/2012,55,84.7,83.3,52.2
CanadaCentral,7/29/2012,57,86.7,84.9,56.4
CanadaCentral,7/30/2012,57.1,83.3,86.5,56.9
CanadaCentral,7/31/2012,56.6,89.5,83.7,56.1
CanadaCentral,8/1/2012,54.7,78.4,82.9,53.4
CanadaCentral,8/2/2012,48.8,80.8,77.2,52.4
CanadaCentral,8/3/2012,53.6,72.3,73.4,50
CanadaCentral,8/4/2012,47.6,67,74.1,47.5
CanadaCentral,8/5/2012,41.3,83,76.9,47.7
CanadaCentral,8/6/2012,54.3,80.7,80.2,48.5
CanadaCentral,8/7/2012,49.8,77.1,80,51.4
CanadaCentral,8/8/2012,50,82.1,77.4,50.6
CanadaCentral,8/9/2012,52.1,73.1,78.7,50.9
CanadaCentral,8/10/2012,50.5,80.9,75.8,52.6
CanadaCentral,8/11/2012,55.1,73.5,76.8,51.7
CanadaCentral,8/12/2012,49.6,76,74.4,50.2
CanadaCentral,8/13/2012,45.8,73.6,76.4,48
CanadaCentral,8/14/2012,48.5,79.5,73.1,48.5
CanadaCentral,8/15/2012,51.3,66.2,71.3,48.2
CanadaCentral,8/16/2012,44.8,68.1,70.4,45.5
CanadaCentral,8/17/2012,40.5,77,73.8,43.6
CanadaCentral,8/18/2012,45.7,76.2,76.2,43.3
CanadaCentral,8/19/2012,43.8,75.3,78.5,45.2
CanadaCentral,8/20/2012,46,84,82.3,48.1
CanadaCentral,8/21/2012,54.5,87.6,86.1,52.2
CanadaCentral,8/22/2012,56,86.7,87.1,55.2
CanadaCentral,8/23/2012,55.1,87.2,86.5,54.9
CanadaCentral,8/24/2012,53.6,85.5,82.3,52.3
CanadaCentral,8/25/2012,48.2,74.2,77.5,50
CanadaCentral,8/26/2012,48.1,72.8,75.6,46.9
CanadaCentral,8/27/2012,44.5,79.7,80.5,48.2
CanadaCentral,8/28/2012,52,89,87.9,51.2
CanadaCentral,8/29/2012,57.2,95.1,87.7,53.2
CanadaCentral,8/30/2012,50.3,79,86.2,51
CanadaCentral,8/31/2012,45.6,84.4,82.2,49.8
CanadaCentral,9/1/2012,53.4,83.1,81.8,49.5
CanadaCentral,9/2/2012,49.3,77.9,80.3,48.8
CanadaCentral,9/3/2012,43.8,79.9,77.5,45.7
CanadaCentral,9/4/2012,44.2,74.6,75,45
CanadaCentral,9/5/2012,46.9,70.5,69.6,45.4
CanadaCentral,9/6/2012,45.1,63.8,67.6,45.3
CanadaCentral,9/7/2012,43.9,68.5,66.6,42.5
CanadaCentral,9/8/2012,38.6,67.5,71.3,38.8
CanadaCentral,9/9/2012,33.9,77.9,77.4,40.4
CanadaCentral,9/10/2012,48.6,86.8,77.3,42.1
CanadaCentral,9/11/2012,43.7,67.1,72.8,43.9
CanadaCentral,9/12/2012,39.3,64.6,65.3,39.7
CanadaCentral,9/13/2012,36,64.2,67.4,36
CanadaCentral,9/14/2012,32.7,73.5,73,38.3
CanadaCentral,9/15/2012,46,81.3,71,39.6
CanadaCentral,9/16/2012,40,58.2,64.9,39.1
CanadaCentral,9/17/2012,31.4,55.1,62.2,36
CanadaCentral,9/18/2012,36.4,73.2,63.4,36.8
CanadaCentral,9/19/2012,42.4,61.8,65.6,37.7
CanadaCentral,9/20/2012,34.3,61.8,61.5,34.7
CanadaCentral,9/21/2012,27.4,60.9,59.2,27.4
CanadaCentral,9/22/2012,20.4,54.9,60.6,23.9
CanadaCentral,9/23/2012,23.9,66,63.1,27.2
CanadaCentral,9/24/2012,37.3,68.4,65.1,28.7
CanadaCentral,9/25/2012,25,61.1,66.3,29.9
CanadaCentral,9/26/2012,27.3,69.5,67.9,31
CanadaCentral,9/27/2012,40.6,73.3,74.1,35.4
CanadaCentral,9/28/2012,38.2,79.7,78.9,40.8
CanadaCentral,9/29/2012,43.5,83.6,78,41.9
CanadaCentral,9/30/2012,43.9,70.8,73.6,41.4
CanadaCentral,10/1/2012,36.7,66.2,68.2,40.8
CanadaCentral,10/2/2012,41.9,67.5,59.5,36.8
CanadaCentral,10/3/2012,31.7,44.6,50,33.3
CanadaCentral,10/4/2012,26.4,37.8,39.1,26
CanadaCentral,10/5/2012,19.8,34.8,39.9,20.2
CanadaCentral,10/6/2012,14.3,47.1,44.2,21.5
CanadaCentral,10/7/2012,30.5,50.7,48.2,26.4
CanadaCentral,10/8/2012,34.4,46.9,46.2,31.2
CanadaCentral,10/9/2012,28.7,40.9,42.7,29.3
CanadaCentral,10/10/2012,25,40.2,40.1,24.4
CanadaCentral,10/11/2012,19.4,39.2,44.4,21.6
CanadaCentral,10/12/2012,20.6,53.7,48.9,22.8
CanadaCentral,10/13/2012,28.4,53.8,55.9,26.2
CanadaCentral,10/14/2012,29.6,60.1,60.2,31.5
CanadaCentral,10/15/2012,36.4,66.8,64.4,32.3
CanadaCentral,10/16/2012,30.9,66.2,61.3,36.5
CanadaCentral,10/17/2012,42.3,51,53.9,36.8
CanadaCentral,10/18/2012,37.1,44.7,45.8,38.2
CanadaCentral,10/19/2012,35.2,41.7,48,35.7
CanadaCentral,10/20/2012,34.7,57.5,48.5,31.6
CanadaCentral,10/21/2012,25,46.5,48.6,27.8
CanadaCentral,10/22/2012,23.7,41.9,43.5,28
CanadaCentral,10/23/2012,35.3,42.2,40.1,29.5
CanadaCentral,10/24/2012,29.4,36.4,38,30.9
CanadaCentral,10/25/2012,28,35.3,34.3,26.9
CanadaCentral,10/26/2012,23.2,31.3,31.9,22.3
CanadaCentral,10/27/2012,15.5,29,30.4,16.4
CanadaCentral,10/28/2012,10.3,30.7,32.8,17.3
CanadaCentral,10/29/2012,26.1,38.7,37.7,23
CanadaCentral,10/30/2012,32.7,43.7,41.2,28.4
CanadaCentral,10/31/2012,26.6,41.1,37.4,27.1
CanadaCentral,11/1/2012,22.2,27.3,31.9,24.1
CanadaCentral,11/2/2012,23.5,27.3,27.6,22.5
CanadaCentral,11/3/2012,21.9,28.3,29,23.8
CanadaCentral,11/4/2012,26.1,31.5,33.3,25.8
CanadaCentral,11/5/2012,29.4,40.2,37.4,28.2
CanadaCentral,11/6/2012,29,40.5,40.9,27.6
CanadaCentral,11/7/2012,24.4,42.2,40.5,25.4
CanadaCentral,11/8/2012,22.8,38.9,34.7,21.3
CanadaCentral,11/9/2012,16.7,23.1,27.4,18.6
CanadaCentral,11/10/2012,16.5,20.1,19.9,13.7
CanadaCentral,11/11/2012,8.1,16.6,17,6.7
CanadaCentral,11/12/2012,-4.4,14.2,17.4,2.3
CanadaCentral,11/13/2012,3.2,21.5,21.1,1.5
CanadaCentral,11/14/2012,5.5,27.6,25.4,5.3
CanadaCentral,11/15/2012,7.2,27,29,9.6
CanadaCentral,11/16/2012,16,32.5,31.3,12
CanadaCentral,11/17/2012,12.6,34.3,33.9,14.9
CanadaCentral,11/18/2012,16.1,34.8,35.1,14.4
CanadaCentral,11/19/2012,14.3,36.2,36.6,16.6
CanadaCentral,11/20/2012,19.3,38.8,37.1,19.9
CanadaCentral,11/21/2012,26,36.1,34.1,16.9
CanadaCentral,11/22/2012,5.5,27.3,24.5,8.3
CanadaCentral,11/23/2012,-6.6,10.2,22.1,0.6
CanadaCentral,11/24/2012,2.7,28.8,20.8,-2.9
CanadaCentral,11/25/2012,-4.9,23.5,26.3,-4.2
CanadaCentral,11/26/2012,-10.4,26.6,23.4,-3.6
CanadaCentral,11/27/2012,4.5,20,23.5,-2.6
CanadaCentral,11/28/2012,-1.9,23.8,18,2.8
CanadaCentral,11/29/2012,5.7,10.1,21.3,4.2
CanadaCentral,11/30/2012,8.8,29.9,23.7,10.5
CanadaCentral,12/1/2012,17,31,31.4,14.7
CanadaCentral,12/2/2012,18.2,33.1,33.2,13.6
CanadaCentral,12/3/2012,5.6,35.3,27,7.5
CanadaCentral,12/4/2012,-1.4,12.7,28.5,5.5
CanadaCentral,12/5/2012,12.3,37.6,26.6,4.9
CanadaCentral,12/6/2012,3.8,29.4,25,3.1
CanadaCentral,12/7/2012,-6.7,8.1,14.3,-4.1
CanadaCentral,12/8/2012,-9.5,5.4,4.9,-10.2
CanadaCentral,12/9/2012,-14.3,1.3,6,-10.5
CanadaCentral,12/10/2012,-7.6,11.2,4.9,-11.4
CanadaCentral,12/11/2012,-12.4,2.2,4.7,-7.7
CanadaCentral,12/12/2012,-3.1,0.5,9,-5.5
CanadaCentral,12/13/2012,-1,24.1,16.8,2.1
CanadaCentral,12/14/2012,10.3,25.6,23.6,4.3
CanadaCentral,12/15/2012,3.6,21.1,21.3,7.8
CanadaCentral,12/16/2012,9.4,17,18.7,7.8
CanadaCentral,12/17/2012,10.5,18,18.1,11.7
CanadaCentral,12/18/2012,15.3,19.1,17.6,9.1
CanadaCentral,12/19/2012,1.5,15.8,13.7,1.6
CanadaCentral,12/20/2012,-12,6.2,12,-4.9
CanadaCentral,12/21/2012,-4,14,9.3,-8.4
CanadaCentral,12/22/2012,-9.2,7.7,7.1,-7.8
CanadaCentral,12/23/2012,-10.2,-0.5,1.7,-12.2
CanadaCentral,12/24/2012,-17.2,-2,-3.1,-16
CanadaCentral,12/25/2012,-20.6,-6.8,-3.1,-19.4
CanadaCentral,12/26/2012,-20.5,-0.6,0.8,-15.2
CanadaCentral,12/27/2012,-4.5,9.6,6,-10.5
CanadaCentral,12/28/2012,-6.5,9,9.9,-7.3
CanadaCentral,12/29/2012,-11,11,12.7,-10
CanadaCentral,12/30/2012,-12.4,18.1,9.5,-15.3
CanadaCentral,12/31/2012,-22.7,-0.7,15.4,-14.7
CanadaCentral,1/1/2013,-9,28.7,18.9,-10.2
CanadaCentral,1/2/2013,1,28.7,28.7,-1.9
CanadaCentral,1/3/2013,2.2,28.6,26.1,1.9
CanadaCentral,1/4/2013,2.3,21.1,22.3,2
CanadaCentral,1/5/2013,1.6,17.2,21.2,6.1
CanadaCentral,1/6/2013,14.3,25.4,24.6,6.7
CanadaCentral,1/7/2013,4.1,31,29.8,7.1
CanadaCentral,1/8/2013,2.9,33.1,31.2,6.1
CanadaCentral,1/9/2013,11.4,29.4,31.9,9.7
CanadaCentral,1/10/2013,14.9,33.4,25.9,7.9
CanadaCentral,1/11/2013,-2.7,15.1,15.8,-1
CanadaCentral,1/12/2013,-15.3,-1,5.3,-10.6
CanadaCentral,1/13/2013,-13.8,1.7,0.1,-14.3
CanadaCentral,1/14/2013,-13.9,-0.4,12.1,-12.9
CanadaCentral,1/15/2013,-11,34.9,19.7,-7.5
CanadaCentral,1/16/2013,2.3,24.6,23.8,-3.8
CanadaCentral,1/17/2013,-2.8,11.9,19.3,2.4
CanadaCentral,1/18/2013,7.5,21.3,18.9,-2.8
CanadaCentral,1/19/2013,-13.2,23.6,13.4,-8.3
CanadaCentral,1/20/2013,-19.3,-4.7,2.7,-18.3
CanadaCentral,1/21/2013,-22.5,-10.8,-4.1,-20.5
CanadaCentral,1/22/2013,-19.8,3.2,-3.6,-20.4
CanadaCentral,1/23/2013,-18.9,-3.3,3.9,-18.2
CanadaCentral,1/24/2013,-15.9,11.7,4.6,-17.1
CanadaCentral,1/25/2013,-16.6,5.4,9.9,-13.1
CanadaCentral,1/26/2013,-6.8,12.6,12.3,-6.9
CanadaCentral,1/27/2013,2.8,18.8,18.7,0.5
CanadaCentral,1/28/2013,5.4,24.8,20.7,2.7
CanadaCentral,1/29/2013,-0.2,18.5,14.4,-5.6
CanadaCentral,1/30/2013,-22.1,0,1.1,-16.4
CanadaCentral,1/31/2013,-26.9,-15.4,-4.9,-25.4
CanadaCentral,2/1/2013,-27.1,0.8,-0.7,-23
CanadaCentral,2/2/2013,-14.9,12.4,6.7,-14.1
CanadaCentral,2/3/2013,-0.3,7.1,15.6,-3.6
CanadaCentral,2/4/2013,4.3,27.3,16.9,1.5
CanadaCentral,2/5/2013,0.4,16.3,21,1.7
CanadaCentral,2/6/2013,0.3,19.4,16.8,-0.6
CanadaCentral,2/7/2013,-2.5,14.7,19.1,1.2
CanadaCentral,2/8/2013,5.7,23.3,20.9,3.5
CanadaCentral,2/9/2013,7.5,24.7,23.8,8.7
CanadaCentral,2/10/2013,12.8,23.4,22.5,9.5
CanadaCentral,2/11/2013,8.3,19.3,24.8,9.6
CanadaCentral,2/12/2013,7.7,31.8,26.3,10.3
CanadaCentral,2/13/2013,14.9,27.7,26.4,8.1
CanadaCentral,2/14/2013,1.5,19.6,20.5,3
CanadaCentral,2/15/2013,-7.4,14.1,19.5,-1.2
CanadaCentral,2/16/2013,2.2,24.8,24.4,3.5
CanadaCentral,2/17/2013,15.6,34.5,25,1.3
CanadaCentral,2/18/2013,-13.9,15.7,14.6,-7.8
CanadaCentral,2/19/2013,-25.3,-6.2,4.9,-18.2
CanadaCentral,2/20/2013,-15.4,5.3,5,-13.4
CanadaCentral,2/21/2013,0.4,16,13.3,-5.2
CanadaCentral,2/22/2013,-0.5,18.6,19.5,-0.8
CanadaCentral,2/23/2013,-2.2,24,22.8,1
CanadaCentral,2/24/2013,5.8,25.7,26,2.6
CanadaCentral,2/25/2013,4.2,28.3,27.3,5.7
CanadaCentral,2/26/2013,7,28,27.1,5.9
CanadaCentral,2/27/2013,6.4,24.9,24.6,4.3
CanadaCentral,2/28/2013,-0.5,20.8,21.9,2.1
CanadaCentral,3/1/2013,0.3,19.9,22.8,2
CanadaCentral,3/2/2013,6.1,27.7,24.1,6.3
CanadaCentral,3/3/2013,12.4,24.7,24.9,11.1
CanadaCentral,3/4/2013,14.9,22.3,21.6,7.5
CanadaCentral,3/5/2013,-4.7,17.7,17.6,2.1
CanadaCentral,3/6/2013,-4,12.7,17,-1.3
CanadaCentral,3/7/2013,4.7,20.5,18.4,3.1
CanadaCentral,3/8/2013,8.6,21.8,22.1,5.8
CanadaCentral,3/9/2013,4.1,24,21.3,3.3
CanadaCentral,3/10/2013,-2.7,18,21.2,1.5
CanadaCentral,3/11/2013,3.3,21.4,19.3,-2.4
CanadaCentral,3/12/2013,-7.6,18.3,21.3,-5.8
CanadaCentral,3/13/2013,-13.2,24.3,22.8,-5.1
CanadaCentral,3/14/2013,5.7,25.8,21.6,-6.9
CanadaCentral,3/15/2013,-13,14.7,15.6,-7.4
CanadaCentral,3/16/2013,-14.8,6.2,10.7,-13.1
CanadaCentral,3/17/2013,-11.4,11.3,9.3,-11.2
CanadaCentral,3/18/2013,-7.5,10.4,10.6,-10.6
CanadaCentral,3/19/2013,-12.9,10,11.1,-12.5
CanadaCentral,3/20/2013,-17.2,12.8,13.5,-13.4
CanadaCentral,3/21/2013,-10,17.8,16.7,-11
CanadaCentral,3/22/2013,-5.6,19.3,19.7,-2.1
CanadaCentral,3/23/2013,9.4,22,20.9,2
CanadaCentral,3/24/2013,2.1,21.2,21.2,1.6
CanadaCentral,3/25/2013,-6.7,20.2,19.5,-4.4
CanadaCentral,3/26/2013,-8.6,17,19.9,-7.2
CanadaCentral,3/27/2013,-6.2,22.6,21.7,-3.8
CanadaCentral,3/28/2013,3.5,25.5,26.9,1
CanadaCentral,3/29/2013,5.8,32.5,31.1,8.2
CanadaCentral,3/30/2013,15.4,35.4,31,9.1
CanadaCentral,3/31/2013,6.1,25.1,28.7,5.1
CanadaCentral,4/1/2013,-6.3,25.5,25.6,1.2
CanadaCentral,4/2/2013,3.7,26.2,30.1,4.8
CanadaCentral,4/3/2013,16.9,38.5,31.3,10.3
CanadaCentral,4/4/2013,10.2,29.2,31.5,11.8
CanadaCentral,4/5/2013,8.3,27,29.1,14.4
CanadaCentral,4/6/2013,24.7,31.1,29.4,17.7
CanadaCentral,4/7/2013,20.2,30.1,27.7,15.8
CanadaCentral,4/8/2013,2.4,22,26.3,6.4
CanadaCentral,4/9/2013,-3.2,26.8,26.6,0
CanadaCentral,4/10/2013,0.9,31,29.6,3.3
CanadaCentral,4/11/2013,12.2,30.8,31.5,11.2
CanadaCentral,4/12/2013,20.4,32.8,31,14.6
CanadaCentral,4/13/2013,11.3,29.5,31.8,16.8
CanadaCentral,4/14/2013,18.6,33.3,31.3,18.3
CanadaCentral,4/15/2013,25,31,31,21.5
CanadaCentral,4/16/2013,20.9,28.8,29.9,21.7
CanadaCentral,4/17/2013,19.1,29.9,30.8,17.4
CanadaCentral,4/18/2013,12.3,33.6,32,15
CanadaCentral,4/19/2013,13.7,32.3,32.2,12
CanadaCentral,4/20/2013,10.1,30.7,32.6,15.6
CanadaCentral,4/21/2013,23.1,34.7,31.8,15.6
CanadaCentral,4/22/2013,13.6,29.9,33.4,16.2
CanadaCentral,4/23/2013,12,35.6,32.6,13.9
CanadaCentral,4/24/2013,16,32.2,35.5,13.2
CanadaCentral,4/25/2013,11.7,38.8,40.8,18.9
CanadaCentral,4/26/2013,29.1,51.5,49,25.2
CanadaCentral,4/27/2013,34.9,56.7,52.5,31.7
CanadaCentral,4/28/2013,31.3,49.5,52.1,32.2
CanadaCentral,4/29/2013,30.4,50.2,46.1,28.5
CanadaCentral,4/30/2013,24,38.7,41.8,25.7
CanadaCentral,5/1/2013,22.7,36.6,39.6,22.5
CanadaCentral,5/2/2013,20.8,43.6,43.9,23.5
CanadaCentral,5/3/2013,27,51.5,51.1,25.9
CanadaCentral,5/4/2013,29.8,58.1,58.3,29.7
CanadaCentral,5/5/2013,32.3,65.4,65.9,32.6
CanadaCentral,5/6/2013,35.9,74.2,71.5,35.9
CanadaCentral,5/7/2013,39.6,75,67.7,36.6
CanadaCentral,5/8/2013,34.4,53.8,62.4,33.8
CanadaCentral,5/9/2013,27.3,58.4,56.5,31.2
CanadaCentral,5/10/2013,31.9,57.3,55.7,29
CanadaCentral,5/11/2013,27.7,51.3,58.9,28.4
CanadaCentral,5/12/2013,25.5,68.2,68,34.8
CanadaCentral,5/13/2013,51.3,84.7,74.3,42
CanadaCentral,5/14/2013,49.2,70.1,74.7,47.7
CanadaCentral,5/15/2013,42.6,69.4,69.6,44.5
CanadaCentral,5/16/2013,41.8,69.3,66.7,43.3
CanadaCentral,5/17/2013,45.5,61.4,64,45.1
CanadaCentral,5/18/2013,48.1,61.4,60.6,47.9
CanadaCentral,5/19/2013,50.2,58.9,59.5,48.2
CanadaCentral,5/20/2013,46.2,58.2,60.8,46.7
CanadaCentral,5/21/2013,43.7,65.5,64.7,43.4
CanadaCentral,5/22/2013,40.2,70.5,67,40.8
CanadaCentral,5/23/2013,38.3,65,66.7,40.6
CanadaCentral,5/24/2013,43.1,64.6,64.3,43.7
CanadaCentral,5/25/2013,49.6,63.4,62.6,48.3
CanadaCentral,5/26/2013,52.3,59.9,62.2,50.3
CanadaCentral,5/27/2013,49.1,63.3,63.8,51.1
CanadaCentral,5/28/2013,51.9,68.3,65.6,49.4
CanadaCentral,5/29/2013,47.3,65.1,63.4,50.1
CanadaCentral,5/30/2013,51,56.9,59.7,48
CanadaCentral,5/31/2013,45.8,57,57.6,44.8
CanadaCentral,6/1/2013,37.7,58.7,59,39.3
CanadaCentral,6/2/2013,34.4,61.4,60.1,37.3
CanadaCentral,6/3/2013,39.8,60.2,61,40
CanadaCentral,6/4/2013,45.9,61.5,64.1,42.7
CanadaCentral,6/5/2013,42.5,70.7,68.4,43.9
CanadaCentral,6/6/2013,43.4,73,72.6,44.6
CanadaCentral,6/7/2013,47.8,74.1,72.4,47.7
CanadaCentral,6/8/2013,52,70.2,72.1,50.7
CanadaCentral,6/9/2013,52.4,72,72,51.2
CanadaCentral,6/10/2013,49.4,73.7,73.2,48.9
CanadaCentral,6/11/2013,45,73.8,73.2,47.8
CanadaCentral,6/12/2013,49,72.2,74.4,48
CanadaCentral,6/13/2013,50,77.1,74.8,51.3
CanadaCentral,6/14/2013,54.9,75,74.8,51.6
CanadaCentral,6/15/2013,49.8,72.4,71.5,51.9
CanadaCentral,6/16/2013,51.1,67.2,69.7,51.4
CanadaCentral,6/17/2013,53.3,69.5,71.2,51.3
CanadaCentral,6/18/2013,49.5,76.8,76.4,52
CanadaCentral,6/19/2013,53.1,82.9,77.6,53.7
CanadaCentral,6/20/2013,58.7,73.2,77.1,55.9
CanadaCentral,6/21/2013,56,75.3,75.5,58
CanadaCentral,6/22/2013,59.2,77.9,73.4,56.8
CanadaCentral,6/23/2013,55.1,67,75,55.8
CanadaCentral,6/24/2013,53,80.2,76.2,56.2
CanadaCentral,6/25/2013,60.6,81.3,80,57.5
CanadaCentral,6/26/2013,58.8,78.6,79,59.1
CanadaCentral,6/27/2013,57.9,77.1,77.5,57.6
CanadaCentral,6/28/2013,56.3,76.8,76.7,56.3
CanadaCentral,6/29/2013,54.7,76.3,77.4,54.3
CanadaCentral,6/30/2013,51.9,79.1,78.7,53.3
CanadaCentral,7/1/2013,53.4,80.6,81.1,54.3
CanadaCentral,7/2/2013,57.7,83.6,82.9,55.6
CanadaCentral,7/3/2013,55.8,84.3,82.5,58.1
CanadaCentral,7/4/2013,60.9,79.4,81.3,57.2
CanadaCentral,7/5/2013,55,80.2,79.2,59.1
CanadaCentral,7/6/2013,61.3,77.9,78.4,57.7
CanadaCentral,7/7/2013,56.8,77.1,78,58
CanadaCentral,7/8/2013,55.9,79,74.5,56
CanadaCentral,7/9/2013,55.3,67.4,75.1,54.2
CanadaCentral,7/10/2013,51.3,78.8,77,53.7
CanadaCentral,7/11/2013,54.4,84.8,81,56
CanadaCentral,7/12/2013,62.2,79.4,82.1,57.5
CanadaCentral,7/13/2013,56,82,77.3,57.4
CanadaCentral,7/14/2013,53.9,70.3,76.4,53.9
CanadaCentral,7/15/2013,51.8,77,73.5,53.8
CanadaCentral,7/16/2013,55.6,73.2,75.1,53.9
CanadaCentral,7/17/2013,54.3,75.2,75.2,55.6
CanadaCentral,7/18/2013,56.9,77.2,75.9,55.1
CanadaCentral,7/19/2013,54,75.4,72.7,53.3
CanadaCentral,7/20/2013,49.1,65.6,71.2,51.1
CanadaCentral,7/21/2013,50.2,72.6,68.6,50
CanadaCentral,7/22/2013,50.6,67.6,70.5,49.3
CanadaCentral,7/23/2013,47,71.3,70.9,49.8
CanadaCentral,7/24/2013,51.7,73.8,70,50
CanadaCentral,7/25/2013,51.1,65,67.5,48.7
CanadaCentral,7/26/2013,43.2,63.7,65.4,45
CanadaCentral,7/27/2013,40.8,67.4,67.3,42.4
CanadaCentral,7/28/2013,43.4,70.9,69.4,44.5
CanadaCentral,7/29/2013,49.5,70,69.9,47.8
CanadaCentral,7/30/2013,50.4,69,69.6,49.5
CanadaCentral,7/31/2013,48.6,70,70.5,48.7
CanadaCentral,8/1/2013,47.1,72.5,70.7,47.3
CanadaCentral,8/2/2013,46.3,69.5,71.2,46.5
CanadaCentral,8/3/2013,45.9,71.5,68.9,46.9
CanadaCentral,8/4/2013,48.4,65.7,70.6,48
CanadaCentral,8/5/2013,49.6,74.7,69,49.6
CanadaCentral,8/6/2013,50.8,66.5,68.9,49.4
CanadaCentral,8/7/2013,47.8,65.4,65.7,48.6
CanadaCentral,8/8/2013,47.2,65.3,65,46.6
CanadaCentral,8/9/2013,44.9,64.2,66,45.7
CanadaCentral,8/10/2013,45.1,68.3,68.5,44.5
CanadaCentral,8/11/2013,43.6,72.8,71.5,44.9
CanadaCentral,8/12/2013,46,73.4,72.8,44.5
CanadaCentral,8/13/2013,43.9,72.1,73.6,45.6
CanadaCentral,8/14/2013,47,75.4,75.7,46.7
CanadaCentral,8/15/2013,49.3,79.6,79.3,51.1
CanadaCentral,8/16/2013,56.9,83,81.3,54.7
CanadaCentral,8/17/2013,57.8,81.2,82.3,56.7
CanadaCentral,8/18/2013,55.4,82.6,83.8,56.5
CanadaCentral,8/19/2013,56.4,87.5,85.4,55.4
CanadaCentral,8/20/2013,54.4,86.1,82.4,53.2
CanadaCentral,8/21/2013,48.6,73.5,78.8,47.6
CanadaCentral,8/22/2013,39.7,76.7,77.4,46.1
CanadaCentral,8/23/2013,49.8,82,80.8,50.3
CanadaCentral,8/24/2013,61.4,83.5,84.7,56.1
CanadaCentral,8/25/2013,57,88.5,86.5,58.8
CanadaCentral,8/26/2013,57.9,87.5,88.5,57.7
CanadaCentral,8/27/2013,58.1,89.4,89.2,58.4
CanadaCentral,8/28/2013,59.2,90.7,87.8,59.7
CanadaCentral,8/29/2013,61.9,83.2,86.8,59.8
CanadaCentral,8/30/2013,58.3,86.5,82.6,58.5
CanadaCentral,8/31/2013,55.3,78.2,77.5,54.1
CanadaCentral,9/1/2013,48.8,67.8,74.8,48.8
CanadaCentral,9/2/2013,42.2,78.4,76.3,47.6
CanadaCentral,9/3/2013,51.8,82.8,77.5,47
CanadaCentral,9/4/2013,47.2,71.1,80.5,49.6
CanadaCentral,9/5/2013,49.8,87.6,82.5,52.4
CanadaCentral,9/6/2013,60.2,88.8,83.8,55.6
CanadaCentral,9/7/2013,56.9,75.1,77.4,57.7
CanadaCentral,9/8/2013,55.9,68.2,69.8,56.6
CanadaCentral,9/9/2013,56.9,65.9,70.5,53.9
CanadaCentral,9/10/2013,48.9,77.3,72.4,50.7
CanadaCentral,9/11/2013,46.4,73.8,74,45.7
CanadaCentral,9/12/2013,41.7,70.9,75.1,43.6
CanadaCentral,9/13/2013,42.7,80.6,74,42.7
CanadaCentral,9/14/2013,43.7,70.6,71.3,41.1
CanadaCentral,9/15/2013,37,62.9,68.5,39
CanadaCentral,9/16/2013,36.4,72,69.1,41.5
CanadaCentral,9/17/2013,51.1,72.4,70.7,47.4
CanadaCentral,9/18/2013,54.7,67.8,66.3,50.4
CanadaCentral,9/19/2013,45.4,58.6,60.9,46
CanadaCentral,9/20/2013,37.8,56.2,59.8,39.4
CanadaCentral,9/21/2013,34.8,64.4,64.3,38.5
CanadaCentral,9/22/2013,42.8,72.1,69.3,42.9
CanadaCentral,9/23/2013,51.3,71.4,71.3,46
CanadaCentral,9/24/2013,44.1,70.4,71.8,47.7
CanadaCentral,9/25/2013,47.7,73.6,69,45.8
CanadaCentral,9/26/2013,45.6,62.9,63.4,44.2
CanadaCentral,9/27/2013,39.3,53.8,58.7,40.9
CanadaCentral,9/28/2013,37.7,59.6,61.8,37.6
CanadaCentral,9/29/2013,35.8,72,66.8,38.4
CanadaCentral,9/30/2013,41.8,68.9,67.9,38.9
CanadaCentral,10/1/2013,39.3,62.7,64.3,38.5
CanadaCentral,10/2/2013,34.3,61.2,58.6,35.2
CanadaCentral,10/3/2013,31.9,51.9,52.1,32.4
CanadaCentral,10/4/2013,31,43.3,48.5,29
CanadaCentral,10/5/2013,24.2,50.3,53.2,27.3
CanadaCentral,10/6/2013,26.8,66.1,61.1,27.3
CanadaCentral,10/7/2013,31.1,66.8,66.6,32.1
CanadaCentral,10/8/2013,38.5,66.8,65.5,34.4
CanadaCentral,10/9/2013,33.7,62.8,65.2,36.4
CanadaCentral,10/10/2013,37,66,61.8,39.1
CanadaCentral,10/11/2013,46.6,56.7,57.9,38.5
CanadaCentral,10/12/2013,32,50.9,53.2,35.4
CanadaCentral,10/13/2013,27.5,52,49.5,29.6
CanadaCentral,10/14/2013,29.5,45.6,48.6,27.8
CanadaCentral,10/15/2013,26.3,48.3,49.6,28.4
CanadaCentral,10/16/2013,29.4,54.9,50.1,28.2
CanadaCentral,10/17/2013,28.8,47,48.7,28.2
CanadaCentral,10/18/2013,26.2,44,44.9,27.7
CanadaCentral,10/19/2013,28.1,43.5,40.7,26.5
CanadaCentral,10/20/2013,25.3,34.4,37.1,25.4
CanadaCentral,10/21/2013,22.9,33.3,33.4,24.2
CanadaCentral,10/22/2013,24.4,32.6,35,23.3
CanadaCentral,10/23/2013,22.5,39.3,36.7,24
CanadaCentral,10/24/2013,25,38.4,43.6,25.1
CanadaCentral,10/25/2013,27.7,53.2,45.2,27.4
CanadaCentral,10/26/2013,29.3,44.1,46,26.4
CanadaCentral,10/27/2013,22.2,40.7,37.6,21.5
CanadaCentral,10/28/2013,12.8,28.1,35.2,14.9
CanadaCentral,10/29/2013,9.7,36.6,36.7,14.5
CanadaCentral,10/30/2013,21.1,45.4,42.5,18.5
CanadaCentral,10/31/2013,24.8,45.4,45.5,24.4
CanadaCentral,11/1/2013,27.4,45.7,47.7,24.9
CanadaCentral,11/2/2013,22.4,51.9,48.5,27.7
CanadaCentral,11/3/2013,33.3,47.9,45.8,25.8
CanadaCentral,11/4/2013,21.6,37.6,38,22
CanadaCentral,11/5/2013,11.3,28.6,32.4,14.2
CanadaCentral,11/6/2013,9.7,30.9,33.1,11.7
CanadaCentral,11/7/2013,14.1,39.7,35.9,15
CanadaCentral,11/8/2013,21.3,37.1,36.4,17.7
CanadaCentral,11/9/2013,17.6,32.4,33.2,13.8
CanadaCentral,11/10/2013,2.5,30.2,26.6,6
CanadaCentral,11/11/2013,-2,17.4,30.2,2.8
CanadaCentral,11/12/2013,7.9,43.1,37.6,12.5
CanadaCentral,11/13/2013,31.6,52.4,44.9,23.1
CanadaCentral,11/14/2013,29.9,39.1,46.1,29.9
CanadaCentral,11/15/2013,28.2,46.8,40,26.9
CanadaCentral,11/16/2013,22.7,34,35.6,23.1
CanadaCentral,11/17/2013,18.2,26,28.2,17.7
CanadaCentral,11/18/2013,12.2,24.6,29,16.1
CanadaCentral,11/19/2013,18,36.3,28.1,10.9
CanadaCentral,11/20/2013,2.4,23.4,23.7,3.2
CanadaCentral,11/21/2013,-10.8,11.5,16.3,-8.2
CanadaCentral,11/22/2013,-16.2,14,13.2,-16
CanadaCentral,11/23/2013,-20.9,14.2,21.3,-8.2
CanadaCentral,11/24/2013,12.4,35.8,27.1,0.9
CanadaCentral,11/25/2013,11.3,31.3,27.8,8.1
CanadaCentral,11/26/2013,0.7,16.4,23.2,7.2
CanadaCentral,11/27/2013,9.5,21.9,18.6,4.8
CanadaCentral,11/28/2013,4.3,17.7,20.8,7.8
CanadaCentral,11/29/2013,9.5,22.9,21.1,8
CanadaCentral,11/30/2013,10.1,22.6,21.8,10.6
CanadaCentral,12/1/2013,12.2,19.9,20.6,11.9
CanadaCentral,12/2/2013,13.3,19.3,17.6,9
CanadaCentral,12/3/2013,1.5,13.7,12.3,3.7
CanadaCentral,12/4/2013,-3.6,4,5.7,-4.6
CanadaCentral,12/5/2013,-11.9,-0.5,-2.4,-12.7
CanadaCentral,12/6/2013,-22.6,-10.7,-7.9,-19.3
CanadaCentral,12/7/2013,-23.4,-12.4,-9.5,-22.6
CanadaCentral,12/8/2013,-21.8,-5.5,-7.1,-22.7
CanadaCentral,12/9/2013,-22.9,-3.3,-2.9,-20.3
CanadaCentral,12/10/2013,-16.1,0.1,-1.6,-21.8
CanadaCentral,12/11/2013,-26.3,-1.8,0.9,-16.9
CanadaCentral,12/12/2013,-8.4,4.3,-1,-15.2
CanadaCentral,12/13/2013,-10.9,-5.6,-1.8,-11.4
CanadaCentral,12/14/2013,-14.9,-4,0.1,-12.1
CanadaCentral,12/15/2013,-10.6,10,12.1,-5.9
CanadaCentral,12/16/2013,7.9,30.3,21.2,-0.6
CanadaCentral,12/17/2013,0.8,23.2,25.5,-0.1
CanadaCentral,12/18/2013,-9.1,23.1,14.5,-8
CanadaCentral,12/19/2013,-15.6,-2.7,7.4,-13.7
CanadaCentral,12/20/2013,-16.3,2,-3.1,-17.4
CanadaCentral,12/21/2013,-20.2,-8.5,-5.6,-20.6
CanadaCentral,12/22/2013,-25.2,-10.2,-6.6,-25.4
CanadaCentral,12/23/2013,-30.9,-1.1,4,-19.3
CanadaCentral,12/24/2013,-1.9,23.3,14,-7.6
CanadaCentral,12/25/2013,9.9,19.7,23.7,6.4
CanadaCentral,12/26/2013,11.2,28.3,27.7,12.5
CanadaCentral,12/27/2013,16.5,35.1,26.8,4
CanadaCentral,12/28/2013,-15.6,17.1,15.5,-7.3
CanadaCentral,12/29/2013,-22.7,-5.8,1.8,-19.6
CanadaCentral,12/30/2013,-20.5,-5.9,-8.7,-24.5
CanadaCentral,12/31/2013,-30.2,-14.5,-9.3,-24.4
CanadaCentral,1/1/2014,-22.7,-7.5,-5.1,-26.5
CanadaCentral,1/2/2014,-26.7,6.6,6.9,-17.1
CanadaCentral,1/3/2014,-1.8,21.5,10.4,-16.4
CanadaCentral,1/4/2014,-20.5,3,1.7,-16.8
CanadaCentral,1/5/2014,-28.1,-19.5,-8.5,-26
CanadaCentral,1/6/2014,-29.3,-9,-12.2,-26.2
CanadaCentral,1/7/2014,-21.3,-8.1,-3.1,-27.1
CanadaCentral,1/8/2014,-30.8,7.7,7.2,-16.1
CanadaCentral,1/9/2014,3.6,21.9,19,-6
CanadaCentral,1/10/2014,9.1,27.4,26.8,7.7
CanadaCentral,1/11/2014,10.3,31.1,31.6,10.5
CanadaCentral,1/12/2014,12.1,36.5,30.5,7.2
CanadaCentral,1/13/2014,-0.7,23.8,25.4,0.9
CanadaCentral,1/14/2014,-8.6,16,27,-4.9
CanadaCentral,1/15/2014,-5.3,41.4,27.5,-5.7
CanadaCentral,1/16/2014,-3.3,25.1,32.2,-4.9
CanadaCentral,1/17/2014,-6.1,30.2,30.3,1.6
CanadaCentral,1/18/2014,14,35.5,32.9,4.6
CanadaCentral,1/19/2014,6,32.9,25.2,-0.1
CanadaCentral,1/20/2014,-20.4,7.1,17.7,-9.7
CanadaCentral,1/21/2014,-14.7,13,8.5,-19.1
CanadaCentral,1/22/2014,-22.1,5.3,15.7,-21
CanadaCentral,1/23/2014,-26.4,28.8,22.6,-13.5
CanadaCentral,1/24/2014,8,33.6,25.9,-7.6
CanadaCentral,1/25/2014,-4.3,15.4,21.3,-4.8
CanadaCentral,1/26/2014,-18.2,14.9,5.8,-15.8
CanadaCentral,1/27/2014,-24.8,-12.9,1.9,-21.5
CanadaCentral,1/28/2014,-21.4,3.9,2,-18.3
CanadaCentral,1/29/2014,-8.7,15,5.5,-14.3
CanadaCentral,1/30/2014,-12.6,-2.4,6.9,-12.7
CanadaCentral,1/31/2014,-16.6,8.2,3.5,-13
CanadaCentral,2/1/2014,-9.8,4.6,8.8,-10.4
CanadaCentral,2/2/2014,-4.8,13.6,8.9,-9.4
CanadaCentral,2/3/2014,-13.6,8.3,6.2,-12.5
CanadaCentral,2/4/2014,-19.1,-3.2,-0.2,-15.3
CanadaCentral,2/5/2014,-13.1,-5.5,-2,-13.8
CanadaCentral,2/6/2014,-9.1,2.9,0.4,-11.3
CanadaCentral,2/7/2014,-11.7,3.9,2.5,-11.8
CanadaCentral,2/8/2014,-14.7,0.7,-1.1,-16
CanadaCentral,2/9/2014,-21.6,-8,-2.4,-21
CanadaCentral,2/10/2014,-26.5,-0.1,3.1,-19.8
CanadaCentral,2/11/2014,-11.2,17.4,6.8,-15.7
CanadaCentral,2/12/2014,-9.3,3,7.3,-12.8
CanadaCentral,2/13/2014,-17.9,1.6,5,-14.3
CanadaCentral,2/14/2014,-15.8,10.4,6.8,-15.4
CanadaCentral,2/15/2014,-12.6,8.6,12.7,-14.4
CanadaCentral,2/16/2014,-14.9,19.2,19.9,-4.5
CanadaCentral,2/17/2014,14,32,28.4,3.6
CanadaCentral,2/18/2014,11.6,34.1,30.1,10.1
CanadaCentral,2/19/2014,4.7,24.2,22.9,2.5
CanadaCentral,2/20/2014,-8.6,10.3,12.5,-5.8
CanadaCentral,2/21/2014,-13.4,3,6.7,-10.6
CanadaCentral,2/22/2014,-9.8,6.9,4.1,-11.7
CanadaCentral,2/23/2014,-12.1,2.4,1.6,-13.8
CanadaCentral,2/24/2014,-19.5,-4.5,-2.3,-17
CanadaCentral,2/25/2014,-19.5,-4.7,-0.8,-18.8
CanadaCentral,2/26/2014,-17.5,6.7,1.1,-21
CanadaCentral,2/27/2014,-26,1.2,2.7,-22.5
CanadaCentral,2/28/2014,-23.8,0.2,-5.2,-28
CanadaCentral,3/1/2014,-34,-17,-7.9,-27
CanadaCentral,3/2/2014,-23.2,-6.8,-7.2,-26.4
CanadaCentral,3/3/2014,-21.9,2.1,0.2,-20
CanadaCentral,3/4/2014,-14.9,5.2,8.9,-11.2
CanadaCentral,3/5/2014,3.1,19.2,14.6,-1.5
CanadaCentral,3/6/2014,7.3,19.3,16.5,0.1
CanadaCentral,3/7/2014,-9.9,11.1,20.4,-3.7
CanadaCentral,3/8/2014,-8.5,30.8,27.4,2
CanadaCentral,3/9/2014,24.5,40.4,36.7,14.5
CanadaCentral,3/10/2014,27.4,38.9,36.8,21.4
CanadaCentral,3/11/2014,12.1,31.2,35,16.8
CanadaCentral,3/12/2014,10.9,35,35.4,15.2
CanadaCentral,3/13/2014,22.4,40.2,36.5,13.4
CanadaCentral,3/14/2014,7,34.3,28.4,8.9
CanadaCentral,3/15/2014,-2.6,10.5,27,2.3
CanadaCentral,3/16/2014,2.4,36.1,27.8,7.4
CanadaCentral,3/17/2014,22.3,36.6,34.9,15.7
CanadaCentral,3/18/2014,22.4,31.9,35.1,21.3
CanadaCentral,3/19/2014,19.2,36.8,35,19.5
CanadaCentral,3/20/2014,16.8,36.4,33.9,11.8
CanadaCentral,3/21/2014,-0.7,28.4,25.4,3.2
CanadaCentral,3/22/2014,-6.4,11.3,18.7,-5.3
CanadaCentral,3/23/2014,-8.7,16.3,14.6,-5.1
CanadaCentral,3/24/2014,-0.2,16.2,17.2,-3.4
CanadaCentral,3/25/2014,-1.4,19.1,21.6,2.1
CanadaCentral,3/26/2014,8,29.7,24,4.3
CanadaCentral,3/27/2014,6.3,23.3,26.3,5.1
CanadaCentral,3/28/2014,1,26,31,7.9
CanadaCentral,3/29/2014,16.4,43.6,34.7,9.1
CanadaCentral,3/30/2014,10.1,34.5,30.8,10.1
CanadaCentral,3/31/2014,3.8,14.3,24.8,4.7
CanadaCentral,4/1/2014,0.2,25.4,24.2,3.2
CanadaCentral,4/2/2014,5.6,32.9,29.7,7.3
CanadaCentral,4/3/2014,16.2,30.7,32.8,12.7
CanadaCentral,4/4/2014,16.5,34.8,36.9,19
CanadaCentral,4/5/2014,24.3,45.2,43.5,22.3
CanadaCentral,4/6/2014,26.1,50.4,47.3,25.3
CanadaCentral,4/7/2014,25.7,46.2,50.6,25.3
CanadaCentral,4/8/2014,24.2,55.1,53.1,27.1
CanadaCentral,4/9/2014,31.5,58.1,54.1,28.9
CanadaCentral,4/10/2014,31,49.2,50.9,30
CanadaCentral,4/11/2014,27.4,45.2,43.1,26.8
CanadaCentral,4/12/2014,22,35,37.1,22
CanadaCentral,4/13/2014,16.7,31,29.9,16.2
CanadaCentral,4/14/2014,10,23.8,29.2,13.6
CanadaCentral,4/15/2014,14,32.9,29.5,13.6
CanadaCentral,4/16/2014,16.7,31.7,34.9,14.8
CanadaCentral,4/17/2014,13.8,40,38.7,19.1
CanadaCentral,4/18/2014,27,44.3,43.7,23.1
CanadaCentral,4/19/2014,28.7,46.8,52.1,27.4
CanadaCentral,4/20/2014,26.6,65.1,55.2,28.9
CanadaCentral,4/21/2014,31.3,53.7,60.7,28.9
CanadaCentral,4/22/2014,28.8,63.4,54.3,32.6
CanadaCentral,4/23/2014,37.6,45.7,53.1,33.3
CanadaCentral,4/24/2014,33.5,50.1,47,34.1
CanadaCentral,4/25/2014,31.4,45.2,47.9,32.6
CanadaCentral,4/26/2014,33,48.2,44.6,32.5
CanadaCentral,4/27/2014,33.3,40.5,41.6,33
CanadaCentral,4/28/2014,32.7,36.2,42.3,32.8
CanadaCentral,4/29/2014,32.5,50.2,46.1,32.2
CanadaCentral,4/30/2014,31.5,51.8,54.5,31.9
CanadaCentral,5/1/2014,31.8,61.4,57.5,32.8
CanadaCentral,5/2/2014,35.1,59.2,54.3,32
CanadaCentral,5/3/2014,29,42.2,49.7,30.2
CanadaCentral,5/4/2014,26.5,47.8,46.7,29.3
CanadaCentral,5/5/2014,32.3,50.2,50.2,32.4
CanadaCentral,5/6/2014,38.5,52.5,50.9,35.8
CanadaCentral,5/7/2014,36.5,50,52.1,35.3
CanadaCentral,5/8/2014,30.7,53.8,55.8,31.5
CanadaCentral,5/9/2014,27.3,63.5,60.6,31.2
CanadaCentral,5/10/2014,35.7,64.6,59.3,32.6
CanadaCentral,5/11/2014,34.8,49.8,53.9,34.4
CanadaCentral,5/12/2014,32.9,47.3,48.9,33.3
CanadaCentral,5/13/2014,32.2,49.5,48,30.5
CanadaCentral,5/14/2014,26.3,47.1,51.9,27.8
CanadaCentral,5/15/2014,25,59,56.2,27.4
CanadaCentral,5/16/2014,31,62.4,63.2,30.5
CanadaCentral,5/17/2014,35.5,68.3,65.8,36.2
CanadaCentral,5/18/2014,42.2,66.6,63.9,41.2
CanadaCentral,5/19/2014,46,56.7,58.7,43.5
CanadaCentral,5/20/2014,42.2,52.9,57.7,41.7
CanadaCentral,5/21/2014,36.9,63.4,64.5,39.2
CanadaCentral,5/22/2014,38.5,77.2,75.7,42
CanadaCentral,5/23/2014,50.6,86.5,84.6,48
CanadaCentral,5/24/2014,54.9,90.1,82.3,51.9
CanadaCentral,5/25/2014,50.2,70.3,77.9,49.9
CanadaCentral,5/26/2014,44.5,73.4,74.2,49.1
CanadaCentral,5/27/2014,52.5,78.9,78,48.6
CanadaCentral,5/28/2014,48.9,81.7,83,53.4
CanadaCentral,5/29/2014,58.8,88.4,82.5,53.4
CanadaCentral,5/30/2014,52.6,77.3,81.9,53.7
CanadaCentral,5/31/2014,49.9,79.9,76.8,50.5
CanadaCentral,6/1/2014,49.2,73.1,72.7,49.2
CanadaCentral,6/2/2014,48.4,65.2,70.8,48.2
CanadaCentral,6/3/2014,47.1,74,71.9,48.8
CanadaCentral,6/4/2014,50.9,76.6,75.5,49.7
CanadaCentral,6/5/2014,51.1,76.1,71.3,48
CanadaCentral,6/6/2014,41.9,61.3,68.3,44.3
CanadaCentral,6/7/2014,39.8,67.5,66.2,41.1
CanadaCentral,6/8/2014,41.6,69.9,70.2,40.7
CanadaCentral,6/9/2014,40.7,73.2,72.2,44.4
CanadaCentral,6/10/2014,51,73.5,70.7,45.6
CanadaCentral,6/11/2014,45.2,65.4,70.5,45.2
CanadaCentral,6/12/2014,39.2,72.8,68.5,42.2
CanadaCentral,6/13/2014,42.2,67.4,67.9,44.3
CanadaCentral,6/14/2014,51.3,63.5,64.5,48
CanadaCentral,6/15/2014,50.4,62.5,65.7,49
CanadaCentral,6/16/2014,45.2,71.1,67.5,48.3
CanadaCentral,6/17/2014,49.2,68.9,71.8,49.1
CanadaCentral,6/18/2014,52.9,75.5,71.1,51.4
CanadaCentral,6/19/2014,52.1,69,71,52
CanadaCentral,6/20/2014,50.9,68.7,72.3,51.6
CanadaCentral,6/21/2014,51.8,79.2,73.3,51.6
CanadaCentral,6/22/2014,51.9,72,73.8,52.1
CanadaCentral,6/23/2014,52.4,70.4,68.4,52.3
CanadaCentral,6/24/2014,52.7,63,66.4,52.6
CanadaCentral,6/25/2014,52.8,66,66.8,53.5
CanadaCentral,6/26/2014,54.9,71.3,71.7,56.5
CanadaCentral,6/27/2014,61.7,78,73.1,58.1
CanadaCentral,6/28/2014,57.6,70,70.8,59.3
CanadaCentral,6/29/2014,58.6,64.3,67.4,56.5
CanadaCentral,6/30/2014,53.4,67.9,65.6,53.1
CanadaCentral,7/1/2014,47.1,64.5,67.3,47.9
CanadaCentral,7/2/2014,43.3,69.6,68.9,46
CanadaCentral,7/3/2014,47.7,72.6,74.4,47.9
CanadaCentral,7/4/2014,52.6,81,79.3,53.9
CanadaCentral,7/5/2014,61.5,84.4,80.8,58
CanadaCentral,7/6/2014,59.8,77.1,78,59.3
CanadaCentral,7/7/2014,56.6,72.6,74,56.7
CanadaCentral,7/8/2014,53.6,72.3,72.7,52.4
CanadaCentral,7/9/2014,47,73.1,75.1,52
CanadaCentral,7/10/2014,55.4,79.8,75.3,52.1
CanadaCentral,7/11/2014,53.8,73,76,52.4
CanadaCentral,7/12/2014,48,75.3,71,49.4
CanadaCentral,7/13/2014,46.4,64.8,69.2,47
CanadaCentral,7/14/2014,46.6,67.4,68.3,46.1
CanadaCentral,7/15/2014,45.3,72.8,71.8,46.9
CanadaCentral,7/16/2014,48.9,75.4,75.7,48.2
CanadaCentral,7/17/2014,50.5,79,76.9,52.1
CanadaCentral,7/18/2014,56.8,76.4,76.9,52.5
CanadaCentral,7/19/2014,50.2,75.4,77.9,55.7
CanadaCentral,7/20/2014,60.2,81.8,77.7,56
CanadaCentral,7/21/2014,57.5,75.9,77.7,57.6
CanadaCentral,7/22/2014,55.3,75.4,74.8,55.7
CanadaCentral,7/23/2014,54.2,73,74.7,55.2
CanadaCentral,7/24/2014,56.2,75.7,74.7,54.1
CanadaCentral,7/25/2014,51.9,75.5,72.8,53.6
CanadaCentral,7/26/2014,52.6,67.2,69.9,51.7
CanadaCentral,7/27/2014,50.8,67.1,69.2,50.1
CanadaCentral,7/28/2014,46.8,73.3,72.1,48.8
CanadaCentral,7/29/2014,48.9,75.8,75.9,48
CanadaCentral,7/30/2014,48.1,78.4,77.9,50.1
CanadaCentral,7/31/2014,53.2,79.6,79.6,51.2
CanadaCentral,8/1/2014,52.3,80.9,78.9,53.4
CanadaCentral,8/2/2014,54.8,76.3,77.9,53.3
CanadaCentral,8/3/2014,52.6,76.4,76.9,52.1
CanadaCentral,8/4/2014,48.7,77.9,77.7,51.2
CanadaCentral,8/5/2014,52.4,78.9,77.5,52.8
CanadaCentral,8/6/2014,57.4,75.7,78.3,56.6
CanadaCentral,8/7/2014,60.1,80.4,79.7,58.8
CanadaCentral,8/8/2014,59.1,83.1,80.8,58.9
CanadaCentral,8/9/2014,57.7,78.8,77.8,55.6
CanadaCentral,8/10/2014,50.1,71.5,75.5,51.2
CanadaCentral,8/11/2014,45.9,76.1,76.4,48.6
CanadaCentral,8/12/2014,49.8,81.6,78.6,49.8
CanadaCentral,8/13/2014,53.6,78.1,81.1,54.9
CanadaCentral,8/14/2014,61.1,83.7,82.7,57.9
CanadaCentral,8/15/2014,59,86.3,80.6,60.3
CanadaCentral,8/16/2014,60.7,71.8,79.2,59.5
CanadaCentral,8/17/2014,58.9,79.4,76.4,58.9
CanadaCentral,8/18/2014,57.2,78.1,79.9,56.2
CanadaCentral,8/19/2014,52.4,82.1,80.2,56.7
CanadaCentral,8/20/2014,60.6,80.4,77.5,57.7
CanadaCentral,8/21/2014,60,69.9,72,58.7
CanadaCentral,8/22/2014,55.6,65.7,65.6,56.2
CanadaCentral,8/23/2014,53,61.1,64.8,53.2
CanadaCentral,8/24/2014,51.1,67.5,61.7,49.6
CanadaCentral,8/25/2014,44.9,56.6,63.8,45.2
CanadaCentral,8/26/2014,39.5,67.2,66.1,42.7
CanadaCentral,8/27/2014,43.7,74.4,74.7,46.3
CanadaCentral,8/28/2014,55.6,82.6,74.7,48.8
CanadaCentral,8/29/2014,47,67.1,73.4,47.6
CanadaCentral,8/30/2014,40.2,70.4,69.2,45.5
CanadaCentral,8/31/2014,49.3,70,70.3,45.3
CanadaCentral,9/1/2014,46.5,70.5,71.2,46.6
CanadaCentral,9/2/2014,44.2,73.2,71.3,46.3
CanadaCentral,9/3/2014,48.1,70.3,67.4,45.9
CanadaCentral,9/4/2014,45.5,58.6,66.3,44.8
CanadaCentral,9/5/2014,40.7,69.9,67.6,43.2
CanadaCentral,9/6/2014,43.3,74.4,74.6,42.2
CanadaCentral,9/7/2014,42.7,79.4,73.8,43.4
CanadaCentral,9/8/2014,44.3,67.6,65,42.6
CanadaCentral,9/9/2014,40.7,48,55.2,40.8
CanadaCentral,9/10/2014,37.3,50,49.1,37.3
CanadaCentral,9/11/2014,33.8,49.2,51.7,32.9
CanadaCentral,9/12/2014,27.6,55.9,54.7,31.9
CanadaCentral,9/13/2014,34.4,59.1,56.7,31.6
CanadaCentral,9/14/2014,32.8,55,59.8,32.8
CanadaCentral,9/15/2014,31.1,65.4,64.6,34
CanadaCentral,9/16/2014,38.1,73.3,65.4,36.3
CanadaCentral,9/17/2014,39.6,57.5,67.2,38.8
CanadaCentral,9/18/2014,38.6,70.9,66.1,42.7
CanadaCentral,9/19/2014,50,70,69.3,45.6
CanadaCentral,9/20/2014,48.1,66.9,69.4,45.2
CanadaCentral,9/21/2014,37.4,71.2,72.4,42.1
CanadaCentral,9/22/2014,40.7,79.1,76.7,42
CanadaCentral,9/23/2014,48,79.6,77.9,46.6
CanadaCentral,9/24/2014,51,74.9,79.7,50.4
CanadaCentral,9/25/2014,52.1,84.4,82.7,54.1
CanadaCentral,9/26/2014,59.2,88.6,81.1,54.1
CanadaCentral,9/27/2014,51.1,70.2,70.2,51
CanadaCentral,9/28/2014,42.8,51.6,57.6,44.4
CanadaCentral,9/29/2014,39.5,51.1,52.3,42.1
CanadaCentral,9/30/2014,44.1,54.3,54.6,42.2
CanadaCentral,10/1/2014,43.1,58.6,56,41
CanadaCentral,10/2/2014,35.6,55.2,51.3,35.5
CanadaCentral,10/3/2014,27.7,40.3,46.1,29
CanadaCentral,10/4/2014,23.6,42.7,43.4,29
CanadaCentral,10/5/2014,35.8,47.3,47,30.8
CanadaCentral,10/6/2014,33,50.9,50.4,32.6
CanadaCentral,10/7/2014,29.1,52.9,50.9,29
CanadaCentral,10/8/2014,24.9,49,50.7,25.2
CanadaCentral,10/9/2014,21.5,50.2,53,23.3
CanadaCentral,10/10/2014,23.5,59.8,58.8,26.4
CanadaCentral,10/11/2014,34.3,66.3,62.8,32.7
CanadaCentral,10/12/2014,40.3,62.3,64,35.7
CanadaCentral,10/13/2014,32.5,63.3,64.4,34.2
CanadaCentral,10/14/2014,29.7,67.6,67,34.6
CanadaCentral,10/15/2014,41.5,70.1,63.9,36.9
CanadaCentral,10/16/2014,39.5,54,55.5,38.1
CanadaCentral,10/17/2014,33.4,42.5,49.1,35.4
CanadaCentral,10/18/2014,33.3,50.7,53.3,34.1
CanadaCentral,10/19/2014,35.6,66.7,62.2,33
CanadaCentral,10/20/2014,30.2,69.3,67.9,35
CanadaCentral,10/21/2014,39.1,67.7,66.7,38.3
CanadaCentral,10/22/2014,45.5,63.2,65.8,39.3
CanadaCentral,10/23/2014,33.3,66.4,64.3,38.6
CanadaCentral,10/24/2014,36.9,63.3,62.5,33.9
CanadaCentral,10/25/2014,31.6,57.9,59.2,34.1
CanadaCentral,10/26/2014,33.8,56.3,52.5,31.9
CanadaCentral,10/27/2014,30.2,43.2,44.8,31.4
CanadaCentral,10/28/2014,30.4,34.8,40.3,29.2
CanadaCentral,10/29/2014,27,42.8,38,23.5
CanadaCentral,10/30/2014,13.3,36.2,39.6,17
CanadaCentral,10/31/2014,10.8,39.7,41.2,17.2
CanadaCentral,11/1/2014,27.5,47.7,45.4,21.7
CanadaCentral,11/2/2014,26.7,48.9,46,27.4
CanadaCentral,11/3/2014,28.1,41.4,43.8,27.1
CanadaCentral,11/4/2014,26.5,41.2,39.3,26.7
CanadaCentral,11/5/2014,25.5,35.2,38.7,25.1
CanadaCentral,11/6/2014,23.2,39.6,41.4,26.8
CanadaCentral,11/7/2014,31.7,49.4,40.6,25.4
CanadaCentral,11/8/2014,21.3,32.7,34.7,21.4
CanadaCentral,11/9/2014,11.1,22.2,24.3,12.2
CanadaCentral,11/10/2014,4.1,18,19.3,7.9
CanadaCentral,11/11/2014,8.4,17.8,17.5,6.4
CanadaCentral,11/12/2014,6.5,16.7,16.4,4.3
CanadaCentral,11/13/2014,-2,14.6,16,-0.6
CanadaCentral,11/14/2014,-6.2,16.5,14.3,-4.7
CanadaCentral,11/15/2014,-5.8,11.8,15,-2.7
CanadaCentral,11/16/2014,4,16.7,14,-0.2
CanadaCentral,11/17/2014,1.3,13.4,17.3,2.7
CanadaCentral,11/18/2014,2.8,21.7,18,1.1
CanadaCentral,11/19/2014,-0.7,19.1,19.8,-0.4
CanadaCentral,11/20/2014,-3.3,18.8,27.6,4.1
CanadaCentral,11/21/2014,16.4,44.8,34,13.2
CanadaCentral,11/22/2014,26.6,38.3,37.8,15.7
CanadaCentral,11/23/2014,4,30.3,30,9.5
CanadaCentral,11/24/2014,-2.1,21.4,23.9,1.5
CanadaCentral,11/25/2014,2.7,20,14.8,-5.5
CanadaCentral,11/26/2014,-17.1,2.9,10.9,-10.7
CanadaCentral,11/27/2014,-17.7,9.8,8,-9.9
CanadaCentral,11/28/2014,5.3,11.3,11.1,-7.8
CanadaCentral,11/29/2014,-11,12.2,6.4,-7.5
CanadaCentral,11/30/2014,-16.7,-4.4,5.1,-16.7
CanadaCentral,12/1/2014,-22.3,7.4,6,-14.7
CanadaCentral,12/2/2014,-5.1,15.1,12.2,-10.9
CanadaCentral,12/3/2014,-5.3,14.2,16.8,-3.8
CanadaCentral,12/4/2014,-0.9,21.1,18.1,-2.4
CanadaCentral,12/5/2014,-0.9,19.1,21.3,-0.7
CanadaCentral,12/6/2014,-0.2,23.8,23.9,5.1
CanadaCentral,12/7/2014,16.3,28.8,24.2,5
CanadaCentral,12/8/2014,-1,20,25.3,4.6
CanadaCentral,12/9/2014,-1.7,27.3,26.6,5.9
CanadaCentral,12/10/2014,20.4,32.5,32.2,13.2
CanadaCentral,12/11/2014,20.8,36.9,36.1,21.9
CanadaCentral,12/12/2014,24.4,38.8,38.3,23.6
CanadaCentral,12/13/2014,25.4,39.3,36.5,25.2
CanadaCentral,12/14/2014,25.8,31.5,31.3,20.2
CanadaCentral,12/15/2014,9.3,23,22.4,12.7
CanadaCentral,12/16/2014,3.1,12.5,16.7,3.4
CanadaCentral,12/17/2014,-2.1,14.5,16.2,1.7
CanadaCentral,12/18/2014,4,21.5,20.7,7.3
CanadaCentral,12/19/2014,20,26.1,25.1,14.6
CanadaCentral,12/20/2014,19.7,27.8,27.7,17.8
CanadaCentral,12/21/2014,13.6,29.2,29,20.1
CanadaCentral,12/22/2014,27.1,30,29.1,21
CanadaCentral,12/23/2014,22.3,28.1,29.1,22.3
CanadaCentral,12/24/2014,17.6,29.2,27.8,16.8
CanadaCentral,12/25/2014,10.4,26.2,24.3,4.7
CanadaCentral,12/26/2014,-13.9,17.5,20,-5.4
CanadaCentral,12/27/2014,-12.7,16.4,11.1,-16.1
CanadaCentral,12/28/2014,-21.6,-0.7,2.5,-19.9
CanadaCentral,12/29/2014,-25.5,-8.3,-2.3,-22.1
CanadaCentral,12/30/2014,-19.3,2.1,6.2,-14.5
CanadaCentral,12/31/2014,1.3,24.8,17.3,-4.1
CanadaCentral,1/1/2015,5.8,25,24.6,2.6
CanadaCentral,1/2/2015,0.7,24,16.7,-3.8
CanadaCentral,1/3/2015,-17.9,1,3.2,-15.2
CanadaCentral,1/4/2015,-28.5,-15.3,-5.1,-23.4
CanadaCentral,1/5/2015,-23.9,-1,-6.6,-21.3
CanadaCentral,1/6/2015,-11.6,-3.6,-0.4,-17.8
CanadaCentral,1/7/2015,-17.9,3.4,2.3,-12.1
CanadaCentral,1/8/2015,-6.7,7.3,3.3,-12.8
CanadaCentral,1/9/2015,-13.8,-0.9,0.6,-12.4
CanadaCentral,1/10/2015,-16.7,-4.5,-2.3,-16.1
CanadaCentral,1/11/2015,-17.8,-1.4,-1.8,-20.4
CanadaCentral,1/12/2015,-26.8,0.6,5.5,-16.9
CanadaCentral,1/13/2015,-6.2,17.3,17,-7
CanadaCentral,1/14/2015,12,33.2,26.9,5.3
CanadaCentral,1/15/2015,10.2,30.2,30.7,9
CanadaCentral,1/16/2015,5,28.8,30.7,12.5
CanadaCentral,1/17/2015,22.4,33.2,29.2,12.1
CanadaCentral,1/18/2015,8.9,25.7,27.9,16.4
CanadaCentral,1/19/2015,17.8,24.8,25.7,14
CanadaCentral,1/20/2015,15.3,26.7,23.8,13
CanadaCentral,1/21/2015,6,19.9,28.8,12.7
CanadaCentral,1/22/2015,16.8,39.7,33.1,16
CanadaCentral,1/23/2015,25.2,39.6,37.4,19.4
CanadaCentral,1/24/2015,16.2,32.8,36.1,18.3
CanadaCentral,1/25/2015,13.3,35.8,35.6,17
CanadaCentral,1/26/2015,21.4,38.3,37.1,18.2
CanadaCentral,1/27/2015,19.9,37.2,35.2,19.7
CanadaCentral,1/28/2015,17.6,30.1,28.3,13.2
CanadaCentral,1/29/2015,2,17.8,23.8,8.5
CanadaCentral,1/30/2015,6,23.5,17.1,-2.1
CanadaCentral,1/31/2015,-14.3,9.9,11.3,-9.2
CanadaCentral,2/1/2015,-19.4,0.4,5.3,-12.7
CanadaCentral,2/2/2015,-4.4,5.6,4.4,-9.7
CanadaCentral,2/3/2015,-5.4,7.1,5.7,-8.7
CanadaCentral,2/4/2015,-16.4,4.5,10.3,-7
CanadaCentral,2/5/2015,0.9,19.5,11.3,-5
CanadaCentral,2/6/2015,0.6,10.1,16.2,1.7
CanadaCentral,2/7/2015,3.5,19,11.4,0.9
CanadaCentral,2/8/2015,-1.4,5.1,10.9,1.6
CanadaCentral,2/9/2015,2.9,8.6,9.9,1.2
CanadaCentral,2/10/2015,2.1,15.9,9.1,-5.1
CanadaCentral,2/11/2015,-20.3,2.6,10.9,-13.3
CanadaCentral,2/12/2015,-21.7,14.1,10.8,-14.7
CanadaCentral,2/13/2015,-2.2,15.7,9.1,-13.8
CanadaCentral,2/14/2015,-17.4,-2.7,8.4,-9.3
CanadaCentral,2/15/2015,-8.3,12.2,8,-11.9
CanadaCentral,2/16/2015,-10,14.4,7.9,-12.1
CanadaCentral,2/17/2015,-17.8,-2.9,3,-17.2
CanadaCentral,2/18/2015,-23.6,-2.3,4.9,-19.4
CanadaCentral,2/19/2015,-16.7,19.9,13.7,-12.9
CanadaCentral,2/20/2015,1.6,23.4,15.7,-12.4
CanadaCentral,2/21/2015,-22.2,3.6,7.3,-17
CanadaCentral,2/22/2015,-30.4,-5.3,9.3,-22.5
CanadaCentral,2/23/2015,-14.9,29.7,17.6,-13.4
CanadaCentral,2/24/2015,5.1,28.5,21,-7.7
CanadaCentral,2/25/2015,-13.5,4.9,11.7,-9.3
CanadaCentral,2/26/2015,-19.6,1.8,6.1,-18
CanadaCentral,2/27/2015,-20.8,11.4,9.1,-16.4
CanadaCentral,2/28/2015,-8.9,13.9,14.3,-11.1
CanadaCentral,3/1/2015,-3.6,17.6,18.6,-7.3
CanadaCentral,3/2/2015,-9.4,24.4,19.9,-7.2
CanadaCentral,3/3/2015,-8.8,17.7,13.4,-12.5
CanadaCentral,3/4/2015,-19.3,-1.7,12.7,-15.7
CanadaCentral,3/5/2015,-19.1,22.2,18,-11.6
CanadaCentral,3/6/2015,3.6,33.7,30.9,-0.6
CanadaCentral,3/7/2015,13.7,36.8,36.8,12.6
CanadaCentral,3/8/2015,20.5,39.9,40.8,17.4
CanadaCentral,3/9/2015,17.9,45.6,42.8,22.5
CanadaCentral,3/10/2015,29.2,43,42.8,25.3
CanadaCentral,3/11/2015,28.9,39.7,42.6,29.2
CanadaCentral,3/12/2015,29.4,45,43.7,29
CanadaCentral,3/13/2015,28.6,46.3,49.6,28.4
CanadaCentral,3/14/2015,27.2,57.3,53.1,31.1
CanadaCentral,3/15/2015,37.4,55.7,50.6,30.2
CanadaCentral,3/16/2015,26,38.9,45.3,27.7
CanadaCentral,3/17/2015,19.7,41.3,42.1,22.9
CanadaCentral,3/18/2015,23.2,46,44.9,23.5
CanadaCentral,3/19/2015,27.6,47.4,43.2,22.5
CanadaCentral,3/20/2015,16.7,36.1,35.6,19
CanadaCentral,3/21/2015,12.9,23.3,30.8,16.3
CanadaCentral,3/22/2015,19.3,33.1,30.4,19.1
CanadaCentral,3/23/2015,25.1,34.7,33.5,24.1
CanadaCentral,3/24/2015,27.7,32.8,34,25.2
CanadaCentral,3/25/2015,22.7,34.5,33.4,22.1
CanadaCentral,3/26/2015,15.9,33,34.7,21
CanadaCentral,3/27/2015,24.5,36.6,40.4,23
CanadaCentral,3/28/2015,28.6,51.5,47.4,27.8
CanadaCentral,3/29/2015,30.5,54.2,54.3,30
CanadaCentral,3/30/2015,31,57.2,56.6,30.2
CanadaCentral,3/31/2015,29,58.4,57.3,30.7
CanadaCentral,4/1/2015,31.9,56.3,51.6,25.4
CanadaCentral,4/2/2015,15.2,40.1,43.2,19.8
CanadaCentral,4/3/2015,12.1,33.3,35,14.5
CanadaCentral,4/4/2015,16.2,31.5,33.3,14.8
CanadaCentral,4/5/2015,16.1,35.2,35,16.3
CanadaCentral,4/6/2015,16.5,38.4,36.1,18.8
CanadaCentral,4/7/2015,23.8,34.7,40.1,22.1
CanadaCentral,4/8/2015,26.1,47.2,45.3,25.4
CanadaCentral,4/9/2015,26.3,53.9,53.1,25.2
CanadaCentral,4/10/2015,23,58,60.7,26.9
CanadaCentral,4/11/2015,31.3,70,62.4,29.1
CanadaCentral,4/12/2015,33.1,59,61.1,31.2
CanadaCentral,4/13/2015,29.3,54.3,61,29.7
CanadaCentral,4/14/2015,26.9,69.8,64.8,33.7
CanadaCentral,4/15/2015,45.1,70.3,67.7,34.8
CanadaCentral,4/16/2015,32.4,63.1,66,36.1
CanadaCentral,4/17/2015,31,64.5,65.1,30.5
CanadaCentral,4/18/2015,28.2,67.8,59.7,29.6
CanadaCentral,4/19/2015,29.7,46.8,52,28.1
CanadaCentral,4/20/2015,26.4,41.4,44.8,27
CanadaCentral,4/21/2015,24.7,46.2,45.4,23.7
CanadaCentral,4/22/2015,20,48.4,48.2,20.7
CanadaCentral,4/23/2015,17.3,50,52.7,23
CanadaCentral,4/24/2015,31.6,59.6,56.4,26.6
CanadaCentral,4/25/2015,30.8,59.5,58.3,32.7
CanadaCentral,4/26/2015,35.6,55.7,55.9,33.9
CanadaCentral,4/27/2015,35.4,52.5,58.5,33.4
CanadaCentral,4/28/2015,29.3,67.1,64.6,33.6
CanadaCentral,4/29/2015,36.2,74.3,72.3,34.5
CanadaCentral,4/30/2015,38.2,75.5,74.6,37.1
CanadaCentral,5/1/2015,36.9,74.2,74.8,38.1
CanadaCentral,5/2/2015,39.3,74.7,70.8,37.2
CanadaCentral,5/3/2015,35.6,63.7,68.7,34.4
CanadaCentral,5/4/2015,28.3,67.8,69.3,34.5
CanadaCentral,5/5/2015,39.6,76.3,70.1,39.2
CanadaCentral,5/6/2015,49.7,66.3,66.3,42.5
CanadaCentral,5/7/2015,38.2,56.2,55,39.2
CanadaCentral,5/8/2015,29.8,42.5,49.7,31.9
CanadaCentral,5/9/2015,27.7,50.3,47.9,28.8
CanadaCentral,5/10/2015,29,50.8,52.3,30.8
CanadaCentral,5/11/2015,35.9,55.7,54.6,31.2
CanadaCentral,5/12/2015,28.8,57.3,54.2,34.7
CanadaCentral,5/13/2015,39.5,49.6,52.3,35.8
CanadaCentral,5/14/2015,39,50,54.2,37.2
CanadaCentral,5/15/2015,33.1,63.1,59,36.3
CanadaCentral,5/16/2015,36.8,63.9,59.2,33.2
CanadaCentral,5/17/2015,29.9,50.7,53.9,31.3
CanadaCentral,5/18/2015,27.3,47,52.9,28.6
CanadaCentral,5/19/2015,28.5,61,60.5,29.9
CanadaCentral,5/20/2015,34,73.3,68.4,32.8
CanadaCentral,5/21/2015,36,70.9,74.1,36.8
CanadaCentral,5/22/2015,40.3,78.2,76,39.3
CanadaCentral,5/23/2015,41.7,78.9,78.9,42.2
CanadaCentral,5/24/2015,44.5,79.6,79.7,45.3
CanadaCentral,5/25/2015,49.9,80.6,81.1,48.8
CanadaCentral,5/26/2015,51.9,83,78.4,49.3
CanadaCentral,5/27/2015,46,71.6,74.8,48.2
CanadaCentral,5/28/2015,46.5,69.8,65.6,42.7
CanadaCentral,5/29/2015,35.5,55.3,59.9,37.2
CanadaCentral,5/30/2015,29.6,54.5,58.9,35.4
CanadaCentral,5/31/2015,41,67,66.3,39.3
CanadaCentral,6/1/2015,47.3,77.3,70.2,46.2
CanadaCentral,6/2/2015,50.2,66.2,68.3,47.6
CanadaCentral,6/3/2015,45.3,61.4,66.1,45.4
CanadaCentral,6/4/2015,40.7,70.8,68.9,44.2
CanadaCentral,6/5/2015,46.6,74.4,73.5,47.9
CanadaCentral,6/6/2015,56.4,75.1,76.2,53.1
CanadaCentral,6/7/2015,56.3,78.9,78.8,55
CanadaCentral,6/8/2015,52.2,82.2,79.7,53.6
CanadaCentral,6/9/2015,52.3,77.9,78.3,50.6
CanadaCentral,6/10/2015,47.4,74.7,76.7,49.8
CanadaCentral,6/11/2015,49.8,77.6,77.9,50.7
CanadaCentral,6/12/2015,54.9,81.3,78.8,51.9
CanadaCentral,6/13/2015,50.9,77.5,77.2,50
CanadaCentral,6/14/2015,44.2,72.7,71.4,46.2
CanadaCentral,6/15/2015,43.5,64.1,68.5,42.8
CanadaCentral,6/16/2015,40.6,68.7,67.4,43.1
CanadaCentral,6/17/2015,45.3,69.5,68.5,42.6
CanadaCentral,6/18/2015,42,67.3,67.4,45.9
CanadaCentral,6/19/2015,50.3,65.3,67.6,48.5
CanadaCentral,6/20/2015,53.2,70.1,70.1,50.7
CanadaCentral,6/21/2015,48.5,74.9,72.7,51
CanadaCentral,6/22/2015,51.3,73,75.3,49.5
CanadaCentral,6/23/2015,48.6,78,75.6,50.4
CanadaCentral,6/24/2015,51.1,75.9,77.9,50.6
CanadaCentral,6/25/2015,51.9,79.9,79.4,51.8
CanadaCentral,6/26/2015,52.3,82.4,81.7,54
CanadaCentral,6/27/2015,57.8,82.8,82.5,55.5
CanadaCentral,6/28/2015,56.3,82.5,81.1,57.6
CanadaCentral,6/29/2015,58.7,78,78.3,56.7
CanadaCentral,6/30/2015,55,74.5,75.5,55.6
CanadaCentral,7/1/2015,53.1,74,75,54.6
CanadaCentral,7/2/2015,55.8,76.4,76.3,54.1
CanadaCentral,7/3/2015,53.3,78.6,79.1,55.6
CanadaCentral,7/4/2015,57.8,82.1,77.9,55.5
CanadaCentral,7/5/2015,55.5,73,73.8,53.2
CanadaCentral,7/6/2015,46.4,66.3,70.6,47.9
CanadaCentral,7/7/2015,41.7,72.7,70.1,45.9
CanadaCentral,7/8/2015,49.6,71.4,75.5,45.8
CanadaCentral,7/9/2015,46.1,82.5,79.5,51.5
CanadaCentral,7/10/2015,58.7,84.4,83.3,55.6
CanadaCentral,7/11/2015,62,82.9,84.4,60.7
CanadaCentral,7/12/2015,61.3,85.8,83.3,60.8
CanadaCentral,7/13/2015,59.2,81.1,82.7,60.1
CanadaCentral,7/14/2015,59.8,81.1,81.9,59.1
CanadaCentral,7/15/2015,58.3,83.5,81.7,59.1
CanadaCentral,7/16/2015,59.1,80.4,79.1,56.6
CanadaCentral,7/17/2015,52.5,73.5,74.8,53.6
CanadaCentral,7/18/2015,49.2,70.7,74.3,51.3
CanadaCentral,7/19/2015,52.2,78.8,74.8,50.8
CanadaCentral,7/20/2015,51,74.9,77.1,50.3
CanadaCentral,7/21/2015,47.8,77.6,78.8,52.3
CanadaCentral,7/22/2015,58.2,83.9,82.1,56
CanadaCentral,7/23/2015,62.1,84.7,83.3,59.8
CanadaCentral,7/24/2015,59,81.4,83.4,58.9
CanadaCentral,7/25/2015,55.5,84,83.7,57.2
CanadaCentral,7/26/2015,57.1,85.8,83.6,57
CanadaCentral,7/27/2015,58.3,81.1,79.3,57.4
CanadaCentral,7/28/2015,56.8,71.2,76.2,57.3
CanadaCentral,7/29/2015,57,76.4,74.4,56.1
CanadaCentral,7/30/2015,54.6,75.6,76.3,54.4
CanadaCentral,7/31/2015,51.6,77,79,50.9
CanadaCentral,8/1/2015,46.4,84.5,79.1,49.1
CanadaCentral,8/2/2015,49.4,75.8,78.7,46.7
CanadaCentral,8/3/2015,44.3,75.8,75.8,45.9
CanadaCentral,8/4/2015,44,75.8,74.6,46.8
CanadaCentral,8/5/2015,52.1,72.3,71.4,51.3
CanadaCentral,8/6/2015,57.7,66,71.2,54.3
CanadaCentral,8/7/2015,53,75.4,72.2,53.1
CanadaCentral,8/8/2015,48.8,75.2,75.9,49.4
CanadaCentral,8/9/2015,46.5,77.1,78.3,48.4
CanadaCentral,8/10/2015,50,82.5,82.7,50.1
CanadaCentral,8/11/2015,53.8,88.7,87.7,55.2
CanadaCentral,8/12/2015,61.7,91.9,90.7,58.8
CanadaCentral,8/13/2015,60.7,91.6,93.4,60.8
CanadaCentral,8/14/2015,59.8,96.7,93.6,61.1
CanadaCentral,8/15/2015,62.8,92.4,85.8,57.4
CanadaCentral,8/16/2015,49.6,68.3,77.4,52.2
CanadaCentral,8/17/2015,44.1,71.5,70.1,46.4
CanadaCentral,8/18/2015,45.5,70.5,71.6,44
CanadaCentral,8/19/2015,42.3,72.8,74.4,43.7
CanadaCentral,8/20/2015,43.2,80.1,76.1,44.9
CanadaCentral,8/21/2015,49.4,75.4,74.2,47.7
CanadaCentral,8/22/2015,50.5,67.1,68.4,47.4
CanadaCentral,8/23/2015,42.4,62.6,66.6,44.1
CanadaCentral,8/24/2015,39.3,70.2,69,40.4
CanadaCentral,8/25/2015,39.6,74.2,74.1,41.5
CanadaCentral,8/26/2015,45.4,77.8,78.9,44.4
CanadaCentral,8/27/2015,48.1,84.7,81.5,50.2
CanadaCentral,8/28/2015,56.9,81.9,84.2,53.9
CanadaCentral,8/29/2015,56.7,86,86.6,57.3
CanadaCentral,8/30/2015,58.2,92.1,85.3,55.7
CanadaCentral,8/31/2015,52.1,77.9,86,52.2
CanadaCentral,9/1/2015,46.2,87.9,86.3,50.9
CanadaCentral,9/2/2015,54.5,93,90.4,54.7
CanadaCentral,9/3/2015,63.6,90.3,86.7,58.5
CanadaCentral,9/4/2015,57.4,76.7,77.3,58.4
CanadaCentral,9/5/2015,54.4,65,70.6,53.5
CanadaCentral,9/6/2015,48.7,70.1,67.3,48.5
CanadaCentral,9/7/2015,42.6,66.7,67,43.6
CanadaCentral,9/8/2015,39.5,64.3,64.9,39.6
CanadaCentral,9/9/2015,36.8,63.6,62.4,36.8
CanadaCentral,9/10/2015,34.1,59.4,64.3,35.2
CanadaCentral,9/11/2015,34.7,69.8,70.2,37
CanadaCentral,9/12/2015,42.2,81.6,79,41.3
CanadaCentral,9/13/2015,46.9,85.7,78.3,43.4
CanadaCentral,9/14/2015,41.2,67.7,75.6,45
CanadaCentral,9/15/2015,46.8,73.6,69.3,45.3
CanadaCentral,9/16/2015,48,66.7,66.6,44.9
CanadaCentral,9/17/2015,39.9,59.6,64.1,41.2
CanadaCentral,9/18/2015,35.6,66,66.5,38.4
CanadaCentral,9/19/2015,39.6,74,72.7,39.7
CanadaCentral,9/20/2015,44,78.2,76.1,41.7
CanadaCentral,9/21/2015,41.4,76,72,39.9
CanadaCentral,9/22/2015,34.2,61.8,67.1,39
CanadaCentral,9/23/2015,41.5,63.3,64,41
CanadaCentral,9/24/2015,47.3,66.8,69.5,48.1
CanadaCentral,9/25/2015,55.5,78.4,75.6,53.4
CanadaCentral,9/26/2015,57.4,81.5,76.6,52.6
CanadaCentral,9/27/2015,44.9,70.1,69.5,44.8
CanadaCentral,9/28/2015,32.1,56.8,64.4,34.5
CanadaCentral,9/29/2015,26.6,66.3,64.4,35
CanadaCentral,9/30/2015,46.3,70.1,67.6,38.9
CanadaCentral,10/1/2015,43.9,66.3,66,44
CanadaCentral,10/2/2015,41.8,61.5,62.1,41.3
CanadaCentral,10/3/2015,38.3,58.6,57,41.7
CanadaCentral,10/4/2015,45,50.9,54,40.8
CanadaCentral,10/5/2015,39.1,52.5,52.6,38.7
CanadaCentral,10/6/2015,32.1,54.5,53.7,34
CanadaCentral,10/7/2015,30.7,54,54.3,32.2
CanadaCentral,10/8/2015,33.7,54.3,57.8,31.3
CanadaCentral,10/9/2015,29.5,64.9,65.6,38.2
CanadaCentral,10/10/2015,51.2,77.6,73.7,42.6
CanadaCentral,10/11/2015,47,78.4,69.9,43.5
CanadaCentral,10/12/2015,32.2,53.7,64.4,36.7
CanadaCentral,10/13/2015,30.7,61,58.4,32.6
CanadaCentral,10/14/2015,34.7,60.4,57.5,30.5
CanadaCentral,10/15/2015,26,51,54.6,28.9
CanadaCentral,10/16/2015,26.2,52.4,53.2,24.3
CanadaCentral,10/17/2015,20.6,56.1,58.6,26.5
CanadaCentral,10/18/2015,32.6,67.1,62.5,28.8
CanadaCentral,10/19/2015,33.1,64.1,62.4,34.8
CanadaCentral,10/20/2015,38.7,55.9,58.9,34.2
CanadaCentral,10/21/2015,30.9,56.6,59.2,33.1
CanadaCentral,10/22/2015,29.6,64.9,57.9,31.8
CanadaCentral,10/23/2015,34.9,52.3,56.4,31.2
CanadaCentral,10/24/2015,29.1,52,51.2,29.7
CanadaCentral,10/25/2015,25.1,49.3,49.8,25.8
CanadaCentral,10/26/2015,23.1,48.2,47.6,26.9
CanadaCentral,10/27/2015,32.5,45.3,43.4,28.4
CanadaCentral,10/28/2015,29.4,36.7,39.2,30.7
CanadaCentral,10/29/2015,30.2,35.5,42,29.5
CanadaCentral,10/30/2015,28.8,53.9,45.7,30.8
CanadaCentral,10/31/2015,33.4,47.6,50.9,31.7
CanadaCentral,11/1/2015,33.1,51.3,47.8,33.4
CanadaCentral,11/2/2015,33.7,44.6,45.3,33.7
CanadaCentral,11/3/2015,34.2,40.1,40.6,33.9
CanadaCentral,11/4/2015,33.6,37.1,37.9,33.1
CanadaCentral,11/5/2015,31.5,36.5,36.7,30.9
CanadaCentral,11/6/2015,27.4,36.6,39.4,26.4
CanadaCentral,11/7/2015,20.2,45.3,45.4,26.7
CanadaCentral,11/8/2015,32.6,54.2,51.4,26.8
CanadaCentral,11/9/2015,27.8,54.8,49.1,30.2
CanadaCentral,11/10/2015,30.3,38.3,41.9,28.3
CanadaCentral,11/11/2015,27,32.6,35.1,26.8
CanadaCentral,11/12/2015,23.1,34.4,36.1,21.9
CanadaCentral,11/13/2015,15.7,41.5,42.1,23.4
CanadaCentral,11/14/2015,31.3,50.4,48.7,26
CanadaCentral,11/15/2015,30.9,54.3,51.6,32.2
CanadaCentral,11/16/2015,34.3,50.1,48.6,28.4
CanadaCentral,11/17/2015,20,41.5,43.8,24.4
CanadaCentral,11/18/2015,18.8,40,34.8,16.5
CanadaCentral,11/19/2015,10.8,23.1,27.7,10.7
CanadaCentral,11/20/2015,2.7,20.1,22.8,5.1
CanadaCentral,11/21/2015,1.9,25.2,28.2,8.2
CanadaCentral,11/22/2015,20,39.2,33.9,14.5
CanadaCentral,11/23/2015,21.6,37.2,36.5,21.1
CanadaCentral,11/24/2015,21.7,33.1,32.4,16.7
CanadaCentral,11/25/2015,6.9,27,25.8,9.7
CanadaCentral,11/26/2015,0.6,17.4,24,2.3
CanadaCentral,11/27/2015,-0.6,27.6,25.1,2.4
CanadaCentral,11/28/2015,7.1,30.3,31.1,4.4
CanadaCentral,11/29/2015,6.8,35.4,33.5,8
CanadaCentral,11/30/2015,10.1,34.8,35.4,10
CanadaCentral,12/1/2015,13.2,36.1,36.8,10.7
CanadaCentral,12/2/2015,8.6,39.5,40.7,13.5
CanadaCentral,12/3/2015,18.6,46.5,44.1,17.1
CanadaCentral,12/4/2015,24.1,46.3,45.8,21.5
CanadaCentral,12/5/2015,21.8,44.7,45.9,21.3
CanadaCentral,12/6/2015,18.1,46.7,46,21.6
CanadaCentral,12/7/2015,24.8,46.8,45.4,22.3
CanadaCentral,12/8/2015,24,42.8,46.4,25.7
CanadaCentral,12/9/2015,28.3,49.6,41.7,25
CanadaCentral,12/10/2015,22.7,32.7,35.9,23.7
CanadaCentral,12/11/2015,20.2,25.5,28,19.2
CanadaCentral,12/12/2015,14.6,25.6,26.2,16.8
CanadaCentral,12/13/2015,15.6,27.4,27.2,15.6
CanadaCentral,12/14/2015,16.6,28.7,26,16.3
CanadaCentral,12/15/2015,16.6,22.1,24.6,16.4
CanadaCentral,12/16/2015,16,23.1,22.1,12.7
CanadaCentral,12/17/2015,5.7,21,17.7,6.3
CanadaCentral,12/18/2015,-2.7,8.9,15,-0.5
CanadaCentral,12/19/2015,-4.5,15.1,13.1,0.8
CanadaCentral,12/20/2015,9.7,15.3,16,4.7
CanadaCentral,12/21/2015,9,17.7,18.1,8.9
CanadaCentral,12/22/2015,7.9,21.3,19.4,8.1
CanadaCentral,12/23/2015,7.5,19.3,19,5.2
CanadaCentral,12/24/2015,0.1,16.5,17.6,-1.6
CanadaCentral,12/25/2015,-12.3,17.2,12.9,-11.6
CanadaCentral,12/26/2015,-22.5,4.9,8.9,-17.1
CanadaCentral,12/27/2015,-16.6,4.6,5.9,-15.2
CanadaCentral,12/28/2015,-6.6,8.3,8.4,-9.1
CanadaCentral,12/29/2015,-4,12.4,10.8,-3.2
CanadaCentral,12/30/2015,0.8,11.8,15.1,0.3
CanadaCentral,12/31/2015,4,21,19.8,5.4
CanadaCentral,1/1/2016,11.2,26.7,24.3,8.2
CanadaCentral,1/2/2016,9.4,25.3,25.1,7.1
CanadaCentral,1/3/2016,0.7,23.4,24.2,4.3
CanadaCentral,1/4/2016,2.7,23.8,22.7,2.9
CanadaCentral,1/5/2016,5.3,20.8,21.8,5.3
CanadaCentral,1/6/2016,7.8,20.7,19.8,7.3
CanadaCentral,1/7/2016,8.8,17.9,16.9,3.7
CanadaCentral,1/8/2016,-5.4,12.1,9.7,-5.5
CanadaCentral,1/9/2016,-19.9,-1.1,3.5,-15.4
CanadaCentral,1/10/2016,-20.8,-0.7,0.5,-19
CanadaCentral,1/11/2016,-16.3,3.2,4,-17
CanadaCentral,1/12/2016,-13.9,9.5,9.7,-8.3
CanadaCentral,1/13/2016,5.5,16.5,12.4,-3.8
CanadaCentral,1/14/2016,-2.8,11,10.2,-3.5
CanadaCentral,1/15/2016,-13.3,3,2.4,-14.1
CanadaCentral,1/16/2016,-26.3,-6.8,-0.6,-19.3
CanadaCentral,1/17/2016,-18.2,1.9,-0.5,-17.7
CanadaCentral,1/18/2016,-8.5,3.4,6.9,-10
CanadaCentral,1/19/2016,-3.3,15.4,12.7,-1.5
CanadaCentral,1/20/2016,7.2,19.3,15.8,-0.1
CanadaCentral,1/21/2016,-4.3,12.8,18.9,-0.8
CanadaCentral,1/22/2016,-5.3,24.8,24.1,2.5
CanadaCentral,1/23/2016,17,34.7,27,9.4
CanadaCentral,1/24/2016,16.5,21.6,26.5,16
CanadaCentral,1/25/2016,14.6,23.3,23,14.9
CanadaCentral,1/26/2016,13.7,24.2,28.3,15
CanadaCentral,1/27/2016,16.8,37.4,31.3,14.6
CanadaCentral,1/28/2016,13.3,32.3,36.3,18.3
CanadaCentral,1/29/2016,24.8,39.3,36.2,19.7
CanadaCentral,1/30/2016,21,37,35.5,19.4
CanadaCentral,1/31/2016,12.3,30.2,30.6,16.2
CanadaCentral,2/1/2016,15.3,24.8,25.1,10.5
CanadaCentral,2/2/2016,4,20.2,23.4,7.9
CanadaCentral,2/3/2016,4.4,25.3,23.3,5.8
CanadaCentral,2/4/2016,9.1,24.3,26,6.1
CanadaCentral,2/5/2016,5,28.4,31.4,10.4
CanadaCentral,2/6/2016,17.1,41.6,35.5,12.6
CanadaCentral,2/7/2016,15.7,36.3,33.2,12.8
CanadaCentral,2/8/2016,5.5,21.6,25.8,9.5
CanadaCentral,2/9/2016,7.5,19.5,18.1,3.3
CanadaCentral,2/10/2016,-3.1,13.2,14.9,-0.5
CanadaCentral,2/11/2016,-5.9,12.1,9.1,-9.3
CanadaCentral,2/12/2016,-18.9,2,8.7,-13.7
CanadaCentral,2/13/2016,-16.2,11.9,13.8,-8.9
CanadaCentral,2/14/2016,8.5,27.4,23.4,2
CanadaCentral,2/15/2016,13.8,30.8,27.8,10.8
CanadaCentral,2/16/2016,10.1,25.2,28.9,12.1
CanadaCentral,2/17/2016,12.3,30.7,29.4,16.1
CanadaCentral,2/18/2016,25.8,32.4,34.2,22
CanadaCentral,2/19/2016,27.8,39.6,35.1,21.9
CanadaCentral,2/20/2016,12.2,33.2,32.6,15.6
CanadaCentral,2/21/2016,6.7,24.9,31.7,13
CanadaCentral,2/22/2016,20.1,36.9,32.1,13.4
CanadaCentral,2/23/2016,13.4,34.4,33.2,15.9
CanadaCentral,2/24/2016,14.2,28.3,30.6,12.8
CanadaCentral,2/25/2016,10.7,29,34.2,14
CanadaCentral,2/26/2016,17.1,45.4,39.1,13.7
CanadaCentral,2/27/2016,13.2,43.1,42.2,11.8
CanadaCentral,2/28/2016,5,38.3,31.8,3.9
CanadaCentral,2/29/2016,-6.4,14.1,24.7,-1.9
CanadaCentral,3/1/2016,-4.3,21.8,19.7,0.6
CanadaCentral,3/2/2016,12.5,23.3,24.3,7.6
CanadaCentral,3/3/2016,14.7,27.7,27.4,15
CanadaCentral,3/4/2016,17.8,31.3,33.5,15.8
CanadaCentral,3/5/2016,15,41.5,40.9,20.6
CanadaCentral,3/6/2016,29.2,49.8,45.2,23.7
CanadaCentral,3/7/2016,26.8,44.3,42.5,25.8
CanadaCentral,3/8/2016,21.4,33.3,37.7,23.1
CanadaCentral,3/9/2016,21,35.6,39.7,22.3
CanadaCentral,3/10/2016,24.4,50.1,47.8,26.1
CanadaCentral,3/11/2016,32.8,57.7,54.3,29.6
CanadaCentral,3/12/2016,31.5,55.2,57.2,33
CanadaCentral,3/13/2016,34.8,58.7,58.1,32
CanadaCentral,3/14/2016,29.7,60.3,54.3,32
CanadaCentral,3/15/2016,31.5,43.9,47.4,29.3
CanadaCentral,3/16/2016,26.6,38,37.5,26.6
CanadaCentral,3/17/2016,21.8,30.6,33.8,23
CanadaCentral,3/18/2016,20.5,32.9,32.5,20.1
CanadaCentral,3/19/2016,18,34,35.4,18.8
CanadaCentral,3/20/2016,17.9,39.3,37.4,20.1
CanadaCentral,3/21/2016,24.4,39,36.3,19.3
CanadaCentral,3/22/2016,15.6,30.7,35,16.8
CanadaCentral,3/23/2016,10.4,35.4,37.7,16
CanadaCentral,3/24/2016,22.1,47.1,38.9,16
CanadaCentral,3/25/2016,15.6,34.1,41.5,16.7
CanadaCentral,3/26/2016,12.3,43.3,41.3,17.5
CanadaCentral,3/27/2016,24.5,46.4,45.3,20
CanadaCentral,3/28/2016,23.2,46.2,47.3,25.7
CanadaCentral,3/29/2016,29.3,49.4,48.8,25.9
CanadaCentral,3/30/2016,25.1,50.9,47.6,25.7
CanadaCentral,3/31/2016,22.8,42.4,45.4,19.6
CanadaCentral,4/1/2016,10.8,42.9,43.8,16.1
CanadaCentral,4/2/2016,14.6,46.1,41.7,14.4
CanadaCentral,4/3/2016,17.7,36,41,15.6
CanadaCentral,4/4/2016,14.5,41,39.1,19
CanadaCentral,4/5/2016,24.7,40.4,42.6,21.7
CanadaCentral,4/6/2016,26,46.3,42.4,24.1
CanadaCentral,4/7/2016,21.5,40.6,39.9,20.8
CanadaCentral,4/8/2016,14.8,32.9,42,18.6
CanadaCentral,4/9/2016,19.6,52.4,41.3,18.1
CanadaCentral,4/10/2016,19.9,38.6,43.9,18.3
CanadaCentral,4/11/2016,15.4,40.7,45,19.3
CanadaCentral,4/12/2016,22.8,55.7,54.3,21.4
CanadaCentral,4/13/2016,26.1,66.5,63.2,28.3
CanadaCentral,4/14/2016,36,67.4,62,31.4
CanadaCentral,4/15/2016,32.1,52.1,51.9,33
CanadaCentral,4/16/2016,31,36.3,43.9,31.2
CanadaCentral,4/17/2016,30.5,43.4,44.5,30.8
CanadaCentral,4/18/2016,31,53.6,53,31.1
CanadaCentral,4/19/2016,31.8,61.9,62.2,34.3
CanadaCentral,4/20/2016,40.1,71.1,60.7,33.7
CanadaCentral,4/21/2016,29.2,49,57.2,32.1
CanadaCentral,4/22/2016,26.9,51.4,50.6,29.4
CanadaCentral,4/23/2016,32,51.2,51.4,31
CanadaCentral,4/24/2016,34.1,51.5,51.4,32.8
CanadaCentral,4/25/2016,32.3,51.5,53.2,31.9
CanadaCentral,4/26/2016,29.4,56.6,55.4,32.9
CanadaCentral,4/27/2016,37.1,58,57.4,32.9
CanadaCentral,4/28/2016,32.1,57.6,59.1,32.6
CanadaCentral,4/29/2016,28.6,61.6,60.5,31
CanadaCentral,4/30/2016,32.4,62.4,63.9,29.9
CanadaCentral,5/1/2016,28.7,67.7,66.7,33.9
CanadaCentral,5/2/2016,40.6,70.1,68.7,35.1
CanadaCentral,5/3/2016,35.9,68.4,73.2,36.7
CanadaCentral,5/4/2016,33.8,81.2,80.3,39.3
CanadaCentral,5/5/2016,48.1,91.3,80.2,41.6
CanadaCentral,5/6/2016,43,68,76.5,42
CanadaCentral,5/7/2016,34.8,70.1,72,38.6
CanadaCentral,5/8/2016,37.9,77.9,74.9,40.4
CanadaCentral,5/9/2016,48.6,76.9,72.1,44.4
CanadaCentral,5/10/2016,46.5,61.5,64.3,44
CanadaCentral,5/11/2016,36.7,54.5,53.6,38.8
CanadaCentral,5/12/2016,33.1,44.8,48.6,32.6
CanadaCentral,5/13/2016,27.8,46.4,49.3,29.1
CanadaCentral,5/14/2016,26.4,56.7,56.1,28
CanadaCentral,5/15/2016,29.8,65.3,62.4,31.6
CanadaCentral,5/16/2016,38.6,65.3,67.9,34.6
CanadaCentral,5/17/2016,35.5,73,71.8,39.8
CanadaCentral,5/18/2016,45.4,76.9,76.8,42.3
CanadaCentral,5/19/2016,45.9,80.4,78.4,46.1
CanadaCentral,5/20/2016,46.8,77.8,79.5,45.9
CanadaCentral,5/21/2016,44.8,80.3,77.9,48.4
CanadaCentral,5/22/2016,53.7,75.5,76.8,48.2
CanadaCentral,5/23/2016,46.2,74.5,74.6,47.9
CanadaCentral,5/24/2016,43.8,73.7,70.6,45.8
CanadaCentral,5/25/2016,47.4,63.6,65.6,47.2
CanadaCentral,5/26/2016,50.4,59.4,62.8,49.7
CanadaCentral,5/27/2016,51.2,65.4,62.5,50.7
CanadaCentral,5/28/2016,50.5,62.6,66.3,50.1
CanadaCentral,5/29/2016,48.4,70.8,69.5,47.8
CanadaCentral,5/30/2016,44.4,75,70.1,47.2
CanadaCentral,5/31/2016,48.9,64.4,66.3,45.9
CanadaCentral,6/1/2016,44.5,59.4,65.5,45.2
CanadaCentral,6/2/2016,42.3,72.8,67.1,46.6
CanadaCentral,6/3/2016,53,69,72.8,49.6
CanadaCentral,6/4/2016,53.4,76.6,73.8,52.2
CanadaCentral,6/5/2016,50.2,75.9,72.9,50.1
CanadaCentral,6/6/2016,46.6,66.1,71.1,46.2
CanadaCentral,6/7/2016,41.7,71.3,73,46.6
CanadaCentral,6/8/2016,51.4,81.6,79.8,49.7
CanadaCentral,6/9/2016,55.9,86.6,83.3,55
CanadaCentral,6/10/2016,57.9,81.8,79.4,54.7
CanadaCentral,6/11/2016,50.3,69.7,74,53.5
CanadaCentral,6/12/2016,52.4,70.4,73,50.7
CanadaCentral,6/13/2016,49.5,78.8,74.1,52.5
CanadaCentral,6/14/2016,55.7,73.2,74.7,53.5
CanadaCentral,6/15/2016,55.5,72,74.1,55.5
CanadaCentral,6/16/2016,55.3,77.1,73.9,54.4
CanadaCentral,6/17/2016,52.4,72.4,75.4,52.4
CanadaCentral,6/18/2016,49.5,76.6,75.1,52.5
CanadaCentral,6/19/2016,55.6,76.4,75.3,52.1
CanadaCentral,6/20/2016,51.1,73,74.1,51.8
CanadaCentral,6/21/2016,48.6,72.8,71.4,50.1
CanadaCentral,6/22/2016,50.7,68.3,71.7,49.3
CanadaCentral,6/23/2016,48.7,73.8,73.5,50.7
CanadaCentral,6/24/2016,52.7,78.3,74.1,52.3
CanadaCentral,6/25/2016,55.5,70.2,70.4,54.2
CanadaCentral,6/26/2016,54.5,62.8,67.3,53.3
CanadaCentral,6/27/2016,49.8,69,69.2,51.2
CanadaCentral,6/28/2016,49.4,75.7,74,50.9
CanadaCentral,6/29/2016,53.6,77.2,73.4,49.9
CanadaCentral,6/30/2016,46.6,67.2,70.9,47.7
CanadaCentral,7/1/2016,43,68.2,69.3,47.6
CanadaCentral,7/2/2016,53.3,72.6,71.1,51.6
CanadaCentral,7/3/2016,58.5,72.6,74.7,56.4
CanadaCentral,7/4/2016,57.5,78.8,75,55.9
CanadaCentral,7/5/2016,51.8,73.6,75.2,53.3
CanadaCentral,7/6/2016,50.5,73.3,71.9,51.9
CanadaCentral,7/7/2016,53.5,68.7,72.5,52
CanadaCentral,7/8/2016,51.9,75.4,73.2,53
CanadaCentral,7/9/2016,53.8,75.4,75.6,54.6
CanadaCentral,7/10/2016,58.3,76.2,76.6,57.3
CanadaCentral,7/11/2016,59.9,78.1,74.2,57.7
CanadaCentral,7/12/2016,55,68.3,70.3,56.5
CanadaCentral,7/13/2016,54.5,64.4,67.4,54.2
CanadaCentral,7/14/2016,53.1,69.6,68.5,53.3
CanadaCentral,7/15/2016,52.3,71.6,71.7,52.2
CanadaCentral,7/16/2016,51.3,74,73.4,52.1
CanadaCentral,7/17/2016,52.7,74.7,75.3,52.9
CanadaCentral,7/18/2016,54.7,77.3,78.4,56.1
CanadaCentral,7/19/2016,60.8,83.2,82.4,60.6
CanadaCentral,7/20/2016,66.2,86.8,84.5,61.8
CanadaCentral,7/21/2016,58.4,83.5,84.2,59.8
CanadaCentral,7/22/2016,54.8,82.4,81.2,58.1
CanadaCentral,7/23/2016,61.1,77.7,78.7,57.1
CanadaCentral,7/24/2016,55.4,76,79.1,56.4
CanadaCentral,7/25/2016,52.7,83.6,79.3,54.5
CanadaCentral,7/26/2016,55.4,78.2,78,53.2
CanadaCentral,7/27/2016,51.4,72.2,74.8,51.4
CanadaCentral,7/28/2016,47.3,73.9,74.2,48.9
CanadaCentral,7/29/2016,48,76.4,76.9,50.1
CanadaCentral,7/30/2016,55,80.4,79.6,54.5
CanadaCentral,7/31/2016,60.4,81.9,80.8,58.1
CanadaCentral,8/1/2016,59,80,80.9,57.2
CanadaCentral,8/2/2016,52.1,80.7,81.7,55
CanadaCentral,8/3/2016,53.9,84.4,79.7,52.5
CanadaCentral,8/4/2016,51.4,74,77.9,51.1
CanadaCentral,8/5/2016,48,75.2,75.4,49.2
CanadaCentral,8/6/2016,48.2,77,76.9,50.6
CanadaCentral,8/7/2016,55.6,78.5,79,54.8
CanadaCentral,8/8/2016,60.6,81.6,78,57.1
CanadaCentral,8/9/2016,55.2,73.9,76.2,56.2
CanadaCentral,8/10/2016,52.9,73,75,54.5
CanadaCentral,8/11/2016,55.3,78.1,74.4,53.8
CanadaCentral,8/12/2016,53,72.2,75.4,52.9
CanadaCentral,8/13/2016,50.5,75.9,76.4,50.9
CanadaCentral,8/14/2016,49,81.2,79.9,51.3
CanadaCentral,8/15/2016,54.4,82.7,82.1,51.7
CanadaCentral,8/16/2016,51.6,82.5,84,53
CanadaCentral,8/17/2016,52.9,86.7,82.8,52.9
CanadaCentral,8/18/2016,54.2,79.1,78.3,52.2
CanadaCentral,8/19/2016,49.5,69.1,72.2,49.3
CanadaCentral,8/20/2016,44.3,68.5,72.7,45.6
CanadaCentral,8/21/2016,43,80.4,79.4,47.8
CanadaCentral,8/22/2016,56,89.2,82,50.4
CanadaCentral,8/23/2016,52.2,76.5,78.4,52.6
CanadaCentral,8/24/2016,49.7,69.6,72.5,49.9
CanadaCentral,8/25/2016,48,71.4,72.6,47.5
CanadaCentral,8/26/2016,44.8,76.6,74.7,46.7
CanadaCentral,8/27/2016,47.3,76.1,78.7,48.3
CanadaCentral,8/28/2016,52.9,83.4,77.5,49.1
CanadaCentral,8/29/2016,47,73.2,78.2,48.3
CanadaCentral,8/30/2016,45,78,75.6,47.1
CanadaCentral,8/31/2016,49.2,75.5,79.4,49.9
CanadaCentral,9/1/2016,55.4,84.7,80.4,55.1
CanadaCentral,9/2/2016,60.7,81,81.4,58.1
CanadaCentral,9/3/2016,58.1,78.6,74.8,57.1
CanadaCentral,9/4/2016,52.6,64.8,68.9,53.7
CanadaCentral,9/5/2016,50.4,63.3,64.3,50.2
CanadaCentral,9/6/2016,47.6,64.9,64.6,47.8
CanadaCentral,9/7/2016,45.2,65.8,66.8,45.8
CanadaCentral,9/8/2016,44.6,69.8,67.5,45.4
CanadaCentral,9/9/2016,46.4,67,68.9,43.9
CanadaCentral,9/10/2016,40.6,69.8,70.7,44
CanadaCentral,9/11/2016,45,75.2,66.9,41.6
CanadaCentral,9/12/2016,39.3,55.8,62.1,38.8
CanadaCentral,9/13/2016,32,55.3,59.6,34.8
CanadaCentral,9/14/2016,33,67.8,65.5,36.2
CanadaCentral,9/15/2016,43.5,73.5,69.1,39.3
CanadaCentral,9/16/2016,41.3,66,70.9,40.7
CanadaCentral,9/17/2016,37.2,73.3,71.9,41.9
CanadaCentral,9/18/2016,47,76.5,73.2,42.1
CanadaCentral,9/19/2016,42.1,69.8,72.2,41.8
CanadaCentral,9/20/2016,36.4,70.3,66.9,40.2
CanadaCentral,9/21/2016,42,60.5,64.5,39
CanadaCentral,9/22/2016,38.6,62.8,60.5,42.4
CanadaCentral,9/23/2016,46.5,58.1,61.5,45.7
CanadaCentral,9/24/2016,52,63.5,61.2,47.8
CanadaCentral,9/25/2016,44.9,62,62.8,45.1
CanadaCentral,9/26/2016,38.5,63,63.8,38.8
CanadaCentral,9/27/2016,33.1,66.6,65.5,34.8
CanadaCentral,9/28/2016,32.9,66.9,67.6,35.8
CanadaCentral,9/29/2016,41.6,69.3,68.6,40
CanadaCentral,9/30/2016,45.5,69.5,70.5,45.1
CanadaCentral,10/1/2016,48.4,72.6,71.6,47.6
CanadaCentral,10/2/2016,49,72.7,71.6,48.6
CanadaCentral,10/3/2016,48.4,69.6,68.6,48
CanadaCentral,10/4/2016,46.6,63.4,60.1,42.8
CanadaCentral,10/5/2016,33.3,47.3,50.1,36.9
CanadaCentral,10/6/2016,30.9,39.4,42,31.7
CanadaCentral,10/7/2016,30.7,39.3,39.7,29.9
CanadaCentral,10/8/2016,28,40.5,44.6,29
CanadaCentral,10/9/2016,28.2,54,46.8,29.9
CanadaCentral,10/10/2016,33.6,46,46.9,31.4
CanadaCentral,10/11/2016,32.3,40.7,41.6,29.7
CanadaCentral,10/12/2016,23.3,38.1,41.6,25.5
CanadaCentral,10/13/2016,20.8,46.1,47.5,26.4
CanadaCentral,10/14/2016,35.1,58.2,53.6,29.5
CanadaCentral,10/15/2016,32.5,56.4,55.6,32.7
CanadaCentral,10/16/2016,30.4,52.2,54.7,32.8
CanadaCentral,10/17/2016,35.6,55.4,49.8,33.4
CanadaCentral,10/18/2016,34.3,41.6,46.6,33.3
CanadaCentral,10/19/2016,30.1,42.6,43.8,32.1
CanadaCentral,10/20/2016,31.8,47.2,49.7,31.1
CanadaCentral,10/21/2016,31.4,59.4,53.4,30
CanadaCentral,10/22/2016,26.6,53.6,53.7,28.9
CanadaCentral,10/23/2016,28.7,48.2,51,27.4
CanadaCentral,10/24/2016,26.8,51.3,50.6,29.7
CanadaCentral,10/25/2016,33.6,52.4,50.5,32.2
CanadaCentral,10/26/2016,36.1,47.9,51.3,33.4
CanadaCentral,10/27/2016,30.5,53.6,50.9,34
CanadaCentral,10/28/2016,35.5,51.4,48.9,31.3
CanadaCentral,10/29/2016,28.1,41.8,46.4,29.9
CanadaCentral,10/30/2016,26.3,45.9,43.6,30.1
CanadaCentral,10/31/2016,36,43.2,46.3,32.3
CanadaCentral,11/1/2016,34.5,49.8,45.7,34.2
CanadaCentral,11/2/2016,32,44.1,49,33.2
CanadaCentral,11/3/2016,33.2,53,54.3,32.7
CanadaCentral,11/4/2016,32.8,65.8,62.1,33.1
CanadaCentral,11/5/2016,33.2,67.6,66,33.9
CanadaCentral,11/6/2016,35.7,64.8,62.2,33.9
CanadaCentral,11/7/2016,32.7,54.2,57.8,31.7
CanadaCentral,11/8/2016,26.6,54.5,58.7,32.6
CanadaCentral,11/9/2016,38.6,67.5,59,31
CanadaCentral,11/10/2016,27.8,54.9,57.2,28.8
CanadaCentral,11/11/2016,19.9,49.2,54.6,26.9
CanadaCentral,11/12/2016,32.9,59.8,54.9,28.4
CanadaCentral,11/13/2016,32.5,55.8,56.6,31
CanadaCentral,11/14/2016,27.7,54.1,53.1,30
CanadaCentral,11/15/2016,29.7,49.4,51.1,29.5
CanadaCentral,11/16/2016,31.1,49.9,46.1,28.5
CanadaCentral,11/17/2016,24.6,39.1,39.7,24
CanadaCentral,11/18/2016,16.3,30,32.6,17.3
CanadaCentral,11/19/2016,11,28.7,30.9,15.5
CanadaCentral,11/20/2016,19.2,33.9,32.4,16.3
CanadaCentral,11/21/2016,18.6,34.6,34.5,21.6
CanadaCentral,11/22/2016,27.2,35.1,33.8,24.8
CanadaCentral,11/23/2016,28.6,31.6,33.3,27.2
CanadaCentral,11/24/2016,25.9,33,36.2,25.6
CanadaCentral,11/25/2016,22.3,44,41,23.5
CanadaCentral,11/26/2016,22.2,45.9,42.1,23
CanadaCentral,11/27/2016,24.4,36.4,38.7,24.6
CanadaCentral,11/28/2016,27.3,33.6,34,26.2
CanadaCentral,11/29/2016,26.9,32,31.3,26.7
CanadaCentral,11/30/2016,25.9,28.2,29.8,25.2
CanadaCentral,12/1/2016,22.8,29.1,28.9,24.5
CanadaCentral,12/2/2016,24.7,29.2,29.1,23.1
CanadaCentral,12/3/2016,21.9,28.8,28.6,21.4
CanadaCentral,12/4/2016,17.6,27.9,26.6,18.2
CanadaCentral,12/5/2016,15,23.2,23.7,13.6
CanadaCentral,12/6/2016,8.1,20.1,18.5,9.5
CanadaCentral,12/7/2016,5.4,12.2,12.9,1.8
CanadaCentral,12/8/2016,-8.2,6.4,4.1,-8.3
CanadaCentral,12/9/2016,-21.9,-6.4,-2.6,-17.9
CanadaCentral,12/10/2016,-23.6,-7.8,-5.4,-20.8
CanadaCentral,12/11/2016,-16.9,-1.9,-3.5,-17.9
CanadaCentral,12/12/2016,-13.2,-0.7,0.9,-12.9
CanadaCentral,12/13/2016,-8.6,5.4,0.1,-11.9
CanadaCentral,12/14/2016,-13.8,-4.5,0.6,-14.2
CanadaCentral,12/15/2016,-20.1,0.7,-2.3,-17.2
CanadaCentral,12/16/2016,-17.8,-3.1,-5.7,-21.9
CanadaCentral,12/17/2016,-27.8,-14.9,0.1,-23.7
CanadaCentral,12/18/2016,-25.4,18.3,11.7,-12
CanadaCentral,12/19/2016,17.3,31.7,27,0.9
CanadaCentral,12/20/2016,10.9,30.9,30.7,14.5
CanadaCentral,12/21/2016,15.2,29.4,30.4,13.9
CanadaCentral,12/22/2016,15.6,30.9,28,12.6
CanadaCentral,12/23/2016,6.9,23.7,22.4,6.1
CanadaCentral,12/24/2016,-4.1,12.5,16.6,1.1
CanadaCentral,12/25/2016,0.5,13.6,12.8,-0.4
CanadaCentral,12/26/2016,2.5,12.1,14.6,-2
CanadaCentral,12/27/2016,-8.9,18.1,18.9,2.8
CanadaCentral,12/28/2016,14.8,26.5,23.1,4.5
CanadaCentral,12/29/2016,7.5,24.6,23.4,8.3
CanadaCentral,12/30/2016,2.6,19,21.8,5.2
CanadaCentral,12/31/2016,5.4,22,19.5,2.3
CanadaCentral,1/1/2017,-1.1,17.6,16.1,0.4
CanadaCentral,1/2/2017,-3.2,8.7,8,-7
CanadaCentral,1/3/2017,-16.6,-2.2,0,-13.3
CanadaCentral,1/4/2017,-20.1,-6.6,-3.2,-18.8
CanadaCentral,1/5/2017,-19.8,-1,-2.1,-18.5
CanadaCentral,1/6/2017,-15.5,1.3,-0.6,-19.6
CanadaCentral,1/7/2017,-23.6,-2.2,0.6,-19.9
CanadaCentral,1/8/2017,-20.5,2.7,0.4,-18.7
CanadaCentral,1/9/2017,-12,0.7,1.2,-13.8
CanadaCentral,1/10/2017,-9.1,0.3,0.2,-14.2
CanadaCentral,1/11/2017,-21.5,-0.3,2.2,-19.7
CanadaCentral,1/12/2017,-28.6,6.4,3.3,-26.5
CanadaCentral,1/13/2017,-29.5,3.6,8,-21.8
CanadaCentral,1/14/2017,-7.4,13.8,12.2,-12
CanadaCentral,1/15/2017,1,19.1,18.6,-1
CanadaCentral,1/16/2017,3.5,22.9,23.2,4.4
CanadaCentral,1/17/2017,8.7,27.8,28.7,10.8
CanadaCentral,1/18/2017,20.2,35.6,32.5,15.7
CanadaCentral,1/19/2017,18,34.2,34.3,17.3
CanadaCentral,1/20/2017,13.6,33.2,32.8,18.9
CanadaCentral,1/21/2017,25.2,31.1,31.6,21.6
CanadaCentral,1/22/2017,26,30.4,29.2,23.9
CanadaCentral,1/23/2017,20.5,26,26.5,21.6
CanadaCentral,1/24/2017,18.4,23.2,22.5,15.4
CanadaCentral,1/25/2017,7.4,18.4,21.2,10.7
CanadaCentral,1/26/2017,6.4,22,22.5,9.2
CanadaCentral,1/27/2017,13.9,27,26.4,13.1
CanadaCentral,1/28/2017,19.1,30.2,28.9,16.3
CanadaCentral,1/29/2017,15.9,29.4,31.6,19.7
CanadaCentral,1/30/2017,24,35.4,31.9,11.2
CanadaCentral,1/31/2017,-6.2,31,24.2,2.5
CanadaCentral,2/1/2017,-10.4,6.3,14.7,-8.3
CanadaCentral,2/2/2017,-8.4,6.8,8.1,-8.8
CanadaCentral,2/3/2017,-7.5,11.1,9.9,-6.7
CanadaCentral,2/4/2017,-4.1,11.7,9.9,-6.3
CanadaCentral,2/5/2017,-7.2,6.8,7.9,-4.5
CanadaCentral,2/6/2017,-2.2,5.2,3.4,-8.4
CanadaCentral,2/7/2017,-15.9,-1.9,0.2,-13.5
CanadaCentral,2/8/2017,-22.4,-2.8,3.7,-18.8
CanadaCentral,2/9/2017,-18.2,15.9,13.2,-11.1
CanadaCentral,2/10/2017,7.1,26.6,25.7,-2.5
CanadaCentral,2/11/2017,3.4,34.6,31.1,8
CanadaCentral,2/12/2017,13.4,32,34.1,10.3
CanadaCentral,2/13/2017,14,35.8,33,13.4
CanadaCentral,2/14/2017,12.8,31.1,33.5,12.8
CanadaCentral,2/15/2017,11.5,33.5,35.5,15.6
CanadaCentral,2/16/2017,22.5,41.9,39.7,21.2
CanadaCentral,2/17/2017,29.6,43.8,41.5,27
CanadaCentral,2/18/2017,28.8,38.8,39.4,29.2
CanadaCentral,2/19/2017,29.2,35.5,36.9,28.5
CanadaCentral,2/20/2017,27.6,36.4,36.6,27.8
CanadaCentral,2/21/2017,26.7,38.1,36.3,26.4
CanadaCentral,2/22/2017,25,34.5,33.4,22
CanadaCentral,2/23/2017,14.4,27.7,28.7,16.7
CanadaCentral,2/24/2017,10.6,24.1,24.2,9.6
CanadaCentral,2/25/2017,3.9,20.8,21.4,2.8
CanadaCentral,2/26/2017,-6,19.2,18.4,-1.2
CanadaCentral,2/27/2017,-1.5,15.2,16.8,-3.9
CanadaCentral,2/28/2017,-4.1,15.9,16.1,-1.4
CanadaCentral,3/1/2017,1.5,17,14.4,-2.9
CanadaCentral,3/2/2017,-6.3,10.2,18.6,-1.9
CanadaCentral,3/3/2017,-1,28.6,25.5,4.2
CanadaCentral,3/4/2017,20,37.7,35.2,13.2
CanadaCentral,3/5/2017,20.5,39.4,37.5,15.7
CanadaCentral,3/6/2017,6.5,35.3,28.8,10.8
CanadaCentral,3/7/2017,5.4,11.7,19.7,4.6
CanadaCentral,3/8/2017,1.8,12,9.1,-1.1
CanadaCentral,3/9/2017,-10.4,3.6,5.4,-8.3
CanadaCentral,3/10/2017,-16.4,0.7,3.2,-11.2
CanadaCentral,3/11/2017,-6.7,5.3,4.4,-9.6
CanadaCentral,3/12/2017,-5.8,7.1,7.5,-8.2
CanadaCentral,3/13/2017,-11.9,10.2,12.9,-5.4
CanadaCentral,3/14/2017,1.6,21.4,21.2,1.4
CanadaCentral,3/15/2017,14.5,32,30.7,13.6
CanadaCentral,3/16/2017,24.6,38.8,35.7,18.7
CanadaCentral,3/17/2017,17.1,36.5,36.4,17.8
CanadaCentral,3/18/2017,11.5,34,38.3,19
CanadaCentral,3/19/2017,28.2,44.4,39,17.8
CanadaCentral,3/20/2017,13.7,38.7,34.6,16
CanadaCentral,3/21/2017,6.1,20.8,29.8,10.1
CanadaCentral,3/22/2017,10.5,30.1,29.9,13.9
CanadaCentral,3/23/2017,25.2,38.8,34.4,18.6
CanadaCentral,3/24/2017,20.1,34.3,38.9,24
CanadaCentral,3/25/2017,26.7,43.4,42,25.6
CanadaCentral,3/26/2017,30,48.4,43.8,28.4
CanadaCentral,3/27/2017,28.5,39.5,42.6,28.8
CanadaCentral,3/28/2017,27.8,40,43.6,29.5
CanadaCentral,3/29/2017,32.2,51.3,48.1,31.4
CanadaCentral,3/30/2017,34.1,53,49.3,32.7
CanadaCentral,3/31/2017,31.7,43.7,48.4,32.4
CanadaCentral,4/1/2017,31.5,48.6,48.3,32.7
CanadaCentral,4/2/2017,34.9,52.7,52.1,32.1
CanadaCentral,4/3/2017,29.7,54.9,52.8,31.6
CanadaCentral,4/4/2017,30.1,50.9,51,28.6
CanadaCentral,4/5/2017,26,47,49.9,27.5
CanadaCentral,4/6/2017,26.5,51.7,53.8,29.7
CanadaCentral,4/7/2017,36.4,62.6,59.3,33.5
CanadaCentral,4/8/2017,37.7,63.6,56.9,32.6
CanadaCentral,4/9/2017,23.6,44.5,50.1,26.5
CanadaCentral,4/10/2017,18.1,42.1,46.3,22.3
CanadaCentral,4/11/2017,25.2,52.4,50.8,24.1
CanadaCentral,4/12/2017,28.8,57.8,58.2,29.3
CanadaCentral,4/13/2017,33.8,64.2,62.5,35.3
CanadaCentral,4/14/2017,43.3,65.4,63.6,36.8
CanadaCentral,4/15/2017,33.5,61,57,33.8
CanadaCentral,4/16/2017,24.6,44.5,48.7,25.6
CanadaCentral,4/17/2017,18.7,40.6,44.4,25.2
CanadaCentral,4/18/2017,32.3,48,47.5,26.5
CanadaCentral,4/19/2017,28.5,53.8,51.6,32.6
CanadaCentral,4/20/2017,37,53,56.4,31.5
CanadaCentral,4/21/2017,29.1,62.4,54.7,32.1
CanadaCentral,4/22/2017,30.1,48.7,50,28.2
CanadaCentral,4/23/2017,25.4,39,39.9,27.6
CanadaCentral,4/24/2017,27.2,32,37.2,26.3
CanadaCentral,4/25/2017,26.3,40.5,38.9,25.6
CanadaCentral,4/26/2017,23.2,44.3,44.5,23.6
CanadaCentral,4/27/2017,21.2,48.6,49.5,21.8
CanadaCentral,4/28/2017,21.1,55.4,55.7,23.3
CanadaCentral,4/29/2017,27.7,63.1,61.8,27.6
CanadaCentral,4/30/2017,34.2,66.9,64.2,32.4
CanadaCentral,5/1/2017,35.2,62.5,63.5,35.3
CanadaCentral,5/2/2017,36.6,61,62.3,37.1
CanadaCentral,5/3/2017,39.4,63.3,65.9,37
CanadaCentral,5/4/2017,34.9,73.4,71.6,38.8
CanadaCentral,5/5/2017,42.1,78.1,75.4,39.9
CanadaCentral,5/6/2017,42.8,74.7,76.1,43.2
CanadaCentral,5/7/2017,44.8,75.4,69.8,43.6
CanadaCentral,5/8/2017,43.2,59.3,67.2,41.8
CanadaCentral,5/9/2017,37.2,67,61.1,38.4
CanadaCentral,5/10/2017,34.6,57.1,63.8,34.8
CanadaCentral,5/11/2017,32.6,67.3,62.8,34.7
CanadaCentral,5/12/2017,36.7,64,67.5,36
CanadaCentral,5/13/2017,38.7,71.2,69.4,40.1
CanadaCentral,5/14/2017,44.9,73.1,72.1,40.3
CanadaCentral,5/15/2017,37.3,72.1,69.5,42.5
CanadaCentral,5/16/2017,45.3,63.2,62.1,39.5
CanadaCentral,5/17/2017,36,51,56.6,36.7
CanadaCentral,5/18/2017,28.9,55.6,56.7,30.8
CanadaCentral,5/19/2017,27.5,63.5,61.2,32.4
CanadaCentral,5/20/2017,40.9,64.4,63.2,35.9
CanadaCentral,5/21/2017,39.4,61.6,63,40.7
CanadaCentral,5/22/2017,41.8,63.2,64.2,40
CanadaCentral,5/23/2017,38.7,67.9,66.6,40.8
CanadaCentral,5/24/2017,41.9,68.8,67.7,42.3
CanadaCentral,5/25/2017,46.4,66.5,66.4,43
CanadaCentral,5/26/2017,40.7,64.1,66.8,42.5
CanadaCentral,5/27/2017,40.4,69.7,65.2,42.3
CanadaCentral,5/28/2017,45.8,61.8,63.2,43.2
CanadaCentral,5/29/2017,43.5,58.1,61.8,43.2
CanadaCentral,5/30/2017,40.3,65.4,65.9,41.3
CanadaCentral,5/31/2017,40.1,74.2,74.7,41.6
CanadaCentral,6/1/2017,44.4,84.6,82.9,47.4
CanadaCentral,6/2/2017,57.6,90,85.1,52.7
CanadaCentral,6/3/2017,56,80.7,83.1,54
CanadaCentral,6/4/2017,48.5,78.7,80.9,52.9
CanadaCentral,6/5/2017,54.1,83.1,78.2,52.3
CanadaCentral,6/6/2017,54.2,72.7,76.7,52.1
CanadaCentral,6/7/2017,48,74.4,75.6,50.4
CanadaCentral,6/8/2017,49.1,79.8,76.4,50.6
CanadaCentral,6/9/2017,54.8,75,76.6,52.3
CanadaCentral,6/10/2017,53,75.1,74.9,52
CanadaCentral,6/11/2017,48.1,74.5,74.2,49.1
CanadaCentral,6/12/2017,46.3,73,72.5,48.5
CanadaCentral,6/13/2017,51.3,69.9,68.7,50.5
CanadaCentral,6/14/2017,54,63.3,66.9,52.5
CanadaCentral,6/15/2017,52.2,67.6,66.9,51.4
CanadaCentral,6/16/2017,47.9,69.9,66.9,50.5
CanadaCentral,6/17/2017,51.4,63.3,65.6,49.9
CanadaCentral,6/18/2017,50.3,63.6,65.1,49.9
CanadaCentral,6/19/2017,47.8,68.5,67.3,47.3
CanadaCentral,6/20/2017,43.9,69.7,70.5,48
CanadaCentral,6/21/2017,52.3,73.1,69.8,48.1
CanadaCentral,6/22/2017,48.2,66.4,66.2,48.4
CanadaCentral,6/23/2017,44.7,59,61.6,44.6
CanadaCentral,6/24/2017,41,59.5,60.9,41.6
CanadaCentral,6/25/2017,39.2,64.3,65,39.9
CanadaCentral,6/26/2017,39.5,71.3,70.9,42.9
CanadaCentral,6/27/2017,50.2,77.2,74.7,47.6
CanadaCentral,6/28/2017,53.2,75.5,76.1,51
CanadaCentral,6/29/2017,49.5,75.5,73.5,50.5
CanadaCentral,6/30/2017,48.8,69.4,71.7,49.2
CanadaCentral,7/1/2017,49.3,70.3,70.4,47.5
CanadaCentral,7/2/2017,44.4,71.4,74.8,49.5
CanadaCentral,7/3/2017,54.8,82.5,79.3,51.9
CanadaCentral,7/4/2017,56.6,84.1,84.1,54
CanadaCentral,7/5/2017,50.7,85.7,83.6,54.2
CanadaCentral,7/6/2017,55.3,81,81.2,52.4
CanadaCentral,7/7/2017,51.3,77,80.1,53.2
CanadaCentral,7/8/2017,53.2,82.3,79.9,54.3
CanadaCentral,7/9/2017,58.4,80.3,81.9,55.4
CanadaCentral,7/10/2017,54.4,83.2,81.1,56.8
CanadaCentral,7/11/2017,57.5,79.8,77.2,54.3
CanadaCentral,7/12/2017,50.9,68.7,74.1,51.7
CanadaCentral,7/13/2017,46.7,73.8,75.9,50.2
CanadaCentral,7/14/2017,52.9,85.1,79.1,50.9
CanadaCentral,7/15/2017,53,78.3,81.8,53
CanadaCentral,7/16/2017,53,81.8,80.2,53
CanadaCentral,7/17/2017,52.9,80.4,78.7,50.7
CanadaCentral,7/18/2017,46.3,74,77.1,50.1
CanadaCentral,7/19/2017,51.2,76.9,76.8,48.6
CanadaCentral,7/20/2017,48.2,79.5,79.1,52.8
CanadaCentral,7/21/2017,58.8,81,77.8,53.2
CanadaCentral,7/22/2017,52.6,72.8,77.1,54
CanadaCentral,7/23/2017,50.5,77.6,77.3,53.4
CanadaCentral,7/24/2017,57.2,81.6,78.5,54.4
CanadaCentral,7/25/2017,55.4,76.4,79.2,54.8
CanadaCentral,7/26/2017,51.9,79.5,79.2,53.3
CanadaCentral,7/27/2017,52.6,81.8,82.2,52.4
CanadaCentral,7/28/2017,52.8,85.2,84.3,54
CanadaCentral,7/29/2017,56.6,85.9,86.5,56.1
CanadaCentral,7/30/2017,58.8,88.2,86.4,58.6
CanadaCentral,7/31/2017,60.4,84.9,83.8,57.3
CanadaCentral,8/1/2017,52.6,78.2,75.7,54.9
CanadaCentral,8/2/2017,51.6,64,71.7,49.7
CanadaCentral,8/3/2017,45,73.1,70.9,47.6
CanadaCentral,8/4/2017,46.3,75.5,74.5,46
CanadaCentral,8/5/2017,46.7,74.7,75,45.9
CanadaCentral,8/6/2017,44.6,74.7,76.1,46
CanadaCentral,8/7/2017,46.7,78.9,77.1,48.6
CanadaCentral,8/8/2017,54.4,77.7,74.8,51.8
CanadaCentral,8/9/2017,54.2,67.8,72.5,52
CanadaCentral,8/10/2017,47.4,71.9,72.2,50
CanadaCentral,8/11/2017,48.6,77,75.6,48.7
CanadaCentral,8/12/2017,50.1,77.9,77.6,47.7
CanadaCentral,8/13/2017,44.4,78,78.5,47.2
CanadaCentral,8/14/2017,47.1,79.4,76.8,48.2
CanadaCentral,8/15/2017,53.1,73.1,76.2,50.1
CanadaCentral,8/16/2017,50.2,76.2,76.2,51.3
CanadaCentral,8/17/2017,50.5,79.4,78.5,50.8
CanadaCentral,8/18/2017,51.6,80,81.2,50.6
CanadaCentral,8/19/2017,49.8,84.1,79.8,49.5
CanadaCentral,8/20/2017,47.1,75.4,76.8,47.2
CanadaCentral,8/21/2017,44.7,71,73.8,43.8
CanadaCentral,8/22/2017,39.5,75,73.9,43.8
CanadaCentral,8/23/2017,47.3,75.6,75.7,44.1
CanadaCentral,8/24/2017,45.6,76.5,77.3,48.1
CanadaCentral,8/25/2017,51.4,79.7,78.1,49.5
CanadaCentral,8/26/2017,51.5,78,80.4,49.8
CanadaCentral,8/27/2017,46.3,83.4,83.4,49.5
CanadaCentral,8/28/2017,50.6,88.9,86.6,49.5
CanadaCentral,8/29/2017,51.5,87.4,84.9,50.5
CanadaCentral,8/30/2017,49.3,78.3,83.3,50.9
CanadaCentral,8/31/2017,52,84,81,51.9
CanadaCentral,9/1/2017,54.5,80.5,81.5,51.8
CanadaCentral,9/2/2017,49,79.8,80.4,51
CanadaCentral,9/3/2017,49.3,80.7,77,48.3
CanadaCentral,9/4/2017,46.6,70.3,72.5,45.5
CanadaCentral,9/5/2017,40.7,66.5,70.2,42.6
CanadaCentral,9/6/2017,40.4,73.8,71.9,41.7
CanadaCentral,9/7/2017,44,75.3,74.6,41.7
CanadaCentral,9/8/2017,40.8,74.9,78.1,43.8
CanadaCentral,9/9/2017,46.5,84.2,80.5,48
CanadaCentral,9/10/2017,56.7,82.3,82.8,49.3
CanadaCentral,9/11/2017,44.7,82,84.5,50.6
CanadaCentral,9/12/2017,50.4,89.2,80.9,48.4
CanadaCentral,9/13/2017,49.9,71.6,74.5,49.4
CanadaCentral,9/14/2017,47.8,62.8,61.7,47
CanadaCentral,9/15/2017,43.3,50.6,53.8,44.2
CanadaCentral,9/16/2017,41.7,47.9,52.1,40.7
CanadaCentral,9/17/2017,37.3,57.9,58.4,38.7
CanadaCentral,9/18/2017,37.2,69.3,64.4,40.3
CanadaCentral,9/19/2017,46.4,65.9,67.2,41.8
CanadaCentral,9/20/2017,41.8,66.3,66.5,43.7
CanadaCentral,9/21/2017,42.8,67.3,63.3,42.4
CanadaCentral,9/22/2017,42.6,56.2,58.4,43
CanadaCentral,9/23/2017,43.7,51.6,52.5,43.2
CanadaCentral,9/24/2017,43.3,49.6,51.8,41.8
CanadaCentral,9/25/2017,38.3,54.3,53,40.1
CanadaCentral,9/26/2017,38.8,55.2,59.5,37.9
CanadaCentral,9/27/2017,36.7,68.9,63.5,37.9
CanadaCentral,9/28/2017,38.3,66.3,66.5,35.9
CanadaCentral,9/29/2017,32.6,64.2,66.7,37.7
CanadaCentral,9/30/2017,42.3,69.6,66.2,40.8
CanadaCentral,10/1/2017,47.5,64.7,63.7,42
CanadaCentral,10/2/2017,36.2,56.9,58.2,38.8
CanadaCentral,10/3/2017,32.8,53,54.6,33.7
CanadaCentral,10/4/2017,32.1,53.8,54.5,30
CanadaCentral,10/5/2017,25.1,56.7,58.6,29
CanadaCentral,10/6/2017,29.7,65.5,62.1,32.7
CanadaCentral,10/7/2017,43.2,64.2,61.7,36.6
CanadaCentral,10/8/2017,36.8,55.3,55.2,35.2
CanadaCentral,10/9/2017,25.7,46.1,55.5,30
CanadaCentral,10/10/2017,27.4,65.1,57,28.9
CanadaCentral,10/11/2017,33.7,60,60.4,31.4
CanadaCentral,10/12/2017,32.9,56.2,54.1,28.7
CanadaCentral,10/13/2017,19.5,46.2,48.4,24.2
CanadaCentral,10/14/2017,20.1,42.8,46.9,21.5
CanadaCentral,10/15/2017,24.9,51.8,53,24.6
CanadaCentral,10/16/2017,28.9,64.5,62.9,29.2
CanadaCentral,10/17/2017,34,72.4,66.6,31.3
CanadaCentral,10/18/2017,31,62.9,69.3,31.2
CanadaCentral,10/19/2017,28.7,72.7,70.3,31.9
CanadaCentral,10/20/2017,35.9,75.5,68.4,35.3
CanadaCentral,10/21/2017,41.2,57.2,62.8,35.5
CanadaCentral,10/22/2017,29.4,55.7,54.3,32.6
CanadaCentral,10/23/2017,27.3,49.9,53.4,26.6
CanadaCentral,10/24/2017,23.1,54.4,52.8,26.7
CanadaCentral,10/25/2017,29.8,54.1,50.8,25
CanadaCentral,10/26/2017,22,43.8,45,22.3
CanadaCentral,10/27/2017,15.1,37.1,42.5,17.4
CanadaCentral,10/28/2017,15.2,46.6,42.6,19.5
CanadaCentral,10/29/2017,28.4,44.2,40.2,18.8
CanadaCentral,10/30/2017,12.8,29.9,35.7,16.8
CanadaCentral,10/31/2017,9.2,32.9,31.7,13.4
CanadaCentral,11/1/2017,18.4,32.2,31,13.7
CanadaCentral,11/2/2017,13.6,28,28.5,14.1
CanadaCentral,11/3/2017,10.2,25.2,27.2,14.5
CanadaCentral,11/4/2017,19.7,28.3,24.8,11.2
CanadaCentral,11/5/2017,3.8,21.1,22,7.5
CanadaCentral,11/6/2017,-1.1,16.8,19.4,-0.7
CanadaCentral,11/7/2017,-4.7,20.5,17.4,-2.1
CanadaCentral,11/8/2017,-0.6,15,15.3,-4.4
CanadaCentral,11/9/2017,-7.8,10.3,16.9,-2.1
CanadaCentral,11/10/2017,2.2,25.3,20.4,4.5
CanadaCentral,11/11/2017,19.1,25.4,25.6,10
CanadaCentral,11/12/2017,8.9,26.1,28.3,14.3
CanadaCentral,11/13/2017,14.8,33.3,33.4,14
CanadaCentral,11/14/2017,18.2,40.7,31.7,13.7
CanadaCentral,11/15/2017,8.2,21.2,29.5,13
CanadaCentral,11/16/2017,12.5,26.5,25.5,9.5
CanadaCentral,11/17/2017,7.7,28.8,23.7,8
CanadaCentral,11/18/2017,3.7,15.7,25.2,5.7
CanadaCentral,11/19/2017,5.5,31,29.1,6.8
CanadaCentral,11/20/2017,11,40.5,28.1,5.9
CanadaCentral,11/21/2017,1,12.9,26.6,4.3
CanadaCentral,11/22/2017,0.9,26.3,29.8,5.8
CanadaCentral,11/23/2017,15.5,50.1,40.2,12.8
CanadaCentral,11/24/2017,22.1,44.1,44.2,17.2
CanadaCentral,11/25/2017,13.9,38.2,38.5,18.8
CanadaCentral,11/26/2017,20.5,33.2,39.4,19.8
CanadaCentral,11/27/2017,25,46.7,39.7,21.3
CanadaCentral,11/28/2017,18.6,39.3,42.4,23.2
CanadaCentral,11/29/2017,25.9,41.2,39.4,22.6
CanadaCentral,11/30/2017,23.4,37.6,38.4,22.9
CanadaCentral,12/1/2017,19.4,36.3,38,19.8
CanadaCentral,12/2/2017,16.5,40,36.5,17.4
CanadaCentral,12/3/2017,16.5,33.4,33.8,13.2
CanadaCentral,12/4/2017,6.6,28.1,25.9,8.1
CanadaCentral,12/5/2017,1.3,16.2,18.8,2.3
CanadaCentral,12/6/2017,-1.1,12.2,18.2,2.1
CanadaCentral,12/7/2017,6.2,26.1,23.6,5.8
CanadaCentral,12/8/2017,12.3,32.4,31.7,8.8
CanadaCentral,12/9/2017,7.8,36.5,35.3,12.3
CanadaCentral,12/10/2017,16.8,37,36.7,12.4
CanadaCentral,12/11/2017,12.5,36.6,38.4,16.3
CanadaCentral,12/12/2017,19.5,41.6,38.2,17.4
CanadaCentral,12/13/2017,20.1,36.4,35.7,20
CanadaCentral,12/14/2017,20.5,29,32.1,20
CanadaCentral,12/15/2017,19.5,30.8,30.6,18.6
CanadaCentral,12/16/2017,15.8,32,31.6,14.8
CanadaCentral,12/17/2017,9.1,32,32.6,15.6
CanadaCentral,12/18/2017,22.1,33.8,31.1,10.2
CanadaCentral,12/19/2017,-0.5,27.4,22.6,5.3
CanadaCentral,12/20/2017,-5.6,6.5,15.1,-6.8
CanadaCentral,12/21/2017,-14.3,11.2,11.6,-4.9
CanadaCentral,12/22/2017,5.1,17.2,15.4,-4.8
CanadaCentral,12/23/2017,-5.1,17.8,11.7,-5.5
CanadaCentral,12/24/2017,-16.6,0.2,2.6,-13.9
CanadaCentral,12/25/2017,-19.9,-10.1,-7.8,-20.2
CanadaCentral,12/26/2017,-24.2,-13.6,-9.1,-24
CanadaCentral,12/27/2017,-27.8,-3.7,-7.3,-23.9
CanadaCentral,12/28/2017,-19.7,-4.4,-6.1,-24.6
CanadaCentral,12/29/2017,-26.1,-10.2,-11.6,-26.1
CanadaCentral,12/30/2017,-32.5,-20.2,-13.7,-27.6
CanadaCentral,12/31/2017,-24.4,-10.7,-11.4,-26.7
CanadaCentral,1/1/2018,-23.4,-3.3,-0.6,-19.9
CanadaCentral,1/2/2018,-11.8,12.2,4.5,-16.1
CanadaCentral,1/3/2018,-12.9,4.6,6.7,-10.1
CanadaCentral,1/4/2018,-5.7,3.2,4.8,-8.7
CanadaCentral,1/5/2018,-7.4,6.6,11.6,-2.3
CanadaCentral,1/6/2018,6.2,24.9,21.9,6.2
CanadaCentral,1/7/2018,19.7,34.1,29.2,13.4
CanadaCentral,1/8/2018,14.3,28.5,32.1,15.8
CanadaCentral,1/9/2018,13.5,33.8,31.4,7
CanadaCentral,1/10/2018,-6.9,32,19.5,-4.3
CanadaCentral,1/11/2018,-19.4,-7.2,6.1,-16.8
CanadaCentral,1/12/2018,-24,-6.6,-4.2,-22.9
CanadaCentral,1/13/2018,-25.2,1.2,2.1,-20.3
CanadaCentral,1/14/2018,-11.8,11.8,2.4,-19.3
CanadaCentral,1/15/2018,-20.9,-5.9,5.5,-16.4
CanadaCentral,1/16/2018,-16.6,10.7,14.7,-10.3
CanadaCentral,1/17/2018,6.7,39.3,29.1,1.6
CanadaCentral,1/18/2018,14.6,37.3,38.7,15.7
CanadaCentral,1/19/2018,25.7,39.5,37.2,18.6
CanadaCentral,1/20/2018,15.4,34.8,34.1,16.8
CanadaCentral,1/21/2018,9.2,28.1,28.9,12.3
CanadaCentral,1/22/2018,12.3,23.9,24.9,11.7
CanadaCentral,1/23/2018,13.6,22.7,22.9,12.9
CanadaCentral,1/24/2018,13,22.2,23.3,13.8
CanadaCentral,1/25/2018,14.8,24.9,24.4,14.2
CanadaCentral,1/26/2018,14.7,25.9,22.5,7.8
CanadaCentral,1/27/2018,-6.1,16.7,14.6,-0.9
CanadaCentral,1/28/2018,-11.5,1.1,8.6,-8.6
CanadaCentral,1/29/2018,-8.3,8.1,15.2,-5.8
CanadaCentral,1/30/2018,2.5,36.5,18.5,-4.9
CanadaCentral,1/31/2018,-8.8,10.8,16.1,-7
CanadaCentral,2/1/2018,-14.8,1,5.9,-10.9
CanadaCentral,2/2/2018,-9.2,5.9,2,-12.8
CanadaCentral,2/3/2018,-14.4,-0.9,2.6,-14.1
CanadaCentral,2/4/2018,-18.7,3,1.3,-16
CanadaCentral,2/5/2018,-15,1.9,2.6,-17.2
CanadaCentral,2/6/2018,-18.1,3,2.9,-17.3
CanadaCentral,2/7/2018,-18.9,3.9,2.6,-19.2
CanadaCentral,2/8/2018,-20.5,0.8,3.1,-19.7
CanadaCentral,2/9/2018,-19.8,4.6,4.7,-16.5
CanadaCentral,2/10/2018,-9.2,8.8,6.7,-15.9
CanadaCentral,2/11/2018,-18.8,6.9,5.1,-18
CanadaCentral,2/12/2018,-25.9,-0.4,10.2,-16.4
CanadaCentral,2/13/2018,-4.5,24.1,19.7,-6.3
CanadaCentral,2/14/2018,11.5,35.5,24.9,-1.2
CanadaCentral,2/15/2018,-10.5,15.2,22.7,-2.3
CanadaCentral,2/16/2018,-7.9,17.5,16.3,-6.1
CanadaCentral,2/17/2018,0,16.1,14.5,-4.4
CanadaCentral,2/18/2018,-5.4,10,10.5,-7.1
CanadaCentral,2/19/2018,-16.1,5.5,7.9,-8.8
CanadaCentral,2/20/2018,-4.9,8.1,7.4,-11.3
CanadaCentral,2/21/2018,-12.9,8.6,10.8,-9.2
CanadaCentral,2/22/2018,-9.9,15.5,12.8,-9.1
CanadaCentral,2/23/2018,-4.5,14.2,16.9,-4.8
CanadaCentral,2/24/2018,0.1,20.8,20.6,1
CanadaCentral,2/25/2018,7.5,26.7,27,4.6
CanadaCentral,2/26/2018,6.3,33.4,29.9,5.2
CanadaCentral,2/27/2018,1.7,29.5,32,5
CanadaCentral,2/28/2018,6.9,33.2,32.3,4.7
CanadaCentral,3/1/2018,5.5,34.1,31.5,7.1
CanadaCentral,3/2/2018,8.7,27.2,32.1,10.3
CanadaCentral,3/3/2018,16.7,35.1,32.2,17.8
CanadaCentral,3/4/2018,28,34.3,33.5,22.5
CanadaCentral,3/5/2018,22.9,31.1,30.7,20.3
CanadaCentral,3/6/2018,10,26.5,26.3,11.1
CanadaCentral,3/7/2018,0.3,21.3,22.5,1.7
CanadaCentral,3/8/2018,-5.2,19.7,20.4,-2.6
CanadaCentral,3/9/2018,-2.9,20.1,21.8,2.4
CanadaCentral,3/10/2018,15.2,25.5,25.3,5.6
CanadaCentral,3/11/2018,4.6,30.2,28.8,7.3
CanadaCentral,3/12/2018,2,30.8,31,3.5
CanadaCentral,3/13/2018,3.9,31.9,31.5,4.8
CanadaCentral,3/14/2018,8.7,31.6,30.2,5.4
CanadaCentral,3/15/2018,3.7,27.1,30.7,7.3
CanadaCentral,3/16/2018,9.5,33.5,31.5,6.1
CanadaCentral,3/17/2018,5.1,34,34,12.6
CanadaCentral,3/18/2018,23.1,34.4,31.7,15.6
CanadaCentral,3/19/2018,18.6,26.6,30.6,20.6
CanadaCentral,3/20/2018,20.3,30.7,30.1,20.4
CanadaCentral,3/21/2018,22.4,33.1,32.4,21.5
CanadaCentral,3/22/2018,21.6,33.5,33.1,22.6
CanadaCentral,3/23/2018,23.7,32.7,32.9,24.1
CanadaCentral,3/24/2018,26.8,32.5,33.9,25.7
CanadaCentral,3/25/2018,26.6,36.5,35,25.1
CanadaCentral,3/26/2018,22,36,37.7,23.2
CanadaCentral,3/27/2018,21,40.6,37.8,19.4
CanadaCentral,3/28/2018,15.3,36.9,33.8,13.3
CanadaCentral,3/29/2018,3.7,24,25.9,5
CanadaCentral,3/30/2018,-3.9,16.8,18.8,-1
CanadaCentral,3/31/2018,-2.7,15.5,19.3,-0.3
CanadaCentral,4/1/2018,5.8,25.5,18.9,0.8
CanadaCentral,4/2/2018,-0.7,15.8,22.4,1.6
CanadaCentral,4/3/2018,-0.3,25.9,23.4,1.7
CanadaCentral,4/4/2018,6.1,28.4,26.5,2.7
CanadaCentral,4/5/2018,2.4,25.1,24.7,1.7
CanadaCentral,4/6/2018,-3.3,20.5,24,-0.5
CanadaCentral,4/7/2018,-0.6,26.4,24.6,1.5
CanadaCentral,4/8/2018,8.4,27.1,28.6,5.5
CanadaCentral,4/9/2018,8.6,32.4,32.6,12.8
CanadaCentral,4/10/2018,21.4,38.2,35.8,16.5
CanadaCentral,4/11/2018,19.5,36.8,35.4,21
CanadaCentral,4/12/2018,22.1,31.2,32.3,18.7
CanadaCentral,4/13/2018,14.6,28.9,31.6,16.3
CanadaCentral,4/14/2018,12.3,34.7,34,15.4
CanadaCentral,4/15/2018,19.4,38.4,37.9,16.8
CanadaCentral,4/16/2018,18.7,40.6,41.3,21.7
CanadaCentral,4/17/2018,26.9,45,44.1,24.9
CanadaCentral,4/18/2018,29,46.6,47.5,26.9
CanadaCentral,4/19/2018,24.9,50.9,51.5,27.8
CanadaCentral,4/20/2018,29.4,57.1,57.2,29
CanadaCentral,4/21/2018,32.5,63.6,61,32.8
CanadaCentral,4/22/2018,36.3,62.5,61,33.8
CanadaCentral,4/23/2018,32.5,57,59.4,32.1
CanadaCentral,4/24/2018,27.4,58.9,60.9,31.4
CanadaCentral,4/25/2018,34.4,66.9,63.9,30.1
CanadaCentral,4/26/2018,28.5,65.9,62.9,30.6
CanadaCentral,4/27/2018,28.9,55.8,61.9,28
CanadaCentral,4/28/2018,26.5,64.1,65.6,32
CanadaCentral,4/29/2018,40.5,76.9,67.7,33.3
CanadaCentral,4/30/2018,32.9,62.1,62.1,34.2
CanadaCentral,5/1/2018,29.2,47.3,57.2,29.1
CanadaCentral,5/2/2018,25.3,62.2,60.1,28.2
CanadaCentral,5/3/2018,30,70.7,68.5,31.1
CanadaCentral,5/4/2018,37.9,72.6,71.6,37
CanadaCentral,5/5/2018,43.1,71.5,73.6,39.2
CanadaCentral,5/6/2018,36.7,76.8,77.4,40.1
CanadaCentral,5/7/2018,40.4,83.8,78.1,39.9
CanadaCentral,5/8/2018,42.8,73.7,74,41
CanadaCentral,5/9/2018,39.9,64.5,64.4,35.8
CanadaCentral,5/10/2018,24.7,54.8,59.3,31.5
CanadaCentral,5/11/2018,30,58.5,61.1,31.3
CanadaCentral,5/12/2018,39.3,69.9,69.3,35.8
CanadaCentral,5/13/2018,38,79.3,73.9,38.5
CanadaCentral,5/14/2018,38.2,72.5,79.6,37.8
CanadaCentral,5/15/2018,37.1,87,77.8,39.6
CanadaCentral,5/16/2018,43.5,73.9,73.5,41.4
CanadaCentral,5/17/2018,43.5,59.6,63,42
CanadaCentral,5/18/2018,39,55.4,61.2,38
CanadaCentral,5/19/2018,31.4,68.6,66.5,35.8
CanadaCentral,5/20/2018,37.1,75.5,74.5,35.6
CanadaCentral,5/21/2018,38.2,79.3,79.1,41.2
CanadaCentral,5/22/2018,48.3,82.4,82.6,46.2
CanadaCentral,5/23/2018,52.1,86,83.7,51.5
CanadaCentral,5/24/2018,54.2,82.5,85.1,52.9
CanadaCentral,5/25/2018,52.2,86.6,84.7,53.2
CanadaCentral,5/26/2018,53.1,85,84.6,53.8
CanadaCentral,5/27/2018,55.9,82.1,82.7,53.4
CanadaCentral,5/28/2018,51.1,81,82,53.8
CanadaCentral,5/29/2018,54.4,82.8,77.8,54.5
CanadaCentral,5/30/2018,58,69.7,75.1,55.3
CanadaCentral,5/31/2018,53.5,72.7,68.2,54.6
CanadaCentral,6/1/2018,52.3,62.2,64.9,51.1
CanadaCentral,6/2/2018,47.6,59.7,64.3,47.9
CanadaCentral,6/3/2018,43.7,70.9,67.8,46.1
CanadaCentral,6/4/2018,47,72.6,73.1,46.7
CanadaCentral,6/5/2018,49.4,75.8,74.3,48
CanadaCentral,6/6/2018,47.6,74.4,76.5,49.7
CanadaCentral,6/7/2018,52.1,79.3,76.6,52.1
CanadaCentral,6/8/2018,56.6,76.2,78.3,56
CanadaCentral,6/9/2018,59.1,79.5,80.3,59.3
CanadaCentral,6/10/2018,62,85.2,77.7,57.5
CanadaCentral,6/11/2018,51.3,68.3,75.5,53.4
CanadaCentral,6/12/2018,47,72.9,73.3,47.1
CanadaCentral,6/13/2018,43,78.7,76.8,47.2
CanadaCentral,6/14/2018,51.7,79,77.2,49.7
CanadaCentral,6/15/2018,54.4,74,74.2,52.6
CanadaCentral,6/16/2018,51.5,69.7,72.6,52.9
CanadaCentral,6/17/2018,52.8,74,73.6,50.7
CanadaCentral,6/18/2018,47.9,77.1,76.6,51.5
CanadaCentral,6/19/2018,53.9,78.8,79.7,51.5
CanadaCentral,6/20/2018,52.8,83.1,82.2,53.8
CanadaCentral,6/21/2018,54.7,84.6,83.7,55.5
CanadaCentral,6/22/2018,59.1,83.5,82.5,57.2
CanadaCentral,6/23/2018,57.7,79.3,79.9,58.3
CanadaCentral,6/24/2018,58,77.1,77.1,58.1
CanadaCentral,6/25/2018,58.6,75,77.5,58.9
CanadaCentral,6/26/2018,60,80.5,78.1,56.7
CanadaCentral,6/27/2018,51.5,78.9,80.8,53.4
CanadaCentral,6/28/2018,48.5,83,79.7,52.3
CanadaCentral,6/29/2018,56.7,77.2,77.6,53.3
CanadaCentral,6/30/2018,54.7,72.6,74.8,53.7
CanadaCentral,7/1/2018,49.9,74.6,73.9,51.3
CanadaCentral,7/2/2018,49.4,74.5,75.7,51.5
CanadaCentral,7/3/2018,55.2,77.9,74.3,52.9
CanadaCentral,7/4/2018,54.1,70.6,74.3,52.6
CanadaCentral,7/5/2018,48.4,74.5,75.3,50.8
CanadaCentral,7/6/2018,49.9,80.8,80.4,53.9
CanadaCentral,7/7/2018,63.5,86,82.2,56.9
CanadaCentral,7/8/2018,57.4,79.8,82,57.2
CanadaCentral,7/9/2018,50.7,80.1,80.5,57.2
CanadaCentral,7/10/2018,63.5,81.5,80.2,58.7
CanadaCentral,7/11/2018,61.9,79,81,61.3
CanadaCentral,7/12/2018,58.4,82.3,82.5,58.6
CanadaCentral,7/13/2018,55.4,86.1,84.9,57.2
CanadaCentral,7/14/2018,57.9,86.2,82.3,54.4
CanadaCentral,7/15/2018,49.8,74.5,77.1,51.9
CanadaCentral,7/16/2018,47.9,70.7,74.9,47.4
CanadaCentral,7/17/2018,44.4,79.5,78.6,47.9
CanadaCentral,7/18/2018,51.3,85.5,82.1,51.4
CanadaCentral,7/19/2018,58.3,81.3,81.7,54.3
CanadaCentral,7/20/2018,53.3,78.2,78.4,54.7
CanadaCentral,7/21/2018,52.5,75.8,77.2,53.8
CanadaCentral,7/22/2018,55.5,77.5,75.5,53.4
CanadaCentral,7/23/2018,52,73.1,73.9,51.7
CanadaCentral,7/24/2018,47.7,71,70.6,48.3
CanadaCentral,7/25/2018,45.2,67.6,70.2,47.1
CanadaCentral,7/26/2018,48.6,72,72,46.8
CanadaCentral,7/27/2018,46.5,76.4,75.6,47
CanadaCentral,7/28/2018,45.9,78.3,78.6,46.9
CanadaCentral,7/29/2018,48.4,81.2,81.4,47.6
CanadaCentral,7/30/2018,48.6,84.8,80.7,49.3
CanadaCentral,7/31/2018,50.8,76.3,76.1,47.3
CanadaCentral,8/1/2018,42.7,67.4,74.2,45.6
CanadaCentral,8/2/2018,43.5,79,78,46.9
CanadaCentral,8/3/2018,54.4,87.6,83.3,51.1
CanadaCentral,8/4/2018,55.6,83.4,82,54
CanadaCentral,8/5/2018,51.9,75.1,78.9,51.1
CanadaCentral,8/6/2018,45.7,78.2,80.6,50.6
CanadaCentral,8/7/2018,54.2,88.5,83.7,52
CanadaCentral,8/8/2018,55.9,84.5,86.5,54.1
CanadaCentral,8/9/2018,52.2,86.4,87.7,53.4
CanadaCentral,8/10/2018,52.1,92.4,91.8,53.4
CanadaCentral,8/11/2018,55.8,96.8,95.7,56.2
CanadaCentral,8/12/2018,60.6,98,89.3,55.8
CanadaCentral,8/13/2018,50.9,73.1,81.2,51.5
CanadaCentral,8/14/2018,43.1,72.6,77.3,47
CanadaCentral,8/15/2018,46.9,86.2,77.9,47.1
CanadaCentral,8/16/2018,51.4,75,81.6,48.3
CanadaCentral,8/17/2018,46.6,83.7,82.9,51.6
CanadaCentral,8/18/2018,56.8,90.1,82.3,49.8
CanadaCentral,8/19/2018,46,73.1,78.6,48.1
CanadaCentral,8/20/2018,41.4,72.8,73.6,42.3
CanadaCentral,8/21/2018,39.4,74.9,76.4,41.4
CanadaCentral,8/22/2018,43.3,81.5,80.9,43.8
CanadaCentral,8/23/2018,48.6,86.4,83.5,47.5
CanadaCentral,8/24/2018,50.6,82.5,79.3,48.3
CanadaCentral,8/25/2018,45.8,69.1,73.7,45.9
CanadaCentral,8/26/2018,41.2,69.5,66.5,43.6
CanadaCentral,8/27/2018,43.8,60.8,63.5,43.1
CanadaCentral,8/28/2018,44.4,60,65.4,43.4
CanadaCentral,8/29/2018,42.1,75.5,73.4,46.4
CanadaCentral,8/30/2018,52.6,84.6,79.6,47.7
CanadaCentral,8/31/2018,48.4,78.8,81.3,46.5
CanadaCentral,9/1/2018,38.5,80.4,76.9,43.6
CanadaCentral,9/2/2018,43.8,71.6,78.1,42.3
CanadaCentral,9/3/2018,44.6,82.2,74.6,43.6
CanadaCentral,9/4/2018,42.6,70.1,72.8,39.5
CanadaCentral,9/5/2018,31.5,66,69.3,37.5
CanadaCentral,9/6/2018,38.3,71.8,68.5,39.8
CanadaCentral,9/7/2018,49.7,67.6,70.8,47.2
CanadaCentral,9/8/2018,53.6,73,72.7,52.4
CanadaCentral,9/9/2018,53.9,77.5,75.5,50.3
CanadaCentral,9/10/2018,43.4,76,75.9,46.9
CanadaCentral,9/11/2018,43.3,74.4,70.1,41.2
CanadaCentral,9/12/2018,36.9,60,66,40.8
CanadaCentral,9/13/2018,42.1,63.7,61.6,39.9
CanadaCentral,9/14/2018,40.6,61.1,61.4,42.8
CanadaCentral,9/15/2018,45.7,59.5,62.7,43.4
CanadaCentral,9/16/2018,44,67.5,60.5,43.5
CanadaCentral,9/17/2018,40.8,54.7,60.6,39.8
CanadaCentral,9/18/2018,34.7,59.7,56.8,37.8
CanadaCentral,9/19/2018,37.9,56.1,54.3,36.1
CanadaCentral,9/20/2018,35.8,47.2,51.9,36.8
CanadaCentral,9/21/2018,36.6,52.3,48,34.8
CanadaCentral,9/22/2018,31.9,44.4,45.3,33.5
CanadaCentral,9/23/2018,32,39.2,43.6,33.4
CanadaCentral,9/24/2018,36.2,47.1,47,34.4
CanadaCentral,9/25/2018,35.1,54.6,53.5,33.9
CanadaCentral,9/26/2018,30.3,58.7,54,32.8
CanadaCentral,9/27/2018,33,48.5,49.6,29
CanadaCentral,9/28/2018,23.8,41.7,47,26.6
CanadaCentral,9/29/2018,23.1,50.8,44,23.8
CanadaCentral,9/30/2018,24.5,39.6,46,25.8
CanadaCentral,10/1/2018,29.9,47.6,47.6,29.5
CanadaCentral,10/2/2018,34.1,55.5,47.3,30.5
CanadaCentral,10/3/2018,27.4,38.8,45.2,26.1
CanadaCentral,10/4/2018,16.8,41.2,38.3,24.3
CanadaCentral,10/5/2018,28.7,34.9,39.1,24.5
CanadaCentral,10/6/2018,28,41.1,38.3,28.3
CanadaCentral,10/7/2018,28,38.8,40.2,28.1
CanadaCentral,10/8/2018,28.4,40.7,39.4,26.9
CanadaCentral,10/9/2018,24.2,38.8,37.2,25.5
CanadaCentral,10/10/2018,24.1,32,35.6,21.1
CanadaCentral,10/11/2018,15.1,36.1,38.1,18.2
CanadaCentral,10/12/2018,15.3,46.3,40.5,18.6
CanadaCentral,10/13/2018,25.4,39.1,38.4,19.5
CanadaCentral,10/14/2018,17.6,29.9,39.8,17.7
CanadaCentral,10/15/2018,10.1,50.4,41.4,18.1
CanadaCentral,10/16/2018,26.7,43.7,50,19.5
CanadaCentral,10/17/2018,21.8,55.8,57.3,27.9
CanadaCentral,10/18/2018,35.3,72.5,61.6,29.2
CanadaCentral,10/19/2018,30.6,56.5,57.2,28.4
CanadaCentral,10/20/2018,19.2,42.4,52.7,25.6
CanadaCentral,10/21/2018,27.1,59,49.9,22.2
CanadaCentral,10/22/2018,20.3,48.3,52.4,20.8
CanadaCentral,10/23/2018,15.1,50.1,52.6,20.9
CanadaCentral,10/24/2018,27.2,59.4,55.6,25
CanadaCentral,10/25/2018,32.8,57.4,57.4,30
CanadaCentral,10/26/2018,30.2,55.3,53.8,29.7
CanadaCentral,10/27/2018,26.2,48.8,50.9,28.7
CanadaCentral,10/28/2018,29.8,48.5,47.4,28.9
CanadaCentral,10/29/2018,30.7,45,45.3,30.7
CanadaCentral,10/30/2018,31.6,42.5,42.1,29.1
CanadaCentral,10/31/2018,25,38.9,40.5,26.7
CanadaCentral,11/1/2018,23.6,40.1,37.4,25.5
CanadaCentral,11/2/2018,28,33.2,35.4,26.4
CanadaCentral,11/3/2018,27.6,33,34.8,27.9
CanadaCentral,11/4/2018,28,38.2,36.8,26.7
CanadaCentral,11/5/2018,24.6,39.1,34.9,22.6
CanadaCentral,11/6/2018,15.1,27.4,27.8,17
CanadaCentral,11/7/2018,11.3,17,19.6,10.6
CanadaCentral,11/8/2018,5.5,14.3,15,4.3
CanadaCentral,11/9/2018,-3.9,13.7,15.8,2.4
CanadaCentral,11/10/2018,5.5,19.5,16.8,4
CanadaCentral,11/11/2018,10.6,17.2,16.8,3.8
CanadaCentral,11/12/2018,-4.7,13.7,18.7,2.1
CanadaCentral,11/13/2018,0.4,25.2,25.4,3.9
CanadaCentral,11/14/2018,16.1,37.3,31.4,13.4
CanadaCentral,11/15/2018,23.8,31.7,31.4,13.7
CanadaCentral,11/16/2018,1.3,25.2,23.1,6.1
CanadaCentral,11/17/2018,-6.7,12.2,17.9,-0.8
CanadaCentral,11/18/2018,3,16.3,14.6,-1.4
CanadaCentral,11/19/2018,-0.6,15.3,20.5,4.7
CanadaCentral,11/20/2018,11.7,29.9,22.6,7.2
CanadaCentral,11/21/2018,10.6,22.6,28.8,14.2
CanadaCentral,11/22/2018,20.2,33.7,30.6,18.3
CanadaCentral,11/23/2018,23.9,35.3,31.5,19.3
CanadaCentral,11/24/2018,13.6,25.6,24.9,12.8
CanadaCentral,11/25/2018,0.7,13.9,16.8,2.6
CanadaCentral,11/26/2018,-6.5,11.1,14.1,-2.7
CanadaCentral,11/27/2018,-2.4,17.3,17.2,2.5
CanadaCentral,11/28/2018,16.4,23.2,21.8,10.9
CanadaCentral,11/29/2018,18.7,25,24.8,18.9
CanadaCentral,11/30/2018,21.5,26.1,25.1,18.8
CanadaCentral,12/1/2018,16.3,24.1,22.4,15
CanadaCentral,12/2/2018,7.1,17.1,22.3,9.2
CanadaCentral,12/3/2018,4.1,25.5,21.3,6.5
CanadaCentral,12/4/2018,8.3,21.3,21.5,2.8
CanadaCentral,12/5/2018,-4.2,17.8,17.4,-3.8
CanadaCentral,12/6/2018,-15.5,13.2,15.4,-7.9
CanadaCentral,12/7/2018,-4,15.3,15.1,-6.6
CanadaCentral,12/8/2018,-0.5,16.8,19.8,-3
CanadaCentral,12/9/2018,-4.4,27.2,23,-0.7
CanadaCentral,12/10/2018,2.8,25.2,27.3,3.9
CanadaCentral,12/11/2018,13.3,29.5,29.3,10
CanadaCentral,12/12/2018,14.1,33.3,31.7,13.3
CanadaCentral,12/13/2018,12.4,32.3,32.9,12.6
CanadaCentral,12/14/2018,11.4,33.3,35.2,15.6
CanadaCentral,12/15/2018,22.9,40.1,35.2,14.4
CanadaCentral,12/16/2018,8.9,32.1,33.3,13.3
CanadaCentral,12/17/2018,8.1,27.6,32.2,11.4
CanadaCentral,12/18/2018,17.2,36.9,34,15.9
CanadaCentral,12/19/2018,22.4,37.7,34.1,19.2
CanadaCentral,12/20/2018,17.9,27.7,30.5,19.5
CanadaCentral,12/21/2018,18.2,26.1,27.1,17
CanadaCentral,12/22/2018,14.8,27.5,23.6,13.5
CanadaCentral,12/23/2018,7.5,17.2,20.6,8.9
CanadaCentral,12/24/2018,4.3,17,15.7,5.1
CanadaCentral,12/25/2018,3.6,13,13.4,3.7
CanadaCentral,12/26/2018,3.1,10.3,11.2,1.4
CanadaCentral,12/27/2018,-2.6,10.3,8.4,-3.8
CanadaCentral,12/28/2018,-12,4.7,11,-5.5
CanadaCentral,12/29/2018,-1.8,18.1,12.6,-5.4
CanadaCentral,12/30/2018,-2.3,15.2,10.3,-8.4
CanadaCentral,12/31/2018,-21.2,-2.3,9.5,-14.8
CanadaCentral,1/1/2019,-20.9,15.7,15.1,-10.2
CanadaCentral,1/2/2019,11.5,31.9,28,4.7
CanadaCentral,1/3/2019,23.6,36.5,33.5,16.3
CanadaCentral,1/4/2019,13.9,32.1,32,18.1
CanadaCentral,1/5/2019,16.9,27.5,29.1,14.8
CanadaCentral,1/6/2019,13.5,27.6,29.3,14.7
CanadaCentral,1/7/2019,13.7,32.8,24.7,7.7
CanadaCentral,1/8/2019,-4.2,13.7,17,0
CanadaCentral,1/9/2019,-9.5,4.4,11.3,-4.1
CanadaCentral,1/10/2019,1.5,15.8,10.6,-2.5
CanadaCentral,1/11/2019,0.5,11.8,15.2,3.6
CanadaCentral,1/12/2019,9,18.1,17.3,6
CanadaCentral,1/13/2019,8.6,22.2,21,9.3
CanadaCentral,1/14/2019,10.2,22.6,23.4,2.8
CanadaCentral,1/15/2019,-10.3,25.5,17.3,-4.8
CanadaCentral,1/16/2019,-14.4,3.9,11.2,-13
CanadaCentral,1/17/2019,-14.3,4.3,0.4,-16.3
CanadaCentral,1/18/2019,-20.1,-7.1,-3.4,-18.1
CanadaCentral,1/19/2019,-20,-7.3,-4.6,-20.1
CanadaCentral,1/20/2019,-20.1,0.6,1.7,-14
CanadaCentral,1/21/2019,-1.9,11.8,9.6,-7.6
CanadaCentral,1/22/2019,-0.8,16.5,15.7,-2.6
CanadaCentral,1/23/2019,-5.2,18.7,11.3,-8.9
CanadaCentral,1/24/2019,-20.6,-1.3,5.7,-16
CanadaCentral,1/25/2019,-22.2,-0.2,0.2,-19.2
CanadaCentral,1/26/2019,-14.7,2.2,4.5,-16.3
CanadaCentral,1/27/2019,-11.9,11.4,7.1,-13.6
CanadaCentral,1/28/2019,-14.2,7.8,1.7,-19.4
CanadaCentral,1/29/2019,-32.1,-14,-6.8,-28.4
CanadaCentral,1/30/2019,-38.9,-14.3,-8.1,-32.4
CanadaCentral,1/31/2019,-26.4,4.2,4,-22.6
CanadaCentral,2/1/2019,-2.4,22.1,9.9,-11.1
CanadaCentral,2/2/2019,-4.5,3.5,7.1,-6.7
CanadaCentral,2/3/2019,-13.4,-4.3,-3.1,-12.5
CanadaCentral,2/4/2019,-19.6,-8.5,-6.5,-16.8
CanadaCentral,2/5/2019,-17.5,-6.8,-7.4,-17.8
CanadaCentral,2/6/2019,-16.2,-7,-8.7,-21.1
CanadaCentral,2/7/2019,-29.5,-12.3,-11,-27.3
CanadaCentral,2/8/2019,-36.1,-13.7,-9.9,-32.5
CanadaCentral,2/9/2019,-31.8,-3.7,-6.8,-32.9
CanadaCentral,2/10/2019,-30.8,-2.9,0.1,-26.2
CanadaCentral,2/11/2019,-16,6.9,3.2,-21.5
CanadaCentral,2/12/2019,-17.7,5.7,5.1,-15.7
CanadaCentral,2/13/2019,-13.5,2.7,1.9,-16.8
CanadaCentral,2/14/2019,-19.1,-2.7,0.4,-20.6
CanadaCentral,2/15/2019,-29.1,1.2,2.6,-20.9
CanadaCentral,2/16/2019,-14.4,9.3,5.6,-18
CanadaCentral,2/17/2019,-10.3,6.4,6.2,-13.4
CanadaCentral,2/18/2019,-15.5,3,5.3,-14.2
CanadaCentral,2/19/2019,-16.9,6.5,7.8,-14.9
CanadaCentral,2/20/2019,-12.4,13.9,10.2,-12
CanadaCentral,2/21/2019,-6.8,10.3,11.2,-11.3
CanadaCentral,2/22/2019,-14.8,9.4,11.6,-9.5
CanadaCentral,2/23/2019,-7,15.1,10,-14.3
CanadaCentral,2/24/2019,-21.1,5.6,5.7,-20.2
CanadaCentral,2/25/2019,-32.5,-3.6,1.2,-25.8
CanadaCentral,2/26/2019,-23.9,1.8,3.6,-24.1
CanadaCentral,2/27/2019,-15.8,12.5,9,-13.7
CanadaCentral,2/28/2019,-1.3,12.7,11.3,-8.8
CanadaCentral,3/1/2019,-9.4,8.8,5.7,-10.5
CanadaCentral,3/2/2019,-20.8,-4.3,1.2,-15.7
CanadaCentral,3/3/2019,-16.8,-0.8,1.8,-14.2
CanadaCentral,3/4/2019,-4.9,10.4,8.6,-9.1
CanadaCentral,3/5/2019,-5.7,16.2,11.8,-7.8
CanadaCentral,3/6/2019,-12.7,8.8,12.3,-12.3
CanadaCentral,3/7/2019,-18.3,12.1,15,-7.9
CanadaCentral,3/8/2019,7.3,24.3,19.9,-1.8
CanadaCentral,3/9/2019,5.7,23.5,22.2,3.1
CanadaCentral,3/10/2019,-3.6,18.7,22.2,-1.9
CanadaCentral,3/11/2019,-7.7,24.5,25.4,0.4
CanadaCentral,3/12/2019,12.6,33,30.5,5.6
CanadaCentral,3/13/2019,12,34.2,33.2,14
CanadaCentral,3/14/2019,17.5,32.4,33.2,13
CanadaCentral,3/15/2019,9.5,33.2,33.1,9.2
CanadaCentral,3/16/2019,0.8,33.6,33.8,7.2
CanadaCentral,3/17/2019,11.5,34.6,34.3,8.5
CanadaCentral,3/18/2019,13.2,34.8,36.6,13.2
CanadaCentral,3/19/2019,14.9,40.6,39.3,17.9
CanadaCentral,3/20/2019,25.5,42.7,43.2,21.6
CanadaCentral,3/21/2019,24.3,46.2,43.6,21.6
CanadaCentral,3/22/2019,14.9,42,45.7,20.3
CanadaCentral,3/23/2019,21.8,48.9,40.3,17
CanadaCentral,3/24/2019,14.2,30,37.3,15.3
CanadaCentral,3/25/2019,9.8,33,35.5,16.7
CanadaCentral,3/26/2019,26.1,43.5,40.7,22.4
CanadaCentral,3/27/2019,31.4,45.6,42.3,27.9
CanadaCentral,3/28/2019,26.1,37.8,40.8,26.3
CanadaCentral,3/29/2019,21.3,39.1,38.3,21.8
CanadaCentral,3/30/2019,17.9,37.9,38,21.9
CanadaCentral,3/31/2019,26.5,36.9,39.7,23.3
CanadaCentral,4/1/2019,25.5,44.4,39.2,24.8
CanadaCentral,4/2/2019,22.4,36.5,40.4,22.1
CanadaCentral,4/3/2019,18.4,40.4,41.9,23.5
CanadaCentral,4/4/2019,29.6,48.9,42.3,26.4
CanadaCentral,4/5/2019,31.2,37.4,41.6,30
CanadaCentral,4/6/2019,29.2,38.6,44.9,31.7
CanadaCentral,4/7/2019,34.6,58.6,50.3,31.2
CanadaCentral,4/8/2019,29.8,53.7,48.7,28.5
CanadaCentral,4/9/2019,21.1,34,40.8,23.4
CanadaCentral,4/10/2019,19.4,34.9,36.2,20.9
CanadaCentral,4/11/2019,22.1,39.6,38.1,22.1
CanadaCentral,4/12/2019,24.7,39.9,44,22.2
CanadaCentral,4/13/2019,19.8,52.6,46.9,24.5
CanadaCentral,4/14/2019,28.9,48.3,52.6,26.5
CanadaCentral,4/15/2019,30.9,56.9,54.6,29.4
CanadaCentral,4/16/2019,28.5,58.8,56.4,31.4
CanadaCentral,4/17/2019,34.9,53.6,57.2,32.1
CanadaCentral,4/18/2019,33.1,59.3,62.3,33.7
CanadaCentral,4/19/2019,33.3,73.9,65.6,36.3
CanadaCentral,4/20/2019,42.6,63.5,67.2,37.7
CanadaCentral,4/21/2019,37,64,63.2,36.4
CanadaCentral,4/22/2019,29.5,61.9,64.8,33.9
CanadaCentral,4/23/2019,35.2,68.6,65.9,34.5
CanadaCentral,4/24/2019,38.7,67.1,63.7,33.7
CanadaCentral,4/25/2019,27.3,55.5,59.4,29.5
CanadaCentral,4/26/2019,22.4,55.7,54.9,26.5
CanadaCentral,4/27/2019,29.8,53.4,49.9,27.6
CanadaCentral,4/28/2019,30.6,40.6,45.4,28.6
CanadaCentral,4/29/2019,25.3,42.4,43,25.9
CanadaCentral,4/30/2019,21.6,46.2,46.1,23.6
CanadaCentral,5/1/2019,23.9,49.7,51.7,23.6
CanadaCentral,5/2/2019,25.4,59.1,56.7,28.3
CanadaCentral,5/3/2019,35.7,61.1,57.3,30.8
CanadaCentral,5/4/2019,31.3,51.6,52.7,29.6
CanadaCentral,5/5/2019,21.7,45.4,48,24.9
CanadaCentral,5/6/2019,21.8,46.9,50.7,21.8
CanadaCentral,5/7/2019,22,59.8,53.5,23.8
CanadaCentral,5/8/2019,27.6,53.8,55.3,24.4
CanadaCentral,5/9/2019,23.7,52.2,56.8,24.9
CanadaCentral,5/10/2019,23.3,64.4,60.2,28.9
CanadaCentral,5/11/2019,39.6,63.9,64.7,31.6
CanadaCentral,5/12/2019,31.9,65.9,69,38
CanadaCentral,5/13/2019,42.7,77.2,70.4,38.2
CanadaCentral,5/14/2019,40.1,68.2,72.2,40.6
CanadaCentral,5/15/2019,39,71.2,65.2,37.2
CanadaCentral,5/16/2019,32.5,56.2,62.1,33.2
CanadaCentral,5/17/2019,28.2,58.9,55.8,32
CanadaCentral,5/18/2019,35.3,52.2,56.5,32
CanadaCentral,5/19/2019,32.4,58.4,59.4,33.5
CanadaCentral,5/20/2019,32.7,67.6,65.7,33
CanadaCentral,5/21/2019,33.9,71.2,67.1,36.4
CanadaCentral,5/22/2019,42.7,62.4,68.1,38.6
CanadaCentral,5/23/2019,39.4,70.6,62.2,40.1
CanadaCentral,5/24/2019,38.3,53.5,64.5,38.9
CanadaCentral,5/25/2019,39.2,69.4,57.8,37.1
CanadaCentral,5/26/2019,33.9,50.6,61.7,33.7
CanadaCentral,5/27/2019,28,65.1,64.8,31.8
CanadaCentral,5/28/2019,33.5,78.6,76.1,35.6
CanadaCentral,5/29/2019,45.3,84.4,83.5,42.7
CanadaCentral,5/30/2019,49.2,87.3,79.1,44.9
CanadaCentral,5/31/2019,40,65.6,74.1,41.6
CanadaCentral,6/1/2019,35.4,69.5,69.5,38.4
CanadaCentral,6/2/2019,39.7,73.4,78.1,42.2
CanadaCentral,6/3/2019,51.6,91.3,81.6,47.7
CanadaCentral,6/4/2019,51.7,80.2,84.9,49
CanadaCentral,6/5/2019,43.6,83,82,47.1
CanadaCentral,6/6/2019,46,82.8,85,50.3
CanadaCentral,6/7/2019,61.3,89.1,79.5,50.6
CanadaCentral,6/8/2019,44.5,66.5,74.7,48.9
CanadaCentral,6/9/2019,40.9,68.6,68.7,41.5
CanadaCentral,6/10/2019,39,70.9,68.7,41.2
CanadaCentral,6/11/2019,43.7,66.6,69.4,40.3
CanadaCentral,6/12/2019,38.2,70.7,72.7,42.8
CanadaCentral,6/13/2019,46.4,80.8,77.2,45.8
CanadaCentral,6/14/2019,52.9,80,73,49.3
CanadaCentral,6/15/2019,48.8,58.3,64.9,50.1
CanadaCentral,6/16/2019,48.5,56.5,60.8,48.7
CanadaCentral,6/17/2019,48.7,67.5,65.1,47.1
CanadaCentral,6/18/2019,43.9,71.2,71.3,46.6
CanadaCentral,6/19/2019,47,75.2,71.4,46.8
CanadaCentral,6/20/2019,49.5,67.7,69.8,48.8
CanadaCentral,6/21/2019,49.9,66.3,67.7,49.6
CanadaCentral,6/22/2019,49.5,68.9,69.1,50.6
CanadaCentral,6/23/2019,52.3,71.9,71.8,50.3
CanadaCentral,6/24/2019,49.1,74.5,73.6,51.2
CanadaCentral,6/25/2019,52.3,74.3,75.9,49.9
CanadaCentral,6/26/2019,48.2,78.9,78.1,51.9
CanadaCentral,6/27/2019,55.3,81,80.6,53.6
CanadaCentral,6/28/2019,57.4,81.9,80.7,57.2
CanadaCentral,6/29/2019,58.9,79.1,79.9,57.5
CanadaCentral,6/30/2019,56.3,78.5,79,55.3
CanadaCentral,7/1/2019,50.6,79.4,75.5,53.5
CanadaCentral,7/2/2019,53.7,68.5,71.4,52.1
CanadaCentral,7/3/2019,52,66.3,69.4,51.7
CanadaCentral,7/4/2019,49.4,73.3,71.1,50.5
CanadaCentral,7/5/2019,49.9,73.7,74,48.8
CanadaCentral,7/6/2019,47.1,74.9,76.6,50
CanadaCentral,7/7/2019,53,81.1,79.6,53.7
CanadaCentral,7/8/2019,61.1,82.7,77.5,57.8
CanadaCentral,7/9/2019,59.2,68.6,75.7,58.7
CanadaCentral,7/10/2019,55.8,75.8,75.6,56.8
CanadaCentral,7/11/2019,55.4,82.4,77.9,55.7
CanadaCentral,7/12/2019,55.8,75.6,80.4,54.8
CanadaCentral,7/13/2019,53.2,83.1,81.1,57.1
CanadaCentral,7/14/2019,62.4,84.5,81.9,58.5
CanadaCentral,7/15/2019,59.9,78,79.9,59
CanadaCentral,7/16/2019,54.6,77.2,77.5,58
CanadaCentral,7/17/2019,59.4,77.4,77.9,56.6
CanadaCentral,7/18/2019,55.8,79,76.4,55.4
CanadaCentral,7/19/2019,51.1,72.7,74.7,52.6
CanadaCentral,7/20/2019,51,72.5,72.8,50.9
CanadaCentral,7/21/2019,50.8,73.3,74.5,50.1
CanadaCentral,7/22/2019,48.5,77.7,77.1,50
CanadaCentral,7/23/2019,50.7,80.4,80.5,51.5
CanadaCentral,7/24/2019,55.4,83.3,80.7,54.1
CanadaCentral,7/25/2019,56.1,78.5,78.5,55.8
CanadaCentral,7/26/2019,55.9,73.8,78.8,54.3
CanadaCentral,7/27/2019,51,84.2,78.1,55.1
CanadaCentral,7/28/2019,58.5,76.2,76.7,51.4
CanadaCentral,7/29/2019,44.8,69.6,74.4,48.2
CanadaCentral,7/30/2019,41.3,77.4,77.6,46.2
CanadaCentral,7/31/2019,52.6,85.7,82.4,50.5
CanadaCentral,8/1/2019,57.5,84,85.4,56.4
CanadaCentral,8/2/2019,59,86.5,85.6,58.4
CanadaCentral,8/3/2019,58.5,86.4,84.8,59.2
CanadaCentral,8/4/2019,60.1,81.4,82.5,56.8
CanadaCentral,8/5/2019,51.7,79.6,81.5,54.8
CanadaCentral,8/6/2019,52.6,83.6,77.5,50
CanadaCentral,8/7/2019,45.6,69.3,75.7,45.5
CanadaCentral,8/8/2019,38.1,74.1,75,42.1
CanadaCentral,8/9/2019,42.5,81.7,75.7,43.9
CanadaCentral,8/10/2019,51.1,71.4,75.5,47.5
CanadaCentral,8/11/2019,48.9,73.4,68.4,50
CanadaCentral,8/12/2019,50.1,60.4,68.1,49.4
CanadaCentral,8/13/2019,49.3,70.6,68.3,48.4
CanadaCentral,8/14/2019,45.8,73.8,73.4,48.1
CanadaCentral,8/15/2019,49.2,75.9,77.2,47.6
CanadaCentral,8/16/2019,47.8,81.8,74,46.8
CanadaCentral,8/17/2019,43.4,64.4,73.5,43.5
CanadaCentral,8/18/2019,39.4,74.2,72.8,42.2
CanadaCentral,8/19/2019,43.8,79.7,75,42.5
CanadaCentral,8/20/2019,44.4,70.9,74.2,43
CanadaCentral,8/21/2019,40.7,72.1,73,43.2
CanadaCentral,8/22/2019,44.4,76,74.6,45.5
CanadaCentral,8/23/2019,51.5,75.6,77.4,52.8
CanadaCentral,8/24/2019,62.6,80.5,76.1,57.4
CanadaCentral,8/25/2019,58.1,72.2,74.5,57.7
CanadaCentral,8/26/2019,52.4,70.8,67.7,53.7
CanadaCentral,8/27/2019,50.5,60,67.7,48.8
CanadaCentral,8/28/2019,43.6,72.2,66.4,45.8
CanadaCentral,8/29/2019,43.2,67,68.8,40.6
CanadaCentral,8/30/2019,35.1,67.2,69.5,42.7
CanadaCentral,8/31/2019,49.9,74.2,70.2,45.4
CanadaCentral,9/1/2019,51.3,69.3,68.7,49.8
CanadaCentral,9/2/2019,48.3,62.6,65.9,48.3
CanadaCentral,9/3/2019,45.4,65.9,68.1,46.2
CanadaCentral,9/4/2019,44.8,75.9,72.6,45.8
CanadaCentral,9/5/2019,47.2,76.1,74.5,45
CanadaCentral,9/6/2019,42.9,71.6,68.4,43.7
CanadaCentral,9/7/2019,41.1,57.4,64.9,39.1
CanadaCentral,9/8/2019,33.4,65.6,59.6,39
CanadaCentral,9/9/2019,42.6,55.7,59.1,42.2
CanadaCentral,9/10/2019,50.7,56,56,47.1
CanadaCentral,9/11/2019,48.1,56.3,54,48.4
CanadaCentral,9/12/2019,46.4,49.8,57,45.6
CanadaCentral,9/13/2019,42.2,64.9,62.6,43.7
CanadaCentral,9/14/2019,42.5,73,74,43.4
CanadaCentral,9/15/2019,45.5,84.1,81,47.5
CanadaCentral,9/16/2019,54.5,85.8,84.4,53.3
CanadaCentral,9/17/2019,59.7,83.2,80.7,56.3
CanadaCentral,9/18/2019,54.7,73.2,76.8,53.6
CanadaCentral,9/19/2019,46.3,74,72.2,52.6
CanadaCentral,9/20/2019,56.9,69.4,68,50.8
CanadaCentral,9/21/2019,49.2,60.6,66,49.4
CanadaCentral,9/22/2019,42,67.9,68.7,45.1
CanadaCentral,9/23/2019,44.2,77.7,70.8,44.2
CanadaCentral,9/24/2019,46.5,66.9,67.6,42.8
CanadaCentral,9/25/2019,37.5,58.1,58.5,40.3
CanadaCentral,9/26/2019,36.8,50.4,52.4,35.8
CanadaCentral,9/27/2019,32.9,48.6,49.1,33.3
CanadaCentral,9/28/2019,30.3,48.2,45.6,32.7
CanadaCentral,9/29/2019,34.8,40.1,42.6,33.2
CanadaCentral,9/30/2019,34.5,39.5,40.1,34
CanadaCentral,10/1/2019,32.7,40.9,40.2,33.8
CanadaCentral,10/2/2019,34.1,40.1,42.3,33.1
CanadaCentral,10/3/2019,32.4,45.9,44.2,34.5
CanadaCentral,10/4/2019,36.9,46.5,47.8,36.5
CanadaCentral,10/5/2019,40.1,50.9,52,37.9
CanadaCentral,10/6/2019,36.6,58.6,58.4,36.5
CanadaCentral,10/7/2019,32.7,65.6,63.6,36.3
CanadaCentral,10/8/2019,39.7,66.8,57.6,33.7
CanadaCentral,10/9/2019,28.6,40.6,46.6,31.8
CanadaCentral,10/10/2019,27.1,32.3,35.3,27
CanadaCentral,10/11/2019,25.2,33.1,32.7,27.1
CanadaCentral,10/12/2019,29,32.7,34.8,27.7
CanadaCentral,10/13/2019,28.7,38.7,37.8,29.1
CanadaCentral,10/14/2019,29.5,42.1,39.8,30.1
CanadaCentral,10/15/2019,31.9,38.5,41.7,30.1
CanadaCentral,10/16/2019,28.7,44.5,44.2,30
CanadaCentral,10/17/2019,29.5,49.6,48.9,30.8
CanadaCentral,10/18/2019,34.3,52.7,52.3,31.6
CanadaCentral,10/19/2019,31,54.4,53,30.7
CanadaCentral,10/20/2019,26.9,51.7,51.2,28.4
CanadaCentral,10/21/2019,27.3,47.6,46.9,26.1
CanadaCentral,10/22/2019,24.2,41.3,42.9,23.9
CanadaCentral,10/23/2019,20.2,39.7,40.3,20.8
CanadaCentral,10/24/2019,17.9,39.8,46.4,22.6
CanadaCentral,10/25/2019,29.6,59.7,49.2,26
CanadaCentral,10/26/2019,30.4,48.1,46.1,26.8
CanadaCentral,10/27/2019,20.4,30.4,35.8,21.7
CanadaCentral,10/28/2019,14.2,28.9,26.9,16
CanadaCentral,10/29/2019,13.5,21.2,25.1,12.4
CanadaCentral,10/30/2019,9.6,25.2,27.1,12.4
CanadaCentral,10/31/2019,14.2,34.9,31.7,16.8
CanadaCentral,11/1/2019,26.5,35.1,35.7,20.8
CanadaCentral,11/2/2019,21.9,37.2,36,24.3
CanadaCentral,11/3/2019,24.6,35.6,33.7,17
CanadaCentral,11/4/2019,4.6,28.4,28.9,9.8
CanadaCentral,11/5/2019,0.3,22.7,22.2,1.6
CanadaCentral,11/6/2019,0,15.5,19.5,-1.5
CanadaCentral,11/7/2019,-4.8,20.4,23.8,2.1
CanadaCentral,11/8/2019,11.1,35.4,28.9,6.1
CanadaCentral,11/9/2019,11.9,30.8,26.1,7.4
CanadaCentral,11/10/2019,-0.7,12.1,17,1.7
CanadaCentral,11/11/2019,-6.1,8.2,14.8,-1.8
CanadaCentral,11/12/2019,1.5,24,19,-0.8
CanadaCentral,11/13/2019,2.1,24.8,27.7,3.3
CanadaCentral,11/14/2019,6.4,34.2,30.2,8.2
CanadaCentral,11/15/2019,16.1,31.8,35.4,17
CanadaCentral,11/16/2019,28.4,40.2,35.5,23.8
CanadaCentral,11/17/2019,27,34.4,40,27.7
CanadaCentral,11/18/2019,27.8,45.3,39.3,28.1
CanadaCentral,11/19/2019,29.6,38.1,38.1,23.2
CanadaCentral,11/20/2019,12.3,30.7,30.8,13.5
CanadaCentral,11/21/2019,-1.5,23.5,28.5,8.3
CanadaCentral,11/22/2019,14.1,31.2,31.5,11.9
CanadaCentral,11/23/2019,23,39.8,35.7,20.6
CanadaCentral,11/24/2019,24.7,36,36.2,24.4
CanadaCentral,11/25/2019,25.4,32.7,31.6,23.1
CanadaCentral,11/26/2019,19.3,26.2,27.8,18.5
CanadaCentral,11/27/2019,10.7,24.5,23.3,14.2
CanadaCentral,11/28/2019,12.5,19.1,23.1,13.9
CanadaCentral,11/29/2019,18.3,25.6,23.4,16.7
CanadaCentral,11/30/2019,19.3,25.6,24.6,17.2
CanadaCentral,12/1/2019,14,22.6,25.9,15.8
CanadaCentral,12/2/2019,14,29.6,29.1,15
CanadaCentral,12/3/2019,17.1,35,32.4,16.4
CanadaCentral,12/4/2019,18,32.7,32,12.8
CanadaCentral,12/5/2019,3.3,28.4,28.8,8
CanadaCentral,12/6/2019,2.7,25.2,28.6,7.5
CanadaCentral,12/7/2019,16.6,32.3,25.2,3.9
CanadaCentral,12/8/2019,-7.5,18,19.7,-2.1
CanadaCentral,12/9/2019,-15.4,8.9,8.7,-13.5
CanadaCentral,12/10/2019,-17.5,-0.9,3.2,-15.7
CanadaCentral,12/11/2019,-14.3,1.5,2.8,-12.4
CanadaCentral,12/12/2019,-5.5,7.8,6.2,-9.5
CanadaCentral,12/13/2019,-8.7,9.4,5.8,-11
CanadaCentral,12/14/2019,-18.9,0.2,8.9,-13
CanadaCentral,12/15/2019,-11.3,16.9,13.9,-12.8
CanadaCentral,12/16/2019,-8.1,24.5,19.1,-8.9
CanadaCentral,12/17/2019,-7.3,15.9,22.9,-3.8
CanadaCentral,12/18/2019,3.9,28.3,21,0.3
CanadaCentral,12/19/2019,4.4,18.8,23.9,2.8
CanadaCentral,12/20/2019,0,24.4,25.8,7
CanadaCentral,12/21/2019,16.6,34.1,32.8,10.6
CanadaCentral,12/22/2019,15.3,40,32,13.8
CanadaCentral,12/23/2019,9.6,21.9,28.4,13.4
CanadaCentral,12/24/2019,15.4,23.3,21,12.9
CanadaCentral,12/25/2019,13.6,17.7,22,12.8
CanadaCentral,12/26/2019,9.5,25,22,9.9
CanadaCentral,12/27/2019,6.5,23.5,22.4,6.1
CanadaCentral,12/28/2019,2.1,18.7,18.4,5.3
CanadaCentral,12/29/2019,7.1,13,17.4,5.1
CanadaCentral,12/30/2019,6.2,20.4,18.5,5.5
CanadaCentral,12/31/2019,3.2,22.1,25.3,9.4
CanadaCentral,1/1/2020,18.8,33.5,27.5,14.7
CanadaCentral,1/2/2020,22.1,27,29,17.1
CanadaCentral,1/3/2020,10.6,26.4,29,16.5
CanadaCentral,1/4/2020,16.7,33.6,31.7,13.5
CanadaCentral,1/5/2020,13.2,35.1,33,12.3
CanadaCentral,1/6/2020,7.1,30.5,26.1,2.3
CanadaCentral,1/7/2020,-13.4,12.9,16.7,-7
CanadaCentral,1/8/2020,-14.7,6.9,10.4,-11.5
CanadaCentral,1/9/2020,-6.5,11.4,4.9,-13.4
CanadaCentral,1/10/2020,-19,-3.6,4,-13.9
CanadaCentral,1/11/2020,-16.3,4.1,4.3,-11.6
CanadaCentral,1/12/2020,0.6,12.3,8.6,-6
CanadaCentral,1/13/2020,-2.2,9.3,7,-6.1
CanadaCentral,1/14/2020,-16.5,-0.8,-1.2,-14.1
CanadaCentral,1/15/2020,-23.6,-12.2,-7.6,-22.8
CanadaCentral,1/16/2020,-28.4,-9.7,-4.1,-21.3
CanadaCentral,1/17/2020,-12,9.5,0.5,-15.9
CanadaCentral,1/18/2020,-7.4,1.7,3.4,-11.7
CanadaCentral,1/19/2020,-15.8,-1,5.8,-13.2
CanadaCentral,1/20/2020,-16.2,16.7,15,-6.8
CanadaCentral,1/21/2020,11.5,29.2,23.7,1
CanadaCentral,1/22/2020,7.8,25,25.6,11.5
CanadaCentral,1/23/2020,15.3,22.5,22.6,12.2
CanadaCentral,1/24/2020,13.7,20.2,23.4,14
CanadaCentral,1/25/2020,13,27.5,24.4,13.8
CanadaCentral,1/26/2020,14.8,25.4,23.6,11.3
CanadaCentral,1/27/2020,6.1,17.9,20.5,9.8
CanadaCentral,1/28/2020,8.4,18.3,19.2,9.9
CanadaCentral,1/29/2020,15.1,21.3,21.4,13
CanadaCentral,1/30/2020,15.6,24.7,25.6,13.7
CanadaCentral,1/31/2020,10.5,30.8,33.1,11.7
CanadaCentral,2/1/2020,9.1,43.7,37.2,11.9
CanadaCentral,2/2/2020,16.1,37.2,32.5,8
CanadaCentral,2/3/2020,-1.2,16.7,23.4,3.5
CanadaCentral,2/4/2020,-4.5,16.4,18.9,1
CanadaCentral,2/5/2020,8.5,23.7,17.4,-1.2
CanadaCentral,2/6/2020,-7.6,12.1,17.2,-4.9
CanadaCentral,2/7/2020,-15.8,15.8,17,-4.2
CanadaCentral,2/8/2020,10.6,23,20.9,0.5
CanadaCentral,2/9/2020,6.7,24,23.2,9.7
CanadaCentral,2/10/2020,11.9,22.5,24.7,8.2
CanadaCentral,2/11/2020,6.2,27.7,19.7,-0.9
CanadaCentral,2/12/2020,-20.8,8.9,13.6,-12.4
CanadaCentral,2/13/2020,-22.6,4.1,13.2,-14.9
CanadaCentral,2/14/2020,-1.4,26.7,17.5,-9.8
CanadaCentral,2/15/2020,-5.4,21.8,22.3,-5.3
CanadaCentral,2/16/2020,-9.2,18.3,19.2,-4.5
CanadaCentral,2/17/2020,1.1,17.6,12.9,-6.4
CanadaCentral,2/18/2020,-11.1,2.7,8.1,-10.1
CanadaCentral,2/19/2020,-20.2,3.9,11.1,-12.1
CanadaCentral,2/20/2020,-4.9,26.9,22.2,-4.2
CanadaCentral,2/21/2020,12.4,35.8,33.7,5.4
CanadaCentral,2/22/2020,8.8,38.5,35.7,11.6
CanadaCentral,2/23/2020,13.7,32.8,33.8,8.9
CanadaCentral,2/24/2020,4.1,30.2,27.9,8.5
CanadaCentral,2/25/2020,7.8,20.7,22.5,4.6
CanadaCentral,2/26/2020,2,16.5,20.4,6
CanadaCentral,2/27/2020,8.2,23.8,24.6,6.8
CanadaCentral,2/28/2020,10.1,33.4,31.5,11.6
CanadaCentral,2/29/2020,16.4,37.3,36.1,13.4
CanadaCentral,3/1/2020,13.7,37.7,37.1,11.9
CanadaCentral,3/2/2020,5.6,36.4,34.9,10.7
CanadaCentral,3/3/2020,12.8,30.7,34.4,10.8
CanadaCentral,3/4/2020,14,36,33.2,17.3
CanadaCentral,3/5/2020,25.2,33,36.5,21.1
CanadaCentral,3/6/2020,24.1,40.4,37.1,24.1
CanadaCentral,3/7/2020,23,38.1,34.2,17.7
CanadaCentral,3/8/2020,6.1,24.1,28.8,9.5
CanadaCentral,3/9/2020,-0.5,24.4,29.2,4.5
CanadaCentral,3/10/2020,7.9,39.2,36.3,11.5
CanadaCentral,3/11/2020,27.2,45.3,39.4,17.6
CanadaCentral,3/12/2020,17.8,33.6,32.1,17.1
CanadaCentral,3/13/2020,6.4,17.5,23,9.1
CanadaCentral,3/14/2020,3,18,19.8,6.6
CanadaCentral,3/15/2020,10.5,23.8,21.8,7
CanadaCentral,3/16/2020,7.6,23.5,25.6,7.8
CanadaCentral,3/17/2020,5.3,29.5,24.5,7.9
CanadaCentral,3/18/2020,10.9,20.3,22.5,6.2
CanadaCentral,3/19/2020,2.4,17.7,20.1,2.1
CanadaCentral,3/20/2020,-7,22.2,22.1,0.3
CanadaCentral,3/21/2020,5.5,26.4,29,4.9
CanadaCentral,3/22/2020,16.4,38.5,36.2,13.2
CanadaCentral,3/23/2020,17.8,43.6,43.8,19.6
CanadaCentral,3/24/2020,24.6,49.4,41.4,20
CanadaCentral,3/25/2020,17.7,31.4,41.2,21.5
CanadaCentral,3/26/2020,22.1,42.9,40.6,21.9
CanadaCentral,3/27/2020,25.8,47.5,47.7,23.7
CanadaCentral,3/28/2020,23.1,52.8,50,24.7
CanadaCentral,3/29/2020,25.2,49.6,53.4,26
CanadaCentral,3/30/2020,29.6,57.9,54,28.1
CanadaCentral,3/31/2020,29.5,54.5,48.2,24.2
CanadaCentral,4/1/2020,13.4,32.2,34.6,16.6
CanadaCentral,4/2/2020,7,17.1,22.4,6.8
CanadaCentral,4/3/2020,0.1,17.8,20.9,3.2
CanadaCentral,4/4/2020,2.5,27.9,28.1,7.3
CanadaCentral,4/5/2020,19.3,38.8,38.5,17
CanadaCentral,4/6/2020,29.1,48.7,45.4,25
CanadaCentral,4/7/2020,26.4,48.6,45,26.6
CanadaCentral,4/8/2020,24.2,37.7,41.3,22.9
CanadaCentral,4/9/2020,18.2,37.6,43,22.8
CanadaCentral,4/10/2020,25.9,53.8,42.2,22.2
CanadaCentral,4/11/2020,22.3,35.2,39.5,21.4
CanadaCentral,4/12/2020,15.9,29.4,29.1,16.1
CanadaCentral,4/13/2020,10.2,22.6,27.1,10.9
CanadaCentral,4/14/2020,6.8,29.2,29.6,9.6
CanadaCentral,4/15/2020,11.8,36.9,34.8,10.9
CanadaCentral,4/16/2020,14.2,38.4,43.2,14.9
CanadaCentral,4/17/2020,18.8,54.3,47,19.1
CanadaCentral,4/18/2020,24.3,48.2,52.4,19.6
CanadaCentral,4/19/2020,15.6,54.7,49.1,20.4
CanadaCentral,4/20/2020,21.4,44.4,51.4,19.7
CanadaCentral,4/21/2020,22.1,55,54.1,23.5
CanadaCentral,4/22/2020,27,62.9,60.3,27.3
CanadaCentral,4/23/2020,32.9,62.9,62.9,30.1
CanadaCentral,4/24/2020,30.6,62.8,60.1,31.7
CanadaCentral,4/25/2020,31.7,54.5,60.4,31.6
CanadaCentral,4/26/2020,32.5,63.9,61.4,32.1
CanadaCentral,4/27/2020,32,65.7,61.3,33.3
CanadaCentral,4/28/2020,35.4,54.4,61.9,32.4
CanadaCentral,4/29/2020,29.8,65.7,64.2,34.8
CanadaCentral,4/30/2020,39,72.6,66.1,37.3
CanadaCentral,5/1/2020,43.1,60.1,64,38
CanadaCentral,5/2/2020,32,59.4,57.6,34.6
CanadaCentral,5/3/2020,28.8,53.2,53.8,30.6
CanadaCentral,5/4/2020,31.1,48.7,53.4,31.3
CanadaCentral,5/5/2020,34.1,58.4,56.2,32.6
CanadaCentral,5/6/2020,32.6,61.5,56.7,31.2
CanadaCentral,5/7/2020,27,50.3,56.5,27.8
CanadaCentral,5/8/2020,23.8,57.8,51,26.7
CanadaCentral,5/9/2020,29.4,44.9,49.8,25.8
CanadaCentral,5/10/2020,24.2,46.8,45.9,24.3
CanadaCentral,5/11/2020,19.2,46,48.7,20.4
CanadaCentral,5/12/2020,17.7,53.1,49,24.2
CanadaCentral,5/13/2020,35.7,47.9,52.2,29.5
CanadaCentral,5/14/2020,35,55.5,56.3,34.6
CanadaCentral,5/15/2020,33.2,65.4,64.3,34.8
CanadaCentral,5/16/2020,36.4,72,70.7,36.1
CanadaCentral,5/17/2020,38.6,74.7,73.8,42.2
CanadaCentral,5/18/2020,51.6,74.6,75.8,47.1
CanadaCentral,5/19/2020,51.2,78.1,77.2,51.5
CanadaCentral,5/20/2020,51.6,78.9,77.6,51.8
CanadaCentral,5/21/2020,52.7,75.7,78.2,51.1
CanadaCentral,5/22/2020,49.1,80.1,77.4,51.1
CanadaCentral,5/23/2020,51.5,76.5,72.6,49.5
CanadaCentral,5/24/2020,48,61.3,68.9,48.5
CanadaCentral,5/25/2020,46.1,68.7,67.7,47.6
CanadaCentral,5/26/2020,48.7,73,71.1,48.1
CanadaCentral,5/27/2020,49.3,71.6,67,47.2
CanadaCentral,5/28/2020,43.5,56.5,62.6,42.7
CanadaCentral,5/29/2020,35.4,59.9,61.8,37.3
CanadaCentral,5/30/2020,33.2,69,69.4,37.1
CanadaCentral,5/31/2020,42.8,79.2,77.3,44
CanadaCentral,6/1/2020,56,83.7,81.2,49.2
CanadaCentral,6/2/2020,48.6,80.6,81.7,49.3
CanadaCentral,6/3/2020,43.2,80.8,78.8,45.2
CanadaCentral,6/4/2020,43.6,74.9,76.3,42.5
CanadaCentral,6/5/2020,40.6,73,68.9,43.1
CanadaCentral,6/6/2020,45,58.8,71.8,46.1
CanadaCentral,6/7/2020,52.6,83.7,71.4,51.5
CanadaCentral,6/8/2020,56.9,71.8,74,52.4
CanadaCentral,6/9/2020,47.7,66.6,70,49.6
CanadaCentral,6/10/2020,44.1,71.5,71.1,45.4
CanadaCentral,6/11/2020,44.4,75.1,71.8,43.3
CanadaCentral,6/12/2020,41.5,68.7,74,44.2
CanadaCentral,6/13/2020,46.7,78.3,75.9,48.9
CanadaCentral,6/14/2020,58.5,80.7,79.5,52.4
CanadaCentral,6/15/2020,51.9,79.5,82.6,52.6
CanadaCentral,6/16/2020,47.5,87.6,81.8,52
CanadaCentral,6/17/2020,56.7,78.3,76.3,50.7
CanadaCentral,6/18/2020,47.9,63,70,49.1
CanadaCentral,6/19/2020,42.6,68.7,66.9,45.6
CanadaCentral,6/20/2020,46.1,69,67.2,44.7
CanadaCentral,6/21/2020,45.2,64,67,46.1
CanadaCentral,6/22/2020,47,68.1,70,45.5
CanadaCentral,6/23/2020,44.2,77.9,76.6,47
CanadaCentral,6/24/2020,49.9,83.6,79.5,50.8
CanadaCentral,6/25/2020,58.4,76.9,81.1,53.7
CanadaCentral,6/26/2020,52.8,82.9,83.2,56.3
CanadaCentral,6/27/2020,57.6,89.7,85,57.6
CanadaCentral,6/28/2020,62.4,82.4,85,61.6
CanadaCentral,6/29/2020,64.8,82.9,82.1,63.4
CanadaCentral,6/30/2020,62.9,81,80.6,62.8
CanadaCentral,7/1/2020,60.7,77.8,80.7,60.7
CanadaCentral,7/2/2020,58.5,83.3,82.7,58.4
CanadaCentral,7/3/2020,56.1,87,85,59.1
CanadaCentral,7/4/2020,62.7,84.7,84,60
CanadaCentral,7/5/2020,61.3,80.3,81,59.8
CanadaCentral,7/6/2020,55.3,78,80,56.5
CanadaCentral,7/7/2020,52.8,81.6,78.8,54.8
CanadaCentral,7/8/2020,56.4,76.6,77,54.8
CanadaCentral,7/9/2020,55.3,72.8,75.6,54
CanadaCentral,7/10/2020,50.3,77.4,75.8,53.9
CanadaCentral,7/11/2020,56.1,77.3,78.4,53.1
CanadaCentral,7/12/2020,53,80.5,77.6,54.2
CanadaCentral,7/13/2020,53.4,74.9,76.3,51.9
CanadaCentral,7/14/2020,49.3,73.5,75.2,51.1
CanadaCentral,7/15/2020,50.7,77.3,76,51.4
CanadaCentral,7/16/2020,54.2,77.2,79.4,52.9
CanadaCentral,7/17/2020,54,83.6,77,54.7
CanadaCentral,7/18/2020,56.1,70.1,75.3,54.6
CanadaCentral,7/19/2020,53.7,72.4,71.1,53.6
CanadaCentral,7/20/2020,50.8,70.7,72.2,51.8
CanadaCentral,7/21/2020,50.7,73.6,73.8,50.9
CanadaCentral,7/22/2020,51.2,77,77.8,54
CanadaCentral,7/23/2020,60,82.7,82.2,59.5
CanadaCentral,7/24/2020,67.2,86.8,84.2,61.6
CanadaCentral,7/25/2020,57.5,83.2,82.1,57.9
CanadaCentral,7/26/2020,49.1,76.3,79.6,52.5
CanadaCentral,7/27/2020,51.1,79.3,79.1,50.1
CanadaCentral,7/28/2020,50,81.6,81.2,50.9
CanadaCentral,7/29/2020,51.8,82.7,83.6,52.6
CanadaCentral,7/30/2020,56.1,86.4,82.7,54.6
CanadaCentral,7/31/2020,55.8,79,80.6,54.2
CanadaCentral,8/1/2020,50.6,76.4,77,51.7
CanadaCentral,8/2/2020,48.8,75.6,76,48.7
CanadaCentral,8/3/2020,46.8,75.9,75.6,48.3
CanadaCentral,8/4/2020,49.3,75.2,76.7,48.8
CanadaCentral,8/5/2020,50.3,79.1,78.8,50.2
CanadaCentral,8/6/2020,51,82.3,81.2,52.9
CanadaCentral,8/7/2020,57.4,82.4,81.3,52.5
CanadaCentral,8/8/2020,49,79.3,78.2,52.1
CanadaCentral,8/9/2020,49.8,72.8,76.8,48.5
CanadaCentral,8/10/2020,46.8,78.2,76.8,46.9
CanadaCentral,8/11/2020,44.1,79.2,80.5,48.3
CanadaCentral,8/12/2020,54,84,79.3,51.7
CanadaCentral,8/13/2020,57.1,74.7,76.1,53.2
CanadaCentral,8/14/2020,48.5,69.5,73.4,51
CanadaCentral,8/15/2020,47.3,76,73.9,48.3
CanadaCentral,8/16/2020,48.9,76.2,78.3,47.9
CanadaCentral,8/17/2020,47.4,82.8,82.6,50.8
CanadaCentral,8/18/2020,56.1,88.9,88.2,53.2
CanadaCentral,8/19/2020,56.1,92.7,89.4,56.7
CanadaCentral,8/20/2020,58.1,86.5,86.5,57.8
CanadaCentral,8/21/2020,59.2,80.4,82.5,57.8
CanadaCentral,8/22/2020,56.1,80.6,79,55
CanadaCentral,8/23/2020,49.7,76,80.1,50.8
CanadaCentral,8/24/2020,46.5,83.6,80.2,50
CanadaCentral,8/25/2020,54,81,80.5,50.3
CanadaCentral,8/26/2020,50.5,76.9,78.7,50.6
CanadaCentral,8/27/2020,47.3,78.3,76.4,49
CanadaCentral,8/28/2020,49.2,73.9,76.5,45.8
CanadaCentral,8/29/2020,40.7,77.3,72.3,45.4
CanadaCentral,8/30/2020,46.3,65.7,69.4,41.8
CanadaCentral,8/31/2020,38.5,65.3,68,40.5
CanadaCentral,9/1/2020,36.7,73.1,68,39.6
CanadaCentral,9/2/2020,43.7,65.6,68.1,40.5
CanadaCentral,9/3/2020,41.3,65.5,67.1,42.1
CanadaCentral,9/4/2020,41.4,70.1,72,41.7
CanadaCentral,9/5/2020,42.4,80.2,72.6,41.8
CanadaCentral,9/6/2020,41.5,67.4,66,39
CanadaCentral,9/7/2020,33.1,50.2,56.5,34.3
CanadaCentral,9/8/2020,28.3,51.8,55.3,30.8
CanadaCentral,9/9/2020,31,63.8,64.2,32.1
CanadaCentral,9/10/2020,36.9,76.9,70.8,35.8
CanadaCentral,9/11/2020,39.4,71.7,73,38.7
CanadaCentral,9/12/2020,40,70.3,66.9,38.5
CanadaCentral,9/13/2020,36,58.6,64.2,36.9
CanadaCentral,9/14/2020,34.8,63.8,61.6,37.2
CanadaCentral,9/15/2020,40.8,62.4,60.7,36.2
CanadaCentral,9/16/2020,33.1,56.1,58.8,35
CanadaCentral,9/17/2020,31,58,62.3,33
CanadaCentral,9/18/2020,34.7,72.7,69.6,35.5
CanadaCentral,9/19/2020,40.6,78,75.6,42.9
CanadaCentral,9/20/2020,53.4,76,76.2,45.5
CanadaCentral,9/21/2020,42.6,74.5,78,45.5
CanadaCentral,9/22/2020,40.6,83.5,73,41.5
CanadaCentral,9/23/2020,41.2,60.9,73.6,39.6
CanadaCentral,9/24/2020,37,76.6,70.6,40.4
CanadaCentral,9/25/2020,43.1,74.4,73.9,41.8
CanadaCentral,9/26/2020,45.3,70.8,68.3,45.5
CanadaCentral,9/27/2020,48,59.7,62.7,45.2
CanadaCentral,9/28/2020,42.4,57.7,61.1,43.8
CanadaCentral,9/29/2020,40.9,66.1,59.3,40.7
CanadaCentral,9/30/2020,38.7,54.2,55.8,36.1
CanadaCentral,10/1/2020,28.7,47.1,50.9,32.3
CanadaCentral,10/2/2020,29.4,51.2,50.8,29
CanadaCentral,10/3/2020,28.9,54,57.9,29.7
CanadaCentral,10/4/2020,30.8,68.3,63.1,35.1
CanadaCentral,10/5/2020,45.6,66.8,67.3,39
CanadaCentral,10/6/2020,40.4,66.6,63.9,39.6
CanadaCentral,10/7/2020,32.8,58.2,64,35.5
CanadaCentral,10/8/2020,33.4,67.3,61.4,32.6
CanadaCentral,10/9/2020,31.5,58.6,63.1,31.9
CanadaCentral,10/10/2020,30.7,63.4,62,34.5
CanadaCentral,10/11/2020,41.4,63.9,60.7,34.7
CanadaCentral,10/12/2020,31.8,54.8,57.3,36.2
CanadaCentral,10/13/2020,35.4,53.2,51,31.5
CanadaCentral,10/14/2020,27.5,45,46.2,28.1
CanadaCentral,10/15/2020,21.4,40.4,40.9,22.2
CanadaCentral,10/16/2020,17.6,37.2,36.6,18.3
CanadaCentral,10/17/2020,15.9,32.1,33.4,18.5
CanadaCentral,10/18/2020,22,30.9,32.1,16.6
CanadaCentral,10/19/2020,11.9,33.3,31.7,15.8
CanadaCentral,10/20/2020,13.6,30.7,31.2,13.7
CanadaCentral,10/21/2020,15.6,29.6,29.9,14.6
CanadaCentral,10/22/2020,14.4,29.3,27.8,13.1
CanadaCentral,10/23/2020,9.1,24.6,25.9,11.9
CanadaCentral,10/24/2020,12.1,23.8,24.3,11.7
CanadaCentral,10/25/2020,13.8,24.6,24.4,12
CanadaCentral,10/26/2020,10.2,24.7,30.7,12.8
CanadaCentral,10/27/2020,14.5,42.8,35.9,16.5
CanadaCentral,10/28/2020,24.9,40.3,39.3,20.6
CanadaCentral,10/29/2020,22.5,34.8,39.1,25.4
CanadaCentral,10/30/2020,28.8,42.2,40.8,23.6
CanadaCentral,10/31/2020,19.5,45.4,43.8,19.3
CanadaCentral,11/1/2020,9.5,43.7,51.5,18.5
CanadaCentral,11/2/2020,26.5,65.6,58.4,22.4
CanadaCentral,11/3/2020,31.4,65.8,65.7,28.7
CanadaCentral,11/4/2020,28.2,65.8,65.8,28
CanadaCentral,11/5/2020,24.5,65.6,58.6,26.5
CanadaCentral,11/6/2020,26.6,44.2,48.1,24.5
CanadaCentral,11/7/2020,22.5,34.3,42.2,24.5
CanadaCentral,11/8/2020,24.5,48.1,35.7,18.8
CanadaCentral,11/9/2020,9.4,24.6,33.1,11.5
CanadaCentral,11/10/2020,0.6,26.7,25.9,5.2
CanadaCentral,11/11/2020,5.6,26.4,23.1,0.5
CanadaCentral,11/12/2020,-4.7,16.1,25,1
CanadaCentral,11/13/2020,2.1,32.4,28.4,6
CanadaCentral,11/14/2020,20.5,36.7,31.5,11.6
CanadaCentral,11/15/2020,12.1,25.5,28.3,14.7
CanadaCentral,11/16/2020,11.6,22.8,24.4,12.2
CanadaCentral,11/17/2020,12.8,25,29.9,15.4
CanadaCentral,11/18/2020,22,42,33.3,18.5
CanadaCentral,11/19/2020,20.8,32.8,32.1,15.1
CanadaCentral,11/20/2020,2.6,21.6,28.3,9
CanadaCentral,11/21/2020,3.5,30.5,25,4.1
CanadaCentral,11/22/2020,6.3,22.9,27.1,7.6
CanadaCentral,11/23/2020,13,28,26.3,9.5
CanadaCentral,11/24/2020,9.3,28.1,31.7,12.4
CanadaCentral,11/25/2020,14.8,38.9,33.6,12.6
CanadaCentral,11/26/2020,13.7,33.7,36.7,12.6
CanadaCentral,11/27/2020,9.3,37.6,36.9,13.6
CanadaCentral,11/28/2020,17.7,39.3,35.4,11.9
CanadaCentral,11/29/2020,8.8,29.4,35.5,12.4
CanadaCentral,11/30/2020,10.5,37.9,34.9,12
CanadaCentral,12/1/2020,16.5,37.3,36.9,16.2
CanadaCentral,12/2/2020,21.6,35.4,37.6,19.5
CanadaCentral,12/3/2020,20.4,39.9,37.5,19.7
CanadaCentral,12/4/2020,17,37.2,39.3,19.8
CanadaCentral,12/5/2020,21.9,40.8,40.2,19.3
CanadaCentral,12/6/2020,19,42.7,41.4,19.4
CanadaCentral,12/7/2020,17.3,40.8,42.6,20.5
CanadaCentral,12/8/2020,25.1,44.1,41.1,22.1
CanadaCentral,12/9/2020,23.8,38.3,38.3,22.9
CanadaCentral,12/10/2020,19.8,32.4,31.8,20.1
CanadaCentral,12/11/2020,16.6,24.5,26.7,18.8
CanadaCentral,12/12/2020,20,23.2,23.6,8.6
CanadaCentral,12/13/2020,-10.9,23,18.3,-2.9
CanadaCentral,12/14/2020,-17.8,8.7,17,-6.8
CanadaCentral,12/15/2020,8.5,19.2,18.8,-0.5
CanadaCentral,12/16/2020,7.7,28.5,26.4,7.2
CanadaCentral,12/17/2020,5.5,31.6,30.2,3.1
CanadaCentral,12/18/2020,-4,30.5,33.6,1
CanadaCentral,12/19/2020,1.6,38.7,35.1,4.4
CanadaCentral,12/20/2020,15.6,36.1,34.5,9.2
CanadaCentral,12/21/2020,10.4,28.6,31,10.4
CanadaCentral,12/22/2020,5.3,28.1,21.2,0.8
CanadaCentral,12/23/2020,-13.3,6.8,16.6,-5.8
CanadaCentral,12/24/2020,-9.4,15,16.7,-6.4
CanadaCentral,12/25/2020,3.7,28.4,21,-1.1
CanadaCentral,12/26/2020,2.4,19.7,22.6,3.4
CanadaCentral,12/27/2020,4,19.7,17.5,1.4
CanadaCentral,12/28/2020,-2.1,13,18.4,3
CanadaCentral,12/29/2020,7,22.4,18,3.4
CanadaCentral,12/30/2020,5.3,18.6,21.9,4.2
CanadaCentral,12/31/2020,0.2,24.7,22.4,4.1
CanadaCentral,1/1/2021,6.9,23.8,28.1,7.1
CanadaCentral,1/2/2021,14.2,35.8,32.4,13.3
CanadaCentral,1/3/2021,18.7,37.5,36,14
CanadaCentral,1/4/2021,9,34.8,33.9,10.6
CanadaCentral,1/5/2021,4,29.5,31.5,8
CanadaCentral,1/6/2021,11,30.1,30.7,12
CanadaCentral,1/7/2021,21.1,32.3,30.8,15.1
CanadaCentral,1/8/2021,13.2,30.1,29.1,13.2
CanadaCentral,1/9/2021,5.2,24.9,27.6,8.4
CanadaCentral,1/10/2021,6.8,27.7,26.2,8.7
CanadaCentral,1/11/2021,14,26,28.5,11.4
CanadaCentral,1/12/2021,13.4,31.7,32.4,14.9
CanadaCentral,1/13/2021,17.3,39.4,36,18.5
CanadaCentral,1/14/2021,24.9,36.7,33.8,17.8
CanadaCentral,1/15/2021,11.4,25.1,30,15.5
CanadaCentral,1/16/2021,10.3,28.2,26.9,11.3
CanadaCentral,1/17/2021,12.2,27.4,24.1,8.9
CanadaCentral,1/18/2021,4.1,16.8,22.7,3.3
CanadaCentral,1/19/2021,-6.6,24.1,25.2,6.2
CanadaCentral,1/20/2021,21.1,34.7,28.9,5.2
CanadaCentral,1/21/2021,1,28,26.6,8
CanadaCentral,1/22/2021,1.8,17,22.2,-1.6
CanadaCentral,1/23/2021,-7.7,21.5,11.3,-8.1
CanadaCentral,1/24/2021,-18.3,-4.5,4.6,-13.8
CanadaCentral,1/25/2021,-15.4,-3.3,-5.7,-20.3
CanadaCentral,1/26/2021,-27.2,-9.3,-5.1,-22
CanadaCentral,1/27/2021,-23.2,-2.7,-0.2,-17.9
CanadaCentral,1/28/2021,-3.1,11.4,9.4,-5.4
CanadaCentral,1/29/2021,10.3,19.5,17.4,7.8
CanadaCentral,1/30/2021,16.2,21.4,20.1,12.8
CanadaCentral,1/31/2021,12,19.4,20.2,13.6
CanadaCentral,2/1/2021,12.5,19.9,22.9,13.8
CanadaCentral,2/2/2021,16.9,29.4,25.5,11.9
CanadaCentral,2/3/2021,6.5,27.1,21.5,6.4
CanadaCentral,2/4/2021,-4.1,8,11.8,-4.9
CanadaCentral,2/5/2021,-16.9,0.2,-2.3,-15.6
CanadaCentral,2/6/2021,-25.6,-15.1,-10.2,-24.7
CanadaCentral,2/7/2021,-31.5,-15.8,-14.9,-30.1
CanadaCentral,2/8/2021,-33.2,-13.8,-13.6,-27.7
CanadaCentral,2/9/2021,-18.3,-11.2,-12.5,-25.8
CanadaCentral,2/10/2021,-25.9,-12.5,-13.9,-25
CanadaCentral,2/11/2021,-30.9,-17.9,-15.5,-30.5
CanadaCentral,2/12/2021,-34.6,-16,-17.6,-34.5
CanadaCentral,2/13/2021,-38.1,-18.9,-14.8,-36
CanadaCentral,2/14/2021,-35.4,-9.4,-9.1,-33.4
CanadaCentral,2/15/2021,-26.6,1,-2.7,-27.7
CanadaCentral,2/16/2021,-21,0.4,2.3,-20.5
CanadaCentral,2/17/2021,-13.9,5.5,4.2,-15.9
CanadaCentral,2/18/2021,-12.9,6.6,9.3,-14.8
CanadaCentral,2/19/2021,-17.7,15.7,17.6,-8.9
CanadaCentral,2/20/2021,4,30.5,26.3,-2.7
CanadaCentral,2/21/2021,5.4,32.7,34.3,12.3
CanadaCentral,2/22/2021,27.5,39.8,35.2,16.7
CanadaCentral,2/23/2021,17.3,33.1,32.2,17.2
CanadaCentral,2/24/2021,6.8,23.9,29.9,10
CanadaCentral,2/25/2021,5.8,32.9,30.5,5
CanadaCentral,2/26/2021,2.2,34.7,23.5,-1.8
CanadaCentral,2/27/2021,-13.4,3,16.7,-8.5
CanadaCentral,2/28/2021,-14.2,12.4,15.6,-15.4
CanadaCentral,3/1/2021,-18.5,31.5,27.7,-4.1
CanadaCentral,3/2/2021,20.4,39.2,36.1,6.2
CanadaCentral,3/3/2021,16.7,37.4,39.5,18.5
CanadaCentral,3/4/2021,18.4,41.7,40.5,19.9
CanadaCentral,3/5/2021,24.6,42.4,43.8,24.7
CanadaCentral,3/6/2021,31,47.3,45.6,27.8
CanadaCentral,3/7/2021,27.9,47,48.5,28.2
CanadaCentral,3/8/2021,25.8,51.3,46.2,25
CanadaCentral,3/9/2021,21.2,40.3,41.6,21.4
CanadaCentral,3/10/2021,17.2,33.1,33.9,15.5
CanadaCentral,3/11/2021,8.2,28.2,36.3,11.1
CanadaCentral,3/12/2021,7.8,47.7,42.5,12.6
CanadaCentral,3/13/2021,21.9,51.7,48,17.5
CanadaCentral,3/14/2021,23,44.6,46.5,22
CanadaCentral,3/15/2021,21.1,43.2,42.1,24.3
CanadaCentral,3/16/2021,28.7,38.6,42.9,23.3
CanadaCentral,3/17/2021,20,46.9,45.6,22.2
CanadaCentral,3/18/2021,18,51.5,53.2,21.6
CanadaCentral,3/19/2021,26.9,61.3,57.5,25.3
CanadaCentral,3/20/2021,31,59.8,58.2,27
CanadaCentral,3/21/2021,23.1,53.4,54.1,23.2
CanadaCentral,3/22/2021,15.6,49,46.7,19.2
CanadaCentral,3/23/2021,19,37.7,41.3,16.8
CanadaCentral,3/24/2021,15.9,37.2,41.9,18.4
CanadaCentral,3/25/2021,20.4,50.8,43.2,20.2
CanadaCentral,3/26/2021,24.3,41.6,43.6,21
CanadaCentral,3/27/2021,18.3,38.5,44.2,18.2
CanadaCentral,3/28/2021,12.2,52.4,49.9,17.1
CanadaCentral,3/29/2021,20.9,58.8,44.4,14.7
CanadaCentral,3/30/2021,11.1,21.9,38.3,10.2
CanadaCentral,3/31/2021,-1.3,34.2,39.3,10.7
CanadaCentral,4/1/2021,22.3,61.9,52.9,18.1
CanadaCentral,4/2/2021,33.4,62.6,63,26.6
CanadaCentral,4/3/2021,24,64.6,63.3,28.5
CanadaCentral,4/4/2021,28.2,62.8,60.8,26.7
CanadaCentral,4/5/2021,27.9,55,58.7,25
CanadaCentral,4/6/2021,18.8,58.3,58.9,23.4
CanadaCentral,4/7/2021,23.6,63.5,61.4,24
CanadaCentral,4/8/2021,29.6,62.5,59.4,25.6
CanadaCentral,4/9/2021,23.6,52.2,59.4,23.9
CanadaCentral,4/10/2021,18.6,63.6,56.7,23
CanadaCentral,4/11/2021,26.8,54.3,50.4,22.3
CanadaCentral,4/12/2021,21.5,33.2,37.3,22.8
CanadaCentral,4/13/2021,20.2,24.2,29.4,21.1
CanadaCentral,4/14/2021,21.7,30.7,30.4,23
CanadaCentral,4/15/2021,27.1,36.2,37.3,25.2
CanadaCentral,4/16/2021,26.8,45.1,46.2,26.2
CanadaCentral,4/17/2021,24.7,57.4,48.5,24.4
CanadaCentral,4/18/2021,21.6,43.2,46.1,20.3
CanadaCentral,4/19/2021,14.5,37.6,39,18.3
CanadaCentral,4/20/2021,18.7,36.3,44,19.5
CanadaCentral,4/21/2021,25.3,58,52.8,23
CanadaCentral,4/22/2021,25.2,64.2,53.6,22.6
CanadaCentral,4/23/2021,17.4,38.5,50.1,17.8
CanadaCentral,4/24/2021,10.8,47.7,44.3,19
CanadaCentral,4/25/2021,28.8,46.8,48.4,23.8
CanadaCentral,4/26/2021,32,50.6,54.5,28.7
CanadaCentral,4/27/2021,25.5,66.2,55.3,28.8
CanadaCentral,4/28/2021,28.8,49,57.1,25.6
CanadaCentral,4/29/2021,22.6,56.2,58.2,26.1
CanadaCentral,4/30/2021,26.9,69.5,67,29.5
CanadaCentral,5/1/2021,39.1,75.3,66,33.1
CanadaCentral,5/2/2021,33.3,53,57.9,33.3
CanadaCentral,5/3/2021,27.4,45.4,50.3,26.7
CanadaCentral,5/4/2021,19.5,52.3,50.8,23.9
CanadaCentral,5/5/2021,24.8,54.5,55.7,22.9
CanadaCentral,5/6/2021,24.5,60.1,57.1,23.8
CanadaCentral,5/7/2021,22,56.6,57.7,24.4
CanadaCentral,5/8/2021,26.6,56.2,56,24.2
CanadaCentral,5/9/2021,23.8,55.2,56.4,24.4
CanadaCentral,5/10/2021,22.9,57.9,60,24.1
CanadaCentral,5/11/2021,25.7,67.1,65.3,26.4
CanadaCentral,5/12/2021,30.5,70.9,70.2,30
CanadaCentral,5/13/2021,33.6,72.6,71.6,32.8
CanadaCentral,5/14/2021,34.3,71.3,73,34.4
CanadaCentral,5/15/2021,35.1,74.9,76.4,37.2
CanadaCentral,5/16/2021,42,83.1,80.8,41.1
CanadaCentral,5/17/2021,46.2,84.4,82.9,46.7
CanadaCentral,5/18/2021,51.9,81.2,79.5,50.2
CanadaCentral,5/19/2021,52.4,72.7,70.4,47.7
CanadaCentral,5/20/2021,38.8,57.3,58.5,42.3
CanadaCentral,5/21/2021,35.6,45.5,50.2,36.6
CanadaCentral,5/22/2021,35.4,47.8,49.4,37.5
CanadaCentral,5/23/2021,41.6,55,58.3,42.6
CanadaCentral,5/24/2021,50.9,72.1,61.9,43.2
CanadaCentral,5/25/2021,37.1,58.5,60.5,40.1
CanadaCentral,5/26/2021,32.4,50.9,55.4,33.3
CanadaCentral,5/27/2021,30.3,56.8,57.9,30.8
CanadaCentral,5/28/2021,29.9,66,65.4,35.3
CanadaCentral,5/29/2021,45.6,73.2,69.1,38.4
CanadaCentral,5/30/2021,39.6,68,72.8,39.6
CanadaCentral,5/31/2021,33.6,77,75.6,40.2
CanadaCentral,6/1/2021,47.5,81.8,81.7,42.6
CanadaCentral,6/2/2021,46.7,86.2,86.2,51.2
CanadaCentral,6/3/2021,59.5,90.6,91.4,56.3
CanadaCentral,6/4/2021,62.8,97.4,94.9,59.5
CanadaCentral,6/5/2021,56.3,96.8,90.3,56
CanadaCentral,6/6/2021,48.8,76.7,84.2,49.9
CanadaCentral,6/7/2021,44.4,79.2,79.3,48.6
CanadaCentral,6/8/2021,52.6,82,78.8,51.8
CanadaCentral,6/9/2021,58.3,75.2,76,56.3
CanadaCentral,6/10/2021,58.1,70.7,71.3,57.7
CanadaCentral,6/11/2021,56.7,67.9,72.1,55.4
CanadaCentral,6/12/2021,51.5,77.8,74.5,53.6
CanadaCentral,6/13/2021,52.5,77.8,78.9,50.8
CanadaCentral,6/14/2021,48.6,81.2,80.9,51
CanadaCentral,6/15/2021,52.1,83.5,83.1,51.7
CanadaCentral,6/16/2021,54.4,84.6,82.8,51.8
CanadaCentral,6/17/2021,48.9,80.3,78,50.2
CanadaCentral,6/18/2021,47.4,69.1,74,47.8
CanadaCentral,6/19/2021,47.1,72.6,69.1,47
CanadaCentral,6/20/2021,46.5,65.5,67.6,45.1
CanadaCentral,6/21/2021,41.8,64.8,70.5,44.2
CanadaCentral,6/22/2021,44.4,81.4,76,46.6
CanadaCentral,6/23/2021,53.7,81.8,79.3,48.7
CanadaCentral,6/24/2021,48,74.7,75.5,51.1
CanadaCentral,6/25/2021,51.6,69.9,73.8,51.2
CanadaCentral,6/26/2021,53.8,76.9,73.3,53.3
CanadaCentral,6/27/2021,54.4,73,75,53.5
CanadaCentral,6/28/2021,52.2,75.1,76.6,53.1
CanadaCentral,6/29/2021,52.6,81.6,81,53.5
CanadaCentral,6/30/2021,55.8,86.3,85,55
CanadaCentral,7/1/2021,56.6,87,88.2,56.8
CanadaCentral,7/2/2021,58,91.2,89.7,58.6
CanadaCentral,7/3/2021,61.1,90.8,89.2,59.1
CanadaCentral,7/4/2021,58,85.6,84.9,58.2
CanadaCentral,7/5/2021,55.4,78.2,74.8,54
CanadaCentral,7/6/2021,48.5,60.5,69.7,50.2
CanadaCentral,7/7/2021,46.6,70.3,69.2,48.5
CanadaCentral,7/8/2021,50.4,76.7,75.7,50.7
CanadaCentral,7/9/2021,55.1,80.1,81.6,52.9
CanadaCentral,7/10/2021,53.2,87.9,85.6,55
CanadaCentral,7/11/2021,56.6,88.8,85.8,55.8
CanadaCentral,7/12/2021,57.5,80.7,83.8,54.3
CanadaCentral,7/13/2021,48.8,81.9,80.8,53.4
CanadaCentral,7/14/2021,54,79.9,82.8,52.3
CanadaCentral,7/15/2021,54.2,86.6,84.7,56.2
CanadaCentral,7/16/2021,60.5,87.7,86.7,58.1
CanadaCentral,7/17/2021,59.5,85.8,88.2,60.8
CanadaCentral,7/18/2021,62.5,91,85.1,61.6
CanadaCentral,7/19/2021,62.7,78.5,80.8,62.9
CanadaCentral,7/20/2021,63.5,72.8,77.5,64.5
CanadaCentral,7/21/2021,67.3,81.1,80,65
CanadaCentral,7/22/2021,64.1,86.1,84.3,63
CanadaCentral,7/23/2021,57.6,85.7,84.6,57.4
CanadaCentral,7/24/2021,50.4,82,84,52
CanadaCentral,7/25/2021,48.2,84.5,83.9,51
CanadaCentral,7/26/2021,54.5,85.1,85.6,52.4
CanadaCentral,7/27/2021,54.5,87.1,85.4,55.7
CanadaCentral,7/28/2021,58.1,83.8,85,53.3
CanadaCentral,7/29/2021,47.2,84,84.8,54
CanadaCentral,7/30/2021,56.8,86.5,84,51.5
CanadaCentral,7/31/2021,50.6,81.5,83.6,50.6
CanadaCentral,8/1/2021,44.5,82.9,83.6,48.5
CanadaCentral,8/2/2021,50.5,86.4,85.7,50.2
CanadaCentral,8/3/2021,55.6,87.7,84.7,55.2
CanadaCentral,8/4/2021,59.6,80.1,81.2,55.4
CanadaCentral,8/5/2021,51,75.7,79.4,52.5
CanadaCentral,8/6/2021,46.9,82.4,82.1,50.1
CanadaCentral,8/7/2021,52.3,88.1,87.9,53.1
CanadaCentral,8/8/2021,60,93,84.1,56.9
CanadaCentral,8/9/2021,58.5,71.2,80.1,57.3
CanadaCentral,8/10/2021,53.5,76.2,74,54.2
CanadaCentral,8/11/2021,50.6,74.5,73.2,49.6
CanadaCentral,8/12/2021,44.7,69,73.9,44.1
CanadaCentral,8/13/2021,37,78.2,79.6,43
CanadaCentral,8/14/2021,47.2,91.6,88.1,46.8
CanadaCentral,8/15/2021,56.1,94.6,93.7,54.5
CanadaCentral,8/16/2021,60.1,95,90.4,57.5
CanadaCentral,8/17/2021,56.2,81.5,84.3,57.9
CanadaCentral,8/18/2021,57.4,76.4,74.5,56.4
CanadaCentral,8/19/2021,55.5,65.5,66.9,54.4
CanadaCentral,8/20/2021,50.2,59,64.7,51
CanadaCentral,8/21/2021,47.1,69.6,63.6,47.6
CanadaCentral,8/22/2021,45.4,62.1,66.9,47.7
CanadaCentral,8/23/2021,50.5,69.1,65.5,47.6
CanadaCentral,8/24/2021,47.1,65.4,66.6,47.2
CanadaCentral,8/25/2021,43.9,65.4,65.5,46.2
CanadaCentral,8/26/2021,47.7,65.7,64.5,47
CanadaCentral,8/27/2021,49.4,62.3,67.9,49.3
CanadaCentral,8/28/2021,50.8,75.6,70.7,49.1
CanadaCentral,8/29/2021,47.1,74.1,77,47.6
CanadaCentral,8/30/2021,44.8,81.1,78.8,47.7
CanadaCentral,8/31/2021,51.1,81.1,79.5,50.7
CanadaCentral,9/1/2021,56.2,76.2,75.8,51.9
CanadaCentral,9/2/2021,48.4,70,72.6,49.6
CanadaCentral,9/3/2021,44.1,71.7,71.2,45.1
CanadaCentral,9/4/2021,42.7,71.9,73,42.3
CanadaCentral,9/5/2021,40.1,75.4,74.5,44.7
CanadaCentral,9/6/2021,51.3,76.1,75.3,46.6
CanadaCentral,9/7/2021,48.3,74.5,74.6,47.8
CanadaCentral,9/8/2021,43.9,73.1,75.3,45.1
CanadaCentral,9/9/2021,43,78.3,77.9,44.6
CanadaCentral,9/10/2021,46.8,82.3,74.5,43.7
CanadaCentral,9/11/2021,41.3,62.7,69.8,45.4
CanadaCentral,9/12/2021,48.1,64.4,65.1,44.5
CanadaCentral,9/13/2021,44.2,68.1,68,43
CanadaCentral,9/14/2021,36.7,71.3,72.8,40.3
CanadaCentral,9/15/2021,40.1,79.1,69.5,40
CanadaCentral,9/16/2021,43.1,58,67,41.3
CanadaCentral,9/17/2021,40.7,64.1,68.2,44
CanadaCentral,9/18/2021,48.2,82.4,75.1,47.5
CanadaCentral,9/19/2021,53.6,78.9,75.3,47.8
CanadaCentral,9/20/2021,41.6,64.6,71,42.4
CanadaCentral,9/21/2021,32,69.4,70.5,37.5
CanadaCentral,9/22/2021,39,77.5,73.5,39.1
CanadaCentral,9/23/2021,46.4,73.7,70.8,39.9
CanadaCentral,9/24/2021,34.2,61.1,72,39.8
CanadaCentral,9/25/2021,38.8,81.3,71.7,39.1
CanadaCentral,9/26/2021,44.1,72.7,78.5,41.9
CanadaCentral,9/27/2021,42.7,81.5,81,44.5
CanadaCentral,9/28/2021,46.8,88.8,81.9,47.7
CanadaCentral,9/29/2021,53.6,75.5,78,47.7
CanadaCentral,9/30/2021,42.7,69.9,71.2,44.3
CanadaCentral,10/1/2021,36.6,68.4,70.3,38.3
CanadaCentral,10/2/2021,35.4,72.6,72.4,36.6
CanadaCentral,10/3/2021,37.7,76.2,76.7,36.9
CanadaCentral,10/4/2021,37.5,81.3,81,40.1
CanadaCentral,10/5/2021,45,85.6,83.9,42.9
CanadaCentral,10/6/2021,46.2,84.6,80.4,47.1
CanadaCentral,10/7/2021,50.1,71.1,72,46.1
CanadaCentral,10/8/2021,41.8,60.2,62.4,42.6
CanadaCentral,10/9/2021,35.9,56.1,57.7,37.4
CanadaCentral,10/10/2021,34.4,56.9,56.2,35.5
CanadaCentral,10/11/2021,36.3,55.6,53.3,34.4
CanadaCentral,10/12/2021,32.3,47.5,49.1,34.9
CanadaCentral,10/13/2021,35.9,44.1,45.1,35.4
CanadaCentral,10/14/2021,37.8,43.8,46.4,36.2
CanadaCentral,10/15/2021,34.7,51.2,52,33.1
CanadaCentral,10/16/2021,26.8,61.1,60.6,31.7
CanadaCentral,10/17/2021,33.5,69.6,66.6,32.2
CanadaCentral,10/18/2021,36.1,69.2,61.9,32.6
CanadaCentral,10/19/2021,28.2,46.8,52.2,28.6
CanadaCentral,10/20/2021,21.5,40.5,43.8,23.7
CanadaCentral,10/21/2021,21.5,44,41.8,21.5
CanadaCentral,10/22/2021,21.4,40.8,43.2,23.2
CanadaCentral,10/23/2021,26.7,44.8,42.7,25
CanadaCentral,10/24/2021,26.9,42.4,45.2,28.6
CanadaCentral,10/25/2021,32.3,48.4,46.2,32.8
CanadaCentral,10/26/2021,39.1,47.9,49.1,35.7
CanadaCentral,10/27/2021,35.8,51.1,50.5,34.7
CanadaCentral,10/28/2021,29,52.5,54.3,29.7
CanadaCentral,10/29/2021,24.3,59.2,52.8,27.5
CanadaCentral,10/30/2021,29.3,46.8,48,26.6
CanadaCentral,10/31/2021,26.1,38,40.3,24.2
CanadaCentral,11/1/2021,17.3,36.2,37.8,19.2
CanadaCentral,11/2/2021,14.1,39.2,40.9,15.5
CanadaCentral,11/3/2021,15.2,47.5,47.6,16.5
CanadaCentral,11/4/2021,20.2,56.2,53,23.9
CanadaCentral,11/5/2021,36.3,55.4,57.3,28.2
CanadaCentral,11/6/2021,27.9,60.3,55.4,30.2
CanadaCentral,11/7/2021,26.4,50.5,53.4,25.8
CanadaCentral,11/8/2021,23,49.4,49.1,22.6
CanadaCentral,11/9/2021,18.3,47.4,45.6,24.4
CanadaCentral,11/10/2021,31.9,40,40.2,24.6
CanadaCentral,11/11/2021,23.7,33.2,32.3,24.6
CanadaCentral,11/12/2021,18.4,23.9,27.6,20.7
CanadaCentral,11/13/2021,20.1,25.9,26,19.2
CanadaCentral,11/14/2021,19,28.3,28.4,21.6
CanadaCentral,11/15/2021,25.7,31.2,33.7,24.4
CanadaCentral,11/16/2021,28.5,41.7,34.1,25
CanadaCentral,11/17/2021,20.9,29.5,31.7,19.9
CanadaCentral,11/18/2021,10.3,23.8,27.7,16.4
CanadaCentral,11/19/2021,17.9,29.8,30.4,13
CanadaCentral,11/20/2021,10.7,37.5,32.1,11.6
CanadaCentral,11/21/2021,6.1,28.9,32.3,9.7
CanadaCentral,11/22/2021,12.3,30.6,32.5,14.2
CanadaCentral,11/23/2021,24.1,37.9,32.3,9
CanadaCentral,11/24/2021,-9.5,28.5,30.3,2.2
CanadaCentral,11/25/2021,-7.9,24.3,29.9,0.8
CanadaCentral,11/26/2021,19.7,36.8,32.6,9.3
CanadaCentral,11/27/2021,16.1,36.5,35.1,16.7
CanadaCentral,11/28/2021,14.3,31.8,35.7,17.1
CanadaCentral,11/29/2021,21,38.7,35.1,16.2
CanadaCentral,11/30/2021,13.3,34.9,38.8,19.3
CanadaCentral,12/1/2021,23.6,42.9,37.9,21.2
CanadaCentral,12/2/2021,26.7,35.8,36.8,23.4
CanadaCentral,12/3/2021,19.7,31.8,31.3,19.6
CanadaCentral,12/4/2021,12.2,26.4,27.7,8.6
CanadaCentral,12/5/2021,-6.1,25,17.1,-2.3
CanadaCentral,12/6/2021,-12.9,-0.2,12,-9.8
CanadaCentral,12/7/2021,-10.4,11.1,12.8,-10.2
CanadaCentral,12/8/2021,-7.3,27.6,23.4,-1.8
CanadaCentral,12/9/2021,12.3,31.6,26.9,2.5
CanadaCentral,12/10/2021,2.5,21.4,27.9,6
CanadaCentral,12/11/2021,3.2,30.6,30.3,8.8
CanadaCentral,12/12/2021,20.6,38.8,32.2,11.2
CanadaCentral,12/13/2021,9.6,27.1,32.2,16.4
CanadaCentral,12/14/2021,18.9,30.6,27.6,10.8
CanadaCentral,12/15/2021,3.9,25,20,5.5
CanadaCentral,12/16/2021,-6.2,4.4,10.8,-3.4
CanadaCentral,12/17/2021,-8,3,4.7,-9.2
CanadaCentral,12/18/2021,-13.4,6.9,13.7,-6.8
CanadaCentral,12/19/2021,1,31.3,14.1,-5.9
CanadaCentral,12/20/2021,-5.1,4.1,15.2,-3.9
CanadaCentral,12/21/2021,-7.6,10.4,10.5,-3.6
CanadaCentral,12/22/2021,2,17.1,16.1,1.3
CanadaCentral,12/23/2021,9.5,20.7,23,1.6
CanadaCentral,12/24/2021,-6.7,31.3,16.9,-3.2
CanadaCentral,12/25/2021,-12.5,-1.4,12,-12.4
CanadaCentral,12/26/2021,-17.9,6.1,3.8,-17
CanadaCentral,12/27/2021,-20.6,6.5,0.5,-23
CanadaCentral,12/28/2021,-30.6,-11.1,-6.8,-28.3
CanadaCentral,12/29/2021,-33.8,-15.8,-11.5,-31
CanadaCentral,12/30/2021,-28.7,-7.4,-12.6,-31.1
CanadaCentral,12/31/2021,-30.8,-14.7,-11.6,-30.5
CanadaCentral,1/1/2022,-32.1,-12.8,-5.5,-28.2
CanadaCentral,1/2/2022,-21.7,11.1,3.2,-20.4
CanadaCentral,1/3/2022,-7.5,11.4,8.1,-11.8
CanadaCentral,1/4/2022,-6.2,1.9,2.4,-11.6
CanadaCentral,1/5/2022,-21,-6.1,-7.5,-18.8
CanadaCentral,1/6/2022,-29.1,-18.4,-5.4,-26.6
CanadaCentral,1/7/2022,-29.7,8.3,1.5,-24.5
CanadaCentral,1/8/2022,-14.8,14.8,4.3,-21.5
CanadaCentral,1/9/2022,-20,-10.2,3.9,-17
CanadaCentral,1/10/2022,-16.1,7,10.1,-9.9
CanadaCentral,1/11/2022,6.4,33.4,23.3,1.3
CanadaCentral,1/12/2022,13.7,29.6,30.2,8.8
CanadaCentral,1/13/2022,6.4,27.5,22.9,7.7
CanadaCentral,1/14/2022,3.1,11.5,24,6.8
CanadaCentral,1/15/2022,10.8,33.1,25.7,10.9
CanadaCentral,1/16/2022,18.7,32.6,30.8,14
CanadaCentral,1/17/2022,12.6,26.7,25.9,7.2
CanadaCentral,1/18/2022,-9.6,18.4,12.1,-6.1
CanadaCentral,1/19/2022,-21.2,-8.6,6.9,-19
CanadaCentral,1/20/2022,-26.2,11,11.2,-16.7
CanadaCentral,1/21/2022,-2.6,31.3,14.9,-15.3
CanadaCentral,1/22/2022,-17,2.5,17.6,-11.8
CanadaCentral,1/23/2022,-15.7,18.9,7.8,-17.8
CanadaCentral,1/24/2022,-20.6,2.1,7.5,-20.6
CanadaCentral,1/25/2022,-25.5,1.7,12,-14.8
CanadaCentral,1/26/2022,1.6,32.1,19.2,-11.8
CanadaCentral,1/27/2022,-11.5,23.8,23.8,-4.1
CanadaCentral,1/28/2022,-2.4,15.6,19.5,-4.4
CanadaCentral,1/29/2022,0.6,19.2,18.4,-1.3
CanadaCentral,1/30/2022,-2.2,20.5,24.8,1.5
CanadaCentral,1/31/2022,6,34.8,24.4,-3.2
CanadaCentral,2/1/2022,-13.4,17.8,13.5,-12
CanadaCentral,2/2/2022,-28.5,-12.1,1.8,-24.2
CanadaCentral,2/3/2022,-30.7,-0.4,-4.6,-27.5
CanadaCentral,2/4/2022,-23.1,-1.3,2.5,-18.7
CanadaCentral,2/5/2022,-2.4,9.3,7.3,-11.4
CanadaCentral,2/6/2022,-8.6,13.9,17.9,-0.6
CanadaCentral,2/7/2022,9.2,30.6,26.7,8.1
CanadaCentral,2/8/2022,23.6,35.8,32,14.4
CanadaCentral,2/9/2022,10.4,29.8,34.7,13.6
CanadaCentral,2/10/2022,6.7,38.5,25.8,0.8
CanadaCentral,2/11/2022,-14.7,9.1,16.9,-8.3
CanadaCentral,2/12/2022,-17.1,3,11.1,-16.4
CanadaCentral,2/13/2022,-17.3,21.3,9.8,-16
CanadaCentral,2/14/2022,-13.5,5.1,13,-10.7
CanadaCentral,2/15/2022,-1.3,12.6,10.5,-10
CanadaCentral,2/16/2022,-15.2,13.8,11,-13.4
CanadaCentral,2/17/2022,-23.8,6.7,12.4,-16.3
CanadaCentral,2/18/2022,-9.9,16.8,19.1,-16.4
CanadaCentral,2/19/2022,-15.5,34,25.5,-12.6
CanadaCentral,2/20/2022,-12.2,25.7,16.3,-16.2
CanadaCentral,2/21/2022,-20.8,-10.8,2.2,-19.4
CanadaCentral,2/22/2022,-25.1,-8.2,-7.3,-24.2
CanadaCentral,2/23/2022,-26.8,-2.9,-3,-25.9
CanadaCentral,2/24/2022,-25.9,2,1.9,-23.9
CanadaCentral,2/25/2022,-19,6.5,9.9,-14.1
CanadaCentral,2/26/2022,2.8,21.1,15.2,-3.4
CanadaCentral,2/27/2022,6.2,18,18.4,5.3
CanadaCentral,2/28/2022,6.9,16,17.8,7.4
CanadaCentral,3/1/2022,9.3,19.4,17.9,1.8
CanadaCentral,3/2/2022,-10.9,18.5,15.8,-5.2
CanadaCentral,3/3/2022,-13.9,9.5,14.9,-5.3
CanadaCentral,3/4/2022,9,16.7,14.8,3
CanadaCentral,3/5/2022,13.8,18.1,17.8,8.8
CanadaCentral,3/6/2022,3.6,18.6,22.2,6.7
CanadaCentral,3/7/2022,2.6,29.8,25.6,3.5
CanadaCentral,3/8/2022,4.4,28.4,21.2,0
CanadaCentral,3/9/2022,-7,5.3,15.9,-5.4
CanadaCentral,3/10/2022,-13.7,14.1,5.9,-11.8
CanadaCentral,3/11/2022,-14.7,-1.6,15.3,-13.4
CanadaCentral,3/12/2022,-11.9,33.3,20.2,-7.2
CanadaCentral,3/13/2022,5,28.8,31.4,0.3
CanadaCentral,3/14/2022,7.8,32,33,11
CanadaCentral,3/15/2022,20.2,38.2,36.4,17.6
CanadaCentral,3/16/2022,24.6,38.8,37.8,23.3
CanadaCentral,3/17/2022,25,36.4,38.4,23.4
CanadaCentral,3/18/2022,20.6,40,40,23.2
CanadaCentral,3/19/2022,24,43.5,41.6,23.7
CanadaCentral,3/20/2022,26.6,41.3,41.9,27.4
CanadaCentral,3/21/2022,31.6,40.9,40.1,29.1
CanadaCentral,3/22/2022,29,38,40.1,27.6
CanadaCentral,3/23/2022,22.3,41.4,41.7,25.9
CanadaCentral,3/24/2022,26.4,45.8,39.9,20.8
CanadaCentral,3/25/2022,13.6,32.5,32.3,15.5
CanadaCentral,3/26/2022,6.5,18.6,26.2,8.9
CanadaCentral,3/27/2022,6.5,27.4,28.4,10.8
CanadaCentral,3/28/2022,19.4,39.1,34.1,17.5
CanadaCentral,3/29/2022,26.6,35.7,36.1,22.8
CanadaCentral,3/30/2022,22.4,33.6,37,22.2
CanadaCentral,3/31/2022,17.7,41.6,39.7,22.4
CanadaCentral,4/1/2022,27,43.8,40.4,23.1
CanadaCentral,4/2/2022,24.4,35.6,40.1,25.4
CanadaCentral,4/3/2022,24.7,40.7,42.9,25.9
CanadaCentral,4/4/2022,28.5,52.4,43.9,28.7
CanadaCentral,4/5/2022,32.8,38.7,44,30.1
CanadaCentral,4/6/2022,29,41,39.9,29.6
CanadaCentral,4/7/2022,27.2,40,42.5,26.4
CanadaCentral,4/8/2022,22.9,46.4,46.1,26.7
CanadaCentral,4/9/2022,30.1,52,49.4,26.8
CanadaCentral,4/10/2022,27.3,49.9,46.5,26.6
CanadaCentral,4/11/2022,22.2,37.7,38.1,22.6
CanadaCentral,4/12/2022,18.2,26.7,30.6,20.7
CanadaCentral,4/13/2022,21.6,27.5,26.3,17.1
CanadaCentral,4/14/2022,11.4,24.7,24.5,14.2
CanadaCentral,4/15/2022,9.7,21.2,24.3,7.9
CanadaCentral,4/16/2022,2.6,27.1,24.2,5.7
CanadaCentral,4/17/2022,4.8,24.3,27.4,2.8
CanadaCentral,4/18/2022,1.2,30.8,28.9,5
CanadaCentral,4/19/2022,9.1,31.7,33.7,12
CanadaCentral,4/20/2022,25.8,38.6,35.7,21.1
CanadaCentral,4/21/2022,28.4,36.9,36.9,28.4
CanadaCentral,4/22/2022,31.1,35.3,35.7,30.6
CanadaCentral,4/23/2022,32.2,35,35,29.5
CanadaCentral,4/24/2022,25.2,34.7,33.4,24.8
CanadaCentral,4/25/2022,17,30.6,33.1,20.3
CanadaCentral,4/26/2022,18.8,33.9,34.9,20.8
CanadaCentral,4/27/2022,26.8,40.1,39.8,25.9
CanadaCentral,4/28/2022,32.1,45.4,45.4,30.5
CanadaCentral,4/29/2022,32.7,50.8,47.6,32.3
CanadaCentral,4/30/2022,32,46.6,48,32
CanadaCentral,5/1/2022,31.4,46.5,45.8,30.6
CanadaCentral,5/2/2022,28.6,44.3,47.6,30.3
CanadaCentral,5/3/2022,31.1,52.1,53.5,31.3
CanadaCentral,5/4/2022,34.2,64.1,61.8,34.1
CanadaCentral,5/5/2022,37.1,69.2,66.7,38.6
CanadaCentral,5/6/2022,44.4,66.9,69.1,42.6
CanadaCentral,5/7/2022,46.5,71.1,68.1,43.8
CanadaCentral,5/8/2022,40.5,66.3,64.8,43.2
CanadaCentral,5/9/2022,42.6,57,61.8,40.8
CanadaCentral,5/10/2022,39.4,62.2,61.2,40.5
CanadaCentral,5/11/2022,39.5,64.3,62.9,41.7
CanadaCentral,5/12/2022,46.2,62.2,59.8,42.7
CanadaCentral,5/13/2022,42.3,52.7,55.9,42.2
CanadaCentral,5/14/2022,38,52.7,56.2,38.7
CanadaCentral,5/15/2022,35.8,63.2,59.8,35.9
CanadaCentral,5/16/2022,33.9,63.6,64,37.4
CanadaCentral,5/17/2022,42.6,65.1,61.5,40.8
CanadaCentral,5/18/2022,46,55.8,57.7,42.9
CanadaCentral,5/19/2022,40.1,52.2,50.2,39.6
CanadaCentral,5/20/2022,32.5,42.8,48.4,34.9
CanadaCentral,5/21/2022,32.1,50.4,51.1,32.8
CanadaCentral,5/22/2022,33.8,60.2,58,34.5
CanadaCentral,5/23/2022,37.7,63.5,64.5,37.8
CanadaCentral,5/24/2022,42,69.7,68.4,41.5
CanadaCentral,5/25/2022,44.8,72,72.7,44.6
CanadaCentral,5/26/2022,47.1,76.2,75.9,45.1
CanadaCentral,5/27/2022,43.2,79.3,75.7,48.1
CanadaCentral,5/28/2022,53.9,71.5,73.6,50.1
CanadaCentral,5/29/2022,53.3,70,67.3,52.6
CanadaCentral,5/30/2022,50.6,60.3,63.2,49.2
CanadaCentral,5/31/2022,43.7,59.2,61.4,44.5
CanadaCentral,6/1/2022,39.3,64.7,61.2,40.1
CanadaCentral,6/2/2022,37.3,59.5,64.4,36.7
CanadaCentral,6/3/2022,33.6,69.1,66.3,36.2
CanadaCentral,6/4/2022,37.7,70.3,67.8,38.5
CanadaCentral,6/5/2022,44.3,64,67.4,41.1
CanadaCentral,6/6/2022,41.2,67.9,67.2,43
CanadaCentral,6/7/2022,43.5,69.6,70.1,43.3
CanadaCentral,6/8/2022,45.2,72.9,72.4,44.9
CanadaCentral,6/9/2022,45.8,74.5,73.1,47.4
CanadaCentral,6/10/2022,51.1,71.7,74.7,49.7
CanadaCentral,6/11/2022,52.1,77.8,74.6,53.5
CanadaCentral,6/12/2022,57.2,74.4,75.9,56.2
CanadaCentral,6/13/2022,59.3,75.5,73.5,56.3
CanadaCentral,6/14/2022,52.3,70.6,71.1,53.7
CanadaCentral,6/15/2022,49.4,67.2,69.4,51
CanadaCentral,6/16/2022,51.1,70.6,71.9,50.3
CanadaCentral,6/17/2022,50.4,77.9,78.8,54.3
CanadaCentral,6/18/2022,61.2,88.1,86,60.4
CanadaCentral,6/19/2022,69.5,92,86.5,64
CanadaCentral,6/20/2022,61.2,79.4,80,62.1
CanadaCentral,6/21/2022,55.6,68.7,76.8,55.8
CanadaCentral,6/22/2022,50.8,82.2,79.7,54.8
CanadaCentral,6/23/2022,58.1,88.2,82.2,55.7
CanadaCentral,6/24/2022,58.2,76.3,75.3,55.6
CanadaCentral,6/25/2022,50.5,61.4,70.5,52.4
CanadaCentral,6/26/2022,48.5,74,72,49.8
CanadaCentral,6/27/2022,50.5,80.5,74.6,50
CanadaCentral,6/28/2022,50.9,69.2,76.3,51.3
CanadaCentral,6/29/2022,52.6,79.3,73.1,51.3
CanadaCentral,6/30/2022,50.3,70.8,74.4,49.6
CanadaCentral,7/1/2022,45.8,73.2,72,47.6
CanadaCentral,7/2/2022,46.7,71.9,74.4,48
CanadaCentral,7/3/2022,51.4,78.1,73.1,53.2
CanadaCentral,7/4/2022,61.5,69.4,73,57.1
CanadaCentral,7/5/2022,58.5,71.6,73.9,59.7
CanadaCentral,7/6/2022,59.1,80.6,73.9,57.9
CanadaCentral,7/7/2022,56,69.4,75.9,56.4
CanadaCentral,7/8/2022,54.2,77.6,77.2,57.1
CanadaCentral,7/9/2022,61.1,84.6,80.3,58.4
CanadaCentral,7/10/2022,59.9,78.7,79.7,59.5
CanadaCentral,7/11/2022,57.6,75.8,77.5,58
CanadaCentral,7/12/2022,56.5,77.9,77.8,55.9
CanadaCentral,7/13/2022,53.6,79.7,78.4,57.4
CanadaCentral,7/14/2022,62,77.5,79.6,58
CanadaCentral,7/15/2022,58.3,81.5,81,61
CanadaCentral,7/16/2022,62.7,84,85.3,62.1
CanadaCentral,7/17/2022,65.3,90.4,85.9,64.3
CanadaCentral,7/18/2022,64.8,83.3,83.2,63.7
CanadaCentral,7/19/2022,61.1,76.1,78.5,61.8
CanadaCentral,7/20/2022,59.5,76.3,76.6,58
CanadaCentral,7/21/2022,53.3,77.4,78,55.4
CanadaCentral,7/22/2022,53.5,80.3,75.9,53.6
CanadaCentral,7/23/2022,54,70.1,73.5,52.3
CanadaCentral,7/24/2022,49.5,70,72.1,50.6
CanadaCentral,7/25/2022,48.2,76.1,73.1,50.1
CanadaCentral,7/26/2022,52.7,73.2,72.8,50.1
CanadaCentral,7/27/2022,49.5,69.1,71.7,50.2
CanadaCentral,7/28/2022,48.5,72.9,73.7,48.7
CanadaCentral,7/29/2022,47.9,79.2,79.4,49.8
CanadaCentral,7/30/2022,52.8,85.9,78.5,51.7
CanadaCentral,7/31/2022,54.4,70.4,76.5,53.7
CanadaCentral,8/1/2022,53.9,73.2,75.1,54.9
CanadaCentral,8/2/2022,56.5,81.8,75.2,54.5
CanadaCentral,8/3/2022,53.2,70.6,79.2,54.4
CanadaCentral,8/4/2022,53.4,85.3,77.9,54.6
CanadaCentral,8/5/2022,57.3,77.8,75.9,53
CanadaCentral,8/6/2022,48.4,64.5,70.4,50.5
CanadaCentral,8/7/2022,45.9,68.9,72.8,49.5
CanadaCentral,8/8/2022,54.2,85.1,76.6,50.4
CanadaCentral,8/9/2022,51.2,75.7,78.1,50.4
CanadaCentral,8/10/2022,45.9,73.6,73.2,49.2
CanadaCentral,8/11/2022,50.4,70.4,73.4,51.5
CanadaCentral,8/12/2022,58,76.3,75.6,54.1
CanadaCentral,8/13/2022,53.8,80.1,80.3,56.4
CanadaCentral,8/14/2022,57.4,84.6,81.9,57.6
CanadaCentral,8/15/2022,61.8,81.1,82.4,58.7
CanadaCentral,8/16/2022,56.9,81.4,81.4,58.7
CanadaCentral,8/17/2022,57.4,81.7,79.7,57.5
CanadaCentral,8/18/2022,58.1,76.2,78.4,57.2
CanadaCentral,8/19/2022,56,77.3,77.6,54.3
CanadaCentral,8/20/2022,48.9,79.2,80.5,52.3
CanadaCentral,8/21/2022,52,84.9,83.2,52.3
CanadaCentral,8/22/2022,56.1,85.5,83.5,55.1
CanadaCentral,8/23/2022,57.3,80.1,79,54.5
CanadaCentral,8/24/2022,50.1,71.6,75.8,50.6
CanadaCentral,8/25/2022,44.5,75.9,75.6,48.2
CanadaCentral,8/26/2022,50.2,79.3,79.4,50
CanadaCentral,8/27/2022,55.3,82.9,78.3,54
CanadaCentral,8/28/2022,56.5,72.7,76.2,53.9
CanadaCentral,8/29/2022,49.8,73.1,76.1,51
CanadaCentral,8/30/2022,46.8,82.4,81,49.4
CanadaCentral,8/31/2022,51.7,87.7,86.8,51.7
CanadaCentral,9/1/2022,56.7,90.4,83.9,51.9
CanadaCentral,9/2/2022,47.3,73.7,81,48.6
CanadaCentral,9/3/2022,42,78.9,77.9,46.4
CanadaCentral,9/4/2022,50,81,81.2,48.8
CanadaCentral,9/5/2022,54.4,83.7,80.8,51.3
CanadaCentral,9/6/2022,49.5,77.7,81.4,49.1
CanadaCentral,9/7/2022,43.6,83,81.3,47.1
CanadaCentral,9/8/2022,48.1,83.4,77.3,44.5
CanadaCentral,9/9/2022,41.7,65.4,71.4,42.8
CanadaCentral,9/10/2022,38.6,65.5,70.2,39.5
CanadaCentral,9/11/2022,38,79.7,76,40.2
CanadaCentral,9/12/2022,43.8,82.9,75.1,41.3
CanadaCentral,9/13/2022,41.9,62.8,70,42.9
CanadaCentral,9/14/2022,42.8,64.4,62.5,45.1
CanadaCentral,9/15/2022,50.5,60.5,60.3,47.7
CanadaCentral,9/16/2022,49.8,56,59.4,49.3
CanadaCentral,9/17/2022,47.7,61.9,64.2,47.8
CanadaCentral,9/18/2022,45.9,74.6,71,45.5
CanadaCentral,9/19/2022,42.7,76.4,71.4,46.6
CanadaCentral,9/20/2022,51.1,63,65.4,43.4
CanadaCentral,9/21/2022,36.3,56.7,60.7,39.5
CanadaCentral,9/22/2022,31,62.4,59.5,38
CanadaCentral,9/23/2022,46.8,59.4,63.4,41.2
CanadaCentral,9/24/2022,45.8,68.5,63.9,44.5
CanadaCentral,9/25/2022,40.7,64,67.6,42.1
CanadaCentral,9/26/2022,39.7,70.4,65.3,38.2
CanadaCentral,9/27/2022,34.1,61.5,67.9,37.6
CanadaCentral,9/28/2022,39.1,71.8,70.4,39
CanadaCentral,9/29/2022,43.9,77.9,72.9,42.6
CanadaCentral,9/30/2022,44.8,69,67.7,44.9
CanadaCentral,10/1/2022,45.9,56.2,63.1,45.5
CanadaCentral,10/2/2022,45.8,64.1,63.2,45.5
CanadaCentral,10/3/2022,44.7,69.2,67.2,45.1
CanadaCentral,10/4/2022,44.9,68.4,67.2,41.8
CanadaCentral,10/5/2022,35.7,64,58.1,34.5
CanadaCentral,10/6/2022,23,41.8,53.5,25.6
CanadaCentral,10/7/2022,18,54.6,54.1,24.9
CanadaCentral,10/8/2022,33.8,65.8,60.2,28.4
CanadaCentral,10/9/2022,33.3,60.3,65.5,33.8
CanadaCentral,10/10/2022,34.3,70.5,63.9,36.2
CanadaCentral,10/11/2022,40.9,60.8,59.3,36
CanadaCentral,10/12/2022,32.7,46.6,49.9,34.3
CanadaCentral,10/13/2022,29.3,42.3,45.2,29.7
CanadaCentral,10/14/2022,27.2,46.5,45.2,28.6
CanadaCentral,10/15/2022,29.4,46.8,44.3,26
CanadaCentral,10/16/2022,21.4,39.5,42.3,23.6
CanadaCentral,10/17/2022,19.9,40.7,43.9,19.3
CanadaCentral,10/18/2022,16.7,51.5,52,22
CanadaCentral,10/19/2022,29.5,63.7,62.1,25.2
CanadaCentral,10/20/2022,29.4,71,63.9,30.9
CanadaCentral,10/21/2022,33.9,56.9,58.5,32.2
CanadaCentral,10/22/2022,33.3,47.7,50.8,35.4
CanadaCentral,10/23/2022,38.9,47.8,44.9,34.2
CanadaCentral,10/24/2022,30.3,39.3,40.5,32.5
CanadaCentral,10/25/2022,28.3,34.4,38.4,28.7
CanadaCentral,10/26/2022,27.6,41.5,42.7,27.6
CanadaCentral,10/27/2022,26.8,52.3,50.1,29.7
CanadaCentral,10/28/2022,34.7,56.5,56.1,29.8
CanadaCentral,10/29/2022,27.9,59.5,57.9,28.5
CanadaCentral,10/30/2022,23,57.7,57.3,28.3
CanadaCentral,10/31/2022,34.1,54.5,57.8,29.8
CanadaCentral,11/1/2022,32.4,61.2,58.6,33.6
CanadaCentral,11/2/2022,34.3,60.2,52.9,28.7
CanadaCentral,11/3/2022,19.4,37.2,46.8,21.5
CanadaCentral,11/4/2022,10.9,42.8,42.2,18
CanadaCentral,11/5/2022,23.7,46.6,41.4,18
CanadaCentral,11/6/2022,19.3,34.7,35.7,18.8
CanadaCentral,11/7/2022,13.4,25.8,31.4,18.6
CanadaCentral,11/8/2022,23,33.6,28.1,15.9
CanadaCentral,11/9/2022,11.3,24.8,24.8,14.5
CanadaCentral,11/10/2022,9.1,16.1,19.2,8.1
CanadaCentral,11/11/2022,4,16.5,16,5.9
CanadaCentral,11/12/2022,4.5,15.2,15.7,6.1
CanadaCentral,11/13/2022,9.8,15.4,16.5,6.6
CanadaCentral,11/14/2022,5.3,18.7,17.4,4.4
CanadaCentral,11/15/2022,-2,18,21,2.2
CanadaCentral,11/16/2022,3.3,26.3,21.6,0.4
CanadaCentral,11/17/2022,0,20.4,22,0.9
CanadaCentral,11/18/2022,-0.7,19.3,19.8,0.3
CanadaCentral,11/19/2022,1.6,19.7,21.6,1.3
CanadaCentral,11/20/2022,3,25.7,23.7,5.7
CanadaCentral,11/21/2022,12.5,25.6,27.8,9.5
CanadaCentral,11/22/2022,13,32.1,30.8,14.7
CanadaCentral,11/23/2022,18.8,34.7,33.6,16
CanadaCentral,11/24/2022,16.4,34.1,36.4,18.2
CanadaCentral,11/25/2022,19.4,40.3,37.6,19.3
CanadaCentral,11/26/2022,22,38.5,37,17.6
CanadaCentral,11/27/2022,11.5,32.1,34.2,16.5
CanadaCentral,11/28/2022,15.9,31.9,27.9,10.9
CanadaCentral,11/29/2022,5.5,19.8,19.6,4.5
CanadaCentral,11/30/2022,-7.9,7.2,13.4,-1.2
CanadaCentral,12/1/2022,-1.1,13.2,10.3,-6.4
CanadaCentral,12/2/2022,-10.1,10.5,9.5,-8.3
CanadaCentral,12/3/2022,-13.7,5,13.8,-8.1
CanadaCentral,12/4/2022,-0.5,26.1,16.2,-8.6
CanadaCentral,12/5/2022,-11.5,17.5,13.9,-14
CanadaCentral,12/6/2022,-29.9,-2,5.9,-25.6
CanadaCentral,12/7/2022,-35.4,2.1,4.9,-23
CanadaCentral,12/8/2022,-3.5,14.7,13.7,-13.7
CanadaCentral,12/9/2022,-2.1,24.3,21.7,2.5
CanadaCentral,12/10/2022,12.9,26.2,25.5,8.9
CanadaCentral,12/11/2022,15.8,26.2,26.4,17.4
CanadaCentral,12/12/2022,23.5,26.9,26.6,20.9
CanadaCentral,12/13/2022,23.5,26.7,26.3,22.7
CanadaCentral,12/14/2022,21.1,25.4,25.5,20
CanadaCentral,12/15/2022,15.4,24.6,21.9,13.7
CanadaCentral,12/16/2022,4.4,15.7,16.4,2.8
CanadaCentral,12/17/2022,-11.6,9,6.7,-7.6
CanadaCentral,12/18/2022,-15.6,-4.5,0.1,-14.9
CanadaCentral,12/19/2022,-17.5,-4.3,-7.2,-20.5
CanadaCentral,12/20/2022,-28.5,-12.7,-10.4,-23.5
CanadaCentral,12/21/2022,-24.5,-14.2,-11.9,-23.7
CanadaCentral,12/22/2022,-18.1,-8.7,-10.9,-20.9
CanadaCentral,12/23/2022,-20.2,-9.7,-8.5,-21.5
CanadaCentral,12/24/2022,-26.1,-7.1,-4.8,-21.4
CanadaCentral,12/25/2022,-17.8,2.5,3.4,-18.4
CanadaCentral,12/26/2022,-11.2,14.7,14.6,-6.5
CanadaCentral,12/27/2022,9.4,26.5,21.6,2.6
CanadaCentral,12/28/2022,9.7,23.8,23.3,7
CanadaCentral,12/29/2022,2,19.5,19.9,2.9
CanadaCentral,12/30/2022,-3,16.3,17.8,1.6
CanadaCentral,12/31/2022,5.9,17.6,17.1,2
CanadaCentral,1/1/2023,3,17.3,17.4,1.7
CanadaCentral,1/2/2023,-3.7,17.5,17.5,-1.8
CanadaCentral,1/3/2023,-4.5,17.7,16.1,-4.1
CanadaCentral,1/4/2023,-4.1,13.1,14.7,-3.2
CanadaCentral,1/5/2023,-1,13.3,12.6,-4.1
CanadaCentral,1/6/2023,-7.3,11.3,14.2,-5.1
CanadaCentral,1/7/2023,-7,18.1,17.5,-4.6
CanadaCentral,1/8/2023,0.7,23,21.8,-1.2
CanadaCentral,1/9/2023,2.8,24.3,23.2,2.9
CanadaCentral,1/10/2023,5.1,22.2,20.7,6.4
CanadaCentral,1/11/2023,11.2,15.7,17.7,4.4
CanadaCentral,1/12/2023,-3.2,15.1,17.6,2
CanadaCentral,1/13/2023,-1.9,22.1,20,1.7
CanadaCentral,1/14/2023,10.1,22.7,23.5,8.4
CanadaCentral,1/15/2023,17.1,25.7,23,12.8
CanadaCentral,1/16/2023,11.2,20.6,19.3,11.7
CanadaCentral,1/17/2023,6.7,11.6,16.2,8.3
CanadaCentral,1/18/2023,7,16.5,16,9.5
CanadaCentral,1/19/2023,14.8,20,19.5,10.1
CanadaCentral,1/20/2023,8.5,22,20.5,7.7
CanadaCentral,1/21/2023,-0.3,19.6,23.8,2.6
CanadaCentral,1/22/2023,-0.5,29.9,26.7,2.9
CanadaCentral,1/23/2023,9.7,30.5,26.5,2.9
CanadaCentral,1/24/2023,-0.4,19.1,22.9,3
CanadaCentral,1/25/2023,-0.1,19.2,23.8,4.7
CanadaCentral,1/26/2023,14.6,33.1,23.2,1.1
CanadaCentral,1/27/2023,-11.1,17.3,15.9,-6
CanadaCentral,1/28/2023,-21.5,-2.5,2.5,-18.6
CanadaCentral,1/29/2023,-23.2,-7.1,-4.8,-23.3
CanadaCentral,1/30/2023,-25.2,-4.7,-3.7,-24
CanadaCentral,1/31/2023,-23.6,0.5,1.1,-21.1
CanadaCentral,2/1/2023,-14.6,7.4,2.8,-21
CanadaCentral,2/2/2023,-24.8,0.5,5.9,-17
CanadaCentral,2/3/2023,-11.6,9.9,11.3,-9.9
CanadaCentral,2/4/2023,6.8,23.7,20.7,2.3
CanadaCentral,2/5/2023,11.7,28.7,28.6,12.1
CanadaCentral,2/6/2023,17.9,33.3,31.2,13.4
CanadaCentral,2/7/2023,10.5,31.6,32.2,14.9
CanadaCentral,2/8/2023,16.3,31.7,30.7,8.8
CanadaCentral,2/9/2023,-0.4,28.8,30.7,7.4
CanadaCentral,2/10/2023,6.4,31.5,31.7,7.3
CanadaCentral,2/11/2023,15.8,34.7,33,10.7
CanadaCentral,2/12/2023,10,32.8,35,12.3
CanadaCentral,2/13/2023,11.2,37.5,34.6,7
CanadaCentral,2/14/2023,-0.3,33.6,28.1,1.2
CanadaCentral,2/15/2023,-7.4,13.3,19.3,-8.5
CanadaCentral,2/16/2023,-17.8,11,18.7,-6.4
CanadaCentral,2/17/2023,6.1,31.8,23.8,-1.2
CanadaCentral,2/18/2023,8.2,28.6,25.1,4.7
CanadaCentral,2/19/2023,-0.3,15,17.3,-1.5
CanadaCentral,2/20/2023,-12.3,8.3,7.3,-11
CanadaCentral,2/21/2023,-20.4,-1.4,-0.8,-20.7
CanadaCentral,2/22/2023,-29.3,-9.4,-5.7,-21.7
CanadaCentral,2/23/2023,-15.5,-6.3,-6.3,-23.8
CanadaCentral,2/24/2023,-26.7,-3.3,-1.7,-19.9
CanadaCentral,2/25/2023,-17.4,4.4,6.2,-17.6
CanadaCentral,2/26/2023,-8.8,17.5,17.7,-7.9
CanadaCentral,2/27/2023,2.4,31.4,22.6,-3.3
CanadaCentral,2/28/2023,-3.5,19,20.1,-3.9
CanadaCentral,3/1/2023,-10.6,10,17,-7.3
CanadaCentral,3/2/2023,-7.9,22,21,-2.7
CanadaCentral,3/3/2023,10.6,31,27.6,1.7
CanadaCentral,3/4/2023,2.5,29.7,26.9,3
CanadaCentral,3/5/2023,-4,20.1,19.7,-3.9
CanadaCentral,3/6/2023,-10.4,9.2,12.1,-8
CanadaCentral,3/7/2023,-9.6,7.1,9.5,-7.1
CanadaCentral,3/8/2023,-1.2,12.2,11.3,-2.3
CanadaCentral,3/9/2023,3.9,14.6,16.9,3.1
CanadaCentral,3/10/2023,6.6,23.8,20,7.6
CanadaCentral,3/11/2023,12.3,21.4,21.1,5.8
CanadaCentral,3/12/2023,-1.6,18,19.1,-0.6
CanadaCentral,3/13/2023,-12.5,17.8,21.5,-2.6
CanadaCentral,3/14/2023,6.2,28.7,25.1,1.4
CanadaCentral,3/15/2023,10.6,28.7,25.9,6.8
CanadaCentral,3/16/2023,3.6,20.5,19.8,3
CanadaCentral,3/17/2023,-5.2,10.2,16.3,-4.3
CanadaCentral,3/18/2023,-11.3,18.2,17.6,-4.8
CanadaCentral,3/19/2023,2.1,24.5,19.8,-2.6
CanadaCentral,3/20/2023,1.5,16.6,21.6,1.8
CanadaCentral,3/21/2023,1.8,23.6,21,1.7
CanadaCentral,3/22/2023,1.7,22.7,23.5,-0.1
CanadaCentral,3/23/2023,-3.7,24.2,25.7,0.9
CanadaCentral,3/24/2023,4.6,30.1,26.3,0.6
CanadaCentral,3/25/2023,1,24.6,26.7,1.6
CanadaCentral,3/26/2023,-0.8,25.4,21,-2.3
CanadaCentral,3/27/2023,-7.1,13.1,17.1,-5
CanadaCentral,3/28/2023,-7,12.7,15.8,-8.7
CanadaCentral,3/29/2023,-11.9,21.5,21.4,-6.6
CanadaCentral,3/30/2023,-1,29.9,26.2,-2.9
CanadaCentral,3/31/2023,4.2,27.2,29.8,2
CanadaCentral,4/1/2023,2.9,32.3,30.8,8.7
CanadaCentral,4/2/2023,18.9,32.8,29.9,9.9
CanadaCentral,4/3/2023,7.9,24.5,26.2,11.1
CanadaCentral,4/4/2023,6.5,21.3,22.6,8
CanadaCentral,4/5/2023,9.6,21.9,24,5.5
CanadaCentral,4/6/2023,0.5,28.8,26,2.6
CanadaCentral,4/7/2023,-2.3,27.4,30.8,3.2
CanadaCentral,4/8/2023,11.5,36.3,35.6,10.4
CanadaCentral,4/9/2023,21.9,43.1,41,20.6
CanadaCentral,4/10/2023,28.3,43.8,46.1,27.7
CanadaCentral,4/11/2023,32.9,51.6,46.5,30.8
CanadaCentral,4/12/2023,31,44.1,46.2,32
CanadaCentral,4/13/2023,31.9,42.8,42.6,31.7
CanadaCentral,4/14/2023,32.1,40.8,41.6,31.1
CanadaCentral,4/15/2023,29.3,41.4,44.3,29.3
CanadaCentral,4/16/2023,26.5,50.8,46.9,27.4
CanadaCentral,4/17/2023,26.4,48.4,48.1,27.1
CanadaCentral,4/18/2023,28.3,45,42.9,27.7
CanadaCentral,4/19/2023,28.3,35.2,37.6,28.1
CanadaCentral,4/20/2023,27.5,32.6,33.8,26.9
CanadaCentral,4/21/2023,24.9,33.5,34.3,23.8
CanadaCentral,4/22/2023,19.1,36.7,36.6,20.6
CanadaCentral,4/23/2023,17.9,39.6,39.1,20.9
CanadaCentral,4/24/2023,25.6,41.1,42.9,22.8
CanadaCentral,4/25/2023,24.8,47.9,47.2,27.7
CanadaCentral,4/26/2023,32.7,52.5,51.1,30.5
CanadaCentral,4/27/2023,34,53,52.6,32.9
CanadaCentral,4/28/2023,32.1,52.3,51.7,33.3
CanadaCentral,4/29/2023,33.9,49.6,51.9,31.8
CanadaCentral,4/30/2023,29.4,53.7,52,30.9
CanadaCentral,5/1/2023,29.6,52.5,57.8,29.5
CanadaCentral,5/2/2023,29.5,67.3,64.6,32.4
CanadaCentral,5/3/2023,38.2,73.9,70,35
CanadaCentral,5/4/2023,37.2,68.8,69.2,38.2
CanadaCentral,5/5/2023,39.1,64.8,65.2,39.3
CanadaCentral,5/6/2023,41.6,61.9,61.9,42
CanadaCentral,5/7/2023,45.4,59,58.4,44
CanadaCentral,5/8/2023,45.1,54.2,61.1,44
CanadaCentral,5/9/2023,41.6,70,67,44.1
CanadaCentral,5/10/2023,45.5,76.8,74.1,43.3
CanadaCentral,5/11/2023,42.7,75.5,75.6,46.9
CanadaCentral,5/12/2023,52.3,74.4,72.1,48.3
CanadaCentral,5/13/2023,49.9,66.5,72.4,47.5
CanadaCentral,5/14/2023,40.3,76.2,74.3,44.2
CanadaCentral,5/15/2023,42.3,80.2,78.4,44.3
CanadaCentral,5/16/2023,50.2,78.8,77.7,46.5
CanadaCentral,5/17/2023,47.1,74.2,67.3,44.7
CanadaCentral,5/18/2023,36.9,48.7,63.9,39.5
CanadaCentral,5/19/2023,34.4,68.7,65.1,37.9
CanadaCentral,5/20/2023,42.3,77.8,71.6,40.6
CanadaCentral,5/21/2023,45.1,68.2,76.2,43.9
CanadaCentral,5/22/2023,44.4,82.5,76.9,46.9
CanadaCentral,5/23/2023,51.1,79.9,78.2,48.5
CanadaCentral,5/24/2023,49.9,72.3,79.2,51.6
CanadaCentral,5/25/2023,53.9,85.3,79.5,54.5
CanadaCentral,5/26/2023,59.7,81.1,83.4,57.6
CanadaCentral,5/27/2023,59.4,83.9,83.4,58.5
CanadaCentral,5/28/2023,56.4,85.2,82.4,57.5
CanadaCentral,5/29/2023,56.7,78.2,81.4,56.1
CanadaCentral,5/30/2023,55.2,80.9,80.3,55
CanadaCentral,5/31/2023,53,81.8,82.1,56.2
CanadaCentral,6/1/2023,60.5,83.7,84.2,58.4
CanadaCentral,6/2/2023,61.6,87.2,86.6,62
CanadaCentral,6/3/2023,64,88.8,88.1,63
CanadaCentral,6/4/2023,63.3,88.3,88.1,63.2
CanadaCentral,6/5/2023,62.2,87.3,88.5,62.7
CanadaCentral,6/6/2023,62.6,89.9,88.4,62.8
CanadaCentral,6/7/2023,63.6,88,86.4,62.5
CanadaCentral,6/8/2023,61.2,81.4,82.4,60.3
CanadaCentral,6/9/2023,56,77.8,76.8,55.3
CanadaCentral,6/10/2023,48.8,71.4,74.8,49.5
CanadaCentral,6/11/2023,43.7,75.2,75.8,47.6
CanadaCentral,6/12/2023,50.3,80.7,79.9,49.4
CanadaCentral,6/13/2023,54.3,83.7,80.3,52.7
CanadaCentral,6/14/2023,53.6,76.5,78.8,53.1
CanadaCentral,6/15/2023,51.3,76.3,74.1,51.8
CanadaCentral,6/16/2023,50.4,69.5,73.9,49.4
CanadaCentral,6/17/2023,46.6,75.9,75.6,49.1
CanadaCentral,6/18/2023,50.3,81.5,79.9,52.2
CanadaCentral,6/19/2023,59.8,82.2,82.4,57.5
CanadaCentral,6/20/2023,62.3,83.7,80.3,60.3
CanadaCentral,6/21/2023,58.7,74.9,76.7,58.1
CanadaCentral,6/22/2023,53.2,71.5,73.1,54.1
CanadaCentral,6/23/2023,50.4,72.9,72.7,51.9
CanadaCentral,6/24/2023,52.2,73.8,75.6,51.8
CanadaCentral,6/25/2023,52.9,80,77.7,52.8
CanadaCentral,6/26/2023,53.2,79.3,79.9,53.8
CanadaCentral,6/27/2023,55.1,80.4,79.8,55.2
CanadaCentral,6/28/2023,57.3,79.8,78.9,55.6
CanadaCentral,6/29/2023,54.2,76.6,79,54.5
CanadaCentral,6/30/2023,52.1,80.7,81,54.5
CanadaCentral,7/1/2023,57.4,85.7,84.7,56.8
CanadaCentral,7/2/2023,61.1,87.6,82.4,56
CanadaCentral,7/3/2023,49.4,73.9,75.6,52.9
CanadaCentral,7/4/2023,48.3,65.2,68.9,46
CanadaCentral,7/5/2023,40.2,67.6,70.8,44.6
CanadaCentral,7/6/2023,45.4,79.6,73,43.9
CanadaCentral,7/7/2023,46,71.9,76.3,44.9
CanadaCentral,7/8/2023,43.3,77.5,77.2,46.4
CanadaCentral,7/9/2023,49.9,82.1,76.4,46.7
CanadaCentral,7/10/2023,47,69.5,73.3,45.1
CanadaCentral,7/11/2023,38.4,68.2,69.1,44
CanadaCentral,7/12/2023,46.6,69.5,71.7,45
CanadaCentral,7/13/2023,49.8,77.4,73.3,49.3
CanadaCentral,7/14/2023,51.4,73.1,73.2,49.4
CanadaCentral,7/15/2023,46.9,69.3,70,48.3
CanadaCentral,7/16/2023,46.5,67.6,70.2,45.2
CanadaCentral,7/17/2023,42.1,73.7,72,46.4
CanadaCentral,7/18/2023,50.4,74.7,74,48.4
CanadaCentral,7/19/2023,52.6,73.6,75.5,50.9
CanadaCentral,7/20/2023,49.7,78.2,77.6,50.7
CanadaCentral,7/21/2023,49.9,81.2,79.9,50.8
CanadaCentral,7/22/2023,52.7,80.3,81.6,52.1
CanadaCentral,7/23/2023,53.7,83.3,83.5,54.9
CanadaCentral,7/24/2023,58.3,86.9,85.5,58.5
CanadaCentral,7/25/2023,63.4,86.4,87.9,59.6
CanadaCentral,7/26/2023,57,90.3,87.3,55.9
CanadaCentral,7/27/2023,47.2,85.1,81.8,49.5
CanadaCentral,7/28/2023,44.4,70.1,76.8,44.1
CanadaCentral,7/29/2023,40.7,75.3,75.4,44.6
CanadaCentral,7/30/2023,48.8,80.9,80.1,47.8
CanadaCentral,7/31/2023,53.9,83.9,83.6,54.5
CanadaCentral,8/1/2023,60.8,85.9,86.4,56.7
CanadaCentral,8/2/2023,55.6,89.4,87.8,57.6
CanadaCentral,8/3/2023,56.6,88.2,87.2,56
CanadaCentral,8/4/2023,55.8,83.9,84.6,55.6
CanadaCentral,8/5/2023,54.4,81.6,81.7,53.9
CanadaCentral,8/6/2023,51.5,79.5,81,51.2
CanadaCentral,8/7/2023,47.6,81.8,79.6,50.1
CanadaCentral,8/8/2023,51.2,77.7,77.1,47.5
CanadaCentral,8/9/2023,43.7,71.8,71.5,46.9
CanadaCentral,8/10/2023,45.6,65.1,70.1,47
CanadaCentral,8/11/2023,51.7,73.5,70.6,49.4
CanadaCentral,8/12/2023,50.7,73.1,73.5,51
CanadaCentral,8/13/2023,50.4,73.7,76.6,49.5
CanadaCentral,8/14/2023,47.4,83,79.3,51.2
CanadaCentral,8/15/2023,55.7,81.3,80.1,52.7
CanadaCentral,8/16/2023,55.1,76.2,78.6,52.3
CanadaCentral,8/17/2023,46.1,78.4,81.3,52.3
CanadaCentral,8/18/2023,55.8,89.3,79.9,49.8
CanadaCentral,8/19/2023,47.6,71.9,77.3,50
CanadaCentral,8/20/2023,46.5,70.6,68.3,48.7
CanadaCentral,8/21/2023,51.9,62.4,66.7,51.7
CanadaCentral,8/22/2023,56.7,67.2,68,56.6
CanadaCentral,8/23/2023,61.3,74.4,75.4,58.9
CanadaCentral,8/24/2023,58.6,84.6,76.4,56.4
CanadaCentral,8/25/2023,49.4,70.1,76.6,51
CanadaCentral,8/26/2023,45.1,75.1,76.2,50.2
CanadaCentral,8/27/2023,56,83.5,79.7,51
CanadaCentral,8/28/2023,51.8,80.6,80.3,52.3
CanadaCentral,8/29/2023,49,76.8,80,49.3
CanadaCentral,8/30/2023,47.1,82.7,80.3,52
CanadaCentral,8/31/2023,60,81.5,82.9,54
CanadaCentral,9/1/2023,55,84.6,86.9,56.7
CanadaCentral,9/2/2023,55.2,94.7,88.9,53.7
CanadaCentral,9/3/2023,50.8,87.4,88.6,54.5
CanadaCentral,9/4/2023,57.4,83.7,77.9,51.6
CanadaCentral,9/5/2023,46.6,62.7,71.9,47.1
CanadaCentral,9/6/2023,37.3,69.2,69.3,43.7
CanadaCentral,9/7/2023,47.1,76,72.3,43.7
CanadaCentral,9/8/2023,46.7,71.6,73.4,45.6
CanadaCentral,9/9/2023,42.9,72.5,72.7,43.1
CanadaCentral,9/10/2023,39.6,74,70.6,41
CanadaCentral,9/11/2023,40.4,65.2,69.1,38
CanadaCentral,9/12/2023,34,68.1,68.8,38.1
CanadaCentral,9/13/2023,40,73.1,71.6,41
CanadaCentral,9/14/2023,48.9,73.6,70.4,44.5
CanadaCentral,9/15/2023,44.5,64.6,67.3,44.2
CanadaCentral,9/16/2023,39.3,63.6,68.6,41.1
CanadaCentral,9/17/2023,39.6,77.8,74.3,43.2
CanadaCentral,9/18/2023,50.8,81.5,79.5,44.9
CanadaCentral,9/19/2023,44.4,79.2,77.4,45.9
CanadaCentral,9/20/2023,42.4,71.6,72.2,44.8
CanadaCentral,9/21/2023,47.5,65.7,66.7,46.4
CanadaCentral,9/22/2023,49.4,62.7,63.7,50.4
CanadaCentral,9/23/2023,54.4,62.6,63,53.4
CanadaCentral,9/24/2023,56.4,63.6,64.9,53.6
CanadaCentral,9/25/2023,50.1,68.6,67.7,51.2
CanadaCentral,9/26/2023,47.1,70.8,69.5,48.5
CanadaCentral,9/27/2023,48.3,69.2,69.3,47
CanadaCentral,9/28/2023,45.6,68.1,69.8,44.4
CanadaCentral,9/29/2023,39.3,72.1,71.2,40.6
CanadaCentral,9/30/2023,36.9,73.4,70.4,43.9
CanadaCentral,10/1/2023,55.5,65.7,66.6,48.6
CanadaCentral,10/2/2023,53.3,60.8,63.5,51.9
CanadaCentral,10/3/2023,46.8,64.2,61.7,47.7
CanadaCentral,10/4/2023,42.8,60.1,58.4,42.7
CanadaCentral,10/5/2023,38.4,51,51.8,37.3
CanadaCentral,10/6/2023,30.7,44.4,52.9,33
CanadaCentral,10/7/2023,30,63.4,56.2,31.4
CanadaCentral,10/8/2023,33.5,60.8,59.4,31.3
CanadaCentral,10/9/2023,30.3,54,57.5,30.5
CanadaCentral,10/10/2023,27.7,57.5,54.5,29.7
CanadaCentral,10/11/2023,31.1,51.9,54.8,31.8
CanadaCentral,10/12/2023,36.6,54.9,52.3,35.3
CanadaCentral,10/13/2023,38.1,50.1,51.7,36.4
CanadaCentral,10/14/2023,34.4,50.2,52.5,33.9
CanadaCentral,10/15/2023,29.1,57.2,58,31.1
CanadaCentral,10/16/2023,29.7,66.6,63.1,31.9
CanadaCentral,10/17/2023,37,65.4,64.4,36.6
CanadaCentral,10/18/2023,43.2,61.3,64.2,39.3
CanadaCentral,10/19/2023,37.7,66,65.2,39.2
CanadaCentral,10/20/2023,36.7,68.3,63.3,37.5
CanadaCentral,10/21/2023,38,55.6,60.7,39.2
CanadaCentral,10/22/2023,43,58.3,53.1,37.6
CanadaCentral,10/23/2023,31.7,45.3,47.4,33.8
CanadaCentral,10/24/2023,26.6,38.5,37.8,27
CanadaCentral,10/25/2023,22.7,29.7,31.6,22.9
CanadaCentral,10/26/2023,19.3,26.5,26.9,19.2
CanadaCentral,10/27/2023,15.5,24.5,25.1,14
CanadaCentral,10/28/2023,7.1,24.2,24.8,9
CanadaCentral,10/29/2023,4.4,25.8,25.4,8.5
CanadaCentral,10/30/2023,13.9,26.2,24.5,6.1
CanadaCentral,10/31/2023,0,21.4,25.5,10.5
CanadaCentral,11/1/2023,17.5,29,27.6,11.9
CanadaCentral,11/2/2023,18.2,32.5,30.3,17.7
CanadaCentral,11/3/2023,17.5,29.6,31.8,20.3
CanadaCentral,11/4/2023,25.2,33.2,32.4,23.8
CanadaCentral,11/5/2023,28.6,34.5,33.3,27.2
CanadaCentral,11/6/2023,27.8,32.2,34.1,28
CanadaCentral,11/7/2023,27.5,35.5,34.7,28.3
CanadaCentral,11/8/2023,29.7,36.3,35.4,28.4
CanadaCentral,11/9/2023,28.1,34.4,34.2,27.4
CanadaCentral,11/10/2023,24.4,32,33.6,24.1
CanadaCentral,11/11/2023,19.8,34.5,37.1,24.3
CanadaCentral,11/12/2023,28.5,44.8,40.1,23.2
CanadaCentral,11/13/2023,21.3,40.9,44,25.7
CanadaCentral,11/14/2023,27.1,46.2,44.5,23.1
CanadaCentral,11/15/2023,20.8,46.5,43.7,21
CanadaCentral,11/16/2023,15,38.3,41.1,18.4
CanadaCentral,11/17/2023,19.5,38.6,41.6,18.8
CanadaCentral,11/18/2023,22,47.8,45,22.7
CanadaCentral,11/19/2023,26.7,48.6,48.2,25.8
CanadaCentral,11/20/2023,28.6,48.2,44.1,25.3
CanadaCentral,11/21/2023,20.7,35.4,39.1,20.7
CanadaCentral,11/22/2023,12.9,33.7,30,12.2
CanadaCentral,11/23/2023,3,20.9,27.2,5.7
CanadaCentral,11/24/2023,1.3,27.1,27.3,5
CanadaCentral,11/25/2023,10.6,33.9,30.1,4.9
CanadaCentral,11/26/2023,2.8,29.2,27.8,5.7
CanadaCentral,11/27/2023,3.7,20.1,29.1,7.1
CanadaCentral,11/28/2023,14.9,38.1,32.9,12.9
CanadaCentral,11/29/2023,20,40.6,37.3,18.1
CanadaCentral,11/30/2023,19.4,33.3,35.2,17
CanadaCentral,12/1/2023,11.7,31.8,33.2,16.6
CanadaCentral,12/2/2023,18.6,34.5,34.4,13.8
CanadaCentral,12/3/2023,11,37,35.7,13.7
CanadaCentral,12/4/2023,11.5,35.6,36.2,11.1
CanadaCentral,12/5/2023,10.7,36.1,39.7,17.4
CanadaCentral,12/6/2023,30.1,47.4,42.9,23.2
CanadaCentral,12/7/2023,28.7,45.1,41.8,27.4
CanadaCentral,12/8/2023,23.3,32.8,34.4,20.2
CanadaCentral,12/9/2023,8.6,25.4,26.9,11.8
CanadaCentral,12/10/2023,3.7,22.4,24.5,7.1
CanadaCentral,12/11/2023,8.9,25.7,23.3,5.5
CanadaCentral,12/12/2023,4,21.8,27.9,6.8
CanadaCentral,12/13/2023,7.6,36.3,31.3,10.8
CanadaCentral,12/14/2023,20.8,35.8,34.7,13.5
CanadaCentral,12/15/2023,12.2,31.9,33.4,12.7
CanadaCentral,12/16/2023,5.2,32.4,32.7,9.2
CanadaCentral,12/17/2023,10.2,33.6,30.5,4.6
CanadaCentral,12/18/2023,-1.5,25.4,29.3,9.6
CanadaCentral,12/19/2023,20,28.8,28.3,11
CanadaCentral,12/20/2023,14.4,30.8,31.9,17.4
CanadaCentral,12/21/2023,17.9,36.1,33.8,15.1
CanadaCentral,12/22/2023,13.1,34.5,36.2,17
CanadaCentral,12/23/2023,20,38.1,34.6,14.3
CanadaCentral,12/24/2023,9.8,31.3,31.9,10.9
CanadaCentral,12/25/2023,2.9,26.3,29.6,7.3
CanadaCentral,12/26/2023,9.3,31.2,30.8,6.5
CanadaCentral,12/27/2023,7.2,34.7,34.7,9
CanadaCentral,12/28/2023,10.4,38.2,35.8,11.6
CanadaCentral,12/29/2023,17.2,34.4,32.8,12.9
CanadaCentral,12/30/2023,11.2,25.8,29,10.8
CanadaCentral,12/31/2023,4.2,26.8,26.3,7.7
