Region,Date,Daily_Min_Temp,Daily_Avg_Temp,Daily_Max_Temp,3_Day_Rolling_Avg_Max_Temp,3_Day_Rolling_Avg_Min_Temp
GreatBasin,1/1/1980,30.2,33.9,39.2,38.4,29
GreatBasin,1/2/1980,27.8,32,37.5,38.2,28.4
GreatBasin,1/3/1980,27.3,31,37.9,37.9,27.4
GreatBasin,1/4/1980,27,31.2,38.4,38.8,28.5
GreatBasin,1/5/1980,31.1,34.1,40.1,38.6,26.3
GreatBasin,1/6/1980,20.8,28,37.2,35.4,23.8
GreatBasin,1/7/1980,19.6,23.3,29,32.5,20.8
GreatBasin,1/8/1980,21.9,25,31.4,31.5,22.5
GreatBasin,1/9/1980,26,28.5,34.2,32.6,25.2
GreatBasin,1/10/1980,27.6,30.8,32.3,32.2,23.6
GreatBasin,1/11/1980,17.2,21.6,30.2,34.8,24.5
GreatBasin,1/12/1980,28.6,34.9,41.8,38.6,28
GreatBasin,1/13/1980,38.1,40.5,43.8,43.2,35.3
GreatBasin,1/14/1980,39.2,41.2,44,43.1,36.9
GreatBasin,1/15/1980,33.4,37.4,41.5,42,34.4
GreatBasin,1/16/1980,30.7,34.8,40.4,40.4,32.2
GreatBasin,1/17/1980,32.5,34.9,39.2,38.6,30
GreatBasin,1/18/1980,26.7,30.3,36.3,34.5,25.4
GreatBasin,1/19/1980,17,22.1,27.9,31.7,20.5
GreatBasin,1/20/1980,17.7,22,30.9,31.4,19.4
GreatBasin,1/21/1980,23.6,26.9,35.4,33.3,20.6
GreatBasin,1/22/1980,20.6,26,33.7,34.6,22.2
GreatBasin,1/23/1980,22.3,26.8,34.6,35.4,23.1
GreatBasin,1/24/1980,26.4,30,38,35.9,24.6
GreatBasin,1/25/1980,25.2,29.8,35,34.2,23.2
GreatBasin,1/26/1980,18,23.3,29.5,30.4,20.1
GreatBasin,1/27/1980,17.1,20.9,26.6,26.5,15.8
GreatBasin,1/28/1980,12.4,17.7,23.4,25.2,15.5
GreatBasin,1/29/1980,16.9,19.7,25.6,25.5,13.9
GreatBasin,1/30/1980,12.3,18.5,27.4,28.5,15.3
GreatBasin,1/31/1980,16.6,21.6,32.5,33.2,17.9
GreatBasin,2/1/1980,24.8,29.2,39.6,38.5,23.9
GreatBasin,2/2/1980,30.4,35,43.3,42.3,29.9
GreatBasin,2/3/1980,34.4,38.1,44.1,43.5,32.4
GreatBasin,2/4/1980,32.4,38,43.2,43.5,31.9
GreatBasin,2/5/1980,29,34.7,43.2,43,31.7
GreatBasin,2/6/1980,33.6,36.9,42.5,42.1,29.7
GreatBasin,2/7/1980,26.4,32,40.6,39.2,26.8
GreatBasin,2/8/1980,20.4,26.5,34.5,37,22.6
GreatBasin,2/9/1980,21,26.6,35.8,35.7,21.3
GreatBasin,2/10/1980,22.5,28.3,36.7,36.7,22
GreatBasin,2/11/1980,22.5,28.6,37.5,37.9,23.4
GreatBasin,2/12/1980,25.1,30.6,39.6,38.3,24.8
GreatBasin,2/13/1980,26.7,31.8,37.8,38,26.9
GreatBasin,2/14/1980,29,31.7,36.6,37.4,28.6
GreatBasin,2/15/1980,30,32.9,37.7,38.3,29.5
GreatBasin,2/16/1980,29.6,33.7,40.7,40.3,30.9
GreatBasin,2/17/1980,33.1,36.2,42.4,42.5,33.4
GreatBasin,2/18/1980,37.5,39.8,44.3,43.4,35.2
GreatBasin,2/19/1980,35,39,43.4,42.9,35.5
GreatBasin,2/20/1980,33.9,37.1,41.1,41.6,33.3
GreatBasin,2/21/1980,31.1,35,40.3,40.4,31.2
GreatBasin,2/22/1980,28.7,34.1,39.9,40.1,29.4
GreatBasin,2/23/1980,28.4,33.6,40,40.9,28.1
GreatBasin,2/24/1980,27.1,33.3,42.7,42.9,28.5
GreatBasin,2/25/1980,30,35.9,46.1,46.3,30.5
GreatBasin,2/26/1980,34.3,40.2,50.1,49.7,34.1
GreatBasin,2/27/1980,38.1,44,52.9,51.6,36.9
GreatBasin,2/28/1980,38.2,43.7,51.7,49.9,36.1
GreatBasin,2/29/1980,31.9,37.6,45.2,47.5,33.1
GreatBasin,3/1/1980,29.1,35.7,45.6,46.1,31.4
GreatBasin,3/2/1980,33.3,38.8,47.5,46.3,31.8
GreatBasin,3/3/1980,32.9,38,45.9,44.6,31.5
GreatBasin,3/4/1980,28.4,33.9,40.4,42.7,29.9
GreatBasin,3/5/1980,28.4,33.7,41.8,40.7,28.6
GreatBasin,3/6/1980,29,34.1,40,40.2,27.9
GreatBasin,3/7/1980,26.3,31.8,38.8,40,27
GreatBasin,3/8/1980,25.7,32.1,41.3,41.4,26.8
GreatBasin,3/9/1980,28.3,34.7,44,44,28
GreatBasin,3/10/1980,30.1,37.1,46.8,45.6,30.3
GreatBasin,3/11/1980,32.6,38.3,46,45.3,29.8
GreatBasin,3/12/1980,26.7,33.5,43.1,44.8,28.8
GreatBasin,3/13/1980,27.2,33.8,45.4,46,29.4
GreatBasin,3/14/1980,34.4,40.1,49.5,47.7,31.9
GreatBasin,3/15/1980,34.2,40.4,48.2,46.3,30.9
GreatBasin,3/16/1980,24.1,31.4,41.2,44,26.9
GreatBasin,3/17/1980,22.3,30.1,42.5,42.9,25.7
GreatBasin,3/18/1980,30.6,36.4,45.1,43.8,27.6
GreatBasin,3/19/1980,29.8,36.3,43.9,45.5,30.1
GreatBasin,3/20/1980,29.8,37.2,47.6,46,30.4
GreatBasin,3/21/1980,31.7,37.9,46.5,45.6,30.1
GreatBasin,3/22/1980,28.9,35.2,42.8,44.4,30.1
GreatBasin,3/23/1980,29.8,36,44,43.2,29
GreatBasin,3/24/1980,28.3,34.8,42.8,42.2,28.2
GreatBasin,3/25/1980,26.6,32.6,39.8,42,27
GreatBasin,3/26/1980,26.2,33.6,43.3,41.8,27.3
GreatBasin,3/27/1980,29,35.1,42.3,42.9,27.3
GreatBasin,3/28/1980,26.7,33.8,43.1,44.5,28.3
GreatBasin,3/29/1980,29.1,36.8,48.1,46.2,29.2
GreatBasin,3/30/1980,31.8,37.6,47.3,45,28.5
GreatBasin,3/31/1980,24.7,31.6,39.7,42.6,27.5
GreatBasin,4/1/1980,25.9,32.6,40.8,41,25.8
GreatBasin,4/2/1980,26.7,33.8,42.4,43,27
GreatBasin,4/3/1980,28.3,35.6,45.8,46.7,29
GreatBasin,4/4/1980,31.9,40,52,50,32.5
GreatBasin,4/5/1980,37.2,44.2,52.3,51.4,34.5
GreatBasin,4/6/1980,34.5,41.9,49.9,49.8,34.1
GreatBasin,4/7/1980,30.5,38.2,47.3,49.8,31.6
GreatBasin,4/8/1980,29.8,38.9,52.1,52,32.6
GreatBasin,4/9/1980,37.6,45.5,56.7,54.8,35
GreatBasin,4/10/1980,37.7,45.9,55.5,54.2,36
GreatBasin,4/11/1980,32.6,40.7,50.5,52.8,34.2
GreatBasin,4/12/1980,32.2,41,52.5,53.2,33.2
GreatBasin,4/13/1980,34.8,44.5,56.6,57,35.4
GreatBasin,4/14/1980,39.3,48.8,61.8,59.8,38.6
GreatBasin,4/15/1980,41.7,51,60.9,62,40.2
GreatBasin,4/16/1980,39.6,50.8,63.3,64.7,41.7
GreatBasin,4/17/1980,43.9,55.3,69.9,68.1,43.6
GreatBasin,4/18/1980,47.3,58.6,71.2,71.7,46.5
GreatBasin,4/19/1980,48.4,60.5,73.9,73,48.7
GreatBasin,4/20/1980,50.4,62,73.8,73.1,49.1
GreatBasin,4/21/1980,48.4,59,71.6,70.2,47.5
GreatBasin,4/22/1980,43.8,52.8,65.2,64.7,44.7
GreatBasin,4/23/1980,41.8,49.7,57.3,60.7,42.3
GreatBasin,4/24/1980,41.3,49.8,59.6,60.2,41.8
GreatBasin,4/25/1980,42.4,52,63.7,63.5,42.6
GreatBasin,4/26/1980,44.1,55.1,67.2,67.2,44.4
GreatBasin,4/27/1980,46.6,57.9,70.6,69.7,46.6
GreatBasin,4/28/1980,49,60,71.2,70.4,48.2
GreatBasin,4/29/1980,48.9,57.2,69.5,66.4,46.6
GreatBasin,4/30/1980,42,49.1,58.4,63.4,44.6
GreatBasin,5/1/1980,43,51.3,62.4,62.3,43.6
GreatBasin,5/2/1980,45.7,55.4,66,65.5,45.7
GreatBasin,5/3/1980,48.4,58.1,68.1,68.2,48
GreatBasin,5/4/1980,50,60,70.4,69.7,49.9
GreatBasin,5/5/1980,51.2,61.4,70.6,70.1,50.7
GreatBasin,5/6/1980,50.9,60.4,69.3,68.6,49.9
GreatBasin,5/7/1980,47.5,56.8,65.9,66.9,48.3
GreatBasin,5/8/1980,46.5,56.1,65.5,65.2,46.5
GreatBasin,5/9/1980,45.5,53.2,64.1,61.4,44
GreatBasin,5/10/1980,39.9,47.1,54.5,57.4,40.9
GreatBasin,5/11/1980,37.4,45.4,53.7,54.7,38.3
GreatBasin,5/12/1980,37.7,45.9,55.8,56.8,38.5
GreatBasin,5/13/1980,40.4,49.9,60.8,59.3,40.3
GreatBasin,5/14/1980,42.9,52.5,61.4,61,42.2
GreatBasin,5/15/1980,43.3,52.4,60.9,61.7,43.7
GreatBasin,5/16/1980,44.8,53.5,62.8,62.5,43.8
GreatBasin,5/17/1980,43.3,52.8,63.8,65.2,44.9
GreatBasin,5/18/1980,46.6,57.3,69.1,69,46.7
GreatBasin,5/19/1980,50.1,61.6,74.2,73.8,50.1
GreatBasin,5/20/1980,53.6,65.5,78.1,77.7,53.3
GreatBasin,5/21/1980,56.3,68.4,80.8,79.3,55.3
GreatBasin,5/22/1980,55.9,67.1,79.1,77.4,53.3
GreatBasin,5/23/1980,47.7,57.3,72.3,69.7,47.2
GreatBasin,5/24/1980,37.9,46.5,57.6,60.3,40.8
GreatBasin,5/25/1980,36.7,43.8,50.9,56,37.6
GreatBasin,5/26/1980,38.1,47.1,59.6,58.4,39.1
GreatBasin,5/27/1980,42.4,53.1,64.8,63.1,41.6
GreatBasin,5/28/1980,44.2,54.8,64.8,64.5,43.7
GreatBasin,5/29/1980,44.4,54.6,63.9,64.8,44.7
GreatBasin,5/30/1980,45.5,55.9,65.6,64.9,45.4
GreatBasin,5/31/1980,46.3,55.7,65.1,65.2,45.9
GreatBasin,6/1/1980,46,56.2,64.9,64.4,45.9
GreatBasin,6/2/1980,45.5,54.8,63.2,64.6,45.1
GreatBasin,6/3/1980,43.9,54.5,65.8,66.2,45.5
GreatBasin,6/4/1980,47,57.8,69.5,68,45.8
GreatBasin,6/5/1980,46.6,58.1,68.8,68.6,46.8
GreatBasin,6/6/1980,46.7,57.3,67.6,69.8,46.5
GreatBasin,6/7/1980,46.3,58.4,72.9,73.1,48.2
GreatBasin,6/8/1980,51.7,64.4,78.7,77.6,51.2
GreatBasin,6/9/1980,55.6,68.5,81.3,80.9,54.8
GreatBasin,6/10/1980,57.1,70.1,82.8,81.9,56.5
GreatBasin,6/11/1980,56.9,69.4,81.7,81,56.3
GreatBasin,6/12/1980,54.8,65.9,78.4,78.3,53.8
GreatBasin,6/13/1980,49.8,62.3,74.7,75.7,51.4
GreatBasin,6/14/1980,49.7,62.1,73.9,73.4,49.6
GreatBasin,6/15/1980,49.3,61,71.7,74.8,50.4
GreatBasin,6/16/1980,52.2,64.6,78.9,78.1,52.8
GreatBasin,6/17/1980,57,69.8,83.7,82.4,56.4
GreatBasin,6/18/1980,60.1,72.5,84.6,83.9,58.7
GreatBasin,6/19/1980,59,71.6,83.4,84.2,59.4
GreatBasin,6/20/1980,59.1,71.9,84.6,84.1,59.2
GreatBasin,6/21/1980,59.6,72.3,84.2,84.4,59.2
GreatBasin,6/22/1980,58.9,72.1,84.4,84.1,59
GreatBasin,6/23/1980,58.5,69.6,83.7,83.2,57
GreatBasin,6/24/1980,53.6,66.6,81.4,83.2,56.7
GreatBasin,6/25/1980,58,71.1,84.5,83.3,57.3
GreatBasin,6/26/1980,60.3,72.6,83.9,83.5,57.4
GreatBasin,6/27/1980,53.8,66.6,82,83.3,57
GreatBasin,6/28/1980,56.8,69.4,84.1,84.5,57.8
GreatBasin,6/29/1980,62.7,75.1,87.4,85.7,61.8
GreatBasin,6/30/1980,66,75.3,85.6,84.4,63.2
GreatBasin,7/1/1980,61,70.5,80.3,81.5,62.1
GreatBasin,7/2/1980,59.4,69.4,78.6,79.6,59.6
GreatBasin,7/3/1980,58.3,69.3,80,80.6,58.4
GreatBasin,7/4/1980,57.4,70.1,83.3,83,58.3
GreatBasin,7/5/1980,59.1,72.4,85.6,85.2,59.3
GreatBasin,7/6/1980,61.3,74.1,86.6,85.8,61.6
GreatBasin,7/7/1980,64.5,73.6,85.3,84.5,62.4
GreatBasin,7/8/1980,61.5,71.8,81.7,84.3,62.3
GreatBasin,7/9/1980,61,73,85.9,84.5,61.8
GreatBasin,7/10/1980,62.9,75,85.9,86.4,62.2
GreatBasin,7/11/1980,62.8,75,87.5,86.7,63.7
GreatBasin,7/12/1980,65.4,76,86.6,85.6,63.3
GreatBasin,7/13/1980,61.6,72.2,82.8,83.8,61.9
GreatBasin,7/14/1980,58.7,70.8,81.9,82.7,60
GreatBasin,7/15/1980,59.6,71.2,83.5,84.6,60.3
GreatBasin,7/16/1980,62.5,75,88.5,86.7,62.4
GreatBasin,7/17/1980,65.2,76.9,88,88.2,63.4
GreatBasin,7/18/1980,62.5,75.3,88.1,87.9,63.8
GreatBasin,7/19/1980,63.6,75.4,87.6,87.3,62.6
GreatBasin,7/20/1980,61.8,74,86.3,88.3,63.3
GreatBasin,7/21/1980,64.5,77,91,90.2,64.8
GreatBasin,7/22/1980,68.1,80.6,93.4,92.3,67.4
GreatBasin,7/23/1980,69.6,81.4,92.5,92.1,68.6
GreatBasin,7/24/1980,68,79.8,90.3,91.3,68.1
GreatBasin,7/25/1980,66.6,79.2,91.1,90.5,67.5
GreatBasin,7/26/1980,67.9,79.4,90.2,90.4,67.1
GreatBasin,7/27/1980,66.8,78.7,89.8,90.8,67.5
GreatBasin,7/28/1980,67.9,80,92.3,91,68.4
GreatBasin,7/29/1980,70.5,79.8,91,90.5,68.2
GreatBasin,7/30/1980,66.3,77.3,88.1,89,68.1
GreatBasin,7/31/1980,67.6,78.1,88,87.6,67.1
GreatBasin,8/1/1980,67.4,77.8,86.7,87.8,67
GreatBasin,8/2/1980,66.1,77.3,88.8,87.9,66
GreatBasin,8/3/1980,64.5,75.3,88.1,86.2,62.7
GreatBasin,8/4/1980,57.4,69.4,81.8,85.3,60.8
GreatBasin,8/5/1980,60.6,72.6,86.1,84.7,60.2
GreatBasin,8/6/1980,62.6,74.5,86.1,86.5,62.2
GreatBasin,8/7/1980,63.3,75.1,87.2,87.6,63.4
GreatBasin,8/8/1980,64.4,76.5,89.6,88.5,64.2
GreatBasin,8/9/1980,64.8,76.6,88.6,88.6,64
GreatBasin,8/10/1980,62.8,75.2,87.6,89.2,63.8
GreatBasin,8/11/1980,63.9,77,91.5,89.8,64.4
GreatBasin,8/12/1980,66.6,78.3,90.4,89.5,64.8
GreatBasin,8/13/1980,63.8,75.2,86.7,87,64.3
GreatBasin,8/14/1980,62.6,73.3,84,83.6,61.6
GreatBasin,8/15/1980,58.4,68.4,80.1,80.6,58.9
GreatBasin,8/16/1980,55.8,66.3,77.7,79.9,57
GreatBasin,8/17/1980,56.7,68.4,82,80.3,57.6
GreatBasin,8/18/1980,60.3,70.1,81.1,79.7,56.3
GreatBasin,8/19/1980,52,62.4,75.9,78,54.8
GreatBasin,8/20/1980,52,63.1,76.9,78.4,53.3
GreatBasin,8/21/1980,55.9,68,82.3,80.5,55.7
GreatBasin,8/22/1980,59.3,70.8,82.2,81.6,57.7
GreatBasin,8/23/1980,57.8,68.9,80.3,80.8,58.8
GreatBasin,8/24/1980,59.3,69.7,79.8,79.4,58.1
GreatBasin,8/25/1980,57.3,67.5,78.1,79.1,57.5
GreatBasin,8/26/1980,56,66.6,79.5,79.2,57.4
GreatBasin,8/27/1980,59,69.3,79.9,79.6,56.7
GreatBasin,8/28/1980,55,67.1,79.5,79.2,56.5
GreatBasin,8/29/1980,55.4,66.5,78.1,77.5,55.4
GreatBasin,8/30/1980,55.8,65,74.8,75,54.1
GreatBasin,8/31/1980,51.1,61.8,72.2,74.2,53
GreatBasin,9/1/1980,52,62.9,75.7,76.1,53.3
GreatBasin,9/2/1980,56.9,67.4,80.5,78.5,54.9
GreatBasin,9/3/1980,55.8,66.9,79.3,80.5,56.2
GreatBasin,9/4/1980,56,67.6,81.7,82,57.3
GreatBasin,9/5/1980,60,71.4,84.9,83.5,59.2
GreatBasin,9/6/1980,61.6,72.9,84,83.3,60.3
GreatBasin,9/7/1980,59.4,68.5,80.9,79.6,58.9
GreatBasin,9/8/1980,55.6,64.4,73.8,76.4,56.9
GreatBasin,9/9/1980,55.7,65,74.5,73.7,56
GreatBasin,9/10/1980,56.8,64.2,72.9,72.6,56
GreatBasin,9/11/1980,55.6,62.7,70.3,72.2,55.4
GreatBasin,9/12/1980,53.9,62.9,73.4,72.1,54.4
GreatBasin,9/13/1980,53.8,62.9,72.6,73.6,53.5
GreatBasin,9/14/1980,52.8,62.6,74.7,73.8,53.6
GreatBasin,9/15/1980,54.2,63.8,74.1,74.3,53.4
GreatBasin,9/16/1980,53.1,63.1,74,75.8,54.2
GreatBasin,9/17/1980,55.4,65.7,79.2,77.7,55.4
GreatBasin,9/18/1980,57.7,68,79.9,78.8,56
GreatBasin,9/19/1980,54.8,64.3,77.4,75.7,54.1
GreatBasin,9/20/1980,49.7,59.2,69.8,71.7,50.8
GreatBasin,9/21/1980,47.9,56.7,68,67.9,47.2
GreatBasin,9/22/1980,44,54.1,65.9,67.7,46.3
GreatBasin,9/23/1980,47.1,56.9,69.3,68.5,46.8
GreatBasin,9/24/1980,49.3,59.2,70.4,71.3,48.8
GreatBasin,9/25/1980,50.1,60.4,74.1,73.9,51
GreatBasin,9/26/1980,53.6,63.8,77.1,76.6,53.2
GreatBasin,9/27/1980,56,66,78.6,77.6,55.4
GreatBasin,9/28/1980,56.6,66.4,77.1,77.6,55.6
GreatBasin,9/29/1980,54.2,64.6,77.2,78.2,56
GreatBasin,9/30/1980,57.1,67.1,80.2,78.4,56
GreatBasin,10/1/1980,56.7,67,77.8,78.4,56
GreatBasin,10/2/1980,54.2,64.9,77.3,78.2,55.4
GreatBasin,10/3/1980,55.3,65.9,79.5,78.8,55.3
GreatBasin,10/4/1980,56.5,67.1,79.6,79.2,56.1
GreatBasin,10/5/1980,56.5,66.9,78.6,79.3,56.4
GreatBasin,10/6/1980,56.2,66.7,79.8,79.3,56.5
GreatBasin,10/7/1980,56.9,67.3,79.6,79.3,56.6
GreatBasin,10/8/1980,56.6,66.8,78.6,77.8,55.8
GreatBasin,10/9/1980,53.8,63.8,75.2,75.6,53.7
GreatBasin,10/10/1980,50.7,60.7,73,74.2,52
GreatBasin,10/11/1980,51.5,61.3,74.3,72.7,51.8
GreatBasin,10/12/1980,53.2,60.6,70.9,69.3,49.7
GreatBasin,10/13/1980,44.3,53.3,62.8,64.4,46.9
GreatBasin,10/14/1980,43.1,49.6,59.6,58,41.3
GreatBasin,10/15/1980,36.6,41.6,51.7,51.9,37.6
GreatBasin,10/16/1980,33.1,38.3,44.5,48.3,34.4
GreatBasin,10/17/1980,33.5,39.2,48.8,49.2,34.2
GreatBasin,10/18/1980,36.1,43.2,54.4,53.8,36.2
GreatBasin,10/19/1980,39,46.7,58.2,57.7,38.7
GreatBasin,10/20/1980,41.1,49.2,60.5,59.7,40.8
GreatBasin,10/21/1980,42.3,50.6,60.5,59.1,41
GreatBasin,10/22/1980,39.5,47.7,56.3,56.9,39.3
GreatBasin,10/23/1980,36.1,44.1,53.9,55.8,37.4
GreatBasin,10/24/1980,36.5,44.6,57.1,56.2,37.5
GreatBasin,10/25/1980,40,47.5,57.7,55.8,38.4
GreatBasin,10/26/1980,38.8,44.6,52.7,51.9,37.2
GreatBasin,10/27/1980,32.7,38.5,45.3,48.6,34.1
GreatBasin,10/28/1980,30.8,37.6,47.8,48.5,32.4
GreatBasin,10/29/1980,33.8,40.6,52.3,52.3,34.1
GreatBasin,10/30/1980,37.7,44.9,56.7,56.3,37.3
GreatBasin,10/31/1980,40.5,48.3,59.9,59,40.2
GreatBasin,11/1/1980,42.5,49.8,60.5,59.8,42.3
GreatBasin,11/2/1980,43.9,50.5,58.9,60.1,42.9
GreatBasin,11/3/1980,42.2,49.7,60.8,61.5,43.9
GreatBasin,11/4/1980,45.6,52.9,64.9,63.8,44.8
GreatBasin,11/5/1980,46.5,54.6,65.8,64.8,46.8
GreatBasin,11/6/1980,48.3,55.2,63.7,64.4,47.3
GreatBasin,11/7/1980,47.2,54.1,63.6,61.9,46.2
GreatBasin,11/8/1980,43.1,50.7,58.3,59.9,43.7
GreatBasin,11/9/1980,40.9,47.6,57.7,57.6,41.5
GreatBasin,11/10/1980,40.5,47.7,56.8,56.4,41.4
GreatBasin,11/11/1980,42.7,47.6,54.8,54.1,40.9
GreatBasin,11/12/1980,39.5,44.4,50.6,49.4,37.6
GreatBasin,11/13/1980,30.5,36.3,42.9,44.6,32.3
GreatBasin,11/14/1980,26.9,32.7,40.3,40.8,27.4
GreatBasin,11/15/1980,24.7,31,39.2,39.3,25
GreatBasin,11/16/1980,23.3,29.6,38.3,39.4,24.3
GreatBasin,11/17/1980,25,30.6,40.6,40.5,25.3
GreatBasin,11/18/1980,27.5,33.2,42.5,42.5,27.3
GreatBasin,11/19/1980,29.5,35.2,44.5,43.8,29
GreatBasin,11/20/1980,29.9,36.1,44.4,45.3,30.4
GreatBasin,11/21/1980,31.8,37.4,46.9,45,32.2
GreatBasin,11/22/1980,34.8,38.8,43.6,44.5,32.5
GreatBasin,11/23/1980,30.8,36.1,43,41.7,30.9
GreatBasin,11/24/1980,27.1,32.6,38.4,39.4,26.8
GreatBasin,11/25/1980,22.5,28,36.7,38.6,25.4
GreatBasin,11/26/1980,26.5,31.7,40.7,40.4,25.9
GreatBasin,11/27/1980,28.7,33.6,43.9,44.2,30
GreatBasin,11/28/1980,34.8,39.1,48.1,47.6,33.8
GreatBasin,11/29/1980,37.8,41.9,50.7,48.2,37
GreatBasin,11/30/1980,38.5,42,45.9,45.8,34.7
GreatBasin,12/1/1980,27.8,34,40.7,43.5,32.4
GreatBasin,12/2/1980,30.8,34.9,44,43.9,32.2
GreatBasin,12/3/1980,38,40.9,47,44.9,35.4
GreatBasin,12/4/1980,37.5,40.6,43.6,43,34.8
GreatBasin,12/5/1980,28.8,33.2,38.3,38.8,30.2
GreatBasin,12/6/1980,24.2,28.5,34.6,34.2,24.4
GreatBasin,12/7/1980,20.3,25.1,29.7,31.6,20.7
GreatBasin,12/8/1980,17.6,22.3,30.5,30.9,18.8
GreatBasin,12/9/1980,18.4,23.6,32.4,33.4,19.4
GreatBasin,12/10/1980,22.2,26.8,37.2,37.3,23.2
GreatBasin,12/11/1980,29.1,33.2,42.3,40.6,26.9
GreatBasin,12/12/1980,29.5,34.9,42.3,42,29.4
GreatBasin,12/13/1980,29.7,34.4,41.4,41.6,29.2
GreatBasin,12/14/1980,28.5,33.9,41.1,42.8,30.6
GreatBasin,12/15/1980,33.7,37.3,46,45.1,32.8
GreatBasin,12/16/1980,36.2,40.2,48.1,47.7,35.8
GreatBasin,12/17/1980,37.6,41.9,48.9,47,35.9
GreatBasin,12/18/1980,33.9,39.2,43.9,44.8,33.8
GreatBasin,12/19/1980,29.8,34.8,41.6,42.8,31.7
GreatBasin,12/20/1980,31.4,35.5,42.9,42.8,31.2
GreatBasin,12/21/1980,32.5,36.8,43.8,44.3,33.6
GreatBasin,12/22/1980,36.9,40.2,46.3,44.2,33.8
GreatBasin,12/23/1980,32,37.4,42.5,44.1,33.2
GreatBasin,12/24/1980,30.6,35.2,43.4,44.7,33.5
GreatBasin,12/25/1980,37.9,40.9,48.3,48,36.5
GreatBasin,12/26/1980,41,44.9,52.3,51,40.1
GreatBasin,12/27/1980,41.4,45.9,52.5,51.6,40.4
GreatBasin,12/28/1980,38.8,44,49.9,50.3,38.8
GreatBasin,12/29/1980,36.2,41.2,48.4,49.1,37.3
GreatBasin,12/30/1980,36.8,41.4,49,48.7,36.6
GreatBasin,12/31/1980,36.8,41.8,48.7,48.4,36.2
GreatBasin,1/1/1981,34.9,40.5,47.5,47.7,35.6
GreatBasin,1/2/1981,35,40.1,47,46.8,34.8
GreatBasin,1/3/1981,34.6,39.1,46,45.7,34.4
GreatBasin,1/4/1981,33.7,38.5,44.1,43.8,32.9
GreatBasin,1/5/1981,30.4,35.5,41.3,41.8,30.2
GreatBasin,1/6/1981,26.4,32.1,40,41.1,28.7
GreatBasin,1/7/1981,29.2,34.1,42.1,41.1,28
GreatBasin,1/8/1981,28.4,34,41.1,41.7,28.7
GreatBasin,1/9/1981,28.4,33.8,42,42.3,28.9
GreatBasin,1/10/1981,29.8,35.4,43.9,43.1,29.7
GreatBasin,1/11/1981,30.8,35.8,43.5,43.1,30.8
GreatBasin,1/12/1981,31.8,35.9,41.8,42.8,31.2
GreatBasin,1/13/1981,30.9,36,43.2,42.8,31.1
GreatBasin,1/14/1981,30.5,35.9,43.4,43,30.7
GreatBasin,1/15/1981,30.6,35.8,42.5,42.4,30.1
GreatBasin,1/16/1981,29.1,34.4,41.3,42.4,30.3
GreatBasin,1/17/1981,31.2,35.3,43.5,43.4,31
GreatBasin,1/18/1981,32.6,37.7,45.4,44.9,32.3
GreatBasin,1/19/1981,33,37.9,45.8,46.3,33.1
GreatBasin,1/20/1981,33.7,39.2,47.6,47.5,33.9
GreatBasin,1/21/1981,34.9,40.3,49,49,34.9
GreatBasin,1/22/1981,36.1,41.6,50.3,49.2,36.4
GreatBasin,1/23/1981,38.3,42.3,48.3,48,35.6
GreatBasin,1/24/1981,32.3,37.4,45.3,43.4,32.1
GreatBasin,1/25/1981,25.6,30.9,36.6,39.4,27.2
GreatBasin,1/26/1981,23.8,28.9,36.3,37.8,25.8
GreatBasin,1/27/1981,28.1,32.4,40.6,38.9,27.9
GreatBasin,1/28/1981,31.7,35,39.8,39.7,29.5
GreatBasin,1/29/1981,28.7,33.1,38.8,38.2,29.3
GreatBasin,1/30/1981,27.4,31.4,35.9,35.4,26
GreatBasin,1/31/1981,21.9,26.4,31.5,33.3,23.1
GreatBasin,2/1/1981,19.9,24.9,32.6,32.8,20.7
GreatBasin,2/2/1981,20.2,25.1,34.4,34.3,20.4
GreatBasin,2/3/1981,21,26.8,35.8,35.2,20.5
GreatBasin,2/4/1981,20.4,26.8,35.5,35.9,21.1
GreatBasin,2/5/1981,21.8,27.2,36.3,36.1,22.3
GreatBasin,2/6/1981,24.6,29.3,36.6,35.9,22.8
GreatBasin,2/7/1981,22,27.7,34.8,36.3,23.8
GreatBasin,2/8/1981,24.8,29.3,37.5,35.6,24.1
GreatBasin,2/9/1981,25.5,29.5,34.5,34.6,22
GreatBasin,2/10/1981,15.6,22.7,31.7,33.9,19.9
GreatBasin,2/11/1981,18.7,23.8,35.6,36.8,21
GreatBasin,2/12/1981,28.8,33.1,43,41.6,26.4
GreatBasin,2/13/1981,31.7,37.1,46.2,45.6,33
GreatBasin,2/14/1981,38.4,41.5,47.5,47.1,34.7
GreatBasin,2/15/1981,34,40.1,47.7,48.6,36.2
GreatBasin,2/16/1981,36.1,41.3,50.7,49.4,36.2
GreatBasin,2/17/1981,38.4,43.8,49.9,50.9,36.8
GreatBasin,2/18/1981,36,42.2,52.2,52.5,38.4
GreatBasin,2/19/1981,40.8,46.5,55.5,53.3,36.8
GreatBasin,2/20/1981,33.7,41,52.2,49.3,33.1
GreatBasin,2/21/1981,24.8,31.1,40.3,46.3,29.1
GreatBasin,2/22/1981,28.7,35.1,46.5,46.1,28.9
GreatBasin,2/23/1981,33.1,40,51.4,49.6,32.5
GreatBasin,2/24/1981,35.6,42.4,50.9,50.2,34
GreatBasin,2/25/1981,33.3,40.2,48.3,48.1,33.7
GreatBasin,2/26/1981,32.2,37.3,45.2,45.9,31.3
GreatBasin,2/27/1981,28.4,35.1,44.2,45.4,30.3
GreatBasin,2/28/1981,30.3,37,46.7,45.4,30.5
GreatBasin,3/1/1981,32.8,38.5,45.4,45.5,32
GreatBasin,3/2/1981,32.8,38,44.4,44.9,32.3
GreatBasin,3/3/1981,31.3,37.1,44.8,45.2,31.8
GreatBasin,3/4/1981,31.2,37.7,46.3,45.3,31.8
GreatBasin,3/5/1981,33,38,44.9,44.5,31.7
GreatBasin,3/6/1981,30.8,36.2,42.3,44.1,31.5
GreatBasin,3/7/1981,30.8,36.4,45.1,45.3,31.3
GreatBasin,3/8/1981,32.4,39,48.4,47.7,32.3
GreatBasin,3/9/1981,33.7,40.7,49.6,49.4,33.3
GreatBasin,3/10/1981,33.9,41.3,50.1,50.1,34
GreatBasin,3/11/1981,34.3,41.6,50.7,50.6,34.3
GreatBasin,3/12/1981,34.6,42.2,50.9,50.4,34.4
GreatBasin,3/13/1981,34.2,41.6,49.6,49.9,33.9
GreatBasin,3/14/1981,32.9,39.9,49.1,50.5,33.9
GreatBasin,3/15/1981,34.7,42.3,52.9,51.3,35.3
GreatBasin,3/16/1981,38.4,44,51.9,50.6,34.7
GreatBasin,3/17/1981,30.9,37.9,47.1,48.1,32.8
GreatBasin,3/18/1981,29.1,35.9,45.2,46.7,31.5
GreatBasin,3/19/1981,34.6,39.9,47.9,46.5,32.9
GreatBasin,3/20/1981,35.1,40,46.3,46.6,33.4
GreatBasin,3/21/1981,30.5,36.4,45.7,47.6,33.1
GreatBasin,3/22/1981,33.7,40.7,50.8,49.8,33.4
GreatBasin,3/23/1981,35.9,43.5,52.8,52.3,35.7
GreatBasin,3/24/1981,37.4,44.8,53.4,54.1,37.2
GreatBasin,3/25/1981,38.4,46,56,54.6,38.7
GreatBasin,3/26/1981,40.2,45.4,54.5,51.7,36.9
GreatBasin,3/27/1981,32.1,37.8,44.6,49,35
GreatBasin,3/28/1981,32.6,38.5,47.9,48,33.3
GreatBasin,3/29/1981,35.2,42.1,51.4,49.7,33.4
GreatBasin,3/30/1981,32.5,39.6,49.8,50.1,32.5
GreatBasin,3/31/1981,29.8,37.5,49.1,50.9,33.2
GreatBasin,4/1/1981,37.2,43.8,53.9,51.7,34.5
GreatBasin,4/2/1981,36.6,43.8,52.2,51.1,34.7
GreatBasin,4/3/1981,30.2,37.6,47.3,48.5,32.1
GreatBasin,4/4/1981,29.4,36.4,46,49.8,30.8
GreatBasin,4/5/1981,32.7,41.5,56,52.4,33
GreatBasin,4/6/1981,36.8,45.3,55.3,54.5,35
GreatBasin,4/7/1981,35.5,43.6,52.1,53.7,35.4
GreatBasin,4/8/1981,33.8,42.8,53.6,54.6,36.3
GreatBasin,4/9/1981,39.5,47.3,58.2,57.1,37.6
GreatBasin,4/10/1981,39.6,48.8,59.6,59.2,39.8
GreatBasin,4/11/1981,40.3,49.7,59.9,59.4,40
GreatBasin,4/12/1981,40.1,49.2,58.6,59.1,39.8
GreatBasin,4/13/1981,39,48.6,58.9,61,39.8
GreatBasin,4/14/1981,40.3,51.4,65.6,63.9,41.7
GreatBasin,4/15/1981,45.7,56,67.1,66.9,44.2
GreatBasin,4/16/1981,46.6,57.1,68,68.1,46.4
GreatBasin,4/17/1981,46.8,57.6,69.2,68.4,47.5
GreatBasin,4/18/1981,49.2,58,68.1,66.6,46.3
GreatBasin,4/19/1981,43,51,62.5,62.7,44.2
GreatBasin,4/20/1981,40.3,48,57.6,59.6,42
GreatBasin,4/21/1981,42.7,50.2,58.8,59.4,41.5
GreatBasin,4/22/1981,41.5,51.1,61.9,63.4,43.2
GreatBasin,4/23/1981,45.4,55.9,69.6,67.5,45.7
GreatBasin,4/24/1981,50.3,60.4,70.9,70,48.5
GreatBasin,4/25/1981,49.9,59.7,69.5,69.5,49.7
GreatBasin,4/26/1981,48.8,58.2,68.2,67.6,48
GreatBasin,4/27/1981,45.2,54.6,65.1,67.2,46.4
GreatBasin,4/28/1981,45.3,55.7,68.3,68.9,47.1
GreatBasin,4/29/1981,50.8,61,73.2,72.9,50.1
GreatBasin,4/30/1981,54.3,65,77.3,76.2,53.6
GreatBasin,5/1/1981,55.6,66.8,78,77.1,54.7
GreatBasin,5/2/1981,54.3,63.2,75.9,73.3,51.4
GreatBasin,5/3/1981,44.2,53.6,66,69.3,47.2
GreatBasin,5/4/1981,43.1,53.8,65.9,66,44.1
GreatBasin,5/5/1981,45.1,55.8,66.1,65.4,43.7
GreatBasin,5/6/1981,43,52.3,64.2,62.9,41.9
GreatBasin,5/7/1981,37.6,47.8,58.4,61,40.6
GreatBasin,5/8/1981,41.2,50.3,60.4,60.9,39.9
GreatBasin,5/9/1981,41,52,63.9,64.3,42.5
GreatBasin,5/10/1981,45.4,56.3,68.7,66.7,43.8
GreatBasin,5/11/1981,45,55.4,67.4,66.3,44.7
GreatBasin,5/12/1981,43.7,53.3,62.8,65.6,44.1
GreatBasin,5/13/1981,43.6,54.3,66.5,66.3,45.1
GreatBasin,5/14/1981,48.1,58.6,69.6,67.9,45.8
GreatBasin,5/15/1981,45.6,53.8,67.7,64.5,44.4
GreatBasin,5/16/1981,39.6,48.2,56.1,61.4,41.8
GreatBasin,5/17/1981,40.2,49,60.4,61.1,41.6
GreatBasin,5/18/1981,45,54.8,66.7,64.2,44.6
GreatBasin,5/19/1981,48.5,57.4,65.6,65.3,46.4
GreatBasin,5/20/1981,45.8,54,63.7,63.4,45.7
GreatBasin,5/21/1981,42.9,51.2,60.9,62.8,44.7
GreatBasin,5/22/1981,45.5,54.3,63.7,64.4,45.5
GreatBasin,5/23/1981,48.1,57.9,68.7,68,48
GreatBasin,5/24/1981,50.4,61.1,71.7,70.5,50.5
GreatBasin,5/25/1981,53.1,62.4,71.1,70.5,52.3
GreatBasin,5/26/1981,53.3,60,68.8,69.5,52.6
GreatBasin,5/27/1981,51.3,59.3,68.6,69.5,51.8
GreatBasin,5/28/1981,50.9,61.1,71.1,71.5,51.5
GreatBasin,5/29/1981,52.3,63.3,74.7,74,52.7
GreatBasin,5/30/1981,54.8,66,76.3,75.1,53.7
GreatBasin,5/31/1981,53.9,64.4,74.3,75.4,53.7
GreatBasin,6/1/1981,52.5,64,75.6,75.2,53.8
GreatBasin,6/2/1981,55,65.9,75.8,74.9,53.4
GreatBasin,6/3/1981,52.6,62.9,73.2,75,53.4
GreatBasin,6/4/1981,52.7,64.1,75.9,76.8,53.9
GreatBasin,6/5/1981,56.5,68.2,81.2,79.8,56.7
GreatBasin,6/6/1981,61,72,82.3,81.6,59.2
GreatBasin,6/7/1981,60,70.8,81.3,81.2,60
GreatBasin,6/8/1981,59.1,69.6,79.9,80,58.8
GreatBasin,6/9/1981,57.3,67.9,78.7,79.1,57.7
GreatBasin,6/10/1981,56.8,67.7,78.8,78.9,56.6
GreatBasin,6/11/1981,55.6,67.7,79.1,78.7,56.4
GreatBasin,6/12/1981,56.8,67.2,78.2,76.8,52.9
GreatBasin,6/13/1981,46.2,57.9,73,71.4,48.2
GreatBasin,6/14/1981,41.6,52,63.1,68.5,43.8
GreatBasin,6/15/1981,43.6,55,69.3,70.4,45.5
GreatBasin,6/16/1981,51.2,63.7,78.8,75.4,49.2
GreatBasin,6/17/1981,52.7,65.1,78.2,78.7,52.5
GreatBasin,6/18/1981,53.7,65.8,79.2,79.8,54.9
GreatBasin,6/19/1981,58.4,70.2,82.1,81.7,57.5
GreatBasin,6/20/1981,60.3,72.6,83.9,83.1,59.9
GreatBasin,6/21/1981,61,72.3,83.3,84.9,60.8
GreatBasin,6/22/1981,61.2,73.6,87.4,85.8,62
GreatBasin,6/23/1981,63.7,75.5,86.8,87.4,62.2
GreatBasin,6/24/1981,61.7,74.4,88,89.1,63.4
GreatBasin,6/25/1981,64.7,77.9,92.5,90.8,64.8
GreatBasin,6/26/1981,68.1,80.4,91.8,91.4,66.5
GreatBasin,6/27/1981,66.7,77.3,89.9,88.1,65.2
GreatBasin,6/28/1981,60.7,71.5,82.6,85.7,62.4
GreatBasin,6/29/1981,59.8,72,84.7,85.2,61.3
GreatBasin,6/30/1981,63.4,75.8,88.4,86.8,62.3
GreatBasin,7/1/1981,63.7,74.8,87.2,86.6,62.2
GreatBasin,7/2/1981,59.6,71.8,84.1,86.1,61.7
GreatBasin,7/3/1981,61.8,74.5,87.1,87.5,62
GreatBasin,7/4/1981,64.5,77.5,91.3,90.4,64.9
GreatBasin,7/5/1981,68.3,80.9,92.7,91.8,67.1
GreatBasin,7/6/1981,68.6,79.2,91.3,89.8,66.8
GreatBasin,7/7/1981,63.5,73.7,85.4,86.1,62.2
GreatBasin,7/8/1981,54.6,67.7,81.7,84.4,60
GreatBasin,7/9/1981,61.9,73.8,86.2,85,60
GreatBasin,7/10/1981,63.4,75.7,87.2,86.4,62.7
GreatBasin,7/11/1981,62.7,74.5,85.7,86,63.2
GreatBasin,7/12/1981,63.4,74.1,85.2,84.7,63
GreatBasin,7/13/1981,62.8,72.9,83.2,84.2,62.4
GreatBasin,7/14/1981,60.9,72.7,84.1,84.1,61.9
GreatBasin,7/15/1981,62,73.7,84.9,85,62.4
GreatBasin,7/16/1981,64.4,75.3,86,85.8,63.1
GreatBasin,7/17/1981,63,74.5,86.4,86.8,63.4
GreatBasin,7/18/1981,62.7,75.2,88,87.5,62.9
GreatBasin,7/19/1981,63.1,75.8,88,88.8,63.2
GreatBasin,7/20/1981,63.8,77.1,90.4,89.5,64
GreatBasin,7/21/1981,65.2,78,90,89.9,64.6
GreatBasin,7/22/1981,64.7,77.2,89.2,89.3,65
GreatBasin,7/23/1981,65,77.2,88.8,88.4,64.3
GreatBasin,7/24/1981,63.1,75.6,87.1,87.2,63.5
GreatBasin,7/25/1981,62.5,74,85.8,85.3,61.9
GreatBasin,7/26/1981,60.1,71.3,82.9,84.3,60.7
GreatBasin,7/27/1981,59.5,71.4,84.2,85.5,60.7
GreatBasin,7/28/1981,62.5,75.2,89.3,87.7,62.4
GreatBasin,7/29/1981,65.2,77.6,89.6,89.2,63.8
GreatBasin,7/30/1981,63.8,75.4,88.6,88.5,63.6
GreatBasin,7/31/1981,61.8,74.1,87.2,87.9,63.1
GreatBasin,8/1/1981,63.7,75.6,88,87.7,63
GreatBasin,8/2/1981,63.5,75.8,87.8,87.8,63.2
GreatBasin,8/3/1981,62.4,75,87.5,87.5,62.6
GreatBasin,8/4/1981,61.8,74.7,87.3,88.1,62.2
GreatBasin,8/5/1981,62.4,75.6,89.4,89.2,63.1
GreatBasin,8/6/1981,65,77.8,90.9,90.7,64.4
GreatBasin,8/7/1981,65.9,78.5,91.9,91.3,65.7
GreatBasin,8/8/1981,66.3,78.9,91,90.8,65.8
GreatBasin,8/9/1981,65.2,77.3,89.5,89.1,64.9
GreatBasin,8/10/1981,63.1,74.8,86.7,86.7,63.1
GreatBasin,8/11/1981,61,72.7,84,85,62.1
GreatBasin,8/12/1981,62.2,73.3,84.2,83.8,61.6
GreatBasin,8/13/1981,61.6,72.8,83.3,83.8,61.8
GreatBasin,8/14/1981,61.6,72.8,84,84.1,61.7
GreatBasin,8/15/1981,62,73.5,85.1,85.5,62.2
GreatBasin,8/16/1981,63.1,74.9,87.3,86.8,63.2
GreatBasin,8/17/1981,64.5,76.3,87.9,87.4,64.2
GreatBasin,8/18/1981,65.1,76.4,87.1,87,64.5
GreatBasin,8/19/1981,63.9,74.8,86.1,86.7,63.8
GreatBasin,8/20/1981,62.3,74.4,86.8,86.2,63.2
GreatBasin,8/21/1981,63.3,74.1,85.6,85.8,62.2
GreatBasin,8/22/1981,61.1,73.1,85.1,86.2,62.1
GreatBasin,8/23/1981,61.9,74.2,87.8,86.9,62
GreatBasin,8/24/1981,63,75.4,87.8,88.3,63.1
GreatBasin,8/25/1981,64.4,76.7,89.4,88.7,64.2
GreatBasin,8/26/1981,65.3,77.1,88.9,89,64.7
GreatBasin,8/27/1981,64.5,77,88.8,88.7,65
GreatBasin,8/28/1981,65.2,76.6,88.3,88.6,65.1
GreatBasin,8/29/1981,65.5,76.8,88.6,87.8,64.9
GreatBasin,8/30/1981,64,74.8,86.4,85.4,61.8
GreatBasin,8/31/1981,56,68,81.2,83.8,59.3
GreatBasin,9/1/1981,57.8,69.5,83.9,82.5,57.4
GreatBasin,9/2/1981,58.3,69.9,82.5,82.8,57.5
GreatBasin,9/3/1981,56.4,68.4,82.1,82.7,58.2
GreatBasin,9/4/1981,60,71.1,83.6,82.4,58.7
GreatBasin,9/5/1981,59.6,68.9,81.6,79.7,58.2
GreatBasin,9/6/1981,54.9,64.2,73.9,77.6,56.4
GreatBasin,9/7/1981,54.6,64.8,77.3,77,55.7
GreatBasin,9/8/1981,57.5,67.7,79.7,78.7,57
GreatBasin,9/9/1981,59,69,79.2,79.3,58.1
GreatBasin,9/10/1981,57.9,68.3,78.9,80.1,58.3
GreatBasin,9/11/1981,58.1,69.3,82.1,81.3,58.7
GreatBasin,9/12/1981,60,71.1,82.8,82.5,59.3
GreatBasin,9/13/1981,59.9,70.9,82.5,82.2,59.8
GreatBasin,9/14/1981,59.6,70.3,81.3,81.9,59.3
GreatBasin,9/15/1981,58.3,69.6,81.9,81.9,58.9
GreatBasin,9/16/1981,58.8,70.2,82.6,82.7,59
GreatBasin,9/17/1981,60,71,83.5,83.2,60
GreatBasin,9/18/1981,61.1,71.7,83.6,82.7,60.6
GreatBasin,9/19/1981,60.7,70.4,80.9,80.5,58.6
GreatBasin,9/20/1981,54,65.5,77.1,77.6,56.4
GreatBasin,9/21/1981,54.4,64.3,74.7,74.9,53.4
GreatBasin,9/22/1981,51.9,61.9,73,72.9,52.1
GreatBasin,9/23/1981,49.9,60.2,71.1,72.2,51.1
GreatBasin,9/24/1981,51.6,61.2,72.6,71.2,50.7
GreatBasin,9/25/1981,50.5,58.1,69.9,69.8,49
GreatBasin,9/26/1981,44.8,54.2,66.9,70.6,48.8
GreatBasin,9/27/1981,51.1,60.4,75.1,71.9,50.4
GreatBasin,9/28/1981,55.4,63.7,73.6,73.3,53.4
GreatBasin,9/29/1981,53.6,61.6,71.3,70.5,52.2
GreatBasin,9/30/1981,47.7,56.9,66.7,69.2,49.4
GreatBasin,10/1/1981,46.9,56.8,69.7,68.1,48.5
GreatBasin,10/2/1981,51,59.2,67.9,67,48.3
GreatBasin,10/3/1981,46.9,54,63.4,63,46.8
GreatBasin,10/4/1981,42.6,49.8,57.6,61,43.5
GreatBasin,10/5/1981,40.9,49.5,62,63.2,43.1
GreatBasin,10/6/1981,45.9,55.2,70,66.5,46
GreatBasin,10/7/1981,51.3,58.4,67.4,66.6,46.6
GreatBasin,10/8/1981,42.7,50.9,62.3,63.4,45.1
GreatBasin,10/9/1981,41.3,49.2,60.4,61.3,43.2
GreatBasin,10/10/1981,45.7,52.2,61.1,59.9,43.6
GreatBasin,10/11/1981,43.9,48.9,58.2,55.8,41.8
GreatBasin,10/12/1981,35.7,41.5,48,51.5,37.9
GreatBasin,10/13/1981,34,40.4,48.3,48.6,34.6
GreatBasin,10/14/1981,34.2,40.6,49.6,49.6,34.5
GreatBasin,10/15/1981,35.3,42,51,50.7,35.4
GreatBasin,10/16/1981,36.8,43.1,51.6,53.2,37.1
GreatBasin,10/17/1981,39.1,45.9,56.9,56.4,38.9
GreatBasin,10/18/1981,40.7,48.8,60.6,60.1,40.8
GreatBasin,10/19/1981,42.7,51.2,62.7,61.3,42.2
GreatBasin,10/20/1981,43.1,51.3,60.6,60.3,42.1
GreatBasin,10/21/1981,40.6,48.9,57.7,58.6,40.9
GreatBasin,10/22/1981,39.1,47.3,57.4,58,39.8
GreatBasin,10/23/1981,39.7,47.9,59,57.8,40.1
GreatBasin,10/24/1981,41.6,48.7,56.9,57.7,40
GreatBasin,10/25/1981,38.8,47,57.3,58.5,41.1
GreatBasin,10/26/1981,43,50,61.4,60.1,42
GreatBasin,10/27/1981,44.3,51.7,61.5,60.9,44.2
GreatBasin,10/28/1981,45.3,51.4,59.9,58.8,42.4
GreatBasin,10/29/1981,37.7,44.6,54.9,53.2,38.2
GreatBasin,10/30/1981,31.7,37.8,44.8,50.2,34.3
GreatBasin,10/31/1981,33.4,39.2,50.8,50.9,34.4
GreatBasin,11/1/1981,38.1,44.9,57.1,56,37.7
GreatBasin,11/2/1981,41.7,48.8,60.1,59.3,40.9
GreatBasin,11/3/1981,42.8,50.5,60.6,59.7,42.1
GreatBasin,11/4/1981,41.8,49.6,58.3,58.9,41.8
GreatBasin,11/5/1981,40.8,48.2,57.8,58.1,41.6
GreatBasin,11/6/1981,42.3,48.9,58.1,57,41.4
GreatBasin,11/7/1981,41.1,47.5,55.1,56,40.7
GreatBasin,11/8/1981,38.7,45.9,54.9,55.5,39.7
GreatBasin,11/9/1981,39.2,46.2,56.5,56.2,39.3
GreatBasin,11/10/1981,40,47.2,57.2,57.2,40
GreatBasin,11/11/1981,40.7,47.7,57.9,57.5,41.1
GreatBasin,11/12/1981,42.6,48.6,57.3,57,42.4
GreatBasin,11/13/1981,43.9,49.3,55.9,56.1,43.8
GreatBasin,11/14/1981,45,48.9,55.2,55,43
GreatBasin,11/15/1981,40,45.7,54,55.9,42.9
GreatBasin,11/16/1981,43.7,49.5,58.6,56.1,42.9
GreatBasin,11/17/1981,45,49.7,55.8,54.8,41.1
GreatBasin,11/18/1981,34.5,40.6,50,50.3,36.6
GreatBasin,11/19/1981,30.4,36,45,47.3,33.1
GreatBasin,11/20/1981,34.3,38.7,47,47.5,34
GreatBasin,11/21/1981,37.3,41.6,50.6,48.8,36.9
GreatBasin,11/22/1981,39,43.5,48.8,49.8,37.9
GreatBasin,11/23/1981,37.5,42.2,50.1,49.8,38.8
GreatBasin,11/24/1981,39.8,44.4,50.6,48.8,35.7
GreatBasin,11/25/1981,29.9,36.2,45.7,44,30.8
GreatBasin,11/26/1981,22.8,28.2,35.6,38.8,26.1
GreatBasin,11/27/1981,25.7,29.1,35,35.3,24.9
GreatBasin,11/28/1981,26.2,29.4,35.2,35.2,25.8
GreatBasin,11/29/1981,25.4,29.2,35.3,34.9,25.7
GreatBasin,11/30/1981,25.5,28.9,34.2,35.2,24.9
GreatBasin,12/1/1981,23.8,28,36.2,37.3,26.4
GreatBasin,12/2/1981,29.9,33.7,41.5,39.9,27.7
GreatBasin,12/3/1981,29.4,35.2,41.9,42.5,30.5
GreatBasin,12/4/1981,32.1,35.9,44.2,44.2,32
GreatBasin,12/5/1981,34.6,38.7,46.5,46.4,34.9
GreatBasin,12/6/1981,38.1,41.7,48.5,47.9,36.9
GreatBasin,12/7/1981,38,42.3,48.8,49,37.6
GreatBasin,12/8/1981,36.6,41.5,49.6,49.9,37.6
GreatBasin,12/9/1981,38.1,42.7,51.2,50.1,38.3
GreatBasin,12/10/1981,40.1,44.5,49.6,48.4,37.6
GreatBasin,12/11/1981,34.5,39.7,44.5,45.1,34.9
GreatBasin,12/12/1981,30.1,34.8,41.1,41.8,31.8
GreatBasin,12/13/1981,30.8,34.8,39.8,41.6,31.4
GreatBasin,12/14/1981,33.4,36.5,43.8,42.8,33.4
GreatBasin,12/15/1981,36,39,44.9,43.1,33.3
GreatBasin,12/16/1981,30.6,35.2,40.5,41.2,30.6
GreatBasin,12/17/1981,25.1,30.6,38.3,39.7,28.1
GreatBasin,12/18/1981,28.5,32.1,40.2,40.9,29.5
GreatBasin,12/19/1981,35,37.8,44.3,43.8,34
GreatBasin,12/20/1981,38.4,42,46.9,44.8,35.4
GreatBasin,12/21/1981,32.8,37.2,43.3,41.4,31.2
GreatBasin,12/22/1981,22.4,27.7,34.1,35.4,24.2
GreatBasin,12/23/1981,17.3,22.2,28.8,31.7,19.8
GreatBasin,12/24/1981,19.7,23.4,32.1,31.9,21.5
GreatBasin,12/25/1981,27.6,29.7,34.7,33.7,23.8
GreatBasin,12/26/1981,24,27.8,34.3,33.8,25.7
GreatBasin,12/27/1981,25.5,29.4,32.3,32.7,22.9
GreatBasin,12/28/1981,19.3,23.9,31.5,33.1,22.9
GreatBasin,12/29/1981,23.8,27.4,35.6,34.2,24.4
GreatBasin,12/30/1981,30,32.1,35.4,34.5,25.3
GreatBasin,12/31/1981,22,26.2,32.6,32.9,25.9
GreatBasin,1/1/1982,25.8,27.9,30.6,29.8,21.6
GreatBasin,1/2/1982,16.9,20.7,26.1,27.4,18.4
GreatBasin,1/3/1982,12.5,17.9,25.4,27.2,16.5
GreatBasin,1/4/1982,20,23,30.1,27.9,18.2
GreatBasin,1/5/1982,22.2,25.1,28.2,27.5,17.2
GreatBasin,1/6/1982,9.3,15.8,24.2,23.6,11.6
GreatBasin,1/7/1982,3.3,8.4,18.4,22.9,7.5
GreatBasin,1/8/1982,9.9,14.5,26,25.2,10.1
GreatBasin,1/9/1982,17.2,21.4,31.1,29.7,15.2
GreatBasin,1/10/1982,18.6,23.6,32,32,19.4
GreatBasin,1/11/1982,22.5,26.1,32.9,31.5,20.6
GreatBasin,1/12/1982,20.7,24.9,29.5,31.4,20.9
GreatBasin,1/13/1982,19.5,23.4,31.8,32.4,21.3
GreatBasin,1/14/1982,23.8,27.6,35.9,33.4,22
GreatBasin,1/15/1982,22.8,27.8,32.5,35,23
GreatBasin,1/16/1982,22.4,26.7,36.7,36.6,26.1
GreatBasin,1/17/1982,33.1,35.4,40.5,38.3,28.1
GreatBasin,1/18/1982,28.8,33,37.7,36.9,28
GreatBasin,1/19/1982,22.2,27.2,32.5,32.9,23.1
GreatBasin,1/20/1982,18.3,23,28.6,29.2,20.3
GreatBasin,1/21/1982,20.5,22.8,26.6,25.8,16.5
GreatBasin,1/22/1982,10.7,16.7,22.2,26.6,15.1
GreatBasin,1/23/1982,14,19.7,30.9,31,17.7
GreatBasin,1/24/1982,28.5,32.1,39.8,37.5,24
GreatBasin,1/25/1982,29.6,34.1,41.9,41.8,31.5
GreatBasin,1/26/1982,36.3,38.5,43.6,42,30.1
GreatBasin,1/27/1982,24.5,31.9,40.5,40.5,28.7
GreatBasin,1/28/1982,25.2,29.1,37.5,37.4,23.8
GreatBasin,1/29/1982,21.7,27.3,34.1,35.4,22.8
GreatBasin,1/30/1982,21.6,26.1,34.7,35,22.8
GreatBasin,1/31/1982,25.2,28.7,36.3,34.7,22.1
GreatBasin,2/1/1982,19.4,25.5,33,33.2,21.5
GreatBasin,2/2/1982,19.9,24.1,30.4,30.9,19.5
GreatBasin,2/3/1982,19.2,23.7,29.4,28.4,15.6
GreatBasin,2/4/1982,7.6,14.6,25.3,24.1,9.5
GreatBasin,2/5/1982,1.7,8,17.6,22.2,5.2
GreatBasin,2/6/1982,6.4,11.6,23.7,22.7,6.8
GreatBasin,2/7/1982,12.4,17.6,26.7,24.7,10.8
GreatBasin,2/8/1982,13.5,18.6,23.6,26.1,12.6
GreatBasin,2/9/1982,11.8,17.2,27.9,26.4,13.9
GreatBasin,2/10/1982,16.3,21,27.6,29.1,15.1
GreatBasin,2/11/1982,17.1,21.9,31.7,31.9,17.9
GreatBasin,2/12/1982,20.3,25.8,36.5,36.1,21.3
GreatBasin,2/13/1982,26.4,31.2,40.1,39.9,27.5
GreatBasin,2/14/1982,35.9,37.9,43.1,42.6,32.9
GreatBasin,2/15/1982,36.3,39.4,44.6,44.7,37
GreatBasin,2/16/1982,38.7,41.5,46.5,45.6,36.6
GreatBasin,2/17/1982,34.9,39.7,45.7,45.3,34.8
GreatBasin,2/18/1982,30.8,36.7,43.6,45.6,33.1
GreatBasin,2/19/1982,33.5,38,47.5,47.4,33.8
GreatBasin,2/20/1982,37,42.5,51,50.9,37.2
GreatBasin,2/21/1982,41.1,46.1,54.1,52.4,38.9
GreatBasin,2/22/1982,38.5,44.3,52.2,51.1,38
GreatBasin,2/23/1982,34.3,39.2,46.9,47.2,33.2
GreatBasin,2/24/1982,26.9,33.7,42.6,44.5,29.6
GreatBasin,2/25/1982,27.7,34.4,44.1,44.6,28.8
GreatBasin,2/26/1982,31.7,37.6,47,46,31.3
GreatBasin,2/27/1982,34.4,39.5,47,48,33
GreatBasin,2/28/1982,32.8,39.6,50,49.3,35.3
GreatBasin,3/1/1982,38.6,43.4,50.9,50,35.4
GreatBasin,3/2/1982,34.9,40.5,49.1,47.6,34.5
GreatBasin,3/3/1982,29.9,35.5,42.8,44,30.9
GreatBasin,3/4/1982,27.8,33.1,40,40.3,27.3
GreatBasin,3/5/1982,24.2,30.2,38,39.4,25.1
GreatBasin,3/6/1982,23.3,30.5,40.3,41.2,25.3
GreatBasin,3/7/1982,28.4,34.6,45.4,44.7,27.9
GreatBasin,3/8/1982,32,38.4,48.4,48.6,32
GreatBasin,3/9/1982,35.7,42,51.9,50.7,35.7
GreatBasin,3/10/1982,39.4,44.8,51.9,51.5,38.4
GreatBasin,3/11/1982,40.1,44.6,50.7,49.2,36.2
GreatBasin,3/12/1982,29.1,36.8,45.1,48.2,33.5
GreatBasin,3/13/1982,31.4,37.7,48.9,47.3,31.9
GreatBasin,3/14/1982,35.3,40.8,47.8,47.2,33.7
GreatBasin,3/15/1982,34.3,38.5,44.8,44.5,32.9
GreatBasin,3/16/1982,29.2,34.6,40.9,42.1,30.7
GreatBasin,3/17/1982,28.5,33.7,40.6,40.3,29.7
GreatBasin,3/18/1982,31.3,35.1,39.4,39.1,28.7
GreatBasin,3/19/1982,26.3,31.2,37.3,37.8,27.1
GreatBasin,3/20/1982,23.7,29.4,36.7,37.7,24.3
GreatBasin,3/21/1982,22.9,29.8,39.2,39.4,23.9
GreatBasin,3/22/1982,25.1,32.3,42.4,42.3,25.3
GreatBasin,3/23/1982,27.9,35.2,45.4,45.3,28
GreatBasin,3/24/1982,30.9,38.3,48,48.5,30.1
GreatBasin,3/25/1982,31.6,40.2,52,50.3,33.2
GreatBasin,3/26/1982,37.1,42.3,50.9,51.2,34.8
GreatBasin,3/27/1982,35.8,41.7,50.7,50.6,36.7
GreatBasin,3/28/1982,37.2,43.1,50.1,49.6,34.4
GreatBasin,3/29/1982,30.3,36.9,47.9,46,31.3
GreatBasin,3/30/1982,26.5,32.2,40,45,29.1
GreatBasin,3/31/1982,30.6,36.4,47.1,44.5,30.7
GreatBasin,4/1/1982,35.1,39.6,46.3,44.3,30.4
GreatBasin,4/2/1982,25.4,32.1,39.5,44.2,30.4
GreatBasin,4/3/1982,30.6,36.5,46.8,44.1,29.2
GreatBasin,4/4/1982,31.7,37.9,46.1,45.9,29.4
GreatBasin,4/5/1982,25.9,34.1,44.8,45,29.4
GreatBasin,4/6/1982,30.5,37.4,44.1,43.4,27.5
GreatBasin,4/7/1982,26,33,41.2,42.8,26.8
GreatBasin,4/8/1982,23.9,32.3,43.2,43.5,26.4
GreatBasin,4/9/1982,29.4,36.6,46.2,47.3,28.5
GreatBasin,4/10/1982,32.1,40.5,52.5,52.1,35.3
GreatBasin,4/11/1982,44.5,48.8,57.5,55.3,39.1
GreatBasin,4/12/1982,40.8,48,55.8,57,41.4
GreatBasin,4/13/1982,39,47.1,57.7,56.7,40.1
GreatBasin,4/14/1982,40.4,48.2,56.6,56.4,38.3
GreatBasin,4/15/1982,35.6,43.8,54.8,53.2,35.5
GreatBasin,4/16/1982,30.4,39.1,48.2,53.1,33
GreatBasin,4/17/1982,33.1,42.8,56.4,53.4,33.8
GreatBasin,4/18/1982,37.8,45.7,55.6,53.9,33.9
GreatBasin,4/19/1982,30.8,39.2,49.6,50.3,32.1
GreatBasin,4/20/1982,27.7,36.5,45.6,49.1,29
GreatBasin,4/21/1982,28.4,38.4,52.2,52.3,30.7
GreatBasin,4/22/1982,35.9,45.7,59.1,57.7,34.8
GreatBasin,4/23/1982,40,50.1,61.9,61.5,39.4
GreatBasin,4/24/1982,42.3,52.7,63.5,62.5,41.5
GreatBasin,4/25/1982,42.2,52.4,62.2,62.9,42.7
GreatBasin,4/26/1982,43.5,52.9,63,63.2,43.3
GreatBasin,4/27/1982,44.1,53.9,64.5,65.1,44.6
GreatBasin,4/28/1982,46.1,56.4,67.7,66.2,44.1
GreatBasin,4/29/1982,42.2,52.9,66.3,67,43.2
GreatBasin,4/30/1982,41.3,52.6,66.9,68.3,43.6
GreatBasin,5/1/1982,47.4,58.5,71.6,69.5,46.5
GreatBasin,5/2/1982,50.9,59.8,70,69.3,49.3
GreatBasin,5/3/1982,49.6,58.2,66.4,66.9,48
GreatBasin,5/4/1982,43.6,52.5,64.2,62.7,43.9
GreatBasin,5/5/1982,38.5,47.5,57.4,61.2,40.7
GreatBasin,5/6/1982,40.1,50.1,62,61.8,41.3
GreatBasin,5/7/1982,45.4,55.2,66,64.4,43.6
GreatBasin,5/8/1982,45.3,55,65.1,63.5,44
GreatBasin,5/9/1982,41.2,48.7,59.3,58.4,41
GreatBasin,5/10/1982,36.6,43.6,50.8,54.1,38.1
GreatBasin,5/11/1982,36.5,44.2,52.3,53.8,36.9
GreatBasin,5/12/1982,37.7,47.2,58.4,58.1,38.6
GreatBasin,5/13/1982,41.7,51.7,63.5,62.7,41.6
GreatBasin,5/14/1982,45.3,55.5,66.1,65,44.3
GreatBasin,5/15/1982,45.8,56.2,65.5,66.2,45.8
GreatBasin,5/16/1982,46.4,56.7,67.1,67.9,46.9
GreatBasin,5/17/1982,48.5,59.5,71.1,69.3,48.4
GreatBasin,5/18/1982,50.2,59.2,69.7,68.5,47.8
GreatBasin,5/19/1982,44.7,53.7,64.6,67.2,46.6
GreatBasin,5/20/1982,44.8,55.2,67.3,68.2,46
GreatBasin,5/21/1982,48.6,59.9,72.6,71.3,48.5
GreatBasin,5/22/1982,52.2,63.2,74.1,73.2,51
GreatBasin,5/23/1982,52.2,63,72.8,73.4,51.8
GreatBasin,5/24/1982,51,62.4,73.3,73.9,51.6
GreatBasin,5/25/1982,51.5,63.7,75.7,75,52.4
GreatBasin,5/26/1982,54.6,66,75.9,75.3,52.8
GreatBasin,5/27/1982,52.4,62,74.2,72.5,49.8
GreatBasin,5/28/1982,42.4,53.2,67.3,68.3,45.9
GreatBasin,5/29/1982,42.8,53.1,63.4,64.7,42.6
GreatBasin,5/30/1982,42.7,53.2,63.5,65.9,43.5
GreatBasin,5/31/1982,44.9,56.8,70.8,68.1,45.2
GreatBasin,6/1/1982,48.1,58.8,70.1,69.3,46.6
GreatBasin,6/2/1982,46.7,57.1,67.1,68.6,47.4
GreatBasin,6/3/1982,47.4,58.1,68.6,67.9,47.6
GreatBasin,6/4/1982,48.8,58.9,67.9,67.7,47
GreatBasin,6/5/1982,44.9,55.4,66.6,66.5,45.4
GreatBasin,6/6/1982,42.6,53.1,64.9,66.7,44.4
GreatBasin,6/7/1982,45.6,56.8,68.6,67,44.7
GreatBasin,6/8/1982,45.8,56.9,67.5,69.1,46
GreatBasin,6/9/1982,46.7,58.8,71.3,71.5,47.9
GreatBasin,6/10/1982,51.3,63.2,75.8,75.2,50.8
GreatBasin,6/11/1982,54.3,66.5,78.6,77.8,54
GreatBasin,6/12/1982,56.5,68.1,79,78.4,55.4
GreatBasin,6/13/1982,55.3,66.7,77.6,77.1,55
GreatBasin,6/14/1982,53.1,64.2,74.8,76.3,54.1
GreatBasin,6/15/1982,54,65.2,76.5,77,54.8
GreatBasin,6/16/1982,57.2,68.7,79.6,78.6,56.8
GreatBasin,6/17/1982,59.3,70,79.8,79.3,57.8
GreatBasin,6/18/1982,57,68.1,78.4,79.3,57.3
GreatBasin,6/19/1982,55.6,67.7,79.6,79.5,56.7
GreatBasin,6/20/1982,57.4,69.4,80.6,80.5,57
GreatBasin,6/21/1982,58.1,70.3,81.2,80.8,58.2
GreatBasin,6/22/1982,59.1,70.6,80.7,80.8,58.6
GreatBasin,6/23/1982,58.7,70.3,80.6,80.6,58.7
GreatBasin,6/24/1982,58.2,69.9,80.5,80.1,58.5
GreatBasin,6/25/1982,58.6,69.2,79.1,80.7,58.2
GreatBasin,6/26/1982,57.7,69.7,82.4,82.6,59.2
GreatBasin,6/27/1982,61.2,73.3,86.2,84.7,60.4
GreatBasin,6/28/1982,62.3,74.1,85.6,84.9,60.9
GreatBasin,6/29/1982,59.2,70.7,83,82.5,59.4
GreatBasin,6/30/1982,56.8,67.9,79,78.6,56.9
GreatBasin,7/1/1982,54.7,64.5,73.8,76.5,55.1
GreatBasin,7/2/1982,53.9,64.8,76.8,76.6,55.2
GreatBasin,7/3/1982,56.9,68,79.3,78.2,55.5
GreatBasin,7/4/1982,55.6,66.5,78.5,76.8,54.7
GreatBasin,7/5/1982,51.5,61.6,72.7,75.8,52.8
GreatBasin,7/6/1982,51.2,62.8,76.3,75.7,52.9
GreatBasin,7/7/1982,56.1,67.2,78.2,77.3,54.8
GreatBasin,7/8/1982,57.1,67.4,77.3,78.1,56.4
GreatBasin,7/9/1982,55.9,67.1,78.8,79.9,57.2
GreatBasin,7/10/1982,58.5,70.6,83.5,83,58.6
GreatBasin,7/11/1982,61.3,73.9,86.7,86.5,61
GreatBasin,7/12/1982,63.1,76.2,89.3,88.6,63.2
GreatBasin,7/13/1982,65.1,77.6,89.7,89.3,64
GreatBasin,7/14/1982,63.9,75.9,89,88,63.4
GreatBasin,7/15/1982,61.2,73.7,85.2,86.1,61.8
GreatBasin,7/16/1982,60.3,71.8,84,84,60.1
GreatBasin,7/17/1982,58.8,70.8,82.9,83.9,60.1
GreatBasin,7/18/1982,61.2,73.2,84.9,85.2,61.2
GreatBasin,7/19/1982,63.6,75.6,87.9,87.7,63.5
GreatBasin,7/20/1982,65.6,77.9,90.2,89.9,65.4
GreatBasin,7/21/1982,67,79.4,91.5,90.8,67.1
GreatBasin,7/22/1982,68.8,79.6,90.8,89.8,67.3
GreatBasin,7/23/1982,66.2,76,87,86.9,66.8
GreatBasin,7/24/1982,65.3,74.1,82.9,83.5,65.2
GreatBasin,7/25/1982,64.2,72.8,80.7,81.5,64.7
GreatBasin,7/26/1982,64.6,73.2,80.8,80.5,64.6
GreatBasin,7/27/1982,64.9,72.8,80.1,80.5,64.4
GreatBasin,7/28/1982,63.8,71.7,80.6,81.2,64.2
GreatBasin,7/29/1982,63.8,73.1,82.8,83.3,63.9
GreatBasin,7/30/1982,64.1,74.8,86.5,86.4,64.6
GreatBasin,7/31/1982,65.8,77.4,89.8,88.4,65.5
GreatBasin,8/1/1982,66.6,78,88.8,87.8,64.8
GreatBasin,8/2/1982,61.9,72.2,84.8,85,63
GreatBasin,8/3/1982,60.6,71,81.3,83.4,60.9
GreatBasin,8/4/1982,60.3,71.8,84.1,84.2,61.1
GreatBasin,8/5/1982,62.3,74.2,87.3,86.9,62.9
GreatBasin,8/6/1982,66,77.2,89.2,88.2,65.1
GreatBasin,8/7/1982,67,77.4,88,87.8,66.7
GreatBasin,8/8/1982,67,76.2,86.1,86.6,66.2
GreatBasin,8/9/1982,64.6,74.9,85.8,86.8,65
GreatBasin,8/10/1982,63.5,75.5,88.4,87.1,64.5
GreatBasin,8/11/1982,65.3,75.4,87.2,85.6,63
GreatBasin,8/12/1982,60.2,70.6,81.3,83.1,62
GreatBasin,8/13/1982,60.5,70.5,80.7,81.6,60.7
GreatBasin,8/14/1982,61.3,71.9,82.7,82.9,61.1
GreatBasin,8/15/1982,61.4,72.7,85.2,84.1,62.1
GreatBasin,8/16/1982,63.6,74.6,84.5,85.3,63.6
GreatBasin,8/17/1982,65.9,75.9,86.1,85,65.2
GreatBasin,8/18/1982,66,75.3,84.4,85.7,65.7
GreatBasin,8/19/1982,65.2,75.6,86.6,86.1,66.1
GreatBasin,8/20/1982,67,76.9,87.3,87.1,66.8
GreatBasin,8/21/1982,68.1,77.9,87.3,87.1,67.7
GreatBasin,8/22/1982,67.9,77.5,86.8,86.1,67.1
GreatBasin,8/23/1982,65.2,74.5,84.3,84.1,64.8
GreatBasin,8/24/1982,61.3,70.7,81.3,81.8,62.6
GreatBasin,8/25/1982,61.2,70.2,79.8,79.9,61.2
GreatBasin,8/26/1982,61.1,69.9,78.7,80.3,60.6
GreatBasin,8/27/1982,59.5,69.7,82.4,80.8,61
GreatBasin,8/28/1982,62.5,71.6,81.4,81.4,60.6
GreatBasin,8/29/1982,59.8,69.5,80.3,80.6,60.7
GreatBasin,8/30/1982,59.7,69.7,80.1,80.5,59.4
GreatBasin,8/31/1982,58.6,69.5,81,81.5,59.3
GreatBasin,9/1/1982,59.7,70.8,83.4,83.3,59.8
GreatBasin,9/2/1982,61.1,72.6,85.6,85.6,61.4
GreatBasin,9/3/1982,63.5,74.7,87.7,86.5,63.4
GreatBasin,9/4/1982,65.6,74.6,86.2,84.9,62.8
GreatBasin,9/5/1982,59.4,69.7,80.8,83.3,61.6
GreatBasin,9/6/1982,59.8,70.7,83,81.8,59.9
GreatBasin,9/7/1982,60.5,70.3,81.5,81.7,60.3
GreatBasin,9/8/1982,60.7,69.9,80.5,81.1,60.7
GreatBasin,9/9/1982,61,70.8,81.2,80.4,60.2
GreatBasin,9/10/1982,58.8,66.1,79.5,75.3,55.1
GreatBasin,9/11/1982,45.4,54.7,65.2,69.6,50.2
GreatBasin,9/12/1982,46.4,54.6,64.1,64,45.8
GreatBasin,9/13/1982,45.5,53.1,62.6,62.3,45
GreatBasin,9/14/1982,43,51.1,60.1,62.3,44.3
GreatBasin,9/15/1982,44.5,53.2,64.3,63.5,45.1
GreatBasin,9/16/1982,47.8,55.9,66.2,66.6,46.9
GreatBasin,9/17/1982,48.5,57.5,69.2,69.1,49
GreatBasin,9/18/1982,50.7,60.3,72,71.3,50.3
GreatBasin,9/19/1982,51.6,61.5,72.8,72.7,51.1
GreatBasin,9/20/1982,51.1,61.4,73.3,74.2,51.8
GreatBasin,9/21/1982,52.8,63.2,76.5,76.2,53.1
GreatBasin,9/22/1982,55.5,65.9,78.8,78.4,55.2
GreatBasin,9/23/1982,57.2,67.6,79.8,79.1,57
GreatBasin,9/24/1982,58.2,67.8,78.6,77.9,58.1
GreatBasin,9/25/1982,59,66.2,75.4,74.8,58.2
GreatBasin,9/26/1982,57.5,62.4,70.4,69.1,54.1
GreatBasin,9/27/1982,45.9,51.5,61.4,61.4,48.2
GreatBasin,9/28/1982,41.1,46.2,52.4,55.5,41.8
GreatBasin,9/29/1982,38.3,45,52.7,52.6,39
GreatBasin,9/30/1982,37.7,44.4,52.8,53.4,38.1
GreatBasin,10/1/1982,38.3,45,54.6,56.2,38.9
GreatBasin,10/2/1982,40.8,49,61.2,59.7,41.4
GreatBasin,10/3/1982,45,52.9,63.4,62.8,43.7
GreatBasin,10/4/1982,45.3,53.6,63.7,62.3,43.7
GreatBasin,10/5/1982,40.7,48.7,59.9,61.7,41.7
GreatBasin,10/6/1982,39.1,47.9,61.5,60.3,41.1
GreatBasin,10/7/1982,43.6,50.1,59.4,57.2,39.3
GreatBasin,10/8/1982,35.3,42.4,50.8,53.9,38
GreatBasin,10/9/1982,35.1,42.1,51.6,52.2,35.3
GreatBasin,10/10/1982,35.6,43.3,54.1,54.4,36.2
GreatBasin,10/11/1982,37.8,45.8,57.4,57.4,38.3
GreatBasin,10/12/1982,41.6,49.4,60.7,60.4,41
GreatBasin,10/13/1982,43.7,51.8,63,63.2,43.8
GreatBasin,10/14/1982,46,54.3,65.9,65.3,45.7
GreatBasin,10/15/1982,47.5,56,67,66.5,47.2
GreatBasin,10/16/1982,48.1,56.5,66.7,65.6,47.4
GreatBasin,10/17/1982,46.7,54.8,63.1,63,45.3
GreatBasin,10/18/1982,41.2,49,59.1,58.1,41
GreatBasin,10/19/1982,35.1,43.1,52.1,56,37.8
GreatBasin,10/20/1982,37.2,44.6,56.7,56.4,37.6
GreatBasin,10/21/1982,40.5,48.4,60.4,60.5,41.4
GreatBasin,10/22/1982,46.5,52.9,64.4,63,44.9
GreatBasin,10/23/1982,47.6,54.6,64.2,64.2,47.2
GreatBasin,10/24/1982,47.5,54.8,64,63,47.6
GreatBasin,10/25/1982,47.7,53.6,60.9,60.8,47.4
GreatBasin,10/26/1982,47.1,51,57.6,55.7,43.1
GreatBasin,10/27/1982,34.4,40.7,48.6,51.1,37.7
GreatBasin,10/28/1982,31.5,38,47.2,48.1,34.3
GreatBasin,10/29/1982,37.1,41.1,48.4,48.5,36.5
GreatBasin,10/30/1982,40.8,44.1,49.8,49,38.2
GreatBasin,10/31/1982,36.7,42.3,48.9,49.2,37.7
GreatBasin,11/1/1982,35.6,41.4,48.9,47.7,34.7
GreatBasin,11/2/1982,31.9,38.4,45.3,47.3,32.6
GreatBasin,11/3/1982,30.3,36.9,47.6,47.9,32
GreatBasin,11/4/1982,33.8,40.1,50.9,50.7,33.9
GreatBasin,11/5/1982,37.5,43.7,53.6,52.2,36.6
GreatBasin,11/6/1982,38.5,44.4,52.1,51.4,36.9
GreatBasin,11/7/1982,34.6,41.1,48.6,49.4,36.6
GreatBasin,11/8/1982,36.7,40.8,47.4,46.3,34.9
GreatBasin,11/9/1982,33.5,38.1,42.9,43.6,34.2
GreatBasin,11/10/1982,32.3,35.7,40.4,40.1,31.6
GreatBasin,11/11/1982,29.1,33.1,37.1,38.9,28.5
GreatBasin,11/12/1982,24.1,30,39.3,38.2,27.2
GreatBasin,11/13/1982,28.4,33,38.2,38.8,25.3
GreatBasin,11/14/1982,23.3,29.6,38.8,39.5,26.4
GreatBasin,11/15/1982,27.6,32.3,41.5,41.3,26.9
GreatBasin,11/16/1982,29.7,34.6,43.5,43.5,30.2
GreatBasin,11/17/1982,33.3,37.7,45.4,45.1,32.9
GreatBasin,11/18/1982,35.8,40,46.3,44.8,35
GreatBasin,11/19/1982,35.8,39.1,42.8,42.6,33.4
GreatBasin,11/20/1982,28.7,33.5,38.8,39.6,30.3
GreatBasin,11/21/1982,26.5,31.3,37.3,37.2,26.9
GreatBasin,11/22/1982,25.5,29.9,35.6,35.9,24.8
GreatBasin,11/23/1982,22.3,27.4,34.8,35.8,23.5
GreatBasin,11/24/1982,22.8,28.1,37,36.7,23.5
GreatBasin,11/25/1982,25.4,30.3,38.2,38.2,24.3
GreatBasin,11/26/1982,24.7,30.1,39.3,39.5,26.6
GreatBasin,11/27/1982,29.7,33.6,41.1,40.6,28.9
GreatBasin,11/28/1982,32.3,35.7,41.5,41.1,31.9
GreatBasin,11/29/1982,33.8,36.1,40.6,40,33
GreatBasin,11/30/1982,33,35.2,38,37.9,31.7
GreatBasin,12/1/1982,28.4,31.4,35.1,35.1,28.4
GreatBasin,12/2/1982,23.8,27.2,32.2,35.4,26.3
GreatBasin,12/3/1982,26.7,30.4,38.8,37.4,27.5
GreatBasin,12/4/1982,32,35.2,41.2,40.1,29.7
GreatBasin,12/5/1982,30.4,34.8,40.4,40.1,31.7
GreatBasin,12/6/1982,32.8,34.8,38.7,38,29
GreatBasin,12/7/1982,23.8,29.1,35,35,25.1
GreatBasin,12/8/1982,18.6,23.1,31.4,34.1,22.7
GreatBasin,12/9/1982,25.7,28.8,35.9,34.6,23.8
GreatBasin,12/10/1982,27,30.7,36.4,36.2,26.1
GreatBasin,12/11/1982,25.7,29.8,36.3,36.8,26.7
GreatBasin,12/12/1982,27.3,31,37.8,36.8,27.6
GreatBasin,12/13/1982,29.8,32.2,36.3,36.3,27.2
GreatBasin,12/14/1982,24.6,28.8,34.8,35.9,27.3
GreatBasin,12/15/1982,27.6,30.4,36.7,37.7,28.4
GreatBasin,12/16/1982,32.9,35.4,41.6,40.2,31.9
GreatBasin,12/17/1982,35.3,37.8,42.3,40.7,32.2
GreatBasin,12/18/1982,28.3,33.4,38.3,40.5,31.3
GreatBasin,12/19/1982,30.4,33.3,40.9,40.2,30.1
GreatBasin,12/20/1982,31.5,34.9,41.5,41.5,32.2
GreatBasin,12/21/1982,34.8,37.5,42.1,41,33.1
GreatBasin,12/22/1982,32.9,36.6,39.4,39.3,32.7
GreatBasin,12/23/1982,30.3,33.3,36.5,34.8,27.3
GreatBasin,12/24/1982,18.8,23.2,28.4,30.9,21.5
GreatBasin,12/25/1982,15.4,19.7,27.7,29.1,18
GreatBasin,12/26/1982,19.8,23.5,31.2,28.8,18.2
GreatBasin,12/27/1982,19.4,24,27.6,27.4,16.8
GreatBasin,12/28/1982,11.2,17,23.4,24.9,14.2
GreatBasin,12/29/1982,12,16.7,23.6,23.4,11.7
GreatBasin,12/30/1982,11.9,16.4,23.3,24.4,12.5
GreatBasin,12/31/1982,13.7,17.5,26.3,26.1,14
GreatBasin,1/1/1983,16.5,20.3,28.8,28.7,16.2
GreatBasin,1/2/1983,18.3,22.4,31,31.5,19.7
GreatBasin,1/3/1983,24.2,27.3,34.8,35.1,23.3
GreatBasin,1/4/1983,27.3,31,39.4,39.2,28.7
GreatBasin,1/5/1983,34.6,37.1,43.5,42.3,32.3
GreatBasin,1/6/1983,34.9,39.1,44,43.7,35.1
GreatBasin,1/7/1983,35.8,39,43.6,43.8,35.2
GreatBasin,1/8/1983,34.9,38.5,43.8,42.3,32.4
GreatBasin,1/9/1983,26.4,31.5,39.4,41.5,29.7
GreatBasin,1/10/1983,27.8,31.6,41.2,41.1,28.2
GreatBasin,1/11/1983,30.3,35.3,42.7,42.5,29.7
GreatBasin,1/12/1983,31,35.8,43.7,43.3,30.9
GreatBasin,1/13/1983,31.5,36.3,43.5,43,30.5
GreatBasin,1/14/1983,29,34.6,41.9,42.6,29.9
GreatBasin,1/15/1983,29.1,34.4,42.3,41.3,29.5
GreatBasin,1/16/1983,30.5,34.3,39.7,40.4,30.3
GreatBasin,1/17/1983,31.3,34.2,39.2,39.3,30.7
GreatBasin,1/18/1983,30.2,33.6,39.1,38.4,30.2
GreatBasin,1/19/1983,29.2,32.3,36.8,36.9,28.5
GreatBasin,1/20/1983,26,30.1,34.7,35.1,26.7
GreatBasin,1/21/1983,25,28.5,33.7,34.4,25.3
GreatBasin,1/22/1983,24.9,28.7,34.9,35.2,26.3
GreatBasin,1/23/1983,29,31.7,37,36.5,27.4
GreatBasin,1/24/1983,28.3,31.4,37.6,37.3,28.7
GreatBasin,1/25/1983,28.7,32.7,37.2,38.4,28.6
GreatBasin,1/26/1983,28.9,32.3,40.4,39.7,31.1
GreatBasin,1/27/1983,35.6,37.5,41.5,40.1,31.3
GreatBasin,1/28/1983,29.3,33.8,38.4,38.6,30.7
GreatBasin,1/29/1983,27.1,30.4,35.9,36.7,27.7
GreatBasin,1/30/1983,26.7,30.6,35.8,35.5,25.8
GreatBasin,1/31/1983,23.7,28.2,34.8,34.3,24.4
GreatBasin,2/1/1983,22.7,26.5,32.3,32.5,22.1
GreatBasin,2/2/1983,20,24.6,30.3,30.7,20.3
GreatBasin,2/3/1983,18.2,22.7,29.5,30.3,18.9
GreatBasin,2/4/1983,18.6,23.2,31,30.7,18.7
GreatBasin,2/5/1983,19.4,24,31.5,32.2,19.6
GreatBasin,2/6/1983,20.7,25.2,34,34,22.9
GreatBasin,2/7/1983,28.5,31.2,36.6,36.1,26.4
GreatBasin,2/8/1983,30.1,32.4,37.7,38.2,29.8
GreatBasin,2/9/1983,30.8,34.3,40.4,39.3,30.7
GreatBasin,2/10/1983,31.1,34.8,39.9,40.6,30.1
GreatBasin,2/11/1983,28.4,33.7,41.6,41.9,30.9
GreatBasin,2/12/1983,33.3,37,44.3,42.9,32.5
GreatBasin,2/13/1983,35.8,39.1,42.8,42.7,32.8
GreatBasin,2/14/1983,29.4,34.6,41.1,42,31.4
GreatBasin,2/15/1983,29,33.8,42.1,42.2,30.3
GreatBasin,2/16/1983,32.5,36.5,43.4,43.7,31.1
GreatBasin,2/17/1983,31.8,36.8,45.6,45.8,33.6
GreatBasin,2/18/1983,36.5,41.1,48.3,46.1,32.3
GreatBasin,2/19/1983,28.5,34.8,44.4,45.1,30.6
GreatBasin,2/20/1983,26.8,32.5,42.7,44.5,29
GreatBasin,2/21/1983,31.6,36.7,46.4,45.6,30.9
GreatBasin,2/22/1983,34.2,39.6,47.7,47.8,33.4
GreatBasin,2/23/1983,34.4,40.6,49.3,48.8,34.5
GreatBasin,2/24/1983,35,41.2,49.4,48.8,34.3
GreatBasin,2/25/1983,33.6,39.2,47.7,46.8,34.1
GreatBasin,2/26/1983,33.7,37.9,43.4,44.3,33.1
GreatBasin,2/27/1983,32.1,36.4,41.9,43.4,33.4
GreatBasin,2/28/1983,34.5,38.4,45,45,34.7
GreatBasin,3/1/1983,37.5,41,48.1,46.4,36.5
GreatBasin,3/2/1983,37.5,41.5,46.2,46.4,37.2
GreatBasin,3/3/1983,36.5,40.2,45,45,36.4
GreatBasin,3/4/1983,35.1,39.1,43.7,44.4,35
GreatBasin,3/5/1983,33.3,37.8,44.5,44.6,33.8
GreatBasin,3/6/1983,33,38.3,45.6,45.3,33.5
GreatBasin,3/7/1983,34.1,38.8,45.7,46.9,34.2
GreatBasin,3/8/1983,35.5,41,49.4,49.6,35.5
GreatBasin,3/9/1983,37,43.4,53.8,53.2,37.5
GreatBasin,3/10/1983,39.9,46.8,56.5,55.2,39.5
GreatBasin,3/11/1983,41.5,47.4,55.2,54.6,39.4
GreatBasin,3/12/1983,36.7,44.1,52,53.1,39.4
GreatBasin,3/13/1983,40,45.1,52,51.4,37.6
GreatBasin,3/14/1983,36.2,41.9,50.3,48.3,35.5
GreatBasin,3/15/1983,30.3,35.9,42.5,45.4,31.6
GreatBasin,3/16/1983,28.4,34.8,43.3,42.6,29.9
GreatBasin,3/17/1983,31.1,35.9,42,41.9,29.6
GreatBasin,3/18/1983,29.3,34.4,40.4,40.4,29
GreatBasin,3/19/1983,26.5,32.1,38.9,40,27.2
GreatBasin,3/20/1983,25.7,32,40.7,40.1,26.6
GreatBasin,3/21/1983,27.5,33.5,40.7,41.3,27.2
GreatBasin,3/22/1983,28.5,34.1,42.4,41.6,28.8
GreatBasin,3/23/1983,30.5,35.5,41.7,41.6,29.8
GreatBasin,3/24/1983,30.3,34.9,40.7,40.6,30
GreatBasin,3/25/1983,29.1,33.6,39.3,40.7,29.1
GreatBasin,3/26/1983,27.8,33.7,42,41.7,28.7
GreatBasin,3/27/1983,29.3,35.8,43.9,43.6,29.9
GreatBasin,3/28/1983,32.6,38.2,45,45.7,31.2
GreatBasin,3/29/1983,31.7,38.5,48.1,49.1,34.6
GreatBasin,3/30/1983,39.4,44.8,54.3,52,37.2
GreatBasin,3/31/1983,40.6,45.7,53.6,51.7,37
GreatBasin,4/1/1983,31.1,38.8,47.3,50.1,35.4
GreatBasin,4/2/1983,34.4,40.7,49.4,48.1,31.4
GreatBasin,4/3/1983,28.8,35.9,47.7,45.3,29.2
GreatBasin,4/4/1983,24.5,31,38.9,42,25.7
GreatBasin,4/5/1983,23.7,31,39.4,40.1,24.3
GreatBasin,4/6/1983,24.7,32.4,41.9,42.3,25
GreatBasin,4/7/1983,26.7,35.1,45.6,45.5,27.5
GreatBasin,4/8/1983,31.2,38.7,49,49.1,30.8
GreatBasin,4/9/1983,34.5,42.4,52.8,51.1,34.1
GreatBasin,4/10/1983,36.6,43.6,51.5,50.9,34.7
GreatBasin,4/11/1983,33,39.5,48.5,47.3,32.7
GreatBasin,4/12/1983,28.5,34.7,41.8,44.1,29
GreatBasin,4/13/1983,25.6,33.1,42.1,43.1,27.1
GreatBasin,4/14/1983,27.2,35.2,45.4,45.8,27.8
GreatBasin,4/15/1983,30.7,39,49.9,50.1,30.6
GreatBasin,4/16/1983,33.9,43,54.9,55.1,34
GreatBasin,4/17/1983,37.4,47.6,60.4,58.3,37.3
GreatBasin,4/18/1983,40.6,49.2,59.6,59.2,39
GreatBasin,4/19/1983,38.9,47.6,57.7,58,40.4
GreatBasin,4/20/1983,41.6,49,56.7,55.7,40.1
GreatBasin,4/21/1983,39.7,46,52.8,55.5,40.3
GreatBasin,4/22/1983,39.6,46.9,57.1,57.4,40.3
GreatBasin,4/23/1983,41.6,50.7,62.4,60.2,41.5
GreatBasin,4/24/1983,43.3,51.7,61.1,59.8,40.5
GreatBasin,4/25/1983,36.7,44.4,55.8,56.3,37.9
GreatBasin,4/26/1983,33.8,42.3,52.1,54.2,35.8
GreatBasin,4/27/1983,37,44.9,54.6,54.3,36.5
GreatBasin,4/28/1983,38.7,47,56.1,55.2,38.3
GreatBasin,4/29/1983,39.3,47.3,55,55,39
GreatBasin,4/30/1983,38.9,45.9,53.9,53.2,38.3
GreatBasin,5/1/1983,36.6,43.6,50.6,53.3,37.5
GreatBasin,5/2/1983,37.1,45.4,55.3,55,37.8
GreatBasin,5/3/1983,39.6,48.7,59,59.2,39.3
GreatBasin,5/4/1983,41.1,51.6,63.2,61.3,40.8
GreatBasin,5/5/1983,41.8,51,61.7,60.1,40.5
GreatBasin,5/6/1983,38.5,46,55.3,59.9,39.9
GreatBasin,5/7/1983,39.3,49.3,62.7,60.4,40.6
GreatBasin,5/8/1983,43.9,53.9,63.1,62.5,41.1
GreatBasin,5/9/1983,40,48.9,61.8,59.2,40.3
GreatBasin,5/10/1983,36.9,44.8,52.8,55.3,37
GreatBasin,5/11/1983,34.2,42,51.4,52.2,35.2
GreatBasin,5/12/1983,34.5,42.7,52.3,53,35.4
GreatBasin,5/13/1983,37.4,46,55.3,55,36.5
GreatBasin,5/14/1983,37.6,47.4,57.5,57,38.6
GreatBasin,5/15/1983,40.7,49.3,58.1,57.1,39.2
GreatBasin,5/16/1983,39.2,47.1,55.7,57.6,39.3
GreatBasin,5/17/1983,38,47.3,59.1,58.2,39.9
GreatBasin,5/18/1983,42.6,51.4,59.7,59.8,41.4
GreatBasin,5/19/1983,43.6,52.1,60.5,61.9,43.1
GreatBasin,5/20/1983,43.1,53.4,65.4,65.6,44.8
GreatBasin,5/21/1983,47.8,58.6,70.8,69.3,46.9
GreatBasin,5/22/1983,49.7,60.8,71.7,73,49.7
GreatBasin,5/23/1983,51.7,63.6,76.6,76,52.1
GreatBasin,5/24/1983,54.9,67.2,79.7,79.1,54.5
GreatBasin,5/25/1983,56.9,69,80.9,80.8,56.4
GreatBasin,5/26/1983,57.5,69.8,81.7,82,57.8
GreatBasin,5/27/1983,59,71,83.4,83,58.9
GreatBasin,5/28/1983,60.2,72.3,83.9,83.3,59.9
GreatBasin,5/29/1983,60.4,72.1,82.6,82.4,59.4
GreatBasin,5/30/1983,57.5,68.6,80.7,79.7,57
GreatBasin,5/31/1983,53.1,64.2,75.8,76,53.3
GreatBasin,6/1/1983,49.3,59.8,71.4,71.2,49.7
GreatBasin,6/2/1983,46.6,56.6,66.4,69,48.3
GreatBasin,6/3/1983,48.9,59.1,69.3,68.2,48.7
GreatBasin,6/4/1983,50.6,60.4,69,69.6,49.7
GreatBasin,6/5/1983,49.7,60.5,70.5,70.7,50.6
GreatBasin,6/6/1983,51.4,62.1,72.5,72.9,51.6
GreatBasin,6/7/1983,53.8,65.1,75.8,74.7,53.5
GreatBasin,6/8/1983,55.2,66,75.9,75.8,54.8
GreatBasin,6/9/1983,55.5,66.1,75.7,76.8,55.4
GreatBasin,6/10/1983,55.5,67,78.9,77.3,55.4
GreatBasin,6/11/1983,55.3,64.6,77.4,74.7,52.8
GreatBasin,6/12/1983,47.5,57.2,67.8,71,49.7
GreatBasin,6/13/1983,46.3,57.2,67.9,70,47.5
GreatBasin,6/14/1983,48.7,60.8,74.4,73.1,49.7
GreatBasin,6/15/1983,54,65.6,77,76.1,52.5
GreatBasin,6/16/1983,54.9,66.4,77,79,55.4
GreatBasin,6/17/1983,57.2,69.2,83.1,80.8,57
GreatBasin,6/18/1983,58.8,69.3,82.3,80.3,56.2
GreatBasin,6/19/1983,52.5,64.2,75.5,78.1,54.6
GreatBasin,6/20/1983,52.6,64.4,76.5,76,53
GreatBasin,6/21/1983,54,65.5,75.9,78.2,54.2
GreatBasin,6/22/1983,56.1,68.1,82.3,80.5,57
GreatBasin,6/23/1983,60.8,72.4,83.2,82.3,58.5
GreatBasin,6/24/1983,58.6,70,81.5,81.3,58.7
GreatBasin,6/25/1983,56.6,68.2,79.1,80.2,57.7
GreatBasin,6/26/1983,57.9,69.5,80,79.3,57.2
GreatBasin,6/27/1983,57.2,68.4,78.7,78.6,56.7
GreatBasin,6/28/1983,55,66.6,77.2,78.4,56.5
GreatBasin,6/29/1983,57.2,68.3,79.4,78.4,56.2
GreatBasin,6/30/1983,56.5,67.9,78.6,78.5,57.3
GreatBasin,7/1/1983,58.3,68.1,77.6,77.3,56.9
GreatBasin,7/2/1983,55.9,65.7,75.6,75.6,55.7
GreatBasin,7/3/1983,52.9,63.5,73.6,77.3,54.8
GreatBasin,7/4/1983,55.6,67.6,82.8,82.1,56.6
GreatBasin,7/5/1983,61.4,74.6,90,87.4,61.5
GreatBasin,7/6/1983,67.5,78.4,89.3,88.6,64.4
GreatBasin,7/7/1983,64.3,75.3,86.5,86.7,64.7
GreatBasin,7/8/1983,62.4,73.7,84.4,84.6,62.3
GreatBasin,7/9/1983,60.3,69.9,82.8,80,58.1
GreatBasin,7/10/1983,51.6,62.4,72.7,78.5,54.9
GreatBasin,7/11/1983,52.8,65.2,79.9,79.8,54.7
GreatBasin,7/12/1983,59.7,72.4,86.7,85.4,59.1
GreatBasin,7/13/1983,64.8,76.9,89.5,88.3,63.8
GreatBasin,7/14/1983,66.8,77.5,88.8,87.4,63
GreatBasin,7/15/1983,57.5,68.7,83.8,83.7,59
GreatBasin,7/16/1983,52.8,65.1,78.5,81.8,55.8
GreatBasin,7/17/1983,57,69.2,83.1,82.7,56.6
GreatBasin,7/18/1983,60,72.7,86.4,85.1,60
GreatBasin,7/19/1983,63,74.2,85.7,84.9,61.9
GreatBasin,7/20/1983,62.6,72.7,82.6,83.5,62.3
GreatBasin,7/21/1983,61.4,71.6,82.1,82.6,62.3
GreatBasin,7/22/1983,62.9,73,83.1,82.5,62.1
GreatBasin,7/23/1983,61.9,72.2,82.2,83.8,62.5
GreatBasin,7/24/1983,62.7,73.9,86,84.3,63
GreatBasin,7/25/1983,64.4,73.9,84.7,84.4,62.8
GreatBasin,7/26/1983,61.2,71.8,82.6,83.3,62.3
GreatBasin,7/27/1983,61.3,72.2,82.6,83.5,61.2
GreatBasin,7/28/1983,61.2,72.8,85.3,85.4,62
GreatBasin,7/29/1983,63.5,75.4,88.2,87.3,63.7
GreatBasin,7/30/1983,66.3,77.3,88.3,87.8,66.1
GreatBasin,7/31/1983,68.4,76.9,86.9,86.5,67
GreatBasin,8/1/1983,66.2,75.4,84.3,85.7,66.5
GreatBasin,8/2/1983,64.9,75.3,85.8,85.6,65.5
GreatBasin,8/3/1983,65.5,76.2,86.8,87.1,65.8
GreatBasin,8/4/1983,66.9,77.5,88.7,88.8,66.5
GreatBasin,8/5/1983,67.2,78.7,91,90.9,67.9
GreatBasin,8/6/1983,69.6,81.2,92.9,91.7,69.1
GreatBasin,8/7/1983,70.6,81.1,91.1,91.2,70
GreatBasin,8/8/1983,69.8,79,89.6,88.7,69.4
GreatBasin,8/9/1983,67.9,77,85.5,86.5,67.9
GreatBasin,8/10/1983,66.1,74.8,84.3,83.9,66.2
GreatBasin,8/11/1983,64.7,73.2,81.9,82.7,64.2
GreatBasin,8/12/1983,61.8,71.6,81.8,83.1,63.1
GreatBasin,8/13/1983,62.7,73.4,85.5,84.1,63.5
GreatBasin,8/14/1983,66.1,75.5,84.9,84.8,64.8
GreatBasin,8/15/1983,65.6,73.6,83.9,82.7,65.2
GreatBasin,8/16/1983,63.9,71.1,79.4,80.1,64.1
GreatBasin,8/17/1983,62.7,70.1,76.9,77.2,62.9
GreatBasin,8/18/1983,62.2,68.7,75.3,75,61.6
GreatBasin,8/19/1983,59.9,65.9,72.8,74.4,60.3
GreatBasin,8/20/1983,58.8,65.9,75.1,74.8,59.1
GreatBasin,8/21/1983,58.5,67.3,76.4,75.7,58.1
GreatBasin,8/22/1983,57,66.4,75.5,76.3,57.1
GreatBasin,8/23/1983,55.7,65.9,76.9,77.2,56.4
GreatBasin,8/24/1983,56.6,67.3,79.3,78.8,56.7
GreatBasin,8/25/1983,57.8,68.7,80.2,80.7,57.9
GreatBasin,8/26/1983,59.3,70.4,82.5,82.4,59.6
GreatBasin,8/27/1983,61.6,72.6,84.5,83.4,61.5
GreatBasin,8/28/1983,63.6,73.5,83.2,83.1,62.1
GreatBasin,8/29/1983,61,71.4,81.6,83,62
GreatBasin,8/30/1983,61.5,72.1,84.2,83.5,62.2
GreatBasin,8/31/1983,64,74.2,84.8,84.3,63.7
GreatBasin,9/1/1983,65.5,74.9,83.9,83.5,63.9
GreatBasin,9/2/1983,62.3,71.4,81.9,81.2,62.5
GreatBasin,9/3/1983,59.6,68.9,77.8,79.1,59.7
GreatBasin,9/4/1983,57.3,67.5,77.7,77.9,58.1
GreatBasin,9/5/1983,57.3,67.6,78.2,79.6,57.3
GreatBasin,9/6/1983,57.4,68.8,82.8,81,59
GreatBasin,9/7/1983,62.3,72,81.9,81.3,59.9
GreatBasin,9/8/1983,59.9,69.5,79.1,79.1,59.8
GreatBasin,9/9/1983,57.1,66,76.4,77.4,56.8
GreatBasin,9/10/1983,53.5,64.1,76.7,77.4,56.3
GreatBasin,9/11/1983,58.3,67.8,79,78.7,56.6
GreatBasin,9/12/1983,58.1,68.6,80.4,80.7,58.3
GreatBasin,9/13/1983,58.6,69.7,82.8,81.5,59.2
GreatBasin,9/14/1983,60.9,70.8,81.2,81.1,58.9
GreatBasin,9/15/1983,57.3,68.1,79.4,80.8,59.1
GreatBasin,9/16/1983,59.1,69.6,81.8,80.4,58.6
GreatBasin,9/17/1983,59.5,68.8,80,79.3,58.3
GreatBasin,9/18/1983,56.4,65.7,76.2,76.8,55.5
GreatBasin,9/19/1983,50.7,59.9,74.3,70.7,49.3
GreatBasin,9/20/1983,40.7,50.6,61.6,67.6,45.2
GreatBasin,9/21/1983,44.1,53.7,67,66.9,45.1
GreatBasin,9/22/1983,50.4,59.6,72.1,70.1,49.5
GreatBasin,9/23/1983,54,62.4,71.2,71.2,52.4
GreatBasin,9/24/1983,52.9,60.9,70.2,71.8,53.3
GreatBasin,9/25/1983,53,62,74,72.2,54
GreatBasin,9/26/1983,56.2,63.9,72.3,71.8,54.3
GreatBasin,9/27/1983,53.8,60.4,69.2,68.7,52.6
GreatBasin,9/28/1983,47.7,55.6,64.6,65.4,49.9
GreatBasin,9/29/1983,48.3,54.3,62.5,61.6,47.8
GreatBasin,9/30/1983,47.3,52,57.7,59,47.3
GreatBasin,10/1/1983,46.2,51,56.8,57.1,46.1
GreatBasin,10/2/1983,44.8,50.3,56.7,57.7,44.6
GreatBasin,10/3/1983,42.7,50,59.6,60.6,44.4
GreatBasin,10/4/1983,45.8,53.5,65.4,63.6,45.6
GreatBasin,10/5/1983,48.3,56.1,65.9,66.4,47.8
GreatBasin,10/6/1983,49.3,57.2,67.9,66.5,49.3
GreatBasin,10/7/1983,50.3,57.4,65.6,67.1,49.5
GreatBasin,10/8/1983,48.8,56.5,67.7,66.6,50.2
GreatBasin,10/9/1983,51.4,58.1,66.4,66,49.6
GreatBasin,10/10/1983,48.6,55.7,63.9,63.6,48
GreatBasin,10/11/1983,44,52.1,60.5,62.8,45.7
GreatBasin,10/12/1983,44.4,52.4,64.1,62.6,44.7
GreatBasin,10/13/1983,45.7,54.1,63.2,62.2,43.7
GreatBasin,10/14/1983,41.1,48.1,59.2,59.2,42.1
GreatBasin,10/15/1983,39.6,46.4,55.3,57.7,40.4
GreatBasin,10/16/1983,40.5,47.9,58.7,58.3,41.2
GreatBasin,10/17/1983,43.5,50.7,61,59.5,42.5
GreatBasin,10/18/1983,43.6,50.9,58.7,60.5,43
GreatBasin,10/19/1983,42,50.1,61.8,61.2,43.6
GreatBasin,10/20/1983,45.2,52.6,63,63.2,44.4
GreatBasin,10/21/1983,46,54,64.9,64.8,46.2
GreatBasin,10/22/1983,47.5,55.8,66.6,64.6,47.2
GreatBasin,10/23/1983,48.2,54.9,62.2,62,45.6
GreatBasin,10/24/1983,41,48.6,57.3,60.5,43.4
GreatBasin,10/25/1983,41,49,62,61.7,42.5
GreatBasin,10/26/1983,45.5,53.4,65.8,64.5,44.6
GreatBasin,10/27/1983,47.2,55.3,65.7,65,46.4
GreatBasin,10/28/1983,46.6,54.5,63.6,64.5,47
GreatBasin,10/29/1983,47.1,54.7,64.3,63.3,47.3
GreatBasin,10/30/1983,48.1,54.3,61.9,62.3,47.3
GreatBasin,10/31/1983,46.8,53.2,60.6,60.5,46.7
GreatBasin,11/1/1983,45.3,51.6,59,59.2,45.9
GreatBasin,11/2/1983,45.5,51,58.1,59.9,45.2
GreatBasin,11/3/1983,44.9,51.8,62.6,60.7,45.9
GreatBasin,11/4/1983,47.4,53.5,61.3,60.6,45.6
GreatBasin,11/5/1983,44.4,50.9,57.9,59.4,45.3
GreatBasin,11/6/1983,44.1,50.2,59.1,57.3,44.1
GreatBasin,11/7/1983,43.7,49.3,55,54.1,40.6
GreatBasin,11/8/1983,34.1,40,48.2,49.1,36.1
GreatBasin,11/9/1983,30.6,35.7,44.2,47.7,34.2
GreatBasin,11/10/1983,38,41.7,50.7,48.8,37
GreatBasin,11/11/1983,42.3,45.5,51.5,51,39.5
GreatBasin,11/12/1983,38.1,43.6,50.7,49.9,39.1
GreatBasin,11/13/1983,37,42.3,47.6,47.4,35.9
GreatBasin,11/14/1983,32.7,38.4,43.9,46.9,34.4
GreatBasin,11/15/1983,33.6,38.5,49.3,47.8,34.7
GreatBasin,11/16/1983,37.8,42.3,50.2,49.4,37
GreatBasin,11/17/1983,39.6,43.3,48.7,48,37.4
GreatBasin,11/18/1983,34.9,39.5,45.1,44.4,34.5
GreatBasin,11/19/1983,29,33.4,39.3,41.4,32
GreatBasin,11/20/1983,32.2,35,39.8,38.1,29
GreatBasin,11/21/1983,25.7,29.9,35.2,35,25.8
GreatBasin,11/22/1983,19.5,24.3,29.9,32.3,22
GreatBasin,11/23/1983,20.9,24.5,31.9,33,22.1
GreatBasin,11/24/1983,26,29.6,37.1,34.8,25.4
GreatBasin,11/25/1983,29.3,32.6,35.4,34.1,25.3
GreatBasin,11/26/1983,20.6,25.1,29.7,32.6,23.7
GreatBasin,11/27/1983,21.2,24.8,32.8,32.1,22.5
GreatBasin,11/28/1983,25.8,28.7,33.8,32.3,22.8
GreatBasin,11/29/1983,21.4,25.9,30.2,32.2,22.2
GreatBasin,11/30/1983,19.5,23.9,32.7,32.9,23
GreatBasin,12/1/1983,28.1,30.4,35.8,34.9,25.1
GreatBasin,12/2/1983,27.6,30.9,36.2,36.4,27.8
GreatBasin,12/3/1983,27.8,31,37.2,35.7,26.4
GreatBasin,12/4/1983,23.9,28.7,33.7,32.7,22.4
GreatBasin,12/5/1983,15.5,20.4,27.3,31.1,20.1
GreatBasin,12/6/1983,20.8,24.1,32.4,32.3,21.5
GreatBasin,12/7/1983,28.1,31.1,37.2,36,26.6
GreatBasin,12/8/1983,30.9,34,38.3,38.8,30.2
GreatBasin,12/9/1983,31.6,34.6,40.9,39.5,31.7
GreatBasin,12/10/1983,32.7,35.6,39.4,40.5,31.8
GreatBasin,12/11/1983,31.2,35.1,41.2,39.6,30.9
GreatBasin,12/12/1983,28.8,33.5,38.2,38.8,29.1
GreatBasin,12/13/1983,27.3,30.5,37,37.8,28.9
GreatBasin,12/14/1983,30.6,33.4,38.3,37.8,29.4
GreatBasin,12/15/1983,30.4,33.7,38,36.8,28.2
GreatBasin,12/16/1983,23.6,28.3,34.1,35,25.9
GreatBasin,12/17/1983,23.7,27.7,32.8,33.1,22.5
GreatBasin,12/18/1983,20.3,24.8,32.3,32.4,22.2
GreatBasin,12/19/1983,22.5,26.9,32.2,30.9,18.5
GreatBasin,12/20/1983,12.7,19.7,28.1,26.4,14.3
GreatBasin,12/21/1983,7.8,12.6,18.9,22,9.7
GreatBasin,12/22/1983,8.7,12.7,19,18.9,8.3
GreatBasin,12/23/1983,8.5,12.7,18.7,20.4,9.6
GreatBasin,12/24/1983,11.6,14.9,23.6,24.9,13.8
GreatBasin,12/25/1983,21.3,25.5,32.5,30.7,21.2
GreatBasin,12/26/1983,30.6,32.2,35.9,34,26.3
GreatBasin,12/27/1983,26.9,30.5,33.5,32.6,22.9
GreatBasin,12/28/1983,11.1,18.9,28.5,30.4,17.7
GreatBasin,12/29/1983,15,19.2,29.3,32.2,17
GreatBasin,12/30/1983,25,30.6,38.8,35.6,23.7
GreatBasin,12/31/1983,31.1,34.8,38.6,37.3,27.2
GreatBasin,1/1/1984,25.4,29.7,34.4,35.6,26.4
GreatBasin,1/2/1984,22.6,26.7,33.8,35.2,24.6
GreatBasin,1/3/1984,25.7,29.2,37.3,37.4,26.8
GreatBasin,1/4/1984,32,35.1,41.1,39.9,30.5
GreatBasin,1/5/1984,33.7,36.5,41.4,41.1,32.7
GreatBasin,1/6/1984,32.5,35.7,40.8,41.2,32.6
GreatBasin,1/7/1984,31.7,35.6,41.5,40.7,31.6
GreatBasin,1/8/1984,30.7,34.9,39.8,39.5,30.1
GreatBasin,1/9/1984,27.8,32.4,37.3,38.2,28.2
GreatBasin,1/10/1984,26.1,30.1,37.6,36.6,27.3
GreatBasin,1/11/1984,28,31.6,35,34.8,25.4
GreatBasin,1/12/1984,22,26.5,31.7,32,23.1
GreatBasin,1/13/1984,19.4,23.8,29.4,28.9,19.3
GreatBasin,1/14/1984,16.6,20.7,25.7,27,16.7
GreatBasin,1/15/1984,14,18.4,25.8,25.2,14.9
GreatBasin,1/16/1984,14.2,18.4,24.1,23.3,12.6
GreatBasin,1/17/1984,9.6,15.1,20.1,21.2,9.4
GreatBasin,1/18/1984,4.4,9.7,19.3,20.8,8
GreatBasin,1/19/1984,10.1,14.1,23.1,22.4,8.1
GreatBasin,1/20/1984,9.8,15.2,24.9,25.4,11.6
GreatBasin,1/21/1984,14.9,19.4,28.3,28.6,15.1
GreatBasin,1/22/1984,20.6,24.7,32.6,31.6,19.7
GreatBasin,1/23/1984,23.5,27.7,33.9,35.8,23.7
GreatBasin,1/24/1984,26.9,31.9,41,38.9,28.1
GreatBasin,1/25/1984,33.8,37.1,41.7,40.8,29.4
GreatBasin,1/26/1984,27.4,33.2,39.7,40,28.6
GreatBasin,1/27/1984,24.6,28.9,38.6,39.7,26.8
GreatBasin,1/28/1984,28.5,33,40.9,39.8,27.1
GreatBasin,1/29/1984,28.1,33.2,40,40.1,27.4
GreatBasin,1/30/1984,25.5,31,39.5,40.1,26.7
GreatBasin,1/31/1984,26.6,32,40.9,40.2,27.1
GreatBasin,2/1/1984,29.3,33.8,40.2,39.6,26.8
GreatBasin,2/2/1984,24.5,30.5,37.6,39.1,26.6
GreatBasin,2/3/1984,26,31,39.5,39.3,25.8
GreatBasin,2/4/1984,26.8,32.2,40.9,40.6,26.5
GreatBasin,2/5/1984,26.8,32.4,41.3,41.6,27.4
GreatBasin,2/6/1984,28.7,34.1,42.5,41.4,27.9
GreatBasin,2/7/1984,28.2,33.7,40.4,40.8,27.6
GreatBasin,2/8/1984,26,31.6,39.6,40.6,27.4
GreatBasin,2/9/1984,28.1,33,41.9,40.4,28.1
GreatBasin,2/10/1984,30.3,33.7,39.7,38.8,26.7
GreatBasin,2/11/1984,21.6,27.7,34.8,37.6,25.6
GreatBasin,2/12/1984,25,29.4,38.4,39,26.8
GreatBasin,2/13/1984,33.8,36.8,43.8,41.6,29.5
GreatBasin,2/14/1984,29.8,35.5,42.7,41,28.5
GreatBasin,2/15/1984,21.9,27.7,36.4,39.5,26.7
GreatBasin,2/16/1984,28.4,32.1,39.5,37.4,24.8
GreatBasin,2/17/1984,24,29.2,36.4,36.3,24
GreatBasin,2/18/1984,19.5,25.5,32.9,34.3,20.4
GreatBasin,2/19/1984,17.8,24.2,33.6,34.4,19
GreatBasin,2/20/1984,19.7,25.8,36.7,36.8,20.9
GreatBasin,2/21/1984,25.1,30.6,40,38.3,23.1
GreatBasin,2/22/1984,24.5,30.6,38.3,37.7,22.7
GreatBasin,2/23/1984,18.5,25.3,34.8,37.8,22.5
GreatBasin,2/24/1984,24.5,30,40.4,38,22.9
GreatBasin,2/25/1984,25.7,31.1,38.8,37.9,23.5
GreatBasin,2/26/1984,20.2,27.1,34.4,37,22
GreatBasin,2/27/1984,20,26.8,37.9,38.5,21.8
GreatBasin,2/28/1984,25.2,31.9,43.2,42.2,24.7
GreatBasin,2/29/1984,29,35.8,45.4,45.1,29.1
GreatBasin,3/1/1984,33,38.5,46.7,46.2,31.9
GreatBasin,3/2/1984,33.7,39.4,46.6,46.2,32
GreatBasin,3/3/1984,29.4,36.4,45.3,44.1,29.4
GreatBasin,3/4/1984,25.2,31.5,40.4,40.8,24.6
GreatBasin,3/5/1984,19.3,26.8,36.7,39.8,23.3
GreatBasin,3/6/1984,25.4,31.4,42.2,41.3,24.2
GreatBasin,3/7/1984,28,34.9,45.1,45.1,28.1
GreatBasin,3/8/1984,30.8,37.9,48.1,47.2,30.7
GreatBasin,3/9/1984,33.4,40.2,48.5,48.6,32.6
GreatBasin,3/10/1984,33.6,40.5,49.3,48.5,33.8
GreatBasin,3/11/1984,34.4,39.9,47.7,48.8,34
GreatBasin,3/12/1984,34,40,49.3,49.1,34.1
GreatBasin,3/13/1984,33.8,41,50.3,49.5,35.6
GreatBasin,3/14/1984,38.9,43.4,49,49.1,35.3
GreatBasin,3/15/1984,33.1,39.5,48.1,47.9,34.9
GreatBasin,3/16/1984,32.8,39.2,46.7,46.9,33.3
GreatBasin,3/17/1984,33.9,38.9,45.8,45.5,31.6
GreatBasin,3/18/1984,28.2,35.3,43.9,46.3,31
GreatBasin,3/19/1984,30.8,37.8,49.2,48.8,31.2
GreatBasin,3/20/1984,34.5,42.1,53.4,51.8,34.3
GreatBasin,3/21/1984,37.7,44.6,52.7,51.7,34.5
GreatBasin,3/22/1984,31.3,38.8,49.1,50.3,33
GreatBasin,3/23/1984,29.9,37.9,49.2,49.7,31.9
GreatBasin,3/24/1984,34.5,41.5,50.7,49.7,32
GreatBasin,3/25/1984,31.5,39.8,49.2,49.3,33.8
GreatBasin,3/26/1984,35.3,40.7,48.1,47.9,32.3
GreatBasin,3/27/1984,30.1,37.3,46.3,46.7,31
GreatBasin,3/28/1984,27.5,35.1,45.6,46.1,29
GreatBasin,3/29/1984,29.4,37.6,46.5,45.6,28.6
GreatBasin,3/30/1984,28.8,36,44.8,46.1,29.2
GreatBasin,3/31/1984,29.3,37.3,47.1,45.5,29.3
GreatBasin,4/1/1984,29.9,36.3,44.7,45.7,29.7
GreatBasin,4/2/1984,30,36.7,45.4,46.2,30
GreatBasin,4/3/1984,30.2,38.1,48.5,49.1,30.8
GreatBasin,4/4/1984,32.1,41.3,53.4,52.4,33.2
GreatBasin,4/5/1984,37.4,45.3,55.4,54.3,36
GreatBasin,4/6/1984,38.6,44.8,54,53.2,35.9
GreatBasin,4/7/1984,31.7,40.2,50.3,52.8,35.7
GreatBasin,4/8/1984,36.9,44,54,52.2,33.5
GreatBasin,4/9/1984,31.8,40.4,52.2,52.8,34.4
GreatBasin,4/10/1984,34.6,41.6,52.1,51.8,33.3
GreatBasin,4/11/1984,33.5,41.4,51,52.4,33.8
GreatBasin,4/12/1984,33.2,41.6,54.1,54,34.7
GreatBasin,4/13/1984,37.4,46.4,56.9,58,36.6
GreatBasin,4/14/1984,39.1,49.3,63.1,62.4,39.7
GreatBasin,4/15/1984,42.7,53.6,67.1,66.9,42.5
GreatBasin,4/16/1984,45.8,57,70.6,68.9,45.5
GreatBasin,4/17/1984,48.1,57.7,69,67.8,45.6
GreatBasin,4/18/1984,43,52,63.9,63.3,43.9
GreatBasin,4/19/1984,40.6,46.6,57.1,56,38.9
GreatBasin,4/20/1984,33,39.8,47,52.6,35.8
GreatBasin,4/21/1984,33.9,42.3,53.8,53,34.8
GreatBasin,4/22/1984,37.4,46.6,58.2,57.4,37.5
GreatBasin,4/23/1984,41.2,50.4,60.2,59.2,39.5
GreatBasin,4/24/1984,39.9,49.7,59.2,59,37.6
GreatBasin,4/25/1984,31.7,40.8,57.6,52.5,33.2
GreatBasin,4/26/1984,27.9,34,40.6,46.6,28.8
GreatBasin,4/27/1984,26.9,33.9,41.7,43.1,27.5
GreatBasin,4/28/1984,27.7,36.2,46.9,46.4,29.1
GreatBasin,4/29/1984,32.6,40.6,50.7,50.7,31.9
GreatBasin,4/30/1984,35.4,44,54.5,53.6,35.8
GreatBasin,5/1/1984,39.5,46.9,55.6,56,38.7
GreatBasin,5/2/1984,41.3,48.4,57.8,58.1,41.1
GreatBasin,5/3/1984,42.4,50.8,60.8,59.6,42
GreatBasin,5/4/1984,42.4,51.1,60.3,60.1,41.9
GreatBasin,5/5/1984,40.9,49.4,59.3,58.3,40.2
GreatBasin,5/6/1984,37.3,46.3,55.2,57.5,37.8
GreatBasin,5/7/1984,35.3,45.6,58,60.3,37.7
GreatBasin,5/8/1984,40.5,52,67.8,65.5,41.7
GreatBasin,5/9/1984,49.2,59.4,70.8,69.5,46.7
GreatBasin,5/10/1984,50.4,60.3,69.9,70.6,50.3
GreatBasin,5/11/1984,51.3,60.6,71,72,51.5
GreatBasin,5/12/1984,52.8,63.2,75,75.2,52.9
GreatBasin,5/13/1984,54.5,66.1,79.6,77.8,54.9
GreatBasin,5/14/1984,57.5,67.3,78.7,76.4,54.2
GreatBasin,5/15/1984,50.7,59,71,70.7,49.9
GreatBasin,5/16/1984,41.4,51.8,62.5,67.1,45.3
GreatBasin,5/17/1984,43.7,54.5,67.8,66.6,44.2
GreatBasin,5/18/1984,47.5,58.5,69.5,70.4,47.1
GreatBasin,5/19/1984,50.1,61.6,73.9,73.2,50.9
GreatBasin,5/20/1984,55.1,65.5,76.1,74.9,52.3
GreatBasin,5/21/1984,51.8,62.2,74.7,74.8,52.6
GreatBasin,5/22/1984,50.8,61.7,73.7,75.7,52.7
GreatBasin,5/23/1984,55.4,66.5,78.6,76.3,53.4
GreatBasin,5/24/1984,54,64.1,76.7,75.1,52.8
GreatBasin,5/25/1984,49.1,59.6,69.9,73.8,51.7
GreatBasin,5/26/1984,51.9,63,74.8,72.8,50.7
GreatBasin,5/27/1984,51,62.8,73.6,76.1,51.6
GreatBasin,5/28/1984,51.9,64.9,79.8,79.4,53.5
GreatBasin,5/29/1984,57.7,71,84.8,82.6,57.1
GreatBasin,5/30/1984,61.8,73,83.2,82.5,58.5
GreatBasin,5/31/1984,55.9,65.5,79.4,77.2,55.3
GreatBasin,6/1/1984,48.2,58.6,69,74.5,50.8
GreatBasin,6/2/1984,48.4,60.8,75.1,72.7,49.4
GreatBasin,6/3/1984,51.5,62.2,74.1,72.6,49.9
GreatBasin,6/4/1984,49.7,59.5,68.6,69.3,50
GreatBasin,6/5/1984,48.8,56.4,65.1,65.6,48.7
GreatBasin,6/6/1984,47.5,55.3,63.1,63.5,47.2
GreatBasin,6/7/1984,45.2,53.7,62.2,62.5,45.6
GreatBasin,6/8/1984,44,53.5,62.3,62.8,43.9
GreatBasin,6/9/1984,42.5,53.2,64,64.2,44.2
GreatBasin,6/10/1984,46.1,56.1,66.4,65.9,44.6
GreatBasin,6/11/1984,45.3,56,67.2,68.9,46.7
GreatBasin,6/12/1984,48.8,60.1,73.1,72.1,49
GreatBasin,6/13/1984,52.8,64.1,75.9,75.3,52
GreatBasin,6/14/1984,54.5,65.7,77,76.2,54.4
GreatBasin,6/15/1984,55.9,66.5,75.6,75.5,55.2
GreatBasin,6/16/1984,55.1,64.9,74,75.4,54.9
GreatBasin,6/17/1984,53.8,65.2,76.6,76.3,55.1
GreatBasin,6/18/1984,56.4,67.5,78.4,78.2,55.7
GreatBasin,6/19/1984,56.8,68.6,79.7,79,56.8
GreatBasin,6/20/1984,57.2,68.6,78.9,78.9,56
GreatBasin,6/21/1984,53.9,65.6,78,77.5,54.5
GreatBasin,6/22/1984,52.4,64.1,75.6,78.4,53.7
GreatBasin,6/23/1984,54.7,67.4,81.5,80.8,55.7
GreatBasin,6/24/1984,60.1,72.4,85.3,83.8,58.9
GreatBasin,6/25/1984,61.9,73,84.5,84.7,61
GreatBasin,6/26/1984,61.1,72.6,84.2,84.9,61.7
GreatBasin,6/27/1984,62.1,74.1,86.1,86.9,62.5
GreatBasin,6/28/1984,64.2,76.8,90.3,88.5,64.5
GreatBasin,6/29/1984,67.1,77.8,89.2,86.5,64
GreatBasin,6/30/1984,60.7,69.9,80.1,84,62.3
GreatBasin,7/1/1984,59.1,70.4,82.7,82.9,60.9
GreatBasin,7/2/1984,62.9,74.2,85.8,84.8,62.1
GreatBasin,7/3/1984,64.2,75.4,85.9,86.6,63.5
GreatBasin,7/4/1984,63.5,76,88.1,88.2,64.1
GreatBasin,7/5/1984,64.6,77.7,90.7,89.5,65.3
GreatBasin,7/6/1984,67.9,79.6,89.8,89.2,66
GreatBasin,7/7/1984,65.5,76.9,87.2,87.8,66
GreatBasin,7/8/1984,64.5,75.4,86.3,85.2,64.1
GreatBasin,7/9/1984,62.3,73.1,82.2,84,62.4
GreatBasin,7/10/1984,60.5,72.1,83.6,84.3,61.9
GreatBasin,7/11/1984,63,74.8,87,85.5,63.1
GreatBasin,7/12/1984,65.9,75.9,86,85.1,63.8
GreatBasin,7/13/1984,62.4,72.6,82.3,84.3,63.6
GreatBasin,7/14/1984,62.4,73.1,84.5,84.5,63.2
GreatBasin,7/15/1984,64.8,75.9,86.6,85.8,64.4
GreatBasin,7/16/1984,66,76.7,86.4,87.2,65.7
GreatBasin,7/17/1984,66.3,77.4,88.7,87.6,66.7
GreatBasin,7/18/1984,67.8,78.3,87.8,87.6,67
GreatBasin,7/19/1984,66.8,76.8,86.4,86.2,66.8
GreatBasin,7/20/1984,65.9,75.2,84.3,84.4,65.6
GreatBasin,7/21/1984,64,72.2,82.5,81.1,63.5
GreatBasin,7/22/1984,60.6,67.8,76.6,78.8,61.6
GreatBasin,7/23/1984,60.1,67.7,77.3,79.4,60.9
GreatBasin,7/24/1984,62,72.1,84.4,82.6,62.3
GreatBasin,7/25/1984,64.8,75.6,86.2,85.3,64.2
GreatBasin,7/26/1984,65.9,76.1,85.3,84.7,65.5
GreatBasin,7/27/1984,65.8,74.4,82.6,82.3,65.2
GreatBasin,7/28/1984,63.8,71.9,79,80.4,64
GreatBasin,7/29/1984,62.3,70.8,79.6,80,62.9
GreatBasin,7/30/1984,62.7,72.1,81.3,80.9,62.5
GreatBasin,7/31/1984,62.6,72.2,81.9,81.8,62.9
GreatBasin,8/1/1984,63.3,72.9,82.1,82.4,62.7
GreatBasin,8/2/1984,62.3,72.5,83.3,83.3,62.7
GreatBasin,8/3/1984,62.5,73.5,84.6,84.6,62.9
GreatBasin,8/4/1984,63.8,74.7,86,85.2,63.8
GreatBasin,8/5/1984,65.1,75.1,85.1,85.5,64.1
GreatBasin,8/6/1984,63.5,74.3,85.3,85.4,63.9
GreatBasin,8/7/1984,63.2,74.6,85.8,86.4,63.5
GreatBasin,8/8/1984,63.7,75.4,88,87.7,64
GreatBasin,8/9/1984,65,76.9,89.3,88.7,65
GreatBasin,8/10/1984,66.3,77.6,88.7,88.1,65.9
GreatBasin,8/11/1984,66.5,75.6,86.3,86.9,65.6
GreatBasin,8/12/1984,64.1,74.6,85.6,85.6,65.2
GreatBasin,8/13/1984,65.1,75.3,84.8,84.4,64.5
GreatBasin,8/14/1984,64.2,73.1,82.9,83.1,64.3
GreatBasin,8/15/1984,63.6,72.6,81.5,82,64
GreatBasin,8/16/1984,64.1,72.4,81.5,82.4,63.7
GreatBasin,8/17/1984,63.5,73.4,84.2,83,64.1
GreatBasin,8/18/1984,64.6,74.1,83.2,82.8,63.8
GreatBasin,8/19/1984,63.4,71.6,81.1,80.1,62.5
GreatBasin,8/20/1984,59.5,67.7,75.9,78.8,60.2
GreatBasin,8/21/1984,57.8,67.9,79.5,79.2,59.3
GreatBasin,8/22/1984,60.6,71,82.1,80.7,60.5
GreatBasin,8/23/1984,63.1,72,80.5,80.9,61.7
GreatBasin,8/24/1984,61.4,70.7,80,79.7,62.1
GreatBasin,8/25/1984,61.7,69.8,78.7,80.2,60.9
GreatBasin,8/26/1984,59.5,69.2,82,81.6,61.1
GreatBasin,8/27/1984,62.2,72.7,84,82.9,61.5
GreatBasin,8/28/1984,62.7,72.8,82.8,83.9,62.4
GreatBasin,8/29/1984,62.4,73,84.8,84,62.8
GreatBasin,8/30/1984,63.4,73.9,84.5,83.7,62.8
GreatBasin,8/31/1984,62.6,70.5,81.9,79.8,59.5
GreatBasin,9/1/1984,52.4,62.5,73,77.5,56.1
GreatBasin,9/2/1984,53.2,64.1,77.5,77.6,54.3
GreatBasin,9/3/1984,57.4,68.6,82.4,81.8,57.1
GreatBasin,9/4/1984,60.7,72.1,85.6,84.1,60.9
GreatBasin,9/5/1984,64.5,74.2,84.4,83.7,62.3
GreatBasin,9/6/1984,61.6,69.2,81,79.4,59.6
GreatBasin,9/7/1984,52.8,62.2,72.9,77,56.1
GreatBasin,9/8/1984,53.9,63.7,77.1,77.1,55.2
GreatBasin,9/9/1984,58.8,68.9,81.3,79.4,57.1
GreatBasin,9/10/1984,58.6,68.5,79.9,78.5,58.3
GreatBasin,9/11/1984,57.4,65.3,74.4,75.9,56.8
GreatBasin,9/12/1984,54.4,63.3,73.3,74.5,55.3
GreatBasin,9/13/1984,54.1,64.1,75.9,75.4,54.4
GreatBasin,9/14/1984,54.8,65.3,77.1,77.3,55.3
GreatBasin,9/15/1984,57.1,67,78.9,78.3,57
GreatBasin,9/16/1984,59,68.4,78.9,80,58.3
GreatBasin,9/17/1984,58.8,69.3,82.1,81.4,59.6
GreatBasin,9/18/1984,61.1,71.5,83.2,82.1,60.5
GreatBasin,9/19/1984,61.7,71.3,81,80.9,60.9
GreatBasin,9/20/1984,59.9,67.8,78.4,76.9,58.2
GreatBasin,9/21/1984,52.9,60.2,71.4,72.1,52.7
GreatBasin,9/22/1984,45.3,54.6,66.6,67.7,48.5
GreatBasin,9/23/1984,47.4,55.4,65,63.7,44.3
GreatBasin,9/24/1984,40.1,48.2,59.6,61.3,41.5
GreatBasin,9/25/1984,37,46.5,59.3,60.6,40.3
GreatBasin,9/26/1984,43.8,51.9,62.9,62.3,42.2
GreatBasin,9/27/1984,45.8,54.2,64.6,63.8,44.7
GreatBasin,9/28/1984,44.5,53.8,64,65.3,44.9
GreatBasin,9/29/1984,44.5,54.4,67.2,66.8,45.6
GreatBasin,9/30/1984,47.9,57.2,69.1,67.4,46.8
GreatBasin,10/1/1984,48.1,56.4,65.8,66.4,47.3
GreatBasin,10/2/1984,45.9,54.1,64.4,64.8,46.9
GreatBasin,10/3/1984,46.7,54.8,64.3,65.1,46.6
GreatBasin,10/4/1984,47.3,55.8,66.7,65.5,47.3
GreatBasin,10/5/1984,47.8,55.9,65.4,66.6,47.4
GreatBasin,10/6/1984,47.2,56,67.6,67.8,48
GreatBasin,10/7/1984,49.1,58.3,70.5,70.2,49.2
GreatBasin,10/8/1984,51.3,60.5,72.4,71.2,50.7
GreatBasin,10/9/1984,51.6,60.6,70.7,71.3,51.2
GreatBasin,10/10/1984,50.6,59.7,70.9,69.7,51
GreatBasin,10/11/1984,50.8,57.8,67.5,65.7,47.4
GreatBasin,10/12/1984,40.8,48.6,58.7,61.5,45.3
GreatBasin,10/13/1984,44.2,49.6,58.2,57.4,41
GreatBasin,10/14/1984,38.1,45.4,55.3,53.5,38.4
GreatBasin,10/15/1984,32.8,38.9,46.9,48.2,33.2
GreatBasin,10/16/1984,28.8,34.8,42.3,44.1,31.2
GreatBasin,10/17/1984,32.1,36.7,43,41.8,29
GreatBasin,10/18/1984,26,32.8,40,41.8,29.2
GreatBasin,10/19/1984,29.5,34.3,42.3,41.9,28.6
GreatBasin,10/20/1984,30.3,36,43.5,42.7,29.5
GreatBasin,10/21/1984,28.7,35.1,42.4,43.2,29.1
GreatBasin,10/22/1984,28.3,34.8,43.7,43.8,28.7
GreatBasin,10/23/1984,29.2,35.9,45.4,45.2,30.4
GreatBasin,10/24/1984,33.6,38.3,46.4,47.2,32.1
GreatBasin,10/25/1984,33.4,39.5,49.7,48.6,35.3
GreatBasin,10/26/1984,39,43.2,49.6,48.5,34.4
GreatBasin,10/27/1984,30.7,38,46.3,47.7,33.7
GreatBasin,10/28/1984,31.4,37.2,47.2,47.4,33
GreatBasin,10/29/1984,37,41.3,48.8,49,34.3
GreatBasin,10/30/1984,34.5,41.1,51,49,35.1
GreatBasin,10/31/1984,33.9,40.2,47.1,48.8,32.7
GreatBasin,11/1/1984,29.6,36.2,48.3,49.7,34.5
GreatBasin,11/2/1984,40,44.2,53.6,50.8,36.3
GreatBasin,11/3/1984,39.4,45.5,50.6,51.6,38.4
GreatBasin,11/4/1984,35.7,42,50.5,51.3,37.1
GreatBasin,11/5/1984,36.2,42.6,52.7,52.5,37.9
GreatBasin,11/6/1984,41.8,46.4,54.4,52,38.4
GreatBasin,11/7/1984,37.3,42.9,48.8,49.1,38.2
GreatBasin,11/8/1984,35.5,39,44.1,44.3,34.3
GreatBasin,11/9/1984,30.1,35,39.9,42.1,31.5
GreatBasin,11/10/1984,29,33.6,42.3,43.5,31.4
GreatBasin,11/11/1984,35.2,39.5,48.2,47.5,34.6
GreatBasin,11/12/1984,39.5,43.7,51.9,49.3,38.4
GreatBasin,11/13/1984,40.6,44,47.9,47.8,37.5
GreatBasin,11/14/1984,32.5,37.8,43.5,45,33.9
GreatBasin,11/15/1984,28.5,34.6,43.5,44,31.4
GreatBasin,11/16/1984,33.1,37.1,44.9,43.9,30.8
GreatBasin,11/17/1984,30.9,36.5,43.2,43.8,31.7
GreatBasin,11/18/1984,31.2,35.7,43.3,43.1,30.7
GreatBasin,11/19/1984,30.1,35.2,42.7,43.5,30.7
GreatBasin,11/20/1984,30.9,35.8,44.6,44.1,31.6
GreatBasin,11/21/1984,33.9,38.2,44.9,44.1,32.3
GreatBasin,11/22/1984,32.2,36.7,42.7,44,33.1
GreatBasin,11/23/1984,33.2,36.8,44.4,43.2,33.5
GreatBasin,11/24/1984,35.2,38,42.5,41.5,31.9
GreatBasin,11/25/1984,27.3,31.9,37.7,36.5,27.7
GreatBasin,11/26/1984,20.7,24.7,29.4,32.4,22.3
GreatBasin,11/27/1984,18.9,22.8,30.1,32,22.3
GreatBasin,11/28/1984,27.4,30.6,36.4,33.7,23.8
GreatBasin,11/29/1984,25,30,34.6,35.8,25.9
GreatBasin,11/30/1984,25.3,28.9,36.4,34.7,24.6
GreatBasin,12/1/1984,23.4,28.7,33.1,33.5,22.7
GreatBasin,12/2/1984,19.5,24,31,32.3,21.7
GreatBasin,12/3/1984,22.3,25.7,32.7,32.2,20.9
GreatBasin,12/4/1984,20.8,25.2,32.9,32.9,21.4
GreatBasin,12/5/1984,21,25.5,33.2,34.4,21.9
GreatBasin,12/6/1984,23.9,27.9,37.2,37,24.3
GreatBasin,12/7/1984,27.9,31.9,40.5,38.9,27.7
GreatBasin,12/8/1984,31.2,34.2,38.9,39.8,30.3
GreatBasin,12/9/1984,31.9,34.8,39.9,39.4,31.8
GreatBasin,12/10/1984,32.3,35,39.4,38.8,31.6
GreatBasin,12/11/1984,30.7,33.9,37,36.9,29.5
GreatBasin,12/12/1984,25.4,28.8,34.2,33.8,25.1
GreatBasin,12/13/1984,19.1,23.6,30.1,30.8,19.9
GreatBasin,12/14/1984,15.3,20,28.1,29.5,18.7
GreatBasin,12/15/1984,21.6,24.2,30.2,27.9,18.9
GreatBasin,12/16/1984,19.7,22.5,25.4,26.6,17.7
GreatBasin,12/17/1984,11.9,17,24.3,25.5,15.8
GreatBasin,12/18/1984,15.8,18.8,26.8,26.2,15.4
GreatBasin,12/19/1984,18.5,21.4,27.5,27.3,18.2
GreatBasin,12/20/1984,20.2,23,27.6,27.5,19.1
GreatBasin,12/21/1984,18.5,21.7,27.5,28.5,19.4
GreatBasin,12/22/1984,19.4,22.6,30.4,29.8,20
GreatBasin,12/23/1984,22,25.4,31.5,30.8,20.3
GreatBasin,12/24/1984,19.6,24.2,30.5,31.3,20.6
GreatBasin,12/25/1984,20.2,24.2,31.9,32.1,20.4
GreatBasin,12/26/1984,21.5,25.6,33.8,33.7,23.3
GreatBasin,12/27/1984,28.2,30.6,35.3,33.9,25.5
GreatBasin,12/28/1984,26.7,29.9,32.7,33.3,25.4
GreatBasin,12/29/1984,21.3,25.1,31.8,33,24.4
GreatBasin,12/30/1984,25.1,27.9,34.5,32.2,22.9
GreatBasin,12/31/1984,22.4,26.4,30.3,30.4,20.8
GreatBasin,1/1/1985,15,20.2,26.5,28.5,18.2
GreatBasin,1/2/1985,17.2,20.6,28.7,28.5,17
GreatBasin,1/3/1985,18.8,22.7,30.3,30.7,19.1
GreatBasin,1/4/1985,21.2,24.9,33.1,32.9,21.2
GreatBasin,1/5/1985,23.6,27.4,35.2,34.9,23.5
GreatBasin,1/6/1985,25.6,29.6,36.3,35.3,25.9
GreatBasin,1/7/1985,28.5,30.8,34.4,34.6,27.1
GreatBasin,1/8/1985,27.1,29.9,33.2,32.9,25.9
GreatBasin,1/9/1985,22,26.4,31.2,31.5,22.6
GreatBasin,1/10/1985,18.7,23.2,30,29.6,19
GreatBasin,1/11/1985,16.3,21,27.6,27.9,16.4
GreatBasin,1/12/1985,14.2,18.7,26.2,27.4,15.3
GreatBasin,1/13/1985,15.3,19.6,28.3,29.4,16.2
GreatBasin,1/14/1985,19.2,23.4,33.8,31.9,19.7
GreatBasin,1/15/1985,24.5,27.9,33.5,33,21.3
GreatBasin,1/16/1985,20.3,25.2,31.7,33.9,22.8
GreatBasin,1/17/1985,23.6,27.3,36.6,36.2,24.1
GreatBasin,1/18/1985,28.5,32.6,40.4,38.1,26.6
GreatBasin,1/19/1985,27.7,33.1,37.2,38.3,27.5
GreatBasin,1/20/1985,26.3,30.3,37.2,36.2,26.5
GreatBasin,1/21/1985,25.5,30,34.2,34.8,24.2
GreatBasin,1/22/1985,20.7,26.2,32.9,32.5,21.8
GreatBasin,1/23/1985,19.3,23.8,30.5,31.4,19.8
GreatBasin,1/24/1985,19.5,23.7,30.9,31.8,19.7
GreatBasin,1/25/1985,20.4,25,33.9,32.8,20.9
GreatBasin,1/26/1985,22.9,26.9,33.7,32.9,21.2
GreatBasin,1/27/1985,20.3,25.1,31.2,31.9,21.1
GreatBasin,1/28/1985,20.1,24.2,30.8,30,19.3
GreatBasin,1/29/1985,17.6,22.3,28.1,27,15.5
GreatBasin,1/30/1985,8.7,14.8,22.2,21.8,9.9
GreatBasin,1/31/1985,3.5,8.6,15.1,17.2,4
GreatBasin,2/1/1985,-0.1,5.8,14.3,15.9,3.3
GreatBasin,2/2/1985,6.5,10.2,18.3,17.5,4.8
GreatBasin,2/3/1985,8,12.2,19.8,18.2,6
GreatBasin,2/4/1985,3.4,10.1,16.6,19.3,5.5
GreatBasin,2/5/1985,5,10.1,21.4,21.2,6.9
GreatBasin,2/6/1985,12.2,17.1,25.7,26.3,10.9
GreatBasin,2/7/1985,15.4,20.4,31.7,30.5,17.7
GreatBasin,2/8/1985,25.5,28.3,34,32.4,20.5
GreatBasin,2/9/1985,20.5,25.8,31.4,31.5,20.6
GreatBasin,2/10/1985,15.9,21.7,29.1,31.9,18.1
GreatBasin,2/11/1985,17.8,23.3,35.3,35.1,20.9
GreatBasin,2/12/1985,29.1,32.6,40.8,38.6,24.4
GreatBasin,2/13/1985,26.4,32.6,39.6,40.6,27.2
GreatBasin,2/14/1985,26.1,31.6,41.4,41.6,27.7
GreatBasin,2/15/1985,30.5,35.5,43.9,42.6,28.6
GreatBasin,2/16/1985,29.1,35.3,42.6,42.5,29.3
GreatBasin,2/17/1985,28.3,33.9,41,41.6,28
GreatBasin,2/18/1985,26.5,32.5,41.3,42.2,27.9
GreatBasin,2/19/1985,28.8,34.6,44.3,42.7,28.9
GreatBasin,2/20/1985,31.3,35.8,42.6,41.4,27.6
GreatBasin,2/21/1985,22.8,28.9,37.3,40,27.6
GreatBasin,2/22/1985,28.7,32.4,40.2,38.7,25.9
GreatBasin,2/23/1985,26.2,32.3,38.6,40.4,27.5
GreatBasin,2/24/1985,27.5,32.6,42.5,40.8,27.5
GreatBasin,2/25/1985,28.7,34.7,41.3,40.9,26.4
GreatBasin,2/26/1985,22.9,30.3,39,40.4,25.8
GreatBasin,2/27/1985,25.8,32.3,40.8,40.7,25.1
GreatBasin,2/28/1985,26.7,33.3,42.2,42.5,27.5
GreatBasin,3/1/1985,30,35.8,44.5,43.3,28.9
GreatBasin,3/2/1985,30,35.2,43.1,40.7,26.3
GreatBasin,3/3/1985,19,25.2,34.4,36.5,21.5
GreatBasin,3/4/1985,15.5,21.6,32.1,35.2,18.5
GreatBasin,3/5/1985,20.9,27.5,39.1,36.2,20.9
GreatBasin,3/6/1985,26.3,31.7,37.4,38.2,23.2
GreatBasin,3/7/1985,22.5,29.4,38.1,39,24
GreatBasin,3/8/1985,23.2,30.7,41.5,42.1,24.7
GreatBasin,3/9/1985,28.3,35.1,46.7,45.2,29
GreatBasin,3/10/1985,35.4,39.9,47.4,46.8,31.5
GreatBasin,3/11/1985,30.8,38.2,46.2,45.6,31.9
GreatBasin,3/12/1985,29.6,35.7,43.1,44.2,28.9
GreatBasin,3/13/1985,26.3,33.5,43.4,44.3,28.3
GreatBasin,3/14/1985,28.9,36.2,46.4,45,28.6
GreatBasin,3/15/1985,30.7,37.3,45.3,46.7,30.5
GreatBasin,3/16/1985,31.8,38.8,48.3,48,32.1
GreatBasin,3/17/1985,33.7,41,50.5,49.7,33.5
GreatBasin,3/18/1985,35.1,42.1,50.4,50.7,34.3
GreatBasin,3/19/1985,34,41.3,51.2,51.4,34.5
GreatBasin,3/20/1985,34.3,42.4,52.5,51.7,34.2
GreatBasin,3/21/1985,34.3,41.3,51.5,49,31.7
GreatBasin,3/22/1985,26.5,33.8,42.9,48.5,30.9
GreatBasin,3/23/1985,31.9,38.2,51.1,49.5,31.7
GreatBasin,3/24/1985,36.8,44.2,54.6,52.9,34.8
GreatBasin,3/25/1985,35.7,43.2,52.9,50.9,33.8
GreatBasin,3/26/1985,29,36.4,45.3,46.7,32.1
GreatBasin,3/27/1985,31.7,36.3,42,41.7,28.9
GreatBasin,3/28/1985,26,31.5,37.8,38.6,26.8
GreatBasin,3/29/1985,22.6,29.1,36.1,38.2,23.6
GreatBasin,3/30/1985,22.2,29.6,40.8,41.8,25.9
GreatBasin,3/31/1985,32.8,38.4,48.6,48.2,30.3
GreatBasin,4/1/1985,36,43.1,55.3,54.9,36.1
GreatBasin,4/2/1985,39.5,48.4,60.9,59,39.4
GreatBasin,4/3/1985,42.6,51.5,60.8,60.4,40.8
GreatBasin,4/4/1985,40.4,48.1,59.4,59.5,40.4
GreatBasin,4/5/1985,38.1,46.4,58.4,59.7,40
GreatBasin,4/6/1985,41.4,50.6,61.4,61.5,40.7
GreatBasin,4/7/1985,42.5,52.4,64.6,64.5,42.7
GreatBasin,4/8/1985,44.2,54.8,67.4,66.1,44.1
GreatBasin,4/9/1985,45.7,56.1,66.3,67.6,45.1
GreatBasin,4/10/1985,45.4,56.2,69,67.7,46
GreatBasin,4/11/1985,47,56.9,67.8,67.8,45.7
GreatBasin,4/12/1985,44.8,55.7,66.5,67.8,45.7
GreatBasin,4/13/1985,45.3,56.6,69.2,69.6,46.1
GreatBasin,4/14/1985,48.1,59.5,73.1,71.6,47.6
GreatBasin,4/15/1985,49.5,61,72.6,72.1,49
GreatBasin,4/16/1985,49.3,60.1,70.7,70.5,48.8
GreatBasin,4/17/1985,47.7,57,68.3,67.2,46.9
GreatBasin,4/18/1985,43.6,52.2,62.5,62.9,43.6
GreatBasin,4/19/1985,39.6,47.4,58,57.1,38.5
GreatBasin,4/20/1985,32.2,40.7,50.7,52.8,35
GreatBasin,4/21/1985,33.2,40.4,49.8,50.8,33.6
GreatBasin,4/22/1985,35.5,42.6,51.9,53.2,35
GreatBasin,4/23/1985,36.4,45.9,57.9,55.5,36.2
GreatBasin,4/24/1985,36.6,46.2,56.7,56.1,36.2
GreatBasin,4/25/1985,35.6,43.7,53.7,53.9,34.4
GreatBasin,4/26/1985,31,39.5,51.4,55.5,34.5
GreatBasin,4/27/1985,36.9,46.7,61.5,59.9,37.5
GreatBasin,4/28/1985,44.6,54.6,66.9,66.1,42.7
GreatBasin,4/29/1985,46.6,57.5,70,70.1,46.9
GreatBasin,4/30/1985,49.5,60.6,73.5,73.7,49.3
GreatBasin,5/1/1985,51.8,63.9,77.6,76.6,52.1
GreatBasin,5/2/1985,54.9,66.4,78.6,77.8,54.2
GreatBasin,5/3/1985,55.8,65.9,77.1,75.8,51.7
GreatBasin,5/4/1985,44.5,56.5,71.8,71.7,48.1
GreatBasin,5/5/1985,44.1,54.7,66.2,69.9,45.2
GreatBasin,5/6/1985,47.1,58.3,71.7,70.4,46.8
GreatBasin,5/7/1985,49.1,60.8,73.4,72.8,48.9
GreatBasin,5/8/1985,50.5,61.9,73.2,72.9,50.7
GreatBasin,5/9/1985,52.6,61.4,72,70.3,49.7
GreatBasin,5/10/1985,45.9,53.7,65.8,64.8,46.1
GreatBasin,5/11/1985,39.8,48.3,56.6,60,41.6
GreatBasin,5/12/1985,39.2,48.2,57.6,58.5,39.4
GreatBasin,5/13/1985,39.2,49.8,61.4,61.8,40.6
GreatBasin,5/14/1985,43.3,54,66.3,64.9,42.4
GreatBasin,5/15/1985,44.6,55.6,67,68.3,45.2
GreatBasin,5/16/1985,47.7,59,71.6,69.9,46.9
GreatBasin,5/17/1985,48.4,60.2,71.2,71.7,48.5
GreatBasin,5/18/1985,49.5,61.2,72.4,71.6,49.5
GreatBasin,5/19/1985,50.5,61.5,71.2,71.3,49.9
GreatBasin,5/20/1985,49.7,60.7,70.2,70.4,49.7
GreatBasin,5/21/1985,48.8,59.9,69.8,71.5,49.8
GreatBasin,5/22/1985,50.8,62.3,74.4,74.2,51.4
GreatBasin,5/23/1985,54.6,66.4,78.4,77.3,53.9
GreatBasin,5/24/1985,56.4,68.2,79,78.3,55.5
GreatBasin,5/25/1985,55.6,67.3,77.5,77.5,55.2
GreatBasin,5/26/1985,53.7,65,75.9,75.8,53.8
GreatBasin,5/27/1985,52,63.3,74.1,74.4,52.7
GreatBasin,5/28/1985,52.5,63.1,73.3,72.8,51.6
GreatBasin,5/29/1985,50.2,60.2,70.9,69.5,48.4
GreatBasin,5/30/1985,42.5,53.7,64.3,67.7,46.1
GreatBasin,5/31/1985,45.6,56.4,67.9,66.6,44.8
GreatBasin,6/1/1985,46.3,56.9,67.5,67.6,46
GreatBasin,6/2/1985,46.2,56.6,67.5,68.2,46.7
GreatBasin,6/3/1985,47.5,58.5,69.6,69.6,48
GreatBasin,6/4/1985,50.4,61.1,71.8,72.7,50.8
GreatBasin,6/5/1985,54.5,64.7,76.6,76.6,54.2
GreatBasin,6/6/1985,57.7,68.8,81.4,82.5,58
GreatBasin,6/7/1985,61.7,74.6,89.4,86.4,60.6
GreatBasin,6/8/1985,62.3,74.2,88.5,87,60.7
GreatBasin,6/9/1985,58.2,70.9,83.1,84.7,59.4
GreatBasin,6/10/1985,57.8,70.2,82.5,82,57.3
GreatBasin,6/11/1985,55.9,68.6,80.5,82.6,57.3
GreatBasin,6/12/1985,58.3,71.3,84.8,83.4,58.6
GreatBasin,6/13/1985,61.6,73.9,85,84.7,60.2
GreatBasin,6/14/1985,60.7,73.1,84.2,85.2,61.2
GreatBasin,6/15/1985,61.3,74,86.4,85.7,61.6
GreatBasin,6/16/1985,62.7,75.1,86.4,86.4,62
GreatBasin,6/17/1985,61.9,74.6,86.5,87,62.3
GreatBasin,6/18/1985,62.3,75.5,88.2,88.2,62.6
GreatBasin,6/19/1985,63.7,77.2,90,89,63.8
GreatBasin,6/20/1985,65.4,77.1,88.8,88,62.7
GreatBasin,6/21/1985,58.9,71.8,85.3,86.7,61.2
GreatBasin,6/22/1985,59.4,72.4,85.9,86.1,60.1
GreatBasin,6/23/1985,62.1,75.1,87,86.2,60.7
GreatBasin,6/24/1985,60.7,70.8,85.6,81.4,57.9
GreatBasin,6/25/1985,51,61,71.6,76.2,53
GreatBasin,6/26/1985,47.2,59.1,71.4,74.7,50
GreatBasin,6/27/1985,51.9,65.1,81.1,79.6,52.6
GreatBasin,6/28/1985,58.8,72,86.4,84.6,57.6
GreatBasin,6/29/1985,62,74.7,86.4,86.2,60.3
GreatBasin,6/30/1985,60.1,73.5,85.9,87,61.3
GreatBasin,7/1/1985,61.9,75.2,88.6,88.4,62.1
GreatBasin,7/2/1985,64.2,77.7,90.8,91,64
GreatBasin,7/3/1985,66,79.7,93.6,93.1,66.2
GreatBasin,7/4/1985,68.4,82,95,94.6,67.8
GreatBasin,7/5/1985,69,82.6,95.2,94.9,69
GreatBasin,7/6/1985,69.5,82.6,94.6,94.4,69.3
GreatBasin,7/7/1985,69.5,81.5,93.3,93.6,69.3
GreatBasin,7/8/1985,69,81.2,92.8,93.2,69.1
GreatBasin,7/9/1985,68.8,81.6,93.4,93,69
GreatBasin,7/10/1985,69.2,81.6,92.8,92.6,69.1
GreatBasin,7/11/1985,69.2,80.5,91.7,91.1,68.3
GreatBasin,7/12/1985,66.5,78.1,88.7,89.6,66.8
GreatBasin,7/13/1985,64.7,77,88.3,88.8,65.2
GreatBasin,7/14/1985,64.5,77,89.5,89.8,64.8
GreatBasin,7/15/1985,65.3,78.5,91.5,90.5,65.5
GreatBasin,7/16/1985,66.6,78.9,90.4,89.6,65.9
GreatBasin,7/17/1985,65.8,76.1,87,87.1,65.1
GreatBasin,7/18/1985,63,73.2,83.9,84.6,63.9
GreatBasin,7/19/1985,63,72.5,82.8,83.3,63.3
GreatBasin,7/20/1985,63.9,74,83.2,83.3,63.6
GreatBasin,7/21/1985,63.9,73.9,83.9,83.9,63.8
GreatBasin,7/22/1985,63.6,74.5,84.6,83.8,63.6
GreatBasin,7/23/1985,63.3,73.1,83,83.4,62.4
GreatBasin,7/24/1985,60.3,71.5,82.7,84,61.7
GreatBasin,7/25/1985,61.5,73.6,86.2,85.7,62.1
GreatBasin,7/26/1985,64.5,76.4,88.2,87.5,64
GreatBasin,7/27/1985,65.9,77.4,88,87.7,65.2
GreatBasin,7/28/1985,65.1,76,87,86.1,64.6
GreatBasin,7/29/1985,62.7,72.7,83.4,83.3,62.5
GreatBasin,7/30/1985,59.6,69.6,79.6,82,60
GreatBasin,7/31/1985,57.7,69.3,83.1,81.9,59.2
GreatBasin,8/1/1985,60.3,71.7,82.9,82.6,58.8
GreatBasin,8/2/1985,58.4,69.2,81.8,81.7,58.6
GreatBasin,8/3/1985,57.2,67.9,80.4,82.8,58.5
GreatBasin,8/4/1985,60,72.1,86.2,84.4,60
GreatBasin,8/5/1985,62.9,74.9,86.5,86.5,61.6
GreatBasin,8/6/1985,61.9,74.3,86.9,87.1,62.7
GreatBasin,8/7/1985,63.2,75.6,88,87.3,62
GreatBasin,8/8/1985,60.8,72.2,86.9,84.5,59.5
GreatBasin,8/9/1985,54.5,66.1,78.6,82.8,57.8
GreatBasin,8/10/1985,58,69.5,82.8,80.7,55.3
GreatBasin,8/11/1985,53.4,65.4,80.8,80.1,54.6
GreatBasin,8/12/1985,52.4,63.6,76.6,78.7,53.9
GreatBasin,8/13/1985,56,67,78.7,78.5,54.8
GreatBasin,8/14/1985,56,68,80.2,80.7,56.9
GreatBasin,8/15/1985,58.6,70.2,83.3,82,58.1
GreatBasin,8/16/1985,59.8,71,82.5,83,59.1
GreatBasin,8/17/1985,58.9,70.6,83.2,83.1,59.7
GreatBasin,8/18/1985,60.3,71.8,83.5,83.1,59.4
GreatBasin,8/19/1985,58.9,70.7,82.5,82.9,59.3
GreatBasin,8/20/1985,58.7,70.6,82.6,82.2,58.7
GreatBasin,8/21/1985,58.5,70.1,81.6,81.9,58.5
GreatBasin,8/22/1985,58.3,69.6,81.6,82.6,58.5
GreatBasin,8/23/1985,58.7,71,84.5,85.2,59.6
GreatBasin,8/24/1985,61.9,74.4,89.5,88.5,62.2
GreatBasin,8/25/1985,65.9,78.1,91.5,90.2,64.5
GreatBasin,8/26/1985,65.7,77.6,89.5,89.1,65.4
GreatBasin,8/27/1985,64.5,75.3,86.2,87.2,64.4
GreatBasin,8/28/1985,63.1,74.5,86,86.6,63.3
GreatBasin,8/29/1985,62.2,74.4,87.6,87,63.6
GreatBasin,8/30/1985,65.5,76.2,87.3,86.7,63.7
GreatBasin,8/31/1985,63.4,73.8,85.1,84.6,63.3
GreatBasin,9/1/1985,60.9,71,81.3,81.6,60.5
GreatBasin,9/2/1985,57.2,66.4,78.5,78.6,56.9
GreatBasin,9/3/1985,52.6,63.6,75.9,76.3,54.2
GreatBasin,9/4/1985,52.8,63.7,74.5,74.3,52.6
GreatBasin,9/5/1985,52.5,62.2,72.5,72.6,52.5
GreatBasin,9/6/1985,52.2,61.6,70.9,70.7,52
GreatBasin,9/7/1985,51.3,59.8,68.8,69.8,51.7
GreatBasin,9/8/1985,51.6,60,69.6,68.8,51.1
GreatBasin,9/9/1985,50.4,59.1,67.9,69.1,49.8
GreatBasin,9/10/1985,47.4,57.8,69.9,68.8,49
GreatBasin,9/11/1985,49.2,57.6,68.5,67.3,47
GreatBasin,9/12/1985,44.5,53.2,63.4,68.2,46.7
GreatBasin,9/13/1985,46.5,57.2,72.8,70.8,48
GreatBasin,9/14/1985,52.9,63.2,76.3,74.4,50.7
GreatBasin,9/15/1985,52.8,63,74.1,74.1,51.8
GreatBasin,9/16/1985,49.7,60.3,72,72.1,51.5
GreatBasin,9/17/1985,52,60.6,70.2,69.8,50.3
GreatBasin,9/18/1985,49.2,55.5,67.1,65.3,48.2
GreatBasin,9/19/1985,43.4,50,58.5,63.4,45.4
GreatBasin,9/20/1985,43.6,52.5,64.6,63.4,44.6
GreatBasin,9/21/1985,46.9,56.1,67,65.7,45.8
GreatBasin,9/22/1985,46.8,55.4,65.4,65.4,45.7
GreatBasin,9/23/1985,43.3,53,63.8,66.3,45.9
GreatBasin,9/24/1985,47.6,56.7,69.6,67.1,46.4
GreatBasin,9/25/1985,48.2,57.7,68,70,47.9
GreatBasin,9/26/1985,47.9,58.4,72.3,70.1,48.7
GreatBasin,9/27/1985,50.1,59,69.9,68.4,46.6
GreatBasin,9/28/1985,41.8,50.5,62.9,63.3,43.1
GreatBasin,9/29/1985,37.5,46.5,57,60.5,39.7
GreatBasin,9/30/1985,39.7,48.9,61.7,60.9,40
GreatBasin,10/1/1985,42.9,52.2,64,64,43.3
GreatBasin,10/2/1985,47.4,55.5,66.2,65.7,46.4
GreatBasin,10/3/1985,49,57,66.8,66.4,47.6
GreatBasin,10/4/1985,46.3,55.5,66.3,68.2,47.7
GreatBasin,10/5/1985,47.8,57.4,71.6,69.1,48.6
GreatBasin,10/6/1985,51.7,60,69.3,68.3,48
GreatBasin,10/7/1985,44.6,51.2,64.1,61,43.1
GreatBasin,10/8/1985,33.1,40.3,49.6,53.9,36.2
GreatBasin,10/9/1985,30.9,37.8,48.1,50.1,32.7
GreatBasin,10/10/1985,34,41.2,52.7,52.2,34.6
GreatBasin,10/11/1985,38.9,45.8,55.9,54.3,37.8
GreatBasin,10/12/1985,40.5,47.1,54.3,54,38.3
GreatBasin,10/13/1985,35.4,43.2,51.9,53.6,37.1
GreatBasin,10/14/1985,35.3,43.4,54.7,55.7,36.9
GreatBasin,10/15/1985,40.1,47.7,60.6,59.3,39.4
GreatBasin,10/16/1985,42.9,51.1,62.5,61.5,42
GreatBasin,10/17/1985,43,51.3,61.4,62.2,42.8
GreatBasin,10/18/1985,42.6,51.2,62.7,63.2,43.5
GreatBasin,10/19/1985,44.8,53.4,65.5,64.7,44.6
GreatBasin,10/20/1985,46.3,54.8,65.9,64.2,46.3
GreatBasin,10/21/1985,47.9,53.9,61.3,60.8,43.4
GreatBasin,10/22/1985,35.9,43.5,55.3,57.2,41.6
GreatBasin,10/23/1985,41.1,45.6,54.9,57.5,40
GreatBasin,10/24/1985,43,50.1,62.2,60.3,43.4
GreatBasin,10/25/1985,46,53.5,63.7,62.8,44.4
GreatBasin,10/26/1985,44.2,52.6,62.6,64.1,45.4
GreatBasin,10/27/1985,45.9,53.9,66,63.7,46
GreatBasin,10/28/1985,47.9,55,62.4,63,45.2
GreatBasin,10/29/1985,41.7,50.1,60.6,61.1,44.5
GreatBasin,10/30/1985,43.9,51,60.4,58.8,41.7
GreatBasin,10/31/1985,39.4,46.7,55.3,55.8,39.5
GreatBasin,11/1/1985,35.1,41.8,51.8,54.9,38.3
GreatBasin,11/2/1985,40.5,46.6,57.5,56.9,39.5
GreatBasin,11/3/1985,43,50.2,61.5,60.4,42.8
GreatBasin,11/4/1985,44.8,52.1,62.2,60.3,42.7
GreatBasin,11/5/1985,40.4,47.8,57.2,56.7,40.5
GreatBasin,11/6/1985,36.3,41.8,50.8,53.6,38.5
GreatBasin,11/7/1985,38.7,43.8,52.9,50.8,37.9
GreatBasin,11/8/1985,38.6,43.6,48.8,48.3,36
GreatBasin,11/9/1985,30.6,35.6,43.2,43.5,31.5
GreatBasin,11/10/1985,25.4,30.8,38.5,38.8,27.6
GreatBasin,11/11/1985,26.8,30.1,34.7,34.5,24.7
GreatBasin,11/12/1985,21.8,25.6,30.3,31.8,22.7
GreatBasin,11/13/1985,19.4,24,30.4,30.8,20.2
GreatBasin,11/14/1985,19.5,23.8,31.8,32.3,19.9
GreatBasin,11/15/1985,20.8,25.4,34.6,34.6,22.5
GreatBasin,11/16/1985,27.1,30.3,37.3,35.3,24.6
GreatBasin,11/17/1985,26,30.2,34,33.8,24.4
GreatBasin,11/18/1985,20.2,24.3,30.1,29.3,19
GreatBasin,11/19/1985,10.9,16.7,23.8,27.5,15.5
GreatBasin,11/20/1985,15.4,19.5,28.5,26.3,14.3
GreatBasin,11/21/1985,16.7,21.2,26.7,28.1,16
GreatBasin,11/22/1985,15.9,20.2,29.1,28.7,16
GreatBasin,11/23/1985,15.4,20.6,30.4,31.4,18.5
GreatBasin,11/24/1985,24.3,27.5,34.8,32.9,22.9
GreatBasin,11/25/1985,29,30.8,33.6,33.9,25.1
GreatBasin,11/26/1985,22.1,26.9,33.3,34,25.2
GreatBasin,11/27/1985,24.5,27.8,35.2,34.1,23.6
GreatBasin,11/28/1985,24.3,27.8,33.8,34.2,25.5
GreatBasin,11/29/1985,27.7,29.9,33.7,32.6,23.7
GreatBasin,11/30/1985,19,24.5,30.2,31.1,21.4
GreatBasin,12/1/1985,17.5,21.3,29.5,31.2,20.3
GreatBasin,12/2/1985,24.3,28,33.9,34.2,24.9
GreatBasin,12/3/1985,32.9,35.1,39.2,37.2,28.2
GreatBasin,12/4/1985,27.4,32.3,38.5,39.4,30.4
GreatBasin,12/5/1985,30.8,33.7,40.5,39.3,29.1
GreatBasin,12/6/1985,29.1,33.6,38.8,39.6,30.4
GreatBasin,12/7/1985,31.4,34.4,39.4,37.9,29.1
GreatBasin,12/8/1985,26.8,31.1,35.4,34.5,25.8
GreatBasin,12/9/1985,19.2,23.6,28.8,28.8,19.9
GreatBasin,12/10/1985,13.7,17.8,22.2,23.6,13.8
GreatBasin,12/11/1985,8.5,13.3,19.9,20.7,10.4
GreatBasin,12/12/1985,9,13,20.1,22.1,10.6
GreatBasin,12/13/1985,14.3,17.5,26.2,25.4,13.8
GreatBasin,12/14/1985,18,21.6,29.8,29.5,17.5
GreatBasin,12/15/1985,20.2,24,32.4,32,19.9
GreatBasin,12/16/1985,21.5,25.9,33.9,33.4,21.5
GreatBasin,12/17/1985,22.7,26.6,33.9,34.6,22.8
GreatBasin,12/18/1985,24.3,28,36,35.3,24
GreatBasin,12/19/1985,25,29.5,36,36.3,25
GreatBasin,12/20/1985,25.6,29.7,36.9,36.7,25.5
GreatBasin,12/21/1985,25.9,30.4,37.3,37,25.6
GreatBasin,12/22/1985,25.2,30,36.8,37,25.8
GreatBasin,12/23/1985,26.2,30.5,37,36.6,25.5
GreatBasin,12/24/1985,25.2,29.4,36.1,36.5,25.5
GreatBasin,12/25/1985,25.2,29.2,36.4,35.7,25
GreatBasin,12/26/1985,24.6,28.9,34.6,34.6,23.9
GreatBasin,12/27/1985,21.8,26.5,32.8,34,23.1
GreatBasin,12/28/1985,23,27.1,34.7,34.6,23.3
GreatBasin,12/29/1985,25,28.7,36.2,35.8,26
GreatBasin,12/30/1985,30,32.1,36.4,36.4,27.5
GreatBasin,12/31/1985,27.5,31,36.6,37.1,28.7
GreatBasin,1/1/1986,28.7,31.8,38.2,37.3,27.2
GreatBasin,1/2/1986,25.5,31,37.2,37.4,27.9
GreatBasin,1/3/1986,29.4,32.3,36.7,35.9,26.2
GreatBasin,1/4/1986,23.7,27.9,33.8,35.9,26.7
GreatBasin,1/5/1986,26.9,30.2,37.2,36,27.2
GreatBasin,1/6/1986,30.9,34.2,37,35.8,26.1
GreatBasin,1/7/1986,20.6,26.1,33.1,35.6,25.3
GreatBasin,1/8/1986,24.5,28.2,36.8,36.8,24.6
GreatBasin,1/9/1986,28.8,32.6,40.4,40.3,28.5
GreatBasin,1/10/1986,32.1,35.9,43.7,42.5,31.2
GreatBasin,1/11/1986,32.8,37.5,43.4,43.4,31.8
GreatBasin,1/12/1986,30.4,35.5,43,43.3,31.6
GreatBasin,1/13/1986,31.7,36.2,43.5,42.6,31
GreatBasin,1/14/1986,30.9,35.5,41.3,41.7,31.6
GreatBasin,1/15/1986,32.1,35.2,40.3,40.8,31.6
GreatBasin,1/16/1986,31.9,35.2,40.8,41.1,33.3
GreatBasin,1/17/1986,36,38.4,42.2,43,33.8
GreatBasin,1/18/1986,33.6,37.8,46,45.3,35.8
GreatBasin,1/19/1986,37.9,41.4,47.7,46.3,35.8
GreatBasin,1/20/1986,35.8,39.9,45.3,43.6,32.9
GreatBasin,1/21/1986,25,31,37.9,40.9,29.2
GreatBasin,1/22/1986,26.7,31,39.6,40,28.2
GreatBasin,1/23/1986,33,35.9,42.5,40.6,29.2
GreatBasin,1/24/1986,27.9,33.5,39.7,40.4,28.8
GreatBasin,1/25/1986,25.5,30.8,38.9,40.3,27
GreatBasin,1/26/1986,27.6,32.5,42.2,42.1,28.1
GreatBasin,1/27/1986,31.1,36.1,45.3,44.6,31.3
GreatBasin,1/28/1986,35.1,39.1,46.3,46.2,34
GreatBasin,1/29/1986,35.8,40,47.1,46.2,36.7
GreatBasin,1/30/1986,39.1,41.5,45.2,45.6,37.1
GreatBasin,1/31/1986,36.4,39.7,44.6,45,36.9
GreatBasin,2/1/1986,35.2,39.2,45.3,44.9,35
GreatBasin,2/2/1986,33.3,38.1,44.7,44.1,33.6
GreatBasin,2/3/1986,32.2,36.7,42.2,41.7,31.5
GreatBasin,2/4/1986,29.1,33.1,38.3,39,29.2
GreatBasin,2/5/1986,26.4,30.8,36.5,36.2,26
GreatBasin,2/6/1986,22.5,27.5,33.9,33,21.8
GreatBasin,2/7/1986,16.4,22,28.6,29.8,17.8
GreatBasin,2/8/1986,14.6,20.1,27,27.3,14.4
GreatBasin,2/9/1986,12.3,18.4,26.2,27.2,13.8
GreatBasin,2/10/1986,14.5,19.5,28.3,28.5,14.7
GreatBasin,2/11/1986,17.4,22.4,31,31.5,17.5
GreatBasin,2/12/1986,20.6,25.5,35.1,34.8,23
GreatBasin,2/13/1986,31,33,38.2,38.1,27.3
GreatBasin,2/14/1986,30.2,34.2,41.1,40.2,32.4
GreatBasin,2/15/1986,36,38.2,41.3,41.7,33.7
GreatBasin,2/16/1986,35,37.8,42.7,42.6,35.3
GreatBasin,2/17/1986,35,38.4,43.9,44.6,35.7
GreatBasin,2/18/1986,37,40.6,47.2,45.5,36.6
GreatBasin,2/19/1986,37.7,40.6,45.5,44.6,34.9
GreatBasin,2/20/1986,29.9,35.1,41,42.7,32.5
GreatBasin,2/21/1986,29.9,34.7,41.7,42.9,30.7
GreatBasin,2/22/1986,32.2,36.7,46,45.8,33.1
GreatBasin,2/23/1986,37.1,41.7,49.8,50.6,36.7
GreatBasin,2/24/1986,40.8,46.2,56.1,54.7,40
GreatBasin,2/25/1986,42.2,48.9,58.1,57,41.9
GreatBasin,2/26/1986,42.8,49.4,56.9,56.8,41.2
GreatBasin,2/27/1986,38.7,46.5,55.5,56.4,40.3
GreatBasin,2/28/1986,39.3,46.6,56.7,56.9,39.8
GreatBasin,3/1/1986,41.3,48.6,58.6,57.4,40.7
GreatBasin,3/2/1986,41.5,48.4,57,57.2,40.6
GreatBasin,3/3/1986,38.9,46.5,56.1,56.9,40
GreatBasin,3/4/1986,39.6,47.3,57.7,57,39.3
GreatBasin,3/5/1986,39.4,47.6,57.2,57.2,39.6
GreatBasin,3/6/1986,39.7,47.7,56.8,56.7,40
GreatBasin,3/7/1986,40.9,47.9,56.2,55.8,41.2
GreatBasin,3/8/1986,43,48.1,54.5,53.3,39.5
GreatBasin,3/9/1986,34.6,40.5,49.2,49.4,37
GreatBasin,3/10/1986,33.5,37.7,44.4,46,33.9
GreatBasin,3/11/1986,33.5,37.7,44.4,44,33
GreatBasin,3/12/1986,31.9,37,43.2,43.5,32
GreatBasin,3/13/1986,30.5,35.8,42.9,42.5,30.8
GreatBasin,3/14/1986,30,35.1,41.5,42.6,29.7
GreatBasin,3/15/1986,28.6,35,43.4,42.3,30
GreatBasin,3/16/1986,31.3,35.9,41.9,41.7,30
GreatBasin,3/17/1986,30,34.6,39.9,41,29.6
GreatBasin,3/18/1986,27.4,33.5,41.2,42.4,29.1
GreatBasin,3/19/1986,29.8,35.8,46,46.4,30.1
GreatBasin,3/20/1986,33.2,40.4,52.1,51.5,33.6
GreatBasin,3/21/1986,37.7,45.3,56.3,55.1,36.6
GreatBasin,3/22/1986,39,47.1,56.8,57.9,39.2
GreatBasin,3/23/1986,40.8,49.1,60.7,59.1,41.5
GreatBasin,3/24/1986,44.8,51.2,59.7,59.1,41.4
GreatBasin,3/25/1986,38.6,46.6,56.8,59.3,40.7
GreatBasin,3/26/1986,38.8,47.8,61.3,61.7,40.3
GreatBasin,3/27/1986,43.4,53.3,67,65.6,43.4
GreatBasin,3/28/1986,48.1,57.4,68.6,67.4,46.8
GreatBasin,3/29/1986,48.8,57.2,66.6,66.9,48
GreatBasin,3/30/1986,47.2,56.4,65.6,65.3,46.1
GreatBasin,3/31/1986,42.2,51.1,63.7,62,43.6
GreatBasin,4/1/1986,41.5,48.6,56.6,57.9,39.6
GreatBasin,4/2/1986,35,42,53.5,52.9,36
GreatBasin,4/3/1986,31.6,38.4,48.6,52,33.8
GreatBasin,4/4/1986,34.7,42.8,53.8,53.7,34.8
GreatBasin,4/5/1986,38,46.7,58.6,57.7,37.8
GreatBasin,4/6/1986,40.7,50,60.8,59.7,39.8
GreatBasin,4/7/1986,40.8,49.3,59.7,58.6,40.3
GreatBasin,4/8/1986,39.4,47.6,55.4,57.7,40.2
GreatBasin,4/9/1986,40.3,48.3,57.9,57.9,40.4
GreatBasin,4/10/1986,41.4,50.4,60.5,59.2,40.9
GreatBasin,4/11/1986,41.1,49.9,59.1,59.1,41.4
GreatBasin,4/12/1986,41.7,49.3,57.8,57,38.1
GreatBasin,4/13/1986,31.4,39.6,54.1,54.8,34.4
GreatBasin,4/14/1986,30.2,39,52.5,55.1,33
GreatBasin,4/15/1986,37.5,46.4,58.8,56.3,35.9
GreatBasin,4/16/1986,40.1,47.2,57.5,55.5,37.4
GreatBasin,4/17/1986,34.5,42,50.3,52.8,36
GreatBasin,4/18/1986,33.4,41.2,50.5,52.5,34.7
GreatBasin,4/19/1986,36.1,44.6,56.8,57.5,37.5
GreatBasin,4/20/1986,42.9,51.8,65.1,64.6,42.5
GreatBasin,4/21/1986,48.4,58.8,71.9,69.7,47.5
GreatBasin,4/22/1986,51.1,61.8,72.1,71.1,48.5
GreatBasin,4/23/1986,46,55,69.3,66.5,46.1
GreatBasin,4/24/1986,41.2,49.1,58.1,60.4,42.4
GreatBasin,4/25/1986,40.1,46.9,53.9,54.8,38.4
GreatBasin,4/26/1986,33.9,42.5,52.5,54.3,36.4
GreatBasin,4/27/1986,35.2,43.6,56.4,56.9,37.4
GreatBasin,4/28/1986,43,51.1,61.9,59.8,40.3
GreatBasin,4/29/1986,42.8,51.8,61.1,62.2,42.1
GreatBasin,4/30/1986,40.6,51,63.7,65.1,43
GreatBasin,5/1/1986,45.6,56.3,70.5,69.5,45.8
GreatBasin,5/2/1986,51.2,61.6,74.4,72.7,49.5
GreatBasin,5/3/1986,51.8,62.4,73.3,72.7,49.8
GreatBasin,5/4/1986,46.4,54.2,70.3,66.7,45.1
GreatBasin,5/5/1986,37,46.2,56.5,60.8,40.7
GreatBasin,5/6/1986,38.7,45.9,55.7,53.9,36.9
GreatBasin,5/7/1986,35.1,41.5,49.5,52.3,36.9
GreatBasin,5/8/1986,36.8,43.6,51.6,52.3,36.5
GreatBasin,5/9/1986,37.6,45.6,55.7,55.9,38.5
GreatBasin,5/10/1986,41.1,49.8,60.4,58.5,40
GreatBasin,5/11/1986,41.4,50.4,59.3,60.4,41
GreatBasin,5/12/1986,40.6,50.7,61.5,62.6,42
GreatBasin,5/13/1986,44.1,54.9,67.1,64.9,42.8
GreatBasin,5/14/1986,43.7,54.2,66,65.1,43.8
GreatBasin,5/15/1986,43.6,53.3,62.2,63.2,43.1
GreatBasin,5/16/1986,42,52.2,61.4,63,42.3
GreatBasin,5/17/1986,41.3,52.7,65.4,66.5,43.7
GreatBasin,5/18/1986,47.9,59.1,72.6,72.1,47.6
GreatBasin,5/19/1986,53.5,64.9,78.4,76.5,52.7
GreatBasin,5/20/1986,56.6,67.8,78.4,77.9,54.6
GreatBasin,5/21/1986,53.7,63.8,76.8,73.6,50.3
GreatBasin,5/22/1986,40.6,51.2,65.5,70,45.7
GreatBasin,5/23/1986,42.9,53.9,67.6,69,44.1
GreatBasin,5/24/1986,48.8,60.4,73.9,73.9,48.4
GreatBasin,5/25/1986,53.6,66,80.1,78.9,53.5
GreatBasin,5/26/1986,58,70.3,82.7,82,56.8
GreatBasin,5/27/1986,58.8,71.1,83.2,83.2,58.7
GreatBasin,5/28/1986,59.2,71.6,83.8,83.6,59.4
GreatBasin,5/29/1986,60.1,72.5,83.7,83.6,59.9
GreatBasin,5/30/1986,60.5,72.5,83.3,83.6,60.5
GreatBasin,5/31/1986,60.9,72.8,83.8,83.9,61
GreatBasin,6/1/1986,61.6,73.4,84.6,83.9,61.2
GreatBasin,6/2/1986,61.1,73.1,83.3,83.3,61.4
GreatBasin,6/3/1986,61.5,72.4,82.1,82.4,60.9
GreatBasin,6/4/1986,60,71.2,81.7,81.2,60.1
GreatBasin,6/5/1986,58.8,69.7,79.8,79.9,58.3
GreatBasin,6/6/1986,56,67.7,78.2,78.5,56.7
GreatBasin,6/7/1986,55.2,67.1,77.4,77.1,54.7
GreatBasin,6/8/1986,52.8,63.3,75.8,74.5,52.9
GreatBasin,6/9/1986,50.6,60.7,70.4,74,51.9
GreatBasin,6/10/1986,52.3,63.4,75.9,75.8,53.1
GreatBasin,6/11/1986,56.4,68.4,81.1,80,55.9
GreatBasin,6/12/1986,58.9,71.3,83,82.2,58.1
GreatBasin,6/13/1986,58.9,71.3,82.6,83.4,59.3
GreatBasin,6/14/1986,60.1,72.4,84.6,83.4,59.1
GreatBasin,6/15/1986,58.3,71.2,83.1,85.1,59.5
GreatBasin,6/16/1986,60,73.2,87.5,86.1,60.4
GreatBasin,6/17/1986,63,75.8,87.6,87,61.6
GreatBasin,6/18/1986,61.9,73.7,85.9,85,60
GreatBasin,6/19/1986,55,67.9,81.4,82.5,57.7
GreatBasin,6/20/1986,56.1,68.3,80.3,80.6,55.8
GreatBasin,6/21/1986,56.3,68.7,80,81.6,56.7
GreatBasin,6/22/1986,57.6,70.6,84.6,83.7,58.7
GreatBasin,6/23/1986,62.3,74.6,86.6,86.4,61.7
GreatBasin,6/24/1986,65.3,76.9,87.9,86.8,64
GreatBasin,6/25/1986,64.5,76.2,86,87.5,64.2
GreatBasin,6/26/1986,62.9,75.6,88.5,88.6,64.7
GreatBasin,6/27/1986,66.6,78.6,91.4,90.1,65.5
GreatBasin,6/28/1986,66.9,78.8,90.5,89.2,65.6
GreatBasin,6/29/1986,63.3,74,85.7,85.7,63.1
GreatBasin,6/30/1986,59,70.4,81,84.3,61.2
GreatBasin,7/1/1986,61.2,73.1,86.3,86,61.9
GreatBasin,7/2/1986,65.5,78,90.8,88.8,64.4
GreatBasin,7/3/1986,66.6,77.5,89.2,88.2,65.4
GreatBasin,7/4/1986,64,73.1,84.7,83.1,60.2
GreatBasin,7/5/1986,49.9,62.3,75.4,79.8,55.9
GreatBasin,7/6/1986,53.9,65.9,79.2,77.9,54.3
GreatBasin,7/7/1986,59.2,69.3,79.2,80.3,57.3
GreatBasin,7/8/1986,58.8,70.5,82.6,81.2,59.3
GreatBasin,7/9/1986,60,71.5,81.7,81.7,59.5
GreatBasin,7/10/1986,59.6,70.4,80.8,81.7,59.7
GreatBasin,7/11/1986,59.5,71.2,82.6,82.5,59.6
GreatBasin,7/12/1986,59.6,71.8,84,84.5,60.2
GreatBasin,7/13/1986,61.6,74.1,86.8,85.9,61.9
GreatBasin,7/14/1986,64.5,76.1,86.8,86.4,63.1
GreatBasin,7/15/1986,63.1,73.3,85.6,83.3,62
GreatBasin,7/16/1986,58.3,67.8,77.5,80.1,58.2
GreatBasin,7/17/1986,53.2,65.4,77.3,79.1,56.5
GreatBasin,7/18/1986,57.9,69.4,82.5,81.6,56.9
GreatBasin,7/19/1986,59.7,72.3,84.9,84.3,60
GreatBasin,7/20/1986,62.5,74.5,85.6,84.9,61.4
GreatBasin,7/21/1986,62.1,73,84.1,83,61.7
GreatBasin,7/22/1986,60.6,70.3,79.4,80.5,60.9
GreatBasin,7/23/1986,59.9,69.1,77.9,78.8,59.8
GreatBasin,7/24/1986,58.9,69.2,79.2,78.9,59.5
GreatBasin,7/25/1986,59.6,69.9,79.7,79.4,58.9
GreatBasin,7/26/1986,58.1,69,79.2,79.9,58.3
GreatBasin,7/27/1986,57.2,69,80.9,81.6,58
GreatBasin,7/28/1986,58.8,71.1,84.6,83.2,59.2
GreatBasin,7/29/1986,61.6,73.2,84.2,84.4,60.4
GreatBasin,7/30/1986,60.8,72.7,84.3,85.2,61.5
GreatBasin,7/31/1986,62.1,74.3,87.2,86.8,62.5
GreatBasin,8/1/1986,64.6,76.4,88.8,88.6,64
GreatBasin,8/2/1986,65.2,77.3,89.9,89.6,65.5
GreatBasin,8/3/1986,66.6,78.6,90,89.6,65.8
GreatBasin,8/4/1986,65.6,77.4,88.9,88.9,65.6
GreatBasin,8/5/1986,64.7,76.4,87.8,88.2,64.9
GreatBasin,8/6/1986,64.3,76.1,88,88.3,64.6
GreatBasin,8/7/1986,64.7,76.7,89,88.4,64.6
GreatBasin,8/8/1986,64.8,76.8,88.2,88.1,64.4
GreatBasin,8/9/1986,63.6,75.7,87.1,87.6,64
GreatBasin,8/10/1986,63.5,75.5,87.6,87.5,64.3
GreatBasin,8/11/1986,65.8,76.7,87.7,87.4,64.8
GreatBasin,8/12/1986,65.1,75.6,86.8,85.8,64.3
GreatBasin,8/13/1986,61.9,72.6,82.9,85.1,62.9
GreatBasin,8/14/1986,61.7,73.1,85.5,85.7,62.4
GreatBasin,8/15/1986,63.7,75.6,88.7,87.5,63.2
GreatBasin,8/16/1986,64.3,76.4,88.4,88.9,64.1
GreatBasin,8/17/1986,64.3,76.5,89.6,89.3,64.9
GreatBasin,8/18/1986,66.2,78,89.9,89.3,66.1
GreatBasin,8/19/1986,67.9,77.7,88.5,87.7,66.3
GreatBasin,8/20/1986,64.9,74.4,84.7,84.7,65.6
GreatBasin,8/21/1986,63.9,72.3,81,82.8,63.5
GreatBasin,8/22/1986,61.8,71.9,82.7,82.3,62.9
GreatBasin,8/23/1986,62.9,72.9,83.1,82.9,62.3
GreatBasin,8/24/1986,62.3,72.9,82.8,83.1,62.5
GreatBasin,8/25/1986,62.2,72.5,83.4,83,62.3
GreatBasin,8/26/1986,62.3,72.8,82.8,83.2,62.6
GreatBasin,8/27/1986,63.4,73.6,83.4,83.1,63.1
GreatBasin,8/28/1986,63.5,73.3,83,82.5,63.1
GreatBasin,8/29/1986,62.4,71.7,81.2,81.6,61.8
GreatBasin,8/30/1986,59.4,70.1,80.7,80.4,59.6
GreatBasin,8/31/1986,57.1,67.8,79.3,78.5,57.5
GreatBasin,9/1/1986,56.1,65.8,75.4,77.2,56.5
GreatBasin,9/2/1986,56.4,66.1,76.8,77.2,56.5
GreatBasin,9/3/1986,57,67.6,79.4,79.5,57.3
GreatBasin,9/4/1986,58.6,69.9,82.4,81.5,58.7
GreatBasin,9/5/1986,60.5,71.5,82.6,82,59.6
GreatBasin,9/6/1986,59.8,70.3,80.9,81.9,59.7
GreatBasin,9/7/1986,58.7,70,82.1,81.1,59.3
GreatBasin,9/8/1986,59.3,69.3,80.2,79.3,57.1
GreatBasin,9/9/1986,53.2,62.8,75.7,74.3,53.1
GreatBasin,9/10/1986,46.7,56.5,66.9,71.7,49.5
GreatBasin,9/11/1986,48.6,59,72.4,70.9,49
GreatBasin,9/12/1986,51.8,62,73.4,72.9,50.9
GreatBasin,9/13/1986,52.2,62.1,72.9,72.4,51.4
GreatBasin,9/14/1986,50.1,60.1,71,71.2,50.3
GreatBasin,9/15/1986,48.5,58.6,69.6,69.5,49.2
GreatBasin,9/16/1986,48.9,58.2,68,68.2,48.6
GreatBasin,9/17/1986,48.3,57,66.9,66.7,48
GreatBasin,9/18/1986,46.7,54.8,65.2,64.7,46.7
GreatBasin,9/19/1986,45.1,53.1,62,62.4,45.1
GreatBasin,9/20/1986,43.5,51.7,60.1,61.9,43.9
GreatBasin,9/21/1986,43,52,63.5,63.3,43.5
GreatBasin,9/22/1986,44.1,53.8,66.2,64.8,44.7
GreatBasin,9/23/1986,47,55.2,64.8,64.4,45.4
GreatBasin,9/24/1986,45.2,51.7,62.3,60,44.3
GreatBasin,9/25/1986,40.7,46.2,52.9,55.8,41.7
GreatBasin,9/26/1986,39.2,45,52.2,53,39.8
GreatBasin,9/27/1986,39.6,45.8,54,53.2,39.2
GreatBasin,9/28/1986,38.8,45.4,53.3,54.4,38.9
GreatBasin,9/29/1986,38.4,46,55.9,55.2,39.7
GreatBasin,9/30/1986,42,48.3,56.4,56.6,40.5
GreatBasin,10/1/1986,41,48.4,57.4,56.4,40.8
GreatBasin,10/2/1986,39.5,46,55.4,55.7,39.6
GreatBasin,10/3/1986,38.2,44.8,54.2,56.5,39.1
GreatBasin,10/4/1986,39.7,47.7,59.8,59.2,40.5
GreatBasin,10/5/1986,43.5,51.9,63.6,63,43.1
GreatBasin,10/6/1986,46.1,54.6,65.7,65.6,45.9
GreatBasin,10/7/1986,48,56.7,67.5,66.6,47.7
GreatBasin,10/8/1986,49.1,57.4,66.6,67.5,48.4
GreatBasin,10/9/1986,48.2,57.1,68.4,66.7,48.3
GreatBasin,10/10/1986,47.6,55.3,65.1,63.6,44.5
GreatBasin,10/11/1986,37.7,45.8,57.3,58,39.6
GreatBasin,10/12/1986,33.4,41.3,51.7,55.9,36.2
GreatBasin,10/13/1986,37.5,45.3,58.6,57.3,37.4
GreatBasin,10/14/1986,41.4,49.7,61.7,61.6,40.4
GreatBasin,10/15/1986,42.4,51.8,64.5,64.2,42.9
GreatBasin,10/16/1986,44.8,54.1,66.3,64.9,44.2
GreatBasin,10/17/1986,45.5,54.1,63.8,63.3,44.2
GreatBasin,10/18/1986,42.3,50.3,59.9,60.6,43.1
GreatBasin,10/19/1986,41.5,48.5,58,58.3,41.8
GreatBasin,10/20/1986,41.7,48.6,57,57.6,41.5
GreatBasin,10/21/1986,41.4,48.5,57.7,58.2,41.6
GreatBasin,10/22/1986,41.6,49.5,59.9,59.9,42
GreatBasin,10/23/1986,42.9,51.1,62.1,61.6,42.9
GreatBasin,10/24/1986,44.3,52.3,62.7,63,44
GreatBasin,10/25/1986,44.7,52.9,64.1,64.3,45
GreatBasin,10/26/1986,45.9,54.4,66,64.8,46.1
GreatBasin,10/27/1986,47.8,55.2,64.2,64,45.8
GreatBasin,10/28/1986,43.8,52.3,61.9,63.4,45.9
GreatBasin,10/29/1986,46.2,53.5,64.1,61.8,45.4
GreatBasin,10/30/1986,46.3,52.2,59.4,58.5,43.5
GreatBasin,10/31/1986,38.1,44.6,52.1,53.8,39.8
GreatBasin,11/1/1986,35.1,41.4,49.9,51.6,36.1
GreatBasin,11/2/1986,35.2,41.9,52.7,52.6,36.3
GreatBasin,11/3/1986,38.5,44.9,55.2,54.6,37.5
GreatBasin,11/4/1986,38.7,45.8,55.8,56.2,39.2
GreatBasin,11/5/1986,40.3,47.2,57.5,55.3,38.1
GreatBasin,11/6/1986,35.4,42,52.5,49.7,34.3
GreatBasin,11/7/1986,27.3,32.8,39,42.7,29.1
GreatBasin,11/8/1986,24.5,30.3,36.7,38.1,25.4
GreatBasin,11/9/1986,24.5,29.8,38.5,37.4,23.5
GreatBasin,11/10/1986,21.5,29.3,37,39.8,24.4
GreatBasin,11/11/1986,27.1,32.2,44,41.7,26.2
GreatBasin,11/12/1986,30.1,36.4,44.2,45.6,29.6
GreatBasin,11/13/1986,31.5,37,48.6,47.2,32.5
GreatBasin,11/14/1986,36,41.1,48.7,48.9,34.6
GreatBasin,11/15/1986,36.3,41.5,49.4,49.1,36.1
GreatBasin,11/16/1986,35.9,41.2,49.1,49.2,36.7
GreatBasin,11/17/1986,38,42.3,49.2,48.9,36.6
GreatBasin,11/18/1986,35.9,40.9,48.4,47.9,37.7
GreatBasin,11/19/1986,39.3,42.7,46.2,48.7,37.2
GreatBasin,11/20/1986,36.5,41.5,51.6,48.6,38.6
GreatBasin,11/21/1986,40.1,43.8,48.1,47.7,36
GreatBasin,11/22/1986,31.3,37.1,43.5,44.2,33.6
GreatBasin,11/23/1986,29.5,34.3,41,44,31.8
GreatBasin,11/24/1986,34.5,38.6,47.4,43.7,32
GreatBasin,11/25/1986,32.1,37.8,42.6,44.6,32.3
GreatBasin,11/26/1986,30.2,35,43.9,45.1,32.5
GreatBasin,11/27/1986,35.2,39.3,48.9,47.6,34.2
GreatBasin,11/28/1986,37.2,41.6,49.9,48.3,36.4
GreatBasin,11/29/1986,36.8,41.1,46.1,45.1,33.9
GreatBasin,11/30/1986,27.7,32.8,39.2,42.6,31
GreatBasin,12/1/1986,28.6,33.1,42.4,41.8,29
GreatBasin,12/2/1986,30.7,35.6,43.7,43.5,30.4
GreatBasin,12/3/1986,31.8,36.4,44.3,44.4,31.6
GreatBasin,12/4/1986,32.3,37.1,45.3,45,32.9
GreatBasin,12/5/1986,34.6,39,45.4,43.8,33.2
GreatBasin,12/6/1986,32.6,36.7,40.6,41.4,32
GreatBasin,12/7/1986,28.9,33.2,38.3,38.6,29.5
GreatBasin,12/8/1986,26.9,31.3,36.8,35.8,25.8
GreatBasin,12/9/1986,21.5,26.7,32.3,33.7,22.3
GreatBasin,12/10/1986,18.4,23.3,31.9,33,20.6
GreatBasin,12/11/1986,21.8,26.6,34.8,34.7,21.6
GreatBasin,12/12/1986,24.7,29.2,37.4,36.9,24.4
GreatBasin,12/13/1986,26.6,31.1,38.6,39,27
GreatBasin,12/14/1986,29.8,33.7,41,40.2,28.4
GreatBasin,12/15/1986,28.9,33.5,41,41.1,29.2
GreatBasin,12/16/1986,29,33.7,41.3,40.5,28.4
GreatBasin,12/17/1986,27.4,32.6,39.1,39.7,27.9
GreatBasin,12/18/1986,27.4,32,38.7,38.8,27.7
GreatBasin,12/19/1986,28.2,32.1,38.5,37.9,27.8
GreatBasin,12/20/1986,27.9,31.6,36.5,37.6,27.4
GreatBasin,12/21/1986,26.2,30.6,37.7,37.7,27.1
GreatBasin,12/22/1986,27.2,31.4,38.9,38.3,27.6
GreatBasin,12/23/1986,29.4,33,38.3,38,27.5
GreatBasin,12/24/1986,26,30.7,36.7,37.1,26.8
GreatBasin,12/25/1986,25.1,29.7,36.2,36.9,25.6
GreatBasin,12/26/1986,25.6,29.8,37.9,37.1,25.5
GreatBasin,12/27/1986,25.9,30.9,37.1,37.4,25.5
GreatBasin,12/28/1986,24.9,29.8,37.1,38.1,25.7
GreatBasin,12/29/1986,26.3,30.7,40,38.8,26.4
GreatBasin,12/30/1986,28,33.2,39.3,38.4,26.2
GreatBasin,12/31/1986,24.2,29.4,35.8,37.9,26.1
GreatBasin,1/1/1987,26.2,30.4,38.6,37.4,26.3
GreatBasin,1/2/1987,28.5,33.4,37.9,39.1,27.8
GreatBasin,1/3/1987,28.7,32.4,40.8,39.7,29.9
GreatBasin,1/4/1987,32.6,35.8,40.4,39.2,30.2
GreatBasin,1/5/1987,29.4,32.3,36.5,36.3,28.5
GreatBasin,1/6/1987,23.4,27.5,31.9,32.5,24.4
GreatBasin,1/7/1987,20.3,24,29.1,29.4,20.3
GreatBasin,1/8/1987,17.1,21.4,27.1,27.6,17.6
GreatBasin,1/9/1987,15.3,19.6,26.7,27.6,16.1
GreatBasin,1/10/1987,16,20.3,29,30.2,17.5
GreatBasin,1/11/1987,21.2,24.9,34.8,34.2,21.2
GreatBasin,1/12/1987,26.3,30.1,38.7,35.9,24.3
GreatBasin,1/13/1987,25.4,30,34.3,34.2,23.2
GreatBasin,1/14/1987,17.9,23.5,29.6,29.6,18.7
GreatBasin,1/15/1987,12.7,18,25,24.7,12.7
GreatBasin,1/16/1987,7.6,12.4,19.5,23.2,10
GreatBasin,1/17/1987,9.6,14.3,25.2,24.8,11.2
GreatBasin,1/18/1987,16.5,20.6,29.7,27.5,14.9
GreatBasin,1/19/1987,18.7,22.9,27.5,27.8,15.6
GreatBasin,1/20/1987,11.5,17.3,26.1,27.8,15.3
GreatBasin,1/21/1987,15.7,20.3,29.8,30,15.3
GreatBasin,1/22/1987,18.8,23.7,34.1,33.4,19.5
GreatBasin,1/23/1987,23.9,28.2,36.2,36,22.9
GreatBasin,1/24/1987,25.9,30.1,37.7,38.4,26.9
GreatBasin,1/25/1987,30.9,34.5,41.4,41.4,30
GreatBasin,1/26/1987,33.2,37.5,45.1,44.1,32.8
GreatBasin,1/27/1987,34.3,38.9,45.9,44.4,34.7
GreatBasin,1/28/1987,36.5,39.1,42.3,42.7,32.7
GreatBasin,1/29/1987,27.3,32.8,40,41.1,31
GreatBasin,1/30/1987,29.1,33.2,40.9,40.4,28.6
GreatBasin,1/31/1987,29.5,34.2,40.3,42.1,30.4
GreatBasin,2/1/1987,32.5,36.2,45.2,43.3,32.1
GreatBasin,2/2/1987,34.4,38.4,44.5,44.2,33.8
GreatBasin,2/3/1987,34.4,38.2,42.8,42.7,32.6
GreatBasin,2/4/1987,29,34.6,40.9,42.3,30.5
GreatBasin,2/5/1987,28.2,33.6,43.3,43.4,29.5
GreatBasin,2/6/1987,31.3,36.6,46.1,45.8,31.1
GreatBasin,2/7/1987,33.9,39.2,48.1,47.3,33
GreatBasin,2/8/1987,33.8,39.5,47.8,48,34.3
GreatBasin,2/9/1987,35.1,40.3,48.2,48.5,35.2
GreatBasin,2/10/1987,36.6,41.6,49.4,49.1,35.9
GreatBasin,2/11/1987,36,41.5,49.7,48.9,36
GreatBasin,2/12/1987,35.3,40.9,47.6,48.1,36.1
GreatBasin,2/13/1987,37,41,46.9,46.6,34.7
GreatBasin,2/14/1987,31.8,37.9,45.4,44.7,32.6
GreatBasin,2/15/1987,28.9,34.3,41.9,42.3,29.7
GreatBasin,2/16/1987,28.5,33.4,39.7,40.4,28
GreatBasin,2/17/1987,26.6,31.7,39.6,39.1,27.4
GreatBasin,2/18/1987,27.1,31.6,38,37.6,25.5
GreatBasin,2/19/1987,22.9,28.5,35.3,36.7,23.8
GreatBasin,2/20/1987,21.4,27.6,36.7,36.4,22.2
GreatBasin,2/21/1987,22.3,28.6,37.2,37.5,22.7
GreatBasin,2/22/1987,24.4,30.3,38.7,37.6,24
GreatBasin,2/23/1987,25.4,30.5,36.8,35.8,24
GreatBasin,2/24/1987,22.1,26.8,31.8,32.9,22.5
GreatBasin,2/25/1987,20.1,24.7,30.1,31.2,19.9
GreatBasin,2/26/1987,17.5,23.4,31.6,31.8,18.7
GreatBasin,2/27/1987,18.5,24.4,33.7,34.3,19.1
GreatBasin,2/28/1987,21.2,27.3,37.7,38.3,22.2
GreatBasin,3/1/1987,27,32.6,43.5,42.5,26.1
GreatBasin,3/2/1987,30,36.4,46.2,46.7,30
GreatBasin,3/3/1987,33,39.7,50.3,50.7,33.4
GreatBasin,3/4/1987,37.1,44,55.6,53.9,36.8
GreatBasin,3/5/1987,40.2,46.7,55.7,55.4,39.4
GreatBasin,3/6/1987,40.9,47.2,55,54.6,39.8
GreatBasin,3/7/1987,38.2,44.8,53.2,52.9,38.5
GreatBasin,3/8/1987,36.3,42.2,50.6,50.3,36.1
GreatBasin,3/9/1987,33.7,39.7,47.1,49.3,34.7
GreatBasin,3/10/1987,34.1,40.8,50.2,49,34.8
GreatBasin,3/11/1987,36.5,42.3,49.8,51.7,35.8
GreatBasin,3/12/1987,36.9,44,55.2,53.1,37.8
GreatBasin,3/13/1987,40.1,45.8,54.2,52.8,37
GreatBasin,3/14/1987,34,40.7,48.9,50.2,35.9
GreatBasin,3/15/1987,33.6,39.3,47.5,46.3,32.9
GreatBasin,3/16/1987,31,36,42.5,45.2,31.9
GreatBasin,3/17/1987,31,36.8,45.7,44.6,31.9
GreatBasin,3/18/1987,33.7,39.3,45.7,44.8,31.1
GreatBasin,3/19/1987,28.5,34.6,43.1,42.6,29.1
GreatBasin,3/20/1987,25.2,31.4,39,41.1,26.5
GreatBasin,3/21/1987,25.8,32.5,41.1,40,25.5
GreatBasin,3/22/1987,25.4,31.9,40,41,26.1
GreatBasin,3/23/1987,27.1,33.3,41.8,41.8,26.9
GreatBasin,3/24/1987,28.2,34.9,43.7,43.7,28
GreatBasin,3/25/1987,28.6,36,45.6,45.2,29.3
GreatBasin,3/26/1987,31.2,37.8,46.4,45.6,29.5
GreatBasin,3/27/1987,28.7,35.2,44.9,43.3,28.1
GreatBasin,3/28/1987,24.3,30.8,38.6,40.1,24.2
GreatBasin,3/29/1987,19.7,28,36.8,41,22.9
GreatBasin,3/30/1987,24.8,32.7,47.7,46.7,26
GreatBasin,3/31/1987,33.5,42.1,55.6,53.8,32.3
GreatBasin,4/1/1987,38.6,47.3,58.2,57.8,36.7
GreatBasin,4/2/1987,38,48.1,59.6,58.7,38.6
GreatBasin,4/3/1987,39.3,48.4,58.4,57.7,38.4
GreatBasin,4/4/1987,37.8,45.8,55.2,56.6,38.3
GreatBasin,4/5/1987,37.9,46.4,56.2,56.2,38.5
GreatBasin,4/6/1987,39.9,47.9,57.3,57.7,39.3
GreatBasin,4/7/1987,40.2,49.2,59.6,59,40.6
GreatBasin,4/8/1987,41.7,50.7,60.2,59.4,40.4
GreatBasin,4/9/1987,39.2,48.5,58.4,60.7,40.6
GreatBasin,4/10/1987,40.9,50.4,63.5,61.5,41.3
GreatBasin,4/11/1987,43.8,51.6,62.5,60.3,40
GreatBasin,4/12/1987,35.2,44.2,55,58.4,37.8
GreatBasin,4/13/1987,34.3,44,57.6,59.8,36.9
GreatBasin,4/14/1987,41.2,51.8,66.8,65.1,40.8
GreatBasin,4/15/1987,46.8,57.8,70.9,70.4,45.7
GreatBasin,4/16/1987,49.2,60.7,73.5,73,48.7
GreatBasin,4/17/1987,50.2,62.1,74.6,73.6,49.1
GreatBasin,4/18/1987,48,58.2,72.8,69.7,43.8
GreatBasin,4/19/1987,33.2,43.7,61.6,63.5,37.9
GreatBasin,4/20/1987,32.4,41.9,56,61.1,34.7
GreatBasin,4/21/1987,38.6,49.7,65.7,64.6,38.8
GreatBasin,4/22/1987,45.4,57.3,72.1,70.4,44.3
GreatBasin,4/23/1987,49,61,73.5,73.3,48.2
GreatBasin,4/24/1987,50.3,62.3,74.2,74,50.3
GreatBasin,4/25/1987,51.7,63.2,74.3,74.7,51.7
GreatBasin,4/26/1987,53,64.1,75.5,75.7,52.9
GreatBasin,4/27/1987,54.1,65.5,77.4,76.5,54
GreatBasin,4/28/1987,54.9,66,76.6,76.3,54.7
GreatBasin,4/29/1987,55,65.3,75,74.5,54.1
GreatBasin,4/30/1987,52.5,61.3,71.9,70.7,51.3
GreatBasin,5/1/1987,46.5,55.8,65.1,66.2,46.6
GreatBasin,5/2/1987,40.9,50.3,61.5,63.5,42.9
GreatBasin,5/3/1987,41.4,51.6,64,65.6,42.5
GreatBasin,5/4/1987,45.2,56.9,71.4,70.4,45.9
GreatBasin,5/5/1987,51,62.8,75.9,75.1,50.1
GreatBasin,5/6/1987,54,66,78,77.2,53.5
GreatBasin,5/7/1987,55.4,67,77.7,77.3,55.1
GreatBasin,5/8/1987,56,67.1,76.3,76.7,55.8
GreatBasin,5/9/1987,55.9,66.5,76.1,75.9,55.7
GreatBasin,5/10/1987,55.3,65.7,75.2,75.7,55.2
GreatBasin,5/11/1987,54.4,65.5,75.8,75.8,54.9
GreatBasin,5/12/1987,55.1,66.4,76.3,76,55
GreatBasin,5/13/1987,55.4,66.1,75.8,77,55.6
GreatBasin,5/14/1987,56.3,67.5,78.8,77.4,56.9
GreatBasin,5/15/1987,59,69.1,77.5,76.8,57.1
GreatBasin,5/16/1987,56.1,64.9,74.2,73.4,56.1
GreatBasin,5/17/1987,53.1,60.7,68.4,70.6,53.6
GreatBasin,5/18/1987,51.5,60.1,69.2,68.7,50.9
GreatBasin,5/19/1987,48,58.5,68.5,67.9,48.1
GreatBasin,5/20/1987,44.8,54.5,66,64.7,44.9
GreatBasin,5/21/1987,41.8,51.1,59.7,63.6,43.3
GreatBasin,5/22/1987,43.2,53.6,65.2,64.5,43.8
GreatBasin,5/23/1987,46.5,57.5,68.7,67.2,45.7
GreatBasin,5/24/1987,47.4,58.1,67.7,67.6,46.9
GreatBasin,5/25/1987,46.9,56.7,66.4,65.5,45.9
GreatBasin,5/26/1987,43.3,52.2,62.5,63.1,44.7
GreatBasin,5/27/1987,43.8,51.7,60.4,62,44.3
GreatBasin,5/28/1987,45.9,54.2,63,63.7,45.4
GreatBasin,5/29/1987,46.4,56.7,67.7,67.9,47.1
GreatBasin,5/30/1987,49,60.3,73.1,71.2,49.7
GreatBasin,5/31/1987,53.7,63.6,72.9,72.7,50.3
GreatBasin,6/1/1987,48.1,59.9,72,73.1,50.5
GreatBasin,6/2/1987,49.7,61.5,74.3,75.5,50.1
GreatBasin,6/3/1987,52.4,65.5,80.1,79.7,53.3
GreatBasin,6/4/1987,57.9,71.2,84.8,82.8,57.2
GreatBasin,6/5/1987,61.2,72.3,83.5,82.3,59.6
GreatBasin,6/6/1987,59.6,69,78.7,78.8,59.4
GreatBasin,6/7/1987,57.3,66,74.3,76.4,58
GreatBasin,6/8/1987,57.1,66.9,76.2,75.7,56.9
GreatBasin,6/9/1987,56.4,67,76.7,77.2,56.5
GreatBasin,6/10/1987,56.1,67.5,78.7,79.4,56.3
GreatBasin,6/11/1987,56.5,69.3,82.9,82.5,57.7
GreatBasin,6/12/1987,60.4,73.2,85.9,85.6,59.8
GreatBasin,6/13/1987,62.6,75.6,88.1,87.5,62.3
GreatBasin,6/14/1987,64,76.8,88.5,87.9,63.2
GreatBasin,6/15/1987,63,74.2,87,85.1,60.8
GreatBasin,6/16/1987,55.4,67.3,79.8,82.1,57.7
GreatBasin,6/17/1987,54.6,67,79.5,79.4,55.2
GreatBasin,6/18/1987,55.6,68,78.8,78.7,55.1
GreatBasin,6/19/1987,55,67.2,77.7,79.3,55.5
GreatBasin,6/20/1987,55.9,68.4,81.5,80.4,56.2
GreatBasin,6/21/1987,57.8,70.4,82.1,81.6,55.9
GreatBasin,6/22/1987,54,66.6,81.1,80.9,55.3
GreatBasin,6/23/1987,54,66.3,79.6,81.1,55.1
GreatBasin,6/24/1987,57.4,70,82.5,82.6,57.2
GreatBasin,6/25/1987,60.2,72.8,85.7,85.4,59.9
GreatBasin,6/26/1987,62,75.2,88.1,87.6,62.2
GreatBasin,6/27/1987,64.5,77.4,89.1,88.3,63.4
GreatBasin,6/28/1987,63.7,75.7,87.7,87,63
GreatBasin,6/29/1987,60.9,72.8,84.1,85.2,61.7
GreatBasin,6/30/1987,60.5,72.3,83.7,84.3,60.8
GreatBasin,7/1/1987,60.9,73.2,85.1,84.2,60.7
GreatBasin,7/2/1987,60.7,73.1,83.9,84.4,60.5
GreatBasin,7/3/1987,59.8,72.3,84.3,83.9,59.6
GreatBasin,7/4/1987,58.4,71.7,83.6,83.6,59.1
GreatBasin,7/5/1987,59,71.5,82.9,82.9,58.4
GreatBasin,7/6/1987,57.7,70.1,82.2,82.9,58.5
GreatBasin,7/7/1987,58.7,71,83.5,83.7,59.3
GreatBasin,7/8/1987,61.5,73.5,85.5,84.6,60.3
GreatBasin,7/9/1987,60.6,72.7,84.7,84,60.8
GreatBasin,7/10/1987,60.4,70.4,81.8,81,58.5
GreatBasin,7/11/1987,54.5,65.8,76.6,79.4,56.8
GreatBasin,7/12/1987,55.4,67.5,79.9,80.6,56.4
GreatBasin,7/13/1987,59.3,71.7,85.3,84.6,59
GreatBasin,7/14/1987,62.4,75.6,88.6,87.9,62.4
GreatBasin,7/15/1987,65.4,78,89.7,88.7,64.1
GreatBasin,7/16/1987,64.5,74.8,87.8,85.2,62
GreatBasin,7/17/1987,56.1,65.5,78.1,79.1,57.1
GreatBasin,7/18/1987,50.6,60.5,71.4,75.4,52.4
GreatBasin,7/19/1987,50.5,62.2,76.7,75.2,52.6
GreatBasin,7/20/1987,56.6,67.1,77.6,76.9,54.8
GreatBasin,7/21/1987,57.2,66.4,76.5,77.3,56.4
GreatBasin,7/22/1987,55.3,65.9,77.9,78.9,56.2
GreatBasin,7/23/1987,56.1,68.3,82.4,82.8,57.1
GreatBasin,7/24/1987,60,73,88.1,86,60.3
GreatBasin,7/25/1987,64.9,76.2,87.6,87.3,63.2
GreatBasin,7/26/1987,64.8,75.5,86.3,86.1,65
GreatBasin,7/27/1987,65.2,75.1,84.5,84.6,65
GreatBasin,7/28/1987,64.9,74.2,82.9,83.8,64.8
GreatBasin,7/29/1987,64.3,73.9,83.9,84.2,64.5
GreatBasin,7/30/1987,64.4,75,85.8,84.9,64.3
GreatBasin,7/31/1987,64.3,75.3,85.1,85.6,63.8
GreatBasin,8/1/1987,62.8,74.2,85.9,85.4,63.8
GreatBasin,8/2/1987,64.4,75,85.1,85.5,63.7
GreatBasin,8/3/1987,63.8,74.5,85.6,86.7,64.2
GreatBasin,8/4/1987,64.3,76.2,89.3,87.7,65.2
GreatBasin,8/5/1987,67.6,77.7,88.2,87.6,65.5
GreatBasin,8/6/1987,64.5,75.2,85.3,85.6,64.8
GreatBasin,8/7/1987,62.4,72.3,83.2,84.4,62.7
GreatBasin,8/8/1987,61.3,72.4,84.8,84.9,62.4
GreatBasin,8/9/1987,63.6,74.8,86.6,85.9,63.3
GreatBasin,8/10/1987,64.9,76.2,86.4,86,63.7
GreatBasin,8/11/1987,62.6,73.4,84.9,84.3,62.3
GreatBasin,8/12/1987,59.3,70.4,81.6,82.4,60.6
GreatBasin,8/13/1987,60,70.7,80.6,79.7,58.7
GreatBasin,8/14/1987,56.9,66.8,76.8,76.9,56.6
GreatBasin,8/15/1987,53,62.8,73.3,75.8,54.5
GreatBasin,8/16/1987,53.7,64.6,77.3,76.7,54.2
GreatBasin,8/17/1987,55.8,67.4,79.5,80,55.6
GreatBasin,8/18/1987,57.3,69.5,83.1,83.1,57.9
GreatBasin,8/19/1987,60.7,72.9,86.7,85.1,61
GreatBasin,8/20/1987,65,74.7,85.5,85,62.4
GreatBasin,8/21/1987,61.6,72.3,82.8,83.3,62
GreatBasin,8/22/1987,59.3,70.7,81.6,81.7,60.3
GreatBasin,8/23/1987,60.1,70.6,80.6,80.5,59.4
GreatBasin,8/24/1987,58.9,68.8,79.2,78.5,58.4
GreatBasin,8/25/1987,56.1,65.8,75.7,76.9,56.4
GreatBasin,8/26/1987,54.1,64.6,75.7,76.9,55.1
GreatBasin,8/27/1987,55,66.3,79.2,79.1,55.6
GreatBasin,8/28/1987,57.6,69.3,82.3,81.8,57.5
GreatBasin,8/29/1987,59.8,71.3,83.9,83.8,59.3
GreatBasin,8/30/1987,60.4,72.2,85.3,85.5,60.7
GreatBasin,8/31/1987,62,74.2,87.4,86.8,61.9
GreatBasin,9/1/1987,63.2,75.3,87.7,87.2,63
GreatBasin,9/2/1987,63.9,75.4,86.4,86.2,63.1
GreatBasin,9/3/1987,62.1,71.8,84.5,82.3,60.3
GreatBasin,9/4/1987,55,65.1,75.9,78.8,56.7
GreatBasin,9/5/1987,53.1,63.8,76.1,76.4,54.2
GreatBasin,9/6/1987,54.6,65.5,77.1,76.9,53.9
GreatBasin,9/7/1987,54,65.3,77.6,78.1,54.6
GreatBasin,9/8/1987,55.3,66.8,79.7,79.4,55.3
GreatBasin,9/9/1987,56.7,68.1,80.8,80.2,56.4
GreatBasin,9/10/1987,57.2,68.4,80.2,80.2,56.5
GreatBasin,9/11/1987,55.6,67.4,79.5,79.9,56.1
GreatBasin,9/12/1987,55.4,67.3,79.9,79.1,55.4
GreatBasin,9/13/1987,55.3,66.4,77.9,77.5,54.3
GreatBasin,9/14/1987,52.3,63.1,74.7,75.9,53.7
GreatBasin,9/15/1987,53.6,63.8,75,74.2,52.1
GreatBasin,9/16/1987,50.5,60.4,72.9,72.6,50.4
GreatBasin,9/17/1987,47,57.9,69.9,72.4,48.8
GreatBasin,9/18/1987,48.8,60.1,74.5,73.8,49.4
GreatBasin,9/19/1987,52.3,63.4,77,76.9,51.7
GreatBasin,9/20/1987,54.1,65.4,79.2,79.2,53.9
GreatBasin,9/21/1987,55.4,67.1,81.4,80.8,55.5
GreatBasin,9/22/1987,57,68.6,81.9,81.2,57
GreatBasin,9/23/1987,58.5,68.9,80.3,80.2,57.7
GreatBasin,9/24/1987,57.6,67.6,78.4,78.8,57.5
GreatBasin,9/25/1987,56.4,66.5,77.8,77.1,56
GreatBasin,9/26/1987,54.1,63.7,75,74.1,52.8
GreatBasin,9/27/1987,47.9,58.2,69.6,72.2,50.1
GreatBasin,9/28/1987,48.4,58.9,72,72.4,49.1
GreatBasin,9/29/1987,50.9,61.6,75.7,75.4,50.8
GreatBasin,9/30/1987,53.1,64.2,78.4,77.3,52.7
GreatBasin,10/1/1987,54.1,65.2,77.9,78.8,53.9
GreatBasin,10/2/1987,54.5,65.7,80.1,79.2,54.8
GreatBasin,10/3/1987,55.7,66.8,79.7,79.2,55.5
GreatBasin,10/4/1987,56.3,66.2,77.7,77.5,54.9
GreatBasin,10/5/1987,52.7,63.4,75.1,76.2,53.9
GreatBasin,10/6/1987,52.7,63.1,75.9,75.9,52.7
GreatBasin,10/7/1987,52.8,63.4,76.6,75.4,52.6
GreatBasin,10/8/1987,52.4,62.2,73.6,73.2,51.4
GreatBasin,10/9/1987,48.9,58.6,69.3,70.3,49.2
GreatBasin,10/10/1987,46.2,56.2,68,69.3,47.2
GreatBasin,10/11/1987,46.6,57,70.5,69.1,47.8
GreatBasin,10/12/1987,50.5,58.7,68.9,68.5,48.3
GreatBasin,10/13/1987,47.7,55.3,66,65.7,46.9
GreatBasin,10/14/1987,42.6,51.2,62.1,62.7,44.2
GreatBasin,10/15/1987,42.3,50.9,60.1,61.5,41.5
GreatBasin,10/16/1987,39.7,49.3,62.3,62.2,41.7
GreatBasin,10/17/1987,43.1,52.2,64.3,63.3,42
GreatBasin,10/18/1987,43.3,52.5,63.3,62.7,42.4
GreatBasin,10/19/1987,40.7,50.3,60.4,62.3,41.4
GreatBasin,10/20/1987,40.1,49.8,63.1,62.9,41.5
GreatBasin,10/21/1987,43.8,52.7,65.2,63.9,42.6
GreatBasin,10/22/1987,44,53,63.4,62.6,43.7
GreatBasin,10/23/1987,43.2,50.8,59.1,60.2,43.7
GreatBasin,10/24/1987,43.8,50.3,58.2,59.4,43.3
GreatBasin,10/25/1987,43,50.4,61,60.7,43.7
GreatBasin,10/26/1987,44.2,52.2,62.9,63,43.8
GreatBasin,10/27/1987,44.1,52.9,65,64.8,45.3
GreatBasin,10/28/1987,47.5,55.5,66.5,64.5,46.3
GreatBasin,10/29/1987,47.3,54.4,62.1,62.2,46.7
GreatBasin,10/30/1987,45.3,51,58.1,59.6,45.6
GreatBasin,10/31/1987,44.3,50.8,58.6,57.8,45.5
GreatBasin,11/1/1987,46.9,50.9,56.8,56.2,45.1
GreatBasin,11/2/1987,44.2,48.2,53.1,55.2,44.2
GreatBasin,11/3/1987,41.6,47.3,55.7,56,42.5
GreatBasin,11/4/1987,41.8,48.5,59.1,57.1,42
GreatBasin,11/5/1987,42.5,48.9,56.4,55.8,41.9
GreatBasin,11/6/1987,41.5,46.5,51.8,53.2,41.2
GreatBasin,11/7/1987,39.5,44.2,51.3,52.4,39.6
GreatBasin,11/8/1987,37.9,44.4,54,53.5,38.8
GreatBasin,11/9/1987,39.1,45.7,55.3,54.1,38.4
GreatBasin,11/10/1987,38.3,44.8,53,54.2,38.5
GreatBasin,11/11/1987,38.2,44.6,54.4,53.7,38.8
GreatBasin,11/12/1987,39.9,45.6,53.8,53.1,39.5
GreatBasin,11/13/1987,40.3,45.1,51.1,50.7,38.8
GreatBasin,11/14/1987,36.1,41,47.1,45.7,34.3
GreatBasin,11/15/1987,26.6,32.6,38.8,42.3,30.4
GreatBasin,11/16/1987,28.5,32.7,41.1,39.7,28.1
GreatBasin,11/17/1987,29.3,33.6,39.1,40.9,28.3
GreatBasin,11/18/1987,27.1,32.8,42.4,42.7,29.2
GreatBasin,11/19/1987,31.1,36.3,46.7,46,30.7
GreatBasin,11/20/1987,33.9,39.5,48.9,47.3,33.3
GreatBasin,11/21/1987,35,40,46.3,46.4,33.7
GreatBasin,11/22/1987,32.1,37.1,44,44.1,32.6
GreatBasin,11/23/1987,30.8,35.8,42.1,42.8,30.5
GreatBasin,11/24/1987,28.6,34.1,42.3,40.8,29.6
GreatBasin,11/25/1987,29.5,33.7,37.9,39.2,28
GreatBasin,11/26/1987,25.8,30.5,37.4,37.8,26.8
GreatBasin,11/27/1987,25,29.9,38,38.2,25.8
GreatBasin,11/28/1987,26.5,31.3,39.2,38.6,26.1
GreatBasin,11/29/1987,26.9,31.5,38.6,39.1,26.6
GreatBasin,11/30/1987,26.5,31.5,39.5,39.8,28.1
GreatBasin,12/1/1987,30.9,34.3,41.4,42,31.1
GreatBasin,12/2/1987,35.9,38.7,45,45.6,34.6
GreatBasin,12/3/1987,36.9,41.4,50.4,48.7,37.3
GreatBasin,12/4/1987,39,43.5,50.7,49.4,37.7
GreatBasin,12/5/1987,37.1,42.1,47.2,48.5,37.4
GreatBasin,12/6/1987,36.2,40.3,47.5,46.1,36.3
GreatBasin,12/7/1987,35.6,39.3,43.6,42.9,32.9
GreatBasin,12/8/1987,27,31.9,37.6,40.4,30.6
GreatBasin,12/9/1987,29.3,33,39.9,41.6,31.2
GreatBasin,12/10/1987,37.2,40.3,47.3,43.4,32.2
GreatBasin,12/11/1987,30,35.9,43.1,41,29.4
GreatBasin,12/12/1987,21.1,26.2,32.6,33.5,22.2
GreatBasin,12/13/1987,15.6,20,24.8,27.3,16.4
GreatBasin,12/14/1987,12.4,17.4,24.4,25.5,14.2
GreatBasin,12/15/1987,14.7,19,27.3,27.8,15.7
GreatBasin,12/16/1987,20.1,23.3,31.6,30.9,19.6
GreatBasin,12/17/1987,24.1,27.5,33.9,33.3,22.8
GreatBasin,12/18/1987,24.2,28.2,34.5,33,24.3
GreatBasin,12/19/1987,24.7,27.6,30.7,31.9,22.4
GreatBasin,12/20/1987,18.3,23.1,30.4,32.5,22.4
GreatBasin,12/21/1987,24.2,28.2,36.4,34.1,23.7
GreatBasin,12/22/1987,28.6,30.8,35.6,34.5,23.8
GreatBasin,12/23/1987,18.7,24,31.4,29.2,19
GreatBasin,12/24/1987,9.6,15.3,20.7,24.8,12.3
GreatBasin,12/25/1987,8.7,13.3,22.3,23,10.2
GreatBasin,12/26/1987,12.4,16.7,26.1,25.4,12.3
GreatBasin,12/27/1987,15.7,20.1,27.8,28.3,15.4
GreatBasin,12/28/1987,18.1,22.3,31.1,30.7,18.6
GreatBasin,12/29/1987,21.9,25.7,33.1,30.5,19.3
GreatBasin,12/30/1987,17.8,22.6,27.3,28.9,17.9
GreatBasin,12/31/1987,14,18.7,26.2,26.3,14.9
GreatBasin,1/1/1988,12.8,17.7,25.4,25.8,13.3
GreatBasin,1/2/1988,13.2,17.4,25.7,26,13.7
GreatBasin,1/3/1988,15.2,19,27,27.8,15.9
GreatBasin,1/4/1988,19.3,22.9,30.8,29.7,19.7
GreatBasin,1/5/1988,24.5,27.1,31.2,31.1,22.1
GreatBasin,1/6/1988,22.6,26.4,31.4,31,22.2
GreatBasin,1/7/1988,19.4,24,30.5,30.9,20.9
GreatBasin,1/8/1988,20.7,24,30.7,31.8,21.1
GreatBasin,1/9/1988,23.2,26.6,34.3,34.9,24.5
GreatBasin,1/10/1988,29.7,33.1,39.6,37,27.6
GreatBasin,1/11/1988,30,33.5,37,35.7,25.8
GreatBasin,1/12/1988,17.6,23.3,30.5,33.7,22.6
GreatBasin,1/13/1988,20.1,24.2,33.6,34.3,21.4
GreatBasin,1/14/1988,26.6,30.2,38.9,37.1,26.6
GreatBasin,1/15/1988,33.1,34.9,38.8,37.4,27.4
GreatBasin,1/16/1988,22.6,28.2,34.4,34.5,25.9
GreatBasin,1/17/1988,22,26.3,30.2,30.3,20.6
GreatBasin,1/18/1988,17.2,21.8,26.3,26.8,17.3
GreatBasin,1/19/1988,12.6,17.7,24,25.4,13.7
GreatBasin,1/20/1988,11.2,15.9,26,26.3,14.2
GreatBasin,1/21/1988,18.9,21.9,28.8,28,15.3
GreatBasin,1/22/1988,15.9,20.3,29.1,30.8,19.4
GreatBasin,1/23/1988,23.3,26.9,34.6,31.5,19.2
GreatBasin,1/24/1988,18.4,24.5,30.9,33,20.2
GreatBasin,1/25/1988,19,23.4,33.6,34.1,20.1
GreatBasin,1/26/1988,22.9,28,37.9,37.7,23.5
GreatBasin,1/27/1988,28.6,32.7,41.5,41,27.6
GreatBasin,1/28/1988,31.3,35.7,43.5,42.8,31.3
GreatBasin,1/29/1988,34.1,37.4,43.3,42.4,31.8
GreatBasin,1/30/1988,30,34.2,40.3,38.9,28.5
GreatBasin,1/31/1988,21.3,26.4,33.1,34.3,22.9
GreatBasin,2/1/1988,17.4,22.7,29.5,30.3,18.8
GreatBasin,2/2/1988,17.7,22,28.4,29.3,17.3
GreatBasin,2/3/1988,16.8,21.6,30,30,17.3
GreatBasin,2/4/1988,17.5,22.8,31.5,31.6,17.5
GreatBasin,2/5/1988,18.2,23.8,33.2,33.9,19.3
GreatBasin,2/6/1988,22.3,27.1,37.1,36.5,21.8
GreatBasin,2/7/1988,24.8,29.9,39.2,39.4,25.5
GreatBasin,2/8/1988,29.5,33.8,42,41,28.3
GreatBasin,2/9/1988,30.6,35.2,41.7,41.3,30.2
GreatBasin,2/10/1988,30.5,35.1,40.1,41.7,30.2
GreatBasin,2/11/1988,29.4,33.8,43.2,42.8,30.2
GreatBasin,2/12/1988,30.6,36.3,45.2,43.8,30.9
GreatBasin,2/13/1988,32.7,37,43,42.3,29.3
GreatBasin,2/14/1988,24.6,31,38.6,41.7,29.2
GreatBasin,2/15/1988,30.4,34.5,43.6,41.2,27.7
GreatBasin,2/16/1988,28.1,33.5,41.5,40.4,26.2
GreatBasin,2/17/1988,20.1,26.6,36.1,37.9,24.4
GreatBasin,2/18/1988,24.9,29.6,36,37,22.7
GreatBasin,2/19/1988,23,28.7,39,39.8,25.4
GreatBasin,2/20/1988,28.4,33.7,44.4,43.3,27.1
GreatBasin,2/21/1988,30,36.4,46.4,45.2,29.9
GreatBasin,2/22/1988,31.2,37.6,44.7,45.5,29.8
GreatBasin,2/23/1988,28.2,35.6,45.5,46.1,29.9
GreatBasin,2/24/1988,30.3,37.3,48.1,48.1,30.5
GreatBasin,2/25/1988,33,40.3,50.6,50.4,33
GreatBasin,2/26/1988,35.6,42.4,52.5,51.6,35.3
GreatBasin,2/27/1988,37.2,43.6,51.8,52.2,36.7
GreatBasin,2/28/1988,37.3,43.5,52.3,52,37.3
GreatBasin,2/29/1988,37.4,44,51.9,51.2,36.8
GreatBasin,3/1/1988,35.7,41.5,49.5,49.4,35.4
GreatBasin,3/2/1988,33,38.7,46.8,48.2,34
GreatBasin,3/3/1988,33.2,39.6,48.3,48,33.2
GreatBasin,3/4/1988,33.4,40.2,49,49.7,34.1
GreatBasin,3/5/1988,35.7,41.9,51.9,50.6,35.4
GreatBasin,3/6/1988,37.2,43.1,50.8,49.8,34.4
GreatBasin,3/7/1988,30.2,37.3,46.7,48.3,31.7
GreatBasin,3/8/1988,27.7,35.2,47.4,47.5,30.6
GreatBasin,3/9/1988,33.8,40.2,48.3,46.8,28.9
GreatBasin,3/10/1988,25.3,32.4,44.6,42.8,26.8
GreatBasin,3/11/1988,21.4,28.2,35.6,39.1,22.5
GreatBasin,3/12/1988,20.7,27.9,37.1,37.6,21.5
GreatBasin,3/13/1988,22.5,29.9,40,41.1,23.3
GreatBasin,3/14/1988,26.8,34.1,46.1,43.7,26.1
GreatBasin,3/15/1988,29,36.1,45,44.3,26.7
GreatBasin,3/16/1988,24.4,32.4,41.7,43.6,26.2
GreatBasin,3/17/1988,25.2,33.2,44.2,45.2,26.2
GreatBasin,3/18/1988,28.9,37,49.8,50.1,29.5
GreatBasin,3/19/1988,34.3,42.9,56.4,55.5,33.9
GreatBasin,3/20/1988,38.4,47.7,60.4,58.7,38
GreatBasin,3/21/1988,41.4,49.5,59.3,58.8,39.4
GreatBasin,3/22/1988,38.4,46.5,56.8,57.4,39.5
GreatBasin,3/23/1988,38.6,46.2,56.2,55.6,37
GreatBasin,3/24/1988,34,42.6,53.8,55.7,36.9
GreatBasin,3/25/1988,38,44.8,57.2,58.5,37.6
GreatBasin,3/26/1988,40.8,50.3,64.4,61.7,39.8
GreatBasin,3/27/1988,40.7,48.9,63.6,58.8,36.2
GreatBasin,3/28/1988,27.2,35.3,48.3,52.7,31.2
GreatBasin,3/29/1988,25.7,33.7,46.2,46.8,27.4
GreatBasin,3/30/1988,29.4,36.8,45.8,45.8,27.2
GreatBasin,3/31/1988,26.5,34.7,45.5,48.2,28.6
GreatBasin,4/1/1988,29.8,39.1,53.2,53,31
GreatBasin,4/2/1988,36.8,46.5,60.3,57.7,36.2
GreatBasin,4/3/1988,41.9,50.5,59.7,59.5,39.7
GreatBasin,4/4/1988,40.3,48.8,58.6,59.3,39.5
GreatBasin,4/5/1988,36.4,46.4,59.7,62.5,40
GreatBasin,4/6/1988,43.2,53.6,69.2,65.8,42.4
GreatBasin,4/7/1988,47.5,57.7,68.4,67.4,42.4
GreatBasin,4/8/1988,36.5,47.5,64.5,62.2,38.7
GreatBasin,4/9/1988,32,41.9,53.7,60.2,34.5
GreatBasin,4/10/1988,35.1,46.2,62.4,61.8,36.5
GreatBasin,4/11/1988,42.4,54.1,69.3,67.9,41.3
GreatBasin,4/12/1988,46.3,58.5,72,70.7,45.7
GreatBasin,4/13/1988,48.4,59.6,70.8,69.8,46.5
GreatBasin,4/14/1988,44.8,54.4,66.7,66.2,45.7
GreatBasin,4/15/1988,43.9,52.3,61.1,62.9,44.4
GreatBasin,4/16/1988,44.4,52.4,61,60.7,44.1
GreatBasin,4/17/1988,44,52.1,60.1,59.8,43.3
GreatBasin,4/18/1988,41.4,49.3,58.2,59.3,41.8
GreatBasin,4/19/1988,40.1,48.8,59.6,58.8,41.3
GreatBasin,4/20/1988,42.4,50.2,58.5,56.9,40.4
GreatBasin,4/21/1988,38.7,45,52.6,53.2,39.1
GreatBasin,4/22/1988,36.3,42.1,48.6,51.1,36.6
GreatBasin,4/23/1988,34.8,43,52.2,51.9,35.6
GreatBasin,4/24/1988,35.8,44.4,54.8,53.6,36.4
GreatBasin,4/25/1988,38.7,46,53.9,55.6,36.9
GreatBasin,4/26/1988,36.1,45.6,58,59.4,38.8
GreatBasin,4/27/1988,41.6,52.1,66.3,63.6,41.6
GreatBasin,4/28/1988,47,56.8,66.6,66.5,44.5
GreatBasin,4/29/1988,45,55.6,66.6,66.3,45.6
GreatBasin,4/30/1988,44.7,53.7,65.6,62.6,40.5
GreatBasin,5/1/1988,31.7,40.1,55.5,57.7,35.7
GreatBasin,5/2/1988,30.7,39.5,51.9,55.7,33.2
GreatBasin,5/3/1988,37.1,46.9,59.7,58.8,36.5
GreatBasin,5/4/1988,41.8,52.2,64.7,62.9,41.1
GreatBasin,5/5/1988,44.3,54.3,64.3,63.5,41.5
GreatBasin,5/6/1988,38.5,46.9,61.6,59.5,39.7
GreatBasin,5/7/1988,36.2,43.7,52.6,57.3,37.5
GreatBasin,5/8/1988,37.9,46.7,57.6,58.2,38.5
GreatBasin,5/9/1988,41.4,51.6,64.5,64.1,41.8
GreatBasin,5/10/1988,46.2,57.4,70.3,70.3,45.9
GreatBasin,5/11/1988,50.1,62.2,76.1,75.5,50.4
GreatBasin,5/12/1988,54.8,67.2,80.1,78.3,53.5
GreatBasin,5/13/1988,55.6,66.7,78.6,76.9,53.5
GreatBasin,5/14/1988,50,61.2,72.1,76.6,52.5
GreatBasin,5/15/1988,51.9,64.3,79.2,77.2,52.9
GreatBasin,5/16/1988,56.9,68.7,80.3,78.8,54.4
GreatBasin,5/17/1988,54.4,62.9,76.8,74.2,52.4
GreatBasin,5/18/1988,45.8,56.1,65.6,69.2,48.3
GreatBasin,5/19/1988,44.7,55.3,65.3,66.8,45.2
GreatBasin,5/20/1988,45.1,57.1,69.6,69.9,46.5
GreatBasin,5/21/1988,49.6,61.8,74.8,74.4,49.1
GreatBasin,5/22/1988,52.6,65.6,78.7,77.9,52.4
GreatBasin,5/23/1988,54.9,67.8,80.2,79.6,54.5
GreatBasin,5/24/1988,56.1,68.7,80,80.4,55.5
GreatBasin,5/25/1988,55.4,68.3,81,80.8,56.1
GreatBasin,5/26/1988,56.8,69.5,81.5,81.1,56.2
GreatBasin,5/27/1988,56.5,68.1,80.7,79.9,55.5
GreatBasin,5/28/1988,53.2,65.5,77.6,78.1,53.6
GreatBasin,5/29/1988,51.2,60.5,76,70.7,48.2
GreatBasin,5/30/1988,40.2,48.4,58.5,65.7,43.9
GreatBasin,5/31/1988,40.2,50.1,62.5,63.4,42.3
GreatBasin,6/1/1988,46.6,57,69.2,69.6,46.4
GreatBasin,6/2/1988,52.4,63.3,77.1,77.2,52.2
GreatBasin,6/3/1988,57.5,70.2,85.4,82.5,56.9
GreatBasin,6/4/1988,60.8,73.5,84.9,84.5,58.4
GreatBasin,6/5/1988,57,69.5,83.3,81.7,56.2
GreatBasin,6/6/1988,50.9,63.8,76.9,78,52.7
GreatBasin,6/7/1988,50.2,62.2,73.7,74,50
GreatBasin,6/8/1988,48.9,60.5,71.5,75.2,49.7
GreatBasin,6/9/1988,50.1,63.5,80.5,77.7,51.9
GreatBasin,6/10/1988,56.7,69.4,81.1,80.5,53.9
GreatBasin,6/11/1988,54.8,67.9,79.9,79.8,55.2
GreatBasin,6/12/1988,54.1,66.4,78.3,77.9,54
GreatBasin,6/13/1988,53.2,65.1,75.5,78.3,53.9
GreatBasin,6/14/1988,54.4,67.1,81,80.8,55.6
GreatBasin,6/15/1988,59.1,72.2,85.9,85.2,58.5
GreatBasin,6/16/1988,61.9,75.3,88.6,87.3,61.9
GreatBasin,6/17/1988,64.7,75.4,87.5,86.9,62.7
GreatBasin,6/18/1988,61.4,72.8,84.7,86.4,63.3
GreatBasin,6/19/1988,63.7,75.7,87.1,85.8,63.7
GreatBasin,6/20/1988,66.1,76.7,85.7,86.8,65
GreatBasin,6/21/1988,65.3,76.5,87.6,87.4,66
GreatBasin,6/22/1988,66.7,77.7,88.8,89.5,66.5
GreatBasin,6/23/1988,67.4,79.4,92.2,91,67.8
GreatBasin,6/24/1988,69.3,81.1,91.9,91.5,68.5
GreatBasin,6/25/1988,68.9,80.1,90.3,89.9,67.7
GreatBasin,6/26/1988,64.9,75.2,87.5,87.6,65.8
GreatBasin,6/27/1988,63.6,74.7,85.1,86,64.1
GreatBasin,6/28/1988,63.8,75.1,85.4,84.9,62.7
GreatBasin,6/29/1988,60.7,71.7,84.1,83.9,60
GreatBasin,6/30/1988,55.5,68.3,82.1,84.6,59.3
GreatBasin,7/1/1988,61.7,74.3,87.7,86.5,60.8
GreatBasin,7/2/1988,65.3,77.9,89.7,88.8,64.4
GreatBasin,7/3/1988,66.2,78.3,89,88.6,65.3
GreatBasin,7/4/1988,64.4,75.8,87,86.9,64.4
GreatBasin,7/5/1988,62.6,74.2,84.6,85.1,62.5
GreatBasin,7/6/1988,60.4,72.2,83.6,84.3,60.6
GreatBasin,7/7/1988,58.9,71.4,84.8,85.6,60.6
GreatBasin,7/8/1988,62.6,75.4,88.5,87.4,62
GreatBasin,7/9/1988,64.6,77.3,89,88.9,64.1
GreatBasin,7/10/1988,65.2,77.7,89.2,88.7,64.6
GreatBasin,7/11/1988,64,76.6,88,87.8,63.8
GreatBasin,7/12/1988,62.1,74.1,86.2,87.8,63.2
GreatBasin,7/13/1988,63.4,75.6,89.3,88.2,63.8
GreatBasin,7/14/1988,65.8,77.8,89,89.3,64.8
GreatBasin,7/15/1988,65.3,77.8,89.5,89.6,65.6
GreatBasin,7/16/1988,65.7,78.3,90.3,89.8,65.7
GreatBasin,7/17/1988,66.1,78.4,89.7,89.5,65.2
GreatBasin,7/18/1988,63.8,76.6,88.6,88.5,64
GreatBasin,7/19/1988,62.1,75,87.3,88.6,62.9
GreatBasin,7/20/1988,62.8,76.2,89.8,89.9,63.6
GreatBasin,7/21/1988,65.9,79.1,92.5,91.5,65.4
GreatBasin,7/22/1988,67.5,80.3,92.2,91.8,67
GreatBasin,7/23/1988,67.7,79.6,90.7,91.2,67.2
GreatBasin,7/24/1988,66.3,78.8,90.6,90.5,67.3
GreatBasin,7/25/1988,67.8,79.3,90.1,90,67.1
GreatBasin,7/26/1988,67.3,79,89.2,89,67.4
GreatBasin,7/27/1988,67.2,77.6,87.8,88,66.5
GreatBasin,7/28/1988,65.1,76,87.1,88,65.7
GreatBasin,7/29/1988,64.9,76.6,89,88.7,65.6
GreatBasin,7/30/1988,66.9,78.7,90,89.2,66.3
GreatBasin,7/31/1988,67.1,78.6,88.7,88.7,66.6
GreatBasin,8/1/1988,65.7,76.3,87.3,86.8,65
GreatBasin,8/2/1988,62.1,73.4,84.4,84.7,62.8
GreatBasin,8/3/1988,60.6,71.3,82.3,83.9,61
GreatBasin,8/4/1988,60.3,72.2,84.9,83.9,61.3
GreatBasin,8/5/1988,62.9,73.8,84.6,84.4,62.1
GreatBasin,8/6/1988,63,72.9,83.7,82.8,61
GreatBasin,8/7/1988,57.2,68.8,80,81.8,58.9
GreatBasin,8/8/1988,56.6,68.8,81.8,82.5,57.9
GreatBasin,8/9/1988,59.8,72.1,85.6,84.9,59.6
GreatBasin,8/10/1988,62.3,74.7,87.3,86.3,61.8
GreatBasin,8/11/1988,63.2,74.4,85.9,84.8,61.9
GreatBasin,8/12/1988,60.1,70.8,81.1,83.7,60.8
GreatBasin,8/13/1988,59.1,70.8,84.2,83.8,59.6
GreatBasin,8/14/1988,59.5,72.4,86.2,85.3,60
GreatBasin,8/15/1988,61.5,73.5,85.6,84.9,59.7
GreatBasin,8/16/1988,58.2,70.6,82.8,85.2,60
GreatBasin,8/17/1988,60.3,72.7,87.3,85.7,60.5
GreatBasin,8/18/1988,62.9,75.2,86.9,87.3,62.1
GreatBasin,8/19/1988,63.1,75,87.8,87,63.7
GreatBasin,8/20/1988,65.1,75,86.4,84.7,62.5
GreatBasin,8/21/1988,59.4,69.2,80,82.8,61
GreatBasin,8/22/1988,58.6,69.6,82,82.4,59.9
GreatBasin,8/23/1988,61.6,72.9,85.3,85,62
GreatBasin,8/24/1988,65.7,76.1,87.7,87.1,64.7
GreatBasin,8/25/1988,66.7,77.5,88.3,87.6,66.2
GreatBasin,8/26/1988,66.2,76.1,86.9,85.4,64.3
GreatBasin,8/27/1988,60.1,70.2,81.1,83.2,61.8
GreatBasin,8/28/1988,59.2,70,81.6,82.5,60.2
GreatBasin,8/29/1988,61.3,72.4,84.8,83.7,61.3
GreatBasin,8/30/1988,63.4,74.1,84.7,84.2,62.3
GreatBasin,8/31/1988,62.1,72.7,83.2,84.4,62.3
GreatBasin,9/1/1988,61.5,72.7,85.4,85.6,62.2
GreatBasin,9/2/1988,63.1,74.9,88.1,87.4,62.8
GreatBasin,9/3/1988,63.8,75.8,88.8,88.2,63.4
GreatBasin,9/4/1988,63.3,75.5,87.6,87.7,63
GreatBasin,9/5/1988,61.8,74.4,86.7,87.2,62.5
GreatBasin,9/6/1988,62.3,74.5,87.3,86.5,62
GreatBasin,9/7/1988,61.8,73.1,85.5,85.1,60.8
GreatBasin,9/8/1988,58.4,70.2,82.6,84.4,60
GreatBasin,9/9/1988,59.8,71.4,85.1,83.6,59.7
GreatBasin,9/10/1988,61,69.7,83.2,80.4,56
GreatBasin,9/11/1988,47.3,57.3,73,73.1,50.5
GreatBasin,9/12/1988,43.2,52.7,63,66.6,45.6
GreatBasin,9/13/1988,46.3,54.3,63.9,65.5,45.7
GreatBasin,9/14/1988,47.7,57.1,69.6,69.8,48.2
GreatBasin,9/15/1988,50.7,61.5,75.9,74.2,50.9
GreatBasin,9/16/1988,54.4,64.9,77.1,76,52.3
GreatBasin,9/17/1988,51.7,62.4,75,74,50.2
GreatBasin,9/18/1988,44.5,55,69.9,71,46.6
GreatBasin,9/19/1988,43.6,53.9,68,68.2,45.2
GreatBasin,9/20/1988,47.6,56.7,66.6,66.5,45.4
GreatBasin,9/21/1988,44.9,54.3,65,65.8,45.8
GreatBasin,9/22/1988,44.9,54.6,65.8,67.1,45.6
GreatBasin,9/23/1988,46.9,57.1,70.6,70,47.5
GreatBasin,9/24/1988,50.6,60.8,73.7,72.7,50.1
GreatBasin,9/25/1988,52.7,62.1,73.8,73.8,52.1
GreatBasin,9/26/1988,52.9,62.3,73.8,73,52.5
GreatBasin,9/27/1988,51.9,60.6,71.5,70.4,50.1
GreatBasin,9/28/1988,45.6,55.1,65.8,69.8,48.2
GreatBasin,9/29/1988,47.1,57.2,72.2,71.4,48.3
GreatBasin,9/30/1988,52.1,62.4,76.2,75.3,51.1
GreatBasin,10/1/1988,54.1,64.6,77.4,77.1,53.6
GreatBasin,10/2/1988,54.5,65.1,77.6,77.4,54.4
GreatBasin,10/3/1988,54.5,64.9,77.3,77.2,54.8
GreatBasin,10/4/1988,55.3,65.1,76.7,76,54.4
GreatBasin,10/5/1988,53.5,63.4,74,74,53.3
GreatBasin,10/6/1988,51,61,71.2,72.6,51.4
GreatBasin,10/7/1988,49.8,59.9,72.6,72.6,50.8
GreatBasin,10/8/1988,51.7,61.6,73.9,73.3,51.3
GreatBasin,10/9/1988,52.3,62,73.3,73.2,51.7
GreatBasin,10/10/1988,51.1,60.9,72.5,72.5,51.3
GreatBasin,10/11/1988,50.4,60.2,71.7,70.9,50.7
GreatBasin,10/12/1988,50.6,59,68.5,70.4,50.1
GreatBasin,10/13/1988,49.4,58.4,70.9,69,50.3
GreatBasin,10/14/1988,50.8,58.7,67.7,68.9,49.5
GreatBasin,10/15/1988,48.2,56.7,68,69,49.9
GreatBasin,10/16/1988,50.6,58.9,71.2,69.8,50.1
GreatBasin,10/17/1988,51.5,60.2,70.3,70.8,50.7
GreatBasin,10/18/1988,50.1,59.4,71,69.8,50.9
GreatBasin,10/19/1988,51.2,59.4,68.2,68.9,49.4
GreatBasin,10/20/1988,46.8,56.1,67.5,68.7,48.4
GreatBasin,10/21/1988,47.2,56.9,70.5,68.3,47.8
GreatBasin,10/22/1988,49.5,58.3,67,68.8,47.8
GreatBasin,10/23/1988,46.7,56,68.8,68,48.1
GreatBasin,10/24/1988,48.2,57.3,68.2,68.3,47.5
GreatBasin,10/25/1988,47.7,56.6,67.8,68.3,47.9
GreatBasin,10/26/1988,47.9,57.1,68.8,66.7,46.2
GreatBasin,10/27/1988,42.9,52.3,63.5,64.9,44.6
GreatBasin,10/28/1988,43.1,50.8,62.3,63.1,43.7
GreatBasin,10/29/1988,45.2,52.6,63.5,63.6,44.3
GreatBasin,10/30/1988,44.7,53.2,64.9,65.4,45.1
GreatBasin,10/31/1988,45.5,54.6,67.7,66.6,46
GreatBasin,11/1/1988,47.9,56.2,67.3,65.3,46.2
GreatBasin,11/2/1988,45.3,52.7,61,62.5,46.3
GreatBasin,11/3/1988,45.8,50.8,59.2,59.4,44.9
GreatBasin,11/4/1988,43.7,49.9,58.1,59,43.4
GreatBasin,11/5/1988,40.6,48.3,59.6,58.5,43.6
GreatBasin,11/6/1988,46.5,51,57.9,56.8,41.3
GreatBasin,11/7/1988,36.7,44.2,52.9,54.1,40.3
GreatBasin,11/8/1988,37.8,44.2,51.6,51.2,36.7
GreatBasin,11/9/1988,35.5,41.8,49,50.2,36.7
GreatBasin,11/10/1988,36.9,41.5,49.9,48.9,36
GreatBasin,11/11/1988,35.6,41.7,47.7,48.8,35.7
GreatBasin,11/12/1988,34.7,39.9,48.9,49.4,35.7
GreatBasin,11/13/1988,36.7,42.7,51.5,49.1,35.6
GreatBasin,11/14/1988,35.3,40,46.9,45.5,32.6
GreatBasin,11/15/1988,25.9,31.2,38,41.8,29.6
GreatBasin,11/16/1988,27.5,32,40.5,38.9,27.7
GreatBasin,11/17/1988,29.7,33.6,38.2,37.9,27.3
GreatBasin,11/18/1988,24.7,29.5,34.9,36.4,25.8
GreatBasin,11/19/1988,23,27.8,36.2,36.9,24.2
GreatBasin,11/20/1988,25,29.9,39.5,39.1,25.2
GreatBasin,11/21/1988,27.5,32.6,41.7,41.7,28.7
GreatBasin,11/22/1988,33.5,36.9,44,43.7,33.1
GreatBasin,11/23/1988,38.2,40.7,45.5,43.9,33
GreatBasin,11/24/1988,27.4,33.5,42.2,40.6,29.7
GreatBasin,11/25/1988,23.5,27.6,34.1,36.6,25
GreatBasin,11/26/1988,24,27.9,33.4,33.7,22.2
GreatBasin,11/27/1988,19.2,25,33.5,35.2,23.7
GreatBasin,11/28/1988,28,31.5,38.7,36.1,24.1
GreatBasin,11/29/1988,25.2,29.6,36.2,38,26.2
GreatBasin,11/30/1988,25.4,30.2,39,38.8,25.9
GreatBasin,12/1/1988,27.1,32,41.1,41.2,27.5
GreatBasin,12/2/1988,30.1,35,43.4,42.4,29.4
GreatBasin,12/3/1988,31.1,35.7,42.8,43.3,30.7
GreatBasin,12/4/1988,30.9,35.8,43.7,43.3,30.9
GreatBasin,12/5/1988,30.6,35.6,43.3,43.4,30.9
GreatBasin,12/6/1988,31.3,35.8,43.3,41.8,30.3
GreatBasin,12/7/1988,29,34.2,38.7,39.3,28.2
GreatBasin,12/8/1988,24.4,29,35.9,38,27.2
GreatBasin,12/9/1988,28.2,31.4,39.4,38.5,27.2
GreatBasin,12/10/1988,28.9,33.3,40.1,40.4,28.9
GreatBasin,12/11/1988,29.6,34.2,41.8,42.5,31
GreatBasin,12/12/1988,34.4,37.5,45.7,44.9,33.6
GreatBasin,12/13/1988,36.9,40.5,47.3,45.1,33.9
GreatBasin,12/14/1988,30.5,35.8,42.2,40.6,28.8
GreatBasin,12/15/1988,18.9,25.1,32.4,37,24.1
GreatBasin,12/16/1988,22.8,26.8,36.3,36.3,22.9
GreatBasin,12/17/1988,27,31.2,40.2,39,26.2
GreatBasin,12/18/1988,28.8,33.3,40.4,38.7,27.3
GreatBasin,12/19/1988,26.2,30.9,35.4,37.1,26.4
GreatBasin,12/20/1988,24.2,28.7,35.4,34.9,26.2
GreatBasin,12/21/1988,28.2,30.5,34,33.7,24.7
GreatBasin,12/22/1988,21.7,26.2,31.6,31.5,23.2
GreatBasin,12/23/1988,19.7,24.7,28.9,29.6,19.6
GreatBasin,12/24/1988,17.3,21.4,28.4,28.3,19.4
GreatBasin,12/25/1988,21.1,24.6,27.5,25.9,15.7
GreatBasin,12/26/1988,8.7,14.7,21.7,22.8,11.6
GreatBasin,12/27/1988,5.1,10.1,19.1,20.6,7.8
GreatBasin,12/28/1988,9.7,13.3,20.9,20.9,8
GreatBasin,12/29/1988,9.3,13.7,22.8,24.8,12
GreatBasin,12/30/1988,16.9,21.1,30.8,27.7,15.3
GreatBasin,12/31/1988,19.7,24,29.5,29.7,17.8
GreatBasin,1/1/1989,16.8,21.6,28.9,30.1,18.2
GreatBasin,1/2/1989,18,22.3,32,32.6,19.9
GreatBasin,1/3/1989,25,28.6,37,34.7,23.4
GreatBasin,1/4/1989,27.1,30.4,35.2,35.8,26.4
GreatBasin,1/5/1989,27.1,30.4,35.3,34.3,24.7
GreatBasin,1/6/1989,19.9,25.5,32.5,29.3,19
GreatBasin,1/7/1989,10,14.4,20.2,24.9,12.7
GreatBasin,1/8/1989,8.2,13,21.9,24.4,11.5
GreatBasin,1/9/1989,16.4,22,31.2,28.9,17.3
GreatBasin,1/10/1989,27.3,29.4,33.6,31.4,20.1
GreatBasin,1/11/1989,16.5,22.1,29.3,29.5,18.9
GreatBasin,1/12/1989,12.8,17.8,25.6,27.7,15
GreatBasin,1/13/1989,15.7,19.3,28.3,27,15.2
GreatBasin,1/14/1989,17,21.8,27.1,27.9,15.7
GreatBasin,1/15/1989,14.5,19.6,28.4,30,17.6
GreatBasin,1/16/1989,21.2,25,34.6,33.1,20
GreatBasin,1/17/1989,24.4,28.5,36.4,36.4,23.8
GreatBasin,1/18/1989,25.8,30,38.3,37.5,25.2
GreatBasin,1/19/1989,25.3,30.5,37.8,38.2,25.5
GreatBasin,1/20/1989,25.5,30.3,38.5,38.8,26.1
GreatBasin,1/21/1989,27.6,32,40.1,39.3,27.5
GreatBasin,1/22/1989,29.3,33.1,39.4,38.9,27.6
GreatBasin,1/23/1989,25.8,31.3,37.1,35.5,24.1
GreatBasin,1/24/1989,17.1,23,30.1,31.4,19
GreatBasin,1/25/1989,14,19.3,27,29,15.6
GreatBasin,1/26/1989,15.6,20.1,29.8,29.9,16.6
GreatBasin,1/27/1989,20.1,24.2,33,31.6,18.1
GreatBasin,1/28/1989,18.6,24.1,32.1,33.7,20
GreatBasin,1/29/1989,21.4,25.9,35.9,35.9,22.3
GreatBasin,1/30/1989,27,31.2,39.7,38.1,25.9
GreatBasin,1/31/1989,29.3,33.4,38.8,38.3,27.1
GreatBasin,2/1/1989,25.1,29.6,36.3,34.5,23.2
GreatBasin,2/2/1989,15.2,20.5,28.3,29.1,17.6
GreatBasin,2/3/1989,12.6,16.9,22.7,23.6,12.2
GreatBasin,2/4/1989,8.7,13.6,19.7,19,7.1
GreatBasin,2/5/1989,0,6.1,14.5,15.4,1.8
GreatBasin,2/6/1989,-3.4,2.7,12,14.1,-1.2
GreatBasin,2/7/1989,-0.3,5.1,15.8,15.9,-0.3
GreatBasin,2/8/1989,2.9,8.4,19.8,21.9,4.6
GreatBasin,2/9/1989,11.1,17,30.2,28.8,12.4
GreatBasin,2/10/1989,23.3,27.2,36.3,33.8,19
GreatBasin,2/11/1989,22.5,27.7,34.9,34.4,22
GreatBasin,2/12/1989,20.1,25.1,32.1,31.8,19.7
GreatBasin,2/13/1989,16.5,21.9,28.5,29.7,16.7
GreatBasin,2/14/1989,13.5,19.6,28.4,29.2,14.7
GreatBasin,2/15/1989,14.2,20.4,30.6,30.8,15.4
GreatBasin,2/16/1989,18.4,23.5,33.5,33.6,18.4
GreatBasin,2/17/1989,22.7,27.5,36.8,36.8,23.2
GreatBasin,2/18/1989,28.6,32.3,40.1,39.1,27.7
GreatBasin,2/19/1989,31.7,35.2,40.4,39.9,29.2
GreatBasin,2/20/1989,27.4,32.8,39.1,39.9,28.3
GreatBasin,2/21/1989,25.9,31.5,40.2,41.4,27.4
GreatBasin,2/22/1989,28.9,34.4,44.8,44.4,30
GreatBasin,2/23/1989,35.1,40.3,48.2,48,33.1
GreatBasin,2/24/1989,35.3,41.5,50.9,50.2,36.3
GreatBasin,2/25/1989,38.4,44.3,51.6,50.9,36.9
GreatBasin,2/26/1989,36.9,43,50.2,49.8,35
GreatBasin,2/27/1989,29.8,37.3,47.7,46.5,31
GreatBasin,2/28/1989,26.2,33.3,41.5,44.3,27.7
GreatBasin,3/1/1989,27.1,33.9,43.6,42.4,28.6
GreatBasin,3/2/1989,32.6,35.9,42.1,41.2,26.1
GreatBasin,3/3/1989,18.7,26,38,36.9,21
GreatBasin,3/4/1989,11.7,18.6,30.7,36.4,17.8
GreatBasin,3/5/1989,23,28.3,40.5,40.2,23.2
GreatBasin,3/6/1989,34.9,39.3,49.5,47.3,32.3
GreatBasin,3/7/1989,38.9,43.7,51.9,52.2,37.9
GreatBasin,3/8/1989,40,45.9,55.2,55.5,40.9
GreatBasin,3/9/1989,43.8,49.9,59.5,58.5,42.8
GreatBasin,3/10/1989,44.6,51.3,60.7,59.9,44.3
GreatBasin,3/11/1989,44.6,51.2,59.4,59.7,43.7
GreatBasin,3/12/1989,41.8,49.5,58.9,58.6,42.4
GreatBasin,3/13/1989,40.9,46.8,57.6,54.8,37.6
GreatBasin,3/14/1989,30.2,37.7,47.9,51.7,33.9
GreatBasin,3/15/1989,30.5,37.8,49.7,49.5,31.9
GreatBasin,3/16/1989,35.1,42.1,51,49.7,31.5
GreatBasin,3/17/1989,28.8,37.4,48.5,50,32.3
GreatBasin,3/18/1989,33.1,39.6,50.6,49.7,33.5
GreatBasin,3/19/1989,38.6,43.9,50.1,49.5,33.4
GreatBasin,3/20/1989,28.6,37,47.8,49.4,32.7
GreatBasin,3/21/1989,30.9,38.1,50.3,50.5,32.1
GreatBasin,3/22/1989,36.7,44,53.3,52.8,34.8
GreatBasin,3/23/1989,36.8,44.7,54.9,54.3,36.9
GreatBasin,3/24/1989,37.1,45.1,54.8,54.3,37.7
GreatBasin,3/25/1989,39.1,45.8,53.3,52.7,37.2
GreatBasin,3/26/1989,35.3,41.8,50.1,51.3,36.3
GreatBasin,3/27/1989,34.6,41.2,50.4,52.3,36.1
GreatBasin,3/28/1989,38.3,45.2,56.4,54,36.9
GreatBasin,3/29/1989,37.9,45.8,55.2,54.5,36.9
GreatBasin,3/30/1989,34.6,42.6,52,54.8,37
GreatBasin,3/31/1989,38.6,46.2,57.3,55,37.1
GreatBasin,4/1/1989,38.2,46.3,55.8,55.7,38.7
GreatBasin,4/2/1989,39.4,45.9,54,54.1,38.2
GreatBasin,4/3/1989,37.1,44.6,52.5,53.7,37.9
GreatBasin,4/4/1989,37.3,44.8,54.7,57,38.3
GreatBasin,4/5/1989,40.4,49.4,63.9,62.3,41.4
GreatBasin,4/6/1989,46.5,56,68.4,67.5,45.6
GreatBasin,4/7/1989,49.8,59.4,70.2,69.1,47.9
GreatBasin,4/8/1989,47.5,57.4,68.8,67.6,46.7
GreatBasin,4/9/1989,42.7,52.4,63.9,64.9,42.8
GreatBasin,4/10/1989,38.2,49.2,62.1,62.6,41
GreatBasin,4/11/1989,42,52,61.8,61.9,40.7
GreatBasin,4/12/1989,41.8,51.6,61.8,62.8,41.9
GreatBasin,4/13/1989,41.9,52.7,64.9,65.2,43.2
GreatBasin,4/14/1989,45.8,56.4,68.9,67.5,45.7
GreatBasin,4/15/1989,49.3,58.9,68.7,68.1,47.5
GreatBasin,4/16/1989,47.4,57.2,66.7,68.2,47.9
GreatBasin,4/17/1989,47,57.3,69.2,69.6,47.6
GreatBasin,4/18/1989,48.5,59.8,72.9,72.7,49
GreatBasin,4/19/1989,51.6,63.2,75.9,75.4,51
GreatBasin,4/20/1989,52.9,64.5,77.3,76.4,52.9
GreatBasin,4/21/1989,54.2,64.4,75.9,75,51.7
GreatBasin,4/22/1989,47.9,58.5,71.7,70.4,47.9
GreatBasin,4/23/1989,41.6,52.1,63.5,64.7,43.4
GreatBasin,4/24/1989,40.6,50.1,59,59.9,40.1
GreatBasin,4/25/1989,38.2,47.1,57.3,56.5,38.5
GreatBasin,4/26/1989,36.8,44.1,53.2,54.3,36.8
GreatBasin,4/27/1989,35.4,43.6,52.3,53.1,36
GreatBasin,4/28/1989,35.9,44.5,53.7,54.7,36
GreatBasin,4/29/1989,36.7,46.5,58,57.5,37.6
GreatBasin,4/30/1989,40.3,49.9,60.9,62.1,40.5
GreatBasin,5/1/1989,44.5,54.3,67.4,65.2,43.8
GreatBasin,5/2/1989,46.7,57.1,67.4,67.5,46.6
GreatBasin,5/3/1989,48.7,58,67.6,68.2,48.1
GreatBasin,5/4/1989,49,58.8,69.6,70.4,49.4
GreatBasin,5/5/1989,50.6,61.5,74.1,74.6,51.1
GreatBasin,5/6/1989,53.8,65.8,80,78.1,54.2
GreatBasin,5/7/1989,58.1,69.2,80.1,79.4,56.2
GreatBasin,5/8/1989,56.7,67.6,78.2,78.2,56.5
GreatBasin,5/9/1989,54.8,65.9,76.4,76,54.3
GreatBasin,5/10/1989,51.3,61.2,73.5,71.7,49.8
GreatBasin,5/11/1989,43.2,53.3,65.3,65.8,44.6
GreatBasin,5/12/1989,39.2,48.1,58.5,60.7,40.9
GreatBasin,5/13/1989,40.2,49.1,58.3,58.8,40.2
GreatBasin,5/14/1989,41.1,50.2,59.5,59.9,41.5
GreatBasin,5/15/1989,43.3,52.6,62,61.8,42.8
GreatBasin,5/16/1989,44,53.9,63.9,65.1,44.5
GreatBasin,5/17/1989,46.2,57,69.3,67.3,46.3
GreatBasin,5/18/1989,48.8,59.3,68.6,67.9,45.3
GreatBasin,5/19/1989,41,52.6,65.9,69.2,44.7
GreatBasin,5/20/1989,44.3,56.8,73.1,71.1,45.6
GreatBasin,5/21/1989,51.4,63,74.2,74.9,49
GreatBasin,5/22/1989,51.2,64.1,77.5,76,52
GreatBasin,5/23/1989,53.5,64.2,76.3,74.4,49.1
GreatBasin,5/24/1989,42.5,54.1,69.4,69.2,46
GreatBasin,5/25/1989,42,52.2,62,66.7,42.5
GreatBasin,5/26/1989,43.1,54.8,68.6,68.9,45
GreatBasin,5/27/1989,49.8,62,76.1,73.1,48
GreatBasin,5/28/1989,51,62.2,74.7,73.5,48.4
GreatBasin,5/29/1989,44.3,55.8,69.7,68.9,45.7
GreatBasin,5/30/1989,41.9,52.4,62.2,66.2,43.2
GreatBasin,5/31/1989,43.3,54.3,66.6,67.2,44.3
GreatBasin,6/1/1989,47.7,59.8,72.9,71.3,47.8
GreatBasin,6/2/1989,52.5,63.9,74.5,73.5,51.1
GreatBasin,6/3/1989,53.1,63.4,73.2,73.1,52
GreatBasin,6/4/1989,50.5,61.1,71.5,73.2,51.5
GreatBasin,6/5/1989,50.9,62.9,74.8,73.9,51.6
GreatBasin,6/6/1989,53.5,64.8,75.5,75.8,53.1
GreatBasin,6/7/1989,54.8,66.3,77.1,76.7,54.6
GreatBasin,6/8/1989,55.5,67.2,77.5,77.3,55.7
GreatBasin,6/9/1989,56.7,67.6,77.3,77.1,56.1
GreatBasin,6/10/1989,56,66.9,76.5,77.1,56.1
GreatBasin,6/11/1989,55.5,66.8,77.6,77.5,55.6
GreatBasin,6/12/1989,55.2,67.1,78.3,78.7,56
GreatBasin,6/13/1989,57.4,69,80.1,80.2,57.2
GreatBasin,6/14/1989,59,70.7,82.3,83.2,59.2
GreatBasin,6/15/1989,61.3,73.9,87.3,85.2,60.4
GreatBasin,6/16/1989,61,72,86,84.7,59
GreatBasin,6/17/1989,54.8,67.4,80.8,84.9,58.4
GreatBasin,6/18/1989,59.4,72.7,87.8,85.6,59.2
GreatBasin,6/19/1989,63.5,76.7,88.1,87.2,61.1
GreatBasin,6/20/1989,60.4,70.7,85.7,82.1,57.1
GreatBasin,6/21/1989,47.3,59.8,72.5,77.1,52.2
GreatBasin,6/22/1989,48.9,61.2,73.2,73.1,49.7
GreatBasin,6/23/1989,53,63.8,73.6,73.4,50.9
GreatBasin,6/24/1989,50.9,62.6,73.5,74,52
GreatBasin,6/25/1989,52.2,63.7,74.8,76.1,52.3
GreatBasin,6/26/1989,53.9,66.4,80.1,78.7,54.7
GreatBasin,6/27/1989,58,70.1,81.1,81,56.4
GreatBasin,6/28/1989,57.4,70,81.7,82.7,58
GreatBasin,6/29/1989,58.5,71.6,85.4,84,58.6
GreatBasin,6/30/1989,59.8,72.8,84.9,84.9,58.6
GreatBasin,7/1/1989,57.4,71.1,84.3,85.5,58.7
GreatBasin,7/2/1989,59,72.7,87.2,87.4,59.4
GreatBasin,7/3/1989,61.9,76.2,90.7,90.1,62
GreatBasin,7/4/1989,65.2,79,92.5,91.6,64.1
GreatBasin,7/5/1989,65.2,78.7,91.6,92.7,65.3
GreatBasin,7/6/1989,65.4,79.5,94,93.8,66.5
GreatBasin,7/7/1989,68.9,82.5,95.8,94.8,67.9
GreatBasin,7/8/1989,69.3,82,94.7,93.3,68
GreatBasin,7/9/1989,65.8,77.3,89.3,89.6,65.3
GreatBasin,7/10/1989,60.8,72.9,84.7,86.5,62.5
GreatBasin,7/11/1989,60.9,73.5,85.5,85,61.8
GreatBasin,7/12/1989,63.6,74.2,84.7,85,61.9
GreatBasin,7/13/1989,61.1,73,84.7,85.6,62.2
GreatBasin,7/14/1989,61.9,74.5,87.3,86.9,61.9
GreatBasin,7/15/1989,62.8,75.8,88.8,87.9,62.4
GreatBasin,7/16/1989,62.4,75.1,87.7,87,61.9
GreatBasin,7/17/1989,60.6,72.6,84.4,87.1,61.7
GreatBasin,7/18/1989,62.1,74.9,89.3,89.3,63.2
GreatBasin,7/19/1989,66.9,80,94.1,92.3,66.4
GreatBasin,7/20/1989,70.2,82.5,93.6,93.3,68.5
GreatBasin,7/21/1989,68.3,79.4,92.2,90.9,68.1
GreatBasin,7/22/1989,65.7,76.4,86.9,88.6,66.7
GreatBasin,7/23/1989,66.2,76.4,86.6,87.6,65.7
GreatBasin,7/24/1989,65.1,76.9,89.2,88.4,65.6
GreatBasin,7/25/1989,65.5,77.6,89.5,89.6,65.4
GreatBasin,7/26/1989,65.7,78.2,90,89.5,65.7
GreatBasin,7/27/1989,65.8,77.3,88.9,88.1,65.3
GreatBasin,7/28/1989,64.5,75.3,85.4,87.3,65
GreatBasin,7/29/1989,64.7,75.7,87.7,87.4,64.9
GreatBasin,7/30/1989,65.6,77.2,89.2,88.8,65.6
GreatBasin,7/31/1989,66.5,78.1,89.5,89,65.7
GreatBasin,8/1/1989,64.9,75.6,88.2,87,64.1
GreatBasin,8/2/1989,61,72.3,83.4,84.9,62
GreatBasin,8/3/1989,60.2,71.8,83.1,83.6,60.5
GreatBasin,8/4/1989,60.4,72.3,84.2,84.5,60.8
GreatBasin,8/5/1989,61.9,73.8,86.2,86.2,61.9
GreatBasin,8/6/1989,63.5,75.6,88.2,87.4,63.4
GreatBasin,8/7/1989,64.8,76.5,87.8,87.5,64.6
GreatBasin,8/8/1989,65.5,75.7,86.4,85.5,64.6
GreatBasin,8/9/1989,63.5,72.4,82.3,82.6,63.9
GreatBasin,8/10/1989,62.7,71.8,79.2,80.8,62.9
GreatBasin,8/11/1989,62.4,71.5,80.8,81.2,62.6
GreatBasin,8/12/1989,62.7,72.8,83.7,83.7,62.7
GreatBasin,8/13/1989,62.9,74.4,86.5,85.2,63.4
GreatBasin,8/14/1989,64.5,75.2,85.5,85.9,63.1
GreatBasin,8/15/1989,61.8,74,85.6,85.3,62.2
GreatBasin,8/16/1989,60.4,72.7,84.8,84.8,60.8
GreatBasin,8/17/1989,60.3,72.4,84.1,83.4,60
GreatBasin,8/18/1989,59.2,70.2,81.4,81.8,59.1
GreatBasin,8/19/1989,57.9,69.2,79.9,80,58.1
GreatBasin,8/20/1989,57.1,68.4,78.8,79,57
GreatBasin,8/21/1989,56.1,67.3,78.4,79.7,57
GreatBasin,8/22/1989,57.8,69.2,81.9,80.3,57.4
GreatBasin,8/23/1989,58.3,68.8,80.7,79.6,55.6
GreatBasin,8/24/1989,50.8,61.6,76.2,76.3,53
GreatBasin,8/25/1989,49.9,60.3,71.9,75.1,51.1
GreatBasin,8/26/1989,52.5,63.7,77.3,76,52.7
GreatBasin,8/27/1989,55.6,67,78.8,78.6,54.4
GreatBasin,8/28/1989,55.1,67.1,79.6,80.9,56
GreatBasin,8/29/1989,57.4,69.9,84.4,82.4,57.2
GreatBasin,8/30/1989,59.1,70.4,83.2,82.2,57
GreatBasin,8/31/1989,54.4,66.3,79.1,81.5,56.2
GreatBasin,9/1/1989,55.1,67.5,82.1,80.8,55.8
GreatBasin,9/2/1989,57.8,69.1,81.3,80.5,56
GreatBasin,9/3/1989,55,66.4,78.2,80.3,56
GreatBasin,9/4/1989,55.3,67.4,81.4,80.9,56.3
GreatBasin,9/5/1989,58.7,70.6,83.2,81.9,57.1
GreatBasin,9/6/1989,57.2,68.5,81.1,80.5,56.8
GreatBasin,9/7/1989,54.5,65.7,77.2,77.9,54.5
GreatBasin,9/8/1989,51.7,62.5,75.3,75.1,52.3
GreatBasin,9/9/1989,50.8,61.5,72.7,73,50.7
GreatBasin,9/10/1989,49.7,60.3,71.1,71.5,49.7
GreatBasin,9/11/1989,48.5,59.2,70.8,70.4,48.4
GreatBasin,9/12/1989,47.1,58,69.3,71,47.8
GreatBasin,9/13/1989,47.7,59.2,72.9,73.2,48.6
GreatBasin,9/14/1989,50.9,62.8,77.5,76.6,50.8
GreatBasin,9/15/1989,53.9,65.9,79.5,78.3,53.7
GreatBasin,9/16/1989,56.4,67,78,76.9,55.7
GreatBasin,9/17/1989,56.9,63.7,73.3,72.2,54.1
GreatBasin,9/18/1989,49.1,56.8,65.2,68.9,50.8
GreatBasin,9/19/1989,46.4,56.1,68.2,66.7,47.7
GreatBasin,9/20/1989,47.6,56,66.6,68.6,47.4
GreatBasin,9/21/1989,48.1,57.8,71.1,70.9,49
GreatBasin,9/22/1989,51.4,61.7,75.1,74.9,50.9
GreatBasin,9/23/1989,53.3,64.4,78.5,77.7,53.8
GreatBasin,9/24/1989,56.8,67.1,79.4,79.2,55.8
GreatBasin,9/25/1989,57.4,67.7,79.6,78.7,57.9
GreatBasin,9/26/1989,59.6,67.8,77.2,77.9,58.6
GreatBasin,9/27/1989,58.8,67,77,77.8,58.6
GreatBasin,9/28/1989,57.3,67.2,79.3,78.7,57.9
GreatBasin,9/29/1989,57.6,67.8,79.9,78.7,56.9
GreatBasin,9/30/1989,55.8,64.9,76.8,74.6,53.6
GreatBasin,10/1/1989,47.4,56.2,67.2,68.7,49.6
GreatBasin,10/2/1989,45.7,53.7,62.1,62.7,44.9
GreatBasin,10/3/1989,41.7,50,58.9,60,42.9
GreatBasin,10/4/1989,41.3,49.1,58.9,60.1,41.6
GreatBasin,10/5/1989,41.9,50.8,62.6,62,42.4
GreatBasin,10/6/1989,44,53.1,64.4,64.5,43.6
GreatBasin,10/7/1989,45,54.4,66.4,66.6,45.1
GreatBasin,10/8/1989,46.4,56.1,68.9,68.9,46.9
GreatBasin,10/9/1989,49.3,58.8,71.4,71.6,49
GreatBasin,10/10/1989,51.2,61.1,74.5,72.4,50.6
GreatBasin,10/11/1989,51.3,60.9,71.3,73.1,51.3
GreatBasin,10/12/1989,51.3,60.8,73.6,72.6,51.6
GreatBasin,10/13/1989,52.2,61.6,72.8,71.9,51.3
GreatBasin,10/14/1989,50.5,59.8,69.3,69.1,49
GreatBasin,10/15/1989,44.4,53.5,65.1,64.4,45
GreatBasin,10/16/1989,40.2,49.1,58.8,61.4,41.7
GreatBasin,10/17/1989,40.6,49.4,60.4,61.4,40.7
GreatBasin,10/18/1989,41.2,50.8,64.9,64.2,42.1
GreatBasin,10/19/1989,44.5,54.1,67.4,66.6,44.5
GreatBasin,10/20/1989,47.7,56,67.4,66,46.7
GreatBasin,10/21/1989,47.9,54.4,63.1,63.9,46.7
GreatBasin,10/22/1989,44.5,51.5,61.1,62.7,46.2
GreatBasin,10/23/1989,46.1,53.4,64,62.4,45.5
GreatBasin,10/24/1989,45.9,53.4,62.1,61.3,44.9
GreatBasin,10/25/1989,42.7,49.5,57.9,56.3,40.9
GreatBasin,10/26/1989,34.2,41.1,48.8,52.5,37.5
GreatBasin,10/27/1989,35.5,41.8,50.9,49,34
GreatBasin,10/28/1989,32.2,38.7,47.4,46.8,31.4
GreatBasin,10/29/1989,26.6,33.9,42.1,45.3,29
GreatBasin,10/30/1989,28.2,34.9,46.3,45,28.8
GreatBasin,10/31/1989,31.6,37.9,46.5,45.8,29.2
GreatBasin,11/1/1989,27.7,35.5,44.6,46.1,29.6
GreatBasin,11/2/1989,29.4,36.4,47.2,47.8,30.5
GreatBasin,11/3/1989,34.3,40.5,51.5,51.3,34.6
GreatBasin,11/4/1989,40,45.5,55.1,53,37.2
GreatBasin,11/5/1989,37.4,44.2,52.3,52.3,37.4
GreatBasin,11/6/1989,34.7,41.7,49.5,50.3,36
GreatBasin,11/7/1989,36,41.6,49.1,49.7,34.7
GreatBasin,11/8/1989,33.3,40.2,50.4,52.1,36.3
GreatBasin,11/9/1989,39.6,45.3,56.7,55.7,38.7
GreatBasin,11/10/1989,43.2,49.7,60.1,59.2,42
GreatBasin,11/11/1989,43.3,50.6,60.8,60.3,43.5
GreatBasin,11/12/1989,44,50.9,60.1,58.6,42.6
GreatBasin,11/13/1989,40.5,47.4,54.8,54.7,40.1
GreatBasin,11/14/1989,35.8,42.1,49.2,49.8,35.2
GreatBasin,11/15/1989,29.4,36.3,45.3,47.9,32.7
GreatBasin,11/16/1989,32.8,38.8,49.3,47.8,32.7
GreatBasin,11/17/1989,36,41.4,48.8,49.6,34.6
GreatBasin,11/18/1989,35,41,50.8,51.8,36.5
GreatBasin,11/19/1989,38.5,44.4,55.9,54.4,38
GreatBasin,11/20/1989,40.5,47,56.5,55.5,39.9
GreatBasin,11/21/1989,40.6,46.7,54,53.9,39
GreatBasin,11/22/1989,35.8,42.6,51.3,52.4,37.5
GreatBasin,11/23/1989,36,42.2,51.8,50.1,36.4
GreatBasin,11/24/1989,37.5,42.4,47.3,48.2,35.7
GreatBasin,11/25/1989,33.5,38.7,45.5,44.6,35.6
GreatBasin,11/26/1989,35.7,38,40.9,40.6,31
GreatBasin,11/27/1989,23.7,29.2,35.5,37.1,26.4
GreatBasin,11/28/1989,19.8,25.7,35,36.4,22.2
GreatBasin,11/29/1989,23,28.3,38.8,37.7,22.6
GreatBasin,11/30/1989,25,30.6,39.3,39.7,24.7
GreatBasin,12/1/1989,26.2,31.8,40.9,41,26.2
GreatBasin,12/2/1989,27.5,32.9,42.7,42.9,28.5
GreatBasin,12/3/1989,31.9,36.5,45.1,45.4,31.3
GreatBasin,12/4/1989,34.4,39,48.3,47.8,35
GreatBasin,12/5/1989,38.8,42.7,49.9,47.8,36.3
GreatBasin,12/6/1989,35.7,40.3,45.2,45.8,34.7
GreatBasin,12/7/1989,29.5,34.9,42.4,44.5,32.7
GreatBasin,12/8/1989,32.9,36.9,46,44.1,32.2
GreatBasin,12/9/1989,34.2,38.7,44,42.7,30.8
GreatBasin,12/10/1989,25.2,31.1,38,36.8,25.1
GreatBasin,12/11/1989,15.9,22,28.4,33.2,19.9
GreatBasin,12/12/1989,18.7,23.3,33.3,32.7,19.1
GreatBasin,12/13/1989,22.8,27.6,36.4,36.4,22.5
GreatBasin,12/14/1989,25.9,30.5,39.4,38.9,25.7
GreatBasin,12/15/1989,28.4,32.9,40.8,38.8,26.4
GreatBasin,12/16/1989,24.9,30.6,36.1,37.4,25.2
GreatBasin,12/17/1989,22.3,27.2,35.3,34.4,22.3
GreatBasin,12/18/1989,19.8,25.4,31.8,34,20.7
GreatBasin,12/19/1989,20,25,34.9,34.3,21.2
GreatBasin,12/20/1989,23.8,28.7,36.3,35.8,22.1
GreatBasin,12/21/1989,22.5,28.2,36.1,37.5,23.4
GreatBasin,12/22/1989,23.9,29.2,40,40.1,25.8
GreatBasin,12/23/1989,30.9,35,44.3,42.7,28.4
GreatBasin,12/24/1989,30.5,36.1,43.8,43.7,30.1
GreatBasin,12/25/1989,28.9,34.7,43,43.3,29.7
GreatBasin,12/26/1989,29.6,35.1,43.1,42.9,29.3
GreatBasin,12/27/1989,29.4,34.9,42.6,41.4,29
GreatBasin,12/28/1989,28,33.2,38.6,38.6,26.9
GreatBasin,12/29/1989,23.4,28.6,34.7,36.9,25
GreatBasin,12/30/1989,23.7,28.6,37.3,37,24.1
GreatBasin,12/31/1989,25.1,30,38.9,38.8,25.6
GreatBasin,1/1/1990,27.9,32.4,40.1,38.2,26.3
GreatBasin,1/2/1990,25.8,30.1,35.5,34.4,22.9
GreatBasin,1/3/1990,15.1,21.5,27.6,31.6,19.5
GreatBasin,1/4/1990,17.5,21.8,31.6,31.7,18.8
GreatBasin,1/5/1990,23.9,27.8,35.8,34.7,21.9
GreatBasin,1/6/1990,24.4,28.6,36.8,37.2,25.4
GreatBasin,1/7/1990,27.9,31.8,39.1,39.9,29.1
GreatBasin,1/8/1990,35,37.6,43.8,43.9,32.6
GreatBasin,1/9/1990,35,39.5,48.7,47.3,36.2
GreatBasin,1/10/1990,38.5,42.5,49.3,48.4,36.3
GreatBasin,1/11/1990,35.3,40.8,47.2,47.8,35.7
GreatBasin,1/12/1990,33.4,38.7,46.9,46.6,34.5
GreatBasin,1/13/1990,34.8,39.4,45.7,44.9,33.8
GreatBasin,1/14/1990,33.2,36.8,42,41.8,32.3
GreatBasin,1/15/1990,28.9,33.1,37.7,38.6,29.6
GreatBasin,1/16/1990,26.8,30.8,36.1,35.4,26.3
GreatBasin,1/17/1990,23.3,27.1,32.4,33.4,23.9
GreatBasin,1/18/1990,21.5,25.1,31.6,31.8,21.5
GreatBasin,1/19/1990,19.7,24.2,31.3,31.6,20.2
GreatBasin,1/20/1990,19.5,24.6,31.8,32.5,20.2
GreatBasin,1/21/1990,21.3,25.7,34.4,34.9,22.2
GreatBasin,1/22/1990,25.7,29.7,38.5,37.1,24.9
GreatBasin,1/23/1990,27.8,31.8,38.5,37.4,25.3
GreatBasin,1/24/1990,22.3,28,35.1,37.1,24.6
GreatBasin,1/25/1990,23.7,27.9,37.6,36.8,25.4
GreatBasin,1/26/1990,30.1,32.8,37.8,36,24.2
GreatBasin,1/27/1990,18.7,24.9,32.6,35.3,23.8
GreatBasin,1/28/1990,22.6,26.8,35.4,34.5,22.7
GreatBasin,1/29/1990,26.9,30.5,35.4,36.1,25.2
GreatBasin,1/30/1990,26.1,29.7,37.6,35.9,25.5
GreatBasin,1/31/1990,23.6,28.9,34.7,34.9,24.2
GreatBasin,2/1/1990,22.9,26.2,32.4,33,22.6
GreatBasin,2/2/1990,21.2,25.6,32,33.4,21.6
GreatBasin,2/3/1990,20.7,26,35.7,34.6,22.7
GreatBasin,2/4/1990,26.3,29.9,36.2,35.6,22.6
GreatBasin,2/5/1990,20.8,26.5,34.9,36,23.8
GreatBasin,2/6/1990,24.2,28.7,36.9,35.4,22.8
GreatBasin,2/7/1990,23.3,28.3,34.4,34.5,21.8
GreatBasin,2/8/1990,18,23.7,32.1,34.7,21.8
GreatBasin,2/9/1990,24.1,28.4,37.7,37.5,24.5
GreatBasin,2/10/1990,31.3,34.6,42.8,42.2,29
GreatBasin,2/11/1990,31.6,37.7,46.1,44.2,32
GreatBasin,2/12/1990,33.2,37.3,43.6,42,28.2
GreatBasin,2/13/1990,19.9,26.1,36.4,35.3,20.9
GreatBasin,2/14/1990,9.5,16,26,28.3,11.9
GreatBasin,2/15/1990,6.2,12.3,22.4,25.7,9.5
GreatBasin,2/16/1990,12.9,17.9,28.6,27.1,12.6
GreatBasin,2/17/1990,18.6,23.3,30.2,30.2,16.8
GreatBasin,2/18/1990,18.9,24,31.7,31.1,17.9
GreatBasin,2/19/1990,16.3,22.7,31.4,32.9,17.9
GreatBasin,2/20/1990,18.5,24.6,35.5,35.5,20.2
GreatBasin,2/21/1990,25.7,30.3,39.6,39,24.2
GreatBasin,2/22/1990,28.3,33.3,41.8,42.1,27.7
GreatBasin,2/23/1990,29.1,34.9,44.8,44.5,29.7
GreatBasin,2/24/1990,31.6,37.4,47,46.8,31.4
GreatBasin,2/25/1990,33.6,39.8,48.5,47.9,33.3
GreatBasin,2/26/1990,34.6,40.6,48.3,47.9,33.7
GreatBasin,2/27/1990,32.8,39.4,46.9,47.8,33
GreatBasin,2/28/1990,31.6,38.5,48.1,48.1,32.5
GreatBasin,3/1/1990,33.2,40,49.4,49,33.3
GreatBasin,3/2/1990,35.1,41.1,49.4,49.4,35.5
GreatBasin,3/3/1990,38.3,42.7,49.4,49.8,36.1
GreatBasin,3/4/1990,35,41.9,50.5,49.5,35.2
GreatBasin,3/5/1990,32.4,38.3,48.6,47.3,32.3
GreatBasin,3/6/1990,29.6,35.2,42.9,46.2,30.8
GreatBasin,3/7/1990,30.4,37.1,47.1,46.3,31.5
GreatBasin,3/8/1990,34.4,40.1,48.8,49,33.1
GreatBasin,3/9/1990,34.5,41.4,51.2,50.3,35.2
GreatBasin,3/10/1990,36.6,43.1,50.9,50.5,34.4
GreatBasin,3/11/1990,32.2,37.7,49.3,45.3,30.7
GreatBasin,3/12/1990,23.2,28.9,35.8,40,25.5
GreatBasin,3/13/1990,21.2,27.1,34.8,36.9,22.7
GreatBasin,3/14/1990,23.7,29.6,40.2,39.2,24.6
GreatBasin,3/15/1990,29,34.6,42.7,43.3,26.8
GreatBasin,3/16/1990,27.8,35.5,46.9,47.1,30.5
GreatBasin,3/17/1990,34.7,41.1,51.7,51.2,33
GreatBasin,3/18/1990,36.6,44.3,55,55.4,36.6
GreatBasin,3/19/1990,38.6,47,59.5,58.4,39.3
GreatBasin,3/20/1990,42.6,50.7,60.6,60,40.9
GreatBasin,3/21/1990,41.6,50.2,60,59.8,41.5
GreatBasin,3/22/1990,40.4,49.4,58.9,58.8,40.7
GreatBasin,3/23/1990,40,47.8,57.6,56.7,37.9
GreatBasin,3/24/1990,33.4,42.9,53.5,55.8,36.4
GreatBasin,3/25/1990,35.8,44.8,56.4,56.4,35.6
GreatBasin,3/26/1990,37.5,46.7,59.3,58,37.8
GreatBasin,3/27/1990,40,48.3,58.2,57.4,37.7
GreatBasin,3/28/1990,35.5,43.3,54.6,54.3,36.5
GreatBasin,3/29/1990,33.9,41,50,53,34.7
GreatBasin,3/30/1990,34.7,43.1,54.3,54.1,35.5
GreatBasin,3/31/1990,37.8,46.5,57.9,57.8,37.6
GreatBasin,4/1/1990,40.3,49.8,61.3,61.2,40.1
GreatBasin,4/2/1990,42.3,52.2,64.3,63.5,42.1
GreatBasin,4/3/1990,43.8,53.8,64.8,64.3,43.4
GreatBasin,4/4/1990,44.2,54,63.8,63.1,43
GreatBasin,4/5/1990,41.1,50.7,60.8,62,41.8
GreatBasin,4/6/1990,40.2,50.3,61.5,61.1,41.4
GreatBasin,4/7/1990,42.9,52,60.9,60.6,41.7
GreatBasin,4/8/1990,41.9,50.2,59.4,59.4,41.4
GreatBasin,4/9/1990,39.4,47.9,57.9,59.7,40.2
GreatBasin,4/10/1990,39.3,49.4,61.8,61.7,40.8
GreatBasin,4/11/1990,43.6,53.5,65.3,63.8,42.4
GreatBasin,4/12/1990,44.4,54.5,64.4,65.5,44.4
GreatBasin,4/13/1990,45.1,55.2,66.8,67.6,46.2
GreatBasin,4/14/1990,49,59,71.7,70.6,47.9
GreatBasin,4/15/1990,49.5,61,73.2,72.2,48.9
GreatBasin,4/16/1990,48.3,59.1,71.8,70.1,47
GreatBasin,4/17/1990,43.3,53.3,65.4,66,44.8
GreatBasin,4/18/1990,42.9,51.8,60.7,63.8,43.2
GreatBasin,4/19/1990,43.5,53.4,65.2,64.3,44.5
GreatBasin,4/20/1990,47,56.9,66.9,66.2,45.8
GreatBasin,4/21/1990,47,56.8,66.6,66.1,47.1
GreatBasin,4/22/1990,47.2,56.3,64.8,64.2,46.5
GreatBasin,4/23/1990,45.2,53.1,61.3,61.1,44.4
GreatBasin,4/24/1990,40.8,48.2,57.3,59.1,41.4
GreatBasin,4/25/1990,38.2,47.6,58.8,58.3,40
GreatBasin,4/26/1990,41.1,49.9,58.9,59.5,40.6
GreatBasin,4/27/1990,42.5,50.8,60.9,60,43.9
GreatBasin,4/28/1990,48,53.5,60.3,58.5,41.6
GreatBasin,4/29/1990,34.4,43.5,54.4,55.7,38.4
GreatBasin,4/30/1990,32.8,42,52.4,54.6,34.1
GreatBasin,5/1/1990,35.1,44.6,57.1,57,36
GreatBasin,5/2/1990,40.1,49.8,61.4,61.3,39.6
GreatBasin,5/3/1990,43.6,53.7,65.4,65.4,43.4
GreatBasin,5/4/1990,46.5,57.2,69.5,69.5,46.3
GreatBasin,5/5/1990,48.7,60.7,73.5,72.7,49.3
GreatBasin,5/6/1990,52.8,64,75,73.9,49.6
GreatBasin,5/7/1990,47.2,57.8,73.1,70.3,47.4
GreatBasin,5/8/1990,42.1,51.9,62.7,66.5,42.7
GreatBasin,5/9/1990,38.7,50,63.6,64.6,41.6
GreatBasin,5/10/1990,44,55.6,67.5,65.6,42.4
GreatBasin,5/11/1990,44.5,54.7,65.7,66.1,44
GreatBasin,5/12/1990,43.6,53.8,65,64.9,44.3
GreatBasin,5/13/1990,44.7,54.2,64,64.9,44.5
GreatBasin,5/14/1990,45.1,55.7,65.8,64.4,43.7
GreatBasin,5/15/1990,41.4,52.2,63.5,64.5,42.6
GreatBasin,5/16/1990,41.4,52.3,64.2,66.5,43
GreatBasin,5/17/1990,46.1,57.9,71.9,68.9,44.8
GreatBasin,5/18/1990,46.8,58.3,70.6,69.4,46
GreatBasin,5/19/1990,45.2,55.9,65.7,66.8,45.2
GreatBasin,5/20/1990,43.5,53.9,64.1,67.2,45.2
GreatBasin,5/21/1990,46.8,58,71.7,69.9,47.5
GreatBasin,5/22/1990,52.3,62.8,74,73.2,50.6
GreatBasin,5/23/1990,52.6,63.6,73.8,73.5,51.1
GreatBasin,5/24/1990,48.4,57.6,72.7,70.5,47.7
GreatBasin,5/25/1990,42,52.8,65.1,68.7,45.8
GreatBasin,5/26/1990,47,57.1,68.3,68.3,45.7
GreatBasin,5/27/1990,48.2,59.6,71.4,70,48.8
GreatBasin,5/28/1990,51.3,60,70.2,68.2,48.9
GreatBasin,5/29/1990,47.1,54.8,63.1,65.8,48.4
GreatBasin,5/30/1990,46.7,55.3,64.2,63.6,46.9
GreatBasin,5/31/1990,47,55.4,63.5,62.9,45.1
GreatBasin,6/1/1990,41.6,50.7,61,64.5,44.1
GreatBasin,6/2/1990,43.6,54.2,69,69.7,45.6
GreatBasin,6/3/1990,51.5,63.6,79.2,75.9,51
GreatBasin,6/4/1990,57.9,69.1,79.4,78.9,54.9
GreatBasin,6/5/1990,55.3,67.3,78.2,78.3,56.2
GreatBasin,6/6/1990,55.5,66.9,77.3,77.1,55.6
GreatBasin,6/7/1990,55.9,66.2,75.9,77.8,55.8
GreatBasin,6/8/1990,56,67.8,80.3,79.6,57.2
GreatBasin,6/9/1990,59.8,71.4,82.6,80.8,58.5
GreatBasin,6/10/1990,59.6,68.6,79.5,78.2,57.1
GreatBasin,6/11/1990,51.8,61.4,72.6,73.8,54.1
GreatBasin,6/12/1990,50.9,60.5,69.2,70.4,50.1
GreatBasin,6/13/1990,47.5,58.8,69.5,69.2,49.2
GreatBasin,6/14/1990,49.1,59.5,68.8,69.1,48.5
GreatBasin,6/15/1990,49,59.4,69.1,69.3,49
GreatBasin,6/16/1990,48.8,59.3,70,72.3,50
GreatBasin,6/17/1990,52.1,64,77.9,75.8,52.3
GreatBasin,6/18/1990,56,68,79.5,78.7,54.4
GreatBasin,6/19/1990,55,67.4,78.6,80,56
GreatBasin,6/20/1990,56.9,69.4,82,81.7,57.2
GreatBasin,6/21/1990,59.7,72.2,84.6,85.3,59.5
GreatBasin,6/22/1990,61.8,75,89.4,88,62
GreatBasin,6/23/1990,64.5,77.6,90,90.1,64.1
GreatBasin,6/24/1990,66,78.7,90.8,90.5,65.9
GreatBasin,6/25/1990,67.3,79.3,90.8,91.3,66.6
GreatBasin,6/26/1990,66.6,80,92.4,91.5,66.7
GreatBasin,6/27/1990,66.2,78.6,91.2,90.8,65.3
GreatBasin,6/28/1990,63,76.2,88.9,90.8,64.6
GreatBasin,6/29/1990,64.5,78.1,92.2,91.4,65.4
GreatBasin,6/30/1990,68.7,81.3,93.2,92.4,67.5
GreatBasin,7/1/1990,69.3,81,91.9,91.9,69.3
GreatBasin,7/2/1990,70,79.1,90.7,88,66
GreatBasin,7/3/1990,58.6,70.6,81.3,85.6,62.8
GreatBasin,7/4/1990,59.7,72.1,84.7,84.7,60.3
GreatBasin,7/5/1990,62.7,75.3,88.1,86.6,61.9
GreatBasin,7/6/1990,63.3,75.3,87.1,86.7,62.6
GreatBasin,7/7/1990,61.9,73,84.9,84.1,61.9
GreatBasin,7/8/1990,60.5,71.1,80.4,82.4,61.5
GreatBasin,7/9/1990,62,71.9,81.9,82.7,61.5
GreatBasin,7/10/1990,62.1,73.5,85.7,85.8,63.1
GreatBasin,7/11/1990,65.2,77.3,89.8,88.9,65.1
GreatBasin,7/12/1990,68,79.8,91.3,90.5,67.8
GreatBasin,7/13/1990,70.3,80.7,90.3,89.5,68.7
GreatBasin,7/14/1990,67.7,77.3,86.8,87.5,67.5
GreatBasin,7/15/1990,64.6,75.3,85.4,85.8,65.5
GreatBasin,7/16/1990,64.3,75,85.3,85.7,64.6
GreatBasin,7/17/1990,64.9,75.9,86.5,85.9,65.3
GreatBasin,7/18/1990,66.7,76.6,86,86.4,65.5
GreatBasin,7/19/1990,65,76.1,86.7,86.1,65.6
GreatBasin,7/20/1990,65.1,75,85.5,85.4,64.3
GreatBasin,7/21/1990,62.8,73.6,84.1,85.5,63.4
GreatBasin,7/22/1990,62.3,74.4,86.9,86,63.2
GreatBasin,7/23/1990,64.6,76.3,87,86.6,63.3
GreatBasin,7/24/1990,63.1,74.4,86,85.2,62.1
GreatBasin,7/25/1990,58.7,70.5,82.5,82.9,59.7
GreatBasin,7/26/1990,57.3,68.7,80.1,82,58.5
GreatBasin,7/27/1990,59.5,70.6,83.4,83.3,59.6
GreatBasin,7/28/1990,62,73.9,86.3,86,61.6
GreatBasin,7/29/1990,63.4,75.6,88.3,88.2,63.3
GreatBasin,7/30/1990,64.5,77.1,90,89.1,64.4
GreatBasin,7/31/1990,65.3,77.5,89.1,89,64.4
GreatBasin,8/1/1990,63.5,75.5,87.8,87.2,63.5
GreatBasin,8/2/1990,61.8,73.5,84.6,86.1,62.3
GreatBasin,8/3/1990,61.6,73.5,85.8,86.3,62.4
GreatBasin,8/4/1990,63.8,75.8,88.4,88.1,63.4
GreatBasin,8/5/1990,64.9,77.4,90.1,90.1,65
GreatBasin,8/6/1990,66.3,79,91.9,91.3,66.1
GreatBasin,8/7/1990,67.2,79.8,92,92.2,67.2
GreatBasin,8/8/1990,68,80.3,92.6,92.2,68
GreatBasin,8/9/1990,68.9,81,92,91.6,68.5
GreatBasin,8/10/1990,68.5,79.4,90.1,89.7,67.8
GreatBasin,8/11/1990,66.1,76.8,86.9,87.4,66.3
GreatBasin,8/12/1990,64.4,74.9,85.2,86,64.6
GreatBasin,8/13/1990,63.3,74.5,85.8,85.7,63.7
GreatBasin,8/14/1990,63.5,74.8,86,85.4,63.2
GreatBasin,8/15/1990,62.8,73.4,84.5,83.4,62.3
GreatBasin,8/16/1990,60.5,69.6,79.8,81.3,60.6
GreatBasin,8/17/1990,58.6,68.7,79.6,79.6,59.1
GreatBasin,8/18/1990,58.1,68.9,79.4,79.1,57.6
GreatBasin,8/19/1990,56.1,66.6,78.2,78.1,56.5
GreatBasin,8/20/1990,55.4,65.6,76.6,77.6,55.8
GreatBasin,8/21/1990,55.9,66.8,78,77.3,56
GreatBasin,8/22/1990,56.8,67.1,77.2,78.3,56.4
GreatBasin,8/23/1990,56.6,67.7,79.6,78.4,56.9
GreatBasin,8/24/1990,57.4,68,78.4,78.3,56.4
GreatBasin,8/25/1990,55.1,66.2,76.9,77.9,55.7
GreatBasin,8/26/1990,54.7,66,78.5,79.2,55.5
GreatBasin,8/27/1990,56.7,68.4,82.3,81.9,56.9
GreatBasin,8/28/1990,59.2,71.3,84.8,85.1,59.6
GreatBasin,8/29/1990,62.8,74.6,88.2,86.6,62.3
GreatBasin,8/30/1990,64.8,74.3,86.8,85.8,61.9
GreatBasin,8/31/1990,58.1,69.9,82.4,84.6,61
GreatBasin,9/1/1990,60.1,71.7,84.6,83.4,60.3
GreatBasin,9/2/1990,62.7,73,83.2,83.6,61.4
GreatBasin,9/3/1990,61.5,72,83.1,82.6,62.1
GreatBasin,9/4/1990,62,71.5,81.6,81.9,61.8
GreatBasin,9/5/1990,61.9,71,81.1,81.6,61.8
GreatBasin,9/6/1990,61.6,71.6,82.1,82.6,61.8
GreatBasin,9/7/1990,62,72.8,84.7,84.2,62.1
GreatBasin,9/8/1990,62.7,73.8,85.9,86,62.7
GreatBasin,9/9/1990,63.3,74.6,87.3,87.1,63.1
GreatBasin,9/10/1990,63.2,75.1,88,88.2,63.3
GreatBasin,9/11/1990,63.5,75.6,89.3,88.7,63.8
GreatBasin,9/12/1990,64.6,76.5,88.9,88.3,63.5
GreatBasin,9/13/1990,62.4,73.9,86.8,87.4,62.8
GreatBasin,9/14/1990,61.5,73.2,86.6,86,61.8
GreatBasin,9/15/1990,61.6,72.7,84.7,84.2,60.3
GreatBasin,9/16/1990,57.9,68.5,81.2,80.4,57.5
GreatBasin,9/17/1990,53.1,64.1,75.2,76.5,54.5
GreatBasin,9/18/1990,52.5,62.7,73.2,73,52.3
GreatBasin,9/19/1990,51.3,60.9,70.6,71.4,51.5
GreatBasin,9/20/1990,50.7,59.9,70.4,71.2,50.9
GreatBasin,9/21/1990,50.6,60.4,72.7,73.1,51.3
GreatBasin,9/22/1990,52.5,63,76.2,74.6,52.6
GreatBasin,9/23/1990,54.6,64.4,75,75.7,54
GreatBasin,9/24/1990,54.8,64.2,76,75.9,54.6
GreatBasin,9/25/1990,54.5,64.8,76.6,75.7,54.4
GreatBasin,9/26/1990,54,64,74.5,74.8,53.7
GreatBasin,9/27/1990,52.6,62.4,73.4,73.2,52.8
GreatBasin,9/28/1990,51.7,61.5,71.6,72.9,51.6
GreatBasin,9/29/1990,50.6,61,73.8,73.5,51.6
GreatBasin,9/30/1990,52.5,62.6,75,74.5,52.5
GreatBasin,10/1/1990,54.5,63.8,74.8,73.7,52.3
GreatBasin,10/2/1990,50,58.8,71.3,70,49.3
GreatBasin,10/3/1990,43.4,52.4,64,70.4,47.8
GreatBasin,10/4/1990,50,59.6,75.9,71.2,49.5
GreatBasin,10/5/1990,55,63.6,73.8,72.7,50.4
GreatBasin,10/6/1990,46.2,55.1,68.3,66.3,46.8
GreatBasin,10/7/1990,39.1,47.3,56.7,59.7,40
GreatBasin,10/8/1990,34.8,43.9,54.1,57.3,37.1
GreatBasin,10/9/1990,37.4,46.4,61.2,60.1,38.4
GreatBasin,10/10/1990,43.1,52.2,65,62.7,40.2
GreatBasin,10/11/1990,40,50.3,62,63.8,41.3
GreatBasin,10/12/1990,40.7,49.8,64.4,62.8,41.8
GreatBasin,10/13/1990,44.8,53.1,61.9,63.2,42.3
GreatBasin,10/14/1990,41.5,50.6,63.3,63.9,44.5
GreatBasin,10/15/1990,47.2,55.1,66.5,64.4,45.5
GreatBasin,10/16/1990,47.9,54.6,63.5,62.4,43.7
GreatBasin,10/17/1990,35.9,45.9,57.3,61.1,42.5
GreatBasin,10/18/1990,43.6,50.5,62.5,59.6,40.6
GreatBasin,10/19/1990,42.2,49,58.9,56.9,39
GreatBasin,10/20/1990,31.1,39.5,49.3,54.2,35.4
GreatBasin,10/21/1990,33,40.6,54.3,53.4,34.9
GreatBasin,10/22/1990,40.7,47.3,56.7,57,37.8
GreatBasin,10/23/1990,39.7,48,60,60.8,41.2
GreatBasin,10/24/1990,43.2,51.7,65.7,65.1,43.1
GreatBasin,10/25/1990,46.5,55.8,69.5,67.5,46
GreatBasin,10/26/1990,48.4,57.3,67.4,68.6,47
GreatBasin,10/27/1990,46.2,55.8,69,68.5,47.7
GreatBasin,10/28/1990,48.5,57.4,69,67.9,47.4
GreatBasin,10/29/1990,47.6,55.8,65.8,67,47.5
GreatBasin,10/30/1990,46.5,54.8,66.2,64.5,47.3
GreatBasin,10/31/1990,47.8,54,61.4,61.4,44.2
GreatBasin,11/1/1990,38.4,45.6,56.5,53.9,38.6
GreatBasin,11/2/1990,29.5,35.8,43.7,48.1,31.8
GreatBasin,11/3/1990,27.4,33.9,44,45.6,29.8
GreatBasin,11/4/1990,32.6,38.2,49,46.1,31.9
GreatBasin,11/5/1990,35.7,40.8,45.4,45.1,31.9
GreatBasin,11/6/1990,27.3,33.1,40.9,42.1,28.8
GreatBasin,11/7/1990,23.5,29.9,40.1,43.1,27.7
GreatBasin,11/8/1990,32.3,37.1,48.2,47.5,31.1
GreatBasin,11/9/1990,37.6,43.2,54.2,53.7,36.5
GreatBasin,11/10/1990,39.6,46.6,58.6,57.6,39.4
GreatBasin,11/11/1990,41.1,48.6,59.9,59.7,40.8
GreatBasin,11/12/1990,41.7,49.4,60.5,60.4,41.5
GreatBasin,11/13/1990,41.8,49.4,60.8,59.5,42.3
GreatBasin,11/14/1990,43.4,49.9,57.1,56.4,41.1
GreatBasin,11/15/1990,38.1,44.9,51.4,54,39.2
GreatBasin,11/16/1990,36.2,42.8,53.6,53.3,38.5
GreatBasin,11/17/1990,41.2,46.1,54.8,54.3,38.9
GreatBasin,11/18/1990,39.2,45.4,54.4,53.8,39.3
GreatBasin,11/19/1990,37.6,43.9,52.2,51.2,37.3
GreatBasin,11/20/1990,35.2,39.8,47.1,46.3,33
GreatBasin,11/21/1990,26.3,31.6,39.5,43.8,30.6
GreatBasin,11/22/1990,30.3,34.9,44.9,45,30
GreatBasin,11/23/1990,33.5,39.1,50.7,49.6,33.8
GreatBasin,11/24/1990,37.6,43.1,53.1,51.6,36
GreatBasin,11/25/1990,37,42.8,50.9,49.8,34.4
GreatBasin,11/26/1990,28.6,34.9,45.3,42.9,28
GreatBasin,11/27/1990,18.5,24.2,32.4,37.5,22.9
GreatBasin,11/28/1990,21.7,26.6,34.8,36.2,21.7
GreatBasin,11/29/1990,24.8,29.8,41.5,38.9,25.7
GreatBasin,11/30/1990,30.5,34.5,40.3,40.3,26.7
GreatBasin,12/1/1990,24.7,30.7,39.2,38.3,26.5
GreatBasin,12/2/1990,24.4,30,35.4,37.5,23.9
GreatBasin,12/3/1990,22.6,28.1,37.8,38.6,25
GreatBasin,12/4/1990,27.9,32.4,42.5,40.5,27.1
GreatBasin,12/5/1990,30.9,35.7,41.1,40.6,27.7
GreatBasin,12/6/1990,24.4,30.4,38.2,40.4,27.2
GreatBasin,12/7/1990,26.4,31.6,41.8,41.6,26.8
GreatBasin,12/8/1990,29.7,35,44.9,45,29.9
GreatBasin,12/9/1990,33.7,38.7,48.3,47.1,33
GreatBasin,12/10/1990,35.5,40.4,48.2,46.7,34.8
GreatBasin,12/11/1990,35.2,39.4,43.5,43.8,33.6
GreatBasin,12/12/1990,30.2,34.8,39.7,40.6,31.2
GreatBasin,12/13/1990,28.3,32,38.6,37.6,26.7
GreatBasin,12/14/1990,21.6,27.6,34.5,35.5,22.5
GreatBasin,12/15/1990,17.7,23.3,33.5,33.5,20.2
GreatBasin,12/16/1990,21.2,25.9,32.6,32.8,19.7
GreatBasin,12/17/1990,20.2,24.5,32.2,32.4,22.1
GreatBasin,12/18/1990,24.9,28,32.5,30.8,20.5
GreatBasin,12/19/1990,16.3,21.2,27.7,26.3,15.3
GreatBasin,12/20/1990,4.7,10.4,18.7,17.2,5.1
GreatBasin,12/21/1990,-5.7,-0.1,5.3,9.9,-3.4
GreatBasin,12/22/1990,-9.1,-3.2,5.7,6.9,-6.9
GreatBasin,12/23/1990,-6,-1.3,9.6,10.8,-4.8
GreatBasin,12/24/1990,0.7,5.1,17,15.5,0
GreatBasin,12/25/1990,5.2,10.8,19.9,20.2,5.2
GreatBasin,12/26/1990,9.7,14.6,23.8,24.2,9.7
GreatBasin,12/27/1990,14.2,18.3,28.8,25.6,12.9
GreatBasin,12/28/1990,14.7,19.5,24.2,23.9,11.1
GreatBasin,12/29/1990,4.4,10.6,18.7,20.6,6.2
GreatBasin,12/30/1990,-0.6,5.1,19,22.7,5.3
GreatBasin,12/31/1990,12,17.5,30.5,27.7,10.3
GreatBasin,1/1/1991,19.5,24.4,33.5,32.6,16.9
GreatBasin,1/2/1991,19.1,25.1,33.7,32.9,19.4
GreatBasin,1/3/1991,19.6,24.4,31.5,31.9,20
GreatBasin,1/4/1991,21.3,24.3,30.6,30.9,20.5
GreatBasin,1/5/1991,20.7,24.5,30.5,30.8,20.4
GreatBasin,1/6/1991,19.1,23.4,31.2,31.8,21.1
GreatBasin,1/7/1991,23.4,26.4,33.6,32.5,21.9
GreatBasin,1/8/1991,23.1,27.5,32.7,32.9,22.4
GreatBasin,1/9/1991,20.7,25.2,32.5,32.9,22.1
GreatBasin,1/10/1991,22.5,26.1,33.6,34.6,23.2
GreatBasin,1/11/1991,26.5,29.7,37.6,37.3,26.3
GreatBasin,1/12/1991,30,33.3,40.7,40.3,30.3
GreatBasin,1/13/1991,34.4,37.3,42.5,41.2,31.9
GreatBasin,1/14/1991,31.3,35.7,40.5,41.1,32.5
GreatBasin,1/15/1991,31.9,34.9,40.2,39.3,29.2
GreatBasin,1/16/1991,24.3,30.4,37.1,38.7,27.5
GreatBasin,1/17/1991,26.4,30.3,38.8,38.4,25.9
GreatBasin,1/18/1991,27.1,31.5,39.2,37.8,26.2
GreatBasin,1/19/1991,25.1,30.5,35.5,35,23.4
GreatBasin,1/20/1991,18,23.9,30.4,31.9,19.8
GreatBasin,1/21/1991,16.2,21.5,29.7,30.6,17.4
GreatBasin,1/22/1991,18.1,23.1,31.7,31.8,18.1
GreatBasin,1/23/1991,19.9,24.9,33.9,33.4,19.9
GreatBasin,1/24/1991,21.6,26.1,34.5,33.5,19.6
GreatBasin,1/25/1991,17.4,23.8,32.1,33.5,19.3
GreatBasin,1/26/1991,18.8,24.3,33.9,33.9,19.1
GreatBasin,1/27/1991,21.1,26.9,35.8,34.4,20.4
GreatBasin,1/28/1991,21.3,27.1,33.5,32.9,17.8
GreatBasin,1/29/1991,10.9,19,29.4,32.4,16.1
GreatBasin,1/30/1991,16,21.4,34.3,34.6,17.1
GreatBasin,1/31/1991,24.4,29.2,40.1,39.3,22.7
GreatBasin,2/1/1991,27.8,33.6,43.6,42.5,27.5
GreatBasin,2/2/1991,30.2,35.7,43.8,44.1,30.1
GreatBasin,2/3/1991,32.3,37.1,45,45,31.3
GreatBasin,2/4/1991,31.5,37.2,46.2,45.8,32.6
GreatBasin,2/5/1991,34,38.6,46.2,46,32.5
GreatBasin,2/6/1991,32.1,38.2,45.7,46.7,32.9
GreatBasin,2/7/1991,32.5,38.3,48.1,47.2,32.7
GreatBasin,2/8/1991,33.5,39.3,47.7,47.9,33
GreatBasin,2/9/1991,32.9,39.2,47.8,48.2,33.5
GreatBasin,2/10/1991,34,39.9,49,49,33.5
GreatBasin,2/11/1991,33.7,40.2,50.2,49.6,34.6
GreatBasin,2/12/1991,36.1,41.7,49.7,49.5,35.3
GreatBasin,2/13/1991,36.2,41.2,48.5,49.4,36.4
GreatBasin,2/14/1991,37,42.2,50.1,50.7,36.9
GreatBasin,2/15/1991,37.4,43.4,53.4,51.6,38.2
GreatBasin,2/16/1991,40.1,44.5,51.3,50.3,36.5
GreatBasin,2/17/1991,31.9,37.8,46.1,45.7,32.9
GreatBasin,2/18/1991,26.7,32.6,39.6,43.5,29
GreatBasin,2/19/1991,28.4,33.7,44.8,45.1,29.6
GreatBasin,2/20/1991,33.8,40.2,51,49.5,32.6
GreatBasin,2/21/1991,35.5,42.5,52.6,52.1,35.3
GreatBasin,2/22/1991,36.7,43.1,52.7,52,35.6
GreatBasin,2/23/1991,34.6,41.9,50.8,50.4,34
GreatBasin,2/24/1991,30.6,38.3,47.6,48.3,31.4
GreatBasin,2/25/1991,29.1,36.5,46.5,47.4,29.8
GreatBasin,2/26/1991,29.8,37.6,48,48,30.1
GreatBasin,2/27/1991,31.5,39.2,49.5,48.5,31.8
GreatBasin,2/28/1991,34.2,39,48,46.2,32.7
GreatBasin,3/1/1991,32.3,36.2,41.1,44.2,32.4
GreatBasin,3/2/1991,30.7,35.6,43.6,44.4,32.2
GreatBasin,3/3/1991,33.5,39.1,48.4,47.9,34.3
GreatBasin,3/4/1991,38.6,43.5,51.8,50,36.1
GreatBasin,3/5/1991,36.1,41.5,49.8,46.9,32.7
GreatBasin,3/6/1991,23.3,30.1,39,42,27.6
GreatBasin,3/7/1991,23.3,29.5,37.3,39.3,24
GreatBasin,3/8/1991,25.5,31.8,41.6,42.3,25.4
GreatBasin,3/9/1991,27.4,35.3,48.1,46.5,29.3
GreatBasin,3/10/1991,35.1,40.9,49.7,48.3,31.1
GreatBasin,3/11/1991,30.8,36.8,47.1,46.2,30.6
GreatBasin,3/12/1991,25.9,32,41.9,44.5,28.6
GreatBasin,3/13/1991,29.1,35.5,44.4,42.8,27.6
GreatBasin,3/14/1991,27.8,34.2,42.2,42.1,28.3
GreatBasin,3/15/1991,28,33,39.8,41.1,27.2
GreatBasin,3/16/1991,25.9,32.2,41.2,42.1,27.4
GreatBasin,3/17/1991,28.3,35.1,45.2,45.5,28.5
GreatBasin,3/18/1991,31.3,38.7,50,48,31.2
GreatBasin,3/19/1991,34,40.3,48.9,47.4,31.8
GreatBasin,3/20/1991,30,36,43.3,44.3,31.1
GreatBasin,3/21/1991,29.2,34.6,40.8,42.6,29.3
GreatBasin,3/22/1991,28.6,35,43.6,43.5,29.3
GreatBasin,3/23/1991,30,36.6,46.2,46.3,30.4
GreatBasin,3/24/1991,32.7,39.7,49.2,47.9,32.1
GreatBasin,3/25/1991,33.5,40.1,48.2,46.8,31.6
GreatBasin,3/26/1991,28.7,34.5,43,43.2,29.5
GreatBasin,3/27/1991,26.3,32,38.4,42,27.3
GreatBasin,3/28/1991,27,33.8,44.6,42.6,27.5
GreatBasin,3/29/1991,29.3,36.6,44.9,46.5,28.9
GreatBasin,3/30/1991,30.5,38.3,50,50.8,31.7
GreatBasin,3/31/1991,35.2,44.3,57.6,54.8,35
GreatBasin,4/1/1991,39.4,47.9,56.8,57,37.3
GreatBasin,4/2/1991,37.3,46.3,56.5,57,38.2
GreatBasin,4/3/1991,37.9,47.4,57.7,59.5,38.9
GreatBasin,4/4/1991,41.6,50.9,64.2,63.2,41.9
GreatBasin,4/5/1991,46.2,55.8,67.6,66.1,45.2
GreatBasin,4/6/1991,47.7,56,66.4,65.2,44.5
GreatBasin,4/7/1991,39.5,48.5,61.7,59.9,40.2
GreatBasin,4/8/1991,33.3,42,51.6,56.7,35.7
GreatBasin,4/9/1991,34.4,43.5,56.7,54.7,34.3
GreatBasin,4/10/1991,35.1,42.8,55.9,51.7,32
GreatBasin,4/11/1991,26.4,33.5,42.6,47.8,30
GreatBasin,4/12/1991,28.5,35.6,45,45,28.3
GreatBasin,4/13/1991,30,37.6,47.3,49,30.8
GreatBasin,4/14/1991,33.9,42.3,54.7,52.4,33.8
GreatBasin,4/15/1991,37.5,46,55.3,54.8,36.3
GreatBasin,4/16/1991,37.4,45.9,54.4,54.5,36.9
GreatBasin,4/17/1991,35.9,44.7,53.7,53.6,36.2
GreatBasin,4/18/1991,35.2,43.8,52.7,55,36.1
GreatBasin,4/19/1991,37.2,46.5,58.6,57.5,37.8
GreatBasin,4/20/1991,40.9,50.3,61.3,59.8,39.3
GreatBasin,4/21/1991,39.7,48.8,59.4,59.7,39.9
GreatBasin,4/22/1991,39.2,48.8,58.5,59.3,39.8
GreatBasin,4/23/1991,40.4,50.2,59.9,59.1,40.6
GreatBasin,4/24/1991,42.2,50.9,58.9,58.8,40.8
GreatBasin,4/25/1991,39.9,46.6,57.5,55.1,38.2
GreatBasin,4/26/1991,32.4,40.5,48.9,51.5,35.4
GreatBasin,4/27/1991,33.9,40.7,48.1,49.2,32.7
GreatBasin,4/28/1991,31.7,39.8,50.7,50.8,33.7
GreatBasin,4/29/1991,35.4,43.8,53.5,53.5,33.8
GreatBasin,4/30/1991,34.3,44.3,56.2,56.5,36
GreatBasin,5/1/1991,38.3,48.3,59.8,58.1,36.6
GreatBasin,5/2/1991,37.1,46,58.2,56.7,37
GreatBasin,5/3/1991,35.6,43.2,52.1,55.3,36.3
GreatBasin,5/4/1991,36.2,45.3,55.7,56.9,37.1
GreatBasin,5/5/1991,39.5,49.7,62.8,61.3,40.5
GreatBasin,5/6/1991,45.7,55.1,65.5,64.9,43.6
GreatBasin,5/7/1991,45.7,55.6,66.5,67.3,46.8
GreatBasin,5/8/1991,49.1,59.2,69.9,68,46.3
GreatBasin,5/9/1991,44,52.8,67.7,64.1,43.5
GreatBasin,5/10/1991,37.4,45.6,54.6,59.2,39.8
GreatBasin,5/11/1991,38,46.3,55.3,56.7,38.2
GreatBasin,5/12/1991,39.1,48.6,60.2,60.7,40.3
GreatBasin,5/13/1991,43.9,54.3,66.6,64.2,42.5
GreatBasin,5/14/1991,44.5,54.2,65.7,65.2,43.6
GreatBasin,5/15/1991,42.4,51.9,63.2,66,44.2
GreatBasin,5/16/1991,45.7,56.4,69,66.8,45.2
GreatBasin,5/17/1991,47.4,57.3,68.2,66,45
GreatBasin,5/18/1991,41.8,51.1,60.7,65.3,43.2
GreatBasin,5/19/1991,40.4,52.2,66.9,65,42.6
GreatBasin,5/20/1991,45.6,56.8,67.4,68,44.1
GreatBasin,5/21/1991,46.3,58,69.6,68.6,46.7
GreatBasin,5/22/1991,48.1,59.1,68.7,69.7,47.5
GreatBasin,5/23/1991,48.1,59.3,70.8,71.5,49.1
GreatBasin,5/24/1991,51.1,62.7,74.9,73.2,50.8
GreatBasin,5/25/1991,53.2,63.8,73.9,73.5,51
GreatBasin,5/26/1991,48.6,59.8,71.7,70.9,48.8
GreatBasin,5/27/1991,44.7,56,67,68.8,45.9
GreatBasin,5/28/1991,44.5,56.2,67.6,68.4,45.5
GreatBasin,5/29/1991,47.3,59,70.5,69,46.4
GreatBasin,5/30/1991,47.3,55.9,69,67.5,45.5
GreatBasin,5/31/1991,41.8,51.3,62.9,66.6,45.3
GreatBasin,6/1/1991,46.8,56.6,68,66.9,46
GreatBasin,6/2/1991,49.5,59.8,69.9,70.5,49.5
GreatBasin,6/3/1991,52.1,62.2,73.6,72.9,51.4
GreatBasin,6/4/1991,52.7,63.9,75.1,74.2,52.2
GreatBasin,6/5/1991,51.7,62.1,73.8,74.1,51.4
GreatBasin,6/6/1991,49.9,61.2,73.4,74.1,51.3
GreatBasin,6/7/1991,52.4,63.7,75,75.3,52.1
GreatBasin,6/8/1991,54,65.7,77.4,77.1,53.8
GreatBasin,6/9/1991,54.9,67.2,78.9,79.5,55
GreatBasin,6/10/1991,56.1,69,82.1,81.4,56.8
GreatBasin,6/11/1991,59.5,71.8,83.2,82.5,57.9
GreatBasin,6/12/1991,58.2,70.7,82.2,81.9,58.2
GreatBasin,6/13/1991,57,68.3,80.3,79.2,55.8
GreatBasin,6/14/1991,52.1,63.1,75.2,77.4,52.9
GreatBasin,6/15/1991,49.5,62.2,76.8,77.3,52.4
GreatBasin,6/16/1991,55.5,67.7,79.9,78.6,53.3
GreatBasin,6/17/1991,54.9,67.4,79,80.7,55.6
GreatBasin,6/18/1991,56.5,69.4,83.3,81.6,56.7
GreatBasin,6/19/1991,58.8,70.9,82.4,81.6,56.2
GreatBasin,6/20/1991,53.2,65.8,79.1,79.8,55
GreatBasin,6/21/1991,53,65.4,77.9,78.1,53.2
GreatBasin,6/22/1991,53.4,65.9,77.2,78.4,53.4
GreatBasin,6/23/1991,53.7,66.8,80,78.7,54
GreatBasin,6/24/1991,54.8,67.3,79,78.6,53.5
GreatBasin,6/25/1991,51.9,64.2,76.8,75.9,52.6
GreatBasin,6/26/1991,51.2,62.3,71.9,74.1,51.9
GreatBasin,6/27/1991,52.7,63.1,73.6,73.6,51.7
GreatBasin,6/28/1991,51.2,63.2,75.2,74.9,52.7
GreatBasin,6/29/1991,54.3,65.6,76,75.5,52.8
GreatBasin,6/30/1991,52.9,64.3,75.4,77.6,54.2
GreatBasin,7/1/1991,55.5,67.8,81.5,81.3,55.8
GreatBasin,7/2/1991,58.9,72.4,86.9,85.9,58.9
GreatBasin,7/3/1991,62.3,76,89.3,89.3,62
GreatBasin,7/4/1991,64.8,78.5,91.6,90.7,64.1
GreatBasin,7/5/1991,65.3,78.9,91.3,91.1,65.1
GreatBasin,7/6/1991,65.3,78.1,90.5,89.9,64.7
GreatBasin,7/7/1991,63.5,75.6,87.9,87.8,64.4
GreatBasin,7/8/1991,64.3,74.5,84.9,85.1,63.2
GreatBasin,7/9/1991,61.9,72.5,82.5,83,62.1
GreatBasin,7/10/1991,60.2,71.2,81.7,83.1,60.7
GreatBasin,7/11/1991,60,72.4,85.1,85.1,61
GreatBasin,7/12/1991,62.9,75.5,88.4,87.9,62.7
GreatBasin,7/13/1991,65.2,77.9,90.3,89.3,64.7
GreatBasin,7/14/1991,66,78.1,89.2,89.3,65.4
GreatBasin,7/15/1991,64.9,76.9,88.5,88.7,65.1
GreatBasin,7/16/1991,64.5,76.8,88.5,88.2,64.4
GreatBasin,7/17/1991,63.8,76.1,87.6,87,63.7
GreatBasin,7/18/1991,62.8,74.1,85,85.6,62.8
GreatBasin,7/19/1991,61.9,73.2,84.1,84.3,61.7
GreatBasin,7/20/1991,60.5,72.4,83.7,84.1,61
GreatBasin,7/21/1991,60.5,72.6,84.5,84.4,60.6
GreatBasin,7/22/1991,60.8,73.2,85.1,85.1,61.3
GreatBasin,7/23/1991,62.5,74.4,85.8,85.1,61.6
GreatBasin,7/24/1991,61.4,73.5,84.5,85,61.6
GreatBasin,7/25/1991,60.8,73.1,84.7,84.4,60.9
GreatBasin,7/26/1991,60.6,72.6,84,85.1,60.9
GreatBasin,7/27/1991,61.3,73.5,86.5,87,61.9
GreatBasin,7/28/1991,63.7,76.6,90.6,89.5,63.7
GreatBasin,7/29/1991,66.2,78.8,91.5,90.8,65
GreatBasin,7/30/1991,65.2,77.8,90.2,89.9,65.6
GreatBasin,7/31/1991,65.4,76.8,88,88.1,64.7
GreatBasin,8/1/1991,63.6,74.4,86,85.9,63.4
GreatBasin,8/2/1991,61.3,72.5,83.6,84.5,62.3
GreatBasin,8/3/1991,62.1,73,83.8,83.6,61.8
GreatBasin,8/4/1991,62,73.2,83.5,83.7,61.4
GreatBasin,8/5/1991,60.2,72.2,83.8,83.6,61
GreatBasin,8/6/1991,60.7,72.2,83.4,84.4,60.4
GreatBasin,8/7/1991,60.4,72.5,85.9,86,61.2
GreatBasin,8/8/1991,62.5,75.2,88.6,88.4,62.6
GreatBasin,8/9/1991,64.8,77.5,90.8,89.6,63.8
GreatBasin,8/10/1991,64,76.8,89.5,89,64.1
GreatBasin,8/11/1991,63.5,74.4,86.7,86.1,63.1
GreatBasin,8/12/1991,61.8,72.4,82.2,84.6,62.5
GreatBasin,8/13/1991,62.2,73,85,84.5,62.8
GreatBasin,8/14/1991,64.3,75.2,86.3,85.3,63.3
GreatBasin,8/15/1991,63.5,73.4,84.7,84.7,62.9
GreatBasin,8/16/1991,60.9,72,83.2,84.3,62.1
GreatBasin,8/17/1991,61.8,73.3,85,84.7,61.8
GreatBasin,8/18/1991,62.7,74.2,85.9,85.7,62.5
GreatBasin,8/19/1991,63,74.7,86.2,86.4,62.9
GreatBasin,8/20/1991,63,75,87.2,87.7,63.3
GreatBasin,8/21/1991,63.9,76.3,89.7,88.5,64.2
GreatBasin,8/22/1991,65.8,77.5,88.5,88.2,64.7
GreatBasin,8/23/1991,64.4,75.9,86.5,86.7,64.8
GreatBasin,8/24/1991,64.2,74.8,85.1,85.7,64.5
GreatBasin,8/25/1991,64.8,75.1,85.6,84.5,64.1
GreatBasin,8/26/1991,63.3,73.5,82.9,83.4,63.6
GreatBasin,8/27/1991,62.8,72.3,81.6,81,61.1
GreatBasin,8/28/1991,57.2,67.8,78.4,81.4,59.2
GreatBasin,8/29/1991,57.7,69.6,84.3,83.5,59
GreatBasin,8/30/1991,62.2,74.2,87.7,86.1,61.5
GreatBasin,8/31/1991,64.7,75,86.2,85.3,62.9
GreatBasin,9/1/1991,61.7,71.7,82,83.7,62.3
GreatBasin,9/2/1991,60.5,71.3,82.8,83,60.9
GreatBasin,9/3/1991,60.6,71.9,84.1,83.8,61.1
GreatBasin,9/4/1991,62.2,73.3,84.6,83.7,61.5
GreatBasin,9/5/1991,61.8,71.6,82.3,82,61.6
GreatBasin,9/6/1991,60.7,69.3,79.1,78.7,60.7
GreatBasin,9/7/1991,59.6,67,74.8,75.9,58.6
GreatBasin,9/8/1991,55.5,64.2,73.9,73.6,56.2
GreatBasin,9/9/1991,53.5,62.6,72,72.7,53.8
GreatBasin,9/10/1991,52.4,61.5,72.1,71.5,52.2
GreatBasin,9/11/1991,50.8,60.5,70.5,71.5,51.3
GreatBasin,9/12/1991,50.7,60.7,71.9,72.1,51.2
GreatBasin,9/13/1991,52.2,62.5,73.9,72.6,51.8
GreatBasin,9/14/1991,52.6,61.3,72.1,71.9,51.1
GreatBasin,9/15/1991,48.5,58.5,69.7,72.2,50.4
GreatBasin,9/16/1991,50.1,60.9,74.7,73.4,50.7
GreatBasin,9/17/1991,53.6,63.8,75.8,75.6,52.4
GreatBasin,9/18/1991,53.4,64.2,76.3,76.7,53.7
GreatBasin,9/19/1991,54.2,65.1,77.9,77.8,54.6
GreatBasin,9/20/1991,56.1,66.9,79.3,78.2,55.1
GreatBasin,9/21/1991,54.9,64.4,77.3,75.8,53.2
GreatBasin,9/22/1991,48.5,59.1,70.9,73.8,51.8
GreatBasin,9/23/1991,52.1,61.4,73.2,73.8,50.9
GreatBasin,9/24/1991,52.1,63.1,77.3,76.7,53.2
GreatBasin,9/25/1991,55.4,66.4,79.6,79.1,55.1
GreatBasin,9/26/1991,57.9,68.3,80.4,79.3,57
GreatBasin,9/27/1991,57.7,67.1,77.9,77.4,57.4
GreatBasin,9/28/1991,56.5,64.3,73.9,74.5,56.2
GreatBasin,9/29/1991,54.5,62.7,71.7,73.4,54.7
GreatBasin,9/30/1991,53.1,62.6,74.7,74.6,54.2
GreatBasin,10/1/1991,54.9,64.9,77.3,76,54.3
GreatBasin,10/2/1991,55,64.8,76,75.7,54.2
GreatBasin,10/3/1991,52.7,62.7,73.8,73.2,51.7
GreatBasin,10/4/1991,47.4,57.4,69.7,71.5,49
GreatBasin,10/5/1991,46.8,56.8,71,72.1,48.3
GreatBasin,10/6/1991,50.6,60.9,75.7,74.5,50.4
GreatBasin,10/7/1991,53.8,64,76.9,75.7,52.5
GreatBasin,10/8/1991,53.2,63.5,74.5,75.6,53.2
GreatBasin,10/9/1991,52.5,62.7,75.5,76.2,53.3
GreatBasin,10/10/1991,54.3,64.5,78.6,77.7,54
GreatBasin,10/11/1991,55.3,65.9,78.9,77.6,55.4
GreatBasin,10/12/1991,56.5,65.6,75.4,75.4,54.7
GreatBasin,10/13/1991,52.3,62,71.9,73.8,53.3
GreatBasin,10/14/1991,51,60.9,74.2,74.3,52.1
GreatBasin,10/15/1991,53,63.1,76.8,76.1,52.8
GreatBasin,10/16/1991,54.3,64.4,77.2,75.5,52.7
GreatBasin,10/17/1991,50.9,60.9,72.6,72.4,50.6
GreatBasin,10/18/1991,46.6,56.6,67.4,68.9,48.3
GreatBasin,10/19/1991,47.5,56.3,66.7,66.3,46.2
GreatBasin,10/20/1991,44.5,54,64.7,66,45.5
GreatBasin,10/21/1991,44.5,54,66.6,64.8,44.7
GreatBasin,10/22/1991,45.2,53.4,63,62.3,43.2
GreatBasin,10/23/1991,39.9,46.8,57.2,56.8,39.3
GreatBasin,10/24/1991,32.9,40.5,50.2,52.9,36
GreatBasin,10/25/1991,35.2,41.6,51.2,51,35.8
GreatBasin,10/26/1991,39.2,43.8,51.7,50.6,36
GreatBasin,10/27/1991,33.6,39.2,48.9,45.6,31.9
GreatBasin,10/28/1991,22.8,29,36.3,40.3,26.4
GreatBasin,10/29/1991,22.7,27.9,35.6,34.9,21.3
GreatBasin,10/30/1991,18.5,25.5,32.8,35.4,20.9
GreatBasin,10/31/1991,21.4,26.7,37.7,36.8,22.3
GreatBasin,11/1/1991,27.1,31.9,40,38.8,24.2
GreatBasin,11/2/1991,24.2,31.1,38.6,40,24.9
GreatBasin,11/3/1991,23.5,29.9,41.4,42.4,26.3
GreatBasin,11/4/1991,31.2,36.4,47.3,46.6,31.6
GreatBasin,11/5/1991,40.1,43.9,51.2,51.1,37.8
GreatBasin,11/6/1991,42.2,47.1,54.8,53.9,40.8
GreatBasin,11/7/1991,40.2,46.6,55.7,56,41.6
GreatBasin,11/8/1991,42.5,48.1,57.4,55.9,42.3
GreatBasin,11/9/1991,44.1,49.1,54.6,54.6,42.4
GreatBasin,11/10/1991,40.5,45.6,51.7,52.7,40.6
GreatBasin,11/11/1991,37.1,43.4,51.7,52.7,39
GreatBasin,11/12/1991,39.3,44.9,54.8,53.2,39.2
GreatBasin,11/13/1991,41.3,46.5,53,51.9,38.5
GreatBasin,11/14/1991,35,40.3,47.9,46.9,35.2
GreatBasin,11/15/1991,29.3,34.1,39.7,43.4,31.1
GreatBasin,11/16/1991,29.1,34,42.5,41.9,30.4
GreatBasin,11/17/1991,32.7,36.4,43.5,42.2,31.4
GreatBasin,11/18/1991,32.3,36.4,40.6,41.5,30.9
GreatBasin,11/19/1991,27.7,32.8,40.5,41.5,30.7
GreatBasin,11/20/1991,32,35.6,43.4,41.8,30.7
GreatBasin,11/21/1991,32.5,37.3,41.4,40.5,30.2
GreatBasin,11/22/1991,26.2,31.2,36.6,38,26.8
GreatBasin,11/23/1991,21.7,27.3,35.9,38.2,25.4
GreatBasin,11/24/1991,28.2,32.4,42.1,41.5,28.2
GreatBasin,11/25/1991,34.7,38.6,46.5,45.4,33.1
GreatBasin,11/26/1991,36.5,40.8,47.5,46.2,36.2
GreatBasin,11/27/1991,37.3,40.4,44.6,43.6,33.1
GreatBasin,11/28/1991,25.4,31.1,38.6,38,28.4
GreatBasin,11/29/1991,22.6,26.6,30.9,32.1,21
GreatBasin,11/30/1991,14.9,20.2,26.7,28.6,17.3
GreatBasin,12/1/1991,14.3,19.4,28.1,29.6,17.3
GreatBasin,12/2/1991,22.8,26.4,34.1,32.9,20.1
GreatBasin,12/3/1991,23.3,28.1,36.5,37.2,24.7
GreatBasin,12/4/1991,27.9,32.2,41.1,40.3,27.2
GreatBasin,12/5/1991,30.3,35,43.3,43,30.7
GreatBasin,12/6/1991,33.9,37.5,44.7,43.2,32.9
GreatBasin,12/7/1991,34.4,38.1,41.7,41.5,32.1
GreatBasin,12/8/1991,28,32.8,38,39.8,30
GreatBasin,12/9/1991,27.6,31.9,39.6,38.7,28.4
GreatBasin,12/10/1991,29.6,33,38.5,37.8,28
GreatBasin,12/11/1991,26.9,30.4,35.2,37.4,27.9
GreatBasin,12/12/1991,27.2,30.8,38.5,36.6,26.6
GreatBasin,12/13/1991,25.8,31.2,36,37.6,25.9
GreatBasin,12/14/1991,24.8,29.1,38.3,38.1,25.9
GreatBasin,12/15/1991,27.2,31.6,39.9,39.7,26.9
GreatBasin,12/16/1991,28.7,33.1,40.8,40.3,27.9
GreatBasin,12/17/1991,27.9,32.6,40.1,40.5,29.2
GreatBasin,12/18/1991,31.1,34.4,40.7,39.3,29.6
GreatBasin,12/19/1991,29.8,32.8,37.2,37.2,27.6
GreatBasin,12/20/1991,22,26.9,33.7,35.7,25.3
GreatBasin,12/21/1991,24.2,27.9,36.1,35.2,24
GreatBasin,12/22/1991,25.8,30,35.8,36,25.1
GreatBasin,12/23/1991,25.2,29.2,36.1,36.2,25.6
GreatBasin,12/24/1991,25.7,30,36.8,36.5,25.4
GreatBasin,12/25/1991,25.3,29.7,36.5,37,25.5
GreatBasin,12/26/1991,25.5,30.2,37.6,37.7,25.9
GreatBasin,12/27/1991,27,31.5,39,37.8,26.5
GreatBasin,12/28/1991,26.9,31.2,36.7,37.4,26.9
GreatBasin,12/29/1991,26.9,30.5,36.5,36.4,27
GreatBasin,12/30/1991,27.3,30.3,35.9,35.8,27
GreatBasin,12/31/1991,26.7,29.9,35,34.9,26
GreatBasin,1/1/1992,24.1,28,33.7,34.5,24.6
GreatBasin,1/2/1992,22.9,27.2,34.8,33.8,23.3
GreatBasin,1/3/1992,23,27,32.8,34.5,24.3
GreatBasin,1/4/1992,27,29.7,36,35.1,26.2
GreatBasin,1/5/1992,28.5,31.4,36.6,35.9,28.4
GreatBasin,1/6/1992,29.7,31.8,35.2,34.6,27.7
GreatBasin,1/7/1992,24.8,28.4,31.9,32.6,25
GreatBasin,1/8/1992,20.5,24.8,30.6,31.6,21.9
GreatBasin,1/9/1992,20.3,24.4,32.4,33.4,21.7
GreatBasin,1/10/1992,24.3,28.1,37.1,34.2,23.1
GreatBasin,1/11/1992,24.7,29.2,33.2,33.2,22.8
GreatBasin,1/12/1992,19.4,24.1,29.2,30.8,20.7
GreatBasin,1/13/1992,18,21.9,30,30.4,20.3
GreatBasin,1/14/1992,23.4,26.2,32.1,31.8,20.7
GreatBasin,1/15/1992,20.6,25.7,33.3,33.6,22.8
GreatBasin,1/16/1992,24.3,28,35.4,34.5,23
GreatBasin,1/17/1992,24,28.5,34.7,34.4,22.9
GreatBasin,1/18/1992,20.5,25.7,33.1,33.9,21.7
GreatBasin,1/19/1992,20.7,25.7,34,34,20.9
GreatBasin,1/20/1992,21.6,26.6,34.9,34.7,21.6
GreatBasin,1/21/1992,22.5,27.5,35.3,35.3,22.3
GreatBasin,1/22/1992,22.7,28,35.6,36.7,23.6
GreatBasin,1/23/1992,25.6,30,39.1,39.2,26.4
GreatBasin,1/24/1992,31,35,42.9,42.1,29.7
GreatBasin,1/25/1992,32.4,36.5,44.4,43,30.9
GreatBasin,1/26/1992,29.2,34.9,41.6,43,30.2
GreatBasin,1/27/1992,29.1,34.4,42.9,42.9,30.2
GreatBasin,1/28/1992,32.3,36.8,44.1,43.5,30.6
GreatBasin,1/29/1992,30.5,36.1,43.4,44.1,31.3
GreatBasin,1/30/1992,31.1,36.1,44.9,45.1,31.5
GreatBasin,1/31/1992,32.9,38.2,47,46,32.2
GreatBasin,2/1/1992,32.7,38.6,46.1,45.5,32.3
GreatBasin,2/2/1992,31.4,37.2,43.3,43.9,31
GreatBasin,2/3/1992,29,34.6,42.3,42.8,30.3
GreatBasin,2/4/1992,30.5,35.3,42.8,42.7,29.8
GreatBasin,2/5/1992,29.9,35.3,43,42.8,30.2
GreatBasin,2/6/1992,30.1,35.4,42.5,42,30.3
GreatBasin,2/7/1992,31,35.3,40.5,41.9,31.3
GreatBasin,2/8/1992,32.7,36.1,42.8,42.4,32
GreatBasin,2/9/1992,32.4,37.2,44,43,32.3
GreatBasin,2/10/1992,31.8,36,42.3,42.4,32
GreatBasin,2/11/1992,31.7,35.1,41,42.1,32
GreatBasin,2/12/1992,32.4,36.5,43.1,41.7,32.7
GreatBasin,2/13/1992,34.1,36.8,41,42,32.5
GreatBasin,2/14/1992,31.1,35.4,41.9,41.5,31.7
GreatBasin,2/15/1992,29.8,34.7,41.5,40.6,30
GreatBasin,2/16/1992,29,33.1,38.4,39.3,28.6
GreatBasin,2/17/1992,27,31.6,38,38.8,27.4
GreatBasin,2/18/1992,26.2,31.6,40.1,40.7,28
GreatBasin,2/19/1992,30.9,35.3,44,43.2,30.8
GreatBasin,2/20/1992,35.2,39.3,45.5,45.5,33.5
GreatBasin,2/21/1992,34.4,39.9,46.9,46.7,35.9
GreatBasin,2/22/1992,38.1,42.2,47.8,47,34.5
GreatBasin,2/23/1992,31.1,37.4,46.2,46.8,33.4
GreatBasin,2/24/1992,31,36.6,46.4,47.3,32.4
GreatBasin,2/25/1992,35.1,40.8,49.2,48.5,33.1
GreatBasin,2/26/1992,33.1,40.1,49.8,50.7,34.6
GreatBasin,2/27/1992,35.5,42.5,53.1,52.6,35.4
GreatBasin,2/28/1992,37.5,44.9,55,54.6,37
GreatBasin,2/29/1992,37.9,45.8,55.6,55.1,38.1
GreatBasin,3/1/1992,38.9,46,54.8,54.4,38.1
GreatBasin,3/2/1992,37.6,44.6,52.8,52.3,38.1
GreatBasin,3/3/1992,37.9,43,49.3,50.6,37.4
GreatBasin,3/4/1992,36.6,42.1,49.6,49.7,37
GreatBasin,3/5/1992,36.6,42.5,50.2,49.7,36.5
GreatBasin,3/6/1992,36.2,42.3,49.4,49,36
GreatBasin,3/7/1992,35.2,40.7,47.4,47.2,34.8
GreatBasin,3/8/1992,33,38.3,44.8,46.3,33.2
GreatBasin,3/9/1992,31.4,37.5,46.7,47.2,32.5
GreatBasin,3/10/1992,33.2,40.1,50,50,33.2
GreatBasin,3/11/1992,34.9,42.6,53.2,53.2,35.1
GreatBasin,3/12/1992,37.1,45.2,56.4,56.1,37
GreatBasin,3/13/1992,39.1,47.9,58.7,57.9,38.6
GreatBasin,3/14/1992,39.7,48.4,58.7,58.3,39.6
GreatBasin,3/15/1992,40,48.2,57.5,57.3,39.4
GreatBasin,3/16/1992,38.5,45.9,55.6,54.8,37.9
GreatBasin,3/17/1992,35.1,41.8,51.2,51.3,35.5
GreatBasin,3/18/1992,33,39.5,47.1,49.7,34
GreatBasin,3/19/1992,33.8,41,50.8,50.8,34
GreatBasin,3/20/1992,35.2,43.7,54.5,52.8,34.9
GreatBasin,3/21/1992,35.7,42.7,53.1,52.4,35
GreatBasin,3/22/1992,34.2,41.1,49.6,50.7,35.1
GreatBasin,3/23/1992,35.3,42,49.5,50.4,34.9
GreatBasin,3/24/1992,35.2,42.5,52.1,52.9,35.8
GreatBasin,3/25/1992,36.8,45.4,57,55.4,37.3
GreatBasin,3/26/1992,39.8,48.2,57.2,56.5,38.9
GreatBasin,3/27/1992,40.2,47.1,55.3,55.4,39.4
GreatBasin,3/28/1992,38.1,45.3,53.8,55.4,38.9
GreatBasin,3/29/1992,38.5,46.7,57.2,55.6,39
GreatBasin,3/30/1992,40.5,48,55.8,56.7,39.8
GreatBasin,3/31/1992,40.3,48,57.2,57.6,40.2
GreatBasin,4/1/1992,39.7,48.8,59.8,60.4,40.7
GreatBasin,4/2/1992,42.2,51.7,64.2,63.6,42.3
GreatBasin,4/3/1992,45.1,55.3,66.8,65.5,44.1
GreatBasin,4/4/1992,45,54.7,65.5,64.7,43.9
GreatBasin,4/5/1992,41.5,50,61.7,60.8,41.7
GreatBasin,4/6/1992,38.5,46.7,55.1,58.6,39
GreatBasin,4/7/1992,37,46.5,59,58.6,39.1
GreatBasin,4/8/1992,41.7,50.8,61.8,61.5,40.8
GreatBasin,4/9/1992,43.6,52.8,63.7,62.6,43.5
GreatBasin,4/10/1992,45.2,53.2,62.4,63.7,44.2
GreatBasin,4/11/1992,43.7,53.4,64.9,64.7,45.2
GreatBasin,4/12/1992,46.6,55.8,66.7,66.4,46.1
GreatBasin,4/13/1992,47.9,57.2,67.5,66.9,46.7
GreatBasin,4/14/1992,45.5,55.8,66.4,65.9,45.9
GreatBasin,4/15/1992,44.3,54.3,63.7,64.8,44.6
GreatBasin,4/16/1992,44.1,53.9,64.3,63.9,45.5
GreatBasin,4/17/1992,48.2,55.8,63.8,63.3,44
GreatBasin,4/18/1992,39.7,48.6,61.9,60.5,41.4
GreatBasin,4/19/1992,36.2,45.6,55.9,59.8,38.2
GreatBasin,4/20/1992,38.7,49,61.7,60.2,39.5
GreatBasin,4/21/1992,43.6,53.1,63,62,41.1
GreatBasin,4/22/1992,41.1,50.5,61.3,60.9,41.1
GreatBasin,4/23/1992,38.7,48.5,58.5,61.6,40.2
GreatBasin,4/24/1992,40.7,51.6,65.1,65,41.8
GreatBasin,4/25/1992,46.1,57.4,71.3,71.1,45.8
GreatBasin,4/26/1992,50.6,62.5,77,75.1,50.3
GreatBasin,4/27/1992,54.2,65.8,77.1,77,52.8
GreatBasin,4/28/1992,53.7,65.2,76.8,78.1,54.1
GreatBasin,4/29/1992,54.3,66.8,80.4,78.6,54.1
GreatBasin,4/30/1992,54.2,65,78.7,76.4,51.5
GreatBasin,5/1/1992,46,57,70.1,73.2,48.4
GreatBasin,5/2/1992,45.1,57,70.8,71.7,46.9
GreatBasin,5/3/1992,49.7,61.5,74.2,73.4,49.2
GreatBasin,5/4/1992,52.9,64.3,75.3,75.2,52.4
GreatBasin,5/5/1992,54.6,65.5,76.1,75.9,54.1
GreatBasin,5/6/1992,54.9,65.5,76.3,76.2,54.9
GreatBasin,5/7/1992,55.3,66.1,76.3,75.9,55.2
GreatBasin,5/8/1992,55.3,65.4,75,74.5,53.5
GreatBasin,5/9/1992,49.8,59.1,72.3,71.7,49.6
GreatBasin,5/10/1992,43.6,55,67.8,70.2,47.3
GreatBasin,5/11/1992,48.4,59.3,70.5,70,46.8
GreatBasin,5/12/1992,48.3,59.8,71.6,72.1,49.3
GreatBasin,5/13/1992,51.3,62.2,74.1,73.9,50.6
GreatBasin,5/14/1992,52.1,64.1,76,74.9,52.3
GreatBasin,5/15/1992,53.4,64.4,74.6,74.9,52.1
GreatBasin,5/16/1992,50.9,62.8,74.1,76.3,52.2
GreatBasin,5/17/1992,52.4,65.4,80.3,78.3,53.2
GreatBasin,5/18/1992,56.2,68.7,80.6,80.2,54.8
GreatBasin,5/19/1992,55.9,68.1,79.6,78.8,54.8
GreatBasin,5/20/1992,52.2,63.1,76.1,74.4,52.2
GreatBasin,5/21/1992,48.4,57.3,67.5,71.4,49.1
GreatBasin,5/22/1992,46.7,57.7,70.5,71,48.6
GreatBasin,5/23/1992,50.8,62.4,74.9,73.6,50.4
GreatBasin,5/24/1992,53.6,64.9,75.4,76,53
GreatBasin,5/25/1992,54.7,66.4,77.8,76.6,54.9
GreatBasin,5/26/1992,56.4,67,76.6,75.9,54.4
GreatBasin,5/27/1992,52.2,63,73.4,74.3,53.6
GreatBasin,5/28/1992,52.2,63.1,72.8,73.1,52.5
GreatBasin,5/29/1992,53.2,63.5,73,73.3,52.5
GreatBasin,5/30/1992,52.2,63.4,74,74.5,53
GreatBasin,5/31/1992,53.5,65,76.4,76.6,53.6
GreatBasin,6/1/1992,55,67.3,79.4,79.1,55.5
GreatBasin,6/2/1992,58,70,81.4,80.3,57
GreatBasin,6/3/1992,58,69.6,80,81,57.7
GreatBasin,6/4/1992,57.2,69.8,81.7,80.7,56.8
GreatBasin,6/5/1992,55.2,67,80.4,79.5,55.1
GreatBasin,6/6/1992,52.9,65,76.3,77.9,54
GreatBasin,6/7/1992,53.8,66,77,77.3,53.9
GreatBasin,6/8/1992,54.9,66.9,78.5,78.9,55.1
GreatBasin,6/9/1992,56.6,69.1,81.2,80.7,56.7
GreatBasin,6/10/1992,58.6,70.9,82.5,81.7,57.9
GreatBasin,6/11/1992,58.4,70.7,81.5,81.4,57.7
GreatBasin,6/12/1992,56.2,68.4,80.2,78.9,53.6
GreatBasin,6/13/1992,46.3,58,74.9,73.8,49.5
GreatBasin,6/14/1992,46.1,56.8,66.4,68.8,46
GreatBasin,6/15/1992,45.7,54.3,65,65.5,45.8
GreatBasin,6/16/1992,45.7,54.6,65.2,68.1,47.1
GreatBasin,6/17/1992,50,60.5,74,72.7,50
GreatBasin,6/18/1992,54.2,66.4,79,78,53.5
GreatBasin,6/19/1992,56.2,68.9,81.1,80.9,55.9
GreatBasin,6/20/1992,57.4,70.4,82.7,83.3,57.9
GreatBasin,6/21/1992,60.2,73.1,86.2,85.2,60.1
GreatBasin,6/22/1992,62.8,75.1,86.7,86.6,62.5
GreatBasin,6/23/1992,64.4,76.2,87,86.6,63.6
GreatBasin,6/24/1992,63.5,75.2,86,85.2,62.9
GreatBasin,6/25/1992,60.9,71.5,82.5,82.7,60.8
GreatBasin,6/26/1992,57.9,69,79.6,81.6,59.4
GreatBasin,6/27/1992,59.4,71.1,82.8,82.5,59.7
GreatBasin,6/28/1992,61.7,73.3,85.1,84.1,60.7
GreatBasin,6/29/1992,60.9,71.2,84.3,81.7,58.8
GreatBasin,6/30/1992,53.7,62.3,75.7,76.1,54.9
GreatBasin,7/1/1992,50,59.3,68.2,72.1,51.1
GreatBasin,7/2/1992,49.7,60.2,72.5,74,51.5
GreatBasin,7/3/1992,54.7,66.6,81.4,79.3,54.8
GreatBasin,7/4/1992,60.1,72,84.1,83.8,58.5
GreatBasin,7/5/1992,60.8,73.3,85.8,84.9,60.6
GreatBasin,7/6/1992,60.9,73.2,84.8,84.3,60.9
GreatBasin,7/7/1992,60.9,70.6,82.2,81.4,60.2
GreatBasin,7/8/1992,58.9,68.5,77.2,79.5,58.9
GreatBasin,7/9/1992,57,68,79.1,79.4,58.2
GreatBasin,7/10/1992,58.8,70.4,81.9,80.6,58.9
GreatBasin,7/11/1992,60.9,70.4,80.8,79.4,58.6
GreatBasin,7/12/1992,56.1,65.6,75.5,78.7,57.6
GreatBasin,7/13/1992,55.8,67,79.8,79.3,57.1
GreatBasin,7/14/1992,59.4,71.1,82.7,81.6,58.6
GreatBasin,7/15/1992,60.7,72,82.4,83.1,60.3
GreatBasin,7/16/1992,60.7,72.7,84.2,84.6,61.3
GreatBasin,7/17/1992,62.6,74.8,87.1,86.5,62.7
GreatBasin,7/18/1992,64.8,76.7,88.1,87.3,63.8
GreatBasin,7/19/1992,64.1,75.7,86.8,86.8,64
GreatBasin,7/20/1992,63,74.4,85.6,85.4,62.5
GreatBasin,7/21/1992,60.3,71.4,83.9,84.5,60.9
GreatBasin,7/22/1992,59.3,71.4,84.1,83.6,59.5
GreatBasin,7/23/1992,58.9,70.8,82.9,82.4,58.9
GreatBasin,7/24/1992,58.4,69.8,80.3,81.8,58.9
GreatBasin,7/25/1992,59.3,70.5,82.1,82.9,59.5
GreatBasin,7/26/1992,60.9,73.1,86.2,85.7,61.2
GreatBasin,7/27/1992,63.5,76.1,88.8,88.4,63.2
GreatBasin,7/28/1992,65.1,77.8,90.3,89.4,64.6
GreatBasin,7/29/1992,65.3,77.3,89.2,89,64.6
GreatBasin,7/30/1992,63.3,75.8,87.6,88.7,64.6
GreatBasin,7/31/1992,65.2,77.1,89.2,89.2,65
GreatBasin,8/1/1992,66.6,78.4,90.9,90.8,66.2
GreatBasin,8/2/1992,66.8,79.4,92.3,91.4,67.3
GreatBasin,8/3/1992,68.4,79.5,91.1,90.5,66.9
GreatBasin,8/4/1992,65.4,77,88.1,88.5,66
GreatBasin,8/5/1992,64.1,74.9,86.2,85.5,64.1
GreatBasin,8/6/1992,62.8,72.4,82.2,84.5,63
GreatBasin,8/7/1992,62.2,73.1,85,84.3,62.7
GreatBasin,8/8/1992,63.2,74.4,85.7,86,62.9
GreatBasin,8/9/1992,63.4,75.2,87.3,87.3,64
GreatBasin,8/10/1992,65.5,77,88.9,88.6,65.2
GreatBasin,8/11/1992,66.7,78.3,89.5,89.2,66.1
GreatBasin,8/12/1992,66.1,78,89.3,89.6,66.8
GreatBasin,8/13/1992,67.7,78.7,90.1,89.9,67.5
GreatBasin,8/14/1992,68.8,79.6,90.4,89.8,68.7
GreatBasin,8/15/1992,69.6,79.3,89,88.8,68.5
GreatBasin,8/16/1992,67.1,77.4,86.9,87.7,67.4
GreatBasin,8/17/1992,65.6,76.4,87.3,88.1,66.1
GreatBasin,8/18/1992,65.6,77.3,90,89.8,66.2
GreatBasin,8/19/1992,67.5,79.6,92,90.8,66.8
GreatBasin,8/20/1992,67.3,78.4,90.3,89.3,66.5
GreatBasin,8/21/1992,64.7,75.6,85.7,86.4,63.5
GreatBasin,8/22/1992,58.5,68.4,83.2,80.2,57.5
GreatBasin,8/23/1992,49.4,59.8,71.7,74.8,52.1
GreatBasin,8/24/1992,48.5,58.6,69.6,71,49.2
GreatBasin,8/25/1992,49.7,60.4,71.8,72.2,49.4
GreatBasin,8/26/1992,50.1,61.7,75.1,76,51.3
GreatBasin,8/27/1992,54.2,66.5,81.1,79.7,54.2
GreatBasin,8/28/1992,58.3,70.3,83,81.8,56.8
GreatBasin,8/29/1992,57.8,69.2,81.3,80.9,57.6
GreatBasin,8/30/1992,56.6,67.6,78.5,78.7,56.1
GreatBasin,8/31/1992,53.9,64.5,76.2,77,54.7
GreatBasin,9/1/1992,53.5,64.2,76.2,77.1,54.2
GreatBasin,9/2/1992,55.3,66.2,78.8,78.5,55.3
GreatBasin,9/3/1992,57,68.2,80.4,79.2,55.9
GreatBasin,9/4/1992,55.3,64.6,78.5,76.9,54.1
GreatBasin,9/5/1992,50,60.4,71.8,74,52.3
GreatBasin,9/6/1992,51.7,61.7,71.6,71.7,49.9
GreatBasin,9/7/1992,47.9,59.3,71.7,73.5,50.8
GreatBasin,9/8/1992,52.9,63.4,77.1,75.1,51.6
GreatBasin,9/9/1992,53.9,65.1,76.6,78.1,53.6
GreatBasin,9/10/1992,54.1,65.9,80.5,79.7,55.7
GreatBasin,9/11/1992,59,69.6,81.9,80.5,57.3
GreatBasin,9/12/1992,58.8,68.1,79.2,78.2,55.7
GreatBasin,9/13/1992,49.3,60.4,73.6,76.5,53
GreatBasin,9/14/1992,50.9,61.8,76.8,75.9,51.8
GreatBasin,9/15/1992,55.1,65.4,77.3,77.4,53.8
GreatBasin,9/16/1992,55.3,65.6,78.2,77.3,56
GreatBasin,9/17/1992,57.5,66.5,76.5,76.5,55.4
GreatBasin,9/18/1992,53.4,63.5,74.7,75.7,54.9
GreatBasin,9/19/1992,53.8,64.2,76,75.5,53.7
GreatBasin,9/20/1992,54,64.4,75.7,76.4,54.4
GreatBasin,9/21/1992,55.5,65.6,77.5,78.7,55.7
GreatBasin,9/22/1992,57.5,68.3,82.9,80.9,58.1
GreatBasin,9/23/1992,61.3,71.2,82.2,81.2,59.2
GreatBasin,9/24/1992,58.8,67.5,78.4,77.2,55.8
GreatBasin,9/25/1992,47.4,57.3,71,73.1,50.4
GreatBasin,9/26/1992,45.1,55.6,70,71.8,47.7
GreatBasin,9/27/1992,50.7,60.8,74.4,74.4,49.3
GreatBasin,9/28/1992,52.1,63.5,78.8,78.4,52.9
GreatBasin,9/29/1992,55.8,67.3,82.1,81,55.3
GreatBasin,9/30/1992,58.1,69.1,82.1,81.7,57.4
GreatBasin,10/1/1992,58.2,68.8,80.8,80.2,57.7
GreatBasin,10/2/1992,56.9,66.8,77.7,77.2,55.3
GreatBasin,10/3/1992,50.8,60,73,71.5,51.4
GreatBasin,10/4/1992,46.6,54.9,63.7,67.8,47.8
GreatBasin,10/5/1992,45.9,54.9,66.6,64.9,46.1
GreatBasin,10/6/1992,45.7,54.8,64.4,63.9,43.9
GreatBasin,10/7/1992,40,49.9,60.8,63.7,42.7
GreatBasin,10/8/1992,42.5,51.6,65.8,64.1,42.9
GreatBasin,10/9/1992,46.1,55.1,65.7,66.8,44.9
GreatBasin,10/10/1992,46.1,55.8,68.9,69.1,47.3
GreatBasin,10/11/1992,49.8,59.2,72.6,72.2,49
GreatBasin,10/12/1992,51.2,61.3,75,73,51.2
GreatBasin,10/13/1992,52.5,61.4,71.5,70.7,49.5
GreatBasin,10/14/1992,44.9,54.4,65.7,65.5,45.9
GreatBasin,10/15/1992,40.4,49.4,59.3,62.5,42.8
GreatBasin,10/16/1992,43.2,50.4,62.5,62.1,42.5
GreatBasin,10/17/1992,43.9,52.6,64.5,64.8,44.2
GreatBasin,10/18/1992,45.4,54.6,67.4,66.7,45.7
GreatBasin,10/19/1992,47.7,57.1,68.3,69,47.2
GreatBasin,10/20/1992,48.4,58,71.3,69.3,48.9
GreatBasin,10/21/1992,50.5,58.7,68.2,67.9,48.6
GreatBasin,10/22/1992,46.8,55,64.3,66.7,47.7
GreatBasin,10/23/1992,45.7,54.9,67.7,66.2,47.2
GreatBasin,10/24/1992,49,56.8,66.6,65.5,47.6
GreatBasin,10/25/1992,48.2,55,62.2,64.4,47.7
GreatBasin,10/26/1992,45.8,53.7,64.3,62.9,46.7
GreatBasin,10/27/1992,46,53.6,62.2,61.5,45
GreatBasin,10/28/1992,43.3,50.3,58,57.5,43.8
GreatBasin,10/29/1992,42.2,47,52.4,53.7,42.7
GreatBasin,10/30/1992,42.5,46.1,50.7,50.9,41.1
GreatBasin,10/31/1992,38.7,43.7,49.6,50.5,40.2
GreatBasin,11/1/1992,39.3,43.5,51.3,50.5,39.8
GreatBasin,11/2/1992,41.3,45.3,50.5,49.5,37.4
GreatBasin,11/3/1992,31.6,38.2,46.6,46.3,33.7
GreatBasin,11/4/1992,28.2,34.2,41.9,44.8,30.9
GreatBasin,11/5/1992,32.9,37.7,45.8,45.3,31.2
GreatBasin,11/6/1992,32.5,38.6,48.2,48.5,34.2
GreatBasin,11/7/1992,37.3,42.4,51.6,49.2,35
GreatBasin,11/8/1992,35.1,41.1,47.7,47.7,34.6
GreatBasin,11/9/1992,31.3,37.4,43.7,43.4,31.4
GreatBasin,11/10/1992,27.9,33.3,38.7,40.8,28
GreatBasin,11/11/1992,24.7,30.7,40.1,41.2,27.7
GreatBasin,11/12/1992,30.4,35.3,44.8,44.8,29.7
GreatBasin,11/13/1992,34,39.8,49.6,48.9,33.5
GreatBasin,11/14/1992,36.1,42,52.2,51.8,36
GreatBasin,11/15/1992,37.9,44.1,53.6,52.8,37.6
GreatBasin,11/16/1992,38.7,44.4,52.7,52.1,38
GreatBasin,11/17/1992,37.5,42.9,50,49.7,37.2
GreatBasin,11/18/1992,35.3,40.6,46.3,46.6,35
GreatBasin,11/19/1992,32.2,37.4,43.4,43.1,31.7
GreatBasin,11/20/1992,27.7,33,39.5,39.9,27.7
GreatBasin,11/21/1992,23.3,28.5,36.9,38.4,27.2
GreatBasin,11/22/1992,30.5,33,38.7,36.8,25.9
GreatBasin,11/23/1992,23.9,28.9,34.7,34.7,24.2
GreatBasin,11/24/1992,18.1,23.7,30.7,32.3,19.9
GreatBasin,11/25/1992,17.7,22.8,31.5,32.1,18.2
GreatBasin,11/26/1992,18.9,24.1,34,34.3,19.9
GreatBasin,11/27/1992,23.1,27.9,37.5,35.9,23
GreatBasin,11/28/1992,26.9,30.9,36.1,35.7,24.1
GreatBasin,11/29/1992,22.4,27.4,33.5,35.5,23.8
GreatBasin,11/30/1992,22.1,26.8,36.9,36.7,23.9
GreatBasin,12/1/1992,27.2,32.2,39.8,39.1,26.5
GreatBasin,12/2/1992,30.1,33.5,40.5,38.6,27.3
GreatBasin,12/3/1992,24.6,30.2,35.4,34.7,23.9
GreatBasin,12/4/1992,17.1,22.2,28.3,30.4,19.4
GreatBasin,12/5/1992,16.6,20.3,27.4,28.4,16.9
GreatBasin,12/6/1992,17.1,21.5,29.6,30.3,18.5
GreatBasin,12/7/1992,21.8,25.5,34,33,21.7
GreatBasin,12/8/1992,26.3,29.7,35.5,35.2,26
GreatBasin,12/9/1992,30,31.9,36.2,37.1,28.5
GreatBasin,12/10/1992,29.2,32.6,39.7,38.1,29.8
GreatBasin,12/11/1992,30.2,34.3,38.3,37.2,28.2
GreatBasin,12/12/1992,25.3,29.2,33.5,33.3,24.3
GreatBasin,12/13/1992,17.5,22.4,28.2,30.3,20.3
GreatBasin,12/14/1992,18.1,21.4,29.2,28.8,18.9
GreatBasin,12/15/1992,21,24,28.9,27.5,17.6
GreatBasin,12/16/1992,13.8,18.8,24.5,27.1,16.9
GreatBasin,12/17/1992,16,20.4,27.8,25.6,15.4
GreatBasin,12/18/1992,16.4,20.7,24.6,25,14.3
GreatBasin,12/19/1992,10.4,15.5,22.6,25,13.7
GreatBasin,12/20/1992,14.4,18.4,27.8,27.3,15
GreatBasin,12/21/1992,20.2,24.1,31.4,30,18.3
GreatBasin,12/22/1992,20.2,24.4,30.8,31.7,20.8
GreatBasin,12/23/1992,21.9,25.5,33,32.3,21.7
GreatBasin,12/24/1992,23,26.7,33.1,32.4,21.3
GreatBasin,12/25/1992,19,23.8,31.1,32.6,20.9
GreatBasin,12/26/1992,20.8,24.7,33.6,32.2,20.8
GreatBasin,12/27/1992,22.7,26.8,31.9,32.3,22.5
GreatBasin,12/28/1992,23.9,26.2,31.5,32.6,24.9
GreatBasin,12/29/1992,28.2,30.2,34.3,32.3,24.7
GreatBasin,12/30/1992,22.1,26.5,31.1,32.1,22.5
GreatBasin,12/31/1992,17.3,21.8,30.8,32.5,21.3
GreatBasin,1/1/1993,24.5,27.8,35.6,32.8,22
GreatBasin,1/2/1993,24.3,28.1,31.9,30.2,19.5
GreatBasin,1/3/1993,9.7,15.9,23.1,26.2,14.8
GreatBasin,1/4/1993,10.4,14.3,23.7,23.7,10.6
GreatBasin,1/5/1993,11.7,16.6,24.3,24.9,13.1
GreatBasin,1/6/1993,17.2,19.9,26.6,26.8,16.6
GreatBasin,1/7/1993,20.8,23.4,29.5,29,21.1
GreatBasin,1/8/1993,25.2,27.1,30.9,29.2,21.7
GreatBasin,1/9/1993,19.1,23.1,27.3,29,21.2
GreatBasin,1/10/1993,19.4,22.3,28.7,27.1,19.2
GreatBasin,1/11/1993,19,22.7,25.3,25.5,16.3
GreatBasin,1/12/1993,10.5,15.5,22.5,25.4,14.8
GreatBasin,1/13/1993,14.8,19.3,28.5,28.6,17
GreatBasin,1/14/1993,25.8,28.8,34.8,32.6,22.4
GreatBasin,1/15/1993,26.7,30.1,34.5,35.1,26.9
GreatBasin,1/16/1993,28.3,30.8,35.9,34.8,27
GreatBasin,1/17/1993,26,29.4,34,34.6,26.7
GreatBasin,1/18/1993,25.8,28.5,34,34,25.9
GreatBasin,1/19/1993,25.8,28.8,34.1,35.1,26.2
GreatBasin,1/20/1993,26.9,30,37.1,36.4,27.5
GreatBasin,1/21/1993,29.8,33.8,37.9,37.4,29.4
GreatBasin,1/22/1993,31.6,33.8,37.2,36,26
GreatBasin,1/23/1993,16.6,23.5,33,34.6,22.4
GreatBasin,1/24/1993,19.1,23.9,33.7,34.3,20.1
GreatBasin,1/25/1993,24.6,28.4,36.2,35.6,22.9
GreatBasin,1/26/1993,25,29.6,37,36.6,24.9
GreatBasin,1/27/1993,25,29.6,36.7,36.4,24.4
GreatBasin,1/28/1993,23.3,28.5,35.4,35.3,23.6
GreatBasin,1/29/1993,22.5,27.2,33.9,33.9,22.6
GreatBasin,1/30/1993,22,25.8,32.5,33.9,23.4
GreatBasin,1/31/1993,25.6,28.9,35.4,34.3,24.2
GreatBasin,2/1/1993,25.1,29,34.9,35.2,25.1
GreatBasin,2/2/1993,24.5,28.8,35.4,35.3,24.1
GreatBasin,2/3/1993,22.7,27.6,35.5,36,23.7
GreatBasin,2/4/1993,23.9,28.8,37.1,36.8,24.1
GreatBasin,2/5/1993,25.6,29.9,37.9,38.3,25.5
GreatBasin,2/6/1993,27,31.5,39.8,39.3,26.9
GreatBasin,2/7/1993,28.1,32.8,40.3,39.5,28.2
GreatBasin,2/8/1993,29.5,33.1,38.3,39,29.9
GreatBasin,2/9/1993,32.2,34.6,38.3,37.7,30.2
GreatBasin,2/10/1993,28.8,32.4,36.5,37.3,29.3
GreatBasin,2/11/1993,27,31.1,37,36.9,27.4
GreatBasin,2/12/1993,26.3,31.2,37.3,36.7,25.6
GreatBasin,2/13/1993,23.5,28.9,35.8,35.5,24
GreatBasin,2/14/1993,22.1,26.8,33.4,33.1,21.3
GreatBasin,2/15/1993,18.3,22.9,30,30.1,18.1
GreatBasin,2/16/1993,14,19.7,27,29.8,16.3
GreatBasin,2/17/1993,16.6,21.7,32.4,32.2,18.4
GreatBasin,2/18/1993,24.7,28.8,37.1,36.1,24.4
GreatBasin,2/19/1993,31.9,34.6,38.9,37.9,28.6
GreatBasin,2/20/1993,29.3,32.5,37.6,36.1,27.4
GreatBasin,2/21/1993,20.9,25.3,31.8,34.1,24
GreatBasin,2/22/1993,21.9,26.3,33,33.2,21.5
GreatBasin,2/23/1993,21.7,26.6,34.8,33.6,22.4
GreatBasin,2/24/1993,23.6,28,33.1,32.8,20.8
GreatBasin,2/25/1993,17.1,23.6,30.4,31.7,18.9
GreatBasin,2/26/1993,15.9,22,31.7,31.5,17.1
GreatBasin,2/27/1993,18.4,23.8,32.5,32.7,18.4
GreatBasin,2/28/1993,21,25.8,33.9,34.1,20.2
GreatBasin,3/1/1993,21.3,27.2,35.8,36.1,22.5
GreatBasin,3/2/1993,25.2,30,38.6,38,23.8
GreatBasin,3/3/1993,25,30.9,39.5,39.5,25.2
GreatBasin,3/4/1993,25.4,31.8,40.4,41,27.1
GreatBasin,3/5/1993,30.9,35.2,43.1,42.5,29.5
GreatBasin,3/6/1993,32.3,36.9,44.1,44.8,31.8
GreatBasin,3/7/1993,32.2,37.9,47.1,46.8,32.8
GreatBasin,3/8/1993,33.9,40.2,49.1,48.1,33.7
GreatBasin,3/9/1993,34.9,41.2,48.2,48.2,34.3
GreatBasin,3/10/1993,34,40.2,47.3,47.1,34.1
GreatBasin,3/11/1993,33.5,38.8,45.9,44.9,30.6
GreatBasin,3/12/1993,24.4,32.3,41.4,44.2,28.8
GreatBasin,3/13/1993,28.6,34.6,45.2,45,29.5
GreatBasin,3/14/1993,35.4,40,48.3,47.3,33.5
GreatBasin,3/15/1993,36.4,41.7,48.3,48.4,35.6
GreatBasin,3/16/1993,35.1,41.1,48.6,49.1,36.7
GreatBasin,3/17/1993,38.6,43.2,50.3,49.8,37.4
GreatBasin,3/18/1993,38.5,44,50.5,50.9,38
GreatBasin,3/19/1993,37,43.3,51.8,52,37.8
GreatBasin,3/20/1993,37.9,44.6,53.8,52.8,37.1
GreatBasin,3/21/1993,36.3,44.2,52.8,54.7,37.2
GreatBasin,3/22/1993,37.3,45.4,57.4,56.6,38.1
GreatBasin,3/23/1993,40.8,49,59.6,58.3,40.4
GreatBasin,3/24/1993,43,49.7,57.9,57.8,41.4
GreatBasin,3/25/1993,40.4,47.3,55.8,56,41.3
GreatBasin,3/26/1993,40.6,46.8,54.3,53.2,39.5
GreatBasin,3/27/1993,37.4,42.5,49.6,50.2,37.8
GreatBasin,3/28/1993,35.4,40.5,46.6,48.6,35.8
GreatBasin,3/29/1993,34.6,41,49.6,49.1,35.1
GreatBasin,3/30/1993,35.4,42.3,51,51.6,35.4
GreatBasin,3/31/1993,36.1,43.9,54.2,53.5,36.6
GreatBasin,4/1/1993,38.2,45.9,55.4,54.5,37.2
GreatBasin,4/2/1993,37.2,44.2,53.9,54.7,37.5
GreatBasin,4/3/1993,37,44.4,54.8,54.7,38.3
GreatBasin,4/4/1993,40.8,47.6,55.4,54.5,38.2
GreatBasin,4/5/1993,36.8,44.1,53.3,52.4,36.7
GreatBasin,4/6/1993,32.5,40.3,48.4,51.1,34.4
GreatBasin,4/7/1993,33.8,41.6,51.7,52.4,34
GreatBasin,4/8/1993,35.8,44.9,57.2,55.2,36.9
GreatBasin,4/9/1993,41,48.6,56.6,56.3,38.2
GreatBasin,4/10/1993,37.9,46.2,55.1,55.2,38.6
GreatBasin,4/11/1993,37,44.9,53.8,52.9,36.1
GreatBasin,4/12/1993,33.4,41.2,49.9,51.2,34
GreatBasin,4/13/1993,31.6,39.7,50,50.8,33.1
GreatBasin,4/14/1993,34.3,42.6,52.6,52.7,34.4
GreatBasin,4/15/1993,37.3,45.4,55.4,55.2,36.8
GreatBasin,4/16/1993,38.9,47.3,57.5,57.9,39.2
GreatBasin,4/17/1993,41.3,50.3,60.8,59,40.3
GreatBasin,4/18/1993,40.7,48.3,58.8,57.1,38.6
GreatBasin,4/19/1993,33.8,42.4,51.7,56.4,37
GreatBasin,4/20/1993,36.6,45.9,58.6,58.7,37.6
GreatBasin,4/21/1993,42.3,52.2,65.9,63.2,41.7
GreatBasin,4/22/1993,46.2,55.7,65.1,64.3,42.5
GreatBasin,4/23/1993,39.1,48.7,61.8,60.5,41.3
GreatBasin,4/24/1993,38.7,46.5,54.7,59.4,39.3
GreatBasin,4/25/1993,40.2,49.4,61.8,59.5,41.3
GreatBasin,4/26/1993,44.9,53.5,61.9,61.5,41.9
GreatBasin,4/27/1993,40.7,51,60.8,62,42.6
GreatBasin,4/28/1993,42.3,52.3,63.2,63.2,42.7
GreatBasin,4/29/1993,45.2,54.9,65.7,64.5,44
GreatBasin,4/30/1993,44.5,53.9,64.6,63.8,43.3
GreatBasin,5/1/1993,40.1,50.3,61,63.6,43.1
GreatBasin,5/2/1993,44.8,54.1,65.2,64.3,43.8
GreatBasin,5/3/1993,46.5,56.3,66.7,65.6,44.5
GreatBasin,5/4/1993,42.2,50.6,64.9,62.6,42.5
GreatBasin,5/5/1993,38.7,46.4,56.3,60.2,41.6
GreatBasin,5/6/1993,43.8,51.1,59.4,58,41.2
GreatBasin,5/7/1993,41.2,49.9,58.3,58.4,41.6
GreatBasin,5/8/1993,39.8,48.1,57.5,59.5,39.6
GreatBasin,5/9/1993,37.9,48.5,62.8,64.7,41
GreatBasin,5/10/1993,45.2,57.3,73.9,71.8,44.9
GreatBasin,5/11/1993,51.5,64.2,78.6,76.5,50
GreatBasin,5/12/1993,53.2,64.8,76.9,76.7,52.4
GreatBasin,5/13/1993,52.6,64.1,74.7,75.3,53.3
GreatBasin,5/14/1993,54,64.7,74.3,74,53.9
GreatBasin,5/15/1993,55.2,64.4,73,72.6,54.7
GreatBasin,5/16/1993,54.8,63.1,70.5,71.8,54
GreatBasin,5/17/1993,52,61.9,72,72.3,53.3
GreatBasin,5/18/1993,53.2,63.6,74.5,74.2,53.1
GreatBasin,5/19/1993,54,65,76,75.5,53.8
GreatBasin,5/20/1993,54.3,65.5,75.9,75.5,54.2
GreatBasin,5/21/1993,54.3,64.2,74.7,73.9,52.9
GreatBasin,5/22/1993,50.1,60.6,71,72.2,51.4
GreatBasin,5/23/1993,49.7,60.5,70.9,71.8,50.3
GreatBasin,5/24/1993,51,61.8,73.4,73.5,51
GreatBasin,5/25/1993,52.2,63.9,76.3,75.3,52.3
GreatBasin,5/26/1993,53.7,65,76.2,75.9,53
GreatBasin,5/27/1993,53,64.6,75.3,75.2,52.9
GreatBasin,5/28/1993,52.1,63.8,74.2,74.1,52.2
GreatBasin,5/29/1993,51.4,62.6,72.7,74.7,52.1
GreatBasin,5/30/1993,52.9,64.5,77.3,75.8,53.7
GreatBasin,5/31/1993,56.8,67.4,77.4,76.4,53.7
GreatBasin,6/1/1993,51.3,62.1,74.5,73.5,52.4
GreatBasin,6/2/1993,49.1,59.1,68.5,69.5,48.5
GreatBasin,6/3/1993,45,53.9,65.4,66.9,46.8
GreatBasin,6/4/1993,46.4,56,66.9,66,47
GreatBasin,6/5/1993,49.6,56.9,65.6,64.6,47.1
GreatBasin,6/6/1993,45.2,52.3,61.2,61.7,45.8
GreatBasin,6/7/1993,42.7,49.9,58.4,61,44.1
GreatBasin,6/8/1993,44.3,53.1,63.5,63.8,44.4
GreatBasin,6/9/1993,46.1,57.2,69.5,68.9,47.4
GreatBasin,6/10/1993,51.8,62.4,73.8,72.5,50.4
GreatBasin,6/11/1993,53.2,64,74.3,73.7,51.1
GreatBasin,6/12/1993,48.3,59.8,72.9,74.3,50.4
GreatBasin,6/13/1993,49.6,61.5,75.7,77.3,51.1
GreatBasin,6/14/1993,55.5,68.3,83.3,80.5,54.9
GreatBasin,6/15/1993,59.5,71.2,82.6,81.7,56.7
GreatBasin,6/16/1993,55.2,66,79.1,77.7,55
GreatBasin,6/17/1993,50.3,60.6,71.4,75.2,52.4
GreatBasin,6/18/1993,51.7,62.7,75.1,76,52.7
GreatBasin,6/19/1993,56.2,68.4,81.6,80.6,56.2
GreatBasin,6/20/1993,60.7,73,85.2,83.4,59.5
GreatBasin,6/21/1993,61.7,72.1,83.3,82.2,58.7
GreatBasin,6/22/1993,53.8,65,78.1,77.7,55.6
GreatBasin,6/23/1993,51.2,61.6,71.6,74.3,51.4
GreatBasin,6/24/1993,49.2,60.6,73.1,75.3,51.3
GreatBasin,6/25/1993,53.4,66.1,81.1,80.6,54.1
GreatBasin,6/26/1993,59.7,73,87.6,85.2,58.8
GreatBasin,6/27/1993,63.3,75.8,86.9,86.9,61.6
GreatBasin,6/28/1993,61.7,73.8,86.1,84.6,59.7
GreatBasin,6/29/1993,54.2,66.7,80.8,82.2,56.9
GreatBasin,6/30/1993,54.7,67.1,79.7,80.9,55.5
GreatBasin,7/1/1993,57.7,69.9,82.2,81.6,57.4
GreatBasin,7/2/1993,59.8,72,82.9,82,56.8
GreatBasin,7/3/1993,52.8,64.7,80.9,78.6,55.2
GreatBasin,7/4/1993,53,63.3,72.1,76.3,52.6
GreatBasin,7/5/1993,52.1,63.5,75.8,75.6,53.4
GreatBasin,7/6/1993,55.2,67,78.8,78.6,54.6
GreatBasin,7/7/1993,56.5,68.9,81.3,80.2,56.2
GreatBasin,7/8/1993,56.9,68.8,80.5,81.7,57.1
GreatBasin,7/9/1993,58,70.3,83.2,82,58.2
GreatBasin,7/10/1993,59.7,71.5,82.4,83.1,58.7
GreatBasin,7/11/1993,58.5,71,83.8,83.2,59.1
GreatBasin,7/12/1993,59.1,70.6,83.3,81.7,57.4
GreatBasin,7/13/1993,54.6,66.4,78.1,79.9,56.5
GreatBasin,7/14/1993,55.7,67.4,78.4,78,55.1
GreatBasin,7/15/1993,55.1,67,77.6,77.5,54.5
GreatBasin,7/16/1993,52.6,64.4,76.5,77,53.7
GreatBasin,7/17/1993,53.3,65.1,77,77.5,53.4
GreatBasin,7/18/1993,54.3,66.4,78.9,79.7,54.9
GreatBasin,7/19/1993,57.1,69.6,83.2,81.5,56.7
GreatBasin,7/20/1993,58.7,70.5,82.3,81.9,57.3
GreatBasin,7/21/1993,56.1,67.8,80.2,79.5,57.1
GreatBasin,7/22/1993,56.4,66.4,76,76.9,56.6
GreatBasin,7/23/1993,57.2,65.4,74.5,74.9,55.9
GreatBasin,7/24/1993,54.2,63.8,74.2,75.9,55.6
GreatBasin,7/25/1993,55.5,66.6,79,77.1,55.4
GreatBasin,7/26/1993,56.4,66.4,78.2,79.3,55.8
GreatBasin,7/27/1993,55.5,66.9,80.6,82.4,57.2
GreatBasin,7/28/1993,59.7,72.5,88.3,85.8,60.2
GreatBasin,7/29/1993,65.5,76.8,88.4,87.8,62.7
GreatBasin,7/30/1993,62.8,74.9,86.8,87.4,64
GreatBasin,7/31/1993,63.6,75.3,87,87.1,63.4
GreatBasin,8/1/1993,63.7,75.7,87.6,87.3,63.9
GreatBasin,8/2/1993,64.5,76.3,87.4,87,64
GreatBasin,8/3/1993,63.7,75.2,86.1,85.9,64.3
GreatBasin,8/4/1993,64.7,74.7,84.2,84.9,63.4
GreatBasin,8/5/1993,61.7,72.9,84.3,84.6,62.9
GreatBasin,8/6/1993,62.2,73.7,85.2,84.2,62.1
GreatBasin,8/7/1993,62.4,72.9,83.1,83.9,61.6
GreatBasin,8/8/1993,60.2,71.4,83.5,84,61.7
GreatBasin,8/9/1993,62.4,73.8,85.5,84.6,61.7
GreatBasin,8/10/1993,62.6,73.8,84.9,84.7,61.8
GreatBasin,8/11/1993,60.4,72.2,83.7,83.6,60
GreatBasin,8/12/1993,57,69.7,82.1,82.3,58.2
GreatBasin,8/13/1993,57.3,69.6,81.2,81.7,57.3
GreatBasin,8/14/1993,57.6,69.6,81.9,81.2,57.7
GreatBasin,8/15/1993,58.1,69.1,80.4,80.2,56.9
GreatBasin,8/16/1993,54.9,66.3,78.4,78.9,55.9
GreatBasin,8/17/1993,54.8,65.9,77.9,79.7,55.9
GreatBasin,8/18/1993,57.9,69.3,82.8,81.4,57.8
GreatBasin,8/19/1993,60.7,71.8,83.4,82.5,59.7
GreatBasin,8/20/1993,60.6,71.2,81.2,81.2,59.7
GreatBasin,8/21/1993,57.8,68.1,78.9,79.9,58.3
GreatBasin,8/22/1993,56.6,67.4,79.5,81,57.7
GreatBasin,8/23/1993,58.7,70.7,84.5,82.4,58.3
GreatBasin,8/24/1993,59.6,71.3,83.3,82.7,57.6
GreatBasin,8/25/1993,54.6,66.5,80.4,79.4,55.6
GreatBasin,8/26/1993,52.6,63.7,74.6,77.8,53.7
GreatBasin,8/27/1993,54,65.3,78.3,77.4,54.5
GreatBasin,8/28/1993,56.9,67.8,79.2,78.4,55.8
GreatBasin,8/29/1993,56.5,66,77.8,76.8,54.7
GreatBasin,8/30/1993,50.8,61.8,73.4,76.2,53.8
GreatBasin,8/31/1993,54.1,64.6,77.5,76.7,54.1
GreatBasin,9/1/1993,57.4,67.9,79.3,78.6,56.3
GreatBasin,9/2/1993,57.3,68,79,80.7,57.8
GreatBasin,9/3/1993,58.8,70.1,83.7,82,59.5
GreatBasin,9/4/1993,62.4,72.6,83.2,82.7,60.1
GreatBasin,9/5/1993,59.1,69.7,81.1,81.2,59.5
GreatBasin,9/6/1993,56.9,67.8,79.2,80.1,57.9
GreatBasin,9/7/1993,57.6,68.2,80,80.5,57.5
GreatBasin,9/8/1993,58,69.3,82.3,81.5,58.2
GreatBasin,9/9/1993,59,70.3,82.1,83.1,58.8
GreatBasin,9/10/1993,59.3,71.1,84.9,84.1,60
GreatBasin,9/11/1993,61.8,73.1,85.4,84.4,59.1
GreatBasin,9/12/1993,56.1,65.7,82.9,78.2,53.8
GreatBasin,9/13/1993,43.5,54,66.4,72.9,47.6
GreatBasin,9/14/1993,43.3,54.3,69.5,69,45.6
GreatBasin,9/15/1993,50,59.8,71,69.9,47.6
GreatBasin,9/16/1993,49.5,59.1,69.3,68.9,48.9
GreatBasin,9/17/1993,47.1,56.2,66.4,66.7,47.3
GreatBasin,9/18/1993,45.4,54.4,64.3,66.6,46.2
GreatBasin,9/19/1993,46.2,56.3,69.1,68.7,47.1
GreatBasin,9/20/1993,49.8,59.7,72.6,70.7,47.8
GreatBasin,9/21/1993,47.5,58.1,70.3,70.9,48
GreatBasin,9/22/1993,46.6,57.2,69.8,70.1,47.2
GreatBasin,9/23/1993,47.4,58,70.2,69.9,46.9
GreatBasin,9/24/1993,46.7,57.4,69.7,70.6,47.5
GreatBasin,9/25/1993,48.5,58.9,72,71.6,48.1
GreatBasin,9/26/1993,49.1,60,73.2,74.5,50.1
GreatBasin,9/27/1993,52.6,63.3,78.2,76.4,52
GreatBasin,9/28/1993,54.3,65.1,77.9,78.3,53.6
GreatBasin,9/29/1993,53.8,65.1,78.7,78.1,54.8
GreatBasin,9/30/1993,56.4,66.3,77.7,77.5,54.7
GreatBasin,10/1/1993,53.9,64.2,76,76.4,54.6
GreatBasin,10/2/1993,53.4,63.6,75.6,76.7,53.9
GreatBasin,10/3/1993,54.3,64.9,78.5,77.3,54.5
GreatBasin,10/4/1993,55.7,66,77.9,77.5,55.3
GreatBasin,10/5/1993,55.8,65.1,76.2,75.6,54.9
GreatBasin,10/6/1993,53.1,61.5,72.7,70.7,52.1
GreatBasin,10/7/1993,47.3,53.7,63.2,64.1,47
GreatBasin,10/8/1993,40.6,48,56.3,58.8,42
GreatBasin,10/9/1993,38.2,46.2,56.9,58.7,40.2
GreatBasin,10/10/1993,41.8,50.1,62.8,61.1,42.2
GreatBasin,10/11/1993,46.7,53.9,63.6,62.9,44.6
GreatBasin,10/12/1993,45.3,52.9,62.3,63.2,45.9
GreatBasin,10/13/1993,45.6,53.4,63.7,62.4,45.5
GreatBasin,10/14/1993,45.6,52.8,61.1,60.7,45
GreatBasin,10/15/1993,43.9,50.2,57.4,58.1,43.8
GreatBasin,10/16/1993,41.9,48.2,55.7,55.7,41.9
GreatBasin,10/17/1993,40,46.4,53.9,54.7,40.1
GreatBasin,10/18/1993,38.4,45.4,54.5,54.7,39
GreatBasin,10/19/1993,38.6,46,55.8,56,38.4
GreatBasin,10/20/1993,38.3,46.6,57.7,58.3,39.5
GreatBasin,10/21/1993,41.5,49.2,61.4,60.9,41.3
GreatBasin,10/22/1993,44,52.2,63.6,63.3,43.3
GreatBasin,10/23/1993,44.5,53.3,64.9,64.3,44.8
GreatBasin,10/24/1993,45.8,54.1,64.3,63.3,44.6
GreatBasin,10/25/1993,43.4,51.8,60.6,60.4,42.8
GreatBasin,10/26/1993,39.3,47.6,56.2,57.9,40.1
GreatBasin,10/27/1993,37.6,45.5,56.9,56.1,39.3
GreatBasin,10/28/1993,41,47.3,55.2,54,37.9
GreatBasin,10/29/1993,35.1,42.9,49.9,52.6,36
GreatBasin,10/30/1993,32,40.2,52.8,52.9,34.9
GreatBasin,10/31/1993,37.6,44.6,55.9,53.2,35.6
GreatBasin,11/1/1993,37.3,44.4,50.8,52.6,35.7
GreatBasin,11/2/1993,32.3,39.9,51.1,52.7,36.3
GreatBasin,11/3/1993,39.4,45,56.2,53,35.6
GreatBasin,11/4/1993,35.1,42.9,51.7,51.2,35.2
GreatBasin,11/5/1993,31.1,38.2,45.6,47.8,31.2
GreatBasin,11/6/1993,27.5,35.2,46,46.5,29.9
GreatBasin,11/7/1993,31.1,37.8,48,47.7,30.1
GreatBasin,11/8/1993,31.6,38.9,49.2,49.7,31.8
GreatBasin,11/9/1993,32.7,40.2,51.9,51.5,33.9
GreatBasin,11/10/1993,37.5,43.2,53.4,51.1,35.4
GreatBasin,11/11/1993,36.1,41.8,48,48.2,35.1
GreatBasin,11/12/1993,31.6,37.1,43.2,43.9,32.2
GreatBasin,11/13/1993,28.8,34,40.6,40.5,28.5
GreatBasin,11/14/1993,25.1,30.8,37.7,40,26.6
GreatBasin,11/15/1993,26,31.7,41.8,41.4,26.8
GreatBasin,11/16/1993,29.4,34.9,44.6,44.1,28.8
GreatBasin,11/17/1993,31.1,36.6,46,44.5,30.9
GreatBasin,11/18/1993,32.3,37,42.9,42.6,29.4
GreatBasin,11/19/1993,24.7,31.4,38.9,41.2,27.6
GreatBasin,11/20/1993,25.8,31.7,41.9,42,26.7
GreatBasin,11/21/1993,29.5,35.2,45.1,42.4,29.5
GreatBasin,11/22/1993,33.3,37.1,40.3,40.6,29
GreatBasin,11/23/1993,24.3,30.4,36.5,34.8,24.5
GreatBasin,11/24/1993,15.8,21.5,27.7,29.8,17.1
GreatBasin,11/25/1993,11.2,16.9,25.1,27.6,13.5
GreatBasin,11/26/1993,13.4,18.8,30.1,30.4,14.5
GreatBasin,11/27/1993,18.8,24.2,36,36,20.1
GreatBasin,11/28/1993,28.1,32.2,42,41,26.3
GreatBasin,11/29/1993,32.1,36.7,45.1,42.8,30.8
GreatBasin,11/30/1993,32.2,36.3,41.2,42.4,30.7
GreatBasin,12/1/1993,27.8,33.2,40.8,41.1,30.8
GreatBasin,12/2/1993,32.3,35.6,41.4,40.7,29.1
GreatBasin,12/3/1993,27.3,32.2,39.8,41,30.5
GreatBasin,12/4/1993,31.9,34.8,41.8,39.4,27.8
GreatBasin,12/5/1993,24.1,30.5,36.6,38.9,27.1
GreatBasin,12/6/1993,25.4,29.5,38.3,38.4,25.2
GreatBasin,12/7/1993,26,31.2,40.3,41.1,28.4
GreatBasin,12/8/1993,33.7,36.8,44.6,43.2,31.2
GreatBasin,12/9/1993,34,38.8,44.7,45.8,33.9
GreatBasin,12/10/1993,34.1,39,48,46.6,34.9
GreatBasin,12/11/1993,36.7,40.7,47.1,45.9,33.4
GreatBasin,12/12/1993,29.4,35.2,42.7,41.5,29.2
GreatBasin,12/13/1993,21.6,26.6,34.6,38.6,25.7
GreatBasin,12/14/1993,26,29.8,38.6,35.7,24.5
GreatBasin,12/15/1993,25.8,29.7,33.8,34.7,24.9
GreatBasin,12/16/1993,22.8,26.7,31.7,32.4,23
GreatBasin,12/17/1993,20.4,24.7,31.7,31.7,20.9
GreatBasin,12/18/1993,19.4,23.8,31.6,31.2,19.6
GreatBasin,12/19/1993,19.1,23.9,30.3,30.4,18.5
GreatBasin,12/20/1993,17.1,21.7,29.2,29.6,17.9
GreatBasin,12/21/1993,17.4,22.3,29.2,29.4,17
GreatBasin,12/22/1993,16.6,21.2,29.8,29.4,17.4
GreatBasin,12/23/1993,18.1,23.2,29.2,30.6,18
GreatBasin,12/24/1993,19.4,23.3,32.7,33,20.1
GreatBasin,12/25/1993,22.8,27.3,37,36.1,22.9
GreatBasin,12/26/1993,26.6,30.7,38.5,37.4,25.9
GreatBasin,12/27/1993,28.2,31.8,36.7,37.3,26.9
GreatBasin,12/28/1993,25.8,30.2,36.6,35.9,25.5
GreatBasin,12/29/1993,22.6,27.4,34.4,35.8,24
GreatBasin,12/30/1993,23.5,27.8,36.3,36.4,24.4
GreatBasin,12/31/1993,27.1,31.5,38.4,38.7,26.5
GreatBasin,1/1/1994,28.8,32.8,41.4,40.4,28.5
GreatBasin,1/2/1994,29.6,34.9,41.3,42.5,30.7
GreatBasin,1/3/1994,33.6,36.8,44.8,43.5,32.5
GreatBasin,1/4/1994,34.3,37.8,44.3,43.4,34
GreatBasin,1/5/1994,34.1,37.7,41.2,40.1,30.2
GreatBasin,1/6/1994,22.1,27.2,34.7,36.4,25.1
GreatBasin,1/7/1994,19.1,23.8,33.4,34.9,21.9
GreatBasin,1/8/1994,24.5,28.5,36.7,35.8,23.6
GreatBasin,1/9/1994,27.3,31.6,37.3,36.7,25.8
GreatBasin,1/10/1994,25.7,30.1,36.1,37.1,26.4
GreatBasin,1/11/1994,26.1,30,37.9,37.6,26.3
GreatBasin,1/12/1994,27.1,31.6,38.9,39.7,28.3
GreatBasin,1/13/1994,31.7,34.9,42.4,41.2,30
GreatBasin,1/14/1994,31.1,36.2,42.4,42.8,31.5
GreatBasin,1/15/1994,31.8,35.9,43.5,41.9,30.3
GreatBasin,1/16/1994,27.9,33.9,39.7,41.1,28.9
GreatBasin,1/17/1994,27.1,31.7,40.2,41.6,28.5
GreatBasin,1/18/1994,30.5,35.2,44.9,43.4,30
GreatBasin,1/19/1994,32.3,37.8,45.2,45.2,31.3
GreatBasin,1/20/1994,31.1,37,45.4,45.7,31.9
GreatBasin,1/21/1994,32.4,37.9,46.4,46.3,32.5
GreatBasin,1/22/1994,33.9,39.2,47.1,46.4,33
GreatBasin,1/23/1994,32.6,38.4,45.6,45.6,33.1
GreatBasin,1/24/1994,32.8,37.9,44,43.5,32.1
GreatBasin,1/25/1994,30.8,34.9,40.9,40.1,30.3
GreatBasin,1/26/1994,27.2,30.9,35.5,37,27.7
GreatBasin,1/27/1994,25.1,29.3,34.7,34.9,24.9
GreatBasin,1/28/1994,22.5,27.4,34.4,34.7,23.3
GreatBasin,1/29/1994,22.2,27.2,35,33.9,22
GreatBasin,1/30/1994,21.2,26.6,32.3,31.7,18.9
GreatBasin,1/31/1994,13.4,19.8,27.7,29.8,16.2
GreatBasin,2/1/1994,14,20,29.4,29.9,14.8
GreatBasin,2/2/1994,17.1,22.9,32.5,32,16.6
GreatBasin,2/3/1994,18.6,24.8,34,33.5,18.9
GreatBasin,2/4/1994,20.9,26.2,33.9,34.7,20.3
GreatBasin,2/5/1994,21.3,27,36.3,35.2,21.6
GreatBasin,2/6/1994,22.7,28.3,35.4,35.6,23.5
GreatBasin,2/7/1994,26.5,29.7,35,34.3,24.6
GreatBasin,2/8/1994,24.6,28.5,32.5,34.1,23.5
GreatBasin,2/9/1994,19.3,24.5,34.8,35.1,23.3
GreatBasin,2/10/1994,26.1,30.3,38.1,36.4,22.8
GreatBasin,2/11/1994,23,28.7,36.2,35,21.3
GreatBasin,2/12/1994,14.7,21.1,30.6,34.6,19.1
GreatBasin,2/13/1994,19.7,25,37,35.9,19.7
GreatBasin,2/14/1994,24.8,30.5,40,39.9,23.5
GreatBasin,2/15/1994,26,32.3,42.8,42.9,27.7
GreatBasin,2/16/1994,32.4,37.1,46,44.3,31.4
GreatBasin,2/17/1994,35.9,39.4,44,43.4,32.2
GreatBasin,2/18/1994,28.3,33.5,40.2,39.2,28.8
GreatBasin,2/19/1994,22.1,27.1,33.3,35.7,23.9
GreatBasin,2/20/1994,21.2,26.1,33.5,33.8,21.9
GreatBasin,2/21/1994,22.3,27.5,34.5,33.5,21.5
GreatBasin,2/22/1994,21.1,25.9,32.4,33.7,20.6
GreatBasin,2/23/1994,18.5,24.4,34.3,34.9,21.8
GreatBasin,2/24/1994,25.9,30.1,37.9,39,24.2
GreatBasin,2/25/1994,28.3,34.1,44.7,43.2,29.4
GreatBasin,2/26/1994,34.1,38.9,47,45.7,32.5
GreatBasin,2/27/1994,35,39.4,45.4,45.6,33.3
GreatBasin,2/28/1994,30.8,36.7,44.3,46.3,33.1
GreatBasin,3/1/1994,33.4,39.1,49.3,48.9,33.5
GreatBasin,3/2/1994,36.3,42.9,53.2,52.7,36
GreatBasin,3/3/1994,38.3,45.6,55.7,54.8,38.1
GreatBasin,3/4/1994,39.7,46.9,55.5,55,38.4
GreatBasin,3/5/1994,37.1,44.3,53.9,52.7,37
GreatBasin,3/6/1994,34.2,41.1,48.8,50.1,34.4
GreatBasin,3/7/1994,31.8,39.2,47.6,47.9,32.4
GreatBasin,3/8/1994,31.1,38.3,47.3,48.3,31.7
GreatBasin,3/9/1994,32.3,39.8,50.1,49.9,32.9
GreatBasin,3/10/1994,35.2,42.6,52.3,51.2,34.4
GreatBasin,3/11/1994,35.6,42,51.2,51.3,34.3
GreatBasin,3/12/1994,32.2,39.5,50.4,52.6,34.5
GreatBasin,3/13/1994,35.6,43.4,56.1,55.4,36
GreatBasin,3/14/1994,40.2,48.5,59.7,59.6,39.2
GreatBasin,3/15/1994,41.7,50.6,63,61.4,42.1
GreatBasin,3/16/1994,44.4,52.4,61.6,61.1,41.8
GreatBasin,3/17/1994,39.4,47.9,58.8,59,41.4
GreatBasin,3/18/1994,40.5,47.5,56.6,56.5,39.5
GreatBasin,3/19/1994,38.6,44.9,54,53.1,36.7
GreatBasin,3/20/1994,31.1,38.6,48.7,52.5,35.4
GreatBasin,3/21/1994,36.5,43.4,54.7,52.2,34.5
GreatBasin,3/22/1994,36,43.1,53.3,50.7,32.8
GreatBasin,3/23/1994,25.9,33.5,44,48.2,30.3
GreatBasin,3/24/1994,29.1,36,47.3,45.7,28.7
GreatBasin,3/25/1994,31,37.6,45.9,47.6,30.7
GreatBasin,3/26/1994,31.9,38.8,49.6,48.2,31.7
GreatBasin,3/27/1994,32.3,40.1,49.2,51.6,33
GreatBasin,3/28/1994,34.9,42.9,56.1,53.7,34.8
GreatBasin,3/29/1994,37.3,46.1,55.9,57,36.4
GreatBasin,3/30/1994,37,46.7,58.9,58.6,38.1
GreatBasin,3/31/1994,39.9,49.3,61,59.9,39.5
GreatBasin,4/1/1994,41.6,49.5,59.9,60.2,40.1
GreatBasin,4/2/1994,38.9,48.3,59.7,59.6,41
GreatBasin,4/3/1994,42.6,50.8,59.2,58.2,38.8
GreatBasin,4/4/1994,35,43.5,55.6,55,36.3
GreatBasin,4/5/1994,31.3,39.6,50.2,53.2,34.4
GreatBasin,4/6/1994,37,44.2,53.9,52.2,34.9
GreatBasin,4/7/1994,36.3,43.6,52.5,52.7,36.1
GreatBasin,4/8/1994,35,42.6,51.7,51.6,35.6
GreatBasin,4/9/1994,35.4,42.4,50.6,50.7,35.1
GreatBasin,4/10/1994,34.8,41.1,49.8,52.2,35.3
GreatBasin,4/11/1994,35.7,44.1,56.3,55.9,36.7
GreatBasin,4/12/1994,39.7,49.3,61.5,59.8,39
GreatBasin,4/13/1994,41.5,51.4,61.7,61.3,41.2
GreatBasin,4/14/1994,42.5,51.1,60.7,62.4,41.5
GreatBasin,4/15/1994,40.5,50.6,64.9,66.5,43.2
GreatBasin,4/16/1994,46.5,58.2,73.9,71.6,46.6
GreatBasin,4/17/1994,52.9,63.7,76.1,75.2,51
GreatBasin,4/18/1994,53.7,64.6,75.6,75.6,53.2
GreatBasin,4/19/1994,52.9,64.1,75.1,75.7,53.2
GreatBasin,4/20/1994,53,64.5,76.3,75.7,53.1
GreatBasin,4/21/1994,53.3,64.8,75.7,75.2,52.3
GreatBasin,4/22/1994,50.7,60.8,73.5,71.9,49.9
GreatBasin,4/23/1994,45.7,55.8,66.6,67.4,46
GreatBasin,4/24/1994,41.7,50,62.2,59.7,41
GreatBasin,4/25/1994,35.6,42.5,50.4,52.9,36.7
GreatBasin,4/26/1994,32.9,39.4,46.2,47.9,33.4
GreatBasin,4/27/1994,31.7,39.3,47.2,47.7,32.7
GreatBasin,4/28/1994,33.5,40.9,49.8,50.5,33.4
GreatBasin,4/29/1994,35,43.7,54.5,54.5,35.8
GreatBasin,4/30/1994,38.8,48,59.2,57.7,38.3
GreatBasin,5/1/1994,41.1,49.9,59.3,60.7,40.7
GreatBasin,5/2/1994,42.1,52.1,63.7,62.6,42.6
GreatBasin,5/3/1994,44.7,54.5,64.9,66.3,44.8
GreatBasin,5/4/1994,47.6,57.7,70.2,68.6,47.9
GreatBasin,5/5/1994,51.3,60.6,70.6,70,49.4
GreatBasin,5/6/1994,49.4,59.3,69.2,68.7,48.9
GreatBasin,5/7/1994,46.1,56.7,66.3,66.8,47.2
GreatBasin,5/8/1994,46,55.4,65,67.5,46.6
GreatBasin,5/9/1994,47.6,58.2,71.2,70.2,48.4
GreatBasin,5/10/1994,51.7,62.6,74.5,74.1,51.2
GreatBasin,5/11/1994,54.4,65.2,76.6,75.6,53.6
GreatBasin,5/12/1994,54.8,65.7,75.6,75.4,53.9
GreatBasin,5/13/1994,52.5,62.5,74,74.5,52.3
GreatBasin,5/14/1994,49.7,61.2,74,73.6,52.1
GreatBasin,5/15/1994,54.2,63.9,72.9,72.4,50.6
GreatBasin,5/16/1994,47.8,58,70.4,68.9,48.2
GreatBasin,5/17/1994,42.7,52,63.3,65.5,43.8
GreatBasin,5/18/1994,40.8,51.5,62.7,62.6,42.3
GreatBasin,5/19/1994,43.4,52.8,61.9,61.8,42.2
GreatBasin,5/20/1994,42.5,51.6,60.7,63.8,43.2
GreatBasin,5/21/1994,43.8,55.2,68.8,67.8,45.1
GreatBasin,5/22/1994,49,60.7,73.8,72.9,48.1
GreatBasin,5/23/1994,51.6,63.8,76,75.7,51.3
GreatBasin,5/24/1994,53.4,65.6,77.2,76.4,53.3
GreatBasin,5/25/1994,55,66.2,76.1,76.6,54.1
GreatBasin,5/26/1994,53.9,65.7,76.5,76,54.6
GreatBasin,5/27/1994,54.8,65.5,75.4,75.8,53.4
GreatBasin,5/28/1994,51.6,63.4,75.4,76.4,53.4
GreatBasin,5/29/1994,53.7,65.8,78.3,78,53.8
GreatBasin,5/30/1994,56.1,68.3,80.4,79.5,55.7
GreatBasin,5/31/1994,57.2,67.7,79.8,78.3,55.7
GreatBasin,6/1/1994,53.7,64,74.6,77.8,54.9
GreatBasin,6/2/1994,53.8,66,79.1,79.1,55
GreatBasin,6/3/1994,57.5,70.1,83.5,81.5,56.2
GreatBasin,6/4/1994,57.4,69.5,81.9,82.3,56.9
GreatBasin,6/5/1994,55.9,68.4,81.5,81.3,56.6
GreatBasin,6/6/1994,56.6,67.6,80.4,78.3,53.6
GreatBasin,6/7/1994,48.4,59.9,73.1,74.7,51
GreatBasin,6/8/1994,47.9,59.3,70.7,73.8,49.3
GreatBasin,6/9/1994,51.7,63.9,77.7,77.1,52.1
GreatBasin,6/10/1994,56.8,69.4,83,82.4,56.4
GreatBasin,6/11/1994,60.6,73.5,86.4,84.8,60
GreatBasin,6/12/1994,62.7,74.5,85.1,85,61.9
GreatBasin,6/13/1994,62.3,73.5,83.6,83.5,59.3
GreatBasin,6/14/1994,53,65.1,81.7,79,54.9
GreatBasin,6/15/1994,49.5,60.8,71.8,75.2,50.5
GreatBasin,6/16/1994,49.1,61,72.2,74.7,49.9
GreatBasin,6/17/1994,51.1,64.2,80.1,78.4,52.5
GreatBasin,6/18/1994,57.4,70.2,82.9,82.8,56.1
GreatBasin,6/19/1994,59.7,72.6,85.4,85.5,60
GreatBasin,6/20/1994,62.8,75.4,88.2,86.7,62.4
GreatBasin,6/21/1994,64.6,75.7,86.6,86.9,63.1
GreatBasin,6/22/1994,61.8,74.1,85.8,87.2,63.2
GreatBasin,6/23/1994,63.1,76.1,89.2,88.2,62.7
GreatBasin,6/24/1994,63.3,76.8,89.6,90,63.6
GreatBasin,6/25/1994,64.4,78,91.2,90.3,64
GreatBasin,6/26/1994,64.4,76.7,90.2,89.2,62.8
GreatBasin,6/27/1994,59.6,72.5,86.3,89.2,62.9
GreatBasin,6/28/1994,64.6,77.6,91.1,89.9,63.8
GreatBasin,6/29/1994,67.3,80.5,92.4,91.8,66.4
GreatBasin,6/30/1994,67.2,80,91.9,91.7,67.2
GreatBasin,7/1/1994,67,79.9,90.8,90.7,66.4
GreatBasin,7/2/1994,65,76.8,89.5,88,63.6
GreatBasin,7/3/1994,58.9,71.6,83.8,85.6,60.8
GreatBasin,7/4/1994,58.4,71,83.4,83.3,58.7
GreatBasin,7/5/1994,58.7,71.4,82.7,82.4,57
GreatBasin,7/6/1994,53.8,65.8,81.2,81.6,56.1
GreatBasin,7/7/1994,55.9,67.8,81,83,56.6
GreatBasin,7/8/1994,60,73,86.9,86.6,60.1
GreatBasin,7/9/1994,64.3,77.9,91.8,89.7,63.4
GreatBasin,7/10/1994,65.9,78.9,90.5,90.2,64.3
GreatBasin,7/11/1994,62.7,76.1,88.3,88.6,63.9
GreatBasin,7/12/1994,63,75.5,87,87.3,62.6
GreatBasin,7/13/1994,62.2,74.7,86.6,86.9,62.5
GreatBasin,7/14/1994,62.2,75.1,87.1,87.2,62.3
GreatBasin,7/15/1994,62.6,75.4,87.8,88.2,62.8
GreatBasin,7/16/1994,63.6,76.6,89.6,89.5,63.9
GreatBasin,7/17/1994,65.5,78.3,91.2,90.2,65.1
GreatBasin,7/18/1994,66.3,78.4,89.7,89.4,65.1
GreatBasin,7/19/1994,63.5,75.1,87.4,87.9,64.3
GreatBasin,7/20/1994,63,74.8,86.5,87.9,63.6
GreatBasin,7/21/1994,64.4,77,89.9,88.8,65
GreatBasin,7/22/1994,67.7,79.2,89.9,89.8,66.6
GreatBasin,7/23/1994,67.6,78.9,89.5,89.7,67.5
GreatBasin,7/24/1994,67.3,78.8,89.6,89.9,67.2
GreatBasin,7/25/1994,66.8,78.8,90.6,91,67.2
GreatBasin,7/26/1994,67.4,79.8,92.7,92.1,68
GreatBasin,7/27/1994,69.7,81.5,93.1,92.5,68.8
GreatBasin,7/28/1994,69.3,81,91.6,92.7,69.4
GreatBasin,7/29/1994,69.1,81.2,93.4,92.4,69.3
GreatBasin,7/30/1994,69.5,80.9,92.1,91.5,68.5
GreatBasin,7/31/1994,67,78.2,89.1,90,67.9
GreatBasin,8/1/1994,67.2,78.2,88.8,89.1,66.5
GreatBasin,8/2/1994,65.2,77.3,89.4,89.7,65.9
GreatBasin,8/3/1994,65.3,78.1,91,91.4,65.8
GreatBasin,8/4/1994,66.9,79.8,93.8,92.9,66.6
GreatBasin,8/5/1994,67.7,80.8,93.9,93.5,67.1
GreatBasin,8/6/1994,66.8,79.7,92.7,92.4,67.1
GreatBasin,8/7/1994,66.9,79.1,90.7,90.9,67.1
GreatBasin,8/8/1994,67.7,77.5,89.2,88,65.9
GreatBasin,8/9/1994,63.1,73.2,84.1,86.5,64.9
GreatBasin,8/10/1994,63.9,74.6,86.2,85.8,64.2
GreatBasin,8/11/1994,65.7,76.5,87.1,86.9,65.3
GreatBasin,8/12/1994,66.4,76.9,87.3,87.4,66
GreatBasin,8/13/1994,66,76.8,87.7,88.6,66.7
GreatBasin,8/14/1994,67.6,78.6,90.8,90,67.1
GreatBasin,8/15/1994,67.7,79.9,91.5,91.1,67.2
GreatBasin,8/16/1994,66.3,78.9,91,90.8,66.3
GreatBasin,8/17/1994,64.9,77.6,89.9,89.4,65.8
GreatBasin,8/18/1994,66.1,76.6,87.4,87.6,65.3
GreatBasin,8/19/1994,64.8,75.5,85.4,86.5,64.5
GreatBasin,8/20/1994,62.5,74.7,86.8,86.6,63.5
GreatBasin,8/21/1994,63.2,75.5,87.7,87,62.5
GreatBasin,8/22/1994,61.7,73.3,86.4,86.3,61.1
GreatBasin,8/23/1994,58.5,70.8,84.8,86.3,60.7
GreatBasin,8/24/1994,62,74.2,87.6,86.6,61
GreatBasin,8/25/1994,62.5,74.9,87.4,87.6,62.5
GreatBasin,8/26/1994,62.9,75.1,87.8,87.2,63.3
GreatBasin,8/27/1994,64.5,73.8,86.3,86.5,63
GreatBasin,8/28/1994,61.6,72.4,85.3,85.2,62.7
GreatBasin,8/29/1994,62.1,73.3,84,83.8,60.7
GreatBasin,8/30/1994,58.5,70.2,82.2,82.4,59.4
GreatBasin,8/31/1994,57.6,69,81.1,81.8,58.1
GreatBasin,9/1/1994,58.1,69.3,82,82.2,58
GreatBasin,9/2/1994,58.4,70.2,83.6,82.4,57.9
GreatBasin,9/3/1994,57.3,68.7,81.6,80.7,56.8
GreatBasin,9/4/1994,54.8,65.7,77,79.9,55.9
GreatBasin,9/5/1994,55.7,67.2,81.2,81,56.6
GreatBasin,9/6/1994,59.4,71,84.8,83.8,58.3
GreatBasin,9/7/1994,59.9,72.3,85.5,85.6,60.4
GreatBasin,9/8/1994,62,73.6,86.5,85.5,61
GreatBasin,9/9/1994,61.2,72.1,84.6,83.4,59.8
GreatBasin,9/10/1994,56.3,67.5,79.2,80,57.2
GreatBasin,9/11/1994,54,64.9,76.1,76.6,54
GreatBasin,9/12/1994,51.8,63.1,74.6,74.5,52
GreatBasin,9/13/1994,50.1,61.5,72.7,72.4,50.2
GreatBasin,9/14/1994,48.6,59,70,71.8,49.7
GreatBasin,9/15/1994,50.4,60.4,72.7,73.2,50.3
GreatBasin,9/16/1994,51.9,62.9,76.8,76.6,52.5
GreatBasin,9/17/1994,55.1,66.5,80.2,79.1,54.9
GreatBasin,9/18/1994,57.6,68.2,80.2,79.8,56.5
GreatBasin,9/19/1994,56.8,67.6,79.1,78.8,56.6
GreatBasin,9/20/1994,55.5,65.9,77,76.8,55.1
GreatBasin,9/21/1994,53.1,63.3,74.2,76.3,53.3
GreatBasin,9/22/1994,51.4,63.1,77.6,77.3,53.1
GreatBasin,9/23/1994,54.9,66.3,80.1,79.3,54.2
GreatBasin,9/24/1994,56.4,67.4,80.3,80.4,55.8
GreatBasin,9/25/1994,56.1,67.6,80.8,80.9,56.6
GreatBasin,9/26/1994,57.2,68.3,81.6,81.4,57
GreatBasin,9/27/1994,57.6,68.6,81.7,81.5,57.7
GreatBasin,9/28/1994,58.3,69,81.1,80.4,58
GreatBasin,9/29/1994,58.1,65.1,78.3,75.1,55.5
GreatBasin,9/30/1994,50.2,57.8,66,70.8,52.4
GreatBasin,10/1/1994,49,57.2,68,66.7,49.6
GreatBasin,10/2/1994,49.7,57.6,66.1,65.9,47.2
GreatBasin,10/3/1994,42.9,50.9,63.5,64.1,45
GreatBasin,10/4/1994,42.5,50,62.7,62.3,43.6
GreatBasin,10/5/1994,45.3,52.4,60.8,60.5,43.3
GreatBasin,10/6/1994,42.1,49.1,58,60.1,43.1
GreatBasin,10/7/1994,41.9,50.3,61.5,61.8,42.5
GreatBasin,10/8/1994,43.5,52.7,65.8,65.4,43.7
GreatBasin,10/9/1994,45.6,55.7,69,68.4,45.9
GreatBasin,10/10/1994,48.5,58.1,70.5,68.8,47.4
GreatBasin,10/11/1994,48,56.9,67,66.8,46.9
GreatBasin,10/12/1994,44.1,53,62.9,63.4,45.5
GreatBasin,10/13/1994,44.4,51.8,60.4,60.5,44.5
GreatBasin,10/14/1994,45.1,51.3,58.3,57.8,42
GreatBasin,10/15/1994,36.6,42.8,54.6,53.4,38.7
GreatBasin,10/16/1994,34.4,39.4,47.4,50.8,35.7
GreatBasin,10/17/1994,36.2,42.1,50.5,50.8,36.5
GreatBasin,10/18/1994,38.8,45,54.4,54.2,37.7
GreatBasin,10/19/1994,38.2,46.2,57.6,56.9,39.2
GreatBasin,10/20/1994,40.7,48.5,58.7,58.5,40.3
GreatBasin,10/21/1994,41.9,49.5,59.3,58.6,40.9
GreatBasin,10/22/1994,40,48.4,57.9,59.2,41
GreatBasin,10/23/1994,41.2,49.2,60.5,59.8,41.3
GreatBasin,10/24/1994,42.7,50.5,61,61.3,42.2
GreatBasin,10/25/1994,42.6,51.2,62.4,62,43.2
GreatBasin,10/26/1994,44.4,52.1,62.7,62.9,44.6
GreatBasin,10/27/1994,46.8,53.9,63.6,62,45.7
GreatBasin,10/28/1994,45.9,52.3,59.6,58.7,43.1
GreatBasin,10/29/1994,36.5,44.5,52.8,54.5,38.9
GreatBasin,10/30/1994,34.3,42.2,51.1,53,35.7
GreatBasin,10/31/1994,36.2,43,55.1,53.8,38.1
GreatBasin,11/1/1994,43.9,48.6,55.3,53.8,38.1
GreatBasin,11/2/1994,34.1,40.5,51,48.2,34.4
GreatBasin,11/3/1994,25.1,31.2,38.2,42.6,27.4
GreatBasin,11/4/1994,22.9,28.8,38.7,39.9,26.3
GreatBasin,11/5/1994,30.9,34.9,42.9,43.4,29.8
GreatBasin,11/6/1994,35.6,39.8,48.7,46.1,34.3
GreatBasin,11/7/1994,36.4,41.8,46.8,45.8,34
GreatBasin,11/8/1994,30,35.8,41.9,45.3,33
GreatBasin,11/9/1994,32.6,37.1,47.1,45.9,32.8
GreatBasin,11/10/1994,35.9,40.8,48.6,47,34.5
GreatBasin,11/11/1994,35.1,39.3,45.2,45.3,35.2
GreatBasin,11/12/1994,34.6,38.1,42,41.7,31.9
GreatBasin,11/13/1994,26.1,31.2,37.9,38.4,27.4
GreatBasin,11/14/1994,21.5,27.1,35.3,37.4,23.8
GreatBasin,11/15/1994,23.7,28.8,39.1,37.8,25.8
GreatBasin,11/16/1994,32.3,34.7,39,37.4,26.3
GreatBasin,11/17/1994,22.9,28.1,34,33.9,24.8
GreatBasin,11/18/1994,19.3,24.1,28.6,30.5,19.2
GreatBasin,11/19/1994,15.3,20.1,28.8,30.1,18.5
GreatBasin,11/20/1994,20.8,24.5,32.8,30.9,18.9
GreatBasin,11/21/1994,20.5,25.4,31.1,31.3,19.3
GreatBasin,11/22/1994,16.6,22.1,30.1,31.8,18.9
GreatBasin,11/23/1994,19.5,24,34.2,34.5,20.6
GreatBasin,11/24/1994,25.8,29.8,39.1,38,24.9
GreatBasin,11/25/1994,29.5,33.2,40.7,38.7,26.8
GreatBasin,11/26/1994,25,29.5,36.2,34.6,23.5
GreatBasin,11/27/1994,16,20.5,27,31,20.2
GreatBasin,11/28/1994,19.7,23.4,29.7,29.7,18.1
GreatBasin,11/29/1994,18.5,23.1,32.3,34.5,22.1
GreatBasin,11/30/1994,28.1,32.9,41.6,39,26.6
GreatBasin,12/1/1994,33.2,36.8,43.1,42,31
GreatBasin,12/2/1994,31.7,36,41.2,41,31.9
GreatBasin,12/3/1994,30.8,34,38.8,39.2,30.5
GreatBasin,12/4/1994,29.1,33,37.6,37.5,29.5
GreatBasin,12/5/1994,28.6,31.4,36,36.9,28.9
GreatBasin,12/6/1994,29,31.6,37.1,35.4,27.5
GreatBasin,12/7/1994,24.9,29.1,33.1,32.7,23.6
GreatBasin,12/8/1994,16.8,22.2,27.8,29.6,19.1
GreatBasin,12/9/1994,15.5,19.6,27.8,28.4,16.2
GreatBasin,12/10/1994,16.4,21.1,29.5,29.6,17.3
GreatBasin,12/11/1994,19.9,24.1,31.5,32,19.7
GreatBasin,12/12/1994,22.9,26.5,35,33.2,22.5
GreatBasin,12/13/1994,24.6,28.1,33.2,32.6,22.6
GreatBasin,12/14/1994,20.4,24.9,29.5,31.6,21.7
GreatBasin,12/15/1994,20.1,24,32,32.8,21.3
GreatBasin,12/16/1994,23.5,27.6,37,36.7,24.5
GreatBasin,12/17/1994,29.9,33.8,41.1,40,28.1
GreatBasin,12/18/1994,31,35.1,41.8,40.4,29.3
GreatBasin,12/19/1994,26.9,32.6,38.4,40,28.4
GreatBasin,12/20/1994,27.4,31.7,39.9,40,28.2
GreatBasin,12/21/1994,30.3,34.4,41.7,41,29
GreatBasin,12/22/1994,29.2,34.1,41.5,40.8,30.2
GreatBasin,12/23/1994,31.1,34.4,39.2,39.8,31
GreatBasin,12/24/1994,32.8,34.8,38.8,39.1,32.4
GreatBasin,12/25/1994,33.2,35.7,39.4,39.5,32.4
GreatBasin,12/26/1994,31.3,34.5,40.2,40.2,32.1
GreatBasin,12/27/1994,31.8,35.1,41,40.5,31.7
GreatBasin,12/28/1994,32,35.5,40.2,39.3,30.4
GreatBasin,12/29/1994,27.3,31.4,36.8,35.5,26.7
GreatBasin,12/30/1994,20.8,25.3,29.4,30.5,21
GreatBasin,12/31/1994,14.9,20,25.4,27.1,16.7
GreatBasin,1/1/1995,14.3,18.6,26.4,26.7,15.3
GreatBasin,1/2/1995,16.7,20.7,28.3,27.7,15.9
GreatBasin,1/3/1995,16.7,21.1,28.4,29,17.8
GreatBasin,1/4/1995,20,23,30.3,30.2,20.3
GreatBasin,1/5/1995,24.2,26.4,31.8,31.3,22.2
GreatBasin,1/6/1995,22.5,26.3,31.9,32.7,23.8
GreatBasin,1/7/1995,24.8,28,34.4,34.9,25.7
GreatBasin,1/8/1995,29.7,32.5,38.3,38.4,29.9
GreatBasin,1/9/1995,35.3,37.4,42.5,41,33.9
GreatBasin,1/10/1995,36.7,38.7,42.2,41.6,35.5
GreatBasin,1/11/1995,34.6,37.1,40.2,40,33.6
GreatBasin,1/12/1995,29.5,33,37.6,39.4,32.2
GreatBasin,1/13/1995,32.4,34.9,40.3,40.1,32
GreatBasin,1/14/1995,34.1,37.1,42.3,40.8,33.1
GreatBasin,1/15/1995,32.8,36.2,39.8,38.9,30.8
GreatBasin,1/16/1995,25.6,29.3,34.6,35,26.6
GreatBasin,1/17/1995,21.4,25.3,30.6,32.8,22.6
GreatBasin,1/18/1995,20.9,24.8,33.1,33.3,22.6
GreatBasin,1/19/1995,25.4,29,36.3,34.8,23.3
GreatBasin,1/20/1995,23.6,28.2,35.1,35,24
GreatBasin,1/21/1995,22.9,27.6,33.5,33.9,22.5
GreatBasin,1/22/1995,21.1,25.8,33,33.8,22.1
GreatBasin,1/23/1995,22.3,26.7,35,35.3,23.5
GreatBasin,1/24/1995,27,30.3,37.9,37.5,26.6
GreatBasin,1/25/1995,30.6,33.6,39.5,38.8,30
GreatBasin,1/26/1995,32.3,34.9,39.1,38.5,30.7
GreatBasin,1/27/1995,29.2,32.8,36.8,37.7,29.5
GreatBasin,1/28/1995,27,31.1,37.1,37.4,27.6
GreatBasin,1/29/1995,26.6,30.9,38.4,38.5,27.8
GreatBasin,1/30/1995,29.8,33,39.9,41,30.5
GreatBasin,1/31/1995,35,38,44.6,44.5,34.8
GreatBasin,2/1/1995,39.5,42.9,48.9,47.1,37.3
GreatBasin,2/2/1995,37.4,42.8,47.7,47.8,36.8
GreatBasin,2/3/1995,33.6,39,46.8,47.4,35.5
GreatBasin,2/4/1995,35.6,40.5,47.8,47.7,34.8
GreatBasin,2/5/1995,35.3,40.4,48.5,48.1,35.5
GreatBasin,2/6/1995,35.7,40.8,48.1,48,35.4
GreatBasin,2/7/1995,35.1,40.3,47.3,46.7,34.7
GreatBasin,2/8/1995,33.3,38.4,44.8,45,32.8
GreatBasin,2/9/1995,30,35.4,42.8,42.8,30.8
GreatBasin,2/10/1995,29.1,34.2,40.7,40.4,28.3
GreatBasin,2/11/1995,25.9,31,37.8,37.9,26.2
GreatBasin,2/12/1995,23.6,28.4,35.2,36.8,24.7
GreatBasin,2/13/1995,24.6,28.6,37.5,36,25.5
GreatBasin,2/14/1995,28.2,30.6,35.4,36,23.5
GreatBasin,2/15/1995,17.6,24.2,35.2,37.5,23.7
GreatBasin,2/16/1995,25.4,30.8,41.8,40.8,24.5
GreatBasin,2/17/1995,30.6,36.3,45.3,45.1,30.5
GreatBasin,2/18/1995,35.6,40,48.1,48.2,34
GreatBasin,2/19/1995,35.7,41.2,51.1,51.1,36.5
GreatBasin,2/20/1995,38.2,44.4,54,52.8,37.6
GreatBasin,2/21/1995,39,45.4,53.3,53.2,38.4
GreatBasin,2/22/1995,38,44.4,52.2,52.8,37.8
GreatBasin,2/23/1995,36.3,43.4,52.8,53.4,37.5
GreatBasin,2/24/1995,38.3,45.3,55.3,53.9,37.9
GreatBasin,2/25/1995,39.1,45.7,53.7,53.4,38.1
GreatBasin,2/26/1995,36.8,43.5,51.2,51.5,36.9
GreatBasin,2/27/1995,34.9,41.5,49.6,49.1,34.4
GreatBasin,2/28/1995,31.6,38.2,46.5,46.1,32
GreatBasin,3/1/1995,29.4,35.4,42.2,44.1,29.9
GreatBasin,3/2/1995,28.6,34.9,43.6,43.7,30.4
GreatBasin,3/3/1995,33.1,38.1,45.3,44.1,30.4
GreatBasin,3/4/1995,29.6,36.3,43.3,43.4,31.3
GreatBasin,3/5/1995,31.1,35.5,41.6,41.5,28.5
GreatBasin,3/6/1995,24.7,31.6,39.7,41.3,26.3
GreatBasin,3/7/1995,23,30.5,42.6,43.6,26
GreatBasin,3/8/1995,30.4,36.8,48.4,48,30.7
GreatBasin,3/9/1995,38.7,43.7,53.1,51.4,37.1
GreatBasin,3/10/1995,42.1,46.7,52.7,52.4,40.9
GreatBasin,3/11/1995,41.8,46,51.5,50.1,39.7
GreatBasin,3/12/1995,35.2,40.4,46.1,48.9,37.3
GreatBasin,3/13/1995,34.9,40.5,49.1,50.2,36.1
GreatBasin,3/14/1995,38.2,44.7,55.5,53.4,38.4
GreatBasin,3/15/1995,42,48.3,55.7,55.1,39.1
GreatBasin,3/16/1995,37.1,45.3,54.2,55.4,39.1
GreatBasin,3/17/1995,38.1,46.1,56.3,55.8,38.9
GreatBasin,3/18/1995,41.5,48.5,56.9,56.4,39.5
GreatBasin,3/19/1995,39,46.3,55.9,56.6,40
GreatBasin,3/20/1995,39.5,45.9,57.1,56.2,39.9
GreatBasin,3/21/1995,41.1,47.3,55.5,53.3,37
GreatBasin,3/22/1995,30.4,37.8,47.2,49.8,35
GreatBasin,3/23/1995,33.4,39.2,46.7,45.6,30.4
GreatBasin,3/24/1995,27.5,33.8,42.9,42.4,28.3
GreatBasin,3/25/1995,24.1,30.4,37.7,39.9,25.1
GreatBasin,3/26/1995,23.7,30.4,39,39.4,24.3
GreatBasin,3/27/1995,25.1,32.3,41.6,40.5,25
GreatBasin,3/28/1995,26.2,33.3,40.9,41.3,25.6
GreatBasin,3/29/1995,25.5,32.8,41.4,43,26.4
GreatBasin,3/30/1995,27.4,35.4,46.8,47,28.5
GreatBasin,3/31/1995,32.5,40.6,52.9,51.3,32.3
GreatBasin,4/1/1995,37,44.9,54.2,53.3,35.3
GreatBasin,4/2/1995,36.3,44.2,52.9,54.7,36.5
GreatBasin,4/3/1995,36.2,44.8,56.9,57.7,37.7
GreatBasin,4/4/1995,40.7,50.1,63.3,60.8,40.2
GreatBasin,4/5/1995,43.8,52.8,62.2,62.2,42.7
GreatBasin,4/6/1995,43.7,52,61.2,61,43.3
GreatBasin,4/7/1995,42.4,51,59.6,59.3,42.1
GreatBasin,4/8/1995,40.3,46.8,57.2,55,37.9
GreatBasin,4/9/1995,31.1,37.9,48.2,50.5,32.9
GreatBasin,4/10/1995,27.4,35.2,46.1,49,30.6
GreatBasin,4/11/1995,33.3,40.9,52.8,53.6,33.1
GreatBasin,4/12/1995,38.7,48,61.8,58.6,39
GreatBasin,4/13/1995,44.9,52.9,61.1,60.5,38.9
GreatBasin,4/14/1995,33.1,42.6,58.5,55.3,36.2
GreatBasin,4/15/1995,30.7,38.4,46.4,51.1,31.9
GreatBasin,4/16/1995,31.8,39.3,48.3,47.6,31.5
GreatBasin,4/17/1995,32.1,39.5,48.2,48,32.6
GreatBasin,4/18/1995,34,40.4,47.6,47.4,32.6
GreatBasin,4/19/1995,31.8,39,46.4,46.5,32.6
GreatBasin,4/20/1995,32,38.9,45.6,46.8,31.7
GreatBasin,4/21/1995,31.2,38.5,48.4,48.8,32.5
GreatBasin,4/22/1995,34.4,42.6,52.4,51.9,33.8
GreatBasin,4/23/1995,35.9,44.9,55,56,36.2
GreatBasin,4/24/1995,38.2,48.1,60.5,58.4,38.9
GreatBasin,4/25/1995,42.6,51.3,59.8,60.1,40
GreatBasin,4/26/1995,39.3,48.9,59.9,61.1,41.6
GreatBasin,4/27/1995,42.9,52.4,63.5,61.7,41.4
GreatBasin,4/28/1995,42.1,50.6,61.6,61.2,42.4
GreatBasin,4/29/1995,42.1,49.6,58.6,59.3,42.1
GreatBasin,4/30/1995,42.1,49.7,57.8,59.2,42.2
GreatBasin,5/1/1995,42.5,50.6,61.1,59.6,42.5
GreatBasin,5/2/1995,42.8,50,59.8,59.9,41.8
GreatBasin,5/3/1995,40,48.9,58.9,60.7,41.9
GreatBasin,5/4/1995,42.9,52.2,63.3,61.1,42
GreatBasin,5/5/1995,43.2,50.9,61.1,58.7,41.3
GreatBasin,5/6/1995,37.8,44.7,51.7,55.4,39.6
GreatBasin,5/7/1995,37.9,45.3,53.5,54.6,38.6
GreatBasin,5/8/1995,40.2,48,58.5,58.2,40.3
GreatBasin,5/9/1995,42.8,51.9,62.5,61.1,42.9
GreatBasin,5/10/1995,45.8,54.2,62.4,62.3,44.9
GreatBasin,5/11/1995,46.1,53.9,61.9,61.1,44.4
GreatBasin,5/12/1995,41.3,48.8,59.1,57.8,41.2
GreatBasin,5/13/1995,36.2,44.3,52.5,57.2,38.2
GreatBasin,5/14/1995,37.1,46.9,60,59.5,38.9
GreatBasin,5/15/1995,43.4,53.8,66,63.7,41.6
GreatBasin,5/16/1995,44.3,54.7,65,65.5,44
GreatBasin,5/17/1995,44.3,54.5,65.5,65.7,45
GreatBasin,5/18/1995,46.4,56.7,66.7,66.9,45.8
GreatBasin,5/19/1995,46.7,57.6,68.6,69,47.4
GreatBasin,5/20/1995,49,60.3,71.6,70.7,48.8
GreatBasin,5/21/1995,50.8,61.7,71.9,71.3,50.1
GreatBasin,5/22/1995,50.5,59.6,70.3,69,48.9
GreatBasin,5/23/1995,45.4,55,64.7,65.1,46.7
GreatBasin,5/24/1995,44.2,52.2,60.2,61.8,44.3
GreatBasin,5/25/1995,43.3,51.8,60.4,60.5,43.9
GreatBasin,5/26/1995,44.2,52.5,60.8,61.5,44.1
GreatBasin,5/27/1995,44.7,53.8,63.2,63.3,44.7
GreatBasin,5/28/1995,45.3,55.4,65.9,66.2,45.8
GreatBasin,5/29/1995,47.4,58.4,69.4,69.5,47.8
GreatBasin,5/30/1995,50.7,61.9,73.1,72.4,50.6
GreatBasin,5/31/1995,53.7,64.4,74.7,74.6,53.3
GreatBasin,6/1/1995,55.6,66,75.9,74.9,54.4
GreatBasin,6/2/1995,53.9,63.4,74.2,72.8,53.8
GreatBasin,6/3/1995,51.8,60.3,68.2,71.4,52.9
GreatBasin,6/4/1995,53.1,61.7,71.7,70.7,52.8
GreatBasin,6/5/1995,53.5,63.6,72.2,71.2,49.3
GreatBasin,6/6/1995,41.4,51.1,69.7,66.3,44.5
GreatBasin,6/7/1995,38.7,47.8,57.1,61,40.4
GreatBasin,6/8/1995,41,49,56.3,58.7,40.9
GreatBasin,6/9/1995,43.1,51.4,62.7,63.4,43.5
GreatBasin,6/10/1995,46.5,57.6,71.1,71,47.4
GreatBasin,6/11/1995,52.5,64.6,79.3,78.2,52.4
GreatBasin,6/12/1995,58.3,70.9,84.1,82.2,57.1
GreatBasin,6/13/1995,60.5,72.5,83.1,83.1,59.5
GreatBasin,6/14/1995,59.6,71,82,81.3,59.2
GreatBasin,6/15/1995,57.5,67.3,78.7,78,56.1
GreatBasin,6/16/1995,51.2,61.2,73.3,72.3,51.9
GreatBasin,6/17/1995,47.1,56.4,64.9,69.3,48.7
GreatBasin,6/18/1995,47.7,57.9,69.6,68.2,48.5
GreatBasin,6/19/1995,50.7,60.9,70.2,70.2,48.6
GreatBasin,6/20/1995,47.4,59.2,70.8,70.4,48.6
GreatBasin,6/21/1995,47.6,59.3,70.1,71,48.4
GreatBasin,6/22/1995,50.2,61.1,72,72.9,50.6
GreatBasin,6/23/1995,54,64.9,76.5,76.3,53.6
GreatBasin,6/24/1995,56.6,68.3,80.5,80.1,56.7
GreatBasin,6/25/1995,59.5,71.6,83.4,83.1,59.3
GreatBasin,6/26/1995,61.8,73.9,85.5,84.1,61.1
GreatBasin,6/27/1995,62,72.9,83.5,82.8,60.6
GreatBasin,6/28/1995,58,68.7,79.3,80.1,58.5
GreatBasin,6/29/1995,55.6,67.1,77.6,78.2,56.5
GreatBasin,6/30/1995,56,67.6,77.7,78,56
GreatBasin,7/1/1995,56.4,68.1,78.7,78.5,56.5
GreatBasin,7/2/1995,57.2,68.8,79.1,78.1,56.6
GreatBasin,7/3/1995,56.3,65.4,76.5,77.2,55.9
GreatBasin,7/4/1995,54.3,64.8,76.1,78.6,56
GreatBasin,7/5/1995,57.3,69.3,83.1,82.3,58
GreatBasin,7/6/1995,62.3,74.7,87.7,86.7,61
GreatBasin,7/7/1995,63.5,76.2,89.2,89.3,63.9
GreatBasin,7/8/1995,65.9,78.7,91,89.9,65.8
GreatBasin,7/9/1995,67.9,79.2,89.4,88.9,66.6
GreatBasin,7/10/1995,65.9,76.4,86.4,86.7,65.8
GreatBasin,7/11/1995,63.6,74.5,84.3,84.4,63.6
GreatBasin,7/12/1995,61.2,72,82.5,82,60.3
GreatBasin,7/13/1995,56,67.5,79.3,80.9,58
GreatBasin,7/14/1995,56.7,68.5,80.9,81.3,57.5
GreatBasin,7/15/1995,59.7,71.8,83.8,83.3,59.5
GreatBasin,7/16/1995,62.1,73.6,85.2,84.4,61.6
GreatBasin,7/17/1995,62.9,73.9,84.2,84.5,62.6
GreatBasin,7/18/1995,62.7,73.8,84,83.8,62.7
GreatBasin,7/19/1995,62.6,73.3,83.1,83.7,62.4
GreatBasin,7/20/1995,61.8,73.1,84,83.3,62
GreatBasin,7/21/1995,61.6,72.9,82.9,83,61.1
GreatBasin,7/22/1995,59.8,71.3,82.1,82.9,60.3
GreatBasin,7/23/1995,59.6,71.5,83.6,84.1,60.3
GreatBasin,7/24/1995,61.5,73.6,86.5,86.4,61.2
GreatBasin,7/25/1995,62.4,75.3,89.2,88.2,63
GreatBasin,7/26/1995,65.2,77.4,88.8,89.8,64.3
GreatBasin,7/27/1995,65.2,77.7,91.3,91.5,66.3
GreatBasin,7/28/1995,68.6,80.9,94.4,93,68.4
GreatBasin,7/29/1995,71.4,82.4,93.4,92,67.2
GreatBasin,7/30/1995,61.6,73.7,88.3,88.6,63.8
GreatBasin,7/31/1995,58.3,70.6,84,87.3,60.7
GreatBasin,8/1/1995,62.1,74.9,89.5,87.9,62.4
GreatBasin,8/2/1995,66.7,78.5,90.1,89.7,65
GreatBasin,8/3/1995,66.2,78,89.5,89.9,66.2
GreatBasin,8/4/1995,65.7,77.9,90,90.1,66
GreatBasin,8/5/1995,66,78.3,90.8,91,66.3
GreatBasin,8/6/1995,67.1,79.5,92.2,91.3,67.2
GreatBasin,8/7/1995,68.5,79.3,91,89.6,64.7
GreatBasin,8/8/1995,58.6,70.9,85.7,87.8,62.1
GreatBasin,8/9/1995,59.2,71.3,86.8,86.9,61.4
GreatBasin,8/10/1995,66.5,76.8,88.2,86.7,62.7
GreatBasin,8/11/1995,62.4,74,85.1,86,63.3
GreatBasin,8/12/1995,61.1,73,84.6,84.5,60.7
GreatBasin,8/13/1995,58.7,70.8,83.7,84.3,59.7
GreatBasin,8/14/1995,59.4,71.2,84.6,85.2,60
GreatBasin,8/15/1995,61.9,74.2,87.4,86.1,61.6
GreatBasin,8/16/1995,63.5,74.4,86.3,84.8,61.1
GreatBasin,8/17/1995,57.9,69.4,80.7,81.6,58.3
GreatBasin,8/18/1995,53.4,65.8,77.7,80.7,56
GreatBasin,8/19/1995,56.6,68.9,83.7,81.4,57
GreatBasin,8/20/1995,61.1,72.1,82.9,83.7,60.6
GreatBasin,8/21/1995,64.2,73.6,84.4,83.9,63.7
GreatBasin,8/22/1995,65.8,75.3,84.3,84.6,65.4
GreatBasin,8/23/1995,66.3,76,85.2,84.5,65.5
GreatBasin,8/24/1995,64.4,74.4,84.1,84.4,64.1
GreatBasin,8/25/1995,61.6,72.7,83.8,84.4,62.7
GreatBasin,8/26/1995,62,73.2,85.2,84.7,61.9
GreatBasin,8/27/1995,62.1,73.2,85.1,85.5,62.1
GreatBasin,8/28/1995,62.2,73.6,86.1,85.3,62.4
GreatBasin,8/29/1995,62.8,73.9,84.8,85.2,61.9
GreatBasin,8/30/1995,60.7,72.2,84.8,86,62
GreatBasin,8/31/1995,62.6,74.4,88.3,87.1,63.3
GreatBasin,9/1/1995,66.7,77.1,88.1,87.6,65.3
GreatBasin,9/2/1995,66.6,76.5,86.5,87.5,66.7
GreatBasin,9/3/1995,66.9,77,88,86.8,66.5
GreatBasin,9/4/1995,65.9,75.8,86,85.6,65
GreatBasin,9/5/1995,62.3,72.5,82.7,83.3,62.9
GreatBasin,9/6/1995,60.5,70.7,81.1,81.2,60.9
GreatBasin,9/7/1995,59.9,69.8,79.9,79.3,59.2
GreatBasin,9/8/1995,57.1,66.4,76.9,77.8,57.1
GreatBasin,9/9/1995,54.4,64.5,76.6,77,55.7
GreatBasin,9/10/1995,55.7,66.1,77.5,77.6,55.4
GreatBasin,9/11/1995,56.1,66.8,78.6,79.1,56.4
GreatBasin,9/12/1995,57.5,68.5,81.3,80.9,57.7
GreatBasin,9/13/1995,59.4,70.3,82.7,82.6,59
GreatBasin,9/14/1995,60,71.4,83.9,83.7,60.3
GreatBasin,9/15/1995,61.4,72.2,84.6,83.8,60.6
GreatBasin,9/16/1995,60.5,71.4,82.8,82.6,60.9
GreatBasin,9/17/1995,60.9,69.4,80.3,79.2,59.2
GreatBasin,9/18/1995,56.2,65.4,74.4,76.6,57.1
GreatBasin,9/19/1995,54.2,64.1,75.1,74.4,54.9
GreatBasin,9/20/1995,54.4,63.4,73.6,72.5,51.3
GreatBasin,9/21/1995,45.2,55.7,68.8,70.6,48
GreatBasin,9/22/1995,44.3,55,69.3,69.6,46.4
GreatBasin,9/23/1995,49.8,59.4,70.7,70.1,47.5
GreatBasin,9/24/1995,48.3,58.7,70.3,71.3,49.3
GreatBasin,9/25/1995,49.8,60.1,72.9,71.8,49.9
GreatBasin,9/26/1995,51.7,61.4,72.2,72.5,50.9
GreatBasin,9/27/1995,51.2,61.1,72.4,71.7,51.7
GreatBasin,9/28/1995,52.1,60.9,70.5,70.1,49.8
GreatBasin,9/29/1995,46,54.3,67.4,66.7,46.8
GreatBasin,9/30/1995,42.4,51.3,62.1,64.5,44.5
GreatBasin,10/1/1995,45.1,53.6,63.9,63.6,43.9
GreatBasin,10/2/1995,44.1,53.5,64.7,65.7,45.7
GreatBasin,10/3/1995,47.9,56.7,68.5,66.3,44.6
GreatBasin,10/4/1995,41.8,50.8,65.7,63.7,42.1
GreatBasin,10/5/1995,36.5,45.1,56.9,62,39.3
GreatBasin,10/6/1995,39.6,48.8,63.3,61.1,40.1
GreatBasin,10/7/1995,44.1,52.8,63.1,63.4,41.7
GreatBasin,10/8/1995,41.5,51.3,63.7,64.2,43.7
GreatBasin,10/9/1995,45.5,54.2,65.8,67.2,45.1
GreatBasin,10/10/1995,48.2,57.6,72,70.9,49
GreatBasin,10/11/1995,53.2,62.2,74.8,72.3,50
GreatBasin,10/12/1995,48.6,56.9,70,68.5,47
GreatBasin,10/13/1995,39.3,48.9,60.6,66,43.6
GreatBasin,10/14/1995,42.9,52.2,67.3,66.6,43.4
GreatBasin,10/15/1995,47.9,57.8,71.9,69.1,46.8
GreatBasin,10/16/1995,49.6,58.6,68.2,69,47.9
GreatBasin,10/17/1995,46.1,55.6,67,66.8,48.7
GreatBasin,10/18/1995,50.3,57.4,65.3,64.6,45.8
GreatBasin,10/19/1995,41,50.8,61.5,64.6,44.7
GreatBasin,10/20/1995,42.9,52,66.9,63.6,43.4
GreatBasin,10/21/1995,46.2,54.3,62.5,61.9,41
GreatBasin,10/22/1995,34,42.4,56.4,56.2,36.9
GreatBasin,10/23/1995,30.5,38.2,49.8,53.4,33
GreatBasin,10/24/1995,34.4,42,54.1,53.9,34.2
GreatBasin,10/25/1995,37.6,45.4,57.8,57.2,38.8
GreatBasin,10/26/1995,44.4,49.7,59.7,59,41.2
GreatBasin,10/27/1995,41.5,49.4,59.6,60.5,42.9
GreatBasin,10/28/1995,42.9,50.7,62.1,60.8,43
GreatBasin,10/29/1995,44.6,51.9,60.6,60.4,43.1
GreatBasin,10/30/1995,41.9,49.6,58.4,57.7,42.4
GreatBasin,10/31/1995,40.6,46.9,54.2,54,38.4
GreatBasin,11/1/1995,32.7,40,49.4,49.2,33.6
GreatBasin,11/2/1995,27.4,34.6,43.9,46.7,29.6
GreatBasin,11/3/1995,28.6,35.9,46.9,46.5,28.7
GreatBasin,11/4/1995,30.2,37.9,48.6,49.2,31.5
GreatBasin,11/5/1995,35.7,41.5,52.2,50.1,33.9
GreatBasin,11/6/1995,35.8,41.9,49.5,51.6,35.9
GreatBasin,11/7/1995,36.3,42,53.1,54,37.7
GreatBasin,11/8/1995,40.9,47.5,59.3,55.6,39.9
GreatBasin,11/9/1995,42.5,47.8,54.3,53.2,38.6
GreatBasin,11/10/1995,32.4,38.6,46.1,51.2,36.1
GreatBasin,11/11/1995,33.4,39.6,53.2,51.7,36
GreatBasin,11/12/1995,42.1,47.3,55.7,55.7,39.8
GreatBasin,11/13/1995,43.8,49.2,58.2,57.9,43.5
GreatBasin,11/14/1995,44.6,50.9,59.9,59.1,43.5
GreatBasin,11/15/1995,42.2,49.4,59.3,59.4,43.5
GreatBasin,11/16/1995,43.6,49.8,58.9,59.1,42.4
GreatBasin,11/17/1995,41.5,48.8,59.2,59,43.1
GreatBasin,11/18/1995,44.2,50,58.9,57.9,41.8
GreatBasin,11/19/1995,39.8,47.1,55.6,56.8,40.9
GreatBasin,11/20/1995,38.8,45.7,55.9,55.7,39.6
GreatBasin,11/21/1995,40.2,46.3,55.6,55,39.5
GreatBasin,11/22/1995,39.4,45.8,53.4,54.9,39.7
GreatBasin,11/23/1995,39.6,45.7,55.8,55.8,40.3
GreatBasin,11/24/1995,41.9,47.7,58.2,57.5,42
GreatBasin,11/25/1995,44.6,49.8,58.6,56.5,41.9
GreatBasin,11/26/1995,39.2,45.1,52.7,50.5,37.4
GreatBasin,11/27/1995,28.3,33.4,40.1,45.5,32.7
GreatBasin,11/28/1995,30.5,34.4,43.8,45.4,32.2
GreatBasin,11/29/1995,37.8,42.3,52.2,49.8,36.5
GreatBasin,11/30/1995,41.2,45.6,53.5,53.2,40.1
GreatBasin,12/1/1995,41.3,46.4,54,52.1,39.8
GreatBasin,12/2/1995,36.8,42.8,48.9,49.6,36.9
GreatBasin,12/3/1995,32.5,38,46,47,36
GreatBasin,12/4/1995,38.7,41,46,46.1,35
GreatBasin,12/5/1995,33.7,38.6,46.2,45.9,35.3
GreatBasin,12/6/1995,33.5,39.3,45.6,44.8,33.7
GreatBasin,12/7/1995,33.8,37.2,42.5,41.9,30.7
GreatBasin,12/8/1995,24.8,31.1,37.5,41.1,29.3
GreatBasin,12/9/1995,29.4,33.4,43.2,42.5,29.5
GreatBasin,12/10/1995,34.2,38.5,46.8,45.8,33.5
GreatBasin,12/11/1995,37,40.8,47.5,47.2,37
GreatBasin,12/12/1995,39.7,42.1,47.4,46.8,37.7
GreatBasin,12/13/1995,36.4,41.4,45.4,45.1,35.8
GreatBasin,12/14/1995,31.2,36.3,42.6,43.6,33.2
GreatBasin,12/15/1995,31.9,35.8,42.7,41.3,30.8
GreatBasin,12/16/1995,29.2,34.1,38.5,38.8,28.4
GreatBasin,12/17/1995,24.1,29.2,35.2,36.1,25.2
GreatBasin,12/18/1995,22.3,27.1,34.5,34.9,22.8
GreatBasin,12/19/1995,22.1,27.2,35,34.4,21.8
GreatBasin,12/20/1995,21.1,26.6,33.6,33.3,20.9
GreatBasin,12/21/1995,19.5,24.7,31.2,31.9,19.4
GreatBasin,12/22/1995,17.6,23,30.8,31,18.6
GreatBasin,12/23/1995,18.8,23.6,31.1,31.5,18.5
GreatBasin,12/24/1995,19,24.4,32.7,32.8,19.4
GreatBasin,12/25/1995,20.5,25.8,34.6,34.4,20.5
GreatBasin,12/26/1995,21.9,27.3,36,35.4,21.5
GreatBasin,12/27/1995,22.1,27.7,35.5,35.9,22.5
GreatBasin,12/28/1995,23.5,28.6,36.2,36,23.5
GreatBasin,12/29/1995,24.9,29.1,36.2,37.8,26.6
GreatBasin,12/30/1995,31.3,33.9,41.1,39.6,30.4
GreatBasin,12/31/1995,35,37.8,41.6,40.1,30.9
GreatBasin,1/1/1996,26.4,31.3,37.5,37.9,27.7
GreatBasin,1/2/1996,21.8,27.2,34.5,37.6,26.2
GreatBasin,1/3/1996,30.5,33.3,40.7,37.4,26.3
GreatBasin,1/4/1996,26.6,31.6,36.9,37.4,26.6
GreatBasin,1/5/1996,22.8,27.7,34.5,36.4,24.4
GreatBasin,1/6/1996,23.7,28.2,37.8,38.6,25.7
GreatBasin,1/7/1996,30.7,34.3,43.4,42.3,29.4
GreatBasin,1/8/1996,33.8,37.9,45.6,44.9,32.6
GreatBasin,1/9/1996,33.3,38.2,45.6,44.4,33.4
GreatBasin,1/10/1996,33.1,38.5,42.1,43.6,32.1
GreatBasin,1/11/1996,29.8,34.3,43.1,43.4,31.4
GreatBasin,1/12/1996,31.4,36.2,44.9,44.7,31.5
GreatBasin,1/13/1996,33.3,38.4,46,45.1,32
GreatBasin,1/14/1996,31.3,37.2,44.5,46,33.4
GreatBasin,1/15/1996,35.6,39.2,47.5,45.5,33.8
GreatBasin,1/16/1996,34.6,39.6,44.4,44.2,31.7
GreatBasin,1/17/1996,24.9,31.6,40.8,37.3,24.4
GreatBasin,1/18/1996,13.8,19.3,26.6,33.7,20.4
GreatBasin,1/19/1996,22.4,25.5,33.6,31.3,19.2
GreatBasin,1/20/1996,21.5,27,33.7,34.5,23.3
GreatBasin,1/21/1996,26,29.7,36.1,33.9,22.4
GreatBasin,1/22/1996,19.6,24.5,31.8,32.3,20.6
GreatBasin,1/23/1996,16.2,20.6,28.9,30.9,19.2
GreatBasin,1/24/1996,21.8,24.8,31.9,30.2,19.3
GreatBasin,1/25/1996,20,24.4,29.9,29.5,18.2
GreatBasin,1/26/1996,12.7,18.9,26.8,29.4,16.4
GreatBasin,1/27/1996,16.6,21.3,31.6,29.6,16.2
GreatBasin,1/28/1996,19.4,25.8,30.3,31.6,18.9
GreatBasin,1/29/1996,20.8,24.7,33,31.8,20.2
GreatBasin,1/30/1996,20.4,25.5,32.1,31.8,20.3
GreatBasin,1/31/1996,19.7,23.8,30.4,29.9,18.4
GreatBasin,2/1/1996,15,20.4,27.1,27.6,15.3
GreatBasin,2/2/1996,11.1,16.6,25.2,26.3,12.1
GreatBasin,2/3/1996,10.1,16,26.6,29.3,13.1
GreatBasin,2/4/1996,18,23.7,36,35.2,19.9
GreatBasin,2/5/1996,31.6,34.9,43,41,27.9
GreatBasin,2/6/1996,34,38.1,43.9,44.9,34.1
GreatBasin,2/7/1996,36.6,40.5,47.9,47.2,36
GreatBasin,2/8/1996,37.4,42.5,49.8,49.3,38.1
GreatBasin,2/9/1996,40.4,44.4,50.2,49.2,37
GreatBasin,2/10/1996,33.3,39.8,47.7,48.1,35.1
GreatBasin,2/11/1996,31.6,37.4,46.4,47.2,32.7
GreatBasin,2/12/1996,33.3,39.1,47.5,46.9,33
GreatBasin,2/13/1996,34.2,39.7,46.9,47.5,34.2
GreatBasin,2/14/1996,35,40.5,48,47.6,34.5
GreatBasin,2/15/1996,34.4,40.3,47.9,48.8,35.1
GreatBasin,2/16/1996,35.9,41.4,50.6,49.8,35.8
GreatBasin,2/17/1996,37.2,42.9,51,50.3,37.1
GreatBasin,2/18/1996,38.1,43.2,49.2,49.2,37.7
GreatBasin,2/19/1996,37.7,41.5,47.3,47.4,37.8
GreatBasin,2/20/1996,37.6,40.8,45.8,46.1,37.3
GreatBasin,2/21/1996,36.7,40.2,45.3,44.8,34.6
GreatBasin,2/22/1996,29.6,35.2,43.3,41.9,29
GreatBasin,2/23/1996,20.6,27.2,37.1,40.1,25.8
GreatBasin,2/24/1996,27.2,32.3,40,38,22.7
GreatBasin,2/25/1996,20.2,26.7,37,35,21
GreatBasin,2/26/1996,15.6,20.4,28,30.1,15.5
GreatBasin,2/27/1996,10.8,17,25.3,27.3,13.1
GreatBasin,2/28/1996,12.8,18.7,28.6,29.1,13.4
GreatBasin,2/29/1996,16.5,22.6,33.5,33,16.7
GreatBasin,3/1/1996,20.9,27,36.9,37.1,20.1
GreatBasin,3/2/1996,22.8,29.9,40.9,40.4,23.8
GreatBasin,3/3/1996,27.7,34.1,43.5,42.8,27.8
GreatBasin,3/4/1996,32.9,37.8,43.9,43.1,30.4
GreatBasin,3/5/1996,30.6,35.6,41.9,41.4,28.6
GreatBasin,3/6/1996,22.4,29.1,38.3,40.7,25.9
GreatBasin,3/7/1996,24.7,31.1,41.8,43.1,25.8
GreatBasin,3/8/1996,30.2,36.8,49.1,48.2,30.3
GreatBasin,3/9/1996,35.9,42.6,53.6,52.9,35.5
GreatBasin,3/10/1996,40.4,47.1,56,54.7,38.3
GreatBasin,3/11/1996,38.6,45.7,54.5,53.9,38.1
GreatBasin,3/12/1996,35.2,42.1,51.1,50.8,35.5
GreatBasin,3/13/1996,32.6,38.5,46.8,48.4,33.2
GreatBasin,3/14/1996,31.9,38.1,47.4,48.3,32.7
GreatBasin,3/15/1996,33.7,40.8,50.6,49.2,32.9
GreatBasin,3/16/1996,33.1,40.8,49.5,50.4,34
GreatBasin,3/17/1996,35.1,41.4,51.2,50.3,34.1
GreatBasin,3/18/1996,34.2,41.6,50.3,51.7,34.2
GreatBasin,3/19/1996,33.3,41.9,53.6,54.3,35.3
GreatBasin,3/20/1996,38.3,46.5,59.1,57.5,37.6
GreatBasin,3/21/1996,41.1,49.7,59.7,59.1,40.3
GreatBasin,3/22/1996,41.4,48.8,58.6,56.8,37.6
GreatBasin,3/23/1996,30.2,38.1,52.2,50.1,32.1
GreatBasin,3/24/1996,24.8,31.5,39.5,44.4,26.3
GreatBasin,3/25/1996,23.8,31.4,41.5,42.4,24.7
GreatBasin,3/26/1996,25.5,34,46.1,45.8,27.1
GreatBasin,3/27/1996,32.1,39.3,49.9,48.3,30.8
GreatBasin,3/28/1996,34.8,41.4,48.8,48.3,31.2
GreatBasin,3/29/1996,26.7,35.1,46.2,48.3,30.3
GreatBasin,3/30/1996,29.5,37.5,49.8,50.7,30.4
GreatBasin,3/31/1996,34.9,43.3,56.1,55.2,35.1
GreatBasin,4/1/1996,41,48.6,59.6,57.8,38.6
GreatBasin,4/2/1996,39.9,47.1,57.8,56.1,38.5
GreatBasin,4/3/1996,34.5,42.8,51,53.4,36.9
GreatBasin,4/4/1996,36.2,43.3,51.5,52.8,35.1
GreatBasin,4/5/1996,34.6,43.7,56,56.4,36.7
GreatBasin,4/6/1996,39.3,48.8,61.8,61.3,39.3
GreatBasin,4/7/1996,44.1,53.8,66,66.2,43.7
GreatBasin,4/8/1996,47.6,57.9,70.7,69.3,46.8
GreatBasin,4/9/1996,48.7,59.5,71.1,70.4,47.8
GreatBasin,4/10/1996,47.2,56.3,69.4,66.5,44.8
GreatBasin,4/11/1996,38.5,47.4,59,60.6,41.5
GreatBasin,4/12/1996,38.7,46.1,53.5,54.2,36.5
GreatBasin,4/13/1996,32.4,40.9,50,52.5,34.6
GreatBasin,4/14/1996,32.8,42,53.9,55,34.3
GreatBasin,4/15/1996,37.8,47.6,61.1,58.6,38.3
GreatBasin,4/16/1996,44.2,52.4,60.9,60.3,40.2
GreatBasin,4/17/1996,38.6,47,58.8,57.4,40.1
GreatBasin,4/18/1996,37.5,43.9,52.4,53.4,35.8
GreatBasin,4/19/1996,31.2,39.9,49.1,49.9,34.1
GreatBasin,4/20/1996,33.7,40.8,48.3,49.2,32.4
GreatBasin,4/21/1996,32.4,40.9,50.3,52,33.9
GreatBasin,4/22/1996,35.6,44.9,57.5,57.7,37.4
GreatBasin,4/23/1996,44.3,52.9,65.4,62.6,43.4
GreatBasin,4/24/1996,50.2,57.6,65,64.4,45.7
GreatBasin,4/25/1996,42.6,52.2,62.7,64.7,46.3
GreatBasin,4/26/1996,46.1,55.5,66.4,64.8,44.3
GreatBasin,4/27/1996,44.1,53.6,65.2,62.9,41.6
GreatBasin,4/28/1996,34.6,45,57.2,61.5,38.5
GreatBasin,4/29/1996,36.9,47.1,62,61.8,38.7
GreatBasin,4/30/1996,44.7,54.7,66.3,65.3,42.9
GreatBasin,5/1/1996,47,57,67.6,67.2,46.4
GreatBasin,5/2/1996,47.5,57.5,67.7,67.2,46
GreatBasin,5/3/1996,43.4,54.2,66.3,65.4,44.3
GreatBasin,5/4/1996,42.1,52.3,62.3,65.5,43
GreatBasin,5/5/1996,43.4,54.4,67.8,65.9,43.8
GreatBasin,5/6/1996,46,56.8,67.7,67.8,45.7
GreatBasin,5/7/1996,47.8,58,68,67.4,46.7
GreatBasin,5/8/1996,46.4,56.9,66.6,66.4,46.2
GreatBasin,5/9/1996,44.3,54.5,64.7,66.7,45.3
GreatBasin,5/10/1996,45.2,56,68.7,69.8,46.6
GreatBasin,5/11/1996,50.2,61.8,76.1,75,50.5
GreatBasin,5/12/1996,56,67.4,80.2,78.8,54.4
GreatBasin,5/13/1996,57.1,68.9,80.1,79.3,56.4
GreatBasin,5/14/1996,56.2,66.2,77.6,76.9,55.6
GreatBasin,5/15/1996,53.6,63.1,73.1,73.8,54.5
GreatBasin,5/16/1996,53.6,61.5,70.7,70.7,51.7
GreatBasin,5/17/1996,47.9,57.3,68.4,68.9,50.9
GreatBasin,5/18/1996,51.1,59.1,67.5,66.4,48.3
GreatBasin,5/19/1996,45.9,54.6,63.3,65,46.3
GreatBasin,5/20/1996,41.9,53,64.1,65.5,44.5
GreatBasin,5/21/1996,45.7,56.8,69.2,67.2,45.3
GreatBasin,5/22/1996,48.3,57.7,68.2,66.6,45
GreatBasin,5/23/1996,41,50.4,62.5,62.6,42.8
GreatBasin,5/24/1996,39.2,48.1,57.2,59.7,40.8
GreatBasin,5/25/1996,42.2,50.3,59.5,59.9,41.8
GreatBasin,5/26/1996,43.9,52.8,62.9,62.4,44.4
GreatBasin,5/27/1996,47,55.7,64.8,63.8,45.6
GreatBasin,5/28/1996,46,54.8,63.7,65.1,46.5
GreatBasin,5/29/1996,46.5,56.7,66.7,65.5,46.2
GreatBasin,5/30/1996,46,56.5,66.2,67.2,46.3
GreatBasin,5/31/1996,46.4,57.3,68.8,69.3,47.4
GreatBasin,6/1/1996,49.9,61.1,73,73.6,49.9
GreatBasin,6/2/1996,53.3,65.5,79.1,78.8,53.6
GreatBasin,6/3/1996,57.7,70.6,84.3,82.8,57.5
GreatBasin,6/4/1996,61.5,73.7,85.1,84.4,59.7
GreatBasin,6/5/1996,59.8,71.9,83.9,83.8,59.9
GreatBasin,6/6/1996,58.3,70.4,82.3,84.7,59.4
GreatBasin,6/7/1996,60.2,73.4,87.9,86.2,61
GreatBasin,6/8/1996,64.4,76.9,88.5,87.8,62.7
GreatBasin,6/9/1996,63.4,76,87,86.9,62.9
GreatBasin,6/10/1996,60.9,73.6,85.3,85.3,61.4
GreatBasin,6/11/1996,59.8,72.2,83.6,83.9,59.6
GreatBasin,6/12/1996,58,70.8,82.7,83.8,59
GreatBasin,6/13/1996,59.3,72.4,85,83.8,59.2
GreatBasin,6/14/1996,60.2,72.7,83.7,84.1,59.8
GreatBasin,6/15/1996,59.8,72.1,83.7,84.2,59.7
GreatBasin,6/16/1996,59.2,72.2,85.2,84.3,59.6
GreatBasin,6/17/1996,59.8,72.3,84,83.3,57.5
GreatBasin,6/18/1996,53.4,66.2,80.8,80.6,54.9
GreatBasin,6/19/1996,51.6,64.3,77.1,79.8,54.2
GreatBasin,6/20/1996,57.5,69,81.6,79.5,55.3
GreatBasin,6/21/1996,56.7,68.9,79.9,79.9,55.8
GreatBasin,6/22/1996,53.3,65.2,78.3,79.1,54.4
GreatBasin,6/23/1996,53.1,65.4,79,78.7,54.3
GreatBasin,6/24/1996,56.4,68.1,78.7,78.6,54.6
GreatBasin,6/25/1996,54.3,66.6,78.1,78.1,55.4
GreatBasin,6/26/1996,55.6,67.1,77.5,76.5,54.2
GreatBasin,6/27/1996,52.7,63.5,73.9,74.9,53.3
GreatBasin,6/28/1996,51.5,62.6,73.2,75.8,52.5
GreatBasin,6/29/1996,53.2,65.8,80.3,79.9,54.7
GreatBasin,6/30/1996,59.5,72.2,86.2,85.6,58.8
GreatBasin,7/1/1996,63.7,76.8,90.2,89.9,63.5
GreatBasin,7/2/1996,67.3,80.2,93.3,91.9,66.5
GreatBasin,7/3/1996,68.4,81,92.2,91.8,67.9
GreatBasin,7/4/1996,68,78.3,89.9,89.3,66.8
GreatBasin,7/5/1996,64.1,75.7,85.9,87.6,64.8
GreatBasin,7/6/1996,62.4,74.5,87,87.3,63.5
GreatBasin,7/7/1996,64.1,76.5,88.9,88,64
GreatBasin,7/8/1996,65.6,77.4,88,88,64.9
GreatBasin,7/9/1996,64.9,76.4,87.1,87.5,65
GreatBasin,7/10/1996,64.5,76.1,87.4,87.4,64.8
GreatBasin,7/11/1996,65.1,76.5,87.7,87.8,64.9
GreatBasin,7/12/1996,65.1,76.8,88.2,87.9,65
GreatBasin,7/13/1996,64.7,76.8,87.9,88.5,65
GreatBasin,7/14/1996,65.3,77.3,89.4,88.6,65.9
GreatBasin,7/15/1996,67.6,77.9,88.4,87.6,65.5
GreatBasin,7/16/1996,63.7,74.6,85.1,85.7,63.8
GreatBasin,7/17/1996,60.1,72.2,83.7,84.2,61.3
GreatBasin,7/18/1996,60,72.2,83.7,84.1,59.9
GreatBasin,7/19/1996,59.6,72.4,84.9,84.8,60
GreatBasin,7/20/1996,60.3,73.2,85.9,86.4,61.1
GreatBasin,7/21/1996,63.3,75.6,88.3,88.1,63
GreatBasin,7/22/1996,65.3,77.5,90,89.7,65.1
GreatBasin,7/23/1996,66.6,78.8,90.9,90.8,66.3
GreatBasin,7/24/1996,66.9,79.2,91.5,91.1,67
GreatBasin,7/25/1996,67.5,79.6,91,91,67
GreatBasin,7/26/1996,66.5,78.7,90.4,90.3,67.2
GreatBasin,7/27/1996,67.5,79,89.5,89.1,67.4
GreatBasin,7/28/1996,68.1,77.8,87.4,87.2,67
GreatBasin,7/29/1996,65.4,75.2,84.7,86.4,66.2
GreatBasin,7/30/1996,65.2,75.9,87.1,87.2,65.6
GreatBasin,7/31/1996,66.1,77.5,89.9,89.5,66.2
GreatBasin,8/1/1996,67.3,79.2,91.6,90.6,66.3
GreatBasin,8/2/1996,65.6,77.7,90.4,89.2,64.5
GreatBasin,8/3/1996,60.5,71.6,85.5,84.7,60.2
GreatBasin,8/4/1996,54.6,66,78.3,81.6,57.4
GreatBasin,8/5/1996,57.1,68.5,80.9,79.6,55.3
GreatBasin,8/6/1996,54.3,66.3,79.6,81.4,56
GreatBasin,8/7/1996,56.5,68.7,83.8,84.1,57.6
GreatBasin,8/8/1996,62,74.5,88.8,87.4,61.2
GreatBasin,8/9/1996,65,77.2,89.7,90.1,64.2
GreatBasin,8/10/1996,65.5,78.3,91.7,91.6,66.1
GreatBasin,8/11/1996,67.9,80.4,93.4,92.8,67.6
GreatBasin,8/12/1996,69.5,81.5,93.3,92.7,68.8
GreatBasin,8/13/1996,68.9,80.5,91.3,91.3,69
GreatBasin,8/14/1996,68.7,79.5,89.4,90,68.3
GreatBasin,8/15/1996,67.4,78.3,89.4,89.4,67.6
GreatBasin,8/16/1996,66.7,78.3,89.3,88.9,66.9
GreatBasin,8/17/1996,66.5,77.1,87.9,86.8,64.5
GreatBasin,8/18/1996,60.4,71.3,83.2,84.4,60.9
GreatBasin,8/19/1996,55.7,68.1,82,82.9,58.7
GreatBasin,8/20/1996,60.1,71.5,83.6,82.6,58.1
GreatBasin,8/21/1996,58.6,70.5,82.2,83.6,59.2
GreatBasin,8/22/1996,58.9,71.4,85,85,59.8
GreatBasin,8/23/1996,62,74.2,87.7,86.8,61.7
GreatBasin,8/24/1996,64.3,76,87.6,87.7,63.9
GreatBasin,8/25/1996,65.5,76.6,87.7,87.5,64.8
GreatBasin,8/26/1996,64.6,76.1,87.3,87,64.3
GreatBasin,8/27/1996,62.9,74.5,85.9,85.8,62.8
GreatBasin,8/28/1996,60.9,72.6,84.1,85.4,62
GreatBasin,8/29/1996,62.2,73.7,86.3,86.6,62.1
GreatBasin,8/30/1996,63.2,75.6,89.3,87.8,63
GreatBasin,8/31/1996,63.6,75.9,87.9,87.7,62.2
GreatBasin,9/1/1996,59.8,72.2,85.9,85.1,60.5
GreatBasin,9/2/1996,58.1,69.8,81.5,83.9,59.1
GreatBasin,9/3/1996,59.3,70.9,84.4,82.9,59.1
GreatBasin,9/4/1996,60,71.4,82.8,82.5,58.8
GreatBasin,9/5/1996,57,66.1,80.2,78.3,55.6
GreatBasin,9/6/1996,49.9,59.9,71.9,76.4,53.4
GreatBasin,9/7/1996,53.2,63.7,77.2,76.5,53.4
GreatBasin,9/8/1996,57.1,67.9,80.4,80.4,56.6
GreatBasin,9/9/1996,59.6,70.7,83.6,81.9,59.2
GreatBasin,9/10/1996,60.8,71.3,81.6,81.6,60.2
GreatBasin,9/11/1996,60.3,69.9,79.5,79.8,59.8
GreatBasin,9/12/1996,58.2,67.9,78.3,77.3,58.3
GreatBasin,9/13/1996,56.5,65.2,74.1,74.4,55.5
GreatBasin,9/14/1996,51.8,60.6,70.7,71.6,53.1
GreatBasin,9/15/1996,50.9,59.8,70,69.6,49.9
GreatBasin,9/16/1996,47,55.2,68.1,65.3,46.5
GreatBasin,9/17/1996,41.5,49.5,57.9,61.7,43.4
GreatBasin,9/18/1996,41.8,49.9,59,59.7,42.1
GreatBasin,9/19/1996,43.1,51.7,62.2,63.1,43.6
GreatBasin,9/20/1996,45.9,55.3,68.1,67.4,46.6
GreatBasin,9/21/1996,50.9,60,71.9,70,49.2
GreatBasin,9/22/1996,50.7,59.6,70.1,70.2,49.1
GreatBasin,9/23/1996,45.8,55.9,68.5,69.8,48.7
GreatBasin,9/24/1996,49.7,59,70.7,69.3,48.4
GreatBasin,9/25/1996,49.8,58.7,68.6,67.7,47.9
GreatBasin,9/26/1996,44.3,53.3,63.9,65.5,45.7
GreatBasin,9/27/1996,43,52.2,64.1,66.8,45.3
GreatBasin,9/28/1996,48.7,58,72.5,71,48.1
GreatBasin,9/29/1996,52.7,62.9,76.5,75.4,51.9
GreatBasin,9/30/1996,54.3,64.8,77.3,76.1,53.8
GreatBasin,10/1/1996,54.4,63.9,74.6,75,53.3
GreatBasin,10/2/1996,51.2,60.9,73,73.6,52.7
GreatBasin,10/3/1996,52.6,61.8,73.3,74.1,52.3
GreatBasin,10/4/1996,53.2,63.2,75.9,74.7,53.4
GreatBasin,10/5/1996,54.3,63.9,75,75.7,53.9
GreatBasin,10/6/1996,54.2,64.1,76.3,76.1,54.4
GreatBasin,10/7/1996,54.7,64.8,76.9,77.1,54.8
GreatBasin,10/8/1996,55.6,65.6,78.2,78,55.6
GreatBasin,10/9/1996,56.5,66.7,79,79.2,56.4
GreatBasin,10/10/1996,57.1,67.4,80.3,78.5,56.4
GreatBasin,10/11/1996,55.6,65.9,76.3,77,55.4
GreatBasin,10/12/1996,53.5,63.3,74.4,74.4,54.1
GreatBasin,10/13/1996,53.2,62.1,72.4,71.6,50.9
GreatBasin,10/14/1996,45.9,55.7,68.1,68.1,48.3
GreatBasin,10/15/1996,45.8,53.6,63.8,64,44.3
GreatBasin,10/16/1996,41.1,49.1,60.2,58.7,39.8
GreatBasin,10/17/1996,32.6,41.7,52.2,57.4,38
GreatBasin,10/18/1996,40.3,46.7,59.7,56.2,37.4
GreatBasin,10/19/1996,39.4,46.4,56.7,53.8,35.9
GreatBasin,10/20/1996,27.9,35.5,45,48.1,30.7
GreatBasin,10/21/1996,24.9,32.7,42.6,45.4,27.5
GreatBasin,10/22/1996,29.8,36.2,48.5,47,29.7
GreatBasin,10/23/1996,34.4,40.7,50,49.6,34
GreatBasin,10/24/1996,37.8,42.6,50.2,49.3,35.6
GreatBasin,10/25/1996,34.6,40.6,47.8,45.9,33.6
GreatBasin,10/26/1996,28.5,33.7,39.8,43.4,29.9
GreatBasin,10/27/1996,26.6,32.8,42.7,42.8,28.8
GreatBasin,10/28/1996,31.3,36.8,45.8,43.5,29.7
GreatBasin,10/29/1996,31.2,36.5,42,44.5,31.2
GreatBasin,10/30/1996,31.1,36.6,45.6,43.7,31
GreatBasin,10/31/1996,30.7,36.5,43.5,45.3,31.1
GreatBasin,11/1/1996,31.4,37,46.8,47.1,32
GreatBasin,11/2/1996,34,40.3,50.9,49.1,34
GreatBasin,11/3/1996,36.5,42.1,49.7,50.2,35.5
GreatBasin,11/4/1996,36.1,41.8,49.9,48.4,35.3
GreatBasin,11/5/1996,33.4,38.9,45.7,45.3,31.8
GreatBasin,11/6/1996,26,32.7,40.2,43.4,29.7
GreatBasin,11/7/1996,29.8,34.7,44.2,45.2,29.9
GreatBasin,11/8/1996,33.9,39.3,51.3,49.9,34
GreatBasin,11/9/1996,38.2,44.3,54.2,53.6,37.1
GreatBasin,11/10/1996,39.1,45.6,55.3,54.8,38.7
GreatBasin,11/11/1996,38.8,45.5,54.8,55.4,39.5
GreatBasin,11/12/1996,40.5,46.6,56.2,55.6,40.3
GreatBasin,11/13/1996,41.7,47.4,55.9,54.2,40.5
GreatBasin,11/14/1996,39.4,44.1,50.5,49.6,37.2
GreatBasin,11/15/1996,30.5,35.8,42.4,43.1,31.6
GreatBasin,11/16/1996,24.9,30.2,36.5,39.6,27.8
GreatBasin,11/17/1996,27.9,31.6,39.8,40.9,29.5
GreatBasin,11/18/1996,35.6,38.8,46.3,45,33.9
GreatBasin,11/19/1996,38.2,42.7,49,48,37.5
GreatBasin,11/20/1996,38.7,43.5,48.6,48.1,37.9
GreatBasin,11/21/1996,36.9,41,46.7,46.6,38.5
GreatBasin,11/22/1996,40,41.8,44.4,44.5,36.7
GreatBasin,11/23/1996,33.2,37.4,42.5,43.4,34.7
GreatBasin,11/24/1996,30.9,35.3,43.2,43,32.6
GreatBasin,11/25/1996,33.7,37.5,43.3,41.8,31.4
GreatBasin,11/26/1996,29.6,34.2,39,40.4,29.7
GreatBasin,11/27/1996,25.7,30.8,39,39.7,28.9
GreatBasin,11/28/1996,31.3,34.3,41.1,38.5,27.7
GreatBasin,11/29/1996,26.2,30.7,35.4,36.8,26.3
GreatBasin,11/30/1996,21.5,26.3,34,35.5,24.9
GreatBasin,12/1/1996,27,30.1,37.1,34.6,23.4
GreatBasin,12/2/1996,21.8,27.2,32.8,34.5,23.3
GreatBasin,12/3/1996,21.1,25,33.5,33,21
GreatBasin,12/4/1996,20,25.7,32.7,34.6,22.6
GreatBasin,12/5/1996,26.7,31.5,37.6,35.9,25.4
GreatBasin,12/6/1996,29.4,32.3,37.5,38,27.5
GreatBasin,12/7/1996,26.5,31.2,38.8,40.2,29.9
GreatBasin,12/8/1996,33.8,36.9,44.2,43,32.9
GreatBasin,12/9/1996,38.5,40.8,46,44.4,36.2
GreatBasin,12/10/1996,36.4,39.6,43,43.4,36.6
GreatBasin,12/11/1996,34.8,37.7,41.3,42.8,35.8
GreatBasin,12/12/1996,36.2,38.4,44,42.6,35.1
GreatBasin,12/13/1996,34.2,37.6,42.6,41.5,32.1
GreatBasin,12/14/1996,26,31.5,38,37.3,26.6
GreatBasin,12/15/1996,19.5,24.3,31.3,34.7,23.8
GreatBasin,12/16/1996,25.9,28.5,34.8,31.9,20.3
GreatBasin,12/17/1996,15.4,21.6,29.6,29.6,17.4
GreatBasin,12/18/1996,10.9,15.5,24.3,28.7,15
GreatBasin,12/19/1996,18.8,22.3,32.1,30.8,18.2
GreatBasin,12/20/1996,24.8,28.1,35.9,33.7,23.1
GreatBasin,12/21/1996,25.7,29.3,33,33.4,25
GreatBasin,12/22/1996,24.5,27.3,31.4,31.8,23.7
GreatBasin,12/23/1996,20.8,25.4,30.9,31.8,22.7
GreatBasin,12/24/1996,22.7,25.8,33.2,32.5,22.5
GreatBasin,12/25/1996,24.1,27.5,33.5,34.4,24.7
GreatBasin,12/26/1996,27.3,30.1,36.6,36.1,27.3
GreatBasin,12/27/1996,30.5,33.3,38.1,37.2,28.6
GreatBasin,12/28/1996,28.1,32.2,36.9,37.9,29.6
GreatBasin,12/29/1996,30.3,32.9,38.8,39.5,31.1
GreatBasin,12/30/1996,34.9,37.6,42.8,42.5,34.6
GreatBasin,12/31/1996,38.5,40.6,45.8,45.1,37.9
GreatBasin,1/1/1997,40.2,42.4,46.6,46.3,39.9
GreatBasin,1/2/1997,40.9,43.3,46.6,46,39.5
GreatBasin,1/3/1997,37.3,40.2,44.7,42.1,34
GreatBasin,1/4/1997,23.9,28.7,35.1,36,27.2
GreatBasin,1/5/1997,20.4,24.1,28.3,30,19.8
GreatBasin,1/6/1997,15.2,20.3,26.7,28.9,18.4
GreatBasin,1/7/1997,19.6,23.1,31.8,31.3,19.7
GreatBasin,1/8/1997,24.3,28.1,35.4,34.3,23
GreatBasin,1/9/1997,25.1,29.2,35.8,35.9,25.7
GreatBasin,1/10/1997,27.8,31.4,36.4,35.1,25.9
GreatBasin,1/11/1997,24.7,28.8,33.1,32.5,21.2
GreatBasin,1/12/1997,11.2,17.2,27.9,27.6,15.5
GreatBasin,1/13/1997,10.5,13.8,21.9,24.5,11.6
GreatBasin,1/14/1997,13.1,17.1,23.8,23.4,12.6
GreatBasin,1/15/1997,14.3,17.7,24.4,24.8,13.5
GreatBasin,1/16/1997,13.2,17.8,26.3,27.2,15.1
GreatBasin,1/17/1997,17.8,21.4,30.8,31.5,18.8
GreatBasin,1/18/1997,25.5,28.9,37.5,36,23.9
GreatBasin,1/19/1997,28.3,32.2,39.6,38.8,27.7
GreatBasin,1/20/1997,29.2,33.1,39.4,38.2,28.2
GreatBasin,1/21/1997,27.1,31.3,35.6,36.5,27.4
GreatBasin,1/22/1997,26,29.1,34.4,34.6,26.5
GreatBasin,1/23/1997,26.4,29.8,33.9,33.3,24.1
GreatBasin,1/24/1997,19.8,25.4,31.5,32.9,23
GreatBasin,1/25/1997,22.9,26.1,33.4,34.1,24.4
GreatBasin,1/26/1997,30.4,32.9,37.5,35.8,26.5
GreatBasin,1/27/1997,26.1,31,36.5,37.8,28.1
GreatBasin,1/28/1997,27.9,31.5,39.4,38,27.5
GreatBasin,1/29/1997,28.6,33.5,38.2,39.3,28.2
GreatBasin,1/30/1997,28,31.9,40.3,40.7,30
GreatBasin,1/31/1997,33.3,36.7,43.5,42.2,31.8
GreatBasin,2/1/1997,34.1,38.1,42.7,42.2,32.4
GreatBasin,2/2/1997,29.9,34.6,40.4,40.2,29.7
GreatBasin,2/3/1997,25.1,30.5,37.4,37.9,26.2
GreatBasin,2/4/1997,23.6,28.6,36,35.8,23.6
GreatBasin,2/5/1997,22.2,27.4,34,33.7,21.2
GreatBasin,2/6/1997,17.9,23.9,31.1,32.5,19.4
GreatBasin,2/7/1997,18,23.4,32.4,32.8,18.7
GreatBasin,2/8/1997,20.3,25.7,34.8,34.4,19.9
GreatBasin,2/9/1997,21.3,26.9,35.9,36.4,21.7
GreatBasin,2/10/1997,23.6,29.3,38.6,38,23.8
GreatBasin,2/11/1997,26.4,31.8,39.6,38.9,26.5
GreatBasin,2/12/1997,29.4,32.8,38.5,38.1,25.8
GreatBasin,2/13/1997,21.6,28.1,36.1,38.5,25.5
GreatBasin,2/14/1997,25.6,30.4,41,40.7,26.1
GreatBasin,2/15/1997,31.2,36.3,45,44.3,29.8
GreatBasin,2/16/1997,32.6,38.1,46.8,46.2,33.6
GreatBasin,2/17/1997,36.9,40.7,46.9,46.1,33.6
GreatBasin,2/18/1997,31.2,36.6,44.5,45.5,32.6
GreatBasin,2/19/1997,29.8,35,45.1,44.4,30.1
GreatBasin,2/20/1997,29.2,35.4,43.6,41.6,27.1
GreatBasin,2/21/1997,22.3,28.4,36,38.7,24.8
GreatBasin,2/22/1997,22.8,28.5,36.4,35.7,21.9
GreatBasin,2/23/1997,20.7,27.5,34.8,35.4,20.8
GreatBasin,2/24/1997,19,25.7,35.1,36.4,20.5
GreatBasin,2/25/1997,21.9,28.4,39.2,38.4,22.6
GreatBasin,2/26/1997,26.8,32.6,40.8,39.6,25.8
GreatBasin,2/27/1997,28.7,32.5,38.9,37.4,25.5
GreatBasin,2/28/1997,21,26.6,32.6,35.5,22.7
GreatBasin,3/1/1997,18.4,24.6,34.9,35.8,22.5
GreatBasin,3/2/1997,28,31.8,40,37.8,23.8
GreatBasin,3/3/1997,25.1,31.3,38.6,37.9,24.6
GreatBasin,3/4/1997,20.7,27.2,35.2,37.9,22
GreatBasin,3/5/1997,20.2,27.2,39.8,40.2,23
GreatBasin,3/6/1997,28.1,34.5,45.6,44.3,26.1
GreatBasin,3/7/1997,30,37.4,47.5,46.6,30.5
GreatBasin,3/8/1997,33.4,39.5,46.7,47.6,31
GreatBasin,3/9/1997,29.6,37.6,48.6,49.6,32.9
GreatBasin,3/10/1997,35.8,42.8,53.6,52.7,34.8
GreatBasin,3/11/1997,38.9,45.8,56,54.7,37.7
GreatBasin,3/12/1997,38.5,45.8,54.5,53.7,36
GreatBasin,3/13/1997,30.7,39,50.7,50.5,32.1
GreatBasin,3/14/1997,27.1,35.1,46.3,49.8,30.2
GreatBasin,3/15/1997,32.9,40.4,52.5,51.2,33.7
GreatBasin,3/16/1997,41.2,46.6,54.9,53.3,37.7
GreatBasin,3/17/1997,38.9,45.5,52.6,55.1,39.1
GreatBasin,3/18/1997,37.2,45.2,57.8,57.6,39.5
GreatBasin,3/19/1997,42.3,50.4,62.5,61,41.5
GreatBasin,3/20/1997,45,53,62.6,62.1,42.9
GreatBasin,3/21/1997,41.5,50.4,61.2,61.2,42.4
GreatBasin,3/22/1997,40.6,49.1,59.7,59.9,41.1
GreatBasin,3/23/1997,41.1,49.3,58.7,58.2,39.4
GreatBasin,3/24/1997,36.5,44.8,56.1,56.2,36.6
GreatBasin,3/25/1997,32.1,41.1,53.9,56.7,35.7
GreatBasin,3/26/1997,38.5,47.4,60.1,57.7,36.7
GreatBasin,3/27/1997,39.6,47.2,59.2,56.8,37.9
GreatBasin,3/28/1997,35.6,43.1,51.2,53.3,35.2
GreatBasin,3/29/1997,30.5,39.5,49.6,53.3,33.8
GreatBasin,3/30/1997,35.3,44.5,59.2,55.6,35
GreatBasin,3/31/1997,39.1,46.5,58.1,54.5,33.8
GreatBasin,4/1/1997,27.1,35,46.1,49,30.5
GreatBasin,4/2/1997,25.2,32.4,42.8,46.3,27.4
GreatBasin,4/3/1997,30,37.3,49.9,47.2,29
GreatBasin,4/4/1997,31.8,39.1,49,47.1,28.9
GreatBasin,4/5/1997,24.8,32.5,42.5,45.6,27.1
GreatBasin,4/6/1997,24.8,33.2,45.3,46,26.7
GreatBasin,4/7/1997,30.4,38.9,50.3,48.8,29.2
GreatBasin,4/8/1997,32.4,41.1,50.8,50,31.4
GreatBasin,4/9/1997,31.5,39.3,49,47.8,30.2
GreatBasin,4/10/1997,26.8,35,43.5,44.6,27.5
GreatBasin,4/11/1997,24.3,32.7,41.4,42.8,25
GreatBasin,4/12/1997,23.8,32.9,43.4,44.8,25.2
GreatBasin,4/13/1997,27.6,36.9,49.7,49.4,29.4
GreatBasin,4/14/1997,36.8,44,55.1,54.7,34.4
GreatBasin,4/15/1997,38.8,48,59.3,59.9,39.2
GreatBasin,4/16/1997,42.1,52.3,65.4,63.8,42.1
GreatBasin,4/17/1997,45.4,55.8,66.6,66.1,44.2
GreatBasin,4/18/1997,45.2,55.7,66.2,65.8,45.9
GreatBasin,4/19/1997,47.1,55.4,64.7,65.2,46.5
GreatBasin,4/20/1997,47.3,55.4,64.7,64.2,46.4
GreatBasin,4/21/1997,44.8,53.2,63.3,62.9,45
GreatBasin,4/22/1997,42.9,51.6,60.7,61.3,44
GreatBasin,4/23/1997,44.3,50.9,60,57.8,40.8
GreatBasin,4/24/1997,35.1,43.5,52.8,56.9,38.8
GreatBasin,4/25/1997,37.1,46.2,57.9,58.2,37.9
GreatBasin,4/26/1997,41.6,51.4,64,62.8,41.8
GreatBasin,4/27/1997,46.8,56.2,66.6,64.6,43.9
GreatBasin,4/28/1997,43.4,52.8,63.2,63.3,44
GreatBasin,4/29/1997,41.7,50.1,60.2,61,41.6
GreatBasin,4/30/1997,39.8,49.1,59.5,59.5,40
GreatBasin,5/1/1997,38.4,47.3,58.7,58.1,37.7
GreatBasin,5/2/1997,35,44.6,56.2,60.7,38.1
GreatBasin,5/3/1997,41,51.8,67.3,64.1,41.5
GreatBasin,5/4/1997,48.4,58.2,68.8,69.5,45.7
GreatBasin,5/5/1997,47.8,59.5,72.5,70.9,49
GreatBasin,5/6/1997,50.8,61.4,71.3,71.1,48.6
GreatBasin,5/7/1997,47.2,58.2,69.6,70.2,48.2
GreatBasin,5/8/1997,46.6,57.8,69.6,71.2,47.6
GreatBasin,5/9/1997,48.9,61,74.4,73.1,49.4
GreatBasin,5/10/1997,52.8,64.2,75.3,74.9,51.6
GreatBasin,5/11/1997,53.1,64.1,74.9,75.8,52.8
GreatBasin,5/12/1997,52.6,64.6,77.1,76.8,53.9
GreatBasin,5/13/1997,55.9,67.2,78.5,78.2,54.8
GreatBasin,5/14/1997,55.9,67.5,79,79.3,56.2
GreatBasin,5/15/1997,56.7,68.5,80.3,79.8,56.9
GreatBasin,5/16/1997,58,69.5,80.2,79.7,57.7
GreatBasin,5/17/1997,58.5,68.7,78.7,77.9,56.9
GreatBasin,5/18/1997,54.1,64.4,74.9,75.9,54.3
GreatBasin,5/19/1997,50.2,62.3,74.1,74,52.3
GreatBasin,5/20/1997,52.6,63.9,73,73.1,51.2
GreatBasin,5/21/1997,50.8,61.7,72.1,72.8,51.2
GreatBasin,5/22/1997,50.1,61.6,73.2,72.5,51.1
GreatBasin,5/23/1997,52.4,62.3,72.1,71.5,50.3
GreatBasin,5/24/1997,48.3,56.6,69.2,67.4,48.2
GreatBasin,5/25/1997,43.9,52.5,60.8,64.8,45.1
GreatBasin,5/26/1997,43,53.1,64.5,65,44.9
GreatBasin,5/27/1997,47.9,58.2,69.6,69.3,47.6
GreatBasin,5/28/1997,51.8,62.4,73.7,73,51.6
GreatBasin,5/29/1997,55.2,65.3,75.8,76.8,54.5
GreatBasin,5/30/1997,56.6,68.1,80.8,80.4,57.2
GreatBasin,5/31/1997,59.8,72,84.5,82.8,58
GreatBasin,6/1/1997,57.5,69.3,83,81.2,57.3
GreatBasin,6/2/1997,54.7,65.8,76,80.1,56.3
GreatBasin,6/3/1997,56.8,68,81.2,79.1,56.6
GreatBasin,6/4/1997,58.3,69.2,80.1,79.6,56.4
GreatBasin,6/5/1997,54.2,64.9,77.5,77.5,55.1
GreatBasin,6/6/1997,52.8,63.5,74.9,75.7,54
GreatBasin,6/7/1997,54.9,65.1,74.8,74.4,54.3
GreatBasin,6/8/1997,55.2,64.4,73.6,74,54.8
GreatBasin,6/9/1997,54.4,64.2,73.6,73.6,55
GreatBasin,6/10/1997,55.4,64.8,73.6,74.2,54.6
GreatBasin,6/11/1997,54,64.6,75.3,74.4,54.3
GreatBasin,6/12/1997,53.4,63.7,74.2,73,52.3
GreatBasin,6/13/1997,49.6,59.4,69.4,70.9,50.9
GreatBasin,6/14/1997,49.7,59.9,69.2,70.1,50
GreatBasin,6/15/1997,50.8,61.2,71.8,72.7,51.6
GreatBasin,6/16/1997,54.2,65.1,77.1,77,54.5
GreatBasin,6/17/1997,58.4,69.8,82.1,80.8,58
GreatBasin,6/18/1997,61.4,72.5,83.2,82.6,60
GreatBasin,6/19/1997,60.2,72,82.5,82.4,60.1
GreatBasin,6/20/1997,58.6,69.8,81.4,82.2,58.4
GreatBasin,6/21/1997,56.5,69.2,82.7,82.1,57.5
GreatBasin,6/22/1997,57.4,69.5,82.2,80.8,55.8
GreatBasin,6/23/1997,53.6,65.6,77.4,78,54.1
GreatBasin,6/24/1997,51.4,63.5,74.5,78,53
GreatBasin,6/25/1997,54,67,82,80.6,54.9
GreatBasin,6/26/1997,59.3,72.4,85.2,83.8,58
GreatBasin,6/27/1997,60.6,72.7,84.1,83.8,59.5
GreatBasin,6/28/1997,58.6,70.9,82.1,82.2,58.5
GreatBasin,6/29/1997,56.4,68.6,80.3,80.1,56.7
GreatBasin,6/30/1997,55.2,66.6,77.9,77.2,53.3
GreatBasin,7/1/1997,48.4,60,73.5,76.3,51.7
GreatBasin,7/2/1997,51.5,64,77.6,76.6,51.2
GreatBasin,7/3/1997,53.7,66,78.7,80.2,54.1
GreatBasin,7/4/1997,57,70.1,84.4,83.7,57.2
GreatBasin,7/5/1997,60.8,74.2,88.1,86.5,59.8
GreatBasin,7/6/1997,61.7,74.4,87.1,86.7,60.9
GreatBasin,7/7/1997,60.2,73,85,86.5,61.4
GreatBasin,7/8/1997,62.2,74.7,87.4,86.8,62.3
GreatBasin,7/9/1997,64.6,76.9,88.1,87.4,62.9
GreatBasin,7/10/1997,62,73.2,86.7,84.9,60.5
GreatBasin,7/11/1997,55,66.7,79.8,80.8,57.5
GreatBasin,7/12/1997,55.5,65.4,76,79.1,55.3
GreatBasin,7/13/1997,55.4,67.3,81.6,82,57.1
GreatBasin,7/14/1997,60.5,73.5,88.5,87.3,60.4
GreatBasin,7/15/1997,65.2,78,91.7,90.6,64
GreatBasin,7/16/1997,66.2,79.2,91.6,91.3,66.4
GreatBasin,7/17/1997,67.7,79.2,90.6,90,65.6
GreatBasin,7/18/1997,63,74.7,87.7,87.1,63.8
GreatBasin,7/19/1997,60.8,72.3,83,85,61.8
GreatBasin,7/20/1997,61.6,72.9,84.2,84.8,62.1
GreatBasin,7/21/1997,63.8,75,87.1,85.7,63.7
GreatBasin,7/22/1997,65.8,74.8,85.7,85.1,63.9
GreatBasin,7/23/1997,62.2,72.3,82.4,83.9,63
GreatBasin,7/24/1997,61.1,72.3,83.7,83.7,62
GreatBasin,7/25/1997,62.6,74,84.9,84.7,61.9
GreatBasin,7/26/1997,62,73.8,85.6,85.4,62.5
GreatBasin,7/27/1997,62.8,74.5,85.8,85.3,63
GreatBasin,7/28/1997,64.3,74,84.6,84.1,62.7
GreatBasin,7/29/1997,61,71.3,81.8,82.5,62.3
GreatBasin,7/30/1997,61.7,71.5,81.2,82.5,61.1
GreatBasin,7/31/1997,60.6,72.1,84.4,84.3,61.5
GreatBasin,8/1/1997,62.1,74.2,87.2,86.6,62.3
GreatBasin,8/2/1997,64.1,76.1,88.3,87.7,64.1
GreatBasin,8/3/1997,66.1,77.2,87.5,87.1,65.5
GreatBasin,8/4/1997,66.3,75.2,85.4,85.7,65.6
GreatBasin,8/5/1997,64.3,73.6,84.1,85.4,65
GreatBasin,8/6/1997,64.4,75,86.8,86.7,64.6
GreatBasin,8/7/1997,65.1,76.9,89.2,88.1,65.2
GreatBasin,8/8/1997,66.2,77.6,88.3,88,64.6
GreatBasin,8/9/1997,62.6,73.3,86.6,84.3,62.3
GreatBasin,8/10/1997,58.2,68,77.9,81.1,59.3
GreatBasin,8/11/1997,57,67.7,78.9,79.2,57.8
GreatBasin,8/12/1997,58.3,69.3,80.9,80.5,58.3
GreatBasin,8/13/1997,59.5,70.6,81.6,82.4,59.8
GreatBasin,8/14/1997,61.5,72.4,84.8,83.8,61.2
GreatBasin,8/15/1997,62.6,74,85,84.4,61.1
GreatBasin,8/16/1997,59.2,70.4,83.5,83.8,60.2
GreatBasin,8/17/1997,58.7,70.1,82.9,83,59.3
GreatBasin,8/18/1997,59.9,71.4,82.7,83.1,59.6
GreatBasin,8/19/1997,60.3,71.9,83.8,84.5,60.9
GreatBasin,8/20/1997,62.4,74.3,87.1,85.8,62.2
GreatBasin,8/21/1997,63.8,75.2,86.5,87.1,63.6
GreatBasin,8/22/1997,64.5,75.8,87.8,87.4,64.9
GreatBasin,8/23/1997,66.3,77.3,88,87.1,65.1
GreatBasin,8/24/1997,64.6,74.7,85.5,86.5,64.2
GreatBasin,8/25/1997,61.6,73,85.9,86.2,63.2
GreatBasin,8/26/1997,63.4,75,87.3,86.5,62.5
GreatBasin,8/27/1997,62.5,74.3,86.3,86.2,62.5
GreatBasin,8/28/1997,61.7,73.3,84.9,84.8,61.2
GreatBasin,8/29/1997,59.3,71.2,83.1,84.1,60.1
GreatBasin,8/30/1997,59.3,71.3,84.3,83.7,60.2
GreatBasin,8/31/1997,61.9,72.6,83.8,83.4,60.6
GreatBasin,9/1/1997,60.5,70.9,82.2,81.9,61.6
GreatBasin,9/2/1997,62.4,70.5,79.6,79.2,61.4
GreatBasin,9/3/1997,61.2,68.4,75.8,78.3,60.7
GreatBasin,9/4/1997,58.5,68.2,79.6,79.2,59.8
GreatBasin,9/5/1997,59.7,70.3,82.3,80.8,59.6
GreatBasin,9/6/1997,60.7,70.4,80.6,81.8,59.9
GreatBasin,9/7/1997,59.4,70.3,82.6,82.2,60.5
GreatBasin,9/8/1997,61.3,71.8,83.3,83.1,61.2
GreatBasin,9/9/1997,62.9,72.7,83.5,82.8,62.2
GreatBasin,9/10/1997,62.5,72.2,81.6,81.7,62.1
GreatBasin,9/11/1997,60.9,70.1,80,79.4,59.3
GreatBasin,9/12/1997,54.6,64.9,76.5,79,57.5
GreatBasin,9/13/1997,56.9,67.3,80.5,79,56.7
GreatBasin,9/14/1997,58.6,68.6,80,79.4,57.6
GreatBasin,9/15/1997,57.4,65.3,77.6,75.5,55.2
GreatBasin,9/16/1997,49.7,58.9,68.8,74,53.1
GreatBasin,9/17/1997,52.3,62.1,75.7,72.5,52.3
GreatBasin,9/18/1997,55,63,73.1,71.9,52.2
GreatBasin,9/19/1997,49.3,57.8,67,69.1,51.1
GreatBasin,9/20/1997,49.1,57.6,67.3,67.2,49.3
GreatBasin,9/21/1997,49.6,57.8,67.4,68,49.5
GreatBasin,9/22/1997,49.9,58.7,69.3,69.9,50.4
GreatBasin,9/23/1997,51.8,61.1,72.9,72.8,51.4
GreatBasin,9/24/1997,52.5,63,76.2,74.5,53.4
GreatBasin,9/25/1997,56,64.3,74.4,73.5,55
GreatBasin,9/26/1997,56.5,62.5,69.8,70.9,54.4
GreatBasin,9/27/1997,50.7,58.8,68.5,69.3,51.8
GreatBasin,9/28/1997,48.2,57.4,69.6,70.8,50.1
GreatBasin,9/29/1997,51.3,61.1,74.4,74,51.5
GreatBasin,9/30/1997,55.1,64.8,78,77.4,54.4
GreatBasin,10/1/1997,56.9,66.9,79.7,78.1,56.7
GreatBasin,10/2/1997,58,64.9,76.7,74.7,54.4
GreatBasin,10/3/1997,48.4,57.1,67.8,72.1,52.8
GreatBasin,10/4/1997,51.9,60.3,71.9,69.6,50.4
GreatBasin,10/5/1997,50.8,59.5,69.1,69.8,49.6
GreatBasin,10/6/1997,46.2,56.2,68.5,67.7,47.1
GreatBasin,10/7/1997,44.2,52.5,65.5,62.3,42.4
GreatBasin,10/8/1997,36.7,44.2,53,59.6,40.9
GreatBasin,10/9/1997,41.8,48.2,60.2,58.6,41.3
GreatBasin,10/10/1997,45.5,52.6,62.6,60.7,42.2
GreatBasin,10/11/1997,39.2,46.1,59.2,55.8,38.8
GreatBasin,10/12/1997,31.6,38,45.6,52.4,34.7
GreatBasin,10/13/1997,33.3,39.9,52.4,53.1,34.8
GreatBasin,10/14/1997,39.5,47.4,61.4,59.6,38.8
GreatBasin,10/15/1997,43.5,52.2,64.9,64.8,43.1
GreatBasin,10/16/1997,46.3,55.4,68.2,67.4,46
GreatBasin,10/17/1997,48.1,57.4,69.1,67.7,47.4
GreatBasin,10/18/1997,47.8,56.7,65.7,66.2,46.9
GreatBasin,10/19/1997,44.9,53.8,63.9,63.3,45.2
GreatBasin,10/20/1997,42.8,51.2,60.2,61.9,43.2
GreatBasin,10/21/1997,42,50.5,61.7,61.1,42.9
GreatBasin,10/22/1997,43.9,51.8,61.5,60.3,42.9
GreatBasin,10/23/1997,42.8,48.9,57.7,56.3,40
GreatBasin,10/24/1997,33.2,39.7,49.8,50.6,34.5
GreatBasin,10/25/1997,27.5,34.5,44.3,47.7,30.2
GreatBasin,10/26/1997,30,37.1,48.9,48.7,31
GreatBasin,10/27/1997,35.5,42.2,53,52.1,34.1
GreatBasin,10/28/1997,36.9,44.2,54.4,53.7,37.3
GreatBasin,10/29/1997,39.5,45.7,53.6,55.7,39.3
GreatBasin,10/30/1997,41.5,48.2,59.1,56.5,41.9
GreatBasin,10/31/1997,44.8,50.3,56.9,57,42.2
GreatBasin,11/1/1997,40.2,47.1,55.1,55.9,41.1
GreatBasin,11/2/1997,38.2,45.6,55.6,56.4,39.4
GreatBasin,11/3/1997,39.9,46.9,58.4,57.9,40.4
GreatBasin,11/4/1997,43,49.9,59.8,59.6,41.7
GreatBasin,11/5/1997,42.2,49.9,60.6,60.8,42.7
GreatBasin,11/6/1997,43,50.8,62,60.4,42.8
GreatBasin,11/7/1997,43.3,50.2,58.5,57.7,41.2
GreatBasin,11/8/1997,37.4,44.4,52.5,52.6,38.2
GreatBasin,11/9/1997,33.8,40.1,46.8,48.8,34.7
GreatBasin,11/10/1997,33,38.8,47,45.6,33
GreatBasin,11/11/1997,32.2,37.5,43.1,44.5,32.3
GreatBasin,11/12/1997,31.6,36.1,43.3,42.7,31.2
GreatBasin,11/13/1997,29.8,35.2,41.8,41.3,29.6
GreatBasin,11/14/1997,27.3,33,38.9,39.8,27
GreatBasin,11/15/1997,23.9,30,38.7,39.6,26.1
GreatBasin,11/16/1997,27.1,32.1,41.1,40.9,26.9
GreatBasin,11/17/1997,29.7,34.7,43,42.6,29.1
GreatBasin,11/18/1997,30.4,35.7,43.7,44.3,31.6
GreatBasin,11/19/1997,34.7,38.4,46.3,44.8,33.1
GreatBasin,11/20/1997,34.1,38.8,44.4,44.5,33.6
GreatBasin,11/21/1997,32,36.2,42.8,43.2,31.7
GreatBasin,11/22/1997,28.9,34.7,42.4,43.9,31
GreatBasin,11/23/1997,32,36.4,46.6,46.1,32
GreatBasin,11/24/1997,35.2,40.2,49.2,47.9,35
GreatBasin,11/25/1997,37.7,41.9,48,48.6,36.4
GreatBasin,11/26/1997,36.2,40.3,48.6,46.6,35.6
GreatBasin,11/27/1997,33,37.8,43.2,45,33.6
GreatBasin,11/28/1997,31.5,36,43.3,43.3,31.8
GreatBasin,11/29/1997,31,35.8,43.3,43.1,31.3
GreatBasin,11/30/1997,31.5,35.9,42.6,42,31
GreatBasin,12/1/1997,30.5,34.7,40,40,29.6
GreatBasin,12/2/1997,26.8,31.6,37.3,38,27
GreatBasin,12/3/1997,23.6,28.9,36.6,37,24.8
GreatBasin,12/4/1997,23.9,29,37.2,37.1,24.2
GreatBasin,12/5/1997,25.1,29.9,37.6,37.8,25.8
GreatBasin,12/6/1997,28.3,31.7,38.6,38.4,28.3
GreatBasin,12/7/1997,31.4,33.7,38.9,37.8,30
GreatBasin,12/8/1997,30.2,33.1,36,35.2,28.1
GreatBasin,12/9/1997,22.6,26.8,30.6,31.7,23.7
GreatBasin,12/10/1997,18.3,22.5,28.6,29.4,19.4
GreatBasin,12/11/1997,17.3,21.4,29,29.4,17.7
GreatBasin,12/12/1997,17.5,21.9,30.7,31.6,18.7
GreatBasin,12/13/1997,21.2,25.5,35.2,35.1,22.1
GreatBasin,12/14/1997,27.6,30.9,39.4,37.7,26
GreatBasin,12/15/1997,29.3,33.5,38.5,39,28
GreatBasin,12/16/1997,27,31.2,39,39.6,29.3
GreatBasin,12/17/1997,31.6,35,41.3,39.1,29.3
GreatBasin,12/18/1997,29.3,33.3,37.1,36.7,27.3
GreatBasin,12/19/1997,21.1,26.9,31.7,33.7,23.6
GreatBasin,12/20/1997,20.3,24.3,32.4,31.6,20.8
GreatBasin,12/21/1997,21.1,25.6,30.7,30.7,19.9
GreatBasin,12/22/1997,18.2,22.8,28.9,29.3,19
GreatBasin,12/23/1997,17.6,21.7,28.4,28,17.9
GreatBasin,12/24/1997,17.9,21.6,26.6,27,16.3
GreatBasin,12/25/1997,13.5,18.6,26,26.5,15.1
GreatBasin,12/26/1997,14,18.7,26.9,27.7,15.4
GreatBasin,12/27/1997,18.8,22.2,30.3,30,17.7
GreatBasin,12/28/1997,20.4,24.8,32.8,34.4,23
GreatBasin,12/29/1997,29.7,32.8,40.2,37.9,26.6
GreatBasin,12/30/1997,29.8,34.3,40.7,40.8,29.6
GreatBasin,12/31/1997,29.3,33.8,41.6,42,30.2
GreatBasin,1/1/1998,31.4,35.9,43.6,42.4,32
GreatBasin,1/2/1998,35.4,38.1,42.1,41.6,32.1
GreatBasin,1/3/1998,29.4,33.9,39.2,39.8,31.3
GreatBasin,1/4/1998,29.2,32.8,38.1,37.1,27.3
GreatBasin,1/5/1998,23.4,28.6,34,34.4,24
GreatBasin,1/6/1998,19.4,23.9,31,32.7,21.6
GreatBasin,1/7/1998,22.1,25.5,33.2,32.2,21.5
GreatBasin,1/8/1998,23.1,27.5,32.3,31.9,21.4
GreatBasin,1/9/1998,19,23.9,30.3,31.4,21.9
GreatBasin,1/10/1998,23.5,26,31.6,31.8,23.2
GreatBasin,1/11/1998,27.2,29.3,33.5,33.2,25
GreatBasin,1/12/1998,24.3,28.6,34.4,35,27
GreatBasin,1/13/1998,29.5,31.9,37.2,36,26.4
GreatBasin,1/14/1998,25.5,30.2,36.5,37.1,28.4
GreatBasin,1/15/1998,30.2,32.8,37.5,37.5,27.8
GreatBasin,1/16/1998,27.7,32.3,38.4,39.6,30.9
GreatBasin,1/17/1998,34.8,37.1,42.8,41.3,31.2
GreatBasin,1/18/1998,31,36.2,42.7,41.5,32.6
GreatBasin,1/19/1998,32,35,39.1,38.6,29
GreatBasin,1/20/1998,24.1,28.7,34.1,35.4,25.6
GreatBasin,1/21/1998,20.6,25.7,32.9,34.1,22.2
GreatBasin,1/22/1998,22,26.3,35.4,35.8,22.9
GreatBasin,1/23/1998,26,30.8,39.2,38.9,26.1
GreatBasin,1/24/1998,30.3,34.5,42.1,41.2,28.9
GreatBasin,1/25/1998,30.4,35.3,42.3,42.6,30.7
GreatBasin,1/26/1998,31.5,35.6,43.4,43.4,31.6
GreatBasin,1/27/1998,32.9,37.2,44.4,43.7,31.6
GreatBasin,1/28/1998,30.5,36.1,43.4,43.6,31.4
GreatBasin,1/29/1998,30.9,35.9,43.1,42.1,30.5
GreatBasin,1/30/1998,30.2,34.6,39.9,40.5,29.2
GreatBasin,1/31/1998,26.4,31.6,38.4,38.7,27.1
GreatBasin,2/1/1998,24.8,30.3,37.8,38.6,27.1
GreatBasin,2/2/1998,30.1,33.2,39.6,40.6,29.4
GreatBasin,2/3/1998,33.2,36.4,44.4,42,32.4
GreatBasin,2/4/1998,33.9,37.5,41.9,42,32.5
GreatBasin,2/5/1998,30.3,34.4,39.8,40.9,31.1
GreatBasin,2/6/1998,29.2,33.7,41,40.6,30.6
GreatBasin,2/7/1998,32.3,35.7,41.1,40.3,31.1
GreatBasin,2/8/1998,31.9,34.7,38.8,38.9,30.5
GreatBasin,2/9/1998,27.2,31.9,36.8,37.4,27.8
GreatBasin,2/10/1998,24.2,29,36.5,36.8,25.9
GreatBasin,2/11/1998,26.4,30.3,37.2,37.2,25.3
GreatBasin,2/12/1998,25.3,30.6,38,38.4,27.4
GreatBasin,2/13/1998,30.4,33.6,39.9,39,27.9
GreatBasin,2/14/1998,27.9,32.8,39,38.6,29.4
GreatBasin,2/15/1998,29.8,33.5,37,37.1,27.3
GreatBasin,2/16/1998,24.1,29.1,35.2,35.8,26
GreatBasin,2/17/1998,24.2,28.5,35.3,35.7,24.4
GreatBasin,2/18/1998,25,29.5,36.7,36.4,24.5
GreatBasin,2/19/1998,24.3,29.4,37.3,36.9,25.1
GreatBasin,2/20/1998,25.9,30.2,36.8,37.8,25.9
GreatBasin,2/21/1998,27.4,31.6,39.4,38,27.4
GreatBasin,2/22/1998,29,33.2,37.9,38.9,28
GreatBasin,2/23/1998,27.6,32.3,39.5,38.5,29
GreatBasin,2/24/1998,30.3,33.1,38.2,37,26.4
GreatBasin,2/25/1998,21.2,26.9,33.3,34.4,24
GreatBasin,2/26/1998,20.5,24.9,31.8,32,20.5
GreatBasin,2/27/1998,19.7,24.3,31,31.7,19.3
GreatBasin,2/28/1998,17.6,23.5,32.3,33.6,20.2
GreatBasin,3/1/1998,23.3,27.9,37.5,36.9,22.4
GreatBasin,3/2/1998,26.2,31.7,40.9,39.6,26.3
GreatBasin,3/3/1998,29.5,34.5,40.5,40,26.3
GreatBasin,3/4/1998,23.2,30.2,38.7,38.6,24.5
GreatBasin,3/5/1998,20.8,27.6,36.6,36.8,22.8
GreatBasin,3/6/1998,24.5,29,35.1,34,20.1
GreatBasin,3/7/1998,14.9,22.5,30.3,33.1,18.9
GreatBasin,3/8/1998,17.3,23.2,33.9,34.2,18.2
GreatBasin,3/9/1998,22.3,28.5,38.4,38,21.6
GreatBasin,3/10/1998,25.1,31.5,41.7,42.3,25.7
GreatBasin,3/11/1998,29.6,35.9,46.9,46.1,28.9
GreatBasin,3/12/1998,32,39.4,49.6,48.7,32.3
GreatBasin,3/13/1998,35.3,41.8,49.5,49.9,34
GreatBasin,3/14/1998,34.8,41.6,50.6,50.8,35.3
GreatBasin,3/15/1998,35.9,42.8,52.2,51.3,35.8
GreatBasin,3/16/1998,36.7,43.4,51.2,51,35.4
GreatBasin,3/17/1998,33.5,40.5,49.7,48.3,32.6
GreatBasin,3/18/1998,27.6,35,44,46.7,29.8
GreatBasin,3/19/1998,28.2,35.5,46.4,47.3,29.4
GreatBasin,3/20/1998,32.3,40,51.4,50.8,32.2
GreatBasin,3/21/1998,36.1,43.8,54.6,54.1,36.7
GreatBasin,3/22/1998,41.7,47.6,56.4,57.1,40.2
GreatBasin,3/23/1998,42.9,50.2,60.2,58.8,43.2
GreatBasin,3/24/1998,44.9,52,59.9,59.5,43.4
GreatBasin,3/25/1998,42.5,49.6,58.5,57,41.6
GreatBasin,3/26/1998,37.4,43.7,52.5,52.8,38.2
GreatBasin,3/27/1998,34.7,40.3,47.4,47.9,34.5
GreatBasin,3/28/1998,31.5,36.2,43.9,43.1,30.8
GreatBasin,3/29/1998,26.3,32,38,41.1,27.6
GreatBasin,3/30/1998,25,31.8,41.4,41.5,26.5
GreatBasin,3/31/1998,28.1,35.2,45,43.9,28.3
GreatBasin,4/1/1998,31.7,37.8,45.4,45.6,30.5
GreatBasin,4/2/1998,31.7,37.9,46.4,47.3,32.3
GreatBasin,4/3/1998,33.4,40.7,50.1,48.3,33
GreatBasin,4/4/1998,34,40.5,48.5,48.3,33.3
GreatBasin,4/5/1998,32.5,38.9,46.3,46.6,33
GreatBasin,4/6/1998,32.6,38.6,45,45.2,32.1
GreatBasin,4/7/1998,31.3,37.3,44.2,45.4,31.8
GreatBasin,4/8/1998,31.5,38.1,46.9,47.3,32.1
GreatBasin,4/9/1998,33.4,40.9,50.8,51.6,34
GreatBasin,4/10/1998,37,45.3,57.1,54.7,36.7
GreatBasin,4/11/1998,39.8,48,56.3,55.8,37.1
GreatBasin,4/12/1998,34.5,41.5,53.9,51.8,35.1
GreatBasin,4/13/1998,30.9,37.8,45.1,47.6,31.8
GreatBasin,4/14/1998,30.1,36.7,43.8,43.3,30.2
GreatBasin,4/15/1998,29.5,35.2,41.1,43.2,29.8
GreatBasin,4/16/1998,29.9,36.3,44.8,44.7,30.2
GreatBasin,4/17/1998,31.2,38.6,48.1,48.2,31.4
GreatBasin,4/18/1998,33,41.3,51.7,52.3,33.8
GreatBasin,4/19/1998,37.3,45.8,57,56.5,36.6
GreatBasin,4/20/1998,39.6,49,60.7,61.3,39.8
GreatBasin,4/21/1998,42.4,53,66.1,66,42.7
GreatBasin,4/22/1998,46.1,57.6,71.2,69.2,45.9
GreatBasin,4/23/1998,49.2,59.9,70.2,69.5,46
GreatBasin,4/24/1998,42.6,51.8,67.2,63.9,42.8
GreatBasin,4/25/1998,36.7,45,54.4,59.4,38.4
GreatBasin,4/26/1998,35.8,44.9,56.5,57.4,37.4
GreatBasin,4/27/1998,39.8,49.4,61.4,60.9,39.5
GreatBasin,4/28/1998,43,53.5,64.8,64.9,42.8
GreatBasin,4/29/1998,45.7,56.6,68.6,68,45.6
GreatBasin,4/30/1998,48.1,59.1,70.6,69.8,47.4
GreatBasin,5/1/1998,48.5,59.6,70.3,70.3,48.2
GreatBasin,5/2/1998,47.9,58.9,70,69.7,48.2
GreatBasin,5/3/1998,48.2,58.5,68.7,68.4,47.6
GreatBasin,5/4/1998,46.8,56,66.4,65.6,46.4
GreatBasin,5/5/1998,44.3,53.3,61.6,62.6,44.9
GreatBasin,5/6/1998,43.6,52,59.9,61.9,43.8
GreatBasin,5/7/1998,43.6,53.3,64.1,62.3,44.3
GreatBasin,5/8/1998,45.8,54.5,62.8,62.6,44.6
GreatBasin,5/9/1998,44.3,52.6,60.8,61.2,44.2
GreatBasin,5/10/1998,42.6,51.8,60.1,59.9,42.8
GreatBasin,5/11/1998,41.4,49.7,58.9,59.5,42
GreatBasin,5/12/1998,41.9,50.7,59.4,58.6,41.2
GreatBasin,5/13/1998,40.4,48.1,57.6,56.9,40.1
GreatBasin,5/14/1998,38,45.8,53.8,56.6,39.2
GreatBasin,5/15/1998,39.1,47.5,58.4,58.6,39.5
GreatBasin,5/16/1998,41.5,51.8,63.6,61.3,40.8
GreatBasin,5/17/1998,41.9,52.1,62,63.7,41.7
GreatBasin,5/18/1998,41.8,52.3,65.4,66.5,43.5
GreatBasin,5/19/1998,46.7,58.4,72.1,69.7,46
GreatBasin,5/20/1998,49.5,60.9,71.5,71.1,47.1
GreatBasin,5/21/1998,45.1,55.6,69.8,66.5,45.3
GreatBasin,5/22/1998,41.3,49.9,58.3,64.1,43.3
GreatBasin,5/23/1998,43.5,52.8,64.1,63.3,43.8
GreatBasin,5/24/1998,46.6,56.8,67.5,67.4,46.5
GreatBasin,5/25/1998,49.4,60,70.6,69,47.9
GreatBasin,5/26/1998,47.7,57.1,69,67.5,46.1
GreatBasin,5/27/1998,41.1,51.4,63,67.5,44.8
GreatBasin,5/28/1998,45.5,56.6,70.6,67.7,45.2
GreatBasin,5/29/1998,48.9,59.6,69.6,69.3,46.5
GreatBasin,5/30/1998,45.1,55.9,67.6,69.9,47
GreatBasin,5/31/1998,47,58.5,72.4,71.8,47.9
GreatBasin,6/1/1998,51.5,63.1,75.3,74.1,50.3
GreatBasin,6/2/1998,52.5,63.6,74.6,73.4,50.9
GreatBasin,6/3/1998,48.8,58.5,70.2,69,48.4
GreatBasin,6/4/1998,43.8,52.5,62.2,65.8,45.7
GreatBasin,6/5/1998,44.6,54.4,64.9,65.7,45.5
GreatBasin,6/6/1998,48,58.7,70,67.7,46.7
GreatBasin,6/7/1998,47.5,57.4,68.1,67,47.2
GreatBasin,6/8/1998,46.1,54.9,63,65.2,46.7
GreatBasin,6/9/1998,46.5,55.3,64.5,64.4,46.9
GreatBasin,6/10/1998,48.2,57.3,65.7,65.7,48.1
GreatBasin,6/11/1998,49.7,58.2,66.8,67.7,49.2
GreatBasin,6/12/1998,49.8,60.2,70.7,68.8,49.8
GreatBasin,6/13/1998,49.9,58.9,69,70.1,50
GreatBasin,6/14/1998,50.2,60.1,70.5,70.5,50.5
GreatBasin,6/15/1998,51.5,62.2,72.1,71.4,51
GreatBasin,6/16/1998,51.2,60.5,71.6,69.4,48.8
GreatBasin,6/17/1998,43.7,53.6,64.6,70.2,48.1
GreatBasin,6/18/1998,49.4,60.6,74.5,71.1,49.3
GreatBasin,6/19/1998,54.9,65.2,74.2,74,51.7
GreatBasin,6/20/1998,50.8,62.3,73.3,74.5,52.9
GreatBasin,6/21/1998,52.9,64.3,76.1,75.3,52.7
GreatBasin,6/22/1998,54.5,66.1,76.6,76,53.6
GreatBasin,6/23/1998,53.4,64.7,75.2,75.6,53.5
GreatBasin,6/24/1998,52.6,64,75,75.2,54
GreatBasin,6/25/1998,56.1,65.9,75.3,75,54.2
GreatBasin,6/26/1998,53.9,63.7,74.7,75,53.9
GreatBasin,6/27/1998,51.7,63.1,75.1,77.6,53.9
GreatBasin,6/28/1998,56,68.3,83,81.2,56.1
GreatBasin,6/29/1998,60.5,72.7,85.4,85,59.4
GreatBasin,6/30/1998,61.6,74.3,86.6,86.1,61.4
GreatBasin,7/1/1998,62,74.5,86.2,86.7,61.8
GreatBasin,7/2/1998,61.7,74.6,87.3,86.7,61.7
GreatBasin,7/3/1998,61.5,74.6,86.6,86.5,61.8
GreatBasin,7/4/1998,62.1,74.1,85.7,85.6,61.7
GreatBasin,7/5/1998,61.6,73.7,84.6,84.6,61.7
GreatBasin,7/6/1998,61.4,73,83.6,84.5,61.9
GreatBasin,7/7/1998,62.6,74.2,85.3,84.8,62.4
GreatBasin,7/8/1998,63.1,74.9,85.6,86.1,63.2
GreatBasin,7/9/1998,63.8,75.6,87.4,87.2,63.9
GreatBasin,7/10/1998,64.9,76.6,88.5,87.8,64.2
GreatBasin,7/11/1998,63.8,76.3,87.5,88,63.9
GreatBasin,7/12/1998,63,75.4,88.1,88.4,63.8
GreatBasin,7/13/1998,64.5,77.3,89.6,88.9,63.9
GreatBasin,7/14/1998,64.1,76.9,88.9,90.1,64.5
GreatBasin,7/15/1998,65,78,91.8,92,65.6
GreatBasin,7/16/1998,67.6,81.2,95.3,94.6,67.5
GreatBasin,7/17/1998,69.8,83.3,96.7,96,69.4
GreatBasin,7/18/1998,70.9,83.9,96,95.9,70.4
GreatBasin,7/19/1998,70.4,83,94.9,94.8,70.1
GreatBasin,7/20/1998,68.9,81.1,93.5,93,69
GreatBasin,7/21/1998,67.6,78.8,90.7,90.5,67.6
GreatBasin,7/22/1998,66.4,77,87.3,87.6,66.5
GreatBasin,7/23/1998,65.5,75.3,84.8,84.7,65.3
GreatBasin,7/24/1998,64.1,73.3,82.1,83.9,64.7
GreatBasin,7/25/1998,64.5,74.3,84.9,85,64.7
GreatBasin,7/26/1998,65.6,76.6,87.9,86.9,65.9
GreatBasin,7/27/1998,67.6,78.1,88,87.6,66.8
GreatBasin,7/28/1998,67.3,77.6,86.9,86.9,66.8
GreatBasin,7/29/1998,65.6,76.2,85.8,85.9,65.1
GreatBasin,7/30/1998,62.5,73.9,85,84.8,63
GreatBasin,7/31/1998,60.9,72.6,83.7,83.6,61.1
GreatBasin,8/1/1998,60,70.7,82,83,60.7
GreatBasin,8/2/1998,61.2,71.7,83.4,84,61.7
GreatBasin,8/3/1998,64,75,86.7,86.3,63.3
GreatBasin,8/4/1998,64.8,76.7,88.7,89,65
GreatBasin,8/5/1998,66.2,78.6,91.7,90.8,66.2
GreatBasin,8/6/1998,67.7,80,91.9,91.6,67
GreatBasin,8/7/1998,67.1,79.4,91.1,90.8,66.5
GreatBasin,8/8/1998,64.7,77.2,89.5,89.9,65.6
GreatBasin,8/9/1998,64.9,77.1,89,88.6,65.1
GreatBasin,8/10/1998,65.7,76.7,87.4,88,65.1
GreatBasin,8/11/1998,64.8,76,87.6,88.1,65.5
GreatBasin,8/12/1998,66,77.3,89.3,89.1,66
GreatBasin,8/13/1998,67.3,78.7,90.3,89.6,66.9
GreatBasin,8/14/1998,67.3,78.6,89.3,89.1,67.3
GreatBasin,8/15/1998,67.2,77.7,87.8,87.5,66.1
GreatBasin,8/16/1998,63.9,75.2,85.3,85.6,64.9
GreatBasin,8/17/1998,63.6,73.8,83.8,83.7,62.7
GreatBasin,8/18/1998,60.5,71.2,82.1,82.8,60.6
GreatBasin,8/19/1998,57.7,69.8,82.5,83.4,59.5
GreatBasin,8/20/1998,60.3,72.1,85.6,84.7,60.2
GreatBasin,8/21/1998,62.6,74.1,85.9,86.1,61.6
GreatBasin,8/22/1998,61.9,74.1,86.7,86.1,62.6
GreatBasin,8/23/1998,63.3,74.8,85.8,85.5,61.7
GreatBasin,8/24/1998,59.8,71.5,84.1,84.5,61.6
GreatBasin,8/25/1998,61.8,72.2,83.6,83.4,60.7
GreatBasin,8/26/1998,60.6,71.7,82.5,83.4,60.7
GreatBasin,8/27/1998,59.6,71.3,84,85.3,60.7
GreatBasin,8/28/1998,62,74.5,89.4,88.2,62.5
GreatBasin,8/29/1998,65.9,77.9,91.3,90.5,65.1
GreatBasin,8/30/1998,67.3,78.8,90.7,90.3,66.3
GreatBasin,8/31/1998,65.6,76.2,88.8,87.9,65.2
GreatBasin,9/1/1998,62.8,73.7,84.3,86.6,63.7
GreatBasin,9/2/1998,62.6,74.2,86.7,86.5,63.2
GreatBasin,9/3/1998,64.1,75.9,88.5,87.4,64.2
GreatBasin,9/4/1998,65.8,75.2,87,86.3,65
GreatBasin,9/5/1998,65,73.5,83.5,84.1,64.8
GreatBasin,9/6/1998,63.6,72.6,81.8,82.9,64
GreatBasin,9/7/1998,63.4,72.8,83.3,82.4,63.6
GreatBasin,9/8/1998,63.9,72.9,82.1,81.6,63.1
GreatBasin,9/9/1998,62.1,70.4,79.3,78.5,61.2
GreatBasin,9/10/1998,57.6,65.5,74,75.2,58.8
GreatBasin,9/11/1998,56.8,64.5,72.2,72.7,56.8
GreatBasin,9/12/1998,55.9,63.2,72,73.1,56.1
GreatBasin,9/13/1998,55.5,64.4,75.1,75.3,56
GreatBasin,9/14/1998,56.6,66.5,78.8,78.6,57.2
GreatBasin,9/15/1998,59.5,69.8,81.9,81.1,59.4
GreatBasin,9/16/1998,62,71.5,82.7,82.6,61.2
GreatBasin,9/17/1998,62.1,72.1,83.2,82.4,62
GreatBasin,9/18/1998,61.8,70.2,81.2,79.6,58.5
GreatBasin,9/19/1998,51.7,61.3,74.3,74.2,54.7
GreatBasin,9/20/1998,50.5,58.7,67.2,68.9,50.2
GreatBasin,9/21/1998,48.3,56.4,65.3,66.8,48.7
GreatBasin,9/22/1998,47.3,56.5,68,67.9,48.7
GreatBasin,9/23/1998,50.4,59.4,70.5,70,49.6
GreatBasin,9/24/1998,51.1,60.4,71.5,70.5,50.9
GreatBasin,9/25/1998,51.1,59.6,69.5,68.3,50
GreatBasin,9/26/1998,47.8,55.4,64,67.6,48.9
GreatBasin,9/27/1998,47.8,56.8,69.4,68.8,48.7
GreatBasin,9/28/1998,50.4,60.2,73.1,71.6,50.3
GreatBasin,9/29/1998,52.7,61.9,72.3,71.4,51.3
GreatBasin,9/30/1998,50.7,59.5,68.8,69.7,51
GreatBasin,10/1/1998,49.5,58.1,68.1,67.6,49.9
GreatBasin,10/2/1998,49.4,57.3,65.8,65.8,48.2
GreatBasin,10/3/1998,45.7,53.3,63.5,62.2,44.9
GreatBasin,10/4/1998,39.5,47.2,57.3,58.7,40.6
GreatBasin,10/5/1998,36.7,45,55.3,58.2,38.8
GreatBasin,10/6/1998,40.2,48.5,62.1,62.4,40.7
GreatBasin,10/7/1998,45.2,54.8,69.7,66.8,44.8
GreatBasin,10/8/1998,49,58.1,68.7,68.2,46.7
GreatBasin,10/9/1998,46,55.6,66.3,66.2,46.4
GreatBasin,10/10/1998,44.1,52.9,63.7,64.3,43.4
GreatBasin,10/11/1998,40.2,49.7,63,65.2,43.2
GreatBasin,10/12/1998,45.2,54.6,68.8,67,45.3
GreatBasin,10/13/1998,50.4,58.7,69.3,67.7,46.9
GreatBasin,10/14/1998,45,54.3,65,64.5,45.3
GreatBasin,10/15/1998,40.4,48.8,59.3,58.4,40
GreatBasin,10/16/1998,34.5,41.1,51,53.9,35.8
GreatBasin,10/17/1998,32.6,39.9,51.4,52.8,34.7
GreatBasin,10/18/1998,36.9,44.3,55.9,55.4,36.1
GreatBasin,10/19/1998,38.8,47.1,59,58.4,38.7
GreatBasin,10/20/1998,40.5,49.1,60.4,60.3,41
GreatBasin,10/21/1998,43.6,51.1,61.6,61,43
GreatBasin,10/22/1998,44.9,51.9,61.1,61.3,44.4
GreatBasin,10/23/1998,44.7,52,61.2,61.1,44.4
GreatBasin,10/24/1998,43.7,51.6,61,59.9,44.3
GreatBasin,10/25/1998,44.4,50.8,57.6,58.7,42.9
GreatBasin,10/26/1998,40.6,47.8,57.6,57.4,42.1
GreatBasin,10/27/1998,41.3,48.6,57,56.1,41.3
GreatBasin,10/28/1998,41.9,47.5,53.8,54.2,40.7
GreatBasin,10/29/1998,38.9,45.1,51.9,51.5,39
GreatBasin,10/30/1998,36.2,42.2,48.9,50.9,36.9
GreatBasin,10/31/1998,35.6,42.2,52,51.1,36.7
GreatBasin,11/1/1998,38.2,44.1,52.5,51.1,36.8
GreatBasin,11/2/1998,36.6,42.3,48.9,49.8,36.5
GreatBasin,11/3/1998,34.7,40.6,48.1,48.6,35.3
GreatBasin,11/4/1998,34.6,40.4,48.8,48.3,34.6
GreatBasin,11/5/1998,34.4,40.3,47.9,46.8,33.4
GreatBasin,11/6/1998,31.3,36.9,43.7,44.6,31.7
GreatBasin,11/7/1998,29.4,34.5,42.3,42.3,31
GreatBasin,11/8/1998,32.4,36.3,40.8,39.9,29.2
GreatBasin,11/9/1998,25.8,30.6,36.7,37.9,27.4
GreatBasin,11/10/1998,24,28.3,36.3,36.5,25.6
GreatBasin,11/11/1998,27.1,30.6,36.4,37.7,25.8
GreatBasin,11/12/1998,26.3,31.4,40.3,40.8,28.3
GreatBasin,11/13/1998,31.5,35.8,45.7,45.4,31.4
GreatBasin,11/14/1998,36.5,41.1,50.3,49.1,35.7
GreatBasin,11/15/1998,39.2,43.8,51.4,50.6,37.6
GreatBasin,11/16/1998,37.1,42.6,50.1,50,38.3
GreatBasin,11/17/1998,38.5,42.4,48.4,47.1,35.9
GreatBasin,11/18/1998,32.1,37.2,42.8,44.2,33.4
GreatBasin,11/19/1998,29.6,34.5,41.4,42.6,30.5
GreatBasin,11/20/1998,29.8,34.5,43.6,44.4,31.8
GreatBasin,11/21/1998,35.9,39.4,48.2,46.4,34.8
GreatBasin,11/22/1998,38.7,42.4,47.4,48.6,36.8
GreatBasin,11/23/1998,35.9,41,50.2,48.3,37.7
GreatBasin,11/24/1998,38.4,43.1,47.3,49.1,36.5
GreatBasin,11/25/1998,35.1,40,49.7,50.4,37.6
GreatBasin,11/26/1998,39.4,44.3,54.1,51.8,38.1
GreatBasin,11/27/1998,39.7,44.9,51.5,50.8,39.9
GreatBasin,11/28/1998,40.6,43,46.9,47,38.1
GreatBasin,11/29/1998,34.1,38,42.7,45.8,36.7
GreatBasin,11/30/1998,35.5,39.4,47.7,46,35.7
GreatBasin,12/1/1998,37.6,41.6,47.7,47.8,36.6
GreatBasin,12/2/1998,36.7,40.6,47.9,47.3,37.1
GreatBasin,12/3/1998,37.1,41.4,46.2,45.1,34.6
GreatBasin,12/4/1998,29.9,34.6,41.2,39.4,29.1
GreatBasin,12/5/1998,20.3,25.2,30.8,33.3,23.1
GreatBasin,12/6/1998,19.2,22.5,27.9,28.9,18.9
GreatBasin,12/7/1998,17.3,21.2,28.1,29.8,19.4
GreatBasin,12/8/1998,21.7,25.2,33.4,30.3,19.4
GreatBasin,12/9/1998,19.1,24.6,29.3,31.4,19.6
GreatBasin,12/10/1998,18,22.5,31.6,32.4,20.1
GreatBasin,12/11/1998,23.3,27.3,36.3,36.2,23.3
GreatBasin,12/12/1998,28.6,32.3,40.8,40.5,27.9
GreatBasin,12/13/1998,31.9,35.9,44.3,42.5,30.9
GreatBasin,12/14/1998,32.1,36.8,42.3,42.8,31.1
GreatBasin,12/15/1998,29.4,34,41.9,42.5,31.1
GreatBasin,12/16/1998,31.9,35.9,43.4,43.4,31.5
GreatBasin,12/17/1998,33.3,37.5,44.9,42.8,30.9
GreatBasin,12/18/1998,27.4,33.5,40.2,37.7,25.5
GreatBasin,12/19/1998,15.9,21.3,28,29.7,17.9
GreatBasin,12/20/1998,10.5,15.7,20.9,21.2,9.7
GreatBasin,12/21/1998,2.8,8.9,14.7,17.4,5.7
GreatBasin,12/22/1998,3.8,8.3,16.7,16.5,3.5
GreatBasin,12/23/1998,4,9.4,18,20.2,6.1
GreatBasin,12/24/1998,10.4,14.8,25.9,26.1,11.7
GreatBasin,12/25/1998,20.6,24.5,34.3,33.1,20
GreatBasin,12/26/1998,28.9,32,39.2,37.6,25.7
GreatBasin,12/27/1998,27.5,31.8,39.3,40.1,29.9
GreatBasin,12/28/1998,33.2,35.6,41.9,41.9,31.3
GreatBasin,12/29/1998,33.3,37.3,44.5,43.5,33.6
GreatBasin,12/30/1998,34.4,38.7,44.2,43.8,33.5
GreatBasin,12/31/1998,32.7,36.7,42.8,41.8,31.6
GreatBasin,1/1/1999,27.7,33.1,38.5,39,28.3
GreatBasin,1/2/1999,24.5,29.2,35.8,35.6,24
GreatBasin,1/3/1999,19.9,25.9,32.4,35.1,22.4
GreatBasin,1/4/1999,22.8,27,37,37,23.9
GreatBasin,1/5/1999,29.1,33,41.6,40.3,27.4
GreatBasin,1/6/1999,30.3,35.2,42.2,41.8,30.2
GreatBasin,1/7/1999,31.1,35.8,41.6,40.3,28.9
GreatBasin,1/8/1999,25.3,30.8,37,39.2,27.5
GreatBasin,1/9/1999,26.1,29.9,39.1,39.9,27.4
GreatBasin,1/10/1999,30.7,34.7,43.6,42.7,30.1
GreatBasin,1/11/1999,33.4,38,45.4,43.6,31.8
GreatBasin,1/12/1999,31.3,37,41.7,42.4,31.6
GreatBasin,1/13/1999,30,34.3,40.2,41.8,30.4
GreatBasin,1/14/1999,29.9,34.1,43.4,42.3,31.8
GreatBasin,1/15/1999,35.4,38.2,43.2,42.9,33
GreatBasin,1/16/1999,33.6,36.7,42,41.8,33
GreatBasin,1/17/1999,29.9,34.4,40.3,42.4,32.7
GreatBasin,1/18/1999,34.7,37.7,44.9,43.1,32.7
GreatBasin,1/19/1999,33.4,37.9,44,43.8,34
GreatBasin,1/20/1999,33.9,37.3,42.4,42.1,32.2
GreatBasin,1/21/1999,29.4,34.2,39.9,39.5,29.5
GreatBasin,1/22/1999,25.2,29.6,36.3,38.2,27.8
GreatBasin,1/23/1999,28.8,32.1,38.3,36.9,26.1
GreatBasin,1/24/1999,24.3,29.6,36,37.2,26
GreatBasin,1/25/1999,24.9,29.4,37.2,35.4,24.4
GreatBasin,1/26/1999,24,27.8,33.1,33.5,23
GreatBasin,1/27/1999,20.1,24.8,30.1,31.6,20.5
GreatBasin,1/28/1999,17.3,22.3,31.7,32.5,19.2
GreatBasin,1/29/1999,20.2,25.4,35.6,34.9,20.1
GreatBasin,1/30/1999,22.8,28.3,37.5,37.6,23.2
GreatBasin,1/31/1999,26.6,31.1,39.7,37.7,24.4
GreatBasin,2/1/1999,23.9,29.3,36,37,23.9
GreatBasin,2/2/1999,21.2,26.2,35.4,37.2,24.1
GreatBasin,2/3/1999,27.3,32.7,40.1,39.2,26.2
GreatBasin,2/4/1999,30.2,34.1,42,40.4,28.3
GreatBasin,2/5/1999,27.5,32.4,39.1,39.8,28.6
GreatBasin,2/6/1999,28,31.7,38.2,39.8,29.4
GreatBasin,2/7/1999,32.7,35.6,42,40.6,30.1
GreatBasin,2/8/1999,29.7,35.5,41.6,42.4,32.4
GreatBasin,2/9/1999,34.9,38.1,43.7,42,28.5
GreatBasin,2/10/1999,20.8,28.7,40.6,37.1,22.4
GreatBasin,2/11/1999,11.6,18.1,27,34.5,16.5
GreatBasin,2/12/1999,17.1,22.4,35.9,35.2,18.4
GreatBasin,2/13/1999,26.4,31.5,42.6,40.3,25.2
GreatBasin,2/14/1999,32,35.9,42.5,41.8,28
GreatBasin,2/15/1999,25.7,32.5,40.4,41.4,28.6
GreatBasin,2/16/1999,28,32.5,41.2,41.3,28.9
GreatBasin,2/17/1999,33.1,36.3,42.3,42,30
GreatBasin,2/18/1999,28.8,34.7,42.4,41.9,30.8
GreatBasin,2/19/1999,30.5,35.8,40.9,40.5,27.4
GreatBasin,2/20/1999,22.9,29.7,38.3,40.2,27.7
GreatBasin,2/21/1999,29.8,33.6,41.3,39.3,25.3
GreatBasin,2/22/1999,23.3,30.1,38.3,41.2,27.5
GreatBasin,2/23/1999,29.3,34.2,44,43.7,28.6
GreatBasin,2/24/1999,33.2,39,48.8,46.8,32.7
GreatBasin,2/25/1999,35.6,41,47.5,46.7,31.9
GreatBasin,2/26/1999,26.9,34.2,43.9,45.4,30
GreatBasin,2/27/1999,27.5,33.8,44.9,46.6,29.9
GreatBasin,2/28/1999,35.4,40.8,50.9,48.5,33.6
GreatBasin,3/1/1999,37.8,43.3,49.6,49.3,34.6
GreatBasin,3/2/1999,30.5,38.3,47.5,49,34.9
GreatBasin,3/3/1999,36.3,41.4,50,48.3,32.5
GreatBasin,3/4/1999,30.7,37.6,47.4,46,30.2
GreatBasin,3/5/1999,23.7,31.4,40.6,44.2,26.5
GreatBasin,3/6/1999,25.1,32.4,44.5,42.6,25.9
GreatBasin,3/7/1999,28.9,34.5,42.8,43.1,26.4
GreatBasin,3/8/1999,25.1,32.1,41.9,42.4,27.8
GreatBasin,3/9/1999,29.3,35,42.6,41.9,26.4
GreatBasin,3/10/1999,24.9,32.3,41.3,41.6,27.3
GreatBasin,3/11/1999,27.7,33.7,40.8,41.6,25.9
GreatBasin,3/12/1999,25,32.4,42.7,44.3,27.5
GreatBasin,3/13/1999,29.7,36.8,49.3,48.9,30
GreatBasin,3/14/1999,35.3,42.9,54.6,52.8,34
GreatBasin,3/15/1999,37.1,45,54.6,53.9,36
GreatBasin,3/16/1999,35.6,42.3,52.6,52.4,34.5
GreatBasin,3/17/1999,30.7,38.9,49.9,52.4,33.6
GreatBasin,3/18/1999,34.4,42.5,54.8,54.4,34.6
GreatBasin,3/19/1999,38.7,46.9,58.5,57.1,37.8
GreatBasin,3/20/1999,40.2,48.5,57.9,57.4,38.5
GreatBasin,3/21/1999,36.5,44.5,55.8,55.7,37.3
GreatBasin,3/22/1999,35.2,42.9,53.4,54.3,36.2
GreatBasin,3/23/1999,36.8,44.5,53.6,55,36.4
GreatBasin,3/24/1999,37.1,45.6,58.1,57.5,38.2
GreatBasin,3/25/1999,40.7,49.4,60.8,59.5,39.8
GreatBasin,3/26/1999,41.7,49.4,59.6,57.9,39.2
GreatBasin,3/27/1999,35.3,42.3,53.3,54.1,36
GreatBasin,3/28/1999,31,39.2,49.4,53.7,34
GreatBasin,3/29/1999,35.6,44.3,58.5,55.1,35.2
GreatBasin,3/30/1999,39.1,47,57.3,55.3,35.5
GreatBasin,3/31/1999,31.7,38.4,50.1,48.8,31.9
GreatBasin,4/1/1999,24.8,31.5,38.9,42.7,26.5
GreatBasin,4/2/1999,22.9,30.5,39,39,24.3
GreatBasin,4/3/1999,25.2,31.5,39,39.4,24
GreatBasin,4/4/1999,24,30.8,40.2,41.2,25.3
GreatBasin,4/5/1999,26.8,34.2,44.3,44.4,27.3
GreatBasin,4/6/1999,31.1,38.3,48.8,47.2,30.2
GreatBasin,4/7/1999,32.7,40.2,48.6,48.3,31.9
GreatBasin,4/8/1999,31.8,38.8,47.5,47.4,30.9
GreatBasin,4/9/1999,28.1,35.1,46.2,45,27.7
GreatBasin,4/10/1999,23.2,31,41.2,46,26.8
GreatBasin,4/11/1999,29,37.3,50.7,49.2,29.2
GreatBasin,4/12/1999,35.3,43.8,55.7,54.7,34.1
GreatBasin,4/13/1999,37.9,47,57.7,56.6,36.3
GreatBasin,4/14/1999,35.8,45.2,56.5,55.5,35.6
GreatBasin,4/15/1999,33.2,42.3,52.3,55.1,34.3
GreatBasin,4/16/1999,33.9,43.6,56.6,58,35.7
GreatBasin,4/17/1999,40.1,50.5,65.2,63.6,40
GreatBasin,4/18/1999,46.1,56.7,69.1,67.6,44.9
GreatBasin,4/19/1999,48.5,58.7,68.6,68.2,47.3
GreatBasin,4/20/1999,47.3,55.5,66.8,64.9,45.3
GreatBasin,4/21/1999,40.2,48.9,59.4,59.9,41
GreatBasin,4/22/1999,35.6,43.9,53.6,54.7,36.8
GreatBasin,4/23/1999,34.6,41.7,51.1,52.5,35.5
GreatBasin,4/24/1999,36.4,44.2,52.9,54,36.3
GreatBasin,4/25/1999,38,46.6,57.9,57.8,39
GreatBasin,4/26/1999,42.7,51.5,62.6,60.6,40.9
GreatBasin,4/27/1999,42.1,51.6,61.3,60.7,41.8
GreatBasin,4/28/1999,40.6,48.2,58.3,57.1,40
GreatBasin,4/29/1999,37.2,44,51.8,54.2,38.2
GreatBasin,4/30/1999,36.9,43.8,52.6,54,37.4
GreatBasin,5/1/1999,38.2,46.7,57.7,55.9,38.8
GreatBasin,5/2/1999,41.2,49.2,57.3,56.8,39.3
GreatBasin,5/3/1999,38.6,45.5,55.3,54.1,37.9
GreatBasin,5/4/1999,33.9,41.7,49.8,52.7,35.3
GreatBasin,5/5/1999,33.4,42,53,54.8,35.1
GreatBasin,5/6/1999,37.9,47.9,61.7,60,38.6
GreatBasin,5/7/1999,44.4,54.1,65.3,63.7,41.7
GreatBasin,5/8/1999,42.9,53.5,64,63.6,42.2
GreatBasin,5/9/1999,39.3,48.8,61.4,59.7,39.4
GreatBasin,5/10/1999,36.1,44.9,53.8,58,37.9
GreatBasin,5/11/1999,38.2,47.4,58.8,59.6,39.5
GreatBasin,5/12/1999,44.2,53.8,66.3,63.4,42.4
GreatBasin,5/13/1999,44.8,54.1,65.2,63.7,42.8
GreatBasin,5/14/1999,39.4,49.3,59.7,60.7,40.8
GreatBasin,5/15/1999,38.3,47.6,57.1,58.1,38.7
GreatBasin,5/16/1999,38.5,47.6,57.5,60.2,39.2
GreatBasin,5/17/1999,40.9,52.1,66.1,65.1,42.6
GreatBasin,5/18/1999,48.3,59.2,71.7,69.4,46
GreatBasin,5/19/1999,48.9,59.9,70.4,71.3,48.5
GreatBasin,5/20/1999,48.3,59.8,71.9,72,49.2
GreatBasin,5/21/1999,50.5,62,73.6,72.9,49.8
GreatBasin,5/22/1999,50.5,62.4,73.3,74.4,50.7
GreatBasin,5/23/1999,51,63.4,76.3,75,52
GreatBasin,5/24/1999,54.4,65.3,75.3,75.5,52.9
GreatBasin,5/25/1999,53.3,64.5,74.9,75.1,54
GreatBasin,5/26/1999,54.4,65.1,75,76,54
GreatBasin,5/27/1999,54.3,66.2,78.2,77.4,55
GreatBasin,5/28/1999,56.4,68.3,79.1,78.2,55.2
GreatBasin,5/29/1999,54.8,65.4,77.3,75.8,53.6
GreatBasin,5/30/1999,49.7,60.3,71,72.3,50.5
GreatBasin,5/31/1999,46.9,57.5,68.6,70.5,48.8
GreatBasin,6/1/1999,49.9,60.8,71.9,70.2,49.1
GreatBasin,6/2/1999,50.5,57.7,70.2,67.7,47.8
GreatBasin,6/3/1999,43.1,52.1,61.1,64.1,45.6
GreatBasin,6/4/1999,43.2,52,61,62.4,43.3
GreatBasin,6/5/1999,43.7,53.9,65.1,64.6,44.8
GreatBasin,6/6/1999,47.4,57.5,67.8,67.5,46.3
GreatBasin,6/7/1999,47.7,58.4,69.5,68.6,47.7
GreatBasin,6/8/1999,48,58.3,68.6,68.4,46.9
GreatBasin,6/9/1999,45,56.1,67,68.6,46.9
GreatBasin,6/10/1999,47.8,58.8,70.3,70.2,47.5
GreatBasin,6/11/1999,49.8,61.7,73.4,73.8,50.2
GreatBasin,6/12/1999,53.1,65.1,77.8,77.6,53.1
GreatBasin,6/13/1999,56.5,68.8,81.7,80.9,56.5
GreatBasin,6/14/1999,59.9,71.7,83.3,82.9,59
GreatBasin,6/15/1999,60.6,72.5,83.8,83.3,60.1
GreatBasin,6/16/1999,59.9,72.3,82.7,82.6,60.4
GreatBasin,6/17/1999,60.6,71.4,81.4,82.8,60.2
GreatBasin,6/18/1999,60,72.1,84.4,83.6,60.6
GreatBasin,6/19/1999,61.3,73.4,84.9,85.4,60.9
GreatBasin,6/20/1999,61.5,74.4,87,86,62.3
GreatBasin,6/21/1999,64.2,75.1,86,84.8,61.2
GreatBasin,6/22/1999,57.8,69.4,81.3,82.6,59.6
GreatBasin,6/23/1999,56.8,68.9,80.4,82.6,58.1
GreatBasin,6/24/1999,59.7,72.4,86.2,83.9,58.9
GreatBasin,6/25/1999,60.1,71.3,85.1,83.4,57.8
GreatBasin,6/26/1999,53.7,66.4,78.9,80.8,56.5
GreatBasin,6/27/1999,55.6,67.7,78.3,79.8,55.2
GreatBasin,6/28/1999,56.3,68.7,82.2,81.2,57.4
GreatBasin,6/29/1999,60.2,71.9,83,83.1,59.4
GreatBasin,6/30/1999,61.7,73.1,84.1,84.6,61.1
GreatBasin,7/1/1999,61.4,74,86.8,85.7,61.4
GreatBasin,7/2/1999,61.2,73.6,86.1,85.3,60.5
GreatBasin,7/3/1999,59,71.4,83.1,83.5,59.4
GreatBasin,7/4/1999,57.9,69.7,81.2,82.5,57.6
GreatBasin,7/5/1999,55.8,68.6,83.3,84.7,58.8
GreatBasin,7/6/1999,62.8,75.5,89.6,87.1,62.2
GreatBasin,7/7/1999,67.9,77.1,88.4,86.1,63.4
GreatBasin,7/8/1999,59.4,69.6,80.3,83.5,62.5
GreatBasin,7/9/1999,60.1,70.7,81.8,82.5,60.6
GreatBasin,7/10/1999,62.3,73.6,85.5,84.8,62.6
GreatBasin,7/11/1999,65.4,76.3,87.1,86.8,64.4
GreatBasin,7/12/1999,65.5,77.1,87.8,87.2,65.6
GreatBasin,7/13/1999,65.9,76.8,86.7,86.6,65.5
GreatBasin,7/14/1999,65.2,75,85.2,83.5,63.5
GreatBasin,7/15/1999,59.3,69,78.7,81.5,60.8
GreatBasin,7/16/1999,57.9,68.9,80.5,80.4,58.8
GreatBasin,7/17/1999,59.3,70.7,81.9,81.7,58.8
GreatBasin,7/18/1999,59.3,71.2,82.8,82.8,59.9
GreatBasin,7/19/1999,61.1,72.5,83.8,83.7,60.7
GreatBasin,7/20/1999,61.6,73.1,84.4,84.3,61.4
GreatBasin,7/21/1999,61.5,73,84.6,85.1,61.6
GreatBasin,7/22/1999,61.6,73.9,86.4,86.4,62.3
GreatBasin,7/23/1999,63.9,75.9,88.3,87.4,63.5
GreatBasin,7/24/1999,65,76,87.5,86.4,62.7
GreatBasin,7/25/1999,59.3,71.4,83.4,86,62
GreatBasin,7/26/1999,61.6,73.7,87.2,86.7,62.2
GreatBasin,7/27/1999,65.6,77.5,89.5,88.2,64.6
GreatBasin,7/28/1999,66.6,77.5,87.8,87.7,66.4
GreatBasin,7/29/1999,66.9,76.1,85.8,85.7,65.8
GreatBasin,7/30/1999,64,73.9,83.4,84.1,63.9
GreatBasin,7/31/1999,60.9,72,83.2,84.2,62.1
GreatBasin,8/1/1999,61.3,73.3,86,85.4,62.1
GreatBasin,8/2/1999,64.1,75.3,87.1,86.2,63.7
GreatBasin,8/3/1999,65.8,75.1,85.4,85.3,64.3
GreatBasin,8/4/1999,63.1,73.4,83.5,83.8,63.9
GreatBasin,8/5/1999,62.9,72.9,82.6,82.5,62.3
GreatBasin,8/6/1999,60.8,70.9,81.4,81.9,61.1
GreatBasin,8/7/1999,59.5,70.5,81.8,82.3,60
GreatBasin,8/8/1999,59.8,71.4,83.6,83.5,60.2
GreatBasin,8/9/1999,61.2,72.8,85.2,84.4,61.5
GreatBasin,8/10/1999,63.5,72.8,84.3,82.3,61
GreatBasin,8/11/1999,58.3,67.8,77.3,79.7,59.5
GreatBasin,8/12/1999,56.6,66.4,77.6,79.5,57.9
GreatBasin,8/13/1999,58.7,70,83.7,81.3,58.2
GreatBasin,8/14/1999,59.2,70.9,82.6,82.1,58.2
GreatBasin,8/15/1999,56.7,68,80,81.8,58.1
GreatBasin,8/16/1999,58.4,69.6,82.7,82.7,59.1
GreatBasin,8/17/1999,62.1,73.3,85.3,85.6,61.4
GreatBasin,8/18/1999,63.8,75.8,88.7,87,63.8
GreatBasin,8/19/1999,65.5,76.2,87.1,87.4,64.4
GreatBasin,8/20/1999,63.9,75.4,86.3,86,64
GreatBasin,8/21/1999,62.6,73.8,84.5,85.5,62.7
GreatBasin,8/22/1999,61.7,73.3,85.7,86.2,63
GreatBasin,8/23/1999,64.8,75.9,88.3,87,64.2
GreatBasin,8/24/1999,66.2,77,87,87.4,65.4
GreatBasin,8/25/1999,65.3,76.4,87,87.2,65.5
GreatBasin,8/26/1999,65.1,76.4,87.6,86.8,65.6
GreatBasin,8/27/1999,66.4,76.3,85.9,85.8,65.2
GreatBasin,8/28/1999,64.2,74.3,83.8,85.3,64.6
GreatBasin,8/29/1999,63.1,74,86.1,84.9,63.9
GreatBasin,8/30/1999,64.5,73.8,84.9,82.6,59.6
GreatBasin,8/31/1999,51.3,62.8,76.9,78.3,55.8
GreatBasin,9/1/1999,51.7,61.9,73.1,73.9,51.4
GreatBasin,9/2/1999,51.2,61.6,71.7,71.2,51.1
GreatBasin,9/3/1999,50.3,59.3,68.8,70.7,50
GreatBasin,9/4/1999,48.5,59.1,71.5,73.1,50.3
GreatBasin,9/5/1999,52.2,63.8,79.1,76.9,52.7
GreatBasin,9/6/1999,57.5,68.4,80,79.1,54.7
GreatBasin,9/7/1999,54.3,65.8,78.1,79.4,55.3
GreatBasin,9/8/1999,54.2,66,80.2,80.3,55.4
GreatBasin,9/9/1999,57.7,69.3,82.5,81,57.2
GreatBasin,9/10/1999,59.8,69.8,80.2,80,57.7
GreatBasin,9/11/1999,55.5,65.8,77.3,77.5,56
GreatBasin,9/12/1999,52.8,63.5,75.1,76.7,54.2
GreatBasin,9/13/1999,54.4,65.2,77.8,76.7,54.5
GreatBasin,9/14/1999,56.4,66.6,77.2,77.4,55.3
GreatBasin,9/15/1999,55.2,66,77.3,78,55.8
GreatBasin,9/16/1999,55.7,66.8,79.6,78.9,56.1
GreatBasin,9/17/1999,57.3,68,79.8,79.1,56.5
GreatBasin,9/18/1999,56.4,66.8,77.9,77.3,55.8
GreatBasin,9/19/1999,53.7,63.4,74.2,75.8,54
GreatBasin,9/20/1999,51.8,62.3,75.2,75.8,53.1
GreatBasin,9/21/1999,53.9,64.9,78.1,76.6,54.3
GreatBasin,9/22/1999,57.3,66.1,76.4,76.9,55.8
GreatBasin,9/23/1999,56.1,65.3,76.3,75.7,56.5
GreatBasin,9/24/1999,56,65,74.4,74.7,55.8
GreatBasin,9/25/1999,55.2,63.7,73.3,72.9,52.9
GreatBasin,9/26/1999,47.4,57.5,70.9,69.4,48.9
GreatBasin,9/27/1999,44.1,53.1,64,64.9,43.8
GreatBasin,9/28/1999,39.8,49.2,59.7,64.3,42
GreatBasin,9/29/1999,42.2,52.5,69.2,67.3,43.5
GreatBasin,9/30/1999,48.4,59,73,71.1,47
GreatBasin,10/1/1999,50.4,59.9,71,70.5,48.3
GreatBasin,10/2/1999,46.2,56.1,67.4,69,47.4
GreatBasin,10/3/1999,45.6,55.8,68.6,69.9,46.9
GreatBasin,10/4/1999,49,59.3,73.8,72.3,48.7
GreatBasin,10/5/1999,51.5,61.8,74.4,72.9,50.5
GreatBasin,10/6/1999,51.1,59.3,70.6,69.1,48.2
GreatBasin,10/7/1999,41.9,51.4,62.3,67.7,46.4
GreatBasin,10/8/1999,46.3,55.6,70.1,68.1,46.4
GreatBasin,10/9/1999,50.9,60,71.9,72.1,49.3
GreatBasin,10/10/1999,50.7,61,74.4,74.3,52
GreatBasin,10/11/1999,54.3,63.6,76.5,74.9,52.7
GreatBasin,10/12/1999,53,63,73.8,75.1,53.1
GreatBasin,10/13/1999,52,62,75.1,73.5,52.3
GreatBasin,10/14/1999,51.8,61.6,71.6,71.2,49
GreatBasin,10/15/1999,43.2,53.3,66.8,64.8,43.2
GreatBasin,10/16/1999,34.7,44.1,56.1,59.3,36.9
GreatBasin,10/17/1999,32.8,41.6,55.1,56.9,35.4
GreatBasin,10/18/1999,38.6,46.9,59.4,58.7,37
GreatBasin,10/19/1999,39.7,49.2,61.7,62.3,40.3
GreatBasin,10/20/1999,42.7,51.9,65.8,65.2,42.4
GreatBasin,10/21/1999,44.8,54.7,68,67.6,44.4
GreatBasin,10/22/1999,45.6,55.8,69.1,68.8,45.5
GreatBasin,10/23/1999,46.2,56.3,69.3,68.7,46.2
GreatBasin,10/24/1999,46.7,56.1,67.6,68.3,46.2
GreatBasin,10/25/1999,45.6,55.3,67.9,67.7,46.5
GreatBasin,10/26/1999,47.3,56.2,67.7,65.8,45.8
GreatBasin,10/27/1999,44.4,53.1,61.7,63,46.5
GreatBasin,10/28/1999,47.7,52.5,59.7,58.6,42.9
GreatBasin,10/29/1999,36.7,44.8,54.3,57.6,40.5
GreatBasin,10/30/1999,37.1,44.6,58.9,58.4,39
GreatBasin,10/31/1999,43.3,50.7,61.9,59,39.6
GreatBasin,11/1/1999,38.3,47.3,56.3,59.4,40.1
GreatBasin,11/2/1999,38.7,47,59.9,59.5,39.5
GreatBasin,11/3/1999,41.6,49.9,62.4,61.3,41.8
GreatBasin,11/4/1999,45.1,52.2,61.7,62.4,43.3
GreatBasin,11/5/1999,43.1,51.2,63,63.7,44.3
GreatBasin,11/6/1999,44.8,53.3,66.4,65.6,45.5
GreatBasin,11/7/1999,48.5,55.6,67.4,65,46.7
GreatBasin,11/8/1999,46.7,53.1,61.2,61.2,44.5
GreatBasin,11/9/1999,38.4,45.5,55.1,58.4,42
GreatBasin,11/10/1999,41,47.6,58.9,58.9,40.8
GreatBasin,11/11/1999,43,50.6,62.7,62.2,43.1
GreatBasin,11/12/1999,45.3,53.1,65,63.9,44.6
GreatBasin,11/13/1999,45.4,53.5,64.1,64.4,45
GreatBasin,11/14/1999,44.4,52.7,64.2,64,44.8
GreatBasin,11/15/1999,44.7,52.6,63.7,63.3,44.3
GreatBasin,11/16/1999,43.9,51.8,61.9,60.4,44.2
GreatBasin,11/17/1999,44.1,49.1,55.6,54.3,40.2
GreatBasin,11/18/1999,32.5,38.6,45.5,50.3,36.4
GreatBasin,11/19/1999,32.6,38.8,49.9,47.9,34.3
GreatBasin,11/20/1999,37.8,42.8,48.3,46.9,34
GreatBasin,11/21/1999,31.7,37,42.5,42.5,31.2
GreatBasin,11/22/1999,24.1,30,36.8,38.5,25.9
GreatBasin,11/23/1999,22,27.4,36.2,37.3,23.1
GreatBasin,11/24/1999,23.3,29.1,38.8,39.7,25.4
GreatBasin,11/25/1999,30.8,34.8,44.2,44.4,30.6
GreatBasin,11/26/1999,37.6,42,50.1,48.1,35.4
GreatBasin,11/27/1999,37.7,42.3,50,50.3,36.9
GreatBasin,11/28/1999,35.3,41.2,50.7,51.4,36.9
GreatBasin,11/29/1999,37.8,43.1,53.5,52.3,38.6
GreatBasin,11/30/1999,42.8,46.3,52.8,51.1,39.2
GreatBasin,12/1/1999,37,41.4,47.1,46.5,36
GreatBasin,12/2/1999,28.3,33.4,39.7,41,29.7
GreatBasin,12/3/1999,23.7,29.7,36.2,36.7,23.9
GreatBasin,12/4/1999,19.7,25.4,34.2,36.2,22.4
GreatBasin,12/5/1999,23.9,28.3,38.2,37.5,23.2
GreatBasin,12/6/1999,26,31.4,40,39,26.5
GreatBasin,12/7/1999,29.7,33.9,38.7,37.5,26
GreatBasin,12/8/1999,22.3,28.1,33.9,36.2,25.1
GreatBasin,12/9/1999,23.2,27.2,36,34.9,23.7
GreatBasin,12/10/1999,25.6,29.5,34.8,35.2,23.4
GreatBasin,12/11/1999,21.3,26.5,34.7,36.6,25.1
GreatBasin,12/12/1999,28.4,31.9,40.3,37.1,26.5
GreatBasin,12/13/1999,29.9,33.6,36.2,35.8,25.3
GreatBasin,12/14/1999,17.5,23.9,30.8,34.3,22.9
GreatBasin,12/15/1999,21.3,25.5,35.8,36.3,22.9
GreatBasin,12/16/1999,29.8,33.2,42.4,40.6,27.7
GreatBasin,12/17/1999,31.9,36.8,43.6,42.9,31.9
GreatBasin,12/18/1999,34.1,37,42.7,41.4,30.8
GreatBasin,12/19/1999,26.5,32.1,37.8,40.2,29.7
GreatBasin,12/20/1999,28.5,31.9,40,38.8,27.7
GreatBasin,12/21/1999,28,32.2,38.6,38.7,26.8
GreatBasin,12/22/1999,23.9,28.9,37.6,38.6,26.1
GreatBasin,12/23/1999,26.3,31,39.7,39.3,25.8
GreatBasin,12/24/1999,27.1,32.2,40.6,40.4,26.9
GreatBasin,12/25/1999,27.4,32.8,41,40.8,27.3
GreatBasin,12/26/1999,27.3,32.7,40.7,40.9,27.2
GreatBasin,12/27/1999,26.8,32.6,40.9,41.2,27.4
GreatBasin,12/28/1999,28.2,34,42,41.2,27.3
GreatBasin,12/29/1999,26.9,33.1,40.7,40.7,26.8
GreatBasin,12/30/1999,25.4,31.5,39.5,40.1,26.4
GreatBasin,12/31/1999,27,31.7,40,38.7,26
GreatBasin,1/1/2000,25.6,30.8,36.5,36,25.1
GreatBasin,1/2/2000,22.8,27,31.4,32.8,22.2
GreatBasin,1/3/2000,18.2,23.2,30.6,32.7,21
GreatBasin,1/4/2000,22,26.1,36.2,33.6,21.3
GreatBasin,1/5/2000,23.7,29.2,33.9,34,20.9
GreatBasin,1/6/2000,17,23.2,31.8,33.3,21.2
GreatBasin,1/7/2000,22.8,26.2,34.3,34.1,20.9
GreatBasin,1/8/2000,22.8,27.7,36.3,36.1,23.7
GreatBasin,1/9/2000,25.4,30.2,37.7,37.4,25.4
GreatBasin,1/10/2000,27.9,32.2,38.2,38.9,28.4
GreatBasin,1/11/2000,31.8,34.8,40.8,39.1,29
GreatBasin,1/12/2000,27.3,33.3,38.4,40.4,28.7
GreatBasin,1/13/2000,27.1,31.8,41.9,42.2,29.7
GreatBasin,1/14/2000,34.8,38.2,46.2,44.8,32.4
GreatBasin,1/15/2000,35.2,39.7,46.4,46,35.8
GreatBasin,1/16/2000,37.3,40.3,45.4,45.8,35.9
GreatBasin,1/17/2000,35.2,39.5,45.7,46.1,36.3
GreatBasin,1/18/2000,36.3,40.1,47.3,45.9,35.2
GreatBasin,1/19/2000,34.2,39.8,44.8,46,35.1
GreatBasin,1/20/2000,34.9,38.6,45.9,44.9,34.4
GreatBasin,1/21/2000,34.2,38.7,43.9,43.3,32.8
GreatBasin,1/22/2000,29.2,34.4,40.2,41.3,30.3
GreatBasin,1/23/2000,27.4,32.2,39.7,40.9,29.4
GreatBasin,1/24/2000,31.6,35.2,42.8,41.2,31.2
GreatBasin,1/25/2000,34.6,37,41.1,41.1,32.6
GreatBasin,1/26/2000,31.6,35.5,39.3,38.8,29.6
GreatBasin,1/27/2000,22.6,28.6,35.9,35.6,24.5
GreatBasin,1/28/2000,19.3,25,31.6,33.3,20
GreatBasin,1/29/2000,18,23.5,32.4,32.8,19
GreatBasin,1/30/2000,19.7,25,34.3,34.2,20.8
GreatBasin,1/31/2000,24.8,28.7,36,36.7,23.6
GreatBasin,2/1/2000,26.3,30.7,39.8,40,27.4
GreatBasin,2/2/2000,31,35.6,44.2,42.7,29.5
GreatBasin,2/3/2000,31.2,36.7,44.2,43.9,30.8
GreatBasin,2/4/2000,30.3,35.5,43.2,44,31.4
GreatBasin,2/5/2000,32.6,36.8,44.7,44.9,32
GreatBasin,2/6/2000,33,38.1,46.7,46.4,32.7
GreatBasin,2/7/2000,32.5,38.6,47.9,48.2,33.8
GreatBasin,2/8/2000,35.9,41.2,50,48.7,35.3
GreatBasin,2/9/2000,37.5,42.6,48.2,48,35.6
GreatBasin,2/10/2000,33.3,38.6,45.7,45.4,33.7
GreatBasin,2/11/2000,30.2,35,42.2,42.8,31.7
GreatBasin,2/12/2000,31.6,35.5,40.6,40.5,29.8
GreatBasin,2/13/2000,27.5,32.5,38.6,41.7,31.3
GreatBasin,2/14/2000,34.7,37.7,45.8,42.8,31
GreatBasin,2/15/2000,30.8,37.2,43.9,43.8,32.3
GreatBasin,2/16/2000,31.3,35.5,41.6,41.6,30.2
GreatBasin,2/17/2000,28.4,33,39.2,39.4,27.9
GreatBasin,2/18/2000,24,29.8,37.5,39.2,25.2
GreatBasin,2/19/2000,23.2,30.1,40.9,41.3,25.7
GreatBasin,2/20/2000,29.9,35.2,45.4,43.9,29.6
GreatBasin,2/21/2000,35.8,39.3,45.5,44.8,33.1
GreatBasin,2/22/2000,33.7,38.1,43.6,43.7,34.1
GreatBasin,2/23/2000,32.7,36.8,42.1,41.8,31.9
GreatBasin,2/24/2000,29.3,33.5,39.8,39.1,28.7
GreatBasin,2/25/2000,24,28.9,35.5,38.2,25.9
GreatBasin,2/26/2000,24.4,29.7,39.3,40.2,26.8
GreatBasin,2/27/2000,32.1,36.6,45.8,43,29.5
GreatBasin,2/28/2000,31.9,37.2,43.9,44.1,31
GreatBasin,2/29/2000,28.9,34.5,42.5,43,30.2
GreatBasin,3/1/2000,29.7,35.5,42.7,43.1,29.5
GreatBasin,3/2/2000,29.8,35.7,44.1,44.8,30.2
GreatBasin,3/3/2000,31.2,37.7,47.6,47.9,31.6
GreatBasin,3/4/2000,33.8,41.1,52,50,33.5
GreatBasin,3/5/2000,35.5,41.4,50.4,48,33.4
GreatBasin,3/6/2000,30.9,36.2,41.5,44.2,31.9
GreatBasin,3/7/2000,29.3,34.5,40.7,40.6,29.4
GreatBasin,3/8/2000,28.1,33.5,39.5,39.9,28.8
GreatBasin,3/9/2000,29.1,33.7,39.6,40.4,28.4
GreatBasin,3/10/2000,28,33.9,42,42.3,29.4
GreatBasin,3/11/2000,31.2,36.4,45.4,44.6,30.2
GreatBasin,3/12/2000,31.3,38,46.5,47.4,31.9
GreatBasin,3/13/2000,33.1,39.9,50.2,49.7,34
GreatBasin,3/14/2000,37.6,43.4,52.3,51.2,35.3
GreatBasin,3/15/2000,35.3,42,51.1,50.1,34.4
GreatBasin,3/16/2000,30.3,38,46.9,48.1,32.5
GreatBasin,3/17/2000,31.9,38.8,46.2,47.1,31.5
GreatBasin,3/18/2000,32.4,38.7,48.2,48.1,33.8
GreatBasin,3/19/2000,37.2,42.3,49.9,48.1,31.9
GreatBasin,3/20/2000,26.2,34.1,46.1,46.5,29.5
GreatBasin,3/21/2000,25,32.1,43.6,46.8,27.3
GreatBasin,3/22/2000,30.8,38.3,50.8,48.4,30.6
GreatBasin,3/23/2000,36.1,43,50.7,50.9,33.2
GreatBasin,3/24/2000,32.7,40.9,51.2,53.1,35.2
GreatBasin,3/25/2000,36.8,44.9,57.3,55.7,36.7
GreatBasin,3/26/2000,40.6,48.7,58.6,58.4,39.4
GreatBasin,3/27/2000,40.7,49.6,59.4,58.4,39.9
GreatBasin,3/28/2000,38.3,45.6,57.2,55.5,37.3
GreatBasin,3/29/2000,33,41.1,50,52.1,34.8
GreatBasin,3/30/2000,33,40.5,49,49.4,32.4
GreatBasin,3/31/2000,31.3,39.2,49.2,50.5,32.5
GreatBasin,4/1/2000,33.1,41.6,53.2,53,34.2
GreatBasin,4/2/2000,38.1,46.3,56.7,56.6,36.5
GreatBasin,4/3/2000,38.2,47.9,59.9,61.6,40.4
GreatBasin,4/4/2000,44.8,54.3,68.1,65,42.5
GreatBasin,4/5/2000,44.6,54.6,66.9,65.5,44.4
GreatBasin,4/6/2000,43.7,52.5,61.4,62.6,42.6
GreatBasin,4/7/2000,39.6,49.4,59.5,62.2,41.4
GreatBasin,4/8/2000,40.8,51.6,65.7,63.3,41.4
GreatBasin,4/9/2000,43.8,53.1,64.7,63.4,41.6
GreatBasin,4/10/2000,40.2,50.1,59.7,62.9,41.7
GreatBasin,4/11/2000,41.1,51.6,64.3,64.4,42.5
GreatBasin,4/12/2000,46.1,56.5,69.1,67,45.1
GreatBasin,4/13/2000,48.1,57.2,67.5,66,44.9
GreatBasin,4/14/2000,40.6,48.5,61.3,61.3,41.8
GreatBasin,4/15/2000,36.7,44.4,55,58.8,39.2
GreatBasin,4/16/2000,40.2,48.8,60,59.6,40.2
GreatBasin,4/17/2000,43.6,52.6,63.7,62,41.8
GreatBasin,4/18/2000,41.6,49,62.3,60.1,40.7
GreatBasin,4/19/2000,36.9,44.3,54.4,60.3,39.7
GreatBasin,4/20/2000,40.6,50.5,64.3,62.4,41.2
GreatBasin,4/21/2000,46,56.3,68.5,66.5,44
GreatBasin,4/22/2000,45.5,55.2,66.6,65.2,44.5
GreatBasin,4/23/2000,41.9,51.3,60.4,61.9,42.3
GreatBasin,4/24/2000,39.6,49.2,58.7,61.9,41.6
GreatBasin,4/25/2000,43.2,53,66.5,65,43.3
GreatBasin,4/26/2000,47,57.4,69.8,70.7,46.8
GreatBasin,4/27/2000,50.3,61.8,75.8,73.4,49.5
GreatBasin,4/28/2000,51.2,61.4,74.7,71.7,47
GreatBasin,4/29/2000,39.6,49.6,64.6,68.5,43.8
GreatBasin,4/30/2000,40.5,51.4,66.3,68.4,42.6
GreatBasin,5/1/2000,47.7,59.3,74.3,71.4,47
GreatBasin,5/2/2000,52.7,63.4,73.7,75.1,50.8
GreatBasin,5/3/2000,52.1,63.9,77.2,75.6,52.6
GreatBasin,5/4/2000,53.1,64.2,75.8,75.2,52.2
GreatBasin,5/5/2000,51.3,61.2,72.5,71.7,50.3
GreatBasin,5/6/2000,46.4,56.6,66.9,68.1,48.4
GreatBasin,5/7/2000,47.4,55.2,65,64.7,46.2
GreatBasin,5/8/2000,44.8,53.4,62.1,64.9,46
GreatBasin,5/9/2000,45.9,55.9,67.5,65.4,45.6
GreatBasin,5/10/2000,46.1,56,66.7,64.1,42.2
GreatBasin,5/11/2000,34.7,44.6,58.1,60,38.2
GreatBasin,5/12/2000,33.9,43.5,55.3,59.5,36
GreatBasin,5/13/2000,39.5,50.5,65.1,63.8,39.8
GreatBasin,5/14/2000,46,57.6,70.9,69.2,45.2
GreatBasin,5/15/2000,50.2,60.6,71.6,71,47.6
GreatBasin,5/16/2000,46.6,56.8,70.4,68,46.5
GreatBasin,5/17/2000,42.6,51.5,61.9,66.4,44.6
GreatBasin,5/18/2000,44.7,55.1,66.9,66.2,45.4
GreatBasin,5/19/2000,48.8,59.3,69.9,70.3,48.2
GreatBasin,5/20/2000,51.2,62.2,74,74.1,51.6
GreatBasin,5/21/2000,54.9,66.2,78.5,78.3,55
GreatBasin,5/22/2000,58.8,70.4,82.5,80.8,58
GreatBasin,5/23/2000,60.3,71.3,81.5,81.3,59.1
GreatBasin,5/24/2000,58.3,69,79.8,79.3,58
GreatBasin,5/25/2000,55.5,65.2,76.6,76,55.3
GreatBasin,5/26/2000,52,61.9,71.7,75.7,53.8
GreatBasin,5/27/2000,53.9,65.5,78.9,77.3,55.1
GreatBasin,5/28/2000,59.4,70.2,81.4,80.2,57.2
GreatBasin,5/29/2000,58.2,69.7,80.4,80,57.1
GreatBasin,5/30/2000,53.8,66.1,78.1,77.8,53.8
GreatBasin,5/31/2000,49.3,61.2,74.8,75.8,50.1
GreatBasin,6/1/2000,47.3,59.7,74.5,77,50.1
GreatBasin,6/2/2000,53.8,66.8,81.6,79.3,53
GreatBasin,6/3/2000,57.9,70.4,81.9,82.8,56.7
GreatBasin,6/4/2000,58.4,71.4,84.9,84.4,59
GreatBasin,6/5/2000,60.6,73.6,86.3,85.3,59.3
GreatBasin,6/6/2000,59,72.4,84.8,85.8,60
GreatBasin,6/7/2000,60.5,73.7,86.4,85.4,59.9
GreatBasin,6/8/2000,60.2,70.3,85,81.1,56.6
GreatBasin,6/9/2000,49,59.6,72,76.8,52.6
GreatBasin,6/10/2000,48.7,60.6,73.5,73.9,49.8
GreatBasin,6/11/2000,51.6,63.6,76.2,75.6,52.5
GreatBasin,6/12/2000,57.1,67.2,77.2,76.9,54.5
GreatBasin,6/13/2000,54.7,65.9,77.3,79.1,56.3
GreatBasin,6/14/2000,57,68.9,82.7,80.8,57.9
GreatBasin,6/15/2000,62.1,72.6,82.5,81.7,58
GreatBasin,6/16/2000,54.8,66.6,79.9,80.2,56.2
GreatBasin,6/17/2000,51.8,64.7,78.2,80,54.6
GreatBasin,6/18/2000,57.1,69.5,81.9,80.1,55.6
GreatBasin,6/19/2000,57.9,68.1,80.1,79.4,55.9
GreatBasin,6/20/2000,52.6,64.4,76.3,79.9,55.8
GreatBasin,6/21/2000,56.9,69.3,83.2,81.1,57
GreatBasin,6/22/2000,61.5,73.4,83.8,83.3,59.9
GreatBasin,6/23/2000,61.2,72.7,83,83.4,61
GreatBasin,6/24/2000,60.2,72.1,83.3,82.8,60.6
GreatBasin,6/25/2000,60.3,71.4,82.1,82.6,60.1
GreatBasin,6/26/2000,59.7,71.4,82.3,82.7,60.1
GreatBasin,6/27/2000,60.3,72.3,83.6,84.1,60.5
GreatBasin,6/28/2000,61.4,74,86.4,85.3,61.9
GreatBasin,6/29/2000,64.1,75.6,85.9,86.1,62.9
GreatBasin,6/30/2000,63.2,75.2,86.1,85.6,63.2
GreatBasin,7/1/2000,62.3,74.1,84.7,84.7,61.9
GreatBasin,7/2/2000,60.3,72.4,83.4,83.4,60.6
GreatBasin,7/3/2000,59.3,70.6,82.2,81.1,57.6
GreatBasin,7/4/2000,53.2,65.7,77.6,80.5,56
GreatBasin,7/5/2000,55.5,68,81.8,80,55.2
GreatBasin,7/6/2000,56.9,69.1,80.7,82,56.6
GreatBasin,7/7/2000,57.5,70.1,83.6,82.4,58.1
GreatBasin,7/8/2000,59.9,72,82.9,82.9,59.1
GreatBasin,7/9/2000,59.8,71.3,82.2,82.4,60.1
GreatBasin,7/10/2000,60.5,72,82.2,83.5,60.1
GreatBasin,7/11/2000,60,72.4,86,86.1,61.2
GreatBasin,7/12/2000,63,76.1,90,89.1,62.8
GreatBasin,7/13/2000,65.4,78.5,91.2,90.6,65
GreatBasin,7/14/2000,66.7,79.1,90.5,90.3,66.2
GreatBasin,7/15/2000,66.5,77.9,89.3,89,66
GreatBasin,7/16/2000,64.9,76.5,87.1,87.4,65.4
GreatBasin,7/17/2000,64.9,75.8,85.7,86,63.9
GreatBasin,7/18/2000,62,74,85.3,86.2,63.2
GreatBasin,7/19/2000,62.6,75,87.5,87.3,62.7
GreatBasin,7/20/2000,63.6,76.5,89,89.1,63.5
GreatBasin,7/21/2000,64.4,77.5,90.8,90.9,64.7
GreatBasin,7/22/2000,66,79.2,92.8,91.8,65.6
GreatBasin,7/23/2000,66.4,79.4,91.7,91.3,66.1
GreatBasin,7/24/2000,65.9,78.1,89.5,90.8,66.1
GreatBasin,7/25/2000,66.1,78.6,91.2,90.8,66.2
GreatBasin,7/26/2000,66.5,79.2,91.6,91.1,66.1
GreatBasin,7/27/2000,65.8,78.7,90.5,91.6,66.2
GreatBasin,7/28/2000,66.2,79.2,92.8,92.8,66.8
GreatBasin,7/29/2000,68.5,81.5,95.1,94.6,68.3
GreatBasin,7/30/2000,70.3,83.1,95.9,95.6,70
GreatBasin,7/31/2000,71.3,83.8,95.7,95.6,70.8
GreatBasin,8/1/2000,70.8,83.6,95.2,94.8,70.9
GreatBasin,8/2/2000,70.6,82.6,93.5,93.5,70.6
GreatBasin,8/3/2000,70.3,81.6,91.8,91.4,69.7
GreatBasin,8/4/2000,68.1,78.8,88.9,89.7,68.2
GreatBasin,8/5/2000,66.3,77.7,88.4,89.1,66.5
GreatBasin,8/6/2000,65.1,77.4,90.1,89.2,65.6
GreatBasin,8/7/2000,65.3,77.5,89.1,89.5,64.9
GreatBasin,8/8/2000,64.3,76.9,89.3,89.8,65.2
GreatBasin,8/9/2000,66,78.3,91.1,90.2,65.8
GreatBasin,8/10/2000,67.2,78.8,90.1,90,65.9
GreatBasin,8/11/2000,64.5,76.6,88.8,89.3,64.8
GreatBasin,8/12/2000,62.8,75.5,89.1,89.1,64
GreatBasin,8/13/2000,64.6,77.2,89.3,88.7,63.6
GreatBasin,8/14/2000,63.5,75.6,87.7,88.6,64.3
GreatBasin,8/15/2000,64.9,76.7,88.7,87.6,64.1
GreatBasin,8/16/2000,63.8,75.1,86.4,87.3,64
GreatBasin,8/17/2000,63.4,74.9,86.9,86.2,63.4
GreatBasin,8/18/2000,63,74.7,85.4,85.3,61.9
GreatBasin,8/19/2000,59.2,72,83.6,83.8,60.1
GreatBasin,8/20/2000,58.1,69.9,82.4,83,58.2
GreatBasin,8/21/2000,57.2,69.4,82.9,83.5,58.8
GreatBasin,8/22/2000,61,72.3,85.2,84.7,60.3
GreatBasin,8/23/2000,62.6,73.9,86,85.5,62.2
GreatBasin,8/24/2000,63.1,74.1,85.4,85.5,63
GreatBasin,8/25/2000,63.3,74.3,85.1,84.6,63.3
GreatBasin,8/26/2000,63.6,73.5,83.2,84,62.5
GreatBasin,8/27/2000,60.7,71.7,83.7,83.1,61.3
GreatBasin,8/28/2000,59.7,70.4,82.3,81.6,59.9
GreatBasin,8/29/2000,59.3,69,78.7,79,59.2
GreatBasin,8/30/2000,58.7,65.8,76.1,76,57.4
GreatBasin,8/31/2000,54.2,62.9,73.3,73.5,55.7
GreatBasin,9/1/2000,54.1,62.7,71.2,71.2,53
GreatBasin,9/2/2000,50.6,59.6,69,71,51.3
GreatBasin,9/3/2000,49.3,59.8,72.9,72.9,50.7
GreatBasin,9/4/2000,52.2,63.3,76.7,75.1,51.9
GreatBasin,9/5/2000,54.1,64.5,75.6,74.8,52.1
GreatBasin,9/6/2000,50,60.4,72.1,74.4,51.5
GreatBasin,9/7/2000,50.5,61.5,75.4,74.6,52.4
GreatBasin,9/8/2000,56.8,66.2,76.3,75.5,53.1
GreatBasin,9/9/2000,52,62.8,74.8,75.9,54.1
GreatBasin,9/10/2000,53.4,63.7,76.7,76.2,53.5
GreatBasin,9/11/2000,55,65.5,77,78.5,55.1
GreatBasin,9/12/2000,56.9,67.9,81.9,81.4,57.6
GreatBasin,9/13/2000,60.9,71.8,85.2,84.8,60
GreatBasin,9/14/2000,62.3,73.7,87.2,86.7,62.2
GreatBasin,9/15/2000,63.5,74.9,87.8,87.3,63
GreatBasin,9/16/2000,63.2,74.5,86.9,86.5,63.3
GreatBasin,9/17/2000,63.3,73.5,84.8,84.4,62
GreatBasin,9/18/2000,59.6,69.9,81.4,81.5,60.5
GreatBasin,9/19/2000,58.5,68.1,78.3,78.4,57.2
GreatBasin,9/20/2000,53.6,64.1,75.5,75.5,55.9
GreatBasin,9/21/2000,55.5,62.7,72.7,71.4,51.9
GreatBasin,9/22/2000,46.5,54,66,65.1,46.4
GreatBasin,9/23/2000,37.1,45.8,56.7,60.4,39.8
GreatBasin,9/24/2000,35.9,45.5,58.6,60.3,38
GreatBasin,9/25/2000,40.9,50.8,65.6,64.9,41
GreatBasin,9/26/2000,46.1,56.2,70.4,70.1,45.7
GreatBasin,9/27/2000,50.2,60.6,74.4,73.8,50.2
GreatBasin,9/28/2000,54.2,63.8,76.6,75.3,53
GreatBasin,9/29/2000,54.5,64.3,74.9,75.7,54.5
GreatBasin,9/30/2000,54.8,64,75.7,75.5,55.3
GreatBasin,10/1/2000,56.5,65.3,75.8,74.9,55
GreatBasin,10/2/2000,53.7,62.9,73.3,72.9,53.3
GreatBasin,10/3/2000,49.7,59.1,69.5,69.6,50.7
GreatBasin,10/4/2000,48.6,56.9,65.9,66.6,47.6
GreatBasin,10/5/2000,44.6,53.7,64.3,65.7,45.9
GreatBasin,10/6/2000,44.6,54.4,66.9,66.8,45.1
GreatBasin,10/7/2000,46,56.1,69.1,68.5,45.9
GreatBasin,10/8/2000,47,56.8,69.4,69.1,47
GreatBasin,10/9/2000,47.9,57.5,68.9,67.6,47.5
GreatBasin,10/10/2000,47.6,53.9,64.6,62.2,45.1
GreatBasin,10/11/2000,39.7,46,53.1,56.5,41.7
GreatBasin,10/12/2000,37.7,44.2,51.7,52.5,38.8
GreatBasin,10/13/2000,39,44.7,52.7,53.5,38.8
GreatBasin,10/14/2000,39.8,46.4,56.1,56,39.6
GreatBasin,10/15/2000,40.1,48.1,59.2,59,40.6
GreatBasin,10/16/2000,42,50.3,61.7,62.3,42.1
GreatBasin,10/17/2000,44.3,53.1,66,64.8,44.3
GreatBasin,10/18/2000,46.6,55.5,66.8,65.9,46.2
GreatBasin,10/19/2000,47.6,55.6,64.9,65.8,46.8
GreatBasin,10/20/2000,46.1,54.8,65.8,64,46.1
GreatBasin,10/21/2000,44.7,51.8,61.4,59.4,42.2
GreatBasin,10/22/2000,35.9,42.7,51,55.5,39.9
GreatBasin,10/23/2000,39,44.6,54,52.7,38.9
GreatBasin,10/24/2000,41.8,46.4,53.2,54.2,40.6
GreatBasin,10/25/2000,41.1,46.9,55.3,54.3,41.3
GreatBasin,10/26/2000,40.9,46.9,54.3,53.8,40.8
GreatBasin,10/27/2000,40.5,45.9,51.7,52.9,40.3
GreatBasin,10/28/2000,39.5,44.8,52.6,51.6,39.7
GreatBasin,10/29/2000,39.2,44.4,50.6,50.2,38.7
GreatBasin,10/30/2000,37.3,41.7,47.4,47.7,36.9
GreatBasin,10/31/2000,34.1,38.7,45.2,45.6,34.5
GreatBasin,11/1/2000,32.1,37.7,44.1,44.6,32.4
GreatBasin,11/2/2000,31.1,36.8,44.4,44.7,31.1
GreatBasin,11/3/2000,30.1,36.4,45.5,46.2,31.2
GreatBasin,11/4/2000,32.3,38.4,48.7,46.2,31.3
GreatBasin,11/5/2000,31.6,38,44.5,44.1,30.9
GreatBasin,11/6/2000,28.8,33.8,39.2,40.2,27.9
GreatBasin,11/7/2000,23.4,29.4,37,38.2,25.7
GreatBasin,11/8/2000,25,30.2,38.5,37,24.9
GreatBasin,11/9/2000,26.3,30.8,35.6,35.4,24.5
GreatBasin,11/10/2000,22.2,27.1,32.2,32.7,22.1
GreatBasin,11/11/2000,17.8,23.3,30.3,30.8,19.1
GreatBasin,11/12/2000,17.4,22.2,30,30.9,17.7
GreatBasin,11/13/2000,17.8,23.2,32.3,32.4,18.7
GreatBasin,11/14/2000,20.8,25.8,34.9,33.1,20.1
GreatBasin,11/15/2000,21.7,26.1,32.1,32.6,20.5
GreatBasin,11/16/2000,19,23.9,30.8,31.1,19.5
GreatBasin,11/17/2000,17.7,22.6,30.5,31.8,18.5
GreatBasin,11/18/2000,18.8,23.8,34.2,33.9,19.6
GreatBasin,11/19/2000,22.3,27.7,37.1,37.3,21.9
GreatBasin,11/20/2000,24.7,30.3,40.5,40,25.1
GreatBasin,11/21/2000,28.4,33.2,42.3,41.4,27.3
GreatBasin,11/22/2000,28.8,34.2,41.4,41.9,28.4
GreatBasin,11/23/2000,27.9,33.3,42,41.4,29.1
GreatBasin,11/24/2000,30.5,34.6,40.8,40.7,28.4
GreatBasin,11/25/2000,26.7,32.1,39.3,40.8,29.2
GreatBasin,11/26/2000,30.3,34.2,42.2,41.9,30
GreatBasin,11/27/2000,33.1,36.8,44.2,43.1,31.6
GreatBasin,11/28/2000,31.5,36.7,43,43.8,31.8
GreatBasin,11/29/2000,30.8,35.4,44.1,43,31.3
GreatBasin,11/30/2000,31.6,36.3,41.8,42.3,30.4
GreatBasin,12/1/2000,28.8,33.5,41.1,41.7,30.1
GreatBasin,12/2/2000,29.9,34.2,42.2,42,29.6
GreatBasin,12/3/2000,30.1,35,42.6,42.4,30
GreatBasin,12/4/2000,29.9,34.9,42.4,42.7,30.6
GreatBasin,12/5/2000,31.9,35.9,43.1,43,31
GreatBasin,12/6/2000,31.2,35.9,43.6,43.2,31.9
GreatBasin,12/7/2000,32.6,36.9,42.8,42.7,31.4
GreatBasin,12/8/2000,30.3,34.9,41.8,41.6,31.4
GreatBasin,12/9/2000,31.2,34.8,40.1,39.3,30.1
GreatBasin,12/10/2000,28.9,32.4,36.1,35.9,27
GreatBasin,12/11/2000,20.8,26,31.5,33.1,23.7
GreatBasin,12/12/2000,21.5,25.4,31.6,31.8,21.4
GreatBasin,12/13/2000,22,25.6,32.4,33.5,23.3
GreatBasin,12/14/2000,26.3,29.3,36.5,34.9,25.9
GreatBasin,12/15/2000,29.3,31.5,35.7,35.5,25.3
GreatBasin,12/16/2000,20.3,25.9,34.3,35.5,26
GreatBasin,12/17/2000,28.5,31,36.4,34,22.5
GreatBasin,12/18/2000,18.7,24.8,31.3,34.1,22.9
GreatBasin,12/19/2000,21.6,25.6,34.7,33.7,21.4
GreatBasin,12/20/2000,23.9,28.6,35.1,35.8,23.3
GreatBasin,12/21/2000,24.4,28.6,37.7,37.3,25.6
GreatBasin,12/22/2000,28.4,32.3,39,38.5,26.6
GreatBasin,12/23/2000,27.1,31.9,38.7,38.5,28.1
GreatBasin,12/24/2000,28.7,32.1,37.9,36.7,26.3
GreatBasin,12/25/2000,23,28.2,33.5,35.3,24.5
GreatBasin,12/26/2000,21.9,26.2,34.5,35,23.2
GreatBasin,12/27/2000,24.8,28.7,37.1,36.1,23.7
GreatBasin,12/28/2000,24.5,30,36.7,36.9,24.5
GreatBasin,12/29/2000,24.1,28.9,36.8,37.1,24.8
GreatBasin,12/30/2000,25.9,30.3,37.7,37.3,24.8
GreatBasin,12/31/2000,24.4,29.8,37.5,37.6,25.5
GreatBasin,1/1/2001,26.2,30.5,37.6,37.4,24.8
GreatBasin,1/2/2001,23.8,29.3,37.2,38.3,25.4
GreatBasin,1/3/2001,26.1,30.8,40,39.6,26.1
GreatBasin,1/4/2001,28.4,33.6,41.5,41.6,28.4
GreatBasin,1/5/2001,30.7,35.2,43.4,41.8,29.3
GreatBasin,1/6/2001,28.9,34.5,40.6,40.6,27.8
GreatBasin,1/7/2001,23.9,30.3,37.9,39.1,26.1
GreatBasin,1/8/2001,25.6,30.3,38.9,38.2,26.1
GreatBasin,1/9/2001,28.7,32,37.8,38.2,27.8
GreatBasin,1/10/2001,29.1,32.4,38,37.2,28.7
GreatBasin,1/11/2001,28.2,31.1,35.8,35.8,28.1
GreatBasin,1/12/2001,26.9,30.2,33.6,33.8,25.9
GreatBasin,1/13/2001,22.7,26.4,31.9,32.1,23.6
GreatBasin,1/14/2001,21.3,25,30.9,30.2,20.9
GreatBasin,1/15/2001,18.6,22.7,27.9,28,17.9
GreatBasin,1/16/2001,13.8,18.8,25.2,26.2,15.2
GreatBasin,1/17/2001,13.1,17.4,25.5,26.3,14.3
GreatBasin,1/18/2001,16,19.8,28.3,29,16.7
GreatBasin,1/19/2001,21,24.5,33.2,31.7,20
GreatBasin,1/20/2001,23.1,27.5,33.5,34,21.9
GreatBasin,1/21/2001,21.5,26.2,35.3,35.3,23.6
GreatBasin,1/22/2001,26.1,29.5,37,36.3,23.8
GreatBasin,1/23/2001,23.9,29.2,36.5,36.9,24.9
GreatBasin,1/24/2001,24.8,29.6,37.1,35.7,24.6
GreatBasin,1/25/2001,25.2,28.8,33.4,34.6,23.8
GreatBasin,1/26/2001,21.3,26,33.2,32.6,22.4
GreatBasin,1/27/2001,20.8,24.8,31.1,31.6,20.3
GreatBasin,1/28/2001,18.9,23.6,30.5,30.5,19.3
GreatBasin,1/29/2001,18.1,22.6,30,29.2,18.1
GreatBasin,1/30/2001,17.4,22.2,27.1,28.6,17.1
GreatBasin,1/31/2001,15.7,20.3,28.6,29.6,17.2
GreatBasin,2/1/2001,18.5,23.4,33,33,19.5
GreatBasin,2/2/2001,24.2,28.3,37.3,37.3,24.8
GreatBasin,2/3/2001,31.6,34.9,41.6,41.1,29.1
GreatBasin,2/4/2001,31.4,35.9,44.5,43.5,32.5
GreatBasin,2/5/2001,34.4,38.7,44.3,43.4,31.3
GreatBasin,2/6/2001,28.2,34.3,41.5,40.9,27.9
GreatBasin,2/7/2001,21.2,27.4,37,34.7,20.5
GreatBasin,2/8/2001,12.2,18.3,25.7,30.1,15.1
GreatBasin,2/9/2001,11.9,17.3,27.7,28.9,14.4
GreatBasin,2/10/2001,19.1,23.7,33.3,31,17.3
GreatBasin,2/11/2001,21,25.4,32,33.2,20.4
GreatBasin,2/12/2001,21.2,25.6,34.3,32.7,21.6
GreatBasin,2/13/2001,22.5,26.5,31.7,31.5,20.2
GreatBasin,2/14/2001,17,22.4,28.6,30.2,18.9
GreatBasin,2/15/2001,17.1,22.2,30.4,30.9,17.8
GreatBasin,2/16/2001,19.3,24.3,33.7,34,19.5
GreatBasin,2/17/2001,22.1,27.6,38,37.7,23.4
GreatBasin,2/18/2001,28.8,33,41.5,40.2,26.8
GreatBasin,2/19/2001,29.6,34.5,41.1,41.1,29.4
GreatBasin,2/20/2001,29.9,34.2,40.8,41.3,29.3
GreatBasin,2/21/2001,28.5,33.8,41.9,41.7,29.5
GreatBasin,2/22/2001,30.2,35.6,42.4,41.5,28.7
GreatBasin,2/23/2001,27.4,32.5,40.2,39.2,27.1
GreatBasin,2/24/2001,23.7,28.7,35,37.2,25.5
GreatBasin,2/25/2001,25.5,29.4,36.5,35.9,24.6
GreatBasin,2/26/2001,24.5,29.5,36.2,36,24.2
GreatBasin,2/27/2001,22.5,28.3,35.3,35.2,22.7
GreatBasin,2/28/2001,21.2,26.8,34,35.6,22.2
GreatBasin,3/1/2001,22.9,28.5,37.4,36.8,23.2
GreatBasin,3/2/2001,25.6,31,38.9,37.9,24.6
GreatBasin,3/3/2001,25.3,30.7,37.3,39.5,25.8
GreatBasin,3/4/2001,26.6,32.2,42.3,42.5,28.5
GreatBasin,3/5/2001,33.7,38.5,47.9,46.3,31.8
GreatBasin,3/6/2001,35.1,40.9,48.7,48.3,34.5
GreatBasin,3/7/2001,34.7,40.3,48.2,48.9,34.7
GreatBasin,3/8/2001,34.4,40.9,49.9,49,34.7
GreatBasin,3/9/2001,35.1,40.6,48.8,47.3,33.6
GreatBasin,3/10/2001,31.2,36.1,43.2,44.2,32
GreatBasin,3/11/2001,29.6,34.4,40.5,42.3,29.7
GreatBasin,3/12/2001,28.2,34,43.2,44.2,30
GreatBasin,3/13/2001,32.2,38.5,48.9,46.7,30.9
GreatBasin,3/14/2001,32.3,39.1,48.1,47,30.8
GreatBasin,3/15/2001,28,35.3,44,45.2,30.6
GreatBasin,3/16/2001,31.4,37.3,43.6,44.3,29.2
GreatBasin,3/17/2001,28.1,35.4,45.2,46.7,31.3
GreatBasin,3/18/2001,34.4,40.5,51.4,51.3,33.8
GreatBasin,3/19/2001,38.8,45.9,57.3,55.5,38.3
GreatBasin,3/20/2001,41.6,49,57.9,58,40.9
GreatBasin,3/21/2001,42.3,49.7,58.8,58.5,41.5
GreatBasin,3/22/2001,40.5,49.1,58.7,58.3,40.9
GreatBasin,3/23/2001,39.9,48.4,57.5,58.4,40.1
GreatBasin,3/24/2001,40,48.6,59.1,58.2,40.6
GreatBasin,3/25/2001,42,49.5,58.1,57.9,40.7
GreatBasin,3/26/2001,40.1,47.8,56.6,56.5,39.5
GreatBasin,3/27/2001,36.4,44.6,54.8,55.6,38.6
GreatBasin,3/28/2001,39.4,45.5,55.4,54.8,38.3
GreatBasin,3/29/2001,39.2,46.1,54.2,54.6,38.5
GreatBasin,3/30/2001,37,45.1,54.1,55.3,37.8
GreatBasin,3/31/2001,37.3,46.1,57.6,57,38.9
GreatBasin,4/1/2001,42.4,50.1,59.3,58.2,40
GreatBasin,4/2/2001,40.2,47.3,57.7,55.9,38.4
GreatBasin,4/3/2001,32.7,40.8,50.6,52.8,35.1
GreatBasin,4/4/2001,32.3,40.4,50.1,50.4,32.9
GreatBasin,4/5/2001,33.6,41.5,50.4,49.6,33.4
GreatBasin,4/6/2001,34.2,41,48.4,48.6,34.1
GreatBasin,4/7/2001,34.4,40.1,47,46.3,32.2
GreatBasin,4/8/2001,28.1,35.1,43.4,44.6,29.6
GreatBasin,4/9/2001,26.2,33.9,43.3,43.4,27.5
GreatBasin,4/10/2001,28.2,35.3,43.6,44,28.2
GreatBasin,4/11/2001,30.2,36.9,45,44.1,29.3
GreatBasin,4/12/2001,29.6,36.5,43.8,45.7,29.9
GreatBasin,4/13/2001,29.9,37.8,48.4,47.7,31.1
GreatBasin,4/14/2001,33.8,41.4,50.9,52.2,32.9
GreatBasin,4/15/2001,34.9,44.4,57.4,57.3,36.2
GreatBasin,4/16/2001,39.8,49.9,63.6,63,39.5
GreatBasin,4/17/2001,43.9,54.5,67.9,66.7,43.7
GreatBasin,4/18/2001,47.3,57.7,68.5,67.6,44.7
GreatBasin,4/19/2001,43,52.8,66.3,63.7,42.7
GreatBasin,4/20/2001,37.9,44.7,56.4,56.5,38.2
GreatBasin,4/21/2001,33.8,40.1,46.7,52,34.9
GreatBasin,4/22/2001,33,41.3,52.8,52.5,34.7
GreatBasin,4/23/2001,37.3,46.3,58,58.6,37.6
GreatBasin,4/24/2001,42.4,52.1,64.9,64.7,42.1
GreatBasin,4/25/2001,46.7,57.8,71.1,70.2,46.6
GreatBasin,4/26/2001,50.6,62,74.7,73.1,49.8
GreatBasin,4/27/2001,52.2,63.2,73.6,73.1,51.2
GreatBasin,4/28/2001,50.9,61,70.9,70.7,49.2
GreatBasin,4/29/2001,44.4,55.1,67.5,70,47.6
GreatBasin,4/30/2001,47.5,57.9,71.7,70,46.5
GreatBasin,5/1/2001,47.7,58.2,70.8,68.3,44.7
GreatBasin,5/2/2001,38.9,48.4,62.3,62.7,40.3
GreatBasin,5/3/2001,34.2,44,54.9,59.5,37
GreatBasin,5/4/2001,38,48.1,61.4,60.3,38.6
GreatBasin,5/5/2001,43.6,53.8,64.6,63.5,41
GreatBasin,5/6/2001,41.5,52.9,64.6,66.7,43.9
GreatBasin,5/7/2001,46.5,57.6,71,71,46.4
GreatBasin,5/8/2001,51.2,63.3,77.3,75.3,51
GreatBasin,5/9/2001,55.2,66.4,77.5,77,53.1
GreatBasin,5/10/2001,52.9,64.7,76.3,77.7,53.4
GreatBasin,5/11/2001,52.2,64.9,79.2,79.3,53.9
GreatBasin,5/12/2001,56.7,69.4,82.3,80.5,55.6
GreatBasin,5/13/2001,57.9,68.3,80,79,56.1
GreatBasin,5/14/2001,53.8,64.9,74.8,75.9,55.3
GreatBasin,5/15/2001,54.1,62.9,72.8,72.9,53.7
GreatBasin,5/16/2001,53.2,62.4,71.2,72,52.1
GreatBasin,5/17/2001,48.9,60.4,71.9,72.1,51.6
GreatBasin,5/18/2001,52.8,63.2,73.3,72.6,51
GreatBasin,5/19/2001,51.3,62.3,72.5,72.5,51.7
GreatBasin,5/20/2001,50.9,61.3,71.6,71.4,49.5
GreatBasin,5/21/2001,46.3,58.6,70.1,73.4,49.5
GreatBasin,5/22/2001,51.2,63.5,78.5,77.3,51.4
GreatBasin,5/23/2001,56.7,69.5,83.2,82.3,55.9
GreatBasin,5/24/2001,59.9,72.6,85.3,84.5,59.2
GreatBasin,5/25/2001,60.9,73.5,84.9,84.5,60.4
GreatBasin,5/26/2001,60.4,72.5,83.2,83,59.8
GreatBasin,5/27/2001,58.1,70.3,81,81.2,58.6
GreatBasin,5/28/2001,57.3,68.1,79.5,78.7,56.3
GreatBasin,5/29/2001,53.4,64.6,75.6,77.5,54.3
GreatBasin,5/30/2001,52.2,64.5,77.3,77.6,53.8
GreatBasin,5/31/2001,55.7,67.8,80,80.9,55.3
GreatBasin,6/1/2001,58.1,71.3,85.5,83.3,57.3
GreatBasin,6/2/2001,58,70,84.4,81.5,55.4
GreatBasin,6/3/2001,50,60,74.6,74.4,50.2
GreatBasin,6/4/2001,42.5,53.6,64.2,70.1,46.6
GreatBasin,6/5/2001,47.4,58.6,71.6,70.6,47
GreatBasin,6/6/2001,51.2,63.1,76.1,76.6,51.5
GreatBasin,6/7/2001,55.9,68.4,82.1,81.6,55.5
GreatBasin,6/8/2001,59.3,72.9,86.7,84.7,58.6
GreatBasin,6/9/2001,60.6,73.3,85.3,85,59.4
GreatBasin,6/10/2001,58.4,71.4,82.9,83.3,58.5
GreatBasin,6/11/2001,56.5,68.9,81.7,80.8,56.4
GreatBasin,6/12/2001,54.4,63.3,77.8,74.9,51.3
GreatBasin,6/13/2001,43.1,53.3,65.2,71,47.2
GreatBasin,6/14/2001,44,55.2,70,70.8,46.2
GreatBasin,6/15/2001,51.5,63.4,77.2,77.1,50.3
GreatBasin,6/16/2001,55.4,68.9,84.1,82,55.6
GreatBasin,6/17/2001,59.9,72.9,84.8,84.2,57.3
GreatBasin,6/18/2001,56.5,69.3,83.6,83.3,57.3
GreatBasin,6/19/2001,55.6,68.4,81.6,83.3,57
GreatBasin,6/20/2001,58.9,71.7,84.8,85,58.6
GreatBasin,6/21/2001,61.3,74.8,88.7,87.8,61.8
GreatBasin,6/22/2001,65.3,78.2,90,89,64.2
GreatBasin,6/23/2001,65.9,78,88.4,88.5,64.9
GreatBasin,6/24/2001,63.5,75.4,87,86.2,62.6
GreatBasin,6/25/2001,58.4,70.6,83.1,83.1,60.8
GreatBasin,6/26/2001,60.4,69.5,79.3,81.6,59.4
GreatBasin,6/27/2001,59.5,70.5,82.5,82.3,60
GreatBasin,6/28/2001,60,72.6,85.2,85.6,60.4
GreatBasin,6/29/2001,61.8,75.2,89,88.6,62.2
GreatBasin,6/30/2001,64.8,78.1,91.5,91,64.4
GreatBasin,7/1/2001,66.7,80,92.4,92.6,66.5
GreatBasin,7/2/2001,68,81.1,94,93.9,68.3
GreatBasin,7/3/2001,70.1,83.1,95.3,94.3,70.2
GreatBasin,7/4/2001,72.6,83.8,93.7,93.4,71.3
GreatBasin,7/5/2001,71.3,81,91.3,90.6,69.9
GreatBasin,7/6/2001,65.7,75.7,86.9,86.5,66.6
GreatBasin,7/7/2001,62.7,72.4,81.4,84.2,64
GreatBasin,7/8/2001,63.7,73.6,84.3,83.3,63.6
GreatBasin,7/9/2001,64.4,75.1,84.3,83.9,64.2
GreatBasin,7/10/2001,64.6,74.3,83,83.7,64.1
GreatBasin,7/11/2001,63.3,73.7,83.8,84.2,63.6
GreatBasin,7/12/2001,62.9,74.4,85.8,86,63.6
GreatBasin,7/13/2001,64.6,76.2,88.3,87,64.2
GreatBasin,7/14/2001,65,76.4,86.8,86.4,63.8
GreatBasin,7/15/2001,61.8,73.3,84.1,84.2,62.1
GreatBasin,7/16/2001,59.5,71,81.8,82.2,59.7
GreatBasin,7/17/2001,57.7,69.4,80.8,81.2,58.4
GreatBasin,7/18/2001,58.1,69.8,81,81.7,58.3
GreatBasin,7/19/2001,59.2,71.1,83.3,83.1,59.3
GreatBasin,7/20/2001,60.6,72.7,85,84.3,60.1
GreatBasin,7/21/2001,60.4,72.9,84.6,84.5,60.2
GreatBasin,7/22/2001,59.5,72.2,83.8,84.6,60.1
GreatBasin,7/23/2001,60.5,73,85.4,85.2,60.5
GreatBasin,7/24/2001,61.6,74.1,86.5,86.4,61.8
GreatBasin,7/25/2001,63.4,75.4,87.4,86.7,62.8
GreatBasin,7/26/2001,63.5,74.9,86.1,87.6,63.3
GreatBasin,7/27/2001,63,75.5,89.4,88.5,64.1
GreatBasin,7/28/2001,65.8,78.1,89.9,89.2,63.8
GreatBasin,7/29/2001,62.7,75.5,88.2,88.1,63.6
GreatBasin,7/30/2001,62.4,73,86.1,84.7,60.5
GreatBasin,7/31/2001,56.4,67.8,79.8,83.9,59.3
GreatBasin,8/1/2001,59,71.1,85.7,85.2,59.8
GreatBasin,8/2/2001,64,76.1,90,88.3,63.6
GreatBasin,8/3/2001,67.8,78.5,89.2,89.1,65.6
GreatBasin,8/4/2001,65.1,76.2,88.1,88.7,65.4
GreatBasin,8/5/2001,63.2,75.6,88.8,89.9,65.2
GreatBasin,8/6/2001,67.4,79.4,92.9,91.5,66.9
GreatBasin,8/7/2001,70.2,81.7,92.8,92.4,68.9
GreatBasin,8/8/2001,69.1,80.5,91.4,90.8,68.5
GreatBasin,8/9/2001,66.2,77,88.2,89,66.3
GreatBasin,8/10/2001,63.5,75.1,87.3,88.3,64.9
GreatBasin,8/11/2001,65.1,76.9,89.4,88.9,65.1
GreatBasin,8/12/2001,66.7,78.4,90.1,89.3,65.9
GreatBasin,8/13/2001,66,77.3,88.4,88.6,65.7
GreatBasin,8/14/2001,64.5,75.3,87.2,88.1,65
GreatBasin,8/15/2001,64.4,76.3,88.7,88.5,64.6
GreatBasin,8/16/2001,64.8,77.1,89.6,90.1,65.1
GreatBasin,8/17/2001,66.1,78.4,91.9,91.2,66
GreatBasin,8/18/2001,67.1,79.6,92,91.4,66.1
GreatBasin,8/19/2001,65,76.9,90.3,89,65.3
GreatBasin,8/20/2001,63.7,73.9,84.6,85.7,63
GreatBasin,8/21/2001,60.4,71.5,82.3,83.2,60.7
GreatBasin,8/22/2001,58.1,70.1,82.6,82.8,59.2
GreatBasin,8/23/2001,59.1,71,83.4,83.3,59
GreatBasin,8/24/2001,59.8,71.5,83.8,84.8,59.9
GreatBasin,8/25/2001,60.8,73.1,87.3,87.6,61.7
GreatBasin,8/26/2001,64.6,77.1,91.7,90.3,63.9
GreatBasin,8/27/2001,66.2,79.1,92,91.4,65.5
GreatBasin,8/28/2001,65.7,78.1,90.6,90.3,65.2
GreatBasin,8/29/2001,63.7,75.7,88.4,88,63.6
GreatBasin,8/30/2001,61.4,73.4,84.9,85.7,61.8
GreatBasin,8/31/2001,60.3,72.1,83.7,84.5,60.8
GreatBasin,9/1/2001,60.7,72.4,85,84.5,60.5
GreatBasin,9/2/2001,60.4,72.5,84.8,85.4,61.1
GreatBasin,9/3/2001,62.1,73.7,86.5,86.2,61.7
GreatBasin,9/4/2001,62.7,74.7,87.2,86.4,62.7
GreatBasin,9/5/2001,63.2,73.5,85.6,84.4,59
GreatBasin,9/6/2001,51.1,63.1,80.3,79.1,54.3
GreatBasin,9/7/2001,48.5,59.4,71.3,74,48.7
GreatBasin,9/8/2001,46.6,57.8,70.4,72.4,47.6
GreatBasin,9/9/2001,47.6,59.4,75.6,75.9,49.3
GreatBasin,9/10/2001,53.6,65.9,81.8,80.1,53.1
GreatBasin,9/11/2001,58,69.4,83,82.4,57.6
GreatBasin,9/12/2001,61.2,71,82.4,81.4,59
GreatBasin,9/13/2001,57.7,67.6,78.7,79.3,58
GreatBasin,9/14/2001,55,65.6,76.8,77.8,56
GreatBasin,9/15/2001,55.4,65.9,77.8,77.3,55.5
GreatBasin,9/16/2001,56.1,66.4,77.4,76.8,55.2
GreatBasin,9/17/2001,54,64.2,75.1,76.5,54.6
GreatBasin,9/18/2001,53.7,64.5,77.1,77,54.4
GreatBasin,9/19/2001,55.5,66.2,78.7,78.4,54.9
GreatBasin,9/20/2001,55.4,66.4,79.3,79.7,56
GreatBasin,9/21/2001,57.1,68.2,81.2,80.4,56.6
GreatBasin,9/22/2001,57.3,68.4,80.7,81.9,57.4
GreatBasin,9/23/2001,57.7,69.3,83.8,83.2,58.4
GreatBasin,9/24/2001,60.3,71.6,85,83.7,59.4
GreatBasin,9/25/2001,60.2,70.9,82.4,82.1,59
GreatBasin,9/26/2001,56.6,67.7,79,81.1,57.8
GreatBasin,9/27/2001,56.7,67.9,81.9,80.1,57.1
GreatBasin,9/28/2001,58.1,68.4,79.5,79.2,56.4
GreatBasin,9/29/2001,54.4,65.2,76.1,78.5,55.9
GreatBasin,9/30/2001,55.1,65.6,80,78.7,55.6
GreatBasin,10/1/2001,57.3,68,80.1,79.3,56.3
GreatBasin,10/2/2001,56.4,66.8,77.7,77.5,55.9
GreatBasin,10/3/2001,54,64.1,74.7,74.9,54.1
GreatBasin,10/4/2001,51.8,61.3,72.4,71.8,50.5
GreatBasin,10/5/2001,45.7,56.4,68.4,70.5,48.4
GreatBasin,10/6/2001,47.8,57.6,70.6,69.1,47.7
GreatBasin,10/7/2001,49.7,58.4,68.2,68.1,48.9
GreatBasin,10/8/2001,49.2,57.1,65.5,65.3,46.8
GreatBasin,10/9/2001,41.5,50.5,62.2,61.8,42.7
GreatBasin,10/10/2001,37.3,46.6,57.8,59,40.7
GreatBasin,10/11/2001,43.4,49.3,57.1,56.3,38.8
GreatBasin,10/12/2001,35.8,44.6,54,57.7,40.5
GreatBasin,10/13/2001,42.2,49.3,61.9,60.2,40.7
GreatBasin,10/14/2001,44.2,52.7,64.7,63.6,43
GreatBasin,10/15/2001,42.5,52.5,64.2,66.3,44.2
GreatBasin,10/16/2001,46,55.1,69.9,66.7,46.1
GreatBasin,10/17/2001,49.9,57.8,65.9,65.8,45.8
GreatBasin,10/18/2001,41.5,51.5,61.6,64.4,45.3
GreatBasin,10/19/2001,44.6,53.2,65.8,64.4,44.2
GreatBasin,10/20/2001,46.5,55.3,65.9,65.8,45.7
GreatBasin,10/21/2001,46.1,54.5,65.7,64.4,46.1
GreatBasin,10/22/2001,45.6,53.5,61.7,61.7,45.4
GreatBasin,10/23/2001,44.6,50.7,57.7,57.2,41.2
GreatBasin,10/24/2001,33.4,42.5,52.2,56,38.3
GreatBasin,10/25/2001,36.8,45,58.2,58.3,37
GreatBasin,10/26/2001,40.8,50.1,64.4,63.6,41.3
GreatBasin,10/27/2001,46.3,54.8,68.1,65.7,45.5
GreatBasin,10/28/2001,49.3,56.6,64.5,65.8,47.3
GreatBasin,10/29/2001,46.2,54,64.7,63.7,48.1
GreatBasin,10/30/2001,48.8,54.6,61.9,61.3,46.2
GreatBasin,10/31/2001,43.5,50,57.4,58.3,44
GreatBasin,11/1/2001,39.6,46.5,55.7,57.3,40.9
GreatBasin,11/2/2001,39.6,47.4,58.7,58.7,40.1
GreatBasin,11/3/2001,41,49.4,61.7,61.6,41.6
GreatBasin,11/4/2001,44.3,52.1,64.3,62.8,43.9
GreatBasin,11/5/2001,46.4,53.3,62.4,62.6,45
GreatBasin,11/6/2001,44.3,51.8,61.1,59.9,43.8
GreatBasin,11/7/2001,40.8,48.1,56.3,57.4,40.6
GreatBasin,11/8/2001,36.7,44.3,54.9,56.1,38.5
GreatBasin,11/9/2001,37.9,45.2,57.2,56.7,38
GreatBasin,11/10/2001,39.3,46.8,57.9,57.6,39.1
GreatBasin,11/11/2001,40.1,47.4,57.6,57.8,40.1
GreatBasin,11/12/2001,41,48.1,58,56,40.7
GreatBasin,11/13/2001,41.1,46.6,52.3,54.6,40.1
GreatBasin,11/14/2001,38.2,44.2,53.5,54.1,39.4
GreatBasin,11/15/2001,38.9,45.7,56.5,56,39.3
GreatBasin,11/16/2001,40.8,47.7,58,56.7,40.4
GreatBasin,11/17/2001,41.5,47.6,55.7,54.5,39.7
GreatBasin,11/18/2001,36.8,43.4,49.7,52.5,37.6
GreatBasin,11/19/2001,34.4,41.2,52.2,51.8,36.3
GreatBasin,11/20/2001,37.7,43.6,53.5,52.5,37.2
GreatBasin,11/21/2001,39.6,44.6,51.7,51.3,39
GreatBasin,11/22/2001,39.7,43.8,48.8,48.1,37
GreatBasin,11/23/2001,31.6,36.9,43.8,44.1,32.8
GreatBasin,11/24/2001,27.2,32.4,39.7,39.9,29.2
GreatBasin,11/25/2001,28.8,33,36.1,36,26.2
GreatBasin,11/26/2001,22.5,26.9,32.1,32.4,23
GreatBasin,11/27/2001,17.6,22.7,28.9,30.2,18.9
GreatBasin,11/28/2001,16.5,21,29.7,30.5,20
GreatBasin,11/29/2001,26,28.1,32.9,31.9,21.6
GreatBasin,11/30/2001,22.4,27.3,33.1,33.9,23.6
GreatBasin,12/1/2001,22.5,26.7,35.6,36.2,25.2
GreatBasin,12/2/2001,30.8,33.7,40,38,28.1
GreatBasin,12/3/2001,31.1,34.8,38.4,37.2,28.7
GreatBasin,12/4/2001,24.1,28.5,33.3,34.9,25.5
GreatBasin,12/5/2001,21.3,25.6,33,35,24.5
GreatBasin,12/6/2001,28,31.5,38.8,36.1,25.6
GreatBasin,12/7/2001,27.5,32.4,36.4,36.9,26.1
GreatBasin,12/8/2001,22.7,27.4,35.6,36.1,25.3
GreatBasin,12/9/2001,25.7,29.4,36.3,34.2,23.1
GreatBasin,12/10/2001,20.9,25.5,30.8,31.8,21.9
GreatBasin,12/11/2001,19,22.8,28.4,28.9,19.2
GreatBasin,12/12/2001,17.8,21.5,27.6,29.3,18.7
GreatBasin,12/13/2001,19.3,23,31.9,31,21.5
GreatBasin,12/14/2001,27.4,29.2,33.4,31.1,20.8
GreatBasin,12/15/2001,15.6,21.4,27.9,30,19.5
GreatBasin,12/16/2001,15.5,19.4,28.7,30,18.3
GreatBasin,12/17/2001,23.8,26.5,33.3,31.5,20.4
GreatBasin,12/18/2001,22,26.4,32.5,34.2,23.9
GreatBasin,12/19/2001,25.8,28.8,36.7,35.7,24.6
GreatBasin,12/20/2001,26.1,30.1,38,36.1,25.3
GreatBasin,12/21/2001,24.1,28.8,33.5,33.8,23.7
GreatBasin,12/22/2001,20.9,24.7,29.8,31,21.2
GreatBasin,12/23/2001,18.7,22.9,29.8,29,18.5
GreatBasin,12/24/2001,16,20.5,27.3,28.3,16.6
GreatBasin,12/25/2001,15.2,19.8,27.7,28.2,16.2
GreatBasin,12/26/2001,17.3,21.3,29.6,30.1,17.9
GreatBasin,12/27/2001,21.2,25,33,32.3,21.1
GreatBasin,12/28/2001,24.9,27.8,34.4,33.5,23.8
GreatBasin,12/29/2001,25.2,27.9,33.1,33.6,24.9
GreatBasin,12/30/2001,24.5,27.7,33.4,33.8,25
GreatBasin,12/31/2001,25.3,28.3,34.8,34.1,25.1
GreatBasin,1/1/2002,25.6,29,34.2,34.5,24.9
GreatBasin,1/2/2002,23.8,27.5,34.6,34.7,25.8
GreatBasin,1/3/2002,28.1,30.5,35.2,34.3,25.4
GreatBasin,1/4/2002,24.2,28.5,33.2,33.8,24.6
GreatBasin,1/5/2002,21.6,25.5,33,35.1,24.4
GreatBasin,1/6/2002,27.4,30.9,39.1,38.5,27.8
GreatBasin,1/7/2002,34.5,37.5,43.4,42.4,32.7
GreatBasin,1/8/2002,36.2,39.4,44.8,43.4,35.1
GreatBasin,1/9/2002,34.7,38.4,42.1,41.5,32.9
GreatBasin,1/10/2002,27.8,32.3,37.5,39.3,29.8
GreatBasin,1/11/2002,26.8,30.8,38.2,39,28.3
GreatBasin,1/12/2002,30.2,33.6,41.3,39.1,27.5
GreatBasin,1/13/2002,25.6,31.8,37.7,37.5,25.9
GreatBasin,1/14/2002,21.9,26.7,33.5,33.9,22.4
GreatBasin,1/15/2002,19.8,24.4,30.5,30.3,18.9
GreatBasin,1/16/2002,15.1,20.8,26.9,28.2,16.6
GreatBasin,1/17/2002,14.9,19.6,27.1,26.9,15.3
GreatBasin,1/18/2002,16,20.3,26.8,27.7,15.6
GreatBasin,1/19/2002,16,20.3,29.3,28.9,16.8
GreatBasin,1/20/2002,18.5,23.2,30.7,32.4,20.1
GreatBasin,1/21/2002,25.9,29,37.2,34.2,22.1
GreatBasin,1/22/2002,22,28,34.6,32.8,20.9
GreatBasin,1/23/2002,14.7,19.8,26.6,31.1,17.9
GreatBasin,1/24/2002,17.1,21.3,32.1,32.8,19
GreatBasin,1/25/2002,25.2,29.3,39.6,37.3,24.4
GreatBasin,1/26/2002,30.9,34.5,40.3,39.1,27.9
GreatBasin,1/27/2002,27.7,32.5,37.5,37,26.7
GreatBasin,1/28/2002,21.6,26,33.1,32,20.5
GreatBasin,1/29/2002,12.1,18.1,25.3,26.7,13.9
GreatBasin,1/30/2002,7.9,13.8,21.6,24.1,9.9
GreatBasin,1/31/2002,9.8,14.8,25.5,25.6,10.8
GreatBasin,2/1/2002,14.8,19.7,29.7,29,13.9
GreatBasin,2/2/2002,17.2,22.6,31.8,31.4,16.3
GreatBasin,2/3/2002,17,22.9,32.7,32.4,17.5
GreatBasin,2/4/2002,18.2,24.2,32.7,33.2,17.9
GreatBasin,2/5/2002,18.5,24.4,34.2,34.5,18.9
GreatBasin,2/6/2002,20,26.2,36.6,37.1,21.5
GreatBasin,2/7/2002,26,30.9,40.6,38.5,25
GreatBasin,2/8/2002,29.1,34,38.2,37.9,25.1
GreatBasin,2/9/2002,20.2,26.7,34.9,36.3,22.6
GreatBasin,2/10/2002,18.6,25,35.9,36.7,21.1
GreatBasin,2/11/2002,24.6,29.9,39.2,37.7,22
GreatBasin,2/12/2002,22.9,30.2,38.1,38.5,23.2
GreatBasin,2/13/2002,22,28.4,38.2,38.6,23.9
GreatBasin,2/14/2002,26.7,32.1,39.5,38.9,23.6
GreatBasin,2/15/2002,22.2,29.4,39,40.5,24.9
GreatBasin,2/16/2002,25.9,31.9,42.9,41.3,26.2
GreatBasin,2/17/2002,30.6,35.6,41.9,41.5,28.1
GreatBasin,2/18/2002,27.9,33.2,39.8,40.6,28.5
GreatBasin,2/19/2002,26.9,32.2,40,41,29.1
GreatBasin,2/20/2002,32.6,36.3,43.3,42.5,29.6
GreatBasin,2/21/2002,29.3,36.2,44.2,45.5,31.9
GreatBasin,2/22/2002,33.8,39.1,49,47,33.3
GreatBasin,2/23/2002,36.8,41.7,47.7,47.4,33.3
GreatBasin,2/24/2002,29.3,35.7,45.4,44.1,29.1
GreatBasin,2/25/2002,21.1,28.9,39.2,40.1,22.3
GreatBasin,2/26/2002,16.5,24.6,35.8,38.1,20.1
GreatBasin,2/27/2002,22.7,29.5,39.2,38.4,21.7
GreatBasin,2/28/2002,25.9,31.8,40.3,39,21.3
GreatBasin,3/1/2002,15.4,24.3,37.5,35.5,17.7
GreatBasin,3/2/2002,11.8,19.6,28.6,33,13.7
GreatBasin,3/3/2002,13.9,21.5,33,34.5,15.7
GreatBasin,3/4/2002,21.5,28.6,41.8,39.8,21
GreatBasin,3/5/2002,27.6,34.6,44.6,44,26.6
GreatBasin,3/6/2002,30.8,36.9,45.5,44.6,29.9
GreatBasin,3/7/2002,31.2,36.8,43.7,42.7,27
GreatBasin,3/8/2002,19.1,27.3,38.9,40.6,22.5
GreatBasin,3/9/2002,17.1,24.7,39.2,41.3,22
GreatBasin,3/10/2002,29.9,35.2,45.8,44,25.9
GreatBasin,3/11/2002,30.7,37.6,46.9,47.6,32.6
GreatBasin,3/12/2002,37.3,42.2,50.2,48.6,33.9
GreatBasin,3/13/2002,33.7,39.5,48.8,45.8,31
GreatBasin,3/14/2002,22.1,29,38.3,40.8,25.1
GreatBasin,3/15/2002,19.4,26.6,35.3,35.9,20.9
GreatBasin,3/16/2002,21.1,27.2,34,33.9,20
GreatBasin,3/17/2002,19.6,25.8,32.5,33.6,19.5
GreatBasin,3/18/2002,17.7,24.9,34.2,36.1,19.4
GreatBasin,3/19/2002,20.9,28.3,41.5,41.2,22.8
GreatBasin,3/20/2002,29.8,36.6,47.8,47.3,27.6
GreatBasin,3/21/2002,32,40.2,52.6,51.9,33
GreatBasin,3/22/2002,37.2,44.8,55.4,54,35.5
GreatBasin,3/23/2002,37.2,43.4,53.9,51.4,35.3
GreatBasin,3/24/2002,31.5,37.2,45,48.3,32.9
GreatBasin,3/25/2002,29.9,36.5,46,47.5,31.1
GreatBasin,3/26/2002,32,40,51.4,50,32.7
GreatBasin,3/27/2002,36.3,43.7,52.6,52.5,34.8
GreatBasin,3/28/2002,36.1,44.1,53.6,53.6,36.4
GreatBasin,3/29/2002,36.9,44.9,54.6,55.2,37
GreatBasin,3/30/2002,38,46.4,57.3,57.6,37.9
GreatBasin,3/31/2002,38.8,48.5,60.8,59.4,39.5
GreatBasin,4/1/2002,41.8,51,60.1,59.8,39.2
GreatBasin,4/2/2002,37.1,47.2,58.4,59.2,38.7
GreatBasin,4/3/2002,37.3,47.2,59.2,60.2,38.3
GreatBasin,4/4/2002,40.5,50.5,63.1,62.3,40.2
GreatBasin,4/5/2002,42.7,52.9,64.6,63.6,42.5
GreatBasin,4/6/2002,44.2,52.4,63,61.9,42.1
GreatBasin,4/7/2002,39.3,48.6,58,60.2,40.8
GreatBasin,4/8/2002,39,48.5,59.6,60.2,40.4
GreatBasin,4/9/2002,42.9,52.1,63,61.2,41.7
GreatBasin,4/10/2002,43.3,52,60.9,62.1,42.6
GreatBasin,4/11/2002,41.5,51.1,62.3,62.9,43.5
GreatBasin,4/12/2002,45.8,54.6,65.4,65.9,44.4
GreatBasin,4/13/2002,45.9,56.6,70,68.7,47.9
GreatBasin,4/14/2002,52.1,61.1,70.7,69.7,47.9
GreatBasin,4/15/2002,45.7,53.8,68.5,63.1,43.1
GreatBasin,4/16/2002,31.4,40.3,50.2,55.6,37.2
GreatBasin,4/17/2002,34.5,41.3,48.2,48.5,32.1
GreatBasin,4/18/2002,30.3,38.4,47.1,47.6,31.6
GreatBasin,4/19/2002,30.1,38.4,47.5,47.4,30.3
GreatBasin,4/20/2002,30.5,38.8,47.7,50.1,31.4
GreatBasin,4/21/2002,33.5,42.3,55,55,34.3
GreatBasin,4/22/2002,39,48.9,62.2,60.1,38.8
GreatBasin,4/23/2002,43.8,53.5,63,61.9,40.3
GreatBasin,4/24/2002,38.2,48.6,60.4,62.2,41.2
GreatBasin,4/25/2002,41.7,51.6,63.3,61.9,40.6
GreatBasin,4/26/2002,41.8,51.8,62.1,60.7,40.2
GreatBasin,4/27/2002,37,45.2,56.8,59.2,38.5
GreatBasin,4/28/2002,36.8,45.7,58.7,60,38.4
GreatBasin,4/29/2002,41.5,51.9,64.5,62,40.2
GreatBasin,4/30/2002,42.3,52,62.8,61.7,40.3
GreatBasin,5/1/2002,37.1,46.5,57.9,60.5,39
GreatBasin,5/2/2002,37.6,48,60.7,60,38.9
GreatBasin,5/3/2002,41.9,51.9,61.4,62.4,40.3
GreatBasin,5/4/2002,41.4,52.4,65,64.1,42.9
GreatBasin,5/5/2002,45.4,55.7,66,65.9,44.1
GreatBasin,5/6/2002,45.4,55.7,66.6,66.1,45.4
GreatBasin,5/7/2002,45.3,54.5,65.8,63.3,41.5
GreatBasin,5/8/2002,33.7,44.4,57.4,61.7,38.7
GreatBasin,5/9/2002,37,47.7,61.9,60.1,37.6
GreatBasin,5/10/2002,42.2,52,61.1,60.8,39.2
GreatBasin,5/11/2002,38.4,48.7,59.3,62.3,40.7
GreatBasin,5/12/2002,41.4,52.6,66.5,66.7,42.3
GreatBasin,5/13/2002,47.2,59.6,74.3,71.3,46.5
GreatBasin,5/14/2002,51,61.7,73.2,72.2,48.3
GreatBasin,5/15/2002,46.7,58.4,69.2,70.6,48.3
GreatBasin,5/16/2002,47.2,58.4,69.3,71.3,47.7
GreatBasin,5/17/2002,49.1,61.3,75.5,74.5,49.8
GreatBasin,5/18/2002,53.1,65.4,78.8,77.4,52
GreatBasin,5/19/2002,53.7,66.3,78,77.6,52.7
GreatBasin,5/20/2002,51.2,62.6,76.1,73.6,49.1
GreatBasin,5/21/2002,42.5,51.1,66.7,66.3,43.6
GreatBasin,5/22/2002,37.2,46.1,56.1,60.4,39.3
GreatBasin,5/23/2002,38.2,48,58.5,59.8,38.9
GreatBasin,5/24/2002,41.4,52.3,64.9,65.2,42.2
GreatBasin,5/25/2002,47,58.6,72.1,70.4,46.7
GreatBasin,5/26/2002,51.6,62.9,74.3,74.1,50.4
GreatBasin,5/27/2002,52.6,64.2,76,76,52.9
GreatBasin,5/28/2002,54.6,66.1,77.8,78.6,55.1
GreatBasin,5/29/2002,58,69.3,82.1,82,58
GreatBasin,5/30/2002,61.3,73.4,86.2,84.8,60.1
GreatBasin,5/31/2002,61,74,86.1,85.7,61.8
GreatBasin,6/1/2002,63.2,72.7,84.8,82,59.2
GreatBasin,6/2/2002,53.4,63.7,75,76.8,56
GreatBasin,6/3/2002,51.5,61.7,70.6,73.7,52.1
GreatBasin,6/4/2002,51.4,63.1,75.5,75.5,52.9
GreatBasin,6/5/2002,55.9,67.6,80.4,79.4,55.2
GreatBasin,6/6/2002,58.4,70.7,82.4,81.4,57.4
GreatBasin,6/7/2002,58,70,81.4,81.2,56.5
GreatBasin,6/8/2002,53,64.2,79.7,76.5,51.8
GreatBasin,6/9/2002,44.5,55.5,68.5,71.2,46.6
GreatBasin,6/10/2002,42.2,53.4,65.3,68.4,44.6
GreatBasin,6/11/2002,47.2,58.6,71.5,71.3,47.2
GreatBasin,6/12/2002,52.1,64,77.1,76.7,51.6
GreatBasin,6/13/2002,55.4,68.1,81.6,81.4,55.2
GreatBasin,6/14/2002,58.2,71.4,85.4,84.2,57.8
GreatBasin,6/15/2002,59.9,73.1,85.5,86.1,59.7
GreatBasin,6/16/2002,60.9,74.3,87.5,86.4,61
GreatBasin,6/17/2002,62.1,74.2,86.2,85.6,61.2
GreatBasin,6/18/2002,60.7,71.3,83.1,82.8,59
GreatBasin,6/19/2002,54.1,66.7,79.2,82,57.2
GreatBasin,6/20/2002,56.7,69.5,83.6,82.4,57.1
GreatBasin,6/21/2002,60.5,72.9,84.3,83.5,58.9
GreatBasin,6/22/2002,59.4,71.3,82.5,83.8,59.6
GreatBasin,6/23/2002,58.9,71.5,84.6,85.4,59.8
GreatBasin,6/24/2002,61.2,74.9,89,88.2,61.2
GreatBasin,6/25/2002,63.6,77.2,90.9,90.7,63.5
GreatBasin,6/26/2002,65.7,79.3,92.1,91.3,65
GreatBasin,6/27/2002,65.8,79.1,90.9,90.8,65.4
GreatBasin,6/28/2002,64.8,77.6,89.3,89.5,65.4
GreatBasin,6/29/2002,65.5,77.3,88.2,89.1,64.5
GreatBasin,6/30/2002,63.3,76.4,89.9,89.2,64.5
GreatBasin,7/1/2002,64.7,77.6,89.4,89.7,64.1
GreatBasin,7/2/2002,64.3,77.3,89.8,89.4,65.3
GreatBasin,7/3/2002,66.9,78.2,88.9,88.5,64.8
GreatBasin,7/4/2002,63.1,75.5,86.8,88,64.3
GreatBasin,7/5/2002,63,75.8,88.4,88.7,63.7
GreatBasin,7/6/2002,65.1,77.9,90.9,90.6,64.8
GreatBasin,7/7/2002,66.4,79.6,92.4,91.5,66.2
GreatBasin,7/8/2002,67.2,79.5,91.3,91.9,66.1
GreatBasin,7/9/2002,64.8,77.9,92,92.6,66.6
GreatBasin,7/10/2002,67.7,80.9,94.5,94,67.5
GreatBasin,7/11/2002,70.1,83,95.4,95.9,69.9
GreatBasin,7/12/2002,71.9,84.6,97.8,97.2,71.6
GreatBasin,7/13/2002,72.9,85.8,98.3,97.6,72.6
GreatBasin,7/14/2002,73,84.9,96.7,95.9,71.9
GreatBasin,7/15/2002,69.9,81.2,92.8,92.4,70.6
GreatBasin,7/16/2002,69,78.5,87.6,89.2,68.6
GreatBasin,7/17/2002,66.8,77.2,87.3,87.1,67.6
GreatBasin,7/18/2002,67,76.7,86.4,86.2,66.4
GreatBasin,7/19/2002,65.3,75.4,85,86.1,65.7
GreatBasin,7/20/2002,64.7,75.8,86.8,86.5,64.7
GreatBasin,7/21/2002,64.1,76,87.7,88,64.7
GreatBasin,7/22/2002,65.2,77.1,89.5,89.2,65
GreatBasin,7/23/2002,65.7,78,90.4,89.8,66.1
GreatBasin,7/24/2002,67.3,79.1,89.5,89.1,66.5
GreatBasin,7/25/2002,66.6,77.4,87.5,87.6,65.9
GreatBasin,7/26/2002,63.8,75.3,85.7,85.9,64.3
GreatBasin,7/27/2002,62.6,74.2,84.5,84.8,62.1
GreatBasin,7/28/2002,59.8,72.3,84.1,85.6,61.7
GreatBasin,7/29/2002,62.8,74.8,88.2,88.1,62.8
GreatBasin,7/30/2002,65.7,78.2,92.1,90.5,65
GreatBasin,7/31/2002,66.4,78.3,91.2,90.1,64.8
GreatBasin,8/1/2002,62.3,74.8,86.9,88,64.7
GreatBasin,8/2/2002,65.4,76,85.9,85.6,62.6
GreatBasin,8/3/2002,60.2,72.2,84,84.5,62.1
GreatBasin,8/4/2002,60.7,72.3,83.7,83.5,60
GreatBasin,8/5/2002,59.1,71,82.8,82.7,59.5
GreatBasin,8/6/2002,58.7,70.6,81.7,81.9,58.6
GreatBasin,8/7/2002,58,69.8,81.2,81,57.7
GreatBasin,8/8/2002,56.3,68.1,80.2,81.3,57.3
GreatBasin,8/9/2002,57.5,69.2,82.4,83.4,58.1
GreatBasin,8/10/2002,60.4,73.1,87.7,86.4,60.7
GreatBasin,8/11/2002,64.3,76.5,89.1,88.2,62.7
GreatBasin,8/12/2002,63.5,75.6,87.9,88.2,63.3
GreatBasin,8/13/2002,62.1,74.7,87.6,88.5,63.3
GreatBasin,8/14/2002,64.3,76.7,90.1,89.2,63.5
GreatBasin,8/15/2002,64.2,76.9,89.8,89.6,64.6
GreatBasin,8/16/2002,65.4,77.5,89,89.2,63.6
GreatBasin,8/17/2002,61.3,74.7,88.9,88.7,63.1
GreatBasin,8/18/2002,62.5,75,88.2,87.9,61.6
GreatBasin,8/19/2002,60.9,73.6,86.5,86.5,61.4
GreatBasin,8/20/2002,60.8,72.4,84.7,83.7,58.9
GreatBasin,8/21/2002,55,66.9,79.8,81.2,56.7
GreatBasin,8/22/2002,54.3,66.2,79.2,79.8,55.4
GreatBasin,8/23/2002,56.8,68.3,80.5,80.3,55.9
GreatBasin,8/24/2002,56.5,68.5,81.1,81.9,56.9
GreatBasin,8/25/2002,57.4,70.2,84.1,82.8,57.6
GreatBasin,8/26/2002,58.9,71.4,83.2,82.9,57.9
GreatBasin,8/27/2002,57.4,69.3,81.4,82.4,58.1
GreatBasin,8/28/2002,58,69.5,82.6,81.9,58.2
GreatBasin,8/29/2002,59.3,70.6,81.6,82.3,58.5
GreatBasin,8/30/2002,58.2,69.9,82.6,82.7,59
GreatBasin,8/31/2002,59.5,71.2,83.8,83.8,59.7
GreatBasin,9/1/2002,61.3,72.7,85.1,84.5,60.5
GreatBasin,9/2/2002,60.7,72.6,84.6,85.6,61.5
GreatBasin,9/3/2002,62.6,74.2,87.2,85.8,61.7
GreatBasin,9/4/2002,61.7,73.5,85.6,85.6,62
GreatBasin,9/5/2002,61.7,72.5,83.9,82.8,60.6
GreatBasin,9/6/2002,58.5,66.3,79,77.1,58.3
GreatBasin,9/7/2002,54.7,61.5,68.3,72.1,55
GreatBasin,9/8/2002,51.9,59.7,69.1,70,52.4
GreatBasin,9/9/2002,50.6,60.7,72.5,72.6,51.7
GreatBasin,9/10/2002,52.7,63.5,76.3,74.9,53.4
GreatBasin,9/11/2002,56.8,66,75.9,76.4,55.3
GreatBasin,9/12/2002,56.5,66.2,76.9,77.6,56.5
GreatBasin,9/13/2002,56.3,67.1,80,79.8,56.7
GreatBasin,9/14/2002,57.4,68.9,82.4,82.2,57.8
GreatBasin,9/15/2002,59.8,71,84.1,82.7,58.6
GreatBasin,9/16/2002,58.7,68.8,81.7,79.6,57.3
GreatBasin,9/17/2002,53.5,61.9,72.9,74.1,54
GreatBasin,9/18/2002,49.7,57.9,67.6,70.4,50.2
GreatBasin,9/19/2002,47.4,57.6,70.7,70.7,49.5
GreatBasin,9/20/2002,51.5,61.7,73.9,72.5,50.4
GreatBasin,9/21/2002,52.3,62.3,73,74.5,51.8
GreatBasin,9/22/2002,51.7,62.5,76.5,75.8,52.5
GreatBasin,9/23/2002,53.5,64.8,77.8,77.6,53.6
GreatBasin,9/24/2002,55.5,66.2,78.5,77.5,54.6
GreatBasin,9/25/2002,54.9,65.1,76.1,75.9,53.8
GreatBasin,9/26/2002,50.9,61.6,73,73.3,52.6
GreatBasin,9/27/2002,52.1,60.9,70.8,70.5,50
GreatBasin,9/28/2002,47,56.8,67.7,68.5,49.2
GreatBasin,9/29/2002,48.4,57.2,66.9,66.1,46.3
GreatBasin,9/30/2002,43.5,52.4,63.7,62.9,44.2
GreatBasin,10/1/2002,40.6,48.1,58.2,58.4,40.1
GreatBasin,10/2/2002,36.3,44.2,53.3,55.8,38.1
GreatBasin,10/3/2002,37.5,45.2,55.8,56.2,38.4
GreatBasin,10/4/2002,41.3,48.9,59.4,59.5,40.6
GreatBasin,10/5/2002,42.9,51.4,63.2,63,43.2
GreatBasin,10/6/2002,45.4,54.2,66.5,66.4,45.3
GreatBasin,10/7/2002,47.7,57,69.4,68.1,47.1
GreatBasin,10/8/2002,48.2,57.6,68.5,69.3,48
GreatBasin,10/9/2002,48,57.6,70.1,69.9,48.7
GreatBasin,10/10/2002,49.9,59.1,71.2,69.4,47.6
GreatBasin,10/11/2002,44.9,54.3,66.8,66.1,44.6
GreatBasin,10/12/2002,39.1,48.6,60.2,64,41.7
GreatBasin,10/13/2002,41.1,50.7,65,63.5,41.5
GreatBasin,10/14/2002,44.2,53.6,65.2,65.2,43
GreatBasin,10/15/2002,43.8,53.5,65.4,65.1,43.8
GreatBasin,10/16/2002,43.5,53.3,64.6,65,43.9
GreatBasin,10/17/2002,44.5,53.8,65.1,64.5,43.9
GreatBasin,10/18/2002,43.6,53.1,63.9,64.4,43.5
GreatBasin,10/19/2002,42.3,52.1,64.2,63.9,43
GreatBasin,10/20/2002,43.2,52.4,63.5,63.3,42.5
GreatBasin,10/21/2002,42.1,51.4,62.1,61.2,41.7
GreatBasin,10/22/2002,39.9,48.5,58,58.1,39.7
GreatBasin,10/23/2002,37.1,44.9,54.2,55.7,37.7
GreatBasin,10/24/2002,36.1,44.2,54.8,54.9,36.7
GreatBasin,10/25/2002,36.8,44.8,55.6,55,36.6
GreatBasin,10/26/2002,37,44.9,54.5,54.7,36.5
GreatBasin,10/27/2002,35.8,43.9,54,53.5,36.7
GreatBasin,10/28/2002,37.3,44.1,52,51.3,34.9
GreatBasin,10/29/2002,31.5,38.9,48,47.6,31.7
GreatBasin,10/30/2002,26.3,34,42.7,44.3,27.6
GreatBasin,10/31/2002,25.1,32.8,42.3,41.8,24.5
GreatBasin,11/1/2002,22,30.5,40.4,41.7,23.5
GreatBasin,11/2/2002,23.4,31.1,42.3,42.6,23.6
GreatBasin,11/3/2002,25.3,33.3,45,44.5,25.3
GreatBasin,11/4/2002,27.3,35.1,46.2,47.3,27.7
GreatBasin,11/5/2002,30.6,38.2,50.7,50.7,30.6
GreatBasin,11/6/2002,33.9,42,55.2,53.8,34.6
GreatBasin,11/7/2002,39.2,45.4,55.4,53.9,38.1
GreatBasin,11/8/2002,41.3,45.2,51.2,51.5,40.2
GreatBasin,11/9/2002,40,43.7,47.8,47.9,38.6
GreatBasin,11/10/2002,34.5,39,44.6,45.6,35.9
GreatBasin,11/11/2002,33.1,37.7,44.4,45.4,33.1
GreatBasin,11/12/2002,31.7,37.3,47.3,46.8,33.8
GreatBasin,11/13/2002,36.7,41.3,48.6,47.8,34.2
GreatBasin,11/14/2002,34.1,39.8,47.5,47.4,34.1
GreatBasin,11/15/2002,31.5,37.9,46,47.5,32.7
GreatBasin,11/16/2002,32.6,38.4,49.1,47.6,33.4
GreatBasin,11/17/2002,36,40.9,47.7,47.6,33.1
GreatBasin,11/18/2002,30.7,37.3,45.9,47.8,33.7
GreatBasin,11/19/2002,34.4,39.5,49.7,49.4,34.3
GreatBasin,11/20/2002,37.7,43.4,52.7,52.4,37.1
GreatBasin,11/21/2002,39.1,45,54.9,54.1,39.1
GreatBasin,11/22/2002,40.6,46.4,54.7,53.1,39.3
GreatBasin,11/23/2002,38.2,44,49.8,49.7,37.3
GreatBasin,11/24/2002,33.1,38.8,44.7,44.7,32.8
GreatBasin,11/25/2002,27.2,33.2,39.5,41.8,28.9
GreatBasin,11/26/2002,26.4,31.8,41.2,41.3,27.4
GreatBasin,11/27/2002,28.5,33.7,43.1,43.6,28.8
GreatBasin,11/28/2002,31.5,36.9,46.4,45.2,30.9
GreatBasin,11/29/2002,32.6,38.2,46.1,45.5,32.4
GreatBasin,11/30/2002,33.2,37.7,44.1,45.1,32.9
GreatBasin,12/1/2002,32.8,37.6,45,44.5,32.6
GreatBasin,12/2/2002,31.8,37,44.3,43.9,31.9
GreatBasin,12/3/2002,31,35.8,42.4,43.2,31
GreatBasin,12/4/2002,30.2,35.2,42.9,43.2,30.9
GreatBasin,12/5/2002,31.5,36.4,44.2,43.5,31
GreatBasin,12/6/2002,31.2,36.2,43.4,43.4,31
GreatBasin,12/7/2002,30.2,35.3,42.6,42.5,29.9
GreatBasin,12/8/2002,28.3,34,41.5,41.8,29.1
GreatBasin,12/9/2002,28.7,33.7,41.2,41.3,28.9
GreatBasin,12/10/2002,29.6,34,41.2,41,29.6
GreatBasin,12/11/2002,30.5,34.5,40.7,41.9,30.7
GreatBasin,12/12/2002,32,35.6,43.9,43.2,31.9
GreatBasin,12/13/2002,33.3,37.4,44.9,45.7,33.9
GreatBasin,12/14/2002,36.3,40.1,48.3,46.1,35.5
GreatBasin,12/15/2002,36.8,41.4,45.1,45.5,35.6
GreatBasin,12/16/2002,33.8,37.4,43.2,42.5,33.9
GreatBasin,12/17/2002,31.1,34.9,39.1,38.5,30
GreatBasin,12/18/2002,25,29,33.2,34.7,25.6
GreatBasin,12/19/2002,20.6,25,31.9,31.8,23.1
GreatBasin,12/20/2002,23.8,26,30.4,31.2,22.2
GreatBasin,12/21/2002,22.2,25.5,31.3,30.9,22.5
GreatBasin,12/22/2002,21.4,25.2,31,30.6,21
GreatBasin,12/23/2002,19.4,23.4,29.6,29.7,19.3
GreatBasin,12/24/2002,17.1,21.3,28.4,28.8,18.1
GreatBasin,12/25/2002,17.7,21.5,28.5,29.8,18.3
GreatBasin,12/26/2002,20.1,23.8,32.4,33.1,21.6
GreatBasin,12/27/2002,27.1,30.6,38.5,37.6,26.6
GreatBasin,12/28/2002,32.5,35.6,41.8,39.5,30.1
GreatBasin,12/29/2002,30.7,34.4,38.1,38.3,29.1
GreatBasin,12/30/2002,24.2,28.5,35,36.9,28.3
GreatBasin,12/31/2002,29.9,32.2,37.6,36.2,26.4
GreatBasin,1/1/2003,25.1,30.2,36.1,37.9,27.3
GreatBasin,1/2/2003,26.9,30.7,39.9,40,28.5
GreatBasin,1/3/2003,33.6,36.7,44.1,43.1,31.4
GreatBasin,1/4/2003,33.7,38,45.2,43.8,33.9
GreatBasin,1/5/2003,34.4,38.7,42.2,42.9,32.1
GreatBasin,1/6/2003,28.2,33.3,41.2,42.3,31
GreatBasin,1/7/2003,30.5,35.1,43.6,42.1,29.8
GreatBasin,1/8/2003,30.6,35.4,41.4,40.8,29.5
GreatBasin,1/9/2003,27.5,32.6,37.3,38.9,28.9
GreatBasin,1/10/2003,28.6,31.8,37.9,38.1,28.2
GreatBasin,1/11/2003,28.6,32.5,39,39.3,29.2
GreatBasin,1/12/2003,30.5,34.2,41,41.3,30.9
GreatBasin,1/13/2003,33.6,36.8,43.8,42.5,32.4
GreatBasin,1/14/2003,33,37.2,42.7,42.1,32.2
GreatBasin,1/15/2003,30,35.2,39.7,41.1,30.3
GreatBasin,1/16/2003,27.8,32.7,40.9,40.8,28.9
GreatBasin,1/17/2003,28.9,34.2,41.8,41.6,28.4
GreatBasin,1/18/2003,28.5,33.9,42.2,42.5,29.2
GreatBasin,1/19/2003,30.2,35.2,43.4,42.8,30
GreatBasin,1/20/2003,31.3,36.4,42.9,42.5,30.7
GreatBasin,1/21/2003,30.6,35.2,41.3,41.8,30.4
GreatBasin,1/22/2003,29.2,34.1,41.2,43.2,31.8
GreatBasin,1/23/2003,35.6,38.8,47,44.8,32.9
GreatBasin,1/24/2003,34,39.3,46.1,46.1,35
GreatBasin,1/25/2003,35.5,39.3,45.2,46.6,34.7
GreatBasin,1/26/2003,34.5,39.4,48.4,47.8,36.6
GreatBasin,1/27/2003,39.8,43.4,49.9,48.6,36.2
GreatBasin,1/28/2003,34.4,40.6,47.6,47.7,35.2
GreatBasin,1/29/2003,31.5,37.3,45.7,47.7,34.5
GreatBasin,1/30/2003,37.6,41.2,49.9,50.1,36.6
GreatBasin,1/31/2003,40.8,45.7,54.8,52.4,40.7
GreatBasin,2/1/2003,43.7,47.9,52.5,52.3,38.3
GreatBasin,2/2/2003,30.4,37.5,49.5,46.2,32.5
GreatBasin,2/3/2003,23.5,29.4,36.7,40.5,26.1
GreatBasin,2/4/2003,24.3,29.3,35.4,34.9,22.7
GreatBasin,2/5/2003,20.2,25.7,32.5,32.4,20.4
GreatBasin,2/6/2003,16.6,22.5,29.3,30.7,17.1
GreatBasin,2/7/2003,14.5,20.9,30.3,30.4,15.9
GreatBasin,2/8/2003,16.6,22.8,31.5,32.2,16.7
GreatBasin,2/9/2003,19.1,25,34.9,35.7,20
GreatBasin,2/10/2003,24.3,30,40.7,38.5,23.4
GreatBasin,2/11/2003,26.8,32.4,40,40.7,26.5
GreatBasin,2/12/2003,28.5,33.5,41.5,41.4,30
GreatBasin,2/13/2003,34.6,37,42.6,42.7,32.9
GreatBasin,2/14/2003,35.7,39,44,44.1,34.2
GreatBasin,2/15/2003,32.4,37.6,45.6,45,34.1
GreatBasin,2/16/2003,34.3,38.6,45.4,44.6,32.5
GreatBasin,2/17/2003,30.7,36.4,42.9,43.6,31.7
GreatBasin,2/18/2003,30,35.6,42.4,42.3,29.7
GreatBasin,2/19/2003,28.4,34.1,41.5,42.3,29.3
GreatBasin,2/20/2003,29.4,34.7,42.9,42.9,29.5
GreatBasin,2/21/2003,30.7,36.3,44.2,43.2,30.5
GreatBasin,2/22/2003,31.5,36.1,42.6,41.9,28.7
GreatBasin,2/23/2003,23.8,30.4,39,39.2,25.3
GreatBasin,2/24/2003,20.7,27.8,36.1,36.5,22.6
GreatBasin,2/25/2003,23.3,28.3,34.3,35.7,22.2
GreatBasin,2/26/2003,22.6,28.4,36.7,35.6,23.6
GreatBasin,2/27/2003,24.8,29.7,35.7,36.1,23.4
GreatBasin,2/28/2003,22.7,28.5,36,35.6,23.8
GreatBasin,3/1/2003,24,28.9,35.1,36.4,22.8
GreatBasin,3/2/2003,21.8,28.3,38.2,37.2,24.1
GreatBasin,3/3/2003,26.5,31.7,38.4,37.8,24.3
GreatBasin,3/4/2003,24.5,30.2,36.8,38.3,25.1
GreatBasin,3/5/2003,24.4,30.1,39.8,39.8,26.1
GreatBasin,3/6/2003,29.3,34.6,42.7,42.5,28.3
GreatBasin,3/7/2003,31.1,36.5,45.1,45.1,30.6
GreatBasin,3/8/2003,31.3,37.8,47.4,47.8,32
GreatBasin,3/9/2003,33.6,40.6,51,50.5,34.2
GreatBasin,3/10/2003,37.6,44.1,53,52.8,36.5
GreatBasin,3/11/2003,38.4,45.5,54.3,54.9,38.6
GreatBasin,3/12/2003,39.9,47.1,57.3,57.7,40.2
GreatBasin,3/13/2003,42.2,50,61.5,59.5,42.4
GreatBasin,3/14/2003,45.1,50.7,59.7,58.7,42.9
GreatBasin,3/15/2003,41.3,46.8,54.9,54.6,41
GreatBasin,3/16/2003,36.6,42.2,49.2,49.8,37.2
GreatBasin,3/17/2003,33.7,38.8,45.3,46.1,33.6
GreatBasin,3/18/2003,30.6,36.6,43.8,45.7,31.7
GreatBasin,3/19/2003,30.8,37.3,48,47,31.8
GreatBasin,3/20/2003,33.9,40.4,49.1,49.1,32.8
GreatBasin,3/21/2003,33.7,40.9,50.3,52,35.4
GreatBasin,3/22/2003,38.5,45.4,56.5,54,37.6
GreatBasin,3/23/2003,40.5,47.1,55.2,54.2,38.2
GreatBasin,3/24/2003,35.7,42.9,50.8,53.4,37.4
GreatBasin,3/25/2003,36.1,43.6,54.1,52.7,37.8
GreatBasin,3/26/2003,41.7,47.1,53.1,52.6,36.6
GreatBasin,3/27/2003,32,39.3,50.7,49.2,33.6
GreatBasin,3/28/2003,27,34.7,43.7,47.9,29.5
GreatBasin,3/29/2003,29.5,37.4,49.3,50.7,31.1
GreatBasin,3/30/2003,36.9,45.1,59.1,57.5,36.6
GreatBasin,3/31/2003,43.5,52.3,64.2,62.1,41.9
GreatBasin,4/1/2003,45.4,52.8,63.1,61.5,43
GreatBasin,4/2/2003,40.1,45.9,57.1,54.4,38
GreatBasin,4/3/2003,28.6,35.2,42.9,47.8,32
GreatBasin,4/4/2003,27.4,34.7,43.5,42.9,28.2
GreatBasin,4/5/2003,28.7,35.3,42.2,43.1,28.3
GreatBasin,4/6/2003,28.7,35.6,43.7,44.6,29.2
GreatBasin,4/7/2003,30.2,37.7,48,49.9,30.8
GreatBasin,4/8/2003,33.6,42.9,57.9,56.8,34.9
GreatBasin,4/9/2003,41,50.8,64.5,63.1,39.6
GreatBasin,4/10/2003,44.3,54.6,66.8,65.8,43.5
GreatBasin,4/11/2003,45.2,55.6,66.1,66,45.1
GreatBasin,4/12/2003,45.7,55.2,65,64.6,45
GreatBasin,4/13/2003,44.2,53,62.8,62.5,43.5
GreatBasin,4/14/2003,40.7,49.7,59.6,59.5,40.3
GreatBasin,4/15/2003,36,43.3,56.2,56.4,37
GreatBasin,4/16/2003,34.2,42.4,53.3,54.5,36.4
GreatBasin,4/17/2003,38.9,46.3,54,52.8,36.2
GreatBasin,4/18/2003,35.6,42.3,51.1,52.8,35.9
GreatBasin,4/19/2003,33.1,41.7,53.3,55,35.6
GreatBasin,4/20/2003,38.1,47.9,60.7,58.6,38.2
GreatBasin,4/21/2003,43.4,52.2,61.7,60.4,40.3
GreatBasin,4/22/2003,39.5,48.3,58.8,57.7,40
GreatBasin,4/23/2003,37.2,44.4,52.7,57.2,38.9
GreatBasin,4/24/2003,40.1,48.6,60.1,57.4,39.6
GreatBasin,4/25/2003,41.6,50.4,59.3,59.1,40.4
GreatBasin,4/26/2003,39.6,47.7,57.8,58.6,39.8
GreatBasin,4/27/2003,38.1,47.2,58.7,58.7,39.6
GreatBasin,4/28/2003,41.2,50,59.6,58.5,39.6
GreatBasin,4/29/2003,39.4,48.1,57.2,56.9,39.1
GreatBasin,4/30/2003,36.8,45.3,54,55.9,38
GreatBasin,5/1/2003,37.8,46.4,56.6,57.6,38.5
GreatBasin,5/2/2003,40.9,50.8,62.2,59.9,40.8
GreatBasin,5/3/2003,43.7,51.5,60.9,59,41.2
GreatBasin,5/4/2003,39,46.4,53.8,56.1,39.7
GreatBasin,5/5/2003,36.3,44.9,53.7,55.1,37.6
GreatBasin,5/6/2003,37.6,46.9,57.7,56,37.6
GreatBasin,5/7/2003,38.8,47.8,56.6,55.9,37.9
GreatBasin,5/8/2003,37.4,45.5,53.3,53.5,37.1
GreatBasin,5/9/2003,35,42.7,50.6,53,36
GreatBasin,5/10/2003,35.7,44.2,55.1,55.8,36.8
GreatBasin,5/11/2003,39.6,49.4,61.8,61.4,40.3
GreatBasin,5/12/2003,45.6,55.5,67.4,66.3,44.3
GreatBasin,5/13/2003,47.8,58.2,69.7,70.5,48
GreatBasin,5/14/2003,50.7,62,74.5,72.4,49.2
GreatBasin,5/15/2003,49.2,60.5,73,72.4,49.6
GreatBasin,5/16/2003,48.8,59.7,69.7,70.6,49.1
GreatBasin,5/17/2003,49.3,59.6,69,68.5,47.7
GreatBasin,5/18/2003,45,54.8,66.7,66.3,44.6
GreatBasin,5/19/2003,39.4,50.6,63.2,66.9,42.8
GreatBasin,5/20/2003,43.9,56.2,70.9,69.9,44.8
GreatBasin,5/21/2003,51.1,62.8,75.5,75.8,50.2
GreatBasin,5/22/2003,55.6,67.6,80.9,79.8,55.4
GreatBasin,5/23/2003,59.4,71.2,83,82.6,58.4
GreatBasin,5/24/2003,60.2,72.2,83.8,82.9,59.6
GreatBasin,5/25/2003,59.1,71,81.8,82,59.1
GreatBasin,5/26/2003,58.1,69.5,80.4,82.3,58.9
GreatBasin,5/27/2003,59.6,71.5,84.8,85.4,60.3
GreatBasin,5/28/2003,63.1,76.2,90.9,88.5,63.3
GreatBasin,5/29/2003,67.1,78.9,89.7,89.4,64.9
GreatBasin,5/30/2003,64.5,75.3,87.6,85.9,63.6
GreatBasin,5/31/2003,59.2,70.4,80.3,82.5,60.6
GreatBasin,6/1/2003,58.2,69.6,79.6,80.1,58.5
GreatBasin,6/2/2003,58.1,69.7,80.3,79.8,57.4
GreatBasin,6/3/2003,55.8,68.4,79.6,79.6,56.7
GreatBasin,6/4/2003,56.1,68,78.8,78.5,55.7
GreatBasin,6/5/2003,55.2,66.8,77.2,78.1,55.6
GreatBasin,6/6/2003,55.6,67.5,78.4,78.2,55.7
GreatBasin,6/7/2003,56.3,68,79.1,80.2,56.6
GreatBasin,6/8/2003,57.8,70.3,83.1,81.4,58.1
GreatBasin,6/9/2003,60.3,71.5,82.1,81.7,58.4
GreatBasin,6/10/2003,57.1,68.7,79.9,80.2,57.5
GreatBasin,6/11/2003,55.1,67.2,78.5,78.6,55.7
GreatBasin,6/12/2003,54.8,66.5,77.4,77.9,55.3
GreatBasin,6/13/2003,55.9,67.2,77.7,79.3,55.9
GreatBasin,6/14/2003,57,69.3,82.8,81.9,57.5
GreatBasin,6/15/2003,59.7,72.6,85.2,84.6,59.1
GreatBasin,6/16/2003,60.6,73.6,85.7,85.7,60.7
GreatBasin,6/17/2003,61.9,74.4,86.1,86.1,61.8
GreatBasin,6/18/2003,62.8,75.2,86.4,85.8,62.1
GreatBasin,6/19/2003,61.7,73.3,84.8,83.5,60.7
GreatBasin,6/20/2003,57.5,68.1,79.2,79,56.7
GreatBasin,6/21/2003,50.9,61.9,73,74.4,52.8
GreatBasin,6/22/2003,49.9,61.1,70.9,71.3,50.2
GreatBasin,6/23/2003,49.9,60.5,70,69.6,49
GreatBasin,6/24/2003,47.2,57.1,67.9,70.5,48.7
GreatBasin,6/25/2003,48.9,60.2,73.5,73.7,50.2
GreatBasin,6/26/2003,54.5,66.4,79.7,79.1,54.1
GreatBasin,6/27/2003,58.9,71.5,84.2,83.3,58.5
GreatBasin,6/28/2003,62.2,74.4,85.9,86.4,61.3
GreatBasin,6/29/2003,62.7,75.9,89,87.7,62.9
GreatBasin,6/30/2003,63.9,76.9,88.3,88.1,63
GreatBasin,7/1/2003,62.4,75.5,87,87.1,62.4
GreatBasin,7/2/2003,61,74.1,86.1,86.3,61.5
GreatBasin,7/3/2003,61.2,73.9,85.8,86.5,61.5
GreatBasin,7/4/2003,62.2,75.1,87.6,87.6,62.2
GreatBasin,7/5/2003,63.3,76.5,89.4,88.6,63.1
GreatBasin,7/6/2003,63.7,76.5,88.7,88.8,63.1
GreatBasin,7/7/2003,62.3,75.8,88.2,88.1,63.3
GreatBasin,7/8/2003,63.9,75.3,87.3,88.5,62.9
GreatBasin,7/9/2003,62.4,75.6,89.9,90.6,63.9
GreatBasin,7/10/2003,65.4,79.4,94.6,92.9,65.2
GreatBasin,7/11/2003,67.8,81.5,94.3,94.8,67.1
GreatBasin,7/12/2003,68.2,82.1,95.4,94.7,68.3
GreatBasin,7/13/2003,69,81.8,94.3,93.8,67.9
GreatBasin,7/14/2003,66.5,79.4,91.8,93.8,68.1
GreatBasin,7/15/2003,68.7,81.7,95.3,94.1,68.5
GreatBasin,7/16/2003,70.4,83.2,95.1,95.1,70.1
GreatBasin,7/17/2003,71.3,83.4,94.8,94.7,71.2
GreatBasin,7/18/2003,71.9,83.4,94.1,93.9,71.6
GreatBasin,7/19/2003,71.6,82.7,92.7,93.4,71.5
GreatBasin,7/20/2003,71,82.4,93.4,93.6,71.1
GreatBasin,7/21/2003,70.7,82.8,94.7,94.8,71.3
GreatBasin,7/22/2003,72.1,84.2,96.2,95.2,72.3
GreatBasin,7/23/2003,74.1,84.8,94.7,94.5,73.2
GreatBasin,7/24/2003,73.3,83.1,92.5,91.9,72.2
GreatBasin,7/25/2003,69.3,79,88.6,89.5,69.6
GreatBasin,7/26/2003,66.1,77.1,87.4,88.6,67.5
GreatBasin,7/27/2003,67.2,78.1,89.8,88.9,67.2
GreatBasin,7/28/2003,68.3,79.2,89.4,89.8,68
GreatBasin,7/29/2003,68.6,79.3,90.3,90.2,68.4
GreatBasin,7/30/2003,68.3,79.9,90.9,90.4,68.4
GreatBasin,7/31/2003,68.3,79.5,89.9,89.7,67.9
GreatBasin,8/1/2003,67.1,77.5,88.2,87.3,67.3
GreatBasin,8/2/2003,66.4,75.6,83.7,84.7,65.7
GreatBasin,8/3/2003,63.7,73.2,82.3,83.4,64.1
GreatBasin,8/4/2003,62.2,73,84.2,84.8,63
GreatBasin,8/5/2003,63.2,74.9,87.9,86.8,63.3
GreatBasin,8/6/2003,64.5,76.1,88.2,88.1,64.2
GreatBasin,8/7/2003,64.9,76.4,88.2,88.5,65
GreatBasin,8/8/2003,65.7,77.1,89.2,89.5,65.6
GreatBasin,8/9/2003,66.1,78,91,91.1,66.6
GreatBasin,8/10/2003,68,80.2,93.1,92.3,67.9
GreatBasin,8/11/2003,69.7,81.2,92.9,92.4,69
GreatBasin,8/12/2003,69.2,79.5,91.3,91.6,68.8
GreatBasin,8/13/2003,67.5,78.8,90.7,91.1,68.6
GreatBasin,8/14/2003,69,80.2,91.4,90.7,68.6
GreatBasin,8/15/2003,69.4,80,90.1,89.7,67.5
GreatBasin,8/16/2003,64,74.4,87.6,87.2,64.9
GreatBasin,8/17/2003,61.3,72.3,83.9,85.9,62.9
GreatBasin,8/18/2003,63.4,74.4,86.2,86.1,63.4
GreatBasin,8/19/2003,65.4,76.6,88.2,87.2,64.9
GreatBasin,8/20/2003,65.9,76.3,87.1,86.8,65.7
GreatBasin,8/21/2003,65.9,75.7,85.1,85,65.8
GreatBasin,8/22/2003,65.7,74.6,82.7,83.7,64.7
GreatBasin,8/23/2003,62.4,72.4,83.4,83.8,63.8
GreatBasin,8/24/2003,63.4,74,85.4,85.3,63.5
GreatBasin,8/25/2003,64.8,75.4,87,86.2,65.1
GreatBasin,8/26/2003,67,76.5,86.2,85.7,65.5
GreatBasin,8/27/2003,64.8,73.2,84,84.2,64.3
GreatBasin,8/28/2003,61.2,71.5,82.3,82.3,62.2
GreatBasin,8/29/2003,60.6,70.9,80.5,80.9,60.2
GreatBasin,8/30/2003,58.9,69.5,80,81.3,59.8
GreatBasin,8/31/2003,59.8,71,83.3,82.7,60.3
GreatBasin,9/1/2003,62.3,73.1,84.8,84.1,61.9
GreatBasin,9/2/2003,63.5,74,84.1,84.4,62.9
GreatBasin,9/3/2003,62.8,73.4,84.3,84.5,63.4
GreatBasin,9/4/2003,64,74.4,85.1,84.3,63.7
GreatBasin,9/5/2003,64.4,73.3,83.4,83.2,63.6
GreatBasin,9/6/2003,62.5,71.7,81.1,82,62.3
GreatBasin,9/7/2003,60,70.4,81.4,80.8,60.6
GreatBasin,9/8/2003,59.2,67.8,79.8,77.5,57.1
GreatBasin,9/9/2003,52,60.9,71.3,72.7,53.7
GreatBasin,9/10/2003,49.9,57.8,67,69.8,50.5
GreatBasin,9/11/2003,49.5,59.1,71.1,70.3,51.1
GreatBasin,9/12/2003,54,63,72.8,71.7,51
GreatBasin,9/13/2003,49.4,59.8,71.1,73,50.7
GreatBasin,9/14/2003,48.7,60.2,75.2,75,51.1
GreatBasin,9/15/2003,55.3,65.7,78.7,76.9,53.6
GreatBasin,9/16/2003,56.7,65.8,76.7,75.6,53.3
GreatBasin,9/17/2003,48,56.6,71.4,71.3,48.9
GreatBasin,9/18/2003,42.1,52.6,65.9,70.3,46
GreatBasin,9/19/2003,48,58.5,73.6,71.3,47.5
GreatBasin,9/20/2003,52.3,62.8,74.3,74.6,51.1
GreatBasin,9/21/2003,53.1,63.6,75.9,76.8,53.2
GreatBasin,9/22/2003,54.1,65.4,80.1,79,55
GreatBasin,9/23/2003,57.8,68.5,81,80.1,56
GreatBasin,9/24/2003,56.2,67,79.1,80.2,57
GreatBasin,9/25/2003,56.9,67.4,80.6,80.1,56.9
GreatBasin,9/26/2003,57.6,68.3,80.5,80.7,57.5
GreatBasin,9/27/2003,58,68.6,80.9,80.8,57.8
GreatBasin,9/28/2003,57.8,68.7,81,80.3,57.8
GreatBasin,9/29/2003,57.6,67.8,78.9,79.6,57.1
GreatBasin,9/30/2003,56,66.5,79,79.2,57.1
GreatBasin,10/1/2003,57.8,67.7,79.8,78.4,56.9
GreatBasin,10/2/2003,56.8,66.1,76.3,75.9,55.8
GreatBasin,10/3/2003,52.8,61.9,71.5,73.7,53.8
GreatBasin,10/4/2003,51.8,61.3,73.3,73.2,52.7
GreatBasin,10/5/2003,53.6,63.1,74.8,74.7,53.5
GreatBasin,10/6/2003,55,64.3,76.1,75.1,54.6
GreatBasin,10/7/2003,55.3,64.3,74.5,75.4,54.6
GreatBasin,10/8/2003,53.6,63,75.6,74.9,54.4
GreatBasin,10/9/2003,54.4,63.8,74.5,73.7,51.9
GreatBasin,10/10/2003,47.6,56.8,71,69.7,47.4
GreatBasin,10/11/2003,40.1,50,63.6,67,45.5
GreatBasin,10/12/2003,48.8,56.3,66.5,64.5,44.3
GreatBasin,10/13/2003,44,53,63.4,65.2,45.3
GreatBasin,10/14/2003,43,51.9,65.8,65.1,43.8
GreatBasin,10/15/2003,44.5,54.1,66.2,66.5,44.7
GreatBasin,10/16/2003,46.5,55.9,67.5,69.4,47.4
GreatBasin,10/17/2003,51.1,60.3,74.5,73,50.2
GreatBasin,10/18/2003,53,63.1,77,75.8,53
GreatBasin,10/19/2003,54.9,64.3,75.9,76.4,53.8
GreatBasin,10/20/2003,53.4,63.3,76.3,76.6,54.3
GreatBasin,10/21/2003,54.6,64.5,77.6,77.2,54.3
GreatBasin,10/22/2003,54.8,64.9,77.8,75.7,54.1
GreatBasin,10/23/2003,52.9,62,71.7,70.9,50.3
GreatBasin,10/24/2003,43.1,52.7,63.3,64.6,45.4
GreatBasin,10/25/2003,40.2,49.3,58.9,61.7,41.7
GreatBasin,10/26/2003,41.9,49.8,62.9,62.7,42.6
GreatBasin,10/27/2003,45.8,54,66.4,65.6,45.6
GreatBasin,10/28/2003,49.1,56.5,67.5,66,47.9
GreatBasin,10/29/2003,48.8,55.5,64,61.5,43.7
GreatBasin,10/30/2003,33.3,40.5,53,52.2,35.5
GreatBasin,10/31/2003,24.5,31.8,39.6,44.5,28
GreatBasin,11/1/2003,26.1,32,40.8,40.9,26
GreatBasin,11/2/2003,27.3,33.1,42.4,40.8,27.1
GreatBasin,11/3/2003,28,33.1,39.1,39.3,26.2
GreatBasin,11/4/2003,23.3,29.7,36.4,38.2,24.6
GreatBasin,11/5/2003,22.5,29,39.2,39.2,23.6
GreatBasin,11/6/2003,25.1,31.3,41.9,41.8,24.7
GreatBasin,11/7/2003,26.5,33.4,44.2,44.8,27.4
GreatBasin,11/8/2003,30.7,37.1,48.2,47,31
GreatBasin,11/9/2003,35.7,40.5,48.6,48.2,34.6
GreatBasin,11/10/2003,37.4,41.7,47.8,48,35.8
GreatBasin,11/11/2003,34.2,39.5,47.5,46.8,35.2
GreatBasin,11/12/2003,33.9,38.9,45.2,45.8,33.9
GreatBasin,11/13/2003,33.5,37.6,44.6,44.9,33.5
GreatBasin,11/14/2003,33,37.8,44.9,44.4,32.7
GreatBasin,11/15/2003,31.7,36.8,43.7,43.6,32.5
GreatBasin,11/16/2003,32.8,36.7,42.2,42.5,32.7
GreatBasin,11/17/2003,33.5,36.7,41.7,43.8,33
GreatBasin,11/18/2003,32.6,37.2,47.4,47,34.5
GreatBasin,11/19/2003,37.3,42.1,51.8,48.8,35.7
GreatBasin,11/20/2003,37.1,42.3,47.2,46.6,35
GreatBasin,11/21/2003,30.5,35.2,40.7,40.5,29.1
GreatBasin,11/22/2003,19.8,25.6,33.5,34.6,21.5
GreatBasin,11/23/2003,14.3,19.9,29.5,32.9,18.6
GreatBasin,11/24/2003,21.7,26.1,35.7,33.7,19.9
GreatBasin,11/25/2003,23.6,28.7,36,36,23.9
GreatBasin,11/26/2003,26.3,30,36.4,35.9,24.2
GreatBasin,11/27/2003,22.8,28.1,35.2,37.1,24.7
GreatBasin,11/28/2003,25,29.5,39.8,39.6,27.1
GreatBasin,11/29/2003,33.6,36.7,43.7,42.8,31.6
GreatBasin,11/30/2003,36.3,39.7,45,45.1,35
GreatBasin,12/1/2003,35,39.2,46.6,45.9,35.2
GreatBasin,12/2/2003,34.3,39.5,46.1,46.1,34.5
GreatBasin,12/3/2003,34.1,38.3,45.7,45,33.2
GreatBasin,12/4/2003,31.1,36.6,43.3,44.8,32.9
GreatBasin,12/5/2003,33.5,37.5,45.5,46,34.4
GreatBasin,12/6/2003,38.6,42,49.2,46.6,36.5
GreatBasin,12/7/2003,37.5,41.4,45.2,44.8,35
GreatBasin,12/8/2003,28.9,33.9,40,40,30.1
GreatBasin,12/9/2003,23.9,28.2,34.7,37,26.1
GreatBasin,12/10/2003,25.5,28.9,36.2,35.3,24.9
GreatBasin,12/11/2003,25.3,29.6,34.9,35.5,25.3
GreatBasin,12/12/2003,25.1,28.4,35.3,36.2,26.7
GreatBasin,12/13/2003,29.8,32.2,38.5,37.9,29.1
GreatBasin,12/14/2003,32.3,35.2,39.9,37.6,28
GreatBasin,12/15/2003,21.9,27.2,34.4,35.6,24.4
GreatBasin,12/16/2003,19.1,23.7,32.5,34.7,22
GreatBasin,12/17/2003,25,28.7,37.1,36.4,23.5
GreatBasin,12/18/2003,26.5,30.9,39.7,39.9,27.4
GreatBasin,12/19/2003,30.6,34.4,42.9,42.1,30.3
GreatBasin,12/20/2003,33.9,37.1,43.6,42.4,32.5
GreatBasin,12/21/2003,33.1,36.8,40.8,40.7,31.6
GreatBasin,12/22/2003,27.9,32.8,37.8,38.8,29.1
GreatBasin,12/23/2003,26.2,30.4,37.7,38.3,28.3
GreatBasin,12/24/2003,30.9,33.4,39.4,38.5,30.1
GreatBasin,12/25/2003,33.1,35.1,38.3,37.5,30
GreatBasin,12/26/2003,26.1,30.1,34.9,33.3,25.3
GreatBasin,12/27/2003,16.7,21,26.8,29.1,19.4
GreatBasin,12/28/2003,15.3,19,25.7,27,17.1
GreatBasin,12/29/2003,19.3,22,28.6,28.2,18.6
GreatBasin,12/30/2003,21.3,25.4,30.2,31,21.1
GreatBasin,12/31/2003,22.8,26.4,34.3,33,23.4
GreatBasin,1/1/2004,26,29.2,34.5,33.7,24.1
GreatBasin,1/2/2004,23.6,27.9,32.2,30.8,22.6
GreatBasin,1/3/2004,18.1,21.8,25.6,26.3,17.2
GreatBasin,1/4/2004,10,14.8,21.2,22.1,11.7
GreatBasin,1/5/2004,6.9,12.5,19.5,21.8,9
GreatBasin,1/6/2004,10,14.2,24.8,26.2,12.4
GreatBasin,1/7/2004,20.2,24.9,34.2,32,19
GreatBasin,1/8/2004,26.7,30,37.1,36.8,24.9
GreatBasin,1/9/2004,27.7,31.9,39.1,38.4,27.5
GreatBasin,1/10/2004,28.1,32.5,39.1,38.7,27.3
GreatBasin,1/11/2004,26.2,31,38,38.3,26.6
GreatBasin,1/12/2004,25.6,30.2,37.8,37.9,25.9
GreatBasin,1/13/2004,25.8,30.5,37.8,37.8,25.8
GreatBasin,1/14/2004,26,30.7,37.7,37.1,25.5
GreatBasin,1/15/2004,24.7,29.7,35.7,36,25.1
GreatBasin,1/16/2004,24.5,28.8,34.7,34.4,23.7
GreatBasin,1/17/2004,21.8,26.3,32.9,33.6,22.6
GreatBasin,1/18/2004,21.6,25.9,33.2,33.3,22.3
GreatBasin,1/19/2004,23.5,27.5,33.8,33.1,22.4
GreatBasin,1/20/2004,22,26.3,32.3,32.4,21.8
GreatBasin,1/21/2004,20,24.4,31.2,31.7,20.5
GreatBasin,1/22/2004,19.4,24,31.5,32.3,20.4
GreatBasin,1/23/2004,21.8,25.8,34.3,33.6,22.1
GreatBasin,1/24/2004,25.2,28.8,35,34,22.4
GreatBasin,1/25/2004,20.1,26,32.7,31.8,20.3
GreatBasin,1/26/2004,15.7,19.9,27.7,30.8,18.4
GreatBasin,1/27/2004,19.5,23.2,31.9,31.9,20.1
GreatBasin,1/28/2004,25.1,28.8,36,35.8,24.4
GreatBasin,1/29/2004,28.7,32.1,39.4,38.5,28.5
GreatBasin,1/30/2004,31.7,35.2,40.2,39.1,27.5
GreatBasin,1/31/2004,22.2,28.7,37.6,35.9,23.5
GreatBasin,2/1/2004,16.7,22,29.9,33.7,19.5
GreatBasin,2/2/2004,19.6,24.5,33.6,31.9,20
GreatBasin,2/3/2004,23.8,27.2,32.3,33,22.1
GreatBasin,2/4/2004,22.9,26.9,33.2,32.5,22.7
GreatBasin,2/5/2004,21.4,26.1,31.9,32.3,20.9
GreatBasin,2/6/2004,18.5,23.5,31.8,32.8,21.2
GreatBasin,2/7/2004,23.6,27,34.6,32.8,20.6
GreatBasin,2/8/2004,19.7,25.3,31.9,32.4,20.2
GreatBasin,2/9/2004,17.2,22.8,30.8,31.2,17.8
GreatBasin,2/10/2004,16.5,21.9,30.9,30.2,16.9
GreatBasin,2/11/2004,17.1,22,29,29.2,15.3
GreatBasin,2/12/2004,12.4,18.7,27.8,29,14.7
GreatBasin,2/13/2004,14.5,19.9,30.2,30.7,15.4
GreatBasin,2/14/2004,19.3,24.4,34.1,34.1,18.9
GreatBasin,2/15/2004,22.9,28.2,37.9,37.3,22.7
GreatBasin,2/16/2004,25.9,31.3,40,41.1,27.6
GreatBasin,2/17/2004,34.1,37.6,45.3,43.8,32.8
GreatBasin,2/18/2004,38.4,41.4,46,45.1,34.3
GreatBasin,2/19/2004,30.3,36,44,42.7,31.3
GreatBasin,2/20/2004,25.1,31,38.1,39.6,26.8
GreatBasin,2/21/2004,24.9,29.7,36.7,37.4,25.4
GreatBasin,2/22/2004,26.3,30.7,37.5,37.8,26.7
GreatBasin,2/23/2004,29,32.9,39.1,38.9,28.2
GreatBasin,2/24/2004,29.3,33.6,40.2,40.2,29.4
GreatBasin,2/25/2004,29.8,34.7,41.3,40.6,31.2
GreatBasin,2/26/2004,34.4,36.8,40.2,40.3,31.1
GreatBasin,2/27/2004,29,34,39.4,38.9,30.1
GreatBasin,2/28/2004,26.9,31.3,37.2,37.7,27.1
GreatBasin,2/29/2004,25.3,30.2,36.5,36.9,25.7
GreatBasin,3/1/2004,25,30.1,37,36.7,25.2
GreatBasin,3/2/2004,25.3,30.1,36.5,37.4,24.9
GreatBasin,3/3/2004,24.3,30.2,38.7,37.9,25.4
GreatBasin,3/4/2004,26.7,31.7,38.4,38.7,25.8
GreatBasin,3/5/2004,26.5,31.9,38.9,39.8,28
GreatBasin,3/6/2004,30.8,35.3,42,43.1,29.6
GreatBasin,3/7/2004,31.4,37.5,48.4,47.3,32.7
GreatBasin,3/8/2004,35.8,42.1,51.5,51.4,35
GreatBasin,3/9/2004,37.8,44.4,54.3,53,36.8
GreatBasin,3/10/2004,36.8,44.7,53.2,53.2,36.2
GreatBasin,3/11/2004,34,41.6,52,53,35.8
GreatBasin,3/12/2004,36.7,43.9,53.7,52.9,35.9
GreatBasin,3/13/2004,37.1,44.8,53,54.2,37.3
GreatBasin,3/14/2004,38,45.3,55.8,54.5,37.8
GreatBasin,3/15/2004,38.3,46.1,54.6,55.4,38.5
GreatBasin,3/16/2004,39.2,46.5,55.7,56.1,39.1
GreatBasin,3/17/2004,39.7,47.6,57.9,58.7,40.3
GreatBasin,3/18/2004,42,50.4,62.4,60.7,42.2
GreatBasin,3/19/2004,44.8,52.9,61.8,62.8,43.3
GreatBasin,3/20/2004,43.2,52.2,64.1,64.4,44.5
GreatBasin,3/21/2004,45.6,54.8,67.3,66.4,45.8
GreatBasin,3/22/2004,48.5,57.1,67.7,67.2,47.4
GreatBasin,3/23/2004,48,57,66.6,66.4,47.2
GreatBasin,3/24/2004,45.2,54.4,64.9,64.1,45.3
GreatBasin,3/25/2004,42.6,51.4,60.9,61.5,43
GreatBasin,3/26/2004,41.1,48,58.8,56.8,39.9
GreatBasin,3/27/2004,35.9,42.7,50.8,54.4,37.3
GreatBasin,3/28/2004,34.9,42.8,53.5,55.2,35.9
GreatBasin,3/29/2004,36.9,46.7,61.4,60.8,38.1
GreatBasin,3/30/2004,42.5,52.9,67.4,64.9,41.6
GreatBasin,3/31/2004,45.3,55.2,66,65.7,43.5
GreatBasin,4/1/2004,42.8,51,63.8,61.2,42.1
GreatBasin,4/2/2004,38.2,45.1,53.9,58.5,40.2
GreatBasin,4/3/2004,39.5,47.2,57.8,57.7,39.8
GreatBasin,4/4/2004,41.7,50.6,61.3,60.8,41.6
GreatBasin,4/5/2004,43.6,52.8,63.2,62.3,43.2
GreatBasin,4/6/2004,44.3,53.3,62.5,62.2,43.7
GreatBasin,4/7/2004,43.1,51.3,60.9,60.9,43.6
GreatBasin,4/8/2004,43.4,51.4,59.3,59.4,42.6
GreatBasin,4/9/2004,41.4,50,58,58,41.1
GreatBasin,4/10/2004,38.5,47.4,56.8,57.6,39.1
GreatBasin,4/11/2004,37.3,46.8,58.1,59.9,39.1
GreatBasin,4/12/2004,41.6,51.7,64.9,63.5,41.5
GreatBasin,4/13/2004,45.5,55.9,67.4,65.9,43.3
GreatBasin,4/14/2004,42.8,53,65.3,63.9,43.1
GreatBasin,4/15/2004,41.1,50.1,59,60.9,41.6
GreatBasin,4/16/2004,40.8,49.4,58.5,58.2,41
GreatBasin,4/17/2004,41,49.2,57.1,56.3,39.2
GreatBasin,4/18/2004,35.8,43.7,53.2,54.7,38.4
GreatBasin,4/19/2004,38.3,45.1,53.9,54.2,37.6
GreatBasin,4/20/2004,38.7,46.3,55.5,54.4,38.6
GreatBasin,4/21/2004,38.7,46.1,53.7,54.5,37.9
GreatBasin,4/22/2004,36.3,45.1,54.3,56.3,37.7
GreatBasin,4/23/2004,38.1,47.8,60.8,58.9,38.6
GreatBasin,4/24/2004,41.5,51.5,61.6,62.4,40.8
GreatBasin,4/25/2004,42.9,53,64.7,65.9,43.5
GreatBasin,4/26/2004,46.1,57.3,71.3,70.1,46.5
GreatBasin,4/27/2004,50.6,62.1,74.4,72.9,48.7
GreatBasin,4/28/2004,49.5,58,73,67.8,45.2
GreatBasin,4/29/2004,35.5,45,56,63.6,41
GreatBasin,4/30/2004,38.1,47.8,61.7,62.2,39.3
GreatBasin,5/1/2004,44.4,55.2,68.8,68.4,44.2
GreatBasin,5/2/2004,50,61.2,74.6,73.7,49.6
GreatBasin,5/3/2004,54.3,65.6,77.6,77.5,53.3
GreatBasin,5/4/2004,55.7,67.6,80.2,78.9,55.2
GreatBasin,5/5/2004,55.7,67,78.8,78.1,54.8
GreatBasin,5/6/2004,53,64.4,75.4,76.4,53.9
GreatBasin,5/7/2004,53,64.2,75.1,74.8,53.1
GreatBasin,5/8/2004,53.2,63.8,74,73.8,52.3
GreatBasin,5/9/2004,50.6,61.6,72.2,72.3,51.3
GreatBasin,5/10/2004,50,60.7,70.7,69.9,47.3
GreatBasin,5/11/2004,41.3,50.5,66.7,64.6,42.9
GreatBasin,5/12/2004,37.3,46.8,56.4,61.1,39.3
GreatBasin,5/13/2004,39.2,48.7,60.2,61.5,39.9
GreatBasin,5/14/2004,43.3,54.5,68,66.4,43.4
GreatBasin,5/15/2004,47.6,59.1,71.1,69.6,46.7
GreatBasin,5/16/2004,49.1,59.3,69.7,70.6,48.6
GreatBasin,5/17/2004,49.1,59.4,71.1,70.3,49.7
GreatBasin,5/18/2004,50.9,60.2,70,69.8,49.2
GreatBasin,5/19/2004,47.7,57.8,68.3,69,48.9
GreatBasin,5/20/2004,48.2,58.9,68.7,68.1,47.8
GreatBasin,5/21/2004,47.6,57.6,67.3,66.3,47.3
GreatBasin,5/22/2004,46.1,54.8,63,64.2,46.1
GreatBasin,5/23/2004,44.7,53.8,62.2,62.7,44.3
GreatBasin,5/24/2004,42.1,52.7,63,63.6,43.6
GreatBasin,5/25/2004,43.9,54.7,65.5,65,44.1
GreatBasin,5/26/2004,46.3,56.5,66.6,68.2,47.1
GreatBasin,5/27/2004,51.1,61,72.6,70.2,50.1
GreatBasin,5/28/2004,52.9,61.1,71.5,69.2,49.5
GreatBasin,5/29/2004,44.5,53.8,63.4,67.1,46.7
GreatBasin,5/30/2004,42.8,53.9,66.5,67.7,45.5
GreatBasin,5/31/2004,49.3,60.3,73.3,72.3,48.4
GreatBasin,6/1/2004,53.2,64.9,77.2,77.3,52.7
GreatBasin,6/2/2004,55.5,68,81.4,81.6,56
GreatBasin,6/3/2004,59.4,72.4,86.1,84.4,58.9
GreatBasin,6/4/2004,61.7,74.3,85.6,85.7,61
GreatBasin,6/5/2004,61.8,74.2,85.5,85.1,61.5
GreatBasin,6/6/2004,60.9,72.2,84.2,83.3,59.6
GreatBasin,6/7/2004,56,68.2,80.3,80.4,56.5
GreatBasin,6/8/2004,52.5,64.6,76.8,76.9,53.2
GreatBasin,6/9/2004,51.2,62.6,73.7,73,50.3
GreatBasin,6/10/2004,47.1,56.5,68.6,70.7,48.5
GreatBasin,6/11/2004,47.2,57.6,69.7,70.7,48.3
GreatBasin,6/12/2004,50.5,61.5,73.7,74.1,51.2
GreatBasin,6/13/2004,55.9,66.6,78.9,77.4,54.6
GreatBasin,6/14/2004,57.3,68.9,79.7,79.1,56.4
GreatBasin,6/15/2004,56.1,68.1,78.6,78.4,55.9
GreatBasin,6/16/2004,54.4,66.3,77,77.3,55.1
GreatBasin,6/17/2004,54.9,65.9,76.2,76.5,54.5
GreatBasin,6/18/2004,54.1,65.6,76.3,76.9,54.8
GreatBasin,6/19/2004,55.5,67.2,78.3,77.8,55.4
GreatBasin,6/20/2004,56.7,68.2,78.7,78.4,56.1
GreatBasin,6/21/2004,56,67.3,78.1,79.2,56.6
GreatBasin,6/22/2004,57.1,69.2,80.8,81.2,57.4
GreatBasin,6/23/2004,59.1,71.7,84.7,82.9,59.5
GreatBasin,6/24/2004,62.2,73.4,83.3,83.5,61
GreatBasin,6/25/2004,61.6,72.8,82.5,82.4,61.4
GreatBasin,6/26/2004,60.3,71.6,81.4,81.7,60.4
GreatBasin,6/27/2004,59.4,70.6,81.2,81.2,59.9
GreatBasin,6/28/2004,59.9,71.1,81.1,80.6,59.5
GreatBasin,6/29/2004,59.2,70,79.6,80.2,59.3
GreatBasin,6/30/2004,58.7,69.7,79.9,80.2,59.1
GreatBasin,7/1/2004,59.3,70.4,81.2,80.8,59.1
GreatBasin,7/2/2004,59.4,70.9,81.3,81.5,59.5
GreatBasin,7/3/2004,59.7,71.3,82,81.3,59.7
GreatBasin,7/4/2004,59.9,70.8,80.7,81.6,59.7
GreatBasin,7/5/2004,59.5,70.9,82,83,60.2
GreatBasin,7/6/2004,61.3,73.5,86.3,84.7,61.4
GreatBasin,7/7/2004,63.4,75.4,85.7,85.2,60.9
GreatBasin,7/8/2004,58,70.8,83.7,84.6,60.6
GreatBasin,7/9/2004,60.3,72.4,84.3,84.9,59.9
GreatBasin,7/10/2004,61.5,73.8,86.6,85.9,61.5
GreatBasin,7/11/2004,62.7,75.3,86.8,87.8,62.6
GreatBasin,7/12/2004,63.5,76.4,90.1,89.2,64.5
GreatBasin,7/13/2004,67.4,79.3,90.8,90.2,66.1
GreatBasin,7/14/2004,67.3,79.3,89.7,89.3,67.4
GreatBasin,7/15/2004,67.6,77.7,87.5,88.4,67.4
GreatBasin,7/16/2004,67.3,77.7,88.1,87.8,67.9
GreatBasin,7/17/2004,68.8,78.9,87.9,87.5,68
GreatBasin,7/18/2004,67.9,77.9,86.6,87.5,67.7
GreatBasin,7/19/2004,66.5,77.3,88.1,87.2,66.6
GreatBasin,7/20/2004,65.5,76.5,87,87.7,65.6
GreatBasin,7/21/2004,64.9,76.4,87.9,87.6,65.1
GreatBasin,7/22/2004,65,76.8,87.8,87.5,64.5
GreatBasin,7/23/2004,63.7,75.6,86.7,87.3,63.7
GreatBasin,7/24/2004,62.5,74.9,87.4,87.9,63.8
GreatBasin,7/25/2004,65.3,77.2,89.5,88.4,64.9
GreatBasin,7/26/2004,67,77.7,88.3,87.9,65.2
GreatBasin,7/27/2004,63.4,74.7,85.8,86.4,63.9
GreatBasin,7/28/2004,61.4,73.1,85,86.4,62.8
GreatBasin,7/29/2004,63.6,75.6,88.3,87.2,62.9
GreatBasin,7/30/2004,63.7,76.2,88.4,88.9,64.1
GreatBasin,7/31/2004,65,77.3,90.1,89.2,65.1
GreatBasin,8/1/2004,66.6,78.2,89.1,88.8,65.6
GreatBasin,8/2/2004,65.3,75.9,87.3,87,64.6
GreatBasin,8/3/2004,61.9,73.4,84.7,86.7,63.3
GreatBasin,8/4/2004,62.8,74.7,88,86.5,63
GreatBasin,8/5/2004,64.3,75.3,86.9,87,63.2
GreatBasin,8/6/2004,62.5,74,86,85.9,62.4
GreatBasin,8/7/2004,60.3,72.2,84.8,85.6,61.2
GreatBasin,8/8/2004,60.9,72.7,86.1,86.6,61.4
GreatBasin,8/9/2004,63,75.5,88.9,88.3,62.9
GreatBasin,8/10/2004,64.9,77.2,89.9,89.8,64.3
GreatBasin,8/11/2004,65,77.7,90.5,90.1,65.1
GreatBasin,8/12/2004,65.5,77.9,89.9,89.5,65.6
GreatBasin,8/13/2004,66.2,77.4,88.2,88,65.5
GreatBasin,8/14/2004,64.9,75.3,86,85.9,65
GreatBasin,8/15/2004,64,73.9,83.6,83.7,64.1
GreatBasin,8/16/2004,63.4,72.9,81.5,81.7,63.3
GreatBasin,8/17/2004,62.6,71.6,80,80,62.4
GreatBasin,8/18/2004,61.3,70.2,78.4,79.6,61.3
GreatBasin,8/19/2004,60,70,80.3,80.1,60.8
GreatBasin,8/20/2004,61,71.1,81.7,81.7,60.8
GreatBasin,8/21/2004,61.5,72.1,83.2,82.2,61.1
GreatBasin,8/22/2004,60.9,71.3,81.7,80.6,59.6
GreatBasin,8/23/2004,56.3,65.1,76.9,77.5,56.9
GreatBasin,8/24/2004,53.5,63.2,74,75.6,55.4
GreatBasin,8/25/2004,56.4,65.5,75.9,74.7,54.8
GreatBasin,8/26/2004,54.5,63.8,74.3,74.2,53.9
GreatBasin,8/27/2004,50.8,61.2,72.5,74.9,52.9
GreatBasin,8/28/2004,53.3,64.5,77.8,77.2,53.9
GreatBasin,8/29/2004,57.7,68.7,81.2,81.2,57
GreatBasin,8/30/2004,60.1,71.6,84.7,84.5,60
GreatBasin,8/31/2004,62.1,74.1,87.7,86.8,62.2
GreatBasin,9/1/2004,64.3,75.9,88,87.1,62.4
GreatBasin,9/2/2004,60.8,71.2,85.7,83,58.5
GreatBasin,9/3/2004,50.4,60.5,75.2,76.2,52.7
GreatBasin,9/4/2004,46.9,56.6,67.7,72.1,49
GreatBasin,9/5/2004,49.8,60.4,73.4,72.8,49.9
GreatBasin,9/6/2004,53.1,64.1,77.2,77.2,52.9
GreatBasin,9/7/2004,55.9,67.3,80.9,80.4,56
GreatBasin,9/8/2004,58.9,70.2,83.1,81.9,58.5
GreatBasin,9/9/2004,60.7,71.1,81.8,82.2,59.6
GreatBasin,9/10/2004,59.3,69.7,81.6,82.2,60.4
GreatBasin,9/11/2004,61.2,71.5,83.2,81.9,60.9
GreatBasin,9/12/2004,62.3,71.3,80.9,80.3,59.2
GreatBasin,9/13/2004,54.1,64.6,76.9,76.4,55.7
GreatBasin,9/14/2004,50.6,60.2,71.4,73.4,51
GreatBasin,9/15/2004,48.2,58.9,71.8,73.1,50.7
GreatBasin,9/16/2004,53.3,63.3,76,75.9,52.5
GreatBasin,9/17/2004,55.9,66.4,80,78,55.3
GreatBasin,9/18/2004,56.6,65.9,78.1,76.1,54.4
GreatBasin,9/19/2004,50.7,57.2,70.3,68.8,49.6
GreatBasin,9/20/2004,41.6,48.5,57.9,62.2,43.8
GreatBasin,9/21/2004,39,47.6,58.4,59.6,40.6
GreatBasin,9/22/2004,41.1,50.3,62.4,63.6,42.4
GreatBasin,9/23/2004,47.1,56.4,70,68.8,46.4
GreatBasin,9/24/2004,51.1,61,73.9,73.4,50.5
GreatBasin,9/25/2004,53.3,63.5,76.3,75.6,53
GreatBasin,9/26/2004,54.6,64.8,76.7,76.6,54.2
GreatBasin,9/27/2004,54.8,65,76.8,76.4,54.6
GreatBasin,9/28/2004,54.5,64.6,75.8,74.8,53.8
GreatBasin,9/29/2004,52.2,60.7,71.7,71.2,51.6
GreatBasin,9/30/2004,48.2,56.8,66,68.1,49
GreatBasin,10/1/2004,46.7,55.7,66.7,67.8,48
GreatBasin,10/2/2004,49.2,58.4,70.7,69.5,48.8
GreatBasin,10/3/2004,50.4,59.9,71.1,71.2,50.1
GreatBasin,10/4/2004,50.6,60.2,71.8,71.1,50.5
GreatBasin,10/5/2004,50.6,60,70.5,71.1,50.5
GreatBasin,10/6/2004,50.4,59.6,70.9,70.9,50.7
GreatBasin,10/7/2004,51,60.1,71.4,72.6,51.1
GreatBasin,10/8/2004,51.8,61.7,75.4,73,52.2
GreatBasin,10/9/2004,53.9,62.5,72.3,71.7,50.6
GreatBasin,10/10/2004,46.1,55.2,67.4,67.8,47.9
GreatBasin,10/11/2004,43.7,52.6,63.6,65.8,45.4
GreatBasin,10/12/2004,46.5,55,66.5,65.3,45.7
GreatBasin,10/13/2004,46.9,55.9,65.8,66.9,47
GreatBasin,10/14/2004,47.6,56.1,68.5,67.6,47.8
GreatBasin,10/15/2004,49,57.9,68.4,68.4,48.7
GreatBasin,10/16/2004,49.4,57.8,68.4,67.1,48.5
GreatBasin,10/17/2004,47.1,53.7,64.5,62.4,45.5
GreatBasin,10/18/2004,39.9,46.1,54.3,57.1,42.2
GreatBasin,10/19/2004,39.5,44.6,52.5,52.5,40.6
GreatBasin,10/20/2004,42.5,46.1,50.8,50.5,40.8
GreatBasin,10/21/2004,40.4,44.3,48.2,49.1,39.8
GreatBasin,10/22/2004,36.4,41.7,48.4,48.6,38.4
GreatBasin,10/23/2004,38.5,42.8,49.1,48.4,37.4
GreatBasin,10/24/2004,37.2,42.1,47.7,48.5,37.3
GreatBasin,10/25/2004,36.2,41.2,48.7,49.2,36.8
GreatBasin,10/26/2004,37.1,42.5,51.2,49.8,37.8
GreatBasin,10/27/2004,40.2,44.2,49.5,48.8,38.4
GreatBasin,10/28/2004,37.8,41.7,45.8,46.4,37
GreatBasin,10/29/2004,32.9,37.7,43.9,45.5,34.8
GreatBasin,10/30/2004,33.6,38.8,46.8,44.8,33
GreatBasin,10/31/2004,32.6,37.9,43.8,43.3,30.8
GreatBasin,11/1/2004,26.2,32.2,39.3,42.7,29.3
GreatBasin,11/2/2004,29.1,34.2,45.1,43.5,29.9
GreatBasin,11/3/2004,34.3,39.1,46.1,46.5,32.2
GreatBasin,11/4/2004,33.1,39,48.3,49.1,34.7
GreatBasin,11/5/2004,36.8,42.4,52.9,52.1,36.6
GreatBasin,11/6/2004,40,45.5,55,53.9,39.2
GreatBasin,11/7/2004,40.9,46.2,53.7,53.9,41
GreatBasin,11/8/2004,42,46.3,53.1,52.2,41
GreatBasin,11/9/2004,40,44.4,49.9,50.6,40.1
GreatBasin,11/10/2004,38.2,42.8,48.8,49,38.6
GreatBasin,11/11/2004,37.5,42.1,48.4,48.1,37.2
GreatBasin,11/12/2004,35.9,40.6,47,47.4,36.1
GreatBasin,11/13/2004,34.8,39.8,46.9,47,35
GreatBasin,11/14/2004,34.2,39.4,47.1,47.3,34.4
GreatBasin,11/15/2004,34.1,39.5,48,48.1,35.1
GreatBasin,11/16/2004,37,41.6,49.1,48.9,36
GreatBasin,11/17/2004,37,42.2,49.5,49.2,36.6
GreatBasin,11/18/2004,35.9,41.5,49,47.5,35.6
GreatBasin,11/19/2004,34,39.1,43.9,43.9,32.9
GreatBasin,11/20/2004,28.8,33.6,38.9,39.7,29.3
GreatBasin,11/21/2004,25,29.5,36.3,38.2,27.6
GreatBasin,11/22/2004,28.9,32.2,39.5,38.7,27.6
GreatBasin,11/23/2004,28.9,33.6,40.4,40.4,29.3
GreatBasin,11/24/2004,30.1,34.1,41.3,42.2,31.4
GreatBasin,11/25/2004,35.3,38.5,44.9,42.4,32.2
GreatBasin,11/26/2004,31.2,36.3,41,41.1,31.7
GreatBasin,11/27/2004,28.7,32.2,37.5,37.3,27.5
GreatBasin,11/28/2004,22.6,27.5,33.4,32.8,22.2
GreatBasin,11/29/2004,15.4,20.8,27.5,29.6,17.9
GreatBasin,11/30/2004,15.6,19.9,28,28.5,16.6
GreatBasin,12/1/2004,18.8,22.6,30,29.4,17.7
GreatBasin,12/2/2004,18.6,22.9,30.2,30.6,19.1
GreatBasin,12/3/2004,19.9,24,31.7,32.1,20.1
GreatBasin,12/4/2004,21.9,26.1,34.4,33,21.3
GreatBasin,12/5/2004,22.2,26.9,33,33.6,22.4
GreatBasin,12/6/2004,23,26.6,33.4,33.8,23.9
GreatBasin,12/7/2004,26.6,29.4,35.1,35.5,26.6
GreatBasin,12/8/2004,30.2,32.5,37.9,37.9,30.1
GreatBasin,12/9/2004,33.5,36,40.8,41.6,33.3
GreatBasin,12/10/2004,36.2,39.2,46,44.6,35.7
GreatBasin,12/11/2004,37.5,41.1,47.1,46.1,36.5
GreatBasin,12/12/2004,35.9,40.3,45.2,45.5,35.6
GreatBasin,12/13/2004,33.5,38.2,44.2,44.7,34.4
GreatBasin,12/14/2004,33.9,38,44.6,43.3,33.3
GreatBasin,12/15/2004,32.5,36.7,41.2,41.5,31.5
GreatBasin,12/16/2004,28.1,32.7,38.7,39.4,29.3
GreatBasin,12/17/2004,27.3,31.5,38.4,39,27.8
GreatBasin,12/18/2004,28,32.4,40,40,28.3
GreatBasin,12/19/2004,29.6,33.9,41.6,40.4,29.6
GreatBasin,12/20/2004,31.2,35,39.7,38.6,28.4
GreatBasin,12/21/2004,24.3,29.5,34.4,34.6,25.2
GreatBasin,12/22/2004,20.2,25.2,29.8,29.9,19.8
GreatBasin,12/23/2004,15,20.5,25.5,28.8,17.8
GreatBasin,12/24/2004,18.1,21.5,31.1,31,18.7
GreatBasin,12/25/2004,23,27.2,36.3,35.2,22.8
GreatBasin,12/26/2004,27.2,30.9,38.3,38.2,26.8
GreatBasin,12/27/2004,30.1,33.3,40,39.3,29.1
GreatBasin,12/28/2004,30.1,33.8,39.5,39.9,31.1
GreatBasin,12/29/2004,33,34.9,40.1,38.7,30.7
GreatBasin,12/30/2004,29,32.7,36.5,37.3,30
GreatBasin,12/31/2004,28.1,30.8,35.2,34.8,27
GreatBasin,1/1/2005,23.9,28,32.8,33.8,25
GreatBasin,1/2/2005,23.1,26.8,33.4,33.1,23.9
GreatBasin,1/3/2005,24.7,27.5,33,32,23.8
GreatBasin,1/4/2005,23.6,26.7,29.7,30,22.1
GreatBasin,1/5/2005,18,22.2,27.2,28.2,20.1
GreatBasin,1/6/2005,18.8,21.9,27.6,26.8,17.7
GreatBasin,1/7/2005,16.2,19.9,25.7,29.2,19.4
GreatBasin,1/8/2005,23.1,27.6,34.3,32.2,23
GreatBasin,1/9/2005,29.8,32,36.7,36.3,28.4
GreatBasin,1/10/2005,32.4,34.3,37.9,36.8,31.3
GreatBasin,1/11/2005,31.8,33.5,35.9,34.9,28
GreatBasin,1/12/2005,19.8,25,30.9,31.8,23
GreatBasin,1/13/2005,17.4,21.8,28.5,29.9,18.2
GreatBasin,1/14/2005,17.5,22.3,30.4,31,18.5
GreatBasin,1/15/2005,20.7,24.7,34,34,21.4
GreatBasin,1/16/2005,25.9,29.5,37.7,37.1,25.2
GreatBasin,1/17/2005,28.9,33.1,39.7,39.8,28.9
GreatBasin,1/18/2005,31.9,34.8,42.1,42.1,31.6
GreatBasin,1/19/2005,33.9,37.7,44.6,43.9,33.5
GreatBasin,1/20/2005,34.8,38.6,45,43.9,33.7
GreatBasin,1/21/2005,32.5,37.5,42.1,42.9,32.2
GreatBasin,1/22/2005,29.4,34.3,41.5,42.1,31.2
GreatBasin,1/23/2005,31.6,35.8,42.7,42.1,31
GreatBasin,1/24/2005,31.9,36.1,42,41.8,31.5
GreatBasin,1/25/2005,30.9,34.9,40.6,40.7,31.7
GreatBasin,1/26/2005,32.2,34.9,39.6,40.1,31.9
GreatBasin,1/27/2005,32.7,35.8,40.2,40.1,32.2
GreatBasin,1/28/2005,31.8,35.6,40.6,39.6,31.5
GreatBasin,1/29/2005,29.9,33.7,37.9,38.6,29.9
GreatBasin,1/30/2005,28.1,31.8,37.2,37.6,28
GreatBasin,1/31/2005,26.1,30.7,37.7,37.4,27.1
GreatBasin,2/1/2005,27.2,31.1,37.2,37.6,26.3
GreatBasin,2/2/2005,25.5,30.1,37.9,38.5,26.7
GreatBasin,2/3/2005,27.3,32.1,40.5,40.1,27.4
GreatBasin,2/4/2005,29.3,34.1,41.8,40.5,28.8
GreatBasin,2/5/2005,29.9,34.2,39.3,39.3,28.1
GreatBasin,2/6/2005,25.1,30.5,36.7,37.1,26.9
GreatBasin,2/7/2005,25.8,29.8,35.3,35.4,24.6
GreatBasin,2/8/2005,22.9,27.7,34.1,35.3,23.5
GreatBasin,2/9/2005,21.9,27.3,36.5,36.6,23.2
GreatBasin,2/10/2005,24.7,30,39.1,38.3,25
GreatBasin,2/11/2005,28.4,32.4,39.2,39.7,28.9
GreatBasin,2/12/2005,33.6,35.8,40.9,40.9,31.5
GreatBasin,2/13/2005,32.4,36.5,42.6,41.4,32.8
GreatBasin,2/14/2005,32.5,36.5,40.8,40.7,30.5
GreatBasin,2/15/2005,26.6,32.1,38.8,38.8,27.8
GreatBasin,2/16/2005,24.3,29.3,36.8,38.3,25.1
GreatBasin,2/17/2005,24.3,30.3,39.2,38.1,25.3
GreatBasin,2/18/2005,27.2,31.9,38.2,39.2,27.9
GreatBasin,2/19/2005,32.1,34.6,40.3,39.8,30.4
GreatBasin,2/20/2005,31.9,35.1,40.8,40.7,31.7
GreatBasin,2/21/2005,31.2,35.3,41,41,31.2
GreatBasin,2/22/2005,30.5,34.8,41.3,41.1,30.6
GreatBasin,2/23/2005,30,34.8,41.1,41.8,29.7
GreatBasin,2/24/2005,28.7,34.7,43,42.4,29.4
GreatBasin,2/25/2005,29.6,35.6,43.2,43,29.3
GreatBasin,2/26/2005,29.5,35.6,42.9,43.3,29.6
GreatBasin,2/27/2005,29.8,35.9,43.8,43.9,29.8
GreatBasin,2/28/2005,30.1,36.5,44.9,44.6,30.5
GreatBasin,3/1/2005,31.7,37.5,45,45.5,31.4
GreatBasin,3/2/2005,32.3,38.1,46.6,45.9,32.1
GreatBasin,3/3/2005,32.3,38.6,46.1,46.6,32.4
GreatBasin,3/4/2005,32.5,39,47,47,32.9
GreatBasin,3/5/2005,33.8,39.7,48,48.3,33.5
GreatBasin,3/6/2005,34.3,40.9,49.9,50.3,34.5
GreatBasin,3/7/2005,35.3,42.5,53,53,36.2
GreatBasin,3/8/2005,39.1,46.1,56,56.2,38.5
GreatBasin,3/9/2005,41.2,48.5,59.5,58,40.5
GreatBasin,3/10/2005,41.1,49.4,58.4,58.9,40.7
GreatBasin,3/11/2005,39.8,47.8,58.9,58.4,40.7
GreatBasin,3/12/2005,41.3,49.1,57.8,57.2,38.5
GreatBasin,3/13/2005,34.5,42.6,54.8,52.9,35
GreatBasin,3/14/2005,29.2,36.4,46.2,48.8,30.6
GreatBasin,3/15/2005,28,35.1,45.5,47.5,29.9
GreatBasin,3/16/2005,32.6,39.7,50.7,48.3,31.6
GreatBasin,3/17/2005,34.3,40.8,48.8,49,32.7
GreatBasin,3/18/2005,31.1,38.3,47.6,48,33.3
GreatBasin,3/19/2005,34.4,39.7,47.5,47.1,33.3
GreatBasin,3/20/2005,34.5,39.9,46.2,46.8,34.2
GreatBasin,3/21/2005,33.7,39.1,46.8,47.2,34.1
GreatBasin,3/22/2005,34.1,40.3,48.6,47.1,34.3
GreatBasin,3/23/2005,35,39.7,45.9,45.4,33.1
GreatBasin,3/24/2005,30.1,35.6,41.7,43,31.1
GreatBasin,3/25/2005,28.3,34.4,41.5,42.5,28.6
GreatBasin,3/26/2005,27.4,34.6,44.2,45.7,30
GreatBasin,3/27/2005,34.2,40.2,51.5,48.7,34.1
GreatBasin,3/28/2005,40.6,44.7,50.5,49.1,35.3
GreatBasin,3/29/2005,31,37.7,45.3,46.2,33.5
GreatBasin,3/30/2005,29,35.7,42.8,44.1,28.9
GreatBasin,3/31/2005,26.7,34.2,44.3,46.6,29.1
GreatBasin,4/1/2005,31.7,39.3,52.6,51.4,32.1
GreatBasin,4/2/2005,37.8,46.2,57.3,55.8,36.9
GreatBasin,4/3/2005,41.3,48.8,57.4,56.7,38.9
GreatBasin,4/4/2005,37.7,44.3,55.4,54.7,37
GreatBasin,4/5/2005,32.1,39.9,51.3,55.9,35.7
GreatBasin,4/6/2005,37.4,46.4,61,58.8,37.9
GreatBasin,4/7/2005,44.2,53.1,64,62.1,40
GreatBasin,4/8/2005,38.5,46.9,61.4,58.1,38.7
GreatBasin,4/9/2005,33.5,40.6,48.9,53.3,34.9
GreatBasin,4/10/2005,32.8,40.1,49.7,51,33.8
GreatBasin,4/11/2005,35.1,43.4,54.5,54.9,35.6
GreatBasin,4/12/2005,38.8,48.1,60.6,59,38.5
GreatBasin,4/13/2005,41.5,51.1,62,60.7,38.5
GreatBasin,4/14/2005,35.3,45,59.6,59.7,37.3
GreatBasin,4/15/2005,35.2,44.7,57.6,61.2,37.1
GreatBasin,4/16/2005,40.7,51.5,66.3,63.5,41
GreatBasin,4/17/2005,47.1,56.6,66.6,66,43.2
GreatBasin,4/18/2005,41.8,51.4,65,61.6,41.6
GreatBasin,4/19/2005,35.8,43.5,53.3,55.9,37.6
GreatBasin,4/20/2005,35.3,41.9,49.5,52.8,36
GreatBasin,4/21/2005,36.8,44.6,55.6,56.1,37.4
GreatBasin,4/22/2005,40,49.7,63.2,60.3,40.1
GreatBasin,4/23/2005,43.5,52.7,62.1,61.4,42.3
GreatBasin,4/24/2005,43.3,50.6,58.8,60,42.7
GreatBasin,4/25/2005,41.2,48.8,59.1,60.1,42.3
GreatBasin,4/26/2005,42.5,51.6,62.4,61.1,42.5
GreatBasin,4/27/2005,43.8,52.5,61.7,60.1,42.1
GreatBasin,4/28/2005,40,46.6,56.3,57.2,39.7
GreatBasin,4/29/2005,35.4,43.4,53.5,55.5,38.2
GreatBasin,4/30/2005,39.3,47,56.7,56.2,38.3
GreatBasin,5/1/2005,40.1,48.9,58.3,58.8,40.1
GreatBasin,5/2/2005,40.9,50.6,61.3,60.9,41.6
GreatBasin,5/3/2005,43.7,52.9,63.1,63.5,43.8
GreatBasin,5/4/2005,46.9,56.2,66.2,65.3,46.6
GreatBasin,5/5/2005,49.2,58,66.7,65.4,47.4
GreatBasin,5/6/2005,46,53.6,63.3,62.8,46
GreatBasin,5/7/2005,42.7,49.7,58.4,61.5,44.2
GreatBasin,5/8/2005,43.9,52.6,62.8,61,44.2
GreatBasin,5/9/2005,45.9,53.9,61.9,61.3,43.5
GreatBasin,5/10/2005,40.6,48,59.1,58,41.6
GreatBasin,5/11/2005,38.2,45.3,53,56.7,39.6
GreatBasin,5/12/2005,40,48,58.1,58.9,41
GreatBasin,5/13/2005,44.7,53.9,65.7,64.3,44.5
GreatBasin,5/14/2005,48.9,58.4,69,68.8,48.2
GreatBasin,5/15/2005,51.1,61.3,71.6,70.3,51.3
GreatBasin,5/16/2005,53.8,61.5,70.2,68.3,49.2
GreatBasin,5/17/2005,42.6,51.1,63.2,67.1,47.8
GreatBasin,5/18/2005,47,55.6,68,68.4,47.8
GreatBasin,5/19/2005,53.8,62.7,74.1,73.2,52
GreatBasin,5/20/2005,55.1,65.8,77.5,75.9,53.5
GreatBasin,5/21/2005,51.6,63.4,76,77.5,53.8
GreatBasin,5/22/2005,54.7,66.1,78.9,77.4,53.9
GreatBasin,5/23/2005,55.4,66.4,77.4,77.2,54.5
GreatBasin,5/24/2005,53.5,64.6,75.2,75.3,53.3
GreatBasin,5/25/2005,51.1,62.5,73.3,74.9,52.4
GreatBasin,5/26/2005,52.7,64.2,76.2,75.9,52.6
GreatBasin,5/27/2005,54.1,66.2,78.2,77.3,54.1
GreatBasin,5/28/2005,55.5,66.9,77.5,77.2,54.6
GreatBasin,5/29/2005,54.1,64.9,75.8,75,53.1
GreatBasin,5/30/2005,49.6,59.5,71.6,73.3,51.4
GreatBasin,5/31/2005,50.6,61.4,72.5,72,51.3
GreatBasin,6/1/2005,53.8,61.8,71.8,70.5,50.8
GreatBasin,6/2/2005,48.1,58.1,67.1,68.3,49.7
GreatBasin,6/3/2005,47.2,56.9,66,68.1,48.1
GreatBasin,6/4/2005,48.9,59.5,71.1,70,49.2
GreatBasin,6/5/2005,51.4,62.5,73,71.8,49.4
GreatBasin,6/6/2005,48,58.2,71.3,69,47.6
GreatBasin,6/7/2005,43.4,52.5,62.8,65.9,45.3
GreatBasin,6/8/2005,44.4,53.7,63.5,63.8,44.5
GreatBasin,6/9/2005,45.7,55.5,65.1,65.8,45.8
GreatBasin,6/10/2005,47.4,58,68.8,67.4,47.8
GreatBasin,6/11/2005,50.4,59.8,68.2,68.4,48.8
GreatBasin,6/12/2005,48.5,58.1,68.2,69.7,49.4
GreatBasin,6/13/2005,49.3,60.3,72.6,74.1,50.7
GreatBasin,6/14/2005,54.2,66.5,81.5,78.4,53.9
GreatBasin,6/15/2005,58.3,70.2,81.1,81.1,57
GreatBasin,6/16/2005,58.4,70.1,80.7,80.2,57.5
GreatBasin,6/17/2005,55.8,66.3,78.9,77.4,54.9
GreatBasin,6/18/2005,50.6,61.6,72.6,77.3,53
GreatBasin,6/19/2005,52.5,65.1,80.4,79.9,54.1
GreatBasin,6/20/2005,59.3,71.9,86.7,85.3,58.9
GreatBasin,6/21/2005,64.8,77.1,88.9,87,63.4
GreatBasin,6/22/2005,66.2,75.2,85.5,85.6,63.6
GreatBasin,6/23/2005,59.7,71,82.3,83.6,61.9
GreatBasin,6/24/2005,59.9,71.6,83.1,82.2,60.2
GreatBasin,6/25/2005,61,71.6,81.2,80.5,59.3
GreatBasin,6/26/2005,57,67.3,77.1,79.3,58.2
GreatBasin,6/27/2005,56.6,68,79.6,78.5,57.6
GreatBasin,6/28/2005,59.3,69,78.8,78.6,57.1
GreatBasin,6/29/2005,55.4,65.8,77.4,79.9,57.7
GreatBasin,6/30/2005,58.3,70.1,83.4,82.7,58.7
GreatBasin,7/1/2005,62.5,74.8,87.2,85.6,61.4
GreatBasin,7/2/2005,63.5,75.5,86.3,85.9,61.9
GreatBasin,7/3/2005,59.6,71.8,84.1,85.2,61.3
GreatBasin,7/4/2005,60.7,72.8,85.3,85.6,60.8
GreatBasin,7/5/2005,62.2,75,87.5,87.2,62.5
GreatBasin,7/6/2005,64.6,76.9,88.9,88.2,63.8
GreatBasin,7/7/2005,64.5,77,88.3,89,64.8
GreatBasin,7/8/2005,65.4,77.9,89.9,89,64.7
GreatBasin,7/9/2005,64.3,76.3,88.9,87.4,64.2
GreatBasin,7/10/2005,63,73.1,83.4,86.6,63.1
GreatBasin,7/11/2005,61.9,73.9,87.4,88.4,63.9
GreatBasin,7/12/2005,66.8,79.6,94.3,92.4,66.5
GreatBasin,7/13/2005,70.8,83.3,95.5,94.6,68.7
GreatBasin,7/14/2005,68.4,81.4,93.9,95.2,69.8
GreatBasin,7/15/2005,70.2,82.9,96.3,95.2,70.4
GreatBasin,7/16/2005,72.7,84.5,95.4,95.1,70.1
GreatBasin,7/17/2005,67.3,79.7,93.5,93.7,68.8
GreatBasin,7/18/2005,66.3,78.9,92.1,93.6,67.8
GreatBasin,7/19/2005,69.9,82.2,95.2,94,68.8
GreatBasin,7/20/2005,70.2,82.9,94.8,94.8,70.7
GreatBasin,7/21/2005,72.1,83.2,94.5,94.2,71.7
GreatBasin,7/22/2005,72.7,83.3,93.3,92,71
GreatBasin,7/23/2005,68.2,77.8,88.3,89.1,69.3
GreatBasin,7/24/2005,67.1,76.6,85.7,86.2,66.6
GreatBasin,7/25/2005,64.4,74.9,84.7,84.4,64.2
GreatBasin,7/26/2005,61.2,72,82.8,85,62.8
GreatBasin,7/27/2005,62.7,74.5,87.4,87,63.3
GreatBasin,7/28/2005,65.9,78,90.7,89.2,66.1
GreatBasin,7/29/2005,69.6,79.9,89.5,89.3,67.7
GreatBasin,7/30/2005,67.5,77.5,87.7,88.6,68
GreatBasin,7/31/2005,67,78,88.6,87.8,67.3
GreatBasin,8/1/2005,67.3,77.3,87,86.8,66.5
GreatBasin,8/2/2005,65.1,75.2,84.7,85,65.2
GreatBasin,8/3/2005,63.1,72.9,83.4,84.8,63.9
GreatBasin,8/4/2005,63.6,74.4,86.3,85.9,64.4
GreatBasin,8/5/2005,66.6,77.2,88,87.9,66
GreatBasin,8/6/2005,67.8,78.5,89.5,89.1,67.7
GreatBasin,8/7/2005,68.8,79.5,89.8,89.1,69
GreatBasin,8/8/2005,70.3,78.5,87.9,87.4,68.5
GreatBasin,8/9/2005,66.4,75.6,84.5,85.1,67.2
GreatBasin,8/10/2005,64.9,74.2,83,83.6,64.7
GreatBasin,8/11/2005,62.9,72.5,83.4,82.9,63.5
GreatBasin,8/12/2005,62.6,72.6,82.4,81.9,61.8
GreatBasin,8/13/2005,59.8,69.6,79.9,81.1,60.3
GreatBasin,8/14/2005,58.6,69.4,81,80.7,59.7
GreatBasin,8/15/2005,60.6,70.6,81.1,80.6,60.3
GreatBasin,8/16/2005,61.8,70.8,79.6,80.5,60.7
GreatBasin,8/17/2005,59.8,70.2,80.9,80,60.4
GreatBasin,8/18/2005,59.7,69.5,79.4,80.4,59.4
GreatBasin,8/19/2005,58.6,69.2,81,81.8,59.8
GreatBasin,8/20/2005,61,72.1,84.9,84.4,61.2
GreatBasin,8/21/2005,64,75.3,87.3,86.1,63.1
GreatBasin,8/22/2005,64.4,75.8,86.1,86.1,64.1
GreatBasin,8/23/2005,64,74.6,84.8,84.5,62.8
GreatBasin,8/24/2005,59.9,70.6,82.5,83.1,61.2
GreatBasin,8/25/2005,59.6,70.2,82.1,83.3,60.3
GreatBasin,8/26/2005,61.4,72.7,85.4,84.7,61.3
GreatBasin,8/27/2005,62.9,74.5,86.6,86.7,62.6
GreatBasin,8/28/2005,63.5,75.2,88.2,87.6,63.7
GreatBasin,8/29/2005,64.6,76.5,88.1,87.4,62
GreatBasin,8/30/2005,58,69.4,85.8,84,58.5
GreatBasin,8/31/2005,53,65,78.1,82.1,55.9
GreatBasin,9/1/2005,56.8,68.6,82.3,82.1,56.8
GreatBasin,9/2/2005,60.6,72.2,85.8,84.2,60
GreatBasin,9/3/2005,62.5,73.4,84.4,84,61.1
GreatBasin,9/4/2005,60.3,71.1,81.8,82.1,60
GreatBasin,9/5/2005,57.3,68.9,80.2,81.4,58.3
GreatBasin,9/6/2005,57.2,68.9,82.2,82.1,57.9
GreatBasin,9/7/2005,59.1,70.7,83.9,83.4,58.9
GreatBasin,9/8/2005,60.4,71.8,84.1,83.4,59.9
GreatBasin,9/9/2005,60.2,70.4,82.1,80.4,56.5
GreatBasin,9/10/2005,48.8,59.6,75.1,74.9,51.7
GreatBasin,9/11/2005,46.2,56.1,67.4,69.4,47
GreatBasin,9/12/2005,46.1,56,65.8,67.2,46.3
GreatBasin,9/13/2005,46.5,56.5,68.3,68,46.7
GreatBasin,9/14/2005,47.4,58,69.8,70.9,48.1
GreatBasin,9/15/2005,50.3,61,74.5,72.8,50.1
GreatBasin,9/16/2005,52.5,63.1,74.2,73.3,51
GreatBasin,9/17/2005,50.2,59.5,71.1,71.9,50.2
GreatBasin,9/18/2005,47.8,57.8,70.3,72.7,49.4
GreatBasin,9/19/2005,50.1,61.4,76.7,74.9,51.4
GreatBasin,9/20/2005,56.3,66.2,77.6,76.5,54.1
GreatBasin,9/21/2005,55.9,64.5,75.3,75.4,54.6
GreatBasin,9/22/2005,51.6,61.4,73.4,73.7,53.7
GreatBasin,9/23/2005,53.6,62.6,72.4,71.9,51.6
GreatBasin,9/24/2005,49.5,58.1,69.8,69.2,49.2
GreatBasin,9/25/2005,44.4,54,65.3,69.6,47.1
GreatBasin,9/26/2005,47.5,57.9,73.6,70.3,49.1
GreatBasin,9/27/2005,55.3,63.5,72.1,71.8,50.4
GreatBasin,9/28/2005,48.4,58.3,69.8,71.6,51.3
GreatBasin,9/29/2005,50.3,60.2,73,73.1,50.8
GreatBasin,9/30/2005,53.8,63.5,76.5,75,53.1
GreatBasin,10/1/2005,55.3,64.7,75.6,74.4,53.6
GreatBasin,10/2/2005,51.6,59.8,71.1,70.4,51.2
GreatBasin,10/3/2005,46.7,54.7,64.6,64.8,46.9
GreatBasin,10/4/2005,42.3,48.5,58.6,59.8,41.9
GreatBasin,10/5/2005,36.8,44.7,56.1,58.8,39.5
GreatBasin,10/6/2005,39.3,48.2,61.8,61.8,40.7
GreatBasin,10/7/2005,45.9,54.3,67.5,64.7,44.6
GreatBasin,10/8/2005,48.6,56.1,64.7,63.7,45.6
GreatBasin,10/9/2005,42.3,50.1,59,60.5,43.4
GreatBasin,10/10/2005,39.3,47.6,57.7,58.9,41.1
GreatBasin,10/11/2005,41.8,49.4,60.1,60.1,41.5
GreatBasin,10/12/2005,43.3,51.5,62.5,63.2,43.5
GreatBasin,10/13/2005,45.4,54.1,67,67.1,45.8
GreatBasin,10/14/2005,48.8,58.1,71.8,69,48.6
GreatBasin,10/15/2005,51.6,59.3,68.2,68.3,48.9
GreatBasin,10/16/2005,46.3,54.4,64.8,66.6,48.9
GreatBasin,10/17/2005,48.9,56.3,66.8,65,48.1
GreatBasin,10/18/2005,49,55.5,63.5,63.6,48
GreatBasin,10/19/2005,46,52.4,60.5,61.7,46.5
GreatBasin,10/20/2005,44.6,51.9,61,61.5,45.1
GreatBasin,10/21/2005,44.7,52.5,63,62.8,44.9
GreatBasin,10/22/2005,45.5,53.8,64.3,64.4,45.4
GreatBasin,10/23/2005,46,54.6,65.8,66.2,46.6
GreatBasin,10/24/2005,48.2,56.7,68.4,66.8,47.7
GreatBasin,10/25/2005,48.9,56.9,66.1,65.3,47.8
GreatBasin,10/26/2005,46.3,53.6,61.3,62.3,47
GreatBasin,10/27/2005,45.9,52.1,59.4,58.7,45.6
GreatBasin,10/28/2005,44.5,49,55.4,56.3,43.8
GreatBasin,10/29/2005,41,46.9,54,54.2,41.4
GreatBasin,10/30/2005,38.6,45.4,53.2,54.3,39.3
GreatBasin,10/31/2005,38.2,45.1,55.6,56.9,39.9
GreatBasin,11/1/2005,43,50,61.9,58.6,42.3
GreatBasin,11/2/2005,45.8,51.8,58.4,58,43.1
GreatBasin,11/3/2005,40.4,46.9,53.6,53.8,41.9
GreatBasin,11/4/2005,39.4,43.8,49.3,50.2,38.3
GreatBasin,11/5/2005,35.1,40.8,47.7,50.3,38.3
GreatBasin,11/6/2005,40.4,44.6,53.9,52.3,39.6
GreatBasin,11/7/2005,43.2,47.7,55.4,53.4,42
GreatBasin,11/8/2005,42.3,46.6,51,53.7,41.5
GreatBasin,11/9/2005,39.1,44.7,54.6,54.6,41.4
GreatBasin,11/10/2005,42.7,48.2,58.1,55.4,41.7
GreatBasin,11/11/2005,43.2,47.9,53.5,53.2,41.1
GreatBasin,11/12/2005,37.5,42.5,48,49.7,38.5
GreatBasin,11/13/2005,34.8,39.8,47.5,47.9,37.4
GreatBasin,11/14/2005,39.8,43.4,48.1,46,33.8
GreatBasin,11/15/2005,26.8,34.1,42.5,45,31.8
GreatBasin,11/16/2005,28.9,33.9,44.5,44.7,29.7
GreatBasin,11/17/2005,33.4,38.6,47.2,46.4,31.6
GreatBasin,11/18/2005,32.5,38.4,47.4,47.9,33.4
GreatBasin,11/19/2005,34.3,40,49,48.6,33.8
GreatBasin,11/20/2005,34.5,40.3,49.3,49.4,34.6
GreatBasin,11/21/2005,35,41,49.8,49.7,35
GreatBasin,11/22/2005,35.4,41.5,50.1,50.2,35.6
GreatBasin,11/23/2005,36.3,42,50.6,50,35.9
GreatBasin,11/24/2005,35.9,41.7,49.4,49.4,36.2
GreatBasin,11/25/2005,36.3,41.2,48.3,47.3,35.1
GreatBasin,11/26/2005,33,38,44.1,41.9,30.1
GreatBasin,11/27/2005,21,26.3,33.3,35.8,24.5
GreatBasin,11/28/2005,19.5,23.6,29.9,32.9,21.1
GreatBasin,11/29/2005,22.9,26.8,35.6,33.6,22.6
GreatBasin,11/30/2005,25.4,30.7,35.2,36.9,25.1
GreatBasin,12/1/2005,27.1,31.1,40,38.1,28.3
GreatBasin,12/2/2005,32.3,35.8,39.2,38,28.1
GreatBasin,12/3/2005,25,29.4,34.7,34.1,25.1
GreatBasin,12/4/2005,18,22.7,28.3,30.6,19.7
GreatBasin,12/5/2005,16.1,20.7,28.9,28.9,17.7
GreatBasin,12/6/2005,19.1,22.9,29.4,27.8,15.9
GreatBasin,12/7/2005,12.6,18.8,25,26.9,15
GreatBasin,12/8/2005,13.4,17.6,26.3,27.3,14.1
GreatBasin,12/9/2005,16.3,20.8,30.6,29.9,16.6
GreatBasin,12/10/2005,20.1,24.6,32.9,32.7,19.3
GreatBasin,12/11/2005,21.5,26.2,34.5,34.5,21.5
GreatBasin,12/12/2005,23,27.7,36.1,35,23
GreatBasin,12/13/2005,24.5,28.9,34.5,33.3,21.9
GreatBasin,12/14/2005,18.2,23.8,29.2,30.3,19.2
GreatBasin,12/15/2005,15,19.8,27.1,27.6,16
GreatBasin,12/16/2005,14.9,19.6,26.6,26.8,14.9
GreatBasin,12/17/2005,14.9,19.3,26.8,27.6,15.5
GreatBasin,12/18/2005,16.8,20.8,29.4,31.2,18.6
GreatBasin,12/19/2005,24.2,28.3,37.3,36.4,24.8
GreatBasin,12/20/2005,33.5,36,42.6,41.8,31.2
GreatBasin,12/21/2005,35.8,39.3,45.4,45.1,36.2
GreatBasin,12/22/2005,39.3,42,47.2,46.4,37.9
GreatBasin,12/23/2005,38.7,42.4,46.5,46.5,37.6
GreatBasin,12/24/2005,34.8,38.9,45.8,46.1,36.5
GreatBasin,12/25/2005,36,39.8,46.1,45.2,35.9
GreatBasin,12/26/2005,37,39.8,43.7,43.5,35
GreatBasin,12/27/2005,31.9,36,40.7,43,34.9
GreatBasin,12/28/2005,35.7,38.1,44.5,42.5,32.9
GreatBasin,12/29/2005,31.2,36.7,42.3,41.7,31.7
GreatBasin,12/30/2005,28.3,31.9,38.3,41,31.7
GreatBasin,12/31/2005,35.7,37.7,42.3,40.2,31.4
GreatBasin,1/1/2006,30.3,35.5,40,41.4,33.2
GreatBasin,1/2/2006,33.5,35.8,41.8,40.4,31.6
GreatBasin,1/3/2006,31.1,35.5,39.4,40.4,31.5
GreatBasin,1/4/2006,30,33.5,40.1,40.4,30
GreatBasin,1/5/2006,29,33.3,41.6,42.2,30.6
GreatBasin,1/6/2006,32.8,36.7,44.9,43.5,32.1
GreatBasin,1/7/2006,34.5,38.6,43.9,42.9,32.2
GreatBasin,1/8/2006,29.4,34.4,39.8,39.4,28.9
GreatBasin,1/9/2006,22.7,28.2,34.6,37.8,26.3
GreatBasin,1/10/2006,26.7,30.4,39.1,38.3,27.3
GreatBasin,1/11/2006,32.6,35.6,41.1,39.3,28.8
GreatBasin,1/12/2006,27.1,32.4,37.6,40.3,29.3
GreatBasin,1/13/2006,28.3,32.3,42.2,41.5,29.9
GreatBasin,1/14/2006,34.2,37.8,44.8,42.7,30.3
GreatBasin,1/15/2006,28.4,33.3,41.1,38.5,26.9
GreatBasin,1/16/2006,18.2,23.2,29.6,35.7,23
GreatBasin,1/17/2006,22.5,26.8,36.5,34.9,23.8
GreatBasin,1/18/2006,30.6,33.8,38.6,36.9,26.1
GreatBasin,1/19/2006,25.2,30.3,35.7,35.4,25.4
GreatBasin,1/20/2006,20.4,25.3,32,33.9,22.8
GreatBasin,1/21/2006,22.7,26.8,34,32.6,21.2
GreatBasin,1/22/2006,20.6,25.4,31.9,33.3,21.1
GreatBasin,1/23/2006,20,24.7,34,34.3,21.2
GreatBasin,1/24/2006,22.9,27.8,37.1,37,23.1
GreatBasin,1/25/2006,26.5,30.9,39.8,38.6,25.8
GreatBasin,1/26/2006,28.1,32.6,38.9,38.5,27.5
GreatBasin,1/27/2006,27.8,31.3,36.7,37,26.6
GreatBasin,1/28/2006,23.8,28.6,35.5,36.7,26.5
GreatBasin,1/29/2006,27.8,31.8,37.9,38.9,27.6
GreatBasin,1/30/2006,31.1,34.7,43.2,40.8,29.3
GreatBasin,1/31/2006,28.9,35.4,41.4,42.3,30.2
GreatBasin,2/1/2006,30.5,34.4,42.3,42.1,31
GreatBasin,2/2/2006,33.5,37.3,42.7,42.5,31.7
GreatBasin,2/3/2006,31.2,36,42.5,43.3,32.2
GreatBasin,2/4/2006,31.9,36.3,44.7,43.2,30
GreatBasin,2/5/2006,27,33.5,42.4,41.6,26.7
GreatBasin,2/6/2006,21.3,27.6,37.8,40.7,24.5
GreatBasin,2/7/2006,25.3,31.3,41.9,41.5,25.2
GreatBasin,2/8/2006,29,35,44.8,43.2,28.1
GreatBasin,2/9/2006,29.9,36,43,42.8,27.5
GreatBasin,2/10/2006,23.6,31,40.6,39.6,23.9
GreatBasin,2/11/2006,18.2,25.6,35.3,38.8,21.9
GreatBasin,2/12/2006,23.8,29.7,40.5,39.4,22.9
GreatBasin,2/13/2006,26.7,33.1,42.4,41.1,26.3
GreatBasin,2/14/2006,28.3,34,40.5,40.3,26.1
GreatBasin,2/15/2006,23.4,29,37.9,35.8,21.3
GreatBasin,2/16/2006,12.3,19.4,28.9,31.2,15.9
GreatBasin,2/17/2006,12.1,17.4,26.7,28.1,12.5
GreatBasin,2/18/2006,13.1,19,28.8,28.1,13.5
GreatBasin,2/19/2006,15.4,21.4,28.9,29.3,14.3
GreatBasin,2/20/2006,14.3,20.8,30.1,30.4,15.3
GreatBasin,2/21/2006,16.3,22.5,32.3,33.6,17.7
GreatBasin,2/22/2006,22.6,27.8,38.4,37.9,21.7
GreatBasin,2/23/2006,26.3,32.8,43.1,42,25.8
GreatBasin,2/24/2006,28.6,35.4,44.4,44.3,27.5
GreatBasin,2/25/2006,27.7,35.1,45.3,46.5,29.6
GreatBasin,2/26/2006,32.5,38.7,49.9,48.9,32.9
GreatBasin,2/27/2006,38.6,43.5,51.5,50.5,37.5
GreatBasin,2/28/2006,41.3,45,50.1,49.2,36.7
GreatBasin,3/1/2006,30.1,37.5,46,47.2,33.4
GreatBasin,3/2/2006,28.9,36,45.4,45.6,29.9
GreatBasin,3/3/2006,30.7,37.2,45.3,44.5,28.9
GreatBasin,3/4/2006,27.1,34.1,42.8,44.9,28.4
GreatBasin,3/5/2006,27.5,34.5,46.6,46.3,30.2
GreatBasin,3/6/2006,35.9,40.9,49.6,47.9,32.3
GreatBasin,3/7/2006,33.6,39.6,47.6,46.3,32.2
GreatBasin,3/8/2006,27.2,33.7,41.6,42.3,29.5
GreatBasin,3/9/2006,27.7,32,37.8,38,24.8
GreatBasin,3/10/2006,19.6,26.2,34.5,34.5,22.2
GreatBasin,3/11/2006,19.2,24.7,31.2,32.3,19.2
GreatBasin,3/12/2006,18.7,24.3,31.3,32.1,18.9
GreatBasin,3/13/2006,18.9,25.2,33.9,34.9,19.9
GreatBasin,3/14/2006,22.1,28.4,39.6,37.5,22.8
GreatBasin,3/15/2006,27.4,33.1,39,40.8,25.2
GreatBasin,3/16/2006,26.2,32.9,43.8,42.8,28.7
GreatBasin,3/17/2006,32.4,37.9,45.6,44.4,29.5
GreatBasin,3/18/2006,29.8,35.8,43.7,42.6,29.5
GreatBasin,3/19/2006,26.4,31.8,38.5,40.4,27.1
GreatBasin,3/20/2006,25,30.4,39,39,26.1
GreatBasin,3/21/2006,27,32.1,39.5,40.8,26.3
GreatBasin,3/22/2006,26.9,33.4,43.9,43.9,28.1
GreatBasin,3/23/2006,30.5,37.7,48.2,48.2,30.7
GreatBasin,3/24/2006,34.6,41.7,52.4,51.5,34.5
GreatBasin,3/25/2006,38.3,45.2,53.8,52.7,35.2
GreatBasin,3/26/2006,32.6,40.3,51.8,52,33.8
GreatBasin,3/27/2006,30.5,38.2,50.3,50.7,33.9
GreatBasin,3/28/2006,38.7,43.2,50,49.4,35.3
GreatBasin,3/29/2006,36.8,41.5,47.9,48.2,35.8
GreatBasin,3/30/2006,31.8,38.1,46.8,48.1,34.5
GreatBasin,3/31/2006,34.8,40.8,49.6,48.3,34.1
GreatBasin,4/1/2006,35.8,41.4,48.5,49.4,34.4
GreatBasin,4/2/2006,32.5,39.7,50.1,52.1,35.7
GreatBasin,4/3/2006,38.9,45.8,57.8,55.3,38.4
GreatBasin,4/4/2006,43.7,50,57.9,57.1,41.3
GreatBasin,4/5/2006,41.3,46,55.7,53,39.4
GreatBasin,4/6/2006,33.3,38.8,45.5,51.4,36.4
GreatBasin,4/7/2006,34.5,41.6,53,51.7,35.4
GreatBasin,4/8/2006,38.5,46.3,56.7,55.7,37.4
GreatBasin,4/9/2006,39.2,47.7,57.4,56.8,38.6
GreatBasin,4/10/2006,38,46.1,56.4,55.8,37.7
GreatBasin,4/11/2006,35.9,44.1,53.7,57.3,38
GreatBasin,4/12/2006,40.2,48.8,61.9,60,40.3
GreatBasin,4/13/2006,44.9,53.8,64.4,63.5,43.7
GreatBasin,4/14/2006,46,55.3,64.1,63,43.9
GreatBasin,4/15/2006,40.8,49.1,60.4,60.3,42.4
GreatBasin,4/16/2006,40.3,48.5,56.5,57.3,39
GreatBasin,4/17/2006,35.9,43.1,54.9,52.8,35.2
GreatBasin,4/18/2006,29.4,37.4,46.9,51.8,32.4
GreatBasin,4/19/2006,31.9,40.7,53.5,53.7,32.8
GreatBasin,4/20/2006,37.1,47,60.6,60.2,37.3
GreatBasin,4/21/2006,43,53.3,66.6,64.2,41.5
GreatBasin,4/22/2006,44.3,54.6,65.4,65,42.8
GreatBasin,4/23/2006,41.2,50.8,63.1,61.3,40.9
GreatBasin,4/24/2006,37.2,45.7,55.3,59.1,38.9
GreatBasin,4/25/2006,38.2,47.6,59,59.5,39.3
GreatBasin,4/26/2006,42.4,52.2,64.3,62.6,42.2
GreatBasin,4/27/2006,46,55.2,64.6,65.2,44.5
GreatBasin,4/28/2006,45,55,66.6,66.8,46
GreatBasin,4/29/2006,47,57.6,69.1,68,46.9
GreatBasin,4/30/2006,48.7,58,68.2,68.7,47.2
GreatBasin,5/1/2006,45.9,56.8,68.8,68.2,46.8
GreatBasin,5/2/2006,45.9,56.2,67.6,66.9,45.3
GreatBasin,5/3/2006,44,54.1,64.2,65,44.4
GreatBasin,5/4/2006,43.3,53.2,63.3,63.4,43.4
GreatBasin,5/5/2006,42.8,52.4,62.7,64.3,43.7
GreatBasin,5/6/2006,44.9,55.3,66.8,65.3,45.1
GreatBasin,5/7/2006,47.6,57.2,66.3,66.1,46.9
GreatBasin,5/8/2006,48.2,56.9,65.3,65.2,46.2
GreatBasin,5/9/2006,42.9,53.2,63.9,64.7,44.8
GreatBasin,5/10/2006,43.2,53.4,65,67.2,44.3
GreatBasin,5/11/2006,46.8,58.4,72.8,71,47.5
GreatBasin,5/12/2006,52.5,63.7,75.3,74.9,50.9
GreatBasin,5/13/2006,53.4,64.8,76.5,77.1,53.8
GreatBasin,5/14/2006,55.4,67,79.4,79.2,55.5
GreatBasin,5/15/2006,57.6,69.7,81.6,80.9,57.6
GreatBasin,5/16/2006,59.7,71.1,81.7,81.9,59.5
GreatBasin,5/17/2006,61.1,71.8,82.5,82.5,60.7
GreatBasin,5/18/2006,61.2,72.6,83.3,82.4,61.2
GreatBasin,5/19/2006,61.3,71.9,81.3,81.3,60.3
GreatBasin,5/20/2006,58.3,68.7,79.3,79.6,58.8
GreatBasin,5/21/2006,56.9,67.7,78.1,77.7,57.2
GreatBasin,5/22/2006,56.5,64.7,75.6,74.3,54
GreatBasin,5/23/2006,48.5,58.6,69.1,73.7,52.1
GreatBasin,5/24/2006,51.4,62.8,76.4,74.5,51.7
GreatBasin,5/25/2006,55.2,66.8,78,77.1,53.8
GreatBasin,5/26/2006,54.7,65.4,76.9,75.6,52.6
GreatBasin,5/27/2006,48,56.6,72,68.4,47.5
GreatBasin,5/28/2006,39.9,47.9,56.3,63.5,43.1
GreatBasin,5/29/2006,41.3,51.1,62.2,62.1,42
GreatBasin,5/30/2006,44.7,55.8,67.7,68.3,45
GreatBasin,5/31/2006,48.9,61,74.9,75,49.7
GreatBasin,6/1/2006,55.4,67.7,82.3,80.2,54.8
GreatBasin,6/2/2006,60.2,72,83.3,82.2,58.5
GreatBasin,6/3/2006,59.8,70.7,81,82.5,60.2
GreatBasin,6/4/2006,60.5,71.8,83.1,82.5,60.1
GreatBasin,6/5/2006,59.9,71.9,83.3,84.6,61
GreatBasin,6/6/2006,62.7,74.5,87.3,85.7,62.9
GreatBasin,6/7/2006,66.1,75.2,86.5,84.3,63.1
GreatBasin,6/8/2006,60.6,69.8,79,80.2,61.3
GreatBasin,6/9/2006,57.2,67.1,75.1,76.2,57.5
GreatBasin,6/10/2006,54.7,65.1,74.6,76.7,55.8
GreatBasin,6/11/2006,55.5,67.1,80.3,79.4,56.2
GreatBasin,6/12/2006,58.3,70.6,83.3,81.9,57.7
GreatBasin,6/13/2006,59.4,70.8,82.2,81.4,57
GreatBasin,6/14/2006,53.3,63.6,78.8,77.1,54.6
GreatBasin,6/15/2006,51.2,60.8,70.2,74.4,52.1
GreatBasin,6/16/2006,51.8,62.4,74.3,74.6,52.9
GreatBasin,6/17/2006,55.7,67,79.2,79.2,55.3
GreatBasin,6/18/2006,58.5,70.8,84.1,82.3,58.7
GreatBasin,6/19/2006,61.9,73.4,83.5,83.1,59.3
GreatBasin,6/20/2006,57.5,69.8,81.7,82.1,59.1
GreatBasin,6/21/2006,57.8,69.8,81,82.1,58.1
GreatBasin,6/22/2006,59.1,71.3,83.7,84,59.5
GreatBasin,6/23/2006,61.7,74.4,87.4,86.6,61.7
GreatBasin,6/24/2006,64.2,76.7,88.8,88.5,63.8
GreatBasin,6/25/2006,65.4,77.8,89.3,88.8,65
GreatBasin,6/26/2006,65.3,77.6,88.4,88.7,65.3
GreatBasin,6/27/2006,65.3,77.6,88.3,87.7,65.7
GreatBasin,6/28/2006,66.6,76.7,86.5,86.7,66.3
GreatBasin,6/29/2006,66.9,76.6,85.2,85.9,66.5
GreatBasin,6/30/2006,66.1,75.9,85.9,85.9,66.4
GreatBasin,7/1/2006,66.1,76.5,86.6,86.2,66.3
GreatBasin,7/2/2006,66.7,76.4,86,86.1,66.4
GreatBasin,7/3/2006,66.4,76.2,85.6,85.5,66.4
GreatBasin,7/4/2006,66,76.1,85,84.6,66
GreatBasin,7/5/2006,65.7,74.7,83.1,83.7,65.5
GreatBasin,7/6/2006,64.7,74,82.9,83.2,64.3
GreatBasin,7/7/2006,62.5,73.3,83.6,83.9,63.8
GreatBasin,7/8/2006,64.3,74.6,85.1,84.3,63.9
GreatBasin,7/9/2006,65,75.4,84.2,85.3,65
GreatBasin,7/10/2006,65.6,76.1,86.6,86,65.4
GreatBasin,7/11/2006,65.5,76.8,87.3,86.9,65.7
GreatBasin,7/12/2006,65.9,76.7,86.7,87.1,64.9
GreatBasin,7/13/2006,63.2,75.1,87.4,88.9,65.3
GreatBasin,7/14/2006,66.7,79,92.5,91.6,66.7
GreatBasin,7/15/2006,70.1,82.6,94.8,94.1,69.4
GreatBasin,7/16/2006,71.3,83.1,94.9,94.8,70.9
GreatBasin,7/17/2006,71.2,83.1,94.6,94.4,71.3
GreatBasin,7/18/2006,71.3,82.1,93.8,92.8,70.7
GreatBasin,7/19/2006,69.6,79.8,90,91.2,70.4
GreatBasin,7/20/2006,70.3,80.3,89.8,90.9,70.1
GreatBasin,7/21/2006,70.5,81.5,92.9,92.4,71.3
GreatBasin,7/22/2006,73,83.9,94.5,93.7,72.9
GreatBasin,7/23/2006,75.1,84.8,93.6,93.2,73.7
GreatBasin,7/24/2006,73.1,82.5,91.4,92.1,73.1
GreatBasin,7/25/2006,71.2,80.8,91.2,91.3,71.9
GreatBasin,7/26/2006,71.5,81.3,91.4,91.7,70.9
GreatBasin,7/27/2006,69.9,80.9,92.5,92.4,70.5
GreatBasin,7/28/2006,70.1,81.8,93.4,92.8,69.8
GreatBasin,7/29/2006,69.4,80.5,92.4,91.5,69.1
GreatBasin,7/30/2006,67.8,77.7,88.6,88.3,66.7
GreatBasin,7/31/2006,62.9,72.8,83.9,84.2,63.4
GreatBasin,8/1/2006,59.4,69.5,80.2,81.9,60.3
GreatBasin,8/2/2006,58.7,69.7,81.6,82.3,60
GreatBasin,8/3/2006,61.8,72.7,85.1,83.9,61.2
GreatBasin,8/4/2006,63,74.1,85,85,62.4
GreatBasin,8/5/2006,62.3,73.5,84.9,85.7,62.9
GreatBasin,8/6/2006,63.4,74.8,87.3,87,63.5
GreatBasin,8/7/2006,64.8,76.5,88.9,88.1,64.3
GreatBasin,8/8/2006,64.7,76.2,88,87.9,64.5
GreatBasin,8/9/2006,64.1,75.2,86.7,87.6,64.4
GreatBasin,8/10/2006,64.4,75.7,88.2,87.3,64.4
GreatBasin,8/11/2006,64.7,75.8,87.1,86.6,63.7
GreatBasin,8/12/2006,62,72.6,84.4,84.7,62
GreatBasin,8/13/2006,59.2,70.4,82.7,84.5,61
GreatBasin,8/14/2006,61.9,73.5,86.5,84.9,61.8
GreatBasin,8/15/2006,64.2,75.1,85.6,85.3,62.5
GreatBasin,8/16/2006,61.4,72.9,83.9,84,61.7
GreatBasin,8/17/2006,59.4,70.6,82.4,82.7,59.4
GreatBasin,8/18/2006,57.5,69.2,81.7,83,58.9
GreatBasin,8/19/2006,59.9,71.8,84.9,84.5,60
GreatBasin,8/20/2006,62.5,74.2,87,87.2,62.1
GreatBasin,8/21/2006,63.8,76,89.8,88.9,64
GreatBasin,8/22/2006,65.7,77.6,89.8,89.3,65.1
GreatBasin,8/23/2006,65.9,77.4,88.4,87.9,64.6
GreatBasin,8/24/2006,62.1,73.2,85.5,85.3,62.5
GreatBasin,8/25/2006,59.4,70.4,82.1,81.9,59
GreatBasin,8/26/2006,55.6,66.9,78,80.4,57.2
GreatBasin,8/27/2006,56.7,67.9,81.2,81.6,57.4
GreatBasin,8/28/2006,60,71.9,85.6,84.8,59.7
GreatBasin,8/29/2006,62.4,74.6,87.6,86.3,61.4
GreatBasin,8/30/2006,61.7,72.9,85.6,84.5,59.4
GreatBasin,8/31/2006,54.2,66.1,80.3,81.9,57
GreatBasin,9/1/2006,55.2,66.5,79.8,81.1,55.7
GreatBasin,9/2/2006,57.7,69.6,83.3,82.7,57.7
GreatBasin,9/3/2006,60.3,72,84.9,84.6,60.1
GreatBasin,9/4/2006,62.3,73.6,85.7,85.5,62.1
GreatBasin,9/5/2006,63.6,74.4,86,85.5,63.1
GreatBasin,9/6/2006,63.4,74.2,84.8,84,62.8
GreatBasin,9/7/2006,61.3,70.5,81.2,80.8,60.8
GreatBasin,9/8/2006,57.6,66.8,76.4,77.9,58.4
GreatBasin,9/9/2006,56.3,66.4,76,76.4,56.4
GreatBasin,9/10/2006,55.4,65.4,76.8,77.7,56.1
GreatBasin,9/11/2006,56.5,67.1,80.2,80.2,57.2
GreatBasin,9/12/2006,59.6,70.5,83.7,82.3,58.9
GreatBasin,9/13/2006,60.7,71.7,83,82.5,59.7
GreatBasin,9/14/2006,58.7,67.1,80.7,77.7,56.9
GreatBasin,9/15/2006,51.2,58.5,69.4,70,50.2
GreatBasin,9/16/2006,40.7,49.2,59.9,63.7,44.3
GreatBasin,9/17/2006,41.1,49.9,61.7,63.2,42
GreatBasin,9/18/2006,44.2,54,67.9,67.3,45
GreatBasin,9/19/2006,49.7,59.7,72.4,70.1,47.1
GreatBasin,9/20/2006,47.4,56.1,69.9,68,47.5
GreatBasin,9/21/2006,45.4,52.5,61.7,64.1,45.2
GreatBasin,9/22/2006,42.7,50.2,60.8,61,42.6
GreatBasin,9/23/2006,39.8,48.6,60.4,62.3,41.8
GreatBasin,9/24/2006,42.8,52.4,65.6,65.5,43.1
GreatBasin,9/25/2006,46.7,56.7,70.4,69.7,46.6
GreatBasin,9/26/2006,50.2,60.5,73.1,72.4,49.8
GreatBasin,9/27/2006,52.6,62.3,73.8,74.5,52.1
GreatBasin,9/28/2006,53.4,63.5,76.7,75.9,53.7
GreatBasin,9/29/2006,55,65.2,77.1,77.3,54.4
GreatBasin,9/30/2006,54.9,65.3,78.2,76.9,55.5
GreatBasin,10/1/2006,56.6,65.5,75.5,75,55.3
GreatBasin,10/2/2006,54.4,62.1,71.2,71.9,53.4
GreatBasin,10/3/2006,49.2,58.1,68.9,70.7,51.6
GreatBasin,10/4/2006,51.3,59.8,71.9,70.2,51.2
GreatBasin,10/5/2006,53,61,69.9,69.2,52
GreatBasin,10/6/2006,51.8,58.2,65.8,65.1,50
GreatBasin,10/7/2006,45.3,52.2,59.6,62.2,46.7
GreatBasin,10/8/2006,43,50.8,61.1,59.9,44.1
GreatBasin,10/9/2006,44,50.9,59,59,42.3
GreatBasin,10/10/2006,39.8,47.7,56.8,58.6,41.7
GreatBasin,10/11/2006,41.2,49.1,60.1,60.1,41.2
GreatBasin,10/12/2006,42.6,51.6,63.5,62.9,42.9
GreatBasin,10/13/2006,44.9,53.7,65.1,63.5,44.4
GreatBasin,10/14/2006,45.8,53.1,61.8,63,45.1
GreatBasin,10/15/2006,44.7,52.2,62,60.9,44.9
GreatBasin,10/16/2006,44.2,50.1,58.9,57.2,42.1
GreatBasin,10/17/2006,37.3,43.4,50.6,53.4,38.4
GreatBasin,10/18/2006,33.6,40.8,50.6,51.7,36.6
GreatBasin,10/19/2006,38.9,44.3,53.9,53.7,38.4
GreatBasin,10/20/2006,42.7,48.8,56.5,54.6,39.6
GreatBasin,10/21/2006,37.1,45.2,53.5,55.3,38.7
GreatBasin,10/22/2006,36.2,44.3,56,56.7,37.9
GreatBasin,10/23/2006,40.4,48.1,60.6,58.9,39.9
GreatBasin,10/24/2006,43.1,50.6,60,58.7,40.9
GreatBasin,10/25/2006,39.1,46,55.4,54.8,38.1
GreatBasin,10/26/2006,32.2,39.5,49.1,53.4,35.8
GreatBasin,10/27/2006,36.1,43,55.6,54.7,36.2
GreatBasin,10/28/2006,40.2,47.7,59.5,57.8,39.2
GreatBasin,10/29/2006,41.2,49.1,58.4,57,38.7
GreatBasin,10/30/2006,34.6,43,53.1,52.9,35.6
GreatBasin,10/31/2006,31.1,38.4,47.2,49.3,31.9
GreatBasin,11/1/2006,30,37.6,47.5,48.9,32
GreatBasin,11/2/2006,34.9,40.9,51.9,51.5,35.1
GreatBasin,11/3/2006,40.5,46,55,53.8,38.9
GreatBasin,11/4/2006,41.2,47,54.4,54.9,40.7
GreatBasin,11/5/2006,40.5,46.5,55.4,56.9,42.1
GreatBasin,11/6/2006,44.5,50.1,61,60.5,44.3
GreatBasin,11/7/2006,47.8,54.4,65.2,62.2,46.9
GreatBasin,11/8/2006,48.4,54.7,60.5,60.2,45.5
GreatBasin,11/9/2006,40.2,46.2,54.9,54,40
GreatBasin,11/10/2006,31.3,38.5,46.7,49.3,36.4
GreatBasin,11/11/2006,37.7,40.4,46.4,44.9,32.9
GreatBasin,11/12/2006,29.7,36,41.5,44.3,33.4
GreatBasin,11/13/2006,32.9,36.5,44.9,43.3,33
GreatBasin,11/14/2006,36.4,39.7,43.5,44.5,32.8
GreatBasin,11/15/2006,29.1,34.9,45.2,46,34.3
GreatBasin,11/16/2006,37.3,40.9,49.4,48.3,34.2
GreatBasin,11/17/2006,36.1,42,50.3,50.6,37.1
GreatBasin,11/18/2006,38,43.5,52.2,51.6,37.1
GreatBasin,11/19/2006,37.2,43.1,52.4,53.3,38.8
GreatBasin,11/20/2006,41.2,46,55.2,54.4,40.6
GreatBasin,11/21/2006,43.4,47.8,55.7,55,41.7
GreatBasin,11/22/2006,40.6,46.6,54,52.7,41.3
GreatBasin,11/23/2006,40,44,48.3,48.8,37
GreatBasin,11/24/2006,30.4,36.4,44.2,45,33.4
GreatBasin,11/25/2006,29.8,35.3,42.6,42.6,29.4
GreatBasin,11/26/2006,28.1,33.7,41,40.7,29.5
GreatBasin,11/27/2006,30.6,34,38.5,37.8,26.7
GreatBasin,11/28/2006,21.4,26.5,33.8,32.2,21.6
GreatBasin,11/29/2006,12.7,18.3,24.3,29.1,15.6
GreatBasin,11/30/2006,12.6,17.5,29.1,29.4,16.3
GreatBasin,12/1/2006,23.5,26.9,34.7,31.7,18.5
GreatBasin,12/2/2006,19.3,24.9,31.3,32.7,19.6
GreatBasin,12/3/2006,16,21.8,32.2,33.6,19
GreatBasin,12/4/2006,21.7,26.7,37.3,36.5,21.4
GreatBasin,12/5/2006,26.4,31.3,39.9,39.8,25.4
GreatBasin,12/6/2006,28.2,33.2,42.2,42.3,28.2
GreatBasin,12/7/2006,29.9,35.2,44.9,44.2,30
GreatBasin,12/8/2006,31.8,37,45.6,45.2,31.7
GreatBasin,12/9/2006,33.4,37.7,45.1,43.6,32.4
GreatBasin,12/10/2006,32.1,35.8,40,41.5,31.7
GreatBasin,12/11/2006,29.6,33.7,39.3,40,31
GreatBasin,12/12/2006,31.2,34.1,40.6,41.4,31.7
GreatBasin,12/13/2006,34.2,37.4,44.2,43.9,34.1
GreatBasin,12/14/2006,36.9,40.5,46.8,45.2,36.4
GreatBasin,12/15/2006,38.2,40.9,44.7,43.4,33.8
GreatBasin,12/16/2006,26.4,31.4,38.8,37.8,28.4
GreatBasin,12/17/2006,20.5,24.9,29.9,32.6,21.1
GreatBasin,12/18/2006,16.5,21.7,29.1,29.3,18.2
GreatBasin,12/19/2006,17.7,21.8,28.8,29.3,17.1
GreatBasin,12/20/2006,17,22.1,29.9,30.3,18.2
GreatBasin,12/21/2006,20,23.9,32.1,31.4,20.2
GreatBasin,12/22/2006,23.5,26.8,32.1,32.6,21.6
GreatBasin,12/23/2006,21.4,25.6,33.5,34,23.4
GreatBasin,12/24/2006,25.2,29.2,36.4,36.4,24.3
GreatBasin,12/25/2006,26.3,30.1,39.2,39.6,28
GreatBasin,12/26/2006,32.5,35.8,43.3,41.2,31.1
GreatBasin,12/27/2006,34.4,37.3,41.1,40,30
GreatBasin,12/28/2006,23,28.4,35.5,36.2,25.7
GreatBasin,12/29/2006,19.6,24.4,32,33.4,21
GreatBasin,12/30/2006,20.5,24.6,32.7,32.6,20.6
GreatBasin,12/31/2006,21.6,25.9,33.2,33.2,21.1
GreatBasin,1/1/2007,21.2,26.6,33.7,34.8,22.5
GreatBasin,1/2/2007,24.6,28.4,37.5,37.4,25.3
GreatBasin,1/3/2007,30,33.3,41.1,39.2,28.9
GreatBasin,1/4/2007,32,35.9,39,38.3,27.4
GreatBasin,1/5/2007,20.3,26.3,34.7,34.6,22.9
GreatBasin,1/6/2007,16.5,20.8,30.2,32.7,19.1
GreatBasin,1/7/2007,20.5,25.1,33.1,34.1,21.5
GreatBasin,1/8/2007,27.5,30.9,39.1,37.6,25.4
GreatBasin,1/9/2007,28.1,32.9,40.5,39.6,28.4
GreatBasin,1/10/2007,29.7,33.4,39.1,38.1,26.2
GreatBasin,1/11/2007,20.8,27.4,34.8,32.6,20
GreatBasin,1/12/2007,9.4,15.3,24,25.2,11.6
GreatBasin,1/13/2007,4.5,9.8,16.7,19.1,6
GreatBasin,1/14/2007,4.2,9.5,16.6,17.8,4.7
GreatBasin,1/15/2007,5.3,10.2,20.1,20.5,6.5
GreatBasin,1/16/2007,10,14.6,24.9,23.6,9.3
GreatBasin,1/17/2007,12.7,17.6,25.8,26.1,11.8
GreatBasin,1/18/2007,12.8,18.3,27.6,28.2,14.2
GreatBasin,1/19/2007,17,21.6,31.2,30,16.3
GreatBasin,1/20/2007,19.2,23.9,31.2,30.3,17.7
GreatBasin,1/21/2007,17,22.9,28.5,30.2,17.6
GreatBasin,1/22/2007,16.6,21.4,30.9,31.4,17.8
GreatBasin,1/23/2007,19.8,24.6,34.7,34.6,20.1
GreatBasin,1/24/2007,23.9,28.9,38.2,37.7,23.4
GreatBasin,1/25/2007,26.5,31.6,40.3,38.9,25.4
GreatBasin,1/26/2007,25.8,31.7,38.1,37.7,24.6
GreatBasin,1/27/2007,21.5,28,34.7,36.3,23
GreatBasin,1/28/2007,21.8,27.2,36.1,35.4,21.8
GreatBasin,1/29/2007,22.1,27.9,35.4,36,22.3
GreatBasin,1/30/2007,22.9,28.6,36.4,34.9,22.2
GreatBasin,1/31/2007,21.6,27.2,32.8,33.1,21
GreatBasin,2/1/2007,18.4,23.4,30,30.7,17.9
GreatBasin,2/2/2007,13.8,20,29.4,32.6,17.7
GreatBasin,2/3/2007,21,26,38.4,37.7,21.8
GreatBasin,2/4/2007,30.6,34.8,45.3,44,28.7
GreatBasin,2/5/2007,34.6,39.6,48.2,47.3,33.9
GreatBasin,2/6/2007,36.6,41.6,48.5,48,35.3
GreatBasin,2/7/2007,34.8,40.5,47.2,47.4,35.6
GreatBasin,2/8/2007,35.5,40,46.6,46.9,34.9
GreatBasin,2/9/2007,34.5,39.3,46.8,47,35
GreatBasin,2/10/2007,35,40.1,47.6,46.7,35.5
GreatBasin,2/11/2007,37.1,41,45.7,45.6,34.2
GreatBasin,2/12/2007,30.6,36.2,43.6,42.7,31.8
GreatBasin,2/13/2007,27.6,32.4,38.7,40,27.8
GreatBasin,2/14/2007,25.1,30.6,37.8,39.6,26.8
GreatBasin,2/15/2007,27.8,32.5,42.2,42.3,29.6
GreatBasin,2/16/2007,35.9,39.8,47,45.7,32
GreatBasin,2/17/2007,32.3,38.6,47.9,47.6,34.1
GreatBasin,2/18/2007,34.2,40.1,47.9,47.2,32.4
GreatBasin,2/19/2007,30.6,36.6,45.8,44.9,30.3
GreatBasin,2/20/2007,26.2,31.8,41.1,43.7,29
GreatBasin,2/21/2007,30.2,35.6,44.3,44.2,30.1
GreatBasin,2/22/2007,33.9,38.7,47.1,45.3,30.8
GreatBasin,2/23/2007,28.2,34.5,44.4,42,27.7
GreatBasin,2/24/2007,20.9,27,34.6,39.5,25
GreatBasin,2/25/2007,26,30.5,39.5,37.7,24.3
GreatBasin,2/26/2007,26.1,32.1,39.1,38.8,26.5
GreatBasin,2/27/2007,27.3,31.7,37.7,36.9,24.5
GreatBasin,2/28/2007,20.1,26,33.8,34.5,22.2
GreatBasin,3/1/2007,19.1,24.8,32,32.9,19.4
GreatBasin,3/2/2007,19.1,25,32.9,33.5,19
GreatBasin,3/3/2007,18.7,25.1,35.5,37.1,21.1
GreatBasin,3/4/2007,25.5,31.7,42.9,42.3,25.2
GreatBasin,3/5/2007,31.4,37.6,48.6,47.8,30.9
GreatBasin,3/6/2007,35.8,42.1,52,51.4,34.6
GreatBasin,3/7/2007,36.6,44.1,53.5,52.5,36.4
GreatBasin,3/8/2007,36.9,44.3,51.9,52.8,36.6
GreatBasin,3/9/2007,36.3,43,53.1,52.5,37
GreatBasin,3/10/2007,37.9,44.8,52.4,54.1,37.1
GreatBasin,3/11/2007,37.2,44.7,56.8,57,39.1
GreatBasin,3/12/2007,42.3,50,61.7,60.5,41.5
GreatBasin,3/13/2007,44.9,53.1,62.9,61.9,43.7
GreatBasin,3/14/2007,43.8,52.2,61.2,60.9,42.6
GreatBasin,3/15/2007,39,48.2,58.5,61.3,41.5
GreatBasin,3/16/2007,41.7,50.5,64.2,63.5,42.3
GreatBasin,3/17/2007,46.1,55.6,67.9,66.2,44.9
GreatBasin,3/18/2007,47,56.1,66.6,66.2,45.4
GreatBasin,3/19/2007,43.1,52.8,64,64.4,45
GreatBasin,3/20/2007,44.8,52.5,62.6,61,40.9
GreatBasin,3/21/2007,34.9,43.4,56.4,57.7,38.4
GreatBasin,3/22/2007,35.4,42.6,54.2,55.6,36.6
GreatBasin,3/23/2007,39.4,46.8,56.1,56.8,38.2
GreatBasin,3/24/2007,39.8,48.4,60.2,59.6,40.6
GreatBasin,3/25/2007,42.5,51.5,62.4,61.5,41.2
GreatBasin,3/26/2007,41.4,51.3,62,61.5,41
GreatBasin,3/27/2007,39.2,46.4,60,54.7,36.7
GreatBasin,3/28/2007,29.5,35.6,42.2,49.3,32.5
GreatBasin,3/29/2007,28.8,36,45.6,45.7,29.3
GreatBasin,3/30/2007,29.6,38,49.4,50.6,31.6
GreatBasin,3/31/2007,36.5,44.4,56.9,55.1,35.8
GreatBasin,4/1/2007,41.3,49.1,58.9,57.8,39.6
GreatBasin,4/2/2007,41.1,48.5,57.5,58.2,40
GreatBasin,4/3/2007,37.6,46.7,58.3,59.9,40.3
GreatBasin,4/4/2007,42.1,51.2,63.9,62.3,41.9
GreatBasin,4/5/2007,46,54.8,64.7,64.5,44.5
GreatBasin,4/6/2007,45.4,55.1,65,64.5,45.1
GreatBasin,4/7/2007,43.8,53.9,63.9,63.7,44.3
GreatBasin,4/8/2007,43.6,52.1,62.1,61.8,43.3
GreatBasin,4/9/2007,42.5,50.6,59.4,59.7,40.7
GreatBasin,4/10/2007,35.9,44.7,57.6,55.6,37
GreatBasin,4/11/2007,32.5,40.8,49.9,52.2,33.6
GreatBasin,4/12/2007,32.3,40.4,49.1,51.4,32.7
GreatBasin,4/13/2007,33.2,42.1,55.2,55,34.7
GreatBasin,4/14/2007,38.7,48.2,60.7,58.4,37.5
GreatBasin,4/15/2007,40.7,49.2,59.3,59.5,38.5
GreatBasin,4/16/2007,36.2,46,58.5,59.8,39.6
GreatBasin,4/17/2007,41.8,51.4,61.7,60.1,38.7
GreatBasin,4/18/2007,38.1,46.1,60,56.3,36.4
GreatBasin,4/19/2007,29.2,37.5,47.2,53,34.2
GreatBasin,4/20/2007,35.4,42.4,51.9,50.9,33.4
GreatBasin,4/21/2007,35.7,43.9,53.7,53.1,36.7
GreatBasin,4/22/2007,39.1,45.9,53.6,53.7,37.3
GreatBasin,4/23/2007,37.2,45,53.7,56.5,38.6
GreatBasin,4/24/2007,39.5,48.6,62.1,60.2,40.3
GreatBasin,4/25/2007,44.2,54,64.9,63.9,42.9
GreatBasin,4/26/2007,45.1,54.7,64.6,66.6,45.2
GreatBasin,4/27/2007,46.2,57,70.4,70.7,47.7
GreatBasin,4/28/2007,51.7,63,77.2,75.3,51
GreatBasin,4/29/2007,55.1,66.5,78.4,77.5,53.7
GreatBasin,4/30/2007,54.2,64.9,76.8,76.8,54.1
GreatBasin,5/1/2007,52.9,63.9,75.1,75,53
GreatBasin,5/2/2007,52,61.2,73,71.5,48.8
GreatBasin,5/3/2007,41.4,50.9,66.4,64.2,43.7
GreatBasin,5/4/2007,37.6,45.3,53.2,57,38
GreatBasin,5/5/2007,34.9,43.3,51.3,54.8,36.7
GreatBasin,5/6/2007,37.6,46.7,59.8,59.3,38.5
GreatBasin,5/7/2007,43.1,53.5,66.7,66.5,43.1
GreatBasin,5/8/2007,48.6,59.9,72.9,72,48.3
GreatBasin,5/9/2007,53.1,64.4,76.3,75.7,52
GreatBasin,5/10/2007,54.2,66,78,78.3,54.1
GreatBasin,5/11/2007,55,67.2,80.5,79.8,55.4
GreatBasin,5/12/2007,57.1,69.3,80.9,80.2,55.8
GreatBasin,5/13/2007,55.3,66.5,79.3,77.8,53.9
GreatBasin,5/14/2007,49.4,61.1,73.2,76.4,51.7
GreatBasin,5/15/2007,50.4,62.9,76.7,76.3,51.3
GreatBasin,5/16/2007,54.1,66.4,78.9,78.6,53.5
GreatBasin,5/17/2007,56,68,80.2,79.5,55.6
GreatBasin,5/18/2007,56.6,68.6,79.5,79.6,56.3
GreatBasin,5/19/2007,56.2,68.1,79.1,78.7,56
GreatBasin,5/20/2007,55.3,66.6,77.4,76.9,54.3
GreatBasin,5/21/2007,51.5,60.5,74.1,71.2,49.7
GreatBasin,5/22/2007,42.2,51.7,62.1,66.2,44.9
GreatBasin,5/23/2007,40.9,51.4,62.3,64.3,42.7
GreatBasin,5/24/2007,45.1,56,68.4,67.8,45.3
GreatBasin,5/25/2007,49.8,61,72.7,72.7,49.4
GreatBasin,5/26/2007,53.2,64.4,76.9,76.5,53
GreatBasin,5/27/2007,55.9,67.9,80,78.4,54.5
GreatBasin,5/28/2007,54.3,65.2,78.2,76.4,52.9
GreatBasin,5/29/2007,48.5,60,71,74.7,51.3
GreatBasin,5/30/2007,51.1,62.7,75,74.5,51.3
GreatBasin,5/31/2007,54.2,65.8,77.4,77.7,54.1
GreatBasin,6/1/2007,57,68.5,80.7,80.2,57
GreatBasin,6/2/2007,59.9,71.4,82.6,82.2,59.4
GreatBasin,6/3/2007,61.2,72.5,83.2,83.4,61
GreatBasin,6/4/2007,62,73.5,84.5,83.3,61.5
GreatBasin,6/5/2007,61.3,71.4,82.3,80.5,56.5
GreatBasin,6/6/2007,46.1,55.5,74.7,72.3,49.3
GreatBasin,6/7/2007,40.5,49.1,59.9,68.2,43.8
GreatBasin,6/8/2007,44.9,56.1,70,69,45.6
GreatBasin,6/9/2007,51.4,63.4,77,74.9,51.1
GreatBasin,6/10/2007,57,67.6,77.7,76.9,54.4
GreatBasin,6/11/2007,54.7,66,76,76.8,55.3
GreatBasin,6/12/2007,54.2,65.6,76.7,78.1,55.3
GreatBasin,6/13/2007,56.9,68.7,81.5,80.4,57.2
GreatBasin,6/14/2007,60.4,71.9,83.1,83.7,59.4
GreatBasin,6/15/2007,61,73.6,86.6,85.9,61.4
GreatBasin,6/16/2007,62.7,75.7,87.9,87,60.6
GreatBasin,6/17/2007,58.1,70,86.4,84.5,58.2
GreatBasin,6/18/2007,53.8,66.2,79.3,84,56.8
GreatBasin,6/19/2007,58.5,71.4,86.4,84.8,58.5
GreatBasin,6/20/2007,63.1,75.9,88.7,87.7,61.6
GreatBasin,6/21/2007,63.2,76.1,88.1,89,63.4
GreatBasin,6/22/2007,64,77.3,90.1,89.1,63.8
GreatBasin,6/23/2007,64.1,76.9,89.2,88.5,63.1
GreatBasin,6/24/2007,61.2,74.2,86.3,86.4,61.1
GreatBasin,6/25/2007,57.9,70.6,83.7,85.1,58.8
GreatBasin,6/26/2007,57.2,70.4,85.2,85.7,58.7
GreatBasin,6/27/2007,61.1,74.7,88.2,87.8,60.3
GreatBasin,6/28/2007,62.6,76.4,89.9,89.1,62.7
GreatBasin,6/29/2007,64.4,77.4,89.3,89.2,63.3
GreatBasin,6/30/2007,62.9,76.1,88.3,89.5,63.7
GreatBasin,7/1/2007,63.9,76.9,90.9,90.3,64.2
GreatBasin,7/2/2007,65.7,79.1,91.6,91.3,64.9
GreatBasin,7/3/2007,65.1,78.6,91.5,92.6,66
GreatBasin,7/4/2007,67.1,80.6,94.6,94,67.4
GreatBasin,7/5/2007,70,83.2,96,95.6,69.4
GreatBasin,7/6/2007,71.2,84.5,96.3,95.7,70.8
GreatBasin,7/7/2007,71.1,83.5,94.8,94.4,69.8
GreatBasin,7/8/2007,67.1,79.8,92.2,93,68.4
GreatBasin,7/9/2007,66.9,79.6,91.9,91.8,67.1
GreatBasin,7/10/2007,67.2,79.6,91.3,91.1,67.4
GreatBasin,7/11/2007,68,79.1,90.2,89.9,67.2
GreatBasin,7/12/2007,66.5,77.6,88.1,90.1,67.4
GreatBasin,7/13/2007,67.6,79.4,92.1,91.3,67.8
GreatBasin,7/14/2007,69.3,81.6,93.6,93.1,69
GreatBasin,7/15/2007,70.2,82.3,93.7,93.2,70.1
GreatBasin,7/16/2007,70.7,81.9,92.3,91.8,69.9
GreatBasin,7/17/2007,68.9,80,89.5,90.8,68.9
GreatBasin,7/18/2007,67.1,79,90.7,89.9,67.4
GreatBasin,7/19/2007,66.1,78.4,89.6,90.3,66.4
GreatBasin,7/20/2007,66,78.5,90.5,90.2,66.4
GreatBasin,7/21/2007,67,78.9,90.6,91.1,67.2
GreatBasin,7/22/2007,68.6,80.4,92.3,91.5,68.7
GreatBasin,7/23/2007,70.6,81.2,91.6,91,69.5
GreatBasin,7/24/2007,69.3,79.2,89,88.3,69
GreatBasin,7/25/2007,67,76,84.2,86.2,67.2
GreatBasin,7/26/2007,65.3,75.3,85.5,85.8,66.3
GreatBasin,7/27/2007,66.6,76.8,87.8,87.7,66.3
GreatBasin,7/28/2007,67.1,78.2,89.9,89.6,67.4
GreatBasin,7/29/2007,68.4,79.8,91.1,90.5,68.3
GreatBasin,7/30/2007,69.4,80.3,90.6,90.2,68.8
GreatBasin,7/31/2007,68.6,78.7,89,88.8,68.5
GreatBasin,8/1/2007,67.4,77.1,86.8,86.9,67.9
GreatBasin,8/2/2007,67.7,76.3,85,86.3,67.6
GreatBasin,8/3/2007,67.8,77.1,87,86.8,67.5
GreatBasin,8/4/2007,67.1,77.8,88.4,87.5,66.9
GreatBasin,8/5/2007,65.8,76.4,87.1,86.7,64.9
GreatBasin,8/6/2007,61.9,73.3,84.7,84.9,63
GreatBasin,8/7/2007,61.2,72.2,83,83.8,61.1
GreatBasin,8/8/2007,60.3,71.7,83.7,84.7,61.4
GreatBasin,8/9/2007,62.8,74.4,87.3,85.7,62.1
GreatBasin,8/10/2007,63.2,74.7,86.1,86.9,62.6
GreatBasin,8/11/2007,61.9,74.1,87.3,88,63.5
GreatBasin,8/12/2007,65.4,77.3,90.5,89.9,64.9
GreatBasin,8/13/2007,67.4,79.3,91.8,91.2,67
GreatBasin,8/14/2007,68.2,79.8,91.3,91.3,67.6
GreatBasin,8/15/2007,67.3,79.3,90.9,91.2,67.9
GreatBasin,8/16/2007,68.2,79.9,91.5,90.7,67.7
GreatBasin,8/17/2007,67.6,78.3,89.7,89.3,67.3
GreatBasin,8/18/2007,66.1,76.4,86.7,87.6,66.2
GreatBasin,8/19/2007,64.9,75.6,86.4,85.9,63.4
GreatBasin,8/20/2007,59.1,71.2,84.5,85.2,62
GreatBasin,8/21/2007,62,72.8,84.6,84.7,61
GreatBasin,8/22/2007,61.9,73.5,84.9,84.4,61.1
GreatBasin,8/23/2007,59.5,71.5,83.6,84.1,60.2
GreatBasin,8/24/2007,59.3,71.2,83.9,85.5,60.5
GreatBasin,8/25/2007,62.8,74.7,89,86.6,62.5
GreatBasin,8/26/2007,65.5,75.4,87,86,63.4
GreatBasin,8/27/2007,61.9,71.8,81.9,84.4,62.8
GreatBasin,8/28/2007,61.1,71.9,84.2,84.7,62.1
GreatBasin,8/29/2007,63.3,74.7,88.1,87.6,64
GreatBasin,8/30/2007,67.5,78.5,90.5,88.9,66
GreatBasin,8/31/2007,67.3,77.6,88.1,88.8,67.2
GreatBasin,9/1/2007,66.7,77.1,87.9,88.5,67
GreatBasin,9/2/2007,67.1,77.8,89.6,89.1,67
GreatBasin,9/3/2007,67.2,78.1,89.8,89.1,67.1
GreatBasin,9/4/2007,67,77,88,86.5,64.8
GreatBasin,9/5/2007,60.2,69.7,81.6,82.4,61.4
GreatBasin,9/6/2007,57,67.1,77.6,80,58
GreatBasin,9/7/2007,56.8,68,80.8,79.3,57.2
GreatBasin,9/8/2007,57.9,68.3,79.5,79.3,57.3
GreatBasin,9/9/2007,57.3,67.4,77.6,78.2,56.5
GreatBasin,9/10/2007,54.4,65.4,77.4,78.9,56.2
GreatBasin,9/11/2007,56.8,68.1,81.7,80.5,56.8
GreatBasin,9/12/2007,59.3,70.4,82.4,81.7,58.2
GreatBasin,9/13/2007,58.4,69.3,81,81.3,58.4
GreatBasin,9/14/2007,57.5,68.6,80.6,80.7,57.7
GreatBasin,9/15/2007,57.1,68.2,80.6,80,57.4
GreatBasin,9/16/2007,57.6,67.9,78.7,78.4,55.7
GreatBasin,9/17/2007,52.3,62.6,75.9,74.9,53.1
GreatBasin,9/18/2007,49.3,59.1,70.2,72.3,50.7
GreatBasin,9/19/2007,50.4,59.8,70.9,70.6,49.3
GreatBasin,9/20/2007,48.3,58.9,70.6,71.8,50
GreatBasin,9/21/2007,51.4,61,73.8,72.3,51.6
GreatBasin,9/22/2007,55.2,63,72.4,70.6,51.9
GreatBasin,9/23/2007,49,55.3,65.6,65.3,48.7
GreatBasin,9/24/2007,41.9,49.4,57.9,62.1,44.2
GreatBasin,9/25/2007,41.7,50.8,62.9,62.7,43
GreatBasin,9/26/2007,45.4,54.8,67.3,67.5,45.4
GreatBasin,9/27/2007,49,58.9,72.2,70.5,49.3
GreatBasin,9/28/2007,53.5,61.9,72.1,70.8,49
GreatBasin,9/29/2007,44.6,52.9,68,67.8,45.5
GreatBasin,9/30/2007,38.5,48.2,63.3,65.8,44.2
GreatBasin,10/1/2007,49.5,56.3,66.2,64.1,43.6
GreatBasin,10/2/2007,42.7,52.1,62.9,65.5,47
GreatBasin,10/3/2007,48.9,56.5,67.3,65.5,46.6
GreatBasin,10/4/2007,48.3,56.6,66.3,65.8,47.3
GreatBasin,10/5/2007,44.8,52.1,63.7,60.9,43.2
GreatBasin,10/6/2007,36.4,43.2,52.7,56.7,38.8
GreatBasin,10/7/2007,35.1,42.4,53.8,57,37.6
GreatBasin,10/8/2007,41.4,49.5,64.5,62.9,41
GreatBasin,10/9/2007,46.4,56,70.4,67.6,45.8
GreatBasin,10/10/2007,49.6,58.2,68,67.4,46.3
GreatBasin,10/11/2007,43,52.6,63.7,65,46.2
GreatBasin,10/12/2007,45.9,53.5,63.2,62.3,44.2
GreatBasin,10/13/2007,43.7,51.6,60,61.7,44.2
GreatBasin,10/14/2007,42.9,51,62,62,43.6
GreatBasin,10/15/2007,44.1,52.9,64.1,62.3,44
GreatBasin,10/16/2007,45.1,52.5,60.7,60.1,42.9
GreatBasin,10/17/2007,39.5,46.3,55.5,55.8,40
GreatBasin,10/18/2007,35.5,42.4,51.1,56.2,39.9
GreatBasin,10/19/2007,44.8,50.1,62,57.4,41.8
GreatBasin,10/20/2007,45.1,50.9,59,56.7,40.8
GreatBasin,10/21/2007,32.4,39.9,49,53.7,37.3
GreatBasin,10/22/2007,34.3,41,53.2,54.9,36.1
GreatBasin,10/23/2007,41.6,48.9,62.4,61,40.6
GreatBasin,10/24/2007,45.8,54,67.4,65.1,45
GreatBasin,10/25/2007,47.7,56,65.4,64.5,45.7
GreatBasin,10/26/2007,43.5,52,60.7,62.5,44.4
GreatBasin,10/27/2007,42.1,50.3,61.3,62.4,43.7
GreatBasin,10/28/2007,45.5,53.4,65.2,64.1,44.9
GreatBasin,10/29/2007,47.2,55.3,65.8,63.9,46.6
GreatBasin,10/30/2007,47.1,53.7,60.8,60.9,44.5
GreatBasin,10/31/2007,39.2,47.2,56.2,57.8,42
GreatBasin,11/1/2007,39.8,47,56.3,55.8,39
GreatBasin,11/2/2007,37.9,45.7,54.8,56.2,39
GreatBasin,11/3/2007,39.2,46.3,57.5,57.4,39.4
GreatBasin,11/4/2007,41,48.6,60,58.8,40.6
GreatBasin,11/5/2007,41.5,49.3,59,60,41.4
GreatBasin,11/6/2007,41.8,49.6,61,60.8,42.5
GreatBasin,11/7/2007,44.3,51.6,62.4,62,43.7
GreatBasin,11/8/2007,44.9,52.5,62.7,62.1,44.5
GreatBasin,11/9/2007,44.4,51.6,61.1,60.7,44.1
GreatBasin,11/10/2007,43.1,50.3,58.3,57.3,42.9
GreatBasin,11/11/2007,41.2,47,52.6,54.2,39.9
GreatBasin,11/12/2007,35.3,42.4,51.8,52.5,39.6
GreatBasin,11/13/2007,42.3,46,53,51.4,37.4
GreatBasin,11/14/2007,34.6,41.8,49.4,52.6,38.1
GreatBasin,11/15/2007,37.3,43,55.5,54,38
GreatBasin,11/16/2007,42.1,47.8,57.1,56.7,41
GreatBasin,11/17/2007,43.6,49.1,57.4,57.8,43.1
GreatBasin,11/18/2007,43.5,49.9,58.9,57.5,43.4
GreatBasin,11/19/2007,43.2,49.2,56.2,55,40.6
GreatBasin,11/20/2007,35.1,41.4,49.8,48.4,34.3
GreatBasin,11/21/2007,24.7,31.7,39.1,42.4,27.4
GreatBasin,11/22/2007,22.5,28.9,38.3,38.5,23.5
GreatBasin,11/23/2007,23.4,29.7,38.1,39.5,23.7
GreatBasin,11/24/2007,25.2,31.1,42,41.1,26.1
GreatBasin,11/25/2007,29.6,34.7,43.2,42.9,27.9
GreatBasin,11/26/2007,28.9,35.2,43.4,43.1,30.4
GreatBasin,11/27/2007,32.6,36.1,42.8,41,28.9
GreatBasin,11/28/2007,25.1,31.4,36.9,39.9,28.2
GreatBasin,11/29/2007,27,31,40,38,26.3
GreatBasin,11/30/2007,26.9,30.9,37.1,36.6,26.6
GreatBasin,12/1/2007,26,29.5,32.8,35.2,25.1
GreatBasin,12/2/2007,22.3,26.7,35.8,37.6,26.1
GreatBasin,12/3/2007,29.9,34.2,44.3,43.5,30.2
GreatBasin,12/4/2007,38.5,41.8,50.3,47.4,35.2
GreatBasin,12/5/2007,37.2,42.3,47.5,46.8,36.7
GreatBasin,12/6/2007,34.3,38.3,42.6,42.9,34.9
GreatBasin,12/7/2007,33.1,35.6,38.6,38.7,31
GreatBasin,12/8/2007,25.7,29.8,34.9,35,26.6
GreatBasin,12/9/2007,21.1,25.2,31.4,32.7,23
GreatBasin,12/10/2007,22.2,25.6,31.7,30.7,20.5
GreatBasin,12/11/2007,18.1,22.9,28.9,30.1,19.6
GreatBasin,12/12/2007,18.4,22.1,29.8,29.6,18.9
GreatBasin,12/13/2007,20.2,23.7,30.1,29.3,19
GreatBasin,12/14/2007,18.4,22.3,28.1,29.5,18.8
GreatBasin,12/15/2007,17.9,21.8,30.3,30.9,19.4
GreatBasin,12/16/2007,21.8,26.1,34.4,33.6,21.8
GreatBasin,12/17/2007,25.8,28.7,36.2,36.1,24.7
GreatBasin,12/18/2007,26.4,30.4,37.7,37.4,27.9
GreatBasin,12/19/2007,31.5,33.9,38.4,38.2,29.7
GreatBasin,12/20/2007,31.2,33.7,38.4,37.1,27.4
GreatBasin,12/21/2007,19.5,25.7,34.4,32.8,21.5
GreatBasin,12/22/2007,13.8,18,25.5,31.1,17.8
GreatBasin,12/23/2007,20.1,24.9,33.4,32.2,20.7
GreatBasin,12/24/2007,28.1,31.6,37.7,34.5,21.8
GreatBasin,12/25/2007,17.1,23.4,32.3,31.9,20.1
GreatBasin,12/26/2007,15.2,19,25.6,26.8,14.9
GreatBasin,12/27/2007,12.4,17.1,22.4,24.2,13.6
GreatBasin,12/28/2007,13.2,16.8,24.5,25.5,14.8
GreatBasin,12/29/2007,18.8,21.8,29.5,28.5,18.9
GreatBasin,12/30/2007,24.7,26.8,31.5,29.4,20.1
GreatBasin,12/31/2007,16.9,22,27.3,28.3,17.9
GreatBasin,1/1/2008,12,17.3,26,28.8,15.6
GreatBasin,1/2/2008,18,22.3,33.2,32.4,18.5
GreatBasin,1/3/2008,25.4,29.1,37.9,37.1,25
GreatBasin,1/4/2008,31.5,34.3,40.1,38.6,30.2
GreatBasin,1/5/2008,33.8,36,37.7,37.4,30.9
GreatBasin,1/6/2008,27.4,30,34.3,34.1,27
GreatBasin,1/7/2008,19.8,24.7,30.3,31.5,22.2
GreatBasin,1/8/2008,19.3,23.3,29.9,30.9,21.5
GreatBasin,1/9/2008,25.3,28.2,32.6,32.3,22.2
GreatBasin,1/10/2008,22.1,26,34.3,34.4,25.1
GreatBasin,1/11/2008,28,31.6,36.4,35.5,25.1
GreatBasin,1/12/2008,25.3,29.9,35.8,35.9,26.7
GreatBasin,1/13/2008,26.7,30.2,35.5,35.2,24.7
GreatBasin,1/14/2008,22.1,26.8,34.2,33.3,24.3
GreatBasin,1/15/2008,24.1,27.3,30.2,29.7,18.5
GreatBasin,1/16/2008,9.2,15.7,24.6,26.3,14.4
GreatBasin,1/17/2008,9.9,14,24.1,25.2,11.7
GreatBasin,1/18/2008,16.1,19.5,27,27.4,14.3
GreatBasin,1/19/2008,16.8,21.1,31.1,29.4,17.5
GreatBasin,1/20/2008,19.7,23.9,30,29,17.3
GreatBasin,1/21/2008,15.5,20.8,26,27,15.9
GreatBasin,1/22/2008,12.4,17,25.1,25.7,13.7
GreatBasin,1/23/2008,13.3,18,25.9,26.7,13.8
GreatBasin,1/24/2008,15.6,19.8,29.1,29,16.3
GreatBasin,1/25/2008,20,23.8,31.9,32.6,19.8
GreatBasin,1/26/2008,23.8,27.7,36.8,35.2,24.2
GreatBasin,1/27/2008,28.7,31.5,36.9,36.5,25.8
GreatBasin,1/28/2008,24.8,29.7,35.8,32.7,21.9
GreatBasin,1/29/2008,12.3,17.3,25.5,29.2,18
GreatBasin,1/30/2008,16.9,21.2,26.2,26.8,14.9
GreatBasin,1/31/2008,15.6,19.8,28.7,28.7,18.1
GreatBasin,2/1/2008,21.7,25.8,31.1,30.2,18.8
GreatBasin,2/2/2008,19.1,23.6,30.8,31.5,21.4
GreatBasin,2/3/2008,23.3,26.5,32.5,31.2,20
GreatBasin,2/4/2008,17.6,23.2,30.3,29.4,17.9
GreatBasin,2/5/2008,12.7,17.5,25.5,28.8,15.9
GreatBasin,2/6/2008,17.4,21.8,30.6,30.8,17.1
GreatBasin,2/7/2008,21.1,26.3,36.4,34.5,20.8
GreatBasin,2/8/2008,23.8,29.8,36.6,37.1,24.2
GreatBasin,2/9/2008,27.8,31.5,38.3,38.8,26.7
GreatBasin,2/10/2008,28.4,33.2,41.5,40.5,29.1
GreatBasin,2/11/2008,31,35.8,41.7,41.8,29.6
GreatBasin,2/12/2008,29.3,34.2,42.3,41.5,30.8
GreatBasin,2/13/2008,32.1,35.5,40.6,39.9,26.9
GreatBasin,2/14/2008,19.2,26.1,36.8,37.3,23.5
GreatBasin,2/15/2008,19.1,24.5,34.5,36.2,20.8
GreatBasin,2/16/2008,24.1,28.5,37.3,36.1,22.2
GreatBasin,2/17/2008,23.4,29.5,36.4,37.5,23.5
GreatBasin,2/18/2008,23.1,28.9,38.8,38.4,24.1
GreatBasin,2/19/2008,25.7,31.7,40.1,39.2,25.7
GreatBasin,2/20/2008,28.2,32.8,38.7,39.1,26.6
GreatBasin,2/21/2008,25.9,31.2,38.4,38,27.4
GreatBasin,2/22/2008,28,31.7,37,38,27
GreatBasin,2/23/2008,27,31.6,38.6,39,28.8
GreatBasin,2/24/2008,31.5,35,41.3,40.2,29.6
GreatBasin,2/25/2008,30.2,34.8,40.6,41.3,30
GreatBasin,2/26/2008,28.3,34.2,42,42.4,29.3
GreatBasin,2/27/2008,29.4,35.1,44.7,44.4,30.1
GreatBasin,2/28/2008,32.7,38.8,46.5,46.7,31.6
GreatBasin,2/29/2008,32.6,39.2,48.9,47.9,34.6
GreatBasin,3/1/2008,38.4,42.9,48.3,47.2,32.1
GreatBasin,3/2/2008,25.4,32.5,44.4,43.8,28.4
GreatBasin,3/3/2008,21.3,27.8,38.7,41.1,25
GreatBasin,3/4/2008,28.2,33.5,40.3,39,24
GreatBasin,3/5/2008,22.6,29.7,38.1,39,24.3
GreatBasin,3/6/2008,22.1,28.9,38.7,40.4,23.6
GreatBasin,3/7/2008,26,32.9,44.3,42.8,26.8
GreatBasin,3/8/2008,32.4,37.8,45.3,44.9,29.2
GreatBasin,3/9/2008,29.2,36.1,45.2,46.3,30.8
GreatBasin,3/10/2008,30.7,37.8,48.4,48.4,31.8
GreatBasin,3/11/2008,35.4,41.9,51.6,50.1,33.9
GreatBasin,3/12/2008,35.6,42.5,50.4,50.7,35.8
GreatBasin,3/13/2008,36.5,42.2,50,49.7,34.9
GreatBasin,3/14/2008,32.6,39,48.8,46.8,32.4
GreatBasin,3/15/2008,28.1,34.3,41.6,43.1,28.5
GreatBasin,3/16/2008,24.9,31.2,38.8,40.9,25.9
GreatBasin,3/17/2008,24.6,31.4,42.2,43,26.9
GreatBasin,3/18/2008,31.2,37.2,48.1,47.1,30
GreatBasin,3/19/2008,34.2,41.4,51.1,49.7,33.6
GreatBasin,3/20/2008,35.3,42.1,49.9,49.5,34.4
GreatBasin,3/21/2008,33.6,40,47.6,48.1,32.9
GreatBasin,3/22/2008,29.7,37.8,46.7,48.4,30.8
GreatBasin,3/23/2008,29.2,38.1,50.9,50.6,32
GreatBasin,3/24/2008,37.1,44,54.3,53,34.6
GreatBasin,3/25/2008,37.6,45.1,53.7,53.6,37.2
GreatBasin,3/26/2008,36.9,44.6,52.9,52.3,35.3
GreatBasin,3/27/2008,31.4,39.3,50.4,50.6,32.3
GreatBasin,3/28/2008,28.5,36.9,48.6,48.9,31.3
GreatBasin,3/29/2008,33.9,40.3,47.6,47,30.6
GreatBasin,3/30/2008,29.4,36.7,44.7,44.7,29.8
GreatBasin,3/31/2008,26.1,33.6,41.9,44.5,26.8
GreatBasin,4/1/2008,25,34.2,47,46.4,27.3
GreatBasin,4/2/2008,30.8,39.3,50.4,49.2,29.2
GreatBasin,4/3/2008,31.7,40.6,50.1,51.5,31.8
GreatBasin,4/4/2008,32.9,42.1,53.9,52.2,33.1
GreatBasin,4/5/2008,34.8,42.9,52.7,53,33.6
GreatBasin,4/6/2008,33.2,41.6,52.4,52.1,33.9
GreatBasin,4/7/2008,33.6,41.6,51.3,51.1,32.7
GreatBasin,4/8/2008,31.2,39.8,49.6,49.7,32.1
GreatBasin,4/9/2008,31.6,38.9,48.2,48.4,30.8
GreatBasin,4/10/2008,29.7,37.6,47.4,48.6,30.9
GreatBasin,4/11/2008,31.4,39.9,50.2,51.7,31.8
GreatBasin,4/12/2008,34.2,43.6,57.4,57.6,35.5
GreatBasin,4/13/2008,40.8,50.9,65.1,63.5,40.2
GreatBasin,4/14/2008,45.5,55.9,68,66.2,42.3
GreatBasin,4/15/2008,40.6,49.8,65.6,60.6,38.4
GreatBasin,4/16/2008,29.1,37.9,48.1,56,33.6
GreatBasin,4/17/2008,31.1,40.4,54.3,55,33
GreatBasin,4/18/2008,38.8,48.5,62.6,59.5,37.1
GreatBasin,4/19/2008,41.5,51.1,61.6,60.4,37.7
GreatBasin,4/20/2008,32.9,42.3,57,55.8,34
GreatBasin,4/21/2008,27.7,37.3,48.8,54.9,31.8
GreatBasin,4/22/2008,34.8,44.4,58.8,55.2,34.7
GreatBasin,4/23/2008,41.6,48.6,58,57,37.2
GreatBasin,4/24/2008,35.3,43.9,54.3,55.8,36.7
GreatBasin,4/25/2008,33.3,42.9,55,55.4,35.3
GreatBasin,4/26/2008,37.3,46.6,57,58.5,36.1
GreatBasin,4/27/2008,37.6,48.8,63.4,63.6,39.7
GreatBasin,4/28/2008,44.1,55.5,70.4,67.8,43.6
GreatBasin,4/29/2008,49.2,59.5,69.7,68.7,44.3
GreatBasin,4/30/2008,39.7,49.4,65.9,62.1,40.1
GreatBasin,5/1/2008,31.3,40.5,50.7,57.3,34.9
GreatBasin,5/2/2008,33.6,43.1,55.4,55.9,34.3
GreatBasin,5/3/2008,38.1,48.7,61.5,60.7,38.4
GreatBasin,5/4/2008,43.4,53.6,65.1,65.3,42.5
GreatBasin,5/5/2008,46.1,56.9,69.2,67.8,46.1
GreatBasin,5/6/2008,48.7,59.2,69,68.5,47.6
GreatBasin,5/7/2008,47.9,56.6,67.4,66.2,46.2
GreatBasin,5/8/2008,41.9,52.1,62.3,63.8,44.5
GreatBasin,5/9/2008,43.7,52.9,61.6,62.6,42.2
GreatBasin,5/10/2008,41.1,51.7,63.8,65,43.8
GreatBasin,5/11/2008,46.7,57.1,69.6,67.2,43.4
GreatBasin,5/12/2008,42.5,52.8,68.1,66.3,42.3
GreatBasin,5/13/2008,37.8,48.5,61.3,64.8,42.1
GreatBasin,5/14/2008,46.1,54.6,65.1,65.6,44
GreatBasin,5/15/2008,48.1,58.3,70.4,70.5,48.5
GreatBasin,5/16/2008,51.2,62.6,75.9,75.8,51.8
GreatBasin,5/17/2008,56.2,68,81,80.6,55.9
GreatBasin,5/18/2008,60.2,72.1,84.8,83.1,59.3
GreatBasin,5/19/2008,61.5,72.9,83.5,84.2,60.9
GreatBasin,5/20/2008,61.1,73,84.2,82.5,57.2
GreatBasin,5/21/2008,49,59,79.7,73.6,49.6
GreatBasin,5/22/2008,38.7,46.5,57,64,42.5
GreatBasin,5/23/2008,39.9,47.1,55.2,56.5,39.7
GreatBasin,5/24/2008,40.5,48.6,57.4,58.2,41
GreatBasin,5/25/2008,42.6,51.7,62,60.2,42.5
GreatBasin,5/26/2008,44.4,52.2,61.3,62.4,43.6
GreatBasin,5/27/2008,43.9,52.7,63.9,63.9,44.9
GreatBasin,5/28/2008,46.4,56.3,66.5,65.2,45.6
GreatBasin,5/29/2008,46.4,56.3,65.1,66.6,46.6
GreatBasin,5/30/2008,47,57.2,68.1,69,47.8
GreatBasin,5/31/2008,49.9,61.3,73.8,72.5,49.9
GreatBasin,6/1/2008,52.8,64.2,75.7,74.6,51.7
GreatBasin,6/2/2008,52.3,63.3,74.2,73.6,52.1
GreatBasin,6/3/2008,51.3,61.5,70.8,71.4,50.7
GreatBasin,6/4/2008,48.6,57.1,69.3,68.4,47.5
GreatBasin,6/5/2008,42.6,52.3,65,67.6,46.3
GreatBasin,6/6/2008,47.8,58,68.6,66.9,45.3
GreatBasin,6/7/2008,45.6,56.1,67.2,67.7,46.2
GreatBasin,6/8/2008,45.1,56.2,67.3,70,46.6
GreatBasin,6/9/2008,49.2,61.2,75.4,72.6,49.7
GreatBasin,6/10/2008,54.8,64.5,75,72.7,49.1
GreatBasin,6/11/2008,43.4,53.9,67.7,70.4,47.9
GreatBasin,6/12/2008,45.6,56.1,68.4,70.9,46.3
GreatBasin,6/13/2008,49.8,62,76.5,75.8,50.6
GreatBasin,6/14/2008,56.3,68.7,82.4,80.8,54.9
GreatBasin,6/15/2008,58.7,71.2,83.5,83.8,58.3
GreatBasin,6/16/2008,59.9,72.7,85.5,85.2,60.1
GreatBasin,6/17/2008,61.8,74.6,86.7,85.7,60.6
GreatBasin,6/18/2008,60.2,72.6,85,84.6,60.3
GreatBasin,6/19/2008,58.8,71.1,82.2,84.5,59.8
GreatBasin,6/20/2008,60.3,73,86.3,86.2,60.8
GreatBasin,6/21/2008,63.3,76.6,90.2,88.5,62.5
GreatBasin,6/22/2008,63.9,76.4,89.1,88.1,62.7
GreatBasin,6/23/2008,60.9,73.7,85.1,86.6,62.1
GreatBasin,6/24/2008,61.6,74.1,85.5,85.5,61.2
GreatBasin,6/25/2008,61.2,74.1,85.9,85.4,61.6
GreatBasin,6/26/2008,62,74.3,84.9,84.9,61
GreatBasin,6/27/2008,59.8,72.4,83.8,85.3,61.2
GreatBasin,6/28/2008,61.8,74.1,87.1,87.3,62.1
GreatBasin,6/29/2008,64.6,77.6,90.9,89.7,64.4
GreatBasin,6/30/2008,66.8,79.6,91.1,90.5,66.2
GreatBasin,7/1/2008,67.1,78.8,89.4,89.5,66.2
GreatBasin,7/2/2008,64.8,77,88,89.9,65.9
GreatBasin,7/3/2008,65.7,78.5,92.3,90.5,66.2
GreatBasin,7/4/2008,68,80.2,91.2,91.1,66.3
GreatBasin,7/5/2008,65.1,77.5,89.8,89.1,65.7
GreatBasin,7/6/2008,63.9,75.6,86.2,87.5,63.9
GreatBasin,7/7/2008,62.6,74.8,86.5,87.2,63.6
GreatBasin,7/8/2008,64.3,76.5,88.9,88.6,64
GreatBasin,7/9/2008,65.1,77.8,90.4,90.1,65.3
GreatBasin,7/10/2008,66.5,78.8,91,90.4,65
GreatBasin,7/11/2008,63.5,74.6,89.8,88,63.2
GreatBasin,7/12/2008,59.7,71.5,83.1,86,62
GreatBasin,7/13/2008,62.8,74,85.1,84.8,62.4
GreatBasin,7/14/2008,64.7,75.5,86.1,86.4,64.2
GreatBasin,7/15/2008,65,76.4,87.9,87.1,65
GreatBasin,7/16/2008,65.2,76.8,87.4,87.5,64.8
GreatBasin,7/17/2008,64.2,76.1,87.2,87.8,64.7
GreatBasin,7/18/2008,64.6,76.7,88.8,88.5,64.3
GreatBasin,7/19/2008,64.1,76.9,89.4,88.9,65.3
GreatBasin,7/20/2008,67.1,78,88.5,88.1,65.8
GreatBasin,7/21/2008,66.2,76.3,86.3,87.1,66.7
GreatBasin,7/22/2008,66.7,76.7,86.5,86.7,65.6
GreatBasin,7/23/2008,63.9,75.4,87.4,87.5,64.7
GreatBasin,7/24/2008,63.5,76.2,88.7,89.2,64.4
GreatBasin,7/25/2008,65.9,78.2,91.4,90.1,65.8
GreatBasin,7/26/2008,68,78.9,90.2,90.1,66.7
GreatBasin,7/27/2008,66.2,77.6,88.6,88.8,66.3
GreatBasin,7/28/2008,64.6,76.4,87.7,88.5,65.4
GreatBasin,7/29/2008,65.3,77.1,89.3,88.4,64.8
GreatBasin,7/30/2008,64.6,76.4,88.3,89.1,64.5
GreatBasin,7/31/2008,63.7,76,89.6,90,65.2
GreatBasin,8/1/2008,67.4,79.5,92.2,90.9,66.4
GreatBasin,8/2/2008,68.1,79.4,91,90.6,66.9
GreatBasin,8/3/2008,65.2,77.1,88.5,89.1,65.8
GreatBasin,8/4/2008,64.1,76.1,87.9,88.2,65
GreatBasin,8/5/2008,65.7,76.8,88.2,88,65.5
GreatBasin,8/6/2008,66.7,77.5,87.8,87.7,66.4
GreatBasin,8/7/2008,66.8,77.5,87,87,66.8
GreatBasin,8/8/2008,66.9,76.5,86.3,86.6,66.3
GreatBasin,8/9/2008,65.3,76.1,86.6,86.2,64.9
GreatBasin,8/10/2008,62.6,74.2,85.6,85.4,62.7
GreatBasin,8/11/2008,60.3,72.2,84,85.6,61.5
GreatBasin,8/12/2008,61.7,73.6,87.1,86.6,62.1
GreatBasin,8/13/2008,64.4,76.2,88.6,88,63.9
GreatBasin,8/14/2008,65.5,76.9,88.2,87.9,64.6
GreatBasin,8/15/2008,63.9,75.4,87,86.7,63.6
GreatBasin,8/16/2008,61.4,73.4,85,86.2,62.5
GreatBasin,8/17/2008,62.2,74.2,86.5,86.6,62.5
GreatBasin,8/18/2008,63.9,75.9,88.3,87.3,63.4
GreatBasin,8/19/2008,64,75.3,87,86.5,63
GreatBasin,8/20/2008,61.1,72.6,84.1,85,62.4
GreatBasin,8/21/2008,62.1,73,84,83.5,60.2
GreatBasin,8/22/2008,57.5,69.8,82.5,84.7,60.3
GreatBasin,8/23/2008,61.3,73,87.7,87,61.5
GreatBasin,8/24/2008,65.7,77.5,90.8,89.2,64.9
GreatBasin,8/25/2008,67.7,78.5,89.2,88.7,64.3
GreatBasin,8/26/2008,59.6,70.9,86,85.8,62
GreatBasin,8/27/2008,58.6,69.1,82.3,84,59.1
GreatBasin,8/28/2008,59.1,71,83.7,84.2,59.7
GreatBasin,8/29/2008,61.4,73.1,86.5,85.8,61.6
GreatBasin,8/30/2008,64.4,75.5,87.2,86,62
GreatBasin,8/31/2008,60.2,70.2,84.4,81.3,58.3
GreatBasin,9/1/2008,50.3,59.2,72.4,76.1,52.4
GreatBasin,9/2/2008,46.8,57.7,71.5,73.2,49.9
GreatBasin,9/3/2008,52.7,63.2,75.7,74.8,51.4
GreatBasin,9/4/2008,54.7,65.4,77.3,76.6,53.8
GreatBasin,9/5/2008,54.1,65.3,76.8,77.6,54.9
GreatBasin,9/6/2008,56,66.7,78.7,78.3,55.8
GreatBasin,9/7/2008,57.3,67.8,79.3,79.3,56.5
GreatBasin,9/8/2008,56.1,67.4,80,79.6,57.5
GreatBasin,9/9/2008,59,68.8,79.6,78.9,56.7
GreatBasin,9/10/2008,55,64.4,77.2,76.2,54.9
GreatBasin,9/11/2008,50.6,60.8,71.7,74.6,52.2
GreatBasin,9/12/2008,51,61.9,74.8,74.3,51.7
GreatBasin,9/13/2008,53.6,64.3,76.4,76.8,52.9
GreatBasin,9/14/2008,54.2,65.6,79.1,79.2,54.9
GreatBasin,9/15/2008,56.8,68.3,82.2,81.1,56.5
GreatBasin,9/16/2008,58.6,69.8,81.9,81.2,58.2
GreatBasin,9/17/2008,59.1,69.1,79.5,80.1,58.9
GreatBasin,9/18/2008,58.9,68.2,79,79.5,58.8
GreatBasin,9/19/2008,58.5,68.4,79.9,78.5,58.2
GreatBasin,9/20/2008,57.1,66.3,76.7,76.1,56
GreatBasin,9/21/2008,52.3,61.6,71.8,72.3,53.3
GreatBasin,9/22/2008,50.5,58.9,68.4,70.1,50.1
GreatBasin,9/23/2008,47.4,57.5,70.2,72,49.7
GreatBasin,9/24/2008,51.1,61.8,77.4,75.9,52
GreatBasin,9/25/2008,57.5,67.2,80.2,78.4,55.3
GreatBasin,9/26/2008,57.2,67,77.7,78.6,57.4
GreatBasin,9/27/2008,57.5,66.8,78,77.5,57.6
GreatBasin,9/28/2008,58.2,67,76.8,77.9,57.7
GreatBasin,9/29/2008,57.4,66.9,78.9,78.5,58.2
GreatBasin,9/30/2008,59,68.3,79.7,79.4,58.4
GreatBasin,10/1/2008,58.7,68.5,79.5,78.7,58.7
GreatBasin,10/2/2008,58.4,67.4,76.9,76.5,57.1
GreatBasin,10/3/2008,54.2,63,73.2,72.8,55.4
GreatBasin,10/4/2008,53.5,58,68.3,67.2,51
GreatBasin,10/5/2008,45.3,51.9,60.2,64.1,47.8
GreatBasin,10/6/2008,44.5,52.5,63.8,64.5,45.9
GreatBasin,10/7/2008,48,56.5,69.5,66.7,46.7
GreatBasin,10/8/2008,47.5,56.8,66.7,66.5,47.1
GreatBasin,10/9/2008,45.7,54,63.2,62.8,43
GreatBasin,10/10/2008,35.8,44.8,58.4,56.5,37.6
GreatBasin,10/11/2008,31.4,38,48,49.6,31.6
GreatBasin,10/12/2008,27.7,34.2,42.3,46.1,29.3
GreatBasin,10/13/2008,28.9,36,48.1,48.5,30.5
GreatBasin,10/14/2008,34.8,42,55,54.6,34.6
GreatBasin,10/15/2008,40.2,48.1,60.7,59.4,39.7
GreatBasin,10/16/2008,44,51.7,62.5,63.9,43.5
GreatBasin,10/17/2008,46.3,54.9,68.6,66.9,46.6
GreatBasin,10/18/2008,49.6,58.2,69.5,67.8,47.9
GreatBasin,10/19/2008,47.9,56.6,65.4,67,48.2
GreatBasin,10/20/2008,47.2,55.5,66.1,64.4,46.2
GreatBasin,10/21/2008,43.6,51.6,61.8,60.7,42.1
GreatBasin,10/22/2008,35.5,44.5,54.3,58.5,38.8
GreatBasin,10/23/2008,37.2,45.7,59.5,58.3,38
GreatBasin,10/24/2008,41.2,49.6,61.2,61.8,41.1
GreatBasin,10/25/2008,44.8,52.6,64.6,63.3,43.4
GreatBasin,10/26/2008,44.3,53.4,64.2,65.6,44.9
GreatBasin,10/27/2008,45.5,54.5,68.1,67.2,46.1
GreatBasin,10/28/2008,48.6,57.4,69.4,68.7,47.7
GreatBasin,10/29/2008,49.1,57.9,68.5,68.9,48.8
GreatBasin,10/30/2008,48.7,57.4,68.8,67.8,49.8
GreatBasin,10/31/2008,51.5,57.8,66.2,66.8,49.7
GreatBasin,11/1/2008,49,56.2,65.3,64.1,49.9
GreatBasin,11/2/2008,49.3,54.1,60.9,60.1,46
GreatBasin,11/3/2008,39.6,46.4,54.1,55.2,43.1
GreatBasin,11/4/2008,40.3,44.8,50.7,49.3,36.7
GreatBasin,11/5/2008,30.1,36.1,43,45.8,33.2
GreatBasin,11/6/2008,29.3,34.6,43.8,45.8,31.9
GreatBasin,11/7/2008,36.4,40.5,50.7,49.5,34.8
GreatBasin,11/8/2008,38.8,44.6,54.1,51.5,38.4
GreatBasin,11/9/2008,40,44.8,49.8,50.2,38.2
GreatBasin,11/10/2008,35.7,40.6,46.7,47.8,36.8
GreatBasin,11/11/2008,34.8,40,46.9,48.7,36.8
GreatBasin,11/12/2008,39.8,43.5,52.4,51.2,39.2
GreatBasin,11/13/2008,43,47.5,54.4,52.4,39.6
GreatBasin,11/14/2008,36.1,42.8,50.3,52,37.9
GreatBasin,11/15/2008,34.7,40.8,51.2,52.3,36.5
GreatBasin,11/16/2008,38.7,44.7,55.4,55.2,38.5
GreatBasin,11/17/2008,42.2,48.2,58.9,58.3,41.8
GreatBasin,11/18/2008,44.5,50.9,60.7,58.5,42.9
GreatBasin,11/19/2008,42,48.8,56,56.5,41.6
GreatBasin,11/20/2008,38.2,45,52.8,52.2,38.5
GreatBasin,11/21/2008,35.4,41.6,47.8,50,36.2
GreatBasin,11/22/2008,34.9,40.2,49.5,48.2,34.8
GreatBasin,11/23/2008,34.2,40.3,47.4,48.7,33.8
GreatBasin,11/24/2008,32.3,38.7,49.2,49.2,34.3
GreatBasin,11/25/2008,36.5,41.6,51,49,35.6
GreatBasin,11/26/2008,38,41.9,46.9,47.7,36.9
GreatBasin,11/27/2008,36.2,40.1,45.3,45.8,36.5
GreatBasin,11/28/2008,35.3,39.3,45.2,46.2,35.8
GreatBasin,11/29/2008,36,39.6,48,47.9,36.8
GreatBasin,11/30/2008,39.2,43.2,50.5,50.5,38.1
GreatBasin,12/1/2008,39,44.1,53,51.1,39.8
GreatBasin,12/2/2008,41.1,45,49.7,48.7,37.5
GreatBasin,12/3/2008,32.3,37.6,43.5,44.3,34.3
GreatBasin,12/4/2008,29.4,34.6,39.7,41.6,29.9
GreatBasin,12/5/2008,27.9,32.6,41.6,42.5,29.9
GreatBasin,12/6/2008,32.4,36.8,46.2,44.7,32
GreatBasin,12/7/2008,35.8,39.9,46.3,44.6,33.6
GreatBasin,12/8/2008,32.7,36.8,41.2,41.4,30.8
GreatBasin,12/9/2008,24,29.7,36.6,39.9,28.4
GreatBasin,12/10/2008,28.6,32.4,41.9,40.7,28
GreatBasin,12/11/2008,31.4,36.1,43.7,43.1,30.6
GreatBasin,12/12/2008,31.7,36.4,43.7,42.2,30.8
GreatBasin,12/13/2008,29.4,33.7,39.3,36.6,25.3
GreatBasin,12/14/2008,14.8,20,26.8,30.3,20
GreatBasin,12/15/2008,15.7,18.8,24.8,26.1,16.1
GreatBasin,12/16/2008,17.8,21,26.8,25.9,16.1
GreatBasin,12/17/2008,14.8,19,26.1,26.5,16.6
GreatBasin,12/18/2008,17.1,19.9,26.5,26.2,17.2
GreatBasin,12/19/2008,19.8,21.9,26,25.3,16.4
GreatBasin,12/20/2008,12.2,16.9,23.5,26,15.7
GreatBasin,12/21/2008,15.2,19.2,28.4,27.3,17.2
GreatBasin,12/22/2008,24.1,26.8,30.1,28.1,18.9
GreatBasin,12/23/2008,17.3,21.2,25.8,27.7,18.6
GreatBasin,12/24/2008,14.4,18.6,27.2,28.3,18.1
GreatBasin,12/25/2008,22.7,26.8,32,29.6,17.1
GreatBasin,12/26/2008,14.3,21,29.6,28.3,15.7
GreatBasin,12/27/2008,10.1,14.5,23.3,28.9,14.7
GreatBasin,12/28/2008,19.8,25.2,33.7,31.4,19.4
GreatBasin,12/29/2008,28.4,31.1,37.1,35.4,24.8
GreatBasin,12/30/2008,26.2,31,35.4,36.1,26.4
GreatBasin,12/31/2008,24.5,28.1,35.7,36.2,26
GreatBasin,1/1/2009,27.4,30.8,37.6,37.2,28.1
GreatBasin,1/2/2009,32.4,34.6,38.4,36.8,25.8
GreatBasin,1/3/2009,17.5,24.6,34.3,31.2,19.8
GreatBasin,1/4/2009,9.5,14.5,20.9,27,13.2
GreatBasin,1/5/2009,12.6,17.2,25.9,26.8,14.9
GreatBasin,1/6/2009,22.7,26.3,33.6,33.2,21.9
GreatBasin,1/7/2009,30.4,33.1,40,38.5,28.9
GreatBasin,1/8/2009,33.7,36.6,42,40.4,29.7
GreatBasin,1/9/2009,24.9,31.1,39.1,38.5,26.9
GreatBasin,1/10/2009,22,25.7,34.3,37.6,24.9
GreatBasin,1/11/2009,27.7,31.2,39.5,37.8,26.5
GreatBasin,1/12/2009,29.8,34,39.5,39.9,29.1
GreatBasin,1/13/2009,29.9,33.9,40.6,40,29.4
GreatBasin,1/14/2009,28.5,33.3,39.8,40.2,28.8
GreatBasin,1/15/2009,28.1,33,40.3,39.8,28
GreatBasin,1/16/2009,27.4,32.3,39.4,39.5,27.4
GreatBasin,1/17/2009,26.6,31.8,38.7,38.9,26.6
GreatBasin,1/18/2009,25.7,30.9,38.6,38.9,26.3
GreatBasin,1/19/2009,26.5,31.3,39.3,39.5,26.5
GreatBasin,1/20/2009,27.4,32.5,40.5,40.6,27.9
GreatBasin,1/21/2009,29.7,34.1,42,41.4,30.1
GreatBasin,1/22/2009,33.2,36.1,41.7,41,31.7
GreatBasin,1/23/2009,32.1,35.4,39.2,40.1,32.9
GreatBasin,1/24/2009,33.3,35.2,39.4,38.7,31.3
GreatBasin,1/25/2009,28.5,32.3,37.5,36.1,26.4
GreatBasin,1/26/2009,17.5,23,31.4,31.3,19.1
GreatBasin,1/27/2009,11.3,16.3,25,30.1,16.1
GreatBasin,1/28/2009,19.6,24.3,33.9,31.6,17.8
GreatBasin,1/29/2009,22.5,27.8,36,35.9,22.3
GreatBasin,1/30/2009,24.9,29.8,37.8,37.6,24.6
GreatBasin,1/31/2009,26.3,31,38.9,37.9,24.9
GreatBasin,2/1/2009,23.6,30.2,37.1,38.6,25
GreatBasin,2/2/2009,25,29.9,39.7,40,26
GreatBasin,2/3/2009,29.5,34.6,43.2,42.3,28.1
GreatBasin,2/4/2009,29.8,35.5,44.1,44.2,30.6
GreatBasin,2/5/2009,32.6,37.5,45.4,44.2,31.8
GreatBasin,2/6/2009,33,37.6,43,42.7,31.8
GreatBasin,2/7/2009,29.9,34.1,39.8,40.3,30.5
GreatBasin,2/8/2009,28.7,32.5,38.2,38,29
GreatBasin,2/9/2009,28.3,31.4,35.9,35.1,25.6
GreatBasin,2/10/2009,19.8,25.4,31.1,32.9,22.5
GreatBasin,2/11/2009,19.5,23.9,31.7,31.4,19.7
GreatBasin,2/12/2009,19.8,24.7,31.4,31.6,19.3
GreatBasin,2/13/2009,18.6,23.9,31.7,31.6,19.8
GreatBasin,2/14/2009,21.1,25.3,31.6,32.6,19.8
GreatBasin,2/15/2009,19.6,25.3,34.5,34.9,22.3
GreatBasin,2/16/2009,26.1,30.3,38.5,36.4,24.4
GreatBasin,2/17/2009,27.5,31.4,36.1,37,26
GreatBasin,2/18/2009,24.5,29.5,36.4,36.6,25.1
GreatBasin,2/19/2009,23.4,29.3,37.3,37.5,24.3
GreatBasin,2/20/2009,25.1,30.3,38.7,39.3,24.8
GreatBasin,2/21/2009,26,32.3,42,42,27.7
GreatBasin,2/22/2009,31.9,36.5,45.2,45.1,32.1
GreatBasin,2/23/2009,38.3,41.4,48.2,47.1,35.8
GreatBasin,2/24/2009,37.2,41.9,47.8,47.9,36.7
GreatBasin,2/25/2009,34.7,40.3,47.7,46.9,34.3
GreatBasin,2/26/2009,31,37.2,45.1,44.6,30.5
GreatBasin,2/27/2009,25.8,32.4,41.1,43,26.9
GreatBasin,2/28/2009,24,30.8,42.7,44.6,27.6
GreatBasin,3/1/2009,32.9,38.2,50,49.1,32.3
GreatBasin,3/2/2009,40,45.3,54.6,52.5,37.9
GreatBasin,3/3/2009,40.9,46.8,52.8,52.6,39
GreatBasin,3/4/2009,36,42.3,50.5,49.1,35.1
GreatBasin,3/5/2009,28.4,34.7,44.1,44.2,30
GreatBasin,3/6/2009,25.7,31.3,38.1,39.8,25.3
GreatBasin,3/7/2009,21.7,28.8,37.1,38.4,24.4
GreatBasin,3/8/2009,25.7,31.3,40.1,38.6,23.6
GreatBasin,3/9/2009,23.5,30.8,38.7,37.6,22.6
GreatBasin,3/10/2009,18.5,25.7,34.1,37.6,20.7
GreatBasin,3/11/2009,20.1,27.6,40,39.1,21.3
GreatBasin,3/12/2009,25.3,33,43.2,42.6,23.7
GreatBasin,3/13/2009,25.6,33.9,44.6,45.4,26.9
GreatBasin,3/14/2009,29.8,37.3,48.3,47.3,29.9
GreatBasin,3/15/2009,34.4,40.5,48.9,50,33.8
GreatBasin,3/16/2009,37.2,43.3,52.8,51.8,36.7
GreatBasin,3/17/2009,38.5,45.3,53.7,54.1,37.8
GreatBasin,3/18/2009,37.6,45.6,55.7,56.1,38.5
GreatBasin,3/19/2009,39.5,47.8,58.8,58.5,39.7
GreatBasin,3/20/2009,42.1,50.5,61.1,60,41.6
GreatBasin,3/21/2009,43.2,51.1,60.1,59.5,41.5
GreatBasin,3/22/2009,39.2,45.5,57.3,52.8,36.4
GreatBasin,3/23/2009,26.8,33.5,41,47.7,31.2
GreatBasin,3/24/2009,27.6,34.7,44.8,43.8,28.7
GreatBasin,3/25/2009,31.6,37.5,45.7,44.9,29.6
GreatBasin,3/26/2009,29.6,36,44.3,44.5,28
GreatBasin,3/27/2009,22.9,31.1,43.5,46.3,28.1
GreatBasin,3/28/2009,31.7,38.9,51.2,48.3,30.4
GreatBasin,3/29/2009,36.7,41.9,50.3,48,30.7
GreatBasin,3/30/2009,23.8,31.7,42.6,46.6,29.6
GreatBasin,3/31/2009,28.3,35.3,47,45.3,27.5
GreatBasin,4/1/2009,30.5,38,46.4,48.4,30.4
GreatBasin,4/2/2009,32.3,39.4,51.8,49.5,31.8
GreatBasin,4/3/2009,32.5,39.3,50.2,48.2,30.3
GreatBasin,4/4/2009,26,33.2,42.6,47,28.5
GreatBasin,4/5/2009,27.1,36,48.1,48.5,28.2
GreatBasin,4/6/2009,31.4,40.9,54.9,54.6,31.9
GreatBasin,4/7/2009,37.2,47.1,60.7,58.2,35.8
GreatBasin,4/8/2009,38.9,46.5,59,56.8,37
GreatBasin,4/9/2009,35,41.6,50.6,54.3,37
GreatBasin,4/10/2009,37,44.5,53.4,52.1,36.5
GreatBasin,4/11/2009,37.6,44.5,52.3,53.9,36.9
GreatBasin,4/12/2009,36.2,44.7,56,55.9,38.3
GreatBasin,4/13/2009,41.1,49.2,59.5,58,39.6
GreatBasin,4/14/2009,41.5,48.3,58.5,55.9,38.2
GreatBasin,4/15/2009,31.9,39.2,49.6,51.6,34.6
GreatBasin,4/16/2009,30.4,37.4,46.8,50.3,31.9
GreatBasin,4/17/2009,33.4,41.7,54.4,53.5,34
GreatBasin,4/18/2009,38.3,47.4,59.2,59.4,37.8
GreatBasin,4/19/2009,41.6,51.9,64.7,64.7,42.2
GreatBasin,4/20/2009,46.6,57.2,70.1,69.4,46.1
GreatBasin,4/21/2009,50,61.1,73.3,72.4,49.4
GreatBasin,4/22/2009,51.5,62.6,73.9,73,50.8
GreatBasin,4/23/2009,50.8,60.2,71.8,70,48.3
GreatBasin,4/24/2009,42.5,51.5,64.4,63.5,43.4
GreatBasin,4/25/2009,36.9,45.1,54.3,56.9,38.3
GreatBasin,4/26/2009,35.4,43.7,52.1,54.7,36
GreatBasin,4/27/2009,35.7,45.3,57.8,55.9,37
GreatBasin,4/28/2009,39.9,48.7,57.7,57.5,37.8
GreatBasin,4/29/2009,37.8,47.1,57.1,58.4,39.3
GreatBasin,4/30/2009,40.2,49.4,60.3,59.5,40.5
GreatBasin,5/1/2009,43.6,52,61.2,60.6,42.9
GreatBasin,5/2/2009,44.9,52.1,60.3,61.2,44.5
GreatBasin,5/3/2009,45.1,52.9,62.2,61.6,44.5
GreatBasin,5/4/2009,43.4,52.7,62.4,63.8,45.7
GreatBasin,5/5/2009,48.5,56.7,66.9,66.1,46.6
GreatBasin,5/6/2009,47.9,58.1,69.1,68.2,48.3
GreatBasin,5/7/2009,48.6,58.5,68.5,67.7,46.9
GreatBasin,5/8/2009,44.3,54.6,65.6,67.2,45.8
GreatBasin,5/9/2009,44.4,55.3,67.6,67.4,45.2
GreatBasin,5/10/2009,46.9,57.8,68.9,69.9,47
GreatBasin,5/11/2009,49.8,60.8,73.2,71.3,49.4
GreatBasin,5/12/2009,51.4,60.6,71.8,70.1,47.7
GreatBasin,5/13/2009,41.9,52.8,65.3,68.7,46.7
GreatBasin,5/14/2009,46.7,56.8,69.1,68,45.7
GreatBasin,5/15/2009,48.4,59.1,69.7,71.4,48.3
GreatBasin,5/16/2009,49.8,61.7,75.3,75.4,51
GreatBasin,5/17/2009,54.7,67,81.2,80.4,54.7
GreatBasin,5/18/2009,59.6,71.8,84.7,82.8,58.7
GreatBasin,5/19/2009,61.8,71.7,82.4,81.1,58.2
GreatBasin,5/20/2009,53.2,64,76.1,77.5,55.1
GreatBasin,5/21/2009,50.3,61.8,74.1,75,52.3
GreatBasin,5/22/2009,53.5,64.3,74.9,74.1,52.7
GreatBasin,5/23/2009,54.3,64.6,73.4,73.3,54.1
GreatBasin,5/24/2009,54.5,63.1,71.5,71.9,53.5
GreatBasin,5/25/2009,51.6,61.4,70.7,72,52.6
GreatBasin,5/26/2009,51.8,62.6,73.7,73.4,52.4
GreatBasin,5/27/2009,53.8,64.8,75.9,76.1,54.1
GreatBasin,5/28/2009,56.6,67.7,78.8,77.9,56.5
GreatBasin,5/29/2009,59.1,69.7,78.9,78.4,58
GreatBasin,5/30/2009,58.4,68.7,77.4,77.6,58.2
GreatBasin,5/31/2009,57.2,67.4,76.4,76.3,57.3
GreatBasin,6/1/2009,56.4,66.3,75.1,74.7,55.9
GreatBasin,6/2/2009,54.2,63.8,72.5,74.5,54.8
GreatBasin,6/3/2009,53.7,64.4,76,75.3,54.3
GreatBasin,6/4/2009,55.1,66.3,77.4,76.3,54.9
GreatBasin,6/5/2009,55.8,64.2,75.6,73.3,52.9
GreatBasin,6/6/2009,47.7,56.3,66.9,69,50
GreatBasin,6/7/2009,46.5,54.8,64.4,66.5,47.4
GreatBasin,6/8/2009,47.9,57.7,68.1,67,48.1
GreatBasin,6/9/2009,49.9,59.7,68.5,67.9,49.2
GreatBasin,6/10/2009,49.8,58.7,67,67.1,49.5
GreatBasin,6/11/2009,48.9,57.8,65.7,67.7,49.4
GreatBasin,6/12/2009,49.6,59.5,70.4,68.4,50.5
GreatBasin,6/13/2009,52.9,61.8,69.2,69.7,51.4
GreatBasin,6/14/2009,51.8,61,69.6,69.7,51.9
GreatBasin,6/15/2009,51.1,60.8,70.4,70.8,52.1
GreatBasin,6/16/2009,53.3,62.9,72.3,71.3,53
GreatBasin,6/17/2009,54.6,63.7,71.3,72.4,53.8
GreatBasin,6/18/2009,53.4,63.4,73.6,74.1,54.4
GreatBasin,6/19/2009,55.1,66.5,77.4,75.7,55.1
GreatBasin,6/20/2009,56.8,65.9,76,75,54.5
GreatBasin,6/21/2009,51.5,61.5,71.5,73.5,52.7
GreatBasin,6/22/2009,49.8,61.1,73.1,74.9,51.5
GreatBasin,6/23/2009,53.2,65.4,80.1,79.8,54.2
GreatBasin,6/24/2009,59.6,72,86.1,83.9,59.1
GreatBasin,6/25/2009,64.5,75.4,85.5,84.5,61.8
GreatBasin,6/26/2009,61.3,70.7,82,83,61.3
GreatBasin,6/27/2009,58,69.3,81.4,83.3,60.1
GreatBasin,6/28/2009,60.9,73.4,86.6,85.5,60.9
GreatBasin,6/29/2009,63.8,76.4,88.6,88,63.5
GreatBasin,6/30/2009,65.7,77.9,88.9,88.2,64.9
GreatBasin,7/1/2009,65.2,76.3,87,86.9,65.3
GreatBasin,7/2/2009,65.1,74.4,84.8,84.6,64.3
GreatBasin,7/3/2009,62.7,72.7,82.1,83.6,63.6
GreatBasin,7/4/2009,63.1,73.2,84,84.2,62.9
GreatBasin,7/5/2009,62.8,74.4,86.6,85.5,63
GreatBasin,7/6/2009,63,75.3,85.8,85.5,61.6
GreatBasin,7/7/2009,59.1,71.9,84.2,84.1,60.4
GreatBasin,7/8/2009,59.2,70.6,82.4,82.8,58.4
GreatBasin,7/9/2009,56.9,69.3,81.7,83.3,58.6
GreatBasin,7/10/2009,59.7,71.9,85.7,85,60.8
GreatBasin,7/11/2009,65.7,76.3,87.7,87.2,64.1
GreatBasin,7/12/2009,66.8,77.7,88.3,87.4,65.5
GreatBasin,7/13/2009,63.9,74.8,86.2,85.4,63.4
GreatBasin,7/14/2009,59.4,70.8,81.8,85.2,61.8
GreatBasin,7/15/2009,62.2,74.1,87.6,87,62.5
GreatBasin,7/16/2009,65.9,78.1,91.5,91,65.5
GreatBasin,7/17/2009,68.5,81,93.9,93.4,68.3
GreatBasin,7/18/2009,70.4,82.7,94.9,94.1,70.2
GreatBasin,7/19/2009,71.6,82.8,93.5,92.9,70.2
GreatBasin,7/20/2009,68.7,79.5,90.3,90.8,68.8
GreatBasin,7/21/2009,66.2,77.5,88.7,90.2,67.6
GreatBasin,7/22/2009,67.8,79.4,91.6,90.9,67.8
GreatBasin,7/23/2009,69.5,81.2,92.5,91.6,68.9
GreatBasin,7/24/2009,69.5,79.8,90.6,90.3,68.6
GreatBasin,7/25/2009,66.8,77.7,87.8,89.1,67.9
GreatBasin,7/26/2009,67.5,78.5,89,88.4,67.3
GreatBasin,7/27/2009,67.5,78.4,88.5,88.4,67
GreatBasin,7/28/2009,66.1,77.3,87.7,87.3,66
GreatBasin,7/29/2009,64.4,75.1,85.7,86.1,64.3
GreatBasin,7/30/2009,62.4,73.7,84.9,85.6,63.8
GreatBasin,7/31/2009,64.7,75.4,86.2,86.8,64.1
GreatBasin,8/1/2009,65.3,76.8,89.4,88.6,65.5
GreatBasin,8/2/2009,66.6,78.3,90.1,89.7,66.4
GreatBasin,8/3/2009,67.2,78.5,89.6,89.8,66.8
GreatBasin,8/4/2009,66.6,78.1,89.6,89.4,66.8
GreatBasin,8/5/2009,66.6,78.1,89,88.6,66
GreatBasin,8/6/2009,64.8,74.7,87.2,84.9,61.9
GreatBasin,8/7/2009,54.2,64.1,78.5,79.4,57
GreatBasin,8/8/2009,52.1,61.8,72.6,76.3,53.6
GreatBasin,8/9/2009,54.4,65.2,77.9,78,55
GreatBasin,8/10/2009,58.5,70,83.6,83,58.5
GreatBasin,8/11/2009,62.5,74.2,87.4,86.5,62
GreatBasin,8/12/2009,65,76.5,88.4,87.6,64.1
GreatBasin,8/13/2009,64.7,75.4,86.9,86.2,63.3
GreatBasin,8/14/2009,60.2,71.6,83.3,83.1,59.8
GreatBasin,8/15/2009,54.5,65.5,79,79.4,56.1
GreatBasin,8/16/2009,53.6,64.4,76,78.1,54.6
GreatBasin,8/17/2009,55.6,67,79.4,79.3,55.8
GreatBasin,8/18/2009,58.2,69.7,82.6,82.5,58.4
GreatBasin,8/19/2009,61.4,72.7,85.5,85.7,60.8
GreatBasin,8/20/2009,62.7,75,89.1,89.2,63.4
GreatBasin,8/21/2009,66,78.8,93,91.2,65.2
GreatBasin,8/22/2009,67,78.4,91.6,89.8,66
GreatBasin,8/23/2009,64.9,73.3,84.7,84.9,63.5
GreatBasin,8/24/2009,58.5,68.1,78.3,81.8,60.7
GreatBasin,8/25/2009,58.7,69.5,82.3,82,59.3
GreatBasin,8/26/2009,60.8,72.3,85.3,85.3,61
GreatBasin,8/27/2009,63.6,75,88.2,87.9,63.2
GreatBasin,8/28/2009,65.1,77.1,90.1,89,65
GreatBasin,8/29/2009,66.2,77.5,88.7,88.6,65.4
GreatBasin,8/30/2009,65,76.2,87,86.8,64.6
GreatBasin,8/31/2009,62.6,73.8,84.7,85.9,63.5
GreatBasin,9/1/2009,63,73.9,86.1,85.8,63.4
GreatBasin,9/2/2009,64.5,75.2,86.5,86.3,64.5
GreatBasin,9/3/2009,66.1,75.9,86.3,85.7,64.7
GreatBasin,9/4/2009,63.5,74.4,84.4,84.3,64.3
GreatBasin,9/5/2009,63.2,72.1,82.2,82.4,62.5
GreatBasin,9/6/2009,60.8,70.3,80.5,80.4,60.3
GreatBasin,9/7/2009,57,67.8,78.6,78.5,57.4
GreatBasin,9/8/2009,54.5,65.3,76.4,79.1,56.3
GreatBasin,9/9/2009,57.3,68.2,82.2,80.8,57.6
GreatBasin,9/10/2009,61.1,71.8,83.9,83.3,59.9
GreatBasin,9/11/2009,61.3,72.1,83.7,83.5,61.1
GreatBasin,9/12/2009,60.9,71.9,83,82.5,60.6
GreatBasin,9/13/2009,59.5,70,80.8,80.5,59.8
GreatBasin,9/14/2009,59,68.3,77.6,78.1,57.9
GreatBasin,9/15/2009,55.1,65,76,77.7,57.1
GreatBasin,9/16/2009,57.2,67.3,79.6,78.6,57.2
GreatBasin,9/17/2009,59.2,69.2,80.3,80.6,58.4
GreatBasin,9/18/2009,58.7,69.5,81.9,81.8,59.8
GreatBasin,9/19/2009,61.6,71.8,83.3,82,59.8
GreatBasin,9/20/2009,59.1,68.2,80.8,78.8,56.9
GreatBasin,9/21/2009,50,60.4,72.4,75.8,52.7
GreatBasin,9/22/2009,49.1,59.9,74.1,74.9,51
GreatBasin,9/23/2009,53.9,64.5,78.1,77.4,53.2
GreatBasin,9/24/2009,56.6,67.3,80,80,56.2
GreatBasin,9/25/2009,58,68.7,82,81.7,58
GreatBasin,9/26/2009,59.4,70.3,83,81.9,58.6
GreatBasin,9/27/2009,58.5,68.9,80.6,81.7,57.9
GreatBasin,9/28/2009,55.8,67.2,81.6,80.3,57.6
GreatBasin,9/29/2009,58.5,67.7,78.7,77.5,52.6
GreatBasin,9/30/2009,43.5,53.8,72.3,68.5,45.7
GreatBasin,10/1/2009,35.1,44.2,54.6,62.4,38.9
GreatBasin,10/2/2009,38.1,47.1,60.4,58.9,38.4
GreatBasin,10/3/2009,41.9,50.6,61.6,60.2,40.6
GreatBasin,10/4/2009,41.8,47.9,58.6,56.4,39.5
GreatBasin,10/5/2009,34.9,41.4,48.9,53.7,36.8
GreatBasin,10/6/2009,33.8,41.9,53.6,52.7,35.4
GreatBasin,10/7/2009,37.4,45.4,55.7,55,36.4
GreatBasin,10/8/2009,38.1,46.1,55.8,56,38
GreatBasin,10/9/2009,38.5,46.5,56.6,55.6,37.6
GreatBasin,10/10/2009,36.2,44.8,54.3,55.6,37.4
GreatBasin,10/11/2009,37.4,45.2,55.9,55.9,37.4
GreatBasin,10/12/2009,38.6,46.4,57.5,56.8,39
GreatBasin,10/13/2009,40.9,48,57.1,58.3,41.6
GreatBasin,10/14/2009,45.3,50.7,60.4,60.2,44.1
GreatBasin,10/15/2009,46,53,63.1,63.3,45.8
GreatBasin,10/16/2009,46.2,54.6,66.4,66.8,47
GreatBasin,10/17/2009,48.7,57.6,71,69.6,49.2
GreatBasin,10/18/2009,52.8,60.9,71.3,69.8,50.2
GreatBasin,10/19/2009,49,57.2,67.1,65.4,47.7
GreatBasin,10/20/2009,41.4,48.1,57.8,60.6,43.2
GreatBasin,10/21/2009,39.1,46.5,57,57.7,40.6
GreatBasin,10/22/2009,41.3,48.8,58.4,58.5,40.8
GreatBasin,10/23/2009,42.1,49.7,60.2,59,42.8
GreatBasin,10/24/2009,45,51.7,58.4,57.9,41.6
GreatBasin,10/25/2009,37.8,45.9,55.1,56.6,40.1
GreatBasin,10/26/2009,37.4,44.6,56.4,54.8,37
GreatBasin,10/27/2009,35.9,43.1,52.8,49.3,33.1
GreatBasin,10/28/2009,26,31.9,38.6,43.6,28.9
GreatBasin,10/29/2009,24.8,30.9,39.4,42.3,27.6
GreatBasin,10/30/2009,32,37,48.9,48,31.4
GreatBasin,10/31/2009,37.5,44.2,55.8,54.2,36.8
GreatBasin,11/1/2009,40.8,47.8,57.9,57.3,39.4
GreatBasin,11/2/2009,39.9,47.7,58.2,58.5,40.8
GreatBasin,11/3/2009,41.8,49.1,59.5,60.2,41.3
GreatBasin,11/4/2009,42.1,50.1,62.8,62.2,43.2
GreatBasin,11/5/2009,45.7,52.9,64.3,62,44.7
GreatBasin,11/6/2009,46.2,52.4,58.9,59.7,44.5
GreatBasin,11/7/2009,41.5,48.1,55.8,55.5,41.6
GreatBasin,11/8/2009,37.1,44.2,51.7,53.6,38.2
GreatBasin,11/9/2009,35.9,43,53.4,53.8,37.9
GreatBasin,11/10/2009,40.6,46.5,56.3,55.9,39.8
GreatBasin,11/11/2009,43,48.3,57.9,55.5,41.7
GreatBasin,11/12/2009,41.4,47,52.4,51.7,38.6
GreatBasin,11/13/2009,31.3,37.3,44.7,45.4,33.8
GreatBasin,11/14/2009,28.8,33.4,39.1,40.4,27.3
GreatBasin,11/15/2009,21.9,28.7,37.4,40.2,25.9
GreatBasin,11/16/2009,26.9,32.3,44.2,44,27.5
GreatBasin,11/17/2009,33.7,39.2,50.4,47.7,31.9
GreatBasin,11/18/2009,35.1,40.8,48.4,48.5,33.3
GreatBasin,11/19/2009,31.1,37.6,46.6,48.3,33.2
GreatBasin,11/20/2009,33.4,39.3,49.9,46.9,32.5
GreatBasin,11/21/2009,33.1,39,44.2,45.7,31.8
GreatBasin,11/22/2009,28.8,34.2,42.9,42.2,29.9
GreatBasin,11/23/2009,27.7,33.7,39.6,41.3,27.7
GreatBasin,11/24/2009,26.5,32,41.3,41.9,27.9
GreatBasin,11/25/2009,29.6,35,44.8,45,29.6
GreatBasin,11/26/2009,32.7,38.2,48.9,47.2,32.7
GreatBasin,11/27/2009,35.7,40.6,47.8,46.3,33.4
GreatBasin,11/28/2009,31.9,37.6,42.2,44.3,32.3
GreatBasin,11/29/2009,29.4,34.2,42.8,42.9,30.3
GreatBasin,11/30/2009,29.5,35,43.7,42.6,29.5
GreatBasin,12/1/2009,29.5,35.1,41.4,40.4,27.8
GreatBasin,12/2/2009,24.4,30.4,36,36.3,24.4
GreatBasin,12/3/2009,19.2,25.3,31.4,33.5,20.3
GreatBasin,12/4/2009,17.3,22.9,33.2,31.8,19.4
GreatBasin,12/5/2009,21.7,26.1,30.7,29.7,17.4
GreatBasin,12/6/2009,13.3,19.1,25.2,26.8,16.6
GreatBasin,12/7/2009,14.9,18.2,24.4,23.3,12.5
GreatBasin,12/8/2009,9.4,15.2,20.4,21.1,10
GreatBasin,12/9/2009,5.6,10.3,18.4,20.5,7.8
GreatBasin,12/10/2009,8.4,12.8,22.7,22.4,9.3
GreatBasin,12/11/2009,13.9,17.4,26.1,26.7,14.5
GreatBasin,12/12/2009,21.1,24.5,31.4,30.4,20.8
GreatBasin,12/13/2009,27.3,29.1,33.6,32.6,23.6
GreatBasin,12/14/2009,22.3,26.8,32.7,33.8,24
GreatBasin,12/15/2009,22.4,26.5,35.2,35.7,24.8
GreatBasin,12/16/2009,29.8,32.4,39.3,38.2,27.5
GreatBasin,12/17/2009,30.4,34.2,40,39.2,29.5
GreatBasin,12/18/2009,28.4,32.3,38.4,38.4,28.9
GreatBasin,12/19/2009,27.8,31.3,36.8,37.5,28.1
GreatBasin,12/20/2009,28,31.5,37.3,37.5,28.2
GreatBasin,12/21/2009,28.9,32.6,38.3,36.4,28.3
GreatBasin,12/22/2009,27.9,31.1,33.7,33.7,25.9
GreatBasin,12/23/2009,20.8,24.4,29.2,29.5,21.1
GreatBasin,12/24/2009,14.6,19.6,25.7,27.1,16.6
GreatBasin,12/25/2009,14.5,18.6,26.4,25.6,14.3
GreatBasin,12/26/2009,13.7,18,24.6,25.6,14.2
GreatBasin,12/27/2009,14.4,18.3,25.7,25.8,14.5
GreatBasin,12/28/2009,15.5,19.4,27.1,27.5,16.3
GreatBasin,12/29/2009,18.9,22,29.7,29.1,18.9
GreatBasin,12/30/2009,22.3,24.9,30.5,30.1,20.5
GreatBasin,12/31/2009,20.2,23.9,30.2,31.9,22
GreatBasin,1/1/2010,23.6,26.9,34.9,34.4,24.2
GreatBasin,1/2/2010,28.8,32.6,38.1,36.2,25.7
GreatBasin,1/3/2010,24.7,29.4,35.6,36.2,25.5
GreatBasin,1/4/2010,22.9,27.5,34.8,35.4,24.3
GreatBasin,1/5/2010,25.4,29,35.9,35.2,25.2
GreatBasin,1/6/2010,27.2,30.2,34.9,34,24.1
GreatBasin,1/7/2010,19.8,25.4,31.3,32,21.5
GreatBasin,1/8/2010,17.6,22.1,29.8,32.1,20
GreatBasin,1/9/2010,22.5,26.1,35.1,34.3,22.3
GreatBasin,1/10/2010,26.8,30.9,38,37.4,25.6
GreatBasin,1/11/2010,27.4,31.5,39,39.2,27.8
GreatBasin,1/12/2010,29.2,33.2,40.6,39.6,29.2
GreatBasin,1/13/2010,31.1,34.9,39.2,39.5,29.9
GreatBasin,1/14/2010,29.3,33.3,38.6,38.6,28.9
GreatBasin,1/15/2010,26.4,30.8,37.9,38.7,28.4
GreatBasin,1/16/2010,29.6,33.1,39.5,38.7,27.9
GreatBasin,1/17/2010,27.8,32.5,38.7,38.7,29.6
GreatBasin,1/18/2010,31.3,33.5,37.8,38,29.9
GreatBasin,1/19/2010,30.6,33.7,37.6,36.9,29.4
GreatBasin,1/20/2010,26.3,30.5,35.2,35.7,28.1
GreatBasin,1/21/2010,27.4,30.3,34.4,34.2,27.3
GreatBasin,1/22/2010,28.2,29.8,33.1,32.8,26.3
GreatBasin,1/23/2010,23.3,26.7,30.9,31.6,24.2
GreatBasin,1/24/2010,21.1,24.8,30.8,31.5,22
GreatBasin,1/25/2010,21.5,25,32.7,32.9,22.9
GreatBasin,1/26/2010,26.1,29.1,35.3,34,24.8
GreatBasin,1/27/2010,26.8,29.9,34,34.5,25.3
GreatBasin,1/28/2010,22.9,27.3,34.3,34.4,24.5
GreatBasin,1/29/2010,23.7,27.6,34.8,34.6,23.3
GreatBasin,1/30/2010,23.2,27.7,34.8,34.7,23.7
GreatBasin,1/31/2010,24.1,28.1,34.4,34.8,23.9
GreatBasin,2/1/2010,24.3,28.6,35.2,35.4,24.4
GreatBasin,2/2/2010,24.7,28.9,36.5,36.4,24.9
GreatBasin,2/3/2010,25.8,30.3,37.5,37,25.4
GreatBasin,2/4/2010,25.8,30.5,36.9,37.6,26.6
GreatBasin,2/5/2010,28.2,31.6,38.3,37.3,28.3
GreatBasin,2/6/2010,30.8,33.2,36.8,36.8,28.8
GreatBasin,2/7/2010,27.3,30.9,35.3,35.1,26.8
GreatBasin,2/8/2010,22.2,27.5,33.1,33.8,23.3
GreatBasin,2/9/2010,20.4,25.2,32.9,33.5,21.5
GreatBasin,2/10/2010,21.8,26.5,34.6,34.9,22.5
GreatBasin,2/11/2010,25.4,29.3,37.1,37.3,25.7
GreatBasin,2/12/2010,29.8,33.3,40.3,39.5,29
GreatBasin,2/13/2010,31.7,35.4,41.1,40.7,30.1
GreatBasin,2/14/2010,28.9,34,40.7,41.3,30.4
GreatBasin,2/15/2010,30.6,34.7,42.1,41.9,29.9
GreatBasin,2/16/2010,30.2,35.6,42.9,42.7,30.9
GreatBasin,2/17/2010,31.9,36.4,43,42.5,30.8
GreatBasin,2/18/2010,30.4,35.3,41.6,41.3,29.7
GreatBasin,2/19/2010,26.9,32.8,39.4,39.3,27.5
GreatBasin,2/20/2010,25.1,30,37,36.4,24.7
GreatBasin,2/21/2010,22,27.1,32.9,33.7,22
GreatBasin,2/22/2010,18.9,24.7,31.3,33,20
GreatBasin,2/23/2010,19.2,24.8,34.7,34.8,21.8
GreatBasin,2/24/2010,27.2,30.9,38.3,37.6,25.2
GreatBasin,2/25/2010,29.2,33.6,39.7,39.6,27.9
GreatBasin,2/26/2010,27.2,32.9,40.9,40.8,29.2
GreatBasin,2/27/2010,31.3,35.3,41.9,41.6,29.7
GreatBasin,2/28/2010,30.5,35.2,42.1,42.7,30.7
GreatBasin,3/1/2010,30.3,35.9,44,44,31.1
GreatBasin,3/2/2010,32.4,37.8,46,45.3,32
GreatBasin,3/3/2010,33.4,38.9,46,45.5,32.5
GreatBasin,3/4/2010,31.8,36.9,44.5,44.2,31.7
GreatBasin,3/5/2010,29.9,34.7,42.1,44.3,30.9
GreatBasin,3/6/2010,31,36.8,46.3,44.5,31.2
GreatBasin,3/7/2010,32.7,37.7,45.2,45,31.7
GreatBasin,3/8/2010,31.5,36.7,43.4,43.5,31
GreatBasin,3/9/2010,28.9,33.8,42,40.4,28.4
GreatBasin,3/10/2010,24.7,29.8,35.7,38.8,25.5
GreatBasin,3/11/2010,22.9,29.1,38.8,39.8,25.2
GreatBasin,3/12/2010,27.9,34.1,44.8,42.3,27.8
GreatBasin,3/13/2010,32.6,37.5,43.4,43.4,29
GreatBasin,3/14/2010,26.4,32.8,42,44.5,29.4
GreatBasin,3/15/2010,29.3,36.4,48.2,47.9,30.3
GreatBasin,3/16/2010,35.3,42.3,53.5,52.3,34.5
GreatBasin,3/17/2010,38.8,45.6,55.2,54.2,37.1
GreatBasin,3/18/2010,37.2,44.8,54,52.7,35.8
GreatBasin,3/19/2010,31.3,38.6,48.9,50.4,32.6
GreatBasin,3/20/2010,29.2,37.2,48.3,50.2,31.6
GreatBasin,3/21/2010,34.3,41.7,53.4,51.2,33.7
GreatBasin,3/22/2010,37.6,44.5,52,51.6,35
GreatBasin,3/23/2010,33.1,40.3,49.5,50.6,34.1
GreatBasin,3/24/2010,31.6,39.5,50.2,50.1,33
GreatBasin,3/25/2010,34.4,41.6,50.6,49.9,32.8
GreatBasin,3/26/2010,32.4,39.2,48.8,49,32.2
GreatBasin,3/27/2010,29.8,37.3,47.5,50,31.6
GreatBasin,3/28/2010,32.5,41,53.8,53,34
GreatBasin,3/29/2010,39.6,46.8,57.8,56.1,38.1
GreatBasin,3/30/2010,42.1,48.8,56.8,55.3,38.7
GreatBasin,3/31/2010,34.5,40.4,51.4,50,35.1
GreatBasin,4/1/2010,28.8,35.1,41.9,45.3,30.1
GreatBasin,4/2/2010,27,34.3,42.7,42.8,28.8
GreatBasin,4/3/2010,30.6,36.8,43.7,44.5,28.8
GreatBasin,4/4/2010,28.8,36.8,47.1,45.7,31
GreatBasin,4/5/2010,33.6,39.7,46.3,45.3,30.2
GreatBasin,4/6/2010,28.3,35.3,42.5,45.4,30.3
GreatBasin,4/7/2010,28.9,36.5,47.5,47.6,30
GreatBasin,4/8/2010,32.9,41.3,52.7,50.6,31.6
GreatBasin,4/9/2010,33,42,51.6,53.6,33.5
GreatBasin,4/10/2010,34.5,43.7,56.6,55.9,35.9
GreatBasin,4/11/2010,40.2,48.6,59.6,57.8,38.2
GreatBasin,4/12/2010,39.9,47.5,57.3,55.2,38.2
GreatBasin,4/13/2010,34.4,41.2,48.6,53.6,36.4
GreatBasin,4/14/2010,34.9,43.4,54.9,55.1,36.1
GreatBasin,4/15/2010,38.9,48.5,61.9,60.9,39.5
GreatBasin,4/16/2010,44.8,54,65.9,64.4,42.8
GreatBasin,4/17/2010,44.7,54.8,65.5,66.4,45.2
GreatBasin,4/18/2010,46.2,56.4,67.9,67.7,46.1
GreatBasin,4/19/2010,47.4,58.2,69.7,68.6,47.2
GreatBasin,4/20/2010,47.9,57.9,68.3,67.8,46
GreatBasin,4/21/2010,42.6,51.2,65.4,61.7,42.4
GreatBasin,4/22/2010,36.8,43.8,51.3,57.1,38.4
GreatBasin,4/23/2010,35.9,43.5,54.6,55.4,37.2
GreatBasin,4/24/2010,38.9,48.4,60.4,58.1,38.5
GreatBasin,4/25/2010,40.6,49.8,59.4,61.1,40.3
GreatBasin,4/26/2010,41.3,51.3,63.5,63.2,42.8
GreatBasin,4/27/2010,46.4,55.6,66.6,65,42.7
GreatBasin,4/28/2010,40.3,49.2,64.9,60,39.5
GreatBasin,4/29/2010,31.8,38.7,48.6,53.9,34.3
GreatBasin,4/30/2010,30.8,37.9,48.2,49.6,32.2
GreatBasin,5/1/2010,34,42,52,50.5,33.5
GreatBasin,5/2/2010,35.6,43.4,51.4,55,35.9
GreatBasin,5/3/2010,38.1,47.4,61.6,57.9,37.5
GreatBasin,5/4/2010,38.8,48.8,60.8,60.8,38.8
GreatBasin,5/5/2010,39.4,48.9,60.1,59.7,38
GreatBasin,5/6/2010,35.7,45.1,58.1,58.1,36.4
GreatBasin,5/7/2010,34.2,44,56.2,59.2,36.8
GreatBasin,5/8/2010,40.4,50.4,63.3,60.5,39.3
GreatBasin,5/9/2010,43.4,53,62,61.6,41.1
GreatBasin,5/10/2010,39.4,48.7,59.6,58.8,40.1
GreatBasin,5/11/2010,37.6,45.1,54.8,56.8,38.1
GreatBasin,5/12/2010,37.3,45.7,55.9,56.9,37.8
GreatBasin,5/13/2010,38.5,48.4,59.9,60,39.4
GreatBasin,5/14/2010,42.4,53,64.3,64.1,42.1
GreatBasin,5/15/2010,45.4,56.5,68.2,68.5,45.6
GreatBasin,5/16/2010,48.9,60.4,72.9,71.3,49
GreatBasin,5/17/2010,52.7,63.2,72.8,72.2,50.3
GreatBasin,5/18/2010,49.3,57.8,70.9,70,49.2
GreatBasin,5/19/2010,45.7,55,66.2,67.6,47.5
GreatBasin,5/20/2010,47.6,57.4,65.8,66.3,46
GreatBasin,5/21/2010,44.7,55.8,67,65.9,44.3
GreatBasin,5/22/2010,40.5,49.7,64.9,62.4,40.3
GreatBasin,5/23/2010,35.6,45,55.3,58.3,37.5
GreatBasin,5/24/2010,36.5,45.4,54.7,57.8,37.1
GreatBasin,5/25/2010,39.2,49.5,63.5,62.1,40.9
GreatBasin,5/26/2010,46.9,56.5,68.1,66.1,44.9
GreatBasin,5/27/2010,48.6,57.9,66.7,66.8,47.3
GreatBasin,5/28/2010,46.3,55.9,65.5,64.6,45.4
GreatBasin,5/29/2010,41.2,51.4,61.7,65.1,43.8
GreatBasin,5/30/2010,43.9,55,68.1,67.6,45.1
GreatBasin,5/31/2010,50.3,61.2,73.1,71,49
GreatBasin,6/1/2010,52.8,61.5,71.8,72.2,51.7
GreatBasin,6/2/2010,52.1,61.9,71.8,72.3,53.6
GreatBasin,6/3/2010,55.8,64.5,73.2,73.4,54.9
GreatBasin,6/4/2010,56.9,65.3,75.3,75.5,56.5
GreatBasin,6/5/2010,56.8,67.3,78.1,78.9,58
GreatBasin,6/6/2010,60.4,71.1,83.2,81.2,59.5
GreatBasin,6/7/2010,61.3,71.2,82.2,81.2,59.2
GreatBasin,6/8/2010,55.8,67.1,78.3,79.7,58.6
GreatBasin,6/9/2010,58.8,68.7,78.6,78.1,56.2
GreatBasin,6/10/2010,54,64.7,77.5,74.9,53.1
GreatBasin,6/11/2010,46.4,56.6,68.6,70,48.9
GreatBasin,6/12/2010,46.4,55.7,63.8,66.9,46.7
GreatBasin,6/13/2010,47.2,57,68.2,69,48.2
GreatBasin,6/14/2010,51.1,62.4,75.1,73.8,50.8
GreatBasin,6/15/2010,54.1,66,78.1,76.8,53.4
GreatBasin,6/16/2010,54.9,65.1,77.1,74.7,51.2
GreatBasin,6/17/2010,44.7,56.4,69,74.2,50
GreatBasin,6/18/2010,50.4,62.3,76.4,74.6,49.8
GreatBasin,6/19/2010,54.2,66.6,78.4,77.4,53.1
GreatBasin,6/20/2010,54.8,66.6,77.4,77.1,54
GreatBasin,6/21/2010,52.9,64.7,75.5,76.7,53.9
GreatBasin,6/22/2010,54.1,65.7,77.1,78.7,54.7
GreatBasin,6/23/2010,57,69.4,83.5,82.5,57.4
GreatBasin,6/24/2010,61.1,73.8,87,85.4,60.3
GreatBasin,6/25/2010,62.9,74.4,85.6,85.1,61.4
GreatBasin,6/26/2010,60.2,71.8,82.8,84.3,61.1
GreatBasin,6/27/2010,60.1,72,84.4,85.3,61.1
GreatBasin,6/28/2010,62.9,75.6,88.8,87.7,63.3
GreatBasin,6/29/2010,66.9,78.7,89.9,88.9,65
GreatBasin,6/30/2010,65.1,76.6,87.9,88.1,64.8
GreatBasin,7/1/2010,62.3,74.5,86.5,86.6,62.9
GreatBasin,7/2/2010,61.4,73.4,85.3,84.5,59.8
GreatBasin,7/3/2010,55.6,67.7,81.6,81.4,57.1
GreatBasin,7/4/2010,54.4,66.3,77.4,79.8,55.4
GreatBasin,7/5/2010,56.3,68.2,80.4,79.2,56
GreatBasin,7/6/2010,57.3,69,79.7,80.7,57
GreatBasin,7/7/2010,57.5,69.6,82.1,82.6,58.6
GreatBasin,7/8/2010,61.1,73.2,86.1,85.4,61.1
GreatBasin,7/9/2010,64.7,76.4,88,87.4,64.1
GreatBasin,7/10/2010,66.6,77.8,88.2,87.7,65.9
GreatBasin,7/11/2010,66.3,77,86.9,88,66.1
GreatBasin,7/12/2010,65.3,77,88.8,87.8,65.1
GreatBasin,7/13/2010,63.8,75.7,87.8,87.1,63.3
GreatBasin,7/14/2010,60.9,72.8,84.7,87.5,63
GreatBasin,7/15/2010,64.3,76.4,90,89.4,64.8
GreatBasin,7/16/2010,69.2,80.9,93.6,92.2,68.1
GreatBasin,7/17/2010,70.9,81.9,92.9,93.2,69.8
GreatBasin,7/18/2010,69.4,81.3,93,92.6,69.6
GreatBasin,7/19/2010,68.4,79.9,91.9,91.3,67.6
GreatBasin,7/20/2010,65.1,77.1,89,89.9,66.6
GreatBasin,7/21/2010,66.2,77.7,88.7,88.4,65
GreatBasin,7/22/2010,63.8,75.9,87.5,87.5,64.6
GreatBasin,7/23/2010,63.9,75.6,86.4,87.8,64.1
GreatBasin,7/24/2010,64.6,76.4,89.6,89.5,65.3
GreatBasin,7/25/2010,67.3,79.5,92.4,91.1,67.3
GreatBasin,7/26/2010,70,80.6,91.3,90.3,67.5
GreatBasin,7/27/2010,65.2,76.2,87.2,88.9,67
GreatBasin,7/28/2010,65.7,77,88.2,87.8,65.8
GreatBasin,7/29/2010,66.6,77,88,88.5,66.2
GreatBasin,7/30/2010,66.4,77.6,89.4,88.6,66.8
GreatBasin,7/31/2010,67.5,78.1,88.3,88.1,66.2
GreatBasin,8/1/2010,64.7,75.8,86.6,87.3,65.2
GreatBasin,8/2/2010,63.3,75,86.9,86.8,64.2
GreatBasin,8/3/2010,64.5,75.9,86.8,86.9,64.3
GreatBasin,8/4/2010,65,76,86.9,87,64.7
GreatBasin,8/5/2010,64.6,75.9,87.4,87.4,65
GreatBasin,8/6/2010,65.4,76.4,88,86.9,64.7
GreatBasin,8/7/2010,64.1,74.9,85.4,85.6,63.7
GreatBasin,8/8/2010,61.5,72.3,83.3,83.9,62.4
GreatBasin,8/9/2010,61.5,72.1,83.1,83.4,61.1
GreatBasin,8/10/2010,60.4,72.1,83.9,83.4,61
GreatBasin,8/11/2010,61.2,72.2,83.1,82.8,59.7
GreatBasin,8/12/2010,57.4,69.4,81.5,82.3,59.1
GreatBasin,8/13/2010,58.8,70.1,82.2,82.2,58.5
GreatBasin,8/14/2010,59.4,70.9,83,84.2,59.8
GreatBasin,8/15/2010,61.1,73.2,87.4,85.9,61.6
GreatBasin,8/16/2010,64.2,75.8,87.4,88,63.2
GreatBasin,8/17/2010,64.4,76.4,89.1,88.1,64.9
GreatBasin,8/18/2010,66,76.7,87.8,87.1,64.5
GreatBasin,8/19/2010,63,73.6,84.5,86.5,63.5
GreatBasin,8/20/2010,61.4,73.5,87.1,86.9,62.8
GreatBasin,8/21/2010,64.1,76.2,89,87.8,63.4
GreatBasin,8/22/2010,64.8,75.2,87.3,85.5,61.7
GreatBasin,8/23/2010,56.2,67.6,80.2,83.9,59.3
GreatBasin,8/24/2010,56.8,69,84.3,84.7,58.6
GreatBasin,8/25/2010,62.7,75,89.7,88.5,62
GreatBasin,8/26/2010,66.4,78.5,91.4,90,64.2
GreatBasin,8/27/2010,63.5,74.7,88.8,86.5,63
GreatBasin,8/28/2010,59.1,68.7,79.3,81,58.3
GreatBasin,8/29/2010,52.2,62.3,74.9,74.2,53.4
GreatBasin,8/30/2010,48.8,58,68.5,71.8,50.2
GreatBasin,8/31/2010,49.6,59.7,71.9,71.8,51.1
GreatBasin,9/1/2010,55,64,75.1,75.3,53.4
GreatBasin,9/2/2010,55.6,66.5,79,79.9,56.3
GreatBasin,9/3/2010,58.2,70.3,85.7,84,58.9
GreatBasin,9/4/2010,63,74.7,87.3,86.1,60.4
GreatBasin,9/5/2010,59.9,70.8,85.3,82.3,57.5
GreatBasin,9/6/2010,49.6,60.8,74.3,79.6,54.3
GreatBasin,9/7/2010,53.4,64.2,79.1,77.1,53.2
GreatBasin,9/8/2010,56.6,66.4,77.9,76.6,53.3
GreatBasin,9/9/2010,50,59.2,72.7,72.8,51
GreatBasin,9/10/2010,46.5,55.7,67.7,71.7,48.4
GreatBasin,9/11/2010,48.7,59.9,74.8,74,49.9
GreatBasin,9/12/2010,54.4,65.4,79.4,78.5,53.5
GreatBasin,9/13/2010,57.3,68.4,81.2,80,56.5
GreatBasin,9/14/2010,57.9,68.6,79.3,79.6,56.9
GreatBasin,9/15/2010,55.4,66.3,78.3,79.1,56.6
GreatBasin,9/16/2010,56.5,67.2,79.6,79.1,56.4
GreatBasin,9/17/2010,57.3,67.8,79.3,79.7,56.8
GreatBasin,9/18/2010,56.6,67.2,80.3,80.3,57.2
GreatBasin,9/19/2010,57.6,68.4,81.2,80.2,56.4
GreatBasin,9/20/2010,55.1,65.6,79.1,78.8,55.1
GreatBasin,9/21/2010,52.7,63.2,76.2,76.5,53.9
GreatBasin,9/22/2010,53.8,62.9,74.2,73.8,52
GreatBasin,9/23/2010,49.6,59.4,71.1,73.8,51.9
GreatBasin,9/24/2010,52.4,62.4,76.1,76.1,52.5
GreatBasin,9/25/2010,55.4,66.2,81.1,80.2,55.6
GreatBasin,9/26/2010,59,69.9,83.5,83,58.2
GreatBasin,9/27/2010,60.3,71,84.4,84.5,60.3
GreatBasin,9/28/2010,61.7,72.4,85.7,84.3,61
GreatBasin,9/29/2010,61.1,71.4,82.9,83.9,60.8
GreatBasin,9/30/2010,59.6,70.3,83.2,82.8,60.4
GreatBasin,10/1/2010,60.6,70.4,82.2,82.7,60.1
GreatBasin,10/2/2010,60,70.3,82.6,81.3,60.2
GreatBasin,10/3/2010,59.9,68.7,79,78.3,58.6
GreatBasin,10/4/2010,55.9,63.2,73.4,72.4,55.3
GreatBasin,10/5/2010,50,56.9,64.7,67.7,51.5
GreatBasin,10/6/2010,48.7,56.1,64.9,64.4,49.1
GreatBasin,10/7/2010,48.5,55.6,63.6,63,47.8
GreatBasin,10/8/2010,46.1,52.8,60.4,63.3,47.1
GreatBasin,10/9/2010,46.8,54.3,65.8,64.7,47.5
GreatBasin,10/10/2010,49.6,57.4,67.8,66.6,49
GreatBasin,10/11/2010,50.7,58.3,66.3,66.3,48.5
GreatBasin,10/12/2010,45.1,54.5,64.8,66.6,47.3
GreatBasin,10/13/2010,46.1,55.3,68.6,68.6,46.9
GreatBasin,10/14/2010,49.6,58.9,72.4,70.7,49.5
GreatBasin,10/15/2010,52.8,61.2,71.2,71,50.9
GreatBasin,10/16/2010,50.3,59.2,69.5,68.9,51.6
GreatBasin,10/17/2010,51.8,58.5,65.9,65.8,49.5
GreatBasin,10/18/2010,46.5,54,62.1,64.1,48
GreatBasin,10/19/2010,45.6,53.7,64.4,63.6,46
GreatBasin,10/20/2010,45.9,54.3,64.2,63.6,45.8
GreatBasin,10/21/2010,46,53.6,62.1,62.1,46.1
GreatBasin,10/22/2010,46.4,52.7,60,59.6,45.4
GreatBasin,10/23/2010,43.9,50,56.8,57.2,44.9
GreatBasin,10/24/2010,44.4,48.5,54.7,54.9,42.7
GreatBasin,10/25/2010,39.7,45.7,53.1,51.1,39.6
GreatBasin,10/26/2010,34.6,39.5,45.4,48.1,35.1
GreatBasin,10/27/2010,31,37.2,45.8,48.4,33.2
GreatBasin,10/28/2010,33.9,40.7,53.9,53,35.5
GreatBasin,10/29/2010,41.7,47.7,59.3,56.2,39.3
GreatBasin,10/30/2010,42.2,48.7,55.5,56.4,41.3
GreatBasin,10/31/2010,40,46.1,54.4,56,41
GreatBasin,11/1/2010,40.7,47.4,58.1,58.2,41.7
GreatBasin,11/2/2010,44.3,51,62.1,61.2,43.4
GreatBasin,11/3/2010,45.3,53,63.3,63.3,45.3
GreatBasin,11/4/2010,46.3,53.9,64.5,64.3,46.3
GreatBasin,11/5/2010,47.4,55,65.2,64.6,47.2
GreatBasin,11/6/2010,47.9,55.1,64.1,62.7,47.1
GreatBasin,11/7/2010,46.1,52.1,58.9,58.8,45
GreatBasin,11/8/2010,41,45.5,53.5,51.2,39
GreatBasin,11/9/2010,29.8,35.4,41.3,44.9,33.5
GreatBasin,11/10/2010,29.7,33.7,39.9,40.6,29.2
GreatBasin,11/11/2010,28.2,33.4,40.5,41.1,29.2
GreatBasin,11/12/2010,29.6,34.2,43,42,29.4
GreatBasin,11/13/2010,30.3,35.6,42.6,43.3,31.3
GreatBasin,11/14/2010,34,37.3,44.3,45.3,34.1
GreatBasin,11/15/2010,38,41.7,49,46.7,36.6
GreatBasin,11/16/2010,37.9,41.6,46.9,47.2,35.8
GreatBasin,11/17/2010,31.5,37.5,45.6,47.2,35.5
GreatBasin,11/18/2010,37,41.1,49.1,47,34.9
GreatBasin,11/19/2010,36.2,40.5,46.2,45.7,35.7
GreatBasin,11/20/2010,34,37.7,41.9,41.3,32.6
GreatBasin,11/21/2010,27.7,31.2,35.7,36.3,28.3
GreatBasin,11/22/2010,23.1,26.5,31.4,32.7,24.9
GreatBasin,11/23/2010,23.8,26.3,31,29.6,19
GreatBasin,11/24/2010,10.1,16.9,26.4,26.7,13.9
GreatBasin,11/25/2010,7.7,12.7,22.8,26.8,11.3
GreatBasin,11/26/2010,16,20.1,31.3,29.9,16
GreatBasin,11/27/2010,24.3,27.7,35.7,33,21.1
GreatBasin,11/28/2010,23,27.5,32,31.5,21.1
GreatBasin,11/29/2010,16,20.8,26.8,29,17.8
GreatBasin,11/30/2010,14.4,18.8,28.2,31,18
GreatBasin,12/1/2010,23.6,28.4,37.9,35.8,22.7
GreatBasin,12/2/2010,30.1,33.8,41.4,40.3,29.6
GreatBasin,12/3/2010,35,37.4,41.5,40.8,31.9
GreatBasin,12/4/2010,30.5,34.3,39.4,40.8,32.5
GreatBasin,12/5/2010,32.1,35.5,41.6,40.9,31.8
GreatBasin,12/6/2010,32.7,35.4,41.6,41.4,31.9
GreatBasin,12/7/2010,31,35.4,41,41.2,31.8
GreatBasin,12/8/2010,31.8,34.8,40.9,41.4,32.3
GreatBasin,12/9/2010,34.1,37.6,42.4,41.8,33.9
GreatBasin,12/10/2010,35.8,38,42,42,33.7
GreatBasin,12/11/2010,31.1,35.4,41.5,43.1,34.2
GreatBasin,12/12/2010,35.7,38.6,45.9,44.7,34.5
GreatBasin,12/13/2010,36.8,40.6,46.6,46.1,36.6
GreatBasin,12/14/2010,37.3,40.8,45.7,44.9,34.9
GreatBasin,12/15/2010,30.5,36,42.4,40.4,30.4
GreatBasin,12/16/2010,23.3,27.8,33,35,24.7
GreatBasin,12/17/2010,20.2,24.2,29.7,32.7,22.7
GreatBasin,12/18/2010,24.6,28.3,35.5,34.7,26.1
GreatBasin,12/19/2010,33.4,34.9,38.9,37.1,29.4
GreatBasin,12/20/2010,30.2,33.7,36.9,37,30.6
GreatBasin,12/21/2010,28.3,30.8,35.3,36.5,29.8
GreatBasin,12/22/2010,30.8,32.8,37.4,36.7,30.3
GreatBasin,12/23/2010,31.7,34.1,37.5,37.3,30.1
GreatBasin,12/24/2010,27.7,31.5,37,37.4,29
GreatBasin,12/25/2010,27.5,31.2,37.8,37.5,28.7
GreatBasin,12/26/2010,31,33.2,37.6,37.1,28.4
GreatBasin,12/27/2010,26.6,30.9,35.8,36.1,28
GreatBasin,12/28/2010,26.4,29.2,35,34.3,27.3
GreatBasin,12/29/2010,28.9,31.1,32.2,31.3,22.7
GreatBasin,12/30/2010,12.9,18.1,26.8,24.5,15.4
GreatBasin,12/31/2010,4.4,9.6,14.5,19.3,7.1
GreatBasin,1/1/2011,4,7.9,16.7,18,6.1
GreatBasin,1/2/2011,9.9,13.7,22.7,20.8,9.1
GreatBasin,1/3/2011,13.5,16.8,23.1,23.6,13
GreatBasin,1/4/2011,15.5,18.2,25.1,25.6,15.2
GreatBasin,1/5/2011,16.7,20.3,28.7,28.5,17.6
GreatBasin,1/6/2011,20.7,24,31.7,30.8,19.8
GreatBasin,1/7/2011,21.9,25.7,32,32.1,22.4
GreatBasin,1/8/2011,24.7,27.1,32.5,31.1,21.2
GreatBasin,1/9/2011,16.9,22.9,28.8,27.3,17.6
GreatBasin,1/10/2011,11.2,15.7,20.6,23.8,12.7
GreatBasin,1/11/2011,10,13.7,21.9,24.7,12.2
GreatBasin,1/12/2011,15.5,20.5,31.5,30.1,17.5
GreatBasin,1/13/2011,27,29.8,36.8,35.9,24.9
GreatBasin,1/14/2011,32.2,34.6,39.4,38.7,29.8
GreatBasin,1/15/2011,30.3,34,40,41.1,32.1
GreatBasin,1/16/2011,33.7,37,43.9,42.8,34.5
GreatBasin,1/17/2011,39.5,41.9,44.6,43.6,34.8
GreatBasin,1/18/2011,31.1,36.8,42.3,41.7,33.8
GreatBasin,1/19/2011,30.7,34.8,38.3,37.9,27.5
GreatBasin,1/20/2011,20.6,26.1,33,36.7,26.2
GreatBasin,1/21/2011,27.4,30.6,38.7,37.1,26.8
GreatBasin,1/22/2011,32.3,35.3,39.5,38.2,28
GreatBasin,1/23/2011,24.3,29.6,36.3,37.8,27.3
GreatBasin,1/24/2011,25.4,30.3,37.5,37.6,25.9
GreatBasin,1/25/2011,28.1,31.9,39,38.2,26.7
GreatBasin,1/26/2011,26.5,31.7,38,38.7,27.2
GreatBasin,1/27/2011,27.1,31.5,39.1,39.5,27.7
GreatBasin,1/28/2011,29.5,33.9,41.3,40.2,28.5
GreatBasin,1/29/2011,29,34,40.2,39.5,28.8
GreatBasin,1/30/2011,28,32.1,37,36.8,26.6
GreatBasin,1/31/2011,22.9,27.3,33.3,32.7,21.1
GreatBasin,2/1/2011,12.5,18.5,27.8,26.9,13.2
GreatBasin,2/2/2011,4.3,10.2,19.7,25.4,10.2
GreatBasin,2/3/2011,13.7,17.6,28.7,29.1,13.9
GreatBasin,2/4/2011,23.8,28.2,39,36.3,23.4
GreatBasin,2/5/2011,32.8,35.6,41.3,39.6,27.6
GreatBasin,2/6/2011,26.2,32,38.6,40.3,29.6
GreatBasin,2/7/2011,29.7,33.4,41,39.2,25.5
GreatBasin,2/8/2011,20.7,27.1,38,36.2,21.9
GreatBasin,2/9/2011,15.2,21,29.7,33.5,18
GreatBasin,2/10/2011,18,23.4,32.9,33.7,18.5
GreatBasin,2/11/2011,22.2,27.8,38.4,38.3,22.9
GreatBasin,2/12/2011,28.5,33.5,43.6,42.7,28.1
GreatBasin,2/13/2011,33.5,38.3,46.2,45.5,31.4
GreatBasin,2/14/2011,32.2,38,46.6,46.6,33.2
GreatBasin,2/15/2011,33.8,39.3,47,46.1,33.5
GreatBasin,2/16/2011,34.4,39.1,44.8,44.2,30.7
GreatBasin,2/17/2011,24,30.9,40.8,41.6,28.4
GreatBasin,2/18/2011,26.7,30.7,39.3,39.1,26.3
GreatBasin,2/19/2011,28.2,31.5,37.1,36.8,25.5
GreatBasin,2/20/2011,21.7,27,33.9,34.9,23
GreatBasin,2/21/2011,19.1,24.9,33.7,34.5,21
GreatBasin,2/22/2011,22.2,27.3,36,34.7,20.8
GreatBasin,2/23/2011,21.2,27.3,34.3,34.4,21.7
GreatBasin,2/24/2011,21.6,26.4,32.8,33.5,21.3
GreatBasin,2/25/2011,21,26.1,33.5,32.6,20.4
GreatBasin,2/26/2011,18.7,24.5,31.4,32.1,18.7
GreatBasin,2/27/2011,16.4,22.5,31.4,33.3,18.9
GreatBasin,2/28/2011,21.6,26.6,37.1,36.1,20.7
GreatBasin,3/1/2011,24.1,30.7,39.9,40.1,24.7
GreatBasin,3/2/2011,28.4,33.9,43.3,42.4,29
GreatBasin,3/3/2011,34.5,38.5,43.9,43.2,30.5
GreatBasin,3/4/2011,28.7,35.5,42.3,43.8,31.3
GreatBasin,3/5/2011,30.7,35.8,45.1,43.8,30.9
GreatBasin,3/6/2011,33.4,38,44,43.7,31.1
GreatBasin,3/7/2011,29.1,34.9,41.9,41.4,28.5
GreatBasin,3/8/2011,23.1,30.3,38.2,42.2,27.6
GreatBasin,3/9/2011,30.6,35.9,46.6,45.2,30
GreatBasin,3/10/2011,36.2,41.9,50.9,49,33.8
GreatBasin,3/11/2011,34.6,42.3,49.5,49.7,34.7
GreatBasin,3/12/2011,33.2,40.1,48.7,49.7,34.1
GreatBasin,3/13/2011,34.6,41.5,51,50.3,35.8
GreatBasin,3/14/2011,39.7,44.5,51.3,51.9,37.2
GreatBasin,3/15/2011,37.2,43.9,53.3,52.2,39.6
GreatBasin,3/16/2011,41.9,46.6,52.1,51.4,37.2
GreatBasin,3/17/2011,32.5,39.4,48.7,49.9,34.9
GreatBasin,3/18/2011,30.2,37.7,48.8,48.2,32.4
GreatBasin,3/19/2011,34.5,39.8,47.2,47.1,32
GreatBasin,3/20/2011,31.2,36.9,45.3,45.3,33.1
GreatBasin,3/21/2011,33.5,38.7,43.5,43.1,31
GreatBasin,3/22/2011,28.4,34,40.5,42.7,29.8
GreatBasin,3/23/2011,27.5,34.2,44.1,42.7,29
GreatBasin,3/24/2011,31.1,36.7,43.5,43.3,30.2
GreatBasin,3/25/2011,31.9,36.4,42.3,43.3,30.9
GreatBasin,3/26/2011,29.7,36.1,44.2,43.8,30.9
GreatBasin,3/27/2011,31.1,37.2,44.8,44.9,31.1
GreatBasin,3/28/2011,32.6,38.6,45.8,45.9,31.3
GreatBasin,3/29/2011,30.1,37.7,47.2,48.5,33.4
GreatBasin,3/30/2011,37.6,43.1,52.5,53.1,36.4
GreatBasin,3/31/2011,41.5,48.6,59.7,58.5,41
GreatBasin,4/1/2011,44,52.4,63.4,61.9,44.5
GreatBasin,4/2/2011,48.1,54.5,62.6,61.4,42.3
GreatBasin,4/3/2011,34.9,43.2,58.2,56.8,37.5
GreatBasin,4/4/2011,29.5,37.7,49.5,54.8,34.8
GreatBasin,4/5/2011,39.9,46.1,56.6,53.8,35.2
GreatBasin,4/6/2011,36.2,44.6,55.2,54.1,37.4
GreatBasin,4/7/2011,36.1,42.1,50.5,49.4,34
GreatBasin,4/8/2011,29.6,35.8,42.5,44.8,31.6
GreatBasin,4/9/2011,29,34.7,41.5,43.6,29.2
GreatBasin,4/10/2011,28.9,36,46.9,47,30.6
GreatBasin,4/11/2011,33.8,41.4,52.5,51.1,33.2
GreatBasin,4/12/2011,37,44.8,53.8,53.3,35.9
GreatBasin,4/13/2011,36.8,45.2,53.5,52.5,34.9
GreatBasin,4/14/2011,31,39.4,50.3,52.7,33.9
GreatBasin,4/15/2011,34,42.2,54.2,55.1,35.8
GreatBasin,4/16/2011,42.4,49.5,60.7,58.9,40.8
GreatBasin,4/17/2011,45.9,53.2,61.7,61,44
GreatBasin,4/18/2011,43.6,50.4,60.5,58.7,42.1
GreatBasin,4/19/2011,36.8,45.1,53.9,57.2,39.4
GreatBasin,4/20/2011,37.8,46.3,57.1,55.6,38.3
GreatBasin,4/21/2011,40.3,47.6,55.9,54.9,37.2
GreatBasin,4/22/2011,33.4,42.1,51.7,53.3,36.3
GreatBasin,4/23/2011,35.2,43.2,52.3,52.6,35.3
GreatBasin,4/24/2011,37.2,45,53.9,53.6,36.7
GreatBasin,4/25/2011,37.7,45.8,54.6,54.1,36.6
GreatBasin,4/26/2011,34.8,43.2,53.8,54,35.1
GreatBasin,4/27/2011,32.8,41.7,53.5,55.6,35.4
GreatBasin,4/28/2011,38.6,47.8,59.5,57.2,35.8
GreatBasin,4/29/2011,35.9,44.4,58.6,55.2,34.6
GreatBasin,4/30/2011,29.3,37.6,47.5,52.4,32.3
GreatBasin,5/1/2011,31.8,40.8,51.2,52.3,32.2
GreatBasin,5/2/2011,35.4,45.3,58.3,56.7,36.1
GreatBasin,5/3/2011,41,50.3,60.6,59.8,38.9
GreatBasin,5/4/2011,40.2,50,60.6,63.3,41.2
GreatBasin,5/5/2011,42.3,53.9,68.8,66.2,44.1
GreatBasin,5/6/2011,49.8,59.5,69.3,69,47.5
GreatBasin,5/7/2011,50.5,59.7,68.9,68.7,49.3
GreatBasin,5/8/2011,47.5,55.4,67.9,64.2,45.6
GreatBasin,5/9/2011,38.8,45.2,55.7,59.4,41.2
GreatBasin,5/10/2011,37.4,44.4,54.5,57.1,38.8
GreatBasin,5/11/2011,40.3,49.4,61,61,40.9
GreatBasin,5/12/2011,45,54.9,67.6,66.7,44.6
GreatBasin,5/13/2011,48.6,59.4,71.6,70,48.2
GreatBasin,5/14/2011,51,60.6,70.7,69.2,48
GreatBasin,5/15/2011,44.4,54.2,65.3,64.9,44.3
GreatBasin,5/16/2011,37.6,47.3,58.8,59.3,40
GreatBasin,5/17/2011,38.1,46.2,53.9,55.2,38.1
GreatBasin,5/18/2011,38.5,45.8,52.9,54.6,38.5
GreatBasin,5/19/2011,38.8,47,57,57.1,40.1
GreatBasin,5/20/2011,43.1,51.2,61.4,61.4,42.9
GreatBasin,5/21/2011,46.7,55.6,65.8,64.5,46.1
GreatBasin,5/22/2011,48.6,57.7,66.2,65.6,47.4
GreatBasin,5/23/2011,46.9,55.4,64.7,63.8,46.5
GreatBasin,5/24/2011,43.9,51.8,60.6,63.8,45.2
GreatBasin,5/25/2011,44.8,54.6,66,64,44.9
GreatBasin,5/26/2011,45.9,55,65.4,64.9,44.8
GreatBasin,5/27/2011,43.7,53.2,63.3,63.8,44.8
GreatBasin,5/28/2011,44.7,54.2,62.7,62.1,42.9
GreatBasin,5/29/2011,40.2,48,60.2,59.5,41.1
GreatBasin,5/30/2011,38.4,45.9,55.6,61.2,40.4
GreatBasin,5/31/2011,42.5,52.9,67.8,64.5,43.3
GreatBasin,6/1/2011,49,59.4,70.1,68.6,45
GreatBasin,6/2/2011,43.6,53.9,67.9,67.1,44.4
GreatBasin,6/3/2011,40.7,51.1,63.4,68.1,43.6
GreatBasin,6/4/2011,46.6,58,73,71.6,46.8
GreatBasin,6/5/2011,53.1,64.9,78.4,76.3,51.1
GreatBasin,6/6/2011,53.7,64.3,77.5,74.5,51.7
GreatBasin,6/7/2011,48.2,57.6,67.6,71,50.3
GreatBasin,6/8/2011,48.9,59.1,68,67.9,48.4
GreatBasin,6/9/2011,48.1,58.2,68.1,69.6,48.9
GreatBasin,6/10/2011,49.7,60.8,72.7,71.3,50.2
GreatBasin,6/11/2011,52.7,63.1,73.2,72.9,51.7
GreatBasin,6/12/2011,52.7,62.9,72.9,73.3,53.2
GreatBasin,6/13/2011,54.1,64.3,73.8,74.2,53.7
GreatBasin,6/14/2011,54.3,65.1,76,76.3,55.1
GreatBasin,6/15/2011,56.8,68,79,77.5,54.9
GreatBasin,6/16/2011,53.6,64.7,77.6,76,53.1
GreatBasin,6/17/2011,49,60.2,71.3,74.7,52
GreatBasin,6/18/2011,53.4,64.2,75.3,73.4,51.8
GreatBasin,6/19/2011,53.1,62,73.5,74.2,52.2
GreatBasin,6/20/2011,50.1,60.9,73.8,75.7,52.9
GreatBasin,6/21/2011,55.4,66.9,79.7,79.9,55.2
GreatBasin,6/22/2011,60.1,72.4,86.2,83.7,59.7
GreatBasin,6/23/2011,63.5,75,85.2,84.9,60.9
GreatBasin,6/24/2011,59.1,71,83.3,82.9,59.8
GreatBasin,6/25/2011,56.7,68.9,80.2,80.9,57.7
GreatBasin,6/26/2011,57.3,68.8,79.3,81.4,57.2
GreatBasin,6/27/2011,57.6,70.2,84.7,83.9,59.4
GreatBasin,6/28/2011,63.3,75.4,87.8,86.2,61.5
GreatBasin,6/29/2011,63.7,74,86,84.3,61.1
GreatBasin,6/30/2011,56.2,67,79.2,82.3,59
GreatBasin,7/1/2011,57,68.5,81.7,83.5,58.3
GreatBasin,7/2/2011,61.8,74.4,89.5,87.4,62
GreatBasin,7/3/2011,67.3,79.4,90.9,89.5,65.4
GreatBasin,7/4/2011,67.2,76.7,88.1,87.7,66.6
GreatBasin,7/5/2011,65.4,75.5,84.1,85.8,66.4
GreatBasin,7/6/2011,66.6,76,85.1,84.5,66.6
GreatBasin,7/7/2011,67.7,76.6,84.3,83.9,66.1
GreatBasin,7/8/2011,63.9,73.5,82.2,83.5,64.5
GreatBasin,7/9/2011,61.9,72.5,84.1,83.9,62.7
GreatBasin,7/10/2011,62.4,73.8,85.3,84.7,62.5
GreatBasin,7/11/2011,63.2,74.3,84.8,84.6,62.7
GreatBasin,7/12/2011,62.6,73.3,83.6,83.4,62.4
GreatBasin,7/13/2011,61.4,72.1,81.9,82.1,60.9
GreatBasin,7/14/2011,58.8,70.1,80.7,81.5,59.6
GreatBasin,7/15/2011,58.5,70.2,81.8,82.2,59.1
GreatBasin,7/16/2011,59.9,71.9,84,84.7,60.1
GreatBasin,7/17/2011,62,74.4,88.2,86.6,62.7
GreatBasin,7/18/2011,66.3,77.3,87.5,87.6,65.2
GreatBasin,7/19/2011,67.3,77.7,87.1,86.6,64.8
GreatBasin,7/20/2011,60.7,72.8,85.2,85.9,63.1
GreatBasin,7/21/2011,61.3,73.3,85.4,85.1,61.7
GreatBasin,7/22/2011,63.1,74.1,84.7,85,61.7
GreatBasin,7/23/2011,60.7,72.7,85,86.5,62.9
GreatBasin,7/24/2011,64.9,76.4,89.8,88.4,64.5
GreatBasin,7/25/2011,67.8,79.4,90.4,89.6,66.2
GreatBasin,7/26/2011,65.8,75.6,88.5,87.5,65.1
GreatBasin,7/27/2011,61.8,72.6,83.7,86,63.4
GreatBasin,7/28/2011,62.5,73.8,85.9,86.1,63.3
GreatBasin,7/29/2011,65.6,76.8,88.6,87.7,65.4
GreatBasin,7/30/2011,68.2,78.3,88.6,87.9,67.3
GreatBasin,7/31/2011,68,77.1,86.4,85.9,67.2
GreatBasin,8/1/2011,65.5,74,82.7,85.3,66
GreatBasin,8/2/2011,64.5,75,86.8,85.6,65.4
GreatBasin,8/3/2011,66.1,76.6,87.3,87,65
GreatBasin,8/4/2011,64.5,75.8,87,86.6,64.5
GreatBasin,8/5/2011,62.8,74.5,85.6,86.4,63.3
GreatBasin,8/6/2011,62.5,74.3,86.5,86.3,62.7
GreatBasin,8/7/2011,62.7,74.7,86.7,86.4,62.5
GreatBasin,8/8/2011,62.3,74.4,86,86.1,62.6
GreatBasin,8/9/2011,62.9,74.4,85.6,85.8,62.5
GreatBasin,8/10/2011,62.2,74,85.9,85.5,62.5
GreatBasin,8/11/2011,62.4,73.6,85,85.4,62.1
GreatBasin,8/12/2011,61.7,73,85.2,85.7,62.9
GreatBasin,8/13/2011,64.5,75.3,86.9,86.3,64
GreatBasin,8/14/2011,65.9,76.4,86.8,86.4,64.8
GreatBasin,8/15/2011,64.1,74.7,85.4,85.6,63.3
GreatBasin,8/16/2011,59.8,71.8,84.5,86.1,62.1
GreatBasin,8/17/2011,62.5,74.5,88.3,87,62.6
GreatBasin,8/18/2011,65.5,76.8,88.3,87.6,63.6
GreatBasin,8/19/2011,62.8,74.5,86.2,87.2,63.7
GreatBasin,8/20/2011,62.8,74.5,87,87.2,63.2
GreatBasin,8/21/2011,64.1,75.8,88.5,88.5,64.2
GreatBasin,8/22/2011,65.7,77.4,90.1,89.4,65.3
GreatBasin,8/23/2011,66,77.8,89.5,90.7,66.5
GreatBasin,8/24/2011,67.7,79.3,92.4,91.2,67.7
GreatBasin,8/25/2011,69.3,80.5,91.6,91.9,68.5
GreatBasin,8/26/2011,68.5,79.8,91.7,91.2,69.3
GreatBasin,8/27/2011,70,80.1,90.3,90.1,69.3
GreatBasin,8/28/2011,69.3,79,88.3,88.8,68.7
GreatBasin,8/29/2011,66.7,77.2,87.7,87.9,66.9
GreatBasin,8/30/2011,64.7,75.9,87.7,87.1,65.2
GreatBasin,8/31/2011,64.2,74.8,85.8,85.2,62.4
GreatBasin,9/1/2011,58.3,69.5,82.1,82.7,59.7
GreatBasin,9/2/2011,56.5,67.8,80.2,80.9,57.2
GreatBasin,9/3/2011,56.7,68.3,80.4,81.6,57.1
GreatBasin,9/4/2011,58.2,70.1,84.2,82.5,59.1
GreatBasin,9/5/2011,62.3,72.5,83,82.6,60
GreatBasin,9/6/2011,59.5,69.6,80.7,82.3,60.6
GreatBasin,9/7/2011,60.1,70.9,83.2,82.2,60
GreatBasin,9/8/2011,60.5,71.5,82.6,82.4,60.3
GreatBasin,9/9/2011,60.4,70.9,81.3,81,60
GreatBasin,9/10/2011,59,69,79.2,79.4,59.5
GreatBasin,9/11/2011,59.2,68.4,77.6,77.9,58.5
GreatBasin,9/12/2011,57.3,67.2,76.9,76.5,57.9
GreatBasin,9/13/2011,57.3,66.2,74.9,74.8,56.8
GreatBasin,9/14/2011,55.7,64.2,72.7,74.2,55.6
GreatBasin,9/15/2011,53.8,63.4,75,73.6,55
GreatBasin,9/16/2011,55.4,63.5,73.1,72.9,53.6
GreatBasin,9/17/2011,51.7,60.8,70.7,72.7,53.2
GreatBasin,9/18/2011,52.6,62.1,74.4,74.2,53.4
GreatBasin,9/19/2011,56,65.7,77.6,76.2,54.8
GreatBasin,9/20/2011,55.9,65.9,76.6,77.5,55.8
GreatBasin,9/21/2011,55.6,65.9,78.3,78.9,56.2
GreatBasin,9/22/2011,57.1,67.9,81.7,81.2,57.4
GreatBasin,9/23/2011,59.4,70.2,83.6,82.7,59
GreatBasin,9/24/2011,60.6,71.1,82.9,82.2,59.9
GreatBasin,9/25/2011,59.8,69.7,80.1,79.8,58.7
GreatBasin,9/26/2011,55.7,65.7,76.3,78.8,57.6
GreatBasin,9/27/2011,57.3,67.1,80,78.6,57.1
GreatBasin,9/28/2011,58.3,68.2,79.5,79.9,57.6
GreatBasin,9/29/2011,57.2,67.6,80.3,80.8,58.4
GreatBasin,9/30/2011,59.7,69.7,82.5,80.8,59.1
GreatBasin,10/1/2011,60.4,69.6,79.6,79.8,59.5
GreatBasin,10/2/2011,58.4,67.2,77.2,77.8,58.7
GreatBasin,10/3/2011,57.4,66.1,76.5,75.3,57
GreatBasin,10/4/2011,55.1,62,72.1,71.1,53.6
GreatBasin,10/5/2011,48.4,54.1,64.6,63.2,47.7
GreatBasin,10/6/2011,39.7,45,53,55.8,41.7
GreatBasin,10/7/2011,36.9,42.3,49.9,52.4,38.7
GreatBasin,10/8/2011,39.6,45.4,54.3,53.9,38.6
GreatBasin,10/9/2011,39.4,47.2,57.5,57,40.5
GreatBasin,10/10/2011,42.4,49.6,59.1,59.8,43.2
GreatBasin,10/11/2011,47.8,53.6,62.9,62,45.4
GreatBasin,10/12/2011,45.9,53.8,63.9,64.8,47
GreatBasin,10/13/2011,47.2,55.5,67.6,67.1,47.9
GreatBasin,10/14/2011,50.6,58.8,69.9,69.7,50.5
GreatBasin,10/15/2011,53.6,61.2,71.5,69.8,52.3
GreatBasin,10/16/2011,52.8,60.2,68.1,67.7,51.1
GreatBasin,10/17/2011,46.8,55.2,63.5,65.2,47.7
GreatBasin,10/18/2011,43.4,52.1,63.9,64.4,45.2
GreatBasin,10/19/2011,45.3,54.1,65.7,65,45.2
GreatBasin,10/20/2011,46.8,55.3,65.3,65.5,46.4
GreatBasin,10/21/2011,47,55.4,65.5,65.5,47
GreatBasin,10/22/2011,47.1,55.5,65.7,66.1,47.3
GreatBasin,10/23/2011,47.7,56.2,67,65.9,47.8
GreatBasin,10/24/2011,48.6,56.3,64.9,64,46.1
GreatBasin,10/25/2011,42,50.1,60.1,58.9,41.8
GreatBasin,10/26/2011,34.9,42.6,51.6,53.9,36.4
GreatBasin,10/27/2011,32.4,39.5,50.1,52.3,34.2
GreatBasin,10/28/2011,35.3,42.8,55.1,54.4,36.2
GreatBasin,10/29/2011,41,47.5,58.1,58,39.2
GreatBasin,10/30/2011,41.3,49.3,60.9,59.8,42.2
GreatBasin,10/31/2011,44.3,51.5,60.4,59,41.2
GreatBasin,11/1/2011,37.9,45.5,55.6,53.6,36.7
GreatBasin,11/2/2011,28,36,44.8,50.4,32.6
GreatBasin,11/3/2011,31.9,38.4,50.8,47.9,32.1
GreatBasin,11/4/2011,36.5,41.8,48.2,47.2,32.3
GreatBasin,11/5/2011,28.6,33.9,42.5,43,30.3
GreatBasin,11/6/2011,25.9,30.8,38.2,40,27
GreatBasin,11/7/2011,26.6,31.6,39.4,39.1,26.1
GreatBasin,11/8/2011,25.9,31.6,39.7,40.7,26.3
GreatBasin,11/9/2011,26.4,32.7,42.9,43,27.5
GreatBasin,11/10/2011,30.2,35.9,46.5,45.4,29.8
GreatBasin,11/11/2011,32.8,38.4,46.9,45.5,32.9
GreatBasin,11/12/2011,35.6,39.4,43.2,45.3,34.3
GreatBasin,11/13/2011,34.6,38.1,45.8,45.1,34.5
GreatBasin,11/14/2011,33.3,38.6,46.3,45,33.5
GreatBasin,11/15/2011,32.7,37.3,42.9,43.9,31.5
GreatBasin,11/16/2011,28.4,34.6,42.6,44.6,31.6
GreatBasin,11/17/2011,33.6,38.1,48.4,44.9,32.1
GreatBasin,11/18/2011,34.3,39.3,43.6,43.6,31.1
GreatBasin,11/19/2011,25.4,32,38.8,40.8,28.6
GreatBasin,11/20/2011,26.1,30.8,40.1,40.1,27.4
GreatBasin,11/21/2011,30.7,34.4,41.5,42.2,29.7
GreatBasin,11/22/2011,32.4,36.6,45.1,45.3,32.9
GreatBasin,11/23/2011,35.7,40.3,49.4,47.4,35.4
GreatBasin,11/24/2011,38.1,42.1,47.7,46.9,36.3
GreatBasin,11/25/2011,35.2,39.1,43.6,44.1,33.7
GreatBasin,11/26/2011,27.8,33.7,41.1,43.8,31.6
GreatBasin,11/27/2011,31.9,36.2,46.7,45.2,32.3
GreatBasin,11/28/2011,37.2,40.9,47.7,47.4,34.6
GreatBasin,11/29/2011,34.7,40.1,47.9,46.3,35.7
GreatBasin,11/30/2011,35.1,39.2,43.3,43,31.8
GreatBasin,12/1/2011,25.5,30.6,37.7,39.1,28.7
GreatBasin,12/2/2011,25.6,29.4,36.3,35.1,23.8
GreatBasin,12/3/2011,20.2,26.1,31.4,32.8,22.3
GreatBasin,12/4/2011,21.1,24.6,30.6,29.7,18.9
GreatBasin,12/5/2011,15.5,21.3,27,29.2,17.5
GreatBasin,12/6/2011,15.8,20.5,30,30.3,17.3
GreatBasin,12/7/2011,20.6,25.2,33.9,33.1,19.5
GreatBasin,12/8/2011,22.1,27.3,35.4,35.5,22.1
GreatBasin,12/9/2011,23.5,28.6,37.2,37.2,23.3
GreatBasin,12/10/2011,24.4,30,38.9,38.1,24.3
GreatBasin,12/11/2011,25.1,30.6,38.1,37.4,24.9
GreatBasin,12/12/2011,25.1,29.5,35.3,36,25.1
GreatBasin,12/13/2011,25,28.8,34.7,35,25
GreatBasin,12/14/2011,25,28.5,35.1,34.6,24.4
GreatBasin,12/15/2011,23.2,27.9,34,34.8,23.7
GreatBasin,12/16/2011,22.9,27.6,35.3,35.8,23.7
GreatBasin,12/17/2011,24.9,29.3,38.2,37.2,25
GreatBasin,12/18/2011,27.2,31.6,38,37.2,25.6
GreatBasin,12/19/2011,24.7,29.9,35.5,36.4,25.3
GreatBasin,12/20/2011,23.9,28.5,35.6,35.1,24.6
GreatBasin,12/21/2011,25.3,29.3,34.3,33,22.2
GreatBasin,12/22/2011,17.4,23.4,29.2,32,20.3
GreatBasin,12/23/2011,18.3,23.1,32.4,32.4,19.2
GreatBasin,12/24/2011,21.9,26.8,35.7,35.5,21.4
GreatBasin,12/25/2011,24.1,29.2,38.4,37.5,24.1
GreatBasin,12/26/2011,26.2,31.4,38.4,39,25.8
GreatBasin,12/27/2011,27.2,31.8,40.3,40.8,28.5
GreatBasin,12/28/2011,32.1,35.7,43.8,43.6,32.4
GreatBasin,12/29/2011,38,41,46.8,46.4,35.8
GreatBasin,12/30/2011,37.3,41,48.7,46.9,35
GreatBasin,12/31/2011,29.8,36.8,45.1,45.1,31.3
GreatBasin,1/1/2012,26.8,31.7,41.6,44.2,29.4
GreatBasin,1/2/2012,31.7,36.2,45.9,44.9,31.2
GreatBasin,1/3/2012,35.1,39.7,47.1,47.1,33.9
GreatBasin,1/4/2012,34.9,39.9,48.4,47.9,35.3
GreatBasin,1/5/2012,36,41.1,48.3,46.7,34
GreatBasin,1/6/2012,31.2,37.4,43.3,43.4,32.4
GreatBasin,1/7/2012,29.9,34.3,38.5,39.7,28.4
GreatBasin,1/8/2012,24.2,29.2,37.3,38.6,27
GreatBasin,1/9/2012,27,31.6,39.9,39.1,26.6
GreatBasin,1/10/2012,28.6,33.4,40.2,38.8,26.5
GreatBasin,1/11/2012,23.9,30.3,36.2,37,24.2
GreatBasin,1/12/2012,20.1,25.7,34.5,36.4,22.3
GreatBasin,1/13/2012,22.8,28.2,38.4,38.8,23.5
GreatBasin,1/14/2012,27.6,32.9,43.6,41.1,27.1
GreatBasin,1/15/2012,31,35.6,41.2,40.4,26.9
GreatBasin,1/16/2012,22.1,27.9,36.3,36.1,22.7
GreatBasin,1/17/2012,15.1,21.1,30.9,34.5,20.6
GreatBasin,1/18/2012,24.5,27.7,36.2,36,23.6
GreatBasin,1/19/2012,31.2,33.9,40.9,40,29.4
GreatBasin,1/20/2012,32.6,36.5,42.9,41.6,33.4
GreatBasin,1/21/2012,36.5,38.1,40.9,40.6,30.9
GreatBasin,1/22/2012,23.7,30,38,38.2,28.9
GreatBasin,1/23/2012,26.6,29.3,35.6,36.4,24.6
GreatBasin,1/24/2012,23.6,28.7,35.6,37.8,26.1
GreatBasin,1/25/2012,28.1,32.6,42.2,40.3,28.1
GreatBasin,1/26/2012,32.5,36.5,43,41.9,28.5
GreatBasin,1/27/2012,24.9,32.1,40.5,39.6,25.8
GreatBasin,1/28/2012,20.1,25.6,35.4,39,24.3
GreatBasin,1/29/2012,27.8,31.5,41.1,39.6,26.4
GreatBasin,1/30/2012,31.2,35.3,42.4,41.9,29.3
GreatBasin,1/31/2012,28.9,34.4,42.1,42.3,29.9
GreatBasin,2/1/2012,29.6,34.5,42.4,41.4,28.9
GreatBasin,2/2/2012,28.2,33.1,39.8,39.6,26.8
GreatBasin,2/3/2012,22.7,28.4,36.5,38.2,24.8
GreatBasin,2/4/2012,23.5,29.2,38.3,37.8,23.3
GreatBasin,2/5/2012,23.8,29.9,38.7,38.1,23.7
GreatBasin,2/6/2012,23.8,29.9,37.4,37.8,23.6
GreatBasin,2/7/2012,23.2,28.9,37.2,38.9,24.9
GreatBasin,2/8/2012,27.7,32.1,42.2,41.2,27.5
GreatBasin,2/9/2012,31.6,36.4,44.1,43.8,30.8
GreatBasin,2/10/2012,33.1,37.9,45,44.8,32.3
GreatBasin,2/11/2012,32.3,37.6,45.2,44.2,32.2
GreatBasin,2/12/2012,31.3,35.8,42.4,42.8,30.8
GreatBasin,2/13/2012,28.7,34,40.9,40.4,28.6
GreatBasin,2/14/2012,25.7,31,38,38.3,26.1
GreatBasin,2/15/2012,23.8,29.3,36,37.3,24.1
GreatBasin,2/16/2012,22.8,28.5,37.8,38,24.2
GreatBasin,2/17/2012,25.9,31,40.2,39.8,25.6
GreatBasin,2/18/2012,28.2,33.2,41.5,40.3,27
GreatBasin,2/19/2012,27,32,39.3,38.9,25.6
GreatBasin,2/20/2012,21.6,27.4,35.8,39.3,25.8
GreatBasin,2/21/2012,28.9,33,42.7,42.5,28.9
GreatBasin,2/22/2012,36.3,40.7,48.9,46.3,31.9
GreatBasin,2/23/2012,30.6,37.4,47.2,46.2,30.7
GreatBasin,2/24/2012,25.2,32,42.6,43.8,29.3
GreatBasin,2/25/2012,32.2,35.9,41.5,41,26.7
GreatBasin,2/26/2012,22.7,29.7,39,40.3,26.7
GreatBasin,2/27/2012,25.2,30.3,40.5,39.2,24.2
GreatBasin,2/28/2012,24.6,30.2,38.2,39.4,25
GreatBasin,2/29/2012,25.1,30.2,39.4,38.4,24.8
GreatBasin,3/1/2012,24.6,30.5,37.7,37.1,23
GreatBasin,3/2/2012,19.2,26.6,34.3,38.1,22.4
GreatBasin,3/3/2012,23.3,29.2,42.2,41.8,24.5
GreatBasin,3/4/2012,30.9,37.7,48.8,48.1,29.6
GreatBasin,3/5/2012,34.6,41.7,53.3,51.2,34
GreatBasin,3/6/2012,36.6,42.5,51.5,48.2,30.3
GreatBasin,3/7/2012,19.8,27.7,39.7,44.9,26.6
GreatBasin,3/8/2012,23.5,30.3,43.4,44.2,24.6
GreatBasin,3/9/2012,30.5,37.4,49.4,48.2,29.4
GreatBasin,3/10/2012,34.1,41.6,51.8,51,33.5
GreatBasin,3/11/2012,35.9,42.8,51.7,52,34.9
GreatBasin,3/12/2012,34.6,42.6,52.6,52.3,36.4
GreatBasin,3/13/2012,38.7,44.6,52.5,52.7,37.1
GreatBasin,3/14/2012,37.9,44.4,53,54.1,38.9
GreatBasin,3/15/2012,40.1,47,56.8,55.3,40.2
GreatBasin,3/16/2012,42.6,49,56.2,55.7,41.1
GreatBasin,3/17/2012,40.7,46,54.1,52.5,38.3
GreatBasin,3/18/2012,31.7,37.7,47.2,46.4,32.3
GreatBasin,3/19/2012,24.5,30.6,37.9,42,26.9
GreatBasin,3/20/2012,24.4,30.6,41,43.8,27.5
GreatBasin,3/21/2012,33.7,39.8,52.5,50.5,32.3
GreatBasin,3/22/2012,38.8,46.4,58.1,56.2,38
GreatBasin,3/23/2012,41.6,49.1,58.1,58.5,40.4
GreatBasin,3/24/2012,40.8,48.8,59.2,59.4,41.6
GreatBasin,3/25/2012,42.3,50.6,60.9,59.6,40.4
GreatBasin,3/26/2012,38,45.1,58.7,57.8,38.4
GreatBasin,3/27/2012,34.9,42.6,53.7,56.5,38.1
GreatBasin,3/28/2012,41.3,47.6,57,55.6,38.1
GreatBasin,3/29/2012,38.1,46.5,56.2,58.1,41
GreatBasin,3/30/2012,43.5,50.7,61.2,61,42.5
GreatBasin,3/31/2012,45.9,54.6,65.5,63.3,42.2
GreatBasin,4/1/2012,37.2,46.1,63.2,58.9,37.5
GreatBasin,4/2/2012,29.4,37.6,47.9,55.8,33.5
GreatBasin,4/3/2012,33.8,42.4,56.4,54.7,34.4
GreatBasin,4/4/2012,40.1,48.8,59.7,57.9,36.6
GreatBasin,4/5/2012,35.9,45.1,57.6,56.1,35.1
GreatBasin,4/6/2012,29.4,38.4,51.1,54.7,31.8
GreatBasin,4/7/2012,30,39.7,55.3,56.7,32.5
GreatBasin,4/8/2012,38.2,48.6,63.8,62.1,37.1
GreatBasin,4/9/2012,43.1,53.8,67.1,66.8,42.3
GreatBasin,4/10/2012,45.5,56.4,69.4,68.1,44.5
GreatBasin,4/11/2012,44.8,54.8,67.7,65.2,42.3
GreatBasin,4/12/2012,36.6,45,58.6,59.1,39
GreatBasin,4/13/2012,35.5,43.3,51,52.7,35.2
GreatBasin,4/14/2012,33.5,40.5,48.6,50.6,34.3
GreatBasin,4/15/2012,33.8,41.9,52.1,52.8,34.8
GreatBasin,4/16/2012,37.1,45.8,57.6,56.7,37.8
GreatBasin,4/17/2012,42.5,50.4,60.4,59.7,41.5
GreatBasin,4/18/2012,44.9,52.7,61,61.3,44
GreatBasin,4/19/2012,44.5,52.8,62.6,64.2,45.4
GreatBasin,4/20/2012,46.9,56.3,69,68.6,47.5
GreatBasin,4/21/2012,51.1,61.5,74.1,74.1,50.6
GreatBasin,4/22/2012,53.9,65.5,79.3,78,54
GreatBasin,4/23/2012,57.1,68.5,80.5,79.3,55.5
GreatBasin,4/24/2012,55.4,66.5,78,77.4,55.6
GreatBasin,4/25/2012,54.4,63.8,73.8,74.2,54.1
GreatBasin,4/26/2012,52.6,60.4,70.7,68.8,48.6
GreatBasin,4/27/2012,38.7,47.9,62,63.4,43.5
GreatBasin,4/28/2012,39.3,47.7,57.6,60.7,39.8
GreatBasin,4/29/2012,41.3,50.8,62.5,63,42.2
GreatBasin,4/30/2012,46.1,56.4,69,66.4,44.8
GreatBasin,5/1/2012,46.9,56.2,67.7,66.6,46.1
GreatBasin,5/2/2012,45.4,54.2,63.1,65.7,46.5
GreatBasin,5/3/2012,47.1,55.9,66.3,64.8,46.1
GreatBasin,5/4/2012,45.8,55.9,64.9,64.9,44.8
GreatBasin,5/5/2012,41.6,52,63.4,63.2,42.3
GreatBasin,5/6/2012,39.4,49.9,61.3,63.1,40.7
GreatBasin,5/7/2012,41.1,52.5,64.7,65.6,42.1
GreatBasin,5/8/2012,45.9,57.2,70.7,70.3,46.1
GreatBasin,5/9/2012,51.2,62.8,75.5,73.4,49.1
GreatBasin,5/10/2012,50.2,60.8,74.1,72.5,48.8
GreatBasin,5/11/2012,44.9,56.3,67.9,71.5,47.7
GreatBasin,5/12/2012,48.1,59.6,72.4,72,48.1
GreatBasin,5/13/2012,51.2,63.1,75.7,75.8,50.7
GreatBasin,5/14/2012,52.8,65.5,79.2,79,53.1
GreatBasin,5/15/2012,55.3,68.5,82.1,80.7,55.5
GreatBasin,5/16/2012,58.5,69.9,80.7,80.3,57
GreatBasin,5/17/2012,57.1,67.9,78.1,77.7,55.3
GreatBasin,5/18/2012,50.2,60.4,74.2,74,51.1
GreatBasin,5/19/2012,46,57.3,69.6,73.8,49.1
GreatBasin,5/20/2012,51,63,77.6,77,51.5
GreatBasin,5/21/2012,57.5,69.8,83.7,81.1,55.5
GreatBasin,5/22/2012,58.1,69,82.1,80.2,55.2
GreatBasin,5/23/2012,50,60.3,74.7,74.1,50.6
GreatBasin,5/24/2012,43.6,54.4,65.4,67.9,46.4
GreatBasin,5/25/2012,45.5,55,63.5,63.5,43.7
GreatBasin,5/26/2012,42.1,51.5,61.6,61.4,42.5
GreatBasin,5/27/2012,39.9,48.8,59,62.7,42
GreatBasin,5/28/2012,44,54.3,67.6,66.9,44.2
GreatBasin,5/29/2012,48.6,60.7,74.1,72.3,48.5
GreatBasin,5/30/2012,53,64.1,75.1,76,52.3
GreatBasin,5/31/2012,55.2,66.8,78.9,78.8,56
GreatBasin,6/1/2012,59.7,70.9,82.5,81.4,58.7
GreatBasin,6/2/2012,61.2,72.8,82.8,82.8,60.3
GreatBasin,6/3/2012,59.9,71.7,83.1,82.7,60.5
GreatBasin,6/4/2012,60.4,72.1,82.2,81.9,58.2
GreatBasin,6/5/2012,54.2,63.5,80.4,76.2,52.3
GreatBasin,6/6/2012,42.3,53.6,65.9,73.4,47.8
GreatBasin,6/7/2012,46.9,59.4,73.9,72.4,47.9
GreatBasin,6/8/2012,54.4,65.8,77.4,75.8,50.9
GreatBasin,6/9/2012,51.4,62,76.1,73.5,49.6
GreatBasin,6/10/2012,43.1,54.9,67.1,73,48
GreatBasin,6/11/2012,49.4,61.5,75.7,74.7,49.4
GreatBasin,6/12/2012,55.8,68,81.4,79.2,54.5
GreatBasin,6/13/2012,58.4,70.1,80.5,80.6,56.8
GreatBasin,6/14/2012,56.1,68.4,79.9,80.4,57.5
GreatBasin,6/15/2012,58.1,69.9,80.7,81.3,57.2
GreatBasin,6/16/2012,57.4,70.2,83.3,84,59.3
GreatBasin,6/17/2012,62.3,74.5,87.9,86,60.3
GreatBasin,6/18/2012,61.2,73.7,86.8,85,59
GreatBasin,6/19/2012,53.5,65.7,80.2,81.7,55.6
GreatBasin,6/20/2012,52.1,64.8,78,81.7,54.4
GreatBasin,6/21/2012,57.7,70.9,86.9,83.6,57.1
GreatBasin,6/22/2012,61.6,74.3,85.9,85.6,59.4
GreatBasin,6/23/2012,58.8,71.8,84.1,85.6,60.2
GreatBasin,6/24/2012,60.1,73.1,86.7,85.7,60.5
GreatBasin,6/25/2012,62.5,75,86.3,86,61
GreatBasin,6/26/2012,60.4,71.7,85,84.7,59.5
GreatBasin,6/27/2012,55.6,68.3,82.9,85.5,58.9
GreatBasin,6/28/2012,60.8,74.1,88.7,86.5,60
GreatBasin,6/29/2012,63.7,76.5,87.8,88.4,62.4
GreatBasin,6/30/2012,62.7,75.7,88.6,88.2,63.5
GreatBasin,7/1/2012,64.2,76.7,88.2,88.3,63.3
GreatBasin,7/2/2012,63.1,75.9,88.1,87.9,64
GreatBasin,7/3/2012,64.6,76.5,87.3,86.7,62.6
GreatBasin,7/4/2012,60,72.1,84.8,84,62.4
GreatBasin,7/5/2012,62.7,71.6,80,83.2,61.1
GreatBasin,7/6/2012,60.6,72,84.7,84.5,62.4
GreatBasin,7/7/2012,64,76,88.7,88,63.6
GreatBasin,7/8/2012,66.3,78.7,90.7,90.8,66.1
GreatBasin,7/9/2012,68.1,80.4,93,92.8,67.9
GreatBasin,7/10/2012,69.4,82.3,94.7,93.9,69.3
GreatBasin,7/11/2012,70.5,82.9,94.1,94,70.2
GreatBasin,7/12/2012,70.7,81.9,93.3,92.9,70.5
GreatBasin,7/13/2012,70.3,79,91.4,88.3,68.6
GreatBasin,7/14/2012,64.7,72.7,80.3,84.5,66.1
GreatBasin,7/15/2012,63.4,72.6,81.7,81.3,63.6
GreatBasin,7/16/2012,62.7,72.9,82,82.1,62.3
GreatBasin,7/17/2012,60.9,71.5,82.6,83.5,61.6
GreatBasin,7/18/2012,61.2,73.1,86,85.7,62.4
GreatBasin,7/19/2012,65.2,76.7,88.4,87.5,65
GreatBasin,7/20/2012,68.7,78.5,88.1,88.5,67.1
GreatBasin,7/21/2012,67.3,78.2,89,88.6,68.1
GreatBasin,7/22/2012,68.3,78.6,88.7,88.4,67.8
GreatBasin,7/23/2012,67.7,77.6,87.6,87.1,67.2
GreatBasin,7/24/2012,65.5,75.3,84.9,86.4,65.8
GreatBasin,7/25/2012,64.3,75.3,86.7,86.9,65.1
GreatBasin,7/26/2012,65.4,77.1,89.1,88.3,65.8
GreatBasin,7/27/2012,67.7,78.3,89,89.1,66.2
GreatBasin,7/28/2012,65.5,77.6,89.2,88.8,66.5
GreatBasin,7/29/2012,66.2,77.4,88.3,88.2,66.2
GreatBasin,7/30/2012,66.8,77.4,87.1,86.7,66
GreatBasin,7/31/2012,65,75.3,84.8,85.9,65.7
GreatBasin,8/1/2012,65.2,75.1,85.7,86.1,65
GreatBasin,8/2/2012,64.9,75.9,87.8,86.8,64.8
GreatBasin,8/3/2012,64.4,75.3,87,87.2,64.2
GreatBasin,8/4/2012,63.4,74.6,86.7,87.7,64.5
GreatBasin,8/5/2012,65.8,77.2,89.4,88.4,65.9
GreatBasin,8/6/2012,68.5,78.9,89,89.9,67.3
GreatBasin,8/7/2012,67.7,79.2,91.4,91.2,68.9
GreatBasin,8/8/2012,70.4,81.5,93.3,92.7,69.5
GreatBasin,8/9/2012,70.3,81.3,93.3,92.9,70.4
GreatBasin,8/10/2012,70.5,81.4,92,91.5,69.4
GreatBasin,8/11/2012,67.5,78.3,89.1,90.7,68.7
GreatBasin,8/12/2012,68,79.2,90.9,89.9,68.3
GreatBasin,8/13/2012,69.3,80.1,89.8,90.3,68.4
GreatBasin,8/14/2012,67.9,79,90.3,89.7,68.1
GreatBasin,8/15/2012,67.2,77.9,89,89,66.8
GreatBasin,8/16/2012,65.2,76.3,87.7,88.1,66.3
GreatBasin,8/17/2012,66.4,77.1,87.6,87.6,65.8
GreatBasin,8/18/2012,65.7,76.8,87.6,87.6,66.2
GreatBasin,8/19/2012,66.6,77.2,87.5,87.1,66.2
GreatBasin,8/20/2012,66.3,76.4,86.3,86.8,66.3
GreatBasin,8/21/2012,65.9,76.5,86.6,85.6,65.3
GreatBasin,8/22/2012,63.6,72.9,83.9,84.3,63.6
GreatBasin,8/23/2012,61.4,70.8,82.4,82.7,62.2
GreatBasin,8/24/2012,61.5,71.7,81.8,82.6,60.9
GreatBasin,8/25/2012,59.8,71.1,83.7,83.8,61.9
GreatBasin,8/26/2012,64.3,74.3,86,85.7,62.6
GreatBasin,8/27/2012,63.8,74.7,87.4,87.6,64.3
GreatBasin,8/28/2012,64.7,76.5,89.5,88.4,64.8
GreatBasin,8/29/2012,65.9,76.3,88.2,87.4,64.8
GreatBasin,8/30/2012,63.7,74.1,84.6,85.3,64.5
GreatBasin,8/31/2012,63.8,73.5,83.1,82.7,63
GreatBasin,9/1/2012,61.4,71,80.4,81.5,61.1
GreatBasin,9/2/2012,58.2,69.1,81,81.6,59.7
GreatBasin,9/3/2012,59.5,70.6,83.3,82.2,59.5
GreatBasin,9/4/2012,60.9,71.6,82.4,82.9,60.1
GreatBasin,9/5/2012,60,71,83.1,82.4,61
GreatBasin,9/6/2012,62,71.7,81.6,81.7,60.2
GreatBasin,9/7/2012,58.6,69.3,80.5,81.8,60.1
GreatBasin,9/8/2012,59.8,70.8,83.4,83.1,59.9
GreatBasin,9/9/2012,61.3,72.3,85.3,84,61.2
GreatBasin,9/10/2012,62.5,71.6,83.3,81.8,60
GreatBasin,9/11/2012,56.3,65.7,76.9,78,57.1
GreatBasin,9/12/2012,52.6,62.5,73.9,76.6,54
GreatBasin,9/13/2012,53,64.5,79,78.3,54
GreatBasin,9/14/2012,56.5,67.9,81.9,81.1,56.3
GreatBasin,9/15/2012,59.3,70.1,82.5,81.7,58.2
GreatBasin,9/16/2012,58.9,69.3,80.6,80.1,58
GreatBasin,9/17/2012,55.8,66.4,77.3,79.3,56.9
GreatBasin,9/18/2012,55.9,66.8,79.9,79.2,56.4
GreatBasin,9/19/2012,57.6,68.3,80.5,80.4,57.2
GreatBasin,9/20/2012,58.2,68.7,80.7,80.8,58
GreatBasin,9/21/2012,58.3,69,81.2,81.5,58.4
GreatBasin,9/22/2012,58.7,69.6,82.7,81.5,59.6
GreatBasin,9/23/2012,61.7,70,80.5,79.6,58.9
GreatBasin,9/24/2012,56.2,65,75.7,75.8,56.9
GreatBasin,9/25/2012,52.7,61.6,71.3,73,53.8
GreatBasin,9/26/2012,52.6,61.7,72.1,72.8,53
GreatBasin,9/27/2012,53.8,63.2,75,74.7,53.9
GreatBasin,9/28/2012,55.4,65,77,76.6,55.2
GreatBasin,9/29/2012,56.5,66.1,77.8,77.5,56.2
GreatBasin,9/30/2012,56.8,66.2,77.6,77.7,56.3
GreatBasin,10/1/2012,55.6,65.7,77.8,78.1,56.4
GreatBasin,10/2/2012,56.8,66.8,78.8,77.6,55.3
GreatBasin,10/3/2012,53.5,63.1,76.2,73.9,52
GreatBasin,10/4/2012,45.8,55.8,66.8,69.1,48.1
GreatBasin,10/5/2012,44.9,54.1,64.2,64.4,44.5
GreatBasin,10/6/2012,42.8,51.8,62.1,63.3,43.1
GreatBasin,10/7/2012,41.5,51.3,63.7,64.1,43.1
GreatBasin,10/8/2012,44.9,53.9,66.6,65.8,44.3
GreatBasin,10/9/2012,46.4,55.5,67.2,67.6,46.2
GreatBasin,10/10/2012,47.4,56.9,69.1,67.5,47.1
GreatBasin,10/11/2012,47.5,56.5,66.1,66.1,47.3
GreatBasin,10/12/2012,46.9,53.8,63,63.1,46.3
GreatBasin,10/13/2012,44.4,51.2,60.2,63.3,45.7
GreatBasin,10/14/2012,45.8,54.2,66.7,64.7,46.4
GreatBasin,10/15/2012,49.1,57.1,67.3,67.1,49
GreatBasin,10/16/2012,52.2,58.4,67.2,65.8,47.8
GreatBasin,10/17/2012,42,51.1,62.9,64.3,45.3
GreatBasin,10/18/2012,41.8,50.5,62.9,64.4,43.4
GreatBasin,10/19/2012,46.4,54.7,67.5,65.5,46
GreatBasin,10/20/2012,49.7,57.4,66.1,65,46.6
GreatBasin,10/21/2012,43.8,52.1,61.3,61.4,45.5
GreatBasin,10/22/2012,43,49.7,56.9,57.3,41.8
GreatBasin,10/23/2012,38.5,45.1,53.8,52.3,38.5
GreatBasin,10/24/2012,33.9,39.9,46.3,48.4,34.9
GreatBasin,10/25/2012,32.4,38.1,45.1,45.8,31.7
GreatBasin,10/26/2012,28.8,36.3,46.1,48.1,32.1
GreatBasin,10/27/2012,35.2,41.6,53.1,52.8,35.4
GreatBasin,10/28/2012,42.3,47.9,59.2,58.4,41
GreatBasin,10/29/2012,45.5,52.4,63,62.1,44.5
GreatBasin,10/30/2012,45.6,53.4,64,63.9,45.8
GreatBasin,10/31/2012,46.3,54.4,64.7,63,46.3
GreatBasin,11/1/2012,47.1,53.3,60.2,60.9,45.1
GreatBasin,11/2/2012,41.8,49.6,57.7,59.1,43.4
GreatBasin,11/3/2012,41.3,48.7,59.3,59.4,42.5
GreatBasin,11/4/2012,44.4,51.3,61.3,61.3,43.8
GreatBasin,11/5/2012,45.7,53,63.2,62.8,45.2
GreatBasin,11/6/2012,45.4,53.4,64,63.6,45.9
GreatBasin,11/7/2012,46.5,54,63.6,61.7,45.1
GreatBasin,11/8/2012,43.5,50.1,57.6,57.3,42.3
GreatBasin,11/9/2012,36.8,40.7,50.8,48,34.9
GreatBasin,11/10/2012,24.4,29.2,35.6,39.6,27.1
GreatBasin,11/11/2012,20,25,32.5,35.7,22.3
GreatBasin,11/12/2012,22.4,27.6,39.1,38.6,24
GreatBasin,11/13/2012,29.6,34.6,44.2,43.4,28.4
GreatBasin,11/14/2012,33.2,38.2,47,46.4,32
GreatBasin,11/15/2012,33.1,39.1,47.9,48.1,34.6
GreatBasin,11/16/2012,37.5,41.2,49.5,49.5,36.1
GreatBasin,11/17/2012,37.7,43,51.2,49.9,38
GreatBasin,11/18/2012,38.7,43.4,49.1,50.4,37.8
GreatBasin,11/19/2012,37.1,42.2,50.9,51,38.5
GreatBasin,11/20/2012,39.7,44.7,53.1,52.1,39.4
GreatBasin,11/21/2012,41.4,46,52.3,50.8,38.5
GreatBasin,11/22/2012,34.5,40.9,47.1,49.8,36.6
GreatBasin,11/23/2012,34,39.7,49.9,49.5,35.6
GreatBasin,11/24/2012,38.4,43,51.5,49.9,36.7
GreatBasin,11/25/2012,37.8,42.8,48.3,48.7,36.1
GreatBasin,11/26/2012,32.2,38.5,46.3,47.6,34.5
GreatBasin,11/27/2012,33.5,38.8,48.3,48.3,34.1
GreatBasin,11/28/2012,36.6,41.3,50.4,50.1,36
GreatBasin,11/29/2012,38,43.4,51.5,50.7,38.4
GreatBasin,11/30/2012,40.7,44.4,50.3,50.9,39.5
GreatBasin,12/1/2012,39.8,44.3,50.9,50.7,40.6
GreatBasin,12/2/2012,41.2,44.9,51,49.8,38.7
GreatBasin,12/3/2012,35,40.8,47.6,48.9,37.6
GreatBasin,12/4/2012,36.5,40.2,48.1,48.4,37.6
GreatBasin,12/5/2012,41.2,44.2,49.6,48.3,38.3
GreatBasin,12/6/2012,37.1,41.9,47.2,46.7,37.1
GreatBasin,12/7/2012,32.9,38,43.4,43.1,33.7
GreatBasin,12/8/2012,31,35.1,38.6,38.8,29.4
GreatBasin,12/9/2012,24.3,29.5,34.5,36.7,26.6
GreatBasin,12/10/2012,24.6,28.5,37.1,37.5,25.9
GreatBasin,12/11/2012,28.9,32.9,41,40.2,28.5
GreatBasin,12/12/2012,32,35.6,42.5,41.6,30.6
GreatBasin,12/13/2012,31,35.1,41.3,40.3,30.6
GreatBasin,12/14/2012,28.9,32.7,37.2,37.1,28.4
GreatBasin,12/15/2012,25.4,29.3,32.9,34.3,26.3
GreatBasin,12/16/2012,24.6,27.3,32.8,34.2,26
GreatBasin,12/17/2012,27.9,30.7,37,34.3,25.6
GreatBasin,12/18/2012,24.2,28,33.1,32,22.5
GreatBasin,12/19/2012,15.4,20.8,26,29.6,18.6
GreatBasin,12/20/2012,16.2,20,29.7,30.1,18.1
GreatBasin,12/21/2012,22.6,26,34.5,33.4,21.3
GreatBasin,12/22/2012,25.1,28.7,35.9,35.4,24.7
GreatBasin,12/23/2012,26.4,30.2,35.8,34.7,26.1
GreatBasin,12/24/2012,26.9,29.8,32.3,31.8,23.5
GreatBasin,12/25/2012,17.2,21.7,27.4,29.7,21.2
GreatBasin,12/26/2012,19.5,22.5,29.3,28.5,18.9
GreatBasin,12/27/2012,19.9,23.4,28.9,28.4,19
GreatBasin,12/28/2012,17.6,20.9,27.1,27.8,17.6
GreatBasin,12/29/2012,15.4,19.4,27.4,27,16.3
GreatBasin,12/30/2012,15.8,19.7,26.6,25.8,14.9
GreatBasin,12/31/2012,13.4,17.3,23.3,24.2,13.5
GreatBasin,1/1/2013,11.4,15.5,22.8,23.1,12
GreatBasin,1/2/2013,11.2,15.2,23.2,23.4,11.2
GreatBasin,1/3/2013,11,15.5,24.1,24.3,11.7
GreatBasin,1/4/2013,12.8,17.3,25.7,25.6,12.5
GreatBasin,1/5/2013,13.8,18.7,27.1,28,15
GreatBasin,1/6/2013,18.5,22.2,31.1,30,17
GreatBasin,1/7/2013,18.6,23.5,31.9,33.4,21.1
GreatBasin,1/8/2013,26.3,29.6,37.1,36,24.2
GreatBasin,1/9/2013,27.7,31.4,38.9,37,27.8
GreatBasin,1/10/2013,29.4,32.5,35.1,33.9,23.6
GreatBasin,1/11/2013,13.6,19,27.8,26.7,16.5
GreatBasin,1/12/2013,6.4,11.4,17.3,20.1,7.9
GreatBasin,1/13/2013,3.7,8.3,15.1,15.4,3.4
GreatBasin,1/14/2013,0.2,5.5,13.8,17.2,3.7
GreatBasin,1/15/2013,7.1,12,22.7,21.4,7.8
GreatBasin,1/16/2013,16.2,19.6,27.7,26.7,13.1
GreatBasin,1/17/2013,16,20.7,29.7,29.3,16.5
GreatBasin,1/18/2013,17.3,22.2,30.5,30.6,17
GreatBasin,1/19/2013,17.6,23.3,31.6,31.5,17.6
GreatBasin,1/20/2013,17.9,23.6,32.4,32.7,18.3
GreatBasin,1/21/2013,19.3,24.7,34.2,34.3,19.5
GreatBasin,1/22/2013,21.4,26.7,36.4,36.5,21.9
GreatBasin,1/23/2013,25.1,29.6,39,38.3,26.3
GreatBasin,1/24/2013,32.4,35,39.6,40,30.2
GreatBasin,1/25/2013,33,36.1,41.5,40.4,33.5
GreatBasin,1/26/2013,35,37,40,39.8,33.2
GreatBasin,1/27/2013,31.7,34.5,38,37.5,29.3
GreatBasin,1/28/2013,21.2,26.3,34.5,34.3,24.7
GreatBasin,1/29/2013,21.3,24.2,30.3,33.7,21.7
GreatBasin,1/30/2013,22.6,27,36.2,35.3,24.3
GreatBasin,1/31/2013,28.9,32.8,39.5,38.7,26.5
GreatBasin,2/1/2013,28.1,33.2,40.3,39.9,28.1
GreatBasin,2/2/2013,27.2,32.5,39.9,40.1,28.1
GreatBasin,2/3/2013,29,33,40.1,40.2,27.9
GreatBasin,2/4/2013,27.5,32.6,40.7,41.2,28.7
GreatBasin,2/5/2013,29.7,34.7,42.7,41.4,29.2
GreatBasin,2/6/2013,30.4,35.8,40.9,41.1,28.7
GreatBasin,2/7/2013,25.9,31.8,39.6,39.2,27.7
GreatBasin,2/8/2013,26.9,31.4,37.2,36.5,25.2
GreatBasin,2/9/2013,22.8,27.4,32.7,33.7,23.6
GreatBasin,2/10/2013,21.1,25.7,31.1,31.1,19.9
GreatBasin,2/11/2013,15.7,21.9,29.6,31.2,18.6
GreatBasin,2/12/2013,18.9,23.5,32.8,33.5,20.2
GreatBasin,2/13/2013,26.1,29.8,38.2,36.7,24.2
GreatBasin,2/14/2013,27.5,32.3,39.2,39.3,26.5
GreatBasin,2/15/2013,25.9,31.6,40.6,40.9,26.9
GreatBasin,2/16/2013,27.2,33.2,42.9,41.3,27.7
GreatBasin,2/17/2013,30.1,35,40.4,40.4,26.7
GreatBasin,2/18/2013,22.9,29.7,38,39.5,26.6
GreatBasin,2/19/2013,26.8,31.4,40,38.5,25.1
GreatBasin,2/20/2013,25.6,30,37.5,36.7,24.6
GreatBasin,2/21/2013,21.3,26.6,32.6,35.1,23
GreatBasin,2/22/2013,22.2,26.9,35.2,34.4,23.4
GreatBasin,2/23/2013,26.7,30.1,35.4,34.6,22.5
GreatBasin,2/24/2013,18.7,25,33.3,34.7,21.5
GreatBasin,2/25/2013,19.1,25.1,35.5,34.2,20.2
GreatBasin,2/26/2013,22.9,28.1,33.9,34.9,20.1
GreatBasin,2/27/2013,18.4,25.3,35.2,36.6,21.7
GreatBasin,2/28/2013,23.8,29.5,40.7,41.1,25.1
GreatBasin,3/1/2013,33.1,37.6,47.4,45.9,30.3
GreatBasin,3/2/2013,34.1,40.4,49.7,48.4,35.4
GreatBasin,3/3/2013,39,42.9,48.2,47.7,33.5
GreatBasin,3/4/2013,27.3,35.1,45.3,46.3,30.5
GreatBasin,3/5/2013,25.2,33.1,45.4,46,28.4
GreatBasin,3/6/2013,32.6,38.5,47.3,45.9,29.4
GreatBasin,3/7/2013,30.3,37.3,45,45.1,31.5
GreatBasin,3/8/2013,31.6,36.5,43,43,30.2
GreatBasin,3/9/2013,28.8,34.2,41,42.9,29.3
GreatBasin,3/10/2013,27.5,34.2,44.8,44.6,29.7
GreatBasin,3/11/2013,32.9,38.7,48.1,48.4,31.5
GreatBasin,3/12/2013,34.1,41.4,52.2,52.8,35.5
GreatBasin,3/13/2013,39.5,46.6,58.2,57.3,38.9
GreatBasin,3/14/2013,43.1,50.6,61.6,60.3,42.8
GreatBasin,3/15/2013,45.7,53,61.1,60.7,43.5
GreatBasin,3/16/2013,41.6,49.8,59.4,58.7,41.4
GreatBasin,3/17/2013,36.9,44.6,55.6,54.7,36.9
GreatBasin,3/18/2013,32.1,39.1,49,51.8,34.2
GreatBasin,3/19/2013,33.6,41.5,50.9,51.5,34.7
GreatBasin,3/20/2013,38.5,44.3,54.5,52.9,35.4
GreatBasin,3/21/2013,34.2,42.5,53.4,51,34.1
GreatBasin,3/22/2013,29.5,36,45,46.1,28.6
GreatBasin,3/23/2013,22.2,30.3,39.8,42.4,25.2
GreatBasin,3/24/2013,23.8,31.5,42.3,43.7,24.4
GreatBasin,3/25/2013,27.2,36,49.1,48.7,29
GreatBasin,3/26/2013,36,43,54.6,53.6,33.4
GreatBasin,3/27/2013,37,45.8,57.2,56.8,37.5
GreatBasin,3/28/2013,39.6,48.2,58.6,58.7,39.6
GreatBasin,3/29/2013,42.1,50.4,60.4,60.1,41.6
GreatBasin,3/30/2013,43.1,51.8,61.3,61,42.4
GreatBasin,3/31/2013,41.9,51.3,61.2,60.7,41.8
GreatBasin,4/1/2013,40.4,49.1,59.7,59.8,40.5
GreatBasin,4/2/2013,39.2,47.6,58.4,60.1,40.6
GreatBasin,4/3/2013,42.1,51.1,62.3,61.8,41.8
GreatBasin,4/4/2013,44.2,53.6,64.6,63.2,43.6
GreatBasin,4/5/2013,44.5,52.7,62.8,62.2,43.8
GreatBasin,4/6/2013,42.6,50.6,59.2,60.2,43
GreatBasin,4/7/2013,42,49.9,58.7,58.4,40.7
GreatBasin,4/8/2013,37.5,44.2,57.2,53.1,35.4
GreatBasin,4/9/2013,26.6,34.9,43.4,51.1,31
GreatBasin,4/10/2013,29,37.9,52.7,50.6,31.3
GreatBasin,4/11/2013,38.3,45.8,55.6,55.3,35
GreatBasin,4/12/2013,37.6,47,57.6,57.2,39.9
GreatBasin,4/13/2013,43.7,50.6,58.3,57.1,38.8
GreatBasin,4/14/2013,35.1,43.9,55.4,54.8,37.4
GreatBasin,4/15/2013,33.4,41.6,50.6,51.2,32.7
GreatBasin,4/16/2013,29.7,37.8,47.7,47,29.6
GreatBasin,4/17/2013,25.7,34.2,42.7,46.1,27.5
GreatBasin,4/18/2013,27,35.8,47.8,48.5,29.2
GreatBasin,4/19/2013,35,43.1,54.9,53.3,33.8
GreatBasin,4/20/2013,39.5,47.4,57.1,57.6,38.1
GreatBasin,4/21/2013,39.9,49.5,60.9,59.3,40
GreatBasin,4/22/2013,40.7,50,59.9,58.9,38
GreatBasin,4/23/2013,33.4,43.6,56,58,36.8
GreatBasin,4/24/2013,36.2,45.6,58.2,59.3,36.7
GreatBasin,4/25/2013,40.4,50.9,63.6,62.9,40.3
GreatBasin,4/26/2013,44.2,54.7,67,67.2,44.4
GreatBasin,4/27/2013,48.5,58.9,71.1,69.8,47.8
GreatBasin,4/28/2013,50.6,60.8,71.3,70.9,49.7
GreatBasin,4/29/2013,49.9,60.2,70.3,70.1,48.4
GreatBasin,4/30/2013,44.6,55.1,68.8,66.4,43.6
GreatBasin,5/1/2013,36.2,46.9,60.1,63.7,38.8
GreatBasin,5/2/2013,35.7,46.9,62.2,63.2,38.3
GreatBasin,5/3/2013,43.1,54.3,67.4,65.4,41.6
GreatBasin,5/4/2013,46.1,56.8,66.7,67,45.2
GreatBasin,5/5/2013,46.3,56.8,66.9,66.3,46.6
GreatBasin,5/6/2013,47.3,56.6,65.4,64.9,46.4
GreatBasin,5/7/2013,45.5,54.3,62.3,63.8,45.7
GreatBasin,5/8/2013,44.4,53.8,63.8,64.5,45.8
GreatBasin,5/9/2013,47.6,57.3,67.5,67.9,47.6
GreatBasin,5/10/2013,50.7,60.7,72.5,72.2,50.3
GreatBasin,5/11/2013,52.6,64.2,76.5,76.7,53.4
GreatBasin,5/12/2013,56.9,68.2,81,80.4,56.5
GreatBasin,5/13/2013,60,71.4,83.6,82.2,58.2
GreatBasin,5/14/2013,57.7,69.7,82.1,81.1,57.7
GreatBasin,5/15/2013,55.5,66.8,77.5,78.2,55.6
GreatBasin,5/16/2013,53.6,64.3,75,74.1,53.5
GreatBasin,5/17/2013,51.3,59.2,69.9,69.9,50.8
GreatBasin,5/18/2013,47.4,55.8,64.8,66.3,48.3
GreatBasin,5/19/2013,46.3,55.5,64.1,65,46.5
GreatBasin,5/20/2013,45.8,55.3,66.1,67.9,47
GreatBasin,5/21/2013,49,60.2,73.4,70.6,47.8
GreatBasin,5/22/2013,48.7,60.3,72.4,71.1,47.1
GreatBasin,5/23/2013,43.5,55.5,67.5,69.8,45.5
GreatBasin,5/24/2013,44.3,56.4,69.5,70.1,45.7
GreatBasin,5/25/2013,49.4,60.8,73.2,71.9,48.2
GreatBasin,5/26/2013,50.8,62.4,72.9,72.4,49.8
GreatBasin,5/27/2013,49.3,60.2,71,70.7,49.9
GreatBasin,5/28/2013,49.6,58.5,68.3,68.9,48.5
GreatBasin,5/29/2013,46.6,56.8,67.4,68.2,47.9
GreatBasin,5/30/2013,47.5,58,68.9,68.9,47.4
GreatBasin,5/31/2013,48.1,59.5,70.3,71.8,48.9
GreatBasin,6/1/2013,51.1,62.7,76.2,76.2,51.7
GreatBasin,6/2/2013,56,68.5,82.1,79.7,53.8
GreatBasin,6/3/2013,54.4,66.9,80.8,79.8,54.9
GreatBasin,6/4/2013,54.4,65.7,76.6,79.1,54.8
GreatBasin,6/5/2013,55.6,67.5,79.9,80.2,56.5
GreatBasin,6/6/2013,59.6,71.5,84.2,83.7,59.4
GreatBasin,6/7/2013,63.1,74.9,87.1,85.8,61.9
GreatBasin,6/8/2013,62.9,75,86.2,87.2,63
GreatBasin,6/9/2013,63.1,75.6,88.2,87.1,63.3
GreatBasin,6/10/2013,63.9,75.9,87,86.4,62.1
GreatBasin,6/11/2013,59.3,71.2,84,84.9,61
GreatBasin,6/12/2013,59.7,71.9,83.8,83.4,59.5
GreatBasin,6/13/2013,59.6,70.7,82.4,81.3,56.9
GreatBasin,6/14/2013,51.5,63.8,77.7,80.2,54.8
GreatBasin,6/15/2013,53.2,65.9,80.4,80.6,54.1
GreatBasin,6/16/2013,57.7,70.5,83.7,82.9,56.6
GreatBasin,6/17/2013,58.9,71.9,84.6,84.2,58.8
GreatBasin,6/18/2013,59.7,72.6,84.4,84.1,58.3
GreatBasin,6/19/2013,56.4,68.1,83.3,80.3,55.1
GreatBasin,6/20/2013,49.1,61.4,73.1,77.1,52.6
GreatBasin,6/21/2013,52.2,63.5,75,74.4,51.2
GreatBasin,6/22/2013,52.2,64.2,75.1,76.8,53.1
GreatBasin,6/23/2013,55,67.4,80.4,78.2,55.1
GreatBasin,6/24/2013,58.1,68.8,79.2,78.6,56.2
GreatBasin,6/25/2013,55.4,65.9,76.2,79.9,58.1
GreatBasin,6/26/2013,60.7,71.1,84.2,83.7,60.1
GreatBasin,6/27/2013,64.3,76.6,90.7,90,64.6
GreatBasin,6/28/2013,68.8,81.6,95.2,94,68.3
GreatBasin,6/29/2013,71.8,84.5,96,95.5,70.6
GreatBasin,6/30/2013,71.3,83.9,95.4,95.8,71.9
GreatBasin,7/1/2013,72.5,84.5,96.1,95.6,72.3
GreatBasin,7/2/2013,73.2,84.7,95.4,95.3,72.8
GreatBasin,7/3/2013,72.7,84.2,94.5,94.3,72.2
GreatBasin,7/4/2013,70.6,82.1,93,92.6,70
GreatBasin,7/5/2013,66.8,78.5,90.2,89.7,67.1
GreatBasin,7/6/2013,63.8,75.2,86,87.9,65.4
GreatBasin,7/7/2013,65.7,76.8,87.5,87.6,65.3
GreatBasin,7/8/2013,66.3,77.6,89.3,89.3,66.1
GreatBasin,7/9/2013,66.4,78.5,91,91,66.8
GreatBasin,7/10/2013,67.6,80.2,92.8,91.9,67.7
GreatBasin,7/11/2013,69.1,78.6,92,89.3,66.6
GreatBasin,7/12/2013,63,72.9,83.2,86.9,65.2
GreatBasin,7/13/2013,63.6,74.6,85.5,85.2,63.6
GreatBasin,7/14/2013,64.1,75.4,86.8,87.5,65
GreatBasin,7/15/2013,67.4,78.5,90.3,88.7,66.1
GreatBasin,7/16/2013,66.7,78.2,89,89.3,66.4
GreatBasin,7/17/2013,65.1,76.9,88.5,89.4,66.4
GreatBasin,7/18/2013,67.5,79,90.8,90.6,67
GreatBasin,7/19/2013,68.3,80.5,92.5,91.6,68.3
GreatBasin,7/20/2013,69.1,80.8,91.5,91.4,68.5
GreatBasin,7/21/2013,68.2,79.5,90.3,90.3,68.1
GreatBasin,7/22/2013,66.9,77.9,89.2,89.5,67.6
GreatBasin,7/23/2013,67.6,78.2,88.9,89.5,67.4
GreatBasin,7/24/2013,67.7,79.3,90.3,89.8,68
GreatBasin,7/25/2013,68.7,79.9,90.1,89.8,68.3
GreatBasin,7/26/2013,68.5,79.3,89,88.9,68.6
GreatBasin,7/27/2013,68.7,77.6,87.5,86.9,66.9
GreatBasin,7/28/2013,63.4,73.9,84.1,85.1,64.9
GreatBasin,7/29/2013,62.5,73.1,83.6,84.8,62.8
GreatBasin,7/30/2013,62.6,74.1,86.7,86.7,63.4
GreatBasin,7/31/2013,65,76.8,89.8,88.4,64.7
GreatBasin,8/1/2013,66.4,77.4,88.7,88,63.9
GreatBasin,8/2/2013,60.4,72.3,85.4,86.5,62.7
GreatBasin,8/3/2013,61.4,72.8,85.3,86.1,61.9
GreatBasin,8/4/2013,63.8,75.4,87.7,87.2,63.5
GreatBasin,8/5/2013,65.2,76.8,88.7,87.9,64.4
GreatBasin,8/6/2013,64.3,76,87.2,87.2,64.2
GreatBasin,8/7/2013,63,74.8,85.8,85.6,62.9
GreatBasin,8/8/2013,61.5,73.1,83.9,84.6,61.8
GreatBasin,8/9/2013,60.8,72.7,84,84.4,61.3
GreatBasin,8/10/2013,61.6,73.2,85.3,84.9,61.3
GreatBasin,8/11/2013,61.5,73.3,85.4,85.6,61.7
GreatBasin,8/12/2013,62.1,74,86.2,86.1,62
GreatBasin,8/13/2013,62.3,74.4,86.8,87.2,62.4
GreatBasin,8/14/2013,62.7,75.4,88.7,88.6,63.3
GreatBasin,8/15/2013,64.8,77.1,90.2,90.1,64.7
GreatBasin,8/16/2013,66.6,78.8,91.4,90.5,66.5
GreatBasin,8/17/2013,68,79.4,90,89.6,66.8
GreatBasin,8/18/2013,65.8,76.7,87.4,88.5,66.8
GreatBasin,8/19/2013,66.6,77.6,88,87.6,66.5
GreatBasin,8/20/2013,67.2,77.5,87.3,87,66.3
GreatBasin,8/21/2013,65.2,75.8,85.8,86,66.2
GreatBasin,8/22/2013,66.1,75.7,84.8,84.3,65.4
GreatBasin,8/23/2013,64.9,73.6,82.3,82.8,64.4
GreatBasin,8/24/2013,62.2,71.6,81.2,80.9,62.7
GreatBasin,8/25/2013,61.1,70.4,79.2,80.1,61.6
GreatBasin,8/26/2013,61.5,70,79.8,80.1,61.3
GreatBasin,8/27/2013,61.4,70.8,81.3,82.1,62.3
GreatBasin,8/28/2013,64.1,73.8,85.1,84.3,63.9
GreatBasin,8/29/2013,66.1,76,86.5,85.8,65.5
GreatBasin,8/30/2013,66.2,76.1,85.9,85.7,65.8
GreatBasin,8/31/2013,65,75.1,84.8,85,65.2
GreatBasin,9/1/2013,64.5,74.2,84.2,84.2,65.3
GreatBasin,9/2/2013,66.3,74.8,83.5,83.6,65.3
GreatBasin,9/3/2013,65.2,74,83,83.8,65.7
GreatBasin,9/4/2013,65.6,74.9,84.9,84.8,65.7
GreatBasin,9/5/2013,66.3,76.1,86.5,85.5,65.8
GreatBasin,9/6/2013,65.6,75.6,85,84.9,65.2
GreatBasin,9/7/2013,63.7,72.5,83.1,82.7,63.7
GreatBasin,9/8/2013,61.9,69.9,80,80,61.5
GreatBasin,9/9/2013,58.8,67.7,77,77.6,60
GreatBasin,9/10/2013,59.3,67.4,75.8,75.6,59.2
GreatBasin,9/11/2013,59.6,66.9,74.1,75.4,59.2
GreatBasin,9/12/2013,58.6,66.6,76.4,75.5,59.3
GreatBasin,9/13/2013,59.6,67.7,76.1,76.4,59.5
GreatBasin,9/14/2013,60.2,68.1,76.7,77.3,59.4
GreatBasin,9/15/2013,58.5,68,79.2,79.4,59.7
GreatBasin,9/16/2013,60.5,70.2,82.3,80.7,60
GreatBasin,9/17/2013,61.1,70.3,80.6,79.8,58.4
GreatBasin,9/18/2013,53.7,62.9,76.5,76,54.6
GreatBasin,9/19/2013,49.1,59,70.8,74.9,51.3
GreatBasin,9/20/2013,51,62.2,77.5,74.7,52.2
GreatBasin,9/21/2013,56.6,65.8,75.7,75.3,53
GreatBasin,9/22/2013,51.5,59.6,72.6,71.9,51.8
GreatBasin,9/23/2013,47.4,56.2,67.4,70.5,49.8
GreatBasin,9/24/2013,50.5,59.7,71.5,69.5,49.4
GreatBasin,9/25/2013,50.2,57.4,69.5,66,47.5
GreatBasin,9/26/2013,41.7,48.6,56.9,60.5,43.5
GreatBasin,9/27/2013,38.5,45.8,55.2,58.6,40.4
GreatBasin,9/28/2013,41,49.5,63.6,61.7,42.9
GreatBasin,9/29/2013,49.2,56.5,66.3,65.9,47.4
GreatBasin,9/30/2013,52.1,58.6,67.9,67.6,49.8
GreatBasin,10/1/2013,48.1,57.2,68.6,67.5,48.8
GreatBasin,10/2/2013,46.2,55.7,66,65.8,46
GreatBasin,10/3/2013,43.6,51.3,62.9,60.5,41.7
GreatBasin,10/4/2013,35.2,42.6,52.6,57.3,37.8
GreatBasin,10/5/2013,34.6,43.4,56.3,57.9,36.7
GreatBasin,10/6/2013,40.3,49.3,64.8,63.3,40.6
GreatBasin,10/7/2013,46.9,56,68.9,66.4,44.4
GreatBasin,10/8/2013,45.9,54.7,65.5,64.3,44.9
GreatBasin,10/9/2013,42,49.7,58.6,59.9,42.5
GreatBasin,10/10/2013,39.7,46.7,55.7,56.6,40.1
GreatBasin,10/11/2013,38.7,45.9,55.4,56.8,39.5
GreatBasin,10/12/2013,40,47.9,59.3,57.4,40.1
GreatBasin,10/13/2013,41.6,49.2,57.6,57,39.9
GreatBasin,10/14/2013,38.2,45.5,54.2,55,38.7
GreatBasin,10/15/2013,36.2,44,53.1,53.8,36.6
GreatBasin,10/16/2013,35.4,43.5,54,54.4,36.6
GreatBasin,10/17/2013,38.1,45.9,56.2,55.8,37.4
GreatBasin,10/18/2013,38.6,46.8,57.3,58,38.8
GreatBasin,10/19/2013,39.8,48.3,60.4,59.7,40.4
GreatBasin,10/20/2013,42.9,51.1,61.3,61.4,41.9
GreatBasin,10/21/2013,43.1,51.5,62.4,62.6,43.1
GreatBasin,10/22/2013,43.3,52.3,64,63.6,43.5
GreatBasin,10/23/2013,44.2,53.3,64.4,64.6,44.1
GreatBasin,10/24/2013,44.8,53.8,65.3,64.9,45.1
GreatBasin,10/25/2013,46.2,54.6,65.1,65.1,45.3
GreatBasin,10/26/2013,44.9,54.1,65,64.5,45
GreatBasin,10/27/2013,44,53.3,63.5,62.2,43
GreatBasin,10/28/2013,40.2,47.3,58.1,55.7,39.1
GreatBasin,10/29/2013,33.2,39.1,45.5,50,35.2
GreatBasin,10/30/2013,32.3,38.2,46.4,47.4,33
GreatBasin,10/31/2013,33.4,39.8,50.2,50,34
GreatBasin,11/1/2013,36.4,43.3,53.5,53.6,35.8
GreatBasin,11/2/2013,37.6,45.3,57.2,54.2,36.6
GreatBasin,11/3/2013,35.9,43.1,51.9,50.5,34.4
GreatBasin,11/4/2013,29.7,35.8,42.4,45.1,30.7
GreatBasin,11/5/2013,26.4,33,40.9,44,29.3
GreatBasin,11/6/2013,31.7,36.8,48.6,47.9,31.6
GreatBasin,11/7/2013,36.7,42.7,54.1,52,35.9
GreatBasin,11/8/2013,39.2,46,53.4,54,37.9
GreatBasin,11/9/2013,37.7,44.7,54.5,54.9,38.7
GreatBasin,11/10/2013,39.3,46.2,56.7,56.2,38.9
GreatBasin,11/11/2013,39.8,47.2,57.5,58.1,40.5
GreatBasin,11/12/2013,42.5,49,60,58.4,42
GreatBasin,11/13/2013,43.8,50.1,57.8,57,41.4
GreatBasin,11/14/2013,38,45.5,53.1,52.9,39.1
GreatBasin,11/15/2013,35.6,41.9,47.8,48.4,35.7
GreatBasin,11/16/2013,33.5,37.8,44.2,46.1,33.6
GreatBasin,11/17/2013,31.7,37.1,46.4,46.9,33.2
GreatBasin,11/18/2013,34.3,39.9,50.2,48.8,35.1
GreatBasin,11/19/2013,39.3,43.2,49.9,48.6,36.6
GreatBasin,11/20/2013,36.3,40.9,45.6,45.4,35.2
GreatBasin,11/21/2013,30.1,34.7,40.7,40.9,30.6
GreatBasin,11/22/2013,25.5,30.1,36.5,38.7,28
GreatBasin,11/23/2013,28.5,31.8,38.9,38.6,27.7
GreatBasin,11/24/2013,29,33.4,40.5,40.5,29
GreatBasin,11/25/2013,29.4,34.2,42.1,42.4,29.9
GreatBasin,11/26/2013,31.3,36.1,44.7,44.1,31.4
GreatBasin,11/27/2013,33.6,38.2,45.5,44.9,32.4
GreatBasin,11/28/2013,32.2,37.2,44.6,45.1,32.7
GreatBasin,11/29/2013,32.4,37.5,45.2,44.8,32.6
GreatBasin,11/30/2013,33.2,37.8,44.7,45.2,33.3
GreatBasin,12/1/2013,34.3,38.5,45.7,45.9,35.2
GreatBasin,12/2/2013,38,41.1,47.3,44.9,33.3
GreatBasin,12/3/2013,27.7,33,41.8,39,26.4
GreatBasin,12/4/2013,13.4,19.6,27.9,29.3,15.8
GreatBasin,12/5/2013,6.2,11.4,18.3,21.8,8.6
GreatBasin,12/6/2013,6.1,10.9,19.2,19.9,8
GreatBasin,12/7/2013,11.7,14.9,22.1,19.7,7.9
GreatBasin,12/8/2013,5.9,12.1,17.8,19.3,7.2
GreatBasin,12/9/2013,4.1,9,18,20.1,6.7
GreatBasin,12/10/2013,10.1,14.1,24.4,23.8,9.3
GreatBasin,12/11/2013,13.8,18.8,29,28.8,14.2
GreatBasin,12/12/2013,18.8,23.1,32.9,31.6,18.1
GreatBasin,12/13/2013,21.6,25.7,32.9,33.4,21.3
GreatBasin,12/14/2013,23.4,27.2,34.5,35.3,23.4
GreatBasin,12/15/2013,25.3,29.4,38.5,38,25.7
GreatBasin,12/16/2013,28.5,32.9,41,40.5,27.5
GreatBasin,12/17/2013,28.8,33.8,42,41.4,29.5
GreatBasin,12/18/2013,31.2,35.3,41.3,40.1,29.3
GreatBasin,12/19/2013,27.9,32.1,36.9,36.2,26.3
GreatBasin,12/20/2013,19.7,24.2,30.3,34,23.7
GreatBasin,12/21/2013,23.4,26.9,34.8,33.5,22.7
GreatBasin,12/22/2013,25.1,28.9,35.3,36.7,26.1
GreatBasin,12/23/2013,29.8,32.8,40.1,38.2,28.4
GreatBasin,12/24/2013,30.2,34.8,39.1,38.4,27.9
GreatBasin,12/25/2013,23.6,29,35.9,37.7,26.4
GreatBasin,12/26/2013,25.3,29.7,38.1,38.2,25.6
GreatBasin,12/27/2013,28,32.5,40.5,38.3,26.9
GreatBasin,12/28/2013,27.5,32.3,36.2,36.9,25.5
GreatBasin,12/29/2013,21,26.7,34.1,35.8,24.2
GreatBasin,12/30/2013,24.2,28.6,37,37.2,24.7
GreatBasin,12/31/2013,29,32.8,40.4,39.2,27.4
GreatBasin,1/1/2014,28.9,34,40.1,40.2,28.6
GreatBasin,1/2/2014,27.9,32.4,40.1,40.5,29.1
GreatBasin,1/3/2014,30.4,34.3,41.4,39.7,27.6
GreatBasin,1/4/2014,24.5,31.2,37.6,36,23.8
GreatBasin,1/5/2014,16.5,22.6,29.1,33.3,19.7
GreatBasin,1/6/2014,18,22.7,33.3,33.1,20.2
GreatBasin,1/7/2014,26.2,29.4,37,36.2,23.8
GreatBasin,1/8/2014,27.3,31.4,38.3,37.9,28
GreatBasin,1/9/2014,30.4,33.5,38.5,39.2,29
GreatBasin,1/10/2014,29.3,33.2,40.9,41,31.1
GreatBasin,1/11/2014,33.7,37,43.7,42,30.8
GreatBasin,1/12/2014,29.3,35.4,41.4,41.9,31
GreatBasin,1/13/2014,30.1,33.3,40.5,41.4,29.7
GreatBasin,1/14/2014,29.7,34.6,42.4,42,30.1
GreatBasin,1/15/2014,30.4,35.2,43.1,42.6,29.8
GreatBasin,1/16/2014,29.2,35.1,42.4,42.9,29.8
GreatBasin,1/17/2014,29.7,34.9,43.2,42.8,29.1
GreatBasin,1/18/2014,28.4,34.8,42.8,43.1,29.1
GreatBasin,1/19/2014,29.3,34.9,43.4,42.9,28.9
GreatBasin,1/20/2014,28.9,35.2,42.5,43.1,29.1
GreatBasin,1/21/2014,29.1,34.7,43.4,42.3,28.9
GreatBasin,1/22/2014,28.7,34.2,41,41,27.7
GreatBasin,1/23/2014,25.2,32,38.7,39.9,26.7
GreatBasin,1/24/2014,26.1,31.3,40.1,40.1,26.2
GreatBasin,1/25/2014,27.4,33,41.4,40.4,26.9
GreatBasin,1/26/2014,27.3,33.2,39.6,40.5,27
GreatBasin,1/27/2014,26.4,32.4,40.6,40.2,26.7
GreatBasin,1/28/2014,26.4,32.5,40.4,41.4,28.6
GreatBasin,1/29/2014,32.9,36.1,43.3,42.1,30.4
GreatBasin,1/30/2014,31.9,37.2,42.6,40.9,29.9
GreatBasin,1/31/2014,24.9,30.2,36.9,37,25.4
GreatBasin,2/1/2014,19.4,24.9,31.5,33.2,20.4
GreatBasin,2/2/2014,16.9,22.4,31.2,31.5,18.6
GreatBasin,2/3/2014,19.5,24.3,31.7,30.6,17.6
GreatBasin,2/4/2014,16.3,22,29,28.9,15.8
GreatBasin,2/5/2014,11.6,17.6,26,27.8,13.8
GreatBasin,2/6/2014,13.6,18.8,28.4,29.8,15.4
GreatBasin,2/7/2014,20.9,25.1,35.1,34.1,20.9
GreatBasin,2/8/2014,28.1,31.5,38.8,38.4,27.1
GreatBasin,2/9/2014,32.3,35.3,41.3,41,30.7
GreatBasin,2/10/2014,31.7,36.1,42.9,42.3,31.5
GreatBasin,2/11/2014,30.4,35.1,42.7,43.5,31.6
GreatBasin,2/12/2014,32.8,36.8,44.8,45.7,33.9
GreatBasin,2/13/2014,38.4,42.4,49.5,48.1,36.1
GreatBasin,2/14/2014,37.1,42.4,50.1,50.7,38.6
GreatBasin,2/15/2014,40.4,45.4,52.4,50.8,39.7
GreatBasin,2/16/2014,41.5,45.5,50,50.8,38.3
GreatBasin,2/17/2014,33,39.4,50,49.4,36.6
GreatBasin,2/18/2014,35.4,41.5,48.3,48.3,34.9
GreatBasin,2/19/2014,36.2,40.4,46.7,45.2,32.2
GreatBasin,2/20/2014,24.9,31.5,40.5,43.5,30.2
GreatBasin,2/21/2014,29.4,34.6,43.3,42.6,28
GreatBasin,2/22/2014,29.7,35.7,44,44.7,29.8
GreatBasin,2/23/2014,30.4,36.8,46.7,46.7,31.4
GreatBasin,2/24/2014,34.2,40.1,49.3,48.6,33
GreatBasin,2/25/2014,34.3,41.3,49.7,49.7,33.7
GreatBasin,2/26/2014,32.6,40.1,50,49.3,34.4
GreatBasin,2/27/2014,36.3,40.7,48.2,47.6,33.6
GreatBasin,2/28/2014,31.9,37.6,44.6,44.4,32.9
GreatBasin,3/1/2014,30.4,35,40.4,43,30.5
GreatBasin,3/2/2014,29.2,34.2,44.1,44.1,31.2
GreatBasin,3/3/2014,33.9,39.4,47.9,46.7,33.4
GreatBasin,3/4/2014,37,41.9,48.1,48.9,35.2
GreatBasin,3/5/2014,34.6,41.4,50.8,50.4,37.6
GreatBasin,3/6/2014,41.3,45.4,52.2,51.2,37
GreatBasin,3/7/2014,35,41.7,50.6,51.1,36.1
GreatBasin,3/8/2014,32.1,39.7,50.6,51.7,35
GreatBasin,3/9/2014,38,44.2,53.8,52.6,37.2
GreatBasin,3/10/2014,41.6,47,53.4,52.7,37.1
GreatBasin,3/11/2014,31.6,39.3,51,50.5,33.9
GreatBasin,3/12/2014,28.5,36.1,47.1,49.7,31
GreatBasin,3/13/2014,32.9,40.2,50.9,50.3,32.1
GreatBasin,3/14/2014,35,42.7,53,52,34.4
GreatBasin,3/15/2014,35.2,43.3,52.1,54.4,35.9
GreatBasin,3/16/2014,37.4,45.1,58.2,55.9,38.1
GreatBasin,3/17/2014,41.8,47.5,57.3,54.2,35.4
GreatBasin,3/18/2014,27.1,35.4,47.1,51,32.3
GreatBasin,3/19/2014,28,35.9,48.5,49.4,29.8
GreatBasin,3/20/2014,34.4,41.8,52.5,50.7,31.6
GreatBasin,3/21/2014,32.5,41.2,51.1,50.9,33.1
GreatBasin,3/22/2014,32.3,40.5,49.2,51.4,32.8
GreatBasin,3/23/2014,33.7,42.1,53.8,52.9,34.1
GreatBasin,3/24/2014,36.2,45,55.8,56.6,36
GreatBasin,3/25/2014,38,47.4,60.1,58.1,37.8
GreatBasin,3/26/2014,39.3,46.1,58.3,54.7,36.7
GreatBasin,3/27/2014,32.8,39.1,45.8,51.8,35.1
GreatBasin,3/28/2014,33.1,40.3,51.2,51.1,35.1
GreatBasin,3/29/2014,39.3,45.9,56.2,54.1,37.9
GreatBasin,3/30/2014,41.4,45.6,54.8,53.2,37.1
GreatBasin,3/31/2014,30.7,38.8,48.5,50.2,34.8
GreatBasin,4/1/2014,32.3,38.8,47.2,46.2,31
GreatBasin,4/2/2014,29.9,36.1,43,45.7,30.5
GreatBasin,4/3/2014,29.4,36.6,47,46.9,31
GreatBasin,4/4/2014,33.6,40.9,50.7,49.3,32.6
GreatBasin,4/5/2014,34.8,42.4,50.1,51.5,34.7
GreatBasin,4/6/2014,35.8,43.4,53.8,54.4,36.3
GreatBasin,4/7/2014,38.2,47.1,59.3,60,39.1
GreatBasin,4/8/2014,43.2,53.2,66.9,64.7,43.4
GreatBasin,4/9/2014,48.7,57.7,67.8,66.9,45.6
GreatBasin,4/10/2014,44.8,55.5,65.9,67.3,46.6
GreatBasin,4/11/2014,46.4,56.7,68.3,67.1,46
GreatBasin,4/12/2014,46.8,56.1,67,65.4,44
GreatBasin,4/13/2014,38.9,48.6,60.9,61.2,39.5
GreatBasin,4/14/2014,32.8,43.3,55.6,59.4,37.2
GreatBasin,4/15/2014,40,49.2,61.8,59.3,37.8
GreatBasin,4/16/2014,40.5,50,60.5,62.9,40.8
GreatBasin,4/17/2014,41.9,52.5,66.4,64.3,43.6
GreatBasin,4/18/2014,48.3,56.2,65.9,66.1,44.7
GreatBasin,4/19/2014,43.9,54.2,66.1,65.9,46.1
GreatBasin,4/20/2014,46,56,65.7,67.4,45.4
GreatBasin,4/21/2014,46.2,57.2,70.4,68.5,47.9
GreatBasin,4/22/2014,51.4,59.3,69.5,66.9,44.5
GreatBasin,4/23/2014,35.9,46.3,60.9,64.2,42.3
GreatBasin,4/24/2014,39.5,48.8,62.1,61.4,39.6
GreatBasin,4/25/2014,43.5,52.5,61.3,60.6,40.9
GreatBasin,4/26/2014,39.6,46.3,58.3,57.3,39.1
GreatBasin,4/27/2014,34.1,42.5,52.2,54.4,36.4
GreatBasin,4/28/2014,35.6,43.8,52.6,53.6,35.2
GreatBasin,4/29/2014,36,45.2,56.1,56.4,36.5
GreatBasin,4/30/2014,38,48,60.6,61.3,38.5
GreatBasin,5/1/2014,41.6,52.9,67.2,67.1,42.9
GreatBasin,5/2/2014,49.1,60.1,73.5,71.6,47.8
GreatBasin,5/3/2014,52.7,63.1,74,73.2,51.3
GreatBasin,5/4/2014,52.1,61.7,72.2,72,51.5
GreatBasin,5/5/2014,49.7,59.4,69.7,69.1,48.4
GreatBasin,5/6/2014,43.5,52.7,65.3,63.8,44.1
GreatBasin,5/7/2014,39.1,46.9,56.5,60.7,40.8
GreatBasin,5/8/2014,39.7,48.5,60.2,59.3,41.1
GreatBasin,5/9/2014,44.5,52.3,61.2,60.6,42.5
GreatBasin,5/10/2014,43.3,51.5,60.5,59.3,41.7
GreatBasin,5/11/2014,37.2,46.3,56.2,58.3,39.3
GreatBasin,5/12/2014,37.3,47.3,58.2,58.8,38
GreatBasin,5/13/2014,39.4,50.2,62.1,62.9,40.3
GreatBasin,5/14/2014,44.1,55.4,68.3,68.6,44.6
GreatBasin,5/15/2014,50.4,61.7,75.3,73.4,50.1
GreatBasin,5/16/2014,55.7,66.1,76.7,76.2,53.6
GreatBasin,5/17/2014,54.7,65.6,76.7,76.4,54.8
GreatBasin,5/18/2014,54.1,64.7,75.7,74.3,52.2
GreatBasin,5/19/2014,47.8,58.8,70.5,71.4,49.6
GreatBasin,5/20/2014,47,57.6,67.9,69.3,47.1
GreatBasin,5/21/2014,46.4,57.8,69.5,70.4,47.3
GreatBasin,5/22/2014,48.5,60.6,73.8,72.1,49.4
GreatBasin,5/23/2014,53.2,63.7,73.1,72.9,51.5
GreatBasin,5/24/2014,52.7,62.3,71.9,73.7,52.9
GreatBasin,5/25/2014,52.8,63.5,76,75.9,54
GreatBasin,5/26/2014,56.4,67.9,79.9,79.4,55.7
GreatBasin,5/27/2014,57.8,70,82.3,81.2,57.7
GreatBasin,5/28/2014,58.8,70.6,81.3,80.9,56.6
GreatBasin,5/29/2014,53.1,65.2,79.1,79.8,55.1
GreatBasin,5/30/2014,53.5,65.5,78.9,79,54.4
GreatBasin,5/31/2014,56.5,68.5,78.9,78.3,54.5
GreatBasin,6/1/2014,53.6,65.3,77,79.3,55
GreatBasin,6/2/2014,54.9,67.4,81.9,79.8,55.4
GreatBasin,6/3/2014,57.8,69.3,80.6,80.5,56.3
GreatBasin,6/4/2014,56.1,68.2,79,80,56.7
GreatBasin,6/5/2014,56.3,68.7,80.4,79.9,56.4
GreatBasin,6/6/2014,56.8,69.2,80.4,80.4,56.5
GreatBasin,6/7/2014,56.3,68.9,80.4,80.1,56.9
GreatBasin,6/8/2014,57.6,68.8,79.4,81,56.9
GreatBasin,6/9/2014,56.7,69.9,83.2,81.9,58.2
GreatBasin,6/10/2014,60.2,72.5,83.1,82.7,57.9
GreatBasin,6/11/2014,56.9,69.1,81.7,82.9,58.2
GreatBasin,6/12/2014,57.6,70.3,84,82.9,57.3
GreatBasin,6/13/2014,57.3,69.2,83.1,80.6,54.6
GreatBasin,6/14/2014,48.8,60.8,74.8,77.8,52.4
GreatBasin,6/15/2014,51.2,62.8,75.4,74.9,50.9
GreatBasin,6/16/2014,52.8,63.6,74.6,73.7,51
GreatBasin,6/17/2014,49.1,58.9,71.1,70.9,48.8
GreatBasin,6/18/2014,44.4,55.3,66.9,71.8,47.8
GreatBasin,6/19/2014,50,62,77.4,76.1,50.6
GreatBasin,6/20/2014,57.5,70,83.9,81.5,55.7
GreatBasin,6/21/2014,59.7,72.1,83.1,83,58.8
GreatBasin,6/22/2014,59.2,71.5,82,82.9,59.2
GreatBasin,6/23/2014,58.8,71.2,83.5,83.5,59.6
GreatBasin,6/24/2014,60.9,73.2,85.1,84.2,60.1
GreatBasin,6/25/2014,60.7,73,84.1,84,60.8
GreatBasin,6/26/2014,60.8,70.8,82.9,81.1,59
GreatBasin,6/27/2014,55.6,65.9,76.3,79.9,57.7
GreatBasin,6/28/2014,56.8,68.2,80.4,80.3,57.4
GreatBasin,6/29/2014,59.9,71.7,84.1,82.9,58.9
GreatBasin,6/30/2014,59.9,72.4,84.1,85.3,60.5
GreatBasin,7/1/2014,61.8,74.6,87.8,87.8,62.1
GreatBasin,7/2/2014,64.5,77.8,91.5,90.1,64.2
GreatBasin,7/3/2014,66.4,79.4,91,90.8,65.6
GreatBasin,7/4/2014,65.8,78.7,89.9,89.7,66.3
GreatBasin,7/5/2014,66.8,78.2,88.3,89.2,66.5
GreatBasin,7/6/2014,67,78.5,89.3,88.9,67.2
GreatBasin,7/7/2014,67.9,79.2,89.1,89.1,67.7
GreatBasin,7/8/2014,68.1,78.9,88.9,88.7,68.2
GreatBasin,7/9/2014,68.6,78.8,88.1,88.1,68
GreatBasin,7/10/2014,67.2,77.8,87.2,87,67
GreatBasin,7/11/2014,65.2,75.9,85.6,87,65.9
GreatBasin,7/12/2014,65.3,76.4,88.3,88.9,66.2
GreatBasin,7/13/2014,68.2,80,92.8,91.1,67.8
GreatBasin,7/14/2014,70,81.3,92.1,91.4,68.6
GreatBasin,7/15/2014,67.5,78.5,89.3,89.3,67.7
GreatBasin,7/16/2014,65.6,76.4,86.5,88.2,66.5
GreatBasin,7/17/2014,66.4,77.6,88.9,88.1,66.3
GreatBasin,7/18/2014,67,78,88.8,88.8,66.7
GreatBasin,7/19/2014,66.7,78.2,88.7,88.4,67
GreatBasin,7/20/2014,67.2,77.8,87.7,87,66.3
GreatBasin,7/21/2014,65,74.9,84.7,87.1,65.5
GreatBasin,7/22/2014,64.4,76,89,88.6,65.7
GreatBasin,7/23/2014,67.8,79.6,92.1,90.7,66.6
GreatBasin,7/24/2014,67.5,78.5,90.9,89.5,66.2
GreatBasin,7/25/2014,63.2,74.6,85.5,87.8,65.2
GreatBasin,7/26/2014,65,75.9,87.1,87.2,65.3
GreatBasin,7/27/2014,67.6,78.2,89.1,87.9,67.1
GreatBasin,7/28/2014,68.8,77.4,87.4,86.6,67.6
GreatBasin,7/29/2014,66.4,75.5,83.4,85,66.8
GreatBasin,7/30/2014,65.2,74.8,84.1,84.4,65.6
GreatBasin,7/31/2014,65.2,75.6,85.6,85.5,65.6
GreatBasin,8/1/2014,66.4,76.4,86.7,86.3,66.2
GreatBasin,8/2/2014,67.1,76.8,86.6,86.2,66.6
GreatBasin,8/3/2014,66.2,74.7,85.3,83.8,65.8
GreatBasin,8/4/2014,64.2,71.2,79.6,81.3,64.2
GreatBasin,8/5/2014,62.1,70,79.1,79.8,62.9
GreatBasin,8/6/2014,62.4,71.2,80.6,80.6,62.1
GreatBasin,8/7/2014,61.7,71.5,82,81.9,62.3
GreatBasin,8/8/2014,62.7,72.8,83.2,83.1,62.4
GreatBasin,8/9/2014,62.9,73.3,84,84.3,63.2
GreatBasin,8/10/2014,64.1,74.8,85.8,86,64.5
GreatBasin,8/11/2014,66.4,76.8,88.1,87,65.8
GreatBasin,8/12/2014,66.8,76.2,87,85.3,65.9
GreatBasin,8/13/2014,64.5,73,80.7,83.3,64.6
GreatBasin,8/14/2014,62.4,71.7,82.1,82.5,63.3
GreatBasin,8/15/2014,62.9,73.4,84.8,84.1,62.9
GreatBasin,8/16/2014,63.3,74.2,85.3,85.9,63.6
GreatBasin,8/17/2014,64.5,75.6,87.5,86.4,64.2
GreatBasin,8/18/2014,64.7,76.1,86.5,86.3,64.4
GreatBasin,8/19/2014,63.9,73.5,84.9,83.7,63.1
GreatBasin,8/20/2014,60.7,70.2,79.6,81.1,61.4
GreatBasin,8/21/2014,59.6,69.1,78.7,78.1,59.6
GreatBasin,8/22/2014,58.4,67.5,76.1,76.4,57.7
GreatBasin,8/23/2014,55.2,64.2,74.3,75.3,56
GreatBasin,8/24/2014,54.5,64.3,75.6,75.6,55.5
GreatBasin,8/25/2014,56.7,66.5,77,76.6,56.2
GreatBasin,8/26/2014,57.3,67.1,77.2,77.6,57.5
GreatBasin,8/27/2014,58.4,68.1,78.7,79.7,58.5
GreatBasin,8/28/2014,59.8,70.6,83.3,82.2,59.9
GreatBasin,8/29/2014,61.4,72.4,84.6,83.8,61.7
GreatBasin,8/30/2014,63.9,73.3,83.5,83,61.2
GreatBasin,8/31/2014,58.4,68.9,80.8,81,59.7
GreatBasin,9/1/2014,56.7,67.3,78.7,81.2,57.9
GreatBasin,9/2/2014,58.7,69.9,84,81.9,58.7
GreatBasin,9/3/2014,60.8,71.1,83.1,81.7,58
GreatBasin,9/4/2014,54.4,65.3,77.9,79.8,56.9
GreatBasin,9/5/2014,55.4,65.9,78.5,79.5,55.9
GreatBasin,9/6/2014,57.9,69.1,82,81.1,58.2
GreatBasin,9/7/2014,61.3,71.8,82.9,81.7,60.2
GreatBasin,9/8/2014,61.5,70.1,80.3,79.1,59.8
GreatBasin,9/9/2014,56.5,64.9,74.2,75.6,57
GreatBasin,9/10/2014,52.9,62.3,72.3,72.5,53.9
GreatBasin,9/11/2014,52.4,61.8,71.1,72.5,51.3
GreatBasin,9/12/2014,48.7,60.2,74,74.4,51.9
GreatBasin,9/13/2014,54.7,64.8,78.2,77.5,54
GreatBasin,9/14/2014,58.5,68.4,80.3,80.6,57.9
GreatBasin,9/15/2014,60.4,70.7,83.2,82.5,60.8
GreatBasin,9/16/2014,63.4,73,84.1,83.2,62.2
GreatBasin,9/17/2014,62.8,72.2,82.3,82.6,63.5
GreatBasin,9/18/2014,64.2,72.6,81.5,81.1,62.2
GreatBasin,9/19/2014,59.6,68.8,79.4,80.4,61
GreatBasin,9/20/2014,59.1,68.8,80.2,79.2,59.7
GreatBasin,9/21/2014,60.3,68.3,78.1,78.4,59.2
GreatBasin,9/22/2014,58.3,66.5,76.8,78.1,59.2
GreatBasin,9/23/2014,58.9,67.9,79.4,79.8,59.1
GreatBasin,9/24/2014,60.2,70.1,83.3,81.3,60
GreatBasin,9/25/2014,61,70.8,81.3,81.2,60.3
GreatBasin,9/26/2014,59.6,68.5,79.1,78,58.7
GreatBasin,9/27/2014,55.5,61.3,73.6,71.3,55
GreatBasin,9/28/2014,50,55.2,61.1,65.6,51.3
GreatBasin,9/29/2014,48.3,54.4,62,62.1,49.2
GreatBasin,9/30/2014,49.2,55.4,63.2,62.2,47.6
GreatBasin,10/1/2014,45.2,52.8,61.4,62.2,45.6
GreatBasin,10/2/2014,42.5,51.1,62,63.5,44.5
GreatBasin,10/3/2014,45.8,54.4,67.2,66.7,46.1
GreatBasin,10/4/2014,49.9,58.8,70.9,70,49.2
GreatBasin,10/5/2014,52,61,71.9,72.3,51.8
GreatBasin,10/6/2014,53.6,62.4,74,73.4,53.4
GreatBasin,10/7/2014,54.5,63.6,74.3,73.6,54
GreatBasin,10/8/2014,53.8,62.7,72.6,72.3,53.5
GreatBasin,10/9/2014,52.3,60.9,70,70.8,52.2
GreatBasin,10/10/2014,50.5,59.5,69.9,69.9,51.4
GreatBasin,10/11/2014,51.5,59.8,69.9,69,49.7
GreatBasin,10/12/2014,47.2,55.7,67.2,67.1,47.2
GreatBasin,10/13/2014,42.9,51.5,64.1,67.4,46.2
GreatBasin,10/14/2014,48.4,57,70.8,67.5,48
GreatBasin,10/15/2014,52.8,59.5,67.7,67.4,48.9
GreatBasin,10/16/2014,45.4,53.9,63.6,65.9,48.2
GreatBasin,10/17/2014,46.5,54.9,66.4,66,47
GreatBasin,10/18/2014,49.2,57.4,68.1,68.3,48.4
GreatBasin,10/19/2014,49.5,58.5,70.3,69.7,49.9
GreatBasin,10/20/2014,51,59.8,70.8,69.3,50.4
GreatBasin,10/21/2014,50.8,57.5,66.7,66.5,48.3
GreatBasin,10/22/2014,43.1,51.6,62.1,65,47.4
GreatBasin,10/23/2014,48.4,55.3,66.2,65.6,47.1
GreatBasin,10/24/2014,49.8,57.8,68.5,68,49.6
GreatBasin,10/25/2014,50.6,58.5,69.3,67.5,48.9
GreatBasin,10/26/2014,46.3,54.4,64.8,62.9,44.9
GreatBasin,10/27/2014,37.8,45.5,54.5,58.8,40.4
GreatBasin,10/28/2014,37.1,44.9,57.2,58,39.4
GreatBasin,10/29/2014,43.3,50.5,62.4,61.7,41.8
GreatBasin,10/30/2014,45.1,53.4,65.4,64.6,45.5
GreatBasin,10/31/2014,48,55.5,66,63.8,46.3
GreatBasin,11/1/2014,45.9,52.1,60.1,58.8,43.6
GreatBasin,11/2/2014,36.9,42.6,50.3,52.1,38.3
GreatBasin,11/3/2014,32.2,38.4,45.8,48.7,34.2
GreatBasin,11/4/2014,33.4,39.5,50,50.6,35
GreatBasin,11/5/2014,39.4,45.4,56,55.4,38.3
GreatBasin,11/6/2014,42,48.6,60.2,58.4,41.8
GreatBasin,11/7/2014,44.1,51,58.9,59.7,42.7
GreatBasin,11/8/2014,42,49.4,59.9,59.7,43.3
GreatBasin,11/9/2014,43.9,50.6,60.2,58.5,41.4
GreatBasin,11/10/2014,38.4,45.8,55.5,53,37.3
GreatBasin,11/11/2014,29.7,36.3,43.3,45.7,30.7
GreatBasin,11/12/2014,24.1,31.2,38.4,40.3,26.5
GreatBasin,11/13/2014,25.6,30.3,39.3,40.7,27.4
GreatBasin,11/14/2014,32.4,36.3,44.4,41.3,28.4
GreatBasin,11/15/2014,27.1,33.4,40.3,38.9,25.7
GreatBasin,11/16/2014,17.7,24.8,32.1,35.6,20.7
GreatBasin,11/17/2014,17.3,23.6,34.5,35.4,19.4
GreatBasin,11/18/2014,23.3,28.7,39.7,38.9,22.7
GreatBasin,11/19/2014,27.6,33,42.6,42.1,27.4
GreatBasin,11/20/2014,31.2,35.8,44.1,44.3,30.7
GreatBasin,11/21/2014,33.4,38,46.1,45.5,34
GreatBasin,11/22/2014,37.5,40.1,46.2,44.8,33.8
GreatBasin,11/23/2014,30.5,35.8,42.2,43,32.3
GreatBasin,11/24/2014,28.8,33,40.5,42.1,29.9
GreatBasin,11/25/2014,30.5,34.6,43.5,44.6,31.8
GreatBasin,11/26/2014,36,40.5,49.8,49,35.7
GreatBasin,11/27/2014,40.5,44.6,53.7,52.3,39.2
GreatBasin,11/28/2014,41,45.9,53.4,51.8,39.7
GreatBasin,11/29/2014,37.6,42.7,48.3,47.9,36.6
GreatBasin,11/30/2014,31.1,36.1,42,44.4,32.7
GreatBasin,12/1/2014,29.3,33.8,43,42.9,31.4
GreatBasin,12/2/2014,33.9,37.6,43.7,42.9,32.6
GreatBasin,12/3/2014,34.7,37.1,42,44.5,35.6
GreatBasin,12/4/2014,38.2,40.8,47.9,45.3,36.4
GreatBasin,12/5/2014,36.3,40.5,45.9,47.4,37.5
GreatBasin,12/6/2014,37.9,41.1,48.3,47.6,37
GreatBasin,12/7/2014,36.7,41.4,48.5,48.3,37
GreatBasin,12/8/2014,36.4,40.7,48,48.4,36.4
GreatBasin,12/9/2014,36.2,40.9,48.7,48.5,36.5
GreatBasin,12/10/2014,36.9,41.5,48.7,49.1,37.9
GreatBasin,12/11/2014,40.6,43.5,49.9,49.2,39.3
GreatBasin,12/12/2014,40.3,43.7,48.9,47.6,38.7
GreatBasin,12/13/2014,35.2,39.2,43.9,43.3,34.4
GreatBasin,12/14/2014,27.8,32,37,38.9,29.5
GreatBasin,12/15/2014,25.5,29.8,35.7,37.1,27.4
GreatBasin,12/16/2014,28.8,31.6,38.5,37.3,27.7
GreatBasin,12/17/2014,28.9,32.5,37.6,38.2,28.7
GreatBasin,12/18/2014,28.5,31.9,38.4,38.4,28.8
GreatBasin,12/19/2014,29.1,32.7,39.2,39.1,29.7
GreatBasin,12/20/2014,31.5,34.8,39.7,40.4,31.9
GreatBasin,12/21/2014,35.2,37.4,42.4,41.9,34.3
GreatBasin,12/22/2014,36.2,39.2,43.6,41.9,32.8
GreatBasin,12/23/2014,27.1,33.1,39.7,40.7,30.6
GreatBasin,12/24/2014,28.5,31.6,38.8,38,26.9
GreatBasin,12/25/2014,25.2,30.4,35.5,34.2,24.1
GreatBasin,12/26/2014,18.5,23,28.3,30.5,19.8
GreatBasin,12/27/2014,15.7,20.3,27.7,28.8,18.3
GreatBasin,12/28/2014,20.8,23.8,30.5,28.2,18.1
GreatBasin,12/29/2014,17.9,22.4,26.5,25.8,16
GreatBasin,12/30/2014,9.2,14.7,20.3,22.3,11.3
GreatBasin,12/31/2014,6.8,11,20,21.2,9
GreatBasin,1/1/2015,10.9,14.8,23.2,23.3,10.5
GreatBasin,1/2/2015,13.9,18,26.8,26.1,13.8
GreatBasin,1/3/2015,16.5,20.7,28.4,29.5,16.9
GreatBasin,1/4/2015,20.3,24,33.2,34.2,21.5
GreatBasin,1/5/2015,27.8,31.9,40.9,39.3,27.2
GreatBasin,1/6/2015,33.6,37.5,43.8,43,31.2
GreatBasin,1/7/2015,32.1,37,44.4,43.1,32.8
GreatBasin,1/8/2015,32.8,37.7,41.2,41.9,31
GreatBasin,1/9/2015,28,33.1,40,41,30.8
GreatBasin,1/10/2015,31.5,35,41.7,40.3,30.5
GreatBasin,1/11/2015,31.9,34.7,39.1,40,31.6
GreatBasin,1/12/2015,31.3,34.4,39.1,38.4,30.9
GreatBasin,1/13/2015,29.4,33.3,37.1,37.2,28.4
GreatBasin,1/14/2015,24.6,29,35.4,36.5,26.2
GreatBasin,1/15/2015,24.6,29,37,37.3,26.1
GreatBasin,1/16/2015,29.2,32.5,39.6,39.3,27.8
GreatBasin,1/17/2015,29.7,35,41.3,42.1,31.3
GreatBasin,1/18/2015,35,38,45.4,43.3,33.1
GreatBasin,1/19/2015,34.5,39,43.3,42.8,32.9
GreatBasin,1/20/2015,29.3,34.3,39.7,39.6,29.5
GreatBasin,1/21/2015,24.7,30,35.8,36.9,25.3
GreatBasin,1/22/2015,22,26.9,35.2,36.3,24.4
GreatBasin,1/23/2015,26.5,30.2,38,38.2,25.6
GreatBasin,1/24/2015,28.4,32.6,41.3,41.7,29.4
GreatBasin,1/25/2015,33.2,37.4,45.9,45.1,32.6
GreatBasin,1/26/2015,36.2,40.8,48,46.8,35.8
GreatBasin,1/27/2015,38,42,46.6,46.8,36.8
GreatBasin,1/28/2015,36.2,40.3,45.7,45.8,36
GreatBasin,1/29/2015,33.8,38.6,45.2,44.3,34.5
GreatBasin,1/30/2015,33.5,37.6,42.1,42.8,33
GreatBasin,1/31/2015,31.8,35.7,41,41.5,31.1
GreatBasin,2/1/2015,27.9,33.3,41.5,42.9,31.6
GreatBasin,2/2/2015,35.1,38.5,46.2,45.2,33.4
GreatBasin,2/3/2015,37.2,41.8,47.9,47.9,36.4
GreatBasin,2/4/2015,36.9,42,49.6,50.3,37.7
GreatBasin,2/5/2015,38.9,44.1,53.4,52.4,39.3
GreatBasin,2/6/2015,42,47,54.3,54,41.2
GreatBasin,2/7/2015,42.8,47.2,54.3,54.1,41.6
GreatBasin,2/8/2015,40.1,46.2,53.8,53.9,41.8
GreatBasin,2/9/2015,42.4,46.6,53.5,52.8,39.6
GreatBasin,2/10/2015,36.3,42.6,51,50.9,37.4
GreatBasin,2/11/2015,33.5,39.7,48.3,50.4,35.4
GreatBasin,2/12/2015,36.3,41.9,51.9,51.9,36.4
GreatBasin,2/13/2015,39.4,45.4,55.4,54.4,39
GreatBasin,2/14/2015,41.2,47.3,55.8,55.1,39.7
GreatBasin,2/15/2015,38.5,45.4,54,53.1,37.9
GreatBasin,2/16/2015,33.9,40.5,49.4,49.6,33.9
GreatBasin,2/17/2015,29.4,36.6,45.3,48.7,32.3
GreatBasin,2/18/2015,33.7,39.9,51.5,50.5,33.8
GreatBasin,2/19/2015,38.3,44.7,54.6,52.9,36.6
GreatBasin,2/20/2015,37.9,44.4,52.7,51.8,36.2
GreatBasin,2/21/2015,32.4,38.9,48.1,47.7,31.7
GreatBasin,2/22/2015,24.9,31.6,42.2,41.5,25.9
GreatBasin,2/23/2015,20.3,26.4,34.3,39.6,23.5
GreatBasin,2/24/2015,25.2,31,42.4,40.7,25.8
GreatBasin,2/25/2015,31.8,37.1,45.3,43.8,28.9
GreatBasin,2/26/2015,29.6,35.7,43.7,43.2,29.4
GreatBasin,2/27/2015,26.8,33.2,40.7,41.3,27.8
GreatBasin,2/28/2015,27,32.7,39.4,40.1,26.4
GreatBasin,3/1/2015,25.4,31.8,40.2,39.8,27
GreatBasin,3/2/2015,28.7,33.3,39.9,39.2,26.5
GreatBasin,3/3/2015,25.5,30.8,37.6,38.2,25
GreatBasin,3/4/2015,20.8,27.7,37.1,39.9,23.9
GreatBasin,3/5/2015,25.5,32.1,44.9,44,26.1
GreatBasin,3/6/2015,31.9,38.7,50,49.5,30.9
GreatBasin,3/7/2015,35.4,42.7,53.6,52.8,34.8
GreatBasin,3/8/2015,37.2,44.8,54.7,54.5,36.7
GreatBasin,3/9/2015,37.5,45.7,55.3,56.1,37.7
GreatBasin,3/10/2015,38.4,46.8,58.3,57.4,39.5
GreatBasin,3/11/2015,42.7,49.7,58.6,57.9,40.9
GreatBasin,3/12/2015,41.6,48.9,56.8,58.3,41.4
GreatBasin,3/13/2015,39.9,48.4,59.4,59.6,41.8
GreatBasin,3/14/2015,43.8,51.6,62.7,62.3,43.8
GreatBasin,3/15/2015,47.6,55.1,64.9,63.6,46.2
GreatBasin,3/16/2015,47.3,55,63.1,63.6,46.6
GreatBasin,3/17/2015,44.9,53,62.7,62.3,45.2
GreatBasin,3/18/2015,43.5,51,61.1,60.4,42.7
GreatBasin,3/19/2015,39.8,47.4,57.3,60.3,41.5
GreatBasin,3/20/2015,41.3,50,62.5,61,41.9
GreatBasin,3/21/2015,44.5,53.1,63.2,62.4,42.8
GreatBasin,3/22/2015,42.6,51.8,61.5,61.6,43.1
GreatBasin,3/23/2015,42.3,49.6,60,58.3,41
GreatBasin,3/24/2015,38,45.1,53.4,55.4,38.6
GreatBasin,3/25/2015,35.6,43.9,52.8,55.5,37.8
GreatBasin,3/26/2015,39.7,47.4,60.2,60,40
GreatBasin,3/27/2015,44.7,53.9,67,64.4,44.4
GreatBasin,3/28/2015,48.8,57.2,66.1,66,45.6
GreatBasin,3/29/2015,43.2,53.3,64.8,66.6,46.2
GreatBasin,3/30/2015,46.7,56.6,69,67.4,46.4
GreatBasin,3/31/2015,49.2,58.8,68.3,67.6,45
GreatBasin,4/1/2015,39.1,49.2,65.4,62,41
GreatBasin,4/2/2015,34.7,43,52.4,56.8,35.2
GreatBasin,4/3/2015,31.8,41,52.7,54.5,34.5
GreatBasin,4/4/2015,36.9,46,58.5,56.4,36.4
GreatBasin,4/5/2015,40.5,48.9,57.9,57.5,38
GreatBasin,4/6/2015,36.6,45.4,56,55.9,37.5
GreatBasin,4/7/2015,35.3,43.9,53.8,54.1,35.4
GreatBasin,4/8/2015,34.4,42.4,52.4,53.6,34.5
GreatBasin,4/9/2015,33.7,42.5,54.5,55.8,35.3
GreatBasin,4/10/2015,37.9,47.8,60.4,58.9,38.1
GreatBasin,4/11/2015,42.6,51.8,61.9,60.8,39.7
GreatBasin,4/12/2015,38.7,48.8,60.2,63.2,41
GreatBasin,4/13/2015,41.7,52.3,67.4,64.8,42.2
GreatBasin,4/14/2015,46.2,54.7,66.7,62.4,39.4
GreatBasin,4/15/2015,30.3,39.4,53,57.6,35.9
GreatBasin,4/16/2015,31.2,40.3,53.2,55.7,33.1
GreatBasin,4/17/2015,37.7,47.1,60.8,59.5,37.3
GreatBasin,4/18/2015,43.1,53.1,64.6,63.3,41.4
GreatBasin,4/19/2015,43.4,54,64.6,65.4,43.8
GreatBasin,4/20/2015,45,55.6,67,66.6,45.1
GreatBasin,4/21/2015,46.9,57.4,68.2,67.2,46.2
GreatBasin,4/22/2015,46.6,56.9,66.4,66,46
GreatBasin,4/23/2015,44.4,53.9,63.4,63.6,44.8
GreatBasin,4/24/2015,43.5,52.4,61,60.5,42.5
GreatBasin,4/25/2015,39.5,47.5,57,56.9,39.8
GreatBasin,4/26/2015,36.5,43.8,52.8,57,37.9
GreatBasin,4/27/2015,37.8,47.4,61.3,61.3,39.6
GreatBasin,4/28/2015,44.4,55.2,69.8,68,44.2
GreatBasin,4/29/2015,50.5,61.2,72.9,71.4,48.2
GreatBasin,4/30/2015,49.6,60.2,71.4,72.8,50
GreatBasin,5/1/2015,50,61.1,74,73.4,51
GreatBasin,5/2/2015,53.3,64.1,74.8,74,51.7
GreatBasin,5/3/2015,51.9,62.3,73.1,72.6,52.1
GreatBasin,5/4/2015,51,60.8,69.9,70.3,51.1
GreatBasin,5/5/2015,50.3,59.6,67.8,67.9,49.4
GreatBasin,5/6/2015,46.9,55.5,66,64.9,46.6
GreatBasin,5/7/2015,42.6,51.5,60.9,61.6,43.6
GreatBasin,5/8/2015,41.3,49.9,57.9,58.8,41.3
GreatBasin,5/9/2015,40,48.3,57.7,59.4,41
GreatBasin,5/10/2015,41.6,51.3,62.6,62.8,42.1
GreatBasin,5/11/2015,44.7,55.5,68,66.3,44.9
GreatBasin,5/12/2015,48.3,58.4,68.4,67.8,46.2
GreatBasin,5/13/2015,45.6,56.6,67,66.8,47.1
GreatBasin,5/14/2015,47.5,56.5,64.9,64.6,45.4
GreatBasin,5/15/2015,43.1,50.5,61.8,61.2,44
GreatBasin,5/16/2015,41.4,48.4,56.8,59.8,42.8
GreatBasin,5/17/2015,43.9,51.6,60.9,60,43.5
GreatBasin,5/18/2015,45.3,53.7,62.2,61.4,44.6
GreatBasin,5/19/2015,44.7,53,61.1,63,45.1
GreatBasin,5/20/2015,45.4,54.9,65.6,64.6,45.8
GreatBasin,5/21/2015,47.2,57.3,67,65.8,46.8
GreatBasin,5/22/2015,47.7,56.2,64.8,64.4,47
GreatBasin,5/23/2015,46.1,54.1,61.3,63.8,46.8
GreatBasin,5/24/2015,46.7,55.5,65.3,65,47.2
GreatBasin,5/25/2015,48.9,58.4,68.3,67.2,48.8
GreatBasin,5/26/2015,50.8,60.1,68,69,50.3
GreatBasin,5/27/2015,51.1,60.9,70.8,70.2,51.2
GreatBasin,5/28/2015,51.8,62.2,71.9,72.8,52.1
GreatBasin,5/29/2015,53.4,64.2,75.7,76.2,53.9
GreatBasin,5/30/2015,56.6,68.2,80.9,80.2,56.7
GreatBasin,5/31/2015,60.1,71.8,84.1,82.5,59.3
GreatBasin,6/1/2015,61.2,72,82.6,81.9,58.8
GreatBasin,6/2/2015,55.2,66.4,79.1,78.9,56.7
GreatBasin,6/3/2015,53.6,64.8,75.1,76.5,54.1
GreatBasin,6/4/2015,53.5,64.5,75.2,74.7,54.2
GreatBasin,6/5/2015,55.5,65.2,73.9,74.1,54.4
GreatBasin,6/6/2015,54.1,64.2,73.2,75.1,54.8
GreatBasin,6/7/2015,54.9,65.9,78.2,78.4,56.1
GreatBasin,6/8/2015,59.2,71.2,83.9,82.3,59.2
GreatBasin,6/9/2015,63.6,74.8,84.9,83.4,61.6
GreatBasin,6/10/2015,61.9,70.4,81.4,81.8,61.2
GreatBasin,6/11/2015,58.2,68.4,79,80.7,60
GreatBasin,6/12/2015,59.8,71,81.8,80.8,59.3
GreatBasin,6/13/2015,60,71.3,81.7,82.1,60
GreatBasin,6/14/2015,60.2,71.5,82.7,83.4,60.5
GreatBasin,6/15/2015,61.3,73.4,85.9,84.6,61.1
GreatBasin,6/16/2015,61.8,74.2,85.2,86.3,62
GreatBasin,6/17/2015,62.9,75.2,87.8,87.3,62.8
GreatBasin,6/18/2015,63.6,76.4,88.9,88.3,63.8
GreatBasin,6/19/2015,64.9,76.9,88.2,88.4,63.7
GreatBasin,6/20/2015,62.6,75.4,88.1,88.3,64
GreatBasin,6/21/2015,64.6,77,88.5,87.8,62.9
GreatBasin,6/22/2015,61.4,74.3,86.9,88,63.2
GreatBasin,6/23/2015,63.5,76,88.6,88.4,63.4
GreatBasin,6/24/2015,65.4,77.7,89.6,89.7,65.2
GreatBasin,6/25/2015,66.6,78.9,90.8,91.1,66.8
GreatBasin,6/26/2015,68.4,80.6,92.8,92.8,68.3
GreatBasin,6/27/2015,70,82.5,94.8,94,70
GreatBasin,6/28/2015,71.5,83.5,94.3,94.2,71.3
GreatBasin,6/29/2015,72.3,83.9,93.4,93.6,72.1
GreatBasin,6/30/2015,72.5,83.1,93.1,92.9,72
GreatBasin,7/1/2015,71.3,81.9,92.2,92,71.1
GreatBasin,7/2/2015,69.5,80.5,90.6,91.5,70.1
GreatBasin,7/3/2015,69.6,80.9,91.6,90.3,70.2
GreatBasin,7/4/2015,71.6,80.5,88.7,88.9,69.4
GreatBasin,7/5/2015,67.1,76.1,86.3,86,67.5
GreatBasin,7/6/2015,63.8,73.4,82.9,83.9,65
GreatBasin,7/7/2015,64.2,74.2,82.6,82.3,63.4
GreatBasin,7/8/2015,62.2,71.9,81.4,81.4,62
GreatBasin,7/9/2015,59.6,70.2,80.1,80.1,60.3
GreatBasin,7/10/2015,59.2,69.4,78.9,79.6,59.3
GreatBasin,7/11/2015,59.2,69.1,79.7,80.3,59.8
GreatBasin,7/12/2015,60.9,71.3,82.2,82,60.7
GreatBasin,7/13/2015,62.1,73.1,84,83.6,61.8
GreatBasin,7/14/2015,62.5,73.8,84.5,84.1,62.5
GreatBasin,7/15/2015,62.8,73.8,83.8,84.6,62.4
GreatBasin,7/16/2015,62,73.9,85.4,84.6,62.3
GreatBasin,7/17/2015,62,73.5,84.5,83.9,61.5
GreatBasin,7/18/2015,60.5,70.7,81.9,82.4,60.4
GreatBasin,7/19/2015,58.8,69.2,80.9,81.1,60.9
GreatBasin,7/20/2015,63.3,72.1,80.4,81.6,61.3
GreatBasin,7/21/2015,61.9,72.4,83.5,82.3,63
GreatBasin,7/22/2015,63.8,73.9,82.9,82.9,62.4
GreatBasin,7/23/2015,61.4,71.8,82.3,83.1,62.4
GreatBasin,7/24/2015,62.1,73.1,84.2,83.9,61.8
GreatBasin,7/25/2015,62,73.7,85.2,85.2,62.5
GreatBasin,7/26/2015,63.4,74.7,86.2,85.6,62.3
GreatBasin,7/27/2015,61.4,71.2,85.4,83.6,60.2
GreatBasin,7/28/2015,55.7,66.9,79.1,82.7,58.8
GreatBasin,7/29/2015,59.3,70.7,83.6,83,59.5
GreatBasin,7/30/2015,63.4,74.6,86.3,86.4,63.1
GreatBasin,7/31/2015,66.7,77.7,89.2,88.3,66.2
GreatBasin,8/1/2015,68.4,79,89.4,89,67.6
GreatBasin,8/2/2015,67.7,78.3,88.5,88,67.3
GreatBasin,8/3/2015,65.8,75.4,86,86.7,65.5
GreatBasin,8/4/2015,63.1,73.8,85.7,85.7,64.9
GreatBasin,8/5/2015,65.8,75.8,85.4,85.5,63.8
GreatBasin,8/6/2015,62.4,73.9,85.5,85.2,63.7
GreatBasin,8/7/2015,63,72,84.7,83,61.5
GreatBasin,8/8/2015,59.1,68.8,78.7,82.1,60.6
GreatBasin,8/9/2015,59.8,70.6,83,82.9,60.8
GreatBasin,8/10/2015,63.4,74.4,86.9,85.7,62.9
GreatBasin,8/11/2015,65.5,76.2,87.1,86.5,65
GreatBasin,8/12/2015,66,75.7,85.5,87.7,66.2
GreatBasin,8/13/2015,67.1,77.6,90.6,89.1,67.7
GreatBasin,8/14/2015,70.1,80.5,91.1,90.1,67.9
GreatBasin,8/15/2015,66.5,77.7,88.6,89,67.3
GreatBasin,8/16/2015,65.2,76.6,87.4,87.5,65.6
GreatBasin,8/17/2015,65,75.9,86.5,86.3,64
GreatBasin,8/18/2015,61.8,73.2,85.1,85.6,62.7
GreatBasin,8/19/2015,61.2,72.8,85.2,85.8,62.1
GreatBasin,8/20/2015,63.2,74.8,87,86.2,62.8
GreatBasin,8/21/2015,64,75.3,86.5,86.2,62.4
GreatBasin,8/22/2015,59.9,71.6,85.2,85.9,61.3
GreatBasin,8/23/2015,60.1,71.9,86.1,87.1,61.7
GreatBasin,8/24/2015,65.1,76.7,90.1,88.4,64.3
GreatBasin,8/25/2015,67.6,78.4,88.9,88.4,66.4
GreatBasin,8/26/2015,66.6,75.2,86.3,86.4,66.1
GreatBasin,8/27/2015,64,73.3,84.1,86.2,65.2
GreatBasin,8/28/2015,64.9,75.6,88.1,87.1,65.4
GreatBasin,8/29/2015,67.4,77.8,89.2,88.2,65.5
GreatBasin,8/30/2015,64.2,74.7,87.2,85.9,63.5
GreatBasin,8/31/2015,58.9,69.8,81.3,84.1,61.4
GreatBasin,9/1/2015,61,71.8,83.9,82.8,61
GreatBasin,9/2/2015,63,73,83.3,83,61.3
GreatBasin,9/3/2015,60,69.9,81.7,80.6,59.6
GreatBasin,9/4/2015,55.8,66.4,76.8,77.7,56.1
GreatBasin,9/5/2015,52.6,62.7,74.7,74.9,52.6
GreatBasin,9/6/2015,49.5,60.3,73.3,74.7,52.2
GreatBasin,9/7/2015,54.6,64.7,76,76.2,53.3
GreatBasin,9/8/2015,55.7,66.5,79.3,79.5,56.5
GreatBasin,9/9/2015,59.3,69.9,83.2,82.2,58.9
GreatBasin,9/10/2015,61.7,72.2,84.1,84.5,60.9
GreatBasin,9/11/2015,61.8,72.8,86.3,85.8,62.2
GreatBasin,9/12/2015,63,74.5,87.1,86.2,63.1
GreatBasin,9/13/2015,64.4,74.4,85.1,84.6,62.8
GreatBasin,9/14/2015,61.1,70,81.5,80.1,60.7
GreatBasin,9/15/2015,56.6,63.2,73.7,73.5,56.5
GreatBasin,9/16/2015,51.8,58,65.3,68.7,52.4
GreatBasin,9/17/2015,48.9,56.9,67,67.1,49.6
GreatBasin,9/18/2015,48.1,57.7,69,69.9,49.1
GreatBasin,9/19/2015,50.3,60.7,73.8,73.9,51
GreatBasin,9/20/2015,54.7,65.1,78.9,77.8,54.5
GreatBasin,9/21/2015,58.6,68.7,80.6,79.7,57.2
GreatBasin,9/22/2015,58.2,68.2,79.5,80,58.3
GreatBasin,9/23/2015,58.2,68.1,80,81,58.6
GreatBasin,9/24/2015,59.5,70,83.4,83,59.7
GreatBasin,9/25/2015,61.5,72.5,85.6,84.1,61.6
GreatBasin,9/26/2015,63.8,73.1,83.3,83.1,61.7
GreatBasin,9/27/2015,59.8,69.7,80.3,80.8,60.7
GreatBasin,9/28/2015,58.6,68.1,78.7,79.6,58.9
GreatBasin,9/29/2015,58.3,68,79.9,79.5,59
GreatBasin,9/30/2015,60,69.2,79.8,79.1,59.5
GreatBasin,10/1/2015,60.2,68.5,77.6,77.2,57.9
GreatBasin,10/2/2015,53.6,62.2,74.1,72.4,54.4
GreatBasin,10/3/2015,49.4,57,65.6,68.6,50.4
GreatBasin,10/4/2015,48.1,55.9,66.2,65.3,48.9
GreatBasin,10/5/2015,49.1,56.1,64.2,65.5,48.9
GreatBasin,10/6/2015,49.6,56.7,66.2,66.8,49.9
GreatBasin,10/7/2015,50.9,58.9,69.9,69.7,51.5
GreatBasin,10/8/2015,54.1,61.9,73,73.4,53.5
GreatBasin,10/9/2015,55.5,64.5,77.2,76.3,55.7
GreatBasin,10/10/2015,57.5,66.8,78.7,77.1,56.2
GreatBasin,10/11/2015,55.5,64.2,75.4,76.2,55
GreatBasin,10/12/2015,51.9,61.4,74.6,75.4,54.4
GreatBasin,10/13/2015,55.9,64.8,76.3,75.7,54.6
GreatBasin,10/14/2015,55.9,65.1,76.3,75.2,55.5
GreatBasin,10/15/2015,54.8,63.9,72.9,73.5,54.8
GreatBasin,10/16/2015,53.8,61.7,71.3,70.5,54
GreatBasin,10/17/2015,53.4,60,67.4,67.7,53.1
GreatBasin,10/18/2015,52.1,58,64.4,64.5,51.9
GreatBasin,10/19/2015,50.1,55,61.7,61.6,49.5
GreatBasin,10/20/2015,46.3,52.1,58.6,60.5,46.9
GreatBasin,10/21/2015,44.4,51.2,61.1,60.2,45.3
GreatBasin,10/22/2015,45.1,52.2,60.9,60.9,44.3
GreatBasin,10/23/2015,43.5,51.3,60.7,61.6,44.2
GreatBasin,10/24/2015,43.9,52,63.1,62.6,44.7
GreatBasin,10/25/2015,46.8,54,63.9,63,45.6
GreatBasin,10/26/2015,46.1,53.7,61.9,61.4,45.5
GreatBasin,10/27/2015,43.5,50.9,58.4,59.2,44.1
GreatBasin,10/28/2015,42.8,49.1,57.2,56.4,42.8
GreatBasin,10/29/2015,42,47.6,53.5,54.7,41
GreatBasin,10/30/2015,38.3,44.9,53.4,56.1,41.4
GreatBasin,10/31/2015,43.8,49.7,61.4,58.7,43.2
GreatBasin,11/1/2015,47.5,53.4,61.2,60,45
GreatBasin,11/2/2015,43.6,50.5,57.4,57.5,43.7
GreatBasin,11/3/2015,39.9,45.8,53.9,51.9,38.9
GreatBasin,11/4/2015,33.2,37.2,44.4,46.4,33.9
GreatBasin,11/5/2015,28.7,33.8,40.9,43.2,30.8
GreatBasin,11/6/2015,30.6,35.6,44.2,44.2,30
GreatBasin,11/7/2015,30.7,36.9,47.4,47.2,31.6
GreatBasin,11/8/2015,33.4,39.7,50,49,33.9
GreatBasin,11/9/2015,37.7,42.3,49.6,48.1,34.4
GreatBasin,11/10/2015,32.2,37.1,44.7,44.9,32.7
GreatBasin,11/11/2015,28.2,33,40.5,42.8,29.9
GreatBasin,11/12/2015,29.4,34.4,43.1,43.8,29.9
GreatBasin,11/13/2015,32.2,37.5,47.8,47.1,32.3
GreatBasin,11/14/2015,35.2,40.9,50.5,49.2,34.4
GreatBasin,11/15/2015,35.8,41.7,49.4,47.7,33.5
GreatBasin,11/16/2015,29.6,34.9,43.3,43.9,30.3
GreatBasin,11/17/2015,25.5,30.1,39.1,41.4,29.4
GreatBasin,11/18/2015,33.2,36.1,41.8,42.1,30.3
GreatBasin,11/19/2015,32.3,36.5,45.3,43.6,33.7
GreatBasin,11/20/2015,35.7,39.9,43.6,43.5,31.5
GreatBasin,11/21/2015,26.6,32.9,41.7,43.1,30.7
GreatBasin,11/22/2015,29.8,34.8,44,44,29.7
GreatBasin,11/23/2015,32.7,37.7,46.4,45.8,32.4
GreatBasin,11/24/2015,34.6,39.4,46.9,45,32.6
GreatBasin,11/25/2015,30.5,35.2,41.6,40.1,28.9
GreatBasin,11/26/2015,21.5,26.4,31.9,34.4,23.3
GreatBasin,11/27/2015,17.8,22.9,29.7,30.3,18.7
GreatBasin,11/28/2015,16.9,21.8,29.2,29.3,17.3
GreatBasin,11/29/2015,17.1,21.7,28.9,29.1,17
GreatBasin,11/30/2015,17,21.5,29.3,30.4,17.8
GreatBasin,12/1/2015,19.2,23.7,33,33.1,19.8
GreatBasin,12/2/2015,23.3,27.6,37.1,37.3,23.6
GreatBasin,12/3/2015,28.4,33.1,41.9,40.6,28.4
GreatBasin,12/4/2015,33.6,37,42.7,41.5,30.1
GreatBasin,12/5/2015,28.4,33.5,39.8,41.7,30.9
GreatBasin,12/6/2015,30.6,34.2,42.7,42.6,31.1
GreatBasin,12/7/2015,34.3,37.7,45.4,45.8,34.6
GreatBasin,12/8/2015,39,42.1,49.2,48.1,37.9
GreatBasin,12/9/2015,40.4,43.6,49.6,48.4,38.5
GreatBasin,12/10/2015,36.2,40.8,46.3,46,36.1
GreatBasin,12/11/2015,31.6,36.5,42,41.6,31.5
GreatBasin,12/12/2015,26.7,30.9,36.5,38.7,28.8
GreatBasin,12/13/2015,28.1,31.1,37.6,36.4,26.9
GreatBasin,12/14/2015,25.8,30,35,33.6,24.4
GreatBasin,12/15/2015,19.3,23.2,28.2,30.4,20.8
GreatBasin,12/16/2015,17.2,21.1,27.9,28.2,17.9
GreatBasin,12/17/2015,17.1,21.8,28.6,31.3,19.1
GreatBasin,12/18/2015,22.9,27.9,37.3,35.2,23.3
GreatBasin,12/19/2015,30,33.3,39.6,37.5,26.4
GreatBasin,12/20/2015,26.3,31,35.6,36.9,27.5
GreatBasin,12/21/2015,26.3,29.9,35.6,35.7,27.7
GreatBasin,12/22/2015,30.5,32.8,35.9,35,27.5
GreatBasin,12/23/2015,25.8,29.2,33.4,33.3,25.6
GreatBasin,12/24/2015,20.6,24.8,30.7,30.2,21.9
GreatBasin,12/25/2015,19.3,22.9,26.4,26.2,17.1
GreatBasin,12/26/2015,11.5,16.3,21.4,23.3,13.3
GreatBasin,12/27/2015,9.2,13.6,22,22.8,11.6
GreatBasin,12/28/2015,14.1,17.5,25,23.9,12.3
GreatBasin,12/29/2015,13.6,17.8,24.7,24.9,13.7
GreatBasin,12/30/2015,13.5,17.6,25,23.8,12.7
GreatBasin,12/31/2015,10.9,15.7,21.7,23.1,11.1
GreatBasin,1/1/2016,8.8,13.3,22.6,23.9,10.9
GreatBasin,1/2/2016,13,17,27.4,28,13.8
GreatBasin,1/3/2016,19.5,23.6,34,32.5,19.4
GreatBasin,1/4/2016,25.7,29,36.2,35.6,24.8
GreatBasin,1/5/2016,29.1,31.6,36.5,36.4,27.9
GreatBasin,1/6/2016,28.9,31.7,36.4,35.3,28.4
GreatBasin,1/7/2016,27.2,30.3,33.1,33.6,26.1
GreatBasin,1/8/2016,22.2,26.3,31.2,31.6,23.6
GreatBasin,1/9/2016,21.3,24.6,30.4,30.4,21.1
GreatBasin,1/10/2016,19.9,23.3,29.6,29.3,19.6
GreatBasin,1/11/2016,17.6,21.4,27.8,29.5,18.8
GreatBasin,1/12/2016,18.9,22.5,31.2,31.3,20.1
GreatBasin,1/13/2016,23.9,27,35,33.3,22.5
GreatBasin,1/14/2016,24.7,28.7,33.7,33.9,24.4
GreatBasin,1/15/2016,24.5,27.4,33,33.5,24.1
GreatBasin,1/16/2016,23.1,26.8,33.7,34.6,25
GreatBasin,1/17/2016,27.4,30.9,37.1,36.4,27.2
GreatBasin,1/18/2016,31.2,33.6,38.3,37.5,28.9
GreatBasin,1/19/2016,28,32.5,37.1,37.3,29.5
GreatBasin,1/20/2016,29.2,33,36.5,36.8,27.2
GreatBasin,1/21/2016,24.5,29.4,36.9,37.6,27.3
GreatBasin,1/22/2016,28.1,31.9,39.5,38.9,27.7
GreatBasin,1/23/2016,30.4,34,40.2,39.1,29.4
GreatBasin,1/24/2016,29.6,33.6,37.7,37.4,28
GreatBasin,1/25/2016,24,29,34.4,35.1,24.9
GreatBasin,1/26/2016,21.1,25.6,33.2,34.6,23.1
GreatBasin,1/27/2016,24.1,28.1,36.3,36.4,24.1
GreatBasin,1/28/2016,27.1,31.3,39.8,39.3,27.7
GreatBasin,1/29/2016,31.8,35.4,41.7,40.6,30.5
GreatBasin,1/30/2016,32.5,37.2,40.4,39.4,29.4
GreatBasin,1/31/2016,24,29.2,36.1,35.8,25
GreatBasin,2/1/2016,18.6,23.6,30.9,30.8,18.9
GreatBasin,2/2/2016,14,18.9,25.3,27.5,15.3
GreatBasin,2/3/2016,13.2,17.8,26.2,27.6,15
GreatBasin,2/4/2016,17.8,21.9,31.2,30.7,18
GreatBasin,2/5/2016,23.1,27.2,34.8,34.4,21.8
GreatBasin,2/6/2016,24.4,28.5,37.1,37.2,24.4
GreatBasin,2/7/2016,25.8,31.2,39.7,39.7,26.1
GreatBasin,2/8/2016,28.1,33.2,42.4,41.9,27.9
GreatBasin,2/9/2016,29.8,35,43.5,43.3,29.6
GreatBasin,2/10/2016,30.8,36.1,43.9,44.3,31
GreatBasin,2/11/2016,32.3,37.1,45.6,45.2,32.2
GreatBasin,2/12/2016,33.4,38.9,46.2,46,33.5
GreatBasin,2/13/2016,34.7,39.7,46.1,46,34.5
GreatBasin,2/14/2016,35.5,39.2,45.6,46.8,36.1
GreatBasin,2/15/2016,38,41.8,48.6,48.1,36.7
GreatBasin,2/16/2016,36.6,42.1,50.1,50,37.6
GreatBasin,2/17/2016,38.1,43.5,51.4,50.5,38.2
GreatBasin,2/18/2016,40,43.4,50,49.6,36.7
GreatBasin,2/19/2016,31.9,38,47.3,47.7,35.3
GreatBasin,2/20/2016,34,39.6,45.8,46.6,32.4
GreatBasin,2/21/2016,31.3,37.8,46.7,45.9,32.7
GreatBasin,2/22/2016,32.8,38.1,45.1,44.4,30
GreatBasin,2/23/2016,26,33,41.4,43.4,28.5
GreatBasin,2/24/2016,26.8,33.1,43.7,44.8,28.1
GreatBasin,2/25/2016,31.6,38.2,49.4,48.8,31.5
GreatBasin,2/26/2016,36,42.7,53.3,51.9,35.9
GreatBasin,2/27/2016,40.2,45.7,52.9,53.1,37.5
GreatBasin,2/28/2016,36.4,43.9,53.1,52.5,38
GreatBasin,2/29/2016,37.3,44.3,51.5,53.1,37
GreatBasin,3/1/2016,37.4,43.8,54.7,53.6,38.1
GreatBasin,3/2/2016,39.7,46.8,54.6,55.1,39
GreatBasin,3/3/2016,39.8,46.3,55.9,55.8,39.8
GreatBasin,3/4/2016,39.9,47.6,56.9,56.7,40.8
GreatBasin,3/5/2016,42.8,49.1,57.4,56.5,41.5
GreatBasin,3/6/2016,41.8,46.8,55.2,52.7,38.8
GreatBasin,3/7/2016,31.9,38.2,45.5,49.2,34.6
GreatBasin,3/8/2016,30.2,36.9,46.8,47.1,32
GreatBasin,3/9/2016,33.8,39.7,49,50.8,34.3
GreatBasin,3/10/2016,38.8,45.1,56.6,54.2,38.3
GreatBasin,3/11/2016,42.2,48.9,57.1,56.3,39.6
GreatBasin,3/12/2016,37.7,45,55.2,54.5,39
GreatBasin,3/13/2016,37,43.2,51.2,52.1,37.2
GreatBasin,3/14/2016,36.9,42.7,49.8,48.9,35.3
GreatBasin,3/15/2016,32.1,38.5,45.7,48.1,33.8
GreatBasin,3/16/2016,32.4,39.3,48.9,48.6,33.2
GreatBasin,3/17/2016,35,42,51.2,50.3,33.5
GreatBasin,3/18/2016,33.1,41.3,50.8,52.5,34.3
GreatBasin,3/19/2016,34.9,43.3,55.6,55.9,35.7
GreatBasin,3/20/2016,39,48.1,61.3,59,39.3
GreatBasin,3/21/2016,44.1,51.6,60.2,59.6,40
GreatBasin,3/22/2016,36.9,44.5,57.3,54.7,37.1
GreatBasin,3/23/2016,30.3,37.1,46.7,51.8,33.7
GreatBasin,3/24/2016,33.9,40.9,51.5,49.6,33
GreatBasin,3/25/2016,34.8,42.1,50.6,50,33.7
GreatBasin,3/26/2016,32.3,39.6,47.8,50.9,33.7
GreatBasin,3/27/2016,34,41.7,54.2,51.8,34.4
GreatBasin,3/28/2016,36.8,43.7,53.4,51.6,34
GreatBasin,3/29/2016,31.2,38.1,47.2,49.2,32.8
GreatBasin,3/30/2016,30.5,37.7,47,48.6,31.8
GreatBasin,3/31/2016,33.8,41.1,51.7,51.4,33.2
GreatBasin,4/1/2016,35.3,44.2,55.4,55.8,36
GreatBasin,4/2/2016,39,48.2,60.3,59.9,39.3
GreatBasin,4/3/2016,43.5,52.6,63.9,62.4,42.7
GreatBasin,4/4/2016,45.5,54.3,63,62.3,43.2
GreatBasin,4/5/2016,40.5,49.7,60.1,62.1,42
GreatBasin,4/6/2016,40.1,49.8,63.1,63.6,41.8
GreatBasin,4/7/2016,44.9,54.9,67.7,65.8,44.2
GreatBasin,4/8/2016,47.5,56.2,66.7,65.9,46.3
GreatBasin,4/9/2016,46.4,54,63.2,63,45.9
GreatBasin,4/10/2016,43.9,51.2,59.1,61.3,44
GreatBasin,4/11/2016,41.8,50.7,61.6,61.4,43.7
GreatBasin,4/12/2016,45.3,54.3,63.6,62.3,44.3
GreatBasin,4/13/2016,45.9,54.1,61.8,61.9,45
GreatBasin,4/14/2016,43.8,50.8,60.4,58.6,41.9
GreatBasin,4/15/2016,36.1,44.1,53.7,56.6,38.3
GreatBasin,4/16/2016,34.9,43.4,55.8,56,36.6
GreatBasin,4/17/2016,38.8,47.9,58.4,58.1,37.8
GreatBasin,4/18/2016,39.8,49.6,60.2,61.3,40.7
GreatBasin,4/19/2016,43.6,53.1,65.3,65.5,43.8
GreatBasin,4/20/2016,48.1,58.4,70.9,70,47.1
GreatBasin,4/21/2016,49.5,60.9,73.7,72.3,49.7
GreatBasin,4/22/2016,51.6,61.9,72.3,71.4,48.1
GreatBasin,4/23/2016,43.3,53.1,68.3,66.1,45.4
GreatBasin,4/24/2016,41.3,49,57.8,61,41.3
GreatBasin,4/25/2016,39.3,46.6,56.9,56.1,39.2
GreatBasin,4/26/2016,37,43.9,53.6,55.5,38.6
GreatBasin,4/27/2016,39.4,47.3,55.9,54.6,38.5
GreatBasin,4/28/2016,39.1,46.2,54.4,55.4,39.1
GreatBasin,4/29/2016,38.7,46.7,56,55.3,39
GreatBasin,4/30/2016,39.2,47,55.5,57.2,39.2
GreatBasin,5/1/2016,39.8,48.8,60,59.8,40.5
GreatBasin,5/2/2016,42.6,52.5,63.8,64.5,42.9
GreatBasin,5/3/2016,46.3,57,69.7,69.6,46.6
GreatBasin,5/4/2016,51,62.2,75.3,73.1,50.5
GreatBasin,5/5/2016,54.1,64.4,74.4,73.8,52
GreatBasin,5/6/2016,50.9,58.9,71.8,68.5,50.3
GreatBasin,5/7/2016,45.9,52.7,59.3,65.2,47.5
GreatBasin,5/8/2016,45.6,53.7,64.5,62.5,46
GreatBasin,5/9/2016,46.6,55.3,63.7,63.5,44.8
GreatBasin,5/10/2016,42.3,51.8,62.3,63.1,44
GreatBasin,5/11/2016,43.1,52.7,63.4,66.1,43.9
GreatBasin,5/12/2016,46.4,57.7,72.5,70.6,47.3
GreatBasin,5/13/2016,52.4,63.6,75.9,74.5,51
GreatBasin,5/14/2016,54.1,64.9,75.2,74.7,52.6
GreatBasin,5/15/2016,51.2,60.2,73.1,70.8,50.8
GreatBasin,5/16/2016,47,55.6,64,67.6,48.2
GreatBasin,5/17/2016,46.4,55.9,65.6,66.8,47.5
GreatBasin,5/18/2016,49.2,59.5,70.8,69.2,49.5
GreatBasin,5/19/2016,52.9,62.5,71.1,70.5,50.7
GreatBasin,5/20/2016,50,58.7,69.7,68.1,49.7
GreatBasin,5/21/2016,46.2,54.3,63.5,64.1,45.9
GreatBasin,5/22/2016,41.6,50.5,59.1,62.1,43.8
GreatBasin,5/23/2016,43.6,53.1,63.8,62.2,43.4
GreatBasin,5/24/2016,45.1,55,63.8,63.9,44.6
GreatBasin,5/25/2016,45.1,54.9,64.2,64.7,45.2
GreatBasin,5/26/2016,45.5,55.9,66.1,65.8,46.2
GreatBasin,5/27/2016,48.1,57.9,67.1,67.7,47.3
GreatBasin,5/28/2016,48.2,58.9,70,70.6,49.4
GreatBasin,5/29/2016,51.9,63,74.7,72.8,51.2
GreatBasin,5/30/2016,53.4,64,73.8,74.5,52.8
GreatBasin,5/31/2016,53.1,64.3,75.1,76.3,53.9
GreatBasin,6/1/2016,55.1,67.2,80.1,79.3,55.9
GreatBasin,6/2/2016,59.6,71.2,82.6,81.9,58.4
GreatBasin,6/3/2016,60.4,71.7,83,84.2,60.7
GreatBasin,6/4/2016,62,74.1,86.9,86.2,62.2
GreatBasin,6/5/2016,64.1,76.6,88.6,87.8,63.3
GreatBasin,6/6/2016,63.8,76.4,87.9,87.7,63.9
GreatBasin,6/7/2016,63.7,76,86.6,87.5,64.2
GreatBasin,6/8/2016,65.1,76.6,88.1,87.1,64.4
GreatBasin,6/9/2016,64.3,75.6,86.7,86.3,63.7
GreatBasin,6/10/2016,61.7,73.4,84.1,84.4,62.1
GreatBasin,6/11/2016,60.3,69.6,82.5,80.6,58.4
GreatBasin,6/12/2016,53.1,64,75.2,78,56.1
GreatBasin,6/13/2016,54.8,66.2,76.4,75.8,54.1
GreatBasin,6/14/2016,54.5,65.7,75.7,75.8,54
GreatBasin,6/15/2016,52.7,64.6,75.2,75,52.4
GreatBasin,6/16/2016,50.1,62.1,74.2,76.4,51.7
GreatBasin,6/17/2016,52.4,65,79.7,79.3,53.8
GreatBasin,6/18/2016,58.9,71.2,84.1,82.4,56.2
GreatBasin,6/19/2016,57.4,71,83.3,86.4,59.9
GreatBasin,6/20/2016,63.3,76.2,91.8,88.7,62.9
GreatBasin,6/21/2016,68.1,79.9,91,90.6,65.1
GreatBasin,6/22/2016,64,76.6,89,89.5,66.1
GreatBasin,6/23/2016,66.2,78.1,88.6,88.3,64.8
GreatBasin,6/24/2016,64.1,75,87.4,85.7,62.4
GreatBasin,6/25/2016,56.8,69.3,81.2,85.4,60.5
GreatBasin,6/26/2016,60.6,73.3,87.7,87,60.9
GreatBasin,6/27/2016,65.2,78.2,92.1,90.4,65
GreatBasin,6/28/2016,69.2,80.8,91.5,91.2,67.7
GreatBasin,6/29/2016,68.8,79.9,90.1,89.4,68.2
GreatBasin,6/30/2016,66.5,77,86.7,86.8,66.5
GreatBasin,7/1/2016,64.1,74,83.6,85,64.5
GreatBasin,7/2/2016,63,74.1,84.8,84.7,63.9
GreatBasin,7/3/2016,64.6,75.6,85.8,85.7,63.7
GreatBasin,7/4/2016,63.5,75.3,86.4,86,63.5
GreatBasin,7/5/2016,62.4,74.5,85.7,85.3,62.4
GreatBasin,7/6/2016,61.3,72.6,83.8,84.4,60.8
GreatBasin,7/7/2016,58.7,71,83.8,84.9,60.9
GreatBasin,7/8/2016,62.6,74.8,87,85.6,61.7
GreatBasin,7/9/2016,63.8,75.7,86.1,86.1,62.6
GreatBasin,7/10/2016,61.5,72.1,85.1,82.5,59.3
GreatBasin,7/11/2016,52.7,64.1,76.2,81.1,56.9
GreatBasin,7/12/2016,56.4,68.4,82.1,80.7,56.2
GreatBasin,7/13/2016,59.5,71.6,83.7,84.4,59.4
GreatBasin,7/14/2016,62.2,74.4,87.4,86.9,62.2
GreatBasin,7/15/2016,64.8,77.1,89.6,88.4,63.7
GreatBasin,7/16/2016,64.1,75.9,88.2,88.4,63.5
GreatBasin,7/17/2016,61.7,74.6,87.3,87.5,63.6
GreatBasin,7/18/2016,64.9,76.3,86.9,87.6,63.9
GreatBasin,7/19/2016,65.1,76.4,88.5,88.3,65.2
GreatBasin,7/20/2016,65.6,77.7,89.5,90,65.9
GreatBasin,7/21/2016,67,79.2,92,91.1,67.1
GreatBasin,7/22/2016,68.6,80.7,91.7,91.3,66.9
GreatBasin,7/23/2016,65.1,77.6,90.1,90.6,66.3
GreatBasin,7/24/2016,65.1,77.5,90,90.9,65.8
GreatBasin,7/25/2016,67.3,79.7,92.5,91.8,67.2
GreatBasin,7/26/2016,69.3,81.4,92.8,93.1,68.7
GreatBasin,7/27/2016,69.5,81.6,94,93.5,69.9
GreatBasin,7/28/2016,70.9,82.3,93.7,93.6,70.6
GreatBasin,7/29/2016,71.3,82.5,93,92.7,71
GreatBasin,7/30/2016,70.7,81.6,91.5,91.5,70
GreatBasin,7/31/2016,68,79.1,90.1,90.3,68
GreatBasin,8/1/2016,65.4,77.3,89.2,90.2,66.8
GreatBasin,8/2/2016,66.9,78.9,91.3,90.3,66.1
GreatBasin,8/3/2016,65.9,76.7,90.3,88.6,64.9
GreatBasin,8/4/2016,61.9,73.2,84.1,86.8,63.9
GreatBasin,8/5/2016,63.9,74.1,86,85.5,63.3
GreatBasin,8/6/2016,64,75.3,86.4,86.5,64.2
GreatBasin,8/7/2016,64.6,75.8,87.2,86.7,63.4
GreatBasin,8/8/2016,61.7,74.3,86.5,86.5,62.8
GreatBasin,8/9/2016,62.2,73.8,85.7,84.9,60.7
GreatBasin,8/10/2016,58.1,70.3,82.5,83.5,60
GreatBasin,8/11/2016,59.8,70.8,82.2,83.3,59.8
GreatBasin,8/12/2016,61.5,72.9,85.2,85,61.6
GreatBasin,8/13/2016,63.6,75.3,87.7,87.8,63.5
GreatBasin,8/14/2016,65.4,77.5,90.5,89.3,65.4
GreatBasin,8/15/2016,67.1,78.7,89.7,90.1,65.9
GreatBasin,8/16/2016,65.3,77.4,90,89.9,66.6
GreatBasin,8/17/2016,67.4,78.6,90.1,89.4,66.1
GreatBasin,8/18/2016,65.6,76.3,88.2,87.4,65.1
GreatBasin,8/19/2016,62.3,72.9,83.8,85.7,62.8
GreatBasin,8/20/2016,60.4,72.4,85.2,85.2,62
GreatBasin,8/21/2016,63.2,74.6,86.6,85.7,62.3
GreatBasin,8/22/2016,63.3,73.9,85.2,84,61.9
GreatBasin,8/23/2016,59.1,69.9,80.3,81.6,60
GreatBasin,8/24/2016,57.5,68.7,79.3,79.7,57.8
GreatBasin,8/25/2016,56.7,68.1,79.4,79.4,56.9
GreatBasin,8/26/2016,56.5,67.9,79.5,79.8,57.1
GreatBasin,8/27/2016,58,68.7,80.4,81.1,58
GreatBasin,8/28/2016,59.5,70.7,83.5,83.8,59.8
GreatBasin,8/29/2016,61.9,73.6,87.4,86.7,62.1
GreatBasin,8/30/2016,64.8,76.3,89.1,88.5,64.1
GreatBasin,8/31/2016,65.7,77.2,89,88.4,65.4
GreatBasin,9/1/2016,65.6,75.8,87.2,86.2,64.2
GreatBasin,9/2/2016,61.4,72.1,82.3,83.2,61.5
GreatBasin,9/3/2016,57.5,68.7,80.1,79.9,57.9
GreatBasin,9/4/2016,54.9,64.3,77.3,76,54.1
GreatBasin,9/5/2016,49.8,60.1,70.6,74.5,51.8
GreatBasin,9/6/2016,50.8,61.8,75.6,74.2,51.6
GreatBasin,9/7/2016,54.2,64.8,76.3,76.7,53.8
GreatBasin,9/8/2016,56.4,66.6,78.1,77,55
GreatBasin,9/9/2016,54.4,65.2,76.7,78.5,55.1
GreatBasin,9/10/2016,54.5,66.2,80.7,79.7,56
GreatBasin,9/11/2016,59.1,70,81.8,80.5,56.1
GreatBasin,9/12/2016,54.7,65,79,77.1,54
GreatBasin,9/13/2016,48.1,59.1,70.4,72.7,50.4
GreatBasin,9/14/2016,48.4,58.4,68.7,69.9,48.3
GreatBasin,9/15/2016,48.4,58.7,70.5,70.9,48.8
GreatBasin,9/16/2016,49.5,60.5,73.5,73.3,50.1
GreatBasin,9/17/2016,52.3,63.3,76,76.5,52.9
GreatBasin,9/18/2016,57,66.9,79.9,79.3,55.7
GreatBasin,9/19/2016,57.9,68.8,82.1,80.7,58.2
GreatBasin,9/20/2016,59.8,69,80,78.7,58
GreatBasin,9/21/2016,56.3,64.4,73.9,74.3,56.4
GreatBasin,9/22/2016,53.2,59.5,69,67.7,51.5
GreatBasin,9/23/2016,44.9,51.6,60.2,64.4,48
GreatBasin,9/24/2016,45.8,53,64.1,64.5,45.9
GreatBasin,9/25/2016,46.9,56.3,69.2,69.3,47.9
GreatBasin,9/26/2016,51.1,60.9,74.7,73.7,50.9
GreatBasin,9/27/2016,54.8,64.7,77.2,76,54.1
GreatBasin,9/28/2016,56.3,65.3,76.1,76.1,56.1
GreatBasin,9/29/2016,57.3,65.8,75,75.3,56.6
GreatBasin,9/30/2016,56.2,64.7,74.8,74.2,56.3
GreatBasin,10/1/2016,55.5,63.7,72.7,72.4,54.3
GreatBasin,10/2/2016,51.1,60,69.6,69.5,49.7
GreatBasin,10/3/2016,42.4,51.7,66.2,64.3,44.6
GreatBasin,10/4/2016,40.4,47.4,57,60,41.1
GreatBasin,10/5/2016,40.5,48.1,56.8,57,40.2
GreatBasin,10/6/2016,39.6,47.6,57.1,59.3,40.5
GreatBasin,10/7/2016,41.4,50,63.9,63.3,42.6
GreatBasin,10/8/2016,46.9,55.7,68.9,68.1,46.4
GreatBasin,10/9/2016,50.8,59.6,71.6,70.1,49.9
GreatBasin,10/10/2016,52,60.2,69.8,69.1,50.9
GreatBasin,10/11/2016,49.8,57.3,65.9,66.9,48.5
GreatBasin,10/12/2016,43.7,53.1,64.9,66,46.9
GreatBasin,10/13/2016,47.1,55.4,67.3,66.2,48.2
GreatBasin,10/14/2016,53.8,58.8,66.3,67,50.4
GreatBasin,10/15/2016,50.3,57.5,67.4,65.9,51.2
GreatBasin,10/16/2016,49.6,56.6,64.1,63.4,48.1
GreatBasin,10/17/2016,44.4,50.8,58.6,59.8,45.1
GreatBasin,10/18/2016,41.3,48.1,56.7,56.8,41.6
GreatBasin,10/19/2016,39.1,46.6,55.1,57.4,39.7
GreatBasin,10/20/2016,38.8,47,60.3,60.4,40.7
GreatBasin,10/21/2016,44.1,52.4,65.8,64.2,43.7
GreatBasin,10/22/2016,48.1,55.9,66.6,66.6,47
GreatBasin,10/23/2016,48.9,56.5,67.5,65.5,49.2
GreatBasin,10/24/2016,50.7,55.8,62.3,63.9,49.3
GreatBasin,10/25/2016,48.2,53.7,61.8,63.5,48.6
GreatBasin,10/26/2016,46.9,54.6,66.5,65.1,48.6
GreatBasin,10/27/2016,50.7,57.6,66.9,65.8,50.1
GreatBasin,10/28/2016,52.8,58.1,64,64.7,50.4
GreatBasin,10/29/2016,47.6,54.4,63.2,63.7,50.5
GreatBasin,10/30/2016,51.2,56,63.8,62.2,47.4
GreatBasin,10/31/2016,43.5,50.8,59.7,58.8,45.4
GreatBasin,11/1/2016,41.4,46.6,52.9,56.1,41
GreatBasin,11/2/2016,38,45.2,55.7,56.2,40.2
GreatBasin,11/3/2016,41.1,48.3,60,59.1,41.1
GreatBasin,11/4/2016,44.2,51.2,61.6,61,43.4
GreatBasin,11/5/2016,44.8,52,61.3,61.2,44.8
GreatBasin,11/6/2016,45.3,52,60.6,60.9,44.7
GreatBasin,11/7/2016,43.9,51.1,60.7,61.6,44.9
GreatBasin,11/8/2016,45.5,52.7,63.5,62.7,45.2
GreatBasin,11/9/2016,46.3,53.9,63.9,63.3,46
GreatBasin,11/10/2016,46.3,53.6,62.6,63.1,46
GreatBasin,11/11/2016,45.3,52.7,62.7,62.2,45.8
GreatBasin,11/12/2016,45.8,52.6,61.3,61,44.8
GreatBasin,11/13/2016,43.3,50.5,59.1,60.5,44.5
GreatBasin,11/14/2016,44.5,51,61.1,60.7,44.7
GreatBasin,11/15/2016,46.2,52.6,62,59.8,44.9
GreatBasin,11/16/2016,43.9,49.7,56.4,55,40.1
GreatBasin,11/17/2016,30.2,36.5,46.5,48.4,33.4
GreatBasin,11/18/2016,26.2,32.4,42.2,46.3,29.9
GreatBasin,11/19/2016,33.3,38.2,50.1,48.9,33.3
GreatBasin,11/20/2016,40.3,45.2,54.3,51.3,37.7
GreatBasin,11/21/2016,39.6,43.5,49.5,49.6,37.8
GreatBasin,11/22/2016,33.4,38.7,45,46.4,35.4
GreatBasin,11/23/2016,33.3,37.6,44.6,43.9,32
GreatBasin,11/24/2016,29.4,35.2,42.1,44.4,31.4
GreatBasin,11/25/2016,31.4,36.2,46.4,45.5,31.4
GreatBasin,11/26/2016,33.4,38.9,48.1,45.4,32.2
GreatBasin,11/27/2016,31.8,36.4,41.8,42.2,31.4
GreatBasin,11/28/2016,28.9,31.9,36.7,37.9,28.6
GreatBasin,11/29/2016,25.1,29.3,35.1,35.4,25.4
GreatBasin,11/30/2016,22.1,26.9,34.3,35,24
GreatBasin,12/1/2016,24.7,28.6,35.5,34.3,23.1
GreatBasin,12/2/2016,22.6,27.2,33.1,35.3,23.5
GreatBasin,12/3/2016,23.3,27.6,37.2,37,24.7
GreatBasin,12/4/2016,28.1,32.1,40.6,38.2,25.8
GreatBasin,12/5/2016,26.1,32.2,36.8,36.3,24.5
GreatBasin,12/6/2016,19.4,24.7,31.6,31.6,20.4
GreatBasin,12/7/2016,15.6,21.4,26.5,28.9,16.5
GreatBasin,12/8/2016,14.6,19,28.6,30.7,18.4
GreatBasin,12/9/2016,25.1,29.2,37,35.2,24
GreatBasin,12/10/2016,32.4,34.6,40.1,39.1,29.2
GreatBasin,12/11/2016,30,34.8,40.1,39.7,30.6
GreatBasin,12/12/2016,29.4,33.4,39,38.8,28.5
GreatBasin,12/13/2016,26.1,30.6,37.4,38.6,27.9
GreatBasin,12/14/2016,28.1,32,39.5,40,29.7
GreatBasin,12/15/2016,34.9,37.4,43.2,41.1,31.6
GreatBasin,12/16/2016,31.9,35.6,40.5,37.7,26
GreatBasin,12/17/2016,11.2,18.4,29.5,30.8,17.5
GreatBasin,12/18/2016,9.5,14.2,22.3,26.9,11.4
GreatBasin,12/19/2016,13.5,17.7,28.8,29.7,15.7
GreatBasin,12/20/2016,24,27.8,37.9,33.9,21.6
GreatBasin,12/21/2016,27.3,31.4,34.9,34.9,25.2
GreatBasin,12/22/2016,24.2,27.4,31.9,33.9,25.3
GreatBasin,12/23/2016,24.4,27.5,34.8,33.8,26.1
GreatBasin,12/24/2016,29.6,31.5,34.6,33.3,24
GreatBasin,12/25/2016,17.9,23.2,30.5,30,20.2
GreatBasin,12/26/2016,13.1,17.6,24.9,28.5,15.5
GreatBasin,12/27/2016,15.5,19.9,30,29.8,17.9
GreatBasin,12/28/2016,25.1,27.8,34.6,33,20.8
GreatBasin,12/29/2016,21.9,26.4,34.4,34.5,23.9
GreatBasin,12/30/2016,24.7,28.4,34.4,33.3,22.8
GreatBasin,12/31/2016,21.7,25.8,31,31.9,22.4
GreatBasin,1/1/2017,20.7,24,30.2,29.7,20.6
GreatBasin,1/2/2017,19.3,23,28,29.1,19.6
GreatBasin,1/3/2017,18.9,22.2,29.2,29.9,20.4
GreatBasin,1/4/2017,23.1,26.1,32.6,30.4,19.8
GreatBasin,1/5/2017,17.5,22.6,29.3,26.8,15.4
GreatBasin,1/6/2017,5.7,12.1,18.5,23.9,10.7
GreatBasin,1/7/2017,8.9,13.4,23.9,26.4,12.4
GreatBasin,1/8/2017,22.6,27.7,36.7,33.6,22.2
GreatBasin,1/9/2017,35,36.9,40.2,38.1,28.8
GreatBasin,1/10/2017,28.9,32.7,37.3,37.7,31
GreatBasin,1/11/2017,29,32.4,35.7,35.3,27.2
GreatBasin,1/12/2017,23.8,27.6,32.8,33.7,25.3
GreatBasin,1/13/2017,23,26.4,32.7,32.8,23
GreatBasin,1/14/2017,22.3,26.3,32.9,31.9,21.8
GreatBasin,1/15/2017,20.1,24.3,30.2,30.4,19.9
GreatBasin,1/16/2017,17.4,22.1,28,29.3,18.2
GreatBasin,1/17/2017,17.2,21.1,29.6,30.5,19
GreatBasin,1/18/2017,22.4,25.8,34,32.7,22.8
GreatBasin,1/19/2017,28.9,30.9,34.4,34,25.8
GreatBasin,1/20/2017,26.2,29.5,33.7,33.9,26.7
GreatBasin,1/21/2017,25,28.8,33.7,33.4,25.1
GreatBasin,1/22/2017,24,27.7,32.7,33.2,25.7
GreatBasin,1/23/2017,28,29.9,33.3,32.1,23.9
GreatBasin,1/24/2017,19.7,24.7,30.3,30.1,21
GreatBasin,1/25/2017,15.2,19.9,26.7,27.9,16.5
GreatBasin,1/26/2017,14.7,18.9,26.7,26.4,14.5
GreatBasin,1/27/2017,13.7,18.3,25.8,27,14.7
GreatBasin,1/28/2017,15.8,19.6,28.6,29.1,16.4
GreatBasin,1/29/2017,19.6,23.7,32.9,32.2,19.3
GreatBasin,1/30/2017,22.5,27.2,35,34.8,22.3
GreatBasin,1/31/2017,24.7,29,36.6,36.1,24.8
GreatBasin,2/1/2017,27.1,31.1,36.7,36.7,25.9
GreatBasin,2/2/2017,25.8,30,36.7,38,26.8
GreatBasin,2/3/2017,27.4,31.8,40.6,39.3,28.6
GreatBasin,2/4/2017,32.6,36.1,40.7,41.1,30.7
GreatBasin,2/5/2017,32.1,36.4,42.1,41.1,33
GreatBasin,2/6/2017,34.4,37.2,40.6,41.2,33
GreatBasin,2/7/2017,32.5,35.8,40.8,42,33.2
GreatBasin,2/8/2017,32.7,37.4,44.5,44.9,35
GreatBasin,2/9/2017,39.8,42.8,49.4,47.5,38.6
GreatBasin,2/10/2017,43.3,45.7,48.6,47.7,39
GreatBasin,2/11/2017,33.8,38.8,45.2,44.6,34.5
GreatBasin,2/12/2017,26.3,32.1,39.9,41.9,29.1
GreatBasin,2/13/2017,27.1,32.4,40.5,40.9,27.1
GreatBasin,2/14/2017,28,33.6,42.3,42.6,28.7
GreatBasin,2/15/2017,30.9,36.2,45,44.8,31.2
GreatBasin,2/16/2017,34.8,39.5,47.2,46,33.5
GreatBasin,2/17/2017,34.7,39.6,45.7,45.3,35.1
GreatBasin,2/18/2017,35.9,38.8,42.9,43.9,35.4
GreatBasin,2/19/2017,35.7,38.8,43.1,43.8,35.4
GreatBasin,2/20/2017,34.5,38.3,45.3,45.7,36.3
GreatBasin,2/21/2017,38.7,42.3,48.8,46.8,34.9
GreatBasin,2/22/2017,31.6,37.6,46.4,44.6,31.5
GreatBasin,2/23/2017,24.1,29.6,38.6,38.6,25
GreatBasin,2/24/2017,19.3,24.7,30.9,33.8,20.5
GreatBasin,2/25/2017,18,23.6,32,32.6,19
GreatBasin,2/26/2017,19.6,25.6,34.9,33.9,20.6
GreatBasin,2/27/2017,24.3,28.8,34.8,34.8,21.9
GreatBasin,2/28/2017,21.7,27.3,34.6,35.7,22.7
GreatBasin,3/1/2017,22.1,28,37.8,38.4,22.9
GreatBasin,3/2/2017,24.8,31.6,42.9,42.6,25.6
GreatBasin,3/3/2017,29.8,36.3,47,46.4,30.1
GreatBasin,3/4/2017,35.7,40.9,49.3,47.8,33.5
GreatBasin,3/5/2017,34.9,40.1,47,45.8,31.1
GreatBasin,3/6/2017,22.6,29,41.2,43.1,27.4
GreatBasin,3/7/2017,24.8,30.2,41.2,44,27.2
GreatBasin,3/8/2017,34.1,39,49.7,47.7,32.2
GreatBasin,3/9/2017,37.6,43.5,52.3,52.4,37.5
GreatBasin,3/10/2017,40.8,46.5,55.2,54,38.7
GreatBasin,3/11/2017,37.7,45.9,54.5,54.8,39.5
GreatBasin,3/12/2017,40,46.8,54.6,55.6,39
GreatBasin,3/13/2017,39.3,46.7,57.6,58,40.9
GreatBasin,3/14/2017,43.5,51.1,61.8,60.7,42.6
GreatBasin,3/15/2017,44.9,52.9,62.8,61.9,44.5
GreatBasin,3/16/2017,45,52.4,61.1,62,44.1
GreatBasin,3/17/2017,42.5,50.7,62,62.8,44.9
GreatBasin,3/18/2017,47.1,54.7,65.3,63.6,45.3
GreatBasin,3/19/2017,46.3,54.6,63.4,63.4,46.6
GreatBasin,3/20/2017,46.5,53.5,61.5,62,46.4
GreatBasin,3/21/2017,46.3,52.5,61.1,60.4,45.4
GreatBasin,3/22/2017,43.4,50.4,58.5,57.6,42
GreatBasin,3/23/2017,36.4,43.2,53.1,54.8,38.1
GreatBasin,3/24/2017,34.6,42.1,52.7,52.5,37.1
GreatBasin,3/25/2017,40.2,45.3,51.8,52.2,36.7
GreatBasin,3/26/2017,35.3,43,52,51.6,38.1
GreatBasin,3/27/2017,38.7,44.3,50.9,50.9,35.8
GreatBasin,3/28/2017,33.5,41,49.8,52.2,36
GreatBasin,3/29/2017,35.8,43.7,56,53.7,37.3
GreatBasin,3/30/2017,42.5,48.3,55.2,53.5,37.5
GreatBasin,3/31/2017,34.1,40.4,49.4,53.4,37.7
GreatBasin,4/1/2017,36.4,43.9,55.5,53.5,37
GreatBasin,4/2/2017,40.5,47.5,55.7,55.3,37.9
GreatBasin,4/3/2017,36.8,44.4,54.6,53,36.5
GreatBasin,4/4/2017,32.2,39.6,48.7,53.6,35
GreatBasin,4/5/2017,35.9,43.9,57.5,56.3,36.7
GreatBasin,4/6/2017,42.1,50.8,62.7,60.5,41.8
GreatBasin,4/7/2017,47.4,54,61.4,61.2,43.9
GreatBasin,4/8/2017,42.2,49.4,59.4,56.5,40
GreatBasin,4/9/2017,30.4,38.8,48.7,53.6,35.1
GreatBasin,4/10/2017,32.8,41,52.8,53.1,33.7
GreatBasin,4/11/2017,37.9,46.5,57.7,58,37.4
GreatBasin,4/12/2017,41.4,50.9,63.5,61.5,41.9
GreatBasin,4/13/2017,46.3,54.6,63.2,62.1,41.7
GreatBasin,4/14/2017,37.4,46.3,59.6,59.4,39.8
GreatBasin,4/15/2017,35.8,44.9,55.5,59.4,37.9
GreatBasin,4/16/2017,40.5,49.8,63.2,60.3,41
GreatBasin,4/17/2017,46.8,54.2,62.3,62.5,44.1
GreatBasin,4/18/2017,45.1,53.3,62.1,61.1,44.3
GreatBasin,4/19/2017,41.1,50,59,59.8,42.9
GreatBasin,4/20/2017,42.4,50.5,58.3,57.8,40.5
GreatBasin,4/21/2017,38.1,46.8,56,59,40.1
GreatBasin,4/22/2017,39.8,49.5,62.7,61.4,41.4
GreatBasin,4/23/2017,46.3,55.5,65.5,63.7,43.5
GreatBasin,4/24/2017,44.4,52.2,62.9,61.5,43.1
GreatBasin,4/25/2017,38.6,46.4,56,58.6,41
GreatBasin,4/26/2017,40,47.3,57,56.3,39.4
GreatBasin,4/27/2017,39.5,47.6,55.8,55,38.1
GreatBasin,4/28/2017,34.9,42.5,52.1,54.1,36.1
GreatBasin,4/29/2017,33.8,42.5,54.5,55.8,36
GreatBasin,4/30/2017,39.4,48.5,60.7,59.2,39
GreatBasin,5/1/2017,43.7,52.5,62.3,62.7,43.2
GreatBasin,5/2/2017,46.4,55.2,65.2,65.4,45.6
GreatBasin,5/3/2017,46.8,57.1,68.7,69.8,48.1
GreatBasin,5/4/2017,51,62.1,75.6,74.2,51.1
GreatBasin,5/5/2017,55.5,66.8,78.4,76.9,54
GreatBasin,5/6/2017,55.4,64.8,76.6,74.2,52.4
GreatBasin,5/7/2017,46.3,55.4,67.5,69.5,48.2
GreatBasin,5/8/2017,42.9,52.8,64.3,65.9,45.7
GreatBasin,5/9/2017,47.9,56.9,66,66.4,45.9
GreatBasin,5/10/2017,46.9,56.9,68.8,69.7,48.5
GreatBasin,5/11/2017,50.6,61.5,74.3,72.1,50.3
GreatBasin,5/12/2017,53.5,63.4,73.1,72.5,49.1
GreatBasin,5/13/2017,43.3,54.1,70.2,68.8,45.8
GreatBasin,5/14/2017,40.5,51.2,63.1,65.3,42.4
GreatBasin,5/15/2017,43.5,53.6,62.6,62.2,42
GreatBasin,5/16/2017,42.1,51.5,60.8,60.5,41.7
GreatBasin,5/17/2017,39.5,47.8,58.1,58.3,39.2
GreatBasin,5/18/2017,36.1,45.4,56,58.4,38.2
GreatBasin,5/19/2017,39.1,49.1,61.2,61.3,40
GreatBasin,5/20/2017,44.9,55.3,66.8,66.2,44.5
GreatBasin,5/21/2017,49.6,59.4,70.5,70.3,48.8
GreatBasin,5/22/2017,51.8,62.6,73.7,73.9,51.8
GreatBasin,5/23/2017,54.1,65.6,77.6,76.5,54.5
GreatBasin,5/24/2017,57.7,68.6,78.2,77,54.1
GreatBasin,5/25/2017,50.5,61.4,75.2,73.7,52.2
GreatBasin,5/26/2017,48.5,58.3,67.6,71.2,49
GreatBasin,5/27/2017,48.1,58.9,70.7,71,49.5
GreatBasin,5/28/2017,51.8,63.2,74.8,74.5,51.6
GreatBasin,5/29/2017,55,66.5,78.1,77.9,54.6
GreatBasin,5/30/2017,57.1,69,80.8,79.5,56.8
GreatBasin,5/31/2017,58.4,69.6,79.5,79.3,57.4
GreatBasin,6/1/2017,56.7,67.7,77.5,78,56.6
GreatBasin,6/2/2017,54.7,65.9,76.9,79.3,56.3
GreatBasin,6/3/2017,57.6,69.6,83.6,81.9,58.2
GreatBasin,6/4/2017,62.2,73.9,85.2,84,59.4
GreatBasin,6/5/2017,58.5,70.5,83.2,84.1,59.8
GreatBasin,6/6/2017,58.7,70.9,83.8,84.5,59.5
GreatBasin,6/7/2017,61.2,73.8,86.4,85.1,60.7
GreatBasin,6/8/2017,62.1,73.3,85,83.7,59.8
GreatBasin,6/9/2017,56,67.6,79.7,79.8,56.6
GreatBasin,6/10/2017,51.7,63.1,74.8,75.9,52.5
GreatBasin,6/11/2017,49.9,61.6,73.3,73.3,50.1
GreatBasin,6/12/2017,48.7,58.8,71.9,70.4,48
GreatBasin,6/13/2017,45.4,54.5,66,71,48
GreatBasin,6/14/2017,50,61.3,75,73.7,50.6
GreatBasin,6/15/2017,56.3,67.8,80.2,79.3,55.7
GreatBasin,6/16/2017,60.9,71.5,82.7,81.6,59.3
GreatBasin,6/17/2017,60.6,71.5,81.8,82.8,60.9
GreatBasin,6/18/2017,61.1,72.2,83.9,85.1,62
GreatBasin,6/19/2017,64.2,76.3,89.6,89.1,64.7
GreatBasin,6/20/2017,68.9,81.2,93.8,91.9,67.1
GreatBasin,6/21/2017,68.2,80.5,92.4,91.8,67
GreatBasin,6/22/2017,64,76.1,89.2,88.5,64.2
GreatBasin,6/23/2017,60.4,72.7,84,86.7,62.2
GreatBasin,6/24/2017,62.3,74.6,86.8,86.5,62.4
GreatBasin,6/25/2017,64.6,76.8,88.8,88.9,64.1
GreatBasin,6/26/2017,65.5,78.5,91.2,89.9,64.8
GreatBasin,6/27/2017,64.2,76.3,89.6,88.2,63.7
GreatBasin,6/28/2017,61.3,73.1,83.7,85.3,61.4
GreatBasin,6/29/2017,58.8,70.8,82.6,83.3,59.7
GreatBasin,6/30/2017,58.9,71.1,83.7,84.9,59.9
GreatBasin,7/1/2017,62.1,74.9,88.5,87.1,62
GreatBasin,7/2/2017,65,77.4,89.2,89.2,64
GreatBasin,7/3/2017,64.8,77.6,89.8,90.4,65.4
GreatBasin,7/4/2017,66.4,78.9,92.1,92.1,66.7
GreatBasin,7/5/2017,69,81.8,94.4,93.7,68.7
GreatBasin,7/6/2017,70.6,82.8,94.6,94.8,70.5
GreatBasin,7/7/2017,71.8,83.9,95.3,95,71.5
GreatBasin,7/8/2017,72.1,83.9,95,94.6,72
GreatBasin,7/9/2017,72.2,83.3,93.4,92.9,71.3
GreatBasin,7/10/2017,69.7,80,90.4,90.4,69.6
GreatBasin,7/11/2017,67,77.5,87.4,88.7,67.4
GreatBasin,7/12/2017,65.6,77.1,88.3,89,66.4
GreatBasin,7/13/2017,66.7,79.1,91.4,90.6,67.1
GreatBasin,7/14/2017,69.1,80.7,92.1,92.4,68.7
GreatBasin,7/15/2017,70.2,82.3,93.7,92.8,69.5
GreatBasin,7/16/2017,69.1,81.2,92.5,92.3,68.8
GreatBasin,7/17/2017,67.1,79.1,90.7,91.1,67.4
GreatBasin,7/18/2017,66.1,78.4,90,90,67.4
GreatBasin,7/19/2017,69,79,89.2,88.9,67.4
GreatBasin,7/20/2017,67.1,77.8,87.4,87.9,67.1
GreatBasin,7/21/2017,65.3,76.1,87.1,88.1,66.3
GreatBasin,7/22/2017,66.4,77.7,89.7,89.5,66.9
GreatBasin,7/23/2017,69.1,80.3,91.6,90.6,68.3
GreatBasin,7/24/2017,69.3,79.5,90.6,89.3,68.2
GreatBasin,7/25/2017,66.1,74.8,85.7,87.2,66.4
GreatBasin,7/26/2017,63.8,74,85.4,86,65
GreatBasin,7/27/2017,65,75.9,87,87,65
GreatBasin,7/28/2017,66.3,77.4,88.6,88.1,65.6
GreatBasin,7/29/2017,65.5,77.2,88.8,89.3,66.3
GreatBasin,7/30/2017,67.2,78.3,90.4,90.3,66.9
GreatBasin,7/31/2017,68.1,79.7,91.8,91.7,68.2
GreatBasin,8/1/2017,69.3,81,92.8,92.1,68.7
GreatBasin,8/2/2017,68.7,80.3,91.7,91.3,68.6
GreatBasin,8/3/2017,67.7,78.6,89.3,89.5,67.8
GreatBasin,8/4/2017,67.1,77.8,87.6,87.9,66.9
GreatBasin,8/5/2017,66,76.2,86.8,86.4,65.9
GreatBasin,8/6/2017,64.5,74.7,84.9,85.4,64.5
GreatBasin,8/7/2017,63.1,73.8,84.4,84.7,63.9
GreatBasin,8/8/2017,64,74.4,84.8,84.8,63.6
GreatBasin,8/9/2017,63.7,74.5,85.1,85.1,63.7
GreatBasin,8/10/2017,63.5,74.5,85.5,85.8,63.8
GreatBasin,8/11/2017,64.2,75.2,86.9,86.6,64.3
GreatBasin,8/12/2017,65.1,76,87.4,86.6,64.4
GreatBasin,8/13/2017,64,74.8,85.4,85.2,63.5
GreatBasin,8/14/2017,61.5,72,82.9,82.3,61
GreatBasin,8/15/2017,57.6,67.9,78.6,81.3,59.2
GreatBasin,8/16/2017,58.4,69.7,82.4,81.9,59.2
GreatBasin,8/17/2017,61.7,72.7,84.6,84.7,61.1
GreatBasin,8/18/2017,63.2,74.7,87,86.2,63.1
GreatBasin,8/19/2017,64.5,75.8,86.9,86.4,63.6
GreatBasin,8/20/2017,63.1,74.5,85.4,85.3,63.8
GreatBasin,8/21/2017,63.7,73.6,83.7,85.1,63.4
GreatBasin,8/22/2017,63.5,74.3,86.3,85.3,64.1
GreatBasin,8/23/2017,65,75.6,85.8,85.6,64.2
GreatBasin,8/24/2017,64.1,74.5,84.7,85.8,64.1
GreatBasin,8/25/2017,63.1,74.4,86.9,87,64.3
GreatBasin,8/26/2017,65.6,76.9,89.5,89.4,65.2
GreatBasin,8/27/2017,66.9,78.6,91.7,91.4,67.1
GreatBasin,8/28/2017,68.7,80.3,92.9,92.3,68.4
GreatBasin,8/29/2017,69.6,80.8,92.3,91.9,69.5
GreatBasin,8/30/2017,70.2,80,90.5,90.1,68.7
GreatBasin,8/31/2017,66.2,75.7,87.6,88.2,66.7
GreatBasin,9/1/2017,63.7,74.4,86.6,88.3,65.2
GreatBasin,9/2/2017,65.8,77.1,90.6,89.4,65.7
GreatBasin,9/3/2017,67.7,79.2,91,90.5,67
GreatBasin,9/4/2017,67.5,78.8,89.8,89.8,67
GreatBasin,9/5/2017,65.7,76.8,88.5,88.4,66.3
GreatBasin,9/6/2017,65.8,76.1,86.9,87,65.6
GreatBasin,9/7/2017,65.2,75.3,85.6,85.4,65.1
GreatBasin,9/8/2017,64.3,73.5,83.6,82.8,63.8
GreatBasin,9/9/2017,61.8,70.8,79.3,81.6,62.3
GreatBasin,9/10/2017,60.7,70.4,81.8,82.3,61.7
GreatBasin,9/11/2017,62.7,73,85.8,84.5,62.9
GreatBasin,9/12/2017,65.4,75.4,85.8,85.3,64.1
GreatBasin,9/13/2017,64.2,73.8,84.2,83.5,63
GreatBasin,9/14/2017,59.4,68.1,80.6,78.1,58.4
GreatBasin,9/15/2017,51.5,59,69.4,71.9,52.5
GreatBasin,9/16/2017,46.5,55.7,65.6,69,49
GreatBasin,9/17/2017,49.1,58.7,71.9,70.3,49.7
GreatBasin,9/18/2017,53.6,62.6,73.5,72.1,50.9
GreatBasin,9/19/2017,49.9,58.4,70.8,70.6,50.2
GreatBasin,9/20/2017,47,55.9,67.6,68.3,48.1
GreatBasin,9/21/2017,47.4,55.4,66.5,63.6,44.9
GreatBasin,9/22/2017,40.3,47.8,56.7,59.8,42.2
GreatBasin,9/23/2017,38.8,46.8,56.1,56.1,39.3
GreatBasin,9/24/2017,38.7,46.4,55.6,57.2,39.3
GreatBasin,9/25/2017,40.3,48.9,60,60,40.8
GreatBasin,9/26/2017,43.3,52.2,64.3,63.9,43.4
GreatBasin,9/27/2017,46.5,55.6,67.5,67,46.2
GreatBasin,9/28/2017,48.8,57.8,69.1,69.2,48.4
GreatBasin,9/29/2017,50,59.5,71.1,69.8,50.3
GreatBasin,9/30/2017,52.1,60.1,69.3,68.8,49.5
GreatBasin,10/1/2017,46.4,54.8,66,64.6,46
GreatBasin,10/2/2017,39.4,47.9,58.4,60.9,40.8
GreatBasin,10/3/2017,36.7,45.5,58.4,59.4,39.4
GreatBasin,10/4/2017,42,50.3,61.4,60.9,40.4
GreatBasin,10/5/2017,42.6,51.7,63,62.7,42.8
GreatBasin,10/6/2017,43.8,52.8,63.7,65.1,44.5
GreatBasin,10/7/2017,47,55.7,68.6,66.1,45.4
GreatBasin,10/8/2017,45.3,53.6,65.9,63.4,42.6
GreatBasin,10/9/2017,35.5,44.6,55.7,61,39.7
GreatBasin,10/10/2017,38.2,46.9,61.4,60.5,39.4
GreatBasin,10/11/2017,44.5,52.4,64.3,62.3,40.9
GreatBasin,10/12/2017,39.9,49.4,61.2,61.3,41.5
GreatBasin,10/13/2017,40,48,58.4,58.2,38.9
GreatBasin,10/14/2017,36.7,45.5,54.9,57.7,37.5
GreatBasin,10/15/2017,35.7,44.4,59.8,60.2,38.3
GreatBasin,10/16/2017,42.6,51.5,65.9,64.8,41.7
GreatBasin,10/17/2017,46.7,55.8,68.7,67.4,45.9
GreatBasin,10/18/2017,48.4,57,67.7,68.8,48.4
GreatBasin,10/19/2017,50.2,58.3,70.1,67.8,49
GreatBasin,10/20/2017,48.3,54.8,65.6,62.3,44.3
GreatBasin,10/21/2017,34.5,42.7,51.2,59.4,41.6
GreatBasin,10/22/2017,42,48.3,61.5,58.7,40.8
GreatBasin,10/23/2017,45.8,53.5,63.4,63.2,43.9
GreatBasin,10/24/2017,44,52.9,64.7,64.8,45.2
GreatBasin,10/25/2017,45.7,54.4,66.2,64.3,44.7
GreatBasin,10/26/2017,44.5,53.4,61.9,63.2,44
GreatBasin,10/27/2017,41.9,50.5,61.5,62.6,43.8
GreatBasin,10/28/2017,44.9,53,64.5,63.2,44.2
GreatBasin,10/29/2017,45.8,53.9,63.5,62.4,44.7
GreatBasin,10/30/2017,43.5,51.3,59.1,59.2,42.6
GreatBasin,10/31/2017,38.4,46.3,55,57.6,41.2
GreatBasin,11/1/2017,41.7,48.2,58.8,56.7,40.3
GreatBasin,11/2/2017,40.8,47.5,56.3,55.8,41
GreatBasin,11/3/2017,40.4,46.1,52.3,52.9,40.2
GreatBasin,11/4/2017,39.4,44.5,50.2,50.2,38.6
GreatBasin,11/5/2017,35.9,41.3,48.2,48.2,36.4
GreatBasin,11/6/2017,33.9,39.4,46.1,46.5,33.4
GreatBasin,11/7/2017,30.4,36.8,45.2,45.9,31.4
GreatBasin,11/8/2017,30,36.4,46.4,48.3,32.2
GreatBasin,11/9/2017,36.3,41.7,53.3,51.2,35
GreatBasin,11/10/2017,38.8,45,53.8,52.9,37.7
GreatBasin,11/11/2017,37.9,44.1,51.6,52.8,37.5
GreatBasin,11/12/2017,35.7,42.6,53.1,53.7,37.7
GreatBasin,11/13/2017,39.4,45.9,56.3,53.8,38.7
GreatBasin,11/14/2017,40.9,46.2,52.1,53.7,39
GreatBasin,11/15/2017,36.7,42.9,52.6,53.2,40.6
GreatBasin,11/16/2017,44.1,47.6,55,52.8,40.6
GreatBasin,11/17/2017,41,45,50.9,49.2,37.4
GreatBasin,11/18/2017,27,34.1,41.7,45.9,32.6
GreatBasin,11/19/2017,29.7,34.8,45.2,45,30.9
GreatBasin,11/20/2017,35.9,39.7,48,49.5,35.5
GreatBasin,11/21/2017,40.8,45.2,55.3,54.3,40.6
GreatBasin,11/22/2017,45,50.1,59.6,58.6,44
GreatBasin,11/23/2017,46.3,52.1,61,58.9,45.4
GreatBasin,11/24/2017,45,51,56,57.8,44.1
GreatBasin,11/25/2017,41.1,47.2,56.5,57.8,44
GreatBasin,11/26/2017,45.9,50.6,61,57.7,44.3
GreatBasin,11/27/2017,45.8,49.9,55.6,53.9,40.9
GreatBasin,11/28/2017,31,37.2,45,48.6,36.9
GreatBasin,11/29/2017,33.8,38.4,45.3,45.6,32.3
GreatBasin,11/30/2017,32.2,37.6,46.6,46.7,33.5
GreatBasin,12/1/2017,34.6,39.9,48.1,48.3,34.2
GreatBasin,12/2/2017,35.9,41,50.1,49,36.7
GreatBasin,12/3/2017,39.7,43,48.7,46.4,33.4
GreatBasin,12/4/2017,24.5,31.1,40.5,41.7,28.7
GreatBasin,12/5/2017,21.8,26.9,35.9,37.7,23.1
GreatBasin,12/6/2017,23.1,28.3,36.7,37.1,23
GreatBasin,12/7/2017,24.1,29.3,38.7,39.1,24.8
GreatBasin,12/8/2017,27.2,32.2,41.9,41.1,26.4
GreatBasin,12/9/2017,27.8,33.5,42.8,42.8,27.8
GreatBasin,12/10/2017,28.4,34.4,43.6,43.3,28.2
GreatBasin,12/11/2017,28.4,34.6,43.4,44.2,29.4
GreatBasin,12/12/2017,31.3,36.3,45.6,44.2,30.2
GreatBasin,12/13/2017,30.9,36.4,43.7,43.4,30.3
GreatBasin,12/14/2017,28.6,34.6,41,42.4,29.4
GreatBasin,12/15/2017,28.7,33.5,42.5,40.4,28.9
GreatBasin,12/16/2017,29.4,34.1,37.8,38.4,27.2
GreatBasin,12/17/2017,23.4,28.5,35,37.8,26.6
GreatBasin,12/18/2017,26.9,31.1,40.7,39.7,26.7
GreatBasin,12/19/2017,29.7,35,43.5,41.5,29.6
GreatBasin,12/20/2017,32.1,36.3,40.4,39.2,26.8
GreatBasin,12/21/2017,18.6,25.2,33.6,35.7,23.3
GreatBasin,12/22/2017,19.1,23.7,33,34.5,21.2
GreatBasin,12/23/2017,25.9,29.3,36.8,34.9,21.8
GreatBasin,12/24/2017,20.4,26.4,34.9,36.7,24.4
GreatBasin,12/25/2017,27,30.7,38.5,37.3,24.3
GreatBasin,12/26/2017,25.6,30.9,38.5,39.7,26.9
GreatBasin,12/27/2017,28.2,32.4,42,41.3,27.9
GreatBasin,12/28/2017,30,35.2,43.4,43.4,30.3
GreatBasin,12/29/2017,32.8,37.2,44.9,44.6,32.4
GreatBasin,12/30/2017,34.3,38,45.5,43.6,31.4
GreatBasin,12/31/2017,27.2,33.4,40.3,42,29.3
GreatBasin,1/1/2018,26.3,31.4,40.3,40.6,26.7
GreatBasin,1/2/2018,26.7,32.6,41.1,41,26.9
GreatBasin,1/3/2018,27.8,32.9,41.7,41.8,27.9
GreatBasin,1/4/2018,29.3,34.6,42.7,43.7,30.4
GreatBasin,1/5/2018,34,37.9,46.6,44.8,33.4
GreatBasin,1/6/2018,36.8,40,45,45,34.3
GreatBasin,1/7/2018,32.2,37.7,43.4,43.9,34.2
GreatBasin,1/8/2018,33.6,36.8,43.3,43.5,34.4
GreatBasin,1/9/2018,37.4,39.4,43.9,43.1,34.8
GreatBasin,1/10/2018,33.3,37.3,42,42.1,33.3
GreatBasin,1/11/2018,29.1,32.8,40.3,41.7,31.6
GreatBasin,1/12/2018,32.5,36.4,42.9,42.9,31.6
GreatBasin,1/13/2018,33.3,37.4,45.6,44.5,33.1
GreatBasin,1/14/2018,33.6,38.4,45,44.6,32.7
GreatBasin,1/15/2018,31.2,36.6,43.1,43.8,31.7
GreatBasin,1/16/2018,30.3,35.5,43.2,44.1,31.3
GreatBasin,1/17/2018,32.3,37.4,45.9,45.8,32.9
GreatBasin,1/18/2018,36,40.2,48.2,46.5,35.1
GreatBasin,1/19/2018,37.1,41.3,45.3,44.8,33.6
GreatBasin,1/20/2018,27.7,33.1,40.8,39.8,29
GreatBasin,1/21/2018,22.1,26.8,33.4,36.4,24.3
GreatBasin,1/22/2018,23,26.9,34.9,35.5,23.5
GreatBasin,1/23/2018,25.4,30.1,38.1,38.3,25.5
GreatBasin,1/24/2018,28.2,32.6,42,40.5,28.6
GreatBasin,1/25/2018,32.1,35.8,41.5,40.2,28.3
GreatBasin,1/26/2018,24.6,30.6,37.2,39,27.4
GreatBasin,1/27/2018,25.5,29.8,38.2,40.1,27.4
GreatBasin,1/28/2018,32.1,35.9,44.9,43.7,30.7
GreatBasin,1/29/2018,34.6,39.2,47.9,47.4,34.8
GreatBasin,1/30/2018,37.6,42,49.5,48,35.9
GreatBasin,1/31/2018,35.4,40.6,46.6,47.9,35.6
GreatBasin,2/1/2018,33.8,39,47.5,48.4,35.5
GreatBasin,2/2/2018,37.3,42,51.1,49.4,36.6
GreatBasin,2/3/2018,38.6,43.7,49.7,50.4,37.4
GreatBasin,2/4/2018,36.3,41.9,50.3,49.7,37.3
GreatBasin,2/5/2018,37.1,43.3,49.1,48.8,35.8
GreatBasin,2/6/2018,34.1,39.5,47,47.9,34.4
GreatBasin,2/7/2018,32,37.5,47.6,48.6,34.3
GreatBasin,2/8/2018,36.9,42.2,51.2,49.4,34.9
GreatBasin,2/9/2018,35.9,42.2,49.3,49,35
GreatBasin,2/10/2018,32.1,37.8,46.6,44.9,30.4
GreatBasin,2/11/2018,23.2,30.2,38.8,41.1,26.8
GreatBasin,2/12/2018,25.2,30.8,37.8,38.8,24.6
GreatBasin,2/13/2018,25.3,30.4,39.8,40.2,26.9
GreatBasin,2/14/2018,30.1,35,43.1,41.2,27.5
GreatBasin,2/15/2018,27,32.2,40.8,41.1,26.7
GreatBasin,2/16/2018,23,29.1,39.3,41.8,26.3
GreatBasin,2/17/2018,28.9,35,45.3,42.9,28
GreatBasin,2/18/2018,32.2,37.7,44.2,42.6,27.2
GreatBasin,2/19/2018,20.5,26.3,38.2,35.6,20.8
GreatBasin,2/20/2018,9.7,16.8,24.3,30.9,14.2
GreatBasin,2/21/2018,12.5,18.6,30.2,28.5,12.9
GreatBasin,2/22/2018,16.6,22.4,31,30.1,15
GreatBasin,2/23/2018,15.9,21.9,29.1,30.1,15.7
GreatBasin,2/24/2018,14.5,20.5,30.2,31.1,16
GreatBasin,2/25/2018,17.5,24.4,33.9,34.1,18.7
GreatBasin,2/26/2018,24.1,29.2,38.3,36.2,21.3
GreatBasin,2/27/2018,22.4,28.7,36.4,37.1,22.3
GreatBasin,2/28/2018,20.3,26.9,36.7,37.9,22.6
GreatBasin,3/1/2018,25.1,30.6,40.7,40,25.1
GreatBasin,3/2/2018,29.8,35.2,42.7,41.8,27.6
GreatBasin,3/3/2018,27.8,33.6,42,41.5,26.9
GreatBasin,3/4/2018,23.2,30.2,39.9,39.5,23.6
GreatBasin,3/5/2018,19.8,26.7,36.5,38.8,21.3
GreatBasin,3/6/2018,20.9,28.5,40,40.1,22
GreatBasin,3/7/2018,25.2,32.3,43.9,44.3,26
GreatBasin,3/8/2018,31.8,38.4,48.9,47.7,31
GreatBasin,3/9/2018,36,42.1,50.2,49.4,34.1
GreatBasin,3/10/2018,34.6,41.8,49,49.4,35.1
GreatBasin,3/11/2018,34.7,40.3,48.9,50.2,34.9
GreatBasin,3/12/2018,35.4,42.6,52.8,52.3,35.9
GreatBasin,3/13/2018,37.7,45.2,55.2,53.9,38
GreatBasin,3/14/2018,41,46.5,53.8,52.7,37.3
GreatBasin,3/15/2018,33.3,39.1,49.2,49.2,34.5
GreatBasin,3/16/2018,29.3,35.9,44.5,45.6,31
GreatBasin,3/17/2018,30.5,36.2,43.2,42.5,28.9
GreatBasin,3/18/2018,26.9,33,39.8,42.2,28.3
GreatBasin,3/19/2018,27.6,34.1,43.6,43.5,28.6
GreatBasin,3/20/2018,31.4,37.5,47.2,48,31.8
GreatBasin,3/21/2018,36.3,42.6,53.2,50.9,36.8
GreatBasin,3/22/2018,42.8,47.1,52.4,52.1,38.7
GreatBasin,3/23/2018,36.9,44,50.8,51,38.8
GreatBasin,3/24/2018,36.7,42.8,49.9,49.4,35.2
GreatBasin,3/25/2018,32,38.3,47.4,46.7,32.2
GreatBasin,3/26/2018,27.8,34.9,42.8,45.9,29.7
GreatBasin,3/27/2018,29.3,36.6,47.4,47.5,31.1
GreatBasin,3/28/2018,36.3,42.5,52.3,51.3,34.1
GreatBasin,3/29/2018,36.7,44.5,54.1,55.3,37.5
GreatBasin,3/30/2018,39.5,47.8,59.4,57.6,39.3
GreatBasin,3/31/2018,41.8,49.9,59.4,59.7,41
GreatBasin,4/1/2018,41.6,50.1,60.3,59.6,42
GreatBasin,4/2/2018,42.5,49.2,59.2,56.5,37.7
GreatBasin,4/3/2018,29,39.2,50.1,55.4,37
GreatBasin,4/4/2018,39.4,45.9,57,55.6,37
GreatBasin,4/5/2018,42.6,50.3,59.6,58.1,41.8
GreatBasin,4/6/2018,43.5,49.7,57.8,59.1,43.8
GreatBasin,4/7/2018,45.2,51.1,59.9,58.9,43
GreatBasin,4/8/2018,40.3,48.6,58.9,59.1,41.4
GreatBasin,4/9/2018,38.6,47.4,58.5,61.3,40.4
GreatBasin,4/10/2018,42.3,52.2,66.5,63.6,42.9
GreatBasin,4/11/2018,47.9,56.8,65.7,65.1,43.7
GreatBasin,4/12/2018,41,48.6,63.2,58.8,39.5
GreatBasin,4/13/2018,29.6,37.6,47.4,55.4,35.1
GreatBasin,4/14/2018,34.6,42.8,55.6,55.4,35.2
GreatBasin,4/15/2018,41.4,50.2,63.1,60.3,39.9
GreatBasin,4/16/2018,43.6,51.8,62.1,59.3,38.8
GreatBasin,4/17/2018,31.3,39.8,52.7,56.4,35.6
GreatBasin,4/18/2018,31.9,40.9,54.5,54.5,33.9
GreatBasin,4/19/2018,38.4,46.8,56.4,56.7,36.2
GreatBasin,4/20/2018,38.2,47.5,59.3,60.3,39.9
GreatBasin,4/21/2018,43.2,52.9,65.2,64.3,42.5
GreatBasin,4/22/2018,46,56.4,68.3,66.9,44.9
GreatBasin,4/23/2018,45.6,56.3,67.3,66.9,45
GreatBasin,4/24/2018,43.4,54,65,67.5,44.7
GreatBasin,4/25/2018,45.1,56.6,70.2,69.3,46.1
GreatBasin,4/26/2018,49.7,60.7,72.8,72.8,48.5
GreatBasin,4/27/2018,50.6,62.7,75.4,74,50.3
GreatBasin,4/28/2018,50.7,61.6,73.8,72.2,48.9
GreatBasin,4/29/2018,45.4,55,67.4,66.8,45.2
GreatBasin,4/30/2018,39.6,48.3,59.2,60.8,41.2
GreatBasin,5/1/2018,38.6,47.3,55.9,56.7,39.1
GreatBasin,5/2/2018,39.1,47.1,55,58.6,39.8
GreatBasin,5/3/2018,41.8,51.4,64.9,63.8,42.9
GreatBasin,5/4/2018,47.9,58.5,71.4,70.4,47.6
GreatBasin,5/5/2018,53,63.5,74.9,75.1,52.2
GreatBasin,5/6/2018,55.6,66.5,79.1,77.3,55
GreatBasin,5/7/2018,56.4,67,77.9,78.4,55.6
GreatBasin,5/8/2018,54.8,66.2,78.3,78.3,56.8
GreatBasin,5/9/2018,59.1,68.8,78.6,78,56.3
GreatBasin,5/10/2018,55,65.7,77.1,75.6,54.7
GreatBasin,5/11/2018,50,58.6,71.1,70,49.4
GreatBasin,5/12/2018,43.3,51.7,61.9,65.9,46
GreatBasin,5/13/2018,44.7,53.7,64.6,64.7,45
GreatBasin,5/14/2018,47,56.9,67.5,67.8,46.8
GreatBasin,5/15/2018,48.8,59.8,71.2,70.4,49.3
GreatBasin,5/16/2018,52,62.4,72.4,71.5,50.7
GreatBasin,5/17/2018,51.2,61.4,71,70.7,50.9
GreatBasin,5/18/2018,49.6,59.4,68.6,70,50.3
GreatBasin,5/19/2018,50,59.9,70.3,70.5,50.2
GreatBasin,5/20/2018,51.1,61.8,72.6,71.5,51.3
GreatBasin,5/21/2018,52.7,62.6,71.7,71.4,52.3
GreatBasin,5/22/2018,53.1,62.3,69.9,71,52.7
GreatBasin,5/23/2018,52.3,62.1,71.3,72.8,53.1
GreatBasin,5/24/2018,53.9,64.8,77.1,75.1,53.9
GreatBasin,5/25/2018,55.4,66.8,76.9,76.6,54.2
GreatBasin,5/26/2018,53.2,63.8,75.7,74.2,53.2
GreatBasin,5/27/2018,50.9,60.8,70.1,73,52.3
GreatBasin,5/28/2018,52.7,62.6,73.1,73.4,52.8
GreatBasin,5/29/2018,54.9,65.6,76.9,76,54.7
GreatBasin,5/30/2018,56.4,67.9,78,77.1,55.3
GreatBasin,5/31/2018,54.7,65.7,76.3,75.6,53.6
GreatBasin,6/1/2018,49.8,60.1,72.4,75.7,52
GreatBasin,6/2/2018,51.5,63.7,78.3,78.2,53
GreatBasin,6/3/2018,57.6,70.3,83.9,82.7,56.9
GreatBasin,6/4/2018,61.7,73.9,85.9,84.8,60
GreatBasin,6/5/2018,60.7,72.7,84.6,84.7,60.5
GreatBasin,6/6/2018,59,71.6,83.5,83.4,59.9
GreatBasin,6/7/2018,60,71.9,82.2,82.9,59.5
GreatBasin,6/8/2018,59.6,71.5,83.1,83,60.1
GreatBasin,6/9/2018,60.8,72.9,83.6,82.6,57.2
GreatBasin,6/10/2018,51.3,63.5,81.2,80.4,54.6
GreatBasin,6/11/2018,51.7,62.9,76.4,79.7,52.5
GreatBasin,6/12/2018,54.6,67.3,81.4,82.1,55.7
GreatBasin,6/13/2018,60.9,73.8,88.5,85.7,59.6
GreatBasin,6/14/2018,63.4,75.1,87.3,86.1,61.4
GreatBasin,6/15/2018,60,71.4,82.6,83,59.9
GreatBasin,6/16/2018,56.4,67,79,78.7,57.1
GreatBasin,6/17/2018,54.9,65.1,74.6,75.8,54.5
GreatBasin,6/18/2018,52.3,62.6,73.7,74.8,54
GreatBasin,6/19/2018,54.8,64.8,76,77.3,55.1
GreatBasin,6/20/2018,58.1,69.4,82.2,81.5,58.3
GreatBasin,6/21/2018,62.1,74.1,86.3,84.6,60.5
GreatBasin,6/22/2018,61.3,73.4,85.2,85,61.7
GreatBasin,6/23/2018,61.6,73.2,83.5,83.3,60.3
GreatBasin,6/24/2018,58.1,70,81.2,84.1,60.3
GreatBasin,6/25/2018,61.2,73.6,87.6,85.3,61
GreatBasin,6/26/2018,63.8,75.9,87.2,88,62.6
GreatBasin,6/27/2018,62.9,76,89.3,88.3,63.8
GreatBasin,6/28/2018,64.6,76.5,88.3,87.2,61.7
GreatBasin,6/29/2018,57.7,69.5,83.9,83.8,59.7
GreatBasin,6/30/2018,56.9,68.2,79.2,82.2,57.9
GreatBasin,7/1/2018,59,71,83.6,82.9,59.4
GreatBasin,7/2/2018,62.4,74.3,85.8,84.7,60.6
GreatBasin,7/3/2018,60.3,72.2,84.7,85.5,60.3
GreatBasin,7/4/2018,58.2,71.2,86,87.3,60.8
GreatBasin,7/5/2018,63.8,76.9,91.1,90.2,63.4
GreatBasin,7/6/2018,68.3,80.9,93.4,92.1,67.7
GreatBasin,7/7/2018,70.9,81.5,91.9,91.8,69.7
GreatBasin,7/8/2018,69.8,80.2,90.1,90.8,69.9
GreatBasin,7/9/2018,69,80.1,90.4,90.1,69.2
GreatBasin,7/10/2018,68.8,79.6,89.8,88.8,68
GreatBasin,7/11/2018,66.3,76.3,86.1,87.5,66.9
GreatBasin,7/12/2018,65.6,76.1,86.6,87,66.2
GreatBasin,7/13/2018,66.8,77.4,88.3,87.5,67.5
GreatBasin,7/14/2018,70.1,79.7,87.6,88.4,68
GreatBasin,7/15/2018,67,78.1,89.4,89.3,68.9
GreatBasin,7/16/2018,69.7,80.1,90.9,90.2,68.6
GreatBasin,7/17/2018,69.2,80,90.3,90.9,69.4
GreatBasin,7/18/2018,69.3,80.6,91.4,91,69.1
GreatBasin,7/19/2018,68.7,80.2,91.2,91.2,69
GreatBasin,7/20/2018,69,80.4,91,90.7,69.1
GreatBasin,7/21/2018,69.6,80.3,89.9,89.5,68.5
GreatBasin,7/22/2018,66.9,77.2,87.6,89.5,67.9
GreatBasin,7/23/2018,67.1,78.6,90.9,90.8,67.8
GreatBasin,7/24/2018,69.5,81.5,93.9,92.5,69.1
GreatBasin,7/25/2018,70.6,81.9,92.7,93,69.9
GreatBasin,7/26/2018,69.7,81.4,92.5,92.2,69.8
GreatBasin,7/27/2018,69.2,80.7,91.4,91.7,69.1
GreatBasin,7/28/2018,68.4,80,91.3,91,68.3
GreatBasin,7/29/2018,67.3,79.3,90.4,91.2,67.8
GreatBasin,7/30/2018,67.7,79.7,92,91.8,68.3
GreatBasin,7/31/2018,70,81.6,93.1,92.2,69.6
GreatBasin,8/1/2018,71,81.6,91.6,91.5,70.1
GreatBasin,8/2/2018,69.2,80.2,89.9,89.7,68.9
GreatBasin,8/3/2018,66.5,77.3,87.6,88.3,66.9
GreatBasin,8/4/2018,64.9,76.5,87.5,87.2,65.3
GreatBasin,8/5/2018,64.5,75.4,86.4,87.4,64.3
GreatBasin,8/6/2018,63.5,75.2,88.2,88.4,64.6
GreatBasin,8/7/2018,65.9,77.9,90.6,90.2,65.6
GreatBasin,8/8/2018,67.5,79.4,91.7,92,67.5
GreatBasin,8/9/2018,69.2,81.1,93.8,93.4,68.9
GreatBasin,8/10/2018,70.1,82.3,94.6,94.1,70.1
GreatBasin,8/11/2018,70.9,82.5,94,93.6,69.9
GreatBasin,8/12/2018,68.7,79.9,92.1,91.4,68.9
GreatBasin,8/13/2018,67,77.8,88.2,89.1,67.2
GreatBasin,8/14/2018,65.9,76.8,87.1,87.4,66.6
GreatBasin,8/15/2018,66.9,77.1,86.8,87.2,66.7
GreatBasin,8/16/2018,67.3,77.1,87.7,87.6,67.1
GreatBasin,8/17/2018,67,77.6,88.3,87.6,66.6
GreatBasin,8/18/2018,65.4,76.2,86.7,87.5,65.4
GreatBasin,8/19/2018,63.9,75.3,87.4,87,64.5
GreatBasin,8/20/2018,64.1,76,87,86.4,63.3
GreatBasin,8/21/2018,62,72.8,84.9,85.1,62.4
GreatBasin,8/22/2018,61,71.9,83.3,84.2,61.4
GreatBasin,8/23/2018,61.3,72.6,84.4,84,61.3
GreatBasin,8/24/2018,61.7,73.2,84.3,84.1,60.8
GreatBasin,8/25/2018,59.4,71.5,83.5,83.5,60.4
GreatBasin,8/26/2018,60.1,71.3,82.7,82,59
GreatBasin,8/27/2018,57.5,67.2,79.8,79.5,56.5
GreatBasin,8/28/2018,51.9,63.3,76,79.5,55.3
GreatBasin,8/29/2018,56.5,67.7,82.6,80.9,56.6
GreatBasin,8/30/2018,61.3,72.2,84.2,83.2,59
GreatBasin,8/31/2018,59.3,70.7,82.7,82.3,59.3
GreatBasin,9/1/2018,57.3,68.5,80,81.4,58.1
GreatBasin,9/2/2018,57.8,69.2,81.6,81.4,58.2
GreatBasin,9/3/2018,59.6,70.6,82.6,81.7,58.8
GreatBasin,9/4/2018,59,70,80.8,82.3,59.4
GreatBasin,9/5/2018,59.7,70.7,83.4,83,60.2
GreatBasin,9/6/2018,61.9,72.9,84.7,84.8,61.4
GreatBasin,9/7/2018,62.5,73.9,86.4,85.8,62.7
GreatBasin,9/8/2018,63.7,74.9,86.3,85.6,62.2
GreatBasin,9/9/2018,60.5,72.3,84.1,85,61.6
GreatBasin,9/10/2018,60.5,72,84.5,83.7,60
GreatBasin,9/11/2018,59,70.4,82.6,82.3,58.8
GreatBasin,9/12/2018,56.8,67.8,79.9,79.4,56.6
GreatBasin,9/13/2018,54,65,75.7,78.3,55
GreatBasin,9/14/2018,54.2,65.2,79.3,79.1,55.4
GreatBasin,9/15/2018,58.1,69.1,82.4,80.7,56.7
GreatBasin,9/16/2018,57.8,68.7,80.3,81,57.3
GreatBasin,9/17/2018,56.1,67.4,80.3,80.3,56.8
GreatBasin,9/18/2018,56.6,67.8,80.3,79.6,55.9
GreatBasin,9/19/2018,54.9,65.7,78.1,77.1,54.3
GreatBasin,9/20/2018,51.5,61.7,73,76.3,52.8
GreatBasin,9/21/2018,52,63,77.8,77.1,53.6
GreatBasin,9/22/2018,57.2,67.7,80.6,78.8,55.6
GreatBasin,9/23/2018,57.6,67,78.1,77.4,55.4
GreatBasin,9/24/2018,51.3,61.8,73.6,74.2,52.6
GreatBasin,9/25/2018,48.9,59.2,70.9,72.9,50
GreatBasin,9/26/2018,49.8,60.5,74.1,73.8,50.7
GreatBasin,9/27/2018,53.4,63.5,76.5,76.1,52.6
GreatBasin,9/28/2018,54.6,64.8,77.7,76.7,54.8
GreatBasin,9/29/2018,56.5,65.6,76,75.6,54.9
GreatBasin,9/30/2018,53.5,62.4,73,73.9,54
GreatBasin,10/1/2018,51.9,61,72.7,71.7,54
GreatBasin,10/2/2018,56.6,62.5,69.5,69.6,53.6
GreatBasin,10/3/2018,52.2,59.4,66.6,66.5,53.1
GreatBasin,10/4/2018,50.6,55.8,63.5,63.3,49.1
GreatBasin,10/5/2018,44.5,51.9,59.7,60.4,46.9
GreatBasin,10/6/2018,45.6,51.4,57.9,57.6,43.9
GreatBasin,10/7/2018,41.5,47.8,55.3,56.4,42.5
GreatBasin,10/8/2018,40.3,47.2,56,55.6,40.9
GreatBasin,10/9/2018,41,47.6,55.5,54.8,40.3
GreatBasin,10/10/2018,39.7,45.8,52.8,54.4,39.9
GreatBasin,10/11/2018,39,45.8,54.9,55.5,39.4
GreatBasin,10/12/2018,39.5,47.4,58.7,56.8,40
GreatBasin,10/13/2018,41.5,48.9,56.7,56.3,38.6
GreatBasin,10/14/2018,34.9,42.7,53.6,53.6,35.7
GreatBasin,10/15/2018,30.8,38.7,50.5,53.4,34
GreatBasin,10/16/2018,36.2,43.7,56.1,55.3,35.9
GreatBasin,10/17/2018,40.7,48.4,59.4,58.7,39.5
GreatBasin,10/18/2018,41.7,49.9,60.7,61,41.9
GreatBasin,10/19/2018,43.3,51.5,62.9,63.3,43.4
GreatBasin,10/20/2018,45.2,54,66.3,64.8,45.3
GreatBasin,10/21/2018,47.4,55.4,65.1,64.6,46.4
GreatBasin,10/22/2018,46.6,54.2,62.5,63.6,46.9
GreatBasin,10/23/2018,46.6,53.9,63.2,63.1,46.5
GreatBasin,10/24/2018,46.4,54,63.7,63.1,46.3
GreatBasin,10/25/2018,46,53.5,62.3,63.3,46
GreatBasin,10/26/2018,45.5,53,64,64.1,46.6
GreatBasin,10/27/2018,48.3,55.7,65.9,65.7,47.3
GreatBasin,10/28/2018,48.2,56.4,67.2,65.1,47.9
GreatBasin,10/29/2018,47.3,54.2,62.3,61.4,44.7
GreatBasin,10/30/2018,38.5,45.9,54.8,55.3,40
GreatBasin,10/31/2018,34.3,41.1,48.8,52.7,37.8
GreatBasin,11/1/2018,40.7,45.2,54.6,54.3,39.5
GreatBasin,11/2/2018,43.4,49.6,59.4,56.6,41.6
GreatBasin,11/3/2018,40.7,47.9,55.7,56.7,41.7
GreatBasin,11/4/2018,40.9,46.3,55.1,54.4,40.2
GreatBasin,11/5/2018,39.1,45.6,52.3,52.5,38.8
GreatBasin,11/6/2018,36.3,42.5,50,50.2,36.4
GreatBasin,11/7/2018,33.8,40.4,48.4,47.3,33.3
GreatBasin,11/8/2018,29.8,36.7,43.6,45.5,29.9
GreatBasin,11/9/2018,26.2,33.4,44.4,44.8,29.3
GreatBasin,11/10/2018,31.9,37.4,46.5,43.9,28.6
GreatBasin,11/11/2018,27.7,34.4,40.8,42.3,28
GreatBasin,11/12/2018,24.3,30.8,39.5,41.2,26.2
GreatBasin,11/13/2018,26.6,32.6,43.3,43.9,27.9
GreatBasin,11/14/2018,32.9,38.3,49,47.6,31.5
GreatBasin,11/15/2018,35.1,41.3,50.6,49.8,34.8
GreatBasin,11/16/2018,36.4,42,49.9,49,34.9
GreatBasin,11/17/2018,33.1,39.4,46.5,47,32.9
GreatBasin,11/18/2018,29.3,36.1,44.6,45.3,30.4
GreatBasin,11/19/2018,28.8,35.4,44.9,45.7,29.7
GreatBasin,11/20/2018,31.1,37.2,47.6,47.2,30.9
GreatBasin,11/21/2018,32.8,39.1,49.2,47.6,33.7
GreatBasin,11/22/2018,37.3,41.3,45.9,46.7,34.9
GreatBasin,11/23/2018,34.6,38.9,44.9,44.2,35.6
GreatBasin,11/24/2018,35,38.5,41.7,41.9,32
GreatBasin,11/25/2018,26.5,32.3,39.1,40.7,29.4
GreatBasin,11/26/2018,26.6,32,41.2,41.6,28.5
GreatBasin,11/27/2018,32.4,36.1,44.5,43.6,31.6
GreatBasin,11/28/2018,35.9,39.7,45,44.2,34.1
GreatBasin,11/29/2018,33.9,37.8,43,42.7,34.2
GreatBasin,11/30/2018,32.7,35.7,40,39.9,31.4
GreatBasin,12/1/2018,27.5,31.9,36.6,36.7,28.4
GreatBasin,12/2/2018,25,29,33.4,33.9,24.5
GreatBasin,12/3/2018,21,25.4,31.6,32,21.9
GreatBasin,12/4/2018,19.6,23.8,31.1,31.3,20.2
GreatBasin,12/5/2018,20,23.8,31.1,30.9,20.3
GreatBasin,12/6/2018,21.2,24.8,30.4,32.1,21.8
GreatBasin,12/7/2018,24.2,27.2,34.8,33.7,23.8
GreatBasin,12/8/2018,25.9,29.3,35.9,35.7,25.1
GreatBasin,12/9/2018,25.2,29.4,36.3,36.5,26
GreatBasin,12/10/2018,26.8,30.2,37.2,36.9,26.2
GreatBasin,12/11/2018,26.7,31.1,37.1,37.4,27.8
GreatBasin,12/12/2018,29.9,32.4,37.9,36.7,26.5
GreatBasin,12/13/2018,23,28,35.1,36.9,26.1
GreatBasin,12/14/2018,25.5,29.4,37.6,38.3,26.4
GreatBasin,12/15/2018,30.6,34.7,42.1,41.3,29.1
GreatBasin,12/16/2018,31.3,35.8,44.1,43.4,32.2
GreatBasin,12/17/2018,34.8,38.3,43.9,43.5,32.8
GreatBasin,12/18/2018,32.3,36.5,42.4,43,33.6
GreatBasin,12/19/2018,33.7,37.6,42.8,42.9,32.4
GreatBasin,12/20/2018,31.2,35.8,43.5,42.9,33.4
GreatBasin,12/21/2018,35.2,38.1,42.3,41.3,31.3
GreatBasin,12/22/2018,27.4,33,38.1,39.7,30.1
GreatBasin,12/23/2018,27.7,31.1,38.8,39,28.7
GreatBasin,12/24/2018,31,34.5,40.2,38.5,29.5
GreatBasin,12/25/2018,29.8,33.1,36.6,36.6,28.4
GreatBasin,12/26/2018,24.4,28.8,33,33,25.1
GreatBasin,12/27/2018,21,24.8,29.4,29.4,20.2
GreatBasin,12/28/2018,15.1,20.4,25.9,28.2,17.5
GreatBasin,12/29/2018,16.3,20,29.2,29.8,18.9
GreatBasin,12/30/2018,25.4,27.9,34.4,31.2,19.4
GreatBasin,12/31/2018,16.4,21.9,30.1,28.4,16.5
GreatBasin,1/1/2019,7.6,13.1,20.6,25,11.9
GreatBasin,1/2/2019,11.7,15.9,24.2,25.1,12.3
GreatBasin,1/3/2019,17.7,21,30.4,29.9,17.5
GreatBasin,1/4/2019,23.2,26.8,35.2,34.1,22
GreatBasin,1/5/2019,25,29.4,36.6,35.9,26.2
GreatBasin,1/6/2019,30.3,32.5,35.9,36.1,28
GreatBasin,1/7/2019,28.8,31.1,35.8,36.1,28.5
GreatBasin,1/8/2019,26.4,30.4,36.6,38.1,28.7
GreatBasin,1/9/2019,30.8,34,41.9,39.8,29.6
GreatBasin,1/10/2019,31.5,35.9,40.8,40.3,30.4
GreatBasin,1/11/2019,29,33.4,38.1,38.2,28.5
GreatBasin,1/12/2019,25.1,30,35.6,35.7,25.5
GreatBasin,1/13/2019,22.3,27.4,33.3,34.1,23.1
GreatBasin,1/14/2019,21.9,26.4,33.5,33.7,23.4
GreatBasin,1/15/2019,26,28.4,34.3,35.6,25.8
GreatBasin,1/16/2019,29.4,32.2,38.9,37.7,29.7
GreatBasin,1/17/2019,33.8,35.7,39.8,39,31.1
GreatBasin,1/18/2019,30,34.3,38.4,39.5,31
GreatBasin,1/19/2019,29.1,32.7,40.3,40.2,30.9
GreatBasin,1/20/2019,33.6,37.1,41.9,40.7,30.9
GreatBasin,1/21/2019,29.9,34.3,39.9,37.5,27.4
GreatBasin,1/22/2019,18.6,24.2,30.7,34.9,23.2
GreatBasin,1/23/2019,21,25.3,34.2,33.8,22.1
GreatBasin,1/24/2019,26.6,30.4,36.6,36.1,24.4
GreatBasin,1/25/2019,25.5,30.3,37.4,37.7,26.3
GreatBasin,1/26/2019,26.9,31.4,39.1,39.3,27.6
GreatBasin,1/27/2019,30.4,33.7,41.3,39.8,28.3
GreatBasin,1/28/2019,27.5,33.6,39.1,39.2,27.6
GreatBasin,1/29/2019,24.9,29.7,37.3,38.2,25.6
GreatBasin,1/30/2019,24.5,29.7,38.1,38.7,25.4
GreatBasin,1/31/2019,26.9,32.2,40.8,40.8,27.2
GreatBasin,2/1/2019,30.2,35.1,43.4,42.1,30.7
GreatBasin,2/2/2019,35,37.6,42,41.9,32.1
GreatBasin,2/3/2019,31.1,35.5,40.4,39.6,31.4
GreatBasin,2/4/2019,28.1,31.4,36.5,37,28.3
GreatBasin,2/5/2019,25.6,29.2,34.1,33.1,23.7
GreatBasin,2/6/2019,17.5,21.7,28.7,28.7,17.8
GreatBasin,2/7/2019,10.2,15.9,23.4,26.8,13.8
GreatBasin,2/8/2019,13.6,18.1,28.3,27.4,13.8
GreatBasin,2/9/2019,17.7,22.5,30.5,30.4,17.1
GreatBasin,2/10/2019,19.9,24.4,32.3,30.7,17.4
GreatBasin,2/11/2019,14.7,21.2,29.3,31.9,17.5
GreatBasin,2/12/2019,17.8,23.5,34.1,33.6,20.3
GreatBasin,2/13/2019,28.4,31.3,37.4,36.5,26.4
GreatBasin,2/14/2019,32.9,34.5,38.1,38.1,30.1
GreatBasin,2/15/2019,29,33.8,38.7,37.7,28.5
GreatBasin,2/16/2019,23.6,28.7,36.2,35,24
GreatBasin,2/17/2019,19.5,23.7,30,30.6,19.1
GreatBasin,2/18/2019,14.1,19.4,25.6,26.7,15.2
GreatBasin,2/19/2019,11.9,17,24.4,26,13.7
GreatBasin,2/20/2019,15.2,19.2,27.9,26.2,14.2
GreatBasin,2/21/2019,15.4,20.4,26.4,27,14.3
GreatBasin,2/22/2019,12.3,18.6,26.6,27.3,14
GreatBasin,2/23/2019,14.4,19.5,28.9,29.4,15.4
GreatBasin,2/24/2019,19.5,23.9,32.6,32.5,19.7
GreatBasin,2/25/2019,25.3,28.9,36.1,35.7,24.4
GreatBasin,2/26/2019,28.5,32.2,38.4,39.1,28.2
GreatBasin,2/27/2019,30.8,34.8,42.7,41.8,30.8
GreatBasin,2/28/2019,33,37.3,44.3,43.3,30.9
GreatBasin,3/1/2019,28.8,35.4,42.8,42.4,29.7
GreatBasin,3/2/2019,27.2,32.3,40,39.7,26.3
GreatBasin,3/3/2019,22.8,28.7,36.3,38.2,23.9
GreatBasin,3/4/2019,21.6,28.5,38.3,38.9,23.2
GreatBasin,3/5/2019,25.2,31.6,42.2,40.9,27.3
GreatBasin,3/6/2019,35.2,37.7,42.3,42.7,31.3
GreatBasin,3/7/2019,33.4,37.9,43.6,42.6,32.5
GreatBasin,3/8/2019,28.8,34.4,42,40.7,28.5
GreatBasin,3/9/2019,23.2,29.5,36.5,39.1,25.7
GreatBasin,3/10/2019,25,30.3,38.7,39.2,24.5
GreatBasin,3/11/2019,25.3,32.2,42.5,41.5,26.6
GreatBasin,3/12/2019,29.6,35.5,43.3,42.4,27
GreatBasin,3/13/2019,26,32.1,41.5,40.6,25.8
GreatBasin,3/14/2019,21.8,28.1,36.9,39.9,23.7
GreatBasin,3/15/2019,23.2,30.2,41.3,41.5,24.2
GreatBasin,3/16/2019,27.7,34.9,46.2,45.6,27.8
GreatBasin,3/17/2019,32.4,39.2,49.3,48.7,31.2
GreatBasin,3/18/2019,33.6,41.2,50.7,50.5,33.7
GreatBasin,3/19/2019,35.1,42.5,51.6,51,34.8
GreatBasin,3/20/2019,35.8,43,50.8,50.6,35.6
GreatBasin,3/21/2019,36,41.8,49.4,49.1,35.3
GreatBasin,3/22/2019,34.1,40.2,47.1,49,35.5
GreatBasin,3/23/2019,36.5,42.3,50.6,49,35.3
GreatBasin,3/24/2019,35.3,41.3,49.4,51,35.3
GreatBasin,3/25/2019,34,41.7,52.9,52.9,36.3
GreatBasin,3/26/2019,39.6,46.1,56.3,55.4,38.3
GreatBasin,3/27/2019,41.3,48.2,57,56.1,40
GreatBasin,3/28/2019,39,45.8,55,53.8,38
GreatBasin,3/29/2019,33.8,40.6,49.3,51,34.9
GreatBasin,3/30/2019,31.9,39.3,48.6,49.5,32.9
GreatBasin,3/31/2019,33.1,41.1,50.7,51.2,33.8
GreatBasin,4/1/2019,36.5,43.9,54.2,52.9,36.7
GreatBasin,4/2/2019,40.4,47,53.9,53.9,38.6
GreatBasin,4/3/2019,38.9,45.6,53.5,55.3,39.9
GreatBasin,4/4/2019,40.4,48.2,58.6,56.5,40.6
GreatBasin,4/5/2019,42.5,49.4,57.5,57.3,40.9
GreatBasin,4/6/2019,39.8,47.3,55.7,57.9,41.1
GreatBasin,4/7/2019,41.1,49.4,60.4,60.2,42.6
GreatBasin,4/8/2019,46.8,54.3,64.5,62.7,45.3
GreatBasin,4/9/2019,48,53.9,63.2,59.7,42.8
GreatBasin,4/10/2019,33.6,40.8,51.3,53.9,38.2
GreatBasin,4/11/2019,33,39.3,47.2,48.7,33.3
GreatBasin,4/12/2019,33.4,39.8,47.7,49.5,33.4
GreatBasin,4/13/2019,33.8,42,53.7,52.9,36
GreatBasin,4/14/2019,40.9,47.7,57.2,55.8,38.5
GreatBasin,4/15/2019,40.9,48.7,56.5,56.4,41.1
GreatBasin,4/16/2019,41.5,47,55.5,56.4,40
GreatBasin,4/17/2019,37.6,45.5,57.1,59,40.3
GreatBasin,4/18/2019,41.8,51.3,64.4,64.3,42.3
GreatBasin,4/19/2019,47.4,57.8,71.5,68.7,46.8
GreatBasin,4/20/2019,51.1,59.6,70.3,68.3,47.5
GreatBasin,4/21/2019,43.9,51.6,63.1,65.1,45.5
GreatBasin,4/22/2019,41.5,50.6,61.9,63.8,43.7
GreatBasin,4/23/2019,45.8,55,66.5,65.8,45.3
GreatBasin,4/24/2019,48.7,58.5,69,68.5,47.7
GreatBasin,4/25/2019,48.6,59.1,70.1,69.8,49.7
GreatBasin,4/26/2019,51.8,61,70.4,69.3,49.1
GreatBasin,4/27/2019,47,57.3,67.4,68,48
GreatBasin,4/28/2019,45.3,54.3,66.3,64,44.3
GreatBasin,4/29/2019,40.6,48.7,58.4,59.6,41.5
GreatBasin,4/30/2019,38.5,46.3,54.1,55.3,37.9
GreatBasin,5/1/2019,34.6,43.7,53.3,55.7,37.1
GreatBasin,5/2/2019,38.3,47.8,59.7,59.2,38.6
GreatBasin,5/3/2019,43,52.8,64.6,64.4,42.6
GreatBasin,5/4/2019,46.5,57.1,69,67.5,46.1
GreatBasin,5/5/2019,48.8,58.8,68.8,68.3,47.5
GreatBasin,5/6/2019,47.2,57.7,67.1,67,47.7
GreatBasin,5/7/2019,47.1,55.9,65.1,65.1,46.7
GreatBasin,5/8/2019,45.8,54.3,63,63.3,45.7
GreatBasin,5/9/2019,44.3,52.9,61.8,62.3,43.8
GreatBasin,5/10/2019,41.4,51.2,62,63.9,44.1
GreatBasin,5/11/2019,46.5,56.2,67.9,67.7,46.2
GreatBasin,5/12/2019,50.6,61.2,73.3,72.3,50.1
GreatBasin,5/13/2019,53.2,64.5,75.7,74.9,52.9
GreatBasin,5/14/2019,54.9,65.6,75.8,75.2,54.3
GreatBasin,5/15/2019,54.8,64.8,74,73.4,54.1
GreatBasin,5/16/2019,52.7,60.2,70.5,68.4,49.9
GreatBasin,5/17/2019,42.2,48.9,60.7,62.9,45.1
GreatBasin,5/18/2019,40.4,47.7,57.6,58.3,41.9
GreatBasin,5/19/2019,43.2,49.4,56.7,55.8,40.8
GreatBasin,5/20/2019,38.9,45.8,53,54.1,40.7
GreatBasin,5/21/2019,40,46.6,52.6,53.1,39.4
GreatBasin,5/22/2019,39.4,46.1,53.8,54.1,39.9
GreatBasin,5/23/2019,40.4,48,55.9,56.6,40.8
GreatBasin,5/24/2019,42.6,50.6,60,60,42.8
GreatBasin,5/25/2019,45.4,54.3,64.2,62.7,45
GreatBasin,5/26/2019,47.1,55.8,63.9,63,45.3
GreatBasin,5/27/2019,43.3,51.2,61,62.4,45
GreatBasin,5/28/2019,44.7,52.7,62.2,63.4,45
GreatBasin,5/29/2019,47,56.3,66.9,66.4,47.3
GreatBasin,5/30/2019,50.2,60.4,70,69.4,49.8
GreatBasin,5/31/2019,52.3,62.1,71.3,71.5,51.9
GreatBasin,6/1/2019,53.1,63.5,73.3,73.1,53.3
GreatBasin,6/2/2019,54.6,65,74.8,74.6,54.3
GreatBasin,6/3/2019,55.1,65.7,75.8,76.2,55.2
GreatBasin,6/4/2019,56,67,77.9,77.9,56.4
GreatBasin,6/5/2019,58,69.1,80.1,79.6,57.9
GreatBasin,6/6/2019,59.8,70.8,80.8,79.2,57.7
GreatBasin,6/7/2019,55.3,65,76.7,75.8,53.6
GreatBasin,6/8/2019,45.6,56.1,69.8,72.2,48.9
GreatBasin,6/9/2019,45.7,56.8,70.1,72.4,47.6
GreatBasin,6/10/2019,51.5,63.4,77.3,76,51.6
GreatBasin,6/11/2019,57.7,69,80.5,80.6,56.8
GreatBasin,6/12/2019,61.1,72.3,84.1,82.6,60.6
GreatBasin,6/13/2019,62.9,73.9,83.3,82.8,61.3
GreatBasin,6/14/2019,60,70.8,80.9,81.7,60.6
GreatBasin,6/15/2019,58.9,70,81,80.8,59.9
GreatBasin,6/16/2019,60.8,71.2,80.5,80,59.6
GreatBasin,6/17/2019,59,69.7,78.5,79.8,59.5
GreatBasin,6/18/2019,58.8,69.8,80.5,80,59.2
GreatBasin,6/19/2019,59.8,70.8,80.9,80.4,58.3
GreatBasin,6/20/2019,56.3,67.4,79.8,77.5,54.7
GreatBasin,6/21/2019,47.9,59.2,71.8,73.4,50.8
GreatBasin,6/22/2019,48.2,58.6,68.7,71.6,49.1
GreatBasin,6/23/2019,51.1,62.1,74.2,73.7,51.5
GreatBasin,6/24/2019,55.3,66.4,78.1,77.8,54.8
GreatBasin,6/25/2019,57.9,69.6,81,79.9,57.3
GreatBasin,6/26/2019,58.7,69.9,80.7,80.7,58.2
GreatBasin,6/27/2019,58.1,69.9,80.5,81.5,58.5
GreatBasin,6/28/2019,58.6,70.6,83.2,82.3,58.5
GreatBasin,6/29/2019,58.9,71.5,83.2,83.1,60.2
GreatBasin,6/30/2019,63,73.3,82.8,83.6,61
GreatBasin,7/1/2019,61.2,73.1,84.8,83.8,61.9
GreatBasin,7/2/2019,61.6,73.5,83.9,83.8,60.8
GreatBasin,7/3/2019,59.6,71.2,82.8,82.2,59.5
GreatBasin,7/4/2019,57.2,68.9,79.8,81.5,58.4
GreatBasin,7/5/2019,58.4,70.1,82,82.4,59
GreatBasin,7/6/2019,61.4,73.1,85.4,83.9,60.9
GreatBasin,7/7/2019,62.9,73.9,84.2,84,61.3
GreatBasin,7/8/2019,59.7,71,82.4,82.9,60.3
GreatBasin,7/9/2019,58.2,69.7,82.1,84.5,60.1
GreatBasin,7/10/2019,62.5,74.6,88.9,87.4,62.6
GreatBasin,7/11/2019,67.1,79.1,91.3,90.4,65.8
GreatBasin,7/12/2019,67.7,79.7,91,90.7,68.2
GreatBasin,7/13/2019,69.8,80.2,89.9,90.6,68.3
GreatBasin,7/14/2019,67.4,79.3,90.9,90.1,68.1
GreatBasin,7/15/2019,67,78.9,89.6,89.5,66.3
GreatBasin,7/16/2019,64.6,76.8,87.9,88.2,64.8
GreatBasin,7/17/2019,62.9,75.4,87.2,87.4,63.9
GreatBasin,7/18/2019,64.3,76,87.1,86.9,63.6
GreatBasin,7/19/2019,63.7,75.3,86.5,86.4,63.2
GreatBasin,7/20/2019,61.6,73.6,85.5,87.2,63
GreatBasin,7/21/2019,63.6,75.8,89.6,89.2,64.3
GreatBasin,7/22/2019,67.8,80,92.5,91.1,67.3
GreatBasin,7/23/2019,70.6,80.7,91.3,90.6,68.9
GreatBasin,7/24/2019,68.3,77.4,87.9,88.1,68.2
GreatBasin,7/25/2019,65.7,75.6,85.1,86.5,67.2
GreatBasin,7/26/2019,67.6,76.9,86.6,86.3,66.7
GreatBasin,7/27/2019,66.9,77.1,87.1,87.6,66.9
GreatBasin,7/28/2019,66.2,77.4,89.2,89.3,67
GreatBasin,7/29/2019,67.9,79.4,91.5,90.5,67.4
GreatBasin,7/30/2019,68,79.5,90.7,90.5,67.8
GreatBasin,7/31/2019,67.4,77.8,89.4,89.4,66.8
GreatBasin,8/1/2019,64.9,76.1,88,89.2,66.3
GreatBasin,8/2/2019,66.5,77.9,90.1,89.9,66.6
GreatBasin,8/3/2019,68.3,79.6,91.5,91.1,68
GreatBasin,8/4/2019,69.2,80.4,91.8,92,68.6
GreatBasin,8/5/2019,68.4,80.4,92.7,92.1,69.2
GreatBasin,8/6/2019,70,80.9,91.9,91.3,69.3
GreatBasin,8/7/2019,69.5,79.4,89.3,89.2,68.5
GreatBasin,8/8/2019,65.9,76.4,86.4,86.6,66.1
GreatBasin,8/9/2019,62.8,73.6,84.2,84.9,63.5
GreatBasin,8/10/2019,61.7,73.1,84.2,83.7,61.5
GreatBasin,8/11/2019,60,70.9,82.7,83,60.2
GreatBasin,8/12/2019,58.8,69.8,82,83.6,60
GreatBasin,8/13/2019,61.3,72.8,86,85.9,61.6
GreatBasin,8/14/2019,64.6,76.4,89.6,88.3,64
GreatBasin,8/15/2019,66,77.8,89.4,89.1,64.9
GreatBasin,8/16/2019,64.2,76.3,88.2,87.6,64.2
GreatBasin,8/17/2019,62.4,73.6,85.3,86.9,62.8
GreatBasin,8/18/2019,61.8,73.7,87.2,87.1,62.9
GreatBasin,8/19/2019,64.6,76.2,88.9,88.7,63.6
GreatBasin,8/20/2019,64.5,76.8,89.9,89.9,65
GreatBasin,8/21/2019,65.9,78,90.9,90.2,65.4
GreatBasin,8/22/2019,65.8,76.8,89.7,88.1,64
GreatBasin,8/23/2019,60.2,71.8,83.6,86.8,63
GreatBasin,8/24/2019,62.9,74.1,87.2,85.7,62.5
GreatBasin,8/25/2019,64.5,75.7,86.2,86.1,62.6
GreatBasin,8/26/2019,60.3,72.2,84.9,85.6,61.9
GreatBasin,8/27/2019,60.8,72.5,85.6,86.9,61.6
GreatBasin,8/28/2019,63.8,76,90.2,88.2,63.1
GreatBasin,8/29/2019,64.7,76.6,88.7,88.8,64.4
GreatBasin,8/30/2019,64.6,76,87.5,88.4,64.5
GreatBasin,8/31/2019,64.2,76,89,89.2,64.9
GreatBasin,9/1/2019,66,77.8,91.1,89.8,65.8
GreatBasin,9/2/2019,67.3,78.1,89.3,89.2,66.7
GreatBasin,9/3/2019,66.7,76.9,87.3,88.2,67.2
GreatBasin,9/4/2019,67.5,77.5,87.9,87.2,67.2
GreatBasin,9/5/2019,67.3,77.2,86.4,86.1,66.8
GreatBasin,9/6/2019,65.5,74.3,84,84,65.1
GreatBasin,9/7/2019,62.5,72,81.7,81.8,62.5
GreatBasin,9/8/2019,59.6,68.4,79.8,78.3,58.8
GreatBasin,9/9/2019,54.4,63.7,73.4,75,56
GreatBasin,9/10/2019,54.1,63.1,71.8,71.8,53.3
GreatBasin,9/11/2019,51.3,59.4,70.1,71.6,52
GreatBasin,9/12/2019,50.6,60.3,72.8,74,52
GreatBasin,9/13/2019,54,64.8,79.1,78.4,54.3
GreatBasin,9/14/2019,58.4,69.3,83.2,82.2,57.9
GreatBasin,9/15/2019,61.2,72.1,84.4,83.2,60.2
GreatBasin,9/16/2019,61,70.2,82,80.5,58.2
GreatBasin,9/17/2019,52.4,61.9,75.1,76.6,54.7
GreatBasin,9/18/2019,50.8,60.3,72.6,72.9,51.6
GreatBasin,9/19/2019,51.6,61.1,71,70.4,49.7
GreatBasin,9/20/2019,46.6,55.5,67.7,68.2,48.2
GreatBasin,9/21/2019,46.5,55.1,65.8,68.5,47.1
GreatBasin,9/22/2019,48.3,58.2,71.9,69.8,49.5
GreatBasin,9/23/2019,53.6,62.2,71.8,72.3,51.5
GreatBasin,9/24/2019,52.6,61.5,73.1,72.8,53.4
GreatBasin,9/25/2019,54.1,63.3,73.5,73,53.7
GreatBasin,9/26/2019,54.3,63,72.5,72.3,53.9
GreatBasin,9/27/2019,53.2,61.5,70.8,70.2,52.6
GreatBasin,9/28/2019,50.3,57.4,67.2,66.1,48.4
GreatBasin,9/29/2019,41.8,48.8,60.3,60.7,43
GreatBasin,9/30/2019,37,44.7,54.7,56.7,38.7
GreatBasin,10/1/2019,37.4,45.5,55.2,55.5,37.4
GreatBasin,10/2/2019,37.7,45.8,56.6,58.9,38.7
GreatBasin,10/3/2019,40.9,50.2,64.9,61.5,41.6
GreatBasin,10/4/2019,46.2,53.6,63.1,62.8,42.6
GreatBasin,10/5/2019,40.7,49.6,60.4,61.9,43
GreatBasin,10/6/2019,42.1,51,62.3,63.4,42.3
GreatBasin,10/7/2019,44.1,53.3,67.5,66.4,45.1
GreatBasin,10/8/2019,49,57.9,69.4,67.7,45.7
GreatBasin,10/9/2019,44,52,66.3,62,40.4
GreatBasin,10/10/2019,28.1,37.3,50.4,56.2,33.5
GreatBasin,10/11/2019,28.3,36.9,51.8,53.4,30.6
GreatBasin,10/12/2019,35.5,44,58.1,57.4,34.5
GreatBasin,10/13/2019,39.8,49,62.4,60.9,39.4
GreatBasin,10/14/2019,42.8,51.6,62.2,63.2,42
GreatBasin,10/15/2019,43.5,52.5,65.1,65.9,44.6
GreatBasin,10/16/2019,47.6,56.6,70.4,67.1,47.6
GreatBasin,10/17/2019,51.7,58.5,65.7,65.7,46.3
GreatBasin,10/18/2019,39.6,48.4,60.9,61.1,43.5
GreatBasin,10/19/2019,39.2,46.7,56.7,56.7,38.5
GreatBasin,10/20/2019,36.6,43.7,52.4,54.7,38
GreatBasin,10/21/2019,38.2,44.3,55,56,39.2
GreatBasin,10/22/2019,42.8,49.2,60.7,57.9,40.9
GreatBasin,10/23/2019,41.8,49.9,58.1,57.4,40.3
GreatBasin,10/24/2019,36.2,44.6,53.4,57.4,39.1
GreatBasin,10/25/2019,39.3,47,60.7,56.9,39.4
GreatBasin,10/26/2019,42.6,50.1,56.6,56.3,37.8
GreatBasin,10/27/2019,31.4,39,51.7,48.9,32.1
GreatBasin,10/28/2019,22.3,30.1,38.5,42.1,25.9
GreatBasin,10/29/2019,23.9,30.3,36.1,36,19.9
GreatBasin,10/30/2019,13.6,22.5,33.4,37.4,19.9
GreatBasin,10/31/2019,22.1,28.7,42.7,41.2,21.6
GreatBasin,11/1/2019,29,35.8,47.4,47.2,27.9
GreatBasin,11/2/2019,32.5,39.7,51.6,51.2,32.6
GreatBasin,11/3/2019,36.4,43.5,54.6,54,35.9
GreatBasin,11/4/2019,38.8,46,55.8,56,38.4
GreatBasin,11/5/2019,39.9,47.3,57.7,56.4,39.2
GreatBasin,11/6/2019,38.9,46.6,55.8,56.7,38.9
GreatBasin,11/7/2019,37.8,45.7,56.5,57.1,39.1
GreatBasin,11/8/2019,40.5,47.7,59.1,58.3,40.1
GreatBasin,11/9/2019,41.9,49.3,59.4,58,41.3
GreatBasin,11/10/2019,41.6,48.1,55.6,55.9,40
GreatBasin,11/11/2019,36.4,44.2,52.6,54.2,38.1
GreatBasin,11/12/2019,36.2,43.2,54.3,54.3,37.6
GreatBasin,11/13/2019,40.3,46.6,55.9,55.7,38.8
GreatBasin,11/14/2019,39.9,46.6,56.8,57.2,41.1
GreatBasin,11/15/2019,43.1,49,58.8,56.9,41.4
GreatBasin,11/16/2019,41.1,48,55.2,56.5,41
GreatBasin,11/17/2019,38.7,45.3,55.6,56.3,40.5
GreatBasin,11/18/2019,41.6,48.2,58,56.5,40.8
GreatBasin,11/19/2019,42.1,48.1,55.9,54.6,40.9
GreatBasin,11/20/2019,38.9,43.1,49.8,49.1,37.7
GreatBasin,11/21/2019,32.2,36.5,41.7,44.9,34.1
GreatBasin,11/22/2019,31.2,36,43.2,43.1,31.6
GreatBasin,11/23/2019,31.4,36.5,44.3,44.2,31.5
GreatBasin,11/24/2019,32,37.2,45.2,43.4,31.6
GreatBasin,11/25/2019,31.5,36,40.7,40.1,28.7
GreatBasin,11/26/2019,22.6,27.9,34.3,36.7,26.1
GreatBasin,11/27/2019,24.2,27.4,35,34.7,24.4
GreatBasin,11/28/2019,26.4,29.5,34.8,34.1,25.8
GreatBasin,11/29/2019,26.8,28.7,32.5,32.1,24
GreatBasin,11/30/2019,18.9,23.8,29,31.2,22
GreatBasin,12/1/2019,20.4,23.8,32.2,33.1,22.3
GreatBasin,12/2/2019,27.5,30.8,38,36.9,26.7
GreatBasin,12/3/2019,32.1,34.8,40.5,39,30.5
GreatBasin,12/4/2019,32,34.9,38.4,39.6,32.3
GreatBasin,12/5/2019,32.7,34.8,39.8,39.8,32
GreatBasin,12/6/2019,31.3,34.8,41.1,41.2,32.5
GreatBasin,12/7/2019,33.4,36.4,42.6,41.3,33.8
GreatBasin,12/8/2019,36.6,38.5,40.2,40.3,33
GreatBasin,12/9/2019,29.1,33.4,38.1,38.4,30.7
GreatBasin,12/10/2019,26.4,30.5,37,37.7,28.3
GreatBasin,12/11/2019,29.3,32.3,38.1,38.9,29.7
GreatBasin,12/12/2019,33.4,35.9,41.7,40.3,32.3
GreatBasin,12/13/2019,34.3,37.6,41.1,40.4,33.2
GreatBasin,12/14/2019,31.8,34.9,38.3,37.7,30
GreatBasin,12/15/2019,24,28.7,33.7,33.5,25.2
GreatBasin,12/16/2019,19.7,23.8,28.6,30.4,20.3
GreatBasin,12/17/2019,17.1,21.3,29,30.2,19.6
GreatBasin,12/18/2019,22,25,33.1,32.7,21.4
GreatBasin,12/19/2019,25.2,29,36.1,36.5,25.3
GreatBasin,12/20/2019,28.8,32.2,40.3,39.5,28.6
GreatBasin,12/21/2019,31.8,35.2,42.2,42,32
GreatBasin,12/22/2019,35.3,37.8,43.4,42.5,33.7
GreatBasin,12/23/2019,33.9,37.4,42,41,33.8
GreatBasin,12/24/2019,32.3,34.4,37.6,37.9,31.3
GreatBasin,12/25/2019,27.7,30.8,34.2,34.6,28
GreatBasin,12/26/2019,23.9,27,31.9,32,24.3
GreatBasin,12/27/2019,21.3,24.9,29.9,30,21.5
GreatBasin,12/28/2019,19.3,23.3,28.3,28.6,19.7
GreatBasin,12/29/2019,18.5,21.6,27.6,28.9,19.7
GreatBasin,12/30/2019,21.3,24.1,30.8,30.1,20.4
GreatBasin,12/31/2019,21.4,25.1,31.8,33.2,23
GreatBasin,1/1/2020,26.4,30.1,37,34.8,25.2
GreatBasin,1/2/2020,27.9,31.7,35.7,37.2,27.5
GreatBasin,1/3/2020,28.1,31.4,38.9,38.1,28.9
GreatBasin,1/4/2020,30.6,33.7,39.7,38.4,28.5
GreatBasin,1/5/2020,26.7,31.4,36.6,37.7,27.7
GreatBasin,1/6/2020,25.9,30.2,36.8,37.9,27.1
GreatBasin,1/7/2020,28.7,32.4,40.2,38.3,28.3
GreatBasin,1/8/2020,30.2,33.8,37.8,37.3,28.3
GreatBasin,1/9/2020,25.9,29.6,33.9,33.7,24.7
GreatBasin,1/10/2020,18,23.9,29.3,32.3,22
GreatBasin,1/11/2020,22.2,25.7,33.7,31.6,21.1
GreatBasin,1/12/2020,23.1,27.2,31.8,32.8,22.9
GreatBasin,1/13/2020,23.4,26.8,32.8,32.8,23.8
GreatBasin,1/14/2020,25,28.3,33.9,33.1,22.5
GreatBasin,1/15/2020,19,25.1,32.7,35.3,23
GreatBasin,1/16/2020,25.1,29.3,39.3,35.9,23.6
GreatBasin,1/17/2020,26.6,30.8,35.8,36.6,24.2
GreatBasin,1/18/2020,20.9,25.6,34.8,36.2,24.1
GreatBasin,1/19/2020,24.8,29.2,37.9,37.9,25.1
GreatBasin,1/20/2020,29.5,32.9,41,39.8,29.2
GreatBasin,1/21/2020,33.2,36.1,40.4,40.5,31.6
GreatBasin,1/22/2020,32,35.5,40.1,40.9,32.3
GreatBasin,1/23/2020,31.6,35.2,42.2,41.6,32.1
GreatBasin,1/24/2020,32.8,36.6,42.5,42.4,32.3
GreatBasin,1/25/2020,32.6,37.2,42.6,42.9,32.9
GreatBasin,1/26/2020,33.3,37.3,43.5,42.6,32.8
GreatBasin,1/27/2020,32.5,37,41.7,42.3,31.9
GreatBasin,1/28/2020,30,34.4,41.7,40.9,31.1
GreatBasin,1/29/2020,30.8,34.9,39.3,40.2,30.3
GreatBasin,1/30/2020,30.2,33.2,39.7,40.2,29.9
GreatBasin,1/31/2020,28.7,33,41.7,42.6,30.6
GreatBasin,2/1/2020,33,37.6,46.3,44,32.4
GreatBasin,2/2/2020,35.4,39.4,44,43.6,29.5
GreatBasin,2/3/2020,20.2,27.4,40.4,36.5,22.7
GreatBasin,2/4/2020,12.4,18.1,25,32.2,16.2
GreatBasin,2/5/2020,16,20.3,31.1,32.5,18.4
GreatBasin,2/6/2020,26.9,31.9,41.4,38.9,25.3
GreatBasin,2/7/2020,33.1,37.1,44.2,43.1,31.3
GreatBasin,2/8/2020,33.8,38.1,43.6,42.7,30.1
GreatBasin,2/9/2020,23.4,30.1,40.3,40.2,26.6
GreatBasin,2/10/2020,22.7,28,36.8,37.5,22.2
GreatBasin,2/11/2020,20.4,26.8,35.4,36.6,22.5
GreatBasin,2/12/2020,24.5,29.7,37.6,37.9,23
GreatBasin,2/13/2020,24,30.2,40.8,40.5,26.1
GreatBasin,2/14/2020,29.8,34.6,43,42.2,27.4
GreatBasin,2/15/2020,28.3,34.3,42.8,43.6,30.8
GreatBasin,2/16/2020,34.3,38,44.9,43.6,30.4
GreatBasin,2/17/2020,28.6,35.5,43.2,42,28.2
GreatBasin,2/18/2020,21.6,28.8,37.9,39.4,23.6
GreatBasin,2/19/2020,20.5,27.5,37.1,37.9,20.8
GreatBasin,2/20/2020,20.3,27.7,38.6,39.8,22.1
GreatBasin,2/21/2020,25.5,32,43.8,41.9,25.5
GreatBasin,2/22/2020,30.8,36.5,43.2,44.3,28.9
GreatBasin,2/23/2020,30.3,36.5,46,44.6,30
GreatBasin,2/24/2020,29,35.7,44.5,42.9,27.9
GreatBasin,2/25/2020,24.4,30.7,38.3,41.7,26
GreatBasin,2/26/2020,24.7,30.9,42.3,42.6,26.4
GreatBasin,2/27/2020,30.1,36.8,47.1,46.4,29.2
GreatBasin,2/28/2020,32.8,39.7,49.9,48.8,33
GreatBasin,2/29/2020,36.2,42.1,49.5,49,33.2
GreatBasin,3/1/2020,30.5,37.2,47.5,45.8,30.3
GreatBasin,3/2/2020,24.3,31.2,40.4,45.1,28.7
GreatBasin,3/3/2020,31.4,36.5,47.3,46,29.7
GreatBasin,3/4/2020,33.5,40.2,50.4,50.6,33.3
GreatBasin,3/5/2020,34.9,42.9,54.2,53.9,36
GreatBasin,3/6/2020,39.6,46.7,57.1,55.5,38.3
GreatBasin,3/7/2020,40.3,46.9,55.2,54.2,38.6
GreatBasin,3/8/2020,35.8,42.2,50.3,51.4,36.7
GreatBasin,3/9/2020,34,39.9,48.7,49.2,34.9
GreatBasin,3/10/2020,34.9,40.9,48.5,50,35.5
GreatBasin,3/11/2020,37.5,43.2,52.8,51,36
GreatBasin,3/12/2020,35.7,43.3,51.7,50.9,35.4
GreatBasin,3/13/2020,32.9,39.1,48.3,48.6,34
GreatBasin,3/14/2020,33.3,38.3,45.9,47.3,33.1
GreatBasin,3/15/2020,33.1,39.2,47.6,47.6,33
GreatBasin,3/16/2020,32.6,39.8,49.3,48.5,33.2
GreatBasin,3/17/2020,34,40.7,48.5,48.2,32.9
GreatBasin,3/18/2020,32,37.8,46.7,45.9,31.9
GreatBasin,3/19/2020,29.8,35.8,42.6,44.7,30.3
GreatBasin,3/20/2020,29.2,35.7,44.8,45.2,30.4
GreatBasin,3/21/2020,32.3,39,48.1,47.6,31.7
GreatBasin,3/22/2020,33.7,40.8,49.9,49.1,33.8
GreatBasin,3/23/2020,35.5,42.1,49.3,49.7,34.7
GreatBasin,3/24/2020,34.8,41.8,49.8,49,34.7
GreatBasin,3/25/2020,33.8,39.9,48,47.1,32.6
GreatBasin,3/26/2020,29.1,35.6,43.4,44.3,30
GreatBasin,3/27/2020,27.1,33.8,41.5,43.6,28.7
GreatBasin,3/28/2020,29.9,36.2,45.8,45.2,30.1
GreatBasin,3/29/2020,33.4,39.8,48.3,48.6,32.7
GreatBasin,3/30/2020,34.7,41.8,51.7,51.7,35.9
GreatBasin,3/31/2020,39.5,45.9,55.2,53.6,37
GreatBasin,4/1/2020,36.8,44.3,54,52.6,35.4
GreatBasin,4/2/2020,29.8,37.8,48.7,50.2,31.7
GreatBasin,4/3/2020,28.5,37,48,49.9,30.6
GreatBasin,4/4/2020,33.5,41.9,53.1,52,33.1
GreatBasin,4/5/2020,37.4,45.5,54.8,53.8,36.9
GreatBasin,4/6/2020,39.8,46.5,53.6,54.9,38.4
GreatBasin,4/7/2020,38.1,46,56.4,55.9,39.2
GreatBasin,4/8/2020,39.7,48.5,57.6,56.8,38.9
GreatBasin,4/9/2020,38.9,47.2,56.4,57.1,39.3
GreatBasin,4/10/2020,39.2,47.8,57.4,57,39.4
GreatBasin,4/11/2020,40.2,48.8,57.2,56.5,37.8
GreatBasin,4/12/2020,34.1,43.1,55,53.1,35.1
GreatBasin,4/13/2020,31,39,47.1,50.7,31.8
GreatBasin,4/14/2020,30.4,38.9,49.9,50.5,33.1
GreatBasin,4/15/2020,37.9,44.9,54.5,52.7,34.6
GreatBasin,4/16/2020,35.6,44,53.6,54.4,35.9
GreatBasin,4/17/2020,34.2,43.4,55.2,55.1,36
GreatBasin,4/18/2020,38.3,47.2,56.5,56.6,37.4
GreatBasin,4/19/2020,39.8,48.8,58.1,58.4,39.8
GreatBasin,4/20/2020,41.4,50.4,60.7,60.7,41.3
GreatBasin,4/21/2020,42.7,52.6,63.2,62.9,43
GreatBasin,4/22/2020,44.9,54.7,64.9,64.1,44.9
GreatBasin,4/23/2020,47.1,55.6,64.2,64.1,45.2
GreatBasin,4/24/2020,43.5,53.3,63.1,65.4,45.7
GreatBasin,4/25/2020,46.6,56.5,68.8,67.6,47.2
GreatBasin,4/26/2020,51.5,60.7,70.8,70.4,49.8
GreatBasin,4/27/2020,51.3,61.3,71.7,71.4,51.2
GreatBasin,4/28/2020,50.7,61,71.7,74.1,51.8
GreatBasin,4/29/2020,53.4,64.7,78.9,76.3,54.2
GreatBasin,4/30/2020,58.5,67.5,78.2,76.5,54.4
GreatBasin,5/1/2020,51.4,61.4,72.3,73.7,53.1
GreatBasin,5/2/2020,49.4,60.1,70.6,70.8,50.4
GreatBasin,5/3/2020,50.3,59.4,69.5,68.4,48
GreatBasin,5/4/2020,44.4,54.8,65.2,68.8,47.1
GreatBasin,5/5/2020,46.7,57.9,71.8,69.9,47.6
GreatBasin,5/6/2020,51.8,62.4,72.6,71.7,47.9
GreatBasin,5/7/2020,45.3,56.7,70.6,71.5,47.7
GreatBasin,5/8/2020,46.1,57.9,71.4,71.8,47.1
GreatBasin,5/9/2020,50,61.5,73.5,73.5,49.3
GreatBasin,5/10/2020,51.8,63.4,75.7,74.5,51.3
GreatBasin,5/11/2020,52.2,63.6,74.2,73.8,51.3
GreatBasin,5/12/2020,49.9,59.6,71.4,69.9,49.1
GreatBasin,5/13/2020,45.1,54.2,64.2,66.7,46.9
GreatBasin,5/14/2020,45.6,54.7,64.5,64.8,45.9
GreatBasin,5/15/2020,47,56.3,65.8,67.3,46.9
GreatBasin,5/16/2020,48.1,58.8,71.5,71.3,49.6
GreatBasin,5/17/2020,53.8,64.2,76.5,74.3,52.3
GreatBasin,5/18/2020,54.9,64.4,74.9,73.8,52.3
GreatBasin,5/19/2020,48.3,59,70.1,69.8,49
GreatBasin,5/20/2020,43.9,52.8,64.5,66.6,45.4
GreatBasin,5/21/2020,43.9,53.5,65.2,65.5,44.9
GreatBasin,5/22/2020,47,57.3,66.9,65.6,44.4
GreatBasin,5/23/2020,42.3,52.1,64.7,65.8,44.5
GreatBasin,5/24/2020,44.1,54.3,65.8,67.4,44.7
GreatBasin,5/25/2020,47.8,59,71.6,72.1,48.9
GreatBasin,5/26/2020,54.9,65.6,78.8,77.4,54
GreatBasin,5/27/2020,59.3,70.4,81.9,81.8,58.2
GreatBasin,5/28/2020,60.4,72.3,84.6,85.1,61.1
GreatBasin,5/29/2020,63.5,75.9,88.8,87,62.8
GreatBasin,5/30/2020,64.5,76.1,87.6,86,62.5
GreatBasin,5/31/2020,59.5,70.1,81.7,83.4,61.1
GreatBasin,6/1/2020,59.3,70.1,81,81.8,59.1
GreatBasin,6/2/2020,58.6,70.4,82.7,82.5,60.3
GreatBasin,6/3/2020,62.9,73.6,83.9,83.8,61.4
GreatBasin,6/4/2020,62.8,74.2,84.7,85.4,62.7
GreatBasin,6/5/2020,62.3,74.7,87.7,86,61.6
GreatBasin,6/6/2020,59.8,68.9,85.6,80.8,56.2
GreatBasin,6/7/2020,46.6,55.6,69.1,71.5,49
GreatBasin,6/8/2020,40.5,50.1,59.9,65.5,43.4
GreatBasin,6/9/2020,43.1,54.1,67.6,68.2,45.1
GreatBasin,6/10/2020,51.8,63.2,77.2,76.4,50.7
GreatBasin,6/11/2020,57.1,70,84.5,82.8,56.9
GreatBasin,6/12/2020,61.7,74.3,86.6,85.3,59
GreatBasin,6/13/2020,58.3,69.2,84.7,81.3,56.8
GreatBasin,6/14/2020,50.3,61.5,72.5,78.5,54.1
GreatBasin,6/15/2020,53.7,65.2,78.3,76,53.2
GreatBasin,6/16/2020,55.6,66,77.3,75.7,53.3
GreatBasin,6/17/2020,50.6,59.8,71.4,73.9,51.8
GreatBasin,6/18/2020,49.3,60.6,73.1,73.9,51
GreatBasin,6/19/2020,53,65.1,77.2,77.4,53.4
GreatBasin,6/20/2020,58,69.7,81.9,81,57.6
GreatBasin,6/21/2020,61.7,72.9,83.9,83.5,60.3
GreatBasin,6/22/2020,61.1,73.2,84.7,85.7,62.1
GreatBasin,6/23/2020,63.4,75.8,88.6,87.7,63.3
GreatBasin,6/24/2020,65.5,78,89.9,89,64.8
GreatBasin,6/25/2020,65.4,76.7,88.4,88.3,64.6
GreatBasin,6/26/2020,63,75.2,86.6,87.8,64.5
GreatBasin,6/27/2020,65,77.1,88.4,87.4,63.3
GreatBasin,6/28/2020,61.8,72.8,87.1,83.5,58.9
GreatBasin,6/29/2020,49.9,59.2,74.9,77.8,54
GreatBasin,6/30/2020,50.4,60.1,71.4,74.9,51.3
GreatBasin,7/1/2020,53.7,65.3,78.5,77.3,53.8
GreatBasin,7/2/2020,57.4,69.4,81.9,82.2,57.2
GreatBasin,7/3/2020,60.6,73,86.2,85,60.3
GreatBasin,7/4/2020,62.8,75.2,87,86.7,62.1
GreatBasin,7/5/2020,62.8,75.3,86.8,87.7,63
GreatBasin,7/6/2020,63.4,76.3,89.4,88.3,63.5
GreatBasin,7/7/2020,64.4,75.9,88.7,87.1,62.3
GreatBasin,7/8/2020,59.1,71.7,83.3,86.4,61.3
GreatBasin,7/9/2020,60.3,73.3,87.2,86.3,61.1
GreatBasin,7/10/2020,64,76.4,88.5,89.6,63.6
GreatBasin,7/11/2020,66.4,79.1,93.2,91.3,66.8
GreatBasin,7/12/2020,69.9,81.8,92.2,91.9,68.1
GreatBasin,7/13/2020,68,78.6,90.4,89.5,66.6
GreatBasin,7/14/2020,61.8,74.3,86,87.8,64
GreatBasin,7/15/2020,62.2,74.6,87.1,87.7,63
GreatBasin,7/16/2020,64.9,77.1,90,89.5,64.8
GreatBasin,7/17/2020,67.3,79.5,91.4,90.5,66.1
GreatBasin,7/18/2020,66,78.4,90,90.6,66.6
GreatBasin,7/19/2020,66.4,78.5,90.5,90.1,66.6
GreatBasin,7/20/2020,67.3,78.9,89.7,90.3,66.8
GreatBasin,7/21/2020,66.8,78.8,90.7,90,67.4
GreatBasin,7/22/2020,68,78.4,89.5,88.6,66.7
GreatBasin,7/23/2020,65.2,75.6,85.7,86.7,65.5
GreatBasin,7/24/2020,63.2,73.8,84.8,85.6,63.9
GreatBasin,7/25/2020,63.4,74.9,86.2,86.5,63.6
GreatBasin,7/26/2020,64.1,76,88.5,88.5,64.9
GreatBasin,7/27/2020,67.1,78.8,90.9,89.6,66.4
GreatBasin,7/28/2020,68,79,89.3,90.1,67.1
GreatBasin,7/29/2020,66.2,78.2,90.2,91.1,67.4
GreatBasin,7/30/2020,67.9,80,93.7,93.3,68.1
GreatBasin,7/31/2020,70.3,82.8,96.1,94.9,69.6
GreatBasin,8/1/2020,70.6,83.2,94.9,95.2,70.1
GreatBasin,8/2/2020,69.4,82.2,94.6,94.2,69.6
GreatBasin,8/3/2020,68.9,81.1,93.1,92.8,68
GreatBasin,8/4/2020,65.6,78,90.6,91.3,66.8
GreatBasin,8/5/2020,65.8,77.8,90.1,89.8,65.5
GreatBasin,8/6/2020,65.2,77.2,88.7,88.4,64
GreatBasin,8/7/2020,61.1,73.6,86.5,87.5,62.7
GreatBasin,8/8/2020,61.9,73.9,87.2,87,62.3
GreatBasin,8/9/2020,63.9,75.7,87.3,87.7,63.2
GreatBasin,8/10/2020,63.8,75.9,88.6,88.2,64.2
GreatBasin,8/11/2020,65,77.1,88.6,88.3,64.5
GreatBasin,8/12/2020,64.6,76.6,87.6,88.1,64.4
GreatBasin,8/13/2020,63.5,75.7,88.2,88.1,64
GreatBasin,8/14/2020,63.9,76.2,88.4,89.7,64.5
GreatBasin,8/15/2020,66.1,78.6,92.5,91.8,66.5
GreatBasin,8/16/2020,69.4,81.5,94.5,94.5,68.8
GreatBasin,8/17/2020,70.9,83.2,96.5,95.5,70.6
GreatBasin,8/18/2020,71.5,83.5,95.6,95.4,71.5
GreatBasin,8/19/2020,72,83.3,94.1,93.7,71.5
GreatBasin,8/20/2020,71,81.6,91.5,92.7,70.2
GreatBasin,8/21/2020,67.7,79.6,92.4,91.7,69
GreatBasin,8/22/2020,68.3,80.1,91.1,91.8,68.3
GreatBasin,8/23/2020,68.8,79.8,91.8,91.4,69
GreatBasin,8/24/2020,69.8,80.5,91.3,90.8,69.4
GreatBasin,8/25/2020,69.6,79.3,89.3,90,68.7
GreatBasin,8/26/2020,66.7,77.8,89.5,89.3,67.6
GreatBasin,8/27/2020,66.5,77.7,89.1,88.7,65.4
GreatBasin,8/28/2020,63.1,75.6,87.6,88.1,64.9
GreatBasin,8/29/2020,65,76.1,87.7,87.1,63.2
GreatBasin,8/30/2020,61.6,72.8,86,84.5,61.3
GreatBasin,8/31/2020,57.3,67.7,79.7,81.2,57.7
GreatBasin,9/1/2020,54.2,65.5,78,81,57
GreatBasin,9/2/2020,59.4,70.6,85.4,84,58.7
GreatBasin,9/3/2020,62.6,74.6,88.7,88.8,62.4
GreatBasin,9/4/2020,65.2,77.6,92.2,92.1,65.3
GreatBasin,9/5/2020,68.1,80.7,95.5,93.8,67.7
GreatBasin,9/6/2020,69.8,81.5,93.7,93.4,68.3
GreatBasin,9/7/2020,66.9,77.4,91,89,62
GreatBasin,9/8/2020,49.2,60,82.4,79.6,52.2
GreatBasin,9/9/2020,40.5,51.1,65.5,73.1,45.4
GreatBasin,9/10/2020,46.6,57.3,71.4,71.7,46.2
GreatBasin,9/11/2020,51.6,62.7,78.2,77.3,51.5
GreatBasin,9/12/2020,56.4,67.8,82.3,81.7,55.5
GreatBasin,9/13/2020,58.4,70.4,84.6,84.4,58.5
GreatBasin,9/14/2020,60.6,72.4,86.4,85.4,60.3
GreatBasin,9/15/2020,61.8,73,85.3,85.6,61
GreatBasin,9/16/2020,60.5,72.2,85.2,85.6,61.2
GreatBasin,9/17/2020,61.4,72.8,86.4,85.3,61.4
GreatBasin,9/18/2020,62.2,72.7,84.3,83.8,61.1
GreatBasin,9/19/2020,59.8,68.6,80.7,80.5,58.6
GreatBasin,9/20/2020,53.9,64.3,76.4,79.5,56.7
GreatBasin,9/21/2020,56.3,67.1,81.3,79.6,56.7
GreatBasin,9/22/2020,60,69.6,81.2,81.2,58.2
GreatBasin,9/23/2020,58.3,68.6,81.1,80.9,59.5
GreatBasin,9/24/2020,60.1,69.7,80.3,79.7,58.2
GreatBasin,9/25/2020,56.2,66.7,77.8,77.8,58
GreatBasin,9/26/2020,57.6,65.4,75.4,74.6,54.9
GreatBasin,9/27/2020,50.8,60.1,70.5,72.5,52
GreatBasin,9/28/2020,47.6,58.2,71.5,73,49.9
GreatBasin,9/29/2020,51.4,62,77.1,75.6,51.1
GreatBasin,9/30/2020,54.3,65.1,78.2,78.5,53.5
GreatBasin,10/1/2020,54.8,65.9,80.1,79.2,55.1
GreatBasin,10/2/2020,56.3,66.9,79.3,79.5,55.7
GreatBasin,10/3/2020,55.9,66.5,79.1,79.5,55.9
GreatBasin,10/4/2020,55.6,66.6,80.1,79.1,55.8
GreatBasin,10/5/2020,56,66.3,78.2,79.1,55.5
GreatBasin,10/6/2020,54.9,65.5,78.9,78.7,55.2
GreatBasin,10/7/2020,54.8,65.7,78.9,78.7,55.3
GreatBasin,10/8/2020,56.3,66,78.3,77.5,55.1
GreatBasin,10/9/2020,54.1,64.4,75.4,75.8,54.6
GreatBasin,10/10/2020,53.5,63,73.6,72.5,51.4
GreatBasin,10/11/2020,46.5,55.7,68.4,70.1,49.1
GreatBasin,10/12/2020,47.4,54.8,68.3,69.3,47.7
GreatBasin,10/13/2020,49.2,58.4,71.3,69.4,49.1
GreatBasin,10/14/2020,50.7,59.5,68.5,67.7,48.3
GreatBasin,10/15/2020,44.9,53.8,63.2,65.8,46.2
GreatBasin,10/16/2020,43.1,52,65.6,65.4,45.3
GreatBasin,10/17/2020,48,56.5,67.3,66.9,46.4
GreatBasin,10/18/2020,48.2,56.4,67.7,67.5,48.4
GreatBasin,10/19/2020,49.1,57.3,67.6,67.3,48.6
GreatBasin,10/20/2020,48.5,56.9,66.5,66.6,48.3
GreatBasin,10/21/2020,47.2,55.7,65.6,64.3,45.1
GreatBasin,10/22/2020,39.5,49,60.9,60.1,40
GreatBasin,10/23/2020,33.3,42.4,53.9,57.1,37.8
GreatBasin,10/24/2020,40.7,46.8,56.6,54.3,35.2
GreatBasin,10/25/2020,31.6,40.1,52.5,49,30.1
GreatBasin,10/26/2020,17.9,27.1,37.8,46,25.5
GreatBasin,10/27/2020,26.9,33.3,47.6,47,26.6
GreatBasin,10/28/2020,35.1,42.1,55.6,54.3,33.8
GreatBasin,10/29/2020,39.4,47.3,59.6,59,38.7
GreatBasin,10/30/2020,41.6,50,61.9,60.5,40.9
GreatBasin,10/31/2020,41.6,50.2,60.1,61.9,41.9
GreatBasin,11/1/2020,42.6,50.7,63.8,63.4,43.5
GreatBasin,11/2/2020,46.2,54,66.4,65.9,45.6
GreatBasin,11/3/2020,48,56.1,67.4,66.9,47.5
GreatBasin,11/4/2020,48.3,56.3,67,67.6,48.3
GreatBasin,11/5/2020,48.7,56.9,68.4,66.8,49.1
GreatBasin,11/6/2020,50.2,56.5,65.1,64.2,47.4
GreatBasin,11/7/2020,43.2,49.6,59,56.4,40.5
GreatBasin,11/8/2020,28,34.5,45.1,46.2,31
GreatBasin,11/9/2020,21.8,27.5,34.4,39,24.1
GreatBasin,11/10/2020,22.6,27.8,37.4,36.9,23.6
GreatBasin,11/11/2020,26.5,31.3,38.9,38.9,24.5
GreatBasin,11/12/2020,24.3,30.9,40.5,41.3,26.7
GreatBasin,11/13/2020,29.4,34.4,44.5,42.2,28.2
GreatBasin,11/14/2020,30.8,37,41.7,44.4,30.7
GreatBasin,11/15/2020,31.8,36.7,47.1,47.3,33.5
GreatBasin,11/16/2020,38,43.5,53,52.3,37
GreatBasin,11/17/2020,41.1,46.8,56.9,55.2,41.4
GreatBasin,11/18/2020,45.2,49.4,55.6,54.2,41.5
GreatBasin,11/19/2020,38.1,44,50,50.6,38.5
GreatBasin,11/20/2020,32.3,38.5,46.1,47.2,33.9
GreatBasin,11/21/2020,31.3,37.4,45.4,45.7,31.1
GreatBasin,11/22/2020,29.8,36.3,45.5,45.2,31.2
GreatBasin,11/23/2020,32.5,37.3,44.6,43.7,30.5
GreatBasin,11/24/2020,29.2,34.6,40.9,42.8,30.4
GreatBasin,11/25/2020,29.5,34.3,42.8,40.4,28.6
GreatBasin,11/26/2020,27.1,32.5,37.5,39.5,26.9
GreatBasin,11/27/2020,24.2,29.6,38.1,38.8,25.8
GreatBasin,11/28/2020,26.2,31.4,40.8,40.2,25.6
GreatBasin,11/29/2020,26.5,32.9,41.7,42.2,27.2
GreatBasin,11/30/2020,29,34.6,44.2,42,28.1
GreatBasin,12/1/2020,28.8,34.6,40.2,40.8,27.4
GreatBasin,12/2/2020,24.5,30.2,37.9,39,25.7
GreatBasin,12/3/2020,23.7,29.4,38.8,39.1,24.8
GreatBasin,12/4/2020,26.3,31.7,40.6,40.8,25.9
GreatBasin,12/5/2020,27.8,33.4,43.1,42.8,28.3
GreatBasin,12/6/2020,30.9,36.2,44.8,44.4,29.8
GreatBasin,12/7/2020,30.7,36.3,45.4,45.8,31.4
GreatBasin,12/8/2020,32.7,38,47.3,46.4,32.2
GreatBasin,12/9/2020,33.1,38.7,46.5,44.9,32.5
GreatBasin,12/10/2020,31.6,36.6,40.8,41.4,30.8
GreatBasin,12/11/2020,27.6,31.9,37,37.4,28.3
GreatBasin,12/12/2020,25.6,29.2,34.3,34,24
GreatBasin,12/13/2020,18.7,23.9,30.8,33,23
GreatBasin,12/14/2020,24.6,27.8,34,32.8,21.5
GreatBasin,12/15/2020,21.3,26.3,33.7,35.4,24.3
GreatBasin,12/16/2020,27,30.2,38.4,37.1,26.1
GreatBasin,12/17/2020,29.9,32.9,39.2,38,27.6
GreatBasin,12/18/2020,25.9,30.9,36.3,38,27.3
GreatBasin,12/19/2020,26,29.9,38.5,39.2,27.4
GreatBasin,12/20/2020,30.4,33.9,42.8,42.7,30.7
GreatBasin,12/21/2020,35.8,39.7,46.8,44,33.5
GreatBasin,12/22/2020,34.3,38.4,42.4,40.9,29.9
GreatBasin,12/23/2020,19.5,26,33.6,36.7,24.5
GreatBasin,12/24/2020,19.6,24.1,34,34.8,20.8
GreatBasin,12/25/2020,23.2,27.9,36.8,37.1,24.1
GreatBasin,12/26/2020,29.6,32.9,40.4,37.8,26.7
GreatBasin,12/27/2020,27.2,31.7,36.1,36.3,26.6
GreatBasin,12/28/2020,22.9,26.7,32.3,33.5,23.2
GreatBasin,12/29/2020,19.5,24.8,32,32.6,20.5
GreatBasin,12/30/2020,19.2,24.2,33.4,33.5,21.2
GreatBasin,12/31/2020,25,28.6,35.2,34.4,22.5
GreatBasin,1/1/2021,23.4,27.9,34.7,35.4,24.5
GreatBasin,1/2/2021,25.1,28.7,36.4,36.7,25.7
GreatBasin,1/3/2021,28.5,31.6,39,38.8,27.5
GreatBasin,1/4/2021,29,33.8,41,40,29.2
GreatBasin,1/5/2021,30.2,35.4,40.1,39.8,28.3
GreatBasin,1/6/2021,25.7,30.6,38.4,39.3,27.9
GreatBasin,1/7/2021,27.9,32.5,39.3,38.6,26.6
GreatBasin,1/8/2021,26.3,31.2,38.1,37.4,26.5
GreatBasin,1/9/2021,25.4,30.2,34.9,35.7,24.6
GreatBasin,1/10/2021,22,26.9,34,34.6,23.1
GreatBasin,1/11/2021,21.9,26.8,34.9,35.6,23
GreatBasin,1/12/2021,25.2,29.3,38,39.1,26.6
GreatBasin,1/13/2021,32.8,36.3,44.3,41.1,28.8
GreatBasin,1/14/2021,28.4,34.9,41,42.8,29.8
GreatBasin,1/15/2021,28.2,33.6,43.1,42.6,29.4
GreatBasin,1/16/2021,31.6,37.1,43.6,43.4,29.9
GreatBasin,1/17/2021,30,35,43.5,42.5,30.5
GreatBasin,1/18/2021,29.9,35.9,40.5,39.9,27.5
GreatBasin,1/19/2021,22.7,28.7,35.8,38.4,25.7
GreatBasin,1/20/2021,24.5,29.8,38.9,38.5,25.2
GreatBasin,1/21/2021,28.3,32.9,40.8,40,27.2
GreatBasin,1/22/2021,28.9,33.5,40.3,39.4,28
GreatBasin,1/23/2021,26.8,31.4,37,37,26.1
GreatBasin,1/24/2021,22.6,27.4,33.8,33.8,23.4
GreatBasin,1/25/2021,20.7,24.7,30.5,30.7,20.2
GreatBasin,1/26/2021,17.4,21.8,27.9,30.1,19.4
GreatBasin,1/27/2021,20,23.5,31.8,33,21.4
GreatBasin,1/28/2021,26.7,30.5,39.2,36.4,26
GreatBasin,1/29/2021,31.3,34.4,38.3,37.9,28
GreatBasin,1/30/2021,26.1,30.8,36.3,37.6,27.2
GreatBasin,1/31/2021,24.1,29.2,38.2,38.8,26.3
GreatBasin,2/1/2021,28.6,32.9,42,41.9,28.7
GreatBasin,2/2/2021,33.5,37.5,45.4,43.5,31.9
GreatBasin,2/3/2021,33.7,38.2,43.1,42.1,30.6
GreatBasin,2/4/2021,24.5,29.9,37.9,39.7,28.2
GreatBasin,2/5/2021,26.3,30,38.1,38.6,25.7
GreatBasin,2/6/2021,26.4,31.9,39.8,39.3,26.8
GreatBasin,2/7/2021,27.8,33.1,40.1,40,27.4
GreatBasin,2/8/2021,28.1,32.8,40.2,40,28.1
GreatBasin,2/9/2021,28.5,33,39.7,40.2,28.1
GreatBasin,2/10/2021,27.6,33,40.8,40,27.9
GreatBasin,2/11/2021,27.5,32.5,39.4,39.1,27.8
GreatBasin,2/12/2021,28.4,32.4,37,37.5,27.6
GreatBasin,2/13/2021,26.8,30.7,36.2,35.6,24.1
GreatBasin,2/14/2021,17,24.3,33.5,35.6,22
GreatBasin,2/15/2021,22.3,26.8,37,35.6,22.2
GreatBasin,2/16/2021,27.2,32,36.4,35.9,23.8
GreatBasin,2/17/2021,21.8,27.3,34.2,34.3,21.9
GreatBasin,2/18/2021,16.7,23.4,32.2,35.3,21
GreatBasin,2/19/2021,24.5,29.2,39.5,36.9,23.3
GreatBasin,2/20/2021,28.8,33.7,38.9,38.3,25.3
GreatBasin,2/21/2021,22.5,28.6,36.6,39.4,26.6
GreatBasin,2/22/2021,28.4,33.1,42.7,40.5,27.8
GreatBasin,2/23/2021,32.4,36.8,42.3,41.7,29
GreatBasin,2/24/2021,26.3,32.6,40.1,39.8,25.8
GreatBasin,2/25/2021,18.6,26.6,37.1,39.1,23.4
GreatBasin,2/26/2021,25.2,30.5,40,38.4,22.3
GreatBasin,2/27/2021,23.2,29.5,38,37.2,22.1
GreatBasin,2/28/2021,17.8,24.9,33.6,37.4,21
GreatBasin,3/1/2021,22.1,28.7,40.7,40.1,22.8
GreatBasin,3/2/2021,28.5,35.3,46.1,45.2,27.1
GreatBasin,3/3/2021,30.6,38.4,48.8,47.6,30.5
GreatBasin,3/4/2021,32.3,38.9,48,49.7,32.4
GreatBasin,3/5/2021,34.4,41.6,52.2,50.9,34.7
GreatBasin,3/6/2021,37.4,43.9,52.6,52.5,35.4
GreatBasin,3/7/2021,34.4,42.4,52.7,52.5,36.5
GreatBasin,3/8/2021,37.7,44.3,52.2,51.7,34.8
GreatBasin,3/9/2021,32.3,39.6,50.3,48.3,32.6
GreatBasin,3/10/2021,27.8,34.1,42.5,43.9,28.5
GreatBasin,3/11/2021,25.5,31.9,39,40.4,26.6
GreatBasin,3/12/2021,26.6,32.3,39.8,40.7,26.8
GreatBasin,3/13/2021,28.4,34.2,43.2,43.9,28.9
GreatBasin,3/14/2021,31.6,37.9,48.6,46.6,31.3
GreatBasin,3/15/2021,33.8,40.6,48.1,47.3,31.9
GreatBasin,3/16/2021,30.3,36.5,45.3,47.3,31.8
GreatBasin,3/17/2021,31.4,38.2,48.6,49.3,32.4
GreatBasin,3/18/2021,35.4,42.7,54,53.3,35.6
GreatBasin,3/19/2021,40,47.1,57.4,55.8,38.1
GreatBasin,3/20/2021,38.8,45.4,56.1,53.1,36.3
GreatBasin,3/21/2021,30.2,37.5,45.8,49,33
GreatBasin,3/22/2021,29.9,36.6,45.2,44.9,30.3
GreatBasin,3/23/2021,30.8,36.6,43.7,44.6,29.5
GreatBasin,3/24/2021,27.8,35,44.8,44.6,30.5
GreatBasin,3/25/2021,32.8,38.3,45.3,45,30.4
GreatBasin,3/26/2021,30.5,36.8,44.9,47.1,31.6
GreatBasin,3/27/2021,31.4,39.2,51.1,51.7,33.2
GreatBasin,3/28/2021,37.8,45.9,59,56.1,36.3
GreatBasin,3/29/2021,39.6,46.1,58.2,54.6,35.1
GreatBasin,3/30/2021,28,36.2,46.5,52.2,32.3
GreatBasin,3/31/2021,29.4,38.1,51.8,53.2,31.2
GreatBasin,4/1/2021,36.1,45.8,61.3,60.1,36.6
GreatBasin,4/2/2021,44.4,53.7,67.3,66.2,42.8
GreatBasin,4/3/2021,47.9,57.7,69.9,69.2,47.3
GreatBasin,4/4/2021,49.7,59.4,70.4,69.6,48.1
GreatBasin,4/5/2021,46.7,56.1,68.6,66.1,44.1
GreatBasin,4/6/2021,35.9,45.8,59.3,63.4,40.5
GreatBasin,4/7/2021,38.9,48.6,62.2,61,39.2
GreatBasin,4/8/2021,42.8,51.8,61.5,60.5,39.2
GreatBasin,4/9/2021,36,46.4,57.7,60.6,40
GreatBasin,4/10/2021,41.2,50.6,62.5,60.3,38.2
GreatBasin,4/11/2021,37.3,47.9,60.8,59.9,38.4
GreatBasin,4/12/2021,36.7,46.5,56.4,57.9,37.2
GreatBasin,4/13/2021,37.5,46.8,56.4,56,36.4
GreatBasin,4/14/2021,34.9,44,55.2,54.4,35.6
GreatBasin,4/15/2021,34.4,42.7,51.7,53.7,34.8
GreatBasin,4/16/2021,35,44.1,54.3,54,35.1
GreatBasin,4/17/2021,35.8,45.4,56,57.2,36.5
GreatBasin,4/18/2021,38.7,48.7,61.2,59.3,38.7
GreatBasin,4/19/2021,41.6,51.3,60.8,60.1,39.1
GreatBasin,4/20/2021,37.1,47.4,58.4,59.4,39
GreatBasin,4/21/2021,38.4,48.5,58.9,58.9,38.1
GreatBasin,4/22/2021,38.9,49.1,59.5,59.7,39.2
GreatBasin,4/23/2021,40.3,50.2,60.8,61,40.7
GreatBasin,4/24/2021,42.9,52.4,62.6,61.4,42.3
GreatBasin,4/25/2021,43.8,51.8,60.7,59.9,42.4
GreatBasin,4/26/2021,40.5,46.9,56.5,57.2,40.1
GreatBasin,4/27/2021,36,44.2,54.5,58.1,38.7
GreatBasin,4/28/2021,39.6,49.5,63.2,63.3,40.6
GreatBasin,4/29/2021,46.3,57.2,72.1,71.4,46.6
GreatBasin,4/30/2021,53.9,65.1,79,76.3,52.3
GreatBasin,5/1/2021,56.8,67.1,77.7,76.7,52.6
GreatBasin,5/2/2021,47.1,57.8,73.3,71.1,48.8
GreatBasin,5/3/2021,42.4,52.1,62.2,67.6,44.7
GreatBasin,5/4/2021,44.7,55.2,67.4,66.9,45
GreatBasin,5/5/2021,47.8,58.7,71,72.6,48
GreatBasin,5/6/2021,51.5,64,79.4,76.2,51.3
GreatBasin,5/7/2021,54.6,65.4,78.3,76.1,49.9
GreatBasin,5/8/2021,43.7,54.5,70.5,70.3,46.6
GreatBasin,5/9/2021,41.5,51.8,62.2,65.1,42.7
GreatBasin,5/10/2021,42.8,53.1,62.6,63.3,42.4
GreatBasin,5/11/2021,42.8,53.9,65.2,66.8,44.2
GreatBasin,5/12/2021,46.9,58.6,72.7,71.6,47.5
GreatBasin,5/13/2021,52.7,64.4,76.9,75.5,51.4
GreatBasin,5/14/2021,54.5,66,76.9,76.4,53.6
GreatBasin,5/15/2021,53.5,64.5,75.3,74.7,52.7
GreatBasin,5/16/2021,50.2,61.8,72,73.5,51.4
GreatBasin,5/17/2021,50.6,62,73.3,73.5,51.5
GreatBasin,5/18/2021,53.6,64.6,75.3,74.2,52.4
GreatBasin,5/19/2021,52.9,64.1,74.1,73.6,51.2
GreatBasin,5/20/2021,47.2,58.5,71.3,69.4,46.7
GreatBasin,5/21/2021,39.9,49.9,62.7,64.4,41.9
GreatBasin,5/22/2021,38.7,48.4,59.1,60.5,39.6
GreatBasin,5/23/2021,40.2,49.8,59.8,61.7,40.6
GreatBasin,5/24/2021,43,53.2,66.1,65.9,44.1
GreatBasin,5/25/2021,49.1,59.8,71.8,69.6,47.6
GreatBasin,5/26/2021,50.8,61.2,70.8,72.9,49.9
GreatBasin,5/27/2021,49.9,62.2,76,74.2,51.5
GreatBasin,5/28/2021,53.8,65.5,75.8,75.8,52.1
GreatBasin,5/29/2021,52.5,64.3,75.6,76.5,53.4
GreatBasin,5/30/2021,53.9,66,78.2,78.4,54.5
GreatBasin,5/31/2021,57,69.2,81.3,81.1,56.8
GreatBasin,6/1/2021,59.6,71.8,83.8,84.3,59.6
GreatBasin,6/2/2021,62.2,74.8,87.7,87.4,62.4
GreatBasin,6/3/2021,65.4,78,90.7,89.5,65
GreatBasin,6/4/2021,67.5,79.6,90.2,89.9,65.9
GreatBasin,6/5/2021,64.9,77.3,88.8,88.1,63.4
GreatBasin,6/6/2021,57.9,71.2,85.2,85,59.9
GreatBasin,6/7/2021,56.9,69.8,80.9,82,57.3
GreatBasin,6/8/2021,57.1,68.7,80,80.4,56.5
GreatBasin,6/9/2021,55.6,68,80.2,79.8,55.4
GreatBasin,6/10/2021,53.5,63.6,79.3,78.5,52.2
GreatBasin,6/11/2021,47.4,60.2,76,79.8,52.7
GreatBasin,6/12/2021,57.2,69.4,84.1,84,55.7
GreatBasin,6/13/2021,62.5,76.1,91.9,89.8,61.7
GreatBasin,6/14/2021,65.5,79.6,93.3,92.9,65.3
GreatBasin,6/15/2021,68,81.1,93.4,92.9,66.3
GreatBasin,6/16/2021,65.5,79,92,92.7,67.2
GreatBasin,6/17/2021,68.2,80.6,92.6,92,67.4
GreatBasin,6/18/2021,68.6,80.6,91.4,92.3,68.8
GreatBasin,6/19/2021,69.7,81.4,92.9,91.9,68.8
GreatBasin,6/20/2021,68,79.5,91.5,91.3,66.9
GreatBasin,6/21/2021,63.1,76.7,89.5,90.7,66
GreatBasin,6/22/2021,66.9,79.2,91.2,90.2,65.7
GreatBasin,6/23/2021,67,77.5,90,87.7,65.5
GreatBasin,6/24/2021,62.6,73,82,85.1,63.7
GreatBasin,6/25/2021,61.4,72.6,83.3,84.3,62.7
GreatBasin,6/26/2021,64.1,75.1,87.5,86.7,63.8
GreatBasin,6/27/2021,66,78.1,89.2,88.9,65.7
GreatBasin,6/28/2021,67.1,79.1,90,89.6,67
GreatBasin,6/29/2021,67.9,79.7,89.7,88.7,67.2
GreatBasin,6/30/2021,66.7,77.3,86.5,87.9,67.1
GreatBasin,7/1/2021,66.7,77.6,87.6,88.4,67
GreatBasin,7/2/2021,67.6,79.3,91.2,90.3,68
GreatBasin,7/3/2021,69.6,81.2,92.2,91.6,69.5
GreatBasin,7/4/2021,71.3,81.9,91.5,91.3,69.8
GreatBasin,7/5/2021,68.6,79.7,90.2,91.8,69.4
GreatBasin,7/6/2021,68.4,80.9,93.7,93.3,69.2
GreatBasin,7/7/2021,70.6,83.4,95.9,95.1,69.8
GreatBasin,7/8/2021,70.5,83.6,95.8,95.5,70.9
GreatBasin,7/9/2021,71.7,83.9,94.8,95.7,71.5
GreatBasin,7/10/2021,72.3,84.4,96.4,96.2,72.5
GreatBasin,7/11/2021,73.6,85.6,97.4,96.6,72.9
GreatBasin,7/12/2021,72.8,85,95.9,95.9,72.7
GreatBasin,7/13/2021,71.6,82.9,94.4,93.4,70.6
GreatBasin,7/14/2021,67.4,78.6,89.9,91.6,68.5
GreatBasin,7/15/2021,66.6,78.4,90.5,90.2,67
GreatBasin,7/16/2021,66.9,78.7,90.3,91,67
GreatBasin,7/17/2021,67.4,79.7,92.1,91.2,68.4
GreatBasin,7/18/2021,70.8,81.4,91.1,91,70.1
GreatBasin,7/19/2021,72.2,81.7,89.8,90,71
GreatBasin,7/20/2021,70.1,79.7,89.2,90,70.6
GreatBasin,7/21/2021,69.4,80.2,90.9,90,69.5
GreatBasin,7/22/2021,69,79.8,90,90.2,68.6
GreatBasin,7/23/2021,67.5,78.7,89.6,90.1,67.7
GreatBasin,7/24/2021,66.5,78.5,90.6,90.5,67.2
GreatBasin,7/25/2021,67.5,79.6,91.3,90.8,67.6
GreatBasin,7/26/2021,68.7,79.7,90.5,90,68.6
GreatBasin,7/27/2021,69.5,79.2,88.3,89.2,69.2
GreatBasin,7/28/2021,69.5,79.4,88.8,88.6,69.7
GreatBasin,7/29/2021,70.1,79.7,88.8,88.3,69.8
GreatBasin,7/30/2021,69.7,78.5,87.4,87,69.3
GreatBasin,7/31/2021,68.1,77,84.7,85.2,68.7
GreatBasin,8/1/2021,68.3,76.5,83.4,84.7,67.9
GreatBasin,8/2/2021,67.4,76.2,85.9,86.4,67.8
GreatBasin,8/3/2021,67.6,78.2,89.9,89.6,68
GreatBasin,8/4/2021,69,80.7,92.9,92.2,68.8
GreatBasin,8/5/2021,69.9,81.9,93.9,93.1,68.9
GreatBasin,8/6/2021,67.7,78.6,92.4,91.1,67
GreatBasin,8/7/2021,63.3,74.9,87,89.4,65.5
GreatBasin,8/8/2021,65.6,77.1,88.7,87.6,63.7
GreatBasin,8/9/2021,62.2,74.3,87.2,87.7,64.1
GreatBasin,8/10/2021,64.5,75.3,87.3,87.9,64.1
GreatBasin,8/11/2021,65.6,77.1,89.2,89.1,66
GreatBasin,8/12/2021,67.8,79,90.8,90.6,67.4
GreatBasin,8/13/2021,68.7,80,91.9,92.1,69.1
GreatBasin,8/14/2021,70.7,81.9,93.5,93.1,70.1
GreatBasin,8/15/2021,71,82.6,93.8,93.7,71
GreatBasin,8/16/2021,71.4,82.6,93.8,93.4,70.5
GreatBasin,8/17/2021,69.2,80.4,92.6,90.4,66.8
GreatBasin,8/18/2021,59.8,69,84.7,83.4,61.1
GreatBasin,8/19/2021,54.2,62.9,73,78.2,56.2
GreatBasin,8/20/2021,54.6,64.4,77,76.3,55.7
GreatBasin,8/21/2021,58.3,68.4,78.9,78.9,56.8
GreatBasin,8/22/2021,57.4,67.8,80.8,81.2,58.8
GreatBasin,8/23/2021,60.6,71.7,84,82.7,59.2
GreatBasin,8/24/2021,59.7,71.4,83.3,84.6,60.6
GreatBasin,8/25/2021,61.4,73.2,86.5,85,61.4
GreatBasin,8/26/2021,63.2,74.4,85.2,85.2,62
GreatBasin,8/27/2021,61.4,72.8,84,84.3,61.7
GreatBasin,8/28/2021,60.6,72,83.7,85.3,61.3
GreatBasin,8/29/2021,61.9,73.9,88.1,86.9,62.6
GreatBasin,8/30/2021,65.4,76.8,89,87.9,63.9
GreatBasin,8/31/2021,64.5,75.4,86.7,85.7,63.6
GreatBasin,9/1/2021,61,70.6,81.3,82.7,60.8
GreatBasin,9/2/2021,57,67.9,80.1,80.3,58.5
GreatBasin,9/3/2021,57.4,68.6,79.5,81.1,57.3
GreatBasin,9/4/2021,57.5,69.3,83.6,83.6,58.8
GreatBasin,9/5/2021,61.4,73.3,87.7,86.8,61.1
GreatBasin,9/6/2021,64.5,76.1,89.1,89.1,63.7
GreatBasin,9/7/2021,65.3,77,90.4,90.3,65.2
GreatBasin,9/8/2021,65.8,77.9,91.3,91.3,66
GreatBasin,9/9/2021,66.9,78.8,92.1,91.2,67
GreatBasin,9/10/2021,68.4,78.3,90.2,88.8,66
GreatBasin,9/11/2021,62.6,72.4,84.2,86,64
GreatBasin,9/12/2021,61,71.3,83.6,83.4,61.6
GreatBasin,9/13/2021,61.2,71.9,82.4,82.3,60.3
GreatBasin,9/14/2021,58.7,69.8,81,82.3,59.8
GreatBasin,9/15/2021,59.5,70.5,83.4,81.8,58.9
GreatBasin,9/16/2021,58.4,69,81.1,81.4,57.5
GreatBasin,9/17/2021,54.6,66,79.8,79.8,58.1
GreatBasin,9/18/2021,61.4,69.5,78.5,77.8,57.2
GreatBasin,9/19/2021,55.7,64,75.1,73.5,54.8
GreatBasin,9/20/2021,47.3,56.7,66.9,71.7,50
GreatBasin,9/21/2021,47.1,57.8,73,73,49.2
GreatBasin,9/22/2021,53.2,64.4,79,76.4,52.1
GreatBasin,9/23/2021,56,66,77.1,77.7,54.4
GreatBasin,9/24/2021,54,64.5,77,78.3,55.6
GreatBasin,9/25/2021,56.8,67.4,80.7,79,56.6
GreatBasin,9/26/2021,59,68.5,79.4,79.7,57.9
GreatBasin,9/27/2021,57.9,67.5,79,78.4,57.3
GreatBasin,9/28/2021,55,63.3,76.8,73.3,52.5
GreatBasin,9/29/2021,44.6,53.2,64.2,69.2,47.8
GreatBasin,9/30/2021,43.9,53.6,66.7,66.8,45.3
GreatBasin,10/1/2021,47.5,57.1,69.5,69.5,47.1
GreatBasin,10/2/2021,49.9,59.7,72.4,72.3,49.8
GreatBasin,10/3/2021,52,62.1,75,75,52
GreatBasin,10/4/2021,54,64.2,77.5,75.6,53.7
GreatBasin,10/5/2021,55.2,63.8,74.3,73.5,54.2
GreatBasin,10/6/2021,53.3,60.6,68.7,70,52.8
GreatBasin,10/7/2021,50,57.9,67,66.7,51.5
GreatBasin,10/8/2021,51.1,56.3,64.3,63,48.1
GreatBasin,10/9/2021,43.1,50.3,57.6,60.6,45.3
GreatBasin,10/10/2021,41.7,49.4,60,58.5,41.7
GreatBasin,10/11/2021,40.3,48.2,58,55.7,38.2
GreatBasin,10/12/2021,32.5,39.4,49.2,51.4,35.1
GreatBasin,10/13/2021,32.6,38.6,47.1,48.8,33
GreatBasin,10/14/2021,33.9,40.6,50,50.6,33.6
GreatBasin,10/15/2021,34.4,42.5,54.7,55.6,36
GreatBasin,10/16/2021,39.7,48.1,62.2,61,39.5
GreatBasin,10/17/2021,44.4,53.2,66.1,63.4,42.8
GreatBasin,10/18/2021,44.3,52,62,60.3,42
GreatBasin,10/19/2021,37.4,44.5,52.7,57.7,40.3
GreatBasin,10/20/2021,39.2,46.7,58.3,58.4,40.1
GreatBasin,10/21/2021,43.7,51.6,64.3,62.4,43
GreatBasin,10/22/2021,46.1,54.2,64.6,62.8,45
GreatBasin,10/23/2021,45.1,50.9,59.4,60.3,44.3
GreatBasin,10/24/2021,41.6,47.9,57,58.3,45.1
GreatBasin,10/25/2021,48.5,52.3,58.4,56.4,42.5
GreatBasin,10/26/2021,37.4,44.1,53.7,55.5,41.6
GreatBasin,10/27/2021,39,44.1,54.3,55.9,39.6
GreatBasin,10/28/2021,42.4,48.5,59.6,59,42.1
GreatBasin,10/29/2021,45,52.3,63.2,60.9,44.1
GreatBasin,10/30/2021,44.8,52.3,60,60.5,44.4
GreatBasin,10/31/2021,43.3,50.2,58.4,58.7,43.4
GreatBasin,11/1/2021,42.2,48.9,57.6,57.7,43.1
GreatBasin,11/2/2021,43.7,49.6,57.1,58,42.8
GreatBasin,11/3/2021,42.5,49.4,59.4,59.4,43.6
GreatBasin,11/4/2021,44.5,51.3,61.8,60.7,43.5
GreatBasin,11/5/2021,43.4,51.3,60.8,60.8,44.5
GreatBasin,11/6/2021,45.5,51.8,59.8,58.4,43.4
GreatBasin,11/7/2021,41.3,48.2,54.7,55.8,41.4
GreatBasin,11/8/2021,37.5,44.3,53,53.1,39.8
GreatBasin,11/9/2021,40.7,45,51.6,51.8,39
GreatBasin,11/10/2021,38.7,44.3,50.7,51.3,39.1
GreatBasin,11/11/2021,38,43.3,51.5,53.2,39.4
GreatBasin,11/12/2021,41.6,47.2,57.3,55.8,41.3
GreatBasin,11/13/2021,44.3,50.1,58.5,59,43.4
GreatBasin,11/14/2021,44.3,50.5,61.3,60.6,44.9
GreatBasin,11/15/2021,46.1,52.7,62.1,60.1,44.2
GreatBasin,11/16/2021,42.3,49.3,57,54.7,40
GreatBasin,11/17/2021,31.5,38.3,45.1,50.3,35.2
GreatBasin,11/18/2021,31.8,37.4,48.8,48.6,34
GreatBasin,11/19/2021,38.7,43.4,52,49.6,35.5
GreatBasin,11/20/2021,35.9,42.2,47.9,48.9,35.5
GreatBasin,11/21/2021,32,38.3,46.7,48.1,33.7
GreatBasin,11/22/2021,33.3,39.4,49.6,48.7,34
GreatBasin,11/23/2021,36.8,41.6,49.7,47.4,33.4
GreatBasin,11/24/2021,30.2,35.9,43,45.7,31.6
GreatBasin,11/25/2021,27.9,33.4,44.3,45.2,30.7
GreatBasin,11/26/2021,34,38.9,48.3,47.8,32.9
GreatBasin,11/27/2021,36.7,41.9,50.8,51.4,36.8
GreatBasin,11/28/2021,39.7,44.8,55,53.7,39.2
GreatBasin,11/29/2021,41.3,46.8,55.2,54.4,39.9
GreatBasin,11/30/2021,38.8,45.3,53,54.5,40.2
GreatBasin,12/1/2021,40.5,45.9,55.4,54.7,40.1
GreatBasin,12/2/2021,41.1,46.8,55.6,54.5,40.2
GreatBasin,12/3/2021,39.1,45.4,52.6,53.4,39.3
GreatBasin,12/4/2021,37.7,43.5,51.9,50.8,38.2
GreatBasin,12/5/2021,37.7,42.9,47.8,48.5,36.3
GreatBasin,12/6/2021,33.6,38.3,45.7,46.6,35.8
GreatBasin,12/7/2021,36.2,40.1,46.2,46.2,34.9
GreatBasin,12/8/2021,34.8,39.2,46.6,44.9,34.4
GreatBasin,12/9/2021,32.2,35.9,41.9,40.5,30.2
GreatBasin,12/10/2021,23.6,28.3,33.1,36.5,25.7
GreatBasin,12/11/2021,21.3,25.7,34.6,36.1,24.5
GreatBasin,12/12/2021,28.7,32.1,40.6,39.3,27.4
GreatBasin,12/13/2021,32.2,35.6,42.8,41.6,31.6
GreatBasin,12/14/2021,33.8,36.9,41.5,40.5,29.2
GreatBasin,12/15/2021,21.6,28,37.3,36.9,25.6
GreatBasin,12/16/2021,21.5,24.7,32,33.2,21.3
GreatBasin,12/17/2021,20.7,25.3,30.2,31.3,20.2
GreatBasin,12/18/2021,18.5,22.8,31.7,32.6,21.2
GreatBasin,12/19/2021,24.4,27.7,35.9,34.9,22.5
GreatBasin,12/20/2021,24.5,29.3,37,37.2,25.3
GreatBasin,12/21/2021,27,31.6,38.6,38.1,26.8
GreatBasin,12/22/2021,29,32.2,38.8,39.6,29.9
GreatBasin,12/23/2021,33.8,36.5,41.4,39.7,32.2
GreatBasin,12/24/2021,33.8,36.2,39,38.8,31.8
GreatBasin,12/25/2021,27.8,31.7,36.1,35.8,29.1
GreatBasin,12/26/2021,25.7,28.2,32.4,32.8,24.8
GreatBasin,12/27/2021,20.8,24,30,29.5,20.5
GreatBasin,12/28/2021,15.1,20.1,26.1,27.6,17.3
GreatBasin,12/29/2021,16,19.7,26.8,28.1,17.5
GreatBasin,12/30/2021,21.3,24.3,31.3,28.9,19.8
GreatBasin,12/31/2021,22,25.7,28.6,26.8,17.5
GreatBasin,1/1/2022,9.3,15.4,20.6,25,14.1
GreatBasin,1/2/2022,10.9,15.2,25.7,26.3,12.9
GreatBasin,1/3/2022,18.5,22.4,32.6,30.5,18.6
GreatBasin,1/4/2022,26.3,28.8,33.3,33.7,24
GreatBasin,1/5/2022,27.3,29.9,35.2,36.3,27.9
GreatBasin,1/6/2022,30.1,33.1,40.5,39.5,30.4
GreatBasin,1/7/2022,33.7,37,42.7,40.9,30.5
GreatBasin,1/8/2022,27.8,33.9,39.6,39.1,27.9
GreatBasin,1/9/2022,22.1,27.1,35.1,37,24.4
GreatBasin,1/10/2022,23.4,28.1,36.3,36.3,23.5
GreatBasin,1/11/2022,24.9,29.7,37.4,38.4,25.9
GreatBasin,1/12/2022,29.3,33.1,41.4,40.7,28.8
GreatBasin,1/13/2022,32.2,36.3,43.2,41.6,30.5
GreatBasin,1/14/2022,30,35.2,40.2,40.5,29.6
GreatBasin,1/15/2022,26.6,30.9,38,38.8,27.7
GreatBasin,1/16/2022,26.4,31.2,38.1,38.7,27
GreatBasin,1/17/2022,28,32.5,39.9,38.5,27.5
GreatBasin,1/18/2022,28,32.7,37.5,38,27.2
GreatBasin,1/19/2022,25.6,30.2,36.7,37.2,26.3
GreatBasin,1/20/2022,25.2,29.5,37.5,37.4,26.7
GreatBasin,1/21/2022,29.3,33.4,38,37.5,26.1
GreatBasin,1/22/2022,23.8,28.9,36.9,37.3,25.9
GreatBasin,1/23/2022,24.7,29.5,37.1,37.5,24.7
GreatBasin,1/24/2022,25.7,30.6,38.4,37,25.1
GreatBasin,1/25/2022,24.9,30.7,35.6,35.9,23.8
GreatBasin,1/26/2022,20.8,25.9,33.8,34.6,22.1
GreatBasin,1/27/2022,20.5,26,34.4,34.4,20.4
GreatBasin,1/28/2022,19.9,25.6,35.1,35.7,21
GreatBasin,1/29/2022,22.5,28.3,37.7,37.2,22.3
GreatBasin,1/30/2022,24.6,30.4,38.9,38.6,25.1
GreatBasin,1/31/2022,28.2,32.3,39.1,37.9,24.6
GreatBasin,2/1/2022,20.9,27.3,35.8,34.1,21.1
GreatBasin,2/2/2022,14.3,19.8,27.4,30.9,16.4
GreatBasin,2/3/2022,14,18.7,29.4,30,15.5
GreatBasin,2/4/2022,18.2,23.4,33.2,33.6,18.6
GreatBasin,2/5/2022,23.7,28.6,38.2,36.9,22.3
GreatBasin,2/6/2022,25.1,31.2,39.2,39.8,25.1
GreatBasin,2/7/2022,26.5,32.2,42,41.7,27
GreatBasin,2/8/2022,29.3,35.1,43.8,43.9,29.1
GreatBasin,2/9/2022,31.5,37,45.9,45.7,31.6
GreatBasin,2/10/2022,34.1,39.1,47.3,46.8,33.3
GreatBasin,2/11/2022,34.3,40,47.3,47,32.9
GreatBasin,2/12/2022,30.2,37.3,46.3,47.3,32.2
GreatBasin,2/13/2022,32.1,38.5,48.4,48,32.1
GreatBasin,2/14/2022,34,40.3,49.4,48.2,33.2
GreatBasin,2/15/2022,33.5,39.3,46.7,45.5,31.9
GreatBasin,2/16/2022,28.1,32.9,40.5,41.9,28.2
GreatBasin,2/17/2022,23,29.2,38.4,40.5,26.1
GreatBasin,2/18/2022,27.1,32.9,42.7,42.8,26.9
GreatBasin,2/19/2022,30.6,36.8,47.3,45.6,30.5
GreatBasin,2/20/2022,33.8,39.6,46.8,46,30.4
GreatBasin,2/21/2022,26.8,33.3,43.9,40.9,25.4
GreatBasin,2/22/2022,15.6,22.8,32.1,33.8,18.1
GreatBasin,2/23/2022,11.9,18,25.3,28.4,13
GreatBasin,2/24/2022,11.6,17.6,27.8,27.7,12.5
GreatBasin,2/25/2022,14.1,20.9,30,30.3,13.3
GreatBasin,2/26/2022,14.2,21.8,33.2,34.5,16.4
GreatBasin,2/27/2022,20.9,27.5,40.3,40.4,21.6
GreatBasin,2/28/2022,29.6,35.7,47.8,47.1,29.1
GreatBasin,3/1/2022,36.8,42.4,53.3,52.3,35.1
GreatBasin,3/2/2022,38.9,45.8,55.7,55.1,38.4
GreatBasin,3/3/2022,39.6,46.9,56.2,55.2,38.7
GreatBasin,3/4/2022,37.7,43.5,53.8,51,35.8
GreatBasin,3/5/2022,30.1,35.2,43.1,44.6,30.6
GreatBasin,3/6/2022,24.1,30.2,36.9,38.9,25.2
GreatBasin,3/7/2022,21.3,28.2,36.6,37.4,23.1
GreatBasin,3/8/2022,23.8,29.7,38.7,37.9,23.4
GreatBasin,3/9/2022,25,31.5,38.4,37.9,22.6
GreatBasin,3/10/2022,19.1,26.4,36.5,38,20.5
GreatBasin,3/11/2022,17.5,25.3,39.2,41.4,22
GreatBasin,3/12/2022,29.3,35.8,48.5,45,27.3
GreatBasin,3/13/2022,35,40.4,47.2,48.3,31.9
GreatBasin,3/14/2022,31.5,39,49.2,50,34.4
GreatBasin,3/15/2022,36.7,43.1,53.6,51.8,35
GreatBasin,3/16/2022,36.8,43.7,52.5,51.4,34.6
GreatBasin,3/17/2022,30.2,38.3,48,51,33.7
GreatBasin,3/18/2022,34.2,41.6,52.5,51.6,33.8
GreatBasin,3/19/2022,36.9,44.5,54.2,53,35.3
GreatBasin,3/20/2022,34.8,41.6,52.4,51,33.4
GreatBasin,3/21/2022,28.5,35.8,46.3,50.2,32.3
GreatBasin,3/22/2022,33.6,40.6,51.9,51.8,32.6
GreatBasin,3/23/2022,35.7,44.3,57.2,56.8,36.9
GreatBasin,3/24/2022,41.3,49.7,61.4,61.7,40.2
GreatBasin,3/25/2022,43.7,53.3,66.5,65.5,44.3
GreatBasin,3/26/2022,47.8,57,68.5,67.9,46.4
GreatBasin,3/27/2022,47.8,57.4,68.6,68,47.4
GreatBasin,3/28/2022,46.6,55,66.8,64.5,44.5
GreatBasin,3/29/2022,39.2,46.7,58.2,60.4,41.1
GreatBasin,3/30/2022,37.4,45.8,56.2,56.4,38.1
GreatBasin,3/31/2022,37.8,45.7,54.8,55.6,37
GreatBasin,4/1/2022,35.9,44.7,55.9,56.9,38.2
GreatBasin,4/2/2022,40.9,49.4,60.1,58.4,38.8
GreatBasin,4/3/2022,39.5,48.9,59.3,59.8,41
GreatBasin,4/4/2022,42.5,50.6,60,58.9,40.3
GreatBasin,4/5/2022,39,47.3,57.4,56.6,38.2
GreatBasin,4/6/2022,33,42.2,52.4,57,36.2
GreatBasin,4/7/2022,36.6,46.4,61.3,61,37.7
GreatBasin,4/8/2022,43.4,54.1,69.2,66.2,41.1
GreatBasin,4/9/2022,43.2,53.4,68.1,64.6,39.9
GreatBasin,4/10/2022,33,42.6,56.4,59.1,36.9
GreatBasin,4/11/2022,34.4,42.7,52.9,52.3,31.2
GreatBasin,4/12/2022,26.2,33.8,47.5,47.1,27.9
GreatBasin,4/13/2022,23.2,30.4,41,45.9,26.1
GreatBasin,4/14/2022,28.9,36.6,49.3,47.3,28.6
GreatBasin,4/15/2022,33.6,41.8,51.6,52.1,32.9
GreatBasin,4/16/2022,36.3,44.7,55.3,54.4,35.2
GreatBasin,4/17/2022,35.7,44.8,56.3,59.1,37.3
GreatBasin,4/18/2022,40,50.4,65.6,62.2,41
GreatBasin,4/19/2022,47.2,54.8,64.8,63.3,41.7
GreatBasin,4/20/2022,38,47.8,59.4,61.9,42.8
GreatBasin,4/21/2022,43.2,51.7,61.5,60.3,40.6
GreatBasin,4/22/2022,40.6,47.7,59.9,57.9,39.4
GreatBasin,4/23/2022,34.3,42.7,52.3,55.8,36.9
GreatBasin,4/24/2022,35.8,44.6,55.1,56.4,36
GreatBasin,4/25/2022,38,48.4,61.9,61.2,39.6
GreatBasin,4/26/2022,45,54.6,66.6,64.8,42.8
GreatBasin,4/27/2022,45.5,55.8,66,65.5,45
GreatBasin,4/28/2022,44.5,54.2,63.9,63.6,43
GreatBasin,4/29/2022,38.9,48.9,60.9,62.8,41.6
GreatBasin,4/30/2022,41.3,51.3,63.7,62.6,41.5
GreatBasin,5/1/2022,44.3,53.1,63.1,63.7,42.5
GreatBasin,5/2/2022,41.9,51.9,64.2,63.6,42.2
GreatBasin,5/3/2022,40.3,50.3,63.5,63.8,41
GreatBasin,5/4/2022,40.8,50,63.6,66.2,42.6
GreatBasin,5/5/2022,46.7,57.8,71.5,69.2,46.1
GreatBasin,5/6/2022,50.9,61.4,72.5,71.9,49.4
GreatBasin,5/7/2022,50.6,60.2,71.7,69.2,47.8
GreatBasin,5/8/2022,41.8,51.5,63.4,63.4,41.9
GreatBasin,5/9/2022,33.4,43,55,57.8,36.5
GreatBasin,5/10/2022,34.2,43.8,55,56.2,34.9
GreatBasin,5/11/2022,37,47.2,58.5,57.3,36.1
GreatBasin,5/12/2022,37.1,47.3,58.5,60.5,38.8
GreatBasin,5/13/2022,42.4,52.4,64.6,65.1,42.7
GreatBasin,5/14/2022,48.5,58.7,72.2,72,47.9
GreatBasin,5/15/2022,52.7,64.8,79.2,76.6,52.7
GreatBasin,5/16/2022,56.9,68.3,78.5,78,54.5
GreatBasin,5/17/2022,53.8,65.3,76.4,77.1,54.6
GreatBasin,5/18/2022,53,64.6,76.3,76,53.6
GreatBasin,5/19/2022,54.1,63.7,75.3,72.8,49.4
GreatBasin,5/20/2022,41.1,51.7,66.8,68.2,44.7
GreatBasin,5/21/2022,38.9,49.7,62.4,65.4,41.3
GreatBasin,5/22/2022,44,55.2,67.1,65.7,42.8
GreatBasin,5/23/2022,45.4,56.6,67.5,68.1,45.4
GreatBasin,5/24/2022,46.9,58.2,69.7,71.3,47.9
GreatBasin,5/25/2022,51.4,62.9,76.6,76.7,51.6
GreatBasin,5/26/2022,56.6,69.4,83.7,80.8,55.8
GreatBasin,5/27/2022,59.4,70.9,82,81.1,57.1
GreatBasin,5/28/2022,55.4,64.2,77.7,75.9,54.2
GreatBasin,5/29/2022,47.7,56.3,67.9,68.5,48.3
GreatBasin,5/30/2022,41.9,50.4,59.9,63.9,44.3
GreatBasin,5/31/2022,43.3,52.9,64,65.3,43.8
GreatBasin,6/1/2022,46.2,57.9,72,71.2,47.3
GreatBasin,6/2/2022,52.4,64.3,77.5,75.9,51.8
GreatBasin,6/3/2022,56.7,67.9,78.3,77.5,55.3
GreatBasin,6/4/2022,56.9,66.8,76.8,76.5,56.6
GreatBasin,6/5/2022,56.3,65.3,74.3,75.5,56.2
GreatBasin,6/6/2022,55.4,65.5,75.3,75.9,55.5
GreatBasin,6/7/2022,54.8,66.4,78.1,78.5,56.1
GreatBasin,6/8/2022,58.1,69.7,82,81.8,58
GreatBasin,6/9/2022,61.2,73,85.2,85.3,61.3
GreatBasin,6/10/2022,64.7,76.3,88.7,87.2,64.1
GreatBasin,6/11/2022,66.4,77.6,87.6,87.5,64.9
GreatBasin,6/12/2022,63.5,74.4,86.1,84.6,61.7
GreatBasin,6/13/2022,55.1,64.6,80.2,78.2,54.5
GreatBasin,6/14/2022,44.9,56.6,68.3,75,49.6
GreatBasin,6/15/2022,48.8,60.9,76.4,77.5,50.2
GreatBasin,6/16/2022,57,70.7,87.8,83.7,56.3
GreatBasin,6/17/2022,63,75,87,85.7,59.2
GreatBasin,6/18/2022,57.7,69.6,82.3,81.8,57.7
GreatBasin,6/19/2022,52.5,62.9,76.2,76.4,53.2
GreatBasin,6/20/2022,49.4,59.7,70.7,75.5,51.6
GreatBasin,6/21/2022,53,65.1,79.7,77.2,54
GreatBasin,6/22/2022,59.5,70.6,81.2,81.4,58.1
GreatBasin,6/23/2022,61.9,73.2,83.3,82.2,60.7
GreatBasin,6/24/2022,60.6,71.3,82.1,82.7,60.3
GreatBasin,6/25/2022,58.5,70.6,82.7,83.7,60.1
GreatBasin,6/26/2022,61.2,73.6,86.3,86,61.1
GreatBasin,6/27/2022,63.5,76.1,88.9,89,63.8
GreatBasin,6/28/2022,66.8,79.6,91.7,90.3,65.8
GreatBasin,6/29/2022,67.1,78.2,90.3,89.1,65.7
GreatBasin,6/30/2022,63.2,74.8,85.2,87.6,64.2
GreatBasin,7/1/2022,62.4,75,87.4,87,63.1
GreatBasin,7/2/2022,63.8,76.5,88.4,87.7,63.4
GreatBasin,7/3/2022,64,75.5,87.3,86.4,62.8
GreatBasin,7/4/2022,60.6,72.5,83.5,85.2,62.1
GreatBasin,7/5/2022,61.6,73.1,84.7,84.8,61.7
GreatBasin,7/6/2022,62.9,74.8,86.2,86.3,62.6
GreatBasin,7/7/2022,63.4,75.9,87.9,88.3,63.8
GreatBasin,7/8/2022,65.1,77.8,90.7,90.3,65.3
GreatBasin,7/9/2022,67.5,80,92.2,91.2,66.5
GreatBasin,7/10/2022,66.9,79.1,90.8,91.1,66.7
GreatBasin,7/11/2022,65.7,78.2,90.4,91.8,67.2
GreatBasin,7/12/2022,69,81.3,94.2,92.8,68.7
GreatBasin,7/13/2022,71.3,82.9,93.7,92.9,70
GreatBasin,7/14/2022,69.8,80.8,90.7,91.8,70.2
GreatBasin,7/15/2022,69.4,80.2,90.9,91.7,69.4
GreatBasin,7/16/2022,69,81.1,93.5,93.2,70.2
GreatBasin,7/17/2022,72.2,83.8,95.1,93.9,70.8
GreatBasin,7/18/2022,71.2,82.1,93.1,93,70.3
GreatBasin,7/19/2022,67.6,78.4,90.7,92.2,69.4
GreatBasin,7/20/2022,69.3,80.8,92.9,92.6,68.9
GreatBasin,7/21/2022,69.7,82.1,94.2,93.8,69.8
GreatBasin,7/22/2022,70.3,82.7,94.4,93.8,69.9
GreatBasin,7/23/2022,69.7,81.3,92.8,92.6,69.9
GreatBasin,7/24/2022,69.6,79.5,90.6,90.6,68.5
GreatBasin,7/25/2022,66.1,77.3,88.3,88.9,67.6
GreatBasin,7/26/2022,67,77.7,87.9,88.9,67.3
GreatBasin,7/27/2022,68.8,79.4,90.4,89.9,68.1
GreatBasin,7/28/2022,68.4,79.9,91.3,90.7,68.6
GreatBasin,7/29/2022,68.6,79.8,90.5,90.8,68.6
GreatBasin,7/30/2022,68.8,79.7,90.6,90.8,68.7
GreatBasin,7/31/2022,68.8,80,91.2,90.6,69.4
GreatBasin,8/1/2022,70.7,80.5,90,89.5,69.5
GreatBasin,8/2/2022,69.1,78.3,87.2,88.8,69
GreatBasin,8/3/2022,67.2,78,89.3,88.8,68.9
GreatBasin,8/4/2022,70.3,80.3,90,89.1,68.6
GreatBasin,8/5/2022,68.2,77.3,88.1,87.2,67.5
GreatBasin,8/6/2022,64.1,73.8,83.4,86.1,65
GreatBasin,8/7/2022,62.6,73.5,86.9,86.7,64.2
GreatBasin,8/8/2022,65.8,77.4,89.7,88.3,65.5
GreatBasin,8/9/2022,68.2,78.4,88.2,88.1,67.6
GreatBasin,8/10/2022,68.9,78.1,86.5,87.4,68.2
GreatBasin,8/11/2022,67.6,77.7,87.5,87,68.4
GreatBasin,8/12/2022,68.7,78.4,86.9,86.5,68
GreatBasin,8/13/2022,67.8,76.6,85.1,85.8,67.4
GreatBasin,8/14/2022,65.7,75.6,85.3,86.2,66.5
GreatBasin,8/15/2022,65.9,76.7,88.3,87.9,66.2
GreatBasin,8/16/2022,67.1,78.3,90,89.9,67.5
GreatBasin,8/17/2022,69.6,80.3,91.4,90.5,68.6
GreatBasin,8/18/2022,69.2,80,90.2,89.8,68.8
GreatBasin,8/19/2022,67.7,76.9,87.9,87.5,67.1
GreatBasin,8/20/2022,64.5,74.7,84.3,86.3,66
GreatBasin,8/21/2022,65.8,75.9,86.6,86.6,65.6
GreatBasin,8/22/2022,66.6,77.3,88.8,88.3,66.4
GreatBasin,8/23/2022,66.9,78,89.5,88.9,66.9
GreatBasin,8/24/2022,67.1,78.3,88.5,88.2,66.6
GreatBasin,8/25/2022,65.8,76.2,86.6,87.1,66.1
GreatBasin,8/26/2022,65.3,75.6,86.1,86.2,65.3
GreatBasin,8/27/2022,64.9,75.5,85.9,85.4,64
GreatBasin,8/28/2022,61.9,73.1,84.1,85.8,63.2
GreatBasin,8/29/2022,62.8,74.1,87.4,87.9,63.9
GreatBasin,8/30/2022,67,78.5,92.3,91.2,66.4
GreatBasin,8/31/2022,69.5,81.3,93.9,93.2,68.9
GreatBasin,9/1/2022,70.2,81.7,93.3,93.3,69.6
GreatBasin,9/2/2022,69,80.4,92.6,93.5,69.5
GreatBasin,9/3/2022,69.2,81.2,94.5,93.6,69.3
GreatBasin,9/4/2022,69.7,81.2,93.6,94.1,69.7
GreatBasin,9/5/2022,70.2,81.8,94.1,94.6,70
GreatBasin,9/6/2022,70.2,82.2,96,95,71
GreatBasin,9/7/2022,72.6,83.8,94.8,94.5,70.8
GreatBasin,9/8/2022,69.7,80,92.8,91,67.1
GreatBasin,9/9/2022,59.1,70.8,85.5,85.4,61.3
GreatBasin,9/10/2022,55.2,66.2,77.8,82.3,57.8
GreatBasin,9/11/2022,59.1,69.6,83.5,81.1,58.7
GreatBasin,9/12/2022,61.9,71.7,82,81.5,60.8
GreatBasin,9/13/2022,61.5,69.1,78.9,78.1,60.2
GreatBasin,9/14/2022,57.3,64.8,73.5,75.1,58.2
GreatBasin,9/15/2022,55.9,64.2,73,73,56
GreatBasin,9/16/2022,54.7,63.4,72.4,73.2,54.7
GreatBasin,9/17/2022,53.6,63.2,74.3,74.4,54.2
GreatBasin,9/18/2022,54.2,64.2,76.4,76.2,54.8
GreatBasin,9/19/2022,56.5,66.1,78,76.9,55.9
GreatBasin,9/20/2022,57.1,66.6,76.4,76.2,56.4
GreatBasin,9/21/2022,55.7,64.8,74.3,74.1,55.4
GreatBasin,9/22/2022,53.4,61.8,71.5,72.9,53.7
GreatBasin,9/23/2022,51.9,61.2,73,73.7,53.2
GreatBasin,9/24/2022,54.3,64.2,76.5,76.1,54.1
GreatBasin,9/25/2022,56.1,66.3,78.8,79,56.2
GreatBasin,9/26/2022,58.3,68.6,81.7,80.9,58
GreatBasin,9/27/2022,59.5,70,82.1,81.8,59.7
GreatBasin,9/28/2022,61.4,70.9,81.5,80.7,60.2
GreatBasin,9/29/2022,59.7,68.3,78.4,77.6,58.6
GreatBasin,9/30/2022,54.6,63,72.9,73.3,55.3
GreatBasin,10/1/2022,51.7,59.8,68.7,71,52.9
GreatBasin,10/2/2022,52.5,60.7,71.5,70.9,52.3
GreatBasin,10/3/2022,52.8,61.7,72.5,72.4,52.6
GreatBasin,10/4/2022,52.5,62.2,73.2,73.4,53
GreatBasin,10/5/2022,53.8,63.2,74.5,73.9,53.3
GreatBasin,10/6/2022,53.5,63.2,73.9,74.2,53.6
GreatBasin,10/7/2022,53.5,63.1,74.2,74.1,53.6
GreatBasin,10/8/2022,53.9,63.3,74.1,73.9,53.6
GreatBasin,10/9/2022,53.4,62.7,73.5,73.5,53.4
GreatBasin,10/10/2022,52.8,62.3,73,72.3,53
GreatBasin,10/11/2022,52.7,61.3,70.4,71.6,52.1
GreatBasin,10/12/2022,50.9,60,71.3,71.4,51.4
GreatBasin,10/13/2022,50.7,60.7,72.4,72.2,50.9
GreatBasin,10/14/2022,51,60.9,72.8,71.8,50.8
GreatBasin,10/15/2022,50.7,60.4,70.2,70.4,50
GreatBasin,10/16/2022,48.4,57.7,68.2,69.6,49.3
GreatBasin,10/17/2022,48.8,58.1,70.4,70.3,49.3
GreatBasin,10/18/2022,50.6,60,72.4,71.5,50.1
GreatBasin,10/19/2022,50.9,60.6,71.7,71.6,50.5
GreatBasin,10/20/2022,50,59.6,70.8,70.3,50.2
GreatBasin,10/21/2022,49.7,58.6,68.3,67.7,49.4
GreatBasin,10/22/2022,48.4,54.1,63.9,61.3,44.4
GreatBasin,10/23/2022,35,41.6,51.8,54,37.7
GreatBasin,10/24/2022,29.6,36.3,46.2,49.4,33.7
GreatBasin,10/25/2022,36.4,41.3,50.1,48.6,34
GreatBasin,10/26/2022,35.9,41.8,49.5,48.8,34.6
GreatBasin,10/27/2022,31.4,38.6,46.8,49.5,33.4
GreatBasin,10/28/2022,32.9,40,52.3,51.2,33.8
GreatBasin,10/29/2022,37,44,54.4,54.2,36.1
GreatBasin,10/30/2022,38.3,45.7,56,56.2,38.4
GreatBasin,10/31/2022,39.8,47.2,58.3,57.9,40.7
GreatBasin,11/1/2022,43.9,49.9,59.5,57.3,40.4
GreatBasin,11/2/2022,37.4,43.5,54,51.3,36.4
GreatBasin,11/3/2022,28,33.7,40.4,45.1,30.7
GreatBasin,11/4/2022,26.6,31.6,40.8,42.3,30.4
GreatBasin,11/5/2022,36.5,39.3,45.7,44.3,31.8
GreatBasin,11/6/2022,32.4,38.8,46.3,46.6,35.3
GreatBasin,11/7/2022,37.1,40.9,47.8,46.3,34.8
GreatBasin,11/8/2022,35,39.4,44.7,44.6,34.4
GreatBasin,11/9/2022,31.2,35.8,41.3,40.1,29.5
GreatBasin,11/10/2022,22.4,28.2,34.4,36.6,24.5
GreatBasin,11/11/2022,20,25.7,34.1,35.4,21.9
GreatBasin,11/12/2022,23.3,28,37.8,36.1,22.4
GreatBasin,11/13/2022,23.8,29.4,36.5,36.3,22.9
GreatBasin,11/14/2022,21.7,27,34.7,35.5,22.3
GreatBasin,11/15/2022,21.3,26.9,35.2,35.4,21.6
GreatBasin,11/16/2022,21.9,27.2,36.2,35.5,21.8
GreatBasin,11/17/2022,22.2,27.8,35.1,35,21.6
GreatBasin,11/18/2022,20.8,26.6,33.6,34,20.4
GreatBasin,11/19/2022,18.3,24.3,33.4,34.8,20.3
GreatBasin,11/20/2022,21.7,27.2,37.3,36.5,21.5
GreatBasin,11/21/2022,24.6,30.2,38.8,38.9,24.3
GreatBasin,11/22/2022,26.7,32,40.7,40.3,27.3
GreatBasin,11/23/2022,30.5,34.7,41.3,40.8,28.1
GreatBasin,11/24/2022,27,32.6,40.3,41.5,29
GreatBasin,11/25/2022,29.6,34.2,42.9,41.7,29.7
GreatBasin,11/26/2022,32.6,36.4,41.8,41.5,30
GreatBasin,11/27/2022,27.9,33,39.7,39.7,30
GreatBasin,11/28/2022,29.6,33.3,37.6,36.5,26.1
GreatBasin,11/29/2022,20.7,26.4,32.3,35.7,23.9
GreatBasin,11/30/2022,21.4,26.2,37.2,36.4,24.2
GreatBasin,12/1/2022,30.4,33.4,39.8,37.7,25.6
GreatBasin,12/2/2022,24.9,30.4,36,37.6,25.9
GreatBasin,12/3/2022,22.4,26.8,37,38,25.7
GreatBasin,12/4/2022,29.7,33.2,41,38.8,27.8
GreatBasin,12/5/2022,31.2,34.7,38.3,38.2,29.2
GreatBasin,12/6/2022,26.6,30.5,35.4,36,27
GreatBasin,12/7/2022,23.3,27.7,34.2,34.5,24
GreatBasin,12/8/2022,22.2,26.6,33.8,34.5,23.7
GreatBasin,12/9/2022,25.7,28.6,35.4,35.9,24.5
GreatBasin,12/10/2022,25.7,29.8,38.6,37.4,27.5
GreatBasin,12/11/2022,31.2,34,38.1,36.8,27.1
GreatBasin,12/12/2022,24.5,28.9,33.7,33.7,25.2
GreatBasin,12/13/2022,19.9,23.5,29.4,31,21.5
GreatBasin,12/14/2022,20,23.2,29.8,29.4,19.7
GreatBasin,12/15/2022,19.1,22.9,28.9,28,17.9
GreatBasin,12/16/2022,14.6,19.3,25.2,26.6,15.6
GreatBasin,12/17/2022,13.1,17.5,25.8,25.4,13.7
GreatBasin,12/18/2022,13.4,17.9,25.2,26.2,13.7
GreatBasin,12/19/2022,14.5,18.9,27.6,28.5,16.2
GreatBasin,12/20/2022,20.6,23.8,32.6,30.7,19.9
GreatBasin,12/21/2022,24.7,27.4,31.8,30.3,19.8
GreatBasin,12/22/2022,14.1,20.4,26.6,30.3,18.8
GreatBasin,12/23/2022,17.6,21.7,32.5,33,20.1
GreatBasin,12/24/2022,28.7,31.7,40,38.4,26.7
GreatBasin,12/25/2022,33.8,36.3,42.6,42.1,32.3
GreatBasin,12/26/2022,34.4,37.6,43.8,43.4,35.5
GreatBasin,12/27/2022,38.3,40,43.7,42.8,34.9
GreatBasin,12/28/2022,32.1,36.1,40.8,39.5,31.7
GreatBasin,12/29/2022,24.7,28.9,34.1,37.6,28.1
GreatBasin,12/30/2022,27.5,31,37.9,37.4,29
GreatBasin,12/31/2022,34.9,36.3,40.1,39,31.2
