Region,Date,Daily_Min_Temp,Daily_Max_Temp,3_Day_Rolling_Avg_Max_Temp,3_Day_Rolling_Avg_Min_Temp
Ontario,1/1/1981,6.2,18.4,21.2,0.1
Ontario,1/2/1981,-6,24.1,13.6,-5.4
Ontario,1/3/1981,-16.5,-1.6,9.7,-15.6
Ontario,1/4/1981,-24.5,6.8,8.3,-15.4
Ontario,1/5/1981,-5.2,19.7,16.7,-6.4
Ontario,1/6/1981,10.3,23.6,22.8,1.5
Ontario,1/7/1981,-0.6,25.2,20.1,0.1
Ontario,1/8/1981,-9.6,11.5,17.9,-2.8
Ontario,1/9/1981,1.7,17,13.4,-5.7
Ontario,1/10/1981,-9.1,11.6,8.1,-7.1
Ontario,1/11/1981,-14,-4.4,7.2,-12.1
Ontario,1/12/1981,-13.3,14.4,8.7,-9.9
Ontario,1/13/1981,-2.4,16.2,16.5,-3.3
Ontario,1/14/1981,5.9,19,18.2,4.2
Ontario,1/15/1981,9,19.3,18,5.2
Ontario,1/16/1981,0.7,15.7,16.3,2.6
Ontario,1/17/1981,-1.9,14,20,2.3
Ontario,1/18/1981,8.1,30.4,25.7,5.9
Ontario,1/19/1981,11.4,32.6,30,7.8
Ontario,1/20/1981,4,26.9,28.3,5.5
Ontario,1/21/1981,1.2,25.5,27.9,7.7
Ontario,1/22/1981,17.9,31.3,29.3,12.5
Ontario,1/23/1981,18.5,31,30.2,19.3
Ontario,1/24/1981,21.4,28.4,31.1,15.8
Ontario,1/25/1981,7.6,33.8,35.3,19.2
Ontario,1/26/1981,28.7,43.5,37.4,19.8
Ontario,1/27/1981,22.9,35,33.9,22.5
Ontario,1/28/1981,16,23.3,25.8,15.2
Ontario,1/29/1981,6.6,19.1,19.9,8.8
Ontario,1/30/1981,3.7,17.4,21.3,5.2
Ontario,1/31/1981,5.2,27.4,27.7,8.2
Ontario,2/1/1981,15.7,38.2,33.7,10.7
Ontario,2/2/1981,11.3,35.4,28.2,9.8
Ontario,2/3/1981,2.5,11,19.7,2.1
Ontario,2/4/1981,-7.4,12.6,13.3,-4.4
Ontario,2/5/1981,-8.2,16.2,18.6,-0.8
Ontario,2/6/1981,13.2,27.1,25.9,7
Ontario,2/7/1981,16,34.6,31.4,15.4
Ontario,2/8/1981,16.8,32.4,29.9,16.2
Ontario,2/9/1981,15.6,22.6,32,14.8
Ontario,2/10/1981,12.1,41,36.8,12.6
Ontario,2/11/1981,10.1,46.9,32.8,7.4
Ontario,2/12/1981,0.2,10.6,26.9,4.8
Ontario,2/13/1981,4.2,23.3,22.6,6.2
Ontario,2/14/1981,14.3,33.8,31.6,13.2
Ontario,2/15/1981,21.2,37.7,39.1,22.7
Ontario,2/16/1981,32.7,45.6,42.5,30.3
Ontario,2/17/1981,37.1,44.2,46.3,36.4
Ontario,2/18/1981,39.5,49.2,46.8,38
Ontario,2/19/1981,37.3,46.9,47,38.3
Ontario,2/20/1981,38,45,46.4,37.8
Ontario,2/21/1981,37.9,47.3,49,37.6
Ontario,2/22/1981,36.9,54.7,51.4,36
Ontario,2/23/1981,33.1,52,49.9,34.8
Ontario,2/24/1981,34.3,43,45.2,32.9
Ontario,2/25/1981,31.2,40.7,39.9,30.8
Ontario,2/26/1981,26.7,36,39.6,27.3
Ontario,2/27/1981,23.9,41.9,39.5,27.2
Ontario,2/28/1981,30.9,40.4,39.4,28.9
Ontario,3/1/1981,32,35.7,36.9,28
Ontario,3/2/1981,21.1,34.4,31.7,22.5
Ontario,3/3/1981,14.3,24.9,31.3,17.7
Ontario,3/4/1981,17.6,34.6,30.6,17.4
Ontario,3/5/1981,20.3,32.4,33.4,19.2
Ontario,3/6/1981,19.8,33,34.3,21.6
Ontario,3/7/1981,24.9,37.4,36.8,25.7
Ontario,3/8/1981,32.4,40.1,39.2,29.6
Ontario,3/9/1981,31.5,40.1,39.4,31.3
Ontario,3/10/1981,29.9,37.9,37.7,27.8
Ontario,3/11/1981,22,35.1,38.7,24.9
Ontario,3/12/1981,22.7,43.2,38.2,21.4
Ontario,3/13/1981,19.3,36.2,36.8,18.3
Ontario,3/14/1981,12.9,31.2,37.9,17.7
Ontario,3/15/1981,20.9,46.2,34.3,14.3
Ontario,3/16/1981,9,25.6,32.6,11.7
Ontario,3/17/1981,5.3,25.9,25.6,7.3
Ontario,3/18/1981,7.5,25.2,26,6.8
Ontario,3/19/1981,7.8,26.7,28,9.7
Ontario,3/20/1981,13.7,32.1,33.2,11.3
Ontario,3/21/1981,12.4,40.7,39.7,16.5
Ontario,3/22/1981,23.5,46.1,44.5,20.7
Ontario,3/23/1981,26.2,46.5,46.7,25
Ontario,3/24/1981,25.3,47.5,47.5,26
Ontario,3/25/1981,26.5,48.4,47.7,24.9
Ontario,3/26/1981,22.9,47.1,49.3,25.3
Ontario,3/27/1981,26.4,52.3,51.8,23.6
Ontario,3/28/1981,21.5,55.9,59.3,31.5
Ontario,3/29/1981,46.5,69.9,63.7,38.5
Ontario,3/30/1981,47.5,65.3,63.2,45
Ontario,3/31/1981,40.9,54.4,61.2,42.1
Ontario,4/1/1981,37.9,63.8,58.5,38.6
Ontario,4/2/1981,37.1,57.1,64.4,37.2
Ontario,4/3/1981,36.8,72.2,67.6,42.2
Ontario,4/4/1981,52.7,73.4,67.5,41.1
Ontario,4/5/1981,33.9,56.8,59.3,38.5
Ontario,4/6/1981,28.8,47.7,54.3,29.6
Ontario,4/7/1981,26.1,58.3,58.6,31.2
Ontario,4/8/1981,38.5,69.8,63.2,35.3
Ontario,4/9/1981,41.1,61.5,65.6,39
Ontario,4/10/1981,37.4,65.3,64.4,40.9
Ontario,4/11/1981,44.2,66.3,59.1,39.1
Ontario,4/12/1981,35.7,45.6,54.7,39.5
Ontario,4/13/1981,38.6,52,50.5,35
Ontario,4/14/1981,30.8,53.8,49.3,31
Ontario,4/15/1981,23.5,42.2,51.9,27.6
Ontario,4/16/1981,28.5,59.7,55.4,31.7
Ontario,4/17/1981,43.1,64.2,60.7,34.3
Ontario,4/18/1981,31.2,58.3,56.7,33.9
Ontario,4/19/1981,27.5,47.6,47.9,27.2
Ontario,4/20/1981,23,38,42.1,23.3
Ontario,4/21/1981,19.6,40.6,41.8,23.4
Ontario,4/22/1981,27.6,46.7,44.1,27.4
Ontario,4/23/1981,35,44.8,45.8,33.2
Ontario,4/24/1981,37.1,45.8,45.5,35.7
Ontario,4/25/1981,35,45.8,50.1,35
Ontario,4/26/1981,33,58.9,56.3,34.8
Ontario,4/27/1981,36.5,64.3,60.9,38.2
Ontario,4/28/1981,45.1,59.6,59.6,40.7
Ontario,4/29/1981,40.4,54.9,57.4,39.9
Ontario,4/30/1981,34.3,57.8,56.4,35.8
Ontario,5/1/1981,32.6,56.4,56.3,33.5
Ontario,5/2/1981,33.6,54.7,56.5,32.1
Ontario,5/3/1981,30.2,58.5,61,32.6
Ontario,5/4/1981,34,69.8,66.9,35.6
Ontario,5/5/1981,42.7,72.4,66.1,36.9
Ontario,5/6/1981,33.9,56.3,62.6,35.8
Ontario,5/7/1981,30.7,59.2,59.8,32.4
Ontario,5/8/1981,32.8,64.1,61,34.9
Ontario,5/9/1981,41.3,59.8,61.8,39.7
Ontario,5/10/1981,44.9,61.4,58.8,44.1
Ontario,5/11/1981,46.2,55,56.2,43.2
Ontario,5/12/1981,38.6,52.2,54.4,40.3
Ontario,5/13/1981,36.1,56,55.5,37.8
Ontario,5/14/1981,38.6,58.2,57.4,40.2
Ontario,5/15/1981,46,58.1,60.2,43.3
Ontario,5/16/1981,45.4,64.4,58.6,41.5
Ontario,5/17/1981,33.2,53.3,57.8,35.8
Ontario,5/18/1981,28.8,55.6,58,31.6
Ontario,5/19/1981,32.7,65.1,64.8,32.2
Ontario,5/20/1981,35,73.6,72.9,38.7
Ontario,5/21/1981,48.3,80.1,76.8,44.3
Ontario,5/22/1981,49.7,76.6,78.6,47.3
Ontario,5/23/1981,44.1,79.2,77.2,46.1
Ontario,5/24/1981,44.6,75.8,77.3,48.3
Ontario,5/25/1981,56.4,76.8,77.6,52.9
Ontario,5/26/1981,57.9,80,74,56.3
Ontario,5/27/1981,54.7,65.1,71.4,55.7
Ontario,5/28/1981,54.5,69.1,69.3,55.9
Ontario,5/29/1981,58.7,73.7,71.2,54.4
Ontario,5/30/1981,49.9,70.8,69.4,50.3
Ontario,5/31/1981,42.3,63.6,66.7,43.4
Ontario,6/1/1981,38,65.7,66.7,41
Ontario,6/2/1981,42.8,70.8,69.7,45.3
Ontario,6/3/1981,55,72.6,72.7,51.5
Ontario,6/4/1981,56.7,74.8,75.6,55.2
Ontario,6/5/1981,53.7,79.5,76.9,55.2
Ontario,6/6/1981,55.1,76.3,74.7,52.7
Ontario,6/7/1981,49.4,68.3,73.5,50.2
Ontario,6/8/1981,46,75.9,72.2,51.1
Ontario,6/9/1981,58,72.5,71.8,51.4
Ontario,6/10/1981,50.2,66.9,71,52.4
Ontario,6/11/1981,49.1,73.4,70.1,50.6
Ontario,6/12/1981,52.4,70.1,70.8,50.3
Ontario,6/13/1981,49.4,68.8,72.2,52.3
Ontario,6/14/1981,55.2,77.8,78.2,56.3
Ontario,6/15/1981,64.4,87.9,84.1,60
Ontario,6/16/1981,60.5,86.6,81.8,59.7
Ontario,6/17/1981,54.3,70.8,78.4,54.5
Ontario,6/18/1981,48.7,77.9,73.8,52
Ontario,6/19/1981,53,72.6,73.2,49.7
Ontario,6/20/1981,47.3,69,70.8,52.1
Ontario,6/21/1981,56,70.9,68.9,52.8
Ontario,6/22/1981,55,66.9,69.3,54.4
Ontario,6/23/1981,52.4,70.1,68.8,52.7
Ontario,6/24/1981,50.8,69.5,72.3,51.5
Ontario,6/25/1981,51.4,77.5,71.5,50.6
Ontario,6/26/1981,49.7,67.6,74,49.4
Ontario,6/27/1981,47,76.9,73.9,47.9
Ontario,6/28/1981,47.2,77.1,80.4,50.8
Ontario,6/29/1981,58.4,87.1,80.2,55.9
Ontario,6/30/1981,62.2,76.5,80.3,60.9
Ontario,7/1/1981,62,77.4,77.8,62.4
Ontario,7/2/1981,63.1,79.5,78.9,61.3
Ontario,7/3/1981,58.8,79.8,79.7,62.4
Ontario,7/4/1981,65.1,79.8,79.1,62.6
Ontario,7/5/1981,63.8,77.6,80.8,63.1
Ontario,7/6/1981,60.3,85,83.3,62.5
Ontario,7/7/1981,63.3,87.4,87.6,64.1
Ontario,7/8/1981,68.5,90.4,88.8,64.2
Ontario,7/9/1981,60.7,88.6,87.7,62.1
Ontario,7/10/1981,57.2,84,86.9,58
Ontario,7/11/1981,56,88,85.5,58.9
Ontario,7/12/1981,63.6,84.6,86.3,61.5
Ontario,7/13/1981,64.8,86.4,81.3,62.4
Ontario,7/14/1981,58.7,72.8,79.7,59.6
Ontario,7/15/1981,55.4,79.7,77.7,55
Ontario,7/16/1981,50.9,80.6,81.4,53.4
Ontario,7/17/1981,53.8,83.8,82.7,54.6
Ontario,7/18/1981,59,83.7,83.3,58.9
Ontario,7/19/1981,64,82.6,80.1,62.4
Ontario,7/20/1981,64.2,74.1,76.3,60.1
Ontario,7/21/1981,52.1,72.2,72.6,54.8
Ontario,7/22/1981,48.1,71.6,72.7,49.1
Ontario,7/23/1981,47,74.3,73.9,48.4
Ontario,7/24/1981,50.1,75.6,76.8,50
Ontario,7/25/1981,52.9,80.3,77.8,53.2
Ontario,7/26/1981,56.8,77.6,77.8,55
Ontario,7/27/1981,55.5,75.7,73.1,55.1
Ontario,7/28/1981,52.9,66.2,71.7,53.8
Ontario,7/29/1981,53,73.2,73.6,53.6
Ontario,7/30/1981,55,81.5,78.8,53
Ontario,7/31/1981,51.1,81.5,81.7,53.2
Ontario,8/1/1981,53.5,82.1,82.8,53.9
Ontario,8/2/1981,57.1,84.8,81.9,58.2
Ontario,8/3/1981,64.1,78.9,81.4,60.8
Ontario,8/4/1981,61.3,80.3,79.7,61.7
Ontario,8/5/1981,59.7,79.8,79.1,58.8
Ontario,8/6/1981,55.5,77.2,77.3,57.7
Ontario,8/7/1981,57.8,75,74.8,58
Ontario,8/8/1981,60.6,72.2,76,60
Ontario,8/9/1981,61.4,80.8,77.6,60.8
Ontario,8/10/1981,60.5,79.7,79.3,59.7
Ontario,8/11/1981,57.2,77.5,79.2,57.7
Ontario,8/12/1981,55.4,80.3,79.4,57.7
Ontario,8/13/1981,60.7,80.4,77.6,59.3
Ontario,8/14/1981,61.9,72.1,74.4,60.4
Ontario,8/15/1981,58.7,70.7,70.4,57.2
Ontario,8/16/1981,50.9,68.3,69.5,52.2
Ontario,8/17/1981,47,69.3,70.8,47.6
Ontario,8/18/1981,44.8,74.8,73.1,46.7
Ontario,8/19/1981,48.4,75.2,76,47.9
Ontario,8/20/1981,50.6,78.2,77.6,49.9
Ontario,8/21/1981,50.6,79.5,79,52.8
Ontario,8/22/1981,57.1,79.4,79.9,54
Ontario,8/23/1981,54.3,80.8,77,56.4
Ontario,8/24/1981,57.7,70.7,74.3,54.9
Ontario,8/25/1981,52.8,71.5,72.5,53.7
Ontario,8/26/1981,50.7,75.4,71.7,53.1
Ontario,8/27/1981,55.9,68.3,70.4,55.4
Ontario,8/28/1981,59.5,67.6,70.9,59.1
Ontario,8/29/1981,61.9,76.9,72.2,61.6
Ontario,8/30/1981,63.4,72,75.1,62.9
Ontario,8/31/1981,63.4,76.5,75.7,64
Ontario,9/1/1981,65.2,78.7,78.1,64.5
Ontario,9/2/1981,64.8,79.1,76.6,64.7
Ontario,9/3/1981,64,72,75.2,63.3
Ontario,9/4/1981,61.1,74.5,72.1,62
Ontario,9/5/1981,60.9,69.9,71.5,60.3
Ontario,9/6/1981,59,70,71.9,59
Ontario,9/7/1981,57,75.9,72.7,57
Ontario,9/8/1981,55.1,72,69.3,53.1
Ontario,9/9/1981,47.3,60.1,67.3,51.4
Ontario,9/10/1981,51.8,69.8,65.7,49.1
Ontario,9/11/1981,48.2,67.2,70.7,51.4
Ontario,9/12/1981,54.3,75.2,73.8,52
Ontario,9/13/1981,53.5,79,77,52.5
Ontario,9/14/1981,49.8,76.9,74.6,50.2
Ontario,9/15/1981,47.2,67.8,69.5,47.5
Ontario,9/16/1981,45.5,63.9,62.3,46
Ontario,9/17/1981,45.3,55.1,60.2,45.7
Ontario,9/18/1981,46.2,61.5,59.5,44.6
Ontario,9/19/1981,42.3,61.7,60.2,43.5
Ontario,9/20/1981,42,57.2,58.6,42.2
Ontario,9/21/1981,42.2,56.7,56.5,41.7
Ontario,9/22/1981,40.8,55.6,55.8,41.3
Ontario,9/23/1981,40.8,55.1,57.7,39.7
Ontario,9/24/1981,37.5,62.4,60.1,42.2
Ontario,9/25/1981,48.3,62.7,64.2,45.5
Ontario,9/26/1981,50.8,67.4,66.7,49.2
Ontario,9/27/1981,48.5,70.1,63.9,45.4
Ontario,9/28/1981,37,54.3,58.7,39.8
Ontario,9/29/1981,33.9,51.5,52.2,34.3
Ontario,9/30/1981,31.8,50.6,51.6,35.1
Ontario,10/1/1981,39.7,52.6,50.4,37.2
Ontario,10/2/1981,39.9,48,50.3,38.8
Ontario,10/3/1981,36.9,50.5,50.8,37
Ontario,10/4/1981,34.2,54.1,54.4,39.1
Ontario,10/5/1981,46.3,58.7,59,41.2
Ontario,10/6/1981,43.1,64.3,57.6,44.3
Ontario,10/7/1981,43.5,49.7,55.1,41.2
Ontario,10/8/1981,36.9,51.4,50.5,37.7
Ontario,10/9/1981,32.7,50.5,51.2,33.6
Ontario,10/10/1981,31.2,51.7,51.2,32
Ontario,10/11/1981,32.1,51.6,52.1,31.2
Ontario,10/12/1981,30.4,53,53.1,30.3
Ontario,10/13/1981,28.4,54.8,56,30.1
Ontario,10/14/1981,31.5,60.3,57.5,33.4
Ontario,10/15/1981,40.2,57.6,56.4,35.4
Ontario,10/16/1981,34.5,51.5,53.8,35.2
Ontario,10/17/1981,30.9,52.4,54.8,33.9
Ontario,10/18/1981,36.3,60.4,51.9,33.6
Ontario,10/19/1981,33.8,42.8,53.5,35.1
Ontario,10/20/1981,35.2,57.2,48.6,34.3
Ontario,10/21/1981,34,45.7,47.2,34
Ontario,10/22/1981,32.9,38.5,43.9,32.8
Ontario,10/23/1981,31.6,47.5,42,30.9
Ontario,10/24/1981,28.1,39.8,45.6,30.4
Ontario,10/25/1981,31.5,49.4,46.1,32.2
Ontario,10/26/1981,37.2,49,50.1,38.7
Ontario,10/27/1981,47.3,51.9,50.3,41.9
Ontario,10/28/1981,41.3,50.1,48.5,40.4
Ontario,10/29/1981,32.7,43.4,49.1,35.6
Ontario,10/30/1981,32.8,53.8,50.2,32.3
Ontario,10/31/1981,31.5,53.4,55.1,33.5
Ontario,11/1/1981,36.1,58.2,57.5,35.4
Ontario,11/2/1981,38.5,60.8,57.4,35.8
Ontario,11/3/1981,32.9,53.1,57.1,35.1
Ontario,11/4/1981,34,57.3,55.3,33.5
Ontario,11/5/1981,33.6,55.4,54.2,33.6
Ontario,11/6/1981,33.2,50,49.8,32.5
Ontario,11/7/1981,30.8,44.1,50.5,31.4
Ontario,11/8/1981,30.2,57.3,47.7,28.4
Ontario,11/9/1981,24.3,41.7,45.9,24.9
Ontario,11/10/1981,20,38.6,41.6,24
Ontario,11/11/1981,27.5,44.5,39.6,23.9
Ontario,11/12/1981,24.2,35.8,43.4,24.7
Ontario,11/13/1981,22.3,49.9,46.4,24.1
Ontario,11/14/1981,25.8,53.3,54.2,26.4
Ontario,11/15/1981,31,59.4,53.8,32.6
Ontario,11/16/1981,41,48.7,51,37.8
Ontario,11/17/1981,41.3,45,46.4,40
Ontario,11/18/1981,37.6,45.4,43.3,38.2
Ontario,11/19/1981,35.6,39.5,41.5,35
Ontario,11/20/1981,31.8,39.5,38.2,32.4
Ontario,11/21/1981,29.9,35.5,35.7,29.6
Ontario,11/22/1981,27,32,33.4,28.6
Ontario,11/23/1981,29,32.6,33.1,25.3
Ontario,11/24/1981,19.9,34.7,34.4,22.6
Ontario,11/25/1981,18.8,35.7,36.9,22.8
Ontario,11/26/1981,29.8,40.3,41.5,27.5
Ontario,11/27/1981,33.9,48.6,42.4,32.1
Ontario,11/28/1981,32.5,38.2,40.4,30.6
Ontario,11/29/1981,25.5,34.3,36.4,28
Ontario,11/30/1981,25.9,36.7,37.8,26.1
Ontario,12/1/1981,26.8,42.4,40.6,29.2
Ontario,12/2/1981,35,42.8,41.8,30.2
Ontario,12/3/1981,28.8,40.1,41.1,30.2
Ontario,12/4/1981,26.9,40.4,38.2,26.5
Ontario,12/5/1981,23.9,33.9,35.4,24.4
Ontario,12/6/1981,22.6,31.9,34.5,24.4
Ontario,12/7/1981,26.8,37.7,34.7,22.4
Ontario,12/8/1981,17.9,34.5,33.2,21
Ontario,12/9/1981,18.3,27.4,29.1,17.8
Ontario,12/10/1981,17.3,25.6,27.5,17.8
Ontario,12/11/1981,17.9,29.4,27.5,16.6
Ontario,12/12/1981,14.7,27.6,29.5,19
Ontario,12/13/1981,24.4,31.4,31.2,21.1
Ontario,12/14/1981,24.2,34.6,33.6,24.9
Ontario,12/15/1981,26,34.9,34.1,24.5
Ontario,12/16/1981,23.3,32.9,30.9,21
Ontario,12/17/1981,13.7,24.8,27.8,15.4
Ontario,12/18/1981,9.1,25.7,24,10.4
Ontario,12/19/1981,8.4,21.4,23.6,7.9
Ontario,12/20/1981,6.3,23.6,25.5,9.1
Ontario,12/21/1981,12.5,31.6,30,15.6
Ontario,12/22/1981,27.9,34.7,34.1,22.4
Ontario,12/23/1981,26.8,36.1,34.7,25.6
Ontario,12/24/1981,22.1,33.3,32.9,21.4
Ontario,12/25/1981,15.3,29.3,31.4,18.4
Ontario,12/26/1981,17.9,31.6,31.5,18.6
Ontario,12/27/1981,22.6,33.7,32.8,21.3
Ontario,12/28/1981,23.3,33.2,32.4,22.6
Ontario,12/29/1981,22.1,30.3,29.5,18.9
Ontario,12/30/1981,11.4,25,30.2,16.7
Ontario,12/31/1981,16.6,35.3,32.5,14.8
Ontario,1/1/1982,16.5,37.1,32.7,12.4
Ontario,1/2/1982,4.2,25.8,33.5,13
Ontario,1/3/1982,18.2,37.5,36.1,15.1
Ontario,1/4/1982,22.8,44.9,37.7,19.8
Ontario,1/5/1982,18.6,30.8,37.2,21.1
Ontario,1/6/1982,22.1,36,31.6,18.1
Ontario,1/7/1982,13.8,28,26.7,14.6
Ontario,1/8/1982,7.8,16.1,19.3,3.9
Ontario,1/9/1982,-9.8,13.9,11.2,-6.4
Ontario,1/10/1982,-17.1,3.7,9.7,-14
Ontario,1/11/1982,-15.2,11.4,9,-16.1
Ontario,1/12/1982,-16,12,13.9,-9
Ontario,1/13/1982,4.1,18.3,14.1,-3.2
Ontario,1/14/1982,2.5,12,16.5,2.9
Ontario,1/15/1982,2.1,19.1,17.8,-1.1
Ontario,1/16/1982,-8,22.3,12.8,-5.8
Ontario,1/17/1982,-11.6,-2.9,9.1,-9.2
Ontario,1/18/1982,-8,8.1,8.4,-9.1
Ontario,1/19/1982,-7.7,20,17.3,-3.1
Ontario,1/20/1982,6.2,24,17.8,-3
Ontario,1/21/1982,-7.4,9.4,16.3,-4.7
Ontario,1/22/1982,-12.8,15.5,21.1,-5
Ontario,1/23/1982,5.1,38.4,22.8,0.2
Ontario,1/24/1982,8.2,14.4,21.6,4.2
Ontario,1/25/1982,-0.8,12,13.3,0
Ontario,1/26/1982,-7.3,13.5,16,-4
Ontario,1/27/1982,-3.9,22.5,23.9,0.9
Ontario,1/28/1982,13.9,35.8,28,7.5
Ontario,1/29/1982,12.5,25.6,31.6,14.8
Ontario,1/30/1982,18,33.5,28.3,13.3
Ontario,1/31/1982,9.5,25.8,28.2,11
Ontario,2/1/1982,5.4,25.4,26.5,3.1
Ontario,2/2/1982,-5.6,28.4,27.7,5.8
Ontario,2/3/1982,17.5,29.4,26,2.7
Ontario,2/4/1982,-3.7,20.2,22.7,2.4
Ontario,2/5/1982,-6.5,18.5,17.9,-3
Ontario,2/6/1982,1.3,15,17.6,-2.1
Ontario,2/7/1982,-1,19.4,19.2,4
Ontario,2/8/1982,11.7,23.3,22.3,6.3
Ontario,2/9/1982,8.1,24.4,19.4,6.4
Ontario,2/10/1982,-0.7,10.6,17.1,-0.2
Ontario,2/11/1982,-8,16.2,17.1,-2.1
Ontario,2/12/1982,2.3,24.5,21.5,1.2
Ontario,2/13/1982,9.3,23.6,25.3,6.8
Ontario,2/14/1982,8.8,27.7,31.3,13.2
Ontario,2/15/1982,21.5,42.7,35.4,17.9
Ontario,2/16/1982,23.5,35.8,35.2,18.1
Ontario,2/17/1982,9.5,27.2,32.2,15.8
Ontario,2/18/1982,14.6,33.7,31.4,16.3
Ontario,2/19/1982,24.9,33.2,33.9,23
Ontario,2/20/1982,29.6,34.9,34.6,27.7
Ontario,2/21/1982,28.5,35.6,34.2,28.7
Ontario,2/22/1982,28,32,34.1,24.9
Ontario,2/23/1982,18.1,34.6,28.5,18.3
Ontario,2/24/1982,8.7,19,23.2,8.7
Ontario,2/25/1982,-0.8,15.9,19.5,4.1
Ontario,2/26/1982,4.3,23.7,23.2,4.9
Ontario,2/27/1982,11.2,30.1,25.4,5.5
Ontario,2/28/1982,1,22.4,28.9,7.9
Ontario,3/1/1982,11.3,34,26.3,7
Ontario,3/2/1982,8.7,22.5,23.3,6.4
Ontario,3/3/1982,-0.7,13.4,22.7,1.9
Ontario,3/4/1982,-2.4,32.1,24.7,4.2
Ontario,3/5/1982,15.6,28.5,30.8,6.3
Ontario,3/6/1982,5.6,31.8,30,11.2
Ontario,3/7/1982,12.5,29.8,27.4,6.5
Ontario,3/8/1982,1.4,20.4,25.4,6.1
Ontario,3/9/1982,4.2,26,27.6,2.8
Ontario,3/10/1982,2.8,36.2,35.5,13.4
Ontario,3/11/1982,33.1,44.3,40.3,22.7
Ontario,3/12/1982,32.3,40.4,43.2,32.9
Ontario,3/13/1982,33.4,45,40.7,31.4
Ontario,3/14/1982,28.4,36.8,39.2,28.3
Ontario,3/15/1982,23.2,35.6,35.7,25.8
Ontario,3/16/1982,25.7,34.7,36.1,26.2
Ontario,3/17/1982,29.8,38.1,36.8,28
Ontario,3/18/1982,28.4,37.7,38.9,28.9
Ontario,3/19/1982,28.6,40.8,39.3,28.3
Ontario,3/20/1982,28,39.5,39.5,28.6
Ontario,3/21/1982,29.1,38.1,39.3,29.1
Ontario,3/22/1982,30.2,40.4,40.2,28.4
Ontario,3/23/1982,25.8,42,43.1,26.9
Ontario,3/24/1982,24.7,47,43.4,26.3
Ontario,3/25/1982,28.4,41.2,41.4,24.3
Ontario,3/26/1982,19.7,35.9,32.2,19.6
Ontario,3/27/1982,10.7,19.6,29.3,13.6
Ontario,3/28/1982,10.5,32.5,32.2,14.5
Ontario,3/29/1982,22.2,44.6,43.3,20
Ontario,3/30/1982,27.2,52.9,52.6,28.7
Ontario,3/31/1982,36.5,60.3,51.7,30.5
Ontario,4/1/1982,27.7,41.9,46.5,28.8
Ontario,4/2/1982,22,37.4,44.7,25
Ontario,4/3/1982,25.2,54.9,40.6,22.2
Ontario,4/4/1982,19.3,29.4,37.6,19.6
Ontario,4/5/1982,14.2,28.4,27.4,15.5
Ontario,4/6/1982,13,24.4,26.7,12.7
Ontario,4/7/1982,11,27.1,29.5,14.4
Ontario,4/8/1982,19.2,37,35.8,17.8
Ontario,4/9/1982,23.2,43.2,41.3,24.2
Ontario,4/10/1982,30.4,43.9,43.2,27.9
Ontario,4/11/1982,30.2,42.6,44.5,29.8
Ontario,4/12/1982,28.8,47,46.3,30.4
Ontario,4/13/1982,32.2,49.3,48.3,30.6
Ontario,4/14/1982,30.9,48.7,50.8,30.7
Ontario,4/15/1982,29.1,54.4,56.6,29.8
Ontario,4/16/1982,29.3,66.6,62.6,31.9
Ontario,4/17/1982,37.4,66.8,59.5,33.1
Ontario,4/18/1982,32.7,44.9,58.3,34.3
Ontario,4/19/1982,32.8,63.3,54.9,34.2
Ontario,4/20/1982,37,56.4,54.6,33.7
Ontario,4/21/1982,31.3,44,49.9,32
Ontario,4/22/1982,27.8,49.3,51.3,30.7
Ontario,4/23/1982,33,60.6,59.9,34.5
Ontario,4/24/1982,42.7,69.9,67.6,39.7
Ontario,4/25/1982,43.5,72.3,68.9,44.3
Ontario,4/26/1982,46.6,64.5,62.9,41.5
Ontario,4/27/1982,34.6,52,57.8,37.1
Ontario,4/28/1982,30.2,56.8,58.1,31.7
Ontario,4/29/1982,30.2,65.5,64.4,31.7
Ontario,4/30/1982,34.6,70.7,66.5,35.3
Ontario,5/1/1982,40.9,63.3,67.4,38.2
Ontario,5/2/1982,39.1,68,66.5,38.6
Ontario,5/3/1982,35.9,68.1,67.2,37.2
Ontario,5/4/1982,36.7,65.7,67.7,36.3
Ontario,5/5/1982,36.4,69.4,70.1,39.6
Ontario,5/6/1982,45.8,75.2,74.6,44.6
Ontario,5/7/1982,51.7,79.1,72.1,46.9
Ontario,5/8/1982,43.3,62.1,68.4,44.7
Ontario,5/9/1982,39.1,63.9,63.4,40.7
Ontario,5/10/1982,39.6,64.1,64,40.2
Ontario,5/11/1982,42,64.2,65.9,42.3
Ontario,5/12/1982,45.4,69.4,66.7,46
Ontario,5/13/1982,50.6,66.4,66.5,48.2
Ontario,5/14/1982,48.6,63.5,65.9,47.7
Ontario,5/15/1982,43.9,67.7,69.7,46.5
Ontario,5/16/1982,47,77.8,71.1,46.9
Ontario,5/17/1982,49.8,67.7,72.1,48.4
Ontario,5/18/1982,48.4,70.7,71.8,49.6
Ontario,5/19/1982,50.5,77.1,73.1,49.8
Ontario,5/20/1982,50.5,71.4,70.1,48.9
Ontario,5/21/1982,45.6,61.9,63.6,46.2
Ontario,5/22/1982,42.5,57.6,58.9,44.8
Ontario,5/23/1982,46.5,57.2,58.9,45.5
Ontario,5/24/1982,47.5,61.8,61.3,47.5
Ontario,5/25/1982,48.7,64.8,65.8,47.4
Ontario,5/26/1982,46,70.8,70,48.9
Ontario,5/27/1982,52.1,74.5,71.7,51.3
Ontario,5/28/1982,55.7,69.7,72.2,53.9
Ontario,5/29/1982,53.8,72.3,69.8,54.4
Ontario,5/30/1982,53.7,67.5,72.1,56.3
Ontario,5/31/1982,61.4,76.6,70.8,55
Ontario,6/1/1982,49.7,68.2,71.6,52.2
Ontario,6/2/1982,45.4,70,65.2,45.2
Ontario,6/3/1982,40.5,57.3,63.8,44.2
Ontario,6/4/1982,46.8,64.1,60.7,47.5
Ontario,6/5/1982,55.2,60.8,61.9,51.8
Ontario,6/6/1982,53.5,60.9,63.1,53.9
Ontario,6/7/1982,52.9,67.6,66.4,52.7
Ontario,6/8/1982,51.7,70.5,71.7,51.2
Ontario,6/9/1982,49,77,73.5,51
Ontario,6/10/1982,52.5,73,73.5,49.7
Ontario,6/11/1982,47.5,70.5,71,50.5
Ontario,6/12/1982,51.5,69.4,69.2,49.3
Ontario,6/13/1982,48.9,67.7,70,48.9
Ontario,6/14/1982,46.4,72.7,69.9,49.3
Ontario,6/15/1982,52.5,69.1,69.4,50.4
Ontario,6/16/1982,52.5,66.5,68.9,51.2
Ontario,6/17/1982,48.6,71,69.6,52.5
Ontario,6/18/1982,56.5,71.5,70.6,50.9
Ontario,6/19/1982,47.6,69.3,68.8,50.3
Ontario,6/20/1982,46.9,65.6,67,48.1
Ontario,6/21/1982,49.7,65.9,65.8,47.6
Ontario,6/22/1982,46.3,65.7,66.3,48
Ontario,6/23/1982,47.8,67.2,68.6,46.7
Ontario,6/24/1982,45.9,73,69.7,50.3
Ontario,6/25/1982,57.2,69,69.5,52
Ontario,6/26/1982,52.8,66.5,68.7,52.2
Ontario,6/27/1982,46.4,70.7,71.2,51.4
Ontario,6/28/1982,54.8,76.5,74.5,52.5
Ontario,6/29/1982,56.2,76.2,74.2,54.2
Ontario,6/30/1982,51.6,69.8,72.1,51.4
Ontario,7/1/1982,46.4,70.5,71.7,49.4
Ontario,7/2/1982,50.3,74.9,71.5,49.4
Ontario,7/3/1982,51.5,69.2,71.9,51.4
Ontario,7/4/1982,52.5,71.6,72.7,50.7
Ontario,7/5/1982,48,77.2,78.2,53.1
Ontario,7/6/1982,58.8,85.7,83.9,57.3
Ontario,7/7/1982,65,88.9,85.5,60.4
Ontario,7/8/1982,57.4,81.9,85,58.5
Ontario,7/9/1982,53.1,84.1,83,57.2
Ontario,7/10/1982,61.2,83.1,84.1,59.8
Ontario,7/11/1982,65.3,85.1,83.5,61.9
Ontario,7/12/1982,59.1,82.2,80.8,59.4
Ontario,7/13/1982,53.8,75.1,79.6,55
Ontario,7/14/1982,52.2,81.5,81.6,53.9
Ontario,7/15/1982,55.7,88.3,85.9,57.3
Ontario,7/16/1982,63.9,87.8,87.6,62
Ontario,7/17/1982,66.5,86.6,88.5,66.4
Ontario,7/18/1982,68.7,91.1,87.1,66.1
Ontario,7/19/1982,63.1,83.6,84.3,62.8
Ontario,7/20/1982,56.4,78.1,80.4,57.7
Ontario,7/21/1982,53.4,79.6,80.1,53.2
Ontario,7/22/1982,49.7,82.7,81.5,54.6
Ontario,7/23/1982,60.5,82.1,82.4,54.8
Ontario,7/24/1982,54.1,82.3,83.4,58.8
Ontario,7/25/1982,61.7,85.9,84.2,60.1
Ontario,7/26/1982,64.4,84.4,81,62.3
Ontario,7/27/1982,60.9,72.8,76.9,61.1
Ontario,7/28/1982,58,73.5,75.2,58.1
Ontario,7/29/1982,55.5,79.5,77.4,55.9
Ontario,7/30/1982,54.2,79.2,78.6,55.8
Ontario,7/31/1982,57.6,77.2,79.5,56.4
Ontario,8/1/1982,57.3,82,76.8,57.2
Ontario,8/2/1982,56.8,71.2,74,57.1
Ontario,8/3/1982,57.1,68.9,72.6,58.2
Ontario,8/4/1982,60.7,77.8,73.9,59.1
Ontario,8/5/1982,59.3,75.1,76.3,58.5
Ontario,8/6/1982,55.5,76.1,77.5,56.9
Ontario,8/7/1982,56,81.4,76.7,57.6
Ontario,8/8/1982,61.3,72.6,78,58.5
Ontario,8/9/1982,58.3,80,73.4,57.3
Ontario,8/10/1982,52.1,67.5,73.1,53.4
Ontario,8/11/1982,49.6,71.9,69.3,50.3
Ontario,8/12/1982,49.2,68.4,70.4,50.6
Ontario,8/13/1982,53,70.8,71.7,51.2
Ontario,8/14/1982,51.3,75.7,75.5,52.1
Ontario,8/15/1982,51.9,80,80.4,53.3
Ontario,8/16/1982,56.6,85.4,80.3,54.6
Ontario,8/17/1982,55.2,75.4,79.7,53.5
Ontario,8/18/1982,48.5,78.4,77.7,52.5
Ontario,8/19/1982,53.9,79.3,78.8,52.4
Ontario,8/20/1982,54.9,78.7,72.9,51.1
Ontario,8/21/1982,44.5,60.8,67.5,47.4
Ontario,8/22/1982,42.8,63,64.9,47.3
Ontario,8/23/1982,54.5,70.8,69.6,50.3
Ontario,8/24/1982,53.7,74.9,72.1,53.9
Ontario,8/25/1982,53.5,70.7,74.4,53.3
Ontario,8/26/1982,52.6,77.5,74.7,50.3
Ontario,8/27/1982,44.8,75.9,71.7,45.5
Ontario,8/28/1982,39.2,61.6,67,40
Ontario,8/29/1982,36,63.4,65.2,41.4
Ontario,8/30/1982,48.9,70.6,67.8,47.1
Ontario,8/31/1982,56.5,69.5,69.2,52.5
Ontario,9/1/1982,52.2,67.5,69.4,54.2
Ontario,9/2/1982,54,71.3,68.8,52.7
Ontario,9/3/1982,51.7,67.7,69.5,52.4
Ontario,9/4/1982,51.3,69.6,71.4,49.7
Ontario,9/5/1982,46,77,71.5,48.4
Ontario,9/6/1982,47.9,67.9,68.2,44.6
Ontario,9/7/1982,39.8,59.7,64.1,42.2
Ontario,9/8/1982,38.8,64.8,67.5,41
Ontario,9/9/1982,44.5,77.8,75.2,43.9
Ontario,9/10/1982,48.3,82.9,79.5,48.5
Ontario,9/11/1982,52.7,77.7,81.1,52.5
Ontario,9/12/1982,56.5,82.8,80.8,55
Ontario,9/13/1982,55.7,81.9,81.9,56.9
Ontario,9/14/1982,58.6,81,75.5,56.3
Ontario,9/15/1982,54.5,63.6,68.7,54.3
Ontario,9/16/1982,49.7,61.4,61.2,50.1
Ontario,9/17/1982,46.2,58.8,61,45.6
Ontario,9/18/1982,41,62.8,60.6,42.4
Ontario,9/19/1982,39.9,60.3,63.1,41.1
Ontario,9/20/1982,42.4,66.3,63.2,41.3
Ontario,9/21/1982,41.5,63,63.9,45.1
Ontario,9/22/1982,51.4,62.4,63.5,48
Ontario,9/23/1982,51.2,65.2,63,50.9
Ontario,9/24/1982,50.1,61.5,63.8,50.4
Ontario,9/25/1982,49.7,64.6,63.9,49
Ontario,9/26/1982,47.2,65.7,62.8,50
Ontario,9/27/1982,53.2,57.9,62.6,51.9
Ontario,9/28/1982,55.4,64.3,62,52.7
Ontario,9/29/1982,49.4,63.7,66.2,51.2
Ontario,9/30/1982,48.8,70.6,69,47.7
Ontario,10/1/1982,44.7,72.6,66.5,43.9
Ontario,10/2/1982,38.1,56.5,67.1,41.3
Ontario,10/3/1982,40.9,72.4,63.8,41.2
Ontario,10/4/1982,44.4,62.6,66.6,41.5
Ontario,10/5/1982,39.3,64.7,65.3,42.2
Ontario,10/6/1982,43,68.7,65.6,44.4
Ontario,10/7/1982,50.8,63.4,66.8,46.3
Ontario,10/8/1982,45,68.2,64.1,46.2
Ontario,10/9/1982,42.8,60.7,61.9,44.1
Ontario,10/10/1982,44.4,56.8,59.3,44.2
Ontario,10/11/1982,45.5,60.5,58.6,45.7
Ontario,10/12/1982,47.1,58.4,60.8,45.2
Ontario,10/13/1982,42.8,63.5,60,42.1
Ontario,10/14/1982,36.5,58.1,58,39
Ontario,10/15/1982,37.8,52.4,51.6,35.6
Ontario,10/16/1982,32.4,44.4,48.3,34.5
Ontario,10/17/1982,33.3,48.2,50,33
Ontario,10/18/1982,33.4,57.4,57.5,36
Ontario,10/19/1982,41.3,66.8,62.9,38.3
Ontario,10/20/1982,40.3,64.5,59,39.9
Ontario,10/21/1982,38.2,45.6,50.6,37.9
Ontario,10/22/1982,35.2,41.8,45.7,35.2
Ontario,10/23/1982,32.3,49.6,47.2,31.7
Ontario,10/24/1982,27.5,50.2,51.9,28.6
Ontario,10/25/1982,25.9,55.9,55,29
Ontario,10/26/1982,33.5,58.9,57.2,30.1
Ontario,10/27/1982,30.9,56.9,55.9,33.9
Ontario,10/28/1982,37.3,52,58.3,35.6
Ontario,10/29/1982,38.7,66.1,59.9,39.2
Ontario,10/30/1982,41.8,61.5,62.1,42.3
Ontario,10/31/1982,46.4,58.6,58.4,45.5
Ontario,11/1/1982,48.2,54.9,57.5,47.9
Ontario,11/2/1982,49.1,59,57.9,47.8
Ontario,11/3/1982,46.1,59.7,56.6,44.7
Ontario,11/4/1982,38.8,51,50.3,38.6
Ontario,11/5/1982,30.7,40.3,43.3,33.5
Ontario,11/6/1982,30.9,38.6,43.8,30.8
Ontario,11/7/1982,30.7,52.5,49.3,32.2
Ontario,11/8/1982,34.8,56.8,50.1,31.4
Ontario,11/9/1982,28.7,41.2,46.3,30.4
Ontario,11/10/1982,27.6,40.9,45.5,31.9
Ontario,11/11/1982,39.5,54.5,52.7,35.3
Ontario,11/12/1982,38.9,62.7,52.3,35.9
Ontario,11/13/1982,29.3,39.5,46.3,31.7
Ontario,11/14/1982,27,36.5,37.5,27.6
Ontario,11/15/1982,26.4,36.4,38,26.2
Ontario,11/16/1982,25.2,41.2,40.8,25.5
Ontario,11/17/1982,24.8,44.9,44.6,25.2
Ontario,11/18/1982,25.6,47.6,48.1,26.9
Ontario,11/19/1982,30.4,51.7,49.2,32.3
Ontario,11/20/1982,40.9,48.2,51.8,36.2
Ontario,11/21/1982,37.4,55.4,51,37.7
Ontario,11/22/1982,34.9,49.4,50.8,35.9
Ontario,11/23/1982,35.4,47.6,45.6,32.3
Ontario,11/24/1982,26.6,39.7,40.4,28.7
Ontario,11/25/1982,24.3,33.8,35.9,25.3
Ontario,11/26/1982,25,34.2,32.4,22.3
Ontario,11/27/1982,17.6,29.1,33.1,19.4
Ontario,11/28/1982,15.5,36,35.2,21.9
Ontario,11/29/1982,32.6,40.6,40.4,28.5
Ontario,11/30/1982,37.3,44.7,46.1,35.1
Ontario,12/1/1982,35.3,52.9,50.6,38.8
Ontario,12/2/1982,43.9,54.1,58,41.4
Ontario,12/3/1982,45,66.9,59.9,42.9
Ontario,12/4/1982,39.7,58.8,60,40.5
Ontario,12/5/1982,36.7,54.3,55.5,36.9
Ontario,12/6/1982,34.3,53.3,49.5,33
Ontario,12/7/1982,27.9,40.8,42.7,28.6
Ontario,12/8/1982,23.7,34,32.9,19.8
Ontario,12/9/1982,7.9,23.7,29.9,15
Ontario,12/10/1982,13.4,32,29.2,12.4
Ontario,12/11/1982,16,31.9,27,11.2
Ontario,12/12/1982,4.3,17.1,25.7,7.3
Ontario,12/13/1982,1.5,28.1,27.6,9.4
Ontario,12/14/1982,22.3,37.6,35.8,20
Ontario,12/15/1982,36.1,41.8,40.2,24.5
Ontario,12/16/1982,15,41.1,35,19.3
Ontario,12/17/1982,6.8,22,32.5,13.7
Ontario,12/18/1982,19.3,34.3,29.5,17.3
Ontario,12/19/1982,25.7,32,32.8,23.8
Ontario,12/20/1982,26.5,31.9,31.4,25.1
Ontario,12/21/1982,23.2,30.2,31.4,24.6
Ontario,12/22/1982,24.3,32.1,32.8,25.2
Ontario,12/23/1982,28.2,36.1,38.1,29.4
Ontario,12/24/1982,35.8,46,47.2,32.8
Ontario,12/25/1982,34.3,59.5,51.7,32.8
Ontario,12/26/1982,28.4,49.7,49.3,29.2
Ontario,12/27/1982,24.9,38.8,50.1,28.4
Ontario,12/28/1982,31.9,61.8,45.2,27.2
Ontario,12/29/1982,24.9,35.1,40.5,25.3
Ontario,12/30/1982,19.2,24.6,30.1,21
Ontario,12/31/1982,19,30.5,30.6,20.9
Ontario,1/1/1983,24.4,36.5,33.4,22.5
Ontario,1/2/1983,24.3,33.1,32.9,19.9
Ontario,1/3/1983,11.1,29.1,30.8,14.2
Ontario,1/4/1983,7.4,30.3,32.2,14.5
Ontario,1/5/1983,25.1,37.3,35,18.9
Ontario,1/6/1983,24.3,37.3,37,26.8
Ontario,1/7/1983,31.1,36.5,35.3,25
Ontario,1/8/1983,19.6,32,32.9,22.4
Ontario,1/9/1983,16.4,30,35.4,20.3
Ontario,1/10/1983,25.1,44,39.3,23.4
Ontario,1/11/1983,28.8,44,39.2,22.1
Ontario,1/12/1983,12.3,29.6,33.3,17.1
Ontario,1/13/1983,10.1,26.4,29.6,15.1
Ontario,1/14/1983,22.8,32.8,29.9,15.9
Ontario,1/15/1983,14.8,30.4,27.6,16.6
Ontario,1/16/1983,12.3,19.6,21.8,10.4
Ontario,1/17/1983,4.1,15.5,15.4,4.9
Ontario,1/18/1983,-1.7,11.1,12.6,0.2
Ontario,1/19/1983,-1.9,11.2,14.3,-2.5
Ontario,1/20/1983,-4.1,20.6,20.2,-0.8
Ontario,1/21/1983,3.4,28.6,27.3,4.1
Ontario,1/22/1983,13,32.8,32.9,15.1
Ontario,1/23/1983,29,37.3,35.7,25
Ontario,1/24/1983,32.9,37.1,36.6,26.7
Ontario,1/25/1983,18.2,35.3,32.6,20
Ontario,1/26/1983,8.8,25.3,29.3,13.3
Ontario,1/27/1983,12.9,27.1,28.8,10.8
Ontario,1/28/1983,10.8,33.8,32.7,15.2
Ontario,1/29/1983,21.9,37.2,36.2,19.5
Ontario,1/30/1983,25.7,37.4,36.4,24.6
Ontario,1/31/1983,26.3,34.4,34.3,24.6
Ontario,2/1/1983,21.7,31,35.6,24.7
Ontario,2/2/1983,25.9,41.3,37.6,26.3
Ontario,2/3/1983,31.4,40.7,37.8,23.1
Ontario,2/4/1983,12,31.4,31,16.5
Ontario,2/5/1983,6.1,20.9,25.9,11.6
Ontario,2/6/1983,16.8,25.5,24,12.8
Ontario,2/7/1983,15.6,25.6,25.8,15.1
Ontario,2/8/1983,12.9,26.4,22.1,10.4
Ontario,2/9/1983,2.7,14.5,18.3,3.8
Ontario,2/10/1983,-4.4,14.1,15.1,-0.2
Ontario,2/11/1983,0.9,16.7,17.7,-1
Ontario,2/12/1983,0.4,22.4,23.9,1
Ontario,2/13/1983,1.6,32.7,32.2,6.8
Ontario,2/14/1983,18.5,41.5,38.1,16.9
Ontario,2/15/1983,30.7,40.1,39.9,25.5
Ontario,2/16/1983,27.3,38.2,39.1,28.6
Ontario,2/17/1983,27.9,39.1,38,26.7
Ontario,2/18/1983,24.8,36.9,37.6,25.3
Ontario,2/19/1983,23.2,36.8,38.9,23.8
Ontario,2/20/1983,23.4,43.1,40.9,24.7
Ontario,2/21/1983,27.5,42.7,39.9,25.4
Ontario,2/22/1983,25.3,33.8,38.7,27.7
Ontario,2/23/1983,30.3,39.7,36,25.9
Ontario,2/24/1983,22.2,34.6,33.6,23.4
Ontario,2/25/1983,17.9,26.6,31.3,17.3
Ontario,2/26/1983,11.8,32.7,33.5,16.1
Ontario,2/27/1983,18.5,41.2,40.4,18.9
Ontario,2/28/1983,26.3,47.3,46.1,23.1
Ontario,3/1/1983,24.6,49.7,46.9,25.8
Ontario,3/2/1983,26.6,43.8,47.4,28
Ontario,3/3/1983,32.9,48.7,44,29.8
Ontario,3/4/1983,29.9,39.6,44.7,30.1
Ontario,3/5/1983,27.4,45.7,45.5,29.7
Ontario,3/6/1983,31.9,51.3,49.4,32.2
Ontario,3/7/1983,37.3,51.1,50.2,35.7
Ontario,3/8/1983,37.8,48,46.8,37.2
Ontario,3/9/1983,36.5,41.2,43.1,34.7
Ontario,3/10/1983,29.7,40.3,37.9,30.9
Ontario,3/11/1983,26.4,32.4,36.8,26.8
Ontario,3/12/1983,24.1,37.8,39.2,26.3
Ontario,3/13/1983,28.2,47.3,44.2,27.2
Ontario,3/14/1983,29.1,47.5,45.3,29.7
Ontario,3/15/1983,31.6,41,45.3,30.8
Ontario,3/16/1983,31.6,47.4,46.6,29.9
Ontario,3/17/1983,26.5,51.5,48.5,31
Ontario,3/18/1983,34.8,46.7,48.5,32.2
Ontario,3/19/1983,35.3,47.3,43.5,32
Ontario,3/20/1983,25.9,36.4,37.2,26.3
Ontario,3/21/1983,17.6,28,28.9,19
Ontario,3/22/1983,13.3,22.2,24.6,13.7
Ontario,3/23/1983,10.2,23.5,22.1,9
Ontario,3/24/1983,3.5,20.6,23.8,5.6
Ontario,3/25/1983,3.1,27.4,27.1,5.2
Ontario,3/26/1983,9.1,33.4,33,13
Ontario,3/27/1983,26.8,38.2,37.5,21.5
Ontario,3/28/1983,28.7,41,36.1,24.8
Ontario,3/29/1983,18.9,29,35.1,21.3
Ontario,3/30/1983,16.1,35.2,35.1,19.2
Ontario,3/31/1983,22.7,41,40.5,20.7
Ontario,4/1/1983,23.4,45.3,43.4,25.1
Ontario,4/2/1983,29.1,43.7,44,28.5
Ontario,4/3/1983,32.9,43,43.3,33
Ontario,4/4/1983,37.1,43.3,43.6,35.1
Ontario,4/5/1983,35.2,44.6,44.8,35.7
Ontario,4/6/1983,34.7,46.6,50.1,36
Ontario,4/7/1983,38.2,59.2,51,35.9
Ontario,4/8/1983,34.6,47.3,51.8,34.8
Ontario,4/9/1983,31.4,48.9,48.8,34.7
Ontario,4/10/1983,37.9,50.2,49.1,35
Ontario,4/11/1983,35.6,48.3,49.4,35.8
Ontario,4/12/1983,34,49.6,49.1,34.1
Ontario,4/13/1983,32.6,49.5,51.3,35.5
Ontario,4/14/1983,39.9,54.9,51.8,35.9
Ontario,4/15/1983,35.3,51,50.2,35
Ontario,4/16/1983,29.7,44.7,45.8,30.4
Ontario,4/17/1983,26.1,41.8,40.9,27.8
Ontario,4/18/1983,27.5,36.2,39.7,26.7
Ontario,4/19/1983,26.6,41.2,41.1,27.5
Ontario,4/20/1983,28.4,45.8,42.4,28
Ontario,4/21/1983,29,40.2,45.6,28.2
Ontario,4/22/1983,27.3,50.8,48,28.5
Ontario,4/23/1983,29.3,53.1,52,30.3
Ontario,4/24/1983,34.1,52.1,52.4,32.1
Ontario,4/25/1983,32.8,52,57,32.9
Ontario,4/26/1983,31.6,66.9,64.6,37
Ontario,4/27/1983,46.6,74.9,68.7,39.7
Ontario,4/28/1983,40.7,64.5,65.9,42.4
Ontario,4/29/1983,39.7,58.3,60.9,40.9
Ontario,4/30/1983,42.4,59.9,57.6,42.5
Ontario,5/1/1983,45.4,54.6,61.6,45
Ontario,5/2/1983,47.2,70.4,60,45.7
Ontario,5/3/1983,44.4,55,61.5,44.5
Ontario,5/4/1983,42,59,55.6,40
Ontario,5/5/1983,33.6,52.8,56.1,36
Ontario,5/6/1983,32.4,56.5,60.8,36.1
Ontario,5/7/1983,42.3,73.2,62.8,36.8
Ontario,5/8/1983,35.7,58.8,59.2,36
Ontario,5/9/1983,30,45.6,53.9,32.4
Ontario,5/10/1983,31.5,57.2,53.6,31.8
Ontario,5/11/1983,33.8,58.1,58.4,33.7
Ontario,5/12/1983,35.7,60,62.1,35.9
Ontario,5/13/1983,38.3,68,64.8,38.5
Ontario,5/14/1983,41.6,66.4,64,39.7
Ontario,5/15/1983,39.1,57.6,57.7,37.5
Ontario,5/16/1983,31.8,49,53.7,33.4
Ontario,5/17/1983,29.3,54.4,54.3,30.5
Ontario,5/18/1983,30.4,59.4,58,34.7
Ontario,5/19/1983,44.3,60.3,61.3,42.5
Ontario,5/20/1983,52.7,64.1,63.2,49.1
Ontario,5/21/1983,50.4,65.3,63.9,50.2
Ontario,5/22/1983,47.5,62.4,65.1,49.1
Ontario,5/23/1983,49.4,67.6,65.2,47.7
Ontario,5/24/1983,46.2,65.8,65.3,46.2
Ontario,5/25/1983,43,62.4,59.6,43.4
Ontario,5/26/1983,41.1,50.5,55.7,40.4
Ontario,5/27/1983,37,54.1,56.4,38.7
Ontario,5/28/1983,38,64.8,59.7,40.3
Ontario,5/29/1983,46.1,60.1,63.3,44.4
Ontario,5/30/1983,49.1,65.1,62.4,47.2
Ontario,5/31/1983,46.4,62,63.2,46.3
Ontario,6/1/1983,43.6,62.6,64.7,44
Ontario,6/2/1983,42.1,69.5,67,44.1
Ontario,6/3/1983,46.7,68.7,67.2,46.9
Ontario,6/4/1983,51.9,63.4,67.7,50.1
Ontario,6/5/1983,51.9,70.9,64.8,51
Ontario,6/6/1983,49.3,60.1,65.5,48.3
Ontario,6/7/1983,43.6,65.4,62.5,43.4
Ontario,6/8/1983,37.4,61.9,64.5,39.5
Ontario,6/9/1983,37.3,66.3,68.7,40.4
Ontario,6/10/1983,46.5,77.9,73.6,43.3
Ontario,6/11/1983,46.1,76.7,80.2,50.3
Ontario,6/12/1983,58.5,86,83.6,54.4
Ontario,6/13/1983,58.7,87.9,87,59.6
Ontario,6/14/1983,61.6,87,87.2,60
Ontario,6/15/1983,59.6,86.6,86.4,61
Ontario,6/16/1983,61.7,85.6,85.6,60
Ontario,6/17/1983,58.6,84.5,82.9,58.1
Ontario,6/18/1983,53.8,78.5,80.7,55.9
Ontario,6/19/1983,55.2,79.1,80.1,55.6
Ontario,6/20/1983,57.8,82.8,82.2,56.6
Ontario,6/21/1983,56.8,84.8,84.9,57.8
Ontario,6/22/1983,58.9,87.1,87.5,58
Ontario,6/23/1983,58.4,90.5,85.9,58.2
Ontario,6/24/1983,57.3,80.1,81.9,57.3
Ontario,6/25/1983,56.1,75.1,81.2,55.6
Ontario,6/26/1983,53.4,88.5,80.5,55.9
Ontario,6/27/1983,58.3,77.8,79.2,54.5
Ontario,6/28/1983,51.9,71.3,74.4,53.2
Ontario,6/29/1983,49.5,74,74.2,50.4
Ontario,6/30/1983,49.9,77.4,79.3,55.3
Ontario,7/1/1983,66.5,86.6,83.2,61
Ontario,7/2/1983,66.7,85.6,87.3,67
Ontario,7/3/1983,67.8,89.6,87.1,65.9
Ontario,7/4/1983,63.2,86.1,83,60.9
Ontario,7/5/1983,51.7,73.4,75.7,54
Ontario,7/6/1983,47.3,67.6,71.9,48.4
Ontario,7/7/1983,46.3,74.8,73.8,50.6
Ontario,7/8/1983,58.3,78.9,76.5,52.7
Ontario,7/9/1983,53.4,75.9,77.1,54.4
Ontario,7/10/1983,51.5,76.6,79,52.1
Ontario,7/11/1983,51.4,84.4,82.9,54.9
Ontario,7/12/1983,61.7,87.8,85.2,57.7
Ontario,7/13/1983,60,83.4,87.2,58.9
Ontario,7/14/1983,54.9,90.3,89.3,61.1
Ontario,7/15/1983,68.3,94.1,91.9,63.1
Ontario,7/16/1983,66.2,91.5,89.7,65.5
Ontario,7/17/1983,62,83.7,88.2,64.4
Ontario,7/18/1983,64.9,89.5,86.2,62.5
Ontario,7/19/1983,60.6,85.6,86.3,63.3
Ontario,7/20/1983,64.3,83.8,84.5,60.9
Ontario,7/21/1983,57.8,84.2,82.6,58.1
Ontario,7/22/1983,52.3,79.8,81.3,53.9
Ontario,7/23/1983,51.5,80,79.2,54.9
Ontario,7/24/1983,61,77.9,81,57.2
Ontario,7/25/1983,59,85.2,82.4,59.3
Ontario,7/26/1983,58,84.1,86.1,57.4
Ontario,7/27/1983,55.3,88.9,86.6,58.5
Ontario,7/28/1983,62.2,86.7,85.7,62.9
Ontario,7/29/1983,71.3,81.5,85.2,67.9
Ontario,7/30/1983,70.1,87.2,82.7,69.2
Ontario,7/31/1983,66.1,79.2,83.3,66.2
Ontario,8/1/1983,62.4,83.6,81.5,63
Ontario,8/2/1983,60.5,81.7,83.4,59.9
Ontario,8/3/1983,56.8,85,81.5,61.5
Ontario,8/4/1983,67.1,77.9,81.8,63.4
Ontario,8/5/1983,66.4,82.5,83.2,65.9
Ontario,8/6/1983,64.2,89.2,85.5,65.6
Ontario,8/7/1983,66.2,84.8,88.6,63.7
Ontario,8/8/1983,60.7,91.8,82.9,60.4
Ontario,8/9/1983,54.2,71.9,77.7,54.3
Ontario,8/10/1983,47.9,69.4,69.1,51.9
Ontario,8/11/1983,53.5,66.1,70.3,51.5
Ontario,8/12/1983,53,75.3,71.7,51.8
Ontario,8/13/1983,48.9,73.7,75,51
Ontario,8/14/1983,51.3,76.1,76,52.5
Ontario,8/15/1983,57.4,78.3,78.9,54.8
Ontario,8/16/1983,55.7,82.2,80.7,57.8
Ontario,8/17/1983,60.2,81.5,81.7,59.9
Ontario,8/18/1983,63.8,81.2,82.7,61.3
Ontario,8/19/1983,59.7,85.3,83.4,60.4
Ontario,8/20/1983,57.7,83.8,81.5,57
Ontario,8/21/1983,53.6,75.5,77.9,56.8
Ontario,8/22/1983,59.1,74.3,75.6,56.7
Ontario,8/23/1983,57.2,76.9,75.7,57.1
Ontario,8/24/1983,54.9,75.8,77.4,55.8
Ontario,8/25/1983,55.3,79.6,80.5,57.2
Ontario,8/26/1983,61.2,86.2,84.8,59.9
Ontario,8/27/1983,63.1,88.6,85.4,62.1
Ontario,8/28/1983,62.1,81.3,84.9,62.3
Ontario,8/29/1983,61.8,84.7,80,61.9
Ontario,8/30/1983,61.9,74,79.4,60.5
Ontario,8/31/1983,57.9,79.6,77.3,57.7
Ontario,9/1/1983,53.1,78.2,79.7,55
Ontario,9/2/1983,53.9,81.2,81.2,54.8
Ontario,9/3/1983,57.2,84.1,84.2,56.5
Ontario,9/4/1983,58.3,87.2,86.1,59.6
Ontario,9/5/1983,63.4,87.1,87,61.4
Ontario,9/6/1983,62.6,86.7,83.2,60.4
Ontario,9/7/1983,55.2,75.8,79.9,56.4
Ontario,9/8/1983,51.3,77.1,79.5,53.2
Ontario,9/9/1983,53.2,85.6,84.6,57.5
Ontario,9/10/1983,68,91.1,85.4,59.1
Ontario,9/11/1983,56.1,79.5,80.7,58.4
Ontario,9/12/1983,51.1,71.6,72.2,51.1
Ontario,9/13/1983,46.3,65.5,67.9,45.1
Ontario,9/14/1983,37.9,66.5,66,40.2
Ontario,9/15/1983,36.4,66.1,64.8,41.4
Ontario,9/16/1983,50,61.7,64.2,44.9
Ontario,9/17/1983,48.4,64.8,66.7,48.4
Ontario,9/18/1983,47,73.8,70.9,51.6
Ontario,9/19/1983,59.5,74.1,77,54.8
Ontario,9/20/1983,58,83.3,77.9,55.5
Ontario,9/21/1983,49.2,76.2,72.2,49.9
Ontario,9/22/1983,42.6,57.1,64.1,43.6
Ontario,9/23/1983,39,58.8,59.4,39.7
Ontario,9/24/1983,37.6,62.3,62,37.8
Ontario,9/25/1983,36.8,64.9,65,40.5
Ontario,9/26/1983,47.1,67.9,66.2,44.8
Ontario,9/27/1983,50.6,65.7,67.1,47.2
Ontario,9/28/1983,43.9,67.6,67.1,45.4
Ontario,9/29/1983,41.6,67.8,69,42.8
Ontario,9/30/1983,42.9,71.7,69.7,44.1
Ontario,10/1/1983,47.8,69.5,71.8,46.5
Ontario,10/2/1983,48.9,74.3,74,51.7
Ontario,10/3/1983,58.3,78.4,73.7,53.8
Ontario,10/4/1983,54.1,68.4,68.8,53
Ontario,10/5/1983,46.6,59.7,63.6,47.5
Ontario,10/6/1983,41.7,62.8,60.5,42.4
Ontario,10/7/1983,38.8,58.9,60.1,39.9
Ontario,10/8/1983,39.2,58.6,56.4,37.7
Ontario,10/9/1983,35,51.7,55,35.4
Ontario,10/10/1983,32.1,54.8,56,38.5
Ontario,10/11/1983,48.4,61.6,59.4,44
Ontario,10/12/1983,51.6,61.8,65.5,49
Ontario,10/13/1983,47.1,73.2,62.6,46.8
Ontario,10/14/1983,41.7,52.8,60.1,41.8
Ontario,10/15/1983,36.8,54.4,53,37.5
Ontario,10/16/1983,34,51.7,55.4,36.8
Ontario,10/17/1983,39.5,60.1,56.7,37.5
Ontario,10/18/1983,39.1,58.4,55.1,37
Ontario,10/19/1983,32.5,46.9,50.9,33.7
Ontario,10/20/1983,29.4,47.3,47.6,30.2
Ontario,10/21/1983,28.6,48.7,48.4,29.9
Ontario,10/22/1983,31.8,49.1,49.3,33.1
Ontario,10/23/1983,38.7,50.2,49.7,35.5
Ontario,10/24/1983,36,50,50.1,37.9
Ontario,10/25/1983,38.8,50.1,49.8,36.4
Ontario,10/26/1983,34.3,49.4,48.7,34.6
Ontario,10/27/1983,30.6,46.4,53.6,34.6
Ontario,10/28/1983,38.8,64.9,51.7,32.3
Ontario,10/29/1983,27.4,43.8,51.3,29.9
Ontario,10/30/1983,23.3,45.1,46.4,25.2
Ontario,10/31/1983,24.8,50.3,50.2,25.6
Ontario,11/1/1983,28.8,55.2,55.8,32.7
Ontario,11/2/1983,44.5,62,57.5,34.9
Ontario,11/3/1983,31.3,55.1,51.4,35.2
Ontario,11/4/1983,29.8,37,43.8,31.6
Ontario,11/5/1983,33.8,39.4,40.2,33.2
Ontario,11/6/1983,35.9,44.2,45.1,34.5
Ontario,11/7/1983,33.8,51.9,52,34.2
Ontario,11/8/1983,32.9,59.9,57.1,36.7
Ontario,11/9/1983,43.4,59.5,57.9,38.8
Ontario,11/10/1983,40,54.3,53.8,37.1
Ontario,11/11/1983,27.8,47.5,44.4,29.7
Ontario,11/12/1983,21.3,31.5,35.8,22
Ontario,11/13/1983,17,28.3,32.6,19.6
Ontario,11/14/1983,20.7,38.1,36,21.5
Ontario,11/15/1983,27,41.6,40.1,26.3
Ontario,11/16/1983,31.2,40.6,39.1,28.1
Ontario,11/17/1983,26,35.2,37.4,26
Ontario,11/18/1983,20.9,36.4,36.6,26.4
Ontario,11/19/1983,32.2,38.1,42.1,29.4
Ontario,11/20/1983,35.2,51.7,46.7,34.4
Ontario,11/21/1983,35.7,50.3,49.4,33.9
Ontario,11/22/1983,30.9,46.3,48.8,31.7
Ontario,11/23/1983,28.4,49.8,49.7,30.1
Ontario,11/24/1983,31.1,53.2,46.3,30
Ontario,11/25/1983,30.4,36,43.1,31
Ontario,11/26/1983,31.4,40,37.7,30.6
Ontario,11/27/1983,29.9,37.2,40.1,30.8
Ontario,11/28/1983,31.2,43.2,38.9,30.4
Ontario,11/29/1983,30,36.5,37.1,29.1
Ontario,11/30/1983,26.1,31.7,33.4,26.9
Ontario,12/1/1983,24.4,32.1,32,24.6
Ontario,12/2/1983,23.2,32.3,33.2,23.5
Ontario,12/3/1983,22.8,35,33.5,23.7
Ontario,12/4/1983,25,33.3,34.9,25.6
Ontario,12/5/1983,29.1,36.5,35.2,26.4
Ontario,12/6/1983,25.3,35.9,33.2,23
Ontario,12/7/1983,14.7,27.1,30.1,15.8
Ontario,12/8/1983,7.4,27.4,28.6,14
Ontario,12/9/1983,20,31.4,30.2,15.3
Ontario,12/10/1983,18.6,31.7,32.1,16.4
Ontario,12/11/1983,10.6,33.3,34.5,18.3
Ontario,12/12/1983,25.5,38.5,35.7,21.2
Ontario,12/13/1983,27.6,35.3,37.8,27.1
Ontario,12/14/1983,28.2,39.8,38.6,28.1
Ontario,12/15/1983,28.4,40.8,37.7,27.1
Ontario,12/16/1983,24.8,32.4,33.4,24.4
Ontario,12/17/1983,20,27,27,18.1
Ontario,12/18/1983,9.6,21.5,20.2,9.3
Ontario,12/19/1983,-1.6,11.9,14.7,1.3
Ontario,12/20/1983,-4,10.8,16.9,-1.4
Ontario,12/21/1983,1.3,27.9,25.1,1.6
Ontario,12/22/1983,7.5,36.7,25.7,4.9
Ontario,12/23/1983,6,12.5,19.6,3
Ontario,12/24/1983,-4.5,9.6,10.4,-2.3
Ontario,12/25/1983,-8.3,9.1,10.5,-5.4
Ontario,12/26/1983,-3.5,12.8,15.1,-0.6
Ontario,12/27/1983,10.1,23.4,21.5,8.7
Ontario,12/28/1983,19.6,28.3,25.5,11.4
Ontario,12/29/1983,4.5,24.8,22.1,7.3
Ontario,12/30/1983,-2.2,13.1,19.3,0.8
Ontario,12/31/1983,0.2,20,20.1,4.4
Ontario,1/1/1984,15.3,27.4,25.3,11.6
Ontario,1/2/1984,19.2,28.6,29.4,19
Ontario,1/3/1984,22.4,32.2,31.7,23.3
Ontario,1/4/1984,28.2,34.2,33.9,27.1
Ontario,1/5/1984,30.6,35.3,35.3,24.9
Ontario,1/6/1984,15.8,36.5,28.7,15.5
Ontario,1/7/1984,0,14.4,25.7,7.6
Ontario,1/8/1984,7.2,26.2,19.3,3.8
Ontario,1/9/1984,4.2,17.4,22.5,3
Ontario,1/10/1984,-2.4,23.9,16.1,-1.4
Ontario,1/11/1984,-6,7,14.1,-5.8
Ontario,1/12/1984,-9,11.3,14.7,-4.1
Ontario,1/13/1984,2.7,25.9,18.9,-2.1
Ontario,1/14/1984,0.1,19.6,17.3,-3.9
Ontario,1/15/1984,-14.4,6.3,12.7,-9.5
Ontario,1/16/1984,-14.3,12.2,13.8,-7.6
Ontario,1/17/1984,5.9,22.8,18.1,-0.7
Ontario,1/18/1984,6.1,19.4,17.3,3.8
Ontario,1/19/1984,-0.6,9.7,12.8,0.3
Ontario,1/20/1984,-4.5,9.5,7.2,-5.8
Ontario,1/21/1984,-12.3,2.5,9.9,-7.6
Ontario,1/22/1984,-6,17.6,16.7,-3.2
Ontario,1/23/1984,8.7,29.9,27.9,8.3
Ontario,1/24/1984,22.3,36,33.8,16.6
Ontario,1/25/1984,18.8,35.5,33.5,17.5
Ontario,1/26/1984,11.3,28.8,33,9.9
Ontario,1/27/1984,-0.5,34.6,29.3,0.6
Ontario,1/28/1984,-9.1,24.6,30.7,2.7
Ontario,1/29/1984,17.7,32.8,28.6,7.4
Ontario,1/30/1984,13.5,28.6,26.2,9.4
Ontario,1/31/1984,-3.1,17.1,21.4,0.2
Ontario,2/1/1984,-9.8,18.6,24.7,-2
Ontario,2/2/1984,6.8,38.5,33.2,7.7
Ontario,2/3/1984,26.2,42.6,38.9,21.5
Ontario,2/4/1984,31.7,35.8,37.5,27.1
Ontario,2/5/1984,23.4,34.1,31.2,21
Ontario,2/6/1984,8,23.7,24.5,10.3
Ontario,2/7/1984,-0.6,15.8,19.8,4
Ontario,2/8/1984,4.5,19.9,21.4,5.6
Ontario,2/9/1984,12.9,28.5,27.9,11.1
Ontario,2/10/1984,15.7,35.2,34.8,19.2
Ontario,2/11/1984,28.9,40.8,39.2,25.8
Ontario,2/12/1984,32.9,41.5,43,31.4
Ontario,2/13/1984,32.3,46.8,45,32.2
Ontario,2/14/1984,31.5,46.8,44.6,30.8
Ontario,2/15/1984,28.6,40.1,43.1,28.9
Ontario,2/16/1984,26.6,42.5,43.1,29.3
Ontario,2/17/1984,32.5,46.6,44.8,31
Ontario,2/18/1984,33.7,45.3,48.3,34.2
Ontario,2/19/1984,36.4,53,45.5,33.6
Ontario,2/20/1984,30.6,38,40.9,30.6
Ontario,2/21/1984,25,31.7,38.6,26.7
Ontario,2/22/1984,24.4,46.1,45.3,27.3
Ontario,2/23/1984,32.6,58.1,51.4,28.7
Ontario,2/24/1984,29.2,50,48,27.6
Ontario,2/25/1984,21,35.8,37.9,21.4
Ontario,2/26/1984,14,27.9,30.3,14.7
Ontario,2/27/1984,9.2,27.3,26.6,11.9
Ontario,2/28/1984,12.6,24.6,23.4,11.3
Ontario,2/29/1984,12,18.4,22,10.9
Ontario,3/1/1984,8.2,23,21.3,11.1
Ontario,3/2/1984,13.2,22.5,22.8,9.9
Ontario,3/3/1984,8.4,22.8,25.1,7.9
Ontario,3/4/1984,2.2,30,29.6,10.1
Ontario,3/5/1984,19.7,35.9,33.1,10.3
Ontario,3/6/1984,8.9,33.5,26.7,8.3
Ontario,3/7/1984,-3.6,10.7,18.6,-2.1
Ontario,3/8/1984,-11.7,11.6,12.6,-7.8
Ontario,3/9/1984,-8.2,15.4,16.7,-7.3
Ontario,3/10/1984,-2.1,23.2,20.6,-4.2
Ontario,3/11/1984,-2.3,23.3,20.2,-3.7
Ontario,3/12/1984,-6.6,14.1,21.2,-1.3
Ontario,3/13/1984,5,26.2,24.1,5
Ontario,3/14/1984,16.7,32.1,31.4,12.2
Ontario,3/15/1984,14.9,35.8,35.9,14.5
Ontario,3/16/1984,12,40,34.7,11.8
Ontario,3/17/1984,8.6,28.5,32.5,13.5
Ontario,3/18/1984,19.9,29.1,30.9,18.2
Ontario,3/19/1984,26.1,35,35.5,25.3
Ontario,3/20/1984,30,42.6,40.3,29.5
Ontario,3/21/1984,32.3,43.5,41.3,31.4
Ontario,3/22/1984,32,37.8,38.2,29.1
Ontario,3/23/1984,23.1,33.3,36.5,25.3
Ontario,3/24/1984,20.9,38.5,37.1,22.5
Ontario,3/25/1984,23.5,39.5,38,22.1
Ontario,3/26/1984,22.1,36.1,38.3,22.2
Ontario,3/27/1984,21,39.2,39.8,23.3
Ontario,3/28/1984,26.9,44,41.5,26.2
Ontario,3/29/1984,30.8,41.2,42.8,29.7
Ontario,3/30/1984,31.4,43.1,44,29.6
Ontario,3/31/1984,26.7,47.8,47.8,28.1
Ontario,4/1/1984,26.1,52.4,51,26.5
Ontario,4/2/1984,26.8,52.9,52.2,26.6
Ontario,4/3/1984,27,51.4,52.2,30.2
Ontario,4/4/1984,36.8,52.5,50.4,34.4
Ontario,4/5/1984,39.4,47.2,48.5,37
Ontario,4/6/1984,34.8,45.7,45.2,35.1
Ontario,4/7/1984,31.2,42.8,46,31.3
Ontario,4/8/1984,27.8,49.4,45.7,28.4
Ontario,4/9/1984,26.2,45,48.3,26.5
Ontario,4/10/1984,25.4,50.6,50.2,27.2
Ontario,4/11/1984,29.9,55,54.2,29.1
Ontario,4/12/1984,31.9,57.1,54.2,33.3
Ontario,4/13/1984,38.1,50.5,54.3,37.1
Ontario,4/14/1984,41.2,55.4,51.7,40.1
Ontario,4/15/1984,40.9,49.2,50.1,39.9
Ontario,4/16/1984,37.5,45.8,47.4,38.3
Ontario,4/17/1984,36.6,47.2,48.9,37.1
Ontario,4/18/1984,37.1,53.7,50.8,37.6
Ontario,4/19/1984,39,51.5,54.9,38.5
Ontario,4/20/1984,39.4,59.6,52.8,36.3
Ontario,4/21/1984,30.5,47.3,51.1,32.4
Ontario,4/22/1984,27.4,46.4,47.1,31.4
Ontario,4/23/1984,36.3,47.6,48.1,35
Ontario,4/24/1984,41.3,50.3,52.6,39.5
Ontario,4/25/1984,40.9,59.9,58.5,40
Ontario,4/26/1984,37.9,65.5,64.5,41.6
Ontario,4/27/1984,46.1,68,70.1,44
Ontario,4/28/1984,47.9,76.9,70.1,45
Ontario,4/29/1984,41,65.5,72.4,43.7
Ontario,4/30/1984,42.2,74.9,62.9,39.7
Ontario,5/1/1984,36,48.5,58.1,36.9
Ontario,5/2/1984,32.4,51.1,50.9,35
Ontario,5/3/1984,36.7,53.1,52.6,37.4
Ontario,5/4/1984,43.1,53.5,54.7,40.3
Ontario,5/5/1984,41.2,57.4,58.1,40.7
Ontario,5/6/1984,37.8,63.3,61.3,38.9
Ontario,5/7/1984,37.6,63.1,60.2,39.3
Ontario,5/8/1984,42.6,54.1,56,39.6
Ontario,5/9/1984,38.5,50.6,55.3,40.1
Ontario,5/10/1984,39,61.3,59,40.9
Ontario,5/11/1984,45.1,65.1,62.8,41.5
Ontario,5/12/1984,40.5,61.9,58.1,40.5
Ontario,5/13/1984,36,47.2,55.3,36.5
Ontario,5/14/1984,33,56.8,51.2,33.8
Ontario,5/15/1984,32.3,49.7,53.9,32.7
Ontario,5/16/1984,32.7,55.3,54.8,34.5
Ontario,5/17/1984,38.4,59.4,58.2,38.1
Ontario,5/18/1984,43.1,59.7,64.7,42.3
Ontario,5/19/1984,45.3,74.8,67,44.3
Ontario,5/20/1984,44.5,66.4,69.2,44
Ontario,5/21/1984,42.3,66.3,71.5,45.8
Ontario,5/22/1984,50.7,81.8,73.3,47.6
Ontario,5/23/1984,49.7,71.8,74.2,47.8
Ontario,5/24/1984,43,69.1,72.8,48.9
Ontario,5/25/1984,53.9,77.6,71.4,47.5
Ontario,5/26/1984,45.4,67.4,69,46.8
Ontario,5/27/1984,41.1,61.9,61.3,43.4
Ontario,5/28/1984,43.6,54.5,55.5,42.5
Ontario,5/29/1984,42.8,50,52.2,42.8
Ontario,5/30/1984,42,52.1,54.4,41.8
Ontario,5/31/1984,40.7,61,61.4,42.2
Ontario,6/1/1984,43.9,71,68.5,44
Ontario,6/2/1984,47.4,73.4,72.2,47.4
Ontario,6/3/1984,50.7,72.1,75,51.3
Ontario,6/4/1984,55.6,79.5,76,53.3
Ontario,6/5/1984,53.7,76.6,80.3,55.3
Ontario,6/6/1984,56.7,84.8,81.7,58.6
Ontario,6/7/1984,65.5,83.7,84.8,62.9
Ontario,6/8/1984,66.6,85.8,85.3,64.9
Ontario,6/9/1984,62.7,86.3,86.3,63.2
Ontario,6/10/1984,60.2,86.8,82.6,59.5
Ontario,6/11/1984,55.6,74.7,80,55
Ontario,6/12/1984,49.3,78.5,78.9,55.7
Ontario,6/13/1984,62.2,83.5,77.7,53.1
Ontario,6/14/1984,47.7,71.1,72.4,52
Ontario,6/15/1984,46.2,62.5,67,45.9
Ontario,6/16/1984,43.6,67.5,65.1,47.6
Ontario,6/17/1984,53,65.2,71.6,52
Ontario,6/18/1984,59.5,82.1,75,56.4
Ontario,6/19/1984,56.7,77.9,76,55.5
Ontario,6/20/1984,50.3,68,73.6,51.5
Ontario,6/21/1984,47.4,74.9,71.9,49.7
Ontario,6/22/1984,51.5,72.8,74.4,49.7
Ontario,6/23/1984,50.1,75.4,73.9,52
Ontario,6/24/1984,54.2,73.6,72.6,50.9
Ontario,6/25/1984,48.3,68.9,70.9,49.1
Ontario,6/26/1984,44.7,70.2,71.2,49.7
Ontario,6/27/1984,56.2,74.4,73.7,51.9
Ontario,6/28/1984,54.7,76.5,75.1,53.8
Ontario,6/29/1984,50.4,74.4,75.5,52.9
Ontario,6/30/1984,53.5,75.5,76.9,53.4
Ontario,7/1/1984,56.3,80.7,79.6,55.8
Ontario,7/2/1984,57.5,82.7,82.1,57.6
Ontario,7/3/1984,58.8,82.8,82.4,60.4
Ontario,7/4/1984,64.7,81.7,81.1,60.9
Ontario,7/5/1984,59.3,78.7,77.3,58.9
Ontario,7/6/1984,52.8,71.6,71.1,54
Ontario,7/7/1984,50,63,68.8,49.5
Ontario,7/8/1984,45.8,71.8,69.5,49.9
Ontario,7/9/1984,54,73.7,72.8,53.3
Ontario,7/10/1984,60.1,72.7,74.5,57.9
Ontario,7/11/1984,59.5,77,77.5,59.6
Ontario,7/12/1984,59.1,82.9,81.1,59.1
Ontario,7/13/1984,58.6,83.5,84.2,60.1
Ontario,7/14/1984,62.5,86.2,84.9,61.8
Ontario,7/15/1984,64.4,85,82.9,62
Ontario,7/16/1984,59,77.4,79.6,59.4
Ontario,7/17/1984,54.9,76.4,74.6,56.6
Ontario,7/18/1984,56,70.1,74.6,54.9
Ontario,7/19/1984,53.9,77.3,76.4,55.7
Ontario,7/20/1984,57.2,81.7,79.8,57.2
Ontario,7/21/1984,60.6,80.5,81.8,58.2
Ontario,7/22/1984,56.6,83.2,84,60.8
Ontario,7/23/1984,65.2,88.5,83.7,59.8
Ontario,7/24/1984,57.5,79.6,80.8,58.9
Ontario,7/25/1984,53.9,74.5,75.8,53.6
Ontario,7/26/1984,49.2,73.4,73.2,52.4
Ontario,7/27/1984,54.2,71.8,73.7,52.3
Ontario,7/28/1984,53.4,76,75.7,52.6
Ontario,7/29/1984,50.2,79.4,79.3,52.9
Ontario,7/30/1984,55.1,82.4,82.3,54.3
Ontario,7/31/1984,57.6,85.1,83.8,59
Ontario,8/1/1984,64.1,83.8,83,62.6
Ontario,8/2/1984,66,80,81.9,64.4
Ontario,8/3/1984,63,81.8,82.3,63.7
Ontario,8/4/1984,62.2,85.1,85,62.5
Ontario,8/5/1984,62.5,88.1,86.4,63.8
Ontario,8/6/1984,66.8,85.9,87.1,64.8
Ontario,8/7/1984,65,87.3,85.4,64.6
Ontario,8/8/1984,62,83.2,86.1,65.1
Ontario,8/9/1984,68.4,88,85.7,65.1
Ontario,8/10/1984,65,86,85.1,65.7
Ontario,8/11/1984,63.6,81.2,82.5,64.7
Ontario,8/12/1984,65.5,80.3,81.3,64.5
Ontario,8/13/1984,64.3,82.4,83.4,64
Ontario,8/14/1984,62.3,87.5,85.6,63.2
Ontario,8/15/1984,63.1,86.9,86.3,62.6
Ontario,8/16/1984,62.3,84.5,82,60.3
Ontario,8/17/1984,55.6,74.4,77.5,56.8
Ontario,8/18/1984,52.6,73.6,73.9,52.8
Ontario,8/19/1984,50.2,73.9,73.3,49.7
Ontario,8/20/1984,46.2,72.4,74.2,48.6
Ontario,8/21/1984,49.3,76.3,74.8,49.4
Ontario,8/22/1984,52.6,75.8,72.9,51.2
Ontario,8/23/1984,51.7,66.7,72.3,51.4
Ontario,8/24/1984,49.9,74.5,72.8,50.2
Ontario,8/25/1984,48.8,77.2,77.7,49
Ontario,8/26/1984,48.4,81.5,80.7,49.3
Ontario,8/27/1984,50.8,83.5,80.6,54.7
Ontario,8/28/1984,65,76.8,80.9,59.4
Ontario,8/29/1984,62.6,82.4,79.4,61.1
Ontario,8/30/1984,55.6,78.9,78.9,56.9
Ontario,8/31/1984,52.5,75.5,76,52.8
Ontario,9/1/1984,50.3,73.6,71.9,51.7
Ontario,9/2/1984,52.3,66.5,67,51.1
Ontario,9/3/1984,50.7,60.8,64.1,49.4
Ontario,9/4/1984,45.2,64.9,62.9,45.5
Ontario,9/5/1984,40.7,63.1,64,41.6
Ontario,9/6/1984,38.9,64.2,65.2,40
Ontario,9/7/1984,40.4,68.5,70,45.5
Ontario,9/8/1984,57.1,77.3,73.9,52.1
Ontario,9/9/1984,58.7,75.9,76,58
Ontario,9/10/1984,58.2,74.6,72.5,56.9
Ontario,9/11/1984,53.7,66.9,69.1,53.5
Ontario,9/12/1984,48.6,65.6,68,52.8
Ontario,9/13/1984,56.1,71.4,67.2,52.1
Ontario,9/14/1984,51.4,64.5,64.6,49.3
Ontario,9/15/1984,40.4,57.9,61.2,43.2
Ontario,9/16/1984,37.8,61.3,61.8,39.2
Ontario,9/17/1984,39.6,66.2,66,39.5
Ontario,9/18/1984,41.1,70.4,70.7,44.4
Ontario,9/19/1984,52.5,75.6,74.1,47.3
Ontario,9/20/1984,48.5,76.4,72.8,47.9
Ontario,9/21/1984,42.8,66.3,70.7,44.6
Ontario,9/22/1984,42.5,69.3,69.2,46.3
Ontario,9/23/1984,53.6,72.2,69.7,52.8
Ontario,9/24/1984,62.5,67.5,72.5,55.7
Ontario,9/25/1984,50.9,77.9,66.8,50.5
Ontario,9/26/1984,38.1,55.1,61.6,41.4
Ontario,9/27/1984,35.2,52,53.7,35.4
Ontario,9/28/1984,33.1,54.2,54.3,33.9
Ontario,9/29/1984,33.3,56.7,56,33.3
Ontario,9/30/1984,33.4,57.2,56.9,35.2
Ontario,10/1/1984,38.8,56.7,57.7,36.2
Ontario,10/2/1984,36.3,59.1,59.7,39.7
Ontario,10/3/1984,43.9,63.3,60.2,39.7
Ontario,10/4/1984,38.9,58,56.6,37.2
Ontario,10/5/1984,28.7,48.6,53.4,31.5
Ontario,10/6/1984,26.8,53.5,53.1,29.6
Ontario,10/7/1984,33.3,57.1,56.5,36.2
Ontario,10/8/1984,48.5,59,58.5,45.3
Ontario,10/9/1984,54.1,59.3,59.8,49.3
Ontario,10/10/1984,45.3,61,60.9,47.7
Ontario,10/11/1984,43.6,62.5,62.7,44.7
Ontario,10/12/1984,45.2,64.5,61.5,43.3
Ontario,10/13/1984,41.2,57.5,61.1,44.8
Ontario,10/14/1984,48,61.2,60.5,45.3
Ontario,10/15/1984,46.8,62.8,61.7,46.6
Ontario,10/16/1984,45,61,61.3,47.1
Ontario,10/17/1984,49.5,59.9,61.2,44.8
Ontario,10/18/1984,39.9,62.7,62.2,43.9
Ontario,10/19/1984,42.3,63.9,62.8,41.3
Ontario,10/20/1984,41.6,61.6,64.1,44.4
Ontario,10/21/1984,49.3,66.7,61.6,44.4
Ontario,10/22/1984,42.3,56.4,59.7,42.7
Ontario,10/23/1984,36.5,56,56.7,37.7
Ontario,10/24/1984,34.3,57.7,56.5,34.9
Ontario,10/25/1984,33.9,55.8,55.5,37
Ontario,10/26/1984,42.9,53.1,57.7,41.8
Ontario,10/27/1984,48.7,64.1,63,46.2
Ontario,10/28/1984,47.1,71.8,63,43.3
Ontario,10/29/1984,34,53,60.5,36.1
Ontario,10/30/1984,27.1,56.6,52.2,31.4
Ontario,10/31/1984,33,46.9,57.1,32
Ontario,11/1/1984,35.9,67.8,51.9,32.2
Ontario,11/2/1984,27.7,41,50.6,28.6
Ontario,11/3/1984,22.1,43.1,45.6,28.6
Ontario,11/4/1984,36.1,52.7,49.6,32.6
Ontario,11/5/1984,39.8,53.1,49.4,34.8
Ontario,11/6/1984,28.4,42.3,46.5,31.2
Ontario,11/7/1984,25.4,44.2,44.9,26.6
Ontario,11/8/1984,25.9,48.1,48.1,31.2
Ontario,11/9/1984,42.2,52,51.5,38.5
Ontario,11/10/1984,47.4,54.4,52.7,40.4
Ontario,11/11/1984,31.7,51.7,46.5,35.5
Ontario,11/12/1984,27.4,33.4,40.8,28.5
Ontario,11/13/1984,26.3,37.2,38.7,25.4
Ontario,11/14/1984,22.4,45.6,43.7,27.6
Ontario,11/15/1984,34.2,48.2,44.7,28.8
Ontario,11/16/1984,29.9,40.4,42.9,31.5
Ontario,11/17/1984,30.6,40,39.5,27.7
Ontario,11/18/1984,22.7,38.2,35.7,22
Ontario,11/19/1984,12.6,28.8,32.2,16.9
Ontario,11/20/1984,15.5,29.8,29.7,15.1
Ontario,11/21/1984,17.2,30.5,31.9,16.4
Ontario,11/22/1984,16.6,35.5,36.1,20.9
Ontario,11/23/1984,28.8,42.2,41.4,25.1
Ontario,11/24/1984,29.8,46.4,46.1,27.1
Ontario,11/25/1984,22.7,49.7,47.2,24.7
Ontario,11/26/1984,21.5,45.5,49,23.8
Ontario,11/27/1984,27.3,52,52.6,27.2
Ontario,11/28/1984,32.8,60.4,51,30.3
Ontario,11/29/1984,30.9,40.6,47.8,31.3
Ontario,11/30/1984,30,42.3,40.9,30.6
Ontario,12/1/1984,31,39.8,40.3,30
Ontario,12/2/1984,29.1,38.7,39.5,28.9
Ontario,12/3/1984,26.7,40.1,36.6,26.6
Ontario,12/4/1984,24,31,33.3,22.3
Ontario,12/5/1984,16.3,28.6,30,18.1
Ontario,12/6/1984,14,30.3,28.4,13.4
Ontario,12/7/1984,9.9,26.2,30.4,14.9
Ontario,12/8/1984,20.7,34.9,33.4,20.2
Ontario,12/9/1984,30.1,39.2,38.6,26.7
Ontario,12/10/1984,29.3,41.6,39.6,28.8
Ontario,12/11/1984,27,38,43.6,30.5
Ontario,12/12/1984,35.2,51.1,47.1,30.3
Ontario,12/13/1984,28.8,52,45.6,28.3
Ontario,12/14/1984,20.8,33.6,40.7,27
Ontario,12/15/1984,31.4,36.4,42.4,28.1
Ontario,12/16/1984,32.2,57.3,49.9,31.4
Ontario,12/17/1984,30.6,55.9,50.6,30
Ontario,12/18/1984,27.3,38.6,42.5,28
Ontario,12/19/1984,26.1,32.9,35.2,24.5
Ontario,12/20/1984,20,34.1,34.5,19.8
Ontario,12/21/1984,13.4,36.4,37.4,18
Ontario,12/22/1984,20.7,41.6,39.1,19.4
Ontario,12/23/1984,24.2,39.2,40.1,22.3
Ontario,12/24/1984,22,39.6,34.1,19.4
Ontario,12/25/1984,12.1,23.6,29.3,15
Ontario,12/26/1984,11.1,24.7,23.6,10.5
Ontario,12/27/1984,8.2,22.6,34.2,13.3
Ontario,12/28/1984,20.6,55.3,44.5,20.3
Ontario,12/29/1984,32.2,55.7,47.9,24.9
Ontario,12/30/1984,21.9,32.9,41,24.1
Ontario,12/31/1984,18.3,34.5,34.4,20.4
Ontario,1/1/1985,21.1,36,33.2,18.6
Ontario,1/2/1985,16.5,29.3,30.3,16.3
Ontario,1/3/1985,11.4,25.8,28.4,12.1
Ontario,1/4/1985,8.5,30.2,27.7,11.1
Ontario,1/5/1985,13.3,27.2,28.9,12.3
Ontario,1/6/1985,15,29.5,24.5,10.9
Ontario,1/7/1985,4.3,16.9,18.4,4.8
Ontario,1/8/1985,-4.9,8.8,13,-3.6
Ontario,1/9/1985,-10.2,13.2,12.6,-3
Ontario,1/10/1985,6,15.7,16.2,1.1
Ontario,1/11/1985,7.6,19.8,20.8,7.3
Ontario,1/12/1985,8.4,26.9,24.3,9.9
Ontario,1/13/1985,13.8,26.4,27.7,11.8
Ontario,1/14/1985,13.2,29.8,24.3,9.2
Ontario,1/15/1985,0.8,16.6,21.7,2.5
Ontario,1/16/1985,-6.3,18.7,19.2,1.3
Ontario,1/17/1985,9.6,22.2,21.1,5
Ontario,1/18/1985,11.9,22.5,21.6,9
Ontario,1/19/1985,5.5,20,17.4,4.4
Ontario,1/20/1985,-4.1,9.7,15.4,-2
Ontario,1/21/1985,-7.5,16.6,17.4,-0.7
Ontario,1/22/1985,9.5,25.9,23,7.3
Ontario,1/23/1985,19.8,26.5,26.5,16.3
Ontario,1/24/1985,19.6,27.1,26.8,16.2
Ontario,1/25/1985,9.2,26.8,24.1,11.1
Ontario,1/26/1985,4.5,18.5,22.8,8.4
Ontario,1/27/1985,11.4,23.2,22.7,8.2
Ontario,1/28/1985,8.6,26.3,24,8.1
Ontario,1/29/1985,4.3,22.6,24.4,7
Ontario,1/30/1985,8.2,24.3,24.5,8.5
Ontario,1/31/1985,13.1,26.6,25.7,8.2
Ontario,2/1/1985,3.1,26.1,22.7,6.5
Ontario,2/2/1985,3.3,15.3,18.3,1.4
Ontario,2/3/1985,-2.3,13.5,15.3,0
Ontario,2/4/1985,-1,17,17.2,-1.1
Ontario,2/5/1985,0,20.9,17.5,0.8
Ontario,2/6/1985,3.6,14.6,15.7,-1.5
Ontario,2/7/1985,-8,11.5,14,-2.6
Ontario,2/8/1985,-3.2,15.8,14.9,-1.9
Ontario,2/9/1985,5.6,17.5,20.5,2.8
Ontario,2/10/1985,6,28.2,26.5,8.6
Ontario,2/11/1985,14.2,34,33.7,15.9
Ontario,2/12/1985,27.4,38.9,36.9,22.3
Ontario,2/13/1985,25.3,37.9,34.3,23.5
Ontario,2/14/1985,17.7,26.1,28.6,19.3
Ontario,2/15/1985,14.9,22,24.6,14.8
Ontario,2/16/1985,11.8,25.7,26.1,14.8
Ontario,2/17/1985,17.7,30.8,29.9,15
Ontario,2/18/1985,15.5,33.1,32.1,15.3
Ontario,2/19/1985,12.9,32.6,32.9,14.2
Ontario,2/20/1985,14.1,33.1,35.3,12.5
Ontario,2/21/1985,10.5,40.3,38.2,18.6
Ontario,2/22/1985,31.3,41.1,41.4,25.5
Ontario,2/23/1985,34.7,42.8,43.7,33.4
Ontario,2/24/1985,34.3,47,42,32.9
Ontario,2/25/1985,29.7,36.3,40.8,31.4
Ontario,2/26/1985,30.4,39,37.3,24.4
Ontario,2/27/1985,13,36.5,37.6,17.8
Ontario,2/28/1985,10,37.3,39.7,18.2
Ontario,3/1/1985,31.5,45.5,40,21.5
Ontario,3/2/1985,23.1,37.4,36.2,23.4
Ontario,3/3/1985,15.7,25.7,31.5,17.4
Ontario,3/4/1985,13.4,31.5,30.9,13.6
Ontario,3/5/1985,11.8,35.5,32.3,10.3
Ontario,3/6/1985,5.7,29.9,34.2,10
Ontario,3/7/1985,12.6,37.3,36.1,15.7
Ontario,3/8/1985,28.7,41.2,38.4,21.6
Ontario,3/9/1985,23.4,36.7,40.9,24.7
Ontario,3/10/1985,21.9,44.8,43.5,25.4
Ontario,3/11/1985,31,48.9,46,28.6
Ontario,3/12/1985,32.9,44.2,44.7,30.7
Ontario,3/13/1985,28.4,40.9,42.2,30
Ontario,3/14/1985,28.8,41.6,37.7,25.6
Ontario,3/15/1985,19.7,30.7,38.6,22.3
Ontario,3/16/1985,18.4,43.6,35.9,17.4
Ontario,3/17/1985,13.9,33.5,35.4,14.1
Ontario,3/18/1985,10,29.1,35.6,13.5
Ontario,3/19/1985,16.6,44.2,39,16.1
Ontario,3/20/1985,21.8,43.7,40.7,18.1
Ontario,3/21/1985,15.8,34.2,40.5,17.8
Ontario,3/22/1985,15.9,43.8,40.9,19.5
Ontario,3/23/1985,26.6,44.9,42.4,23.5
Ontario,3/24/1985,27.9,38.5,40.7,25.1
Ontario,3/25/1985,20.8,38.7,40.9,22.7
Ontario,3/26/1985,19.5,45.6,48.8,23.4
Ontario,3/27/1985,29.8,62.3,55.7,28.4
Ontario,3/28/1985,35.9,59.2,56.2,33
Ontario,3/29/1985,33.3,47.1,49.4,33.3
Ontario,3/30/1985,30.7,41.9,42.4,30.7
Ontario,3/31/1985,28,38.1,39.6,29.5
Ontario,4/1/1985,29.9,38.8,37.6,28.6
Ontario,4/2/1985,27.9,35.9,38.7,29.1
Ontario,4/3/1985,29.4,41.3,40.9,29
Ontario,4/4/1985,29.6,45.5,45.9,31.8
Ontario,4/5/1985,36.4,50.8,48.1,33
Ontario,4/6/1985,33,48,48.6,33.6
Ontario,4/7/1985,31.2,46.9,44.5,29.2
Ontario,4/8/1985,23.4,38.7,39,24.9
Ontario,4/9/1985,20,31.4,37.3,20.6
Ontario,4/10/1985,18.5,41.8,41,21.2
Ontario,4/11/1985,25.2,49.9,46.6,22.3
Ontario,4/12/1985,23.1,48.1,46.9,26.5
Ontario,4/13/1985,31.4,42.7,48.9,29.4
Ontario,4/14/1985,33.9,55.7,56.6,36
Ontario,4/15/1985,42.7,71.2,65.2,36.3
Ontario,4/16/1985,32.4,68.6,59.9,33.6
Ontario,4/17/1985,25.8,39.9,59.4,30.2
Ontario,4/18/1985,32.4,69.9,52.6,32.7
Ontario,4/19/1985,39.9,48.1,57.1,36.9
Ontario,4/20/1985,38.4,53.4,60.9,39.3
Ontario,4/21/1985,39.6,81.4,72.6,44
Ontario,4/22/1985,54,83,77.7,47.6
Ontario,4/23/1985,49.1,68.8,73.8,50.4
Ontario,4/24/1985,48.2,69.7,68.7,47
Ontario,4/25/1985,43.7,67.5,66.7,43.5
Ontario,4/26/1985,38.6,62.7,61.1,38.5
Ontario,4/27/1985,33.1,53,57.4,35.9
Ontario,4/28/1985,35.9,56.5,56.8,34.7
Ontario,4/29/1985,35.1,61,61.1,37.3
Ontario,4/30/1985,41,66,60.9,38.6
Ontario,5/1/1985,39.6,55.8,61.2,38.4
Ontario,5/2/1985,34.5,61.7,58.8,37.1
Ontario,5/3/1985,37.1,58.9,61.7,34.9
Ontario,5/4/1985,33.3,64.5,62.4,38.3
Ontario,5/5/1985,44.6,63.8,59.7,40.5
Ontario,5/6/1985,43.6,50.9,59.8,43.1
Ontario,5/7/1985,41,64.9,56.3,38.5
Ontario,5/8/1985,30.9,53.1,63.7,34.4
Ontario,5/9/1985,31.2,73,68.8,39.3
Ontario,5/10/1985,55.9,80.4,77.3,46.5
Ontario,5/11/1985,52.5,78.6,78.5,54.1
Ontario,5/12/1985,54,76.4,77,52.4
Ontario,5/13/1985,50.7,75.9,73,50.3
Ontario,5/14/1985,46.1,66.7,68.1,47.7
Ontario,5/15/1985,46.4,61.6,65.6,47.7
Ontario,5/16/1985,50.7,68.4,64,46.7
Ontario,5/17/1985,43.1,61.9,61.5,43.7
Ontario,5/18/1985,37.4,54.3,61.3,38.6
Ontario,5/19/1985,35.4,67.8,66.8,39.2
Ontario,5/20/1985,44.7,78.2,70,40.5
Ontario,5/21/1985,41.3,64.1,68.5,41.5
Ontario,5/22/1985,38.6,63.3,66.2,39.8
Ontario,5/23/1985,39.4,71.1,69.8,40.8
Ontario,5/24/1985,44.4,74.9,74.9,43.9
Ontario,5/25/1985,48.1,78.7,70.8,47.5
Ontario,5/26/1985,50.2,58.9,66.4,50
Ontario,5/27/1985,51.6,61.6,61.3,48.2
Ontario,5/28/1985,42.9,63.5,63,43.9
Ontario,5/29/1985,37.3,64.1,68.2,40.2
Ontario,5/30/1985,40.5,77.2,73.9,45
Ontario,5/31/1985,57.2,80.6,75.5,50.6
Ontario,6/1/1985,54.2,68.6,75.4,54.2
Ontario,6/2/1985,51.2,77,71.3,49.8
Ontario,6/3/1985,44,68.1,70.6,44.4
Ontario,6/4/1985,38,66.8,67.3,43.4
Ontario,6/5/1985,48.3,67,67,43.6
Ontario,6/6/1985,44.6,67.1,67.9,45.3
Ontario,6/7/1985,43.2,69.5,70.4,47
Ontario,6/8/1985,53.2,74.8,75.1,50
Ontario,6/9/1985,53.5,80.9,75.4,52.9
Ontario,6/10/1985,51.9,70.4,69.7,51.2
Ontario,6/11/1985,48.1,57.6,64.5,48.8
Ontario,6/12/1985,46.5,65.4,59.8,46.7
Ontario,6/13/1985,45.6,56.5,62.8,45.4
Ontario,6/14/1985,44,66.4,64.2,44
Ontario,6/15/1985,42.3,69.6,67.6,46.1
Ontario,6/16/1985,52,66.8,69.1,49.5
Ontario,6/17/1985,54.1,70.9,68.8,53.1
Ontario,6/18/1985,53.3,68.6,69.1,52.2
Ontario,6/19/1985,49.4,67.7,68.9,50.6
Ontario,6/20/1985,49.2,70.4,70.7,47.6
Ontario,6/21/1985,44.1,74,75,50.1
Ontario,6/22/1985,56.9,80.7,78.7,52.5
Ontario,6/23/1985,56.4,81.3,77,54.5
Ontario,6/24/1985,50.2,68.9,73.3,50.9
Ontario,6/25/1985,46.1,69.8,69.8,48.1
Ontario,6/26/1985,47.9,70.7,71.2,48.3
Ontario,6/27/1985,51,73.1,73.5,49.9
Ontario,6/28/1985,50.9,76.6,74.2,52.4
Ontario,6/29/1985,55.4,73,75.2,53.9
Ontario,6/30/1985,55.4,76.1,75.6,54.6
Ontario,7/1/1985,53,77.7,76.6,56.6
Ontario,7/2/1985,61.4,76.1,77.1,58.2
Ontario,7/3/1985,60,77.5,78.8,59.7
Ontario,7/4/1985,57.5,82.9,81.1,59.2
Ontario,7/5/1985,59.9,83,80.6,58.9
Ontario,7/6/1985,59.3,75.9,77.3,59.4
Ontario,7/7/1985,59.1,73.1,74.1,58.6
Ontario,7/8/1985,57.3,73.5,75.9,59
Ontario,7/9/1985,60.6,81.1,76.7,57.9
Ontario,7/10/1985,55.7,75.5,76.3,56.6
Ontario,7/11/1985,53.6,72.4,73.5,53.6
Ontario,7/12/1985,51.5,72.5,75.2,51.9
Ontario,7/13/1985,50.7,80.6,78.2,56.2
Ontario,7/14/1985,66.5,81.4,80.7,58.8
Ontario,7/15/1985,59.3,79.9,78.2,60.6
Ontario,7/16/1985,55.9,73.3,76.3,55.8
Ontario,7/17/1985,52.2,75.5,75.9,53.3
Ontario,7/18/1985,51.7,78.8,77.7,54.7
Ontario,7/19/1985,60.1,79,79.9,57.7
Ontario,7/20/1985,61.4,82,80.4,59
Ontario,7/21/1985,55.6,80.3,78.3,56.6
Ontario,7/22/1985,52.8,72.6,75.1,52.8
Ontario,7/23/1985,50,72.4,74.4,49.7
Ontario,7/24/1985,46.4,78.4,79.8,54
Ontario,7/25/1985,65.7,88.6,82,57
Ontario,7/26/1985,58.9,78.9,81.8,59.4
Ontario,7/27/1985,53.5,77.8,79.6,53
Ontario,7/28/1985,46.7,82.2,82.4,53.6
Ontario,7/29/1985,60.5,87.3,81.6,55.1
Ontario,7/30/1985,58.1,75.4,76.8,57
Ontario,7/31/1985,52.4,67.6,73.6,54
Ontario,8/1/1985,51.4,77.8,73.6,51.5
Ontario,8/2/1985,50.7,75.4,77.4,50.5
Ontario,8/3/1985,49.6,79,78.8,51.1
Ontario,8/4/1985,53.2,82.2,81.3,53.1
Ontario,8/5/1985,56.6,82.8,81.8,58.1
Ontario,8/6/1985,64.3,80.3,82.1,61.3
Ontario,8/7/1985,62.8,83.2,83.2,62.5
Ontario,8/8/1985,60.3,86.1,84.7,60
Ontario,8/9/1985,56.8,84.9,86.3,58
Ontario,8/10/1985,56.9,88.1,83.4,56.4
Ontario,8/11/1985,55.5,77.2,79.2,53.9
Ontario,8/12/1985,49.2,72.4,79.5,52.3
Ontario,8/13/1985,52.3,88.8,82.8,55.8
Ontario,8/14/1985,65.8,87.2,83,58.8
Ontario,8/15/1985,58.2,73,80,59.3
Ontario,8/16/1985,53.8,79.7,77.3,54.2
Ontario,8/17/1985,50.5,79,79.9,54.4
Ontario,8/18/1985,58.8,80.9,78.2,55.4
Ontario,8/19/1985,56.9,74.6,75.4,57.4
Ontario,8/20/1985,56.4,70.7,72,55.8
Ontario,8/21/1985,54.2,70.8,71.1,54.6
Ontario,8/22/1985,53.1,71.8,71.6,53.3
Ontario,8/23/1985,52.8,72.2,70.9,53.9
Ontario,8/24/1985,55.9,68.9,71.2,56.4
Ontario,8/25/1985,60.5,72.6,72.3,59.4
Ontario,8/26/1985,61.9,75.5,75.3,61.2
Ontario,8/27/1985,61.3,77.8,76.4,60.3
Ontario,8/28/1985,57.6,76,72.6,57.6
Ontario,8/29/1985,54,64.1,67.9,54.8
Ontario,8/30/1985,52.7,63.6,64.4,51.7
Ontario,8/31/1985,48.4,65.4,66.4,49.1
Ontario,9/1/1985,46.4,70.1,70.1,50
Ontario,9/2/1985,55.3,74.8,76.2,51.8
Ontario,9/3/1985,53.6,83.7,80.2,59.5
Ontario,9/4/1985,69.5,82.1,82.4,63.4
Ontario,9/5/1985,67,81.4,82,68.5
Ontario,9/6/1985,69,82.4,82.8,68
Ontario,9/7/1985,68,84.6,82.4,68.3
Ontario,9/8/1985,67.8,80.2,78.8,64.1
Ontario,9/9/1985,56.6,71.6,71.9,58.2
Ontario,9/10/1985,50.2,63.9,65.6,49.8
Ontario,9/11/1985,42.7,61.4,61,43.7
Ontario,9/12/1985,38.3,57.8,60.3,39.3
Ontario,9/13/1985,37,61.6,62.4,38.1
Ontario,9/14/1985,39.1,67.8,65.8,39.2
Ontario,9/15/1985,41.7,68,67.8,40.9
Ontario,9/16/1985,42.1,67.5,69.3,42.1
Ontario,9/17/1985,42.6,72.5,73.1,44.5
Ontario,9/18/1985,48.9,79.3,78.6,50
Ontario,9/19/1985,58.5,83.9,82.2,56
Ontario,9/20/1985,60.7,83.5,78.7,57.4
Ontario,9/21/1985,53.2,68.6,74.4,54.8
Ontario,9/22/1985,50.4,71,72,52.8
Ontario,9/23/1985,55,76.2,72.8,50.7
Ontario,9/24/1985,46.7,71.1,71,47.9
Ontario,9/25/1985,42,65.6,67.5,46.4
Ontario,9/26/1985,50.6,65.7,64.6,46.7
Ontario,9/27/1985,47.7,62.5,65.3,48.4
Ontario,9/28/1985,46.8,67.7,67.4,46.8
Ontario,9/29/1985,45.8,72.1,71.4,46
Ontario,9/30/1985,45.5,74.5,71.1,45.2
Ontario,10/1/1985,44.3,66.7,66.2,43
Ontario,10/2/1985,39.1,57.3,61.2,38.7
Ontario,10/3/1985,32.7,59.4,60.3,37.6
Ontario,10/4/1985,40.8,64.3,60.5,40
Ontario,10/5/1985,46.3,57.7,58.9,42.3
Ontario,10/6/1985,39.8,54.7,58.1,41.4
Ontario,10/7/1985,38.1,61.9,60.3,40
Ontario,10/8/1985,42,64.4,64.8,45
Ontario,10/9/1985,54.9,67.9,64.7,46.2
Ontario,10/10/1985,41.6,61.9,60.8,44.2
Ontario,10/11/1985,36.1,52.5,55.1,37.1
Ontario,10/12/1985,33.7,50.9,54.6,38.6
Ontario,10/13/1985,46,60.3,56.5,41.8
Ontario,10/14/1985,45.6,58.2,59.8,45.9
Ontario,10/15/1985,46.1,60.8,56.5,41.9
Ontario,10/16/1985,34,50.6,54.7,37.3
Ontario,10/17/1985,31.9,52.7,56.2,36.6
Ontario,10/18/1985,43.9,65.2,60,39.8
Ontario,10/19/1985,43.6,62,58.5,40.4
Ontario,10/20/1985,33.7,48.3,54.7,35.7
Ontario,10/21/1985,29.7,53.8,52.7,36.5
Ontario,10/22/1985,46.1,55.9,58.4,41.6
Ontario,10/23/1985,49.1,65.6,62.9,46.5
Ontario,10/24/1985,44.1,67.1,64,44.7
Ontario,10/25/1985,40.8,59.3,63.2,41
Ontario,10/26/1985,38.1,63.1,61,39
Ontario,10/27/1985,38.1,60.5,56.3,35
Ontario,10/28/1985,28.6,45.2,49.8,30.9
Ontario,10/29/1985,26,43.6,46.1,29.2
Ontario,10/30/1985,33,49.6,48.5,29.9
Ontario,10/31/1985,30.6,52.5,52.2,35.2
Ontario,11/1/1985,42,54.5,53.2,38.8
Ontario,11/2/1985,43.9,52.5,52.3,42.9
Ontario,11/3/1985,42.8,50,50.3,43.4
Ontario,11/4/1985,43.5,48.5,49.2,43.1
Ontario,11/5/1985,42.9,49.1,48.1,42.8
Ontario,11/6/1985,42,46.6,48.7,40.4
Ontario,11/7/1985,36.1,50.3,48.9,37.6
Ontario,11/8/1985,34.5,49.6,47.2,33.9
Ontario,11/9/1985,30.9,41.8,42.9,31.7
Ontario,11/10/1985,29.7,37.2,37.3,28
Ontario,11/11/1985,23.5,32.9,36.8,26.6
Ontario,11/12/1985,26.7,40.1,39.6,27.4
Ontario,11/13/1985,32.2,45.7,41.5,30.1
Ontario,11/14/1985,31.5,38.8,39.6,30.5
Ontario,11/15/1985,27.7,34.5,39.2,28.1
Ontario,11/16/1985,25.1,44.4,40.3,29.8
Ontario,11/17/1985,36.6,42.1,44.9,31.7
Ontario,11/18/1985,33.5,48.2,51.5,37.4
Ontario,11/19/1985,42.2,64.1,59.5,36.3
Ontario,11/20/1985,33.2,66.1,54.6,34.2
Ontario,11/21/1985,27.3,33.6,44.2,28.7
Ontario,11/22/1985,25.7,32.9,33.7,27.3
Ontario,11/23/1985,28.9,34.4,33.9,27.2
Ontario,11/24/1985,26.9,34.4,33.3,26.3
Ontario,11/25/1985,23.2,31.2,32.8,23.5
Ontario,11/26/1985,20.3,32.8,33.2,23.3
Ontario,11/27/1985,26.4,35.6,32.5,23.8
Ontario,11/28/1985,24.8,29.2,33.3,25
Ontario,11/29/1985,23.9,35.1,34.3,26.9
Ontario,11/30/1985,32,38.5,41.6,29.8
Ontario,12/1/1985,33.6,51.3,45.3,28.5
Ontario,12/2/1985,19.9,46.1,41,23.5
Ontario,12/3/1985,17,25.5,34.2,18.6
Ontario,12/4/1985,18.8,30.9,30.4,20.8
Ontario,12/5/1985,26.7,34.7,32.8,23.9
Ontario,12/6/1985,26.2,32.9,33.9,26.5
Ontario,12/7/1985,26.6,34.1,33.5,27.2
Ontario,12/8/1985,28.6,33.4,33.1,26.8
Ontario,12/9/1985,25.2,31.8,33.6,27.8
Ontario,12/10/1985,29.5,35.6,33.5,26.6
Ontario,12/11/1985,25,33.3,34,26.3
Ontario,12/12/1985,24.2,33.1,31.8,21.2
Ontario,12/13/1985,14.2,29,27.6,16.3
Ontario,12/14/1985,10.4,20.7,24.9,11.5
Ontario,12/15/1985,10,25.1,23.4,12
Ontario,12/16/1985,15.7,24.4,23.1,11.8
Ontario,12/17/1985,9.7,19.7,19.8,9.2
Ontario,12/18/1985,2.2,15.3,17.9,5.4
Ontario,12/19/1985,4.4,18.6,18.6,5.1
Ontario,12/20/1985,8.7,22,21,7.8
Ontario,12/21/1985,10.3,22.5,24.5,10.5
Ontario,12/22/1985,12.6,29.1,28.5,16.7
Ontario,12/23/1985,27.2,34,33,15
Ontario,12/24/1985,5.2,35.9,28.1,10.7
Ontario,12/25/1985,-0.1,14.4,22.9,2.2
Ontario,12/26/1985,1.6,18.3,20.2,3.6
Ontario,12/27/1985,9.4,28,21.4,7.6
Ontario,12/28/1985,11.9,17.9,23.2,11.2
Ontario,12/29/1985,12.3,23.9,23.8,13.8
Ontario,12/30/1985,17.4,29.8,30.2,17.6
Ontario,12/31/1985,23.3,36.8,30.8,19.7
Ontario,1/1/1986,18.5,25.9,31.8,19.3
Ontario,1/2/1986,16,32.6,29.2,15.7
Ontario,1/3/1986,12.6,29,28.4,13.6
Ontario,1/4/1986,12.2,23.6,25.9,12.1
Ontario,1/5/1986,11.5,25.1,23,9.7
Ontario,1/6/1986,5.3,20.5,18.6,3.5
Ontario,1/7/1986,-6.2,10.2,17,-3.4
Ontario,1/8/1986,-9.3,20.5,21.5,-0.8
Ontario,1/9/1986,13.2,33.8,29.6,8.1
Ontario,1/10/1986,20.5,34.4,35,17.3
Ontario,1/11/1986,18.1,36.7,36.9,21.5
Ontario,1/12/1986,25.8,39.6,34.2,16
Ontario,1/13/1986,4.2,26.3,24.1,7.8
Ontario,1/14/1986,-6.5,6.3,16.6,-3.6
Ontario,1/15/1986,-8.5,17.2,17.9,-0.2
Ontario,1/16/1986,14.3,30.1,30.1,9.2
Ontario,1/17/1986,21.8,43,39,23.3
Ontario,1/18/1986,33.9,44,42.9,29.7
Ontario,1/19/1986,33.5,41.6,41.1,32.5
Ontario,1/20/1986,30.3,37.7,39,29.2
Ontario,1/21/1986,24,37.8,38.5,25.3
Ontario,1/22/1986,21.6,40,33,18.5
Ontario,1/23/1986,9.9,21.3,28.6,15.1
Ontario,1/24/1986,13.7,24.5,27,15
Ontario,1/25/1986,21.5,35.3,31.5,19.3
Ontario,1/26/1986,22.9,34.7,32.1,15.7
Ontario,1/27/1986,2.8,26.2,24.1,7.9
Ontario,1/28/1986,-1.8,11.5,19.1,2.5
Ontario,1/29/1986,6.6,19.6,17.9,5.5
Ontario,1/30/1986,11.7,22.6,22.3,9.9
Ontario,1/31/1986,11.5,24.7,25.8,9.8
Ontario,2/1/1986,6.3,30,27.9,12
Ontario,2/2/1986,18.1,29,29.8,15.6
Ontario,2/3/1986,22.5,30.4,30.3,19.6
Ontario,2/4/1986,18.1,31.5,31.7,22.4
Ontario,2/5/1986,26.6,33.1,30.6,17.4
Ontario,2/6/1986,7.5,27.2,27.3,13.9
Ontario,2/7/1986,7.7,21.7,23.6,8.9
Ontario,2/8/1986,11.4,21.8,24.3,11.5
Ontario,2/9/1986,15.3,29.3,24.7,10.1
Ontario,2/10/1986,3.6,23,23.9,6.4
Ontario,2/11/1986,0.4,19.5,20.9,2
Ontario,2/12/1986,2,20.2,19.7,3.5
Ontario,2/13/1986,8.1,19.4,21.4,7.8
Ontario,2/14/1986,13.3,24.6,22.3,9.4
Ontario,2/15/1986,6.8,23,24.5,10.8
Ontario,2/16/1986,12.5,25.9,26.5,13.3
Ontario,2/17/1986,20.7,30.5,30.4,19.8
Ontario,2/18/1986,26.2,34.8,34,26.2
Ontario,2/19/1986,31.9,36.6,36,29.4
Ontario,2/20/1986,30.3,36.5,35.4,25.2
Ontario,2/21/1986,13.4,33.2,32,15.9
Ontario,2/22/1986,4,26.3,29.5,11.8
Ontario,2/23/1986,18.1,29,28.3,12.4
Ontario,2/24/1986,15.2,29.6,25.8,13.6
Ontario,2/25/1986,7.6,18.8,21.8,9.3
Ontario,2/26/1986,5,16.9,18,5.6
Ontario,2/27/1986,4.3,18.4,19.7,5.6
Ontario,2/28/1986,7.5,23.9,24.1,7.3
Ontario,3/1/1986,10.1,29.9,29.2,11.6
Ontario,3/2/1986,17.1,33.7,34.6,15.6
Ontario,3/3/1986,19.6,40.3,37.3,21.1
Ontario,3/4/1986,26.7,37.8,37.9,23.4
Ontario,3/5/1986,23.9,35.6,33.4,21.6
Ontario,3/6/1986,14.2,26.7,26.3,14
Ontario,3/7/1986,4.1,16.7,20.7,4.7
Ontario,3/8/1986,-4.3,18.7,22,5.6
Ontario,3/9/1986,17.1,30.6,32.1,12.7
Ontario,3/10/1986,25.3,47.1,40.9,22.4
Ontario,3/11/1986,24.7,45.1,42,23.8
Ontario,3/12/1986,21.4,33.8,38.1,24.7
Ontario,3/13/1986,28,35.5,35.9,27.6
Ontario,3/14/1986,33.5,38.3,37.6,31.9
Ontario,3/15/1986,34.1,39.1,38.4,32.4
Ontario,3/16/1986,29.4,37.8,39.8,30.1
Ontario,3/17/1986,26.8,42.6,40.7,28
Ontario,3/18/1986,28,41.6,47,23.9
Ontario,3/19/1986,17,56.8,37.8,16.9
Ontario,3/20/1986,5.7,15.1,33.2,9.2
Ontario,3/21/1986,4.9,27.7,28.1,9.8
Ontario,3/22/1986,18.8,41.5,40.1,16.9
Ontario,3/23/1986,27,51.1,43.3,22.1
Ontario,3/24/1986,20.7,37.4,50.9,25.2
Ontario,3/25/1986,27.9,64.2,56.2,28.7
Ontario,3/26/1986,37.6,67,58,33.2
Ontario,3/27/1986,34.1,42.8,54.6,33.7
Ontario,3/28/1986,29.5,54.1,55.5,36.6
Ontario,3/29/1986,46.3,69.5,66.4,38.3
Ontario,3/30/1986,39.1,75.5,66.2,39.4
Ontario,3/31/1986,32.7,53.6,69.1,34.9
Ontario,4/1/1986,33.1,78.1,61.9,33
Ontario,4/2/1986,33.1,53.9,61.4,31.9
Ontario,4/3/1986,29.6,52.1,52.3,33.7
Ontario,4/4/1986,38.4,50.9,48.8,34.6
Ontario,4/5/1986,35.7,43.5,51.7,37.1
Ontario,4/6/1986,37.1,60.6,54.2,38.3
Ontario,4/7/1986,42.1,58.4,55.3,39
Ontario,4/8/1986,37.8,46.9,48.7,37.5
Ontario,4/9/1986,32.4,40.8,42,33.5
Ontario,4/10/1986,30.2,38.3,40.1,30.5
Ontario,4/11/1986,29,41.3,41.5,29.4
Ontario,4/12/1986,29,44.8,46.7,29
Ontario,4/13/1986,28.9,54.1,51.2,29
Ontario,4/14/1986,29.1,54.6,53,32.2
Ontario,4/15/1986,38.7,50.2,51.4,35.4
Ontario,4/16/1986,38.3,49.3,54.2,38.9
Ontario,4/17/1986,39.6,63,58.2,38.4
Ontario,4/18/1986,37.3,62.4,62.7,37
Ontario,4/19/1986,34.3,62.6,62,38
Ontario,4/20/1986,42.3,61.1,58.3,35.8
Ontario,4/21/1986,30.8,51.3,49.4,32.4
Ontario,4/22/1986,24.2,35.7,46.4,26.5
Ontario,4/23/1986,24.7,52.1,49.8,25.8
Ontario,4/24/1986,28.5,61.7,60.6,31
Ontario,4/25/1986,39.9,68,66.9,37.6
Ontario,4/26/1986,44.4,71.1,70.1,43.8
Ontario,4/27/1986,47,71.3,72.3,45.8
Ontario,4/28/1986,46,74.6,69.8,45.7
Ontario,4/29/1986,44.3,63.6,66.9,43.4
Ontario,4/30/1986,39.8,62.6,64,39.8
Ontario,5/1/1986,35.4,65.8,58.3,35.6
Ontario,5/2/1986,31.5,46.6,53.5,31.1
Ontario,5/3/1986,26.5,48,52,29.1
Ontario,5/4/1986,29.3,61.4,60.9,36.5
Ontario,5/5/1986,53.8,73.4,70.6,45.6
Ontario,5/6/1986,53.8,77,72.1,51.6
Ontario,5/7/1986,47.3,66,68.7,48.5
Ontario,5/8/1986,44.4,63.1,63.3,44.1
Ontario,5/9/1986,40.5,60.9,64.1,40.5
Ontario,5/10/1986,36.7,68.1,65.1,40.3
Ontario,5/11/1986,43.9,66.1,66.4,40.2
Ontario,5/12/1986,40.1,64.8,66.5,40.9
Ontario,5/13/1986,38.6,68.6,65.5,40.2
Ontario,5/14/1986,41.8,63.1,67.3,42.8
Ontario,5/15/1986,48.1,70.2,67.8,48.4
Ontario,5/16/1986,55.2,70.1,72.5,53.2
Ontario,5/17/1986,56.2,77.1,75.6,55
Ontario,5/18/1986,53.8,79.7,71.1,53.7
Ontario,5/19/1986,51.2,56.7,64.4,51.5
Ontario,5/20/1986,49.4,56.7,58.1,50.6
Ontario,5/21/1986,51.1,60.8,60.4,49
Ontario,5/22/1986,46.4,63.6,61.9,49.1
Ontario,5/23/1986,49.7,61.2,64.2,48.2
Ontario,5/24/1986,48.5,67.8,68.6,48.8
Ontario,5/25/1986,48.2,76.8,74.1,49.8
Ontario,5/26/1986,52.8,77.6,76.7,51.3
Ontario,5/27/1986,52.9,75.7,77.8,53.7
Ontario,5/28/1986,55.5,80.2,79.8,54.6
Ontario,5/29/1986,55.5,83.5,82.1,57.5
Ontario,5/30/1986,61.3,82.6,79.4,55.9
Ontario,5/31/1986,50.9,72,77.7,52.3
Ontario,6/1/1986,44.6,78.5,69.2,45.1
Ontario,6/2/1986,39.9,57.1,66.2,39.8
Ontario,6/3/1986,34.9,62.9,66.5,39.1
Ontario,6/4/1986,42.4,79.5,68.5,42.8
Ontario,6/5/1986,51.2,63.2,69.4,48.4
Ontario,6/6/1986,51.7,65.5,66.9,53
Ontario,6/7/1986,56.1,71.9,70.9,53.4
Ontario,6/8/1986,52.3,75.5,73.4,51.5
Ontario,6/9/1986,46.1,73,74.6,47.2
Ontario,6/10/1986,43.1,75.3,72.2,48.7
Ontario,6/11/1986,56.9,68.4,68.8,51.8
Ontario,6/12/1986,55.3,62.7,67.3,53.5
Ontario,6/13/1986,48.2,70.8,69,51
Ontario,6/14/1986,49.5,73.4,71.2,50.7
Ontario,6/15/1986,54.4,69.4,75,52
Ontario,6/16/1986,52,82.2,71.6,49.9
Ontario,6/17/1986,43.3,63.1,71.6,46.2
Ontario,6/18/1986,43.2,69.4,68.2,45.5
Ontario,6/19/1986,50,72.1,71.9,48
Ontario,6/20/1986,50.7,74.2,74.2,49.1
Ontario,6/21/1986,46.6,76.4,79.5,50.1
Ontario,6/22/1986,53.1,88,81.3,52.7
Ontario,6/23/1986,58.4,79.6,78.4,52.9
Ontario,6/24/1986,47.2,67.8,71.2,49.9
Ontario,6/25/1986,44,66.3,69.9,48.4
Ontario,6/26/1986,54,75.7,72.6,53.9
Ontario,6/27/1986,63.6,75.9,77.6,59.2
Ontario,6/28/1986,59.9,81.4,78.3,58.9
Ontario,6/29/1986,53.2,77.8,77.1,54.2
Ontario,6/30/1986,49.5,72.2,74.4,49.4
Ontario,7/1/1986,45.4,73.2,73.1,50.2
Ontario,7/2/1986,55.6,73.8,71,50.5
Ontario,7/3/1986,50.6,66,71.8,51.6
Ontario,7/4/1986,48.6,75.6,75.2,55
Ontario,7/5/1986,65.7,83.9,83.5,60.2
Ontario,7/6/1986,66.4,91.1,87.2,65.4
Ontario,7/7/1986,64.2,86.6,86.7,64.4
Ontario,7/8/1986,62.5,82.6,82.5,61.2
Ontario,7/9/1986,57,78.4,78.3,57.4
Ontario,7/10/1986,52.9,74.1,73.7,53.8
Ontario,7/11/1986,51.5,68.6,69.3,52.9
Ontario,7/12/1986,54.5,65.1,70.9,54.9
Ontario,7/13/1986,58.7,79.1,73.6,56.8
Ontario,7/14/1986,57.4,76.6,78.8,56.5
Ontario,7/15/1986,53.5,80.8,78.6,56.7
Ontario,7/16/1986,59.3,78.5,80,57.3
Ontario,7/17/1986,59.2,80.6,81.5,62.2
Ontario,7/18/1986,68.2,85.6,82.3,64.3
Ontario,7/19/1986,65.4,80.7,83.6,65.6
Ontario,7/20/1986,63.2,84.4,79.4,61.5
Ontario,7/21/1986,55.8,73.1,78.3,56.7
Ontario,7/22/1986,51.1,77.3,78,55.1
Ontario,7/23/1986,58.3,83.7,83,56.2
Ontario,7/24/1986,59.2,88,86.2,61
Ontario,7/25/1986,65.6,87,84.1,64.2
Ontario,7/26/1986,67.7,77.4,81.2,66
Ontario,7/27/1986,64.7,79.3,79.5,65.1
Ontario,7/28/1986,62.8,81.9,79.8,64
Ontario,7/29/1986,64.6,78.2,78.8,64.1
Ontario,7/30/1986,64.9,76.2,77.1,64.3
Ontario,7/31/1986,63.4,77.1,77.5,62.9
Ontario,8/1/1986,60.5,79.1,78.8,60.7
Ontario,8/2/1986,58.2,80.2,78.6,58.1
Ontario,8/3/1986,55.7,76.6,78.1,55.6
Ontario,8/4/1986,53,77.5,78.3,55.1
Ontario,8/5/1986,56.7,80.8,79.5,56.8
Ontario,8/6/1986,60.7,80.1,77.4,60.4
Ontario,8/7/1986,64,71.1,76.1,61.8
Ontario,8/8/1986,60.8,76.9,75.5,62
Ontario,8/9/1986,61.4,78.5,77.7,60.4
Ontario,8/10/1986,59,77.6,75.6,57.5
Ontario,8/11/1986,52,70.8,73.8,53.1
Ontario,8/12/1986,48.4,73.1,73,49
Ontario,8/13/1986,46.7,74.9,75.1,49
Ontario,8/14/1986,52,77.1,78.6,54.6
Ontario,8/15/1986,65.1,83.7,81.3,60.5
Ontario,8/16/1986,64.5,83,83.8,63.4
Ontario,8/17/1986,60.5,84.8,83,61.7
Ontario,8/18/1986,60.2,81.1,80.9,58.5
Ontario,8/19/1986,54.8,76.7,78.9,56
Ontario,8/20/1986,53.1,79,78.5,55.8
Ontario,8/21/1986,59.5,79.7,76,55.1
Ontario,8/22/1986,52.7,69.4,74.2,55.7
Ontario,8/23/1986,54.9,73.6,70.3,52.1
Ontario,8/24/1986,48.7,68,71.6,50.4
Ontario,8/25/1986,47.7,73.1,73.3,50.2
Ontario,8/26/1986,54.2,78.7,73.1,49.7
Ontario,8/27/1986,47.2,67.5,68.9,47.2
Ontario,8/28/1986,40.2,60.5,65,42.5
Ontario,8/29/1986,40.1,66.8,66.4,41.4
Ontario,8/30/1986,43.7,71.9,70.3,43
Ontario,8/31/1986,45.1,72.1,73,44.5
Ontario,9/1/1986,44.8,74.9,74.6,46.6
Ontario,9/2/1986,50,76.9,74.7,51.3
Ontario,9/3/1986,59,72.4,75.2,56.6
Ontario,9/4/1986,60.9,76.3,73.7,57.7
Ontario,9/5/1986,53.3,72.4,71.4,54.1
Ontario,9/6/1986,48.2,65.6,66.1,47.3
Ontario,9/7/1986,40.5,60.2,63.9,41.8
Ontario,9/8/1986,36.8,65.8,65.8,40.7
Ontario,9/9/1986,45,71.3,68,45.2
Ontario,9/10/1986,53.8,66.8,70.6,53.8
Ontario,9/11/1986,62.7,73.6,69.9,55.5
Ontario,9/12/1986,49.9,69.4,70.5,52
Ontario,9/13/1986,43.5,68.6,66.3,43.3
Ontario,9/14/1986,36.6,60.9,60.5,39.2
Ontario,9/15/1986,37.4,51.9,55.8,37.1
Ontario,9/16/1986,37.4,54.7,54.8,36.9
Ontario,9/17/1986,36.1,58,59,38.8
Ontario,9/18/1986,43,64.2,62.5,44.3
Ontario,9/19/1986,53.8,65.3,63.2,49.8
Ontario,9/20/1986,52.5,60.1,62.9,52.2
Ontario,9/21/1986,50.4,63.2,61.1,50.5
Ontario,9/22/1986,48.5,60.2,64.8,51.1
Ontario,9/23/1986,54.5,70.9,68.5,51.2
Ontario,9/24/1986,50.6,74.5,70.4,51.1
Ontario,9/25/1986,48.2,65.8,69.9,51.4
Ontario,9/26/1986,55.3,69.6,65.3,51.2
Ontario,9/27/1986,50.2,60.7,64.3,52
Ontario,9/28/1986,50.6,62.7,65.8,52.9
Ontario,9/29/1986,57.9,74,69.6,55.1
Ontario,9/30/1986,56.9,72,70.7,55.8
Ontario,10/1/1986,52.7,66,68.2,53.5
Ontario,10/2/1986,51.1,66.4,65.5,51.8
Ontario,10/3/1986,51.5,64.1,62.7,50.3
Ontario,10/4/1986,48.3,57.5,59.7,47.2
Ontario,10/5/1986,41.8,57.6,54.8,42.2
Ontario,10/6/1986,36.5,49.3,54.8,38.1
Ontario,10/7/1986,35.9,57.4,56.7,38.4
Ontario,10/8/1986,42.8,63.5,56.9,37.2
Ontario,10/9/1986,32.8,49.7,52.6,34.8
Ontario,10/10/1986,28.7,44.6,49.9,29.7
Ontario,10/11/1986,27.6,55.4,53.2,32.1
Ontario,10/12/1986,40.1,59.4,59.8,39.9
Ontario,10/13/1986,52.2,64.6,60.7,44.5
Ontario,10/14/1986,41.4,58.2,58.2,43.1
Ontario,10/15/1986,35.8,51.7,53,37.7
Ontario,10/16/1986,36,49.1,49.6,34.7
Ontario,10/17/1986,32.3,48,49.6,32.6
Ontario,10/18/1986,29.4,51.7,53.2,30.5
Ontario,10/19/1986,29.7,59.7,58.1,31.6
Ontario,10/20/1986,35.7,62.9,61.5,35.6
Ontario,10/21/1986,41.2,61.9,64.1,39.3
Ontario,10/22/1986,40.9,67.5,63.6,39.3
Ontario,10/23/1986,35.7,61.4,60.1,36
Ontario,10/24/1986,31.6,51.4,54.7,32.1
Ontario,10/25/1986,28.9,51.3,51.7,34
Ontario,10/26/1986,41.4,52.4,52.7,38
Ontario,10/27/1986,43.6,54.4,55.2,41.8
Ontario,10/28/1986,40.4,58.9,57.8,41.7
Ontario,10/29/1986,41.2,60,54.1,36.6
Ontario,10/30/1986,28.3,43.4,50.4,31
Ontario,10/31/1986,23.5,47.8,51.9,30.9
Ontario,11/1/1986,40.9,64.5,52.7,31.3
Ontario,11/2/1986,29.6,45.9,52.7,32.6
Ontario,11/3/1986,27.2,47.6,45.6,26.6
Ontario,11/4/1986,23.1,43.3,44.5,24
Ontario,11/5/1986,21.7,42.7,45.9,26.9
Ontario,11/6/1986,35.9,51.8,48.1,29.4
Ontario,11/7/1986,30.5,50,53.7,35
Ontario,11/8/1986,38.7,59.3,54.4,34.2
Ontario,11/9/1986,33.4,54,51.1,33.7
Ontario,11/10/1986,29,40,44.3,29.9
Ontario,11/11/1986,27.5,38.8,39.9,27.1
Ontario,11/12/1986,24.9,40.9,35.1,22.4
Ontario,11/13/1986,14.7,25.5,32.9,17.5
Ontario,11/14/1986,12.8,32.3,31.7,19.5
Ontario,11/15/1986,30.9,37.3,36.4,24.8
Ontario,11/16/1986,30.7,39.5,41.9,30.4
Ontario,11/17/1986,29.7,48.9,41.3,28.1
Ontario,11/18/1986,23.9,35.6,37.1,22.3
Ontario,11/19/1986,13.2,27,31.3,20
Ontario,11/20/1986,22.9,31.4,30.1,19
Ontario,11/21/1986,21,31.9,33.5,20.8
Ontario,11/22/1986,18.4,37.2,37.9,19.8
Ontario,11/23/1986,20,44.5,41.5,24
Ontario,11/24/1986,33.7,42.8,43.6,27
Ontario,11/25/1986,27.4,43.5,42.6,29.9
Ontario,11/26/1986,28.6,41.6,43,29.7
Ontario,11/27/1986,33,44,42.4,31
Ontario,11/28/1986,31.2,41.6,43.4,30.2
Ontario,11/29/1986,26.4,44.7,37.9,25.2
Ontario,11/30/1986,18.1,27.6,35.3,20.2
Ontario,12/1/1986,16,33.7,33,19.9
Ontario,12/2/1986,25.4,37.7,37.1,23.2
Ontario,12/3/1986,28,39.8,37.4,26.7
Ontario,12/4/1986,26.7,34.8,36.3,26.3
Ontario,12/5/1986,24.4,34.3,34.6,23.4
Ontario,12/6/1986,19.2,34.7,34.7,19.7
Ontario,12/7/1986,15.4,35,32.1,14.5
Ontario,12/8/1986,9,26.5,32.3,11.4
Ontario,12/9/1986,9.7,35.4,32.4,13.2
Ontario,12/10/1986,20.9,35.1,33.2,16.4
Ontario,12/11/1986,18.7,29,31.8,16.2
Ontario,12/12/1986,9,31.4,27.5,9.8
Ontario,12/13/1986,1.7,22.1,29.8,6.8
Ontario,12/14/1986,9.6,35.9,31.4,14
Ontario,12/15/1986,30.6,36.2,35.2,23
Ontario,12/16/1986,28.7,33.5,35.9,29.4
Ontario,12/17/1986,28.8,38,36.3,29.9
Ontario,12/18/1986,32.1,37.3,37.1,30.8
Ontario,12/19/1986,31.4,35.9,36,30.4
Ontario,12/20/1986,27.8,34.9,34.3,25.7
Ontario,12/21/1986,17.9,32.2,34.3,21.9
Ontario,12/22/1986,19.9,35.8,35.1,22.5
Ontario,12/23/1986,29.7,37.4,36.9,26.6
Ontario,12/24/1986,30.1,37.6,38,30
Ontario,12/25/1986,30.3,39,37.5,30.9
Ontario,12/26/1986,32.2,36.1,36,30.3
Ontario,12/27/1986,28.5,33,34.7,28.9
Ontario,12/28/1986,26,35.2,34.4,27.9
Ontario,12/29/1986,29.3,35.1,34.7,28
Ontario,12/30/1986,28.7,33.7,34.3,28.7
Ontario,12/31/1986,28.2,34.2,33.7,27.4
Ontario,1/1/1987,25.3,33.3,32.7,25.8
Ontario,1/2/1987,24,30.7,30.7,21.8
Ontario,1/3/1987,16.1,28.2,30.1,16
Ontario,1/4/1987,7.8,31.5,32,12.5
Ontario,1/5/1987,13.7,36.5,34.9,15.3
Ontario,1/6/1987,24.4,36.7,36.9,21.4
Ontario,1/7/1987,26,37.6,34.6,23.9
Ontario,1/8/1987,21.4,29.4,32.7,24.5
Ontario,1/9/1987,26,31.1,31.2,24.6
Ontario,1/10/1987,26.4,32.9,31.8,26
Ontario,1/11/1987,25.6,31.4,33,27.2
Ontario,1/12/1987,29.7,34.6,34.4,27.6
Ontario,1/13/1987,27.7,37,37.8,28.3
Ontario,1/14/1987,27.4,41.8,38.9,27.4
Ontario,1/15/1987,27.2,37.7,35,22.8
Ontario,1/16/1987,13.7,25.5,29.1,15.7
Ontario,1/17/1987,6.1,24,26.8,12.2
Ontario,1/18/1987,16.7,30.8,26.3,10.1
Ontario,1/19/1987,7.5,24.1,26.9,6.2
Ontario,1/20/1987,-5.6,25.7,25.2,5.1
Ontario,1/21/1987,13.6,25.8,26.9,8
Ontario,1/22/1987,16.1,29.3,26.8,11.4
Ontario,1/23/1987,4.6,25.1,21.6,6.7
Ontario,1/24/1987,-0.5,10.3,17.9,1.1
Ontario,1/25/1987,-0.7,18.3,14.3,-1.5
Ontario,1/26/1987,-3.3,14.4,18.2,-2.6
Ontario,1/27/1987,-3.8,22,20.8,-0.9
Ontario,1/28/1987,4.5,26,25.9,5.8
Ontario,1/29/1987,16.8,29.6,29.7,14.6
Ontario,1/30/1987,22.4,33.5,29.9,18.1
Ontario,1/31/1987,15.1,26.6,31.5,17
Ontario,2/1/1987,13.4,34.5,32,17.3
Ontario,2/2/1987,23.2,34.8,35.6,21.9
Ontario,2/3/1987,29,37.4,34.4,21.5
Ontario,2/4/1987,12.2,30.9,32,16.4
Ontario,2/5/1987,8.1,27.6,31.6,11.8
Ontario,2/6/1987,15,36.4,34.4,16.6
Ontario,2/7/1987,26.8,39.1,37.5,16
Ontario,2/8/1987,6.2,37,32.5,11.3
Ontario,2/9/1987,1.1,21.5,29.7,5.7
Ontario,2/10/1987,10,30.8,26.6,8.6
Ontario,2/11/1987,14.8,27.5,29.3,11.1
Ontario,2/12/1987,8.4,29.6,23.3,8.1
Ontario,2/13/1987,1,12.7,16.3,0.5
Ontario,2/14/1987,-7.9,6.7,8.5,-6.6
Ontario,2/15/1987,-12.9,6.1,9,-9.1
Ontario,2/16/1987,-6.5,14.2,15.2,-6.7
Ontario,2/17/1987,-0.8,25.3,21.8,-0.1
Ontario,2/18/1987,7.2,25.9,27.3,3.8
Ontario,2/19/1987,5.1,30.8,30.1,6.7
Ontario,2/20/1987,7.9,33.7,33.6,7.2
Ontario,2/21/1987,8.4,36.3,35.6,9.8
Ontario,2/22/1987,13.2,36.8,36.2,13.7
Ontario,2/23/1987,19.6,35.4,34.4,16.2
Ontario,2/24/1987,15.8,31,32.9,16.3
Ontario,2/25/1987,13.4,32.4,32.2,13.9
Ontario,2/26/1987,12.6,33.2,34.3,13.2
Ontario,2/27/1987,13.7,37.4,35.3,17.5
Ontario,2/28/1987,26.2,35.3,37,23.4
Ontario,3/1/1987,30.4,38.3,36.6,27.2
Ontario,3/2/1987,25,36.3,34.6,24.3
Ontario,3/3/1987,17.5,29,32.5,17.6
Ontario,3/4/1987,10.3,32.3,32.2,14.5
Ontario,3/5/1987,15.8,35.3,39.8,15.5
Ontario,3/6/1987,20.3,51.7,49.3,24.1
Ontario,3/7/1987,36.1,60.7,58.2,30
Ontario,3/8/1987,33.5,62.3,52.2,26.5
Ontario,3/9/1987,9.9,33.6,39,15.6
Ontario,3/10/1987,3.4,21.1,27.9,6.2
Ontario,3/11/1987,5.2,29,29.6,8.3
Ontario,3/12/1987,16.4,38.6,34.8,13.1
Ontario,3/13/1987,17.8,36.7,37.5,16.4
Ontario,3/14/1987,15,37.4,38.1,16.7
Ontario,3/15/1987,17.3,40.3,38.7,16.7
Ontario,3/16/1987,17.7,38.5,41,18.9
Ontario,3/17/1987,21.5,44.1,43,20
Ontario,3/18/1987,20.9,46.5,46.7,22.1
Ontario,3/19/1987,23.9,49.4,47.9,24.7
Ontario,3/20/1987,29.3,48,49.2,26.9
Ontario,3/21/1987,27.4,50.4,51,30.1
Ontario,3/22/1987,33.6,54.5,54.6,30.4
Ontario,3/23/1987,30.1,58.8,58.9,30.9
Ontario,3/24/1987,28.9,63.2,59.9,30.8
Ontario,3/25/1987,33.6,57.6,56.9,34
Ontario,3/26/1987,39.7,49.8,52.5,37.3
Ontario,3/27/1987,38.8,50.2,52.5,38
Ontario,3/28/1987,35.6,57.5,55.7,36.2
Ontario,3/29/1987,34.2,59.3,55.9,32.7
Ontario,3/30/1987,28.4,51,47.9,29.1
Ontario,3/31/1987,24.7,33.4,39.3,24.7
Ontario,4/1/1987,21,33.4,35.4,24.3
Ontario,4/2/1987,27.1,39.4,37.3,24.4
Ontario,4/3/1987,25.2,39,42.1,27.6
Ontario,4/4/1987,30.5,47.8,45.3,33
Ontario,4/5/1987,43.4,49.1,50.4,39.5
Ontario,4/6/1987,44.6,54.4,53.2,41.6
Ontario,4/7/1987,36.8,56.1,54.2,38.4
Ontario,4/8/1987,33.8,52,56.2,34.2
Ontario,4/9/1987,32,60.4,60.8,34.8
Ontario,4/10/1987,38.5,70,64.8,36.2
Ontario,4/11/1987,38.2,63.9,62.3,38.5
Ontario,4/12/1987,38.7,52.9,58.1,38.7
Ontario,4/13/1987,39.2,57.4,57.5,38.7
Ontario,4/14/1987,38.1,62.1,60.3,41.1
Ontario,4/15/1987,46.1,61.5,61,42.7
Ontario,4/16/1987,44,59.5,61.1,45.4
Ontario,4/17/1987,46.1,62.2,63.1,44.8
Ontario,4/18/1987,44.4,67.5,68.2,45.2
Ontario,4/19/1987,45.2,75,72.6,46.8
Ontario,4/20/1987,50.9,75.4,78,47.6
Ontario,4/21/1987,46.8,83.6,71.4,46.8
Ontario,4/22/1987,42.6,55.2,66.5,44.3
Ontario,4/23/1987,43.5,60.7,56.9,39.9
Ontario,4/24/1987,33.7,54.8,57,35.5
Ontario,4/25/1987,29.3,55.5,56.2,32.8
Ontario,4/26/1987,35.4,58.3,57.8,31.9
Ontario,4/27/1987,31,59.7,55.6,33.5
Ontario,4/28/1987,34.2,48.7,56.5,33
Ontario,4/29/1987,33.7,61.1,53.5,34
Ontario,4/30/1987,34,50.8,57,33.2
Ontario,5/1/1987,32.1,59.1,56.3,32.5
Ontario,5/2/1987,31.5,59,57.9,31.6
Ontario,5/3/1987,31.3,55.6,56.7,30.6
Ontario,5/4/1987,29,55.5,58.4,30.7
Ontario,5/5/1987,31.9,64.2,64.3,33
Ontario,5/6/1987,38.2,73.2,65.9,35.8
Ontario,5/7/1987,37.3,60.4,66.6,35.4
Ontario,5/8/1987,30.5,66.4,69.1,37.3
Ontario,5/9/1987,44.1,80.4,73.8,43.6
Ontario,5/10/1987,56.2,74.5,78.9,49.3
Ontario,5/11/1987,47.6,81.7,72,48.2
Ontario,5/12/1987,40.9,59.7,69,40.4
Ontario,5/13/1987,32.6,65.7,69,39.8
Ontario,5/14/1987,45.9,81.4,68.9,39.8
Ontario,5/15/1987,41,59.5,70.5,40.4
Ontario,5/16/1987,34.3,70.6,71.2,42.7
Ontario,5/17/1987,52.9,83.6,70.7,45.7
Ontario,5/18/1987,49.7,57.8,67.6,50.1
Ontario,5/19/1987,47.6,61.5,60.3,48.8
Ontario,5/20/1987,49.1,61.5,64.9,49
Ontario,5/21/1987,50.3,71.6,70.8,52.5
Ontario,5/22/1987,58.2,79.5,71.9,50.7
Ontario,5/23/1987,43.7,64.6,66.6,48.4
Ontario,5/24/1987,43.2,55.7,61.2,45.8
Ontario,5/25/1987,50.5,63.2,62.2,47.3
Ontario,5/26/1987,48.1,67.6,70.1,50.6
Ontario,5/27/1987,53.3,79.5,78.6,54.9
Ontario,5/28/1987,63.4,88.8,85.7,61.2
Ontario,5/29/1987,66.8,88.9,89.4,65.4
Ontario,5/30/1987,66,90.5,86.8,66.1
Ontario,5/31/1987,65.5,81,84.1,64.7
Ontario,6/1/1987,62.4,80.8,80.6,63.2
Ontario,6/2/1987,61.6,79.9,80.1,61.7
Ontario,6/3/1987,61.2,79.7,77.2,57.2
Ontario,6/4/1987,48.7,72.1,74.1,52.2
Ontario,6/5/1987,46.7,70.5,69.7,45.7
Ontario,6/6/1987,41.6,66.4,69.7,47.4
Ontario,6/7/1987,54.1,72.2,72.7,50
Ontario,6/8/1987,54.2,79.4,70.2,50.6
Ontario,6/9/1987,43.6,59,70.2,46.2
Ontario,6/10/1987,40.9,72.1,68,43.4
Ontario,6/11/1987,45.8,72.8,76,48.4
Ontario,6/12/1987,58.6,83.2,78.1,54.6
Ontario,6/13/1987,59.5,78.2,84.5,58.7
Ontario,6/14/1987,58,92,85,59.1
Ontario,6/15/1987,59.9,84.7,87.6,57.1
Ontario,6/16/1987,53.4,86,81.6,55
Ontario,6/17/1987,51.8,74,79.8,51.9
Ontario,6/18/1987,50.6,79.2,81.3,52.6
Ontario,6/19/1987,55.3,90.6,81.8,55.5
Ontario,6/20/1987,60.8,75.5,81.8,57.4
Ontario,6/21/1987,56.3,79.4,75.8,59.3
Ontario,6/22/1987,60.9,72.6,78.3,59.5
Ontario,6/23/1987,61.2,83,81.2,60.6
Ontario,6/24/1987,59.6,88.1,85.5,61.3
Ontario,6/25/1987,63,85.3,84.3,61.9
Ontario,6/26/1987,63,79.4,78.6,60.7
Ontario,6/27/1987,56,71,74.8,57.6
Ontario,6/28/1987,53.7,74,75.4,56.3
Ontario,6/29/1987,59.1,81.3,77.9,57.1
Ontario,6/30/1987,58.4,78.4,77.4,57.4
Ontario,7/1/1987,54.7,72.7,73.6,56.9
Ontario,7/2/1987,57.6,69.9,72,57.5
Ontario,7/3/1987,60.1,73.5,73.7,58.5
Ontario,7/4/1987,57.9,77.8,76.9,58.5
Ontario,7/5/1987,57.5,79.4,79.6,59.5
Ontario,7/6/1987,63.1,81.8,81.4,62.2
Ontario,7/7/1987,66.1,83.1,84.1,65.7
Ontario,7/8/1987,67.9,87.4,86.4,67.7
Ontario,7/9/1987,69.2,88.7,88.3,69.2
Ontario,7/10/1987,70.3,88.8,89.8,69.9
Ontario,7/11/1987,70.3,91.9,90.9,71.1
Ontario,7/12/1987,72.8,92,90.2,70
Ontario,7/13/1987,66.8,86.7,83.9,66.1
Ontario,7/14/1987,58.6,73,75.8,59.2
Ontario,7/15/1987,52.4,67.7,71.2,54.5
Ontario,7/16/1987,52.5,73.1,74.2,51.8
Ontario,7/17/1987,50.5,81.8,81.4,55.6
Ontario,7/18/1987,63.7,89.4,82.6,60.4
Ontario,7/19/1987,67,76.7,83.3,65.6
Ontario,7/20/1987,66.2,83.9,82.2,67
Ontario,7/21/1987,67.8,86.2,86.2,66.5
Ontario,7/22/1987,65.7,88.5,88.4,67
Ontario,7/23/1987,67.7,90.7,90.2,67.8
Ontario,7/24/1987,70,91.6,89.9,68.7
Ontario,7/25/1987,68.5,87.5,87.6,65.5
Ontario,7/26/1987,58.1,83.6,83.8,60.5
Ontario,7/27/1987,54.8,80.4,79.3,55.1
Ontario,7/28/1987,52.5,73.8,77,53.3
Ontario,7/29/1987,52.5,76.9,78.2,55.6
Ontario,7/30/1987,61.7,83.8,78.1,57.3
Ontario,7/31/1987,57.6,73.7,78.4,58
Ontario,8/1/1987,54.6,77.8,75.8,58.1
Ontario,8/2/1987,62,75.8,79.4,61.2
Ontario,8/3/1987,67,84.7,81.8,63.9
Ontario,8/4/1987,62.8,84.8,80.5,61.8
Ontario,8/5/1987,55.7,72.1,77,56.8
Ontario,8/6/1987,51.8,74.1,76.3,53.7
Ontario,8/7/1987,53.6,82.6,78.1,54.5
Ontario,8/8/1987,58.1,77.6,76.5,56.5
Ontario,8/9/1987,57.9,69.4,74.6,57.7
Ontario,8/10/1987,57.2,76.8,72.8,55.9
Ontario,8/11/1987,52.7,72.2,74.9,52.4
Ontario,8/12/1987,47.3,75.8,76.4,52
Ontario,8/13/1987,55.9,81.2,79.7,55.9
Ontario,8/14/1987,64.3,82.1,83.8,62.7
Ontario,8/15/1987,67.7,88.2,87.2,67.3
Ontario,8/16/1987,69.7,91.3,89.1,67.8
Ontario,8/17/1987,66,87.8,86.8,65.7
Ontario,8/18/1987,61.5,81.5,83.7,61.6
Ontario,8/19/1987,57.2,81.8,79.9,57.9
Ontario,8/20/1987,54.9,76.3,80,55
Ontario,8/21/1987,52.9,82,79.3,54
Ontario,8/22/1987,54.2,79.7,76.8,51.2
Ontario,8/23/1987,46.6,68.6,72.1,47.9
Ontario,8/24/1987,42.8,67.9,70.5,45.9
Ontario,8/25/1987,48.3,75,70.3,46.7
Ontario,8/26/1987,49.1,68,70.8,50.6
Ontario,8/27/1987,54.4,69.5,68.5,52.6
Ontario,8/28/1987,54.3,68.1,70.2,53.9
Ontario,8/29/1987,53,72.9,72.9,52.6
Ontario,8/30/1987,50.5,77.6,74.9,50.8
Ontario,8/31/1987,48.8,74.3,72.8,49.3
Ontario,9/1/1987,48.6,66.5,69.4,47.6
Ontario,9/2/1987,45.3,67.3,66.1,44.3
Ontario,9/3/1987,39.1,64.4,67,41.2
Ontario,9/4/1987,39.1,69.2,69.5,41.7
Ontario,9/5/1987,46.9,74.7,72.9,46.2
Ontario,9/6/1987,52.5,74.7,75.5,52.4
Ontario,9/7/1987,57.7,77,74.1,56.8
Ontario,9/8/1987,60.1,70.6,75,57.7
Ontario,9/9/1987,55.3,77.3,73.7,55.8
Ontario,9/10/1987,52,73.2,74,53.2
Ontario,9/11/1987,52.2,71.6,71.7,55.2
Ontario,9/12/1987,61.3,70.2,71.5,55.6
Ontario,9/13/1987,53.3,72.7,71.7,55.3
Ontario,9/14/1987,51.3,72.1,72.1,50.5
Ontario,9/15/1987,46.9,71.5,72.3,48.9
Ontario,9/16/1987,48.5,73.4,70.2,48.9
Ontario,9/17/1987,51.4,65.8,65.9,49.9
Ontario,9/18/1987,49.8,58.6,61.5,51.3
Ontario,9/19/1987,52.7,60.2,60.5,53.3
Ontario,9/20/1987,57.4,62.8,62.8,54.4
Ontario,9/21/1987,53,65.3,63.2,54.1
Ontario,9/22/1987,52,61.5,65.6,51.6
Ontario,9/23/1987,49.9,70,64.2,48.4
Ontario,9/24/1987,43.2,61.1,63.5,43.9
Ontario,9/25/1987,38.5,59.4,62.8,41.3
Ontario,9/26/1987,42.3,68,63.8,41.8
Ontario,9/27/1987,44.7,64.2,70.4,46.9
Ontario,9/28/1987,53.6,79.2,72.5,51
Ontario,9/29/1987,54.6,74.1,72.8,52
Ontario,9/30/1987,47.8,65.2,65.6,47.4
Ontario,10/1/1987,39.9,57.4,62.1,42.1
Ontario,10/2/1987,38.5,63.6,56.3,37
Ontario,10/3/1987,32.7,47.9,55.8,33.4
Ontario,10/4/1987,29.1,56,57.2,34
Ontario,10/5/1987,40.2,67.7,63,38
Ontario,10/6/1987,44.8,65.2,61.3,42.9
Ontario,10/7/1987,43.8,50.8,55,42.1
Ontario,10/8/1987,37.7,48.9,51.7,39.1
Ontario,10/9/1987,35.8,55.4,50.4,37.5
Ontario,10/10/1987,39,47,49.5,36.4
Ontario,10/11/1987,34.3,46.1,48.4,34.9
Ontario,10/12/1987,31.5,52,50.3,31.3
Ontario,10/13/1987,28,52.9,55.5,31
Ontario,10/14/1987,33.4,61.6,59.7,33.9
Ontario,10/15/1987,40.2,64.6,63,36.9
Ontario,10/16/1987,37,62.9,63.3,38.5
Ontario,10/17/1987,38.5,62.6,60.3,39.5
Ontario,10/18/1987,43,55.6,59.5,40.3
Ontario,10/19/1987,39.6,60.5,56.1,39.9
Ontario,10/20/1987,37.2,52.1,52.6,36.7
Ontario,10/21/1987,33.3,45,48.7,34
Ontario,10/22/1987,31.5,49,48.2,32.8
Ontario,10/23/1987,33.7,50.6,50.2,31.7
Ontario,10/24/1987,29.7,50.8,49.4,31.3
Ontario,10/25/1987,30.6,46.9,48.5,28.9
Ontario,10/26/1987,26.4,47.9,48.8,30
Ontario,10/27/1987,33,51.7,50.2,30.7
Ontario,10/28/1987,32.8,50.9,50.3,32.3
Ontario,10/29/1987,31.1,48.2,51,31.1
Ontario,10/30/1987,29.5,53.8,50.3,31.3
Ontario,10/31/1987,33.4,49,51.6,31.4
Ontario,11/1/1987,31.3,51.8,50,32.8
Ontario,11/2/1987,33.6,49.3,56.6,36.7
Ontario,11/3/1987,45.1,68.6,61.9,41.9
Ontario,11/4/1987,47,67.9,61.4,40
Ontario,11/5/1987,27.8,47.8,51.4,31.9
Ontario,11/6/1987,20.7,38.4,44.4,25.5
Ontario,11/7/1987,28.1,47,45.5,29.2
Ontario,11/8/1987,38.7,51.3,47.1,30.9
Ontario,11/9/1987,26,43,42.2,28.7
Ontario,11/10/1987,21.5,32.3,37.1,21.9
Ontario,11/11/1987,18.2,36.1,37.5,22.7
Ontario,11/12/1987,28.5,44.2,44.7,26.7
Ontario,11/13/1987,33.3,53.7,49.6,31.1
Ontario,11/14/1987,31.5,50.9,50.5,30.4
Ontario,11/15/1987,26.4,46.9,50.3,28.8
Ontario,11/16/1987,28.5,53.2,53.5,32.5
Ontario,11/17/1987,42.6,60.4,55.8,35.5
Ontario,11/18/1987,35.3,54,53.4,36.7
Ontario,11/19/1987,32,46,45.5,26.8
Ontario,11/20/1987,13,36.6,33.7,17.9
Ontario,11/21/1987,8.6,18.5,30,12
Ontario,11/22/1987,14.3,34.9,33.5,18.1
Ontario,11/23/1987,31.4,47.2,43.6,26.7
Ontario,11/24/1987,34.3,48.8,44.1,32.3
Ontario,11/25/1987,31.2,36.4,39.5,30.9
Ontario,11/26/1987,27.2,33.2,34.1,28.1
Ontario,11/27/1987,25.9,32.8,34.9,27.9
Ontario,11/28/1987,30.6,38.6,38.4,30.3
Ontario,11/29/1987,34.4,43.9,41.4,33.4
Ontario,11/30/1987,35,41.8,41.1,32.6
Ontario,12/1/1987,28.4,37.5,37.3,29.4
Ontario,12/2/1987,24.8,32.6,34.4,26.9
Ontario,12/3/1987,27.6,32.9,32.3,25.8
Ontario,12/4/1987,25.1,31.4,32,25.7
Ontario,12/5/1987,24.5,31.6,32.3,24.1
Ontario,12/6/1987,22.7,34,32.9,22
Ontario,12/7/1987,18.8,33.1,36.2,22.6
Ontario,12/8/1987,26.4,41.4,42.6,27.5
Ontario,12/9/1987,37.4,53.3,45.9,33.1
Ontario,12/10/1987,35.4,43,46.5,35.5
Ontario,12/11/1987,33.6,43.3,43.4,34
Ontario,12/12/1987,32.9,43.9,41.8,32.8
Ontario,12/13/1987,31.9,38.3,39.3,31.5
Ontario,12/14/1987,29.6,35.6,37.1,30.4
Ontario,12/15/1987,29.6,37.3,35.6,28.6
Ontario,12/16/1987,26.6,33.9,32.6,25.8
Ontario,12/17/1987,21.1,26.8,29.9,20.6
Ontario,12/18/1987,14.1,29,29.7,20.9
Ontario,12/19/1987,27.5,33.4,34.7,24.3
Ontario,12/20/1987,31.3,41.8,37.7,29.9
Ontario,12/21/1987,31,38,39.4,30.6
Ontario,12/22/1987,29.5,38.5,37.9,30.6
Ontario,12/23/1987,31.3,37.1,39.4,29.5
Ontario,12/24/1987,27.7,42.6,41.8,30.5
Ontario,12/25/1987,32.6,45.8,40.2,27.1
Ontario,12/26/1987,21.1,32.1,37.6,24.5
Ontario,12/27/1987,19.7,34.9,30.5,19.2
Ontario,12/28/1987,16.7,24.4,26.1,13.9
Ontario,12/29/1987,5.2,19,21.5,7.7
Ontario,12/30/1987,1.3,20.9,26.4,8.1
Ontario,12/31/1987,17.7,39.4,30.2,12.1
Ontario,1/1/1988,17.2,30.3,31,16.5
Ontario,1/2/1988,14.7,23.2,28.7,15.8
Ontario,1/3/1988,15.6,32.6,28.2,13
Ontario,1/4/1988,8.8,28.9,25.2,10
Ontario,1/5/1988,5.7,14,19.1,5.9
Ontario,1/6/1988,3.1,14.3,14.9,2.5
Ontario,1/7/1988,-1.4,16.4,17.7,2
Ontario,1/8/1988,4.1,22.3,20.5,4.3
Ontario,1/9/1988,10.1,22.9,22.4,7
Ontario,1/10/1988,6.7,21.9,24.6,7.7
Ontario,1/11/1988,6.4,29,31.4,11.4
Ontario,1/12/1988,21.3,43.4,37.3,7.9
Ontario,1/13/1988,-3.8,39.4,30.3,1.7
Ontario,1/14/1988,-12.3,8.1,24.9,-3.8
Ontario,1/15/1988,4.6,27.1,26.1,5.6
Ontario,1/16/1988,24.3,43,38.1,21.4
Ontario,1/17/1988,35.2,44.3,42.6,30.8
Ontario,1/18/1988,32.9,40.4,39.8,32.9
Ontario,1/19/1988,30.6,34.7,41.5,31.5
Ontario,1/20/1988,31.1,49.5,40.3,26.4
Ontario,1/21/1988,17.6,36.8,37.5,19.3
Ontario,1/22/1988,9.1,26.2,31.8,15.3
Ontario,1/23/1988,19.3,32.5,31.5,17.1
Ontario,1/24/1988,22.7,35.8,33.6,21.8
Ontario,1/25/1988,23.2,32.6,31.1,18
Ontario,1/26/1988,8.1,25.1,25.6,11.6
Ontario,1/27/1988,3.4,19.2,21.7,5.4
Ontario,1/28/1988,4.6,20.8,25.8,4.6
Ontario,1/29/1988,5.6,37.3,35,14.7
Ontario,1/30/1988,33.7,46.9,46.7,28
Ontario,1/31/1988,44.7,55.8,50,35.9
Ontario,2/1/1988,29.4,47.2,43.4,27.5
Ontario,2/2/1988,8.5,27.2,32.2,13.7
Ontario,2/3/1988,3.2,22.1,23.2,4.8
Ontario,2/4/1988,2.6,20.3,19.1,0.9
Ontario,2/5/1988,-3.1,14.9,15.3,-1
Ontario,2/6/1988,-2.5,10.7,15.4,-1.9
Ontario,2/7/1988,-0.1,20.8,17.1,1.3
Ontario,2/8/1988,6.5,19.7,21.7,2.8
Ontario,2/9/1988,2.1,24.7,20.8,5.1
Ontario,2/10/1988,6.7,18,23.7,4.6
Ontario,2/11/1988,4.9,28.4,25.9,8
Ontario,2/12/1988,12.4,31.1,26.2,9.5
Ontario,2/13/1988,11.1,19.1,28,10.4
Ontario,2/14/1988,7.5,33.7,31,12.4
Ontario,2/15/1988,18.5,40.1,34.5,13.5
Ontario,2/16/1988,14.4,29.6,34.7,18.6
Ontario,2/17/1988,22.9,34.3,33.8,18.4
Ontario,2/18/1988,17.8,37.6,36.6,18.5
Ontario,2/19/1988,14.9,37.9,37.1,14.1
Ontario,2/20/1988,9.6,35.9,31.2,7.1
Ontario,2/21/1988,-3.1,19.7,33.2,7.8
Ontario,2/22/1988,17,43.9,34,11.3
Ontario,2/23/1988,19.9,38.3,36.1,17.4
Ontario,2/24/1988,15.2,26.2,29.9,15.3
Ontario,2/25/1988,10.8,25.2,26.3,13
Ontario,2/26/1988,13,27.5,27.7,12.1
Ontario,2/27/1988,12.5,30.3,30.2,11.2
Ontario,2/28/1988,8.1,32.9,32.6,10.9
Ontario,2/29/1988,12.1,34.7,29.3,8
Ontario,3/1/1988,3.7,20.2,31.7,10.4
Ontario,3/2/1988,15.4,40.4,29.6,11.7
Ontario,3/3/1988,15.8,28.3,32.3,14.4
Ontario,3/4/1988,12,28.3,30,14.3
Ontario,3/5/1988,15.2,33.3,34.5,15.1
Ontario,3/6/1988,18.1,42,38.9,20
Ontario,3/7/1988,26.8,41.5,41.3,22.4
Ontario,3/8/1988,22.2,40.4,42.6,26.2
Ontario,3/9/1988,29.7,46,40.9,25.8
Ontario,3/10/1988,25.6,36.4,40.2,26.3
Ontario,3/11/1988,23.7,38.2,35,23.2
Ontario,3/12/1988,20.3,30.4,34.8,22.9
Ontario,3/13/1988,24.8,36,31.3,20.8
Ontario,3/14/1988,17.2,27.6,32,19.4
Ontario,3/15/1988,16,32.4,31.9,19.3
Ontario,3/16/1988,24.6,35.7,35.4,19.4
Ontario,3/17/1988,17.5,38,37.2,21.6
Ontario,3/18/1988,22.5,37.8,36.3,19.5
Ontario,3/19/1988,18.5,32.9,31.1,17.3
Ontario,3/20/1988,10.8,22.6,25,11.7
Ontario,3/21/1988,5.8,19.5,23.1,7.9
Ontario,3/22/1988,7.1,27.4,36.5,11.3
Ontario,3/23/1988,21.1,62.8,44.6,20.9
Ontario,3/24/1988,34.5,43.8,53.3,30.3
Ontario,3/25/1988,35.3,53.3,51.6,34.6
Ontario,3/26/1988,34.1,57.7,49.4,33.2
Ontario,3/27/1988,30.3,37,45.1,30
Ontario,3/28/1988,25.7,40.4,43.5,29.3
Ontario,3/29/1988,31.8,52.9,49.9,29
Ontario,3/30/1988,29.4,56.2,52.4,29.9
Ontario,3/31/1988,28.5,48,53.2,30.1
Ontario,4/1/1988,32.5,55.4,51.3,30.5
Ontario,4/2/1988,30.5,50.4,53.2,34.7
Ontario,4/3/1988,41.1,53.9,52.8,38.8
Ontario,4/4/1988,44.8,54,54.6,42.9
Ontario,4/5/1988,42.8,55.8,57.2,43.4
Ontario,4/6/1988,42.7,61.8,55.8,40.7
Ontario,4/7/1988,36.5,49.8,52,38.3
Ontario,4/8/1988,35.7,44.4,48.6,34.4
Ontario,4/9/1988,30.9,51.6,49.4,32.5
Ontario,4/10/1988,30.9,52.2,51.8,31.6
Ontario,4/11/1988,32.9,51.4,53.1,32.5
Ontario,4/12/1988,33.7,55.7,54.7,34.6
Ontario,4/13/1988,37.3,57.1,56.4,34
Ontario,4/14/1988,31.1,56.3,51.9,32.8
Ontario,4/15/1988,30,42.3,46.9,29.9
Ontario,4/16/1988,28.7,42,48.7,30
Ontario,4/17/1988,31.4,61.8,50.2,29.8
Ontario,4/18/1988,29.2,46.9,49.2,29.3
Ontario,4/19/1988,27.3,38.9,45.6,27.9
Ontario,4/20/1988,27.2,51,45.3,27.6
Ontario,4/21/1988,28.4,46,49.5,27.9
Ontario,4/22/1988,28.2,51.4,48.2,29.2
Ontario,4/23/1988,30.9,47.4,48.6,30.9
Ontario,4/24/1988,33.6,47,50.3,31.9
Ontario,4/25/1988,31.2,56.4,52.8,33.2
Ontario,4/26/1988,34.9,55.1,52.9,33.8
Ontario,4/27/1988,35.3,47.1,51.1,35.9
Ontario,4/28/1988,37.6,51.2,49.3,37.3
Ontario,4/29/1988,39,49.5,52.1,38.6
Ontario,4/30/1988,39.2,55.5,55.8,38.4
Ontario,5/1/1988,37,62.3,57.1,38.5
Ontario,5/2/1988,39.4,53.6,57.1,37
Ontario,5/3/1988,34.7,55.4,57.5,36.5
Ontario,5/4/1988,35.4,63.5,62.4,36.3
Ontario,5/5/1988,38.7,68.2,69.1,40.3
Ontario,5/6/1988,46.8,75.5,68.5,42.6
Ontario,5/7/1988,42.5,61.8,68.8,41.1
Ontario,5/8/1988,34,69,67.5,42.7
Ontario,5/9/1988,51.7,71.7,69.9,45
Ontario,5/10/1988,49.2,69,67.1,47.5
Ontario,5/11/1988,41.7,60.7,66.5,43.1
Ontario,5/12/1988,38.3,69.8,66.8,39.6
Ontario,5/13/1988,38.7,69.9,65.7,36.7
Ontario,5/14/1988,33.1,57.4,66.3,36.4
Ontario,5/15/1988,37.3,71.6,65.7,41.4
Ontario,5/16/1988,53.9,68.3,65.5,46.2
Ontario,5/17/1988,47.3,56.8,63,48.1
Ontario,5/18/1988,43.2,64.1,60.5,48.5
Ontario,5/19/1988,55.1,60.6,64.1,51.1
Ontario,5/20/1988,54.9,67.8,66,54
Ontario,5/21/1988,52.1,69.6,70.3,53.1
Ontario,5/22/1988,52.4,73.5,72.4,52.2
Ontario,5/23/1988,52.2,74,70.7,49.5
Ontario,5/24/1988,43.8,64.6,64.5,45.1
Ontario,5/25/1988,39.2,54.8,63.1,40
Ontario,5/26/1988,37.1,69.9,68.6,43.5
Ontario,5/27/1988,54.1,81.3,78.2,48.4
Ontario,5/28/1988,54.1,83.3,81.7,54.6
Ontario,5/29/1988,55.6,80.5,82.8,56.5
Ontario,5/30/1988,59.7,84.5,83,58.7
Ontario,5/31/1988,60.8,84.1,81.9,55.4
Ontario,6/1/1988,45.7,77.1,74.3,48.6
Ontario,6/2/1988,39.3,61.7,66.6,42.5
Ontario,6/3/1988,42.4,61,65,40.9
Ontario,6/4/1988,41,72.2,71.3,45.7
Ontario,6/5/1988,53.7,80.6,77.7,49.4
Ontario,6/6/1988,53.5,80.2,74.8,51.6
Ontario,6/7/1988,47.8,63.6,67.8,47.7
Ontario,6/8/1988,41.7,59.6,61,42.3
Ontario,6/9/1988,37.6,59.9,61.9,40.8
Ontario,6/10/1988,43.1,66.2,68.1,42.3
Ontario,6/11/1988,46.3,78.2,77,48.2
Ontario,6/12/1988,55.2,86.6,84.7,53.2
Ontario,6/13/1988,58.1,89.3,89.5,58.1
Ontario,6/14/1988,61.2,92.6,91.3,60.9
Ontario,6/15/1988,63.5,91.8,86.2,58.7
Ontario,6/16/1988,51.4,74.2,80,54.9
Ontario,6/17/1988,49.8,74.1,75.7,49.2
Ontario,6/18/1988,46.3,78.9,80.6,51.3
Ontario,6/19/1988,57.9,88.7,87.1,55.6
Ontario,6/20/1988,62.6,93.5,89.4,59.6
Ontario,6/21/1988,58.4,86.1,88.8,60.7
Ontario,6/22/1988,61.2,86.8,80,55.8
Ontario,6/23/1988,47.7,67.3,75,51.2
Ontario,6/24/1988,44.8,70.9,76.7,49.8
Ontario,6/25/1988,56.8,91.9,77.5,52.4
Ontario,6/26/1988,55.7,69.7,78.5,54.4
Ontario,6/27/1988,50.7,73.7,74.4,50.5
Ontario,6/28/1988,45,79.9,74,45.3
Ontario,6/29/1988,40.3,68.3,70.9,44.1
Ontario,6/30/1988,46.9,64.4,67.2,46.2
Ontario,7/1/1988,51.4,68.7,70,48.1
Ontario,7/2/1988,46.1,76.9,75.5,48.2
Ontario,7/3/1988,47.3,80.9,80.2,49
Ontario,7/4/1988,53.6,82.7,83.7,52
Ontario,7/5/1988,55.3,87.4,87.6,56.4
Ontario,7/6/1988,60.2,92.8,92.8,60.4
Ontario,7/7/1988,65.7,98.1,96.2,65.4
Ontario,7/8/1988,70.4,97.6,97.5,67.8
Ontario,7/9/1988,67.4,97,96.8,68.5
Ontario,7/10/1988,67.7,95.8,92.8,66.7
Ontario,7/11/1988,64.8,85.7,87.6,65
Ontario,7/12/1988,62.6,81.4,82.5,61.3
Ontario,7/13/1988,56.6,80.5,83.1,59.8
Ontario,7/14/1988,60.1,87.6,81.7,57.7
Ontario,7/15/1988,56.3,77.1,85.4,60.8
Ontario,7/16/1988,66,91.7,84.5,62.3
Ontario,7/17/1988,64.4,84.6,87.1,63.8
Ontario,7/18/1988,61.1,84.9,84.3,62.9
Ontario,7/19/1988,63.3,83.4,81.9,61.8
Ontario,7/20/1988,61.1,77.3,79.7,63.1
Ontario,7/21/1988,64.9,78.4,79.6,62.4
Ontario,7/22/1988,61.1,83.2,79.3,62
Ontario,7/23/1988,60.1,76.2,79.4,60.9
Ontario,7/24/1988,61.4,78.8,78.8,60.7
Ontario,7/25/1988,60.6,81.5,79.7,61.1
Ontario,7/26/1988,61.4,78.8,81.2,60.7
Ontario,7/27/1988,60.2,83.3,82.2,60.9
Ontario,7/28/1988,61.1,84.4,87.2,62.6
Ontario,7/29/1988,66.4,94,88.5,63.7
Ontario,7/30/1988,63.5,87,88.5,63.2
Ontario,7/31/1988,59.5,84.4,85.6,60.9
Ontario,8/1/1988,59.7,85.5,85.8,61.3
Ontario,8/2/1988,64.7,87.5,89,65.5
Ontario,8/3/1988,72.1,94,91.4,70.5
Ontario,8/4/1988,74.5,92.6,92.1,72.7
Ontario,8/5/1988,71.5,89.6,89.6,70.6
Ontario,8/6/1988,65.9,86.7,86.1,66.4
Ontario,8/7/1988,61.8,82,84.8,62.5
Ontario,8/8/1988,59.7,85.7,85.7,64
Ontario,8/9/1988,70.4,89.5,87.5,65.3
Ontario,8/10/1988,65.9,87.2,86.7,66.3
Ontario,8/11/1988,62.6,83.4,87,64.4
Ontario,8/12/1988,64.7,90.4,89.1,66
Ontario,8/13/1988,70.8,93.6,91.4,69
Ontario,8/14/1988,71.6,90.2,88,68.5
Ontario,8/15/1988,63,80.1,84.9,64.5
Ontario,8/16/1988,58.8,84.2,83.2,62.4
Ontario,8/17/1988,65.2,85.2,80.4,59.2
Ontario,8/18/1988,53.5,71.8,76.5,55.2
Ontario,8/19/1988,47.1,72.5,73.4,50.4
Ontario,8/20/1988,50.6,75.9,73.1,48.7
Ontario,8/21/1988,48.6,71.1,71.5,47.4
Ontario,8/22/1988,43.1,67.6,68.2,48.7
Ontario,8/23/1988,54.5,66,68.8,51.5
Ontario,8/24/1988,57,72.9,71.8,55.5
Ontario,8/25/1988,55,76.6,74.8,55.3
Ontario,8/26/1988,54,74.9,75.3,52.8
Ontario,8/27/1988,49.5,74.4,75.1,53.8
Ontario,8/28/1988,57.8,75.9,72.7,53.3
Ontario,8/29/1988,52.5,67.9,71.9,53
Ontario,8/30/1988,48.7,71.8,71.3,49.4
Ontario,8/31/1988,47,74.3,75.8,50.7
Ontario,9/1/1988,56.4,81.3,78.6,51.9
Ontario,9/2/1988,52.2,80.2,77.5,56.7
Ontario,9/3/1988,61.5,71.2,73.4,56.7
Ontario,9/4/1988,56.4,68.9,67.1,53.6
Ontario,9/5/1988,43,61,64.9,46.8
Ontario,9/6/1988,41,64.6,64.7,43.3
Ontario,9/7/1988,46,68.3,68.3,43.8
Ontario,9/8/1988,44.3,71.9,72.5,47.4
Ontario,9/9/1988,51.9,77.2,74.8,48.4
Ontario,9/10/1988,48.9,75.4,73.5,48.9
Ontario,9/11/1988,45.9,68,71,47
Ontario,9/12/1988,46.2,69.6,69.4,46.5
Ontario,9/13/1988,47.4,70.7,70.6,46.4
Ontario,9/14/1988,45.5,71.6,68.3,44.9
Ontario,9/15/1988,41.6,62.5,66.1,41.5
Ontario,9/16/1988,37.3,64.1,67,44
Ontario,9/17/1988,53.1,74.2,72.4,50.2
Ontario,9/18/1988,60.3,78.9,75.6,58.1
Ontario,9/19/1988,61,73.6,74.8,59.2
Ontario,9/20/1988,56.4,72,70.1,57.3
Ontario,9/21/1988,54.7,64.7,67.3,54.6
Ontario,9/22/1988,52.8,65.2,65.4,51.5
Ontario,9/23/1988,47.2,66.4,66,48.1
Ontario,9/24/1988,44.4,66.2,66.6,43.8
Ontario,9/25/1988,39.9,67.1,65.4,43.8
Ontario,9/26/1988,47.1,62.9,69.2,45.1
Ontario,9/27/1988,48.3,77.7,65.8,47
Ontario,9/28/1988,45.5,56.8,64.3,45.8
Ontario,9/29/1988,43.7,58.4,63.6,44.5
Ontario,9/30/1988,44.3,75.5,71.2,49.7
Ontario,10/1/1988,61.2,79.7,74.8,51.7
Ontario,10/2/1988,49.7,69.3,68.5,50.9
Ontario,10/3/1988,41.7,56.3,59.8,43.6
Ontario,10/4/1988,39.2,53.8,53.6,38.2
Ontario,10/5/1988,33.6,50.7,52,36
Ontario,10/6/1988,35.2,51.5,51.7,34.3
Ontario,10/7/1988,34,53,52,33.7
Ontario,10/8/1988,32,51.6,51.2,33.7
Ontario,10/9/1988,35,49.2,52.3,33
Ontario,10/10/1988,31.9,56,51.5,34.4
Ontario,10/11/1988,36.3,49.4,49.2,33.8
Ontario,10/12/1988,33.3,42.1,45.4,34.4
Ontario,10/13/1988,33.5,44.7,48.4,33.6
Ontario,10/14/1988,34,58.3,56.4,36.1
Ontario,10/15/1988,40.9,66.1,64.1,41.6
Ontario,10/16/1988,50.1,67.7,65.8,48.1
Ontario,10/17/1988,53.5,63.6,64.6,46.8
Ontario,10/18/1988,37,62.4,58.1,40.8
Ontario,10/19/1988,32,48.1,53,32.7
Ontario,10/20/1988,29.3,48.5,49.2,31.2
Ontario,10/21/1988,32.4,50.9,47.6,32.5
Ontario,10/22/1988,35.8,43.2,48.5,34.1
Ontario,10/23/1988,34.2,51.3,47.9,36.6
Ontario,10/24/1988,39.7,49.2,49,36.7
Ontario,10/25/1988,36.1,46.4,47.5,36.8
Ontario,10/26/1988,34.5,47,47,34.5
Ontario,10/27/1988,32.8,47.7,47.7,34.4
Ontario,10/28/1988,35.8,48.5,45.8,33.8
Ontario,10/29/1988,32.9,41.3,42.4,31.6
Ontario,10/30/1988,26,37.4,40.4,27.4
Ontario,10/31/1988,23.2,42.5,42.8,26.6
Ontario,11/1/1988,30.6,48.5,44.5,29
Ontario,11/2/1988,33.3,42.3,46.2,31.4
Ontario,11/3/1988,30.2,47.8,49.3,34.4
Ontario,11/4/1988,39.6,57.7,54.6,38.5
Ontario,11/5/1988,45.6,58.3,55.4,41
Ontario,11/6/1988,37.9,50.1,51.2,39.3
Ontario,11/7/1988,34.4,45.2,46.2,36.9
Ontario,11/8/1988,38.3,43.2,44.8,36.6
Ontario,11/9/1988,37.2,46,48.7,38.1
Ontario,11/10/1988,38.8,56.9,47.5,36.8
Ontario,11/11/1988,34.4,39.5,46.2,35.3
Ontario,11/12/1988,32.7,42.1,43,34.3
Ontario,11/13/1988,35.9,47.3,47.3,33.8
Ontario,11/14/1988,32.9,52.6,48,32.8
Ontario,11/15/1988,29.7,44,52.8,33.2
Ontario,11/16/1988,37,61.7,49,34.5
Ontario,11/17/1988,36.6,41.3,48.6,34.2
Ontario,11/18/1988,29.1,42.8,41.7,30.5
Ontario,11/19/1988,25.9,41,41.9,29.4
Ontario,11/20/1988,33.3,41.8,40.2,30.1
Ontario,11/21/1988,31.3,37.8,38.4,30.4
Ontario,11/22/1988,26.8,35.8,37.9,29.1
Ontario,11/23/1988,29.4,40.1,38.4,28
Ontario,11/24/1988,28,39.5,40.7,26.7
Ontario,11/25/1988,22.6,42.5,44,26.1
Ontario,11/26/1988,27.8,50.1,49.7,29.6
Ontario,11/27/1988,38.3,56.6,49.3,33.4
Ontario,11/28/1988,34.3,41.3,44.8,35
Ontario,11/29/1988,32.4,36.4,39.9,32.6
Ontario,11/30/1988,31.1,41.9,38.6,29.9
Ontario,12/1/1988,26.4,37.4,38.5,27.5
Ontario,12/2/1988,25,36.2,39.9,25.7
Ontario,12/3/1988,25.8,46.3,39,23.7
Ontario,12/4/1988,20.2,34.7,38.7,23.6
Ontario,12/5/1988,24.8,35,39.2,24.5
Ontario,12/6/1988,28.5,48,42,25.3
Ontario,12/7/1988,22.6,43.1,41.3,23.6
Ontario,12/8/1988,19.7,33,35.1,19.7
Ontario,12/9/1988,16.8,29.2,27.6,13.4
Ontario,12/10/1988,3.6,20.6,19.1,5.4
Ontario,12/11/1988,-4.2,7.5,15.8,-2
Ontario,12/12/1988,-5.3,19.3,18.4,2.4
Ontario,12/13/1988,16.6,28.6,28.4,10.3
Ontario,12/14/1988,19.5,37.3,34.5,15.2
Ontario,12/15/1988,9.6,37.6,32.8,12
Ontario,12/16/1988,6.9,23.4,26.8,7.3
Ontario,12/17/1988,5.4,19.5,21.9,5.4
Ontario,12/18/1988,4,22.8,27,7.6
Ontario,12/19/1988,13.4,38.6,37.7,17.3
Ontario,12/20/1988,34.5,51.7,45.6,24.1
Ontario,12/21/1988,24.2,46.5,42.6,24.9
Ontario,12/22/1988,15.9,29.6,40.4,22.2
Ontario,12/23/1988,26.3,45.1,37.8,24
Ontario,12/24/1988,29.7,38.6,39.6,26.8
Ontario,12/25/1988,24.4,35,34.4,24.2
Ontario,12/26/1988,18.4,29.6,34.7,21.3
Ontario,12/27/1988,21.1,39.4,35.7,21.4
Ontario,12/28/1988,24.7,38.2,34.7,20.8
Ontario,12/29/1988,16.8,26.6,31.5,18
Ontario,12/30/1988,12.6,29.8,29.8,15.6
Ontario,12/31/1988,17.5,33.1,30.7,14.2
Ontario,1/1/1989,12.4,29.3,32.4,16.9
Ontario,1/2/1989,20.7,34.9,29,12.7
Ontario,1/3/1989,4.8,22.9,20.7,5
Ontario,1/4/1989,-10.5,4.4,15.7,-0.7
Ontario,1/5/1989,3.6,19.9,16.4,1.9
Ontario,1/6/1989,12.7,25.1,28.1,12.5
Ontario,1/7/1989,21.3,39.5,37.3,17.6
Ontario,1/8/1989,18.8,47.3,36,18.3
Ontario,1/9/1989,14.9,21.2,35.1,15.3
Ontario,1/10/1989,12.1,36.7,28.3,13.7
Ontario,1/11/1989,14.2,27.1,35.4,16.4
Ontario,1/12/1989,22.8,42.4,32.3,18.5
Ontario,1/13/1989,18.4,27.4,35.3,19.1
Ontario,1/14/1989,16.1,36.2,33.4,20
Ontario,1/15/1989,25.4,36.6,35.4,22.1
Ontario,1/16/1989,24.9,33.4,35.2,24.4
Ontario,1/17/1989,23,35.5,36.7,24.5
Ontario,1/18/1989,25.7,41.2,38.1,27
Ontario,1/19/1989,32.3,37.7,38.5,22.3
Ontario,1/20/1989,8.7,36.7,31.9,13.1
Ontario,1/21/1989,-1.9,21.3,32.2,7.9
Ontario,1/22/1989,17,38.6,35.8,13.5
Ontario,1/23/1989,25.5,47.5,41.5,22.8
Ontario,1/24/1989,26,38.3,38,22.8
Ontario,1/25/1989,17,28.2,35.2,22.1
Ontario,1/26/1989,23.3,39,34.2,21.6
Ontario,1/27/1989,24.5,35.4,40.5,23.9
Ontario,1/28/1989,24.1,47.1,41.7,26.4
Ontario,1/29/1989,30.5,42.5,43.7,28.1
Ontario,1/30/1989,29.9,41.5,44.5,31.1
Ontario,1/31/1989,32.8,49.5,46.7,27
Ontario,2/1/1989,18.5,49.1,39,20.8
Ontario,2/2/1989,11.1,18.4,29.6,13.6
Ontario,2/3/1989,11.3,21.2,18.7,9.4
Ontario,2/4/1989,5.7,16.4,20.4,8.9
Ontario,2/5/1989,9.8,23.6,21.9,9.8
Ontario,2/6/1989,13.9,25.7,23.8,12.8
Ontario,2/7/1989,14.6,22.2,24.3,12.6
Ontario,2/8/1989,9.4,24.9,20.7,8.4
Ontario,2/9/1989,1.3,14.9,22,6
Ontario,2/10/1989,7.2,26,24,9.4
Ontario,2/11/1989,19.6,31.1,29,14
Ontario,2/12/1989,15.1,29.9,32.9,15.6
Ontario,2/13/1989,12.1,37.7,36.1,18.8
Ontario,2/14/1989,29.3,40.6,37.8,23.6
Ontario,2/15/1989,29.3,35,34.5,22.2
Ontario,2/16/1989,8,27.9,28.8,13.1
Ontario,2/17/1989,1.9,23.4,24.4,2.7
Ontario,2/18/1989,-2,21.9,25.9,3.6
Ontario,2/19/1989,11,32.5,30.2,11.3
Ontario,2/20/1989,25,36,34.8,20.9
Ontario,2/21/1989,26.6,35.9,35.3,21.6
Ontario,2/22/1989,13.1,34,27.1,13.7
Ontario,2/23/1989,1.5,11.6,20.7,3.9
Ontario,2/24/1989,-2.9,16.7,17.9,-0.7
Ontario,2/25/1989,-0.6,25.5,22.8,4.6
Ontario,2/26/1989,17.2,26.2,26.6,8.2
Ontario,2/27/1989,7.9,28.3,27.9,9.8
Ontario,2/28/1989,4.3,29.4,27.3,8.5
Ontario,3/1/1989,13.2,24.3,24.4,9.2
Ontario,3/2/1989,10.2,19.6,21.2,11.1
Ontario,3/3/1989,9.9,19.9,24,12.1
Ontario,3/4/1989,16.1,32.5,28.8,13.7
Ontario,3/5/1989,15.2,34.1,27.9,12.5
Ontario,3/6/1989,6.4,17.2,20.4,4.9
Ontario,3/7/1989,-6.9,10,17.6,-0.2
Ontario,3/8/1989,-0.1,25.7,23.3,-0.1
Ontario,3/9/1989,6.6,34.1,31.8,6.9
Ontario,3/10/1989,14.2,35.4,35.9,15.5
Ontario,3/11/1989,25.7,38.3,35.3,18.2
Ontario,3/12/1989,14.8,32.1,34.5,17
Ontario,3/13/1989,10.4,33.2,38.8,17.3
Ontario,3/14/1989,26.6,51.2,46.6,21.2
Ontario,3/15/1989,26.7,55.5,48.6,25.3
Ontario,3/16/1989,22.5,38.9,40.2,23.2
Ontario,3/17/1989,20.3,26.1,31,19.5
Ontario,3/18/1989,15.8,27.8,27.3,15.3
Ontario,3/19/1989,9.9,28,29.8,13.9
Ontario,3/20/1989,16,33.7,30.8,14.1
Ontario,3/21/1989,16.5,30.6,31.9,14
Ontario,3/22/1989,9.5,31.3,33.9,12.7
Ontario,3/23/1989,12.2,39.8,37.9,15.1
Ontario,3/24/1989,23.7,42.5,43.1,23
Ontario,3/25/1989,32.9,47,45.4,28.8
Ontario,3/26/1989,29.7,46.9,54.4,31.2
Ontario,3/27/1989,31,69.3,62.1,37.5
Ontario,3/28/1989,51.9,70.3,64.4,38
Ontario,3/29/1989,31,53.7,54.2,38.1
Ontario,3/30/1989,31.4,38.5,43.7,31.7
Ontario,3/31/1989,32.8,39,40.4,31.9
Ontario,4/1/1989,31.4,43.6,44.1,31.4
Ontario,4/2/1989,30,49.7,47,33.3
Ontario,4/3/1989,38.7,47.7,50.9,35.9
Ontario,4/4/1989,38.9,55.3,51.5,38.9
Ontario,4/5/1989,39.2,51.6,50,37.7
Ontario,4/6/1989,34.8,43.1,45.9,34.1
Ontario,4/7/1989,28.4,43,43,29.3
Ontario,4/8/1989,24.6,43.1,41.5,25.9
Ontario,4/9/1989,24.8,38.5,39.4,23.5
Ontario,4/10/1989,21,36.6,38.2,24
Ontario,4/11/1989,26.3,39.5,40.7,24.5
Ontario,4/12/1989,26.2,46,43.6,27.2
Ontario,4/13/1989,29,45.3,46.9,28.2
Ontario,4/14/1989,29.3,49.4,48.8,30.1
Ontario,4/15/1989,31.9,51.6,52.2,30.8
Ontario,4/16/1989,31.4,55.6,55.8,32.7
Ontario,4/17/1989,34.9,60.2,53.9,31.8
Ontario,4/18/1989,29.2,46,53.2,30.5
Ontario,4/19/1989,27.5,53.5,52.5,29
Ontario,4/20/1989,30.2,58.2,55.8,29
Ontario,4/21/1989,29.2,55.7,52.4,28.6
Ontario,4/22/1989,26.3,43.2,48.9,27.1
Ontario,4/23/1989,25.7,47.7,49.3,26.1
Ontario,4/24/1989,26.1,57,53.9,30.2
Ontario,4/25/1989,38.9,57.1,59.9,34.5
Ontario,4/26/1989,38.4,65.5,60.9,37.4
Ontario,4/27/1989,34.9,60.1,57.5,34.8
Ontario,4/28/1989,31.2,46.7,53,34.8
Ontario,4/29/1989,38.4,52.2,53.4,37.5
Ontario,4/30/1989,43,61.4,56.5,40.5
Ontario,5/1/1989,39.9,56,55.3,40.9
Ontario,5/2/1989,39.7,48.6,53.4,39.9
Ontario,5/3/1989,39.9,55.6,56.8,38.7
Ontario,5/4/1989,36.5,66.2,61.7,40.2
Ontario,5/5/1989,44.3,63.3,62.7,40.7
Ontario,5/6/1989,41.4,58.6,56,40.4
Ontario,5/7/1989,35.5,46.1,51.2,38
Ontario,5/8/1989,37.3,48.9,51.3,35.7
Ontario,5/9/1989,34.2,58.9,55.4,37.2
Ontario,5/10/1989,40,58.4,56.4,38.3
Ontario,5/11/1989,40.7,52,55.1,42.6
Ontario,5/12/1989,47.1,55,56.7,44.5
Ontario,5/13/1989,45.8,63.1,60.1,45.9
Ontario,5/14/1989,44.7,62.2,63.7,43.8
Ontario,5/15/1989,40.8,65.7,67.6,44.4
Ontario,5/16/1989,47.7,74.9,73.5,46.1
Ontario,5/17/1989,49.9,79.8,78.8,49.3
Ontario,5/18/1989,50.3,81.8,80.3,50.7
Ontario,5/19/1989,51.8,79.2,78,52.8
Ontario,5/20/1989,56.2,73,75.1,53.1
Ontario,5/21/1989,51.2,73.1,72.4,52.1
Ontario,5/22/1989,49.1,71.3,70.6,50
Ontario,5/23/1989,49.7,67.5,70.1,51
Ontario,5/24/1989,54.2,71.5,72,52.5
Ontario,5/25/1989,53.6,77,75.4,52.6
Ontario,5/26/1989,49.9,77.7,72.3,48.8
Ontario,5/27/1989,43,62.1,69.7,43.9
Ontario,5/28/1989,38.7,69.3,68.8,41.4
Ontario,5/29/1989,42.4,74.9,72.2,45.3
Ontario,5/30/1989,54.7,72.5,74.4,51.6
Ontario,5/31/1989,57.8,75.7,74.6,57.8
Ontario,6/1/1989,60.9,75.7,74.9,59.2
Ontario,6/2/1989,58.7,73.3,75.9,58.4
Ontario,6/3/1989,55.6,78.7,74.1,56.8
Ontario,6/4/1989,56.1,70.3,72.2,53.1
Ontario,6/5/1989,47.6,67.7,71,50.2
Ontario,6/6/1989,46.8,75.1,73.8,50.2
Ontario,6/7/1989,56.2,78.5,77.2,53.7
Ontario,6/8/1989,58,77.9,76.4,57.3
Ontario,6/9/1989,57.6,72.8,71.4,55.4
Ontario,6/10/1989,50.7,63.5,69.6,52.4
Ontario,6/11/1989,48.8,72.5,68.8,48.5
Ontario,6/12/1989,46.1,70.4,70.8,50.1
Ontario,6/13/1989,55.3,69.4,68.5,51.2
Ontario,6/14/1989,52.1,65.7,65.8,54.4
Ontario,6/15/1989,55.9,62.4,63.9,54.3
Ontario,6/16/1989,54.8,63.5,65.6,54.7
Ontario,6/17/1989,53.3,70.8,70.5,53.4
Ontario,6/18/1989,52,77.2,75.7,53.4
Ontario,6/19/1989,55,79,74.7,55.5
Ontario,6/20/1989,59.5,67.8,73.5,58.1
Ontario,6/21/1989,59.8,73.7,73.3,60.8
Ontario,6/22/1989,63.1,78.4,78.4,61.7
Ontario,6/23/1989,62.2,83.1,82.6,62.2
Ontario,6/24/1989,61.3,86.2,85.7,62.3
Ontario,6/25/1989,63.4,87.7,86.2,62.3
Ontario,6/26/1989,62.3,84.7,85.3,63.5
Ontario,6/27/1989,64.7,83.4,81.1,60.1
Ontario,6/28/1989,53.3,75.2,76.2,55
Ontario,6/29/1989,46.9,70,73.7,49
Ontario,6/30/1989,46.9,76,74.8,48.6
Ontario,7/1/1989,51.8,78.6,79.6,51
Ontario,7/2/1989,54.3,84.4,82.7,55.2
Ontario,7/3/1989,59.3,85,83.9,59.5
Ontario,7/4/1989,64.7,82.4,83.5,62.5
Ontario,7/5/1989,63.4,83.2,83.6,63.1
Ontario,7/6/1989,61.3,85.4,83.7,61.2
Ontario,7/7/1989,59.1,82.6,81.1,57.8
Ontario,7/8/1989,52.9,75.4,80.1,55.2
Ontario,7/9/1989,53.7,82.4,81.8,56.2
Ontario,7/10/1989,62.2,87.6,84.2,58.5
Ontario,7/11/1989,59.6,82.5,82.5,59.7
Ontario,7/12/1989,57.4,77.4,79.2,58.4
Ontario,7/13/1989,58.3,77.6,77.1,56.1
Ontario,7/14/1989,52.5,76.4,76.4,52.8
Ontario,7/15/1989,47.6,75.2,76.6,49.7
Ontario,7/16/1989,48.8,78.2,77.7,49.6
Ontario,7/17/1989,52.2,79.9,81.4,53.9
Ontario,7/18/1989,60.6,86.2,83,58.9
Ontario,7/19/1989,64,82.9,79.9,62
Ontario,7/20/1989,61.3,70.8,77.5,62.1
Ontario,7/21/1989,60.9,78.9,78.5,61.6
Ontario,7/22/1989,62.7,85.7,83.9,61.8
Ontario,7/23/1989,61.9,87.2,87.7,62.8
Ontario,7/24/1989,63.9,90.1,89.1,63.7
Ontario,7/25/1989,65.3,89.9,88.9,66
Ontario,7/26/1989,68.8,86.7,88.1,67.4
Ontario,7/27/1989,68.2,87.8,82.9,64.7
Ontario,7/28/1989,57,74.2,80,58.8
Ontario,7/29/1989,51.4,77.9,76.4,54.9
Ontario,7/30/1989,56.2,77.2,78.1,53.7
Ontario,7/31/1989,53.5,79.1,78.6,55.4
Ontario,8/1/1989,56.4,79.5,81.6,58.5
Ontario,8/2/1989,65.7,86,85.2,63.2
Ontario,8/3/1989,67.6,90.1,86.4,68
Ontario,8/4/1989,70.6,83,87,69.2
Ontario,8/5/1989,69.5,87.8,84.6,65.9
Ontario,8/6/1989,57.6,83.1,78.2,59.5
Ontario,8/7/1989,51.2,63.8,71.5,51.6
Ontario,8/8/1989,46,67.7,68.8,48.7
Ontario,8/9/1989,48.8,74.9,73.5,51.2
Ontario,8/10/1989,58.7,77.7,77,55.2
Ontario,8/11/1989,58,78.3,78.6,59.2
Ontario,8/12/1989,61,79.8,79.4,59.7
Ontario,8/13/1989,60,80,80.2,60.1
Ontario,8/14/1989,59.3,80.9,79.6,59.5
Ontario,8/15/1989,59.3,78,78.2,58.3
Ontario,8/16/1989,56.4,75.8,74.9,55.9
Ontario,8/17/1989,52.1,71,73.3,52.5
Ontario,8/18/1989,49,73.2,73.8,50.3
Ontario,8/19/1989,49.7,77.3,75.3,54
Ontario,8/20/1989,63.1,75.4,78.6,56.6
Ontario,8/21/1989,56.9,83.2,76.8,58.3
Ontario,8/22/1989,54.8,71.8,75.8,56.3
Ontario,8/23/1989,57.2,72.5,71.7,55.1
Ontario,8/24/1989,53.2,70.9,70.5,51.2
Ontario,8/25/1989,43.2,68.1,70.4,47.2
Ontario,8/26/1989,45.3,72.3,71.6,46.4
Ontario,8/27/1989,50.7,74.5,75,50
Ontario,8/28/1989,54.1,78.4,78.7,56.4
Ontario,8/29/1989,64.4,83.2,79.8,58.6
Ontario,8/30/1989,57.3,77.7,80,58.9
Ontario,8/31/1989,55.1,79.1,76.2,56.1
Ontario,9/1/1989,55.9,71.9,74.7,54
Ontario,9/2/1989,51.1,73.2,72.2,51.2
Ontario,9/3/1989,46.7,71.5,72.3,47.9
Ontario,9/4/1989,45.7,72.2,73.5,50.8
Ontario,9/5/1989,59.9,76.9,75.4,55.2
Ontario,9/6/1989,59.9,77,77.3,60.7
Ontario,9/7/1989,62.2,77.9,80.1,62.8
Ontario,9/8/1989,66.3,85.4,83.1,66
Ontario,9/9/1989,69.4,86,83.3,66.4
Ontario,9/10/1989,63.5,78.4,78.3,63
Ontario,9/11/1989,56.1,70.6,74.6,56.8
Ontario,9/12/1989,50.9,74.9,69.7,52.4
Ontario,9/13/1989,50.2,63.6,66.3,50.9
Ontario,9/14/1989,51.8,60.4,64.1,48.7
Ontario,9/15/1989,44.2,68.5,64.1,47.3
Ontario,9/16/1989,45.9,63.6,66.8,46.7
Ontario,9/17/1989,50,68.4,68.5,47.6
Ontario,9/18/1989,47,73.4,71.3,48.6
Ontario,9/19/1989,48.8,72.1,73.4,48.6
Ontario,9/20/1989,50.1,74.6,74.2,49.7
Ontario,9/21/1989,50.3,75.9,77,52
Ontario,9/22/1989,55.6,80.4,71.7,48.3
Ontario,9/23/1989,39.2,58.6,65,47.7
Ontario,9/24/1989,48.3,55.9,59.9,40.8
Ontario,9/25/1989,34.9,65.2,60.3,40.1
Ontario,9/26/1989,37.2,59.7,59.7,33.7
Ontario,9/27/1989,29.1,54.1,60.6,33.3
Ontario,9/28/1989,33.5,67.9,63.7,34.6
Ontario,9/29/1989,41.3,69.2,66.6,36.8
Ontario,9/30/1989,35.6,62.6,66.6,38.5
Ontario,10/1/1989,38.6,68,67.3,39.7
Ontario,10/2/1989,45,71.2,63.3,41.4
Ontario,10/3/1989,40.5,50.8,58.8,41.1
Ontario,10/4/1989,37.9,54.5,56.4,38.2
Ontario,10/5/1989,36,63.9,60.1,39.4
Ontario,10/6/1989,44.2,61.8,59.5,39.4
Ontario,10/7/1989,37.9,52.7,53.6,39.3
Ontario,10/8/1989,35.8,46.4,49.3,35.7
Ontario,10/9/1989,33.4,48.9,48.1,31.9
Ontario,10/10/1989,26.6,48.9,51.3,34.1
Ontario,10/11/1989,42.3,56.2,57.2,35.3
Ontario,10/12/1989,37,66.4,64.2,38.9
Ontario,10/13/1989,37.4,69.9,66.5,39.4
Ontario,10/14/1989,43.9,63.3,63,42.1
Ontario,10/15/1989,45.2,55.8,65,44.6
Ontario,10/16/1989,44.7,75.9,58.7,41.6
Ontario,10/17/1989,34.8,44.6,53,37.7
Ontario,10/18/1989,33.7,38.6,42.6,34
Ontario,10/19/1989,33.4,44.4,43.7,35.1
Ontario,10/20/1989,38.3,47.9,45.3,36
Ontario,10/21/1989,36.3,43.5,49.4,36.8
Ontario,10/22/1989,35.8,56.9,54.4,36.4
Ontario,10/23/1989,37,62.9,62.2,38.9
Ontario,10/24/1989,43.8,66.8,66.3,40.5
Ontario,10/25/1989,40.8,69.2,68.3,42.5
Ontario,10/26/1989,43,69,69.4,43
Ontario,10/27/1989,45.3,70,68.6,43.9
Ontario,10/28/1989,43.4,66.8,67.7,42.3
Ontario,10/29/1989,38.2,66.5,67.1,39.8
Ontario,10/30/1989,37.7,68,66.4,38.7
Ontario,10/31/1989,40.3,64.7,59.6,37.9
Ontario,11/1/1989,35.8,46.1,52.2,36.2
Ontario,11/2/1989,32.5,45.7,43.9,30.3
Ontario,11/3/1989,22.6,40,41.4,25
Ontario,11/4/1989,19.8,38.6,44.7,25.9
Ontario,11/5/1989,35.3,55.6,49.6,30.8
Ontario,11/6/1989,37.3,54.5,51.7,35.8
Ontario,11/7/1989,34.8,44.9,48,35.4
Ontario,11/8/1989,34.1,44.7,46.4,35.2
Ontario,11/9/1989,36.6,49.6,47,34.1
Ontario,11/10/1989,31.7,46.7,48.1,34.4
Ontario,11/11/1989,34.8,48.1,44.9,32.2
Ontario,11/12/1989,30.2,40,49,32.6
Ontario,11/13/1989,32.7,58.9,52.4,36.6
Ontario,11/14/1989,46.8,58.2,59.6,42.7
Ontario,11/15/1989,48.6,61.8,59,41.6
Ontario,11/16/1989,29.3,57.1,50.3,34.1
Ontario,11/17/1989,24.4,32.1,40.2,25.4
Ontario,11/18/1989,22.5,31.3,34.3,22.7
Ontario,11/19/1989,21.1,39.4,38.9,22.8
Ontario,11/20/1989,24.7,46,36.8,19.8
Ontario,11/21/1989,13.7,25,33.2,16.1
Ontario,11/22/1989,9.9,28.5,25.5,11.2
Ontario,11/23/1989,10.1,23,27.9,12
Ontario,11/24/1989,15.8,32.4,32.3,18.8
Ontario,11/25/1989,30.3,41.5,38.6,24.3
Ontario,11/26/1989,26.8,41.9,44.3,25.9
Ontario,11/27/1989,20.7,49.5,48.1,20.2
Ontario,11/28/1989,13.1,52.7,42.9,13.8
Ontario,11/29/1989,7.7,26.6,36.9,11.5
Ontario,11/30/1989,13.7,31.5,26.6,10.7
Ontario,12/1/1989,10.6,21.8,29.9,11.7
Ontario,12/2/1989,10.7,36.5,25,8.3
Ontario,12/3/1989,3.5,16.8,23,4.2
Ontario,12/4/1989,-1.6,15.6,19.9,5.4
Ontario,12/5/1989,14.3,27.3,26,8.8
Ontario,12/6/1989,13.8,35,26.8,10.6
Ontario,12/7/1989,3.8,18,25.4,7.4
Ontario,12/8/1989,4.6,23.3,22.1,3.3
Ontario,12/9/1989,1.6,25.1,26.6,8.6
Ontario,12/10/1989,19.5,31.5,27.5,8.6
Ontario,12/11/1989,4.6,25.9,25.9,8.5
Ontario,12/12/1989,1.3,20.2,20.5,1
Ontario,12/13/1989,-2.9,15.3,15.9,-1.5
Ontario,12/14/1989,-2.8,12.3,14.6,-2.1
Ontario,12/15/1989,-0.5,16.3,15.3,-0.4
Ontario,12/16/1989,2.2,17.2,17.2,3.5
Ontario,12/17/1989,8.7,18.1,17.8,4.9
Ontario,12/18/1989,3.7,17.9,18.6,4.9
Ontario,12/19/1989,2.5,19.9,17.8,2.7
Ontario,12/20/1989,1.9,15.5,14.8,-0.3
Ontario,12/21/1989,-5.2,8.9,8.6,-5.5
Ontario,12/22/1989,-13.1,1.4,8.6,-10.4
Ontario,12/23/1989,-12.8,15.5,10.9,-10.9
Ontario,12/24/1989,-6.6,15.8,17.9,-3.5
Ontario,12/25/1989,9,22.6,20.6,-0.2
Ontario,12/26/1989,-3,23.3,20.9,0
Ontario,12/27/1989,-6.1,16.7,21.7,1.5
Ontario,12/28/1989,13.7,25,19.4,4.6
Ontario,12/29/1989,6.3,16.4,22.6,6.2
Ontario,12/30/1989,-1.3,26.3,27.8,7.7
Ontario,12/31/1989,18.2,40.9,33.1,13
Ontario,1/1/1990,22.1,32.1,35.3,20.4
Ontario,1/2/1990,20.9,33.1,35.1,22.5
Ontario,1/3/1990,24.6,40.1,38.4,25.1
Ontario,1/4/1990,29.9,42,37.9,25.5
Ontario,1/5/1990,22,31.4,35,22.6
Ontario,1/6/1990,16,31.4,33.5,17.5
Ontario,1/7/1990,14.6,37.6,36,18.5
Ontario,1/8/1990,24.8,39,38.7,23.3
Ontario,1/9/1990,30.5,39.5,38.1,27.8
Ontario,1/10/1990,28.2,35.9,38.2,28.4
Ontario,1/11/1990,26.6,39.1,34.8,23.3
Ontario,1/12/1990,15.1,29.4,30.4,16.4
Ontario,1/13/1990,7.6,22.6,26.1,13.2
Ontario,1/14/1990,16.9,26.2,29.7,14.3
Ontario,1/15/1990,18.5,40.2,35.3,21.6
Ontario,1/16/1990,29.4,39.6,42.8,27.1
Ontario,1/17/1990,33.4,48.5,45.3,31
Ontario,1/18/1990,30.1,47.7,41.7,27.2
Ontario,1/19/1990,18.1,28.8,36.4,22.4
Ontario,1/20/1990,19,32.8,30.4,18.3
Ontario,1/21/1990,17.8,29.5,31.8,19.6
Ontario,1/22/1990,22.1,33.1,32.7,20.5
Ontario,1/23/1990,21.5,35.3,37.2,24.3
Ontario,1/24/1990,29.4,43.1,41.1,26.6
Ontario,1/25/1990,28.9,44.9,40.8,29.2
Ontario,1/26/1990,29.3,34.5,42.4,28.2
Ontario,1/27/1990,26.3,47.7,41.1,27.3
Ontario,1/28/1990,26.4,41.1,40.7,26.4
Ontario,1/29/1990,26.5,33.3,36.3,23.8
Ontario,1/30/1990,18.4,34.4,34.2,22.2
Ontario,1/31/1990,21.6,35,37,21
Ontario,2/1/1990,22.9,41.6,35.8,20.1
Ontario,2/2/1990,15.9,30.8,29.8,16
Ontario,2/3/1990,9.4,16.9,23.2,11.7
Ontario,2/4/1990,10,22,24,7.5
Ontario,2/5/1990,3.2,33,31.9,13.1
Ontario,2/6/1990,26.2,40.8,38.6,17.9
Ontario,2/7/1990,24.4,41.9,43.5,27.3
Ontario,2/8/1990,31.3,47.8,46.7,29.4
Ontario,2/9/1990,32.5,50.3,44.4,29.4
Ontario,2/10/1990,24.4,35.1,39.5,25.7
Ontario,2/11/1990,20.3,33.1,33.8,22.2
Ontario,2/12/1990,22,33.1,39,22.8
Ontario,2/13/1990,26.1,50.7,37.7,22.5
Ontario,2/14/1990,19.6,29.4,34.9,20.7
Ontario,2/15/1990,16.3,24.5,30.1,18.7
Ontario,2/16/1990,20.2,36.3,29.9,13.6
Ontario,2/17/1990,4.3,28.7,33.7,6.5
Ontario,2/18/1990,-4.9,36,33.3,4.7
Ontario,2/19/1990,14.6,35.3,32.3,6.1
Ontario,2/20/1990,8.7,25.6,34.5,12.4
Ontario,2/21/1990,13.9,42.5,36.3,17.6
Ontario,2/22/1990,30.2,40.9,39.3,21.6
Ontario,2/23/1990,20.5,34.4,33,20.3
Ontario,2/24/1990,10.2,23.6,22.6,9.5
Ontario,2/25/1990,-2.4,9.8,18.1,1.8
Ontario,2/26/1990,-2.3,20.8,21.4,3.6
Ontario,2/27/1990,15.4,33.7,25.9,8.6
Ontario,2/28/1990,12.6,23.2,31,12.2
Ontario,3/1/1990,8.8,36.1,34,15.6
Ontario,3/2/1990,25.5,42.6,35.4,15.4
Ontario,3/3/1990,11.9,27.6,30.9,15.7
Ontario,3/4/1990,9.6,22.6,23.9,9.2
Ontario,3/5/1990,6.1,21.6,21.6,7.3
Ontario,3/6/1990,6,20.8,22.3,7.1
Ontario,3/7/1990,9.2,24.7,27.5,8.1
Ontario,3/8/1990,9,37.1,33.4,14.1
Ontario,3/9/1990,24,38.4,39.5,21.2
Ontario,3/10/1990,30.5,42.9,41.8,29.8
Ontario,3/11/1990,35,44.3,44.5,32.7
Ontario,3/12/1990,32.6,46.5,52.3,33.8
Ontario,3/13/1990,33.8,66.1,57.3,36.5
Ontario,3/14/1990,43.2,59.2,62.7,39.8
Ontario,3/15/1990,42.5,62.9,59.9,42.4
Ontario,3/16/1990,41.5,57.7,58.8,40.8
Ontario,3/17/1990,38.3,55.8,51.6,36.5
Ontario,3/18/1990,29.8,41.3,44,30.5
Ontario,3/19/1990,23.4,34.7,38.9,26
Ontario,3/20/1990,24.7,40.7,41.6,25.2
Ontario,3/21/1990,27.6,49.3,47.7,28.6
Ontario,3/22/1990,33.3,53.2,47.5,27.5
Ontario,3/23/1990,21.4,40.1,41.1,24
Ontario,3/24/1990,17.3,29.9,37.1,20.1
Ontario,3/25/1990,21.6,41.3,35.1,19.3
Ontario,3/26/1990,19.1,33.9,36.2,18.8
Ontario,3/27/1990,15.6,33.3,37,19.2
Ontario,3/28/1990,22.8,43.8,38.4,19.8
Ontario,3/29/1990,21,38,41,24.6
Ontario,3/30/1990,30.1,41.3,41.2,28.2
Ontario,3/31/1990,33.5,44.3,44,33.8
Ontario,4/1/1990,37.8,46.5,44.5,35.9
Ontario,4/2/1990,36.3,42.6,45.1,36.1
Ontario,4/3/1990,34.1,46.2,44.9,34.9
Ontario,4/4/1990,34.2,45.8,44.8,32.7
Ontario,4/5/1990,29.7,42.3,42.6,29.3
Ontario,4/6/1990,23.9,39.5,39.9,25.7
Ontario,4/7/1990,23.4,37.8,42,24.2
Ontario,4/8/1990,25.3,48.7,48.8,28.2
Ontario,4/9/1990,35.9,59.8,52.4,31.4
Ontario,4/10/1990,33.1,48.7,50.8,31.7
Ontario,4/11/1990,26.1,43.8,42.1,22.9
Ontario,4/12/1990,9.5,34,41.5,20.4
Ontario,4/13/1990,25.5,46.7,43.1,22.5
Ontario,4/14/1990,32.7,48.6,49.9,30.5
Ontario,4/15/1990,33.3,54.2,50.6,31.8
Ontario,4/16/1990,29.4,49,49.7,31
Ontario,4/17/1990,30.4,45.8,47.8,29.2
Ontario,4/18/1990,28,48.8,52,30.4
Ontario,4/19/1990,32.8,61.6,56.4,35.7
Ontario,4/20/1990,46.4,58.9,58.7,39.9
Ontario,4/21/1990,40.7,55.6,61.4,42.3
Ontario,4/22/1990,40,69.9,62.5,40.7
Ontario,4/23/1990,41.3,62.1,65.6,39.5
Ontario,4/24/1990,37,65,69.9,43.3
Ontario,4/25/1990,51.4,82.7,77.5,49.8
Ontario,4/26/1990,60.9,84.7,84.6,57.3
Ontario,4/27/1990,59.6,86.5,84.7,58.4
Ontario,4/28/1990,54.7,82.8,82.3,55.3
Ontario,4/29/1990,51.5,77.6,77.2,53.1
Ontario,4/30/1990,53,71.3,71.8,47.3
Ontario,5/1/1990,37.5,66.6,64.7,41.4
Ontario,5/2/1990,33.9,56.2,59.8,34.1
Ontario,5/3/1990,31.1,56.6,56.6,33.3
Ontario,5/4/1990,35.1,57.1,58.3,36.4
Ontario,5/5/1990,43.1,61.1,59,39.3
Ontario,5/6/1990,39.7,58.9,58.6,40.9
Ontario,5/7/1990,40,55.7,62.9,39.9
Ontario,5/8/1990,40,74.1,69,44.8
Ontario,5/9/1990,54.3,77,70.9,44.9
Ontario,5/10/1990,40.4,61.5,63.8,44
Ontario,5/11/1990,37.2,52.9,56.8,38.8
Ontario,5/12/1990,38.8,56.1,55.7,39.5
Ontario,5/13/1990,42.5,58,60.5,39.6
Ontario,5/14/1990,37.6,67.4,66.4,42.6
Ontario,5/15/1990,47.7,73.9,67.7,45.3
Ontario,5/16/1990,50.8,61.8,66.4,49
Ontario,5/17/1990,48.6,63.4,60.5,47.6
Ontario,5/18/1990,43.3,56.2,59.2,44
Ontario,5/19/1990,40.1,57.9,54.7,42.6
Ontario,5/20/1990,44.3,49.9,54,43.3
Ontario,5/21/1990,45.5,54.2,55.1,42.7
Ontario,5/22/1990,38.2,61.2,59.8,43.5
Ontario,5/23/1990,46.8,63.9,62.3,43
Ontario,5/24/1990,44,61.7,65.1,44.1
Ontario,5/25/1990,41.7,69.8,68,43.4
Ontario,5/26/1990,44.7,72.5,72.7,44.1
Ontario,5/27/1990,45.9,75.8,74.6,45.6
Ontario,5/28/1990,46.1,75.5,70.2,45.6
Ontario,5/29/1990,44.8,59.5,65.5,44.2
Ontario,5/30/1990,41.6,61.6,64.5,42.4
Ontario,5/31/1990,40.9,72.4,70.3,44.7
Ontario,6/1/1990,51.6,77,77.2,49.8
Ontario,6/2/1990,57,82.3,79,54
Ontario,6/3/1990,53.5,77.6,73.2,51.5
Ontario,6/4/1990,43.9,59.9,67.7,45.7
Ontario,6/5/1990,39.7,65.6,66.4,44
Ontario,6/6/1990,48.4,73.8,71.8,47.1
Ontario,6/7/1990,53.2,76,71.5,50.8
Ontario,6/8/1990,50.8,64.6,72.8,52.4
Ontario,6/9/1990,53.3,77.7,70.7,52.6
Ontario,6/10/1990,53.7,69.7,74.1,53.4
Ontario,6/11/1990,53,75,73.6,51.5
Ontario,6/12/1990,47.8,76.2,78.2,52.1
Ontario,6/13/1990,55.3,83.4,80.8,55.4
Ontario,6/14/1990,63.1,82.7,83.2,58.7
Ontario,6/15/1990,57.8,83.5,84,60.7
Ontario,6/16/1990,61.3,85.7,84.7,62
Ontario,6/17/1990,66.9,84.8,84.9,64.4
Ontario,6/18/1990,65,84.2,80.7,61.8
Ontario,6/19/1990,53.5,73.2,77.1,55.7
Ontario,6/20/1990,48.6,73.9,76.1,53.8
Ontario,6/21/1990,59.3,81.3,77.5,56.7
Ontario,6/22/1990,62.3,77.4,75.2,60.3
Ontario,6/23/1990,59.1,66.7,69.5,58.5
Ontario,6/24/1990,54.2,64.4,69.6,56.3
Ontario,6/25/1990,55.7,77.5,74.9,55.6
Ontario,6/26/1990,57,82.9,79.2,54.8
Ontario,6/27/1990,51.8,77.3,75,52.6
Ontario,6/28/1990,49.1,64.9,74,51.6
Ontario,6/29/1990,53.8,80,72.8,53.2
Ontario,6/30/1990,56.8,73.7,75.3,55.7
Ontario,7/1/1990,56.6,72.4,75.9,55.7
Ontario,7/2/1990,53.7,81.5,79.5,56.1
Ontario,7/3/1990,58,84.5,86.2,60.3
Ontario,7/4/1990,69.3,92.6,84.3,61.9
Ontario,7/5/1990,58.5,75.7,79.7,60
Ontario,7/6/1990,52.2,70.9,72.8,53.9
Ontario,7/7/1990,51,71.9,74.5,52.8
Ontario,7/8/1990,55.2,80.6,78.2,56.6
Ontario,7/9/1990,63.7,82,81.2,58.1
Ontario,7/10/1990,55.4,81.1,79.3,58.3
Ontario,7/11/1990,55.8,74.9,76.4,55.1
Ontario,7/12/1990,54.2,73.1,74,53.3
Ontario,7/13/1990,49.9,73.8,72.4,55.3
Ontario,7/14/1990,61.7,70.3,74.6,58.4
Ontario,7/15/1990,63.7,79.8,76.8,62.4
Ontario,7/16/1990,61.9,80.3,82.1,63.6
Ontario,7/17/1990,65.2,86.2,84.2,64.6
Ontario,7/18/1990,66.5,86.2,85.8,65.7
Ontario,7/19/1990,65.3,85,82.9,64.3
Ontario,7/20/1990,61.1,77.5,80.8,61.1
Ontario,7/21/1990,56.9,80,76.3,58.7
Ontario,7/22/1990,58.3,71.4,76.1,58
Ontario,7/23/1990,58.8,76.9,75.8,57.8
Ontario,7/24/1990,56.2,79,78.9,57.5
Ontario,7/25/1990,57.4,80.7,80.9,57.3
Ontario,7/26/1990,58.3,83,83.1,58.7
Ontario,7/27/1990,60.5,85.5,84.7,59.4
Ontario,7/28/1990,59.3,85.5,86.1,60.6
Ontario,7/29/1990,62.1,87.3,86.1,60
Ontario,7/30/1990,58.7,85.4,82,58.6
Ontario,7/31/1990,54.9,73.2,78.7,55.4
Ontario,8/1/1990,52.5,77.5,77.9,54.1
Ontario,8/2/1990,55,83.2,81.6,55.2
Ontario,8/3/1990,58.1,84,83.4,58
Ontario,8/4/1990,61,83,81.9,61.2
Ontario,8/5/1990,64.5,78.7,77.6,61.9
Ontario,8/6/1990,60.3,71,74.6,60
Ontario,8/7/1990,55.4,74.2,74.6,56.2
Ontario,8/8/1990,52.9,78.6,78,55.4
Ontario,8/9/1990,57.8,81.1,79.9,56.3
Ontario,8/10/1990,58.1,80,80.9,58.8
Ontario,8/11/1990,60.5,81.7,79.9,58.6
Ontario,8/12/1990,57.3,77.9,76.9,58.5
Ontario,8/13/1990,57.8,71.2,74.4,57
Ontario,8/14/1990,55.8,74.1,75.4,56.9
Ontario,8/15/1990,57.1,81,79,58.9
Ontario,8/16/1990,63.7,81.8,82.5,61.5
Ontario,8/17/1990,63.9,84.7,82.1,63.4
Ontario,8/18/1990,62.8,79.8,77,60.4
Ontario,8/19/1990,54.5,66.5,71.4,57.2
Ontario,8/20/1990,54.2,67.8,68.6,55.3
Ontario,8/21/1990,57.3,71.4,70.6,57.7
Ontario,8/22/1990,61.6,72.6,73.8,59.8
Ontario,8/23/1990,60.5,77.4,76.1,59.5
Ontario,8/24/1990,56.5,78.3,79.1,58.8
Ontario,8/25/1990,59.4,81.5,82.1,60.2
Ontario,8/26/1990,64.7,86.5,84.8,63
Ontario,8/27/1990,64.9,86.3,84.9,63.9
Ontario,8/28/1990,62.1,82,81.5,60.7
Ontario,8/29/1990,55.2,76.1,78.3,55.9
Ontario,8/30/1990,50.5,76.9,77.3,52.4
Ontario,8/31/1990,51.5,79,79.2,53.2
Ontario,9/1/1990,57.7,81.8,80.3,55.6
Ontario,9/2/1990,57.6,80.2,76.4,54.6
Ontario,9/3/1990,48.4,67.1,74.1,50.7
Ontario,9/4/1990,46.2,75.1,72.1,52.6
Ontario,9/5/1990,63.4,74.1,74.6,57
Ontario,9/6/1990,61.5,74.7,73.8,59.1
Ontario,9/7/1990,52.5,72.5,70.7,51.7
Ontario,9/8/1990,41.2,64.7,68.5,46.4
Ontario,9/9/1990,45.6,68.3,70.9,48.8
Ontario,9/10/1990,59.7,79.6,72.3,53
Ontario,9/11/1990,53.7,69,77,53.7
Ontario,9/12/1990,47.8,82.3,77,53.3
Ontario,9/13/1990,58.3,79.8,79.8,55
Ontario,9/14/1990,58.9,77.4,72.8,55.9
Ontario,9/15/1990,50.6,61.2,65.8,50
Ontario,9/16/1990,40.7,58.9,59.3,42.9
Ontario,9/17/1990,37.4,57.9,60.2,38.3
Ontario,9/18/1990,36.9,63.8,59.3,39.9
Ontario,9/19/1990,45.5,56.1,61.6,42.8
Ontario,9/20/1990,46.1,65,61.6,45
Ontario,9/21/1990,43.5,63.7,64.9,45.5
Ontario,9/22/1990,46.7,66,61.5,44.1
Ontario,9/23/1990,42.1,54.9,60.6,43.6
Ontario,9/24/1990,41.9,61,61.5,45.4
Ontario,9/25/1990,52.3,68.6,66.9,47.5
Ontario,9/26/1990,48.2,71,70.7,49.4
Ontario,9/27/1990,47.6,72.5,72.9,49.1
Ontario,9/28/1990,51.6,75.1,69.6,50.8
Ontario,9/29/1990,53.3,61.1,65.4,48.9
Ontario,9/30/1990,42,59.9,59.4,44.8
Ontario,10/1/1990,39,57.1,59.4,40.9
Ontario,10/2/1990,41.6,61.2,60.9,40.8
Ontario,10/3/1990,41.8,64.3,64.5,43
Ontario,10/4/1990,45.6,68,67.1,45.6
Ontario,10/5/1990,49.4,69,71.9,52
Ontario,10/6/1990,60.9,78.8,73.9,53.6
Ontario,10/7/1990,50.4,74,67.6,52.3
Ontario,10/8/1990,45.6,50,57.3,46.3
Ontario,10/9/1990,42.9,47.7,50.1,43.4
Ontario,10/10/1990,41.7,52.5,52.1,43.8
Ontario,10/11/1990,46.7,55.9,53.8,44.8
Ontario,10/12/1990,46,53,56.5,46.3
Ontario,10/13/1990,46.2,60.4,58.9,44.5
Ontario,10/14/1990,41.2,63.2,61.7,43.1
Ontario,10/15/1990,42.1,61.4,61.6,40.9
Ontario,10/16/1990,39.4,60.2,64.5,42.5
Ontario,10/17/1990,45.9,71.8,67.1,42.6
Ontario,10/18/1990,42.5,69.3,63.1,40.2
Ontario,10/19/1990,32.3,48.1,55.5,34.6
Ontario,10/20/1990,29,49.1,54.2,31.2
Ontario,10/21/1990,32.2,65.3,56.7,33.3
Ontario,10/22/1990,38.7,55.7,58,36.1
Ontario,10/23/1990,37.4,52.9,54.1,38.1
Ontario,10/24/1990,38.1,53.7,51.8,37.4
Ontario,10/25/1990,36.8,48.8,48.6,34.6
Ontario,10/26/1990,28.8,43.3,48.1,30.6
Ontario,10/27/1990,26.2,52.3,48.2,28.6
Ontario,10/28/1990,31,49.1,48.3,28.3
Ontario,10/29/1990,27.6,43.6,50.3,29.9
Ontario,10/30/1990,31,58,51,30.4
Ontario,10/31/1990,32.6,51.4,55.3,32
Ontario,11/1/1990,32.5,56.4,59.4,36
Ontario,11/2/1990,42.8,70.6,65.9,42.5
Ontario,11/3/1990,52.2,70.7,66.8,44.9
Ontario,11/4/1990,39.7,59.1,58.5,41.6
Ontario,11/5/1990,32.9,45.5,49.7,34.7
Ontario,11/6/1990,31.4,44.5,43.3,32
Ontario,11/7/1990,31.7,39.9,40.4,29.4
Ontario,11/8/1990,25.2,36.7,39.7,28.7
Ontario,11/9/1990,29,42.4,41.3,28.7
Ontario,11/10/1990,31.7,44.7,42,29.7
Ontario,11/11/1990,28.3,39,39.4,28.3
Ontario,11/12/1990,25,34.6,36.4,26.2
Ontario,11/13/1990,25.5,35.5,38.3,25.9
Ontario,11/14/1990,27.2,44.7,47.9,30.5
Ontario,11/15/1990,38.8,63.4,55.9,34.5
Ontario,11/16/1990,37.5,59.7,54.5,33.6
Ontario,11/17/1990,24.6,40.6,46.1,27.7
Ontario,11/18/1990,21,38,38.6,22.6
Ontario,11/19/1990,22.3,37.3,41.1,22.4
Ontario,11/20/1990,24,47.9,42.6,24.2
Ontario,11/21/1990,26.3,42.6,47.6,27.8
Ontario,11/22/1990,33.3,52.5,48.8,30.8
Ontario,11/23/1990,32.7,51.2,46.6,32.7
Ontario,11/24/1990,32,36,43.6,31.3
Ontario,11/25/1990,29.3,43.7,39.8,29.2
Ontario,11/26/1990,26.3,39.7,49.3,30.8
Ontario,11/27/1990,36.8,64.4,56.8,33.9
Ontario,11/28/1990,38.4,66.2,56.4,34.1
Ontario,11/29/1990,27.1,38.7,49.1,30.4
Ontario,11/30/1990,25.7,42.3,42.5,28.7
Ontario,12/1/1990,33.2,46.6,43.9,29.3
Ontario,12/2/1990,28.9,42.8,42.8,29.3
Ontario,12/3/1990,25.6,38.9,40.2,25
Ontario,12/4/1990,20.4,38.9,35.8,21.8
Ontario,12/5/1990,19.4,29.7,35.3,22.3
Ontario,12/6/1990,27.2,37.4,34.9,24.5
Ontario,12/7/1990,27,37.7,39,26.8
Ontario,12/8/1990,26.2,41.7,41.7,26.4
Ontario,12/9/1990,26.2,45.5,42.8,25.2
Ontario,12/10/1990,23.2,41.2,38.6,23.3
Ontario,12/11/1990,20.4,29.1,39.6,23.7
Ontario,12/12/1990,27.4,48.4,42.1,22.2
Ontario,12/13/1990,18.9,48.7,41.7,18.5
Ontario,12/14/1990,9.2,27.9,37.3,16.4
Ontario,12/15/1990,21,35.2,32.3,18.7
Ontario,12/16/1990,25.8,33.7,35,24.2
Ontario,12/17/1990,25.9,36.2,37.1,27.6
Ontario,12/18/1990,31,41.3,37.7,25.9
Ontario,12/19/1990,20.9,35.6,37.2,22.6
Ontario,12/20/1990,16.1,34.6,38.1,22.4
Ontario,12/21/1990,30.2,43.9,44.5,27.7
Ontario,12/22/1990,36.8,55,46.3,30.7
Ontario,12/23/1990,25.1,40,40,24.7
Ontario,12/24/1990,12.1,24.9,30.2,15.8
Ontario,12/25/1990,10.2,25.6,23.9,9.2
Ontario,12/26/1990,5.4,21.3,24.1,6.4
Ontario,12/27/1990,3.6,25.5,27.8,9.6
Ontario,12/28/1990,19.9,36.5,36.6,19.2
Ontario,12/29/1990,34.2,47.8,41.9,24.5
Ontario,12/30/1990,19.3,41.3,36.2,19.9
Ontario,12/31/1990,6.4,19.5,30.7,12.7
Ontario,1/1/1991,12.4,31.1,27.9,12.2
Ontario,1/2/1991,17.9,32.9,29,13.9
Ontario,1/3/1991,11.4,23,26.5,13.3
Ontario,1/4/1991,10.6,23.6,24.6,13.3
Ontario,1/5/1991,17.9,27.2,27.8,14.1
Ontario,1/6/1991,13.9,32.6,26.5,10.5
Ontario,1/7/1991,-0.4,19.6,25.7,3.8
Ontario,1/8/1991,-2.2,24.7,26.2,4.5
Ontario,1/9/1991,16.1,34.1,28.5,7.9
Ontario,1/10/1991,9.9,26.7,29.2,10.7
Ontario,1/11/1991,6,26.8,28,9.1
Ontario,1/12/1991,11.4,30.6,28.6,8.4
Ontario,1/13/1991,7.9,28.5,31.3,14.5
Ontario,1/14/1991,24.3,34.8,33.5,21.7
Ontario,1/15/1991,32.8,37.3,36.3,29.7
Ontario,1/16/1991,31.9,36.9,36.6,31.2
Ontario,1/17/1991,29,35.6,34.8,29.2
Ontario,1/18/1991,26.8,31.7,35.8,26.4
Ontario,1/19/1991,23.4,40,36.6,20
Ontario,1/20/1991,9.9,38.2,28.8,10.3
Ontario,1/21/1991,-2.5,8.2,21.4,1.1
Ontario,1/22/1991,-4.1,17.7,18.6,1.4
Ontario,1/23/1991,10.7,29.9,23.5,3.3
Ontario,1/24/1991,3.2,22.8,22,3.6
Ontario,1/25/1991,-3.1,13.2,19.6,1.1
Ontario,1/26/1991,3.3,22.6,22.2,4.3
Ontario,1/27/1991,12.6,30.6,29.3,11.8
Ontario,1/28/1991,19.6,34.6,30.9,16.5
Ontario,1/29/1991,17.4,27.5,28.7,18.2
Ontario,1/30/1991,17.5,24.1,25,16.9
Ontario,1/31/1991,15.8,23.3,23,14.7
Ontario,2/1/1991,10.8,21.5,29,12.7
Ontario,2/2/1991,11.6,42.1,37.5,17.7
Ontario,2/3/1991,30.8,48.9,47.6,25.8
Ontario,2/4/1991,35.1,51.7,49,33.4
Ontario,2/5/1991,34.3,46.5,47.1,34.6
Ontario,2/6/1991,34.3,43,42.8,33.3
Ontario,2/7/1991,31.2,38.8,42.2,31.2
Ontario,2/8/1991,28.2,44.8,43.3,29.5
Ontario,2/9/1991,29,46.3,41.9,25.9
Ontario,2/10/1991,20.4,34.5,33.9,19.7
Ontario,2/11/1991,9.6,20.9,26.2,12.1
Ontario,2/12/1991,6.3,23.1,25.3,12
Ontario,2/13/1991,20.2,31.9,28.3,15.6
Ontario,2/14/1991,20.4,29.9,28.9,15.1
Ontario,2/15/1991,4.6,24.8,25.8,6.2
Ontario,2/16/1991,-6.3,22.7,24.9,1.9
Ontario,2/17/1991,7.5,27.1,28.3,2.6
Ontario,2/18/1991,6.5,35.1,36.3,14.7
Ontario,2/19/1991,30.1,46.7,39.5,22.7
Ontario,2/20/1991,31.5,36.8,42.9,31
Ontario,2/21/1991,31.4,45.1,40.8,26.1
Ontario,2/22/1991,15.4,40.6,35.9,16.9
Ontario,2/23/1991,4,22.1,31.9,12.7
Ontario,2/24/1991,18.7,33,27.8,14.3
Ontario,2/25/1991,20.1,28.4,29.7,16
Ontario,2/26/1991,9.4,27.6,28.4,13.1
Ontario,2/27/1991,10,29,29.7,10.8
Ontario,2/28/1991,13.2,32.5,38.4,17.5
Ontario,3/1/1991,29.3,53.7,48.1,24.2
Ontario,3/2/1991,30,58,47.7,27.3
Ontario,3/3/1991,22.7,31.4,39.8,25.8
Ontario,3/4/1991,24.8,30,33.3,23.1
Ontario,3/5/1991,21.8,38.4,37.6,25.6
Ontario,3/6/1991,30.3,44.5,39.8,24.2
Ontario,3/7/1991,20.4,36.3,36.9,21.6
Ontario,3/8/1991,14.2,29.8,32.9,18.3
Ontario,3/9/1991,20.4,32.7,31.1,18.3
Ontario,3/10/1991,20.4,30.8,30.1,17.8
Ontario,3/11/1991,12.7,26.8,30.9,16.3
Ontario,3/12/1991,15.7,35.2,34,16.4
Ontario,3/13/1991,20.9,40,39.2,20.6
Ontario,3/14/1991,25.2,42.4,42.1,24.5
Ontario,3/15/1991,27.3,43.9,45.6,25.6
Ontario,3/16/1991,24.2,50.5,48.5,25.1
Ontario,3/17/1991,23.7,51.2,48.2,27.4
Ontario,3/18/1991,34.4,42.9,46.3,30.3
Ontario,3/19/1991,33,44.8,44.2,32
Ontario,3/20/1991,28.7,44.9,43.3,30.3
Ontario,3/21/1991,29.1,40.3,41.7,28.9
Ontario,3/22/1991,28.8,39.8,44.3,30
Ontario,3/23/1991,32,52.7,45.9,32
Ontario,3/24/1991,35.2,45.1,46.9,34
Ontario,3/25/1991,34.9,42.8,44.9,34.2
Ontario,3/26/1991,32.6,46.7,50.9,35.9
Ontario,3/27/1991,40.2,63.1,55.7,35.5
Ontario,3/28/1991,33.8,57.4,51.7,33
Ontario,3/29/1991,25.1,34.5,41.8,26.7
Ontario,3/30/1991,21.4,33.7,36.9,22.9
Ontario,3/31/1991,22.3,42.6,40.7,24.8
Ontario,4/1/1991,30.7,45.7,42.9,26.4
Ontario,4/2/1991,26.2,40.5,43.8,26.9
Ontario,4/3/1991,23.7,45.4,48.1,25.2
Ontario,4/4/1991,25.7,58.5,55.6,29.4
Ontario,4/5/1991,38.7,62.8,63.6,38.1
Ontario,4/6/1991,49.9,69.5,71.1,49
Ontario,4/7/1991,58.3,80.9,73.9,54.7
Ontario,4/8/1991,56,71.1,71.9,53.1
Ontario,4/9/1991,44.9,63.6,62.6,44.9
Ontario,4/10/1991,33.9,53,53.5,36.4
Ontario,4/11/1991,30.5,43.8,47,30.7
Ontario,4/12/1991,27.6,44.3,44.1,31.1
Ontario,4/13/1991,35.1,44.3,45.2,32.2
Ontario,4/14/1991,33.9,46.9,47.9,36.6
Ontario,4/15/1991,40.9,52.7,51.1,38.3
Ontario,4/16/1991,40,53.7,50.7,38.2
Ontario,4/17/1991,33.8,45.7,49.8,35.4
Ontario,4/18/1991,32.6,50.1,50,34.5
Ontario,4/19/1991,37.2,54.1,50.6,35.5
Ontario,4/20/1991,36.8,47.5,49.3,37.2
Ontario,4/21/1991,37.7,46.1,46.7,36.9
Ontario,4/22/1991,36,46.3,50.6,35.9
Ontario,4/23/1991,33.9,59.4,55.9,36.1
Ontario,4/24/1991,38.2,62,61.4,36.7
Ontario,4/25/1991,38,62.9,63.6,38
Ontario,4/26/1991,37.8,65.8,65.4,39.6
Ontario,4/27/1991,43.2,67.3,64.4,42.4
Ontario,4/28/1991,46.3,60,65.6,45
Ontario,4/29/1991,45.6,69.5,67.4,47.5
Ontario,4/30/1991,50.5,72.7,69.6,48.3
Ontario,5/1/1991,48.7,66.6,63.6,46.9
Ontario,5/2/1991,41.6,51.6,57.8,43
Ontario,5/3/1991,38.7,55.2,53.1,38.4
Ontario,5/4/1991,34.8,52.5,55.6,36.3
Ontario,5/5/1991,35.2,59.1,59,38.1
Ontario,5/6/1991,44.4,65.2,59.5,40.9
Ontario,5/7/1991,43.2,54.2,58.7,41.8
Ontario,5/8/1991,37.9,56.8,56.1,41
Ontario,5/9/1991,41.9,57.5,60.5,42.4
Ontario,5/10/1991,47.4,67.2,68,45.6
Ontario,5/11/1991,47.5,79.3,76.6,50.1
Ontario,5/12/1991,55.4,83.4,81.9,50.5
Ontario,5/13/1991,48.6,83.2,82.3,53.2
Ontario,5/14/1991,55.6,80.2,79.1,50.5
Ontario,5/15/1991,47.1,74,79.5,51.6
Ontario,5/16/1991,52.2,84.2,76.5,48.2
Ontario,5/17/1991,45.2,71.2,70.6,45.8
Ontario,5/18/1991,40.1,56.3,64.3,40.6
Ontario,5/19/1991,36.6,65.3,63.8,39.1
Ontario,5/20/1991,40.5,69.9,72,41
Ontario,5/21/1991,46,80.8,77.8,47.4
Ontario,5/22/1991,55.7,82.6,82.2,52.7
Ontario,5/23/1991,56.5,83.1,84.1,57.3
Ontario,5/24/1991,59.8,86.8,83.2,60.4
Ontario,5/25/1991,64.7,79.9,78.2,59.9
Ontario,5/26/1991,55.1,67.8,76.4,58.8
Ontario,5/27/1991,56.5,81.5,77.2,58.2
Ontario,5/28/1991,63.2,82.2,81.2,61.8
Ontario,5/29/1991,65.7,79.8,81.4,63.8
Ontario,5/30/1991,62.3,82.2,80.9,63.6
Ontario,5/31/1991,62.6,80.7,79.4,61.2
Ontario,6/1/1991,58.6,75.2,77.3,58.8
Ontario,6/2/1991,55.3,75.8,75.8,54.8
Ontario,6/3/1991,50.5,76.3,73.9,51.8
Ontario,6/4/1991,49.6,69.6,71.7,49.6
Ontario,6/5/1991,48.9,69.1,70.1,49
Ontario,6/6/1991,48.6,71.6,73.1,48.9
Ontario,6/7/1991,49.3,78.6,77.9,50.6
Ontario,6/8/1991,54.1,83.6,80.3,51.8
Ontario,6/9/1991,51.9,78.7,83.3,56.3
Ontario,6/10/1991,63,87.7,80.1,59.2
Ontario,6/11/1991,62.7,73.9,78.1,58
Ontario,6/12/1991,48.5,72.8,72.4,51.1
Ontario,6/13/1991,42.2,70.4,73.3,45.9
Ontario,6/14/1991,47,76.5,78.2,49.8
Ontario,6/15/1991,60.1,87.7,80.2,56.6
Ontario,6/16/1991,62.7,76.2,80.2,61.2
Ontario,6/17/1991,60.8,76.7,77.7,60.4
Ontario,6/18/1991,57.7,80.1,80.6,60.3
Ontario,6/19/1991,62.4,84.9,84,60.5
Ontario,6/20/1991,61.4,87.1,83.4,61.7
Ontario,6/21/1991,61.4,78.3,78.2,58.4
Ontario,6/22/1991,52.3,69.2,73.5,54.3
Ontario,6/23/1991,49.3,72.9,73.3,51.3
Ontario,6/24/1991,52.3,77.8,77.6,51.5
Ontario,6/25/1991,52.8,81.9,82.3,54.3
Ontario,6/26/1991,57.7,87.2,86.4,59.4
Ontario,6/27/1991,67.6,90.1,90.2,65.3
Ontario,6/28/1991,70.4,93.2,86.9,67.2
Ontario,6/29/1991,63.5,77.4,81.2,63.5
Ontario,6/30/1991,56.5,73,74.8,58.1
Ontario,7/1/1991,54.1,74.2,75.1,56.5
Ontario,7/2/1991,59,78.2,77.2,56.7
Ontario,7/3/1991,57,79.1,79.3,59.9
Ontario,7/4/1991,63.7,80.7,78.3,60.2
Ontario,7/5/1991,59.8,75.2,80.3,62.3
Ontario,7/6/1991,63.4,84.9,82,62.3
Ontario,7/7/1991,63.7,85.7,82.6,61.6
Ontario,7/8/1991,57.8,77.3,79.7,58.1
Ontario,7/9/1991,52.7,76.2,77.4,54.5
Ontario,7/10/1991,52.9,78.7,77.7,53.4
Ontario,7/11/1991,54.6,78.3,79,53.8
Ontario,7/12/1991,53.8,80,77.6,56.3
Ontario,7/13/1991,60.6,74.4,77.6,57.6
Ontario,7/14/1991,58.4,78.2,78.6,57
Ontario,7/15/1991,52.1,83,82.7,55.9
Ontario,7/16/1991,57.3,86.8,86.2,57.5
Ontario,7/17/1991,63.1,88.9,88.5,62.9
Ontario,7/18/1991,68.2,89.9,91.1,67
Ontario,7/19/1991,69.6,94.6,93.1,69.6
Ontario,7/20/1991,71,94.9,90.9,70.1
Ontario,7/21/1991,69.7,83.4,86.6,68.9
Ontario,7/22/1991,65.9,81.7,82.3,65.4
Ontario,7/23/1991,60.5,81.9,81.9,61.1
Ontario,7/24/1991,56.8,82.1,82.2,58.3
Ontario,7/25/1991,57.5,82.7,80.3,56.3
Ontario,7/26/1991,54.5,76.1,77.9,54.5
Ontario,7/27/1991,51.6,75,76.2,53
Ontario,7/28/1991,52.8,77.6,75.6,55.2
Ontario,7/29/1991,61.1,74.2,77.5,57.6
Ontario,7/30/1991,58.9,80.7,78.4,59.6
Ontario,7/31/1991,58.9,80.3,81.8,60.6
Ontario,8/1/1991,64.1,84.2,81.7,61.7
Ontario,8/2/1991,62.2,80.6,78.4,61.3
Ontario,8/3/1991,57.7,70.5,75.2,58.9
Ontario,8/4/1991,56.8,74.4,72.2,55.8
Ontario,8/5/1991,53,71.6,74,53.5
Ontario,8/6/1991,50.9,76,75.1,53.5
Ontario,8/7/1991,56.5,77.7,76.6,55
Ontario,8/8/1991,57.5,76,76.6,57.8
Ontario,8/9/1991,59.2,76,76.1,57.7
Ontario,8/10/1991,56.4,76.2,78,58.5
Ontario,8/11/1991,59.9,81.7,80,59.4
Ontario,8/12/1991,61.8,82.3,83.2,59.9
Ontario,8/13/1991,58,85.7,84.1,60.7
Ontario,8/14/1991,62.3,84.2,83.7,61.1
Ontario,8/15/1991,63.1,81.2,82.9,63.1
Ontario,8/16/1991,63.8,83.2,83,63.4
Ontario,8/17/1991,63.4,84.6,81.8,62.7
Ontario,8/18/1991,60.8,77.5,79.5,61.2
Ontario,8/19/1991,59.3,76.3,75.1,59.6
Ontario,8/20/1991,58.7,71.4,74.2,58.6
Ontario,8/21/1991,57.7,74.8,76.2,58.1
Ontario,8/22/1991,57.8,82.4,76.5,57.3
Ontario,8/23/1991,56.6,72.3,75.3,56.2
Ontario,8/24/1991,54.1,71.2,73.4,53.9
Ontario,8/25/1991,51.1,76.9,78.1,54.9
Ontario,8/26/1991,59.5,86.3,84,58.4
Ontario,8/27/1991,64.7,88.9,87.5,63.5
Ontario,8/28/1991,66.4,87.1,87.9,66.1
Ontario,8/29/1991,67.3,87.5,87.9,67.1
Ontario,8/30/1991,67.6,88.9,83.9,63.2
Ontario,8/31/1991,54.7,75.3,76,55.1
Ontario,9/1/1991,42.8,63.8,70.8,47
Ontario,9/2/1991,43.3,73.4,74,45.4
Ontario,9/3/1991,50.1,84.7,77.6,48.4
Ontario,9/4/1991,51.8,74.7,78.2,50.3
Ontario,9/5/1991,49.2,75.4,76.1,51.7
Ontario,9/6/1991,54.1,78.2,78.1,52.5
Ontario,9/7/1991,54.3,80.8,79.3,55.9
Ontario,9/8/1991,59.3,78.8,80.4,57.8
Ontario,9/9/1991,59.7,81.5,79.9,59.4
Ontario,9/10/1991,59.1,79.4,76.1,56
Ontario,9/11/1991,49.1,67.5,72.6,51
Ontario,9/12/1991,45,70.9,70.3,47.7
Ontario,9/13/1991,48.9,72.7,73.1,49.5
Ontario,9/14/1991,54.7,75.7,79.6,56
Ontario,9/15/1991,64.4,90.5,85,61.8
Ontario,9/16/1991,66.2,88.7,83.8,61.6
Ontario,9/17/1991,54.3,72.3,77.4,57.4
Ontario,9/18/1991,51.7,71.3,67.3,49.7
Ontario,9/19/1991,42.9,58.4,62.5,44.7
Ontario,9/20/1991,39.5,57.7,58,39.8
Ontario,9/21/1991,37.1,57.8,60.1,37.6
Ontario,9/22/1991,36.1,64.7,62,39
Ontario,9/23/1991,43.8,63.5,61.9,40.2
Ontario,9/24/1991,40.7,57.5,59.7,42.3
Ontario,9/25/1991,42.4,58.2,58.7,41.2
Ontario,9/26/1991,40.5,60.5,57.6,40.6
Ontario,9/27/1991,39,54,55.5,38
Ontario,9/28/1991,34.4,52,53,34.9
Ontario,9/29/1991,31.3,52.9,54.5,31.9
Ontario,9/30/1991,29.9,58.5,58.7,37.7
Ontario,10/1/1991,51.9,64.6,67.3,44.6
Ontario,10/2/1991,52,78.8,71.6,51.9
Ontario,10/3/1991,51.7,71.4,69.5,51
Ontario,10/4/1991,49.4,58.2,68.2,49.2
Ontario,10/5/1991,46.6,75.1,62.2,44.8
Ontario,10/6/1991,38.4,53.4,59.9,39.9
Ontario,10/7/1991,34.7,51.1,55.4,36.9
Ontario,10/8/1991,37.8,61.7,61.1,39.8
Ontario,10/9/1991,47,70.4,64.5,42.4
Ontario,10/10/1991,42.4,61.5,60.6,43.1
Ontario,10/11/1991,40,49.8,54.2,40.3
Ontario,10/12/1991,38.5,51.4,49.2,35.8
Ontario,10/13/1991,29,46.4,49.7,31.8
Ontario,10/14/1991,28,51.2,50.4,31.4
Ontario,10/15/1991,37.2,53.4,52.6,32.9
Ontario,10/16/1991,33.4,53,57.6,35
Ontario,10/17/1991,34.5,66.5,61.7,36.2
Ontario,10/18/1991,40.7,65.6,59.6,34.9
Ontario,10/19/1991,29.7,46.7,53.6,32.6
Ontario,10/20/1991,27.3,48.6,49.9,30.1
Ontario,10/21/1991,33.1,54.4,54.8,34.5
Ontario,10/22/1991,43.1,61.5,62.5,38.9
Ontario,10/23/1991,40.5,71.6,68.6,45.2
Ontario,10/24/1991,52.1,72.6,71.1,49.2
Ontario,10/25/1991,54.9,69.2,69.8,55.1
Ontario,10/26/1991,58.3,67.6,67.3,53.4
Ontario,10/27/1991,47.1,65.2,60.2,49.2
Ontario,10/28/1991,42.1,47.8,53.9,42.9
Ontario,10/29/1991,39.4,48.7,50.6,38.1
Ontario,10/30/1991,32.8,55.4,51.9,36.5
Ontario,10/31/1991,37.4,51.7,52.5,36.1
Ontario,11/1/1991,38,50.6,51.2,36.1
Ontario,11/2/1991,32.8,51.3,46.3,31.7
Ontario,11/3/1991,24.3,37.1,41.1,26.2
Ontario,11/4/1991,21.4,35,35.7,22.4
Ontario,11/5/1991,21.5,35,37.2,22.9
Ontario,11/6/1991,25.6,41.6,36.4,22.9
Ontario,11/7/1991,21.6,32.6,36,21.9
Ontario,11/8/1991,18.5,33.8,35.2,18.6
Ontario,11/9/1991,15.8,39.2,38.5,17.4
Ontario,11/10/1991,18,42.3,40.8,22.4
Ontario,11/11/1991,33.4,40.8,40.5,28.1
Ontario,11/12/1991,32.9,38.5,40.6,33.7
Ontario,11/13/1991,34.9,42.6,42.1,35.7
Ontario,11/14/1991,39.1,45.2,46.4,38.9
Ontario,11/15/1991,42.6,51.4,47.2,36.3
Ontario,11/16/1991,27.2,44.9,44.8,30.1
Ontario,11/17/1991,20.4,38.2,42.8,22.8
Ontario,11/18/1991,20.8,45.4,47.2,26.9
Ontario,11/19/1991,39.6,57.9,55.7,33.9
Ontario,11/20/1991,41.1,63.9,56,38.4
Ontario,11/21/1991,34.3,46.2,51.6,35.1
Ontario,11/22/1991,29.8,44.6,45.5,31.6
Ontario,11/23/1991,30.7,45.5,45.5,30.6
Ontario,11/24/1991,31.3,46.5,42.8,30.3
Ontario,11/25/1991,28.8,36.4,38.1,28.9
Ontario,11/26/1991,26.5,31.4,36.1,26.4
Ontario,11/27/1991,23.9,40.5,37.3,26.7
Ontario,11/28/1991,29.8,40.1,39.6,28.1
Ontario,11/29/1991,30.6,38.2,47.4,32.1
Ontario,11/30/1991,35.8,64,47.7,33.6
Ontario,12/1/1991,34.4,40.8,46.5,28.8
Ontario,12/2/1991,16.3,34.5,34.6,22.1
Ontario,12/3/1991,15.5,28.5,28.3,13.9
Ontario,12/4/1991,9.9,22,24.8,13.1
Ontario,12/5/1991,14,23.9,24.7,12.4
Ontario,12/6/1991,13.4,28.2,31,17.3
Ontario,12/7/1991,24.5,41,40.6,23.9
Ontario,12/8/1991,33.8,52.8,49.2,29.8
Ontario,12/9/1991,31.2,53.8,49.1,31.4
Ontario,12/10/1991,29.3,40.7,46.7,28.6
Ontario,12/11/1991,25.2,45.7,45.8,25.9
Ontario,12/12/1991,23.3,50.9,50.5,27.4
Ontario,12/13/1991,33.6,55,48.4,26.4
Ontario,12/14/1991,22.2,39.4,41,22.6
Ontario,12/15/1991,12,28.7,28.8,13.5
Ontario,12/16/1991,6.3,18.4,25.6,9.9
Ontario,12/17/1991,11.4,29.7,23.5,6.2
Ontario,12/18/1991,0.9,22.5,25,3.4
Ontario,12/19/1991,-2,22.8,26.3,1.3
Ontario,12/20/1991,5,33.7,30.9,9.8
Ontario,12/21/1991,26.2,36.4,36,18.2
Ontario,12/22/1991,23.2,38,37.1,23
Ontario,12/23/1991,19.7,37,34.8,17.2
Ontario,12/24/1991,8.7,29.3,30.6,12.3
Ontario,12/25/1991,8.5,25.4,29.9,11.2
Ontario,12/26/1991,16.5,35.1,32.2,15
Ontario,12/27/1991,19.9,36,34.4,17.1
Ontario,12/28/1991,14.8,32,34,19.5
Ontario,12/29/1991,23.9,33.8,31.4,18.6
Ontario,12/30/1991,17,28.3,30.9,17.2
Ontario,12/31/1991,10.6,30.6,29.6,14.7
Ontario,1/1/1992,16.5,30,31.7,17
Ontario,1/2/1992,24,34.5,34.8,23
Ontario,1/3/1992,28.5,39.9,39.3,28
Ontario,1/4/1992,31.4,43.5,40.7,30.4
Ontario,1/5/1992,31.4,38.6,39.2,31.3
Ontario,1/6/1992,31.1,35.6,36.8,28.5
Ontario,1/7/1992,23.1,36.2,32.9,23.3
Ontario,1/8/1992,15.7,27,34.4,21
Ontario,1/9/1992,24.1,40,33.3,21.6
Ontario,1/10/1992,24.9,33,33.5,23
Ontario,1/11/1992,20.1,27.5,33.7,22
Ontario,1/12/1992,20.9,40.5,36,23.9
Ontario,1/13/1992,30.8,40.1,39.7,21.4
Ontario,1/14/1992,12.3,38.4,28.7,14
Ontario,1/15/1992,-1.3,7.6,18.1,0.7
Ontario,1/16/1992,-8.9,8.2,13,-1.2
Ontario,1/17/1992,6.4,23.2,14.5,0.1
Ontario,1/18/1992,2.6,12,15.5,2.4
Ontario,1/19/1992,-1.8,11.2,14,1.8
Ontario,1/20/1992,4.4,18.7,19.2,5.4
Ontario,1/21/1992,13.7,27.7,26.8,7.6
Ontario,1/22/1992,4.8,33.9,33.5,15.2
Ontario,1/23/1992,27.2,38.9,35.8,13.8
Ontario,1/24/1992,9.3,34.7,29.1,9.9
Ontario,1/25/1992,-6.8,13.8,22.3,2.6
Ontario,1/26/1992,5.3,18.3,20,2.6
Ontario,1/27/1992,9.4,27.9,26.3,11.6
Ontario,1/28/1992,20,32.6,31.2,18.6
Ontario,1/29/1992,26.3,32.9,33.2,25.1
Ontario,1/30/1992,28.9,34.1,34,24.8
Ontario,1/31/1992,19.2,35,29.2,18.8
Ontario,2/1/1992,8.3,18.4,26.6,11.8
Ontario,2/2/1992,7.8,26.3,25.6,12
Ontario,2/3/1992,19.8,32.3,30.2,14.7
Ontario,2/4/1992,16.6,31.9,29.3,17
Ontario,2/5/1992,14.5,23.7,29,13.8
Ontario,2/6/1992,10.3,31.5,29.2,13.8
Ontario,2/7/1992,16.5,32.4,29.3,12.1
Ontario,2/8/1992,9.4,24,23,7.8
Ontario,2/9/1992,-2.5,12.5,22.7,2.4
Ontario,2/10/1992,0.2,31.5,25.7,-0.5
Ontario,2/11/1992,0.6,33.2,27.3,-1.3
Ontario,2/12/1992,-4.7,17.3,26.7,0.5
Ontario,2/13/1992,5.6,29.6,27,8.6
Ontario,2/14/1992,24.8,34.2,33.1,19.5
Ontario,2/15/1992,28.1,35.5,34.6,26.1
Ontario,2/16/1992,25.2,34.3,35.3,26.2
Ontario,2/17/1992,25.1,36.1,36.2,27.2
Ontario,2/18/1992,31.1,38.4,38.4,29.2
Ontario,2/19/1992,31.2,40.7,37.8,29.3
Ontario,2/20/1992,25.4,34.3,36.6,25.8
Ontario,2/21/1992,20.8,34.7,36.1,21.5
Ontario,2/22/1992,18.3,39.3,36.3,22.3
Ontario,2/23/1992,27.7,34.8,34.8,21.5
Ontario,2/24/1992,18.3,30.4,33.4,23.2
Ontario,2/25/1992,23.4,35,32.7,23.1
Ontario,2/26/1992,27.7,32.6,34.7,25.3
Ontario,2/27/1992,24.8,36.5,34.7,20.6
Ontario,2/28/1992,9.2,35.1,30.7,11.6
Ontario,2/29/1992,0.8,20.5,30.7,9.4
Ontario,3/1/1992,18.3,36.5,28.3,10.4
Ontario,3/2/1992,12.1,28,33.3,16
Ontario,3/3/1992,17.6,35.3,35.1,15.1
Ontario,3/4/1992,15.6,42,42.2,19.8
Ontario,3/5/1992,26.1,49.4,44.4,24.1
Ontario,3/6/1992,30.6,41.8,45.9,31.1
Ontario,3/7/1992,36.6,46.5,43.4,34.5
Ontario,3/8/1992,36.4,41.9,46.7,36.3
Ontario,3/9/1992,35.9,51.7,47.8,29
Ontario,3/10/1992,14.8,49.7,41,20.6
Ontario,3/11/1992,11.2,21.5,30.7,12.8
Ontario,3/12/1992,12.4,20.8,21.5,9.6
Ontario,3/13/1992,5.2,22.3,22.7,9.5
Ontario,3/14/1992,10.9,24.9,22.8,7.6
Ontario,3/15/1992,6.7,21.1,26.3,8
Ontario,3/16/1992,6.2,33,31.7,10.4
Ontario,3/17/1992,18.2,41.1,35.6,12.4
Ontario,3/18/1992,12.9,32.8,37.9,16.5
Ontario,3/19/1992,18.4,39.7,36.4,16
Ontario,3/20/1992,16.8,36.7,36,16.6
Ontario,3/21/1992,14.5,31.8,31.9,14.3
Ontario,3/22/1992,11.4,27.4,30,11.7
Ontario,3/23/1992,9.2,31,31.9,12.8
Ontario,3/24/1992,17.7,37.5,40.2,17.6
Ontario,3/25/1992,25.7,52.2,45.5,27.3
Ontario,3/26/1992,38.3,46.7,47.1,31.9
Ontario,3/27/1992,31.6,42.4,43.1,30.8
Ontario,3/28/1992,22.4,40.2,43.9,26.3
Ontario,3/29/1992,24.8,49.1,44.9,26.5
Ontario,3/30/1992,32.1,45.5,47.2,28.2
Ontario,3/31/1992,27.7,46.9,44.6,28.4
Ontario,4/1/1992,25.3,41.3,41,26.1
Ontario,4/2/1992,25.2,34.8,38.7,25.1
Ontario,4/3/1992,24.8,40,39.8,24.9
Ontario,4/4/1992,24.6,44.6,43,25.5
Ontario,4/5/1992,27.2,44.2,46.1,25.9
Ontario,4/6/1992,25.8,49.3,52.3,29.8
Ontario,4/7/1992,36.4,63.5,54.3,31.9
Ontario,4/8/1992,33.5,50.2,56.1,34.5
Ontario,4/9/1992,33.5,54.5,51.5,32.4
Ontario,4/10/1992,30.4,49.9,47,31.6
Ontario,4/11/1992,30.9,36.7,41.4,28.6
Ontario,4/12/1992,24.6,37.7,36.4,25.2
Ontario,4/13/1992,20.2,34.7,39.2,23.2
Ontario,4/14/1992,24.8,45.1,41.2,23.1
Ontario,4/15/1992,24.4,43.7,43.6,27.2
Ontario,4/16/1992,32.3,42,42.5,30.6
Ontario,4/17/1992,35.2,41.8,43,34.7
Ontario,4/18/1992,36.5,45.1,48,36.7
Ontario,4/19/1992,38.4,57.2,55.7,39.5
Ontario,4/20/1992,43.6,64.7,62.6,43.7
Ontario,4/21/1992,49.1,66,65.1,46.6
Ontario,4/22/1992,46.9,64.7,62.9,46.4
Ontario,4/23/1992,43.2,58.1,58.4,44.3
Ontario,4/24/1992,42.7,52.3,53.6,42.7
Ontario,4/25/1992,42.1,50.5,51.4,41.3
Ontario,4/26/1992,39.1,51.3,52.5,38.8
Ontario,4/27/1992,35.1,55.7,54.6,35.6
Ontario,4/28/1992,32.5,56.7,58.1,33.9
Ontario,4/29/1992,34.2,62,58,34.7
Ontario,4/30/1992,37.4,55.2,55.4,35.8
Ontario,5/1/1992,35.9,49,55.5,38.2
Ontario,5/2/1992,41.2,62.4,55.4,39.8
Ontario,5/3/1992,42.5,54.7,57.3,40.4
Ontario,5/4/1992,37.4,54.8,54.5,38.2
Ontario,5/5/1992,34.8,54.1,54.7,35
Ontario,5/6/1992,32.9,55.1,57.1,33.7
Ontario,5/7/1992,33.3,62,61.8,34.9
Ontario,5/8/1992,38.5,68.2,65.7,41.7
Ontario,5/9/1992,53.5,67,69.6,47.6
Ontario,5/10/1992,50.7,73.6,72,51.8
Ontario,5/11/1992,51.1,75.3,75.1,50.3
Ontario,5/12/1992,49,76.4,74.4,49.1
Ontario,5/13/1992,47.3,71.5,67.6,45.6
Ontario,5/14/1992,40.4,54.8,63.6,40.9
Ontario,5/15/1992,35.1,64.4,62.5,39.7
Ontario,5/16/1992,43.7,68.4,72.4,42.7
Ontario,5/17/1992,49.3,84.4,72.1,45.9
Ontario,5/18/1992,44.6,63.4,72.1,43.7
Ontario,5/19/1992,37.3,68.4,69.2,42.4
Ontario,5/20/1992,45.3,75.8,74.7,44
Ontario,5/21/1992,49.3,79.8,79,48.1
Ontario,5/22/1992,49.7,81.3,82.1,48.1
Ontario,5/23/1992,45.2,85.1,73.3,44.1
Ontario,5/24/1992,37.3,53.5,63.8,38.4
Ontario,5/25/1992,32.6,52.9,53.5,37.2
Ontario,5/26/1992,41.7,54.1,57.1,39
Ontario,5/27/1992,42.7,64.1,61.5,41.6
Ontario,5/28/1992,40.5,66.2,66.6,40.8
Ontario,5/29/1992,39.2,69.6,65.2,42.8
Ontario,5/30/1992,48.8,59.9,62.7,46.3
Ontario,5/31/1992,50.9,58.5,62.5,49.6
Ontario,6/1/1992,49.2,69.1,67.7,48.5
Ontario,6/2/1992,45.5,75.4,74.4,48.3
Ontario,6/3/1992,50.2,78.8,76.7,49.5
Ontario,6/4/1992,52.8,75.9,73.5,52.7
Ontario,6/5/1992,55.2,65.7,71.1,54.6
Ontario,6/6/1992,55.7,71.8,69.9,56.1
Ontario,6/7/1992,57.3,72.1,72.4,54.9
Ontario,6/8/1992,51.5,73.4,72.2,52.2
Ontario,6/9/1992,47.8,71.2,73.2,48.8
Ontario,6/10/1992,46.9,75,75.5,47.8
Ontario,6/11/1992,48.7,80.2,79.8,49.2
Ontario,6/12/1992,52.1,84.2,84,54.8
Ontario,6/13/1992,63.7,87.6,83,56.3
Ontario,6/14/1992,53.2,77.2,77.4,53.9
Ontario,6/15/1992,44.7,67.6,72.1,47.9
Ontario,6/16/1992,45.7,71.4,73.3,46.1
Ontario,6/17/1992,47.8,81,78.3,51
Ontario,6/18/1992,59.4,82.4,77.3,52.3
Ontario,6/19/1992,49.7,68.5,68.1,52
Ontario,6/20/1992,47,53.4,58.2,47.3
Ontario,6/21/1992,45.1,52.8,57.5,45
Ontario,6/22/1992,42.7,66.4,61.9,43.2
Ontario,6/23/1992,41.7,66.6,64.6,44.2
Ontario,6/24/1992,48.3,60.9,66.2,46.3
Ontario,6/25/1992,49.1,71,68.2,48.9
Ontario,6/26/1992,49.4,72.6,73.4,49.3
Ontario,6/27/1992,49.5,76.7,74.7,49.5
Ontario,6/28/1992,49.6,74.9,78.8,51.2
Ontario,6/29/1992,54.7,85,77.8,52.9
Ontario,6/30/1992,54.6,73.4,77.8,52.7
Ontario,7/1/1992,48.8,74.9,72.8,53
Ontario,7/2/1992,55.6,70.1,71.8,52.8
Ontario,7/3/1992,53.9,70.4,72.1,54.9
Ontario,7/4/1992,55.1,75.9,73.6,53.6
Ontario,7/5/1992,51.8,74.5,74.5,52.8
Ontario,7/6/1992,51.5,73.1,75.5,51.7
Ontario,7/7/1992,51.6,78.9,74.4,54.4
Ontario,7/8/1992,60,71.2,76,58.1
Ontario,7/9/1992,62.8,78,74.2,60.5
Ontario,7/10/1992,58.8,73.4,76,60.1
Ontario,7/11/1992,58.8,76.7,73.9,58.4
Ontario,7/12/1992,57.6,71.6,74.4,58.8
Ontario,7/13/1992,60.1,74.8,70.9,58.6
Ontario,7/14/1992,58.1,66.3,71.9,58.7
Ontario,7/15/1992,58,74.6,72.1,56.5
Ontario,7/16/1992,53.4,75.5,73.8,56.9
Ontario,7/17/1992,59.2,71.4,74.9,57.9
Ontario,7/18/1992,61.1,77.9,76.2,60
Ontario,7/19/1992,59.6,79.1,79,58.2
Ontario,7/20/1992,53.9,80,75.3,54.5
Ontario,7/21/1992,50.1,66.7,71.4,49.7
Ontario,7/22/1992,45.1,67.5,68.1,49.8
Ontario,7/23/1992,54.1,70.1,70.5,49.9
Ontario,7/24/1992,50.5,73.8,74.2,52.9
Ontario,7/25/1992,54.1,78.6,75.9,54.8
Ontario,7/26/1992,59.9,75.2,75.7,56.2
Ontario,7/27/1992,54.6,73.2,74.2,56
Ontario,7/28/1992,53.4,74.3,73.3,53.3
Ontario,7/29/1992,51.9,72.5,72.6,51.9
Ontario,7/30/1992,50.3,71,68,51.5
Ontario,7/31/1992,52.2,60.6,69,51.6
Ontario,8/1/1992,52.2,75.3,71.1,54.4
Ontario,8/2/1992,58.8,77.5,75.1,56.6
Ontario,8/3/1992,58.9,72.5,73.2,57.4
Ontario,8/4/1992,54.5,69.8,72.3,54.9
Ontario,8/5/1992,51.3,74.6,74.3,53.1
Ontario,8/6/1992,53.5,78.4,77.2,52.3
Ontario,8/7/1992,52.1,78.5,77.7,55.8
Ontario,8/8/1992,61.6,76.2,74.9,58.8
Ontario,8/9/1992,62.8,69.9,76.3,60.9
Ontario,8/10/1992,58.4,82.7,75.5,58.7
Ontario,8/11/1992,55,73.8,73.8,54
Ontario,8/12/1992,48.4,65,67.2,50.7
Ontario,8/13/1992,48.6,62.7,65.2,48.7
Ontario,8/14/1992,49.1,68,66.6,49.4
Ontario,8/15/1992,50.4,69.2,68.2,52
Ontario,8/16/1992,56.6,67.5,70.2,54.7
Ontario,8/17/1992,57.2,74,72.1,56.2
Ontario,8/18/1992,54.8,74.9,72.8,53.7
Ontario,8/19/1992,49.1,69.5,71.2,50.3
Ontario,8/20/1992,47,69.1,71.8,47.9
Ontario,8/21/1992,47.8,76.7,73.9,48.9
Ontario,8/22/1992,52.1,76,78.1,50.5
Ontario,8/23/1992,51.8,81.5,79.8,54.9
Ontario,8/24/1992,60.7,81.9,82.3,59.1
Ontario,8/25/1992,64.9,83.4,84.1,63.1
Ontario,8/26/1992,63.5,86.9,79.1,63.3
Ontario,8/27/1992,61.4,67,74.1,60.8
Ontario,8/28/1992,57.5,68.3,67.6,58.2
Ontario,8/29/1992,55.6,67.5,70.3,56.5
Ontario,8/30/1992,56.3,75.1,69.9,54.3
Ontario,8/31/1992,51,67.1,70,51.6
Ontario,9/1/1992,47.6,67.8,67.9,48
Ontario,9/2/1992,45.3,68.7,70.7,48.8
Ontario,9/3/1992,53.4,75.8,71.9,49.7
Ontario,9/4/1992,50.4,71.3,73.3,50.1
Ontario,9/5/1992,46.6,72.9,73.9,53.1
Ontario,9/6/1992,62.3,77.6,76.5,57.1
Ontario,9/7/1992,62.5,79,77.8,58.9
Ontario,9/8/1992,52,76.8,74.5,54.1
Ontario,9/9/1992,47.8,67.7,72.5,50.3
Ontario,9/10/1992,51.1,73.1,67.2,47.3
Ontario,9/11/1992,43,60.8,65.2,44.1
Ontario,9/12/1992,38.3,61.7,63.8,41.2
Ontario,9/13/1992,42.4,68.9,68.7,42.7
Ontario,9/14/1992,47.3,75.6,75.1,49.3
Ontario,9/15/1992,58.1,80.6,79.4,56.5
Ontario,9/16/1992,64,82,80.5,62.8
Ontario,9/17/1992,66.4,78.9,78.8,61.5
Ontario,9/18/1992,54.1,75.6,72.5,55.9
Ontario,9/19/1992,47.1,62.9,67.7,47.2
Ontario,9/20/1992,40.4,64.5,65.6,46.2
Ontario,9/21/1992,51,69.5,67.6,46.4
Ontario,9/22/1992,47.6,68.9,63.3,45.4
Ontario,9/23/1992,37.5,51.5,59.2,39.6
Ontario,9/24/1992,33.6,57.2,56.9,36.6
Ontario,9/25/1992,38.7,62.1,60.7,38.7
Ontario,9/26/1992,43.8,62.7,64,44.2
Ontario,9/27/1992,50,67.3,66,46.1
Ontario,9/28/1992,44.6,67.9,62.3,44.6
Ontario,9/29/1992,39.2,51.8,55.9,40
Ontario,9/30/1992,36.3,48,53.6,37.5
Ontario,10/1/1992,37.2,61.1,61.1,39.6
Ontario,10/2/1992,45.5,74.3,67.9,42.1
Ontario,10/3/1992,43.5,68.3,66.8,41.5
Ontario,10/4/1992,35.5,57.9,59.2,37.4
Ontario,10/5/1992,33.2,51.4,55,33.7
Ontario,10/6/1992,32.5,55.6,56,32.8
Ontario,10/7/1992,32.7,61.1,60.4,34.1
Ontario,10/8/1992,37,64.6,63.7,38.5
Ontario,10/9/1992,45.9,65.3,64.9,44
Ontario,10/10/1992,49.2,64.9,63.6,46.4
Ontario,10/11/1992,44.2,60.6,62.4,44.2
Ontario,10/12/1992,39.3,61.6,58.7,39.7
Ontario,10/13/1992,35.7,54.1,54.7,36.4
Ontario,10/14/1992,34.2,48.3,50.9,38.2
Ontario,10/15/1992,44.7,50.4,53.5,39
Ontario,10/16/1992,38.2,61.6,53.1,39.3
Ontario,10/17/1992,35,47.3,51,34.1
Ontario,10/18/1992,29,44,43,30.4
Ontario,10/19/1992,27.1,37.6,40.4,26.7
Ontario,10/20/1992,23.9,39.5,40.8,29
Ontario,10/21/1992,36.1,45.4,43.8,30.9
Ontario,10/22/1992,32.7,46.6,52,34.9
Ontario,10/23/1992,36,64,57,35.9
Ontario,10/24/1992,39,60.4,56.5,35.1
Ontario,10/25/1992,30.2,45,52.4,32.8
Ontario,10/26/1992,29.3,51.9,49.2,30.8
Ontario,10/27/1992,33,50.7,51.7,30.9
Ontario,10/28/1992,30.5,52.5,49.7,32.4
Ontario,10/29/1992,33.8,45.8,46,31.9
Ontario,10/30/1992,31.4,39.6,42.5,32.4
Ontario,10/31/1992,32,42.1,40,29.9
Ontario,11/1/1992,26.2,38.3,42.4,30.5
Ontario,11/2/1992,33.2,46.9,46.5,34.6
Ontario,11/3/1992,44.3,54.1,51.5,38.4
Ontario,11/4/1992,37.8,53.3,49.9,39
Ontario,11/5/1992,34.9,42.1,44.4,32.9
Ontario,11/6/1992,25.9,37.9,37.1,26.8
Ontario,11/7/1992,19.7,31.4,34.9,22.9
Ontario,11/8/1992,23.2,35.5,35.4,21.8
Ontario,11/9/1992,22.6,39.4,41.4,26.9
Ontario,11/10/1992,34.9,49.2,46.5,30.6
Ontario,11/11/1992,34.3,50.9,52.9,34.1
Ontario,11/12/1992,33.1,58.6,50.4,33.2
Ontario,11/13/1992,32.2,41.8,46.1,30.3
Ontario,11/14/1992,25.7,37.8,37.6,26.5
Ontario,11/15/1992,21.5,33.2,35.5,22.5
Ontario,11/16/1992,20.2,35.5,34.7,23.8
Ontario,11/17/1992,29.7,35.3,34.9,23.3
Ontario,11/18/1992,20.1,34,34.5,22.4
Ontario,11/19/1992,17.4,34.3,35.9,21.3
Ontario,11/20/1992,26.5,39.5,43.1,26.7
Ontario,11/21/1992,36.1,55.4,47.9,33.9
Ontario,11/22/1992,39.2,48.8,48.2,37
Ontario,11/23/1992,35.6,40.5,43.3,36.5
Ontario,11/24/1992,34.7,40.7,41.9,35.9
Ontario,11/25/1992,37.4,44.3,45.5,37.3
Ontario,11/26/1992,39.7,51.4,45.8,38.3
Ontario,11/27/1992,37.8,41.6,44.4,37.2
Ontario,11/28/1992,34.2,40.2,39.6,34.4
Ontario,11/29/1992,31.1,36.9,38.5,32.2
Ontario,11/30/1992,31.2,38.3,37.8,31.2
Ontario,12/1/1992,31.4,38.1,38,31.9
Ontario,12/2/1992,33.1,37.6,36.9,31.2
Ontario,12/3/1992,29,35,35.7,29.6
Ontario,12/4/1992,26.6,34.5,32.8,24.5
Ontario,12/5/1992,17.8,28.9,31,20.7
Ontario,12/6/1992,17.7,29.7,30.6,20.9
Ontario,12/7/1992,27.2,33.2,30.3,20.9
Ontario,12/8/1992,17.7,27.9,29.4,20.6
Ontario,12/9/1992,16.8,27.1,29.2,19.4
Ontario,12/10/1992,23.6,32.5,30.6,23
Ontario,12/11/1992,28.6,32.2,32.1,24
Ontario,12/12/1992,20,31.7,31.4,21.5
Ontario,12/13/1992,15.9,30.4,32.5,14.9
Ontario,12/14/1992,8.7,35.4,35.6,17.8
Ontario,12/15/1992,28.7,40.8,40.6,23.5
Ontario,12/16/1992,33.2,45.7,41.7,31.7
Ontario,12/17/1992,33.2,38.6,39.3,31.2
Ontario,12/18/1992,27.2,33.7,37.8,29.8
Ontario,12/19/1992,28.8,41.2,37.8,26.4
Ontario,12/20/1992,23.1,38.4,36.4,23.2
Ontario,12/21/1992,17.7,29.6,34.8,21.7
Ontario,12/22/1992,24.5,36.3,34.5,21.9
Ontario,12/23/1992,23.6,37.4,30.9,18.1
Ontario,12/24/1992,6.3,19,29.1,13.7
Ontario,12/25/1992,11.2,30.8,23,8.3
Ontario,12/26/1992,7.4,19.1,26,7
Ontario,12/27/1992,2.4,28.1,28.7,10.1
Ontario,12/28/1992,20.4,38.9,35.2,18.6
Ontario,12/29/1992,33.2,38.5,38.4,28.7
Ontario,12/30/1992,32.7,37.9,40,31.3
Ontario,12/31/1992,28.1,43.5,35.4,24.8
Ontario,1/1/1993,13.8,24.9,31.3,19.3
Ontario,1/2/1993,16.1,25.7,31.7,17.4
Ontario,1/3/1993,22.4,44.4,40.8,26.7
Ontario,1/4/1993,41.6,52.3,48.4,30.7
Ontario,1/5/1993,28.1,48.5,44.3,31.3
Ontario,1/6/1993,24.1,32.2,37.2,25.7
Ontario,1/7/1993,24.8,31.1,30.6,22.3
Ontario,1/8/1993,17.9,28.6,26.3,17.4
Ontario,1/9/1993,9.3,19.2,21.2,11.4
Ontario,1/10/1993,6.9,16,19.9,9.6
Ontario,1/11/1993,12.5,24.5,22.4,11.9
Ontario,1/12/1993,16.4,26.7,25,15.4
Ontario,1/13/1993,17.4,23.6,23.7,14.5
Ontario,1/14/1993,9.8,20.6,24.2,15
Ontario,1/15/1993,17.7,28.4,25.5,16.2
Ontario,1/16/1993,21.1,27.3,29,18.2
Ontario,1/17/1993,15.7,31.1,26.7,13.8
Ontario,1/18/1993,4.5,21.6,27.8,10.7
Ontario,1/19/1993,11.9,30.6,28.6,8.8
Ontario,1/20/1993,10.1,33.5,34,10.8
Ontario,1/21/1993,10.6,38,36.9,17
Ontario,1/22/1993,30.3,39.2,38.4,24.4
Ontario,1/23/1993,32.3,38,39.5,29.7
Ontario,1/24/1993,26.6,41.4,35.5,25.1
Ontario,1/25/1993,16.3,27.1,34,18.8
Ontario,1/26/1993,13.4,33.4,31.5,12.4
Ontario,1/27/1993,7.7,34.1,33.6,9.4
Ontario,1/28/1993,7.1,33.1,31.1,8.2
Ontario,1/29/1993,9.9,25.9,26.1,7.2
Ontario,1/30/1993,4.6,19.3,27,6.5
Ontario,1/31/1993,5.1,35.9,22.3,2.6
Ontario,2/1/1993,-1.9,11.8,24.9,-0.3
Ontario,2/2/1993,-4.2,27,25.4,5.9
Ontario,2/3/1993,23.7,37.3,32.7,12.4
Ontario,2/4/1993,17.7,33.9,36.1,16.5
Ontario,2/5/1993,8,37,26.1,5.7
Ontario,2/6/1993,-8.5,7.5,24,-1.1
Ontario,2/7/1993,-2.8,27.6,20.8,-0.4
Ontario,2/8/1993,10.2,27.3,27.6,3.3
Ontario,2/9/1993,2.5,27.9,30.5,12.1
Ontario,2/10/1993,23.6,36.3,29.4,10.5
Ontario,2/11/1993,5.5,24.2,30.1,12.9
Ontario,2/12/1993,9.4,29.8,26.9,11.8
Ontario,2/13/1993,20.4,26.7,28.4,15.3
Ontario,2/14/1993,16.1,28.8,29.2,18.6
Ontario,2/15/1993,19.2,32,30.3,18.1
Ontario,2/16/1993,19.2,30.2,28.8,15.7
Ontario,2/17/1993,8.7,24,22.4,9.6
Ontario,2/18/1993,0.9,13.1,17.8,2.3
Ontario,2/19/1993,-2.7,16.4,18.2,-0.5
Ontario,2/20/1993,0.4,25,21.1,0.2
Ontario,2/21/1993,2.9,21.9,23,4.2
Ontario,2/22/1993,9.5,22,20.6,5.2
Ontario,2/23/1993,3.1,18,18.2,3.8
Ontario,2/24/1993,-1.2,14.6,18.1,-1.8
Ontario,2/25/1993,-7.2,21.8,19.9,-4
Ontario,2/26/1993,-3.5,23.5,24.5,-3.9
Ontario,2/27/1993,-1,28.3,26.6,-3
Ontario,2/28/1993,-4.5,28.1,29.4,3.4
Ontario,3/1/1993,15.6,31.9,33.4,9.3
Ontario,3/2/1993,16.8,40.3,37.1,18.4
Ontario,3/3/1993,22.8,39,38.3,20.9
Ontario,3/4/1993,23,35.4,35.3,24.1
Ontario,3/5/1993,26.5,31.4,33.8,22.3
Ontario,3/6/1993,17.4,34.4,34.6,19.8
Ontario,3/7/1993,15.5,38,36.6,20.9
Ontario,3/8/1993,29.7,37.2,36.6,20.9
Ontario,3/9/1993,17.5,34.4,33.2,20.5
Ontario,3/10/1993,14.2,27.9,30.7,14
Ontario,3/11/1993,10.3,29.9,26.3,7.3
Ontario,3/12/1993,-2.5,21.3,24.1,-2.3
Ontario,3/13/1993,-14.8,21.2,18.4,-5.3
Ontario,3/14/1993,1.5,12.8,20.1,-4.2
Ontario,3/15/1993,0.7,26.4,25.9,7.9
Ontario,3/16/1993,21.5,38.4,33.9,10
Ontario,3/17/1993,7.8,36.8,31.8,9.8
Ontario,3/18/1993,0.3,20.1,29.3,3.5
Ontario,3/19/1993,2.5,31,29.1,8.7
Ontario,3/20/1993,23.2,36.3,34.7,17.8
Ontario,3/21/1993,27.8,37,36.3,24.8
Ontario,3/22/1993,23.3,35.8,36.2,23.6
Ontario,3/23/1993,19.7,35.9,38,24.8
Ontario,3/24/1993,31.5,42.4,40.4,25.7
Ontario,3/25/1993,25.9,43,44.2,27.9
Ontario,3/26/1993,26.2,47,47.8,26
Ontario,3/27/1993,25.7,53.4,52.7,27.8
Ontario,3/28/1993,31.5,57.8,56.5,31.6
Ontario,3/29/1993,37.5,58.2,59.1,35
Ontario,3/30/1993,36.2,61.3,55.4,35.1
Ontario,3/31/1993,31.7,46.7,47.7,32.9
Ontario,4/1/1993,30.8,35,38.8,30.9
Ontario,4/2/1993,30.2,34.7,34.8,29.6
Ontario,4/3/1993,27.7,34.7,38.2,29.3
Ontario,4/4/1993,29.9,45.1,43.4,27.9
Ontario,4/5/1993,26,50.3,50.6,28.7
Ontario,4/6/1993,30.2,56.3,55,28
Ontario,4/7/1993,27.9,58.4,57.9,32
Ontario,4/8/1993,38.1,59,60,35.8
Ontario,4/9/1993,41.5,62.5,57.6,40
Ontario,4/10/1993,40.4,51.4,53.2,38.3
Ontario,4/11/1993,33,45.6,48.6,35.5
Ontario,4/12/1993,33.1,48.9,49.3,32.3
Ontario,4/13/1993,30.7,53.4,51.2,30.8
Ontario,4/14/1993,28.5,51.4,54.8,33.7
Ontario,4/15/1993,41.7,59.8,57.1,37.7
Ontario,4/16/1993,43,60.3,57.2,40.3
Ontario,4/17/1993,36.3,51.6,55.5,36.5
Ontario,4/18/1993,30.3,54.5,53.3,34.3
Ontario,4/19/1993,36.3,53.8,56.2,34.2
Ontario,4/20/1993,36.1,60.5,53.6,35.6
Ontario,4/21/1993,34.3,46.6,52.7,33.9
Ontario,4/22/1993,31.4,51.1,51.6,34.6
Ontario,4/23/1993,38,57.2,53.7,34.4
Ontario,4/24/1993,33.6,52.7,56.9,37.4
Ontario,4/25/1993,40.4,60.9,52.6,35.5
Ontario,4/26/1993,32.6,44.3,51.8,33.6
Ontario,4/27/1993,27.8,50.1,51.1,31.4
Ontario,4/28/1993,33.7,58.8,57.2,34.7
Ontario,4/29/1993,42.7,62.7,63.6,41
Ontario,4/30/1993,46.6,69.3,65.3,43.2
Ontario,5/1/1993,40.4,63.9,64.6,42.7
Ontario,5/2/1993,41,60.6,65.6,42.6
Ontario,5/3/1993,46.5,72.2,66.9,47.2
Ontario,5/4/1993,53.9,67.9,69.6,51.7
Ontario,5/5/1993,54.8,68.7,69.4,52.5
Ontario,5/6/1993,48.6,71.4,66.9,48.7
Ontario,5/7/1993,42.8,60.7,65.7,42.7
Ontario,5/8/1993,36.8,65.1,67.3,41.4
Ontario,5/9/1993,44.5,76.1,74,44.2
Ontario,5/10/1993,51.2,80.9,79.6,49.5
Ontario,5/11/1993,52.8,81.9,79.1,48
Ontario,5/12/1993,40.1,74.6,70.4,43.5
Ontario,5/13/1993,37.7,54.7,62.3,38.4
Ontario,5/14/1993,37.5,57.8,60.8,39.3
Ontario,5/15/1993,42.7,69.8,62.3,39.7
Ontario,5/16/1993,38.8,59.3,61.8,38.8
Ontario,5/17/1993,34.9,56.2,57.5,35.1
Ontario,5/18/1993,31.7,57.1,56.3,35.1
Ontario,5/19/1993,38.8,55.6,57.3,36
Ontario,5/20/1993,37.4,59,58.1,38.5
Ontario,5/21/1993,39.3,59.7,59.8,38
Ontario,5/22/1993,37.3,60.6,61.1,39
Ontario,5/23/1993,40.3,63,64.5,41.9
Ontario,5/24/1993,48.2,69.7,64.3,44.4
Ontario,5/25/1993,44.8,60.3,66.6,44.5
Ontario,5/26/1993,40.5,69.7,64,42
Ontario,5/27/1993,40.8,62.1,67.3,42.5
Ontario,5/28/1993,46.3,70.1,64.7,43.2
Ontario,5/29/1993,42.5,61.7,65.6,42.5
Ontario,5/30/1993,38.7,65.1,63,42.1
Ontario,5/31/1993,45,62.3,61.9,42.8
Ontario,6/1/1993,44.6,58.4,62,44.4
Ontario,6/2/1993,43.6,65.2,63.6,44.7
Ontario,6/3/1993,46.1,67.3,65.4,44
Ontario,6/4/1993,42.5,63.7,62.8,45.2
Ontario,6/5/1993,47,57.5,63.8,46.4
Ontario,6/6/1993,49.7,70.2,65.9,49.7
Ontario,6/7/1993,52.5,69.8,68.3,51.2
Ontario,6/8/1993,51.4,65,71.2,51.8
Ontario,6/9/1993,51.4,78.9,72.8,53.8
Ontario,6/10/1993,58.7,74.6,75.5,54.7
Ontario,6/11/1993,54.2,73,74.3,54.5
Ontario,6/12/1993,50.6,75.3,75.9,52.2
Ontario,6/13/1993,51.7,79.5,78.2,52.7
Ontario,6/14/1993,55.7,79.8,79.2,52.8
Ontario,6/15/1993,50.9,78.3,75.8,51.6
Ontario,6/16/1993,48.1,69.4,74.3,51.3
Ontario,6/17/1993,55,75.2,75.3,54.1
Ontario,6/18/1993,59.1,81.4,74.8,58.2
Ontario,6/19/1993,60.6,67.8,72.9,59
Ontario,6/20/1993,57.4,69.6,70.9,59
Ontario,6/21/1993,59,75.4,71.8,56.6
Ontario,6/22/1993,53.3,70.6,73,53.3
Ontario,6/23/1993,47.7,73,74,49.2
Ontario,6/24/1993,46.4,78.5,78.1,50.8
Ontario,6/25/1993,58.2,82.8,80.3,55.7
Ontario,6/26/1993,62.3,79.7,80.8,59.8
Ontario,6/27/1993,58.7,80,78.1,58.3
Ontario,6/28/1993,53.9,74.7,75.7,54.5
Ontario,6/29/1993,51,72.5,73.1,52.2
Ontario,6/30/1993,51.7,72,73.3,51.1
Ontario,7/1/1993,50.7,75.3,74.7,55
Ontario,7/2/1993,62.6,76.8,78.9,58.4
Ontario,7/3/1993,61.9,84.6,80.4,61.1
Ontario,7/4/1993,58.8,79.7,83.9,60.7
Ontario,7/5/1993,61.5,87.4,85.4,62.4
Ontario,7/6/1993,66.8,89,88,65.6
Ontario,7/7/1993,68.5,87.5,88.5,68.2
Ontario,7/8/1993,69.1,89.2,88.9,68.8
Ontario,7/9/1993,68.6,89.9,88.2,67.9
Ontario,7/10/1993,65.9,85.5,87.1,65.6
Ontario,7/11/1993,62.2,85.7,84,62.9
Ontario,7/12/1993,60.5,80.7,82.6,60.5
Ontario,7/13/1993,59,81.4,78.9,59.7
Ontario,7/14/1993,59.6,74.7,77.9,58.1
Ontario,7/15/1993,55.6,77.6,77.2,56.4
Ontario,7/16/1993,53.9,79.2,77.8,55.8
Ontario,7/17/1993,57.8,76.7,78.1,55
Ontario,7/18/1993,53.2,78.5,76,56.2
Ontario,7/19/1993,57.7,72.7,76,56.2
Ontario,7/20/1993,57.7,76.9,74.8,57.5
Ontario,7/21/1993,57,74.9,75.3,56.4
Ontario,7/22/1993,54.5,74.3,76.2,55.4
Ontario,7/23/1993,54.6,79.3,77.8,54.4
Ontario,7/24/1993,54.1,79.9,79.9,55.3
Ontario,7/25/1993,57.1,80.3,82.1,58.3
Ontario,7/26/1993,63.6,86,81.6,61.6
Ontario,7/27/1993,64.1,78.4,82.5,64.1
Ontario,7/28/1993,64.6,82.9,80.1,62.9
Ontario,7/29/1993,59.9,79.1,78.2,61.2
Ontario,7/30/1993,59.2,72.7,77.7,59.9
Ontario,7/31/1993,60.6,81.2,77.9,58.4
Ontario,8/1/1993,55.4,79.8,81.4,59.2
Ontario,8/2/1993,61.5,83.3,81.4,58.7
Ontario,8/3/1993,59.2,81,79.5,58.1
Ontario,8/4/1993,53.4,74.2,75.8,54.4
Ontario,8/5/1993,50.7,72.1,73.2,50.9
Ontario,8/6/1993,48.6,73.4,71.5,51.7
Ontario,8/7/1993,55.6,69.1,72.9,52.4
Ontario,8/8/1993,53,76.1,74.7,53.8
Ontario,8/9/1993,52.7,78.9,79.1,56
Ontario,8/10/1993,62.4,82.4,81.2,59.3
Ontario,8/11/1993,62.9,82.3,82.8,61.5
Ontario,8/12/1993,59.1,83.8,84.2,61.1
Ontario,8/13/1993,61.3,86.5,85.7,60.1
Ontario,8/14/1993,59.9,86.9,85.4,61.2
Ontario,8/15/1993,62.5,82.9,82,62.6
Ontario,8/16/1993,65.4,76.2,80.9,64.2
Ontario,8/17/1993,64.6,83.7,81.1,64.8
Ontario,8/18/1993,64.4,83.5,83.1,64
Ontario,8/19/1993,62.8,82.1,82.4,61.5
Ontario,8/20/1993,57.4,81.4,77.9,56.9
Ontario,8/21/1993,50.5,70.2,75,51.3
Ontario,8/22/1993,46,73.4,73,48.7
Ontario,8/23/1993,49.7,75.3,78.1,54
Ontario,8/24/1993,66.3,85.6,83.1,60.7
Ontario,8/25/1993,66,88.5,87.6,64.7
Ontario,8/26/1993,61.7,88.7,90.1,65.6
Ontario,8/27/1993,69,93.1,87.2,63.9
Ontario,8/28/1993,60.9,79.7,82.5,61.9
Ontario,8/29/1993,55.9,74.6,77.5,59.2
Ontario,8/30/1993,60.9,78.2,78.7,57
Ontario,8/31/1993,54.2,83.1,78.9,56.5
Ontario,9/1/1993,54.3,75.2,78.3,52.7
Ontario,9/2/1993,49.6,76.4,75.2,55.7
Ontario,9/3/1993,63,73.8,74.4,57.2
Ontario,9/4/1993,58.9,73,73.5,58.1
Ontario,9/5/1993,52.4,73.7,70.3,54
Ontario,9/6/1993,50.7,64.2,68.7,49.6
Ontario,9/7/1993,45.7,68.2,67.8,47.4
Ontario,9/8/1993,45.8,71.2,70.4,46.6
Ontario,9/9/1993,48.2,71.9,68.4,47.3
Ontario,9/10/1993,48,62.2,64.8,46.7
Ontario,9/11/1993,44,60.2,63.7,45.2
Ontario,9/12/1993,43.8,68.5,70.4,49.7
Ontario,9/13/1993,61.5,82.4,78.5,57.7
Ontario,9/14/1993,67.8,84.7,81.3,59
Ontario,9/15/1993,47.6,76.8,73.8,52.2
Ontario,9/16/1993,41.3,59.9,66.4,45.3
Ontario,9/17/1993,47.1,62.5,62.8,47.3
Ontario,9/18/1993,53.6,66.2,62,45.9
Ontario,9/19/1993,37.1,57.4,59.7,40.6
Ontario,9/20/1993,31.1,55.4,58.8,33.7
Ontario,9/21/1993,32.9,63.5,61.7,32.3
Ontario,9/22/1993,32.9,66.2,65,37.3
Ontario,9/23/1993,46.1,65.2,65.8,39.8
Ontario,9/24/1993,40.3,65.9,65.8,43
Ontario,9/25/1993,42.5,66.2,63.4,42.2
Ontario,9/26/1993,43.7,58.1,61.1,44.8
Ontario,9/27/1993,48.3,59,57.5,45
Ontario,9/28/1993,42.9,55.4,55.2,41.7
Ontario,9/29/1993,34,51.2,51.6,36.9
Ontario,9/30/1993,33.8,48.2,51.6,31.2
Ontario,10/1/1993,25.7,55.4,53.6,32.1
Ontario,10/2/1993,36.7,57.3,57.3,32.4
Ontario,10/3/1993,34.8,59.1,58,35.8
Ontario,10/4/1993,35.9,57.6,57,34.4
Ontario,10/5/1993,32.6,54.3,57.1,34.8
Ontario,10/6/1993,35.8,59.3,63.2,40.3
Ontario,10/7/1993,52.5,76,70.5,46.7
Ontario,10/8/1993,51.6,76.1,71.4,45.7
Ontario,10/9/1993,32.8,62,58.8,38.5
Ontario,10/10/1993,31.1,38.3,49.2,27.8
Ontario,10/11/1993,19.4,47.3,46.2,27.5
Ontario,10/12/1993,31.9,53.1,48.4,26.3
Ontario,10/13/1993,27.5,44.8,48.9,27.7
Ontario,10/14/1993,23.6,49,49.6,27.5
Ontario,10/15/1993,31.3,54.9,54.6,32.6
Ontario,10/16/1993,42.9,59.8,58.5,42.6
Ontario,10/17/1993,53.6,60.8,57.9,44.9
Ontario,10/18/1993,38.1,53,54,41.5
Ontario,10/19/1993,32.9,48.2,52,35.3
Ontario,10/20/1993,35.1,54.9,55.4,36.4
Ontario,10/21/1993,41.2,63.2,55.2,37.5
Ontario,10/22/1993,36.3,47.4,54.2,36.5
Ontario,10/23/1993,32,51.9,54.9,36.2
Ontario,10/24/1993,40.2,65.5,55.3,36.3
Ontario,10/25/1993,36.7,48.4,57.1,36.4
Ontario,10/26/1993,32.4,57.6,51.7,35.5
Ontario,10/27/1993,37.4,49.1,51.6,35.3
Ontario,10/28/1993,36,48.1,49.1,35.3
Ontario,10/29/1993,32.6,50.1,47.6,35.3
Ontario,10/30/1993,37.4,44.6,44.3,34.2
Ontario,10/31/1993,32.6,38.3,40.4,33
Ontario,11/1/1993,29,38.5,39.7,29
Ontario,11/2/1993,25.4,42.4,42.2,29.3
Ontario,11/3/1993,33.7,45.5,45.8,32.6
Ontario,11/4/1993,38.6,49.3,50.6,37.9
Ontario,11/5/1993,41.5,57,48.8,36.4
Ontario,11/6/1993,29,40.1,44.6,32.8
Ontario,11/7/1993,27.8,36.7,41.1,27.9
Ontario,11/8/1993,26.8,46.6,44.7,27.7
Ontario,11/9/1993,28.6,50.7,47.7,27.3
Ontario,11/10/1993,26.4,45.7,49.1,29.5
Ontario,11/11/1993,33.4,50.8,46.1,30.2
Ontario,11/12/1993,30.8,41.9,49.9,31.4
Ontario,11/13/1993,29.9,57,52.6,35.2
Ontario,11/14/1993,45,58.8,54.1,37.4
Ontario,11/15/1993,37.4,46.4,49.3,39.6
Ontario,11/16/1993,36.5,42.5,43.9,33.8
Ontario,11/17/1993,27.5,42.8,43.3,31.2
Ontario,11/18/1993,29.7,44.5,44.4,29.8
Ontario,11/19/1993,32.2,45.8,41.7,28.9
Ontario,11/20/1993,24.8,34.8,43,27.6
Ontario,11/21/1993,25.8,48.3,44.9,28.3
Ontario,11/22/1993,34.4,51.5,45.8,30.9
Ontario,11/23/1993,32.5,37.6,41.7,28.4
Ontario,11/24/1993,18.2,36,34.2,21
Ontario,11/25/1993,12.3,29.1,34.3,17.2
Ontario,11/26/1993,21,37.9,37,22.6
Ontario,11/27/1993,34.4,44.1,40.7,28.2
Ontario,11/28/1993,29.2,40.1,40.3,30.6
Ontario,11/29/1993,28.1,36.6,34.1,26.5
Ontario,11/30/1993,22.1,25.7,33.4,23.2
Ontario,12/1/1993,19.3,37.9,36.5,23.7
Ontario,12/2/1993,29.7,46,43.1,27.4
Ontario,12/3/1993,33.1,45.4,43.8,31.8
Ontario,12/4/1993,32.6,40.1,41.5,33.2
Ontario,12/5/1993,34,38.9,39.2,33.5
Ontario,12/6/1993,33.8,38.5,38.2,32.2
Ontario,12/7/1993,28.9,37.3,38.3,29.3
Ontario,12/8/1993,25.2,39.2,40,28.5
Ontario,12/9/1993,31.3,43.6,43.9,26.4
Ontario,12/10/1993,22.7,48.9,39.9,22.3
Ontario,12/11/1993,13.1,27.1,36,15.5
Ontario,12/12/1993,10.7,31.9,32.8,14
Ontario,12/13/1993,18.3,39.3,37.8,17.5
Ontario,12/14/1993,23.5,42.1,43.1,24.3
Ontario,12/15/1993,31.2,48,42.5,26.3
Ontario,12/16/1993,24.2,37.5,39.9,24.2
Ontario,12/17/1993,17,34.1,37,22.7
Ontario,12/18/1993,26.8,39.3,37.5,24.6
Ontario,12/19/1993,30,39.2,38.6,29.4
Ontario,12/20/1993,31.3,37.2,37.5,30.3
Ontario,12/21/1993,29.6,36,33.3,27.4
Ontario,12/22/1993,21.2,26.6,26.4,18
Ontario,12/23/1993,3.2,16.4,22.8,11.3
Ontario,12/24/1993,9.5,25.5,20.9,7
Ontario,12/25/1993,8.1,20.8,18.5,4
Ontario,12/26/1993,-5.6,9.2,13.5,-1.9
Ontario,12/27/1993,-8.1,10.4,11.4,-4.1
Ontario,12/28/1993,1.6,14.7,15.7,-1.4
Ontario,12/29/1993,2.2,22,18.2,4.1
Ontario,12/30/1993,8.6,17.8,23.3,7.5
Ontario,12/31/1993,11.5,29.9,28.2,15.4
Ontario,1/1/1994,26.1,36.8,33.7,14.1
Ontario,1/2/1994,4.8,34.2,28,9.9
Ontario,1/3/1994,-1.1,13,21.7,4.4
Ontario,1/4/1994,9.6,18,16.4,2.7
Ontario,1/5/1994,-0.4,18.1,14,1.9
Ontario,1/6/1994,-3.4,5.8,10.4,-2
Ontario,1/7/1994,-2.1,7.1,9.1,-2.5
Ontario,1/8/1994,-2,14.5,10.1,-3.9
Ontario,1/9/1994,-7.6,8.8,14.6,-7.5
Ontario,1/10/1994,-13,20.6,20.9,-4.1
Ontario,1/11/1994,8.2,33.3,28,-0.8
Ontario,1/12/1994,2.4,30.1,31.7,9
Ontario,1/13/1994,16.4,31.7,27.1,5
Ontario,1/14/1994,-3.8,19.4,15.4,-1.9
Ontario,1/15/1994,-18.1,-4.9,7.8,-15.2
Ontario,1/16/1994,-23.7,9,8,-14.8
Ontario,1/17/1994,-2.7,20,11,-10.7
Ontario,1/18/1994,-5.8,3.9,7.1,-7.5
Ontario,1/19/1994,-14,-2.5,2.9,-10.8
Ontario,1/20/1994,-12.6,7.4,7,-9.6
Ontario,1/21/1994,-2.4,16.1,14.6,-2.4
Ontario,1/22/1994,7.7,20.2,22.7,4.3
Ontario,1/23/1994,7.5,31.8,28.3,10.3
Ontario,1/24/1994,15.6,33,27.7,7.7
Ontario,1/25/1994,-0.2,18.3,17.3,1.4
Ontario,1/26/1994,-11.2,0.4,17.2,-7.2
Ontario,1/27/1994,-10.2,32.8,24.8,-0.9
Ontario,1/28/1994,18.6,41.1,32.5,5.3
Ontario,1/29/1994,7.7,23.6,23.5,6.5
Ontario,1/30/1994,-6.7,5.9,13.5,-3.6
Ontario,1/31/1994,-11.8,11,10,-8
Ontario,2/1/1994,-5.6,13,15.7,-6.7
Ontario,2/2/1994,-2.7,23.2,19.9,-0.7
Ontario,2/3/1994,6.3,23.5,23.2,4.6
Ontario,2/4/1994,10.2,22.9,24.8,8.2
Ontario,2/5/1994,8.2,28,25.5,8.6
Ontario,2/6/1994,7.4,25.6,21.7,5.8
Ontario,2/7/1994,1.8,11.3,14.1,1.3
Ontario,2/8/1994,-5.3,5.5,7.2,-3.3
Ontario,2/9/1994,-6.3,4.9,6.8,-8.2
Ontario,2/10/1994,-13,10,10.6,-7.8
Ontario,2/11/1994,-4,17,17.7,-7.4
Ontario,2/12/1994,-5.1,26,23.3,0.2
Ontario,2/13/1994,9.6,27,23.6,1.7
Ontario,2/14/1994,0.6,17.8,25.6,5.9
Ontario,2/15/1994,7.3,32,25.7,7.5
Ontario,2/16/1994,14.5,27.3,33.1,13.3
Ontario,2/17/1994,18,40.2,36.1,17.2
Ontario,2/18/1994,19,40.9,45.3,21.5
Ontario,2/19/1994,27.5,54.8,50.3,27.2
Ontario,2/20/1994,35.1,55.1,48.7,29.4
Ontario,2/21/1994,25.6,36.1,38,25.8
Ontario,2/22/1994,16.7,22.9,29.1,18
Ontario,2/23/1994,11.8,28.3,27.6,13.7
Ontario,2/24/1994,12.5,31.5,26.1,10.5
Ontario,2/25/1994,7.1,18.5,21,6.9
Ontario,2/26/1994,1,12.9,15.7,2.3
Ontario,2/27/1994,-1.2,15.7,17.1,0.5
Ontario,2/28/1994,1.6,22.8,22.2,2.9
Ontario,3/1/1994,8.2,28.2,27.4,6.8
Ontario,3/2/1994,10.7,31.2,32,11
Ontario,3/3/1994,14.1,36.6,35.4,15.5
Ontario,3/4/1994,21.8,38.3,36.8,20
Ontario,3/5/1994,24.1,35.5,35.6,21.8
Ontario,3/6/1994,19.4,33,36.5,24.1
Ontario,3/7/1994,28.8,41.2,37,24
Ontario,3/8/1994,23.8,36.9,35.6,23.9
Ontario,3/9/1994,19.1,28.7,32.8,19.9
Ontario,3/10/1994,16.8,32.9,30.5,16.8
Ontario,3/11/1994,14.4,29.9,33.5,12.2
Ontario,3/12/1994,5.4,37.6,34.9,13.8
Ontario,3/13/1994,21.6,37.3,37.1,16.2
Ontario,3/14/1994,21.4,36.5,38.4,22.8
Ontario,3/15/1994,25.2,41.6,35.3,21.1
Ontario,3/16/1994,16.6,27.7,31.9,18.3
Ontario,3/17/1994,13.1,26.5,27.9,16.7
Ontario,3/18/1994,20.5,29.4,29.8,18
Ontario,3/19/1994,20.3,33.5,35.2,20.6
Ontario,3/20/1994,20.9,42.6,38.2,23.1
Ontario,3/21/1994,28.1,38.5,44.3,27.4
Ontario,3/22/1994,33.1,51.6,49.2,32.1
Ontario,3/23/1994,35,57.4,55.7,33.3
Ontario,3/24/1994,31.8,58.2,50.7,31.3
Ontario,3/25/1994,27,36.5,44.4,27.6
Ontario,3/26/1994,24.1,38.6,37.3,26.8
Ontario,3/27/1994,29.3,37,39.6,28.7
Ontario,3/28/1994,32.8,43.1,39.6,31.1
Ontario,3/29/1994,31.4,38.6,40.9,29.3
Ontario,3/30/1994,23.6,41,41.6,27.7
Ontario,3/31/1994,28,45.2,45.1,28
Ontario,4/1/1994,32.3,48.9,51.8,29.7
Ontario,4/2/1994,28.8,61.1,50.5,30.1
Ontario,4/3/1994,29.1,41.5,51.1,28.7
Ontario,4/4/1994,28.1,50.8,47.5,29.2
Ontario,4/5/1994,30.4,50.1,44.7,29.1
Ontario,4/6/1994,28.8,33.3,40.2,28.1
Ontario,4/7/1994,25.2,37,37.9,24.6
Ontario,4/8/1994,19.6,43.3,46.9,25.7
Ontario,4/9/1994,32.3,60.5,53.3,28.5
Ontario,4/10/1994,33.6,56.3,55.2,32.5
Ontario,4/11/1994,31.7,48.8,51.2,32.2
Ontario,4/12/1994,31.3,48.4,51.5,34
Ontario,4/13/1994,39.1,57.1,55.3,37.4
Ontario,4/14/1994,41.8,60.3,62.6,44.2
Ontario,4/15/1994,51.5,70.3,62.1,43.1
Ontario,4/16/1994,35.9,55.8,58,40.5
Ontario,4/17/1994,34.1,47.8,53.5,34.5
Ontario,4/18/1994,33.5,57,54.6,34.6
Ontario,4/19/1994,36.3,59.1,55.2,34.1
Ontario,4/20/1994,32.5,49.6,52.7,33.1
Ontario,4/21/1994,30.6,49.5,50.2,30.4
Ontario,4/22/1994,28,51.5,54.5,29.5
Ontario,4/23/1994,30,62.7,63.2,35.7
Ontario,4/24/1994,49.1,75.4,67.1,41.7
Ontario,4/25/1994,46,63.4,66.9,46.5
Ontario,4/26/1994,44.5,61.8,66.1,42.6
Ontario,4/27/1994,37.4,73.2,58.9,38.2
Ontario,4/28/1994,32.6,41.7,59.6,35.8
Ontario,4/29/1994,37.3,63.9,51.2,35.5
Ontario,4/30/1994,36.5,47.9,53,36.5
Ontario,5/1/1994,35.7,47.4,49.4,35.4
Ontario,5/2/1994,34.1,53.1,52.8,34.1
Ontario,5/3/1994,32.5,57.9,57.4,33.6
Ontario,5/4/1994,34.2,61.2,59.9,37.8
Ontario,5/5/1994,46.6,60.5,58.8,39.6
Ontario,5/6/1994,38.1,54.7,57.6,41.4
Ontario,5/7/1994,39.6,57.6,58.9,40.3
Ontario,5/8/1994,43.1,64.5,61.3,42
Ontario,5/9/1994,43.4,61.8,62.1,42.8
Ontario,5/10/1994,41.9,60.1,61.2,41
Ontario,5/11/1994,37.6,61.7,60.7,39.4
Ontario,5/12/1994,38.8,60.2,59.9,36.6
Ontario,5/13/1994,33.5,57.7,60.8,35.8
Ontario,5/14/1994,35,64.4,59.7,36.8
Ontario,5/15/1994,42,56.9,58.7,39.7
Ontario,5/16/1994,42,54.7,56.6,41.5
Ontario,5/17/1994,40.5,58.3,57.5,41.2
Ontario,5/18/1994,41,59.5,60.7,42.1
Ontario,5/19/1994,44.9,64.4,65.4,42.6
Ontario,5/20/1994,41.9,72.2,71.3,45
Ontario,5/21/1994,48.2,77.3,77.6,48.3
Ontario,5/22/1994,54.7,83.3,78.6,51.2
Ontario,5/23/1994,50.7,75.1,75.8,50.7
Ontario,5/24/1994,46.6,69,69.8,49.1
Ontario,5/25/1994,50,65.3,63,44.7
Ontario,5/26/1994,37.4,54.7,59.8,40.8
Ontario,5/27/1994,35,59.5,59.6,38.3
Ontario,5/28/1994,42.4,64.6,66.3,41.5
Ontario,5/29/1994,47.1,74.8,73.2,48
Ontario,5/30/1994,54.5,80.2,78.9,53.3
Ontario,5/31/1994,58.4,81.8,74.9,52.7
Ontario,6/1/1994,45.1,62.7,68.5,48.2
Ontario,6/2/1994,41,61.2,65.8,43.3
Ontario,6/3/1994,43.7,73.4,69.6,43.4
Ontario,6/4/1994,45.4,74.1,74.7,45.8
Ontario,6/5/1994,48.1,76.7,76.2,49.6
Ontario,6/6/1994,55.3,77.9,75.8,51.8
Ontario,6/7/1994,52,72.8,71.2,50.8
Ontario,6/8/1994,45.2,63,71,46.5
Ontario,6/9/1994,42.2,77.2,70.6,44.5
Ontario,6/10/1994,46,71.4,73.8,46.6
Ontario,6/11/1994,51.6,72.9,74.6,50.6
Ontario,6/12/1994,54,79.4,76.2,54.2
Ontario,6/13/1994,56.9,76.2,78.1,57.8
Ontario,6/14/1994,62.4,78.7,79.3,59.9
Ontario,6/15/1994,60.2,83,84.1,62.1
Ontario,6/16/1994,63.7,90.7,88.5,64.6
Ontario,6/17/1994,69.8,91.9,93,67.3
Ontario,6/18/1994,68.3,96.5,90.3,67.4
Ontario,6/19/1994,64.1,82.6,86.3,63.4
Ontario,6/20/1994,57.7,79.8,83.3,61.1
Ontario,6/21/1994,61.6,87.5,83.5,58.4
Ontario,6/22/1994,56,83.1,83.1,58.9
Ontario,6/23/1994,59.2,78.8,76.3,57.4
Ontario,6/24/1994,57,67,71.8,58.1
Ontario,6/25/1994,58.1,69.5,72,58.4
Ontario,6/26/1994,60.2,79.4,72.6,58.7
Ontario,6/27/1994,57.8,68.9,74.9,60.4
Ontario,6/28/1994,63.2,76.4,73.6,60.3
Ontario,6/29/1994,59.9,75.4,75.6,61.3
Ontario,6/30/1994,60.9,75,77.1,59.4
Ontario,7/1/1994,57.5,80.9,77.6,58.1
Ontario,7/2/1994,56,76.9,77.1,55.1
Ontario,7/3/1994,51.9,73.5,76.5,53
Ontario,7/4/1994,50.9,79,79.6,54.9
Ontario,7/5/1994,61.9,86.3,84.4,60.3
Ontario,7/6/1994,68.1,87.9,86.6,65.9
Ontario,7/7/1994,67.5,85.6,86.4,68.3
Ontario,7/8/1994,69.4,85.9,84,68.2
Ontario,7/9/1994,67.7,80.6,79.5,64.6
Ontario,7/10/1994,56.5,72,77.3,58.7
Ontario,7/11/1994,51.9,79.4,79,56.4
Ontario,7/12/1994,60.7,85.8,81.9,57
Ontario,7/13/1994,58.4,80.6,80.5,57.8
Ontario,7/14/1994,54.2,75.2,78.9,57.3
Ontario,7/15/1994,59.3,80.9,79.3,58.1
Ontario,7/16/1994,60.6,81.7,81.3,59.4
Ontario,7/17/1994,58.3,81.3,81.9,59.9
Ontario,7/18/1994,60.9,82.7,83.8,60.4
Ontario,7/19/1994,62,87.4,84.6,62.1
Ontario,7/20/1994,63.3,83.7,86.8,65.1
Ontario,7/21/1994,70.1,89.4,85.6,66.9
Ontario,7/22/1994,67.2,83.6,84.7,68.1
Ontario,7/23/1994,66.9,81,82.9,65.8
Ontario,7/24/1994,63.2,84.2,82.8,62.8
Ontario,7/25/1994,58.4,83.1,81.2,59.4
Ontario,7/26/1994,56.7,76.3,78,56.4
Ontario,7/27/1994,54,74.6,74.5,56
Ontario,7/28/1994,57.2,72.7,75.7,55.5
Ontario,7/29/1994,55.2,79.8,77.4,57.4
Ontario,7/30/1994,59.9,79.5,80.7,58.9
Ontario,7/31/1994,61.7,82.9,82.3,61.3
Ontario,8/1/1994,62.3,84.5,80.8,61.9
Ontario,8/2/1994,61.7,74.9,79.9,61.4
Ontario,8/3/1994,60.2,80.2,77.8,58.6
Ontario,8/4/1994,54,78.4,74.6,54.6
Ontario,8/5/1994,49.7,65.3,71.7,50
Ontario,8/6/1994,46.1,71.3,70.3,47.8
Ontario,8/7/1994,47.6,74.1,75.5,48.8
Ontario,8/8/1994,52.6,81.2,74.6,52
Ontario,8/9/1994,55.9,68.3,73.5,52.6
Ontario,8/10/1994,49.3,71,69.9,52.9
Ontario,8/11/1994,53.5,70.2,71.3,53.9
Ontario,8/12/1994,58.9,72.6,73.2,57.9
Ontario,8/13/1994,61.1,76.8,73.7,58.5
Ontario,8/14/1994,55.5,71.6,72.5,55.7
Ontario,8/15/1994,50.6,69.1,71.4,52.2
Ontario,8/16/1994,50.5,73.4,73.2,50.6
Ontario,8/17/1994,50.8,77,76.7,53.2
Ontario,8/18/1994,58.2,79.6,79.2,55.9
Ontario,8/19/1994,58.7,81.1,80.8,60.4
Ontario,8/20/1994,64.3,81.8,79.7,61.2
Ontario,8/21/1994,60.5,76.2,77.4,59.6
Ontario,8/22/1994,53.9,74.1,74.1,54.2
Ontario,8/23/1994,48.1,72.1,73.8,50.8
Ontario,8/24/1994,50.4,75.2,77,53.2
Ontario,8/25/1994,61.1,83.6,79.9,56.6
Ontario,8/26/1994,58.2,80.9,82.6,60
Ontario,8/27/1994,60.8,83.2,82.5,58.2
Ontario,8/28/1994,55.6,83.5,80,55.9
Ontario,8/29/1994,51.3,73.3,77,51.4
Ontario,8/30/1994,47.5,74.2,70.4,51.6
Ontario,8/31/1994,56,63.5,68.2,50
Ontario,9/1/1994,46.7,66.8,66,48.9
Ontario,9/2/1994,44.2,67.6,67.3,44.6
Ontario,9/3/1994,43,67.6,67.3,43.5
Ontario,9/4/1994,43.2,66.7,66.2,42.7
Ontario,9/5/1994,42,64.4,63.9,43.2
Ontario,9/6/1994,44.3,60.7,65.5,46.2
Ontario,9/7/1994,52.3,71.3,69.8,51
Ontario,9/8/1994,56.5,77.4,73.6,51.4
Ontario,9/9/1994,45.5,72.1,71.6,48.4
Ontario,9/10/1994,43.2,65.2,68.5,44
Ontario,9/11/1994,43.2,68.2,70.5,43.9
Ontario,9/12/1994,45.2,78,74.6,50
Ontario,9/13/1994,61.5,77.7,76.2,56.2
Ontario,9/14/1994,61.8,73,73.1,60
Ontario,9/15/1994,56.6,68.4,74.7,58.6
Ontario,9/16/1994,57.5,82.7,75.6,55.5
Ontario,9/17/1994,52.3,75.8,76.2,52.3
Ontario,9/18/1994,47.1,70.2,72.1,48.6
Ontario,9/19/1994,46.4,70.2,73.1,47
Ontario,9/20/1994,47.7,78.9,74.9,48
Ontario,9/21/1994,50,75.5,75.8,49.1
Ontario,9/22/1994,49.5,73.1,73.4,49.8
Ontario,9/23/1994,50,71.6,70.5,52.7
Ontario,9/24/1994,58.7,66.8,69.2,55.3
Ontario,9/25/1994,57.3,69.2,68.8,58.2
Ontario,9/26/1994,58.7,70.5,69.6,56.8
Ontario,9/27/1994,54.3,69.2,66.6,54.7
Ontario,9/28/1994,51.2,60.1,63.2,49.9
Ontario,9/29/1994,44.3,60.4,60,45.7
Ontario,9/30/1994,41.7,59.6,58.6,41.9
Ontario,10/1/1994,39.6,55.9,58.4,39.1
Ontario,10/2/1994,36.1,59.9,56.7,36.4
Ontario,10/3/1994,33.6,54.2,55.2,35.9
Ontario,10/4/1994,38.1,51.4,53.4,36.5
Ontario,10/5/1994,37.7,54.6,56.7,39
Ontario,10/6/1994,41.1,64.2,62.2,41.7
Ontario,10/7/1994,46.4,67.7,69,45.9
Ontario,10/8/1994,50.3,75,70,45.6
Ontario,10/9/1994,40.1,67.2,65.2,41.9
Ontario,10/10/1994,35.2,53.5,57.2,35.3
Ontario,10/11/1994,30.6,50.9,54.5,31.9
Ontario,10/12/1994,29.9,59,56.8,31.5
Ontario,10/13/1994,34,60.4,59.5,34.8
Ontario,10/14/1994,40.3,58.9,58.6,35.1
Ontario,10/15/1994,31,56.5,57.9,33.6
Ontario,10/16/1994,29.5,58.3,58.6,30.3
Ontario,10/17/1994,30.4,61,60.3,35.5
Ontario,10/18/1994,46.7,61.6,64.4,42.5
Ontario,10/19/1994,50.3,70.7,64.6,49
Ontario,10/20/1994,50.1,61.6,63.9,49.8
Ontario,10/21/1994,49.1,59.4,59.9,47.7
Ontario,10/22/1994,44,58.7,60,44.6
Ontario,10/23/1994,40.6,61.9,59.3,42
Ontario,10/24/1994,41.3,57.5,57.1,39.4
Ontario,10/25/1994,36.4,52.1,54.2,36.5
Ontario,10/26/1994,31.7,53.2,52.8,34
Ontario,10/27/1994,33.9,53,56.1,34.2
Ontario,10/28/1994,37,62,59.6,39.9
Ontario,10/29/1994,49,63.8,62.9,43.1
Ontario,10/30/1994,43.4,62.9,60.6,44.9
Ontario,10/31/1994,42.4,55.1,55.6,41.9
Ontario,11/1/1994,39.9,48.7,51.6,39.8
Ontario,11/2/1994,37.2,50.9,52.3,37.3
Ontario,11/3/1994,34.7,57.1,57.6,40.3
Ontario,11/4/1994,48.8,64.7,61.1,45.1
Ontario,11/5/1994,51.7,61.6,61.6,47.1
Ontario,11/6/1994,40.7,58.4,57.5,42.1
Ontario,11/7/1994,33.8,52.5,55.6,38.8
Ontario,11/8/1994,41.9,55.9,53.6,38.3
Ontario,11/9/1994,39.1,52.4,50.8,36.7
Ontario,11/10/1994,29,44.2,46.6,31.5
Ontario,11/11/1994,26.6,43.3,46.2,27
Ontario,11/12/1994,25.4,51,48.3,31.3
Ontario,11/13/1994,41.9,50.6,54.7,35.9
Ontario,11/14/1994,40.5,62.5,55.3,38.3
Ontario,11/15/1994,32.5,52.8,54.5,32.7
Ontario,11/16/1994,25,48,50.9,27.6
Ontario,11/17/1994,25.3,51.8,53.3,28.8
Ontario,11/18/1994,36.2,60.1,54,32.1
Ontario,11/19/1994,34.9,50.2,51.9,32.9
Ontario,11/20/1994,27.5,45.5,50.4,34.5
Ontario,11/21/1994,41.2,55.6,48.7,33.1
Ontario,11/22/1994,30.6,45,45,30.3
Ontario,11/23/1994,19,34.3,40,23.6
Ontario,11/24/1994,21.1,40.7,39.5,22.8
Ontario,11/25/1994,28.2,43.6,38.4,23.1
Ontario,11/26/1994,20,30.9,36.5,22.7
Ontario,11/27/1994,19.8,35,38,23.9
Ontario,11/28/1994,31.9,48.1,40.7,28
Ontario,11/29/1994,32.3,39,41.6,30.7
Ontario,11/30/1994,28,37.6,38.8,29.2
Ontario,12/1/1994,27.3,39.9,42.8,30.4
Ontario,12/2/1994,36,50.9,46.3,32.7
Ontario,12/3/1994,34.6,48.2,49.5,35.8
Ontario,12/4/1994,36.7,49.2,48.5,37.6
Ontario,12/5/1994,41.4,47.9,48,37
Ontario,12/6/1994,33,46.9,42.1,30.3
Ontario,12/7/1994,16.5,31.4,35.3,20.5
Ontario,12/8/1994,11.9,27.7,30.7,15.3
Ontario,12/9/1994,17.7,33.1,31.4,17.2
Ontario,12/10/1994,22.1,33.5,32.5,16
Ontario,12/11/1994,8.3,30.9,27.6,9.3
Ontario,12/12/1994,-2.7,18.3,24.3,2.5
Ontario,12/13/1994,1.8,23.8,21.8,3.5
Ontario,12/14/1994,11.5,23.2,26.7,10.1
Ontario,12/15/1994,17.1,33.1,31.4,18.6
Ontario,12/16/1994,27.1,37.8,36.9,24.5
Ontario,12/17/1994,29.3,39.9,38.9,29.5
Ontario,12/18/1994,32,39.1,37.5,30.5
Ontario,12/19/1994,30.1,33.6,37.2,30.3
Ontario,12/20/1994,28.7,38.8,40.5,30.3
Ontario,12/21/1994,31.9,49.1,46.1,28.4
Ontario,12/22/1994,24.5,50.4,48,27.7
Ontario,12/23/1994,26.7,44.5,45.3,27.4
Ontario,12/24/1994,31.1,40.9,42.4,28.9
Ontario,12/25/1994,29.1,41.7,41.6,27.7
Ontario,12/26/1994,23.1,42.2,41.7,27.4
Ontario,12/27/1994,30.2,41.1,42.1,28.2
Ontario,12/28/1994,31.5,43.1,38.1,24.3
Ontario,12/29/1994,11.2,30.2,32.9,17.2
Ontario,12/30/1994,8.9,25.4,29.5,14.5
Ontario,12/31/1994,23.4,32.8,30.9,20
Ontario,1/1/1995,27.7,34.4,32.3,23.4
Ontario,1/2/1995,19.2,29.6,30,20.2
Ontario,1/3/1995,13.6,25.9,24.2,13.7
Ontario,1/4/1995,8.4,17.1,20.9,9.3
Ontario,1/5/1995,5.9,19.7,21.9,10.5
Ontario,1/6/1995,17.3,29,25.2,10.4
Ontario,1/7/1995,8,26.9,26.7,11.3
Ontario,1/8/1995,8.5,24.2,24.4,9.3
Ontario,1/9/1995,11.3,22.3,19.5,8.2
Ontario,1/10/1995,4.7,12,18.7,5.9
Ontario,1/11/1995,1.8,21.9,27,8.7
Ontario,1/12/1995,19.6,47.1,40,18.6
Ontario,1/13/1995,34.3,51,51.1,28.7
Ontario,1/14/1995,32.2,55.4,52.9,33.9
Ontario,1/15/1995,35.2,52.3,48.3,33
Ontario,1/16/1995,31.5,37.2,41.4,31.5
Ontario,1/17/1995,27.8,34.6,36.7,30.2
Ontario,1/18/1995,31.3,38.4,38.2,31.1
Ontario,1/19/1995,34.2,41.7,41.1,34.1
Ontario,1/20/1995,36.9,43.1,41.5,33.9
Ontario,1/21/1995,30.8,39.6,37.7,31.2
Ontario,1/22/1995,26.1,30.5,33.1,27.3
Ontario,1/23/1995,25,29.3,30.5,25.2
Ontario,1/24/1995,24.7,31.8,30.9,25.1
Ontario,1/25/1995,25.8,31.6,30.2,24
Ontario,1/26/1995,21.5,27.3,28.1,19
Ontario,1/27/1995,9.9,25.3,22.4,11.5
Ontario,1/28/1995,3.2,14.8,22.2,6.2
Ontario,1/29/1995,5.4,26.6,25,6.8
Ontario,1/30/1995,11.7,33.5,31.3,13.2
Ontario,1/31/1995,22.7,33.7,34.2,18.3
Ontario,2/1/1995,20.7,35.5,28.9,16.6
Ontario,2/2/1995,6.5,17.7,25.6,10.2
Ontario,2/3/1995,3.4,23.5,22.7,5.2
Ontario,2/4/1995,5.7,26.8,20.1,0.9
Ontario,2/5/1995,-6.4,10.1,13.5,-3.7
Ontario,2/6/1995,-10.2,3.6,11.4,-5.3
Ontario,2/7/1995,0.6,20.4,12.3,-4.1
Ontario,2/8/1995,-2.7,12.7,19,2.4
Ontario,2/9/1995,9.1,23.8,23.1,8.2
Ontario,2/10/1995,18.3,32.8,26.1,10
Ontario,2/11/1995,2.5,21.7,23.3,6.4
Ontario,2/12/1995,-1.4,15.4,19.7,1.7
Ontario,2/13/1995,4,21.8,18.9,3.9
Ontario,2/14/1995,9.3,19.6,26.9,5.2
Ontario,2/15/1995,2.3,39.4,30.8,11.3
Ontario,2/16/1995,22.3,33.5,36.1,13.1
Ontario,2/17/1995,14.7,35.5,37.5,20.2
Ontario,2/18/1995,23.6,43.4,41.7,21.5
Ontario,2/19/1995,26.1,46.1,41.9,24.5
Ontario,2/20/1995,23.7,36.3,38.7,21.9
Ontario,2/21/1995,15.8,33.6,32.6,16.5
Ontario,2/22/1995,9.9,28,32.5,15.1
Ontario,2/23/1995,19.6,36,32.9,15.6
Ontario,2/24/1995,17.2,34.7,29.7,14.5
Ontario,2/25/1995,6.7,18.3,23,8.2
Ontario,2/26/1995,0.7,16,20.9,5.2
Ontario,2/27/1995,8.1,28.3,24.8,9.8
Ontario,2/28/1995,20.7,30.1,29.7,14.6
Ontario,3/1/1995,15.2,30.6,27.7,15
Ontario,3/2/1995,9.3,22.4,26.9,9.3
Ontario,3/3/1995,3.4,27.5,28.8,7.1
Ontario,3/4/1995,8.6,36.5,33.9,10.2
Ontario,3/5/1995,18.5,37.7,37.3,18.1
Ontario,3/6/1995,27.2,37.8,44.5,24.9
Ontario,3/7/1995,28.9,57.9,44.2,23.7
Ontario,3/8/1995,15.2,37,38.4,17.8
Ontario,3/9/1995,9.4,20.3,27.1,10.7
Ontario,3/10/1995,7.5,24.1,28.5,12.1
Ontario,3/11/1995,19.5,41,39.9,18.2
Ontario,3/12/1995,27.7,54.6,53.5,26.7
Ontario,3/13/1995,32.7,64.9,61.7,32.2
Ontario,3/14/1995,36.1,65.6,65.8,35.4
Ontario,3/15/1995,37.3,66.8,64.1,36.3
Ontario,3/16/1995,35.5,60,55.5,33.9
Ontario,3/17/1995,29,39.8,49.3,30.7
Ontario,3/18/1995,27.8,48.1,43.4,29.8
Ontario,3/19/1995,32.7,42.4,48.3,30.9
Ontario,3/20/1995,32.4,54.2,49.3,33.8
Ontario,3/21/1995,36.4,51.1,49.5,34.4
Ontario,3/22/1995,34.5,43.2,46.1,34.2
Ontario,3/23/1995,31.7,43.9,42.1,31.6
Ontario,3/24/1995,28.6,39.3,44,28.9
Ontario,3/25/1995,26.5,48.7,46.4,28.3
Ontario,3/26/1995,29.8,51.3,48.2,27.3
Ontario,3/27/1995,25.7,44.4,48.1,27.8
Ontario,3/28/1995,27.8,48.5,47.8,26.1
Ontario,3/29/1995,24.8,50.6,48.3,28.9
Ontario,3/30/1995,34,45.9,46.3,27.9
Ontario,3/31/1995,24.9,42.4,43.1,26.2
Ontario,4/1/1995,19.6,41,42.9,24.6
Ontario,4/2/1995,29.5,45.3,46.7,25.5
Ontario,4/3/1995,27.5,53.7,47.7,25.3
Ontario,4/4/1995,18.8,44,42.5,19.9
Ontario,4/5/1995,13.3,29.7,35.8,18.2
Ontario,4/6/1995,22.4,33.7,33,19.8
Ontario,4/7/1995,23.7,35.6,37.2,25.3
Ontario,4/8/1995,29.8,42.3,39.7,27.2
Ontario,4/9/1995,28,41.2,41.4,27.3
Ontario,4/10/1995,24.1,40.8,45.1,27.6
Ontario,4/11/1995,30.6,53.3,50,30.8
Ontario,4/12/1995,37.8,55.9,52.4,35.7
Ontario,4/13/1995,38.6,48.1,50.1,35.5
Ontario,4/14/1995,30.2,46.4,47.6,32.1
Ontario,4/15/1995,27.5,48.4,50.5,28.2
Ontario,4/16/1995,26.8,56.7,50.8,26.7
Ontario,4/17/1995,25.9,47.3,50.5,27.3
Ontario,4/18/1995,29.2,47.7,50.8,30.6
Ontario,4/19/1995,36.7,57.4,50.6,33.7
Ontario,4/20/1995,35.2,46.7,54.7,37.4
Ontario,4/21/1995,40.2,60.1,51.4,37
Ontario,4/22/1995,35.6,47.3,51.8,36.4
Ontario,4/23/1995,33.4,48,47.7,32.9
Ontario,4/24/1995,29.6,47.9,50.1,31.9
Ontario,4/25/1995,32.5,54.5,50,32.4
Ontario,4/26/1995,35,47.6,52.3,35.6
Ontario,4/27/1995,39.3,54.9,51.5,38.6
Ontario,4/28/1995,41.6,52.1,52.8,38.7
Ontario,4/29/1995,35.2,51.3,52.1,36.3
Ontario,4/30/1995,32.2,53.1,54.3,34.6
Ontario,5/1/1995,36.3,58.7,58.3,35.2
Ontario,5/2/1995,37,63.2,62.2,38.7
Ontario,5/3/1995,42.7,64.7,63.8,38.7
Ontario,5/4/1995,36.4,63.6,65,40.1
Ontario,5/5/1995,41.2,66.6,64.3,38.8
Ontario,5/6/1995,38.8,62.6,63.6,38.7
Ontario,5/7/1995,36.1,61.5,61.3,35.5
Ontario,5/8/1995,31.6,59.6,60.3,36.6
Ontario,5/9/1995,42.2,59.7,61.6,39.8
Ontario,5/10/1995,45.6,65.4,61.8,45.9
Ontario,5/11/1995,50,60.3,64.5,48.5
Ontario,5/12/1995,50,67.7,64.5,47.7
Ontario,5/13/1995,43.2,65.5,68.3,48.8
Ontario,5/14/1995,53.2,71.6,67.8,48.4
Ontario,5/15/1995,48.9,66.3,68,49.7
Ontario,5/16/1995,46.9,65.9,65.8,46
Ontario,5/17/1995,42.1,65.1,64.2,43.7
Ontario,5/18/1995,42,61.7,64.9,42.4
Ontario,5/19/1995,43.2,67.8,65.1,42.1
Ontario,5/20/1995,41,65.8,67.7,43.5
Ontario,5/21/1995,46.3,69.5,67,44.4
Ontario,5/22/1995,45.9,65.7,69.6,46.3
Ontario,5/23/1995,46.9,73.6,68.3,48
Ontario,5/24/1995,51.2,65.6,67.5,48.6
Ontario,5/25/1995,47.7,63.3,66.4,48.3
Ontario,5/26/1995,46.1,70.4,66.6,46.4
Ontario,5/27/1995,45.3,66,66,48
Ontario,5/28/1995,52.6,61.5,64.7,50.8
Ontario,5/29/1995,54.5,66.8,67.9,53.7
Ontario,5/30/1995,54.1,75.6,74.4,55.1
Ontario,5/31/1995,56.8,80.9,78.3,55.6
Ontario,6/1/1995,56,78.3,77.2,57.7
Ontario,6/2/1995,60.4,72.3,73.1,58.3
Ontario,6/3/1995,58.5,68.7,72,57.1
Ontario,6/4/1995,52.3,75,74.3,54
Ontario,6/5/1995,51.3,79.2,78.1,52.9
Ontario,6/6/1995,55.1,80.3,81.2,53.5
Ontario,6/7/1995,54.2,84.2,74.8,52.2
Ontario,6/8/1995,47.3,59.9,70.3,48.7
Ontario,6/9/1995,44.5,66.8,65.9,47.7
Ontario,6/10/1995,51.5,71.1,69.8,50
Ontario,6/11/1995,54.2,71.6,70,51.7
Ontario,6/12/1995,49.5,67.3,72.1,49.8
Ontario,6/13/1995,45.7,77.5,73.4,49.1
Ontario,6/14/1995,52,75.4,75.8,49
Ontario,6/15/1995,49.4,74.5,76.3,50
Ontario,6/16/1995,48.6,79.1,80.1,52.5
Ontario,6/17/1995,59.5,86.7,85.5,59.1
Ontario,6/18/1995,69.2,90.8,90.9,66.5
Ontario,6/19/1995,70.9,95.3,90.3,68.4
Ontario,6/20/1995,65.1,84.8,86.4,63.4
Ontario,6/21/1995,54.2,79.1,82.1,57.3
Ontario,6/22/1995,52.8,82.4,80.6,55.7
Ontario,6/23/1995,60.3,80.2,81.6,57.9
Ontario,6/24/1995,60.7,82.2,81.6,61.8
Ontario,6/25/1995,64.4,82.4,82.7,64.4
Ontario,6/26/1995,68.1,83.4,79.6,65.8
Ontario,6/27/1995,64.9,73,77.7,64.9
Ontario,6/28/1995,61.8,76.5,76.7,62.9
Ontario,6/29/1995,62,80.6,78.8,62.9
Ontario,6/30/1995,64.9,79.5,79.3,61
Ontario,7/1/1995,56.1,77.9,75.8,58.4
Ontario,7/2/1995,54.2,70.1,73.5,53.3
Ontario,7/3/1995,49.5,72.6,74.2,51.7
Ontario,7/4/1995,51.3,80,79.2,55.5
Ontario,7/5/1995,65.9,84.9,82.6,62.5
Ontario,7/6/1995,70.3,82.8,81,64.5
Ontario,7/7/1995,57.3,75.4,74.4,60.2
Ontario,7/8/1995,52.9,65.1,71.4,53.6
Ontario,7/9/1995,50.7,73.7,71.6,51.9
Ontario,7/10/1995,52.2,76,76.6,52.9
Ontario,7/11/1995,55.9,80,78.4,54.5
Ontario,7/12/1995,55.3,79.2,84.2,58.6
Ontario,7/13/1995,64.6,93.2,89.9,63.2
Ontario,7/14/1995,69.7,97.2,93.4,68.4
Ontario,7/15/1995,71,89.7,89.3,68.4
Ontario,7/16/1995,64.4,81.1,83.6,66.9
Ontario,7/17/1995,65.4,80,80,64.4
Ontario,7/18/1995,63.4,78.9,79.5,63.1
Ontario,7/19/1995,60.6,79.4,79.2,63.3
Ontario,7/20/1995,66,79.3,80.1,63.4
Ontario,7/21/1995,63.7,81.5,81.6,62.7
Ontario,7/22/1995,58.5,84,82.6,61.9
Ontario,7/23/1995,63.5,82.1,81,60.5
Ontario,7/24/1995,59.6,76.8,80.2,62.5
Ontario,7/25/1995,64.4,81.8,81.9,63.9
Ontario,7/26/1995,67.7,87.3,84.1,66.1
Ontario,7/27/1995,66.2,83.2,85.4,67.2
Ontario,7/28/1995,67.5,85.9,85.4,65.7
Ontario,7/29/1995,63.3,87.2,84.6,63.5
Ontario,7/30/1995,59.7,80.6,86.1,60.6
Ontario,7/31/1995,58.8,90.4,88.1,60.9
Ontario,8/1/1995,64.2,93.2,85.4,62.3
Ontario,8/2/1995,63.9,72.5,80.4,64.7
Ontario,8/3/1995,66,75.6,77.1,66
Ontario,8/4/1995,68.2,83.2,80,67.1
Ontario,8/5/1995,67.1,81.3,80.5,66.3
Ontario,8/6/1995,63.7,77.2,78.5,63.7
Ontario,8/7/1995,60.3,77.1,77.1,62.6
Ontario,8/8/1995,63.6,77.1,77.5,62.5
Ontario,8/9/1995,63.5,78.3,79.1,63.5
Ontario,8/10/1995,63.5,81.8,82.2,64.5
Ontario,8/11/1995,66.4,86.6,83.4,63.7
Ontario,8/12/1995,61.1,81.7,82.6,61.7
Ontario,8/13/1995,57.5,79.6,81.3,61
Ontario,8/14/1995,64.3,82.6,83.8,62.7
Ontario,8/15/1995,66.4,89.3,85.2,65.8
Ontario,8/16/1995,66.8,83.7,85.4,66.1
Ontario,8/17/1995,65.2,83.1,84.2,66.8
Ontario,8/18/1995,68.4,85.8,83.5,64.4
Ontario,8/19/1995,59.5,81.7,85,62.8
Ontario,8/20/1995,60.6,87.5,85.1,59.6
Ontario,8/21/1995,58.8,86,81.8,58.2
Ontario,8/22/1995,55.1,71.8,79.4,55
Ontario,8/23/1995,51,80.5,73.9,54.1
Ontario,8/24/1995,56.3,69.4,72.8,51.5
Ontario,8/25/1995,47.3,68.3,73,53
Ontario,8/26/1995,55.4,81.1,73.8,53.8
Ontario,8/27/1995,58.9,72.1,76.6,55.5
Ontario,8/28/1995,52.2,76.7,76.4,55.4
Ontario,8/29/1995,55.2,80.3,76.8,53.6
Ontario,8/30/1995,53.4,73.4,79.1,55.7
Ontario,8/31/1995,58.5,83.4,76.9,55.4
Ontario,9/1/1995,54.4,73.7,76.5,53.8
Ontario,9/2/1995,48.4,72.2,74.5,52.4
Ontario,9/3/1995,54.4,77.7,75.5,52.2
Ontario,9/4/1995,53.8,76.7,79.7,54
Ontario,9/5/1995,53.8,84.9,78.1,54.2
Ontario,9/6/1995,55.1,72.7,77,50.6
Ontario,9/7/1995,43,73.4,68.3,46.1
Ontario,9/8/1995,40.2,59,66.3,41.7
Ontario,9/9/1995,41.9,66.7,61.7,40.6
Ontario,9/10/1995,39.6,59.3,64.9,40.1
Ontario,9/11/1995,38.8,68.6,67.7,40.7
Ontario,9/12/1995,43.7,75,74.6,49.1
Ontario,9/13/1995,64.6,80.1,74.2,51.2
Ontario,9/14/1995,45.1,67.6,69.1,49.8
Ontario,9/15/1995,39.6,59.6,67.7,42.3
Ontario,9/16/1995,42,75.9,67.6,42.8
Ontario,9/17/1995,46.6,67.3,68.5,42.3
Ontario,9/18/1995,38.3,62.2,64.4,41
Ontario,9/19/1995,38.1,63.8,61.5,41.7
Ontario,9/20/1995,48.9,58.6,63.3,46.2
Ontario,9/21/1995,51.7,67.4,62.1,48.2
Ontario,9/22/1995,43.9,60.4,61.8,45.4
Ontario,9/23/1995,40.7,57.7,59.2,40.8
Ontario,9/24/1995,37.8,59.5,59.9,39.6
Ontario,9/25/1995,40.5,62.5,62.2,40.1
Ontario,9/26/1995,42,64.6,66.5,43.1
Ontario,9/27/1995,46.7,72.4,65.3,43.1
Ontario,9/28/1995,40.6,58.8,66.7,41.8
Ontario,9/29/1995,38.2,68.9,65.8,40.6
Ontario,9/30/1995,43.1,69.8,71.3,43.8
Ontario,10/1/1995,50,75.2,73,46.1
Ontario,10/2/1995,45.1,74,68.4,47.6
Ontario,10/3/1995,47.7,56,63,47.1
Ontario,10/4/1995,48.4,59,57.1,49.6
Ontario,10/5/1995,52.7,56.3,58.3,51.3
Ontario,10/6/1995,52.9,59.5,59.2,52.1
Ontario,10/7/1995,50.7,61.7,59.7,50.6
Ontario,10/8/1995,48.2,57.7,59.5,49
Ontario,10/9/1995,48.2,59.2,60.5,47.1
Ontario,10/10/1995,44.8,64.6,64.8,47
Ontario,10/11/1995,48,70.7,72,48.6
Ontario,10/12/1995,53.1,80.6,76.4,52.8
Ontario,10/13/1995,57.2,77.9,74.4,52.5
Ontario,10/14/1995,47.3,64.6,64.8,48.2
Ontario,10/15/1995,40.1,52,56.6,41.2
Ontario,10/16/1995,36.3,53.2,54.3,36.2
Ontario,10/17/1995,32.2,57.7,59.9,36.4
Ontario,10/18/1995,40.8,68.7,60.3,37.3
Ontario,10/19/1995,38.8,54.3,63.7,40.9
Ontario,10/20/1995,43.2,68,57.6,40.9
Ontario,10/21/1995,40.6,50.4,56.8,40.8
Ontario,10/22/1995,38.7,52.2,54.6,40.1
Ontario,10/23/1995,41,61.2,58,39.5
Ontario,10/24/1995,38.8,60.8,56.6,40.2
Ontario,10/25/1995,40.6,47.8,55.7,39.4
Ontario,10/26/1995,38.7,58.5,54.7,42.6
Ontario,10/27/1995,48.4,57.9,57,42.1
Ontario,10/28/1995,39.2,54.7,53,40.9
Ontario,10/29/1995,35.1,46.4,49,36.7
Ontario,10/30/1995,35.8,45.9,45,35.2
Ontario,10/31/1995,34.7,42.8,43.9,36.4
Ontario,11/1/1995,38.8,43.2,50.6,38.9
Ontario,11/2/1995,43.2,65.8,55.5,37.8
Ontario,11/3/1995,31.3,57.6,54.3,34.7
Ontario,11/4/1995,29.7,39.6,46,30
Ontario,11/5/1995,28.9,40.8,41.2,28.8
Ontario,11/6/1995,27.7,43.2,43.1,30.1
Ontario,11/7/1995,33.6,45.3,41.6,28.6
Ontario,11/8/1995,24.4,36.3,38.7,27.4
Ontario,11/9/1995,24.1,34.3,40.6,26.8
Ontario,11/10/1995,31.8,51.3,46.6,29.5
Ontario,11/11/1995,32.7,54.3,46.6,30.4
Ontario,11/12/1995,26.6,34.2,41.4,28.8
Ontario,11/13/1995,27,35.8,35.8,27.9
Ontario,11/14/1995,30.2,37.4,35.1,28.8
Ontario,11/15/1995,29.1,32,34.5,29.1
Ontario,11/16/1995,28,34.2,34.9,26.4
Ontario,11/17/1995,22.1,38.5,35.7,27.3
Ontario,11/18/1995,31.8,34.3,35.8,28
Ontario,11/19/1995,30.2,34.5,37,32.2
Ontario,11/20/1995,34.5,42.1,38,32.4
Ontario,11/21/1995,32.5,37.4,37.5,32.1
Ontario,11/22/1995,29.1,32.9,34.9,29.1
Ontario,11/23/1995,25.5,34.3,32.1,24.4
Ontario,11/24/1995,18.5,28.9,33.4,22.7
Ontario,11/25/1995,24.1,37,33.8,24.7
Ontario,11/26/1995,31.6,35.4,36,29
Ontario,11/27/1995,31.3,35.6,34.3,27.4
Ontario,11/28/1995,19.2,31.8,31.2,21.5
Ontario,11/29/1995,14,26.2,31,18.4
Ontario,11/30/1995,22.1,35.1,34.1,19.1
Ontario,12/1/1995,21.2,41,35.8,21.7
Ontario,12/2/1995,21.9,31.3,37.9,24.7
Ontario,12/3/1995,31.1,41.4,36.6,27.1
Ontario,12/4/1995,28.2,37,39.4,29.2
Ontario,12/5/1995,28.2,39.9,35.4,26.1
Ontario,12/6/1995,21.9,29.1,31.9,23.2
Ontario,12/7/1995,19.6,26.8,28,18.9
Ontario,12/8/1995,15.3,28.2,29.2,12.4
Ontario,12/9/1995,2.3,32.5,25,6.6
Ontario,12/10/1995,2.1,14.2,21.3,4
Ontario,12/11/1995,7.7,17.2,18,4.9
Ontario,12/12/1995,4.8,22.5,21.7,5
Ontario,12/13/1995,2.5,25.3,28.3,10.1
Ontario,12/14/1995,23,37.2,32.8,19.7
Ontario,12/15/1995,33.6,36,35.8,27.8
Ontario,12/16/1995,26.8,34.2,33.1,26.3
Ontario,12/17/1995,18.5,29.1,29.7,21
Ontario,12/18/1995,17.6,25.7,24.2,14.4
Ontario,12/19/1995,7,17.8,20.8,9.6
Ontario,12/20/1995,4.3,18.9,20.5,7.8
Ontario,12/21/1995,12.2,24.8,23.9,12
Ontario,12/22/1995,19.4,28,27.2,16.5
Ontario,12/23/1995,18,28.8,28.8,17.1
Ontario,12/24/1995,14,29.5,29.3,17.3
Ontario,12/25/1995,19.9,29.7,26.8,14.1
Ontario,12/26/1995,8.2,21.4,24.6,13.2
Ontario,12/27/1995,11.5,22.6,23.8,10.4
Ontario,12/28/1995,11.5,27.3,26.4,14.6
Ontario,12/29/1995,20.8,29.3,28.9,17.7
Ontario,12/30/1995,20.8,30,31.2,22.7
Ontario,12/31/1995,26.4,34.2,32.2,22.2
Ontario,1/1/1996,19.2,32.5,28.7,17
Ontario,1/2/1996,5.4,19.4,20.7,7.4
Ontario,1/3/1996,-2.4,10.2,13.7,-0.9
Ontario,1/4/1996,-5.6,11.5,10.8,-3.9
Ontario,1/5/1996,-3.8,10.6,12.9,-5.8
Ontario,1/6/1996,-8,16.5,13,-2.9
Ontario,1/7/1996,3.2,12,17.3,-1.1
Ontario,1/8/1996,1.6,23.4,19.8,7.6
Ontario,1/9/1996,18,23.9,21.9,8.2
Ontario,1/10/1996,5,18.3,21.4,7.3
Ontario,1/11/1996,-0.9,22.1,21.5,5.2
Ontario,1/12/1996,11.5,24.1,26.4,8.2
Ontario,1/13/1996,14.2,33.1,31,12.4
Ontario,1/14/1996,11.7,36,27.2,8.3
Ontario,1/15/1996,-0.9,12.6,30.2,7.3
Ontario,1/16/1996,11.1,42.1,33.2,16.5
Ontario,1/17/1996,39.4,45,46.9,27.6
Ontario,1/18/1996,32.2,53.6,49.7,29.1
Ontario,1/19/1996,15.8,50.5,42.3,20.7
Ontario,1/20/1996,14.2,22.6,34.7,17.1
Ontario,1/21/1996,21.2,30.9,31.6,19.3
Ontario,1/22/1996,22.5,41.2,36.4,25.3
Ontario,1/23/1996,32.2,37,39.3,23.5
Ontario,1/24/1996,15.8,39.6,33.9,18.7
Ontario,1/25/1996,8.2,25.2,33.9,16.2
Ontario,1/26/1996,24.4,37,35.8,16.6
Ontario,1/27/1996,17.2,45.1,36,18.9
Ontario,1/28/1996,15.1,25.7,35.9,16.6
Ontario,1/29/1996,17.4,36.9,27,14
Ontario,1/30/1996,9.5,18.3,23.6,9.3
Ontario,1/31/1996,1,15.6,16.3,4.1
Ontario,2/1/1996,1.8,14.9,13.5,0
Ontario,2/2/1996,-2.8,10,11.9,-1.7
Ontario,2/3/1996,-4,10.8,10.7,-4.1
Ontario,2/4/1996,-5.6,11.3,12,-3.8
Ontario,2/5/1996,-1.7,13.8,15.1,0.1
Ontario,2/6/1996,7.5,20.1,23.3,6.1
Ontario,2/7/1996,12.4,35.9,31.9,18.4
Ontario,2/8/1996,35.2,39.6,38,26.1
Ontario,2/9/1996,30.6,38.5,38.4,31.9
Ontario,2/10/1996,29.8,37,38,23.6
Ontario,2/11/1996,10.4,38.5,29,13.5
Ontario,2/12/1996,0.1,11.4,22.9,3.2
Ontario,2/13/1996,-1.1,19,18.4,1.7
Ontario,2/14/1996,6.2,24.7,22,2
Ontario,2/15/1996,0.8,22.2,23,1.6
Ontario,2/16/1996,-2,22.1,22.8,2.2
Ontario,2/17/1996,7.8,24.2,20.3,2
Ontario,2/18/1996,0.2,14.7,24.4,5.5
Ontario,2/19/1996,8.7,34.2,30.2,14.2
Ontario,2/20/1996,33.7,41.6,39,25.4
Ontario,2/21/1996,33.8,41.3,39.4,33.3
Ontario,2/22/1996,32.4,35.4,38.6,32.8
Ontario,2/23/1996,32.3,39.1,38.9,33.5
Ontario,2/24/1996,35.9,42.2,42,32.8
Ontario,2/25/1996,30.2,44.7,42.4,31
Ontario,2/26/1996,27.1,40.2,39.5,27.7
Ontario,2/27/1996,25.7,33.6,37,22.8
Ontario,2/28/1996,15.5,37.3,30.6,16.2
Ontario,2/29/1996,7.5,20.9,28.9,12.5
Ontario,3/1/1996,14.5,28.4,28.5,13.6
Ontario,3/2/1996,18.8,36.2,29.4,14.8
Ontario,3/3/1996,11.1,23.7,28.5,13.6
Ontario,3/4/1996,10.9,25.7,26.4,12.9
Ontario,3/5/1996,16.8,29.8,25.8,12.8
Ontario,3/6/1996,10.7,21.8,21.8,10.7
Ontario,3/7/1996,4.6,13.7,16.2,6
Ontario,3/8/1996,2.8,13.2,15.8,3
Ontario,3/9/1996,1.6,20.6,21.2,2.6
Ontario,3/10/1996,3.4,29.7,29.3,5.6
Ontario,3/11/1996,11.8,37.7,37,10
Ontario,3/12/1996,14.7,43.5,42.8,17.7
Ontario,3/13/1996,26.5,47.3,49.1,23.7
Ontario,3/14/1996,29.8,56.5,46.7,26.6
Ontario,3/15/1996,23.4,36.3,42.3,24.1
Ontario,3/16/1996,19,34.1,36.8,20.6
Ontario,3/17/1996,19.2,39.8,40.3,21.3
Ontario,3/18/1996,25.6,46.9,47.1,25.1
Ontario,3/19/1996,30.6,54.6,46.2,28.7
Ontario,3/20/1996,29.9,37.2,41,26.8
Ontario,3/21/1996,19.8,31.2,32.7,22.5
Ontario,3/22/1996,17.9,29.6,31.6,19.6
Ontario,3/23/1996,21,33.9,33.3,19.2
Ontario,3/24/1996,18.7,36.4,43.1,22.7
Ontario,3/25/1996,28.3,58.9,42.4,21
Ontario,3/26/1996,16,31.9,39.5,19.2
Ontario,3/27/1996,13.2,27.6,32.7,15.8
Ontario,3/28/1996,18.2,38.7,38,19
Ontario,3/29/1996,25.6,47.8,43.4,23.7
Ontario,3/30/1996,27.3,43.8,46.5,26.7
Ontario,3/31/1996,27.2,48,45.8,27.3
Ontario,4/1/1996,27.6,45.6,45.3,26.6
Ontario,4/2/1996,25,42.4,40.9,27.1
Ontario,4/3/1996,28.8,34.8,36.4,25.7
Ontario,4/4/1996,23.4,31.9,34.1,24.5
Ontario,4/5/1996,21.4,35.6,34.6,22.4
Ontario,4/6/1996,22.5,36.1,36.1,23.8
Ontario,4/7/1996,27.5,36.5,37,24.7
Ontario,4/8/1996,24.2,38.4,38.5,25.4
Ontario,4/9/1996,24.4,40.6,41.1,25.7
Ontario,4/10/1996,28.5,44.3,47,28.8
Ontario,4/11/1996,33.4,56.2,49,32.8
Ontario,4/12/1996,36.5,46.4,47.7,34.2
Ontario,4/13/1996,32.7,40.5,43.6,33.8
Ontario,4/14/1996,32.3,44,44.1,32.1
Ontario,4/15/1996,31.3,47.8,45.9,32.9
Ontario,4/16/1996,35,45.9,47,33.4
Ontario,4/17/1996,33.9,47.2,49.7,33.9
Ontario,4/18/1996,32.9,56,58.2,34.8
Ontario,4/19/1996,37.5,71.4,65.2,39
Ontario,4/20/1996,46.5,68.3,65.7,42.4
Ontario,4/21/1996,43.1,57.3,60.9,42.1
Ontario,4/22/1996,36.7,57.2,53.9,38.6
Ontario,4/23/1996,36,47.2,51.5,34.5
Ontario,4/24/1996,30.8,50.2,52.5,32.7
Ontario,4/25/1996,31.4,60.2,58.4,31.6
Ontario,4/26/1996,32.5,64.6,56.9,31
Ontario,4/27/1996,29.3,45.8,54.8,30.1
Ontario,4/28/1996,28.7,53.9,50.4,31.8
Ontario,4/29/1996,37.3,51.3,52,35.6
Ontario,4/30/1996,40.9,50.8,53.5,37.9
Ontario,5/1/1996,35.6,58.4,56.2,36.9
Ontario,5/2/1996,34.3,59.3,58.2,35.3
Ontario,5/3/1996,35.9,56.8,56.5,36.4
Ontario,5/4/1996,38.9,53.5,54.1,37
Ontario,5/5/1996,36.2,51.9,53.2,37.9
Ontario,5/6/1996,38.5,54.3,55,36
Ontario,5/7/1996,33.3,58.8,58.3,36.4
Ontario,5/8/1996,37.5,61.8,60.3,39.2
Ontario,5/9/1996,47,60.5,62.4,43.8
Ontario,5/10/1996,46.9,64.8,57.7,44.7
Ontario,5/11/1996,40.1,47.7,52.9,40.8
Ontario,5/12/1996,35.3,46.2,48.2,35.7
Ontario,5/13/1996,31.8,50.8,52.7,34.5
Ontario,5/14/1996,36.3,61.1,58.2,35.1
Ontario,5/15/1996,37.2,62.7,60.7,39.9
Ontario,5/16/1996,46.1,58.4,61.6,44.1
Ontario,5/17/1996,49.1,63.8,68.2,48.5
Ontario,5/18/1996,50.2,82.4,76.3,53.3
Ontario,5/19/1996,60.7,82.7,81.4,56.2
Ontario,5/20/1996,57.7,79.1,78.2,58
Ontario,5/21/1996,55.5,72.9,74.7,54.7
Ontario,5/22/1996,51,72.2,70.1,51.4
Ontario,5/23/1996,47.5,65.2,65.9,47.2
Ontario,5/24/1996,43.2,60.2,62.3,43.1
Ontario,5/25/1996,38.6,61.5,61.3,41.8
Ontario,5/26/1996,43.7,62.2,63.3,41.1
Ontario,5/27/1996,41,66.2,66,43.3
Ontario,5/28/1996,45.3,69.5,65.6,43.2
Ontario,5/29/1996,43.3,61.2,65.7,43.4
Ontario,5/30/1996,41.6,66.6,66.5,41.9
Ontario,5/31/1996,40.9,71.9,71.3,42.9
Ontario,6/1/1996,46.1,75.5,73.5,45.4
Ontario,6/2/1996,49.1,73.2,73,50.7
Ontario,6/3/1996,56.9,70.4,71.1,53.4
Ontario,6/4/1996,54.4,69.8,69.2,55
Ontario,6/5/1996,53.6,67.5,68.3,53.5
Ontario,6/6/1996,52.6,67.5,67.1,54.4
Ontario,6/7/1996,56.8,66.2,65.8,55.5
Ontario,6/8/1996,57.2,63.5,65.6,56.9
Ontario,6/9/1996,56.8,67.2,69.6,58.2
Ontario,6/10/1996,60.7,78.1,75.4,60
Ontario,6/11/1996,62.3,80.8,78.1,60.9
Ontario,6/12/1996,59.7,75.5,77.5,61.1
Ontario,6/13/1996,61.4,76.2,77.1,61
Ontario,6/14/1996,61.9,79.6,78.4,60.3
Ontario,6/15/1996,57.7,79.4,76.8,58
Ontario,6/16/1996,54.4,71.6,75.4,56.5
Ontario,6/17/1996,57.5,75.1,71.3,56.8
Ontario,6/18/1996,58.6,67.3,72.2,58.6
Ontario,6/19/1996,59.7,74.3,72.3,59.3
Ontario,6/20/1996,59.7,75.4,76,59.2
Ontario,6/21/1996,58.2,78.3,76.8,56.9
Ontario,6/22/1996,52.7,76.5,75.3,54.1
Ontario,6/23/1996,51.6,71.2,71.6,53.4
Ontario,6/24/1996,55.9,67.2,70.5,53.9
Ontario,6/25/1996,54.3,73.1,71.5,53.6
Ontario,6/26/1996,50.7,74.2,75.5,53.3
Ontario,6/27/1996,55,79.1,76.1,55.7
Ontario,6/28/1996,61.5,74.8,76.9,59
Ontario,6/29/1996,60.4,76.6,79,63.1
Ontario,6/30/1996,67.3,85.5,80.8,62.4
Ontario,7/1/1996,59.5,80.2,81.5,61.7
Ontario,7/2/1996,58.2,78.7,75,58.1
Ontario,7/3/1996,56.5,66.1,73.1,56.9
Ontario,7/4/1996,55.9,74.5,73.5,55.7
Ontario,7/5/1996,54.6,79.9,76.6,57.8
Ontario,7/6/1996,63,75.6,77.4,59.3
Ontario,7/7/1996,60.4,76.6,76.4,59.5
Ontario,7/8/1996,55.1,77.1,74.3,56.2
Ontario,7/9/1996,53.2,69.2,72.3,53
Ontario,7/10/1996,50.7,70.5,72.6,52.6
Ontario,7/11/1996,53.9,78.2,75.3,52.9
Ontario,7/12/1996,54.2,77.3,77.1,57.2
Ontario,7/13/1996,63.5,75.9,78.4,60.5
Ontario,7/14/1996,63.8,81.9,78,63.8
Ontario,7/15/1996,64.1,76.3,79.5,63.3
Ontario,7/16/1996,62.1,80.2,79.8,62.7
Ontario,7/17/1996,61.9,83,80.9,62.3
Ontario,7/18/1996,62.9,79.6,79,60
Ontario,7/19/1996,55.2,74.3,74.7,57.4
Ontario,7/20/1996,54.1,70.1,73.4,54.3
Ontario,7/21/1996,53.7,75.7,74.9,53.2
Ontario,7/22/1996,51.9,79,78.5,55.7
Ontario,7/23/1996,61.5,80.9,80.7,57.8
Ontario,7/24/1996,60,82.4,81.1,61.3
Ontario,7/25/1996,62.5,80,78.7,59.7
Ontario,7/26/1996,56.6,73.8,75.9,57.2
Ontario,7/27/1996,52.4,73.8,73.7,52.9
Ontario,7/28/1996,49.7,73.5,74.6,51.8
Ontario,7/29/1996,53.3,76.5,75.9,54.9
Ontario,7/30/1996,61.7,77.7,76.9,58.6
Ontario,7/31/1996,60.8,76.4,75.8,60.6
Ontario,8/1/1996,59.3,73.5,75.1,58.8
Ontario,8/2/1996,56.4,75.3,75.9,57.8
Ontario,8/3/1996,57.6,78.8,78.2,57.6
Ontario,8/4/1996,58.9,80.4,80.7,59.1
Ontario,8/5/1996,61,82.8,82.9,61.5
Ontario,8/6/1996,64.6,85.5,85.1,65.6
Ontario,8/7/1996,71.2,87.1,85,66.3
Ontario,8/8/1996,63.1,82.6,82.1,64.5
Ontario,8/9/1996,59,76.6,77.2,58.8
Ontario,8/10/1996,54.3,72.3,73.6,54.4
Ontario,8/11/1996,50,72,73,54
Ontario,8/12/1996,57.7,74.8,76.3,55.3
Ontario,8/13/1996,58.1,82,78,57.5
Ontario,8/14/1996,56.7,77,80.6,58.9
Ontario,8/15/1996,61.9,82.8,77.7,59.8
Ontario,8/16/1996,60.8,73.2,78,59.9
Ontario,8/17/1996,57,78.1,77.9,58.4
Ontario,8/18/1996,57.4,82.4,80.4,57.9
Ontario,8/19/1996,59.4,80.8,82.5,61.3
Ontario,8/20/1996,67.1,84.4,83,63
Ontario,8/21/1996,62.6,83.8,84.5,62.9
Ontario,8/22/1996,59,85.3,82.8,60.9
Ontario,8/23/1996,61,79.3,81.9,59.3
Ontario,8/24/1996,57.9,81,81.6,60.2
Ontario,8/25/1996,61.7,84.4,82.7,60
Ontario,8/26/1996,60.4,82.8,79.8,60.6
Ontario,8/27/1996,59.7,72.3,77,59.6
Ontario,8/28/1996,58.7,75.9,75.2,57.6
Ontario,8/29/1996,54.2,77.3,75.8,55.3
Ontario,8/30/1996,52.9,74.4,76.7,53.5
Ontario,8/31/1996,53.5,78.6,78.1,54.2
Ontario,9/1/1996,56.2,81.2,80.5,55.9
Ontario,9/2/1996,58,81.8,81.7,57.6
Ontario,9/3/1996,58.5,82.2,81.7,58.5
Ontario,9/4/1996,59,81.2,81.7,59.1
Ontario,9/5/1996,59.9,81.7,81.5,60.1
Ontario,9/6/1996,61.2,81.7,79.5,61.2
Ontario,9/7/1996,62.4,74.9,75.3,61.7
Ontario,9/8/1996,61.6,69.2,71.4,60.6
Ontario,9/9/1996,57.8,70.1,71.5,59.1
Ontario,9/10/1996,57.8,75.2,73.8,56.1
Ontario,9/11/1996,52.9,76.2,75,55.1
Ontario,9/12/1996,54.7,73.6,69.8,53.3
Ontario,9/13/1996,52.5,59.5,64.3,53.1
Ontario,9/14/1996,52.3,59.6,62.4,53
Ontario,9/15/1996,54.4,67.9,64.3,53.5
Ontario,9/16/1996,54,65.3,66.7,54
Ontario,9/17/1996,53.6,66.9,67.9,53.5
Ontario,9/18/1996,52.9,71.5,69.8,51.4
Ontario,9/19/1996,47.7,71,72.6,48.9
Ontario,9/20/1996,46.1,75.2,72.9,47.3
Ontario,9/21/1996,48,72.6,70.1,49
Ontario,9/22/1996,53,62.4,65.5,47.8
Ontario,9/23/1996,42.3,61.3,59.2,45.6
Ontario,9/24/1996,41.7,53.8,58.1,43
Ontario,9/25/1996,44.9,59,58.7,43
Ontario,9/26/1996,42.3,63.1,63.1,46.9
Ontario,9/27/1996,53.5,67.3,65.2,49
Ontario,9/28/1996,51,65.1,66,50.4
Ontario,9/29/1996,46.5,65.6,63.1,45.1
Ontario,9/30/1996,37.9,58.6,65.9,44.5
Ontario,10/1/1996,49.2,73.4,68.4,43.7
Ontario,10/2/1996,43.9,73.2,65.2,42.7
Ontario,10/3/1996,35,49.1,57.2,36.7
Ontario,10/4/1996,31.3,49.3,51.6,32.8
Ontario,10/5/1996,32.1,56.4,57.1,33.8
Ontario,10/6/1996,38,65.6,63.9,38.7
Ontario,10/7/1996,46,69.6,63.2,43.5
Ontario,10/8/1996,46.5,54.5,58.1,45.8
Ontario,10/9/1996,45.1,50.1,50.7,42.2
Ontario,10/10/1996,35,47.5,48.5,37.6
Ontario,10/11/1996,32.6,48,51,35.1
Ontario,10/12/1996,37.6,57.6,58.4,39.4
Ontario,10/13/1996,48,69.6,61.9,39.7
Ontario,10/14/1996,33.6,58.5,58,36.7
Ontario,10/15/1996,28.4,45.8,57,34.6
Ontario,10/16/1996,41.9,66.7,56.2,38.3
Ontario,10/17/1996,44.4,56.1,60.7,42.3
Ontario,10/18/1996,40.6,59.4,55.4,42.2
Ontario,10/19/1996,41.6,50.7,54.5,42
Ontario,10/20/1996,43.7,53.3,51.2,43.3
Ontario,10/21/1996,44.6,49.5,51.8,44.1
Ontario,10/22/1996,43.9,52.5,52.2,43.8
Ontario,10/23/1996,42.8,54.7,52.9,42.3
Ontario,10/24/1996,40.3,51.5,54.5,41
Ontario,10/25/1996,39.8,57.2,56,39.3
Ontario,10/26/1996,37.8,59.5,59.8,39.8
Ontario,10/27/1996,41.8,62.9,59.3,38.7
Ontario,10/28/1996,36.4,55.5,56.3,36.9
Ontario,10/29/1996,32.4,50.5,54.3,35.5
Ontario,10/30/1996,37.7,56.9,49.6,33.8
Ontario,10/31/1996,31.3,41.5,45.3,33.1
Ontario,11/1/1996,30.1,37.6,39.1,30.1
Ontario,11/2/1996,28.9,38.3,38.8,28.8
Ontario,11/3/1996,27.2,40.6,43.6,29.2
Ontario,11/4/1996,31.5,52.1,46.3,33
Ontario,11/5/1996,40.4,46.3,49.6,36.9
Ontario,11/6/1996,39,50.5,54.2,40.8
Ontario,11/7/1996,43.2,65.8,55,41.8
Ontario,11/8/1996,43.3,48.6,54.3,39.5
Ontario,11/9/1996,31.9,48.4,46.2,35.1
Ontario,11/10/1996,30,41.5,42.5,30
Ontario,11/11/1996,28.1,37.5,37.5,27.7
Ontario,11/12/1996,25,33.7,34.3,24.4
Ontario,11/13/1996,20.1,31.8,32.9,20.9
Ontario,11/14/1996,17.7,33.3,31.7,17.5
Ontario,11/15/1996,14.7,29.9,35.2,18.8
Ontario,11/16/1996,24.1,42.3,39.5,21.1
Ontario,11/17/1996,24.7,46.3,44.6,27.2
Ontario,11/18/1996,32.8,45.3,43.6,29.3
Ontario,11/19/1996,30.4,39.3,40.3,29.8
Ontario,11/20/1996,26.2,36.2,37,28.4
Ontario,11/21/1996,28.5,35.5,36.4,27.7
Ontario,11/22/1996,28.2,37.5,36.3,25.6
Ontario,11/23/1996,19.9,35.8,32.6,21.5
Ontario,11/24/1996,16.3,24.5,30.8,19.1
Ontario,11/25/1996,21.2,32.1,29.5,18.4
Ontario,11/26/1996,17.6,32,30.2,17.6
Ontario,11/27/1996,14.1,26.6,29.4,17
Ontario,11/28/1996,19.3,29.7,31.7,20.5
Ontario,11/29/1996,28.2,38.8,36.7,27
Ontario,11/30/1996,33.6,41.7,44.6,32.5
Ontario,12/1/1996,35.8,53.2,44.4,33.2
Ontario,12/2/1996,30.2,38.2,43.1,31.4
Ontario,12/3/1996,28.2,38,37.1,28.4
Ontario,12/4/1996,26.7,35.3,36.7,26.8
Ontario,12/5/1996,25.5,36.8,36.5,28.6
Ontario,12/6/1996,33.5,37.3,37,30.6
Ontario,12/7/1996,32.9,36.8,36.2,31.3
Ontario,12/8/1996,27.4,34.6,36,27.8
Ontario,12/9/1996,23,36.6,36,26
Ontario,12/10/1996,27.4,36.7,37.4,26.9
Ontario,12/11/1996,30.3,38.9,39.9,29.6
Ontario,12/12/1996,31.2,44.1,42.5,31.7
Ontario,12/13/1996,33.7,44.5,42.9,32.4
Ontario,12/14/1996,32.3,40.1,41.1,33.4
Ontario,12/15/1996,34.2,38.8,39.8,33.7
Ontario,12/16/1996,34.7,40.5,41.2,34.8
Ontario,12/17/1996,35.4,44.2,40.7,31.7
Ontario,12/18/1996,24.8,37.2,35.6,25.6
Ontario,12/19/1996,16.7,25.4,29.7,18
Ontario,12/20/1996,12.6,26.6,27.7,14
Ontario,12/21/1996,12.8,31.1,30.8,18.2
Ontario,12/22/1996,29.2,34.8,36.5,24.9
Ontario,12/23/1996,32.8,43.4,42.5,26.9
Ontario,12/24/1996,18.9,49.2,39.3,21.7
Ontario,12/25/1996,13.4,25.1,32.2,15.3
Ontario,12/26/1996,13.8,22.2,26.1,15.7
Ontario,12/27/1996,20,31.1,31.7,20.9
Ontario,12/28/1996,28.9,41.9,37.1,25.7
Ontario,12/29/1996,28.4,38.2,36.3,24.7
Ontario,12/30/1996,16.9,28.8,27.6,16.1
Ontario,12/31/1996,3,15.7,22.8,7.6
Ontario,1/1/1997,3.1,23.9,25.5,9.8
Ontario,1/2/1997,23.3,36.8,33.5,19.5
Ontario,1/3/1997,32.1,39.6,37.9,29.1
Ontario,1/4/1997,31.8,37.1,41.9,31
Ontario,1/5/1997,29.3,49,38.9,28.1
Ontario,1/6/1997,23.2,30.7,34.5,22.2
Ontario,1/7/1997,14.1,23.8,25.6,16.2
Ontario,1/8/1997,11.2,22.3,25.7,12.1
Ontario,1/9/1997,11.1,31,27.4,11.9
Ontario,1/10/1997,13.4,28.9,26.7,11.9
Ontario,1/11/1997,11.2,20.2,22.9,12.5
Ontario,1/12/1997,12.8,19.6,21.2,13.2
Ontario,1/13/1997,15.5,23.6,22.6,13.9
Ontario,1/14/1997,13.3,24.5,27.9,14.4
Ontario,1/15/1997,14.4,35.6,32.7,10.1
Ontario,1/16/1997,2.6,38,26.6,5
Ontario,1/17/1997,-2,6.4,16.1,-4.3
Ontario,1/18/1997,-13.7,3.8,9.8,-6.8
Ontario,1/19/1997,-4.8,19.1,17.6,-2.5
Ontario,1/20/1997,10.9,30,26.6,3.3
Ontario,1/21/1997,3.9,30.6,35.1,14.5
Ontario,1/22/1997,28.7,44.7,37.8,13.4
Ontario,1/23/1997,7.6,38.2,38.3,14.2
Ontario,1/24/1997,6.2,32,35.5,9
Ontario,1/25/1997,13.2,36.4,27.2,5.5
Ontario,1/26/1997,-2.8,13.2,26.5,5.1
Ontario,1/27/1997,4.8,30,24.1,3.7
Ontario,1/28/1997,9.1,29,23.8,5.4
Ontario,1/29/1997,2.3,12.4,21.5,5
Ontario,1/30/1997,3.6,23.2,23.3,7.5
Ontario,1/31/1997,16.5,34.2,30.5,14
Ontario,2/1/1997,21.9,34.2,34.2,22
Ontario,2/2/1997,27.7,34.3,34.1,22.3
Ontario,2/3/1997,17.4,33.9,34.5,20
Ontario,2/4/1997,14.9,35.3,35.2,18
Ontario,2/5/1997,21.6,36.4,34,19.1
Ontario,2/6/1997,21,30.3,32.5,20.4
Ontario,2/7/1997,18.7,30.9,27.3,16.3
Ontario,2/8/1997,9.1,20.8,26.1,10.6
Ontario,2/9/1997,4.1,26.6,25.3,10.2
Ontario,2/10/1997,17.3,28.6,28.8,12.6
Ontario,2/11/1997,16.4,31.3,30,12.6
Ontario,2/12/1997,4.2,30.2,28.2,6.2
Ontario,2/13/1997,-2,23.2,28.5,7
Ontario,2/14/1997,18.8,32.2,29.1,9.3
Ontario,2/15/1997,11.1,31.8,26.6,10.7
Ontario,2/16/1997,2.3,15.9,26.2,1.9
Ontario,2/17/1997,-7.6,30.8,31.9,8.3
Ontario,2/18/1997,30,49.1,42.6,16.7
Ontario,2/19/1997,27.6,47.8,44.2,26.7
Ontario,2/20/1997,22.3,35.6,45.3,28.3
Ontario,2/21/1997,35.1,52.5,43.2,24
Ontario,2/22/1997,14.6,41.4,42.2,21.9
Ontario,2/23/1997,16.1,32.6,33,13.2
Ontario,2/24/1997,8.9,24.9,28.9,11.5
Ontario,2/25/1997,9.5,29.1,34.1,14.5
Ontario,2/26/1997,25.2,48.3,41.5,20
Ontario,2/27/1997,25.2,47.1,43.4,24.8
Ontario,2/28/1997,24.1,34.8,44.5,26.2
Ontario,3/1/1997,29.3,51.5,45.2,26.6
Ontario,3/2/1997,26.4,49.3,44,26.3
Ontario,3/3/1997,23.3,31.1,38.7,25.2
Ontario,3/4/1997,25.7,35.7,34.7,25.7
Ontario,3/5/1997,28.1,37.4,35.2,24.9
Ontario,3/6/1997,20.8,32.4,32,20.2
Ontario,3/7/1997,11.6,26.2,29.1,13.7
Ontario,3/8/1997,8.8,28.7,30.5,7.7
Ontario,3/9/1997,2.6,36.6,34.7,14.1
Ontario,3/10/1997,30.8,38.6,36.6,18.5
Ontario,3/11/1997,22,34.6,34.2,22.6
Ontario,3/12/1997,15.1,29.3,29.6,15.6
Ontario,3/13/1997,9.9,25,29.2,14.3
Ontario,3/14/1997,18.1,33.3,27.7,14
Ontario,3/15/1997,14.2,24.9,27.2,13
Ontario,3/16/1997,6.8,23.5,29.8,13.2
Ontario,3/17/1997,18.5,41,31.7,13.7
Ontario,3/18/1997,15.8,30.6,35.1,15.7
Ontario,3/19/1997,12.7,33.8,33.6,17.5
Ontario,3/20/1997,24.1,36.6,35.4,21
Ontario,3/21/1997,26.3,35.9,35.1,22.2
Ontario,3/22/1997,16.2,32.9,32.1,18.3
Ontario,3/23/1997,12.4,27.5,32.2,14
Ontario,3/24/1997,13.5,36.1,36.7,16.8
Ontario,3/25/1997,24.5,46.5,40.2,23.8
Ontario,3/26/1997,33.3,37.9,46.3,30.2
Ontario,3/27/1997,32.8,54.6,49.2,32.3
Ontario,3/28/1997,30.8,55.2,54.4,34.2
Ontario,3/29/1997,39.1,53.4,49.3,31.4
Ontario,3/30/1997,24.5,39.3,42.2,28.6
Ontario,3/31/1997,22.3,33.8,40.5,24.6
Ontario,4/1/1997,27.1,48.6,47,26.1
Ontario,4/2/1997,28.9,58.7,55.2,29.6
Ontario,4/3/1997,33,58.4,57.8,31.6
Ontario,4/4/1997,32.8,56.3,56.2,35
Ontario,4/5/1997,39.3,54,60.2,37.8
Ontario,4/6/1997,41.1,70.4,56.1,36.4
Ontario,4/7/1997,28.9,44,48.6,30.2
Ontario,4/8/1997,20.6,31.4,35.6,21.5
Ontario,4/9/1997,15,31.5,34.2,18.6
Ontario,4/10/1997,20.3,39.5,38.4,20.2
Ontario,4/11/1997,25.3,44.1,41.1,25.4
Ontario,4/12/1997,30.6,39.6,41,29
Ontario,4/13/1997,31,39.5,41.6,29.4
Ontario,4/14/1997,26.6,45.7,46.5,28.7
Ontario,4/15/1997,28.5,54.3,52.1,29.7
Ontario,4/16/1997,34,56.4,51.5,31.9
Ontario,4/17/1997,33.2,43.8,48.2,32.4
Ontario,4/18/1997,29.9,44.2,42.9,31
Ontario,4/19/1997,29.8,40.6,43,30.7
Ontario,4/20/1997,32.3,44.3,47.5,30.4
Ontario,4/21/1997,29.1,57.6,52.5,32.1
Ontario,4/22/1997,35,55.7,57.8,33.7
Ontario,4/23/1997,37.1,60.1,58.2,36.9
Ontario,4/24/1997,38.6,58.9,60,37.6
Ontario,4/25/1997,37,61.1,60.8,36.7
Ontario,4/26/1997,34.6,62.4,60.3,35.3
Ontario,4/27/1997,34.4,57.5,57.9,36.1
Ontario,4/28/1997,39.4,53.9,58.6,36.6
Ontario,4/29/1997,35.9,64.3,63.5,40.3
Ontario,4/30/1997,45.4,72.4,65.1,39.6
Ontario,5/1/1997,37.6,58.6,62,38.7
Ontario,5/2/1997,33,55,53.5,35.7
Ontario,5/3/1997,36.5,47,52.4,34.6
Ontario,5/4/1997,34.1,55.1,54.4,35.2
Ontario,5/5/1997,34.8,61,56.3,34.5
Ontario,5/6/1997,34.5,52.8,55.3,33.7
Ontario,5/7/1997,32,52.1,53.3,33.7
Ontario,5/8/1997,34.6,54.9,53.9,36.2
Ontario,5/9/1997,42,54.6,54.4,39.2
Ontario,5/10/1997,41.1,53.7,57.3,40.4
Ontario,5/11/1997,38.1,63.7,58.7,40
Ontario,5/12/1997,40.8,58.7,61.2,39.3
Ontario,5/13/1997,39.2,61.1,58.3,40.2
Ontario,5/14/1997,40.7,54.9,56.6,39.4
Ontario,5/15/1997,38.3,53.6,53.7,39.6
Ontario,5/16/1997,39.9,52.5,53.9,39.1
Ontario,5/17/1997,39.1,55.4,54.8,38.3
Ontario,5/18/1997,36.1,56.3,58,39.3
Ontario,5/19/1997,42.8,62.1,58,40.2
Ontario,5/20/1997,41.7,55.5,57.7,41.3
Ontario,5/21/1997,39.5,55.6,55.7,40.3
Ontario,5/22/1997,39.9,56.1,58.5,39.2
Ontario,5/23/1997,38.4,63.8,62.8,41.3
Ontario,5/24/1997,45.7,68.5,63.8,41.7
Ontario,5/25/1997,41,59.2,63.4,41.8
Ontario,5/26/1997,38.6,62.4,61.5,39.8
Ontario,5/27/1997,39.6,63,64.9,39.6
Ontario,5/28/1997,40.6,69.2,65.1,43.2
Ontario,5/29/1997,49.5,63.2,66.3,47.3
Ontario,5/30/1997,51.9,66.4,66,46.4
Ontario,5/31/1997,37.7,68.6,67.1,47.8
Ontario,6/1/1997,53.8,66.3,67.2,47.9
Ontario,6/2/1997,52.2,66.6,68.1,50.9
Ontario,6/3/1997,46.7,71.3,71.7,48.1
Ontario,6/4/1997,45.5,77.2,75.2,47
Ontario,6/5/1997,48.9,77,76.8,49.5
Ontario,6/6/1997,54.1,76.3,74.3,52.3
Ontario,6/7/1997,53.9,69.5,74.4,54
Ontario,6/8/1997,54.1,77.4,76.9,53.7
Ontario,6/9/1997,53,83.8,82.4,55.6
Ontario,6/10/1997,59.6,85.8,85.1,57.9
Ontario,6/11/1997,61.1,85.7,84,60.8
Ontario,6/12/1997,61.7,80.6,81.6,59.3
Ontario,6/13/1997,55.2,78.4,76.3,55
Ontario,6/14/1997,48.2,69.8,73.2,48.9
Ontario,6/15/1997,43.4,71.3,73.7,48.1
Ontario,6/16/1997,52.7,80.1,74,51.2
Ontario,6/17/1997,57.6,70.6,73.7,55.3
Ontario,6/18/1997,55.5,70.5,68.7,56.1
Ontario,6/19/1997,55.1,64.9,69.1,57.3
Ontario,6/20/1997,61.2,71.9,74.4,60.8
Ontario,6/21/1997,66,86.3,79.7,63.3
Ontario,6/22/1997,62.6,81,82.8,62.1
Ontario,6/23/1997,57.9,81,81.1,60.7
Ontario,6/24/1997,61.7,81.5,83,60.1
Ontario,6/25/1997,60.7,86.7,83.4,60.9
Ontario,6/26/1997,60.3,82,82.9,58.5
Ontario,6/27/1997,54.5,80.1,82.2,58.2
Ontario,6/28/1997,59.8,84.7,83.5,59.1
Ontario,6/29/1997,63,85.8,85.3,63
Ontario,6/30/1997,66.3,85.5,84.9,65.2
Ontario,7/1/1997,66.1,83.3,84.1,65.7
Ontario,7/2/1997,64.8,83.4,81.1,63.8
Ontario,7/3/1997,60.5,76.6,75,59.4
Ontario,7/4/1997,53.1,64.8,72.9,54.2
Ontario,7/5/1997,49.2,77.2,73.8,53.1
Ontario,7/6/1997,57.1,79.5,76.6,53.2
Ontario,7/7/1997,53.3,73.2,73.1,53.4
Ontario,7/8/1997,50,66.7,70.3,52.6
Ontario,7/9/1997,54.6,70.8,72,52.4
Ontario,7/10/1997,52.7,78.5,77.2,55
Ontario,7/11/1997,57.8,82.4,82.3,56.6
Ontario,7/12/1997,59.3,86.1,85.1,60.3
Ontario,7/13/1997,63.8,86.9,87.9,64.1
Ontario,7/14/1997,69.3,90.8,88.1,66.6
Ontario,7/15/1997,66.7,86.7,88.8,66.8
Ontario,7/16/1997,64.4,89.1,88.1,65.8
Ontario,7/17/1997,66.4,88.6,87.2,63.5
Ontario,7/18/1997,59.5,83.9,80.4,58.8
Ontario,7/19/1997,50.6,68.8,76.2,53.4
Ontario,7/20/1997,50.1,75.9,71,52.4
Ontario,7/21/1997,56.4,68.3,73.6,53.4
Ontario,7/22/1997,53.5,76.7,74.7,53.6
Ontario,7/23/1997,50.9,79,76.9,55.5
Ontario,7/24/1997,62.1,74.9,78.4,58.4
Ontario,7/25/1997,62.4,81.2,79.1,61.9
Ontario,7/26/1997,61.3,81.3,82.5,64
Ontario,7/27/1997,68.3,84.9,83.2,63.1
Ontario,7/28/1997,59.6,83.6,81.5,60.9
Ontario,7/29/1997,54.7,76.1,80.7,55.3
Ontario,7/30/1997,51.6,82.3,81.3,55.3
Ontario,7/31/1997,59.5,85.5,82.4,57.7
Ontario,8/1/1997,62,79.5,84.1,62.9
Ontario,8/2/1997,67.2,87.3,81.8,62.6
Ontario,8/3/1997,58.5,78.5,81.2,59.9
Ontario,8/4/1997,54,77.7,76.8,54.7
Ontario,8/5/1997,51.7,74.2,75.2,51.3
Ontario,8/6/1997,48.2,73.8,76.8,50.1
Ontario,8/7/1997,50.5,82.5,80.7,52.4
Ontario,8/8/1997,58.6,86,85.1,55.8
Ontario,8/9/1997,58.2,86.9,85.5,59.7
Ontario,8/10/1997,62.2,83.7,81,57.4
Ontario,8/11/1997,51.8,72.6,76.8,54.5
Ontario,8/12/1997,49.4,74.1,72.4,51.9
Ontario,8/13/1997,54.5,70.5,72.6,51.1
Ontario,8/14/1997,49.5,73.2,73.3,53.3
Ontario,8/15/1997,56,76,78.9,57.1
Ontario,8/16/1997,65.8,87.5,77.7,59.7
Ontario,8/17/1997,57.4,69.6,76.5,58.1
Ontario,8/18/1997,51.2,72.4,71.8,53.1
Ontario,8/19/1997,50.6,73.5,72.7,50.9
Ontario,8/20/1997,51,72.3,71.3,52.7
Ontario,8/21/1997,56.5,68.1,69.5,54.6
Ontario,8/22/1997,56.3,68.2,69.4,55.3
Ontario,8/23/1997,53.1,71.8,70.6,53.2
Ontario,8/24/1997,50.1,71.7,72.1,52.5
Ontario,8/25/1997,54.4,72.9,72.6,52.3
Ontario,8/26/1997,52.4,73.1,75.3,55.2
Ontario,8/27/1997,58.9,80.1,76.2,56.3
Ontario,8/28/1997,57.6,75.4,76.6,57.7
Ontario,8/29/1997,56.7,74.1,74.3,56.4
Ontario,8/30/1997,54.8,73.4,72.5,56.5
Ontario,8/31/1997,58,70.1,73.2,57.5
Ontario,9/1/1997,59.7,76.1,73.8,57.3
Ontario,9/2/1997,54.1,75.2,70.9,53.7
Ontario,9/3/1997,47.3,61.5,68.5,48
Ontario,9/4/1997,42.6,69,68.6,45.6
Ontario,9/5/1997,47,75.3,74.4,49.1
Ontario,9/6/1997,57.7,79.1,73.9,52.8
Ontario,9/7/1997,53.9,67.4,71.5,52.8
Ontario,9/8/1997,46.8,68.1,69.6,48.8
Ontario,9/9/1997,45.6,73.4,69.2,50.4
Ontario,9/10/1997,58.8,66.2,70.4,54.6
Ontario,9/11/1997,59.5,71.7,68.9,58.6
Ontario,9/12/1997,57.5,68.7,70.9,57.1
Ontario,9/13/1997,54.3,72.4,72.1,54.4
Ontario,9/14/1997,51.5,75.1,75.7,53.4
Ontario,9/15/1997,54.3,79.7,74.8,53.8
Ontario,9/16/1997,55.5,69.6,74.5,54.4
Ontario,9/17/1997,53.5,74.2,73.7,53.6
Ontario,9/18/1997,51.8,77.3,74.7,54.8
Ontario,9/19/1997,59.3,72.4,72.4,52
Ontario,9/20/1997,44.9,67.6,66.5,47.9
Ontario,9/21/1997,39.5,59.6,64.4,42
Ontario,9/22/1997,41.5,66.1,62.8,40.7
Ontario,9/23/1997,41.1,62.5,62.9,39.6
Ontario,9/24/1997,36.3,60.1,61.3,42.2
Ontario,9/25/1997,49.2,61.2,59.7,41.7
Ontario,9/26/1997,39.5,57.8,60.1,41.3
Ontario,9/27/1997,35.2,61.4,62.6,38.9
Ontario,9/28/1997,42.1,68.5,66.8,42.8
Ontario,9/29/1997,51.2,70.6,68,45.5
Ontario,9/30/1997,43.1,64.9,61.9,43.1
Ontario,10/1/1997,34.9,50.2,56.7,37.5
Ontario,10/2/1997,34.4,55.2,58,39.7
Ontario,10/3/1997,49.7,68.6,65.4,44.8
Ontario,10/4/1997,50.3,72.3,72.7,51.2
Ontario,10/5/1997,53.5,77.2,75.8,52.5
Ontario,10/6/1997,53.6,78,75.5,52.8
Ontario,10/7/1997,51.4,71.3,73.6,51.3
Ontario,10/8/1997,48.7,71.4,72.6,51.3
Ontario,10/9/1997,53.8,75,70.4,48.2
Ontario,10/10/1997,42,64.8,65.9,44.4
Ontario,10/11/1997,37.3,57.9,62.2,38.2
Ontario,10/12/1997,35.4,64,64.5,39
Ontario,10/13/1997,44.3,71.6,67.3,41.8
Ontario,10/14/1997,45.8,66.3,64.5,43.5
Ontario,10/15/1997,40.5,55.6,59.3,41.5
Ontario,10/16/1997,38.1,56,55.2,37.3
Ontario,10/17/1997,33.4,53.9,55.4,33.7
Ontario,10/18/1997,29.7,56.2,56.5,31.3
Ontario,10/19/1997,30.7,59.3,57,32
Ontario,10/20/1997,35.4,55.6,54.7,33.2
Ontario,10/21/1997,33.3,49.3,47.9,32.5
Ontario,10/22/1997,28.7,38.9,42.7,31.2
Ontario,10/23/1997,31.5,39.8,41.9,32
Ontario,10/24/1997,35.7,47,45,31.3
Ontario,10/25/1997,26.8,48.3,45.5,29.3
Ontario,10/26/1997,25.5,41.3,43,28.2
Ontario,10/27/1997,32.2,39.3,41.7,29.5
Ontario,10/28/1997,30.9,44.6,45.2,33.3
Ontario,10/29/1997,36.9,51.7,49.6,33.4
Ontario,10/30/1997,32.4,52.6,54.7,35.4
Ontario,10/31/1997,36.9,59.7,56.1,38.1
Ontario,11/1/1997,45.1,56.1,57.3,40.8
Ontario,11/2/1997,40.5,56.2,54.7,40.7
Ontario,11/3/1997,36.7,51.9,52.3,36.8
Ontario,11/4/1997,33.2,48.7,49.3,36.4
Ontario,11/5/1997,39.2,47.2,48.9,36.6
Ontario,11/6/1997,37.4,50.6,49.5,37.1
Ontario,11/7/1997,34.6,50.7,51.9,35.8
Ontario,11/8/1997,35.3,54.2,51.3,34.6
Ontario,11/9/1997,33.9,48.8,49.1,33.7
Ontario,11/10/1997,31.9,44.1,44.2,30.3
Ontario,11/11/1997,25.1,39.6,41.1,26.8
Ontario,11/12/1997,23.4,39.7,39,23.1
Ontario,11/13/1997,20.8,37.6,36.9,22.3
Ontario,11/14/1997,22.8,33.4,33.9,22.6
Ontario,11/15/1997,24.1,30.7,31.9,20.9
Ontario,11/16/1997,15.9,31.4,32.1,22.3
Ontario,11/17/1997,26.9,34.1,34.1,21.5
Ontario,11/18/1997,21.6,36.9,36.2,25.8
Ontario,11/19/1997,29,37.5,38.5,26.1
Ontario,11/20/1997,27.6,41.2,40.2,29.1
Ontario,11/21/1997,30.8,42,38.1,27.7
Ontario,11/22/1997,24.6,31.1,36.9,27.5
Ontario,11/23/1997,27,37.7,32.8,23.5
Ontario,11/24/1997,18.9,29.5,36.4,21.4
Ontario,11/25/1997,18.3,42.1,39.8,23.9
Ontario,11/26/1997,34.6,47.7,43.8,25.9
Ontario,11/27/1997,24.9,41.5,44.1,30.4
Ontario,11/28/1997,31.8,43,42.2,28.2
Ontario,11/29/1997,27.8,42,40.9,29.8
Ontario,11/30/1997,30,37.6,38.1,28.2
Ontario,12/1/1997,26.8,34.8,36.5,26.6
Ontario,12/2/1997,23.2,37,36,22.9
Ontario,12/3/1997,18.7,36.2,37.1,24.2
Ontario,12/4/1997,30.8,38,37.6,26
Ontario,12/5/1997,28.6,38.5,37.5,29.1
Ontario,12/6/1997,27.8,35.9,38.3,28.7
Ontario,12/7/1997,29.9,40.4,36.8,29
Ontario,12/8/1997,29.3,34.2,36.5,29.2
Ontario,12/9/1997,28.4,34.8,33.5,27
Ontario,12/10/1997,23.2,31.5,31,23.6
Ontario,12/11/1997,19.1,26.7,29.7,20.1
Ontario,12/12/1997,18,30.8,30.8,21.5
Ontario,12/13/1997,27.5,34.8,33.3,20.2
Ontario,12/14/1997,15.2,34.2,36.7,21.1
Ontario,12/15/1997,20.6,41.1,40.8,21.8
Ontario,12/16/1997,29.5,47.1,43.6,25.5
Ontario,12/17/1997,26.3,42.7,43.1,26.3
Ontario,12/18/1997,23.3,39.3,41.5,27.3
Ontario,12/19/1997,32.2,42.5,39.2,24.5
Ontario,12/20/1997,18,35.7,35.7,20.5
Ontario,12/21/1997,11.2,28.8,32.2,13.5
Ontario,12/22/1997,11.4,32,32.2,15.6
Ontario,12/23/1997,24.3,35.6,34.6,21.6
Ontario,12/24/1997,29,36.3,36.6,27.6
Ontario,12/25/1997,29.6,38,36.7,29.9
Ontario,12/26/1997,31.2,35.7,37.1,26.4
Ontario,12/27/1997,18.4,37.5,34.3,19.8
Ontario,12/28/1997,9.7,29.7,33.7,17.3
Ontario,12/29/1997,23.6,34,31.5,15.2
Ontario,12/30/1997,12.3,30.6,25.8,11.8
Ontario,12/31/1997,-0.4,12.7,25.7,5
Ontario,1/1/1998,3.1,33.6,30.2,11.2
Ontario,1/2/1998,30.9,44.3,41.7,24.6
Ontario,1/3/1998,39.8,47.3,44.3,31.8
Ontario,1/4/1998,24.6,41.3,42.6,30.9
Ontario,1/5/1998,28.2,39.3,43,29.7
Ontario,1/6/1998,36.3,48.5,43.2,33.4
Ontario,1/7/1998,35.7,41.9,42.6,34.6
Ontario,1/8/1998,31.9,37.3,38.6,32.8
Ontario,1/9/1998,30.9,36.4,36.9,28.3
Ontario,1/10/1998,22,36.9,32.5,22.7
Ontario,1/11/1998,15.1,24.2,31.9,16.5
Ontario,1/12/1998,12.4,34.7,32.7,14
Ontario,1/13/1998,14.3,39.4,31.5,12.2
Ontario,1/14/1998,9.7,20.3,27.4,11.6
Ontario,1/15/1998,10.6,22.4,21.4,11
Ontario,1/16/1998,12.8,21.5,22.6,13.3
Ontario,1/17/1998,16.7,23.9,25.1,15.4
Ontario,1/18/1998,16.9,29.8,28.9,19
Ontario,1/19/1998,23.4,33.1,31.7,19.2
Ontario,1/20/1998,17.4,32.3,30.9,20.1
Ontario,1/21/1998,19.7,27.3,26.8,15.3
Ontario,1/22/1998,8.8,20.9,27.7,13.2
Ontario,1/23/1998,11,34.8,29.2,15.4
Ontario,1/24/1998,26.3,32,32.5,18.1
Ontario,1/25/1998,17.1,30.7,28.4,17.5
Ontario,1/26/1998,9.1,22.6,28,12
Ontario,1/27/1998,9.9,30.6,29.7,12.7
Ontario,1/28/1998,19.1,36,34.3,19.3
Ontario,1/29/1998,29,36.3,35.2,24.6
Ontario,1/30/1998,25.7,33.2,34.4,24.5
Ontario,1/31/1998,18.8,33.7,35.8,22.2
Ontario,2/1/1998,22.1,40.4,39.3,22.5
Ontario,2/2/1998,26.5,43.9,39.7,22.6
Ontario,2/3/1998,19.1,34.8,35.9,20.1
Ontario,2/4/1998,14.8,29.1,31,16.4
Ontario,2/5/1998,15.4,29.3,30.5,14.8
Ontario,2/6/1998,14.2,33.2,32.6,14.3
Ontario,2/7/1998,13.4,35.2,35.3,13.9
Ontario,2/8/1998,14.1,37.7,38.4,14.2
Ontario,2/9/1998,15.2,42.4,40.8,17.1
Ontario,2/10/1998,21.9,42.4,42.8,21.1
Ontario,2/11/1998,26.2,43.6,42.1,25.8
Ontario,2/12/1998,29.2,40.4,38.2,23.3
Ontario,2/13/1998,14.4,30.5,30.4,17.1
Ontario,2/14/1998,7.6,20.3,26,9.6
Ontario,2/15/1998,6.8,27.2,28.5,10
Ontario,2/16/1998,15.5,37.9,34.3,17.7
Ontario,2/17/1998,30.7,37.9,37.9,26.5
Ontario,2/18/1998,33.4,37.9,37.9,32.6
Ontario,2/19/1998,33.6,37.7,38.1,33.3
Ontario,2/20/1998,32.9,38.8,38.1,32.7
Ontario,2/21/1998,31.5,37.9,38.4,31
Ontario,2/22/1998,28.7,38.5,40.3,29.3
Ontario,2/23/1998,27.7,44.4,40.9,28.9
Ontario,2/24/1998,30.2,39.7,43.1,29.4
Ontario,2/25/1998,30.1,45.1,43.8,29.9
Ontario,2/26/1998,29.5,46.5,44.3,30.1
Ontario,2/27/1998,30.7,41.2,46.1,29.9
Ontario,2/28/1998,29.5,50.5,46.1,31.9
Ontario,3/1/1998,35.4,46.7,47.4,32.8
Ontario,3/2/1998,33.6,45,44,33.9
Ontario,3/3/1998,32.7,40.4,41.7,32.4
Ontario,3/4/1998,30.9,39.8,39.9,31
Ontario,3/5/1998,29.3,39.5,39,29.3
Ontario,3/6/1998,27.9,37.7,39.7,27.9
Ontario,3/7/1998,26.6,42.1,39.8,27.4
Ontario,3/8/1998,27.8,39.7,45.3,25.6
Ontario,3/9/1998,22.5,54.1,39,21
Ontario,3/10/1998,12.6,23.2,32.2,13.9
Ontario,3/11/1998,6.8,19.3,22.7,8.7
Ontario,3/12/1998,6.7,25.7,26.4,9.7
Ontario,3/13/1998,15.7,34.2,31.4,14.5
Ontario,3/14/1998,21.1,34.3,32.3,17.7
Ontario,3/15/1998,16.5,28.4,31.7,15.7
Ontario,3/16/1998,9.6,32.5,33.7,13.2
Ontario,3/17/1998,13.7,40.2,36.7,17.1
Ontario,3/18/1998,28,37.3,37.6,24.4
Ontario,3/19/1998,31.4,35.2,35.4,29.1
Ontario,3/20/1998,27.9,33.8,33.5,28.3
Ontario,3/21/1998,25.6,31.4,31.8,24.9
Ontario,3/22/1998,21.3,30.3,32.3,21.8
Ontario,3/23/1998,18.4,35,34.7,18.9
Ontario,3/24/1998,17.1,38.7,39.2,19.3
Ontario,3/25/1998,22.5,44,48.6,25.8
Ontario,3/26/1998,37.7,63.3,59.3,36.8
Ontario,3/27/1998,50.2,70.7,69.3,45.9
Ontario,3/28/1998,49.8,73.9,70,48.5
Ontario,3/29/1998,45.5,65.5,72,46
Ontario,3/30/1998,42.7,76.7,73.1,44.2
Ontario,3/31/1998,44.2,77.2,69.5,42.2
Ontario,4/1/1998,39.6,54.6,60.8,41.1
Ontario,4/2/1998,39.5,50.5,51.1,39.1
Ontario,4/3/1998,38.3,48.3,48.2,36.5
Ontario,4/4/1998,31.6,45.8,47.3,33.5
Ontario,4/5/1998,30.6,47.9,49.2,30.6
Ontario,4/6/1998,29.7,53.9,52.6,29.7
Ontario,4/7/1998,28.7,55.9,53.6,32.5
Ontario,4/8/1998,39.2,51,52.9,35.3
Ontario,4/9/1998,38,51.7,51.7,35.8
Ontario,4/10/1998,30.2,52.4,53.2,32.6
Ontario,4/11/1998,29.5,55.4,56.7,31.4
Ontario,4/12/1998,34.4,62.4,60.3,32.9
Ontario,4/13/1998,34.7,63,62.4,36.3
Ontario,4/14/1998,39.7,61.9,62.4,39.1
Ontario,4/15/1998,43,62.5,61.7,41.1
Ontario,4/16/1998,40.7,60.7,59.6,41.2
Ontario,4/17/1998,39.8,55.5,58.9,39.3
Ontario,4/18/1998,37.3,60.5,57.1,40.2
Ontario,4/19/1998,43.5,55.2,58.3,40.3
Ontario,4/20/1998,40.1,59.1,59.3,39.9
Ontario,4/21/1998,36.1,63.7,62.4,37.3
Ontario,4/22/1998,35.7,64.3,65.3,35.9
Ontario,4/23/1998,36,68,65.9,36.8
Ontario,4/24/1998,38.8,65.3,62.4,36.4
Ontario,4/25/1998,34.3,54.1,57.1,35.5
Ontario,4/26/1998,33.4,51.9,51.5,31.9
Ontario,4/27/1998,27.9,48.6,54.2,31
Ontario,4/28/1998,31.7,62.1,58.7,31.9
Ontario,4/29/1998,36.1,65.4,65.8,38
Ontario,4/30/1998,46.1,69.8,68.5,43.3
Ontario,5/1/1998,47.6,70.3,68,49
Ontario,5/2/1998,53.4,63.9,66.5,51.7
Ontario,5/3/1998,54,65.3,64.6,52.6
Ontario,5/4/1998,50.3,64.6,66.8,53
Ontario,5/5/1998,54.6,70.4,69,51.7
Ontario,5/6/1998,50.3,71.9,72.1,52.1
Ontario,5/7/1998,51.3,73.9,72.5,53.2
Ontario,5/8/1998,58,71.6,71.8,54.9
Ontario,5/9/1998,55.4,69.8,67.4,55.4
Ontario,5/10/1998,52.9,60.8,64.3,53
Ontario,5/11/1998,50.6,62.4,62.5,50.6
Ontario,5/12/1998,48.2,64.2,65.6,50.4
Ontario,5/13/1998,52.4,70.3,71.3,50.5
Ontario,5/14/1998,51,79.3,77.2,53.3
Ontario,5/15/1998,56.6,82,80.3,55.3
Ontario,5/16/1998,58.3,79.7,80.3,57.6
Ontario,5/17/1998,58,79,80,58.6
Ontario,5/18/1998,59.4,81.2,81.6,59.1
Ontario,5/19/1998,60,84.6,82,57.2
Ontario,5/20/1998,52.1,80.3,75.3,51.6
Ontario,5/21/1998,42.6,61,68,46.3
Ontario,5/22/1998,44,62.9,64.1,43.5
Ontario,5/23/1998,43.8,68.6,68.4,44.8
Ontario,5/24/1998,46.6,73.6,70.9,47.4
Ontario,5/25/1998,51.6,70.4,71.7,47.6
Ontario,5/26/1998,44.6,71.1,72.3,46.1
Ontario,5/27/1998,42,75.2,76.2,47.3
Ontario,5/28/1998,55.4,82.2,80.1,51.7
Ontario,5/29/1998,57.6,82.8,79,54.2
Ontario,5/30/1998,49.6,72.1,78.1,51.1
Ontario,5/31/1998,46,79.3,71.7,46.6
Ontario,6/1/1998,44.3,63.6,73.9,44.7
Ontario,6/2/1998,43.7,78.9,66.9,43.2
Ontario,6/3/1998,41.6,58.1,66.9,41.8
Ontario,6/4/1998,40.2,63.6,60.5,40.1
Ontario,6/5/1998,38.5,59.6,61.5,40.8
Ontario,6/6/1998,43.6,61.2,59.9,43.1
Ontario,6/7/1998,47.1,58.8,62.6,45.3
Ontario,6/8/1998,45.2,67.9,66.8,45.2
Ontario,6/9/1998,43.3,73.7,70.6,45.4
Ontario,6/10/1998,47.6,70.1,71.5,48.9
Ontario,6/11/1998,55.7,70.8,74.2,54.1
Ontario,6/12/1998,59.1,81.8,75.1,57.4
Ontario,6/13/1998,57.3,72.9,76.4,57.8
Ontario,6/14/1998,57,74.6,74.7,58
Ontario,6/15/1998,59.6,76.4,75.1,59.2
Ontario,6/16/1998,61.1,74.2,76.1,60.6
Ontario,6/17/1998,61.2,77.8,76.7,60.9
Ontario,6/18/1998,60.5,78.1,78.7,60
Ontario,6/19/1998,58.2,80.1,81.2,61.6
Ontario,6/20/1998,66.1,85.4,84,62.1
Ontario,6/21/1998,61.8,86.5,87.4,64.8
Ontario,6/22/1998,66.6,90.3,85.4,64.6
Ontario,6/23/1998,65.3,79.5,85.2,64.7
Ontario,6/24/1998,62.3,85.7,84,65.4
Ontario,6/25/1998,68.4,86.7,85.5,65.6
Ontario,6/26/1998,65.9,84,83.6,65.6
Ontario,6/27/1998,62.3,80,81.4,62.9
Ontario,6/28/1998,60.3,80.3,82.3,61.9
Ontario,6/29/1998,63,86.5,80.8,61.4
Ontario,6/30/1998,61,75.6,78.6,60.5
Ontario,7/1/1998,57.6,73.6,76.5,58
Ontario,7/2/1998,55.4,80.4,79.7,56.7
Ontario,7/3/1998,57.3,85.2,79.1,57.2
Ontario,7/4/1998,59.1,71.8,77.4,57
Ontario,7/5/1998,54.5,75.2,74.1,56.3
Ontario,7/6/1998,55.3,75.2,72.6,56.5
Ontario,7/7/1998,59.7,67.5,72.9,59.3
Ontario,7/8/1998,63,76.1,75.8,60.9
Ontario,7/9/1998,60,83.9,77.5,59.5
Ontario,7/10/1998,55.6,72.5,77.1,56.6
Ontario,7/11/1998,54.2,75,75.4,54.6
Ontario,7/12/1998,54,78.6,79.2,57.1
Ontario,7/13/1998,63.1,84,83.8,60.2
Ontario,7/14/1998,63.5,88.7,87.8,65.3
Ontario,7/15/1998,69.2,90.7,89.1,66.7
Ontario,7/16/1998,67.4,87.9,86.1,65.6
Ontario,7/17/1998,60,79.6,83.2,61.3
Ontario,7/18/1998,56.4,82.1,80.2,57.4
Ontario,7/19/1998,55.8,78.8,82.9,58.9
Ontario,7/20/1998,64.5,87.8,85.7,62.6
Ontario,7/21/1998,67.3,90.6,87.7,66.9
Ontario,7/22/1998,68.8,84.9,86.1,65.1
Ontario,7/23/1998,59,82.8,80.8,61.1
Ontario,7/24/1998,55.4,74.7,77.6,55.1
Ontario,7/25/1998,51,75.1,75.7,53.4
Ontario,7/26/1998,53.9,77.3,78.1,54.7
Ontario,7/27/1998,59.4,81.8,81.6,57.6
Ontario,7/28/1998,59.6,85.7,82.9,60.6
Ontario,7/29/1998,62.8,81.2,80.9,59.6
Ontario,7/30/1998,56.5,75.8,77.9,57.6
Ontario,7/31/1998,53.4,76.8,77.1,53.9
Ontario,8/1/1998,51.8,78.7,79.2,53.1
Ontario,8/2/1998,54.1,82.2,81.6,54.7
Ontario,8/3/1998,58.1,83.9,83.3,57.8
Ontario,8/4/1998,61.2,84,83.2,61.3
Ontario,8/5/1998,64.6,81.9,80,63.6
Ontario,8/6/1998,65.2,74.3,77.8,65.2
Ontario,8/7/1998,65.8,77.4,78.7,65.3
Ontario,8/8/1998,64.8,84.5,83.2,66.5
Ontario,8/9/1998,68.8,87.7,84.9,66
Ontario,8/10/1998,64.5,82.5,82.8,65.1
Ontario,8/11/1998,62.2,78.2,79.2,60.9
Ontario,8/12/1998,56,77,77.1,56.7
Ontario,8/13/1998,51.9,76.1,77.6,53.7
Ontario,8/14/1998,53.3,79.5,80.2,55.8
Ontario,8/15/1998,62.1,84.9,81.1,57.5
Ontario,8/16/1998,57.2,78.9,83.9,59.5
Ontario,8/17/1998,59.2,87.9,79.3,55.9
Ontario,8/18/1998,51.4,71,77.1,52.9
Ontario,8/19/1998,48,72.3,74.7,49.6
Ontario,8/20/1998,49.4,80.9,77.9,53.4
Ontario,8/21/1998,62.9,80.6,80.7,58.6
Ontario,8/22/1998,63.5,80.6,82.2,62.5
Ontario,8/23/1998,61,85.3,84.8,63.7
Ontario,8/24/1998,66.7,88.6,85.9,64.7
Ontario,8/25/1998,66.5,83.7,84.5,64.3
Ontario,8/26/1998,59.7,81.2,82.7,61
Ontario,8/27/1998,57,83.1,82.2,57.9
Ontario,8/28/1998,57,82.2,82.6,58.5
Ontario,8/29/1998,61.5,82.4,81.6,57.7
Ontario,8/30/1998,54.4,80.1,80.1,57
Ontario,8/31/1998,55.1,77.7,77.4,53.4
Ontario,9/1/1998,50.7,74.3,76.1,54.5
Ontario,9/2/1998,57.8,76.2,74.8,54.8
Ontario,9/3/1998,55.9,73.8,74.7,55.6
Ontario,9/4/1998,53,74.3,77.3,53.4
Ontario,9/5/1998,51.3,83.9,82.7,55.6
Ontario,9/6/1998,62.5,90,83,55.7
Ontario,9/7/1998,53.3,75.1,76.8,55.4
Ontario,9/8/1998,50.4,65.4,68.2,50.9
Ontario,9/9/1998,49,64.1,67.8,48.5
Ontario,9/10/1998,46.2,73.8,73.9,50.4
Ontario,9/11/1998,56.1,83.9,78.1,52.3
Ontario,9/12/1998,54.5,76.7,77.9,54.2
Ontario,9/13/1998,51.9,73,75.7,53.8
Ontario,9/14/1998,55.1,77.5,77.2,57.4
Ontario,9/15/1998,65.2,81.1,75.6,56.6
Ontario,9/16/1998,49.7,68.3,75.2,53.4
Ontario,9/17/1998,45.4,76.1,73.6,48.2
Ontario,9/18/1998,49.6,76.4,77.9,49.4
Ontario,9/19/1998,53.2,81,79.1,53.4
Ontario,9/20/1998,57.3,79.8,81.5,56.2
Ontario,9/21/1998,57.9,83.6,75.7,53.3
Ontario,9/22/1998,44.5,63.8,70,46.9
Ontario,9/23/1998,38.1,62.6,65.1,41.2
Ontario,9/24/1998,40.9,69.1,69.3,45.7
Ontario,9/25/1998,58,76.4,76.3,52.4
Ontario,9/26/1998,58.5,83.4,79.7,57.9
Ontario,9/27/1998,57.2,79.4,76.7,53.9
Ontario,9/28/1998,45.9,67.4,73.1,48.1
Ontario,9/29/1998,41.3,72.4,70.5,46.6
Ontario,9/30/1998,52.7,71.6,67.6,45.4
Ontario,10/1/1998,42.2,58.7,62.3,45.3
Ontario,10/2/1998,41.2,56.5,56.4,41
Ontario,10/3/1998,39.6,54.1,56.7,38.4
Ontario,10/4/1998,34.5,59.6,57.5,36.3
Ontario,10/5/1998,34.9,58.7,59.7,37.4
Ontario,10/6/1998,42.9,60.8,62.7,44.4
Ontario,10/7/1998,55.4,68.7,63.5,47.9
Ontario,10/8/1998,45.3,61,63.7,47.5
Ontario,10/9/1998,41.7,61.5,61.9,43.6
Ontario,10/10/1998,43.8,63.3,63.8,44.2
Ontario,10/11/1998,47.2,66.5,63.4,45
Ontario,10/12/1998,44,60.4,64.5,45.2
Ontario,10/13/1998,44.3,66.5,59.4,43.8
Ontario,10/14/1998,43.2,51.3,57.6,42.4
Ontario,10/15/1998,39.7,54.8,54.4,39.4
Ontario,10/16/1998,35.2,56.9,58.1,39.3
Ontario,10/17/1998,42.9,62.4,64.3,43.6
Ontario,10/18/1998,52.7,73.7,65.2,47.8
Ontario,10/19/1998,47.8,59.6,63.2,47.5
Ontario,10/20/1998,41.9,56.3,54.5,42
Ontario,10/21/1998,36.2,47.5,51.8,37.9
Ontario,10/22/1998,35.5,51.7,54.6,36
Ontario,10/23/1998,36.2,64.6,61.6,40.3
Ontario,10/24/1998,49.1,68.6,65.9,42.4
Ontario,10/25/1998,42.1,64.6,62.2,44.7
Ontario,10/26/1998,43,53.5,60.4,41.5
Ontario,10/27/1998,39.4,63.2,59.1,42.2
Ontario,10/28/1998,44.1,60.7,58.9,40.1
Ontario,10/29/1998,36.8,52.9,56,38.5
Ontario,10/30/1998,34.6,54.5,54.2,35.2
Ontario,10/31/1998,34.1,55.2,53.8,34.7
Ontario,11/1/1998,35.3,51.9,50.3,34
Ontario,11/2/1998,32.5,43.9,45.8,32.2
Ontario,11/3/1998,28.8,41.7,42.4,29.4
Ontario,11/4/1998,26.9,41.7,40.8,28.2
Ontario,11/5/1998,28.8,39.2,41.5,28.3
Ontario,11/6/1998,29.2,43.8,42.2,31.6
Ontario,11/7/1998,36.6,43.7,44.2,34.5
Ontario,11/8/1998,37.6,45,44.9,37.5
Ontario,11/9/1998,38.3,46,48.7,38.9
Ontario,11/10/1998,40.6,55.2,50.6,39.4
Ontario,11/11/1998,39.2,50.7,52,37.8
Ontario,11/12/1998,33.6,50.1,47.5,33.7
Ontario,11/13/1998,28.4,41.8,47.5,31.6
Ontario,11/14/1998,32.9,50.7,46.5,31.7
Ontario,11/15/1998,33.9,47.1,45.7,33.1
Ontario,11/16/1998,32.5,39.3,41.5,32.2
Ontario,11/17/1998,30.2,37.9,41.5,30
Ontario,11/18/1998,27.3,47.1,46.7,31.6
Ontario,11/19/1998,37.4,54.9,48,33.6
Ontario,11/20/1998,36,41.9,44.8,34
Ontario,11/21/1998,28.6,37.6,41.9,30.7
Ontario,11/22/1998,27.5,46.3,47.1,33.2
Ontario,11/23/1998,43.5,57.4,50.6,34.9
Ontario,11/24/1998,33.7,47.9,49.9,35.6
Ontario,11/25/1998,29.7,44.4,46.2,33.5
Ontario,11/26/1998,37.3,46.4,44.2,33.4
Ontario,11/27/1998,33.3,41.9,48.8,34.6
Ontario,11/28/1998,33.1,58.1,48.7,35
Ontario,11/29/1998,38.7,46.2,56,38.2
Ontario,11/30/1998,42.9,63.7,53.2,40.2
Ontario,12/1/1998,39.1,49.6,56.6,41.6
Ontario,12/2/1998,42.8,56.7,53.5,40.5
Ontario,12/3/1998,39.7,54.3,56.6,40
Ontario,12/4/1998,37.4,59,51.6,37.4
Ontario,12/5/1998,35.1,41.7,54.4,37.4
Ontario,12/6/1998,39.6,62.6,55.9,34.2
Ontario,12/7/1998,28,63.5,54.9,31.7
Ontario,12/8/1998,27.6,38.8,48.5,28.6
Ontario,12/9/1998,30.4,43.4,41.7,29.4
Ontario,12/10/1998,30.2,43,42.6,30.3
Ontario,12/11/1998,30.5,41.3,43.8,30.4
Ontario,12/12/1998,30.7,47.1,44.8,29.8
Ontario,12/13/1998,28.2,46.2,43.8,27.3
Ontario,12/14/1998,23.1,38.3,44.9,27.7
Ontario,12/15/1998,31.9,50.3,43.7,28.3
Ontario,12/16/1998,30.1,42.5,42.3,28
Ontario,12/17/1998,21.9,34.1,37.3,22.6
Ontario,12/18/1998,15.7,35.4,37.3,22
Ontario,12/19/1998,28.5,42.5,37.2,22.3
Ontario,12/20/1998,22.7,33.9,39.9,25.9
Ontario,12/21/1998,26.6,43.4,36.9,19.4
Ontario,12/22/1998,8.8,33.6,32.4,13.8
Ontario,12/23/1998,6,20.4,25.9,9.6
Ontario,12/24/1998,13.8,23.8,24.1,11.5
Ontario,12/25/1998,14.6,28.1,28,15.6
Ontario,12/26/1998,18.3,32,32.9,15.5
Ontario,12/27/1998,13.6,38.5,36.5,19.5
Ontario,12/28/1998,26.6,38.8,38.3,17.4
Ontario,12/29/1998,12,37.5,31.3,12.6
Ontario,12/30/1998,-0.7,17.7,24.7,6.7
Ontario,12/31/1998,8.7,18.8,16.8,2.1
Ontario,1/1/1999,-1.6,14,18,2.5
Ontario,1/2/1999,0.3,21.3,23,3.2
Ontario,1/3/1999,11,33.7,24.4,6.8
Ontario,1/4/1999,9.2,18.3,22.8,8.2
Ontario,1/5/1999,4.3,16.5,20.1,6.6
Ontario,1/6/1999,6.4,25.6,19.8,5.4
Ontario,1/7/1999,5.6,17.2,20.9,4.3
Ontario,1/8/1999,0.7,20,20.4,4.4
Ontario,1/9/1999,7,24.1,20.1,3
Ontario,1/10/1999,1.1,16.3,18.9,2.6
Ontario,1/11/1999,-0.3,16.4,18.6,3.3
Ontario,1/12/1999,9.1,23,17.7,-0.5
Ontario,1/13/1999,-10.2,13.6,15.3,-5.1
Ontario,1/14/1999,-14.1,9.3,14.6,-6.3
Ontario,1/15/1999,5.5,20.9,22.2,0.4
Ontario,1/16/1999,9.7,36.6,31.7,12.5
Ontario,1/17/1999,22.2,37.8,38.9,20.7
Ontario,1/18/1999,30.1,42.2,38.1,27.7
Ontario,1/19/1999,30.7,34.3,37.3,28.1
Ontario,1/20/1999,23.5,35.4,36.6,24.7
Ontario,1/21/1999,20.1,40.1,37.6,23.7
Ontario,1/22/1999,27.7,37.2,42.3,27.8
Ontario,1/23/1999,35.5,49.4,44.4,31.4
Ontario,1/24/1999,30.9,46.5,42.3,30
Ontario,1/25/1999,23.7,31,36.3,25.3
Ontario,1/26/1999,21.3,31.4,31.6,20.8
Ontario,1/27/1999,17.3,32.4,30.6,17.3
Ontario,1/28/1999,13.3,27.9,28.8,15.3
Ontario,1/29/1999,15.4,26.2,27.7,15.3
Ontario,1/30/1999,17.2,28.9,27.7,14.5
Ontario,1/31/1999,11,27.9,30.8,13.3
Ontario,2/1/1999,11.6,35.6,34.6,17.4
Ontario,2/2/1999,29.5,40.2,39.4,23.8
Ontario,2/3/1999,30.4,42.5,40.9,27.9
Ontario,2/4/1999,23.8,40,37.8,24.2
Ontario,2/5/1999,18.3,30.8,35.5,22.7
Ontario,2/6/1999,26,35.7,32.6,21.2
Ontario,2/7/1999,19.3,31.3,32.4,19.5
Ontario,2/8/1999,13,30.3,35.4,19.1
Ontario,2/9/1999,25,44.6,38.2,21.8
Ontario,2/10/1999,27.4,39.6,42.1,26.3
Ontario,2/11/1999,26.5,42.1,45.9,26.8
Ontario,2/12/1999,26.4,56.2,41.8,23.2
Ontario,2/13/1999,16.7,27.1,37.8,17.8
Ontario,2/14/1999,10.2,30.1,33,15.5
Ontario,2/15/1999,19.7,41.9,39,18.8
Ontario,2/16/1999,26.4,45.1,42.3,25.9
Ontario,2/17/1999,31.5,39.8,39.4,27.2
Ontario,2/18/1999,23.7,33.2,33.5,23.8
Ontario,2/19/1999,16.2,27.4,29.9,18.3
Ontario,2/20/1999,15,29.1,26.6,12.8
Ontario,2/21/1999,7.2,23.3,23.8,7.8
Ontario,2/22/1999,1.3,19.1,22.1,4.4
Ontario,2/23/1999,4.7,23.8,25,6.4
Ontario,2/24/1999,13.2,32.1,30.9,13.2
Ontario,2/25/1999,21.7,36.7,36.9,19.1
Ontario,2/26/1999,22.4,42,39.9,22.1
Ontario,2/27/1999,22.2,41,41.9,25.2
Ontario,2/28/1999,31,42.8,41.7,27.4
Ontario,3/1/1999,28.9,41.4,41.2,28.2
Ontario,3/2/1999,24.6,39.6,38.9,26
Ontario,3/3/1999,24.6,35.9,35.8,23.2
Ontario,3/4/1999,20.3,32.1,31.2,19.6
Ontario,3/5/1999,13.8,25.5,25.9,14.3
Ontario,3/6/1999,8.8,19.9,21,8.8
Ontario,3/7/1999,3.8,17.6,20.4,5.6
Ontario,3/8/1999,4.3,23.7,22,7
Ontario,3/9/1999,12.9,24.8,25.5,9.5
Ontario,3/10/1999,11.4,28,27.4,14.9
Ontario,3/11/1999,20.4,29.6,28.2,17.6
Ontario,3/12/1999,21.1,27.1,30.3,20.4
Ontario,3/13/1999,19.8,34.3,33,21.7
Ontario,3/14/1999,24.1,37.6,37,22.3
Ontario,3/15/1999,23,39,40.3,24.7
Ontario,3/16/1999,27.1,44.4,45.8,26.8
Ontario,3/17/1999,30.3,54.1,48.9,29.2
Ontario,3/18/1999,30.3,48.1,47.2,29.6
Ontario,3/19/1999,28.3,39.5,43.4,27.5
Ontario,3/20/1999,23.9,42.6,43.4,27
Ontario,3/21/1999,28.8,48.1,43.5,27.6
Ontario,3/22/1999,30.2,39.9,44.1,28.7
Ontario,3/23/1999,27,44.4,43.5,29
Ontario,3/24/1999,29.8,46.2,42.7,27.4
Ontario,3/25/1999,25.4,37.4,42.9,26.7
Ontario,3/26/1999,24.8,45.1,45,25.6
Ontario,3/27/1999,26.5,52.6,53.4,27.8
Ontario,3/28/1999,31.9,62.6,57.3,32.2
Ontario,3/29/1999,38.1,56.7,59.7,34.6
Ontario,3/30/1999,33.9,59.7,60.9,37.8
Ontario,3/31/1999,41.5,66.3,62.2,40.4
Ontario,4/1/1999,45.7,60.5,59.8,42.1
Ontario,4/2/1999,39.2,52.5,57.3,41.4
Ontario,4/3/1999,39.3,58.9,54.1,37.3
Ontario,4/4/1999,33.3,50.9,52.2,34.2
Ontario,4/5/1999,29.8,46.8,52.2,33.1
Ontario,4/6/1999,36.2,59,55.2,35.6
Ontario,4/7/1999,40.9,59.8,59.8,39.1
Ontario,4/8/1999,40.1,60.6,56.4,38.6
Ontario,4/9/1999,34.7,48.9,52.5,34.8
Ontario,4/10/1999,29.5,48.1,47,31.6
Ontario,4/11/1999,30.5,44,47.2,30.1
Ontario,4/12/1999,30.4,49.4,48.8,31.3
Ontario,4/13/1999,33.1,53.1,54.4,33.1
Ontario,4/14/1999,35.9,60.7,56.5,34.7
Ontario,4/15/1999,35.1,55.7,55.1,35.7
Ontario,4/16/1999,36.2,48.8,51.9,36.7
Ontario,4/17/1999,38.9,51.2,51.8,36.9
Ontario,4/18/1999,35.8,55.4,53.4,37.5
Ontario,4/19/1999,37.8,53.5,54.3,36.7
Ontario,4/20/1999,36.5,54.1,55.3,37.7
Ontario,4/21/1999,38.6,58.3,55.4,39.6
Ontario,4/22/1999,43.7,53.8,54.3,38.9
Ontario,4/23/1999,34.4,50.7,51.8,36.4
Ontario,4/24/1999,31.2,50.8,54.1,32.5
Ontario,4/25/1999,31.8,60.8,57.6,34.6
Ontario,4/26/1999,40.7,61.2,57.3,35.6
Ontario,4/27/1999,34.5,49.8,56.2,38.3
Ontario,4/28/1999,39.8,57.7,56.3,38
Ontario,4/29/1999,39.6,61.4,62.2,39.9
Ontario,4/30/1999,40.4,67.5,66.6,40.4
Ontario,5/1/1999,41.2,71.1,71.1,42.2
Ontario,5/2/1999,45,74.6,73.9,44.4
Ontario,5/3/1999,47,75.9,75.5,47.5
Ontario,5/4/1999,50.4,76,75.1,50.1
Ontario,5/5/1999,53,73.6,75.9,52.6
Ontario,5/6/1999,54.4,78.1,75.7,54.2
Ontario,5/7/1999,55.4,75.3,73.2,54.7
Ontario,5/8/1999,54.3,66.2,67.4,51.2
Ontario,5/9/1999,44,60.7,63.2,45.7
Ontario,5/10/1999,39,62.7,60.6,41.4
Ontario,5/11/1999,41.3,58.2,60.2,40.3
Ontario,5/12/1999,40.5,59.8,58.6,40.4
Ontario,5/13/1999,39.4,57.7,61.6,39.8
Ontario,5/14/1999,39.4,67.2,65.1,42.2
Ontario,5/15/1999,47.6,70.4,70.4,45.1
Ontario,5/16/1999,48.3,73.7,73.6,49.2
Ontario,5/17/1999,51.8,76.6,77,53.2
Ontario,5/18/1999,59.4,80.8,74.6,53.4
Ontario,5/19/1999,49,66.4,71.4,50.7
Ontario,5/20/1999,43.7,67.1,68.4,47.3
Ontario,5/21/1999,49,71.7,70.7,48.6
Ontario,5/22/1999,53.1,73.4,71,51.3
Ontario,5/23/1999,51.8,68,67.9,51.1
Ontario,5/24/1999,48.5,62.2,61.3,49
Ontario,5/25/1999,46.6,53.8,57.7,46.7
Ontario,5/26/1999,45.1,57.1,60,45.4
Ontario,5/27/1999,44.6,69.2,69.2,46.7
Ontario,5/28/1999,50.5,81.4,77.5,49.7
Ontario,5/29/1999,54,81.9,84.2,54.7
Ontario,5/30/1999,59.7,89.2,83.7,57.6
Ontario,5/31/1999,59.1,80.1,82.4,60.7
Ontario,6/1/1999,63.4,77.8,77.9,62.2
Ontario,6/2/1999,64,75.8,73.4,59.6
Ontario,6/3/1999,51.5,66.4,70.9,54.2
Ontario,6/4/1999,47,70.5,70.6,50.2
Ontario,6/5/1999,52.2,74.9,77.3,52.3
Ontario,6/6/1999,57.6,86.4,84.2,59.8
Ontario,6/7/1999,69.7,91.4,87.1,63.7
Ontario,6/8/1999,63.7,83.5,84.1,64.2
Ontario,6/9/1999,59.4,77.2,79.9,62.1
Ontario,6/10/1999,63.1,78.9,79.3,61.7
Ontario,6/11/1999,62.5,81.9,81.4,63.3
Ontario,6/12/1999,64.1,83.4,83.2,63.3
Ontario,6/13/1999,63.4,84.1,80.4,60.3
Ontario,6/14/1999,53.3,73.5,73.2,54.2
Ontario,6/15/1999,45.8,61.9,66.7,48
Ontario,6/16/1999,44.9,64.5,64.4,47.1
Ontario,6/17/1999,50.5,66.8,68.5,47
Ontario,6/18/1999,45.5,74,72.3,48.8
Ontario,6/19/1999,50.3,76,76.4,51.3
Ontario,6/20/1999,58.1,79.2,78.4,55.1
Ontario,6/21/1999,57,79.9,80.7,57.4
Ontario,6/22/1999,57.2,83,82.6,58.5
Ontario,6/23/1999,61.3,84.9,83.4,61.5
Ontario,6/24/1999,66.1,82.2,83.7,64.3
Ontario,6/25/1999,65.5,84,84.8,64.7
Ontario,6/26/1999,62.6,88,84.6,64.8
Ontario,6/27/1999,66.3,81.8,84.5,66.2
Ontario,6/28/1999,69.8,83.7,80,63.9
Ontario,6/29/1999,55.5,74.4,77.1,59.3
Ontario,6/30/1999,52.5,73.1,75.1,54.4
Ontario,7/1/1999,55.2,77.9,78.1,57.7
Ontario,7/2/1999,65.5,83.2,81.1,61.9
Ontario,7/3/1999,65.1,82.3,86,68.3
Ontario,7/4/1999,74.4,92.6,89.4,71.9
Ontario,7/5/1999,76.2,93.4,91.5,72.6
Ontario,7/6/1999,67.2,88.5,88,68.1
Ontario,7/7/1999,60.8,82.1,82.1,61.4
Ontario,7/8/1999,56.2,75.7,79.8,58.3
Ontario,7/9/1999,57.9,81.5,76.6,56.9
Ontario,7/10/1999,56.7,72.6,76.7,55.9
Ontario,7/11/1999,53,76.1,76.2,55.4
Ontario,7/12/1999,56.5,79.9,79.2,56.1
Ontario,7/13/1999,58.8,81.7,81.6,58.5
Ontario,7/14/1999,60.1,83.3,85.3,61.9
Ontario,7/15/1999,66.7,91.1,88.7,65.7
Ontario,7/16/1999,70.4,91.7,91.9,69.6
Ontario,7/17/1999,71.8,92.9,90.6,70.6
Ontario,7/18/1999,69.4,87.3,84.8,67.9
Ontario,7/19/1999,62.3,74.1,79.7,63.7
Ontario,7/20/1999,59.4,77.6,77.5,61.4
Ontario,7/21/1999,62.6,80.9,82.1,62.1
Ontario,7/22/1999,64.3,87.7,87.1,65
Ontario,7/23/1999,68.1,92.9,90.7,66.4
Ontario,7/24/1999,66.8,91.5,90.7,67.3
Ontario,7/25/1999,67,87.6,89.1,67.1
Ontario,7/26/1999,67.3,88.2,88.2,67
Ontario,7/27/1999,66.6,88.8,87.7,65
Ontario,7/28/1999,61.1,86.2,87.5,64.5
Ontario,7/29/1999,65.8,87.5,88.9,65.9
Ontario,7/30/1999,70.8,93.1,88,68.8
Ontario,7/31/1999,69.8,83.3,86.5,67.9
Ontario,8/1/1999,63,82.9,81,64.1
Ontario,8/2/1999,59.6,76.8,79.6,60.1
Ontario,8/3/1999,57.8,79.2,76.2,59.7
Ontario,8/4/1999,61.7,72.7,76,59
Ontario,8/5/1999,57.4,76,75.2,57.9
Ontario,8/6/1999,54.7,76.8,75.6,55.5
Ontario,8/7/1999,54.3,74,75,55.2
Ontario,8/8/1999,56.6,74.3,72.9,54.6
Ontario,8/9/1999,52.7,70.4,69.5,56.4
Ontario,8/10/1999,59.9,63.9,70.5,58.5
Ontario,8/11/1999,63,77.2,75,61.2
Ontario,8/12/1999,60.6,84,81.4,63.3
Ontario,8/13/1999,66.4,82.9,80.5,61.8
Ontario,8/14/1999,58.5,74.7,78,60.9
Ontario,8/15/1999,57.7,76.3,76.4,58
Ontario,8/16/1999,57.7,78.3,79.9,60.1
Ontario,8/17/1999,64.8,85.3,80,60.5
Ontario,8/18/1999,59,76.5,78.6,60.9
Ontario,8/19/1999,59,73.9,72.3,59.8
Ontario,8/20/1999,61.5,66.6,71.6,60.9
Ontario,8/21/1999,62.1,74.3,73.5,61
Ontario,8/22/1999,59.4,79.5,78.4,60.6
Ontario,8/23/1999,60.3,81.5,80.2,62.4
Ontario,8/24/1999,67.6,79.5,79.1,65.7
Ontario,8/25/1999,69.1,76.3,78.4,68.5
Ontario,8/26/1999,68.9,79.3,79.2,67.9
Ontario,8/27/1999,65.7,82,83.5,66
Ontario,8/28/1999,63.3,89.1,80,61.2
Ontario,8/29/1999,54.5,68.9,75.2,55.4
Ontario,8/30/1999,48.5,67.6,70.4,50.8
Ontario,8/31/1999,49.4,74.7,74.1,49.9
Ontario,9/1/1999,51.9,80.1,80.4,52.1
Ontario,9/2/1999,55.1,86.5,84.8,55.4
Ontario,9/3/1999,59.3,87.9,87.2,59.1
Ontario,9/4/1999,62.9,87.1,85.3,63.6
Ontario,9/5/1999,68.7,80.9,83.4,65.9
Ontario,9/6/1999,66.2,82.4,80,67.2
Ontario,9/7/1999,66.7,76.8,80.1,66.4
Ontario,9/8/1999,66.3,81.1,78.6,64.8
Ontario,9/9/1999,61.3,78,76.7,64
Ontario,9/10/1999,64.4,70.9,73.7,60.2
Ontario,9/11/1999,54.8,72.1,73.4,56.3
Ontario,9/12/1999,49.6,77.2,74.1,54.4
Ontario,9/13/1999,58.8,73.1,74.2,53.9
Ontario,9/14/1999,53.2,72.2,71.8,54.3
Ontario,9/15/1999,51.1,70.1,69.3,52.4
Ontario,9/16/1999,52.9,65.8,67.8,51.5
Ontario,9/17/1999,50.7,67.5,68,50.3
Ontario,9/18/1999,47.4,70.6,70.9,48.8
Ontario,9/19/1999,48.2,74.7,71.1,47.1
Ontario,9/20/1999,45.7,67.8,66.9,45.3
Ontario,9/21/1999,42,58.1,63,42.1
Ontario,9/22/1999,38.6,63,66.1,43.1
Ontario,9/23/1999,48.7,77.1,69.5,46.2
Ontario,9/24/1999,51.1,68.3,69.4,48.1
Ontario,9/25/1999,44.5,62.7,67.1,46.5
Ontario,9/26/1999,43.9,70.3,69.6,46.6
Ontario,9/27/1999,51.3,75.9,74.7,52.2
Ontario,9/28/1999,61.3,78,75.1,55.1
Ontario,9/29/1999,52.6,71.4,70.5,54.2
Ontario,9/30/1999,48.6,62.2,65.2,48.3
Ontario,10/1/1999,43.9,62,60.2,45.6
Ontario,10/2/1999,44.3,56.4,57.5,42
Ontario,10/3/1999,37.8,54.2,52.8,39.3
Ontario,10/4/1999,35.8,47.8,52.3,36.2
Ontario,10/5/1999,35.1,54.9,50.8,34.3
Ontario,10/6/1999,32,49.8,50,32.2
Ontario,10/7/1999,29.5,45.2,53.2,33.5
Ontario,10/8/1999,38.9,64.5,59.3,40.3
Ontario,10/9/1999,52.6,68.3,67.6,47.3
Ontario,10/10/1999,50.3,69.9,67,48
Ontario,10/11/1999,41.3,62.8,62.7,43.5
Ontario,10/12/1999,39,55.5,61.9,39.3
Ontario,10/13/1999,37.4,67.5,58.9,37.4
Ontario,10/14/1999,35.7,53.7,59.6,37.8
Ontario,10/15/1999,40.3,57.6,61.3,41.2
Ontario,10/16/1999,47.5,72.5,63.1,43.4
Ontario,10/17/1999,42.5,59.1,59.7,41.1
Ontario,10/18/1999,33.4,47.5,52.2,36.1
Ontario,10/19/1999,32.5,50,50.3,34.7
Ontario,10/20/1999,38.3,53.4,52.6,35.2
Ontario,10/21/1999,34.9,54.3,53.8,37.6
Ontario,10/22/1999,39.6,53.9,52,37.3
Ontario,10/23/1999,37.5,48,49.1,38.4
Ontario,10/24/1999,38,45.5,49.2,37.5
Ontario,10/25/1999,37,54.1,52.8,38.6
Ontario,10/26/1999,40.9,58.8,52.9,37.1
Ontario,10/27/1999,33.6,45.7,55.6,35.8
Ontario,10/28/1999,33,62.1,54.6,35.4
Ontario,10/29/1999,39.5,56,61.9,38.5
Ontario,10/30/1999,42.8,67.6,62.4,42.3
Ontario,10/31/1999,44.5,63.5,64.2,42.3
Ontario,11/1/1999,39.7,61.5,60.8,40
Ontario,11/2/1999,35.9,57.6,53.8,36.5
Ontario,11/3/1999,33.8,42.4,48.4,35.1
Ontario,11/4/1999,35.6,45.3,49.6,36.4
Ontario,11/5/1999,39.7,61.2,51.7,36.3
Ontario,11/6/1999,33.5,48.6,50.7,34.6
Ontario,11/7/1999,30.5,42.2,46.4,32.1
Ontario,11/8/1999,32.4,48.4,53.6,34.6
Ontario,11/9/1999,40.7,70.2,59.5,35.5
Ontario,11/10/1999,33.3,59.9,55.1,33.5
Ontario,11/11/1999,26.5,35.1,46.4,29.9
Ontario,11/12/1999,29.7,44.2,43.7,32.3
Ontario,11/13/1999,40.8,51.9,49.8,36.1
Ontario,11/14/1999,37.8,53.4,48,35.2
Ontario,11/15/1999,27.1,38.6,42.2,29.9
Ontario,11/16/1999,24.8,34.6,37.3,25
Ontario,11/17/1999,23.2,38.8,39.7,26.6
Ontario,11/18/1999,31.8,45.7,47.4,31.6
Ontario,11/19/1999,39.9,57.8,53.1,38.1
Ontario,11/20/1999,42.6,55.9,54.3,42.2
Ontario,11/21/1999,44,49.3,55.2,44.2
Ontario,11/22/1999,45.8,60.4,56.2,45.2
Ontario,11/23/1999,45.8,59,59.3,43.5
Ontario,11/24/1999,38.9,58.6,54,39.5
Ontario,11/25/1999,34,44.4,49.7,37
Ontario,11/26/1999,38.1,46.3,46.9,35.9
Ontario,11/27/1999,35.7,50.1,46.6,35.3
Ontario,11/28/1999,32.1,43.6,42.9,30.8
Ontario,11/29/1999,24.5,35,36.2,25
Ontario,11/30/1999,18.3,29.9,32.9,19.8
Ontario,12/1/1999,16.6,33.7,34.8,21.1
Ontario,12/2/1999,28.5,40.9,41.9,28.1
Ontario,12/3/1999,39.2,51.1,48.3,37.4
Ontario,12/4/1999,44.6,53,53.7,42.1
Ontario,12/5/1999,42.5,57.2,51.6,40.6
Ontario,12/6/1999,34.7,44.6,46.3,36.4
Ontario,12/7/1999,32,37,41.4,31.4
Ontario,12/8/1999,27.4,42.5,42.1,30
Ontario,12/9/1999,30.7,46.7,44.9,29.6
Ontario,12/10/1999,30.7,45.6,43,28.7
Ontario,12/11/1999,24.7,36.7,39.3,26.4
Ontario,12/12/1999,23.8,35.6,36.8,26.5
Ontario,12/13/1999,30.9,38.2,36.8,28.5
Ontario,12/14/1999,30.9,36.4,39.8,32.1
Ontario,12/15/1999,34.5,44.7,40.2,31.8
Ontario,12/16/1999,29.8,39.6,38.8,29.1
Ontario,12/17/1999,22.8,32,33.3,23.6
Ontario,12/18/1999,18.2,28.2,31.5,19.6
Ontario,12/19/1999,17.8,34.4,35.9,19.6
Ontario,12/20/1999,22.7,45,35.7,19.7
Ontario,12/21/1999,18.5,27.6,32.3,19
Ontario,12/22/1999,15.9,24.2,24.9,15.7
Ontario,12/23/1999,12.5,22.8,23.4,12.6
Ontario,12/24/1999,9.2,23.1,24.8,10.3
Ontario,12/25/1999,9.2,28.7,28.2,13.1
Ontario,12/26/1999,21,32.9,27.7,11.7
Ontario,12/27/1999,5,21.6,26.2,9.9
Ontario,12/28/1999,3.7,24,26.8,6
Ontario,12/29/1999,9.2,34.9,32.8,9.3
Ontario,12/30/1999,15,39.4,35.1,11.8
Ontario,12/31/1999,11.1,31.1,38.6,17.5
Ontario,1/1/2000,26.4,45.4,42.9,21.6
Ontario,1/2/2000,27.4,52.2,49.4,27.3
Ontario,1/3/2000,27.9,50.6,51,26.1
Ontario,1/4/2000,22.8,50.1,43.1,22.4
Ontario,1/5/2000,16.3,28.7,38.5,21.3
Ontario,1/6/2000,24.7,36.7,33.2,21.4
Ontario,1/7/2000,23.3,34.1,37,22.5
Ontario,1/8/2000,19.4,40.1,37.9,25.4
Ontario,1/9/2000,33.5,39.6,41.2,29.4
Ontario,1/10/2000,35.1,43.8,42,33.5
Ontario,1/11/2000,31.8,42.6,40.1,29.6
Ontario,1/12/2000,21.8,33.8,32.8,19.4
Ontario,1/13/2000,4.6,22.1,23.7,9.3
Ontario,1/14/2000,1.4,15.1,22,6.4
Ontario,1/15/2000,13.1,28.9,26.2,4.2
Ontario,1/16/2000,-2,34.6,22.5,0.9
Ontario,1/17/2000,-8.4,4.1,17.7,-3.7
Ontario,1/18/2000,-0.6,14.2,14.6,-2.4
Ontario,1/19/2000,1.6,25.4,20,-0.5
Ontario,1/20/2000,-2.7,20.5,17.2,-2.5
Ontario,1/21/2000,-6.5,5.7,12.5,-5.3
Ontario,1/22/2000,-6.8,11.1,14.5,-2.4
Ontario,1/23/2000,6.1,26.5,19.8,1.5
Ontario,1/24/2000,5.2,21.7,23.2,4.6
Ontario,1/25/2000,2.5,21.3,21.3,3.4
Ontario,1/26/2000,2.5,21,17.8,0.9
Ontario,1/27/2000,-2.4,11.1,16.9,-0.8
Ontario,1/28/2000,-2.4,18.7,20.7,0.3
Ontario,1/29/2000,5.7,32.3,27.3,5.4
Ontario,1/30/2000,12.8,30.9,31.3,14.3
Ontario,1/31/2000,24.3,30.8,29.9,17.6
Ontario,2/1/2000,15.6,28,26.4,15.1
Ontario,2/2/2000,5.5,20.4,25.2,12.1
Ontario,2/3/2000,15.2,27.3,23,8
Ontario,2/4/2000,3.3,21.3,25.6,6.5
Ontario,2/5/2000,0.9,28.3,25.3,3.9
Ontario,2/6/2000,7.5,26.4,28.6,5.2
Ontario,2/7/2000,7,31.1,27.6,5
Ontario,2/8/2000,0.4,25.3,31.1,10.1
Ontario,2/9/2000,23,37,30.1,12.8
Ontario,2/10/2000,15.1,27.9,29.8,15.4
Ontario,2/11/2000,8,24.5,25,6.8
Ontario,2/12/2000,-2.8,22.6,24.8,5.5
Ontario,2/13/2000,11.2,27.5,25.1,8.4
Ontario,2/14/2000,16.8,25.4,27.9,12.2
Ontario,2/15/2000,8.5,30.8,29.7,12.6
Ontario,2/16/2000,12.6,32.8,28.7,8.8
Ontario,2/17/2000,5.3,22.4,26.9,10.4
Ontario,2/18/2000,13.3,25.5,25.8,10.8
Ontario,2/19/2000,13.6,29.7,29,16.3
Ontario,2/20/2000,21.9,31.8,32.9,18.1
Ontario,2/21/2000,18.6,37.1,39,23.6
Ontario,2/22/2000,30.3,48.2,44.6,29.6
Ontario,2/23/2000,40,48.4,49.3,35.7
Ontario,2/24/2000,36.9,51.2,47.5,37.1
Ontario,2/25/2000,34.3,43,48.3,35.2
Ontario,2/26/2000,34.5,50.8,50.8,36
Ontario,2/27/2000,39.3,58.7,50.4,33.6
Ontario,2/28/2000,27,41.7,47,30
Ontario,2/29/2000,23.7,40.7,45.6,27.5
Ontario,3/1/2000,31.8,54.3,43.8,28.4
Ontario,3/2/2000,29.6,36.3,43.2,29.5
Ontario,3/3/2000,27.3,38.9,40.4,27.5
Ontario,3/4/2000,25.6,46.1,43.1,27.8
Ontario,3/5/2000,30.5,44.3,46.4,27.7
Ontario,3/6/2000,27.1,49,49.4,29.9
Ontario,3/7/2000,32.1,55,57.6,31.1
Ontario,3/8/2000,34.2,68.8,64.4,30.5
Ontario,3/9/2000,25.1,69.4,54.7,26.5
Ontario,3/10/2000,20.3,26,43.2,23.3
Ontario,3/11/2000,24.4,34.3,32,23.2
Ontario,3/12/2000,25,35.8,34.7,22.6
Ontario,3/13/2000,18.5,34,39.2,23.7
Ontario,3/14/2000,27.5,47.7,44.1,27.3
Ontario,3/15/2000,35.7,50.5,48.8,30.3
Ontario,3/16/2000,27.7,48.2,43.5,27.3
Ontario,3/17/2000,18.3,31.7,37.7,20.6
Ontario,3/18/2000,15.9,33.3,35.9,19.4
Ontario,3/19/2000,24.1,42.6,42,25.9
Ontario,3/20/2000,37.8,50.2,48.7,32.9
Ontario,3/21/2000,36.7,53.3,53.9,37.4
Ontario,3/22/2000,37.8,58.2,57.2,38.6
Ontario,3/23/2000,41.2,60.1,59.1,38.2
Ontario,3/24/2000,35.7,59,62.2,39
Ontario,3/25/2000,40.1,67.6,59.5,37.7
Ontario,3/26/2000,37.4,52,56.5,37.4
Ontario,3/27/2000,34.7,49.8,51.2,34.5
Ontario,3/28/2000,31.4,51.8,48.5,33.7
Ontario,3/29/2000,35.1,43.8,47.7,32.8
Ontario,3/30/2000,31.9,47.5,48.4,32.6
Ontario,3/31/2000,30.7,54.1,54.2,32.8
Ontario,4/1/2000,35.8,61,56.7,36.7
Ontario,4/2/2000,43.8,55.1,54.8,40
Ontario,4/3/2000,40.3,48.3,51.2,38.8
Ontario,4/4/2000,32.3,50.3,46.4,34
Ontario,4/5/2000,29.2,40.7,47.7,32.2
Ontario,4/6/2000,34.9,52.2,46.1,32.1
Ontario,4/7/2000,32.2,45.5,46.3,32.2
Ontario,4/8/2000,29.4,41.2,43.1,28.5
Ontario,4/9/2000,23.8,42.4,40.1,27
Ontario,4/10/2000,27.6,36.6,38.2,26.1
Ontario,4/11/2000,26.8,35.4,38.5,26
Ontario,4/12/2000,23.7,43.4,41.7,25.5
Ontario,4/13/2000,26.1,46.3,52.2,27.5
Ontario,4/14/2000,32.6,67,62.8,34.6
Ontario,4/15/2000,45.1,75,64,39.1
Ontario,4/16/2000,39.5,50,56.1,39.8
Ontario,4/17/2000,34.7,43.3,46.4,36.7
Ontario,4/18/2000,35.8,46.1,48.3,36.5
Ontario,4/19/2000,39,55.6,50.9,39.8
Ontario,4/20/2000,44.6,51,51.6,42.1
Ontario,4/21/2000,42.6,48.1,48.8,42.9
Ontario,4/22/2000,41.6,47.2,51.7,40.8
Ontario,4/23/2000,38.3,59.9,55.1,40.3
Ontario,4/24/2000,41.1,58.3,57.5,37.8
Ontario,4/25/2000,33.9,54.2,55.1,36.7
Ontario,4/26/2000,35,52.7,52.5,35.5
Ontario,4/27/2000,37.5,50.7,56.1,36.3
Ontario,4/28/2000,36.4,64.8,60.3,37.8
Ontario,4/29/2000,39.6,65.4,62.6,37
Ontario,4/30/2000,35,57.6,60.3,39.2
Ontario,5/1/2000,43,57.9,58.5,39.1
Ontario,5/2/2000,39.2,60,60.7,39.5
Ontario,5/3/2000,36.4,64.1,67.1,38.6
Ontario,5/4/2000,40.3,77.1,74,45.2
Ontario,5/5/2000,58.8,80.6,80.1,52.3
Ontario,5/6/2000,57.8,82.6,82.6,60.5
Ontario,5/7/2000,65,84.6,82.1,62.1
Ontario,5/8/2000,63.6,79,79.8,61
Ontario,5/9/2000,54.4,75.8,74,55
Ontario,5/10/2000,47,67.2,68.6,48.1
Ontario,5/11/2000,42.8,62.9,65.1,45.8
Ontario,5/12/2000,47.5,65.2,65.8,46.9
Ontario,5/13/2000,50.3,69.3,63.3,46.9
Ontario,5/14/2000,42.7,55.3,61.3,44.7
Ontario,5/15/2000,41.1,59.2,58.4,41.7
Ontario,5/16/2000,41.1,60.6,61.8,43.1
Ontario,5/17/2000,47.1,65.6,61.6,45.1
Ontario,5/18/2000,47.1,58.6,59.3,44.3
Ontario,5/19/2000,38.8,53.6,55.6,42.5
Ontario,5/20/2000,41.7,54.5,56.5,42
Ontario,5/21/2000,45.6,61.5,59.8,44.7
Ontario,5/22/2000,46.6,63.4,61.1,47
Ontario,5/23/2000,48.8,58.4,64.7,48.8
Ontario,5/24/2000,50.9,72.4,64,49.2
Ontario,5/25/2000,48,61.3,65.5,48.2
Ontario,5/26/2000,45.8,62.7,63.1,46.4
Ontario,5/27/2000,45.5,65.3,62.5,45.9
Ontario,5/28/2000,46.5,59.6,63.7,45.5
Ontario,5/29/2000,44.5,66.2,65.8,46.5
Ontario,5/30/2000,48.5,71.6,71.1,49.9
Ontario,5/31/2000,56.7,75.6,73.4,53.3
Ontario,6/1/2000,54.7,73,74.4,54.2
Ontario,6/2/2000,51.2,74.4,71.8,51
Ontario,6/3/2000,47.2,67.8,69.8,48.2
Ontario,6/4/2000,46.3,67,65.1,46.3
Ontario,6/5/2000,45.3,60.4,64,47
Ontario,6/6/2000,49.3,64.7,66.7,47.5
Ontario,6/7/2000,48,75.2,72.5,52
Ontario,6/8/2000,58.7,77.7,76.6,53.5
Ontario,6/9/2000,53.9,76.8,79.3,54.8
Ontario,6/10/2000,51.9,83.3,78.9,51.9
Ontario,6/11/2000,49.8,76.8,74.7,50.5
Ontario,6/12/2000,49.7,64,67.7,50.2
Ontario,6/13/2000,51.2,62.2,67.2,52
Ontario,6/14/2000,55.1,75.2,72.1,56.2
Ontario,6/15/2000,62.2,78.8,79.4,59.3
Ontario,6/16/2000,60.5,84.1,78.4,59.4
Ontario,6/17/2000,55.4,72.3,73.2,55.2
Ontario,6/18/2000,49.7,63.3,70.7,52
Ontario,6/19/2000,51,76.5,71.9,53.1
Ontario,6/20/2000,58.5,75.8,77.8,57.1
Ontario,6/21/2000,61.8,81.1,78,59.7
Ontario,6/22/2000,58.9,77.2,77.7,58.9
Ontario,6/23/2000,55.9,75,75.2,58.2
Ontario,6/24/2000,59.8,73.3,77.4,59.7
Ontario,6/25/2000,63.3,84,80.5,60.9
Ontario,6/26/2000,59.5,84.1,81.6,60.3
Ontario,6/27/2000,58.2,76.7,77.8,58.2
Ontario,6/28/2000,56.8,72.6,72.4,56.2
Ontario,6/29/2000,53.5,67.8,70.9,54.5
Ontario,6/30/2000,53.2,72.4,73.7,54.8
Ontario,7/1/2000,57.6,80.8,78.7,58.1
Ontario,7/2/2000,63.5,83,79.1,62.2
Ontario,7/3/2000,65.4,73.5,78.7,62.6
Ontario,7/4/2000,59,79.7,75.9,60
Ontario,7/5/2000,55.7,74.6,75.8,56.2
Ontario,7/6/2000,54,73.1,73,53.8
Ontario,7/7/2000,51.6,71.4,73.5,53
Ontario,7/8/2000,53.3,76.1,73.4,54.9
Ontario,7/9/2000,59.8,72.7,75,57.5
Ontario,7/10/2000,59.3,76.4,75.2,58.4
Ontario,7/11/2000,56.2,76.4,77.1,57.1
Ontario,7/12/2000,55.7,78.4,78,57
Ontario,7/13/2000,59.2,79.3,78,58.2
Ontario,7/14/2000,59.7,76.2,76.9,60
Ontario,7/15/2000,61.1,75.3,75.3,61.2
Ontario,7/16/2000,62.9,74.5,77.5,62.1
Ontario,7/17/2000,62.3,82.7,76,60.3
Ontario,7/18/2000,55.7,70.9,74.1,56.8
Ontario,7/19/2000,52.3,68.8,72,52.5
Ontario,7/20/2000,49.6,76.4,73.2,51.9
Ontario,7/21/2000,53.6,74.3,73.4,52
Ontario,7/22/2000,52.8,69.4,72.7,52.3
Ontario,7/23/2000,50.6,74.4,73.9,52.5
Ontario,7/24/2000,54.3,77.9,77.7,53.7
Ontario,7/25/2000,56.3,80.9,80.5,56.7
Ontario,7/26/2000,59.5,82.8,81,60
Ontario,7/27/2000,64.2,79.4,80.4,63.1
Ontario,7/28/2000,65.6,79.1,79.5,65.4
Ontario,7/29/2000,66.5,80.1,78.3,66.4
Ontario,7/30/2000,67.2,75.6,78.6,67.1
Ontario,7/31/2000,67.6,80,77.8,67
Ontario,8/1/2000,66.1,77.9,80.3,66.8
Ontario,8/2/2000,66.7,82.9,78.3,62.8
Ontario,8/3/2000,55.5,74.2,77.8,58.7
Ontario,8/4/2000,53.8,76.4,76.5,55.2
Ontario,8/5/2000,56.4,79,74.8,56.8
Ontario,8/6/2000,60.3,69,77.7,60.9
Ontario,8/7/2000,66,84.9,80,63.5
Ontario,8/8/2000,64.1,86,84,64.7
Ontario,8/9/2000,63.9,81.2,82.7,63
Ontario,8/10/2000,61,80.8,80.5,61.9
Ontario,8/11/2000,60.7,79.4,79.6,59.8
Ontario,8/12/2000,57.6,78.6,79.3,58.8
Ontario,8/13/2000,58.2,79.8,80.4,59.4
Ontario,8/14/2000,62.6,82.8,82.9,61.2
Ontario,8/15/2000,62.8,86.2,81.7,60.7
Ontario,8/16/2000,56.8,76.2,77.2,57
Ontario,8/17/2000,51.4,69.2,71.8,53.6
Ontario,8/18/2000,52.6,70.1,70.2,51.3
Ontario,8/19/2000,49.9,71.3,69.5,50.1
Ontario,8/20/2000,47.9,67,69.9,48.8
Ontario,8/21/2000,48.6,71.5,71.5,49.1
Ontario,8/22/2000,50.9,75.9,75.1,53
Ontario,8/23/2000,59.4,77.8,77.4,55.4
Ontario,8/24/2000,56,78.6,78.7,57.4
Ontario,8/25/2000,56.9,79.9,79.4,57.6
Ontario,8/26/2000,59.9,79.7,77.8,59.6
Ontario,8/27/2000,62.1,73.7,76.8,60
Ontario,8/28/2000,57.9,76.8,77.8,60.7
Ontario,8/29/2000,62.1,83,80.4,62.9
Ontario,8/30/2000,68.6,81.3,83.2,64.9
Ontario,8/31/2000,63.9,85.1,84.5,66.5
Ontario,9/1/2000,66.9,87,80.9,65
Ontario,9/2/2000,64.4,70.4,77.1,64.9
Ontario,9/3/2000,63.5,73.9,70.5,58.5
Ontario,9/4/2000,47.5,67.2,68,51.4
Ontario,9/5/2000,43.3,63,66.1,44.9
Ontario,9/6/2000,44,68,69.4,45.7
Ontario,9/7/2000,49.8,77.3,73.6,51.7
Ontario,9/8/2000,61.4,75.5,76.9,56.4
Ontario,9/9/2000,57.9,77.9,77.5,60.2
Ontario,9/10/2000,61.3,79.1,79.5,61.7
Ontario,9/11/2000,66,81.4,79,60.6
Ontario,9/12/2000,54.6,76.4,76.7,56.3
Ontario,9/13/2000,48.4,72.2,71.4,51.7
Ontario,9/14/2000,52.1,65.4,67.3,50.2
Ontario,9/15/2000,50.2,64.4,63.3,49.5
Ontario,9/16/2000,46.1,60.2,64.6,48.8
Ontario,9/17/2000,50,69.3,67.3,48.9
Ontario,9/18/2000,50.5,72.4,73.3,52.3
Ontario,9/19/2000,56.5,78,77.2,54.4
Ontario,9/20/2000,56.1,81.1,73.5,53
Ontario,9/21/2000,46.5,61.2,66.6,48.4
Ontario,9/22/2000,42.5,57.6,63.1,45.8
Ontario,9/23/2000,48.4,70.6,62.6,43.9
Ontario,9/24/2000,40.9,59.6,62,42.6
Ontario,9/25/2000,38.5,55.8,59.4,39.7
Ontario,9/26/2000,39.7,62.7,62.6,39.9
Ontario,9/27/2000,41.4,69.3,60.2,38.2
Ontario,9/28/2000,33.4,48.7,59,35.9
Ontario,9/29/2000,32.9,58.9,59.5,36.4
Ontario,9/30/2000,42.9,70.8,67.5,41.4
Ontario,10/1/2000,48.3,72.8,72.8,47.7
Ontario,10/2/2000,51.8,74.8,72.5,50.9
Ontario,10/3/2000,52.7,70,69,49.5
Ontario,10/4/2000,44,62.3,61.7,45.9
Ontario,10/5/2000,41,52.9,56.4,42.1
Ontario,10/6/2000,41.4,54.1,52.4,39.9
Ontario,10/7/2000,37.4,50.2,49.9,37.8
Ontario,10/8/2000,34.7,45.5,47,35.1
Ontario,10/9/2000,33.2,45.3,49.1,34.1
Ontario,10/10/2000,34.3,56.4,55.4,36.4
Ontario,10/11/2000,41.6,64.5,62.8,38.4
Ontario,10/12/2000,39.4,67.6,67.1,43.8
Ontario,10/13/2000,50.4,69.2,70.8,48.3
Ontario,10/14/2000,55.2,75.6,68.2,50.5
Ontario,10/15/2000,45.8,59.9,62,48.2
Ontario,10/16/2000,43.5,50.6,55.1,45.6
Ontario,10/17/2000,47.6,54.8,55.7,45.6
Ontario,10/18/2000,45.8,61.7,58.9,45.2
Ontario,10/19/2000,42.3,60.2,64.7,42.2
Ontario,10/20/2000,38.5,72.3,65.9,40.7
Ontario,10/21/2000,41.3,65.1,62.8,38.4
Ontario,10/22/2000,35.4,51.1,58.4,36.1
Ontario,10/23/2000,31.6,59.1,58,38.3
Ontario,10/24/2000,47.8,63.7,61,43.1
Ontario,10/25/2000,49.8,60.2,63.1,48.1
Ontario,10/26/2000,46.7,65.3,65.9,46.3
Ontario,10/27/2000,42.3,72.1,61.3,40.8
Ontario,10/28/2000,33.3,46.4,55.8,35.5
Ontario,10/29/2000,30.9,48.8,50.1,33
Ontario,10/30/2000,34.9,55,52.3,33.7
Ontario,10/31/2000,35.3,53,54.8,34.5
Ontario,11/1/2000,33.2,56.5,56,33.7
Ontario,11/2/2000,32.6,58.5,60.5,35.8
Ontario,11/3/2000,41.8,66.4,58.8,38.1
Ontario,11/4/2000,39.9,51.7,55.2,37.9
Ontario,11/5/2000,32.1,47.7,49.2,33.6
Ontario,11/6/2000,28.9,48.2,49.6,32.1
Ontario,11/7/2000,35.3,52.9,51.4,37.3
Ontario,11/8/2000,47.7,53.2,54.5,44.1
Ontario,11/9/2000,49.5,57.3,55.5,46.9
Ontario,11/10/2000,43.5,56,52.6,42.1
Ontario,11/11/2000,33.2,44.6,47.7,35.7
Ontario,11/12/2000,30.3,42.5,44.4,34.3
Ontario,11/13/2000,39.3,46.2,43.8,35
Ontario,11/14/2000,35.3,42.8,43.1,35.9
Ontario,11/15/2000,33.1,40.4,42.2,32.9
Ontario,11/16/2000,30.4,43.5,41.7,31.6
Ontario,11/17/2000,31.1,41.3,40.9,29.8
Ontario,11/18/2000,27.8,38,39,28.4
Ontario,11/19/2000,26.3,37.6,37.7,27.8
Ontario,11/20/2000,29.5,37.4,36.1,25.2
Ontario,11/21/2000,19.8,33.3,33.4,21.4
Ontario,11/22/2000,14.9,29.6,29.2,15
Ontario,11/23/2000,10.3,24.7,29,13
Ontario,11/24/2000,13.8,32.6,33.1,14.3
Ontario,11/25/2000,18.8,41.9,38.8,22.3
Ontario,11/26/2000,34.4,42,41.9,30.2
Ontario,11/27/2000,37.4,41.8,41,35.3
Ontario,11/28/2000,34.1,39.3,40.8,34.1
Ontario,11/29/2000,30.8,41.3,38.8,31
Ontario,11/30/2000,28.1,35.9,36.2,25.3
Ontario,12/1/2000,16.8,31.4,31.8,19.4
Ontario,12/2/2000,13.3,27.9,31.5,14.8
Ontario,12/3/2000,14.4,35.1,34.1,15.9
Ontario,12/4/2000,20,39.2,36.3,17.1
Ontario,12/5/2000,17,34.6,32.3,16.9
Ontario,12/6/2000,13.8,22.9,26.1,13.6
Ontario,12/7/2000,10.1,20.7,21.1,10
Ontario,12/8/2000,6.1,19.7,21.8,5.5
Ontario,12/9/2000,0.4,24.9,26.7,7.7
Ontario,12/10/2000,16.5,35.4,30.8,12.2
Ontario,12/11/2000,19.6,32,29.8,13.2
Ontario,12/12/2000,3.6,22,26.3,10.4
Ontario,12/13/2000,8,24.9,24.9,8.4
Ontario,12/14/2000,13.6,28,28,10
Ontario,12/15/2000,8.5,31.1,33,16.1
Ontario,12/16/2000,26.4,39.9,37.6,20.7
Ontario,12/17/2000,27.2,41.9,36.4,22.9
Ontario,12/18/2000,15.2,27.6,32,19.3
Ontario,12/19/2000,15.5,26.6,24.7,13.2
Ontario,12/20/2000,8.8,20,24.4,11
Ontario,12/21/2000,8.7,26.6,21.4,6.6
Ontario,12/22/2000,2.5,17.7,21.7,5
Ontario,12/23/2000,3.7,20.8,20.1,3.1
Ontario,12/24/2000,3.1,21.9,19.2,1.9
Ontario,12/25/2000,-1.1,14.9,19.1,3.5
Ontario,12/26/2000,8.4,20.5,18.7,3.4
Ontario,12/27/2000,2.9,20.8,18.8,4.1
Ontario,12/28/2000,1,15.2,17.4,3.1
Ontario,12/29/2000,5.3,16.1,18.2,6
Ontario,12/30/2000,11.9,23.2,21.1,10.4
Ontario,12/31/2000,14,23.9,21,9.8
Ontario,1/1/2001,3.4,15.7,20.7,5.1
Ontario,1/2/2001,-2.2,22.6,20.5,4.4
Ontario,1/3/2001,11.9,23.1,24.3,9.8
Ontario,1/4/2001,19.6,27.1,27.9,17.4
Ontario,1/5/2001,20.7,33.4,30.1,18.8
Ontario,1/6/2001,16.1,29.7,31.4,19.7
Ontario,1/7/2001,22.3,31,30.2,15.2
Ontario,1/8/2001,7.1,30,30.2,10.8
Ontario,1/9/2001,2.9,29.7,29.4,9.8
Ontario,1/10/2001,19.5,28.6,31.8,12.8
Ontario,1/11/2001,16.1,37.1,32.3,16.1
Ontario,1/12/2001,12.7,31.2,34.1,14.6
Ontario,1/13/2001,14.9,33.9,33,18.1
Ontario,1/14/2001,26.7,33.9,34.1,22.9
Ontario,1/15/2001,27.3,34.4,34.7,27.1
Ontario,1/16/2001,27.4,35.8,32.8,24.7
Ontario,1/17/2001,19.4,28.3,32.1,22
Ontario,1/18/2001,19.1,32.3,30.8,14.9
Ontario,1/19/2001,6.1,31.8,27.4,7.6
Ontario,1/20/2001,-2.5,18.1,24.7,2.8
Ontario,1/21/2001,4.7,24.1,23.2,7.2
Ontario,1/22/2001,19.4,27.4,28.3,15.5
Ontario,1/23/2001,22.3,33.3,31,21.5
Ontario,1/24/2001,22.7,32.3,30.4,17.9
Ontario,1/25/2001,8.5,25.7,29.6,14.4
Ontario,1/26/2001,12.1,30.7,28.6,13.6
Ontario,1/27/2001,20.1,29.5,29.2,15.4
Ontario,1/28/2001,14,27.5,29.8,16.3
Ontario,1/29/2001,14.9,32.5,31.9,18.9
Ontario,1/30/2001,27.6,35.8,35,24
Ontario,1/31/2001,29.4,36.8,35.7,27.4
Ontario,2/1/2001,25.1,34.5,34.4,22.4
Ontario,2/2/2001,12.8,31.8,30.2,14.6
Ontario,2/3/2001,5.8,24.2,29.7,12.4
Ontario,2/4/2001,18.6,33.1,30.8,17.9
Ontario,2/5/2001,29.3,35.1,34.2,25.5
Ontario,2/6/2001,28.5,34.5,34.7,28
Ontario,2/7/2001,26,34.4,33.5,26.3
Ontario,2/8/2001,24.3,31.6,37.9,26.1
Ontario,2/9/2001,28.1,47.7,38.9,21.9
Ontario,2/10/2001,13.2,37.4,34.1,15.2
Ontario,2/11/2001,4.4,17.1,27.7,8.3
Ontario,2/12/2001,7.2,28.5,26.7,11
Ontario,2/13/2001,21.4,34.6,32.6,17.8
Ontario,2/14/2001,24.7,34.6,32.9,20
Ontario,2/15/2001,13.9,29.6,32.1,18.1
Ontario,2/16/2001,15.8,32,29.2,13.3
Ontario,2/17/2001,10.2,25.9,27.1,12.1
Ontario,2/18/2001,10.4,23.5,29.1,13.3
Ontario,2/19/2001,19.4,37.8,33.9,18.1
Ontario,2/20/2001,24.5,40.3,34.4,17.6
Ontario,2/21/2001,8.8,25.1,28.8,13.6
Ontario,2/22/2001,7.5,21.1,25.4,10.6
Ontario,2/23/2001,15.5,30,26.9,11.2
Ontario,2/24/2001,10.7,29.8,37.7,17.6
Ontario,2/25/2001,26.6,53.4,39.3,21.1
Ontario,2/26/2001,26,34.8,39.8,23.1
Ontario,2/27/2001,16.8,31.2,29.9,18
Ontario,2/28/2001,11.3,23.8,27.4,14.3
Ontario,3/1/2001,14.9,27.2,26.9,13.8
Ontario,3/2/2001,15.3,29.6,28.8,15.8
Ontario,3/3/2001,17,29.6,29.3,16.4
Ontario,3/4/2001,16.8,28.8,29.3,17.9
Ontario,3/5/2001,19.9,29.5,30.4,20.1
Ontario,3/6/2001,23.5,32.9,33.2,21.5
Ontario,3/7/2001,21.1,37.1,35.4,21.8
Ontario,3/8/2001,20.7,36.1,37,21.9
Ontario,3/9/2001,23.8,37.9,36.2,22
Ontario,3/10/2001,21.6,34.5,35.8,20.8
Ontario,3/11/2001,16.9,35,33.7,17.5
Ontario,3/12/2001,14,31.5,34.8,20.3
Ontario,3/13/2001,30.1,38,35.9,24.8
Ontario,3/14/2001,30.4,38,39.9,29.5
Ontario,3/15/2001,28.1,43.8,38.3,27.6
Ontario,3/16/2001,24.5,33.2,36.9,25.2
Ontario,3/17/2001,23,33.6,36.3,23.6
Ontario,3/18/2001,23.3,41.9,40.4,24.4
Ontario,3/19/2001,26.8,45.6,44.7,25.4
Ontario,3/20/2001,26.1,46.5,45.7,27
Ontario,3/21/2001,28,45,46.8,28.6
Ontario,3/22/2001,31.5,48.9,47.4,29.8
Ontario,3/23/2001,29.8,48.2,44.1,28
Ontario,3/24/2001,22.7,35,37.8,23.7
Ontario,3/25/2001,18.5,30.2,31.7,18.3
Ontario,3/26/2001,13.7,29.9,31.4,17.3
Ontario,3/27/2001,19.7,34,35.7,20
Ontario,3/28/2001,26.5,43.2,40.8,24.7
Ontario,3/29/2001,27.9,45.1,43.4,29.3
Ontario,3/30/2001,33.6,42,42,31.5
Ontario,3/31/2001,33.1,38.8,39.2,32.6
Ontario,4/1/2001,31.2,36.7,39.4,31.2
Ontario,4/2/2001,29.2,42.9,43,28.7
Ontario,4/3/2001,25.5,49.4,49.4,28.1
Ontario,4/4/2001,29.7,55.9,53.2,28.8
Ontario,4/5/2001,31,54.3,52.2,32.4
Ontario,4/6/2001,36.4,46.5,48.2,34
Ontario,4/7/2001,34.6,44,54,37.2
Ontario,4/8/2001,40.8,71.5,53.7,36.9
Ontario,4/9/2001,35.5,45.7,56,36.6
Ontario,4/10/2001,33.5,50.9,50.5,35.3
Ontario,4/11/2001,36.9,55,59.6,38.5
Ontario,4/12/2001,44.9,73,60.7,39
Ontario,4/13/2001,35.3,54.2,60.4,37
Ontario,4/14/2001,30.8,54.2,53.1,33.7
Ontario,4/15/2001,35.2,51.1,52.3,33.4
Ontario,4/16/2001,34.2,51.8,50.3,33.1
Ontario,4/17/2001,30,48.1,47.6,30.6
Ontario,4/18/2001,27.7,43,47.6,27.8
Ontario,4/19/2001,25.6,51.6,48.9,29.3
Ontario,4/20/2001,34.6,52.2,56.2,34.2
Ontario,4/21/2001,42.3,64.8,62,42.4
Ontario,4/22/2001,50.4,68.9,71.1,47.7
Ontario,4/23/2001,50.4,79.6,72.8,44.5
Ontario,4/24/2001,32.9,69.9,68.4,38.2
Ontario,4/25/2001,31.4,55.7,63,33.8
Ontario,4/26/2001,37.1,63.6,60.1,35.7
Ontario,4/27/2001,38.7,61,59.4,36.4
Ontario,4/28/2001,33.4,53.8,57.5,34.2
Ontario,4/29/2001,30.6,57.8,61.5,35.8
Ontario,4/30/2001,43.5,73,69.9,41.8
Ontario,5/1/2001,51.4,78.9,79,49.4
Ontario,5/2/2001,53.3,85.2,83.5,54.8
Ontario,5/3/2001,59.9,86.5,83.7,55.1
Ontario,5/4/2001,52,79.4,76.4,51.9
Ontario,5/5/2001,43.9,63.2,68.2,46.4
Ontario,5/6/2001,43.2,61.9,64.8,43.7
Ontario,5/7/2001,43.9,69.4,64.5,44.8
Ontario,5/8/2001,47.4,62.2,69.1,45.6
Ontario,5/9/2001,45.4,75.6,72.3,47.8
Ontario,5/10/2001,50.5,79,76.5,49.7
Ontario,5/11/2001,53.1,74.9,71.7,48.2
Ontario,5/12/2001,40.9,61.2,65.6,43.5
Ontario,5/13/2001,36.5,60.8,62.3,39.7
Ontario,5/14/2001,41.8,64.9,63.3,39.1
Ontario,5/15/2001,38.9,64.4,65,41.6
Ontario,5/16/2001,44,65.7,63,44.4
Ontario,5/17/2001,50.4,59,66.4,48.2
Ontario,5/18/2001,50.3,74.4,68.1,49.9
Ontario,5/19/2001,49.1,71.1,72.3,50
Ontario,5/20/2001,50.5,71.4,69.3,50.5
Ontario,5/21/2001,51.7,65.3,67.6,51
Ontario,5/22/2001,50.9,66.1,66.1,50.9
Ontario,5/23/2001,50.1,66.9,67.9,49.7
Ontario,5/24/2001,48.1,70.6,67.2,49.9
Ontario,5/25/2001,51.4,64.1,67.9,50
Ontario,5/26/2001,50.4,68.9,64.4,50.5
Ontario,5/27/2001,49.6,60.2,63.4,50.3
Ontario,5/28/2001,50.8,61,60.5,49.1
Ontario,5/29/2001,46.9,60.4,59.9,46.2
Ontario,5/30/2001,41,58.3,61.5,42.1
Ontario,5/31/2001,38.3,65.9,61.1,41.4
Ontario,6/1/2001,44.9,59.1,62.4,45
Ontario,6/2/2001,51.8,62.1,60.8,48.9
Ontario,6/3/2001,50.1,61.3,61.2,49.7
Ontario,6/4/2001,47.1,60.3,62.6,48.6
Ontario,6/5/2001,48.6,66.2,65.8,48.7
Ontario,6/6/2001,50.4,70.8,70.3,49.2
Ontario,6/7/2001,48.7,73.8,73.7,50.3
Ontario,6/8/2001,51.8,76.5,75.8,50.4
Ontario,6/9/2001,50.6,77,76.7,53
Ontario,6/10/2001,56.7,76.5,76.1,55.4
Ontario,6/11/2001,58.9,74.7,74.6,57.1
Ontario,6/12/2001,55.6,72.5,76.3,57.8
Ontario,6/13/2001,58.8,81.6,79.9,59
Ontario,6/14/2001,62.7,85.7,84.4,63.1
Ontario,6/15/2001,67.9,85.9,84.2,65.2
Ontario,6/16/2001,64.9,81.1,81.7,64.9
Ontario,6/17/2001,62,78,77.6,61.8
Ontario,6/18/2001,58.5,73.8,80.7,61.1
Ontario,6/19/2001,62.7,90.3,78.8,59.5
Ontario,6/20/2001,57.4,72.4,78.9,57.6
Ontario,6/21/2001,52.9,74,72.4,56.5
Ontario,6/22/2001,59.4,70.8,72.7,57
Ontario,6/23/2001,58.6,73.2,73.1,58
Ontario,6/24/2001,56,75.4,76.6,57.3
Ontario,6/25/2001,57.3,81.3,80.4,58.6
Ontario,6/26/2001,62.6,84.5,84.6,61.6
Ontario,6/27/2001,64.8,87.9,86.7,63.7
Ontario,6/28/2001,63.6,87.7,87.6,63.6
Ontario,6/29/2001,62.4,87.2,88.2,65.2
Ontario,6/30/2001,69.8,89.8,84,60
Ontario,7/1/2001,47.9,74.9,77.9,54.8
Ontario,7/2/2001,46.7,68.8,72.6,50.3
Ontario,7/3/2001,56.3,74.2,73.8,53.7
Ontario,7/4/2001,58,78.3,74.3,55.6
Ontario,7/5/2001,52.5,70.3,73.8,53.4
Ontario,7/6/2001,49.9,72.9,73.8,53.9
Ontario,7/7/2001,59.3,78.3,78.3,57.2
Ontario,7/8/2001,62.5,83.7,83.3,61.8
Ontario,7/9/2001,63.7,87.9,84.9,62.1
Ontario,7/10/2001,60,83.2,81.6,60.4
Ontario,7/11/2001,57.5,73.7,76.7,58.5
Ontario,7/12/2001,58,73.1,74.2,57.1
Ontario,7/13/2001,55.9,75.9,75.5,57.3
Ontario,7/14/2001,58.1,77.4,78.3,57.5
Ontario,7/15/2001,58.6,81.6,77.7,59.1
Ontario,7/16/2001,60.6,74,75.9,60
Ontario,7/17/2001,60.7,72.1,75.5,60
Ontario,7/18/2001,58.8,80.5,78,61.4
Ontario,7/19/2001,64.7,81.4,82.8,62.1
Ontario,7/20/2001,62.7,86.3,85,64.3
Ontario,7/21/2001,65.4,87.1,85.8,65.1
Ontario,7/22/2001,67.3,84,86.6,67.3
Ontario,7/23/2001,69.2,88.8,87.3,68.6
Ontario,7/24/2001,69.3,89.1,83.9,67
Ontario,7/25/2001,62.4,73.9,78.5,62.2
Ontario,7/26/2001,55,72.5,72.4,56.1
Ontario,7/27/2001,51,70.8,72.6,53.1
Ontario,7/28/2001,53.3,74.6,75,55.6
Ontario,7/29/2001,62.4,79.6,77.7,59.2
Ontario,7/30/2001,61.8,78.9,80.4,61.8
Ontario,7/31/2001,61.2,82.7,82.7,61.4
Ontario,8/1/2001,61.3,86.6,86.9,63.8
Ontario,8/2/2001,69,91.4,88.7,65.7
Ontario,8/3/2001,66.9,88.2,88.6,66.9
Ontario,8/4/2001,64.8,86.3,88.1,65.1
Ontario,8/5/2001,63.8,89.7,90.4,65.5
Ontario,8/6/2001,68,95.1,93,68.3
Ontario,8/7/2001,73.2,94.2,95.9,69.8
Ontario,8/8/2001,68.1,98.3,96.4,71.9
Ontario,8/9/2001,74.5,96.6,93.4,67.9
Ontario,8/10/2001,61.2,85.2,87.4,64.7
Ontario,8/11/2001,58.3,80.4,82.6,60.4
Ontario,8/12/2001,61.5,82.2,82.1,60
Ontario,8/13/2001,60.2,83.6,81.9,59.9
Ontario,8/14/2001,58,79.8,82.7,57.6
Ontario,8/15/2001,54.5,84.5,80.1,58.8
Ontario,8/16/2001,64,76.1,79.5,61
Ontario,8/17/2001,64.5,78,77.1,63.3
Ontario,8/18/2001,61.5,77.3,75.4,62.7
Ontario,8/19/2001,62.2,70.9,74.8,61.7
Ontario,8/20/2001,61.3,76.1,76.3,61.3
Ontario,8/21/2001,60.2,81.7,79.7,59.3
Ontario,8/22/2001,56.3,81.3,81.6,59.5
Ontario,8/23/2001,62.1,81.8,79.5,59.3
Ontario,8/24/2001,59.6,75.4,78.2,58.6
Ontario,8/25/2001,54,77.3,79.1,58.3
Ontario,8/26/2001,61.4,84.6,81.5,58.4
Ontario,8/27/2001,59.7,82.4,82.7,60.2
Ontario,8/28/2001,59.4,80.9,79.1,57.9
Ontario,8/29/2001,54.4,74,78.5,56.6
Ontario,8/30/2001,56,80.7,77.7,55.5
Ontario,8/31/2001,56.1,78.4,75.6,54.4
Ontario,9/1/2001,51.2,67.6,72.1,51.5
Ontario,9/2/2001,47.2,70.2,73.1,51.2
Ontario,9/3/2001,55.2,81.5,74.6,52.1
Ontario,9/4/2001,54,72.2,73.8,51.8
Ontario,9/5/2001,46.1,67.8,72.8,50
Ontario,9/6/2001,49.8,78.4,77.4,50.5
Ontario,9/7/2001,55.5,85.8,84.9,58.4
Ontario,9/8/2001,69.8,90.4,88.1,65.7
Ontario,9/9/2001,71.7,88,85.5,65.9
Ontario,9/10/2001,56.3,78,80.5,60.6
Ontario,9/11/2001,53.9,75.6,78.5,53.4
Ontario,9/12/2001,50,81.9,74.6,50.2
Ontario,9/13/2001,46.8,66.2,71.2,46.8
Ontario,9/14/2001,43.6,65.6,66.7,45.2
Ontario,9/15/2001,45.3,68.2,69.4,45.3
Ontario,9/16/2001,47.2,74.4,72.3,47.1
Ontario,9/17/2001,48.8,74.2,73.9,51.4
Ontario,9/18/2001,58.3,73.1,72.6,55.8
Ontario,9/19/2001,60.3,70.5,71.4,59.8
Ontario,9/20/2001,60.8,70.5,70.1,59.5
Ontario,9/21/2001,57.5,69.2,69.9,57.1
Ontario,9/22/2001,53.1,69.9,70.1,53.5
Ontario,9/23/2001,49.8,71.2,69,49.5
Ontario,9/24/2001,45.6,65.9,65.1,46.7
Ontario,9/25/2001,44.8,58.2,59.3,43.9
Ontario,9/26/2001,41.4,53.7,56.9,43.5
Ontario,9/27/2001,44.2,58.8,58.1,44
Ontario,9/28/2001,46.4,61.7,62.1,44.7
Ontario,9/29/2001,43.5,65.8,64.2,44.3
Ontario,9/30/2001,43,65.1,67.8,43.1
Ontario,10/1/2001,42.8,72.5,70.8,44.8
Ontario,10/2/2001,48.7,74.9,75.5,48.1
Ontario,10/3/2001,52.9,79.1,74.3,50.9
Ontario,10/4/2001,51,68.9,66.8,49.4
Ontario,10/5/2001,44.3,52.3,59.1,44.8
Ontario,10/6/2001,39.1,56.2,51.6,38.4
Ontario,10/7/2001,31.7,46.5,50.6,33
Ontario,10/8/2001,28.1,49.1,51.3,31.3
Ontario,10/9/2001,34,58.4,58.2,37.3
Ontario,10/10/2001,49.9,67.2,63.9,44.8
Ontario,10/11/2001,50.6,66.1,64.7,51.1
Ontario,10/12/2001,52.7,60.9,65.9,53.3
Ontario,10/13/2001,56.6,70.8,66.1,52.5
Ontario,10/14/2001,48.2,66.7,65.6,50.4
Ontario,10/15/2001,46.5,59.4,60.9,45.9
Ontario,10/16/2001,43.1,56.6,53.8,41
Ontario,10/17/2001,33.5,45.5,51.6,35.7
Ontario,10/18/2001,30.5,52.6,52.4,35.7
Ontario,10/19/2001,43.1,59.2,58.2,38.7
Ontario,10/20/2001,42.3,62.8,61.5,42.4
Ontario,10/21/2001,41.8,62.5,60.7,40.3
Ontario,10/22/2001,36.8,56.7,61.6,41.4
Ontario,10/23/2001,45.7,65.6,63.5,46
Ontario,10/24/2001,55.5,68.2,65.5,46.9
Ontario,10/25/2001,39.5,62.8,58.7,43.8
Ontario,10/26/2001,36.4,45.2,50.7,36.8
Ontario,10/27/2001,34.6,44,44.6,35.3
Ontario,10/28/2001,34.8,44.6,47.8,34.9
Ontario,10/29/2001,35.2,55,48.6,34.2
Ontario,10/30/2001,32.4,46.2,49.9,35
Ontario,10/31/2001,37.5,48.6,53.5,37.4
Ontario,11/1/2001,42.2,65.5,58.6,41.7
Ontario,11/2/2001,45.4,61.7,59.7,42.1
Ontario,11/3/2001,38.7,51.8,56.2,39.9
Ontario,11/4/2001,35.8,55.3,50.9,35.4
Ontario,11/5/2001,31.6,45.7,51.1,32.3
Ontario,11/6/2001,29.5,52.2,51.4,34.5
Ontario,11/7/2001,42.4,56.2,56.9,35.5
Ontario,11/8/2001,34.5,62.2,54.5,37.1
Ontario,11/9/2001,34.6,44.9,52.6,34.8
Ontario,11/10/2001,35.4,50.5,44.7,33.2
Ontario,11/11/2001,29.7,38.7,43.6,32.3
Ontario,11/12/2001,31.7,41.6,44.9,30.3
Ontario,11/13/2001,29.4,54.4,51,35.8
Ontario,11/14/2001,46.2,56.9,57.4,41.7
Ontario,11/15/2001,49.6,61,59.1,43.5
Ontario,11/16/2001,34.6,59.3,54.6,38.5
Ontario,11/17/2001,31.2,43.5,53.3,35
Ontario,11/18/2001,39.3,57,53.9,35.4
Ontario,11/19/2001,35.7,61.2,53.7,35.4
Ontario,11/20/2001,31.2,43,49.4,32
Ontario,11/21/2001,29.2,43.9,45,31.1
Ontario,11/22/2001,32.9,48,48.1,31.2
Ontario,11/23/2001,31.6,52.3,52.4,32.4
Ontario,11/24/2001,32.6,56.7,56.5,37.1
Ontario,11/25/2001,47.2,60.5,55.3,41.2
Ontario,11/26/2001,43.8,48.7,51.7,44.1
Ontario,11/27/2001,41.3,45.9,45.8,39.1
Ontario,11/28/2001,32.1,42.9,41.9,35.1
Ontario,11/29/2001,31.8,36.9,42.9,33.3
Ontario,11/30/2001,35.9,48.9,44.6,37.1
Ontario,12/1/2001,43.6,48,48,38.8
Ontario,12/2/2001,36.9,47.1,49.5,38.9
Ontario,12/3/2001,36.1,53.4,51,34.9
Ontario,12/4/2001,31.8,52.6,56.1,38.8
Ontario,12/5/2001,48.6,62.4,59.8,38
Ontario,12/6/2001,33.4,64.5,57.5,36.5
Ontario,12/7/2001,27.5,45.6,48.7,29.2
Ontario,12/8/2001,26.6,36,41,27
Ontario,12/9/2001,26.9,41.5,40.6,26.8
Ontario,12/10/2001,26.8,44.3,43.9,27
Ontario,12/11/2001,27.3,45.9,44.9,28.6
Ontario,12/12/2001,31.6,44.5,47.8,33.6
Ontario,12/13/2001,41.8,53,47.4,34.7
Ontario,12/14/2001,30.6,44.7,44.5,32
Ontario,12/15/2001,23.5,35.9,38.4,25.1
Ontario,12/16/2001,21.3,34.6,36,25.1
Ontario,12/17/2001,30.5,37.6,38,28.8
Ontario,12/18/2001,34.5,42,40.3,32.5
Ontario,12/19/2001,32.5,41.3,40.4,32.4
Ontario,12/20/2001,30.2,38.1,37.5,28.9
Ontario,12/21/2001,23.9,33.2,35.1,24.2
Ontario,12/22/2001,18.4,33.9,36.4,22.1
Ontario,12/23/2001,24,42.2,36.4,22.4
Ontario,12/24/2001,24.9,32.9,35.4,23.2
Ontario,12/25/2001,20.6,31,30.3,20.9
Ontario,12/26/2001,17.2,27.1,28,18.6
Ontario,12/27/2001,17.9,25.9,28,18
Ontario,12/28/2001,18.8,30.9,28.5,18
Ontario,12/29/2001,17.3,28.7,29,18.4
Ontario,12/30/2001,19.2,27.3,28,18.4
Ontario,12/31/2001,18.7,27.9,27.3,17.1
Ontario,1/1/2002,13.3,26.8,29.2,15.7
Ontario,1/2/2002,15.1,32.7,30.7,16.1
Ontario,1/3/2002,20.1,32.7,32.7,18.5
Ontario,1/4/2002,20.5,32.9,34.1,23.7
Ontario,1/5/2002,30.6,36.9,34.7,27.3
Ontario,1/6/2002,30.9,34.4,34.3,25.1
Ontario,1/7/2002,13.8,31.5,32.9,18.9
Ontario,1/8/2002,12,32.8,34.6,19.2
Ontario,1/9/2002,31.8,39.5,37.7,25.7
Ontario,1/10/2002,33.3,40.7,39.9,32.6
Ontario,1/11/2002,32.7,39.5,40,32.1
Ontario,1/12/2002,30.3,39.7,38,28.8
Ontario,1/13/2002,23.4,34.8,36.1,24.6
Ontario,1/14/2002,20,33.7,34.7,22.8
Ontario,1/15/2002,25.1,35.6,33.8,21.6
Ontario,1/16/2002,19.7,32.2,33.7,21.8
Ontario,1/17/2002,20.6,33.4,30.9,17.6
Ontario,1/18/2002,12.4,27.1,28.8,14.4
Ontario,1/19/2002,10.3,26,28.8,13.5
Ontario,1/20/2002,17.7,33.4,31.5,19
Ontario,1/21/2002,29,35,36.5,24.3
Ontario,1/22/2002,26.1,41.2,40.2,29.3
Ontario,1/23/2002,32.6,44.3,41.9,27.2
Ontario,1/24/2002,22.9,40.1,41,26.7
Ontario,1/25/2002,24.6,38.6,41.2,27.5
Ontario,1/26/2002,35.1,44.7,44.6,30.6
Ontario,1/27/2002,32.2,50.3,48.9,33.3
Ontario,1/28/2002,32.7,51.5,46,30.4
Ontario,1/29/2002,26.3,36,38.8,27.2
Ontario,1/30/2002,22.6,29,30.1,21.8
Ontario,1/31/2002,16.5,25.3,31.2,18.6
Ontario,2/1/2002,16.7,39.4,30.9,15.4
Ontario,2/2/2002,12.9,28.1,33.6,16.9
Ontario,2/3/2002,21.2,33.3,30.1,13.6
Ontario,2/4/2002,6.6,29,29.5,11.2
Ontario,2/5/2002,5.7,26.3,28.2,10.3
Ontario,2/6/2002,18.5,29.4,31.3,16.9
Ontario,2/7/2002,26.4,38.1,34.5,22.8
Ontario,2/8/2002,23.4,35.8,34.6,23.2
Ontario,2/9/2002,19.6,30,36.4,20.4
Ontario,2/10/2002,18,43.4,33.9,13.9
Ontario,2/11/2002,3.9,28.4,36.5,12.9
Ontario,2/12/2002,16.7,37.8,30.7,8.9
Ontario,2/13/2002,6.1,25.8,34.5,13.4
Ontario,2/14/2002,17.3,39.8,36.1,18.5
Ontario,2/15/2002,32.1,42.8,40.3,26.7
Ontario,2/16/2002,30.6,38.4,37.8,26.2
Ontario,2/17/2002,16,32.4,34.7,19.7
Ontario,2/18/2002,12.4,33.4,35.5,17.4
Ontario,2/19/2002,23.7,40.6,39.8,24.1
Ontario,2/20/2002,36.1,45.5,43.6,30.1
Ontario,2/21/2002,30.6,44.7,41.2,29.2
Ontario,2/22/2002,20.8,33.6,37.3,22.5
Ontario,2/23/2002,16.1,33.8,38.4,20.9
Ontario,2/24/2002,25.9,47.9,46.1,26.2
Ontario,2/25/2002,36.7,56.5,51.2,30.7
Ontario,2/26/2002,29.6,49.1,45.5,29.2
Ontario,2/27/2002,21.1,30.9,37.1,22.3
Ontario,2/28/2002,16.1,31.3,32.5,20.1
Ontario,3/1/2002,23.1,35.5,37.9,20.6
Ontario,3/2/2002,22.7,47,42.8,21.7
Ontario,3/3/2002,19.5,46,38.7,18.2
Ontario,3/4/2002,12.4,23.1,32.7,14.8
Ontario,3/5/2002,12.5,28.8,28.2,16.2
Ontario,3/6/2002,23.5,32.6,31.6,20
Ontario,3/7/2002,23.9,33.2,36.7,26.2
Ontario,3/8/2002,31.2,44.4,47.2,27.5
Ontario,3/9/2002,27.5,63.9,47.1,25.6
Ontario,3/10/2002,18.3,33.1,43.1,21.4
Ontario,3/11/2002,18.5,32.4,37.2,22.5
Ontario,3/12/2002,30.6,46,43.8,26.7
Ontario,3/13/2002,31,52.9,47.7,31
Ontario,3/14/2002,31.4,44.2,49.4,30.5
Ontario,3/15/2002,29,51.1,44.2,26.8
Ontario,3/16/2002,20.1,37.2,41.8,23.8
Ontario,3/17/2002,22.3,37.1,38,24.7
Ontario,3/18/2002,31.8,39.7,38.8,28
Ontario,3/19/2002,29.9,39.6,40.4,30.6
Ontario,3/20/2002,30.2,41.9,39.6,25.3
Ontario,3/21/2002,15.9,37.4,34.9,19.5
Ontario,3/22/2002,12.4,25.4,33.2,15.5
Ontario,3/23/2002,18.3,36.7,32.6,15.6
Ontario,3/24/2002,16.1,35.6,33.4,14.7
Ontario,3/25/2002,9.6,27.8,31.8,16
Ontario,3/26/2002,22.3,32,33.6,19.9
Ontario,3/27/2002,27.9,40.9,39.5,24.7
Ontario,3/28/2002,23.8,45.7,45.6,28.9
Ontario,3/29/2002,35,50.4,49.5,30.9
Ontario,3/30/2002,34,52.3,52.1,33
Ontario,3/31/2002,30.1,53.6,49.7,32.3
Ontario,4/1/2002,32.7,43,45.1,31.8
Ontario,4/2/2002,32.5,38.6,41.6,31.4
Ontario,4/3/2002,29,43.2,39.4,29.7
Ontario,4/4/2002,27.5,36.5,38.8,27.9
Ontario,4/5/2002,27.4,36.5,36.9,26.2
Ontario,4/6/2002,23.7,37.5,39,24.2
Ontario,4/7/2002,21.6,42.9,43.8,27.2
Ontario,4/8/2002,36.5,50.9,51.8,31.8
Ontario,4/9/2002,37.3,61.6,54.6,34.8
Ontario,4/10/2002,30.6,51.3,58.1,35.9
Ontario,4/11/2002,39.7,61.3,58.4,39
Ontario,4/12/2002,46.7,62.6,59.9,44.5
Ontario,4/13/2002,47.1,55.9,57.4,46.7
Ontario,4/14/2002,46.4,53.6,59.1,46.6
Ontario,4/15/2002,46.2,67.7,68.7,47.3
Ontario,4/16/2002,49.5,84.9,78,51.9
Ontario,4/17/2002,60.1,81.4,81.3,55.4
Ontario,4/18/2002,56.6,77.7,78,55
Ontario,4/19/2002,48.4,75,68.2,46.7
Ontario,4/20/2002,35,51.8,56.1,38.2
Ontario,4/21/2002,31.1,41.4,44.1,31.7
Ontario,4/22/2002,29,39,44.3,30.2
Ontario,4/23/2002,30.6,52.4,48.9,29.9
Ontario,4/24/2002,30.3,55.4,52.8,31.7
Ontario,4/25/2002,34.1,50.8,49.7,31.7
Ontario,4/26/2002,30.5,43,47.8,31.1
Ontario,4/27/2002,28.7,49.7,44.6,30.6
Ontario,4/28/2002,32.6,41,45.6,31.6
Ontario,4/29/2002,33.4,46,47.2,33.7
Ontario,4/30/2002,35,54.5,52.1,33.8
Ontario,5/1/2002,33.1,55.8,53.1,34.3
Ontario,5/2/2002,34.9,49,52.3,34.2
Ontario,5/3/2002,34.6,52.2,53.5,34.8
Ontario,5/4/2002,34.8,59.4,60.8,35.9
Ontario,5/5/2002,38.3,70.7,67.4,42.2
Ontario,5/6/2002,53.3,72.1,70.1,45
Ontario,5/7/2002,43.2,67.4,63.6,45.8
Ontario,5/8/2002,41,51.3,63.3,42.9
Ontario,5/9/2002,44.4,71.3,60.5,41.2
Ontario,5/10/2002,38.2,59,62.1,38.8
Ontario,5/11/2002,33.8,56,54.2,37.9
Ontario,5/12/2002,41.7,47.6,50.5,38.9
Ontario,5/13/2002,41.3,47.9,49,40.7
Ontario,5/14/2002,39.1,51.6,53.5,39.8
Ontario,5/15/2002,38.9,61.2,59.8,40.4
Ontario,5/16/2002,43.2,66.7,60.1,40.5
Ontario,5/17/2002,39.3,52.3,55,39.6
Ontario,5/18/2002,36.4,46.1,48.6,35.8
Ontario,5/19/2002,31.7,47.4,47.2,33.5
Ontario,5/20/2002,32.2,47.9,50.1,32.9
Ontario,5/21/2002,34.7,54.9,55.8,34.8
Ontario,5/22/2002,37.4,64.7,64.2,37.5
Ontario,5/23/2002,40.5,72.9,68.2,39.7
Ontario,5/24/2002,41.3,67.1,65.2,39.8
Ontario,5/25/2002,37.6,55.6,62.4,41.3
Ontario,5/26/2002,45,64.5,64.3,42.3
Ontario,5/27/2002,44.2,72.9,71.2,47.3
Ontario,5/28/2002,52.7,76.3,75.6,50.8
Ontario,5/29/2002,55.4,77.7,78.8,56.1
Ontario,5/30/2002,60.3,82.4,79.1,58.1
Ontario,5/31/2002,58.8,77.1,80,58.6
Ontario,6/1/2002,56.7,80.4,73.4,54.5
Ontario,6/2/2002,48,62.6,66.9,49.3
Ontario,6/3/2002,43.4,57.7,59.7,45.6
Ontario,6/4/2002,45.5,58.7,63.5,47.4
Ontario,6/5/2002,53.3,74.1,65.8,49.2
Ontario,6/6/2002,48.8,64.5,69.4,49.2
Ontario,6/7/2002,45.5,69.6,70.6,48
Ontario,6/8/2002,49.7,77.7,75.9,51.2
Ontario,6/9/2002,58.3,80.3,77.2,54.3
Ontario,6/10/2002,55,73.5,79.2,57
Ontario,6/11/2002,57.8,83.7,75.9,56.1
Ontario,6/12/2002,55.4,70.4,75.5,56.5
Ontario,6/13/2002,56.3,72.4,70.1,55.5
Ontario,6/14/2002,54.9,67.5,68.5,55.2
Ontario,6/15/2002,54.5,65.4,65.3,54.2
Ontario,6/16/2002,53.1,63.1,65.3,53.4
Ontario,6/17/2002,52.5,67.4,67.3,51.8
Ontario,6/18/2002,49.8,71.3,71.6,51.2
Ontario,6/19/2002,51.2,76.1,76.4,50.8
Ontario,6/20/2002,51.3,81.9,81.3,55.1
Ontario,6/21/2002,62.8,86,82.7,59.2
Ontario,6/22/2002,63.5,80.1,84.8,63
Ontario,6/23/2002,62.8,88.2,80.1,61.4
Ontario,6/24/2002,57.9,71.8,82.3,60
Ontario,6/25/2002,59.3,86.8,82,61.5
Ontario,6/26/2002,67.4,87.5,85.3,64
Ontario,6/27/2002,65.2,81.5,83.9,64.5
Ontario,6/28/2002,60.9,82.6,82.4,62.6
Ontario,6/29/2002,61.5,83,84.9,62.3
Ontario,6/30/2002,64.6,89,88.8,65.3
Ontario,7/1/2002,69.6,94.4,92.7,69.6
Ontario,7/2/2002,74.7,94.7,94.5,72.7
Ontario,7/3/2002,73.9,94.5,93,71.1
Ontario,7/4/2002,64.7,89.8,87.1,65.7
Ontario,7/5/2002,58.4,76.9,82.1,60.7
Ontario,7/6/2002,59,79.6,80.8,58.8
Ontario,7/7/2002,59,85.9,85.4,61.2
Ontario,7/8/2002,65.7,90.8,86.6,63.4
Ontario,7/9/2002,65.5,83.2,82.7,63
Ontario,7/10/2002,57.7,74.1,78.1,59.5
Ontario,7/11/2002,55.2,76.9,77.5,55.6
Ontario,7/12/2002,53.9,81.4,80.7,55.6
Ontario,7/13/2002,57.8,83.8,85,57.9
Ontario,7/14/2002,62.1,89.7,86.9,62.3
Ontario,7/15/2002,67.1,87.2,87.9,63.7
Ontario,7/16/2002,62,86.8,87.9,66
Ontario,7/17/2002,69,89.6,86.1,65.7
Ontario,7/18/2002,66.1,81.7,84.2,65.5
Ontario,7/19/2002,61.3,81.1,81.5,62.7
Ontario,7/20/2002,60.7,81.5,83.2,61.9
Ontario,7/21/2002,63.6,86.9,87.5,65.2
Ontario,7/22/2002,71.4,94.2,85.8,64.5
Ontario,7/23/2002,58.5,76.3,81.7,61.7
Ontario,7/24/2002,55.1,74.6,75.4,56.1
Ontario,7/25/2002,54.6,75.4,76.1,58.1
Ontario,7/26/2002,64.7,78.3,78.7,60.7
Ontario,7/27/2002,62.8,82.4,83.4,65.1
Ontario,7/28/2002,67.9,89.4,87.1,67
Ontario,7/29/2002,70.3,89.5,88.6,68.9
Ontario,7/30/2002,68.4,87,88.8,69.1
Ontario,7/31/2002,68.5,89.8,90.1,69.4
Ontario,8/1/2002,71.2,93.5,90.4,68.3
Ontario,8/2/2002,65,87.8,88.3,65.8
Ontario,8/3/2002,61.1,83.7,85.2,62.9
Ontario,8/4/2002,62.4,84.3,84.5,61.5
Ontario,8/5/2002,61,85.4,80.7,59.3
Ontario,8/6/2002,54.4,72.5,78.1,56.7
Ontario,8/7/2002,54.8,76.2,75.5,54.8
Ontario,8/8/2002,55.1,77.7,78.3,55.2
Ontario,8/9/2002,55.6,81,81.3,56.9
Ontario,8/10/2002,60.2,85.2,85.9,59.9
Ontario,8/11/2002,64.1,91.6,90,64.2
Ontario,8/12/2002,68.3,93.3,92.7,67.4
Ontario,8/13/2002,69.8,93.1,92.1,69.5
Ontario,8/14/2002,70.4,89.9,89.7,70
Ontario,8/15/2002,69.9,86.2,88.5,69.5
Ontario,8/16/2002,68.3,89.4,87.8,67.8
Ontario,8/17/2002,65.3,87.7,86.8,65.4
Ontario,8/18/2002,62.5,83.3,80.6,62.2
Ontario,8/19/2002,58.6,70.7,77.4,58.9
Ontario,8/20/2002,55.5,78.3,76.4,56.8
Ontario,8/21/2002,56.2,80.3,78.5,58
Ontario,8/22/2002,62.1,77,77,59.1
Ontario,8/23/2002,59,73.8,75.9,60.3
Ontario,8/24/2002,59.8,76.8,77.2,59.8
Ontario,8/25/2002,60.5,81,81.1,59
Ontario,8/26/2002,56.6,85.7,79.8,58.4
Ontario,8/27/2002,58.1,72.6,77.9,56
Ontario,8/28/2002,53.4,75.3,74.1,56.3
Ontario,8/29/2002,57.5,74.3,77.4,55
Ontario,8/30/2002,54,82.6,79.9,57.2
Ontario,8/31/2002,60.2,82.7,81.2,59
Ontario,9/1/2002,62.6,78.2,80,61.5
Ontario,9/2/2002,61.6,79.1,81.8,62.9
Ontario,9/3/2002,64.5,88.3,82.5,61.8
Ontario,9/4/2002,59.3,80.2,81.4,60.2
Ontario,9/5/2002,56.9,75.7,78.8,56.8
Ontario,9/6/2002,54.3,80.4,80.9,57.2
Ontario,9/7/2002,60.4,86.5,85.9,58.4
Ontario,9/8/2002,60.6,90.9,90.1,62
Ontario,9/9/2002,65.1,93,92.6,62.4
Ontario,9/10/2002,61.6,93.9,85.7,59.7
Ontario,9/11/2002,52.3,70.2,80.3,54.1
Ontario,9/12/2002,48.4,76.7,76.7,52.1
Ontario,9/13/2002,55.7,83.2,81.6,55
Ontario,9/14/2002,60.8,84.8,79.8,58.9
Ontario,9/15/2002,60.1,71.4,76.3,58.6
Ontario,9/16/2002,54.9,72.7,74.1,55.1
Ontario,9/17/2002,50.3,78.1,75.9,53.6
Ontario,9/18/2002,55.5,76.8,79.7,55.6
Ontario,9/19/2002,60.8,84.1,81.6,61.5
Ontario,9/20/2002,68.3,84,82.1,63.9
Ontario,9/21/2002,62.5,78.2,79.5,61
Ontario,9/22/2002,52.2,76.3,74.4,54
Ontario,9/23/2002,47.2,68.7,71.7,49
Ontario,9/24/2002,47.7,70.1,68.6,46.8
Ontario,9/25/2002,45.6,67.1,70,47.5
Ontario,9/26/2002,49.3,72.7,67.2,49.9
Ontario,9/27/2002,54.8,61.8,66.6,50.9
Ontario,9/28/2002,48.6,65.2,64.9,49.7
Ontario,9/29/2002,45.7,67.7,70.5,50.9
Ontario,9/30/2002,58.3,78.6,76.8,56.4
Ontario,10/1/2002,65.1,84.2,80.3,60.4
Ontario,10/2/2002,57.8,78.3,73.9,58.1
Ontario,10/3/2002,51.3,59.3,70.5,54
Ontario,10/4/2002,53,73.9,66.2,49.6
Ontario,10/5/2002,44.5,65.3,67.7,46.5
Ontario,10/6/2002,42.2,63.9,64.8,41.5
Ontario,10/7/2002,37.9,65.1,60.6,39
Ontario,10/8/2002,37,52.8,59.8,39.9
Ontario,10/9/2002,44.9,61.6,59.6,42.2
Ontario,10/10/2002,44.7,64.5,62.6,45.7
Ontario,10/11/2002,47.5,61.8,62.6,48.5
Ontario,10/12/2002,53.4,61.6,61.3,46
Ontario,10/13/2002,37.1,60.5,58.2,40.6
Ontario,10/14/2002,31.3,52.6,56.6,35.8
Ontario,10/15/2002,38.8,56.7,53.5,37.1
Ontario,10/16/2002,41.1,51.1,51.2,38.4
Ontario,10/17/2002,35.3,45.7,49.2,36.8
Ontario,10/18/2002,34.1,50.8,50.6,35.7
Ontario,10/19/2002,37.7,55.4,52.1,35.2
Ontario,10/20/2002,33.7,50.1,50.8,35
Ontario,10/21/2002,33.7,47,46.7,34.4
Ontario,10/22/2002,36,43,43.7,32.6
Ontario,10/23/2002,28.2,41.1,42.2,31
Ontario,10/24/2002,28.9,42.5,43.2,29.4
Ontario,10/25/2002,31.3,45.8,46.2,32.3
Ontario,10/26/2002,36.8,50.1,47.7,34.8
Ontario,10/27/2002,36.2,47.1,47.8,34.7
Ontario,10/28/2002,31.3,46.1,44.3,32
Ontario,10/29/2002,28.7,39.5,42.6,29
Ontario,10/30/2002,26.9,42.1,42.1,27
Ontario,10/31/2002,25.4,44.7,41.8,26.6
Ontario,11/1/2002,27.4,38.5,40.9,26.4
Ontario,11/2/2002,26.2,39.4,38.8,26.6
Ontario,11/3/2002,26.3,38.4,41.5,28
Ontario,11/4/2002,31.5,46.6,41.9,28.5
Ontario,11/5/2002,27.9,40.7,44,30.9
Ontario,11/6/2002,33.4,44.8,43,26.8
Ontario,11/7/2002,19.2,43.5,49.5,31
Ontario,11/8/2002,40.6,60.3,54.9,34.9
Ontario,11/9/2002,45,60.9,61.3,45.7
Ontario,11/10/2002,51.5,62.7,61.4,46.5
Ontario,11/11/2002,42.9,60.7,55.7,44.6
Ontario,11/12/2002,39.4,43.8,50.3,39.7
Ontario,11/13/2002,36.9,46.4,48.4,37.5
Ontario,11/14/2002,36.1,55.1,47.1,32.4
Ontario,11/15/2002,24.3,39.8,41.3,27
Ontario,11/16/2002,20.6,28.9,33.7,23.6
Ontario,11/17/2002,25.7,32.4,32.6,25.2
Ontario,11/18/2002,29.3,36.4,36.6,29.3
Ontario,11/19/2002,32.9,40.9,43,32
Ontario,11/20/2002,33.7,51.8,47.3,34.9
Ontario,11/21/2002,38.2,49.1,47.5,33.6
Ontario,11/22/2002,29,41.6,43,31.3
Ontario,11/23/2002,26.6,38.2,39.7,29.1
Ontario,11/24/2002,31.7,39.2,39,28.6
Ontario,11/25/2002,27.5,39.4,37.5,27.8
Ontario,11/26/2002,24.2,33.8,34.3,23.3
Ontario,11/27/2002,18.2,29.5,31.8,20.4
Ontario,11/28/2002,19,32,33.7,20.9
Ontario,11/29/2002,25.5,39.7,36.6,22.5
Ontario,11/30/2002,22.8,38.1,35,21
Ontario,12/1/2002,14.6,27.3,30.7,13.8
Ontario,12/2/2002,4,26.6,25.5,7.1
Ontario,12/3/2002,2.6,22.5,25.9,6.2
Ontario,12/4/2002,11.9,28.6,27.1,10.3
Ontario,12/5/2002,16.4,30.1,29.8,16
Ontario,12/6/2002,19.7,30.5,31.7,20
Ontario,12/7/2002,23.9,34.6,33.1,17
Ontario,12/8/2002,7.4,34.3,32.4,12.1
Ontario,12/9/2002,5,28.2,33.9,11.1
Ontario,12/10/2002,20.9,39.3,35.5,15.6
Ontario,12/11/2002,20.8,38.9,41.1,23.3
Ontario,12/12/2002,28.1,44.9,40.7,25.3
Ontario,12/13/2002,26.9,38.4,41.3,29.4
Ontario,12/14/2002,33,40.5,38.2,29.3
Ontario,12/15/2002,28,35.8,35,24
Ontario,12/16/2002,11,28.7,30.1,14.8
Ontario,12/17/2002,5.6,25.9,30.2,11.2
Ontario,12/18/2002,16.9,35.9,35.1,17.9
Ontario,12/19/2002,31.3,43.7,41.4,26.8
Ontario,12/20/2002,32.1,44.8,41,31.3
Ontario,12/21/2002,30.6,34.7,38.6,31.1
Ontario,12/22/2002,30.7,36.3,34.5,29.5
Ontario,12/23/2002,27.1,32.4,34.4,27.7
Ontario,12/24/2002,25.3,34.6,32.5,24.5
Ontario,12/25/2002,21.3,30.6,32.5,22.5
Ontario,12/26/2002,20.8,32.4,30.6,20.5
Ontario,12/27/2002,19.5,28.6,31.2,20.5
Ontario,12/28/2002,21.2,32.4,32.1,21.4
Ontario,12/29/2002,23.5,35.2,35.3,22.6
Ontario,12/30/2002,23.1,38.4,40.1,25.3
Ontario,12/31/2002,29.4,46.6,39.5,23.4
Ontario,1/1/2003,17.7,33.6,34.1,20.2
Ontario,1/2/2003,13.3,22.2,29.2,16.8
Ontario,1/3/2003,19.4,31.8,27.8,18.7
Ontario,1/4/2003,23.5,29.3,29.7,21.1
Ontario,1/5/2003,20.4,27.9,28.7,17.9
Ontario,1/6/2003,9.7,28.7,29.4,11.9
Ontario,1/7/2003,5.4,31.6,32.9,15
Ontario,1/8/2003,29.8,38.3,35.4,17.5
Ontario,1/9/2003,17.1,36.5,32.9,18.7
Ontario,1/10/2003,9.2,23.9,27.3,13.9
Ontario,1/11/2003,15.4,21.6,24.1,13.5
Ontario,1/12/2003,16,26.7,24.8,15.4
Ontario,1/13/2003,14.9,26.2,24,12
Ontario,1/14/2003,5.2,19.1,21.9,10
Ontario,1/15/2003,10,20.5,19.9,9
Ontario,1/16/2003,11.8,20.2,19.8,6
Ontario,1/17/2003,-3.8,18.7,19.9,3
Ontario,1/18/2003,0.9,20.8,20,1.7
Ontario,1/19/2003,8,20.5,19.5,5
Ontario,1/20/2003,6.2,17,16.1,4.8
Ontario,1/21/2003,0.3,10.7,12.2,0
Ontario,1/22/2003,-6.4,8.8,9,-2.7
Ontario,1/23/2003,-2,7.4,11.6,-3.2
Ontario,1/24/2003,-1.3,18.7,16,2.9
Ontario,1/25/2003,12.2,21.8,21.2,3.5
Ontario,1/26/2003,-0.4,23.2,19,0.4
Ontario,1/27/2003,-10.5,12,19.1,-2.2
Ontario,1/28/2003,4.2,22.2,20,-0.5
Ontario,1/29/2003,4.8,26,24,1.4
Ontario,1/30/2003,-4.9,23.9,27.6,2
Ontario,1/31/2003,6.1,32.9,32.2,9.6
Ontario,2/1/2003,27.6,40,36.8,20.2
Ontario,2/2/2003,26.8,37.6,37.5,25.8
Ontario,2/3/2003,23.1,34.9,38.1,23.4
Ontario,2/4/2003,20.4,41.6,33.1,19.1
Ontario,2/5/2003,13.8,22.6,31.1,15.7
Ontario,2/6/2003,12.7,29.1,24.7,12.3
Ontario,2/7/2003,10.3,22.4,25.6,11.2
Ontario,2/8/2003,10.4,25.2,24.2,11.6
Ontario,2/9/2003,14,25.1,26.8,7.6
Ontario,2/10/2003,-1.5,30.2,24.9,2
Ontario,2/11/2003,-6.3,19.3,22.9,-1.6
Ontario,2/12/2003,3.1,19.3,16.7,-0.9
Ontario,2/13/2003,0.6,11.5,16.2,1.5
Ontario,2/14/2003,0.9,17.9,13,-0.8
Ontario,2/15/2003,-4,9.5,11.7,-2.7
Ontario,2/16/2003,-5,7.6,13.2,-1.6
Ontario,2/17/2003,4.1,22.6,19.9,6.3
Ontario,2/18/2003,19.7,29.6,30.4,14.1
Ontario,2/19/2003,18.4,38.9,36.9,19.1
Ontario,2/20/2003,19.2,42.2,42.1,22.7
Ontario,2/21/2003,30.5,45.2,41.6,24.9
Ontario,2/22/2003,25,37.4,36.5,21.3
Ontario,2/23/2003,8.3,27.1,28,13
Ontario,2/24/2003,5.7,19.5,20.5,3
Ontario,2/25/2003,-4.9,14.9,19.2,-2.5
Ontario,2/26/2003,-8.5,23.2,22.6,-4.6
Ontario,2/27/2003,-0.5,29.8,28.7,-0.2
Ontario,2/28/2003,8.4,33,32.5,6.2
Ontario,3/1/2003,10.6,34.7,34.1,6.1
Ontario,3/2/2003,-0.8,34.8,26.3,-0.9
Ontario,3/3/2003,-12.5,9.6,26.6,-2.9
Ontario,3/4/2003,4.6,35.5,23.5,2.1
Ontario,3/5/2003,14.2,25.6,27.7,7.3
Ontario,3/6/2003,3.1,22.1,26.4,4.5
Ontario,3/7/2003,-3.9,31.4,30.3,7.2
Ontario,3/8/2003,22.5,37.2,31.1,7.5
Ontario,3/9/2003,4,24.7,24.5,9.2
Ontario,3/10/2003,1,11.5,23.8,3.5
Ontario,3/11/2003,5.6,35,27.9,8.1
Ontario,3/12/2003,17.6,37,32.4,11.5
Ontario,3/13/2003,11.2,25.2,30.8,12.3
Ontario,3/14/2003,8.2,30.2,32.3,12.5
Ontario,3/15/2003,18.1,41.5,41.6,16.8
Ontario,3/16/2003,24,53.1,52.9,24.9
Ontario,3/17/2003,32.7,64.2,55.2,29.7
Ontario,3/18/2003,32.3,48.3,51.1,30.9
Ontario,3/19/2003,27.8,40.7,44.7,31.2
Ontario,3/20/2003,33.5,44.9,43.5,32.4
Ontario,3/21/2003,36.1,44.8,44.7,34.1
Ontario,3/22/2003,32.8,44.2,45.9,34.4
Ontario,3/23/2003,34.5,48.7,48.6,33.1
Ontario,3/24/2003,32.1,53,53.9,35.2
Ontario,3/25/2003,39.1,59.8,54.6,35.9
Ontario,3/26/2003,36.3,50.9,53.2,36.6
Ontario,3/27/2003,34.4,48.8,53.7,36.4
Ontario,3/28/2003,38.6,61.4,56.8,35.2
Ontario,3/29/2003,32.6,60.3,53.1,31.8
Ontario,3/30/2003,24.3,37.5,44.4,25.3
Ontario,3/31/2003,18.9,35.5,37.9,21.3
Ontario,4/1/2003,20.6,40.6,38.7,23.9
Ontario,4/2/2003,32.2,39.8,38.3,26
Ontario,4/3/2003,25.2,34.3,33.6,26.7
Ontario,4/4/2003,22.6,26.7,31.4,22.8
Ontario,4/5/2003,20.6,33.2,30.1,20.1
Ontario,4/6/2003,17.2,30.3,30.9,19.5
Ontario,4/7/2003,20.6,29,30.7,21.1
Ontario,4/8/2003,25.5,32.7,33.5,23.7
Ontario,4/9/2003,24.9,38.8,40.3,25.2
Ontario,4/10/2003,25.1,49.6,48.2,26.4
Ontario,4/11/2003,29.1,56.3,53.1,29.1
Ontario,4/12/2003,32.9,53.4,53.7,30.3
Ontario,4/13/2003,28.8,51.3,57.9,31.2
Ontario,4/14/2003,31.8,68.9,66.4,38.2
Ontario,4/15/2003,54,78.9,67.9,38.7
Ontario,4/16/2003,30.4,55.8,58.1,36.8
Ontario,4/17/2003,26.1,39.8,49.1,30.2
Ontario,4/18/2003,34.3,51.7,51.4,34.8
Ontario,4/19/2003,44,62.8,61.3,40.4
Ontario,4/20/2003,42.9,69.4,67,45
Ontario,4/21/2003,48.2,68.9,62.7,42
Ontario,4/22/2003,34.9,49.8,54.5,37.7
Ontario,4/23/2003,29.9,44.8,49.8,32.4
Ontario,4/24/2003,32.4,54.7,51,32.1
Ontario,4/25/2003,34.1,53.6,55.7,33.9
Ontario,4/26/2003,35.1,58.7,58.6,34.4
Ontario,4/27/2003,33.9,63.5,67.1,38.8
Ontario,4/28/2003,47.5,78.9,68,40.3
Ontario,4/29/2003,39.4,61.6,65,41.6
Ontario,4/30/2003,37.9,54.6,61.1,39.9
Ontario,5/1/2003,42.4,67.1,59.1,40.5
Ontario,5/2/2003,41.1,55.4,58.4,39.9
Ontario,5/3/2003,36.3,52.7,57.2,38.2
Ontario,5/4/2003,37.3,63.5,58.2,38.5
Ontario,5/5/2003,42,58.3,62.5,41.3
Ontario,5/6/2003,44.5,65.7,59.7,44.5
Ontario,5/7/2003,47.1,55.1,62.7,44.8
Ontario,5/8/2003,42.9,67.3,61.3,44
Ontario,5/9/2003,41.9,61.4,63.7,44.9
Ontario,5/10/2003,49.9,62.4,65.2,46.3
Ontario,5/11/2003,47.1,71.8,62.4,47.2
Ontario,5/12/2003,44.7,53,59.3,45
Ontario,5/13/2003,43.3,53.1,55.4,43.4
Ontario,5/14/2003,42.2,60.3,58.8,42.1
Ontario,5/15/2003,40.8,63.1,59.8,43.5
Ontario,5/16/2003,47.6,56.1,60.1,45.2
Ontario,5/17/2003,47.1,61.2,62.2,47.7
Ontario,5/18/2003,48.4,69.2,67.9,46.9
Ontario,5/19/2003,45.2,73.1,69.3,46.4
Ontario,5/20/2003,45.6,65.4,66.7,43.9
Ontario,5/21/2003,40.9,61.6,62.9,41.7
Ontario,5/22/2003,38.8,61.9,62.2,42.2
Ontario,5/23/2003,46.9,63.2,62.4,44
Ontario,5/24/2003,46.2,62.1,62.3,46.6
Ontario,5/25/2003,46.6,61.5,62.9,46.8
Ontario,5/26/2003,47.4,65,63.5,47.6
Ontario,5/27/2003,48.7,64,65.6,48.2
Ontario,5/28/2003,48.4,67.7,68.7,49.1
Ontario,5/29/2003,50.2,74.3,70.3,50.1
Ontario,5/30/2003,51.5,68.8,68.2,49.7
Ontario,5/31/2003,47.4,61.5,63.6,47.2
Ontario,6/1/2003,42.7,60.3,63.8,45.7
Ontario,6/2/2003,46.9,69.7,65.1,44.8
Ontario,6/3/2003,44.6,65.3,66,47.1
Ontario,6/4/2003,49.6,63.1,63,47.6
Ontario,6/5/2003,48.5,60.6,65.6,49.1
Ontario,6/6/2003,49.3,73.2,68.3,51.2
Ontario,6/7/2003,55.9,71.2,72,53.6
Ontario,6/8/2003,55.6,71.7,70.5,54.5
Ontario,6/9/2003,52.1,68.8,69.3,52.1
Ontario,6/10/2003,48.5,67.4,70.4,50.8
Ontario,6/11/2003,51.9,75.1,69.6,51.8
Ontario,6/12/2003,55,66.1,69.2,54.1
Ontario,6/13/2003,55.5,66.4,68.8,56.3
Ontario,6/14/2003,58.3,74,71.1,55.1
Ontario,6/15/2003,51.5,72.8,72.7,53
Ontario,6/16/2003,49.1,71.3,73.8,50.8
Ontario,6/17/2003,51.9,77.4,74.5,53.2
Ontario,6/18/2003,58.5,74.7,73.1,54.3
Ontario,6/19/2003,52.4,67.3,71,53.7
Ontario,6/20/2003,50.2,70.9,71.2,53
Ontario,6/21/2003,56.2,75.4,76.9,55.1
Ontario,6/22/2003,58.7,84.5,83,58.1
Ontario,6/23/2003,59.3,89.2,88.3,59.3
Ontario,6/24/2003,60,91.2,91.1,62.9
Ontario,6/25/2003,69.4,92.9,91.8,65.2
Ontario,6/26/2003,66.2,91.3,88,66
Ontario,6/27/2003,62.2,79.7,83.3,62.7
Ontario,6/28/2003,59.7,79.1,80.8,60.8
Ontario,6/29/2003,60.4,83.6,80.4,59.2
Ontario,6/30/2003,57.6,78.4,81.5,59.9
Ontario,7/1/2003,61.7,82.4,82.1,60.4
Ontario,7/2/2003,62.1,85.5,86.1,63.1
Ontario,7/3/2003,65.5,90.5,88.8,65.8
Ontario,7/4/2003,70,90.5,90.6,68.7
Ontario,7/5/2003,70.5,90.7,89.7,69.3
Ontario,7/6/2003,67.5,87.8,85.3,68.2
Ontario,7/7/2003,66.6,77.4,83.1,67.3
Ontario,7/8/2003,68,84.2,80.6,66.9
Ontario,7/9/2003,66,80.2,78.2,65.9
Ontario,7/10/2003,63.7,70.2,75.4,63.2
Ontario,7/11/2003,59.9,75.7,71.1,61.5
Ontario,7/12/2003,61,67.5,75.2,59.1
Ontario,7/13/2003,56.3,82.4,78,58.7
Ontario,7/14/2003,58.8,84.2,82.3,58.3
Ontario,7/15/2003,59.9,80.4,79.3,58.2
Ontario,7/16/2003,55.9,73.2,79.1,57.1
Ontario,7/17/2003,55.7,83.6,78,56.4
Ontario,7/18/2003,57.6,77.3,80,55.7
Ontario,7/19/2003,53.8,79.2,76.4,57
Ontario,7/20/2003,59.6,72.9,75.6,57.8
Ontario,7/21/2003,59.9,74.8,75,60.5
Ontario,7/22/2003,62,77.2,76.5,61.1
Ontario,7/23/2003,61.4,77.4,78.2,61.6
Ontario,7/24/2003,61.4,80,80.6,60.4
Ontario,7/25/2003,58.4,84.4,81.6,61.6
Ontario,7/26/2003,64.9,80.4,82.1,61.9
Ontario,7/27/2003,62.4,81.6,79.7,60.5
Ontario,7/28/2003,54.2,77.1,80.3,58.3
Ontario,7/29/2003,58.2,82.2,80.7,57.3
Ontario,7/30/2003,59.3,82.8,81.8,60.7
Ontario,7/31/2003,64.5,80.5,80.3,63
Ontario,8/1/2003,65.1,77.6,76.7,64.9
Ontario,8/2/2003,65,71.9,75.3,64.8
Ontario,8/3/2003,64.4,76.6,76.7,65.1
Ontario,8/4/2003,65.9,81.5,79.4,65.3
Ontario,8/5/2003,65.7,80.3,80,65.8
Ontario,8/6/2003,65.9,78.4,80.3,64.6
Ontario,8/7/2003,62.3,82.2,80.2,64.6
Ontario,8/8/2003,65.7,80,81.1,64.4
Ontario,8/9/2003,65.4,81.1,81.1,65.8
Ontario,8/10/2003,66.3,82.2,80.6,65.9
Ontario,8/11/2003,66.1,78.5,80.6,66.2
Ontario,8/12/2003,66.2,81,81.3,66.1
Ontario,8/13/2003,66,84.3,84,65.8
Ontario,8/14/2003,65.2,86.6,86.5,65.7
Ontario,8/15/2003,65.8,88.6,85.8,65
Ontario,8/16/2003,64,82.3,82.5,62.9
Ontario,8/17/2003,59,76.8,79.8,60.3
Ontario,8/18/2003,58,80.4,80.4,58.2
Ontario,8/19/2003,57.8,84,83.4,59.7
Ontario,8/20/2003,63.3,85.9,86.3,62.2
Ontario,8/21/2003,65.5,89.1,85.4,64.7
Ontario,8/22/2003,65.2,81.3,82,60.8
Ontario,8/23/2003,51.6,75.4,77.9,55.9
Ontario,8/24/2003,50.9,77,78.3,55.9
Ontario,8/25/2003,65.1,82.4,81.5,60
Ontario,8/26/2003,64.1,85.2,82.4,61.9
Ontario,8/27/2003,56.4,79.7,79,57.8
Ontario,8/28/2003,52.9,72,78.9,55.3
Ontario,8/29/2003,56.5,84.8,76.1,54.1
Ontario,8/30/2003,52.8,71.3,76,53.1
Ontario,8/31/2003,49.9,71.8,71.1,53.7
Ontario,9/1/2003,58.5,70.2,71.9,55.1
Ontario,9/2/2003,56.8,73.5,73,58
Ontario,9/3/2003,58.8,75.2,74.5,57.3
Ontario,9/4/2003,56.3,74.8,73.9,56.5
Ontario,9/5/2003,54.3,71.9,75,52.9
Ontario,9/6/2003,48.1,78.2,77.1,52.8
Ontario,9/7/2003,56,81.2,77.3,53.2
Ontario,9/8/2003,55.4,72.6,75.2,54.5
Ontario,9/9/2003,52.1,71.9,73.8,53.3
Ontario,9/10/2003,52.4,76.8,76.6,53.7
Ontario,9/11/2003,56.5,81.2,78.5,56.9
Ontario,9/12/2003,61.8,77.6,78.5,59.4
Ontario,9/13/2003,59.8,76.7,77.5,62.5
Ontario,9/14/2003,65.9,78.1,75.9,60.2
Ontario,9/15/2003,54.9,72.8,75.3,57.1
Ontario,9/16/2003,50.6,75.1,74.3,52
Ontario,9/17/2003,50.4,75.1,74.6,50.7
Ontario,9/18/2003,51.2,73.5,72.4,52.4
Ontario,9/19/2003,55.5,68.4,70.4,52.3
Ontario,9/20/2003,50.4,69.2,68,51
Ontario,9/21/2003,47,66.5,67.9,51.8
Ontario,9/22/2003,58,68.1,66.9,52
Ontario,9/23/2003,51.2,66.2,67.8,52.3
Ontario,9/24/2003,47.8,69.2,66.8,48.2
Ontario,9/25/2003,45.6,65,66.4,45.8
Ontario,9/26/2003,44.1,65,65.8,46.6
Ontario,9/27/2003,50.1,67.4,65.5,47.3
Ontario,9/28/2003,47.7,64.2,63.3,46.8
Ontario,9/29/2003,42.6,58.2,60,43.2
Ontario,9/30/2003,39.3,57.6,56.8,39.3
Ontario,10/1/2003,36.1,54.6,53.9,36.5
Ontario,10/2/2003,34.1,49.7,52.9,34.9
Ontario,10/3/2003,34.5,54.5,52.1,36
Ontario,10/4/2003,39.3,52.1,53.5,36.4
Ontario,10/5/2003,35.3,53.8,52.5,35.8
Ontario,10/6/2003,32.8,51.7,55.7,34.2
Ontario,10/7/2003,34.5,61.5,63.7,37.2
Ontario,10/8/2003,44.3,77.8,70.9,43
Ontario,10/9/2003,50.3,73.6,74.5,49
Ontario,10/10/2003,52.4,72.3,71.9,50.4
Ontario,10/11/2003,48.5,69.8,70.2,48.9
Ontario,10/12/2003,45.9,68.6,68.2,45.6
Ontario,10/13/2003,42.6,66.1,66.1,43.8
Ontario,10/14/2003,43.1,63.5,61.5,42.8
Ontario,10/15/2003,42.8,55,56.9,40.9
Ontario,10/16/2003,36.9,52.3,52.7,38.3
Ontario,10/17/2003,35.1,50.8,49.8,36.6
Ontario,10/18/2003,37.9,46.3,48.2,36.8
Ontario,10/19/2003,37.6,47.6,52.3,37.6
Ontario,10/20/2003,37.4,63.1,57.6,37.9
Ontario,10/21/2003,38.7,62.1,55.6,36.6
Ontario,10/22/2003,33.7,41.6,48.8,34.1
Ontario,10/23/2003,30,42.8,43.5,31.5
Ontario,10/24/2003,30.9,46.1,46.8,34.3
Ontario,10/25/2003,42,51.5,49.7,38.1
Ontario,10/26/2003,41.5,51.3,50.1,39.6
Ontario,10/27/2003,35.4,47.3,49.5,36.6
Ontario,10/28/2003,33,50,49.5,36.7
Ontario,10/29/2003,41.6,51.2,51.9,38.8
Ontario,10/30/2003,41.8,54.5,58.2,40.9
Ontario,10/31/2003,39.3,69,62,41.6
Ontario,11/1/2003,43.7,62.5,59.3,41.9
Ontario,11/2/2003,42.8,46.5,52.6,42.6
Ontario,11/3/2003,41.4,48.8,45.8,40.4
Ontario,11/4/2003,37.2,42,47.5,38.2
Ontario,11/5/2003,36,51.9,46.2,35.7
Ontario,11/6/2003,34,44.8,47.3,32.6
Ontario,11/7/2003,27.9,45.3,41.2,27.3
Ontario,11/8/2003,20,33.4,39.3,22.7
Ontario,11/9/2003,20.3,39.3,39.6,21.6
Ontario,11/10/2003,24.5,46.2,45.5,27.7
Ontario,11/11/2003,38.3,51,50,34.3
Ontario,11/12/2003,40.1,52.8,49.6,35.5
Ontario,11/13/2003,28,45.1,45.4,31
Ontario,11/14/2003,24.8,38.3,41.6,26.6
Ontario,11/15/2003,27,41.3,40.3,28.6
Ontario,11/16/2003,33.9,41.2,41.1,31.3
Ontario,11/17/2003,32.8,40.9,44.7,34.4
Ontario,11/18/2003,36.4,52.1,50.5,36.1
Ontario,11/19/2003,39,58.7,53.5,37.2
Ontario,11/20/2003,36,49.9,54.6,36.6
Ontario,11/21/2003,34.9,55.2,50,35.1
Ontario,11/22/2003,34.4,44.9,51.8,36.2
Ontario,11/23/2003,39.3,55.2,52.5,34.1
Ontario,11/24/2003,28.7,57.5,50.2,31.9
Ontario,11/25/2003,27.6,37.8,47.2,29.2
Ontario,11/26/2003,31.3,46.3,42.5,28.8
Ontario,11/27/2003,27.6,43.5,44.4,30.7
Ontario,11/28/2003,33.1,43.5,42.5,29.8
Ontario,11/29/2003,28.5,40.4,42.8,31.3
Ontario,11/30/2003,32.2,44.3,42,28.4
Ontario,12/1/2003,24.5,41.2,36.8,23.8
Ontario,12/2/2003,14.8,24.9,32.6,17
Ontario,12/3/2003,11.6,31.6,31.2,14.7
Ontario,12/4/2003,17.7,37.2,33.2,15.7
Ontario,12/5/2003,17.6,30.8,31.2,16.2
Ontario,12/6/2003,13.1,25.5,29,15.2
Ontario,12/7/2003,14.8,30.5,29.9,13.8
Ontario,12/8/2003,13.4,33.7,33.2,17.5
Ontario,12/9/2003,24.2,35.4,37.9,22.6
Ontario,12/10/2003,30.3,44.7,41.2,27.8
Ontario,12/11/2003,29.1,43.5,39.4,25.8
Ontario,12/12/2003,18.1,30,33.4,19.6
Ontario,12/13/2003,11.6,26.6,28.8,16.6
Ontario,12/14/2003,20.2,29.9,29.7,18.9
Ontario,12/15/2003,25.1,32.6,34.4,24.7
Ontario,12/16/2003,28.9,40.7,36.8,26.6
Ontario,12/17/2003,26,37.1,36.1,25.5
Ontario,12/18/2003,21.6,30.5,33.1,23.1
Ontario,12/19/2003,21.7,31.8,29.7,20
Ontario,12/20/2003,16.5,26.8,32.4,20.1
Ontario,12/21/2003,22.1,38.6,35.7,25
Ontario,12/22/2003,36.4,41.7,41.7,31.9
Ontario,12/23/2003,37.2,45,43.2,35.5
Ontario,12/24/2003,33,42.8,41.8,32.9
Ontario,12/25/2003,28.3,37.6,40.4,29.7
Ontario,12/26/2003,27.8,40.8,40.1,26.5
Ontario,12/27/2003,23.4,41.8,42.4,24.8
Ontario,12/28/2003,23.1,44.8,44.2,28
Ontario,12/29/2003,37.5,46,44.7,31
Ontario,12/30/2003,32.6,43.3,44.1,33.1
Ontario,12/31/2003,29.1,42.9,40.7,30.5
Ontario,1/1/2004,29.9,36.1,41,29.6
Ontario,1/2/2004,29.9,44.1,44.8,32.4
Ontario,1/3/2004,37.5,54.2,46.2,30.9
Ontario,1/4/2004,25.3,40.4,40.3,27.9
Ontario,1/5/2004,20.9,26.3,29.9,18.7
Ontario,1/6/2004,10,23,22.6,12.4
Ontario,1/7/2004,6.4,18.6,20.4,4.4
Ontario,1/8/2004,-3.1,19.8,12.5,-2.7
Ontario,1/9/2004,-11.3,-0.7,10.2,-8.6
Ontario,1/10/2004,-11.3,11.4,12.4,-4.7
Ontario,1/11/2004,8.5,26.4,22.5,6.7
Ontario,1/12/2004,22.8,29.7,29.1,7.7
Ontario,1/13/2004,-8.3,31.3,21.8,1.7
Ontario,1/14/2004,-9.5,4.3,11.7,-10.6
Ontario,1/15/2004,-14,-0.5,5.8,-11.9
Ontario,1/16/2004,-12.2,13.6,11.7,-8.6
Ontario,1/17/2004,0.3,22,20.5,-0.6
Ontario,1/18/2004,10.2,26,21.7,5.9
Ontario,1/19/2004,7.3,17.1,18.7,7.4
Ontario,1/20/2004,4.6,12.9,17.4,3.6
Ontario,1/21/2004,-1.1,22.2,21,2.8
Ontario,1/22/2004,4.7,27.9,20,1.6
Ontario,1/23/2004,1.1,10.1,15,-0.5
Ontario,1/24/2004,-7.3,7,9.9,-6
Ontario,1/25/2004,-11.8,12.5,11.6,-6.4
Ontario,1/26/2004,-0.1,15.2,16.9,-0.4
Ontario,1/27/2004,10.7,23,20.1,7.6
Ontario,1/28/2004,12.4,22.2,20.8,10.1
Ontario,1/29/2004,7.1,17.4,18.5,9
Ontario,1/30/2004,7.4,16.1,17.9,6.2
Ontario,1/31/2004,4.2,20.4,19.9,7.5
Ontario,2/1/2004,10.9,23.3,25.3,7.6
Ontario,2/2/2004,7.8,32.3,30.9,14.5
Ontario,2/3/2004,24.8,37,34.3,15
Ontario,2/4/2004,12.4,33.7,32.5,15.2
Ontario,2/5/2004,8.2,26.9,31.9,14.4
Ontario,2/6/2004,22.5,35,31,13.1
Ontario,2/7/2004,8.7,31,30,10.9
Ontario,2/8/2004,1.5,24,30.3,10.2
Ontario,2/9/2004,20.5,35.9,30.6,15.2
Ontario,2/10/2004,23.5,31.9,31.6,20.2
Ontario,2/11/2004,16.5,26.9,29,17.8
Ontario,2/12/2004,13.5,28.3,29.1,16.9
Ontario,2/13/2004,20.7,32,30.2,13.8
Ontario,2/14/2004,7.4,30.2,24.6,7.5
Ontario,2/15/2004,-5.5,11.6,20.9,0.8
Ontario,2/16/2004,0.6,21.1,20.5,1.2
Ontario,2/17/2004,8.5,28.8,27.3,8.4
Ontario,2/18/2004,16,32,33.1,14.9
Ontario,2/19/2004,20.2,38.3,35.4,20.8
Ontario,2/20/2004,26.2,35.7,36.8,25.1
Ontario,2/21/2004,29,36.3,35.3,26
Ontario,2/22/2004,22.9,33.9,33.4,22.7
Ontario,2/23/2004,16.1,30,31.5,18.3
Ontario,2/24/2004,15.8,30.7,31.8,14.7
Ontario,2/25/2004,12.2,34.7,33,14.8
Ontario,2/26/2004,16.4,33.5,35.7,13.7
Ontario,2/27/2004,12.6,39,38.8,15.7
Ontario,2/28/2004,18,44,44.3,19.4
Ontario,2/29/2004,27.5,49.8,47.3,24.5
Ontario,3/1/2004,28,48.2,49,31
Ontario,3/2/2004,37.6,48.8,46.5,33.5
Ontario,3/3/2004,34.8,42.5,44.9,35.2
Ontario,3/4/2004,33.1,43.4,49.2,34.9
Ontario,3/5/2004,36.8,61.7,49.7,33.2
Ontario,3/6/2004,29.8,44.2,46.6,31.8
Ontario,3/7/2004,28.8,33.9,37.2,27.9
Ontario,3/8/2004,25,33.5,35.4,25.5
Ontario,3/9/2004,22.8,38.7,38.2,22.6
Ontario,3/10/2004,19.9,42.5,42,23.3
Ontario,3/11/2004,27.3,44.7,39.6,23.2
Ontario,3/12/2004,22.4,31.6,36.6,21.4
Ontario,3/13/2004,14.6,33.5,34.9,20.3
Ontario,3/14/2004,23.9,39.6,37,20.9
Ontario,3/15/2004,24.1,37.9,34.5,22.1
Ontario,3/16/2004,18.2,26.1,31.2,19
Ontario,3/17/2004,14.7,29.6,29.9,16.7
Ontario,3/18/2004,17.2,33.9,34.4,17.4
Ontario,3/19/2004,20.3,39.8,38.4,21.9
Ontario,3/20/2004,28.1,41.4,38.8,22.2
Ontario,3/21/2004,18.2,35.2,34.2,19.4
Ontario,3/22/2004,11.9,26.1,33.6,16.9
Ontario,3/23/2004,20.7,39.6,36.3,19.8
Ontario,3/24/2004,26.9,43.3,48.4,29.2
Ontario,3/25/2004,40.1,62.2,56,37.7
Ontario,3/26/2004,46.2,62.6,58,42.1
Ontario,3/27/2004,40.1,49,53.9,41.6
Ontario,3/28/2004,38.6,50,52.8,36.8
Ontario,3/29/2004,31.8,59.5,54.3,36.5
Ontario,3/30/2004,39,53.5,52.8,35.9
Ontario,3/31/2004,36.9,45.3,48.1,37.4
Ontario,4/1/2004,36.3,45.4,44.9,37.7
Ontario,4/2/2004,39.8,44.1,46,37
Ontario,4/3/2004,35.1,48.6,43.2,33
Ontario,4/4/2004,24.2,37,40.6,26.4
Ontario,4/5/2004,20,36.2,39.8,22.6
Ontario,4/6/2004,23.5,46.1,43.8,25.7
Ontario,4/7/2004,33.6,49.1,49.4,29.8
Ontario,4/8/2004,32.3,53.1,51.4,32.7
Ontario,4/9/2004,32.1,52.1,50.7,31
Ontario,4/10/2004,28.5,46.9,47.6,29.5
Ontario,4/11/2004,27.9,43.8,46.5,28.4
Ontario,4/12/2004,28.9,48.9,44.4,30.1
Ontario,4/13/2004,33.6,40.4,47.4,32.4
Ontario,4/14/2004,34.8,53,48.2,33.8
Ontario,4/15/2004,32.9,51.3,54,34.6
Ontario,4/16/2004,36.2,57.5,58.5,36.1
Ontario,4/17/2004,39.3,66.7,60.5,39
Ontario,4/18/2004,41.6,57.3,66.3,41.3
Ontario,4/19/2004,42.9,75,60.5,40.2
Ontario,4/20/2004,36,49.2,64.1,39.7
Ontario,4/21/2004,40.1,68,59,39.4
Ontario,4/22/2004,41.9,59.8,60.1,40.4
Ontario,4/23/2004,39.2,52.5,54.9,39.3
Ontario,4/24/2004,36.9,52.4,50.4,36.8
Ontario,4/25/2004,34.5,46.3,52.9,37.7
Ontario,4/26/2004,41.7,60,50.6,35.8
Ontario,4/27/2004,31.2,45.5,52.6,33.6
Ontario,4/28/2004,27.8,52.2,58.2,34.1
Ontario,4/29/2004,43.3,76.9,67.6,41.5
Ontario,4/30/2004,53.5,73.6,74.2,47.9
Ontario,5/1/2004,47,72.1,65.9,46.6
Ontario,5/2/2004,39.4,52,58.7,39.6
Ontario,5/3/2004,32.5,52.2,53,33.8
Ontario,5/4/2004,29.6,55,54.2,34.1
Ontario,5/5/2004,40.2,55.3,59.9,36.7
Ontario,5/6/2004,40.2,69.5,61,39.9
Ontario,5/7/2004,39.4,58.2,58.4,39.1
Ontario,5/8/2004,37.6,47.5,54.8,39.7
Ontario,5/9/2004,42,58.5,61.7,41.4
Ontario,5/10/2004,44.6,79.2,70.6,47.3
Ontario,5/11/2004,55.4,74.1,77,51.4
Ontario,5/12/2004,54.2,77.6,77.3,55.1
Ontario,5/13/2004,55.8,80.1,79.6,56
Ontario,5/14/2004,57.9,80.9,76.9,52.6
Ontario,5/15/2004,44,69.6,71,47.6
Ontario,5/16/2004,41,62.6,66.6,43.3
Ontario,5/17/2004,45,67.7,68,45.6
Ontario,5/18/2004,50.9,73.7,69.4,47.7
Ontario,5/19/2004,47.2,66.9,72.3,48.8
Ontario,5/20/2004,48.5,76.3,69.7,49.7
Ontario,5/21/2004,53.6,66,67.4,50.5
Ontario,5/22/2004,49.4,59.7,61.5,51.3
Ontario,5/23/2004,50.9,58.8,61.8,50.4
Ontario,5/24/2004,51,66.9,60.9,50.8
Ontario,5/25/2004,50.6,57,64.2,49.8
Ontario,5/26/2004,47.8,68.5,63.7,48.1
Ontario,5/27/2004,45.8,65.7,64.9,45.4
Ontario,5/28/2004,42.6,60.6,63.1,42.2
Ontario,5/29/2004,38.3,62.9,63.1,41.3
Ontario,5/30/2004,43,65.6,63.3,43.4
Ontario,5/31/2004,48.8,61.4,65.7,47.5
Ontario,6/1/2004,50.9,70,65.7,50.3
Ontario,6/2/2004,51.4,65.7,67.1,49.7
Ontario,6/3/2004,47,65.7,65.9,47.3
Ontario,6/4/2004,43.5,66.3,67.6,46
Ontario,6/5/2004,47.4,70.9,68.6,47.7
Ontario,6/6/2004,52.2,68.6,73.4,52.4
Ontario,6/7/2004,57.6,80.6,79,57.1
Ontario,6/8/2004,61.6,88,85.7,60.7
Ontario,6/9/2004,62.9,88.4,80.3,58.9
Ontario,6/10/2004,52.2,64.4,72.5,54.6
Ontario,6/11/2004,48.8,64.7,66.5,48.5
Ontario,6/12/2004,44.7,70.2,69.1,49.1
Ontario,6/13/2004,53.7,72.2,75,53.7
Ontario,6/14/2004,62.6,82.7,78.1,58.6
Ontario,6/15/2004,59.5,79.4,78.9,58.6
Ontario,6/16/2004,53.8,74.6,75.5,57.8
Ontario,6/17/2004,60.2,72.7,75.6,58.2
Ontario,6/18/2004,60.7,79.6,73,56.4
Ontario,6/19/2004,48.3,66.8,72.7,52
Ontario,6/20/2004,46.9,71.8,71.1,49.6
Ontario,6/21/2004,53.7,74.8,73,52.5
Ontario,6/22/2004,57.1,72.6,74.8,54.2
Ontario,6/23/2004,51.8,77,76.6,52.9
Ontario,6/24/2004,49.9,80.2,73.7,49.9
Ontario,6/25/2004,48,63.8,71.5,48.8
Ontario,6/26/2004,48.5,70.4,69,49.1
Ontario,6/27/2004,50.9,72.7,69.7,50.7
Ontario,6/28/2004,52.9,66,71.6,51.9
Ontario,6/29/2004,52.1,76,72.6,52.6
Ontario,6/30/2004,52.9,75.6,78.6,54.3
Ontario,7/1/2004,57.8,84.3,79,55.8
Ontario,7/2/2004,56.8,77,80.1,56.6
Ontario,7/3/2004,55.1,78.9,79.3,57.8
Ontario,7/4/2004,61.5,82,77.8,58.6
Ontario,7/5/2004,59.1,72.4,75.7,58.2
Ontario,7/6/2004,53.9,72.8,74.3,57.1
Ontario,7/7/2004,58.2,77.6,74,56.6
Ontario,7/8/2004,57.7,71.7,74.5,57.6
Ontario,7/9/2004,57.1,74.2,74.7,58.1
Ontario,7/10/2004,59.5,78.2,78.4,58.7
Ontario,7/11/2004,59.5,82.9,80.9,61.1
Ontario,7/12/2004,64.4,81.6,81.1,63.9
Ontario,7/13/2004,67.7,78.8,78.9,65.2
Ontario,7/14/2004,63.6,76.2,74.9,64.1
Ontario,7/15/2004,61,69.8,75.3,62.8
Ontario,7/16/2004,63.9,79.9,76.6,62.8
Ontario,7/17/2004,63.6,80.2,78.4,63.6
Ontario,7/18/2004,63.3,75.1,77.9,63
Ontario,7/19/2004,62,78.2,77.7,62.7
Ontario,7/20/2004,62.7,79.9,81,62.9
Ontario,7/21/2004,64,84.9,83.9,64.4
Ontario,7/22/2004,66.6,86.8,80.6,62.2
Ontario,7/23/2004,56.2,70,76,58.2
Ontario,7/24/2004,51.9,71.2,71.5,54.7
Ontario,7/25/2004,56,73.3,72.5,54.1
Ontario,7/26/2004,54.5,73,70.9,56.3
Ontario,7/27/2004,58.5,66.5,71.9,58.4
Ontario,7/28/2004,62.2,76.3,74.6,59.9
Ontario,7/29/2004,58.9,81.1,78.9,61.5
Ontario,7/30/2004,63.4,79.3,81,62.5
Ontario,7/31/2004,65.3,82.6,81.1,63.3
Ontario,8/1/2004,61.3,81.5,82.4,63.3
Ontario,8/2/2004,63.4,83,82.5,63.1
Ontario,8/3/2004,64.5,83,80,62.9
Ontario,8/4/2004,60.7,73.9,74.7,59.7
Ontario,8/5/2004,53.8,67.2,70.2,55.5
Ontario,8/6/2004,51.9,69.5,68.8,53.7
Ontario,8/7/2004,55.5,69.7,72.9,54
Ontario,8/8/2004,54.6,79.5,76.3,55.5
Ontario,8/9/2004,56.6,79.6,80.2,57.9
Ontario,8/10/2004,62.7,81.3,78.5,58.8
Ontario,8/11/2004,57.1,74.6,75.6,58.7
Ontario,8/12/2004,56.3,71,70.8,56.5
Ontario,8/13/2004,56.2,66.8,70.4,56.3
Ontario,8/14/2004,56.3,73.4,71.1,56
Ontario,8/15/2004,55.5,73.2,74.2,55.7
Ontario,8/16/2004,55.2,76,75.3,55.1
Ontario,8/17/2004,54.5,76.6,77.2,57.4
Ontario,8/18/2004,62.3,79.1,76.8,57.2
Ontario,8/19/2004,54.8,74.7,74.4,57.2
Ontario,8/20/2004,54.6,69.4,71.3,53.7
Ontario,8/21/2004,51.9,69.9,71.6,51.5
Ontario,8/22/2004,47.9,75.4,74.1,51.6
Ontario,8/23/2004,55.1,77,73.5,51.8
Ontario,8/24/2004,52.5,68,76.5,55.8
Ontario,8/25/2004,59.9,84.4,77.8,59.7
Ontario,8/26/2004,66.5,81,82.8,64.9
Ontario,8/27/2004,68.3,83.1,81.7,66.4
Ontario,8/28/2004,64.4,81.1,78.3,64.3
Ontario,8/29/2004,60.3,70.7,74.7,61.1
Ontario,8/30/2004,58.7,72.4,73.7,57.8
Ontario,8/31/2004,54.5,78,74.4,56.1
Ontario,9/1/2004,55,72.7,74,54.6
Ontario,9/2/2004,54.5,71.4,75.7,55
Ontario,9/3/2004,55.6,83,77.9,57.3
Ontario,9/4/2004,61.9,79.2,80,60.3
Ontario,9/5/2004,63.3,77.9,78,63.3
Ontario,9/6/2004,64.7,76.8,77.4,62
Ontario,9/7/2004,58.1,77.6,74.8,60.1
Ontario,9/8/2004,57.4,69.9,73.1,57.7
Ontario,9/9/2004,57.6,71.8,71.7,56.1
Ontario,9/10/2004,53.3,73.4,73.5,54.2
Ontario,9/11/2004,51.8,75.2,76.6,53.2
Ontario,9/12/2004,54.6,81,75.3,53.9
Ontario,9/13/2004,55.3,69.6,75.2,55.2
Ontario,9/14/2004,55.6,75.1,74.7,57.8
Ontario,9/15/2004,62.6,79.5,77.7,58.5
Ontario,9/16/2004,57.4,78.5,73.4,57.2
Ontario,9/17/2004,51.5,62.3,68.6,51.4
Ontario,9/18/2004,45.3,65,63.9,46.5
Ontario,9/19/2004,42.5,64.4,66.4,43.8
Ontario,9/20/2004,43.7,69.7,71.1,46.4
Ontario,9/21/2004,52.9,79.2,77.3,49.7
Ontario,9/22/2004,52.4,82.9,81,54
Ontario,9/23/2004,56.5,80.7,80.7,54.2
Ontario,9/24/2004,53.6,78.3,77.6,55
Ontario,9/25/2004,54.9,73.8,75.2,53.1
Ontario,9/26/2004,50.8,73.4,73.9,52
Ontario,9/27/2004,50.3,74.5,72.1,49.8
Ontario,9/28/2004,48.2,68.6,69.6,47.3
Ontario,9/29/2004,43.3,65.7,68.1,46.5
Ontario,9/30/2004,48.1,70,69,45.4
Ontario,10/1/2004,44.9,71.4,69.4,45.6
Ontario,10/2/2004,43.7,66.9,67.6,42.3
Ontario,10/3/2004,38.2,64.5,63.6,40.3
Ontario,10/4/2004,39.1,59.3,59.6,37.7
Ontario,10/5/2004,35.8,55,61.4,38
Ontario,10/6/2004,39,69.8,68,41.7
Ontario,10/7/2004,50.1,79.2,75.2,47.1
Ontario,10/8/2004,52.1,76.5,74.7,50.7
Ontario,10/9/2004,50,68.4,68.3,48.2
Ontario,10/10/2004,42.5,59.9,60.1,44
Ontario,10/11/2004,39.6,51.9,58.4,39.6
Ontario,10/12/2004,36.6,63.6,59.6,38.7
Ontario,10/13/2004,39.8,63.2,61.8,40.5
Ontario,10/14/2004,45.2,58.4,60.1,44.8
Ontario,10/15/2004,49.2,58.6,57.2,45.1
Ontario,10/16/2004,40.9,54.6,53.2,43.1
Ontario,10/17/2004,39.2,46.3,49.8,38.1
Ontario,10/18/2004,34.2,48.6,48.2,37.9
Ontario,10/19/2004,40.3,49.7,48.5,38.8
Ontario,10/20/2004,41.7,47.3,49.1,41.3
Ontario,10/21/2004,41.8,50.5,49.5,41.7
Ontario,10/22/2004,41.5,50.7,51.7,41.7
Ontario,10/23/2004,41.9,53.9,52.1,42.7
Ontario,10/24/2004,44.5,51.9,54.4,42.7
Ontario,10/25/2004,41.7,57.6,56.5,42.8
Ontario,10/26/2004,42.1,59.9,56.6,42.4
Ontario,10/27/2004,43.3,52.4,54.8,40.5
Ontario,10/28/2004,36.1,52.2,53.1,40.3
Ontario,10/29/2004,41.4,54.6,57.5,42
Ontario,10/30/2004,48.4,65.7,58.6,44.7
Ontario,10/31/2004,44.5,55.6,57.2,45.2
Ontario,11/1/2004,42.9,50.4,51.3,42.9
Ontario,11/2/2004,41.3,48.1,49.3,40.2
Ontario,11/3/2004,36.5,49.5,47.7,37.9
Ontario,11/4/2004,36,45.4,47.2,36.3
Ontario,11/5/2004,36.4,46.6,48.9,37.7
Ontario,11/6/2004,40.7,54.5,52.9,37.6
Ontario,11/7/2004,35.7,57.6,51.1,34
Ontario,11/8/2004,25.5,41.2,45,28
Ontario,11/9/2004,22.9,36.2,43.5,27.3
Ontario,11/10/2004,33.5,53.1,47.5,27.8
Ontario,11/11/2004,27,53.1,48.9,28.4
Ontario,11/12/2004,24.5,40.6,44.3,25.3
Ontario,11/13/2004,24.3,39.3,42.9,24.3
Ontario,11/14/2004,23.9,48.7,47.7,25.2
Ontario,11/15/2004,27.4,54.9,52.8,28.4
Ontario,11/16/2004,33.9,54.7,53.9,34.8
Ontario,11/17/2004,43,52.2,54.7,40
Ontario,11/18/2004,43,57.3,53,42.3
Ontario,11/19/2004,40.8,49.5,50.6,40.7
Ontario,11/20/2004,38.3,45,47.9,39.1
Ontario,11/21/2004,38.1,49.1,47.3,36.5
Ontario,11/22/2004,33.1,47.8,48.8,34.2
Ontario,11/23/2004,31.5,49.5,47.8,32.7
Ontario,11/24/2004,33.5,46.1,44.4,30.4
Ontario,11/25/2004,26.2,37.7,40.7,29.2
Ontario,11/26/2004,28,38.3,41.7,29.7
Ontario,11/27/2004,35.1,49.1,45.3,33
Ontario,11/28/2004,35.8,48.5,46.7,34.7
Ontario,11/29/2004,33.3,42.5,44.9,33.1
Ontario,11/30/2004,30.3,43.8,42.4,32.2
Ontario,12/1/2004,33.1,41,40.8,31.3
Ontario,12/2/2004,30.5,37.7,37.2,28.1
Ontario,12/3/2004,20.7,33,37.4,24.3
Ontario,12/4/2004,21.9,41.4,38,21.5
Ontario,12/5/2004,21.8,39.4,36.1,21
Ontario,12/6/2004,19.3,27.6,39.2,22.1
Ontario,12/7/2004,25.2,50.6,40.7,26.1
Ontario,12/8/2004,33.9,43.9,45.1,31.4
Ontario,12/9/2004,35.1,40.7,40.7,33.9
Ontario,12/10/2004,32.9,37.4,37.4,32.7
Ontario,12/11/2004,30.1,34.1,35.8,30.6
Ontario,12/12/2004,28.8,35.8,35.3,25.2
Ontario,12/13/2004,16.6,36,31.9,19.5
Ontario,12/14/2004,13.1,24,30.2,15.8
Ontario,12/15/2004,17.7,30.6,31.2,18.3
Ontario,12/16/2004,24.2,39.1,32.6,18.6
Ontario,12/17/2004,13.9,28.1,34.6,18.4
Ontario,12/18/2004,17.1,36.5,33.1,7.6
Ontario,12/19/2004,-8.2,34.8,29.2,-1.3
Ontario,12/20/2004,-12.9,16.2,28,-2.9
Ontario,12/21/2004,12.2,33.1,28,7.3
Ontario,12/22/2004,22.6,34.8,33.6,16.9
Ontario,12/23/2004,15.9,32.9,29.4,13.9
Ontario,12/24/2004,3.1,20.6,24.6,6.4
Ontario,12/25/2004,0.3,20.3,19.4,2.7
Ontario,12/26/2004,4.8,17.3,17.8,1.8
Ontario,12/27/2004,0.4,15.8,20.9,3.7
Ontario,12/28/2004,5.8,29.7,26.7,10.7
Ontario,12/29/2004,25.9,34.7,34.1,18.8
Ontario,12/30/2004,24.7,38,40.5,28.2
Ontario,12/31/2004,33.8,49,42.6,28.2
Ontario,1/1/2005,25.9,40.7,43.9,28.4
Ontario,1/2/2005,25.5,42.1,40.4,28
Ontario,1/3/2005,32.6,38.3,38.2,28.4
Ontario,1/4/2005,27.3,34.2,33.9,25.6
Ontario,1/5/2005,17,29.1,31.1,19.9
Ontario,1/6/2005,15.2,30.1,29.8,18
Ontario,1/7/2005,21.7,30.2,30.8,20.8
Ontario,1/8/2005,25.5,32.1,32.1,24.3
Ontario,1/9/2005,25.6,33.9,34.3,26
Ontario,1/10/2005,26.8,37,32.9,24.6
Ontario,1/11/2005,21.3,27.9,35.3,23.6
Ontario,1/12/2005,22.6,41,43.7,25.5
Ontario,1/13/2005,32.7,62.2,46.8,23.1
Ontario,1/14/2005,13.8,37.3,40.1,19
Ontario,1/15/2005,10.4,20.8,25.8,12.2
Ontario,1/16/2005,12.4,19.4,19,7
Ontario,1/17/2005,-2,17,17.1,0
Ontario,1/18/2005,-10.5,14.8,19.4,-0.2
Ontario,1/19/2005,11.8,26.5,19.1,-1.1
Ontario,1/20/2005,-4.7,16.1,14.5,-1.7
Ontario,1/21/2005,-12.2,1,7.2,-7.1
Ontario,1/22/2005,-4.4,4.6,4.5,-7.8
Ontario,1/23/2005,-6.8,7.8,12.1,-4.2
Ontario,1/24/2005,-1.5,23.8,18,0.7
Ontario,1/25/2005,10.4,22.5,20.9,2
Ontario,1/26/2005,-2.8,16.5,14.6,-0.9
Ontario,1/27/2005,-10.1,4.9,13,-7.4
Ontario,1/28/2005,-9.4,17.7,16.8,-6.6
Ontario,1/29/2005,-0.2,27.9,25.7,0.7
Ontario,1/30/2005,11.7,31.6,30,5.8
Ontario,1/31/2005,6,30.6,31.6,8.8
Ontario,2/1/2005,8.8,32.7,32.6,7.4
Ontario,2/2/2005,7.5,34.5,34.7,11.7
Ontario,2/3/2005,18.8,37,38,15
Ontario,2/4/2005,18.7,42.6,39.7,19.5
Ontario,2/5/2005,21.1,39.4,40.7,20.2
Ontario,2/6/2005,20.9,40,40.6,24.2
Ontario,2/7/2005,30.5,42.4,41.2,26.4
Ontario,2/8/2005,27.7,41.1,37.4,27.2
Ontario,2/9/2005,23.5,28.6,32.1,23.3
Ontario,2/10/2005,18.7,26.7,28.7,19
Ontario,2/11/2005,14.8,30.8,31.6,17.9
Ontario,2/12/2005,20.1,37.2,31.7,14.9
Ontario,2/13/2005,9.9,27.1,35,17.3
Ontario,2/14/2005,22,40.8,37.5,21.5
Ontario,2/15/2005,32.7,44.5,40.5,25.1
Ontario,2/16/2005,20.7,36.1,36.5,22.5
Ontario,2/17/2005,14.1,28.8,27.4,13.7
Ontario,2/18/2005,6.4,17.3,24.2,9.6
Ontario,2/19/2005,8.2,26.6,23.2,7.9
Ontario,2/20/2005,9.2,25.7,28.3,11.8
Ontario,2/21/2005,18.2,32.7,30.5,14.7
Ontario,2/22/2005,16.9,33,30.4,14.5
Ontario,2/23/2005,8.5,25.5,26.8,9.4
Ontario,2/24/2005,2.7,21.9,24.5,4.2
Ontario,2/25/2005,1.4,26.1,24.6,3.5
Ontario,2/26/2005,6.3,25.8,26,4.8
Ontario,2/27/2005,6.8,26.1,28.9,11.8
Ontario,2/28/2005,22.4,34.9,30.1,16.7
Ontario,3/1/2005,20.9,29.3,29,20.1
Ontario,3/2/2005,16.8,22.9,25.1,15.7
Ontario,3/3/2005,9.4,23,25.1,13.4
Ontario,3/4/2005,13.9,29.4,29.6,11.1
Ontario,3/5/2005,10,36.5,35.1,16.6
Ontario,3/6/2005,25.8,39.4,39.8,15.9
Ontario,3/7/2005,11.8,43.5,34.4,14.8
Ontario,3/8/2005,6.6,20.4,28,8.3
Ontario,3/9/2005,6.3,20.3,22.2,7
Ontario,3/10/2005,8.1,25.8,26.3,10.3
Ontario,3/11/2005,16.6,32.7,29.9,13.8
Ontario,3/12/2005,16.7,31.2,30.9,16.4
Ontario,3/13/2005,15.9,28.7,30.6,15.6
Ontario,3/14/2005,14.2,31.7,32,16.4
Ontario,3/15/2005,19,35.4,34.3,18
Ontario,3/16/2005,20.7,35.6,35.9,21.4
Ontario,3/17/2005,24.6,36.7,36.1,21.6
Ontario,3/18/2005,19.6,35.9,36.6,22.6
Ontario,3/19/2005,23.5,37.4,36.5,23.6
Ontario,3/20/2005,27.9,36.3,39,25.5
Ontario,3/21/2005,25.2,43.2,41.2,25.3
Ontario,3/22/2005,22.7,44.2,41.1,25.1
Ontario,3/23/2005,27.5,36,40.8,26.1
Ontario,3/24/2005,27.9,42.3,39.2,25.8
Ontario,3/25/2005,21.9,39.5,41.3,23
Ontario,3/26/2005,19,42.1,42.6,21
Ontario,3/27/2005,22.1,46.1,44,23.9
Ontario,3/28/2005,30.6,43.6,47.9,28.5
Ontario,3/29/2005,32.8,54,50.1,31.9
Ontario,3/30/2005,32.1,52.7,55.3,35.2
Ontario,3/31/2005,40.7,59.3,55.3,37.9
Ontario,4/1/2005,40.8,53.9,52.3,38.2
Ontario,4/2/2005,33.1,43.6,45.8,35.8
Ontario,4/3/2005,33.4,40,44.8,33.6
Ontario,4/4/2005,34.3,50.9,48.4,33.5
Ontario,4/5/2005,32.8,54.5,54.1,36.1
Ontario,4/6/2005,41,57,54.4,36.8
Ontario,4/7/2005,36.5,51.7,55.3,36.7
Ontario,4/8/2005,32.6,57.1,55.2,33.5
Ontario,4/9/2005,31.4,56.9,59.1,33.3
Ontario,4/10/2005,35.7,63.3,56,33.4
Ontario,4/11/2005,33.2,47.7,53,34.4
Ontario,4/12/2005,34.4,48,50,33.3
Ontario,4/13/2005,32.2,54.2,52.8,34.6
Ontario,4/14/2005,37.4,56.2,54.6,35.1
Ontario,4/15/2005,35.8,53.4,59.1,35.1
Ontario,4/16/2005,32.2,67.7,63.5,36.6
Ontario,4/17/2005,41.9,69.5,67.7,39.1
Ontario,4/18/2005,43.2,66,71.8,42.5
Ontario,4/19/2005,42.4,80,69.8,41.9
Ontario,4/20/2005,40.1,63.5,64.7,38.7
Ontario,4/21/2005,33.5,50.7,56.5,35.4
Ontario,4/22/2005,32.4,55.4,50.8,35.1
Ontario,4/23/2005,39.4,46.4,49.1,36
Ontario,4/24/2005,36.2,45.6,45.6,36.9
Ontario,4/25/2005,35.1,44.8,50.2,36.7
Ontario,4/26/2005,38.8,60.2,53.6,39.3
Ontario,4/27/2005,44.2,55.7,54.9,39.8
Ontario,4/28/2005,36.5,48.7,52.5,37.7
Ontario,4/29/2005,32.3,53.1,49.7,34.9
Ontario,4/30/2005,35.9,47.2,51.3,34.5
Ontario,5/1/2005,35.2,53.7,50.2,36.2
Ontario,5/2/2005,37.4,49.6,50.4,35
Ontario,5/3/2005,32.4,47.7,49.3,35.3
Ontario,5/4/2005,36,50.6,51.6,35.1
Ontario,5/5/2005,37,56.4,57,36.4
Ontario,5/6/2005,36.2,63.8,61.2,39.4
Ontario,5/7/2005,45.2,63.3,65.2,42.3
Ontario,5/8/2005,45.5,68.4,66.3,46.4
Ontario,5/9/2005,48.6,67.2,69.6,46.5
Ontario,5/10/2005,45.3,73,71.6,45.7
Ontario,5/11/2005,43.3,74.6,65,41
Ontario,5/12/2005,34.5,47.3,57.9,39
Ontario,5/13/2005,39.2,51.8,54.7,38.6
Ontario,5/14/2005,42.3,65,58,41.6
Ontario,5/15/2005,43.4,57.1,58.4,42
Ontario,5/16/2005,40.4,53.2,55.8,40.9
Ontario,5/17/2005,39,57.1,57.2,39.4
Ontario,5/18/2005,38.7,61.2,60.9,39.8
Ontario,5/19/2005,41.7,64.5,64.3,41.1
Ontario,5/20/2005,43,67.3,67.6,43.6
Ontario,5/21/2005,46.3,71.2,65,46.1
Ontario,5/22/2005,49.1,56.6,62,47.9
Ontario,5/23/2005,48.4,58.2,57.7,48.7
Ontario,5/24/2005,48.6,58.2,63.6,48.3
Ontario,5/25/2005,47.8,74.4,68.5,48.6
Ontario,5/26/2005,49.4,73,73.4,50.7
Ontario,5/27/2005,54.8,72.8,71.5,51.4
Ontario,5/28/2005,50.1,68.8,69.4,51.3
Ontario,5/29/2005,48.9,66.5,68.9,48.8
Ontario,5/30/2005,47.3,71.5,70.1,48.6
Ontario,5/31/2005,49.7,72.2,74.1,49.8
Ontario,6/1/2005,52.5,78.7,77.2,52.4
Ontario,6/2/2005,55,80.7,77.8,56.3
Ontario,6/3/2005,61.5,74.1,76.3,59.2
Ontario,6/4/2005,61.2,74,77.5,61
Ontario,6/5/2005,60.2,84.4,81.7,63.1
Ontario,6/6/2005,67.8,86.6,85.7,63.8
Ontario,6/7/2005,63.4,86.3,85.2,65.2
Ontario,6/8/2005,64.6,82.7,84.8,64.1
Ontario,6/9/2005,64.3,85.5,85.1,66
Ontario,6/10/2005,69.2,87.1,87.2,67.5
Ontario,6/11/2005,69.1,89.1,87.2,70.5
Ontario,6/12/2005,73.3,85.6,86.9,71.3
Ontario,6/13/2005,71.5,86,85.7,70
Ontario,6/14/2005,65.1,85.5,82.5,65.4
Ontario,6/15/2005,59.5,75.9,75.2,60.2
Ontario,6/16/2005,56,64.1,69.5,56.9
Ontario,6/17/2005,55.2,68.4,65.3,56.1
Ontario,6/18/2005,57,63.4,65.9,54.6
Ontario,6/19/2005,51.4,65.9,68.3,52.7
Ontario,6/20/2005,49.5,75.7,75,52.8
Ontario,6/21/2005,57.6,83.4,77.7,53.7
Ontario,6/22/2005,54,74.1,79.4,54.1
Ontario,6/23/2005,50.9,80.7,82.1,55.2
Ontario,6/24/2005,60.6,91.6,88.7,60
Ontario,6/25/2005,68.4,93.7,91.5,64.6
Ontario,6/26/2005,64.8,89.1,91.1,66.4
Ontario,6/27/2005,66,90.4,90.9,67.6
Ontario,6/28/2005,71.8,93.3,90.2,69.3
Ontario,6/29/2005,69.9,87,88.7,70.1
Ontario,6/30/2005,68.5,85.9,86.3,65.4
Ontario,7/1/2005,57.9,86,81.8,60.7
Ontario,7/2/2005,55.6,73.4,80.2,56
Ontario,7/3/2005,54.4,81.2,80.8,57.3
Ontario,7/4/2005,61.9,87.8,83.5,60.6
Ontario,7/5/2005,65.6,81.6,82.5,63.7
Ontario,7/6/2005,63.5,78.1,79.6,63.3
Ontario,7/7/2005,60.8,79.1,79.6,62.1
Ontario,7/8/2005,61.9,81.6,81.7,61.6
Ontario,7/9/2005,62.2,84.3,85.5,61.8
Ontario,7/10/2005,61.3,90.5,89.6,63.9
Ontario,7/11/2005,68.3,94,92.5,66.5
Ontario,7/12/2005,70,93,93.5,70.1
Ontario,7/13/2005,71.9,93.5,92.4,71.5
Ontario,7/14/2005,72.7,90.5,89.9,71.4
Ontario,7/15/2005,69.6,85.8,87.4,71.2
Ontario,7/16/2005,71.3,85.8,85.3,71.2
Ontario,7/17/2005,72.8,84.4,87.4,72.1
Ontario,7/18/2005,72.2,91.8,88.1,70.8
Ontario,7/19/2005,67.5,88.1,88.2,66.9
Ontario,7/20/2005,61,84.7,87.9,65.7
Ontario,7/21/2005,68.6,90.9,87.7,64.7
Ontario,7/22/2005,64.6,87.4,88.1,64.6
Ontario,7/23/2005,60.6,86,84.4,62
Ontario,7/24/2005,60.8,79.8,85.8,63.3
Ontario,7/25/2005,68.4,91.7,86.2,65.2
Ontario,7/26/2005,66.4,87.2,84.2,64
Ontario,7/27/2005,57.2,73.8,79.3,59.1
Ontario,7/28/2005,53.8,77,76.9,55.5
Ontario,7/29/2005,55.5,80,78.3,55.5
Ontario,7/30/2005,57.2,78,80.1,57.1
Ontario,7/31/2005,58.7,82.1,83.4,60.6
Ontario,8/1/2005,66.1,90,85.9,64.4
Ontario,8/2/2005,68.6,85.7,88.7,67.3
Ontario,8/3/2005,67.3,90.5,88.8,68
Ontario,8/4/2005,68,90.3,87.9,65.1
Ontario,8/5/2005,60.1,82.7,84.9,61.3
Ontario,8/6/2005,55.8,81.6,83.2,58.7
Ontario,8/7/2005,60.1,85.3,84.8,60.2
Ontario,8/8/2005,64.9,87.6,88,63.9
Ontario,8/9/2005,66.7,91.2,89.8,66.7
Ontario,8/10/2005,68.6,90.7,88.5,66.5
Ontario,8/11/2005,64.2,83.5,85.2,66.2
Ontario,8/12/2005,65.6,81.3,81.6,66
Ontario,8/13/2005,68.2,80,78.1,65.6
Ontario,8/14/2005,62.9,73.1,78.3,62.8
Ontario,8/15/2005,57.4,81.9,79.2,59.4
Ontario,8/16/2005,57.9,82.5,80.6,58.1
Ontario,8/17/2005,59,77.3,77.7,58
Ontario,8/18/2005,57.2,73.3,75.7,59.4
Ontario,8/19/2005,62,76.6,75.1,61.8
Ontario,8/20/2005,66.1,75.4,77.8,62.9
Ontario,8/21/2005,60.5,81.6,76.1,61.3
Ontario,8/22/2005,57.2,71.3,75,57.5
Ontario,8/23/2005,54.7,72,73.2,56.3
Ontario,8/24/2005,57,76.1,75.4,55.5
Ontario,8/25/2005,54.7,78.1,78.5,56.4
Ontario,8/26/2005,57.4,81.3,78.5,58.2
Ontario,8/27/2005,62.6,75.9,80,60.7
Ontario,8/28/2005,62.1,82.8,80.7,63.4
Ontario,8/29/2005,65.5,83.5,81.2,63.6
Ontario,8/30/2005,63.3,77.5,79.9,64.1
Ontario,8/31/2005,63.4,78.9,78.5,62.1
Ontario,9/1/2005,59.6,79.2,78.6,60.9
Ontario,9/2/2005,59.6,77.7,78.1,59
Ontario,9/3/2005,57.8,77.5,75.4,57.5
Ontario,9/4/2005,55.1,71,74,55.1
Ontario,9/5/2005,52.5,73.4,74.4,53.7
Ontario,9/6/2005,53.6,78.7,77.8,54.2
Ontario,9/7/2005,56.4,81.4,80.1,55.3
Ontario,9/8/2005,55.8,80,79,55.5
Ontario,9/9/2005,54.4,75.7,75.1,53.9
Ontario,9/10/2005,51.4,69.5,73.9,53
Ontario,9/11/2005,53.1,76.7,77.9,55.6
Ontario,9/12/2005,62.3,87.6,83.6,60
Ontario,9/13/2005,64.7,86.6,86.8,63.6
Ontario,9/14/2005,63.6,86.3,83.1,62.3
Ontario,9/15/2005,58.5,76.3,76.5,60.9
Ontario,9/16/2005,60.6,67,72.4,59.1
Ontario,9/17/2005,58,74,72.1,57.4
Ontario,9/18/2005,53.6,75.4,75.3,55.8
Ontario,9/19/2005,55.7,76.4,75.5,55.7
Ontario,9/20/2005,57.7,74.6,77.6,56.4
Ontario,9/21/2005,55.9,81.8,78,57.8
Ontario,9/22/2005,59.7,77.7,75.8,55
Ontario,9/23/2005,49.3,67.9,70.2,52.4
Ontario,9/24/2005,48.3,65.1,69.1,51.6
Ontario,9/25/2005,57.2,74.3,70.6,52.3
Ontario,9/26/2005,51.4,72.4,72.2,51.9
Ontario,9/27/2005,47.1,69.9,71.3,49.5
Ontario,9/28/2005,50.2,71.6,70.6,47.2
Ontario,9/29/2005,44.3,70.4,68.5,45.7
Ontario,9/30/2005,42.5,63.7,69.4,44.3
Ontario,10/1/2005,46,74.1,70.3,46.4
Ontario,10/2/2005,50.8,73,75,50.3
Ontario,10/3/2005,54.2,77.9,76.7,54.7
Ontario,10/4/2005,59,79.2,78,56.6
Ontario,10/5/2005,56.4,76.9,78.2,57.2
Ontario,10/6/2005,56.1,78.7,72,52.7
Ontario,10/7/2005,45.6,60.3,64.6,48.4
Ontario,10/8/2005,43.4,54.9,57.9,42.9
Ontario,10/9/2005,39.7,58.5,56.5,44.3
Ontario,10/10/2005,49.8,56.3,57.9,46.1
Ontario,10/11/2005,48.7,59,57.5,49.6
Ontario,10/12/2005,50.4,57.1,57.8,50.4
Ontario,10/13/2005,52,57.2,59.6,52.1
Ontario,10/14/2005,54.1,64.5,61.2,52
Ontario,10/15/2005,50,61.9,60,50.9
Ontario,10/16/2005,48.6,53.7,58.1,48.5
Ontario,10/17/2005,46.8,58.8,56,46.6
Ontario,10/18/2005,44.4,55.5,58.6,42.9
Ontario,10/19/2005,37.4,61.4,57.1,38.4
Ontario,10/20/2005,33.5,54.3,55.6,34.8
Ontario,10/21/2005,33.6,51.3,50.2,34.3
Ontario,10/22/2005,35.8,45,46.8,36.1
Ontario,10/23/2005,38.9,44.2,46.2,38.3
Ontario,10/24/2005,40.4,49.5,46.5,39.9
Ontario,10/25/2005,40.5,45.8,47.1,39.6
Ontario,10/26/2005,38.1,45.9,45.4,37.7
Ontario,10/27/2005,34.4,44.3,45.5,34.5
Ontario,10/28/2005,31.1,46.2,48.8,32.7
Ontario,10/29/2005,32.6,55.8,54.1,33.1
Ontario,10/30/2005,35.8,60.5,57.7,37.9
Ontario,10/31/2005,45.5,57,58.1,40.6
Ontario,11/1/2005,40.6,56.8,55.7,40.5
Ontario,11/2/2005,35.3,53.2,58.4,40.4
Ontario,11/3/2005,45.3,65,60.3,42.1
Ontario,11/4/2005,45.6,62.7,61.1,45.4
Ontario,11/5/2005,45.1,55.6,60.3,44.9
Ontario,11/6/2005,44,62.7,57.6,43.8
Ontario,11/7/2005,42.2,54.5,56.3,42.2
Ontario,11/8/2005,40.3,51.8,53.3,40.3
Ontario,11/9/2005,38.5,53.6,49.5,38.3
Ontario,11/10/2005,36.2,43.2,47.5,36.6
Ontario,11/11/2005,35.2,45.7,48.2,35.3
Ontario,11/12/2005,34.5,55.7,54.5,37.7
Ontario,11/13/2005,43.3,62,55.5,38.4
Ontario,11/14/2005,37.5,48.9,52.8,40.1
Ontario,11/15/2005,39.6,47.5,52.9,36.9
Ontario,11/16/2005,33.6,62.3,49.2,32.2
Ontario,11/17/2005,23.4,37.9,43.7,25.6
Ontario,11/18/2005,19.8,30.7,38.1,23.5
Ontario,11/19/2005,27.4,45.7,42.2,26.9
Ontario,11/20/2005,33.6,50,46.9,32.7
Ontario,11/21/2005,37.2,45.1,45.1,30.4
Ontario,11/22/2005,20.5,40.1,38.3,23.7
Ontario,11/23/2005,13.5,29.7,33.9,14.5
Ontario,11/24/2005,9.5,31.7,30,10.4
Ontario,11/25/2005,8.3,28.4,29.3,12.8
Ontario,11/26/2005,20.6,27.9,31.4,15.9
Ontario,11/27/2005,18.7,37.8,40.8,25.6
Ontario,11/28/2005,37.4,56.7,52.4,31.7
Ontario,11/29/2005,38.9,62.5,53.6,36.6
Ontario,11/30/2005,33.6,41.5,46.9,34.8
Ontario,12/1/2005,32.1,36.8,37,29.8
Ontario,12/2/2005,23.7,32.6,33.5,25.9
Ontario,12/3/2005,21.9,31,31.3,22.1
Ontario,12/4/2005,20.9,30.5,29.7,21
Ontario,12/5/2005,20.3,27.8,28,19.4
Ontario,12/6/2005,17,25.7,26,16.9
Ontario,12/7/2005,13.4,24.6,26.8,14.3
Ontario,12/8/2005,12.5,30.2,28.6,15.2
Ontario,12/9/2005,19.6,31,30.8,17.4
Ontario,12/10/2005,20,31.1,31.5,18.1
Ontario,12/11/2005,14.7,32.5,26.9,13.2
Ontario,12/12/2005,4.8,17,24.3,7.3
Ontario,12/13/2005,2.5,23.3,21.2,5.7
Ontario,12/14/2005,9.7,23.4,25.6,9.8
Ontario,12/15/2005,17.2,30,28.6,16.8
Ontario,12/16/2005,23.5,32.6,30.2,21
Ontario,12/17/2005,22.2,28.1,28.9,20.9
Ontario,12/18/2005,16.9,26,26,17.9
Ontario,12/19/2005,14.5,23.8,25.4,13
Ontario,12/20/2005,7.5,26.5,25.3,9.5
Ontario,12/21/2005,6.5,25.6,29,11.4
Ontario,12/22/2005,20.3,34.8,32.4,20.2
Ontario,12/23/2005,33.7,36.9,36.7,29.6
Ontario,12/24/2005,34.7,38.3,38.1,33.7
Ontario,12/25/2005,32.7,39.1,37.3,32.2
Ontario,12/26/2005,29.2,34.4,35.5,27.9
Ontario,12/27/2005,21.7,33,35.3,26.9
Ontario,12/28/2005,30,38.5,35.7,26.4
Ontario,12/29/2005,27.5,35.6,35.3,25.2
Ontario,12/30/2005,18,31.9,31.2,20
Ontario,12/31/2005,14.5,26.1,30,17.6
Ontario,1/1/2006,20.3,32.2,31.1,21.6
Ontario,1/2/2006,30,35,34.2,26.3
Ontario,1/3/2006,28.5,35.2,36.6,29.2
Ontario,1/4/2006,29.2,39.5,37.8,27.6
Ontario,1/5/2006,25.2,38.5,34.9,23.2
Ontario,1/6/2006,15.3,26.7,31.3,19.7
Ontario,1/7/2006,18.5,28.8,30.2,17.3
Ontario,1/8/2006,18,35,33.7,22.5
Ontario,1/9/2006,30.9,37.2,36.5,26
Ontario,1/10/2006,29.1,37.4,40.3,30.3
Ontario,1/11/2006,30.9,46.4,43.9,32.5
Ontario,1/12/2006,37.4,47.9,48.3,34.9
Ontario,1/13/2006,36.2,50.7,47.7,30.4
Ontario,1/14/2006,17.5,44.6,37.8,20.6
Ontario,1/15/2006,8.1,18.2,28.6,10.9
Ontario,1/16/2006,7.2,22.9,26.7,11.1
Ontario,1/17/2006,17.9,38.9,34.4,17.6
Ontario,1/18/2006,27.7,41.5,39.4,23.7
Ontario,1/19/2006,25.5,37.9,43.3,28.4
Ontario,1/20/2006,31.9,50.6,41.8,26.8
Ontario,1/21/2006,23,36.8,40.8,24.6
Ontario,1/22/2006,18.7,35.1,36.5,22.2
Ontario,1/23/2006,24.8,37.5,37.4,23.2
Ontario,1/24/2006,26.1,39.7,37.5,23.5
Ontario,1/25/2006,19.7,35.4,33.8,18.4
Ontario,1/26/2006,9.3,26.2,34.4,14.1
Ontario,1/27/2006,13.3,41.5,39.1,17.9
Ontario,1/28/2006,31,49.6,45.3,26.6
Ontario,1/29/2006,35.5,44.8,46.9,34.2
Ontario,1/30/2006,36.1,46.3,43,33.8
Ontario,1/31/2006,29.8,37.8,40.2,30.7
Ontario,2/1/2006,26.2,36.4,39.3,28.9
Ontario,2/2/2006,30.5,43.6,40.6,30.4
Ontario,2/3/2006,34.6,41.8,41.6,32.8
Ontario,2/4/2006,33.4,39.5,40,31
Ontario,2/5/2006,25,38.7,35.8,26.7
Ontario,2/6/2006,21.8,29.2,32,22.4
Ontario,2/7/2006,20.5,28.1,26.3,18.2
Ontario,2/8/2006,12.5,21.6,24,14.6
Ontario,2/9/2006,10.8,22.3,22.8,12
Ontario,2/10/2006,12.6,24.5,24.4,11.7
Ontario,2/11/2006,11.6,26.3,24.9,10.4
Ontario,2/12/2006,6.9,23.9,26.2,11.8
Ontario,2/13/2006,16.8,28.5,29.7,15.6
Ontario,2/14/2006,23.1,36.7,36.7,23.4
Ontario,2/15/2006,30.3,45,39.3,26.9
Ontario,2/16/2006,27.2,36.4,42.1,24.7
Ontario,2/17/2006,16.5,44.9,32.7,16.2
Ontario,2/18/2006,4.8,16.7,27.1,9.5
Ontario,2/19/2006,7.2,19.8,21,8.6
Ontario,2/20/2006,13.9,26.5,26.7,14.4
Ontario,2/21/2006,22.1,33.7,34.3,19
Ontario,2/22/2006,21,42.8,39.5,22.3
Ontario,2/23/2006,23.9,42.1,38.4,20.5
Ontario,2/24/2006,16.5,30.4,34.9,18
Ontario,2/25/2006,13.6,32.1,27.1,12
Ontario,2/26/2006,5.9,18.6,24.7,8.5
Ontario,2/27/2006,5.9,23.2,21.3,6.2
Ontario,2/28/2006,6.8,22.1,24.3,8.2
Ontario,3/1/2006,11.8,27.7,25.9,11.2
Ontario,3/2/2006,15.1,27.9,27.3,12.7
Ontario,3/3/2006,11.4,26.2,30,15.1
Ontario,3/4/2006,18.7,36,33.4,17.7
Ontario,3/5/2006,22.8,38,35.6,21
Ontario,3/6/2006,21.4,32.7,35.5,21.4
Ontario,3/7/2006,19.9,35.7,35.3,20.2
Ontario,3/8/2006,19.2,37.4,41.3,24.4
Ontario,3/9/2006,34,50.8,46.9,29.2
Ontario,3/10/2006,34.5,52.6,50.9,33
Ontario,3/11/2006,30.6,49.4,53.7,33.5
Ontario,3/12/2006,35.5,59,54.3,34.6
Ontario,3/13/2006,37.8,54.5,52,34
Ontario,3/14/2006,28.6,42.4,44.4,31.2
Ontario,3/15/2006,27.2,36.4,38.9,26.4
Ontario,3/16/2006,23.3,38,35.8,23.1
Ontario,3/17/2006,18.7,33,33.8,20.1
Ontario,3/18/2006,18.2,30.4,32.7,19.5
Ontario,3/19/2006,21.7,34.6,31.6,19.3
Ontario,3/20/2006,18,29.7,32.9,19.5
Ontario,3/21/2006,18.7,34.3,33.2,21.2
Ontario,3/22/2006,26.8,35.6,36.2,25.6
Ontario,3/23/2006,31.2,38.7,39.5,29.2
Ontario,3/24/2006,29.5,44.1,41.3,30.7
Ontario,3/25/2006,31.3,41,43.5,30.3
Ontario,3/26/2006,30,45.5,46.2,29.6
Ontario,3/27/2006,27.6,52,49.8,28.2
Ontario,3/28/2006,26.8,51.9,53.4,28.1
Ontario,3/29/2006,30,56.2,56,29.5
Ontario,3/30/2006,31.8,60,60.5,32.3
Ontario,3/31/2006,35.1,65.2,61.3,34.5
Ontario,4/1/2006,36.6,58.8,57.8,33.9
Ontario,4/2/2006,30.1,49.5,55.7,33.9
Ontario,4/3/2006,35,59,50.9,30.8
Ontario,4/4/2006,27.5,44.1,47.7,29.6
Ontario,4/5/2006,26.3,40,46.5,28.7
Ontario,4/6/2006,32.3,55.4,47.1,29.9
Ontario,4/7/2006,31.1,45.9,47.3,29.2
Ontario,4/8/2006,24.1,40.5,45.9,27
Ontario,4/9/2006,25.8,51.1,50.9,27.2
Ontario,4/10/2006,31.6,60.9,57.7,32
Ontario,4/11/2006,38.5,61.2,62.3,37.2
Ontario,4/12/2006,41.4,64.8,64.8,41.9
Ontario,4/13/2006,45.7,68.4,63.4,43.8
Ontario,4/14/2006,44.2,56.9,62,43.8
Ontario,4/15/2006,41.6,60.6,57.8,41.5
Ontario,4/16/2006,38.6,55.8,56.9,38.5
Ontario,4/17/2006,35.2,54.2,57.5,37.9
Ontario,4/18/2006,39.9,62.4,61.6,39.4
Ontario,4/19/2006,43.1,68,67.4,43
Ontario,4/20/2006,46,71.8,68.9,46
Ontario,4/21/2006,49,66.8,64,45.7
Ontario,4/22/2006,42.1,53.6,55.2,43.9
Ontario,4/23/2006,40.5,45.4,51.9,41
Ontario,4/24/2006,40.4,56.8,51.4,37.7
Ontario,4/25/2006,32.3,52,56.6,33.9
Ontario,4/26/2006,29.1,61,55.5,31.9
Ontario,4/27/2006,34.4,53.4,55.2,31.6
Ontario,4/28/2006,31.3,51,54.7,32.2
Ontario,4/29/2006,30.7,59.6,59.1,33.3
Ontario,4/30/2006,37.9,66.7,65.6,37.9
Ontario,5/1/2006,45.1,70.6,66.5,42.1
Ontario,5/2/2006,43.3,62.3,69.2,44.6
Ontario,5/3/2006,45.4,74.9,70.5,46.7
Ontario,5/4/2006,51.5,74.4,70.9,46.9
Ontario,5/5/2006,43.7,63.3,64.8,44.4
Ontario,5/6/2006,38,56.5,58.6,38.4
Ontario,5/7/2006,33.4,56.1,61.1,37
Ontario,5/8/2006,39.4,70.7,66,38.9
Ontario,5/9/2006,43.8,71.3,72.1,43.4
Ontario,5/10/2006,46.9,74.2,69.9,47.8
Ontario,5/11/2006,52.7,64.1,67.2,50.3
Ontario,5/12/2006,51.1,63.2,63.6,51.2
Ontario,5/13/2006,49.7,63.5,63.4,50.7
Ontario,5/14/2006,51.2,63.5,62.7,50.8
Ontario,5/15/2006,51.6,61.2,61.2,50.6
Ontario,5/16/2006,49,58.8,62.2,49.4
Ontario,5/17/2006,47.8,66.5,61.8,47.1
Ontario,5/18/2006,44.6,60.2,62.1,44.9
Ontario,5/19/2006,42.4,59.5,59.5,44.3
Ontario,5/20/2006,45.9,58.7,57.8,42.9
Ontario,5/21/2006,40.4,55.1,54.8,41.4
Ontario,5/22/2006,37.9,50.7,56.2,38.8
Ontario,5/23/2006,38.2,62.7,60.8,39.4
Ontario,5/24/2006,42,68.9,66.9,44
Ontario,5/25/2006,51.6,68.9,68.6,49.9
Ontario,5/26/2006,56,68,70.5,54.6
Ontario,5/27/2006,56,74.5,73.3,55.7
Ontario,5/28/2006,55.1,77.3,81.1,57.9
Ontario,5/29/2006,62.4,91.5,86.3,62.5
Ontario,5/30/2006,70.1,89.9,88.4,66.2
Ontario,5/31/2006,66.2,83.7,81.9,65.6
Ontario,6/1/2006,60.4,72.1,76.7,61.9
Ontario,6/2/2006,59.1,74.2,69.7,58.6
Ontario,6/3/2006,56.3,62.8,69.2,57.3
Ontario,6/4/2006,56.6,70.5,70.6,57.5
Ontario,6/5/2006,59.8,78.4,76.2,57.5
Ontario,6/6/2006,56.1,79.8,79.6,57
Ontario,6/7/2006,55.1,80.7,77.8,57.2
Ontario,6/8/2006,60.4,73,73.4,55.6
Ontario,6/9/2006,51.2,66.5,66.7,53.1
Ontario,6/10/2006,47.7,60.6,64.2,48.3
Ontario,6/11/2006,45.8,65.3,64.6,48.9
Ontario,6/12/2006,53.2,68,68.9,50.5
Ontario,6/13/2006,52.5,73.4,71.9,53.5
Ontario,6/14/2006,54.8,74.4,75.3,54.2
Ontario,6/15/2006,55.3,78.1,78.8,54.9
Ontario,6/16/2006,54.7,83.9,84.1,58.8
Ontario,6/17/2006,66.3,90.3,88.2,63.6
Ontario,6/18/2006,69.8,90.4,88.8,67.2
Ontario,6/19/2006,65.4,85.8,83.5,63.7
Ontario,6/20/2006,56,74.4,78.1,58.1
Ontario,6/21/2006,52.8,74.2,78.2,57.8
Ontario,6/22/2006,64.7,86.1,78.2,58.6
Ontario,6/23/2006,58.4,74.4,79,59.7
Ontario,6/24/2006,56,76.5,77.3,57.1
Ontario,6/25/2006,57,81.2,77.7,60
Ontario,6/26/2006,67,75.5,78.5,63.7
Ontario,6/27/2006,67,78.9,78.3,66.2
Ontario,6/28/2006,64.6,80.3,77.7,63.8
Ontario,6/29/2006,59.9,73.8,77.5,60.7
Ontario,6/30/2006,57.6,78.5,78.7,59.5
Ontario,7/1/2006,60.9,83.9,83.2,62.5
Ontario,7/2/2006,68.9,87.1,86.3,64.8
Ontario,7/3/2006,64.6,88.1,86.5,64.5
Ontario,7/4/2006,59.9,84.3,82,60.5
Ontario,7/5/2006,57,73.7,77.7,56.7
Ontario,7/6/2006,53.2,75.2,77.1,55.6
Ontario,7/7/2006,56.5,82.4,80,56.7
Ontario,7/8/2006,60.5,82.4,82.8,59.8
Ontario,7/9/2006,62.5,83.6,80.4,61.6
Ontario,7/10/2006,61.8,75.3,79.3,61.8
Ontario,7/11/2006,61.1,79,75.9,63
Ontario,7/12/2006,66,73.5,79.2,63.8
Ontario,7/13/2006,64.3,85,81.6,66.4
Ontario,7/14/2006,68.7,86.4,86.6,67.8
Ontario,7/15/2006,70.5,88.3,89.1,69.7
Ontario,7/16/2006,70,92.5,91.2,69.8
Ontario,7/17/2006,68.9,92.7,89.3,67.9
Ontario,7/18/2006,64.9,82.6,85.3,65
Ontario,7/19/2006,61.1,80.6,82.3,63.4
Ontario,7/20/2006,64.2,83.6,80.9,63.9
Ontario,7/21/2006,66.4,78.5,77.7,64
Ontario,7/22/2006,61.2,70.9,74.7,61.7
Ontario,7/23/2006,57.5,74.7,76,58.3
Ontario,7/24/2006,56.2,82.4,81,61.4
Ontario,7/25/2006,70.4,85.9,85.2,65.4
Ontario,7/26/2006,69.7,87.4,87,69.5
Ontario,7/27/2006,68.3,87.8,86.3,69
Ontario,7/28/2006,68.9,83.8,87,68.4
Ontario,7/29/2006,68.1,89.5,83.8,67.7
Ontario,7/30/2006,66,78.1,86.1,66.5
Ontario,7/31/2006,65.4,90.7,88.4,69.7
Ontario,8/1/2006,77.5,96.5,93.2,71.1
Ontario,8/2/2006,70.3,92.4,87.6,71.1
Ontario,8/3/2006,65.3,73.9,83.3,65.8
Ontario,8/4/2006,61.8,83.4,78.1,61.9
Ontario,8/5/2006,58.6,76.8,79.7,61.7
Ontario,8/6/2006,64.6,78.8,79.5,62.2
Ontario,8/7/2006,63.4,82.9,78.7,61.8
Ontario,8/8/2006,57.3,74.2,77.6,58.1
Ontario,8/9/2006,53.6,75.7,76.2,56.6
Ontario,8/10/2006,58.9,78.8,75,54.7
Ontario,8/11/2006,51.5,70.6,73.8,53.7
Ontario,8/12/2006,50.8,72.1,73.1,51.2
Ontario,8/13/2006,51.4,76.6,74.8,52.7
Ontario,8/14/2006,55.9,75.7,76.6,54.6
Ontario,8/15/2006,56.5,77.4,77.2,57.2
Ontario,8/16/2006,59,78.4,78.5,58.3
Ontario,8/17/2006,59.4,79.7,82,61.5
Ontario,8/18/2006,66,87.8,81.4,64.4
Ontario,8/19/2006,67.8,76.8,78.1,64.5
Ontario,8/20/2006,59.5,69.6,76,60.5
Ontario,8/21/2006,54.1,81.7,78.4,58.3
Ontario,8/22/2006,61.2,83.8,81.7,57.9
Ontario,8/23/2006,58.3,79.7,78.4,59.8
Ontario,8/24/2006,60.1,71.8,72.4,58.1
Ontario,8/25/2006,56,65.8,68.9,56.8
Ontario,8/26/2006,54.4,69,70.9,57.5
Ontario,8/27/2006,62.2,77.9,73.7,58.8
Ontario,8/28/2006,59.8,74,75.3,60.5
Ontario,8/29/2006,59.6,74.1,73.2,58.5
Ontario,8/30/2006,56.2,71.5,71.7,55.6
Ontario,8/31/2006,51.1,69.6,71.2,54.1
Ontario,9/1/2006,55,72.4,69.5,53.2
Ontario,9/2/2006,53.6,66.3,67.7,54.1
Ontario,9/3/2006,53.8,64.3,66.2,53.7
Ontario,9/4/2006,53.8,67.9,67.1,55.8
Ontario,9/5/2006,59.7,69.1,69.8,57.4
Ontario,9/6/2006,58.6,72.5,72.4,58.5
Ontario,9/7/2006,57.2,75.7,76.6,57.8
Ontario,9/8/2006,57.7,81.7,73.9,55.5
Ontario,9/9/2006,51.6,64.4,69.7,51.4
Ontario,9/10/2006,44.9,63.1,64,48.4
Ontario,9/11/2006,48.9,64.4,63.9,49.6
Ontario,9/12/2006,55,64,66.1,53.3
Ontario,9/13/2006,55.9,69.9,66.9,56.8
Ontario,9/14/2006,59.3,66.9,68.8,58.3
Ontario,9/15/2006,59.6,69.8,68.7,58.8
Ontario,9/16/2006,57.3,69.6,71.7,57.2
Ontario,9/17/2006,54.8,75.6,75.1,55.9
Ontario,9/18/2006,55.7,80.1,74.5,55
Ontario,9/19/2006,54.5,67.9,69.4,51.8
Ontario,9/20/2006,45.2,60.1,63.9,47.2
Ontario,9/21/2006,41.9,63.6,62,43.3
Ontario,9/22/2006,42.8,62.5,66.2,47.7
Ontario,9/23/2006,58.4,72.5,67.8,49.9
Ontario,9/24/2006,48.6,68.5,68.5,50.9
Ontario,9/25/2006,45.7,64.4,66.1,46.4
Ontario,9/26/2006,45,65.5,67.8,46.4
Ontario,9/27/2006,48.6,73.6,66,46
Ontario,9/28/2006,44.4,58.8,62.5,44.1
Ontario,9/29/2006,39.4,55,57.5,43.6
Ontario,9/30/2006,47.1,58.6,58.8,43.9
Ontario,10/1/2006,45.3,62.6,62.1,45.7
Ontario,10/2/2006,44.6,64.9,66.8,48.5
Ontario,10/3/2006,55.6,72.8,67.8,47.9
Ontario,10/4/2006,43.5,65.7,64.5,46
Ontario,10/5/2006,38.9,55,59.2,39.4
Ontario,10/6/2006,35.7,56.8,57.6,36.7
Ontario,10/7/2006,35.6,61.1,62.2,36.8
Ontario,10/8/2006,39.2,68.9,66.6,40.4
Ontario,10/9/2006,46.3,69.8,65.5,44.3
Ontario,10/10/2006,47.4,57.8,63.7,47.6
Ontario,10/11/2006,49.2,63.4,57.9,43.3
Ontario,10/12/2006,33.3,52.6,53.8,38
Ontario,10/13/2006,31.5,45.2,49.3,32.8
Ontario,10/14/2006,33.7,49.9,49,33.5
Ontario,10/15/2006,35.4,52,53.2,33.9
Ontario,10/16/2006,32.7,57.7,55.7,37.7
Ontario,10/17/2006,45.1,57.4,58.5,43.2
Ontario,10/18/2006,51.8,60.4,59.1,46.4
Ontario,10/19/2006,42.2,59.5,56.5,44.6
Ontario,10/20/2006,39.8,49.5,52.9,40
Ontario,10/21/2006,37.9,49.7,49.9,38.8
Ontario,10/22/2006,38.8,50.6,48.9,37.3
Ontario,10/23/2006,35.2,46.3,47.5,36.9
Ontario,10/24/2006,36.6,45.6,46.3,36
Ontario,10/25/2006,36.3,47.1,46.2,34.7
Ontario,10/26/2006,31.1,45.8,45.3,32.9
Ontario,10/27/2006,31.5,43,45.1,32.7
Ontario,10/28/2006,35.6,46.4,44.7,33.9
Ontario,10/29/2006,34.7,44.5,48.4,33.7
Ontario,10/30/2006,31,54.2,52.8,33.9
Ontario,10/31/2006,36.2,59.6,54.2,32.6
Ontario,11/1/2006,30.6,48.7,49.7,31.9
Ontario,11/2/2006,28.9,40.8,43.3,29.1
Ontario,11/3/2006,27.7,40.5,41,27.3
Ontario,11/4/2006,25.4,41.7,44,30
Ontario,11/5/2006,36.8,49.9,49,31.1
Ontario,11/6/2006,31.2,55.5,52.5,36.9
Ontario,11/7/2006,42.8,52,53.3,39.8
Ontario,11/8/2006,45.3,52.4,54.4,42.9
Ontario,11/9/2006,40.5,58.7,52.7,41.4
Ontario,11/10/2006,38.4,46.9,50.4,37.8
Ontario,11/11/2006,34.7,45.6,44.3,35.7
Ontario,11/12/2006,34.1,40.4,43.4,35.7
Ontario,11/13/2006,38.4,44.4,43.4,37.1
Ontario,11/14/2006,38.8,45.6,47,38.7
Ontario,11/15/2006,39,50.9,51.5,40.7
Ontario,11/16/2006,44.2,58.1,52.4,39.9
Ontario,11/17/2006,36.5,48.1,49.4,38.3
Ontario,11/18/2006,34.3,42.1,42.1,33.7
Ontario,11/19/2006,30.2,36,37.6,31.6
Ontario,11/20/2006,30.2,34.6,37.7,28.9
Ontario,11/21/2006,26.4,42.4,41,27.3
Ontario,11/22/2006,25.4,46,44.3,25.8
Ontario,11/23/2006,25.7,44.3,45.4,26.8
Ontario,11/24/2006,29.3,45.9,45,27.3
Ontario,11/25/2006,26.9,44.9,48.8,30.4
Ontario,11/26/2006,35,55.7,52.1,34.3
Ontario,11/27/2006,40.9,55.7,53.3,38.7
Ontario,11/28/2006,40.2,48.4,54.5,41
Ontario,11/29/2006,42,59.5,56.4,39.8
Ontario,11/30/2006,37.2,61.4,53.9,37.5
Ontario,12/1/2006,33.2,40.9,46.5,33
Ontario,12/2/2006,28.6,37.2,37.1,27.9
Ontario,12/3/2006,21.9,33.1,34,23.2
Ontario,12/4/2006,19,31.6,31.7,19.3
Ontario,12/5/2006,17,30.3,33.2,20.3
Ontario,12/6/2006,24.8,37.9,34.1,18
Ontario,12/7/2006,12.2,34.1,33.3,15.6
Ontario,12/8/2006,9.7,27.9,33.3,15.1
Ontario,12/9/2006,23.2,37.9,37.3,21.2
Ontario,12/10/2006,30.8,46.1,41.4,29.5
Ontario,12/11/2006,34.6,40.3,44.4,34
Ontario,12/12/2006,36.6,46.7,45.1,34.7
Ontario,12/13/2006,32.8,48.4,49.6,34.6
Ontario,12/14/2006,34.4,53.7,51,34.1
Ontario,12/15/2006,35.1,50.7,49.3,35
Ontario,12/16/2006,35.6,43.4,49.1,36.3
Ontario,12/17/2006,38.3,53.1,46.2,36.1
Ontario,12/18/2006,34.2,42.1,44.7,33.2
Ontario,12/19/2006,27.1,38.8,41.7,29
Ontario,12/20/2006,25.5,44.3,42.2,28.6
Ontario,12/21/2006,33.3,43.6,44,31
Ontario,12/22/2006,34.3,44,44.1,34.7
Ontario,12/23/2006,36.4,44.9,44,33.9
Ontario,12/24/2006,31,43.2,42.9,32.7
Ontario,12/25/2006,30.8,40.8,40.8,30.2
Ontario,12/26/2006,28.7,38.4,37.8,28.9
Ontario,12/27/2006,27.2,34,36.8,27.7
Ontario,12/28/2006,27.3,38.1,34,25.5
Ontario,12/29/2006,22.1,29.8,34.1,23.8
Ontario,12/30/2006,22,34.3,34.4,21.8
Ontario,12/31/2006,21.4,39.1,40.3,24.9
Ontario,1/1/2007,31.4,47.6,42.8,26.4
Ontario,1/2/2007,26.4,41.8,45,29.3
Ontario,1/3/2007,30.2,45.5,46.6,31.4
Ontario,1/4/2007,37.6,52.6,49.7,37.2
Ontario,1/5/2007,43.9,51,51,38.7
Ontario,1/6/2007,34.7,49.4,46.9,37.4
Ontario,1/7/2007,33.6,40.2,43.1,32.5
Ontario,1/8/2007,29.1,39.5,38,28.7
Ontario,1/9/2007,23.3,34.3,33.7,22.8
Ontario,1/10/2007,15.9,27.4,34.6,18.7
Ontario,1/11/2007,16.8,42.2,38,22.5
Ontario,1/12/2007,34.8,44.4,41.8,25
Ontario,1/13/2007,23.5,38.8,37.8,27.8
Ontario,1/14/2007,25.1,30.1,32.6,22.6
Ontario,1/15/2007,19.3,28.8,26.1,17
Ontario,1/16/2007,6.6,19.5,23.4,11.2
Ontario,1/17/2007,7.8,21.9,24.6,11.2
Ontario,1/18/2007,19.3,32.4,28.8,15.7
Ontario,1/19/2007,19.9,32.1,28.8,15.9
Ontario,1/20/2007,8.6,22,25.7,11.7
Ontario,1/21/2007,6.6,22.8,23.1,9.3
Ontario,1/22/2007,12.9,24.4,25.7,12
Ontario,1/23/2007,16.4,30,27.3,13
Ontario,1/24/2007,9.7,27.6,22.9,8
Ontario,1/25/2007,-2.2,11,19.1,4.1
Ontario,1/26/2007,4.8,18.6,19,6.1
Ontario,1/27/2007,15.6,27.3,23.9,8.4
Ontario,1/28/2007,4.9,25.7,24.3,6.4
Ontario,1/29/2007,-1.4,19.8,21.6,3.1
Ontario,1/30/2007,5.9,19.4,20.5,3
Ontario,1/31/2007,4.5,22.3,23.2,8
Ontario,2/1/2007,13.7,28,26.3,9.6
Ontario,2/2/2007,10.7,28.7,25.7,10.5
Ontario,2/3/2007,7.1,20.4,19.2,6.8
Ontario,2/4/2007,2.6,8.4,13.6,3.4
Ontario,2/5/2007,0.5,12,11.4,1.8
Ontario,2/6/2007,2.4,13.9,13.9,1.4
Ontario,2/7/2007,1.4,15.9,17,4.8
Ontario,2/8/2007,10.6,21.3,20.1,5.5
Ontario,2/9/2007,4.4,23.1,22.5,8.6
Ontario,2/10/2007,10.9,22.9,22.7,7.6
Ontario,2/11/2007,7.6,22,22.1,7
Ontario,2/12/2007,2.4,21.3,16.8,2.5
Ontario,2/13/2007,-2.5,7,13.7,0.6
Ontario,2/14/2007,1.9,12.8,11.1,-1.9
Ontario,2/15/2007,-5.1,13.6,16.2,2.2
Ontario,2/16/2007,9.7,22.1,19.6,5.5
Ontario,2/17/2007,11.8,23.1,21.1,7.1
Ontario,2/18/2007,-0.4,18.1,22.8,4.2
Ontario,2/19/2007,1.1,27.3,27.6,6.6
Ontario,2/20/2007,19.1,37.4,33.6,12.4
Ontario,2/21/2007,17,36.1,37,17
Ontario,2/22/2007,15,37.4,31.5,13.9
Ontario,2/23/2007,9.7,21.1,28.1,11.2
Ontario,2/24/2007,9,25.7,25.3,10.5
Ontario,2/25/2007,12.8,29,28.2,13.7
Ontario,2/26/2007,19.2,29.8,30.9,17.3
Ontario,2/27/2007,19.8,34.1,32.5,18.3
Ontario,2/28/2007,16,33.6,32.7,16.3
Ontario,3/1/2007,13.2,30.5,33.5,18.8
Ontario,3/2/2007,27.3,36.5,33.6,21.4
Ontario,3/3/2007,23.7,33.7,33.5,25
Ontario,3/4/2007,24.1,30.3,30.4,15.5
Ontario,3/5/2007,-1.3,27.1,21.8,4.8
Ontario,3/6/2007,-8.4,8,18.2,-3.2
Ontario,3/7/2007,0.2,19.4,16.8,0
Ontario,3/8/2007,8.1,23,24.4,7
Ontario,3/9/2007,12.9,30.7,32.1,15.1
Ontario,3/10/2007,24.4,42.8,38.4,21.9
Ontario,3/11/2007,28.4,41.8,43.2,26.8
Ontario,3/12/2007,27.7,44.9,48.4,31.3
Ontario,3/13/2007,37.9,58.6,53.6,35.2
Ontario,3/14/2007,40,57.4,52.5,33.6
Ontario,3/15/2007,22.9,41.5,42.3,27.1
Ontario,3/16/2007,18.3,27.8,33.5,19.9
Ontario,3/17/2007,18.6,31.2,31.3,18.9
Ontario,3/18/2007,19.7,34.8,34.1,20
Ontario,3/19/2007,21.7,36.3,33.7,18
Ontario,3/20/2007,12.7,29.9,35.1,16.1
Ontario,3/21/2007,13.8,39.1,42.5,19.3
Ontario,3/22/2007,31.3,58.5,49.7,24.6
Ontario,3/23/2007,28.8,51.6,51.8,29.8
Ontario,3/24/2007,29.4,45.3,45.3,29.7
Ontario,3/25/2007,30.8,38.8,49.7,31.8
Ontario,3/26/2007,35.2,65.1,55.6,36.2
Ontario,3/27/2007,42.6,62.9,58.5,37.1
Ontario,3/28/2007,33.6,47.6,52.3,34.2
Ontario,3/29/2007,26.4,46.3,48.9,29.8
Ontario,3/30/2007,29.5,52.9,48.3,29.9
Ontario,3/31/2007,33.8,45.7,48.8,33.3
Ontario,4/1/2007,36.4,47.7,48.7,35.8
Ontario,4/2/2007,37.1,52.6,49.5,35.7
Ontario,4/3/2007,33.5,48.2,49.5,32.1
Ontario,4/4/2007,25.7,47.7,41.7,26.7
Ontario,4/5/2007,20.8,29,35,22
Ontario,4/6/2007,19.5,28.3,29.3,19.9
Ontario,4/7/2007,19.5,30.6,31,20.3
Ontario,4/8/2007,22,33.9,33.9,22.3
Ontario,4/9/2007,25.4,37.1,37.5,23.8
Ontario,4/10/2007,24,41.4,39.8,23.7
Ontario,4/11/2007,21.6,41,43.3,26.2
Ontario,4/12/2007,33,47.6,43,28.2
Ontario,4/13/2007,30,40.5,44,30.5
Ontario,4/14/2007,28.4,43.9,42.9,30.6
Ontario,4/15/2007,33.3,44.2,43.3,32.8
Ontario,4/16/2007,36.7,41.9,44.3,35.9
Ontario,4/17/2007,37.7,46.9,46.3,37.7
Ontario,4/18/2007,38.8,50.2,51.9,37.8
Ontario,4/19/2007,37,58.6,60,38.3
Ontario,4/20/2007,39.2,71.2,67.1,38.6
Ontario,4/21/2007,39.5,71.4,73.1,41.5
Ontario,4/22/2007,45.8,76.5,74.5,43.9
Ontario,4/23/2007,46.5,75.4,70.8,44.1
Ontario,4/24/2007,40.1,60.4,63,42.7
Ontario,4/25/2007,41.6,53.2,55.1,40.8
Ontario,4/26/2007,40.6,51.7,55.5,42.6
Ontario,4/27/2007,45.7,61.6,55.3,43.1
Ontario,4/28/2007,42.9,52.7,60.6,43.1
Ontario,4/29/2007,40.7,67.5,60.4,42.4
Ontario,4/30/2007,43.8,60.9,59.8,42
Ontario,5/1/2007,41.5,51,57.4,41.5
Ontario,5/2/2007,39.2,60.3,56.5,39.3
Ontario,5/3/2007,37.2,58.3,60.4,37.8
Ontario,5/4/2007,37,62.5,61.6,38.4
Ontario,5/5/2007,41.1,63.9,61.3,39
Ontario,5/6/2007,39,57.3,62.6,38.5
Ontario,5/7/2007,35.3,66.6,68.5,39.7
Ontario,5/8/2007,44.7,81.5,75.1,45.8
Ontario,5/9/2007,57.4,77.3,78.5,53.5
Ontario,5/10/2007,58.5,76.6,75.3,55
Ontario,5/11/2007,49.1,72,69.6,49.5
Ontario,5/12/2007,41,60.1,63.7,42.1
Ontario,5/13/2007,36.4,58.9,61.9,39.9
Ontario,5/14/2007,42.5,66.8,68.4,44.7
Ontario,5/15/2007,55.2,79.4,68.1,46.7
Ontario,5/16/2007,42.4,58,64.1,46.2
Ontario,5/17/2007,41,55,57.6,40.2
Ontario,5/18/2007,37.2,59.9,61.7,40.7
Ontario,5/19/2007,43.9,70.3,61.9,41
Ontario,5/20/2007,42,55.6,62.9,41.5
Ontario,5/21/2007,38.7,62.9,61.7,42.4
Ontario,5/22/2007,46.5,66.5,68.3,44.7
Ontario,5/23/2007,48.9,75.5,76.4,50.2
Ontario,5/24/2007,55.2,87.2,81.9,53.7
Ontario,5/25/2007,57,83,79.6,54.6
Ontario,5/26/2007,51.6,68.6,74,53.1
Ontario,5/27/2007,50.5,70.5,69.9,50.2
Ontario,5/28/2007,48.4,70.7,70.9,49.1
Ontario,5/29/2007,48.3,71.6,74.1,50.6
Ontario,5/30/2007,55.1,80,77.3,55.5
Ontario,5/31/2007,63.2,80.3,79.9,60.7
Ontario,6/1/2007,63.9,79.5,81.1,63.4
Ontario,6/2/2007,63.1,83.5,80.2,62.2
Ontario,6/3/2007,59.8,77.6,77.6,60.9
Ontario,6/4/2007,59.7,71.8,72.3,54.5
Ontario,6/5/2007,44.1,67.6,67.5,49.3
Ontario,6/6/2007,44.2,63,68,45.8
Ontario,6/7/2007,49,73.4,75.1,49
Ontario,6/8/2007,53.8,88.9,78.4,51.6
Ontario,6/9/2007,52.1,73,79.7,52.3
Ontario,6/10/2007,51,77.2,77.3,53.4
Ontario,6/11/2007,57.1,81.7,82.7,56.7
Ontario,6/12/2007,61.9,89.3,85.1,61.1
Ontario,6/13/2007,64.3,84.3,83.8,62.4
Ontario,6/14/2007,61,77.7,80.7,60.7
Ontario,6/15/2007,56.7,80.1,80.7,59.6
Ontario,6/16/2007,61.1,84.2,82,59.8
Ontario,6/17/2007,61.6,81.7,82.7,60.1
Ontario,6/18/2007,57.6,82,83.5,58.9
Ontario,6/19/2007,57.5,86.8,81.1,56.9
Ontario,6/20/2007,55.5,74.5,80,57.5
Ontario,6/21/2007,59.4,78.7,74.4,55.9
Ontario,6/22/2007,52.8,70,73.8,53.4
Ontario,6/23/2007,48,72.6,75.2,52.4
Ontario,6/24/2007,56.5,82.9,81.5,55.3
Ontario,6/25/2007,61.4,88.8,88.2,62.1
Ontario,6/26/2007,68.4,92.9,91.6,66.7
Ontario,6/27/2007,70.4,92.9,88.5,64.7
Ontario,6/28/2007,55.4,79.5,82.7,59.5
Ontario,6/29/2007,52.6,75.7,76.5,54.3
Ontario,6/30/2007,54.8,74.5,73,53
Ontario,7/1/2007,51.7,69,72.2,52.6
Ontario,7/2/2007,51.1,73.1,72.7,51.8
Ontario,7/3/2007,52.6,76.1,72.3,54
Ontario,7/4/2007,58.3,67.6,75.4,56.6
Ontario,7/5/2007,58.9,82.5,77.6,59.1
Ontario,7/6/2007,60.1,82.7,83.6,59.1
Ontario,7/7/2007,58.2,85.4,82.9,61
Ontario,7/8/2007,64.8,80.6,85.3,63.8
Ontario,7/9/2007,68.3,89.9,86.6,66.9
Ontario,7/10/2007,67.7,89.3,86,64.5
Ontario,7/11/2007,57.5,78.8,82.7,59.6
Ontario,7/12/2007,53.5,80,78.1,55.5
Ontario,7/13/2007,55.5,75.4,75.9,54.5
Ontario,7/14/2007,54.5,72.4,75.4,55.5
Ontario,7/15/2007,56.5,78.4,76,54.9
Ontario,7/16/2007,53.7,77.3,78.7,56.2
Ontario,7/17/2007,58.3,80.5,79.6,58.4
Ontario,7/18/2007,63.1,81,79.9,60.1
Ontario,7/19/2007,58.8,78.2,77.9,60
Ontario,7/20/2007,58.2,74.6,77.1,57.2
Ontario,7/21/2007,54.7,78.3,78,56.3
Ontario,7/22/2007,55.9,81.1,79.9,56.2
Ontario,7/23/2007,58.1,80.4,80.2,58.4
Ontario,7/24/2007,61.2,79.2,79.6,60.4
Ontario,7/25/2007,61.8,79.2,80.7,61.6
Ontario,7/26/2007,62,83.8,80.5,62.9
Ontario,7/27/2007,64.8,78.4,82.3,63.7
Ontario,7/28/2007,64.4,84.6,81.4,64.3
Ontario,7/29/2007,63.8,81.3,83.3,62.9
Ontario,7/30/2007,60.4,83.9,85.5,62.7
Ontario,7/31/2007,64,91.2,88.6,63.6
Ontario,8/1/2007,66.5,90.7,91.9,67.5
Ontario,8/2/2007,71.9,93.6,92.2,68.7
Ontario,8/3/2007,67.8,92.1,89.6,66.3
Ontario,8/4/2007,59.4,82.9,85.8,61.8
Ontario,8/5/2007,58.3,82.2,84.3,62.1
Ontario,8/6/2007,68.7,87.8,82.9,64.1
Ontario,8/7/2007,65.4,78.6,85,66.5
Ontario,8/8/2007,65.3,88.6,80.1,64.8
Ontario,8/9/2007,63.8,73.2,81.9,63.2
Ontario,8/10/2007,60.6,84,80.5,62.3
Ontario,8/11/2007,62.4,84.3,84.8,61.7
Ontario,8/12/2007,62,86,84.3,61.1
Ontario,8/13/2007,58.9,82.6,83.1,59.1
Ontario,8/14/2007,56.6,80.7,81.7,59.9
Ontario,8/15/2007,64.1,81.9,83.1,59.9
Ontario,8/16/2007,59,86.7,83.2,58
Ontario,8/17/2007,50.8,80.9,79.2,53
Ontario,8/18/2007,49.1,70,74.1,50.2
Ontario,8/19/2007,50.7,71.3,68.7,52.3
Ontario,8/20/2007,57,64.7,67.1,55
Ontario,8/21/2007,57.2,65.3,67.9,57.4
Ontario,8/22/2007,58,73.7,74.7,59.8
Ontario,8/23/2007,64.1,85.1,83.2,64.3
Ontario,8/24/2007,70.8,90.8,85.9,65.7
Ontario,8/25/2007,62,81.7,83.4,63.2
Ontario,8/26/2007,56.8,77.6,79.7,58.6
Ontario,8/27/2007,57.1,79.7,80.1,57.1
Ontario,8/28/2007,57.4,83,84.7,59.9
Ontario,8/29/2007,65.1,91.3,83.7,60.3
Ontario,8/30/2007,58.3,76.7,82,59.7
Ontario,8/31/2007,55.9,78,75.5,56.4
Ontario,9/1/2007,55.1,71.8,76.1,54
Ontario,9/2/2007,51.1,78.4,78.9,54.7
Ontario,9/3/2007,58,86.5,78.6,55.5
Ontario,9/4/2007,57.4,70.9,76.9,57.8
Ontario,9/5/2007,57.9,73.2,78.5,57.8
Ontario,9/6/2007,58,91.3,85,62.3
Ontario,9/7/2007,70.9,90.5,87.1,63.3
Ontario,9/8/2007,61.1,79.4,79,62.7
Ontario,9/9/2007,56.2,67.2,73.3,57.1
Ontario,9/10/2007,53.9,73.4,71,54
Ontario,9/11/2007,52,72.3,71,52.2
Ontario,9/12/2007,50.8,67.3,69.4,50
Ontario,9/13/2007,47.2,68.6,73.1,49
Ontario,9/14/2007,49,83.4,70.3,45.8
Ontario,9/15/2007,41.2,58.9,69.2,43.5
Ontario,9/16/2007,40.2,65.4,64,41.2
Ontario,9/17/2007,42,67.8,68.3,42.9
Ontario,9/18/2007,46.3,71.9,72.7,46.3
Ontario,9/19/2007,50.7,78.4,75.5,51
Ontario,9/20/2007,55.9,76.3,78.6,53.5
Ontario,9/21/2007,54,81.2,78.7,54.8
Ontario,9/22/2007,54.6,78.7,78,52.6
Ontario,9/23/2007,49.3,74.1,77.3,51.3
Ontario,9/24/2007,50.1,79.2,81.5,53.8
Ontario,9/25/2007,61.9,91,82,56.2
Ontario,9/26/2007,56.6,75.6,77.9,58.1
Ontario,9/27/2007,55.8,67.2,70.5,54.5
Ontario,9/28/2007,50.9,68.8,68,51.3
Ontario,9/29/2007,47.3,68.1,69.4,50
Ontario,9/30/2007,52,71.2,72.1,51.8
Ontario,10/1/2007,56.1,77.2,72.8,55.6
Ontario,10/2/2007,58.7,69.9,74.8,56.4
Ontario,10/3/2007,54.4,77.2,73.5,54.2
Ontario,10/4/2007,49.6,73.4,75.8,52.2
Ontario,10/5/2007,52.7,76.8,76.6,54
Ontario,10/6/2007,59.9,79.5,74.5,56.6
Ontario,10/7/2007,57.3,67.3,76.7,58.4
Ontario,10/8/2007,57.9,83.3,73.5,57
Ontario,10/9/2007,55.7,70,71.9,54.5
Ontario,10/10/2007,50,62.3,65.1,50.1
Ontario,10/11/2007,44.6,63,60.1,44.3
Ontario,10/12/2007,38.2,55,56.8,40
Ontario,10/13/2007,37.3,52.2,53.9,39.4
Ontario,10/14/2007,42.6,54.6,53.7,40.8
Ontario,10/15/2007,42.6,54.3,55,42.9
Ontario,10/16/2007,43.6,56,58.1,44.7
Ontario,10/17/2007,47.9,64.1,61.9,47.9
Ontario,10/18/2007,52.3,65.8,67.6,52.7
Ontario,10/19/2007,57.9,73,68,55.1
Ontario,10/20/2007,54.9,65.1,72.1,54.8
Ontario,10/21/2007,51.4,78.1,73.4,54.3
Ontario,10/22/2007,56.5,77.1,73.1,50.2
Ontario,10/23/2007,42.6,64.3,66.7,47.3
Ontario,10/24/2007,42.8,58.7,58.5,41.9
Ontario,10/25/2007,40.1,52.6,56.9,41.6
Ontario,10/26/2007,41.9,59.5,57.8,41.4
Ontario,10/27/2007,42.2,61.3,57.3,38.2
Ontario,10/28/2007,30.4,51,55.6,34.5
Ontario,10/29/2007,30.8,54.3,55.4,32.8
Ontario,10/30/2007,37.3,60.7,60.1,36.8
Ontario,10/31/2007,42.4,65.2,59.2,37.6
Ontario,11/1/2007,33.2,51.7,55.4,34.6
Ontario,11/2/2007,28.1,49.3,52.2,30.5
Ontario,11/3/2007,30.1,55.5,52.2,30.5
Ontario,11/4/2007,33.5,51.9,52.3,31.6
Ontario,11/5/2007,31.1,49.7,48.2,32.9
Ontario,11/6/2007,34.3,43,43.5,32.2
Ontario,11/7/2007,31.2,37.9,40.2,32.5
Ontario,11/8/2007,32.1,39.6,40.7,32.4
Ontario,11/9/2007,33.9,44.6,42.4,31.6
Ontario,11/10/2007,28.8,43,44.3,29.8
Ontario,11/11/2007,26.6,45.2,46.7,31.4
Ontario,11/12/2007,38.7,51.9,50.3,33.6
Ontario,11/13/2007,35.6,53.8,55.1,37.8
Ontario,11/14/2007,39,59.7,53.9,36.1
Ontario,11/15/2007,33.7,48,48.3,34.2
Ontario,11/16/2007,29.7,37.1,40.7,29.6
Ontario,11/17/2007,25.3,37,37.6,24.4
Ontario,11/18/2007,18.1,38.7,38.7,22.2
Ontario,11/19/2007,23,40.3,43.1,26.3
Ontario,11/20/2007,37.7,50.2,43.5,31.3
Ontario,11/21/2007,33.4,40,41.5,30.5
Ontario,11/22/2007,20.4,34.2,33,22.8
Ontario,11/23/2007,14.6,24.7,31,17.2
Ontario,11/24/2007,16.6,34.1,33.1,19.7
Ontario,11/25/2007,27.9,40.6,37.9,25.5
Ontario,11/26/2007,32,39.2,39.7,28.5
Ontario,11/27/2007,25.7,39.2,38,25.1
Ontario,11/28/2007,17.6,35.7,38.5,22.1
Ontario,11/29/2007,23,40.7,37.3,20.6
Ontario,11/30/2007,21.1,35.5,32.4,18.7
Ontario,12/1/2007,11.9,20.9,30.4,16.9
Ontario,12/2/2007,17.7,34.8,30.9,17.3
Ontario,12/3/2007,22.4,36.9,33,19.3
Ontario,12/4/2007,17.8,27.2,27.8,17.4
Ontario,12/5/2007,12,19.3,24.2,14.8
Ontario,12/6/2007,14.6,25.9,25.6,16.3
Ontario,12/7/2007,22.3,31.7,30.1,20.1
Ontario,12/8/2007,23.3,32.6,29.7,21.7
Ontario,12/9/2007,19.6,24.9,30.2,21.3
Ontario,12/10/2007,21,33.1,31,20.2
Ontario,12/11/2007,20.2,35.1,34.7,19.6
Ontario,12/12/2007,17.7,35.9,34.4,18
Ontario,12/13/2007,16.2,32.1,34.4,14.7
Ontario,12/14/2007,10.3,35.2,30,10.8
Ontario,12/15/2007,6,22.7,27.7,9.4
Ontario,12/16/2007,11.7,25.2,24.1,9.5
Ontario,12/17/2007,10.8,24.4,26.9,12.4
Ontario,12/18/2007,14.6,31.1,30.7,18.2
Ontario,12/19/2007,29.3,36.6,33.8,23.4
Ontario,12/20/2007,26.3,33.6,35.2,27.3
Ontario,12/21/2007,26.5,35.4,36.2,28.9
Ontario,12/22/2007,34.1,39.6,40.7,28.5
Ontario,12/23/2007,24.9,47,38.8,27.3
Ontario,12/24/2007,23,29.9,36.1,24.9
Ontario,12/25/2007,26.8,31.4,31.8,24.5
Ontario,12/26/2007,23.6,34,33.9,26.6
Ontario,12/27/2007,29.2,36.3,35.9,27.5
Ontario,12/28/2007,29.8,37.3,37.6,29.8
Ontario,12/29/2007,30.3,39.2,36.5,29.8
Ontario,12/30/2007,29.3,33.1,34.5,28.1
Ontario,12/31/2007,24.7,31.3,32.4,23.8
Ontario,1/1/2008,17.4,32.9,27.5,14.9
Ontario,1/2/2008,2.4,18.2,23.6,5.6
Ontario,1/3/2008,-3,19.8,22.1,5.5
Ontario,1/4/2008,16.9,28.3,28.4,13.1
Ontario,1/5/2008,25.3,37.1,36.4,25.3
Ontario,1/6/2008,33.7,43.9,45.9,33.9
Ontario,1/7/2008,42.7,56.7,53,42
Ontario,1/8/2008,49.6,58.3,56,42.2
Ontario,1/9/2008,34.2,53,50,37.2
Ontario,1/10/2008,28,38.7,45.9,31.8
Ontario,1/11/2008,33.3,45.9,41.3,30.5
Ontario,1/12/2008,30.3,39.2,40.3,30
Ontario,1/13/2008,26.2,35.6,36.9,28.4
Ontario,1/14/2008,28.6,35.7,33.7,26.3
Ontario,1/15/2008,23.9,29.8,31.8,22.5
Ontario,1/16/2008,15,29.8,31.7,21.2
Ontario,1/17/2008,24.8,35.4,33.9,21
Ontario,1/18/2008,23.1,36.5,32.8,19.5
Ontario,1/19/2008,10.6,26.6,26.6,13.2
Ontario,1/20/2008,6,16.8,20.7,7.4
Ontario,1/21/2008,5.6,18.6,22.1,8.8
Ontario,1/22/2008,14.6,30.9,23.7,11.1
Ontario,1/23/2008,12.9,21.7,24.4,11.8
Ontario,1/24/2008,8,20.6,21.4,9.7
Ontario,1/25/2008,8.2,21.9,22.9,9.7
Ontario,1/26/2008,12.9,26.2,26.3,12.4
Ontario,1/27/2008,16.1,30.8,30.2,14.5
Ontario,1/28/2008,14.7,33.6,36.2,19.6
Ontario,1/29/2008,28.2,44.2,41.4,19.2
Ontario,1/30/2008,14.7,46.6,38,17.8
Ontario,1/31/2008,10.5,23.4,33.9,15.1
Ontario,2/1/2008,20.2,31.6,29.1,18.2
Ontario,2/2/2008,24,32.3,32.6,23.8
Ontario,2/3/2008,27.1,33.9,34.3,25.9
Ontario,2/4/2008,26.8,36.6,37.8,27.9
Ontario,2/5/2008,29.7,42.9,37.3,26
Ontario,2/6/2008,21.6,32.3,34.2,22.5
Ontario,2/7/2008,16.2,27.5,30,20
Ontario,2/8/2008,22.1,30.2,31.2,22.2
Ontario,2/9/2008,28.1,35.7,32.6,17.9
Ontario,2/10/2008,3.4,31.7,27.4,10.5
Ontario,2/11/2008,-0.1,14.8,23.6,2.5
Ontario,2/12/2008,4.3,24.4,21.5,6.1
Ontario,2/13/2008,14.2,25.5,26.7,12.5
Ontario,2/14/2008,18.9,30.2,28.9,15.4
Ontario,2/15/2008,13,31.1,27.9,13
Ontario,2/16/2008,7.1,22.4,31.7,8.8
Ontario,2/17/2008,6.3,41.6,36.4,12.5
Ontario,2/18/2008,23.9,45.2,37.1,15.3
Ontario,2/19/2008,15.6,24.6,29.9,15.4
Ontario,2/20/2008,6.8,20.1,21.8,9.4
Ontario,2/21/2008,5.7,20.9,22.8,8.7
Ontario,2/22/2008,13.6,27.4,26,9.4
Ontario,2/23/2008,8.9,29.6,30.2,11.3
Ontario,2/24/2008,11.4,33.6,32.4,12.6
Ontario,2/25/2008,17.6,34,33.5,15.9
Ontario,2/26/2008,18.6,32.9,28.5,13.8
Ontario,2/27/2008,5.1,18.6,21.9,6.6
Ontario,2/28/2008,-3.8,14.2,21.3,0.2
Ontario,2/29/2008,-0.8,31,25.9,5.7
Ontario,3/1/2008,21.8,32.5,31.9,12.3
Ontario,3/2/2008,16,32.1,39.4,21.3
Ontario,3/3/2008,26,53.7,39.8,21.6
Ontario,3/4/2008,23,33.7,40.1,22.9
Ontario,3/5/2008,19.8,33,35.1,21.2
Ontario,3/6/2008,20.9,38.6,35.1,19.8
Ontario,3/7/2008,18.8,33.7,32.2,19.3
Ontario,3/8/2008,18.3,24.2,28.1,15.2
Ontario,3/9/2008,8.5,26.4,26.6,9.8
Ontario,3/10/2008,2.8,29.3,29.7,6.6
Ontario,3/11/2008,8.4,33.3,31.9,9.7
Ontario,3/12/2008,17.9,33.1,34.2,13.4
Ontario,3/13/2008,13.9,36.1,36.9,19.2
Ontario,3/14/2008,25.8,41.3,39.6,23
Ontario,3/15/2008,29.3,41.4,38.1,25.6
Ontario,3/16/2008,21.8,31.4,34.3,22.2
Ontario,3/17/2008,15.7,30,33.3,21.2
Ontario,3/18/2008,26.2,38.4,35.4,25.6
Ontario,3/19/2008,35,37.7,37.5,29.1
Ontario,3/20/2008,26.1,36.3,35.2,27.6
Ontario,3/21/2008,21.6,31.4,33.3,21.8
Ontario,3/22/2008,17.7,32.3,31.8,18.8
Ontario,3/23/2008,17,31.6,31.7,15.6
Ontario,3/24/2008,12,31.2,33.8,15.2
Ontario,3/25/2008,16.7,38.4,36.9,19.8
Ontario,3/26/2008,30.6,40.9,40.5,25.2
Ontario,3/27/2008,28.3,42.2,40.6,28
Ontario,3/28/2008,25,38.6,38.2,24.5
Ontario,3/29/2008,20.3,33.9,37.4,23.1
Ontario,3/30/2008,24.1,39.5,39.1,25.9
Ontario,3/31/2008,33.4,43.8,47.5,29.5
Ontario,4/1/2008,31,59.1,47.5,29.5
Ontario,4/2/2008,24,39.7,49.2,27.4
Ontario,4/3/2008,27.1,48.9,43.5,27.9
Ontario,4/4/2008,32.5,41.7,47.3,30.3
Ontario,4/5/2008,31.1,51.4,49.2,31.9
Ontario,4/6/2008,32.2,54.5,53.4,34.1
Ontario,4/7/2008,38.9,54.2,56.7,37.6
Ontario,4/8/2008,41.7,61.5,60.8,40
Ontario,4/9/2008,39.4,66.7,60.2,38.7
Ontario,4/10/2008,35.2,52.3,53.8,36.4
Ontario,4/11/2008,34.6,42.4,47.8,35.3
Ontario,4/12/2008,36.3,48.6,45.1,34.7
Ontario,4/13/2008,33.4,44.3,47.5,33.8
Ontario,4/14/2008,31.9,49.6,49.8,30.8
Ontario,4/15/2008,27.1,55.4,56.8,32
Ontario,4/16/2008,36.9,65.4,65,34.8
Ontario,4/17/2008,40.3,74.2,71.2,41.5
Ontario,4/18/2008,47.3,73.9,74.8,44.1
Ontario,4/19/2008,44.7,76.2,74.8,46.6
Ontario,4/20/2008,47.7,74.2,73.6,48.6
Ontario,4/21/2008,53.5,70.4,71.8,50.1
Ontario,4/22/2008,49.2,70.7,72,50.2
Ontario,4/23/2008,47.9,75,70.2,46
Ontario,4/24/2008,40.8,64.9,67.9,45.7
Ontario,4/25/2008,48.5,63.7,67.5,44.8
Ontario,4/26/2008,45,73.9,68.3,46.1
Ontario,4/27/2008,44.8,67.2,63.5,41.7
Ontario,4/28/2008,35.3,49.4,55.4,36.5
Ontario,4/29/2008,29.3,49.6,50.3,31.1
Ontario,4/30/2008,28.8,51.7,51.7,30.1
Ontario,5/1/2008,32.3,53.6,52,34.4
Ontario,5/2/2008,42.1,50.7,53.6,40
Ontario,5/3/2008,45.7,56.4,54.5,43
Ontario,5/4/2008,41.2,56.5,60,41.8
Ontario,5/5/2008,38.5,67,62.2,40.1
Ontario,5/6/2008,40.7,63.1,63.7,41.6
Ontario,5/7/2008,45.5,61.1,60.9,43.2
Ontario,5/8/2008,43.4,58.6,59.7,42.9
Ontario,5/9/2008,39.9,59.4,61.2,43
Ontario,5/10/2008,45.8,65.7,62.3,43.8
Ontario,5/11/2008,45.6,61.8,63,46.2
Ontario,5/12/2008,47.4,61.5,64.4,46.3
Ontario,5/13/2008,45.8,69.7,65.4,46.1
Ontario,5/14/2008,45.2,65,65.7,44.5
Ontario,5/15/2008,42.4,62.4,63.2,43.6
Ontario,5/16/2008,43.2,62.2,63.8,42.8
Ontario,5/17/2008,43,66.7,61.4,42
Ontario,5/18/2008,39.8,55.2,57.7,40.5
Ontario,5/19/2008,38.9,51.4,56.7,38.6
Ontario,5/20/2008,37.2,63.5,55.8,37.8
Ontario,5/21/2008,37.4,52.4,58.6,39
Ontario,5/22/2008,42.5,60,58.5,41.1
Ontario,5/23/2008,43.4,63.2,62.9,44
Ontario,5/24/2008,46,65.4,67.2,44.3
Ontario,5/25/2008,43.5,73,72.9,47.5
Ontario,5/26/2008,53,80.4,72.4,45.5
Ontario,5/27/2008,40,63.8,69.3,43.6
Ontario,5/28/2008,37.8,63.6,67.7,40.1
Ontario,5/29/2008,42.6,75.7,68.5,42.5
Ontario,5/30/2008,47,66.1,72.6,47.2
Ontario,5/31/2008,51.9,76,69.1,50.1
Ontario,6/1/2008,51.3,65.2,73.1,51.5
Ontario,6/2/2008,51.2,77.9,69.7,52.3
Ontario,6/3/2008,54.3,66,69.3,53.8
Ontario,6/4/2008,55.8,63.9,65.8,55.5
Ontario,6/5/2008,56.4,67.6,72.8,57.3
Ontario,6/6/2008,59.5,87,81,62.3
Ontario,6/7/2008,70.9,88.3,88.1,66.1
Ontario,6/8/2008,67.9,89,89.6,68.2
Ontario,6/9/2008,65.8,91.6,85.9,65.1
Ontario,6/10/2008,61.6,77.2,82.4,61.5
Ontario,6/11/2008,57,78.3,74.9,57.6
Ontario,6/12/2008,54.3,69.3,75.8,56.5
Ontario,6/13/2008,58.2,80,76.6,58.1
Ontario,6/14/2008,61.7,80.5,79.3,59.6
Ontario,6/15/2008,58.8,77.4,77.7,58.8
Ontario,6/16/2008,55.9,75.1,72.8,55.6
Ontario,6/17/2008,51.9,65.8,68.9,52.2
Ontario,6/18/2008,48.7,65.7,65,49.7
Ontario,6/19/2008,48.5,63.5,67.5,49.5
Ontario,6/20/2008,51.4,73.4,70.2,51.5
Ontario,6/21/2008,54.5,73.7,74,53.9
Ontario,6/22/2008,55.7,74.9,74.3,55.7
Ontario,6/23/2008,56.8,74.3,74.7,56.1
Ontario,6/24/2008,55.8,74.8,76.7,56.3
Ontario,6/25/2008,56.3,81,80.1,59.3
Ontario,6/26/2008,65.9,84.6,82.2,63
Ontario,6/27/2008,66.7,80.9,81.2,65.9
Ontario,6/28/2008,65,78.2,78.6,63.8
Ontario,6/29/2008,59.7,76.7,76.3,61.3
Ontario,6/30/2008,59.2,74,75.8,57.8
Ontario,7/1/2008,54.4,76.7,77.8,57.2
Ontario,7/2/2008,57.9,82.7,76.6,56.1
Ontario,7/3/2008,55.9,70.3,75.3,55.6
Ontario,7/4/2008,53,73,73.3,54.1
Ontario,7/5/2008,53.5,76.6,77,53.9
Ontario,7/6/2008,55.4,81.5,81.9,56
Ontario,7/7/2008,59.1,87.6,85.7,60.6
Ontario,7/8/2008,67.3,88,86.5,62.8
Ontario,7/9/2008,62,84,83.6,61.5
Ontario,7/10/2008,55.2,78.8,79.4,59.1
Ontario,7/11/2008,60,75.4,77.7,59.5
Ontario,7/12/2008,63.2,78.9,78.3,62.5
Ontario,7/13/2008,64.2,80.6,78.8,61.8
Ontario,7/14/2008,58,76.8,78.3,59
Ontario,7/15/2008,54.6,77.4,80.4,58.7
Ontario,7/16/2008,63.4,87,83.6,62
Ontario,7/17/2008,68,86.4,85.1,67.1
Ontario,7/18/2008,69.8,82,84.5,68.8
Ontario,7/19/2008,68.7,85.1,79.6,67.3
Ontario,7/20/2008,63.5,71.6,78,65.9
Ontario,7/21/2008,65.3,77.3,75.1,63.8
Ontario,7/22/2008,62.7,76.4,75.3,63.8
Ontario,7/23/2008,63.3,72.3,75.2,62.1
Ontario,7/24/2008,60.4,76.8,77,60.8
Ontario,7/25/2008,58.8,81.7,80.2,60.1
Ontario,7/26/2008,61.1,82.2,81,59.6
Ontario,7/27/2008,58.8,79.2,81,59.9
Ontario,7/28/2008,59.8,81.7,80.1,59.7
Ontario,7/29/2008,60.6,79.5,80.2,62.4
Ontario,7/30/2008,66.7,79.3,79.4,63.6
Ontario,7/31/2008,63.4,79.5,79.8,63.7
Ontario,8/1/2008,61.1,80.6,79.5,62.9
Ontario,8/2/2008,64.3,78.5,78.9,62.4
Ontario,8/3/2008,61.9,77.6,78.4,61.6
Ontario,8/4/2008,58.5,79.2,78.8,62.1
Ontario,8/5/2008,65.8,79.5,79.4,62.3
Ontario,8/6/2008,62.8,79.5,78,63.2
Ontario,8/7/2008,61.2,75.1,75.7,60.8
Ontario,8/8/2008,58.5,72.5,73,57.9
Ontario,8/9/2008,53.9,71.4,69.6,54.4
Ontario,8/10/2008,50.8,64.9,70.5,53.5
Ontario,8/11/2008,55.9,75.1,71.5,54.9
Ontario,8/12/2008,58,74.6,73.6,57
Ontario,8/13/2008,57.2,71.2,73.4,57.1
Ontario,8/14/2008,56.2,74.5,73.9,55.9
Ontario,8/15/2008,54.3,76,75.7,55.5
Ontario,8/16/2008,55.9,76.6,77.7,57.2
Ontario,8/17/2008,61.3,80.6,80.5,59.4
Ontario,8/18/2008,60.9,84.4,77.6,58.7
Ontario,8/19/2008,53.8,67.8,74.1,55.1
Ontario,8/20/2008,50.5,70,71.5,52.5
Ontario,8/21/2008,53.2,76.8,76,54.3
Ontario,8/22/2008,59.2,81.4,79.7,58.8
Ontario,8/23/2008,64.1,81,81.9,60.9
Ontario,8/24/2008,59.4,83.4,77.8,59.2
Ontario,8/25/2008,54.1,68.9,74.5,54.3
Ontario,8/26/2008,49.4,71.2,71.6,51.2
Ontario,8/27/2008,50,74.7,73.1,52.8
Ontario,8/28/2008,58.9,73.3,75.2,56.4
Ontario,8/29/2008,60.4,77.7,76.9,59.7
Ontario,8/30/2008,59.8,79.6,78.1,59.2
Ontario,8/31/2008,57.5,77.1,78.5,57.8
Ontario,9/1/2008,56,78.7,78.6,56.6
Ontario,9/2/2008,56.4,80,81.5,57
Ontario,9/3/2008,58.7,85.9,80.9,59.2
Ontario,9/4/2008,62.6,76.9,80.8,60.7
Ontario,9/5/2008,60.7,79.7,75.8,60.2
Ontario,9/6/2008,57.3,70.8,72.1,57.1
Ontario,9/7/2008,53.3,65.8,70.1,54.8
Ontario,9/8/2008,53.8,73.7,68.3,52.5
Ontario,9/9/2008,50.3,65.4,68.4,49.6
Ontario,9/10/2008,44.8,65.9,66.3,46.3
Ontario,9/11/2008,43.8,67.4,69.1,48.9
Ontario,9/12/2008,58.2,73.8,71.7,55.4
Ontario,9/13/2008,64.3,73.7,76.7,61.3
Ontario,9/14/2008,61.5,82.4,73.8,58
Ontario,9/15/2008,48.2,65.3,71.1,51.3
Ontario,9/16/2008,44.1,65.5,68.4,47.3
Ontario,9/17/2008,49.4,74.2,67.4,46.9
Ontario,9/18/2008,47.2,62.4,67.4,48.2
Ontario,9/19/2008,48,65.5,68.2,48.7
Ontario,9/20/2008,51,76.8,68.7,48.6
Ontario,9/21/2008,46.8,63.9,68.1,47.2
Ontario,9/22/2008,43.7,63.6,64.9,45
Ontario,9/23/2008,44.6,67.3,69,46
Ontario,9/24/2008,49.6,76,72.8,48.2
Ontario,9/25/2008,50.5,75.2,73.3,51
Ontario,9/26/2008,53,68.6,69.8,54.3
Ontario,9/27/2008,59.3,65.6,68.7,55.9
Ontario,9/28/2008,55.3,71.8,65.3,55.8
Ontario,9/29/2008,52.8,58.5,65.5,53.9
Ontario,9/30/2008,53.5,66.3,61.3,51.4
Ontario,10/1/2008,47.8,59.3,60.4,47.8
Ontario,10/2/2008,42.1,55.8,56.6,43.3
Ontario,10/3/2008,40.2,54.6,54.9,40.5
Ontario,10/4/2008,39.3,54.2,55.1,39.3
Ontario,10/5/2008,38.4,56.5,55.4,38.5
Ontario,10/6/2008,37.8,55.5,56.6,37.3
Ontario,10/7/2008,35.6,57.7,58.6,38.5
Ontario,10/8/2008,42,62.6,62.8,41.4
Ontario,10/9/2008,46.5,68.2,65.3,43.5
Ontario,10/10/2008,41.9,65.1,65.6,43.7
Ontario,10/11/2008,42.5,63.6,65.6,42.2
Ontario,10/12/2008,42,68.2,68.9,44.1
Ontario,10/13/2008,47.8,74.9,71.7,44.4
Ontario,10/14/2008,43.4,71.8,69.1,43.8
Ontario,10/15/2008,40.3,60.6,63.1,41.6
Ontario,10/16/2008,41.1,56.9,56.5,39
Ontario,10/17/2008,35.6,51.9,53.9,36.9
Ontario,10/18/2008,34.1,52.8,52.9,33.5
Ontario,10/19/2008,30.8,54,54.6,34.6
Ontario,10/20/2008,38.9,57,53.6,34.2
Ontario,10/21/2008,32.9,49.6,49.7,33.6
Ontario,10/22/2008,29,42.5,47,32.7
Ontario,10/23/2008,36.3,48.8,48.2,31.3
Ontario,10/24/2008,28.6,53.2,53.2,35.2
Ontario,10/25/2008,40.8,57.6,55.6,36.6
Ontario,10/26/2008,40.5,56,55.1,39.6
Ontario,10/27/2008,37.5,51.7,50.4,37.2
Ontario,10/28/2008,33.7,43.3,44.5,34.5
Ontario,10/29/2008,32.3,38.4,43.4,31
Ontario,10/30/2008,27,48.6,50.6,33.5
Ontario,10/31/2008,41.3,64.9,53.6,33
Ontario,11/1/2008,30.7,47.3,51.9,33
Ontario,11/2/2008,26.8,43.4,49.7,30.6
Ontario,11/3/2008,34.3,58.5,55.4,35
Ontario,11/4/2008,44.1,64.4,62.3,40.6
Ontario,11/5/2008,43.5,64.2,64.3,41.8
Ontario,11/6/2008,37.7,64.5,63.5,41.2
Ontario,11/7/2008,42.4,61.9,60,39.5
Ontario,11/8/2008,38.3,53.7,53.7,38.1
Ontario,11/9/2008,33.5,45.5,46.6,34.2
Ontario,11/10/2008,30.9,40.5,42.5,32.1
Ontario,11/11/2008,31.8,41.6,42.1,31.6
Ontario,11/12/2008,32.1,44.3,45.9,34.4
Ontario,11/13/2008,39.4,51.8,51.3,39.2
Ontario,11/14/2008,46.1,57.7,53.8,40
Ontario,11/15/2008,34.6,51.9,50.8,37.1
Ontario,11/16/2008,30.6,43,43.5,30
Ontario,11/17/2008,24.8,35.6,36.7,25.1
Ontario,11/18/2008,20.1,31.6,31.9,20.4
Ontario,11/19/2008,16.5,28.7,30.2,19.1
Ontario,11/20/2008,20.8,30.4,28.1,16.9
Ontario,11/21/2008,13.6,25.2,26.9,16
Ontario,11/22/2008,13.6,25.1,27.3,13.7
Ontario,11/23/2008,14.1,31.6,31.7,18.2
Ontario,11/24/2008,26.9,38.4,37,24.9
Ontario,11/25/2008,33.6,41,39.3,31
Ontario,11/26/2008,32.6,38.4,39.1,32.8
Ontario,11/27/2008,32.2,38,38.3,32.2
Ontario,11/28/2008,31.8,38.6,38.8,30.3
Ontario,11/29/2008,27,39.7,39,27.7
Ontario,11/30/2008,24.3,38.6,39.4,27.4
Ontario,12/1/2008,30.8,40,37.5,28.1
Ontario,12/2/2008,29.2,33.9,38.9,30.1
Ontario,12/3/2008,30.1,42.7,39,28
Ontario,12/4/2008,24.6,40.5,37,24.1
Ontario,12/5/2008,17.7,27.8,32.4,20.5
Ontario,12/6/2008,19.3,28.9,28.4,15.1
Ontario,12/7/2008,8.4,28.6,27.2,12.3
Ontario,12/8/2008,9.3,24.1,30.2,13
Ontario,12/9/2008,21.3,37.9,33.4,15.1
Ontario,12/10/2008,14.6,38.1,34.6,16.3
Ontario,12/11/2008,13,27.7,31.6,13
Ontario,12/12/2008,11.4,28.9,29.2,10.1
Ontario,12/13/2008,5.9,31.1,33.4,14.9
Ontario,12/14/2008,27.4,40.2,40.7,18.2
Ontario,12/15/2008,21.3,50.7,39.4,22.2
Ontario,12/16/2008,18,27.5,36.4,20
Ontario,12/17/2008,20.9,31,28.7,18.7
Ontario,12/18/2008,17.3,27.8,27.6,14.4
Ontario,12/19/2008,5,24,21.5,7
Ontario,12/20/2008,-1.2,12.9,20.3,2.9
Ontario,12/21/2008,4.9,24.1,18.4,3.2
Ontario,12/22/2008,5.9,18.2,23.5,6.3
Ontario,12/23/2008,8,28,29.8,13.8
Ontario,12/24/2008,27.6,43.1,35.6,18.6
Ontario,12/25/2008,20.2,35.7,38,21.8
Ontario,12/26/2008,17.8,35.2,42,23.8
Ontario,12/27/2008,33.5,55.2,50,28.1
Ontario,12/28/2008,33,59.7,51.8,31.4
Ontario,12/29/2008,27.7,40.5,43.8,26.4
Ontario,12/30/2008,18.5,31.2,30.2,17
Ontario,12/31/2008,4.7,18.8,23.8,8.4
Ontario,1/1/2009,1.9,21.5,23.5,8.2
Ontario,1/2/2009,18,30.2,26.1,10.2
Ontario,1/3/2009,10.6,26.5,28.2,12.5
Ontario,1/4/2009,9.1,28,28.9,12.3
Ontario,1/5/2009,17.1,32.1,30,12.9
Ontario,1/6/2009,12.4,29.8,31.4,17.9
Ontario,1/7/2009,24.1,32.3,29.6,15.7
Ontario,1/8/2009,10.5,26.8,26.3,14.4
Ontario,1/9/2009,8.7,19.6,21.7,7.2
Ontario,1/10/2009,2.3,18.6,19.5,5.9
Ontario,1/11/2009,6.6,20.1,21.2,6.3
Ontario,1/12/2009,10.1,24.9,26.2,6.1
Ontario,1/13/2009,1.8,33.5,22.9,1.1
Ontario,1/14/2009,-8.6,10.4,18.2,-4.5
Ontario,1/15/2009,-6.5,10.8,9.6,-6.7
Ontario,1/16/2009,-4.9,7.5,12.1,-6
Ontario,1/17/2009,-6.6,18.1,17.1,0.9
Ontario,1/18/2009,14.3,25.7,21.9,6.2
Ontario,1/19/2009,10.9,21.9,20.6,8.7
Ontario,1/20/2009,1,14,19.1,3.4
Ontario,1/21/2009,-1.8,21.3,21.3,6.2
Ontario,1/22/2009,19.4,28.4,29.3,11.7
Ontario,1/23/2009,17.5,38,29.3,11
Ontario,1/24/2009,-3.9,21.5,25,4.6
Ontario,1/25/2009,0.3,15.6,17.6,-2.3
Ontario,1/26/2009,-3.1,15.6,18.2,0.6
Ontario,1/27/2009,4.5,23.5,21.6,4.9
Ontario,1/28/2009,13.3,25.7,25.1,10.2
Ontario,1/29/2009,13,26,26.1,12.9
Ontario,1/30/2009,12.5,26.5,25.1,8.3
Ontario,1/31/2009,-0.6,22.8,28.9,9.6
Ontario,2/1/2009,17,37.4,31.9,11
Ontario,2/2/2009,16.5,35.4,32.3,14.6
Ontario,2/3/2009,10.3,24.2,24.1,8.6
Ontario,2/4/2009,-0.9,12.8,16.9,0.1
Ontario,2/5/2009,-9,13.9,17.9,-1.1
Ontario,2/6/2009,6.6,27.1,28.9,3.7
Ontario,2/7/2009,13.4,45.7,37.7,13.6
Ontario,2/8/2009,20.8,40.3,40.1,17
Ontario,2/9/2009,16.9,34.4,40.4,21.4
Ontario,2/10/2009,26.6,46.5,42.9,28.6
Ontario,2/11/2009,42.2,47.9,46.6,31.9
Ontario,2/12/2009,26.7,45.4,40.6,28.5
Ontario,2/13/2009,16.6,28.5,34,19.9
Ontario,2/14/2009,16.3,28,29.7,16.1
Ontario,2/15/2009,15.4,32.5,30.7,16.2
Ontario,2/16/2009,17,31.7,33.1,16.7
Ontario,2/17/2009,17.6,35.2,33.7,20.3
Ontario,2/18/2009,26.2,34.1,34.6,20.7
Ontario,2/19/2009,18.3,34.6,31.7,20
Ontario,2/20/2009,15.5,26.3,30.3,15
Ontario,2/21/2009,11.2,29.9,28.5,14.2
Ontario,2/22/2009,15.9,29.2,27,13.1
Ontario,2/23/2009,12.1,21.8,25.3,10.5
Ontario,2/24/2009,3.6,24.8,27.5,10.4
Ontario,2/25/2009,15.7,35.8,34.5,15.8
Ontario,2/26/2009,28.3,42.7,42.5,18.7
Ontario,2/27/2009,12.1,49,37.4,14
Ontario,2/28/2009,1.7,20.5,31.5,7
Ontario,3/1/2009,7.1,25,20.2,4.6
Ontario,3/2/2009,5,15.2,21.1,5.3
Ontario,3/3/2009,3.7,23.2,23.6,5
Ontario,3/4/2009,6.2,32.3,31.9,8.1
Ontario,3/5/2009,14.3,40,45.3,17.8
Ontario,3/6/2009,33,63.4,48.1,25.5
Ontario,3/7/2009,29.3,40.9,48.7,31.4
Ontario,3/8/2009,32.1,41.9,40.8,30.4
Ontario,3/9/2009,29.8,39.5,40.1,30.7
Ontario,3/10/2009,30.1,39,42.5,27.5
Ontario,3/11/2009,22.5,49.1,38.4,22.1
Ontario,3/12/2009,13.6,27.2,35.6,15.9
Ontario,3/13/2009,11.5,30.5,33.8,14.7
Ontario,3/14/2009,19,43.9,41.2,18.5
Ontario,3/15/2009,25.1,49.3,47.5,23.6
Ontario,3/16/2009,26.8,49.3,50.6,26.6
Ontario,3/17/2009,27.8,53.4,53.4,30.2
Ontario,3/18/2009,36,57.6,50.6,29.5
Ontario,3/19/2009,24.7,40.8,44.9,26.7
Ontario,3/20/2009,19.5,36.2,39.8,21.4
Ontario,3/21/2009,20,42.5,39.9,20.8
Ontario,3/22/2009,22.9,41,39.3,20.5
Ontario,3/23/2009,18.7,34.4,38.3,22.2
Ontario,3/24/2009,25.1,39.6,40.7,25.4
Ontario,3/25/2009,32.4,48.1,46.4,30.5
Ontario,3/26/2009,33.9,51.4,50.7,31
Ontario,3/27/2009,26.8,52.4,53.6,30.8
Ontario,3/28/2009,31.6,56.8,53.7,31.5
Ontario,3/29/2009,36,51.8,50.3,31.9
Ontario,3/30/2009,28,42.3,45.2,30.3
Ontario,3/31/2009,26.8,41.6,46.8,29.9
Ontario,4/1/2009,35,56.5,52.5,32
Ontario,4/2/2009,34.3,59.3,55.9,35.3
Ontario,4/3/2009,36.7,51.9,51.4,35.8
Ontario,4/4/2009,36.3,42.8,48.7,35.2
Ontario,4/5/2009,32.7,51.5,45.5,32.2
Ontario,4/6/2009,27.6,42.1,42.3,28.7
Ontario,4/7/2009,25.7,33.4,40.3,27.4
Ontario,4/8/2009,28.9,45.5,43.6,28
Ontario,4/9/2009,29.6,52.1,49.3,29.6
Ontario,4/10/2009,30.3,50.3,50,29.8
Ontario,4/11/2009,29.5,47.8,46.9,28.9
Ontario,4/12/2009,26.9,42.7,45.1,27.2
Ontario,4/13/2009,25.3,44.7,46.9,29.7
Ontario,4/14/2009,36.8,53.2,51.9,32.7
Ontario,4/15/2009,36,57.9,56.3,35.8
Ontario,4/16/2009,34.5,57.8,61.4,35.9
Ontario,4/17/2009,37.1,68.6,64.7,38.6
Ontario,4/18/2009,44.2,67.8,63.6,40.1
Ontario,4/19/2009,39.1,54.3,57.5,40.3
Ontario,4/20/2009,37.7,50.5,53,38.7
Ontario,4/21/2009,39.2,54,51,38.6
Ontario,4/22/2009,38.9,48.5,51.9,38.8
Ontario,4/23/2009,38.4,53.1,56.4,38.9
Ontario,4/24/2009,39.3,67.6,67.7,42.4
Ontario,4/25/2009,49.4,82.6,70.8,45.1
Ontario,4/26/2009,46.7,62.2,75.5,47
Ontario,4/27/2009,44.9,81.8,69.9,43.7
Ontario,4/28/2009,39.5,65.5,67.3,40.7
Ontario,4/29/2009,37.7,54.4,61.4,40
Ontario,4/30/2009,42.8,64.2,62,41.2
Ontario,5/1/2009,43.1,67.4,63.2,40.9
Ontario,5/2/2009,36.9,57.9,64.1,39.7
Ontario,5/3/2009,39,66.9,62.7,39.2
Ontario,5/4/2009,41.8,63.4,65,40.4
Ontario,5/5/2009,40.5,64.7,63.5,42.7
Ontario,5/6/2009,45.7,62.4,64.1,46.3
Ontario,5/7/2009,52.6,65.2,67.7,50.4
Ontario,5/8/2009,52.8,75.6,69.4,50.5
Ontario,5/9/2009,46.1,67.6,65.9,45.7
Ontario,5/10/2009,38.3,54.7,59.7,39.7
Ontario,5/11/2009,34.6,56.9,57.8,36.7
Ontario,5/12/2009,37.2,61.7,62.3,37.5
Ontario,5/13/2009,40.7,68.2,66.7,42
Ontario,5/14/2009,48.2,70.1,67.1,44.6
Ontario,5/15/2009,44.9,63.1,67.1,44.2
Ontario,5/16/2009,39.6,68.3,62.2,39.7
Ontario,5/17/2009,34.7,55.2,60.3,35.6
Ontario,5/18/2009,32.6,57.5,61.5,35.9
Ontario,5/19/2009,40.3,71.7,69.6,42.3
Ontario,5/20/2009,54.1,79.5,78.6,50.3
Ontario,5/21/2009,56.5,84.6,78.1,53.9
Ontario,5/22/2009,51.1,70.2,74.4,51.4
Ontario,5/23/2009,46.5,68.3,70.5,48.9
Ontario,5/24/2009,49.2,73,68.5,46.8
Ontario,5/25/2009,44.7,64.1,65,46.6
Ontario,5/26/2009,45.9,58,60.6,46.5
Ontario,5/27/2009,49.1,59.7,60.5,49.2
Ontario,5/28/2009,52.8,63.8,65.3,50.9
Ontario,5/29/2009,50.8,72.5,68,49.6
Ontario,5/30/2009,45.3,67.8,65.4,45.4
Ontario,5/31/2009,40.3,56,62.3,43.6
Ontario,6/1/2009,45.2,63,60.4,44.1
Ontario,6/2/2009,46.9,62.1,64,45.8
Ontario,6/3/2009,45.3,66.9,64.7,45.3
Ontario,6/4/2009,43.7,65,67.5,44
Ontario,6/5/2009,43.2,70.5,69.7,45.8
Ontario,6/6/2009,50.5,73.5,69.5,47.5
Ontario,6/7/2009,48.9,64.5,66.6,50.2
Ontario,6/8/2009,51.2,61.7,63.4,49.8
Ontario,6/9/2009,49.1,64,64.1,49.5
Ontario,6/10/2009,48.2,66.7,66.7,49.6
Ontario,6/11/2009,51.4,69.4,70.1,50.7
Ontario,6/12/2009,52.6,74,72.1,52.8
Ontario,6/13/2009,54.5,72.9,74.2,53
Ontario,6/14/2009,52,75.7,73.9,53.7
Ontario,6/15/2009,54.6,73.2,74.7,53.3
Ontario,6/16/2009,53.3,75.4,73,54.6
Ontario,6/17/2009,56,70.5,70.2,54.8
Ontario,6/18/2009,55.1,64.7,69.4,54.8
Ontario,6/19/2009,53.4,72.9,67.6,55.8
Ontario,6/20/2009,58.8,65.1,72.5,57
Ontario,6/21/2009,58.6,79.4,73.8,59.5
Ontario,6/22/2009,61,76.9,78.9,60.3
Ontario,6/23/2009,61.4,80.4,81.7,62.3
Ontario,6/24/2009,64.5,87.6,84.1,64.4
Ontario,6/25/2009,67.3,84.1,84.2,65.3
Ontario,6/26/2009,64.3,80.8,81.9,64.2
Ontario,6/27/2009,61.2,80.8,77.8,61.2
Ontario,6/28/2009,58.3,71.7,75.8,59
Ontario,6/29/2009,57.6,74.9,72.5,58.1
Ontario,6/30/2009,58.3,71,73.2,57.9
Ontario,7/1/2009,57.8,73.9,72.2,58.4
Ontario,7/2/2009,59.1,71.6,73.2,58.2
Ontario,7/3/2009,57.7,73.9,72.5,56.9
Ontario,7/4/2009,53.9,71.8,73.2,54.4
Ontario,7/5/2009,51.6,74,74.2,53.7
Ontario,7/6/2009,55.6,77,73.1,54.4
Ontario,7/7/2009,56,68.2,73,55.4
Ontario,7/8/2009,54.5,73.9,72.4,55.2
Ontario,7/9/2009,55.2,75,76.2,55.6
Ontario,7/10/2009,57.2,79.6,79,56.7
Ontario,7/11/2009,57.6,82.3,78.5,54.9
Ontario,7/12/2009,49.9,73.5,76.4,52.9
Ontario,7/13/2009,51.2,73.4,74.2,51.2
Ontario,7/14/2009,52.6,75.6,74.3,52.3
Ontario,7/15/2009,53,73.9,76.8,54.7
Ontario,7/16/2009,58.5,80.9,75.5,56.5
Ontario,7/17/2009,58,71.6,75.6,58.1
Ontario,7/18/2009,57.7,74.3,73,56.5
Ontario,7/19/2009,53.8,73.1,74.7,55.3
Ontario,7/20/2009,54.3,76.8,75.4,55.2
Ontario,7/21/2009,57.5,76.2,75,57.3
Ontario,7/22/2009,60.2,72,74.3,59.9
Ontario,7/23/2009,62,74.8,73.9,61.2
Ontario,7/24/2009,61.4,74.9,74.4,62.1
Ontario,7/25/2009,62.8,73.5,74.3,61.6
Ontario,7/26/2009,60.6,74.6,76.4,61.4
Ontario,7/27/2009,60.9,81,79.2,62.7
Ontario,7/28/2009,66.7,82,79.7,62
Ontario,7/29/2009,58.4,75.9,78.6,60.6
Ontario,7/30/2009,56.8,77.8,77.7,58.7
Ontario,7/31/2009,61,79.3,79.3,58.8
Ontario,8/1/2009,58.4,80.8,79.3,59.7
Ontario,8/2/2009,59.7,77.8,79,57.7
Ontario,8/3/2009,55,78.5,78.8,57.6
Ontario,8/4/2009,58.1,80.1,78.1,55.4
Ontario,8/5/2009,53,75.9,77.2,56.4
Ontario,8/6/2009,58.2,75.6,74.6,55.7
Ontario,8/7/2009,55.9,72.2,73.2,55.4
Ontario,8/8/2009,52.1,71.6,75.9,56.9
Ontario,8/9/2009,62.7,84,80.3,60.2
Ontario,8/10/2009,65.7,85.4,82.7,63.1
Ontario,8/11/2009,60.8,78.9,80.9,63.1
Ontario,8/12/2009,62.8,78.4,80,61.7
Ontario,8/13/2009,61.5,82.6,81.6,62.2
Ontario,8/14/2009,62.3,83.6,83.9,62.7
Ontario,8/15/2009,64.1,85.3,84.7,64.2
Ontario,8/16/2009,66.2,85.2,86.3,67.4
Ontario,8/17/2009,71.9,88.3,86.5,69.2
Ontario,8/18/2009,69.4,86,84.5,67.8
Ontario,8/19/2009,62,79.3,82.7,66
Ontario,8/20/2009,66.7,82.8,81.2,65.3
Ontario,8/21/2009,67.3,81.4,80.4,65.6
Ontario,8/22/2009,62.8,76.9,77.1,63.1
Ontario,8/23/2009,59.3,72.8,75,59.6
Ontario,8/24/2009,56.7,75.1,75.4,57.4
Ontario,8/25/2009,56,78.2,75.7,56
Ontario,8/26/2009,55.1,73.9,73.7,54
Ontario,8/27/2009,50.8,69,70,53.2
Ontario,8/28/2009,53.8,67.2,68.7,53.8
Ontario,8/29/2009,56.9,69.9,67.9,54.2
Ontario,8/30/2009,51.9,66.6,68.5,53
Ontario,8/31/2009,50.2,69,69.3,50.5
Ontario,9/1/2009,49.4,72.2,72,50.7
Ontario,9/2/2009,52.7,74.8,74.4,52.2
Ontario,9/3/2009,54.5,76.2,75.9,54.5
Ontario,9/4/2009,56.3,76.8,75.6,55.6
Ontario,9/5/2009,56.1,73.7,74.5,55.4
Ontario,9/6/2009,53.8,73.2,74.1,55.6
Ontario,9/7/2009,56.8,75.3,75.1,56.8
Ontario,9/8/2009,59.9,77,75.8,57.9
Ontario,9/9/2009,57.1,75.2,75.9,56.5
Ontario,9/10/2009,52.6,75.5,73.3,54.3
Ontario,9/11/2009,53.1,69.2,73.2,52.9
Ontario,9/12/2009,53,75,72.9,53.3
Ontario,9/13/2009,53.7,74.7,75.4,53.2
Ontario,9/14/2009,52.9,76.5,74.5,52.6
Ontario,9/15/2009,51.2,72.4,71.4,50.3
Ontario,9/16/2009,46.9,65.4,68.8,48.8
Ontario,9/17/2009,48.4,68.6,67.4,47.4
Ontario,9/18/2009,46.8,68.1,67.1,45.3
Ontario,9/19/2009,40.5,64.7,67.6,42.8
Ontario,9/20/2009,41.1,70.1,69.1,44.8
Ontario,9/21/2009,52.7,72.5,72.4,52.5
Ontario,9/22/2009,63.6,74.7,75.9,58.7
Ontario,9/23/2009,59.7,80.6,75.5,58.8
Ontario,9/24/2009,53,71.2,70.6,53.7
Ontario,9/25/2009,48.6,60,65,48.5
Ontario,9/26/2009,43.9,63.8,64.1,49.3
Ontario,9/27/2009,55.5,68.5,65.8,50.4
Ontario,9/28/2009,51.9,65,65.1,50.8
Ontario,9/29/2009,45,61.8,60,46.4
Ontario,9/30/2009,42.2,53.1,55.8,41.4
Ontario,10/1/2009,36.9,52.4,53.2,39.7
Ontario,10/2/2009,39.8,54.2,56.3,41.2
Ontario,10/3/2009,46.7,62.2,58.4,44
Ontario,10/4/2009,45.4,58.6,60.9,45.1
Ontario,10/5/2009,43.3,61.8,59.7,43.9
Ontario,10/6/2009,42.9,58.8,59,43.5
Ontario,10/7/2009,44.2,56.4,59.1,43
Ontario,10/8/2009,42,62.2,57,43.7
Ontario,10/9/2009,44.9,52.5,57.1,42.8
Ontario,10/10/2009,41.5,56.5,53,39.3
Ontario,10/11/2009,31.5,50,50.5,34.7
Ontario,10/12/2009,31.1,44.9,48.2,32.7
Ontario,10/13/2009,35.4,49.5,46.1,32.2
Ontario,10/14/2009,30,44,44.4,31.6
Ontario,10/15/2009,29.5,39.6,42.9,29.6
Ontario,10/16/2009,29.3,45,44.1,29.9
Ontario,10/17/2009,30.9,47.5,47.1,30
Ontario,10/18/2009,29.9,48.9,51.4,30.5
Ontario,10/19/2009,30.8,57.8,55.7,36.5
Ontario,10/20/2009,48.7,60.3,58.1,42.2
Ontario,10/21/2009,47.2,56.2,58.8,44.6
Ontario,10/22/2009,37.9,59.9,55.4,40.5
Ontario,10/23/2009,36.3,50,55.2,38.8
Ontario,10/24/2009,42.2,55.6,53.6,38.9
Ontario,10/25/2009,38.1,55.1,54.3,40.2
Ontario,10/26/2009,40.3,52.1,55.6,41
Ontario,10/27/2009,44.7,59.8,55.5,44
Ontario,10/28/2009,46.9,54.5,55.3,45.8
Ontario,10/29/2009,45.9,51.6,54.9,46.7
Ontario,10/30/2009,47.3,58.6,57.7,46.1
Ontario,10/31/2009,45.2,62.9,57.5,43.4
Ontario,11/1/2009,37.8,51,54.8,38.6
Ontario,11/2/2009,32.7,50.4,49.7,34.5
Ontario,11/3/2009,33,47.7,46.9,31.8
Ontario,11/4/2009,29.6,42.5,44.9,32
Ontario,11/5/2009,33.3,44.6,42.5,30.8
Ontario,11/6/2009,29.4,40.4,47.9,33.7
Ontario,11/7/2009,38.2,58.7,54.2,35.5
Ontario,11/8/2009,38.9,63.7,62.9,38.2
Ontario,11/9/2009,37.4,66.2,62.2,37.9
Ontario,11/10/2009,37.3,56.6,57.1,34.9
Ontario,11/11/2009,30,48.4,51.3,31.5
Ontario,11/12/2009,27.4,48.9,49.9,28.3
Ontario,11/13/2009,27.5,52.4,53.5,30.5
Ontario,11/14/2009,36.6,59.1,55.9,33.8
Ontario,11/15/2009,37.4,56.4,54.6,35.2
Ontario,11/16/2009,31.5,48.4,49.9,32
Ontario,11/17/2009,27.1,44.8,48.5,29.7
Ontario,11/18/2009,30.3,52.3,49.4,30.2
Ontario,11/19/2009,33.3,51,51.2,33.8
Ontario,11/20/2009,37.7,50.2,51.1,35.9
Ontario,11/21/2009,36.6,51.9,50.6,36.6
Ontario,11/22/2009,35.3,49.7,50.4,35.4
Ontario,11/23/2009,34.3,49.6,48.8,36.9
Ontario,11/24/2009,41,47.1,49.1,39.4
Ontario,11/25/2009,42.9,50.7,49.2,39.7
Ontario,11/26/2009,35.2,49.8,48.3,37.3
Ontario,11/27/2009,33.7,44.5,45.8,33.8
Ontario,11/28/2009,32.5,43.2,43.7,31.3
Ontario,11/29/2009,27.7,43.5,42.6,30.2
Ontario,11/30/2009,30.3,40.9,42.6,29.7
Ontario,12/1/2009,31.1,43.4,44.6,31
Ontario,12/2/2009,31.6,49.6,46.6,31.5
Ontario,12/3/2009,31.7,46.8,45.1,29.9
Ontario,12/4/2009,26.4,38.9,39.9,26.9
Ontario,12/5/2009,22.7,33.9,36.4,24.8
Ontario,12/6/2009,25.2,36.5,34.8,24.9
Ontario,12/7/2009,26.8,33.9,34.9,24.4
Ontario,12/8/2009,21.1,34.2,36.5,24.9
Ontario,12/9/2009,26.8,41.3,35.6,21.4
Ontario,12/10/2009,16.3,31.2,31.2,18.9
Ontario,12/11/2009,13.7,21,28.4,15.2
Ontario,12/12/2009,15.8,33.1,30.4,19.2
Ontario,12/13/2009,28,37,36,25.3
Ontario,12/14/2009,32.1,37.9,37.3,27.6
Ontario,12/15/2009,22.7,37,33.3,24.1
Ontario,12/16/2009,17.5,24.9,27.3,16
Ontario,12/17/2009,7.8,20.2,23.1,13.2
Ontario,12/18/2009,14.2,24.3,23,10.8
Ontario,12/19/2009,10.3,24.6,26.5,14.2
Ontario,12/20/2009,18.1,30.7,27.4,15.6
Ontario,12/21/2009,18.6,27.1,26.1,15.6
Ontario,12/22/2009,10.3,20.6,24,14
Ontario,12/23/2009,13.2,24.3,25.6,13.8
Ontario,12/24/2009,18,32,31.1,20.2
Ontario,12/25/2009,29.4,37.1,36.2,24.2
Ontario,12/26/2009,25.2,39.5,37.7,27.6
Ontario,12/27/2009,28.2,36.4,35.2,22.4
Ontario,12/28/2009,13.9,29.8,29.9,15.1
Ontario,12/29/2009,3,23.4,26.7,9.9
Ontario,12/30/2009,12.8,27,28.6,14
Ontario,12/31/2009,26.1,35.5,31.9,17.9
Ontario,1/1/2010,14.8,33,28.1,14.5
Ontario,1/2/2010,2.6,15.7,22.5,7.6
Ontario,1/3/2010,5.6,18.7,18.2,6.1
Ontario,1/4/2010,10.1,20.2,21.2,9.4
Ontario,1/5/2010,12.6,24.7,24.1,12.3
Ontario,1/6/2010,14.2,27.4,25.9,15.1
Ontario,1/7/2010,18.6,25.6,23.9,14.8
Ontario,1/8/2010,11.5,18.8,20.2,11.2
Ontario,1/9/2010,3.3,16.3,19.7,5
Ontario,1/10/2010,0.2,24,21.3,7.1
Ontario,1/11/2010,17.9,23.6,22.9,10.5
Ontario,1/12/2010,13.4,21.1,24.8,15.7
Ontario,1/13/2010,15.7,29.8,30,15.2
Ontario,1/14/2010,16.4,39,35.7,21
Ontario,1/15/2010,30.7,38.3,37.6,24.7
Ontario,1/16/2010,27,35.5,36.6,28.6
Ontario,1/17/2010,28,36,35.1,27.2
Ontario,1/18/2010,26.5,33.8,35.1,26.7
Ontario,1/19/2010,25.7,35.4,32.7,23.8
Ontario,1/20/2010,19.3,28.9,32.4,19.8
Ontario,1/21/2010,14.3,32.8,32.5,17.3
Ontario,1/22/2010,18.4,35.9,33.8,17.3
Ontario,1/23/2010,19.3,32.8,37,21.1
Ontario,1/24/2010,25.6,42.3,40.1,26.1
Ontario,1/25/2010,33.3,45.3,40.4,29.2
Ontario,1/26/2010,28.8,33.5,36,28.1
Ontario,1/27/2010,22.3,29.2,29.6,19.5
Ontario,1/28/2010,7.6,26,23.1,9.8
Ontario,1/29/2010,-0.6,14,17.8,1.3
Ontario,1/30/2010,-3.2,13.5,17.1,0.5
Ontario,1/31/2010,5.2,23.7,20.8,4.4
Ontario,2/1/2010,11.1,25.1,25.5,9
Ontario,2/2/2010,10.6,27.8,28.3,13.3
Ontario,2/3/2010,18.3,32,30.1,14
Ontario,2/4/2010,13,30.4,30.8,15.8
Ontario,2/5/2010,16.1,29.9,27,12.3
Ontario,2/6/2010,7.8,20.8,25.8,11.4
Ontario,2/7/2010,10.4,26.7,26.2,10
Ontario,2/8/2010,11.8,31.2,27.6,12.4
Ontario,2/9/2010,15,25,27.9,14.5
Ontario,2/10/2010,16.7,27.5,27.2,15.6
Ontario,2/11/2010,14.9,29.1,28.6,14.5
Ontario,2/12/2010,11.8,29.2,29,13.9
Ontario,2/13/2010,15,28.7,29,17.1
Ontario,2/14/2010,24.4,29.1,29.1,21
Ontario,2/15/2010,23.6,29.6,30.5,23.4
Ontario,2/16/2010,22.2,32.9,31.7,23.8
Ontario,2/17/2010,25.6,32.6,33.4,25.1
Ontario,2/18/2010,27.4,34.6,34.9,26.9
Ontario,2/19/2010,27.7,37.6,36.8,25.9
Ontario,2/20/2010,22.7,38.1,38.2,24
Ontario,2/21/2010,21.7,38.8,36.7,21.9
Ontario,2/22/2010,21.4,33.2,35.3,22.4
Ontario,2/23/2010,24.2,34,33.7,23
Ontario,2/24/2010,23.5,34,33.5,22.9
Ontario,2/25/2010,21,32.5,33.5,22.4
Ontario,2/26/2010,22.7,33.8,34.3,24.8
Ontario,2/27/2010,30.8,36.7,36.1,28.5
Ontario,2/28/2010,32.2,37.8,37.2,30.9
Ontario,3/1/2010,29.8,37.2,37.8,29.2
Ontario,3/2/2010,25.7,38.3,38.4,27.2
Ontario,3/3/2010,25.9,39.6,39,25.3
Ontario,3/4/2010,24.4,39,39.1,24.7
Ontario,3/5/2010,23.9,38.5,41.8,23.9
Ontario,3/6/2010,23.4,47.7,46,24.5
Ontario,3/7/2010,26.1,51.6,51.7,26.9
Ontario,3/8/2010,31.4,55.7,53.2,29.1
Ontario,3/9/2010,30,52.3,51.7,29.3
Ontario,3/10/2010,26.5,47.3,51.1,31.5
Ontario,3/11/2010,37.9,53.9,49.5,34.4
Ontario,3/12/2010,38.9,47.3,48.8,38
Ontario,3/13/2010,37.3,45.2,45.1,38
Ontario,3/14/2010,37.8,42.8,47.8,37
Ontario,3/15/2010,35.8,55.6,52.8,35.2
Ontario,3/16/2010,31.9,60.2,59.4,34.7
Ontario,3/17/2010,36.2,62.4,62.1,35.3
Ontario,3/18/2010,37.9,63.8,64.1,37.1
Ontario,3/19/2010,37.1,66,57.5,35.1
Ontario,3/20/2010,30.2,42.8,49.9,32.2
Ontario,3/21/2010,29.2,40.8,43,30.2
Ontario,3/22/2010,31,45.5,41.7,31
Ontario,3/23/2010,32.7,38.8,47,30.7
Ontario,3/24/2010,28.5,56.6,48.3,29.1
Ontario,3/25/2010,26.2,49.4,46.1,24.5
Ontario,3/26/2010,18.8,32.2,40.2,21.2
Ontario,3/27/2010,18.7,38.9,38.5,23
Ontario,3/28/2010,31.4,44.3,43.7,27.2
Ontario,3/29/2010,31.6,47.8,48.3,30.8
Ontario,3/30/2010,29.4,52.8,52.5,31.6
Ontario,3/31/2010,33.7,57.1,58.6,35.1
Ontario,4/1/2010,42.2,66,66.4,40
Ontario,4/2/2010,44,76.3,72,43.7
Ontario,4/3/2010,44.8,73.6,71.4,43.5
Ontario,4/4/2010,41.7,64.4,70.2,44.5
Ontario,4/5/2010,47.1,72.7,64.5,45.4
Ontario,4/6/2010,47.4,56.6,64.4,47.3
Ontario,4/7/2010,47.3,64,58,44.6
Ontario,4/8/2010,39.1,53.5,52.9,40.4
Ontario,4/9/2010,34.7,41.1,49.8,35
Ontario,4/10/2010,31.3,54.8,52.6,35
Ontario,4/11/2010,39,61.9,57.4,35.9
Ontario,4/12/2010,37.4,55.6,58.6,37.8
Ontario,4/13/2010,37.1,58.2,58.3,36.4
Ontario,4/14/2010,34.6,61.1,61.5,37.1
Ontario,4/15/2010,39.7,65.1,64.2,37.9
Ontario,4/16/2010,39.4,66.5,59,38.7
Ontario,4/17/2010,36.8,45.5,55.6,38
Ontario,4/18/2010,37.8,54.8,53.4,37.3
Ontario,4/19/2010,37.4,59.8,59.7,38.2
Ontario,4/20/2010,39.5,64.4,63.5,38.2
Ontario,4/21/2010,37.7,66.3,62.2,37.5
Ontario,4/22/2010,35.4,55.7,60.2,35.6
Ontario,4/23/2010,33.6,58.6,59.5,35.1
Ontario,4/24/2010,36.1,64.3,59.6,38.9
Ontario,4/25/2010,47,55.9,61.3,41.1
Ontario,4/26/2010,40.3,63.7,56.3,41.2
Ontario,4/27/2010,36.4,49.4,56.4,38.3
Ontario,4/28/2010,38.3,56.1,56.7,37.3
Ontario,4/29/2010,37.4,64.5,63.2,41.6
Ontario,4/30/2010,49.1,68.8,68.8,45.6
Ontario,5/1/2010,50.3,72.9,73,52.6
Ontario,5/2/2010,58.3,77.3,75.6,55.6
Ontario,5/3/2010,58.1,76.5,74.5,56.8
Ontario,5/4/2010,53.8,69.7,75.1,54.7
Ontario,5/5/2010,52.2,79,69.7,50.4
Ontario,5/6/2010,45.1,60.3,64.9,46.5
Ontario,5/7/2010,42.1,55.3,56.6,41.2
Ontario,5/8/2010,36.3,54.2,52.9,37.3
Ontario,5/9/2010,33.3,49.2,52.7,34.1
Ontario,5/10/2010,32.8,54.7,52.1,33.5
Ontario,5/11/2010,34.3,52.3,53.5,35.4
Ontario,5/12/2010,39.1,53.5,53.7,36.5
Ontario,5/13/2010,36.1,55.3,58.9,39.9
Ontario,5/14/2010,44.5,67.9,60.5,42
Ontario,5/15/2010,45.3,58.3,64.5,44.2
Ontario,5/16/2010,42.7,67.2,65.2,43.4
Ontario,5/17/2010,42,70.1,69.1,44.4
Ontario,5/18/2010,48.6,69.9,71.4,45.7
Ontario,5/19/2010,46.4,74.1,75.5,49.2
Ontario,5/20/2010,52.8,82.5,75.6,50.4
Ontario,5/21/2010,51.9,70.3,74.3,53.8
Ontario,5/22/2010,56.9,70,72.3,55.2
Ontario,5/23/2010,56.8,76.6,76,56.9
Ontario,5/24/2010,56.9,81.4,80.9,57.9
Ontario,5/25/2010,60,84.6,84.8,60.1
Ontario,5/26/2010,63.4,88.5,86.2,61.2
Ontario,5/27/2010,60.1,85.5,84.3,61.2
Ontario,5/28/2010,60.2,79.1,81.1,60
Ontario,5/29/2010,59.7,78.7,80.9,59.1
Ontario,5/30/2010,57.6,84.8,81.5,58.7
Ontario,5/31/2010,58.8,81,81.9,58.3
Ontario,6/1/2010,58.6,79.9,80.6,58.1
Ontario,6/2/2010,57.1,80.8,76.7,58.9
Ontario,6/3/2010,61,69.3,74.9,58.2
Ontario,6/4/2010,56.6,74.6,73.4,58.8
Ontario,6/5/2010,58.9,76.3,71.8,55.9
Ontario,6/6/2010,52.3,64.4,69.3,53.5
Ontario,6/7/2010,49.3,67.2,66.4,48.9
Ontario,6/8/2010,45.3,67.7,65.4,49.2
Ontario,6/9/2010,53,61.3,65.7,51.2
Ontario,6/10/2010,55.4,68,67.3,54.5
Ontario,6/11/2010,55.2,72.5,68.8,56.8
Ontario,6/12/2010,59.7,66,69.9,58.3
Ontario,6/13/2010,59.9,71.2,70.3,59.7
Ontario,6/14/2010,59.4,73.8,72.5,57.9
Ontario,6/15/2010,54.4,72.4,74.5,56.4
Ontario,6/16/2010,55.3,77.4,75.2,55.4
Ontario,6/17/2010,56.5,75.7,77.8,55.8
Ontario,6/18/2010,55.7,80.4,80.6,58.6
Ontario,6/19/2010,63.7,85.6,82.1,60.9
Ontario,6/20/2010,63.3,80.3,81.4,62.5
Ontario,6/21/2010,60.5,78.4,78.4,62
Ontario,6/22/2010,62.2,76.4,79.3,62.3
Ontario,6/23/2010,64.3,83.1,79.8,62.9
Ontario,6/24/2010,62.2,79.9,79.8,61.2
Ontario,6/25/2010,57.2,76.4,76,60.4
Ontario,6/26/2010,62,71.6,74.5,60.2
Ontario,6/27/2010,61.5,75.4,77,61.7
Ontario,6/28/2010,61.6,84,76,58.2
Ontario,6/29/2010,51.7,68.6,73.7,53.9
Ontario,6/30/2010,48.6,68.4,69.2,50.4
Ontario,7/1/2010,50.9,70.5,71.7,50.4
Ontario,7/2/2010,51.7,76.2,77.6,53.7
Ontario,7/3/2010,58.7,86.1,83.4,57.5
Ontario,7/4/2010,62,88,89,64
Ontario,7/5/2010,71.4,92.9,91,69
Ontario,7/6/2010,73.6,92,92.2,72.5
Ontario,7/7/2010,72.6,91.8,91.9,73.4
Ontario,7/8/2010,74.1,91.9,87.5,71.1
Ontario,7/9/2010,66.5,78.9,84.2,67.6
Ontario,7/10/2010,62.3,81.7,81.1,63.5
Ontario,7/11/2010,61.8,82.8,81,63.5
Ontario,7/12/2010,66.4,78.6,81.1,65.4
Ontario,7/13/2010,68.1,82,80.5,67.2
Ontario,7/14/2010,67.2,81,82.7,67.5
Ontario,7/15/2010,67.4,85.1,83.5,68.5
Ontario,7/16/2010,71,84.5,85.7,67.7
Ontario,7/17/2010,64.7,87.7,84.8,65.1
Ontario,7/18/2010,59.6,82.2,83,63.3
Ontario,7/19/2010,65.4,79,80.8,62.9
Ontario,7/20/2010,63.6,81.3,82.4,64.5
Ontario,7/21/2010,64.3,86.8,83.9,63.5
Ontario,7/22/2010,62.6,83.4,85.3,62.8
Ontario,7/23/2010,61.5,85.5,83.5,63.7
Ontario,7/24/2010,67,81.4,81.7,63.9
Ontario,7/25/2010,63.4,78.2,80.8,63.8
Ontario,7/26/2010,61,82.9,81.5,61.4
Ontario,7/27/2010,59.9,83.5,84.6,62
Ontario,7/28/2010,65.2,87.4,82.2,61.3
Ontario,7/29/2010,58.9,75.7,78.6,60.7
Ontario,7/30/2010,57.9,72.7,74.5,57.2
Ontario,7/31/2010,54.7,75.2,75.5,58
Ontario,8/1/2010,61.2,78.6,78.7,59.3
Ontario,8/2/2010,61.9,82.4,82.8,63.8
Ontario,8/3/2010,68.4,87.3,86.1,66.4
Ontario,8/4/2010,68.8,88.7,87.7,67.7
Ontario,8/5/2010,65.9,87.1,83.6,62.9
Ontario,8/6/2010,54.1,75,79.1,56.6
Ontario,8/7/2010,49.8,75.3,76.9,55.4
Ontario,8/8/2010,62.2,80.5,79.4,59.6
Ontario,8/9/2010,66.8,82.5,83,65.4
Ontario,8/10/2010,67.2,86,83.6,66.5
Ontario,8/11/2010,65.6,82.4,82.9,66.8
Ontario,8/12/2010,67.7,80.4,81.3,66
Ontario,8/13/2010,64.6,81.1,80.6,66
Ontario,8/14/2010,65.7,80.4,82.6,66.5
Ontario,8/15/2010,69.2,86.4,82.7,65.6
Ontario,8/16/2010,62,81.4,83.3,63.4
Ontario,8/17/2010,59,82,79.5,60
Ontario,8/18/2010,59,75,80.6,59.6
Ontario,8/19/2010,60.8,84.7,77.7,58.5
Ontario,8/20/2010,55.6,73.4,77.3,60.1
Ontario,8/21/2010,63.8,73.8,72.9,61.5
Ontario,8/22/2010,65,71.4,72.2,64
Ontario,8/23/2010,63.2,71.2,72.3,62.5
Ontario,8/24/2010,59.3,74.4,74.1,60.2
Ontario,8/25/2010,58.1,76.8,74.3,57
Ontario,8/26/2010,53.5,71.7,74.5,53.8
Ontario,8/27/2010,49.9,75,76.4,53.4
Ontario,8/28/2010,57,82.3,81.5,55.3
Ontario,8/29/2010,59.1,87.1,87.3,60.7
Ontario,8/30/2010,66.1,92.5,90.5,65.2
Ontario,8/31/2010,70.3,91.8,91.6,68.9
Ontario,9/1/2010,70.3,90.4,89.6,70.8
Ontario,9/2/2010,71.7,86.5,85.6,67.4
Ontario,9/3/2010,60.1,80,77,61.3
Ontario,9/4/2010,52,64.7,70.4,54.2
Ontario,9/5/2010,50.4,66.5,67.9,51.4
Ontario,9/6/2010,51.9,72.7,74.7,53.9
Ontario,9/7/2010,59.3,84.9,75,56.2
Ontario,9/8/2010,57.4,67.3,71.3,56.9
Ontario,9/9/2010,54,61.7,65.9,54.8
Ontario,9/10/2010,52.9,68.5,66.8,52
Ontario,9/11/2010,48.9,70,69.9,52.2
Ontario,9/12/2010,54.6,71.2,71.5,52.4
Ontario,9/13/2010,53.5,73.4,70.9,52.5
Ontario,9/14/2010,49.4,68.2,68.2,49.9
Ontario,9/15/2010,46.7,63.1,63.1,49.2
Ontario,9/16/2010,51.5,58,61.1,48.1
Ontario,9/17/2010,46,62.2,63.6,48.7
Ontario,9/18/2010,48.5,70.7,66.4,46.6
Ontario,9/19/2010,45.2,66.4,67.2,45.7
Ontario,9/20/2010,43.4,64.5,69.5,45.7
Ontario,9/21/2010,48.7,77.6,71.6,48.1
Ontario,9/22/2010,52.4,72.7,72.4,49.5
Ontario,9/23/2010,47.3,66.9,74.8,52.8
Ontario,9/24/2010,58.6,85,72,50.7
Ontario,9/25/2010,46.1,64.2,69.6,49.6
Ontario,9/26/2010,44,59.8,61.8,46.2
Ontario,9/27/2010,48.6,61.5,62.5,48.8
Ontario,9/28/2010,53.8,66,64.7,51
Ontario,9/29/2010,50.7,66.5,66.5,52.9
Ontario,9/30/2010,54.3,67,65.1,50.4
Ontario,10/1/2010,46.1,61.9,60.4,47.7
Ontario,10/2/2010,42.8,52.4,56.2,43.4
Ontario,10/3/2010,41.3,54.5,54.1,40.8
Ontario,10/4/2010,38.4,55.4,57.1,42
Ontario,10/5/2010,46.5,61.3,59.6,44.1
Ontario,10/6/2010,47.5,61.9,63.2,46.5
Ontario,10/7/2010,45.6,66.4,66.5,46.2
Ontario,10/8/2010,45.4,71,65.9,44.1
Ontario,10/9/2010,41.4,60.3,67.1,41.7
Ontario,10/10/2010,38.3,70,62.6,41.5
Ontario,10/11/2010,44.6,57.6,60.8,40.2
Ontario,10/12/2010,37.7,54.8,57.1,38.7
Ontario,10/13/2010,33.7,58.9,56,36.7
Ontario,10/14/2010,38.6,54.2,56.2,36.7
Ontario,10/15/2010,37.8,55.6,56,38.9
Ontario,10/16/2010,40.2,58.2,58.1,39
Ontario,10/17/2010,39,60.4,57.4,38.6
Ontario,10/18/2010,36.6,53.6,56.9,36.9
Ontario,10/19/2010,35.3,56.6,57.1,37.2
Ontario,10/20/2010,39.7,61,54.9,37
Ontario,10/21/2010,35.9,47,52.5,35.9
Ontario,10/22/2010,32,49.4,51,36.2
Ontario,10/23/2010,40.6,56.4,52.2,38.7
Ontario,10/24/2010,43.4,50.7,56.9,43.6
Ontario,10/25/2010,47,63.5,61.2,48
Ontario,10/26/2010,53.6,69.4,66.3,50.4
Ontario,10/27/2010,50.7,66.1,64.8,49.5
Ontario,10/28/2010,44.1,59,57.9,44.2
Ontario,10/29/2010,37.7,48.6,54.1,40.5
Ontario,10/30/2010,39.8,54.8,48.2,35.8
Ontario,10/31/2010,29.9,41.2,46.6,33.1
Ontario,11/1/2010,29.6,43.8,43.6,29
Ontario,11/2/2010,27.4,45.8,46.5,27.7
Ontario,11/3/2010,26.1,50,47.7,30.6
Ontario,11/4/2010,38.3,47.3,46.6,32.3
Ontario,11/5/2010,32.5,42.4,43.5,33.6
Ontario,11/6/2010,30.1,40.9,43.7,31.9
Ontario,11/7/2010,33,47.9,45.9,30.5
Ontario,11/8/2010,28.6,48.8,48.5,31.4
Ontario,11/9/2010,32.8,49,49.7,31.1
Ontario,11/10/2010,31.8,51.3,50.6,32
Ontario,11/11/2010,31.3,51.6,52.6,30.7
Ontario,11/12/2010,29,55,53.6,29.4
Ontario,11/13/2010,28,54.3,54.1,31
Ontario,11/14/2010,35.8,52.9,53.3,33
Ontario,11/15/2010,35.2,52.7,52.4,34.9
Ontario,11/16/2010,33.7,51.5,51.5,35.1
Ontario,11/17/2010,36.5,50.3,48.8,33.5
Ontario,11/18/2010,30.2,44.5,45.7,31.4
Ontario,11/19/2010,27.4,42.3,43.4,29.3
Ontario,11/20/2010,30.2,43.5,43.5,28.5
Ontario,11/21/2010,27.8,44.7,48.6,34.2
Ontario,11/22/2010,44.7,57.7,54.3,35.7
Ontario,11/23/2010,34.5,60.6,52,35.7
Ontario,11/24/2010,28.1,37.8,46.4,30.8
Ontario,11/25/2010,29.9,40.8,40.6,28.3
Ontario,11/26/2010,27,43.2,40.8,28
Ontario,11/27/2010,27.2,38.5,39.1,27.3
Ontario,11/28/2010,27.7,35.6,39,26.5
Ontario,11/29/2010,24.7,43,43.4,29.7
Ontario,11/30/2010,36.7,51.7,47.4,30.7
Ontario,12/1/2010,30.8,47.6,44.7,32.5
Ontario,12/2/2010,30,34.7,40.3,29.1
Ontario,12/3/2010,26.7,38.7,34.7,26
Ontario,12/4/2010,21.4,30.8,34,22.8
Ontario,12/5/2010,20.1,32.5,29.9,21.3
Ontario,12/6/2010,22.2,26.5,28.8,20.6
Ontario,12/7/2010,19.6,27.3,26.5,18
Ontario,12/8/2010,12.2,25.6,25.8,13
Ontario,12/9/2010,7.3,24.4,28.1,13.4
Ontario,12/10/2010,20.7,34.4,32.3,19.7
Ontario,12/11/2010,31.1,38.2,37.7,23
Ontario,12/12/2010,17.3,40.5,33.7,19
Ontario,12/13/2010,8.7,22.6,27.1,12.2
Ontario,12/14/2010,10.6,18.3,21,9.3
Ontario,12/15/2010,8.7,22.1,22,12
Ontario,12/16/2010,16.7,25.6,25.5,15.2
Ontario,12/17/2010,20.2,28.9,26.9,17.7
Ontario,12/18/2010,16.1,26.2,26.9,19.3
Ontario,12/19/2010,21.5,25.5,27,19.1
Ontario,12/20/2010,19.6,29.4,27.1,18.8
Ontario,12/21/2010,15.2,26.5,27.7,18.1
Ontario,12/22/2010,19.6,27.3,27.5,18.6
Ontario,12/23/2010,21,28.6,27.3,19.4
Ontario,12/24/2010,17.7,26,25.5,18.4
Ontario,12/25/2010,16.4,21.9,23.2,15.1
Ontario,12/26/2010,11.1,21.9,23.8,13.2
Ontario,12/27/2010,12,27.7,26.5,14.6
Ontario,12/28/2010,20.5,30.1,29.5,16.9
Ontario,12/29/2010,18,30.8,33.2,18.7
Ontario,12/30/2010,17.5,38.7,39.3,23.8
Ontario,12/31/2010,35.9,48.5,46.5,28
Ontario,1/1/2011,30.5,52.2,44.4,29.7
Ontario,1/2/2011,22.8,32.3,38.7,24.6
Ontario,1/3/2011,20.4,31.5,32.4,22.4
Ontario,1/4/2011,24.1,33.3,31.3,20
Ontario,1/5/2011,15.4,29.1,29.8,18
Ontario,1/6/2011,14.4,27.2,26.9,13.9
Ontario,1/7/2011,11.8,24.6,25,12.6
Ontario,1/8/2011,11.6,23.4,24.1,12.1
Ontario,1/9/2011,12.9,24.3,24,11.4
Ontario,1/10/2011,9.7,24.2,23.7,12.1
Ontario,1/11/2011,13.7,22.7,22.5,11.6
Ontario,1/12/2011,11.4,20.5,21.6,11.4
Ontario,1/13/2011,9.3,21.6,22.8,11.8
Ontario,1/14/2011,14.6,26.3,24.9,12.5
Ontario,1/15/2011,13.7,26.8,25,9.3
Ontario,1/16/2011,-0.3,21.8,24.5,2.1
Ontario,1/17/2011,-7,24.9,27.6,4.8
Ontario,1/18/2011,21.7,36.3,29.5,8.7
Ontario,1/19/2011,11.4,27.4,28.3,12.8
Ontario,1/20/2011,5.3,21.3,23.2,7.1
Ontario,1/21/2011,4.7,20.8,19,3.7
Ontario,1/22/2011,1.1,14.9,14.8,-0.1
Ontario,1/23/2011,-6.1,8.7,14.1,-4.4
Ontario,1/24/2011,-8.2,18.6,18.7,0.6
Ontario,1/25/2011,16,28.8,25.6,10.5
Ontario,1/26/2011,23.5,29.5,29.2,20.5
Ontario,1/27/2011,21.9,29.4,29.5,22
Ontario,1/28/2011,20.7,29.5,27.8,18.6
Ontario,1/29/2011,13.4,24.5,25.8,13.5
Ontario,1/30/2011,6.4,23.4,20.1,5.7
Ontario,1/31/2011,-2.6,12.4,18.1,3.9
Ontario,2/1/2011,8,18.4,15.9,3.4
Ontario,2/2/2011,4.7,16.7,19.7,4.3
Ontario,2/3/2011,0.2,24,21.5,5
Ontario,2/4/2011,10.2,23.8,26.5,8.5
Ontario,2/5/2011,15.1,31.8,29.4,17.2
Ontario,2/6/2011,26.2,32.8,32.5,18.8
Ontario,2/7/2011,15.2,33.1,27.7,14.6
Ontario,2/8/2011,2.5,17.3,23.8,7.8
Ontario,2/9/2011,5.8,20.9,17.9,3.6
Ontario,2/10/2011,2.6,15.6,20,2.2
Ontario,2/11/2011,-1.7,23.6,22.5,5.7
Ontario,2/12/2011,16.2,28.4,31.4,10.2
Ontario,2/13/2011,16.2,42.1,38,15.3
Ontario,2/14/2011,13.6,43.6,36.5,11.4
Ontario,2/15/2011,4.4,23.8,35.8,11.1
Ontario,2/16/2011,15.4,40.1,38.6,16.6
Ontario,2/17/2011,29.9,51.8,47.9,25.4
Ontario,2/18/2011,30.8,51.8,44.8,26.4
Ontario,2/19/2011,18.5,31,35.7,20.7
Ontario,2/20/2011,12.7,24.4,25.1,13.4
Ontario,2/21/2011,9,20,22.8,8.6
Ontario,2/22/2011,4.1,24.1,25.1,5.9
Ontario,2/23/2011,4.7,31.2,30.6,8.4
Ontario,2/24/2011,16.3,36.7,33.5,12.2
Ontario,2/25/2011,15.5,32.6,31.9,15.1
Ontario,2/26/2011,13.6,26.2,31.5,16.4
Ontario,2/27/2011,20.2,35.6,32.7,19.3
Ontario,2/28/2011,24.1,36.4,35.7,20.2
Ontario,3/1/2011,16.2,35,35.7,16.7
Ontario,3/2/2011,9.8,35.7,31.9,10.7
Ontario,3/3/2011,5.9,25,32.8,12.1
Ontario,3/4/2011,20.4,37.7,36.2,18.3
Ontario,3/5/2011,28.7,46,38.2,22.6
Ontario,3/6/2011,18.6,31,35.2,19.3
Ontario,3/7/2011,10.6,28.6,30.4,14
Ontario,3/8/2011,12.8,31.5,32.4,16.2
Ontario,3/9/2011,25.1,37.1,36.4,24.3
Ontario,3/10/2011,35.2,40.5,39,31
Ontario,3/11/2011,32.9,39.4,39.2,32.9
Ontario,3/12/2011,30.8,37.8,38,30.3
Ontario,3/13/2011,27.1,36.9,37.4,26.4
Ontario,3/14/2011,21.4,37.4,39.3,22.8
Ontario,3/15/2011,19.9,43.6,42.4,25.2
Ontario,3/16/2011,34.4,46.2,49.2,29.3
Ontario,3/17/2011,33.5,57.7,54.2,33.9
Ontario,3/18/2011,33.7,58.7,51.9,30.1
Ontario,3/19/2011,23,39.3,45.9,25.2
Ontario,3/20/2011,18.9,39.6,42.3,25
Ontario,3/21/2011,33,48.1,43.1,27.7
Ontario,3/22/2011,31.1,41.6,40.6,28.1
Ontario,3/23/2011,20.4,32.2,34,21.9
Ontario,3/24/2011,14.4,28.3,29.8,15.6
Ontario,3/25/2011,12.1,29,28.3,13
Ontario,3/26/2011,12.6,27.7,28.7,13
Ontario,3/27/2011,14.1,29.3,30.8,14.7
Ontario,3/28/2011,17.2,35.3,35.8,17.1
Ontario,3/29/2011,20,42.8,40.9,20.3
Ontario,3/30/2011,23.6,44.6,42.6,24.8
Ontario,3/31/2011,30.6,40.5,44.6,28.7
Ontario,4/1/2011,31.9,48.8,47.4,31.2
Ontario,4/2/2011,30.9,53.1,50.7,31.4
Ontario,4/3/2011,31.3,50.3,54.7,32.2
Ontario,4/4/2011,34.5,60.8,51.2,32.1
Ontario,4/5/2011,30.5,42.5,49.5,31.4
Ontario,4/6/2011,29.2,45.2,44.5,28.9
Ontario,4/7/2011,26.9,45.9,47.3,28.8
Ontario,4/8/2011,30.2,50.7,51,28.7
Ontario,4/9/2011,29.1,56.3,56.3,32.7
Ontario,4/10/2011,38.9,61.8,63.3,36.9
Ontario,4/11/2011,42.6,71.9,63.4,39.5
Ontario,4/12/2011,36.9,56.6,60.4,39.5
Ontario,4/13/2011,39,52.9,54.5,36.8
Ontario,4/14/2011,34.5,54.2,50.1,34.3
Ontario,4/15/2011,29.2,43.2,48.3,33.3
Ontario,4/16/2011,36.2,47.5,44.7,32.5
Ontario,4/17/2011,32,43.5,43.7,33.2
Ontario,4/18/2011,31.4,40.1,42.4,31
Ontario,4/19/2011,29.5,43.8,43.1,32.2
Ontario,4/20/2011,35.7,45.3,45.1,31.8
Ontario,4/21/2011,30.3,46.2,46.6,32.3
Ontario,4/22/2011,30.9,48.4,54.1,33
Ontario,4/23/2011,37.7,67.7,56.9,35.6
Ontario,4/24/2011,38.2,54.5,59,37.6
Ontario,4/25/2011,37.1,54.8,54.2,40.7
Ontario,4/26/2011,46.9,53.4,60.6,43.2
Ontario,4/27/2011,45.8,73.7,63.3,45.5
Ontario,4/28/2011,43.7,62.7,62.3,43.2
Ontario,4/29/2011,40.2,50.4,56.8,40
Ontario,4/30/2011,36.1,57.2,54.6,40.7
Ontario,5/1/2011,45.8,56.1,58.5,41.5
Ontario,5/2/2011,42.5,62.3,55.1,43.5
Ontario,5/3/2011,42.2,46.9,55.4,40.8
Ontario,5/4/2011,37.7,57,54.7,39.6
Ontario,5/5/2011,39,60.3,59.2,39.8
Ontario,5/6/2011,42.7,60.4,61.3,41.1
Ontario,5/7/2011,41.5,63.4,62.3,41.8
Ontario,5/8/2011,41.3,63,63,41.1
Ontario,5/9/2011,40.5,62.6,62.6,42.1
Ontario,5/10/2011,44.6,62,64,45.2
Ontario,5/11/2011,50.3,67.3,64.2,48.3
Ontario,5/12/2011,49.9,63.3,69.8,50
Ontario,5/13/2011,49.8,78.7,68.6,51.1
Ontario,5/14/2011,53.7,63.8,65.4,49.4
Ontario,5/15/2011,44.9,53.8,56,47.8
Ontario,5/16/2011,44.8,50.3,54.2,45
Ontario,5/17/2011,45.2,58.5,58.5,47.9
Ontario,5/18/2011,53.5,66.9,64.9,50
Ontario,5/19/2011,51.1,69.4,70.1,53
Ontario,5/20/2011,54.5,74.2,73.1,54.3
Ontario,5/21/2011,57.2,75.7,73.1,56.2
Ontario,5/22/2011,57,69.5,73.8,57.5
Ontario,5/23/2011,58.2,76,71.4,54.8
Ontario,5/24/2011,49.1,68.6,68.8,51.3
Ontario,5/25/2011,46.6,61.9,67,48.7
Ontario,5/26/2011,50.4,70.6,63.6,49.7
Ontario,5/27/2011,52,58.4,66.3,51.5
Ontario,5/28/2011,52,69.8,67.7,53.5
Ontario,5/29/2011,56.5,75,74,56.5
Ontario,5/30/2011,61.1,77.1,79.2,59.3
Ontario,5/31/2011,60.2,85.6,81,58.7
Ontario,6/1/2011,54.9,80.3,77.8,54.6
Ontario,6/2/2011,48.6,67.4,73.7,50.2
Ontario,6/3/2011,47,73.6,68.4,48.6
Ontario,6/4/2011,50.2,64.3,72.4,49.4
Ontario,6/5/2011,50.9,79.3,74.3,52.1
Ontario,6/6/2011,55.1,79.2,81.1,54.9
Ontario,6/7/2011,58.6,84.7,85.1,59.6
Ontario,6/8/2011,65.1,91.3,85.5,59.9
Ontario,6/9/2011,56,80.4,80,57.7
Ontario,6/10/2011,51.9,68.5,72.2,55.3
Ontario,6/11/2011,58.2,67.8,67.3,55
Ontario,6/12/2011,55,65.6,66.2,54.6
Ontario,6/13/2011,50.6,65,66.3,52.9
Ontario,6/14/2011,53,68.4,71.7,52.1
Ontario,6/15/2011,52.6,81.8,76.3,54.9
Ontario,6/16/2011,59,78.7,79,57.3
Ontario,6/17/2011,60.2,76.5,79.2,59.2
Ontario,6/18/2011,58.3,82.4,76.7,57.6
Ontario,6/19/2011,54.2,71.1,76.6,55.8
Ontario,6/20/2011,54.9,76.3,75.4,56.8
Ontario,6/21/2011,61.3,78.9,76.5,59.6
Ontario,6/22/2011,62.6,74.5,76.1,62.5
Ontario,6/23/2011,63.8,75,73.6,62.7
Ontario,6/24/2011,61.9,71.4,72.7,61.9
Ontario,6/25/2011,60.1,71.6,72,60.7
Ontario,6/26/2011,60.2,72.9,73.7,59.3
Ontario,6/27/2011,57.5,76.7,77.1,59
Ontario,6/28/2011,59.4,81.7,77.5,57.8
Ontario,6/29/2011,56.6,74.1,77.5,56.4
Ontario,6/30/2011,53.2,76.7,76.4,54.8
Ontario,7/1/2011,54.6,78.5,78.9,56.4
Ontario,7/2/2011,61.6,81.5,81.4,59.8
Ontario,7/3/2011,63.2,84.2,83,60.7
Ontario,7/4/2011,57.5,83.3,84.6,59.5
Ontario,7/5/2011,58,86.4,84.8,60.1
Ontario,7/6/2011,64.8,84.7,82.7,61
Ontario,7/7/2011,60.2,77,81.2,61.7
Ontario,7/8/2011,60.2,82,78.9,60.5
Ontario,7/9/2011,61.3,77.6,82.4,62
Ontario,7/10/2011,64.5,87.7,85.5,65.8
Ontario,7/11/2011,71.4,91.2,89.2,67.2
Ontario,7/12/2011,65.6,88.6,86.5,66.1
Ontario,7/13/2011,61.2,79.7,82.8,61.8
Ontario,7/14/2011,58.7,80.1,80.6,59
Ontario,7/15/2011,57.1,82.1,83.2,58.8
Ontario,7/16/2011,60.7,87.4,87.7,61.9
Ontario,7/17/2011,67.9,93.7,91,67.2
Ontario,7/18/2011,73,91.7,89.8,69.9
Ontario,7/19/2011,68.8,84,90.2,69.3
Ontario,7/20/2011,66,94.7,92.5,70.7
Ontario,7/21/2011,77.3,98.8,94.3,71.4
Ontario,7/22/2011,70.9,89.5,93.5,72.6
Ontario,7/23/2011,69.5,92.3,87.3,69.5
Ontario,7/24/2011,68,80.3,85.5,66.4
Ontario,7/25/2011,61.7,83.9,81.2,64.2
Ontario,7/26/2011,62.8,79.3,81.1,61.5
Ontario,7/27/2011,60.2,80,78.7,62.8
Ontario,7/28/2011,65.3,76.9,81.4,64.4
Ontario,7/29/2011,67.8,87.4,83.5,65.4
Ontario,7/30/2011,63.2,86.2,87.7,64.9
Ontario,7/31/2011,63.6,89.4,88.3,64.4
Ontario,8/1/2011,66.3,89.3,88.6,65
Ontario,8/2/2011,65,87,83.7,64.5
Ontario,8/3/2011,62.1,74.9,80.7,62.8
Ontario,8/4/2011,61.4,80.2,79.2,61.7
Ontario,8/5/2011,61.7,82.4,82.9,63
Ontario,8/6/2011,65.7,86,84.4,65.3
Ontario,8/7/2011,68.4,85,83.7,66.7
Ontario,8/8/2011,65.9,80.2,80.5,65.8
Ontario,8/9/2011,63,76.2,77.7,62.4
Ontario,8/10/2011,58.2,76.8,76.8,58.4
Ontario,8/11/2011,54.1,77.4,78.3,56.7
Ontario,8/12/2011,57.6,80.9,79.8,57.7
Ontario,8/13/2011,61.5,81.2,80,60.9
Ontario,8/14/2011,63.6,78.1,79.8,62.9
Ontario,8/15/2011,63.7,80,80.3,62.8
Ontario,8/16/2011,61.2,82.9,82.1,62
Ontario,8/17/2011,61.1,83.3,84.2,61.7
Ontario,8/18/2011,62.7,86.3,84.7,61.2
Ontario,8/19/2011,59.7,84.4,85.5,62.4
Ontario,8/20/2011,64.9,85.6,81.5,60.7
Ontario,8/21/2011,57.5,74.3,77.8,59.4
Ontario,8/22/2011,55.9,73.5,76,55.9
Ontario,8/23/2011,54.3,80.1,78.5,58.2
Ontario,8/24/2011,64.6,81.9,80.3,61.2
Ontario,8/25/2011,64.8,78.8,78.3,63.5
Ontario,8/26/2011,61,74.1,77.3,61
Ontario,8/27/2011,57.1,79.1,74.7,58.2
Ontario,8/28/2011,56.5,70.9,75.7,55.4
Ontario,8/29/2011,52.5,77,76.3,55
Ontario,8/30/2011,55.9,81,78.4,56.4
Ontario,8/31/2011,60.9,77.2,79,59.9
Ontario,9/1/2011,62.8,78.9,80,62
Ontario,9/2/2011,62.3,84,82.9,63.9
Ontario,9/3/2011,66.7,85.9,83.1,63.9
Ontario,9/4/2011,62.7,79.3,76.5,61.4
Ontario,9/5/2011,54.8,64.3,69.8,56.4
Ontario,9/6/2011,51.7,65.9,65.5,54.6
Ontario,9/7/2011,57.4,66.5,66.9,56.4
Ontario,9/8/2011,60,68.3,70.9,58.1
Ontario,9/9/2011,56.9,77.8,73.3,57.6
Ontario,9/10/2011,56.1,73.6,75.9,54.9
Ontario,9/11/2011,51.8,76.2,77.5,56.2
Ontario,9/12/2011,60.7,82.6,80.1,54.6
Ontario,9/13/2011,51.3,81.4,78.4,53
Ontario,9/14/2011,46.9,71.2,71,47.4
Ontario,9/15/2011,44.1,60.3,64.1,44.3
Ontario,9/16/2011,42,60.7,61.1,43.1
Ontario,9/17/2011,43.3,62.2,63.2,42.8
Ontario,9/18/2011,43.2,66.7,64.5,46.7
Ontario,9/19/2011,53.7,64.6,67.1,49.4
Ontario,9/20/2011,51.3,70.1,68.9,53.5
Ontario,9/21/2011,55.5,72,72.2,55.2
Ontario,9/22/2011,58.8,74.5,71.4,56.9
Ontario,9/23/2011,56.4,67.8,71,56.3
Ontario,9/24/2011,53.6,70.6,70.8,55.2
Ontario,9/25/2011,55.5,73.8,73.6,57
Ontario,9/26/2011,61.9,76.3,74.9,58.8
Ontario,9/27/2011,59,74.7,74.4,59.4
Ontario,9/28/2011,57.4,72.3,71.2,57.6
Ontario,9/29/2011,56.3,66.5,67.7,53.9
Ontario,9/30/2011,47.9,64.4,61.7,48.2
Ontario,10/1/2011,40.3,54.2,56.3,42.8
Ontario,10/2/2011,40.2,50.3,54.3,43.3
Ontario,10/3/2011,49.2,58.3,58.2,45.9
Ontario,10/4/2011,48.3,65.9,62.9,46.8
Ontario,10/5/2011,42.7,64.6,63.8,43.3
Ontario,10/6/2011,38.8,60.9,65.5,41.2
Ontario,10/7/2011,42.1,71.2,69.3,43.3
Ontario,10/8/2011,49.1,75.7,75.9,47.2
Ontario,10/9/2011,50.3,80.9,77.6,50.6
Ontario,10/10/2011,52.3,76.3,76.4,51
Ontario,10/11/2011,50.4,72.1,71.1,51.8
Ontario,10/12/2011,52.6,64.9,67.5,52.7
Ontario,10/13/2011,55.2,65.6,65,52.4
Ontario,10/14/2011,49.4,64.6,61,50.5
Ontario,10/15/2011,46.9,52.8,57.3,46.4
Ontario,10/16/2011,42.8,54.6,54.1,44
Ontario,10/17/2011,42.2,55,55.4,42.6
Ontario,10/18/2011,42.9,56.7,55.4,43.8
Ontario,10/19/2011,46.2,54.6,55.6,44.7
Ontario,10/20/2011,45.1,55.4,53.8,44.8
Ontario,10/21/2011,43.1,51.5,51.8,42.7
Ontario,10/22/2011,39.8,48.7,52.1,39.2
Ontario,10/23/2011,34.7,56,54.7,37.6
Ontario,10/24/2011,38.4,59.3,56.3,36.7
Ontario,10/25/2011,36.9,53.4,52.8,37.6
Ontario,10/26/2011,37.5,45.6,46.5,34.8
Ontario,10/27/2011,30,40.3,44.5,31.8
Ontario,10/28/2011,28,47.4,44.8,29.8
Ontario,10/29/2011,31.4,46.8,48,29.4
Ontario,10/30/2011,28.7,49.8,49.3,32.6
Ontario,10/31/2011,37.6,51.3,52.2,34.2
Ontario,11/1/2011,36.2,55.4,57.1,38.4
Ontario,11/2/2011,41.3,64.6,57.7,37.4
Ontario,11/3/2011,34.8,53.2,54.9,35.6
Ontario,11/4/2011,30.5,46.8,48.5,31.5
Ontario,11/5/2011,29.3,45.5,49.9,29
Ontario,11/6/2011,27.1,57.3,55.2,34.1
Ontario,11/7/2011,45.8,62.8,58.7,39.6
Ontario,11/8/2011,46,56.1,59.3,45.2
Ontario,11/9/2011,43.7,58.9,55.1,40.8
Ontario,11/10/2011,32.5,50.2,50.6,36
Ontario,11/11/2011,31.6,42.8,48.9,33.5
Ontario,11/12/2011,36.3,53.7,52.8,37.8
Ontario,11/13/2011,45.5,61.9,59.5,41.9
Ontario,11/14/2011,44,63,60,42.6
Ontario,11/15/2011,38.4,55.2,57.1,38.4
Ontario,11/16/2011,32.8,53,49.9,33.5
Ontario,11/17/2011,29.4,41.4,46.2,30.2
Ontario,11/18/2011,28.3,44.2,46.5,31.9
Ontario,11/19/2011,38,53.9,51.5,32.6
Ontario,11/20/2011,31.5,56.5,48.8,31.3
Ontario,11/21/2011,24.4,36.2,42.4,26.5
Ontario,11/22/2011,23.5,34.5,38.3,26.2
Ontario,11/23/2011,30.5,44,41.2,27.5
Ontario,11/24/2011,28.4,45.1,49.3,33
Ontario,11/25/2011,40.1,58.6,52.6,37.6
Ontario,11/26/2011,44.4,54.1,55.9,41.4
Ontario,11/27/2011,39.8,55,51.6,40.6
Ontario,11/28/2011,37.5,45.7,48.7,38
Ontario,11/29/2011,36.8,45.3,44.3,35.4
Ontario,11/30/2011,31.8,41.8,43.5,32.4
Ontario,12/1/2011,28.6,43.5,41.8,29.7
Ontario,12/2/2011,28.6,40.1,41.9,27.1
Ontario,12/3/2011,24.1,42.2,44.2,30.2
Ontario,12/4/2011,38,50.4,47.4,32.1
Ontario,12/5/2011,34.3,49.7,45.9,34.6
Ontario,12/6/2011,31.5,37.6,40.8,31.6
Ontario,12/7/2011,29,35,36.8,30.3
Ontario,12/8/2011,30.4,37.9,36.8,27.2
Ontario,12/9/2011,22.3,37.6,34.8,24
Ontario,12/10/2011,19.4,28.9,35.3,21.3
Ontario,12/11/2011,22.3,39.4,37.5,23.2
Ontario,12/12/2011,28,44.2,43.7,25.9
Ontario,12/13/2011,27.3,47.5,47.1,30.1
Ontario,12/14/2011,34.9,49.5,51.3,32.8
Ontario,12/15/2011,36.1,56.8,49.2,33.6
Ontario,12/16/2011,29.7,41.2,42.6,27.7
Ontario,12/17/2011,17.2,29.8,35.5,22.5
Ontario,12/18/2011,20.5,35.6,36.6,23.1
Ontario,12/19/2011,31.6,44.2,37.6,24.7
Ontario,12/20/2011,21.9,32.9,39.5,27.4
Ontario,12/21/2011,28.6,41.2,38.5,27.8
Ontario,12/22/2011,32.9,41.5,39.1,25.7
Ontario,12/23/2011,15.7,34.5,35.2,20.4
Ontario,12/24/2011,12.7,29.7,34.7,18.3
Ontario,12/25/2011,26.6,39.8,35.9,23
Ontario,12/26/2011,29.6,38.2,39,28.6
Ontario,12/27/2011,29.7,39,37.9,23.2
Ontario,12/28/2011,10.2,36.5,34.4,16.1
Ontario,12/29/2011,8.4,27.6,32.1,13.5
Ontario,12/30/2011,21.9,32.4,32.1,20.8
Ontario,12/31/2011,32,36.4,37.7,28.6
Ontario,1/1/2012,32,44.3,38.3,25.5
Ontario,1/2/2012,12.4,34.1,30.3,15.5
Ontario,1/3/2012,2,12.4,25.4,7.3
Ontario,1/4/2012,7.4,29.7,25.1,11.7
Ontario,1/5/2012,25.6,33.3,36.2,20.9
Ontario,1/6/2012,29.6,45.7,41.3,29.2
Ontario,1/7/2012,32.4,44.8,41.2,27.6
Ontario,1/8/2012,20.8,33.1,39.1,25.5
Ontario,1/9/2012,23.4,39.4,37.7,24.9
Ontario,1/10/2012,30.4,40.5,40,27.4
Ontario,1/11/2012,28.4,40.1,40,30.3
Ontario,1/12/2012,32.3,39.4,39.6,26.5
Ontario,1/13/2012,19,39.4,32.7,18
Ontario,1/14/2012,2.7,19.3,25.4,7.3
Ontario,1/15/2012,0.4,17.4,24.8,5.6
Ontario,1/16/2012,13.7,37.8,34.5,13.2
Ontario,1/17/2012,25.4,48.2,38.1,17.8
Ontario,1/18/2012,14.4,28.2,35.1,16.1
Ontario,1/19/2012,8.5,28.9,26,10.4
Ontario,1/20/2012,8.2,20.8,24.4,9.4
Ontario,1/21/2012,11.3,23.6,25.9,10.4
Ontario,1/22/2012,11.5,33.3,34.4,17.7
Ontario,1/23/2012,30.3,46.3,38.7,23.8
Ontario,1/24/2012,29.6,36.4,37.8,28.8
Ontario,1/25/2012,26.5,30.8,34.1,27.1
Ontario,1/26/2012,25.1,35.1,35,26.9
Ontario,1/27/2012,29.1,39.3,36.9,27
Ontario,1/28/2012,26.8,36.4,36.6,25.5
Ontario,1/29/2012,20.5,34.1,33.4,22.6
Ontario,1/30/2012,20.4,29.6,37,22.2
Ontario,1/31/2012,25.8,47.4,41.4,26.1
Ontario,2/1/2012,32.1,47.4,42.5,27.7
Ontario,2/2/2012,25.2,32.8,38.6,27.5
Ontario,2/3/2012,25.1,35.7,34.6,23.9
Ontario,2/4/2012,21.6,35.3,36.4,23
Ontario,2/5/2012,22.5,38.2,39.7,24.5
Ontario,2/6/2012,29.4,45.5,40,22.8
Ontario,2/7/2012,16.5,36.3,39.1,20.3
Ontario,2/8/2012,14.9,35.3,37.7,17.4
Ontario,2/9/2012,20.7,41.6,36.9,17.7
Ontario,2/10/2012,17.5,33.8,32,14.8
Ontario,2/11/2012,6.1,20.7,26.3,12
Ontario,2/12/2012,12.3,24.3,26.1,12.7
Ontario,2/13/2012,19.6,33.2,30.7,19.6
Ontario,2/14/2012,27,34.7,35.6,25.5
Ontario,2/15/2012,29.9,38.9,38.4,29.8
Ontario,2/16/2012,32.5,41.7,40,30.7
Ontario,2/17/2012,29.6,39.4,39.3,28.7
Ontario,2/18/2012,23.9,36.8,35.5,24.1
Ontario,2/19/2012,18.9,30.3,34.1,19.6
Ontario,2/20/2012,15.9,35.3,35.2,19.9
Ontario,2/21/2012,24.9,39.9,39.7,24.2
Ontario,2/22/2012,31.9,43.9,42.1,29
Ontario,2/23/2012,30.3,42.5,42.2,30.7
Ontario,2/24/2012,30,40.1,38.2,27.2
Ontario,2/25/2012,21.4,31.9,34,22.6
Ontario,2/26/2012,16.3,29.9,36.1,20.8
Ontario,2/27/2012,24.7,46.5,37.4,21.5
Ontario,2/28/2012,23.4,35.7,38.9,24.5
Ontario,2/29/2012,25.3,34.5,36.4,26.1
Ontario,3/1/2012,29.5,38.8,38.6,28.6
Ontario,3/2/2012,30.9,42.5,42.9,29.7
Ontario,3/3/2012,28.6,47.5,40.2,23.2
Ontario,3/4/2012,10.1,30.6,34.6,14.7
Ontario,3/5/2012,5.5,25.5,31.4,9.1
Ontario,3/6/2012,11.7,37.9,41.5,16.6
Ontario,3/7/2012,32.5,60.9,52.9,24.5
Ontario,3/8/2012,29.4,59.9,52.5,27.3
Ontario,3/9/2012,19.9,36.8,44.1,21.3
Ontario,3/10/2012,14.5,35.5,44.7,22.2
Ontario,3/11/2012,32.2,61.7,50.8,27.4
Ontario,3/12/2012,35.3,55.2,59.9,34.8
Ontario,3/13/2012,36.8,62.7,59.7,34.9
Ontario,3/14/2012,32.6,61.2,61.6,36.6
Ontario,3/15/2012,40.3,61,61.6,38.4
Ontario,3/16/2012,42.4,62.6,58.9,41.2
Ontario,3/17/2012,40.9,53.2,61.5,42.4
Ontario,3/18/2012,43.9,68.8,65.1,43.8
Ontario,3/19/2012,46.5,73.3,71.4,45.5
Ontario,3/20/2012,46,72.2,73.4,46.8
Ontario,3/21/2012,47.9,74.7,75.1,47.5
Ontario,3/22/2012,48.6,78.4,71.8,49
Ontario,3/23/2012,50.4,62.5,64.7,46.9
Ontario,3/24/2012,41.6,53.2,60,43.7
Ontario,3/25/2012,39.2,64.4,52.6,35.7
Ontario,3/26/2012,26.2,40.3,48.1,29
Ontario,3/27/2012,21.6,39.6,47.6,28.4
Ontario,3/28/2012,37.4,62.7,47,29.6
Ontario,3/29/2012,29.6,38.8,47.1,30.6
Ontario,3/30/2012,24.9,39.9,41.9,28.1
Ontario,3/31/2012,29.8,47.1,43.6,28.8
Ontario,4/1/2012,31.8,43.8,48,31.4
Ontario,4/2/2012,32.7,53.1,49.8,31.4
Ontario,4/3/2012,29.7,52.6,52.8,32.2
Ontario,4/4/2012,34.2,52.7,50.7,31.7
Ontario,4/5/2012,31.3,46.7,50.6,32.5
Ontario,4/6/2012,32,52.4,52.2,31.8
Ontario,4/7/2012,32,57.4,55.5,32.2
Ontario,4/8/2012,32.6,56.8,55.8,33.7
Ontario,4/9/2012,36.6,53.2,52.5,35.2
Ontario,4/10/2012,36.3,47.4,50.8,36.3
Ontario,4/11/2012,36,51.8,50.9,35.6
Ontario,4/12/2012,34.6,53.6,55.5,34.2
Ontario,4/13/2012,32,61,58.6,35
Ontario,4/14/2012,38.4,61.2,63.4,40.7
Ontario,4/15/2012,51.8,68.1,70,45.8
Ontario,4/16/2012,47.2,80.6,68,43.8
Ontario,4/17/2012,32.5,55.3,62,35.9
Ontario,4/18/2012,28,50.2,59.9,32.6
Ontario,4/19/2012,37.3,74.3,63.3,35
Ontario,4/20/2012,39.9,65.5,62.4,38.1
Ontario,4/21/2012,37.2,47.5,53.7,38.1
Ontario,4/22/2012,37.3,48.1,47.8,36.5
Ontario,4/23/2012,35.1,47.7,47.6,36
Ontario,4/24/2012,35.5,47,50.3,35
Ontario,4/25/2012,34.5,56.3,52.2,35.2
Ontario,4/26/2012,35.6,53.2,52.5,33.8
Ontario,4/27/2012,31.3,48,50,31.5
Ontario,4/28/2012,27.7,49,50.9,29.4
Ontario,4/29/2012,29.3,55.9,51.8,29.4
Ontario,4/30/2012,31.3,50.4,54,34.4
Ontario,5/1/2012,42.5,55.7,55.7,39.2
Ontario,5/2/2012,43.7,60.9,61.6,45.4
Ontario,5/3/2012,49.8,68.2,66,48.6
Ontario,5/4/2012,52.4,68.9,65.1,49
Ontario,5/5/2012,44.7,58.1,63.5,45.6
Ontario,5/6/2012,39.6,63.4,61,44.6
Ontario,5/7/2012,49.5,61.5,62.5,46.9
Ontario,5/8/2012,51.7,62.5,63.9,49.4
Ontario,5/9/2012,47.1,67.6,63.5,47.6
Ontario,5/10/2012,44,60.3,65.9,45
Ontario,5/11/2012,43.9,69.8,69.4,44.8
Ontario,5/12/2012,46.4,78,71.4,47.2
Ontario,5/13/2012,51.3,66.5,72.2,48.9
Ontario,5/14/2012,49.1,72.3,70.9,50.4
Ontario,5/15/2012,50.7,74.1,70.5,47.6
Ontario,5/16/2012,42.9,65.2,67.1,44
Ontario,5/17/2012,38.3,62.1,65.5,42.6
Ontario,5/18/2012,46.7,69.2,70.8,44.5
Ontario,5/19/2012,48.6,81.2,77.6,50.2
Ontario,5/20/2012,55.5,82.5,81.2,54.1
Ontario,5/21/2012,58.1,80,79.6,56.8
Ontario,5/22/2012,56.8,76.3,77,58.3
Ontario,5/23/2012,60.2,74.9,77,58.7
Ontario,5/24/2012,59.1,79.7,80.4,61.7
Ontario,5/25/2012,65.9,86.5,81.6,61.4
Ontario,5/26/2012,59.2,78.5,80.6,60.4
Ontario,5/27/2012,56.1,76.8,80.4,58.2
Ontario,5/28/2012,59.3,86,81.8,59.5
Ontario,5/29/2012,63,82.7,81.1,58.5
Ontario,5/30/2012,53,74.5,74.6,54.2
Ontario,5/31/2012,46.5,66.5,67.4,50.1
Ontario,6/1/2012,50.7,61.3,63.5,49.7
Ontario,6/2/2012,51.7,62.7,62.8,51.4
Ontario,6/3/2012,51.7,64.5,62.8,51.1
Ontario,6/4/2012,49.8,61.2,65,49.8
Ontario,6/5/2012,48,69.3,68.4,50.5
Ontario,6/6/2012,53.8,74.8,73.8,51.5
Ontario,6/7/2012,52.6,77.2,77.5,54.1
Ontario,6/8/2012,56,80.3,77.9,56.4
Ontario,6/9/2012,60.7,76,80.2,57.9
Ontario,6/10/2012,57.2,84.2,81.5,60.1
Ontario,6/11/2012,62.4,84.2,83.7,57.4
Ontario,6/12/2012,52.6,82.6,78.7,55
Ontario,6/13/2012,50,69.3,74.7,51.3
Ontario,6/14/2012,51.2,72.3,73.6,51.8
Ontario,6/15/2012,54.1,79.3,78.1,55
Ontario,6/16/2012,59.5,82.7,80.4,59.3
Ontario,6/17/2012,64.1,79.1,81.2,63
Ontario,6/18/2012,65.5,81.7,83.7,65.3
Ontario,6/19/2012,66.2,90.2,88.3,68.9
Ontario,6/20/2012,74.9,93.2,92.2,70.2
Ontario,6/21/2012,69.6,93.2,89.1,68.9
Ontario,6/22/2012,62.1,80.9,84.3,63.2
Ontario,6/23/2012,57.9,78.9,79.3,60
Ontario,6/24/2012,60,78,75.5,58.4
Ontario,6/25/2012,57.4,69.6,75,57.5
Ontario,6/26/2012,55.2,77.4,74.4,57
Ontario,6/27/2012,58.4,76.2,79.6,58.8
Ontario,6/28/2012,62.7,85.1,83.8,62.3
Ontario,6/29/2012,65.8,90,88.9,64.5
Ontario,6/30/2012,64.8,91.5,89.4,65.2
Ontario,7/1/2012,64.9,86.5,88.3,63.3
Ontario,7/2/2012,60.2,86.7,85,62.9
Ontario,7/3/2012,63.7,81.6,87.6,63.8
Ontario,7/4/2012,67.6,94.4,85.7,66
Ontario,7/5/2012,66.8,81,90.1,67.7
Ontario,7/6/2012,68.6,95,86,67.8
Ontario,7/7/2012,68,82.2,85.8,65.9
Ontario,7/8/2012,61.2,80.2,80.6,62.5
Ontario,7/9/2012,58.2,79.4,80.3,60
Ontario,7/10/2012,60.6,81.4,81.6,59.2
Ontario,7/11/2012,58.7,84.2,84.8,59.6
Ontario,7/12/2012,59.3,88.8,87.6,61.1
Ontario,7/13/2012,65.2,89.8,88.9,64.6
Ontario,7/14/2012,69.4,88,88.8,68.1
Ontario,7/15/2012,69.5,88.5,88.9,69.2
Ontario,7/16/2012,68.7,90.3,91.4,69.7
Ontario,7/17/2012,70.9,95.4,89.2,67.7
Ontario,7/18/2012,63.3,81.9,83.6,65.6
Ontario,7/19/2012,62.6,73.6,77.9,61.8
Ontario,7/20/2012,59.5,78.1,78.9,59.4
Ontario,7/21/2012,56.2,84.9,83.6,60.7
Ontario,7/22/2012,66.3,87.7,88.8,63.9
Ontario,7/23/2012,69.2,93.8,87.3,66.6
Ontario,7/24/2012,64.3,80.5,85.3,64.4
Ontario,7/25/2012,59.8,81.6,81,62.7
Ontario,7/26/2012,64.1,80.7,80.5,63
Ontario,7/27/2012,65.1,79.2,80.8,64.4
Ontario,7/28/2012,64.1,82.4,81.8,63.7
Ontario,7/29/2012,61.8,83.7,83.8,62.5
Ontario,7/30/2012,61.6,85.1,84.8,62.2
Ontario,7/31/2012,63.3,85.6,84.2,63.3
Ontario,8/1/2012,65,81.9,83.8,63.4
Ontario,8/2/2012,61.8,83.9,84.1,64.9
Ontario,8/3/2012,68,86.4,86.6,66.3
Ontario,8/4/2012,69,89.6,86.8,67
Ontario,8/5/2012,64.1,84.3,84,63.6
Ontario,8/6/2012,57.9,78,82.4,60.2
Ontario,8/7/2012,58.6,85,82.2,60.7
Ontario,8/8/2012,65.7,83.8,80,62.9
Ontario,8/9/2012,64.4,71.3,76.5,64.9
Ontario,8/10/2012,64.5,74.5,72.6,63.8
Ontario,8/11/2012,62.5,72,74.9,62.8
Ontario,8/12/2012,61.4,78.1,77,62.9
Ontario,8/13/2012,64.8,81,77.5,62.9
Ontario,8/14/2012,62.5,73.4,77.5,62.1
Ontario,8/15/2012,59,78.2,77.2,60.3
Ontario,8/16/2012,59.5,80.1,78.3,57.9
Ontario,8/17/2012,55.1,76.5,76.1,55
Ontario,8/18/2012,50.3,71.6,74.9,53.3
Ontario,8/19/2012,54.5,76.6,74.6,52.9
Ontario,8/20/2012,54,75.5,76.7,53.8
Ontario,8/21/2012,52.8,77.8,78.2,54
Ontario,8/22/2012,55.1,81.4,81.2,55.9
Ontario,8/23/2012,59.8,84.4,83.5,58.1
Ontario,8/24/2012,59.5,84.6,85.4,60.5
Ontario,8/25/2012,62.1,87.2,85.2,62.4
Ontario,8/26/2012,65.6,83.8,83.5,64.4
Ontario,8/27/2012,65.5,79.6,80.3,62.7
Ontario,8/28/2012,57.1,77.5,77,58.5
Ontario,8/29/2012,53.1,73.9,78.8,55.3
Ontario,8/30/2012,55.6,85.1,82.7,57.6
Ontario,8/31/2012,64.1,89.1,84.8,59.7
Ontario,9/1/2012,59.4,80.2,83.3,60.7
Ontario,9/2/2012,58.7,80.8,81.6,58.3
Ontario,9/3/2012,56.9,83.8,80.1,59.5
Ontario,9/4/2012,62.9,75.7,79.5,60.8
Ontario,9/5/2012,62.7,79,78.9,62.7
Ontario,9/6/2012,62.6,81.9,79.8,61.8
Ontario,9/7/2012,60,78.4,77.1,59
Ontario,9/8/2012,54.5,70.9,72.6,55.2
Ontario,9/9/2012,51.1,68.7,69.3,51.4
Ontario,9/10/2012,48.6,68.4,70.8,49
Ontario,9/11/2012,47.4,75.3,74.9,50.7
Ontario,9/12/2012,56.2,81.1,80.1,54.1
Ontario,9/13/2012,58.8,83.8,77.9,55.5
Ontario,9/14/2012,51.7,68.8,72.9,52
Ontario,9/15/2012,45.6,66.1,67.5,47.2
Ontario,9/16/2012,44.4,67.6,69.4,47.4
Ontario,9/17/2012,52.3,74.6,69.9,47.5
Ontario,9/18/2012,45.8,67.5,67.5,46.9
Ontario,9/19/2012,42.5,60.3,64.1,46
Ontario,9/20/2012,49.5,64.3,64.5,48
Ontario,9/21/2012,51.9,69,66,49
Ontario,9/22/2012,45.5,64.6,64,46.3
Ontario,9/23/2012,41.6,58.5,60.9,41.8
Ontario,9/24/2012,38.2,59.6,63,44
Ontario,9/25/2012,52.3,71,65.2,45.2
Ontario,9/26/2012,45,65,65.6,45.9
Ontario,9/27/2012,40.4,60.8,63.4,42.1
Ontario,9/28/2012,40.9,64.4,62.8,43
Ontario,9/29/2012,47.6,63.2,63.4,45.5
Ontario,9/30/2012,47.9,62.5,63.5,48.9
Ontario,10/1/2012,51.1,64.9,65.1,50.2
Ontario,10/2/2012,51.5,67.8,66.4,53.4
Ontario,10/3/2012,57.8,66.5,69.3,55.2
Ontario,10/4/2012,56.5,73.5,68.7,54.5
Ontario,10/5/2012,49.3,66.2,64.5,49
Ontario,10/6/2012,41.3,53.9,55.9,41.9
Ontario,10/7/2012,35.1,47.8,52.2,36.9
Ontario,10/8/2012,34.5,54.8,53.3,36.1
Ontario,10/9/2012,38.7,57.3,55.4,37
Ontario,10/10/2012,37.8,54,55.1,37.8
Ontario,10/11/2012,37,54,51.8,36
Ontario,10/12/2012,33.3,47.3,49.9,32.5
Ontario,10/13/2012,27.3,48.3,54.6,35.2
Ontario,10/14/2012,44.8,68.2,60.9,37.9
Ontario,10/15/2012,41.6,66.3,62.4,41.1
Ontario,10/16/2012,37,52.8,60.7,39.2
Ontario,10/17/2012,39.1,62.9,60,40.7
Ontario,10/18/2012,46.2,64.1,61.6,43.6
Ontario,10/19/2012,45.6,57.8,59.1,45.7
Ontario,10/20/2012,45.3,55.4,57.5,45
Ontario,10/21/2012,43.9,59.3,59.8,43.9
Ontario,10/22/2012,42.5,64.7,59.2,43.6
Ontario,10/23/2012,44.5,53.6,57.4,43.9
Ontario,10/24/2012,44.7,54.1,58.2,45.4
Ontario,10/25/2012,47.1,66.8,62,45.1
Ontario,10/26/2012,43.5,65.1,60.5,44
Ontario,10/27/2012,41.5,49.5,53.3,41.7
Ontario,10/28/2012,40.2,45.2,46.5,40.2
Ontario,10/29/2012,38.8,44.9,49,40.5
Ontario,10/30/2012,42.5,56.8,50.4,41.7
Ontario,10/31/2012,43.7,49.7,51,41.8
Ontario,11/1/2012,39.3,46.4,45.7,39.8
Ontario,11/2/2012,36.5,41.1,43.3,36.8
Ontario,11/3/2012,34.6,42.4,40.1,34.5
Ontario,11/4/2012,32.4,36.8,37.9,30.9
Ontario,11/5/2012,25.8,34.6,36.3,27.4
Ontario,11/6/2012,24.1,37.5,38.1,25.1
Ontario,11/7/2012,25.3,42.3,40.9,25.2
Ontario,11/8/2012,26.1,42.9,44.6,28.4
Ontario,11/9/2012,33.8,48.4,46.2,31.9
Ontario,11/10/2012,35.7,47.1,53.1,36.6
Ontario,11/11/2012,40.4,63.8,59.6,37.3
Ontario,11/12/2012,35.9,68,58.4,36
Ontario,11/13/2012,31.8,43.3,51.5,32.9
Ontario,11/14/2012,31.2,43.3,42.8,30.4
Ontario,11/15/2012,28.4,41.9,44.6,28.4
Ontario,11/16/2012,25.5,48.6,46,28
Ontario,11/17/2012,30.1,47.4,48.4,28.1
Ontario,11/18/2012,28.7,49.1,48.1,29.6
Ontario,11/19/2012,30,48,48.3,30.5
Ontario,11/20/2012,32.9,48,48.8,31.6
Ontario,11/21/2012,31.9,50.3,52.2,33.1
Ontario,11/22/2012,34.6,58.4,54.9,32.6
Ontario,11/23/2012,31.4,56.1,50.9,31.2
Ontario,11/24/2012,27.5,38.1,43.5,28.9
Ontario,11/25/2012,27.7,36.3,36.8,26.8
Ontario,11/26/2012,25.3,35.9,36.1,25.9
Ontario,11/27/2012,24.5,36.2,36.5,24.4
Ontario,11/28/2012,23.4,37.4,38.9,23.9
Ontario,11/29/2012,23.7,43.2,36.6,21.5
Ontario,11/30/2012,17.6,29.1,36.9,20.2
Ontario,12/1/2012,19.3,38.5,39.9,25
Ontario,12/2/2012,38.2,52.2,46.2,31
Ontario,12/3/2012,35.6,47.8,53.4,37.3
Ontario,12/4/2012,38.1,60.3,50.3,32.2
Ontario,12/5/2012,23,42.8,46.3,27
Ontario,12/6/2012,19.9,35.9,40.8,24.4
Ontario,12/7/2012,30.3,43.6,40.2,26.7
Ontario,12/8/2012,30,41.1,41.2,28.6
Ontario,12/9/2012,25.6,39,40.5,27.7
Ontario,12/10/2012,27.5,41.3,37.5,24.9
Ontario,12/11/2012,21.5,32.1,37.3,24.9
Ontario,12/12/2012,25.6,38.5,37.8,24.5
Ontario,12/13/2012,26.3,42.9,41.4,26.1
Ontario,12/14/2012,26.5,42.9,39.9,24.7
Ontario,12/15/2012,21.3,34,40.3,26.2
Ontario,12/16/2012,30.9,44.1,41.1,30.3
Ontario,12/17/2012,38.7,45.2,44.1,34
Ontario,12/18/2012,32.5,43.2,43.3,33.6
Ontario,12/19/2012,29.7,41.7,41.9,30.2
Ontario,12/20/2012,28.4,40.8,41.9,29.5
Ontario,12/21/2012,30.5,43.1,39.6,28
Ontario,12/22/2012,25.2,34.9,37.5,27.1
Ontario,12/23/2012,25.6,34.4,33.7,23.7
Ontario,12/24/2012,20.2,31.9,32.6,23.5
Ontario,12/25/2012,24.7,31.4,30.8,20.7
Ontario,12/26/2012,17.3,29,29,20.5
Ontario,12/27/2012,19.5,26.7,27.4,19.1
Ontario,12/28/2012,20.5,26.4,26.1,20.4
Ontario,12/29/2012,21.3,25.2,26.3,19.5
Ontario,12/30/2012,16.7,27.1,28.5,19.2
Ontario,12/31/2012,19.6,33.2,29.7,16
Ontario,1/1/2013,11.8,28.8,28.6,15
Ontario,1/2/2013,13.5,23.7,26.4,12.7
Ontario,1/3/2013,12.8,26.7,27.5,17.1
Ontario,1/4/2013,24.9,32.2,31,20.7
Ontario,1/5/2013,24.5,34,33.6,23.2
Ontario,1/6/2013,20.1,34.5,33.2,19.2
Ontario,1/7/2013,12.8,31,34,18.6
Ontario,1/8/2013,23,36.3,36.8,21.7
Ontario,1/9/2013,29.3,42.9,40.5,26.9
Ontario,1/10/2013,28.4,42.3,43.7,30.1
Ontario,1/11/2013,32.6,45.9,48.2,33.4
Ontario,1/12/2013,39.2,56.4,53.2,36.9
Ontario,1/13/2013,39,57.2,51.9,34.2
Ontario,1/14/2013,24.4,42.1,44.1,28.6
Ontario,1/15/2013,22.5,33,37.4,23.8
Ontario,1/16/2013,24.5,37.1,34.6,19.1
Ontario,1/17/2013,10.3,33.6,33.4,13.1
Ontario,1/18/2013,4.5,29.6,35.4,14.6
Ontario,1/19/2013,28.9,43.1,38.7,15.7
Ontario,1/20/2013,13.8,43.4,35.6,16.7
Ontario,1/21/2013,7.6,20.5,24.4,7.1
Ontario,1/22/2013,-0.2,9.3,13.7,0.1
Ontario,1/23/2013,-7,11.2,10.2,-2
Ontario,1/24/2013,1.2,10.1,12.4,-0.6
Ontario,1/25/2013,3.9,15.7,16.6,4.7
Ontario,1/26/2013,8.9,24.1,22.1,6.6
Ontario,1/27/2013,6.8,26.6,28.4,12.8
Ontario,1/28/2013,22.5,34.6,34.5,19.6
Ontario,1/29/2013,29.4,42.4,44.6,31
Ontario,1/30/2013,41,56.8,48.1,29.8
Ontario,1/31/2013,18.8,45.2,40.4,24.1
Ontario,2/1/2013,12.4,19.1,28.4,13.4
Ontario,2/2/2013,8.8,21,21.2,9.3
Ontario,2/3/2013,6.7,23.6,22.4,7.9
Ontario,2/4/2013,8.2,22.7,23.3,7.3
Ontario,2/5/2013,7.1,23.6,24,10.1
Ontario,2/6/2013,15.1,25.6,24.7,12.4
Ontario,2/7/2013,15.1,25.1,23.8,14.2
Ontario,2/8/2013,12.6,20.8,23.1,12.1
Ontario,2/9/2013,8.6,23.4,25.9,7.1
Ontario,2/10/2013,0.2,33.5,33.3,12.4
Ontario,2/11/2013,28.5,43.1,37.3,19.6
Ontario,2/12/2013,30,35.3,37.3,26.8
Ontario,2/13/2013,21.9,33.4,34.8,25
Ontario,2/14/2013,23.1,35.7,35.2,21.1
Ontario,2/15/2013,18.4,36.5,33,17.9
Ontario,2/16/2013,12.3,26.7,25.8,10.4
Ontario,2/17/2013,0.7,14.3,23.8,5.1
Ontario,2/18/2013,2.5,30.5,28.3,7.1
Ontario,2/19/2013,18.2,40.1,31.5,12.7
Ontario,2/20/2013,17.5,23.9,29.8,14.4
Ontario,2/21/2013,7.7,25.4,27.7,13
Ontario,2/22/2013,13.8,33.8,31.8,16.1
Ontario,2/23/2013,26.7,36.2,35.1,22.7
Ontario,2/24/2013,27.6,35.4,35.7,27.9
Ontario,2/25/2013,29.3,35.5,36.7,28.7
Ontario,2/26/2013,29.1,39,36.8,30
Ontario,2/27/2013,31.5,35.9,37.3,29.7
Ontario,2/28/2013,28.6,37,33.9,27.2
Ontario,3/1/2013,21.4,29,30.9,22.7
Ontario,3/2/2013,18.1,26.7,27,19.2
Ontario,3/3/2013,18,25.4,26.8,17.8
Ontario,3/4/2013,17.3,28.2,28.4,17.4
Ontario,3/5/2013,17.1,31.7,33.3,20.7
Ontario,3/6/2013,27.9,40,36.6,25.7
Ontario,3/7/2013,32.2,38.3,39.9,29.6
Ontario,3/8/2013,28.7,41.3,41.1,28.5
Ontario,3/9/2013,24.7,43.7,47,28.8
Ontario,3/10/2013,32.9,56,49.6,32.6
Ontario,3/11/2013,40.1,49.1,49.2,35.1
Ontario,3/12/2013,32.3,42.4,42.8,31
Ontario,3/13/2013,20.8,37,37.3,22.5
Ontario,3/14/2013,14.3,32.6,36.7,19.6
Ontario,3/15/2013,23.6,40.5,33.6,18.7
Ontario,3/16/2013,18.3,27.8,32.4,18.9
Ontario,3/17/2013,14.9,28.8,30.1,16.4
Ontario,3/18/2013,15.9,33.6,32.4,18.1
Ontario,3/19/2013,23.7,34.9,33,19.3
Ontario,3/20/2013,18.3,30.5,32.5,19.3
Ontario,3/21/2013,16,32,32.4,18.9
Ontario,3/22/2013,22.3,34.9,35.8,21.5
Ontario,3/23/2013,26.1,40.5,38,23.7
Ontario,3/24/2013,22.7,38.8,41,26.5
Ontario,3/25/2013,30.8,43.6,43.5,28.2
Ontario,3/26/2013,31.1,48.2,45.4,30.9
Ontario,3/27/2013,30.7,44.3,45.7,31.4
Ontario,3/28/2013,32.5,44.6,46.7,32.2
Ontario,3/29/2013,33.4,51.2,49.1,31
Ontario,3/30/2013,27.2,51.5,52.2,31.8
Ontario,3/31/2013,34.7,53.9,49.3,28.6
Ontario,4/1/2013,23.8,42.6,44.1,26.4
Ontario,4/2/2013,20.8,35.7,38.2,22
Ontario,4/3/2013,21.4,36.3,41.4,21.8
Ontario,4/4/2013,23,52.2,43.8,23.3
Ontario,4/5/2013,25.5,42.9,45.1,23.1
Ontario,4/6/2013,20.8,40.1,48.7,27.2
Ontario,4/7/2013,35.3,63,50.9,31.3
Ontario,4/8/2013,37.7,49.6,55.4,37.1
Ontario,4/9/2013,38.4,53.6,49.4,37.8
Ontario,4/10/2013,37.4,45.1,46.2,35
Ontario,4/11/2013,29.3,39.8,42.2,32.7
Ontario,4/12/2013,31.3,41.8,41.8,31.7
Ontario,4/13/2013,34.5,43.7,44,32.1
Ontario,4/14/2013,30.5,46.6,48.6,33.9
Ontario,4/15/2013,36.8,55.6,53.8,35.5
Ontario,4/16/2013,39.3,59.3,55.7,36.6
Ontario,4/17/2013,33.8,52.2,60.4,37.5
Ontario,4/18/2013,39.5,69.8,63,38
Ontario,4/19/2013,40.8,67.2,59.7,36
Ontario,4/20/2013,27.6,42,50.5,31.1
Ontario,4/21/2013,24.9,42.2,46.5,28.2
Ontario,4/22/2013,32.1,55.2,50.9,31.4
Ontario,4/23/2013,37.1,55.4,56.5,34.2
Ontario,4/24/2013,33.3,58.9,55.5,33.7
Ontario,4/25/2013,30.8,52.1,55.5,31.5
Ontario,4/26/2013,30.3,55.6,56.8,33.6
Ontario,4/27/2013,39.7,62.8,62.1,36.4
Ontario,4/28/2013,39.2,67.9,63.1,42.1
Ontario,4/29/2013,47.4,58.4,65.1,45.4
Ontario,4/30/2013,49.7,68.9,66.7,49.9
Ontario,5/1/2013,52.7,72.8,71.7,50.7
Ontario,5/2/2013,49.6,73.5,73.1,50.9
Ontario,5/3/2013,50.3,73,72.4,49.8
Ontario,5/4/2013,49.4,70.7,72.7,49.6
Ontario,5/5/2013,49.1,74.5,72.5,49.3
Ontario,5/6/2013,49.4,72.3,74.5,48.7
Ontario,5/7/2013,47.6,76.6,74.5,49.7
Ontario,5/8/2013,52,74.7,75.8,51
Ontario,5/9/2013,53.5,76,71.8,51
Ontario,5/10/2013,47.5,64.7,67.5,47.8
Ontario,5/11/2013,42.4,61.9,58.9,42
Ontario,5/12/2013,36.1,50.1,54.4,37.6
Ontario,5/13/2013,34.3,51.2,52,34.7
Ontario,5/14/2013,33.8,54.7,60.6,37.1
Ontario,5/15/2013,43.1,76,67.5,41.3
Ontario,5/16/2013,47.1,71.7,70.2,44.4
Ontario,5/17/2013,42.9,62.8,68,45.9
Ontario,5/18/2013,47.6,69.5,68.9,47.4
Ontario,5/19/2013,51.6,74.4,74.5,51.8
Ontario,5/20/2013,56.3,79.5,75.9,54.9
Ontario,5/21/2013,56.9,73.8,76.7,56.8
Ontario,5/22/2013,57.2,76.6,74.8,52
Ontario,5/23/2013,41.8,73.8,68.1,46.2
Ontario,5/24/2013,39.5,53.8,61.1,40
Ontario,5/25/2013,38.8,55.7,56.9,40.3
Ontario,5/26/2013,42.5,61.2,62.2,40.7
Ontario,5/27/2013,40.7,69.7,64.4,43.8
Ontario,5/28/2013,48.2,62.2,70.1,48.5
Ontario,5/29/2013,56.7,78.3,75.5,56.4
Ontario,5/30/2013,64.4,85.9,83.5,62.5
Ontario,5/31/2013,66.4,86.2,84.6,65.2
Ontario,6/1/2013,64.7,81.7,81.4,60.4
Ontario,6/2/2013,50.1,76.3,73.4,53.3
Ontario,6/3/2013,45.2,62.2,68.7,47.1
Ontario,6/4/2013,46,67.7,65.1,47.4
Ontario,6/5/2013,51,65.6,64.5,49.6
Ontario,6/6/2013,51.8,60.2,62.1,52
Ontario,6/7/2013,53.2,60.5,62.9,53
Ontario,6/8/2013,54.1,68.1,67,52.7
Ontario,6/9/2013,50.9,72.5,68.6,54.1
Ontario,6/10/2013,57.4,65.4,69.9,56.1
Ontario,6/11/2013,60,71.8,69.7,57.8
Ontario,6/12/2013,56,72.1,72.3,57.3
Ontario,6/13/2013,55.9,73,72.7,55.5
Ontario,6/14/2013,54.6,73.1,74.5,53.5
Ontario,6/15/2013,49.9,77.4,76,54.7
Ontario,6/16/2013,59.5,77.6,76.8,55.6
Ontario,6/17/2013,57.4,75.5,74.3,56.5
Ontario,6/18/2013,52.6,69.8,70.6,52.9
Ontario,6/19/2013,48.8,66.4,69.9,50.6
Ontario,6/20/2013,50.4,73.4,72.8,52.2
Ontario,6/21/2013,57.4,78.5,77,56.5
Ontario,6/22/2013,61.8,79,81.9,61.3
Ontario,6/23/2013,64.8,88.1,85.2,65.5
Ontario,6/24/2013,70,88.5,86.8,67.6
Ontario,6/25/2013,68.1,83.9,86.1,68.5
Ontario,6/26/2013,67.4,86.1,82.2,66.8
Ontario,6/27/2013,64.7,76.6,78.5,64.9
Ontario,6/28/2013,62.6,72.8,75,62.9
Ontario,6/29/2013,61.4,75.5,75.4,61.4
Ontario,6/30/2013,60.2,78.1,76.1,60.9
Ontario,7/1/2013,61.2,74.8,75.2,61.1
Ontario,7/2/2013,61.9,72.8,75.7,62.4
Ontario,7/3/2013,64.1,79.4,78.5,64.7
Ontario,7/4/2013,68.1,83.3,80.3,67.3
Ontario,7/5/2013,69.6,78.3,81.8,68.2
Ontario,7/6/2013,66.8,83.9,81.4,68.3
Ontario,7/7/2013,68.6,82.1,83.2,67.3
Ontario,7/8/2013,66.6,83.7,81.5,67.4
Ontario,7/9/2013,67,78.6,82.9,67.1
Ontario,7/10/2013,67.8,86.4,80.8,64.7
Ontario,7/11/2013,59.4,77.5,80.5,61.7
Ontario,7/12/2013,58,77.6,79,58.9
Ontario,7/13/2013,59.3,82,81.7,61
Ontario,7/14/2013,65.8,85.6,85.3,65.1
Ontario,7/15/2013,70.3,88.2,88,69
Ontario,7/16/2013,70.8,90.1,90.8,71.6
Ontario,7/17/2013,73.9,94,91.8,72.8
Ontario,7/18/2013,73.7,91.3,93.1,72.3
Ontario,7/19/2013,69.4,94.1,89.5,69.4
Ontario,7/20/2013,65.2,83,83.4,64.3
Ontario,7/21/2013,58.1,73.2,77.3,60.7
Ontario,7/22/2013,58.7,75.7,77.2,59.4
Ontario,7/23/2013,61.3,82.6,76.2,58.2
Ontario,7/24/2013,54.7,70.2,75.4,56.3
Ontario,7/25/2013,52.9,73.5,72.9,54.5
Ontario,7/26/2013,55.8,75,76,54.3
Ontario,7/27/2013,54.1,79.5,76.3,55.5
Ontario,7/28/2013,56.6,74.3,75.6,55.4
Ontario,7/29/2013,55.4,73,74.7,55.9
Ontario,7/30/2013,55.8,76.7,75.5,56.4
Ontario,7/31/2013,57.9,76.7,77.5,57.7
Ontario,8/1/2013,59.5,79.1,78.3,58.5
Ontario,8/2/2013,58.2,78.9,78,58.8
Ontario,8/3/2013,58.5,75.9,75.9,57
Ontario,8/4/2013,54.2,72.8,74,54.8
Ontario,8/5/2013,51.7,73.2,73.8,55
Ontario,8/6/2013,59,75.5,76.8,57.9
Ontario,8/7/2013,62.8,81.6,79.2,62.3
Ontario,8/8/2013,65,80.5,80.5,63.9
Ontario,8/9/2013,63.8,79.5,77.7,61.7
Ontario,8/10/2013,56.3,73.1,75.7,57.9
Ontario,8/11/2013,53.5,74.5,74,55.6
Ontario,8/12/2013,57,74.3,72.8,54.6
Ontario,8/13/2013,53.3,69.5,71.2,54.7
Ontario,8/14/2013,53.7,70,71.4,52.9
Ontario,8/15/2013,51.6,74.7,73.7,53
Ontario,8/16/2013,53.8,76.5,76.3,53.5
Ontario,8/17/2013,55.2,77.7,77.8,55
Ontario,8/18/2013,56,79.2,79.9,56.6
Ontario,8/19/2013,58.8,82.8,82.4,58.9
Ontario,8/20/2013,62,85.2,85.2,62.2
Ontario,8/21/2013,65.9,87.7,85.4,64.2
Ontario,8/22/2013,64.7,83.4,82.2,62.5
Ontario,8/23/2013,57,75.5,78,58.5
Ontario,8/24/2013,53.9,75.2,77.7,55.1
Ontario,8/25/2013,54.4,82.3,77.8,58.6
Ontario,8/26/2013,67.6,76,79.6,62.3
Ontario,8/27/2013,64.9,80.4,79.2,67.2
Ontario,8/28/2013,69.2,81.3,81.3,66.8
Ontario,8/29/2013,66.5,82.2,82.4,67.4
Ontario,8/30/2013,66.7,83.8,81.3,67
Ontario,8/31/2013,67.9,77.9,79.6,67
Ontario,9/1/2013,66.5,77.2,77.4,65.1
Ontario,9/2/2013,60.8,77.1,75.4,61
Ontario,9/3/2013,55.6,72,75.6,56.8
Ontario,9/4/2013,54,77.9,70.9,51.8
Ontario,9/5/2013,45.9,63,70.8,47.8
Ontario,9/6/2013,43.4,71.6,68,49.1
Ontario,9/7/2013,58,69.3,69,50.4
Ontario,9/8/2013,49.9,66,67.9,51.9
Ontario,9/9/2013,47.8,68.4,74.5,53
Ontario,9/10/2013,61.4,89.3,82.6,59.3
Ontario,9/11/2013,68.7,90,84.5,63.2
Ontario,9/12/2013,59.5,74.2,76.1,60
Ontario,9/13/2013,51.8,64.2,66.8,51.2
Ontario,9/14/2013,42.3,61.9,64.3,47.5
Ontario,9/15/2013,48.3,66.6,62.2,43.9
Ontario,9/16/2013,41.1,57.9,61.6,43.1
Ontario,9/17/2013,39.7,60.3,62.5,41
Ontario,9/18/2013,42.3,69.2,67.3,43.1
Ontario,9/19/2013,47.3,72.4,72.4,49.3
Ontario,9/20/2013,58.5,75.6,72.3,51.7
Ontario,9/21/2013,49.3,68.9,66.8,51.5
Ontario,9/22/2013,46.8,55.9,61.4,46.8
Ontario,9/23/2013,44.2,59.5,59.7,44.4
Ontario,9/24/2013,42.1,63.6,63.8,43.8
Ontario,9/25/2013,45.2,68.3,66.6,45.3
Ontario,9/26/2013,48.5,67.9,67.8,47.8
Ontario,9/27/2013,49.8,67.3,68,48.9
Ontario,9/28/2013,48.3,68.8,68.7,50.3
Ontario,9/29/2013,52.7,70.1,69.4,51.5
Ontario,9/30/2013,53.5,69.3,71.7,51.9
Ontario,10/1/2013,49.5,75.8,73.7,52
Ontario,10/2/2013,52.9,76.2,74,49.2
Ontario,10/3/2013,45.2,70.1,69.4,51.8
Ontario,10/4/2013,57.2,62,64.8,51.8
Ontario,10/5/2013,53,62.4,63.3,54.9
Ontario,10/6/2013,54.6,65.4,65.1,51.2
Ontario,10/7/2013,46,67.6,64.8,47.5
Ontario,10/8/2013,41.9,61.4,64.3,43.2
Ontario,10/9/2013,41.8,64.1,64.2,42.3
Ontario,10/10/2013,43.3,67.3,66.8,42.3
Ontario,10/11/2013,41.9,69,68.7,42.7
Ontario,10/12/2013,43,69.8,67.5,46.2
Ontario,10/13/2013,53.6,63.6,65.4,46.9
Ontario,10/14/2013,44,62.8,63.2,47.2
Ontario,10/15/2013,44.1,63.3,65.3,46.2
Ontario,10/16/2013,50.4,69.8,64.9,47.7
Ontario,10/17/2013,48.7,61.5,63.5,48.3
Ontario,10/18/2013,45.9,59.3,58,45.3
Ontario,10/19/2013,41.4,53.2,56.2,41.4
Ontario,10/20/2013,37.1,56.1,56.7,40.2
Ontario,10/21/2013,42,60.8,55.1,38.8
Ontario,10/22/2013,37.2,48.5,52.6,37.2
Ontario,10/23/2013,32.5,48.5,48,33.9
Ontario,10/24/2013,31.9,47,48.2,33.1
Ontario,10/25/2013,34.8,49.3,46.7,34
Ontario,10/26/2013,35.3,43.8,46.9,35.1
Ontario,10/27/2013,35.1,47.5,45.4,32.8
Ontario,10/28/2013,28,45,45.4,29.6
Ontario,10/29/2013,25.7,43.6,46.1,30
Ontario,10/30/2013,36.4,49.6,52,33.5
Ontario,10/31/2013,38.3,62.8,57.9,39.8
Ontario,11/1/2013,44.8,61.3,57,38.3
Ontario,11/2/2013,31.7,47,49,34.4
Ontario,11/3/2013,26.6,38.6,42.2,27
Ontario,11/4/2013,22.7,41,44.1,27.7
Ontario,11/5/2013,33.9,52.6,51.2,33.2
Ontario,11/6/2013,42.9,60,53.2,37.6
Ontario,11/7/2013,35.8,47.1,49.3,37.2
Ontario,11/8/2013,32.9,40.9,45.4,33.7
Ontario,11/9/2013,32.3,48.2,44.7,32.7
Ontario,11/10/2013,32.9,45.1,45.2,30.6
Ontario,11/11/2013,26.5,42.4,40.3,26.8
Ontario,11/12/2013,21.1,33.3,37.5,22.3
Ontario,11/13/2013,19.3,36.8,39.8,23.8
Ontario,11/14/2013,31.1,49.3,46.8,29.7
Ontario,11/15/2013,38.6,54.3,52.4,35.6
Ontario,11/16/2013,37.1,53.4,55.3,40.3
Ontario,11/17/2013,45.1,58.1,55,39
Ontario,11/18/2013,34.8,53.3,49.5,35.4
Ontario,11/19/2013,26.3,37.2,42.7,27.5
Ontario,11/20/2013,21.5,37.5,39.7,26.1
Ontario,11/21/2013,30.6,44.4,42.7,27.2
Ontario,11/22/2013,29.5,46.2,41.3,24.1
Ontario,11/23/2013,12.1,33.3,33.9,16.9
Ontario,11/24/2013,9.3,22.2,30.2,12.4
Ontario,11/25/2013,16,35.1,30.7,18.4
Ontario,11/26/2013,30.1,34.9,34.4,22.1
Ontario,11/27/2013,20.2,33.4,31.7,21.2
Ontario,11/28/2013,13.3,26.7,29,14.8
Ontario,11/29/2013,10.8,26.8,29.2,14.8
Ontario,11/30/2013,20.4,34.1,32.7,21.3
Ontario,12/1/2013,32.8,37,36,27.6
Ontario,12/2/2013,29.7,36.7,37.4,29.4
Ontario,12/3/2013,25.7,38.5,38.2,28.8
Ontario,12/4/2013,31.1,39.6,45.4,30
Ontario,12/5/2013,33.2,58.2,44.9,30.7
Ontario,12/6/2013,27.8,36.8,41.6,26.3
Ontario,12/7/2013,17.9,29.7,31.9,20.6
Ontario,12/8/2013,16.1,29.2,31.1,18.9
Ontario,12/9/2013,22.8,34.2,29.7,17.8
Ontario,12/10/2013,14.5,25.7,27.9,16.3
Ontario,12/11/2013,11.6,23.7,22.5,11.5
Ontario,12/12/2013,8.4,18,21.2,8.6
Ontario,12/13/2013,5.7,21.9,17.2,5.1
Ontario,12/14/2013,1.2,11.6,18.6,4.7
Ontario,12/15/2013,7.2,22.3,16.9,1.8
Ontario,12/16/2013,-2.9,16.6,20.8,1.2
Ontario,12/17/2013,-0.6,23.3,23.1,5.4
Ontario,12/18/2013,19.7,29.3,29.5,14.3
Ontario,12/19/2013,23.7,35.9,32.6,24.3
Ontario,12/20/2013,29.5,32.7,33.6,27.2
Ontario,12/21/2013,28.4,32.1,33.1,28.1
Ontario,12/22/2013,26.5,34.6,33.4,24.1
Ontario,12/23/2013,17.6,33.5,28.6,16.6
Ontario,12/24/2013,5.7,17.8,24.5,7.9
Ontario,12/25/2013,0.5,22.1,23.2,7.7
Ontario,12/26/2013,16.8,29.6,28.2,12.6
Ontario,12/27/2013,20.5,33,33.4,23
Ontario,12/28/2013,31.9,37.6,36.8,23.7
Ontario,12/29/2013,18.7,39.7,32.4,19.8
Ontario,12/30/2013,8.7,19.9,25.8,12.3
Ontario,12/31/2013,9.6,17.6,16.8,6.6
Ontario,1/1/2014,1.6,12.8,11.1,1.8
Ontario,1/2/2014,-5.9,2.8,9.2,-5.6
Ontario,1/3/2014,-12.6,11.9,14.9,-3
Ontario,1/4/2014,9.4,29.9,24.7,7.7
Ontario,1/5/2014,26.3,32.3,32.1,12.9
Ontario,1/6/2014,3,34.2,23.3,6.7
Ontario,1/7/2014,-9.2,3.3,17.7,-1.6
Ontario,1/8/2014,1.5,15.5,13,-1.9
Ontario,1/9/2014,2,20.3,23.6,5.7
Ontario,1/10/2014,13.7,34.9,33.4,16.1
Ontario,1/11/2014,32.7,44.9,39.2,26.4
Ontario,1/12/2014,32.9,37.7,42.8,32.6
Ontario,1/13/2014,32.1,45.7,41.3,32.2
Ontario,1/14/2014,31.6,40.4,40.3,28.7
Ontario,1/15/2014,22.5,34.8,35.1,25.7
Ontario,1/16/2014,23,30.2,33.2,23.9
Ontario,1/17/2014,26.2,34.5,31.4,21.8
Ontario,1/18/2014,16.1,29.4,30.4,19.7
Ontario,1/19/2014,16.8,27.2,27.9,11
Ontario,1/20/2014,0.3,27.2,18.6,2.8
Ontario,1/21/2014,-8.8,1.2,11.7,-7.3
Ontario,1/22/2014,-13.3,6.8,4.8,-9.3
Ontario,1/23/2014,-5.6,6.5,9.6,-7.8
Ontario,1/24/2014,-4.3,15.6,15.8,-2.4
Ontario,1/25/2014,2.9,25.2,21.1,-0.9
Ontario,1/26/2014,-1.3,22.5,24.1,0.8
Ontario,1/27/2014,0.8,24.5,19,-1.5
Ontario,1/28/2014,-4.1,9.9,16.2,-2.1
Ontario,1/29/2014,-3,14.1,17.2,0.5
Ontario,1/30/2014,8.6,27.7,24.7,9.9
Ontario,1/31/2014,24,32.2,31.1,18.6
Ontario,2/1/2014,23.2,33.3,32.8,21.8
Ontario,2/2/2014,18.2,32.8,30.3,15.1
Ontario,2/3/2014,3.9,24.9,26.9,7.8
Ontario,2/4/2014,1.4,23.2,22.9,3.6
Ontario,2/5/2014,5.4,20.7,20.4,2.1
Ontario,2/6/2014,-0.4,17.3,17.5,2.6
Ontario,2/7/2014,2.8,14.5,15.4,1.3
Ontario,2/8/2014,1.4,14.5,15.5,2.4
Ontario,2/9/2014,2.9,17.5,17.1,3.8
Ontario,2/10/2014,7.1,19.2,16.7,2.7
Ontario,2/11/2014,-1.8,13.4,17.1,-1.2
Ontario,2/12/2014,-8.9,18.8,19.9,-2.7
Ontario,2/13/2014,2.6,27.4,25.5,4.4
Ontario,2/14/2014,19.5,30.2,28,10.2
Ontario,2/15/2014,8.3,26.4,24.7,10.8
Ontario,2/16/2014,4.6,17.6,22.7,3.7
Ontario,2/17/2014,-1.7,24.1,23.8,6.7
Ontario,2/18/2014,17.1,29.8,31.7,11.5
Ontario,2/19/2014,19.2,41.1,35.8,21
Ontario,2/20/2014,26.6,36.4,39.2,25.2
Ontario,2/21/2014,29.9,40.1,37.8,28
Ontario,2/22/2014,27.5,36.9,36.1,26
Ontario,2/23/2014,20.6,31.3,30,20.3
Ontario,2/24/2014,12.8,21.9,23.9,14.2
Ontario,2/25/2014,9.1,18.6,18.3,7.7
Ontario,2/26/2014,1.1,14.4,16.2,3.1
Ontario,2/27/2014,-0.9,15.6,15.4,-1.5
Ontario,2/28/2014,-4.6,16.3,19.8,0.6
Ontario,3/1/2014,7.4,27.4,19.9,1.2
Ontario,3/2/2014,0.8,16,17.8,1.1
Ontario,3/3/2014,-5.1,9.8,13.9,-2.2
Ontario,3/4/2014,-2.4,16,15.4,-1.7
Ontario,3/5/2014,2.2,20.3,19.9,2.1
Ontario,3/6/2014,6.3,23.4,26.9,4.2
Ontario,3/7/2014,4.1,37,31.9,9
Ontario,3/8/2014,16.5,35.3,34.5,10.6
Ontario,3/9/2014,11.1,31.2,36.3,19
Ontario,3/10/2014,29.2,42.4,40.6,24.9
Ontario,3/11/2014,34.3,48.2,42.2,23.2
Ontario,3/12/2014,6.1,35.9,34.1,14
Ontario,3/13/2014,1.5,18.3,33.9,7.2
Ontario,3/14/2014,14,47.6,35.5,10.9
Ontario,3/15/2014,17,40.6,35.2,11.8
Ontario,3/16/2014,4.5,17.3,27.1,7.2
Ontario,3/17/2014,0.1,23.5,25.2,5.2
Ontario,3/18/2014,11,34.9,33.5,12.3
Ontario,3/19/2014,25.9,42.1,38.1,21.5
Ontario,3/20/2014,27.6,37.2,39.2,25.4
Ontario,3/21/2014,22.6,38.4,37.6,22.3
Ontario,3/22/2014,16.8,37.2,33.5,16.2
Ontario,3/23/2014,9.4,24.8,29,10.7
Ontario,3/24/2014,6.1,25,27.5,8.3
Ontario,3/25/2014,9.6,32.6,27.5,8.3
Ontario,3/26/2014,9.3,24.7,31.4,10.6
Ontario,3/27/2014,12.9,36.8,36.7,18.5
Ontario,3/28/2014,33.3,48.7,41,26.6
Ontario,3/29/2014,33.5,37.4,42.8,31.9
Ontario,3/30/2014,29,42.4,43.2,30.8
Ontario,3/31/2014,29.8,49.9,46.1,30.1
Ontario,4/1/2014,31.4,46,47.2,30.1
Ontario,4/2/2014,29.2,45.7,43.5,28.8
Ontario,4/3/2014,25.7,38.9,43.1,28.7
Ontario,4/4/2014,31.1,44.7,41,28.3
Ontario,4/5/2014,28.3,39.2,45,28
Ontario,4/6/2014,24.6,50.9,46.9,27.7
Ontario,4/7/2014,30.2,50.6,51.8,29.7
Ontario,4/8/2014,34.2,53.9,51.1,32
Ontario,4/9/2014,31.4,48.9,56.1,33.5
Ontario,4/10/2014,34.7,65.6,57.2,33.8
Ontario,4/11/2014,35.1,57.3,60.2,35.6
Ontario,4/12/2014,36.9,57.9,61.5,37.5
Ontario,4/13/2014,40.4,69.4,66.4,37.4
Ontario,4/14/2014,35,71.9,60.4,32.6
Ontario,4/15/2014,22.5,39.8,49.7,25.4
Ontario,4/16/2014,18.7,37.4,41.4,22.9
Ontario,4/17/2014,27.4,47,45.7,26.2
Ontario,4/18/2014,32.6,52.6,50.2,30.2
Ontario,4/19/2014,30.8,51,53,32.4
Ontario,4/20/2014,33.7,55.5,57.9,35.4
Ontario,4/21/2014,41.8,67.1,60.5,38.6
Ontario,4/22/2014,40.4,58.8,58.1,38.9
Ontario,4/23/2014,34.7,48.3,53.8,35
Ontario,4/24/2014,29.9,54.3,50.9,34
Ontario,4/25/2014,37.3,50.2,51.6,35
Ontario,4/26/2014,37.6,50.2,51.4,36.7
Ontario,4/27/2014,35.3,53.7,53,36.4
Ontario,4/28/2014,36.4,55.2,52.7,37.8
Ontario,4/29/2014,41.8,49.3,50.2,40.1
Ontario,4/30/2014,42,46,51.9,42.2
Ontario,5/1/2014,42.7,60.2,53.8,42.9
Ontario,5/2/2014,43.9,55.2,57.6,43.5
Ontario,5/3/2014,43.9,57.3,56.1,42.8
Ontario,5/4/2014,40.7,55.8,56.9,40.6
Ontario,5/5/2014,37.3,57.7,57.3,39.6
Ontario,5/6/2014,40.8,58.5,57.8,38.5
Ontario,5/7/2014,37.4,57.3,60.3,41.6
Ontario,5/8/2014,46.6,65.2,62.9,44.7
Ontario,5/9/2014,50.2,66.3,67.2,48
Ontario,5/10/2014,47.1,70.1,70.1,47.1
Ontario,5/11/2014,44.1,73.9,71.2,48.3
Ontario,5/12/2014,53.8,69.7,71,50
Ontario,5/13/2014,52.2,69.5,68.9,52.3
Ontario,5/14/2014,51,67.6,68.8,51.5
Ontario,5/15/2014,51.3,69.2,65.4,48.5
Ontario,5/16/2014,43.1,59.3,62.2,43.8
Ontario,5/17/2014,37,58.2,59,39.8
Ontario,5/18/2014,39.3,59.5,62.4,40.3
Ontario,5/19/2014,44.6,69.5,64.8,43.9
Ontario,5/20/2014,47.7,65.3,67.8,47.7
Ontario,5/21/2014,50.7,68.6,67.9,49.7
Ontario,5/22/2014,50.8,69.7,67.7,50.1
Ontario,5/23/2014,48.7,64.6,69.8,49.8
Ontario,5/24/2014,50,75,73.3,49.5
Ontario,5/25/2014,49.9,80.4,79.3,54
Ontario,5/26/2014,62.3,82.7,81.6,57.3
Ontario,5/27/2014,59.8,81.8,75.6,57.9
Ontario,5/28/2014,51.5,62.3,70.1,54.3
Ontario,5/29/2014,51.5,66.3,68.1,51.2
Ontario,5/30/2014,50.6,75.8,70.8,51
Ontario,5/31/2014,50.9,70.3,72.9,50.7
Ontario,6/1/2014,50.5,72.6,75.9,52.1
Ontario,6/2/2014,54.7,84.9,80.3,53.3
Ontario,6/3/2014,54.7,83.4,80.3,54.7
Ontario,6/4/2014,54.6,72.5,74,53.7
Ontario,6/5/2014,51.7,65.9,71.5,52.1
Ontario,6/6/2014,50,76.1,73.2,51.3
Ontario,6/7/2014,52.2,77.6,74.8,52.4
Ontario,6/8/2014,54.9,70.7,76,54.3
Ontario,6/9/2014,55.7,79.6,74.8,56
Ontario,6/10/2014,57.3,74.2,76.5,57.1
Ontario,6/11/2014,58.3,75.7,75.6,58.7
Ontario,6/12/2014,60.4,76.9,75.5,57.3
Ontario,6/13/2014,53.2,74,72.7,55.2
Ontario,6/14/2014,51.9,67.4,70.4,51.4
Ontario,6/15/2014,49,70,70.8,51.4
Ontario,6/16/2014,53.3,75.1,77.5,54.4
Ontario,6/17/2014,60.8,87.5,80.1,58.9
Ontario,6/18/2014,62.6,77.7,80.1,59.9
Ontario,6/19/2014,56.2,75,73.7,57.1
Ontario,6/20/2014,52.3,68.5,71.6,55.2
Ontario,6/21/2014,57.2,71.4,72.5,54.5
Ontario,6/22/2014,53.9,77.6,75.4,56
Ontario,6/23/2014,57,77.1,78.8,57.9
Ontario,6/24/2014,62.9,81.7,77.4,61.6
Ontario,6/25/2014,64.7,73.5,78,63.4
Ontario,6/26/2014,62.6,78.8,77.9,62.2
Ontario,6/27/2014,59.3,81.5,81.1,61.7
Ontario,6/28/2014,63.4,83.1,83.6,63
Ontario,6/29/2014,66.2,86.1,85.3,66.3
Ontario,6/30/2014,69.3,86.8,86,68.7
Ontario,7/1/2014,70.7,85.3,85.9,68.2
Ontario,7/2/2014,64.7,85.8,81.9,63.9
Ontario,7/3/2014,56.1,74.6,78.2,58.5
Ontario,7/4/2014,54.7,74.2,76.4,55.1
Ontario,7/5/2014,54.6,80.5,78.9,56.5
Ontario,7/6/2014,60.2,82.1,81.9,60.4
Ontario,7/7/2014,66.6,83.2,81.4,62.4
Ontario,7/8/2014,60.5,78.8,78.4,61.9
Ontario,7/9/2014,58.6,73.1,74.1,57.5
Ontario,7/10/2014,53.3,70.5,73.4,55.1
Ontario,7/11/2014,53.5,76.6,76.4,55.1
Ontario,7/12/2014,58.5,82,80.7,59.1
Ontario,7/13/2014,65.2,83.4,79.9,61.7
Ontario,7/14/2014,61.5,74.4,78.6,61.2
Ontario,7/15/2014,57.1,78,75,57.7
Ontario,7/16/2014,54.5,72.7,75.3,54.6
Ontario,7/17/2014,52.2,75.3,74.7,53.4
Ontario,7/18/2014,53.5,76.2,74.6,54.9
Ontario,7/19/2014,59,72.4,74.4,58.2
Ontario,7/20/2014,62.1,74.6,76.2,60.2
Ontario,7/21/2014,59.5,81.7,80.5,61.7
Ontario,7/22/2014,63.5,85.4,81.3,60.8
Ontario,7/23/2014,59.5,76.8,78.8,59.7
Ontario,7/24/2014,55.9,74.3,76.3,56.8
Ontario,7/25/2014,54.8,77.7,77.3,56.9
Ontario,7/26/2014,59.9,80,80.5,59.3
Ontario,7/27/2014,63,83.7,77.8,59.7
Ontario,7/28/2014,56.3,69.6,74.4,58
Ontario,7/29/2014,54.7,69.8,71.4,55.5
Ontario,7/30/2014,55.4,74.7,73.7,55.1
Ontario,7/31/2014,55.2,76.7,77.3,57.1
Ontario,8/1/2014,60.6,80.4,78.7,58.6
Ontario,8/2/2014,60.1,78.9,80,61.4
Ontario,8/3/2014,63.4,80.8,80.9,61.8
Ontario,8/4/2014,62,82.9,80.1,62.4
Ontario,8/5/2014,61.8,76.6,78.9,61.3
Ontario,8/6/2014,60.2,77.1,76.2,60.3
Ontario,8/7/2014,59,75,76.4,58.5
Ontario,8/8/2014,56.3,76.9,77.1,57.4
Ontario,8/9/2014,56.9,79.3,78.9,56.6
Ontario,8/10/2014,56.6,80.6,80.9,58.5
Ontario,8/11/2014,62,82.7,80.9,60.3
Ontario,8/12/2014,62.4,79.4,77.8,60.3
Ontario,8/13/2014,56.4,71.3,71.9,56.9
Ontario,8/14/2014,51.8,65.1,69.4,53.8
Ontario,8/15/2014,53.1,71.8,68.2,53.3
Ontario,8/16/2014,55.1,67.6,71.1,54.9
Ontario,8/17/2014,56.5,74.1,69.9,54.7
Ontario,8/18/2014,52.5,68,71.9,53.7
Ontario,8/19/2014,52,73.6,73.2,54.9
Ontario,8/20/2014,60.2,77.9,77.2,58.4
Ontario,8/21/2014,62.9,80.1,78.4,61.4
Ontario,8/22/2014,61.2,77.2,77,62.3
Ontario,8/23/2014,62.8,73.5,76.3,62.1
Ontario,8/24/2014,62.4,78.2,77.9,61.8
Ontario,8/25/2014,60,82.1,83.1,62.3
Ontario,8/26/2014,64.3,89.2,83.1,59.6
Ontario,8/27/2014,54.5,78.2,79.8,57.6
Ontario,8/28/2014,53.9,72,74.4,53.5
Ontario,8/29/2014,52.1,72.9,76.7,55.8
Ontario,8/30/2014,61.5,85.1,80.8,59.8
Ontario,8/31/2014,65.9,84.5,84.5,63.7
Ontario,9/1/2014,63.6,83.9,82.2,63.2
Ontario,9/2/2014,60,78.3,81,60.4
Ontario,9/3/2014,57.5,80.9,81.3,59.5
Ontario,9/4/2014,61,84.6,84.6,61.5
Ontario,9/5/2014,66.1,88.3,82,60.7
Ontario,9/6/2014,54.9,72.9,77.5,57.7
Ontario,9/7/2014,52.2,71.3,72.7,52.7
Ontario,9/8/2014,51,73.9,71.9,54.9
Ontario,9/9/2014,61.4,70.4,71.8,57.8
Ontario,9/10/2014,61.1,71,71.5,58.2
Ontario,9/11/2014,52.2,73.2,67.1,53.1
Ontario,9/12/2014,45.9,57.1,62.6,47
Ontario,9/13/2014,43,57.4,57.8,43.5
Ontario,9/14/2014,41.6,58.8,60.3,43.7
Ontario,9/15/2014,46.5,64.6,63.1,45.4
Ontario,9/16/2014,48,65.8,66.3,46.6
Ontario,9/17/2014,45.2,68.5,63.9,44.5
Ontario,9/18/2014,40.3,57.3,60.8,41.3
Ontario,9/19/2014,38.5,56.7,63,42
Ontario,9/20/2014,47.3,75.1,69.3,45.6
Ontario,9/21/2014,51,76.3,70.5,47.9
Ontario,9/22/2014,45.3,60.1,69,46.9
Ontario,9/23/2014,44.2,70.5,67.4,46.1
Ontario,9/24/2014,48.9,71.6,70.8,47.6
Ontario,9/25/2014,49.8,70.2,72,49.6
Ontario,9/26/2014,50.1,74.2,73.9,51
Ontario,9/27/2014,52.9,77.3,76.3,52.2
Ontario,9/28/2014,53.7,77.4,76.3,53.9
Ontario,9/29/2014,55.1,74.2,73.1,55.4
Ontario,9/30/2014,57.4,67.6,67.7,56.4
Ontario,10/1/2014,56.6,61.3,65.7,56.4
Ontario,10/2/2014,55,68.1,67.8,55.6
Ontario,10/3/2014,55.2,73.9,67,50.4
Ontario,10/4/2014,41,59,63.2,44.6
Ontario,10/5/2014,37.5,56.7,59.6,41.5
Ontario,10/6/2014,46.2,63.1,61.4,44.8
Ontario,10/7/2014,50.8,64.3,62,46.5
Ontario,10/8/2014,42.6,58.7,60.1,43.9
Ontario,10/9/2014,38.3,57.2,57.5,39.4
Ontario,10/10/2014,37.2,56.7,56.7,37.5
Ontario,10/11/2014,37,56.1,55.8,36.3
Ontario,10/12/2014,34.7,54.7,57.2,36.6
Ontario,10/13/2014,38.2,60.8,62.8,42.9
Ontario,10/14/2014,55.8,72.9,67.4,49.9
Ontario,10/15/2014,55.8,68.4,69.9,55.5
Ontario,10/16/2014,54.8,68.5,66.4,54.7
Ontario,10/17/2014,53.4,62.4,62.2,48.9
Ontario,10/18/2014,38.6,55.7,55.5,42.9
Ontario,10/19/2014,36.6,48.3,52.1,38.7
Ontario,10/20/2014,41,52.2,50.5,40
Ontario,10/21/2014,42.6,51.1,53,40.6
Ontario,10/22/2014,38.1,55.9,55.5,41
Ontario,10/23/2014,42.3,59.4,58.1,39.1
Ontario,10/24/2014,36.7,58.9,59.9,40.6
Ontario,10/25/2014,42.6,61.5,58.3,39.3
Ontario,10/26/2014,38.6,54.5,56.2,38.8
Ontario,10/27/2014,35.2,52.5,57.9,40.3
Ontario,10/28/2014,47.1,66.6,58.2,40.8
Ontario,10/29/2014,40.1,55.6,57.1,41.4
Ontario,10/30/2014,37,49.2,49.8,36.8
Ontario,10/31/2014,33.4,44.7,44,33.5
Ontario,11/1/2014,30.1,37.9,42.4,30.4
Ontario,11/2/2014,27.8,44.4,46.2,29.9
Ontario,11/3/2014,31.8,56.2,52.3,34.4
Ontario,11/4/2014,43.5,56.3,54.4,38.8
Ontario,11/5/2014,40.9,50.7,52.1,40.9
Ontario,11/6/2014,38.3,49.3,46.4,36
Ontario,11/7/2014,28.6,39.2,43.5,32.1
Ontario,11/8/2014,29.5,42,41.9,30.4
Ontario,11/9/2014,33.2,44.6,45,33.2
Ontario,11/10/2014,37.1,48.3,51.6,34.1
Ontario,11/11/2014,32.2,62,52.3,33.8
Ontario,11/12/2014,32.1,46.5,47.8,30.1
Ontario,11/13/2014,25.9,34.8,39.5,26.8
Ontario,11/14/2014,22.5,37.2,36.4,23.1
Ontario,11/15/2014,20.8,37.2,35.6,23.6
Ontario,11/16/2014,27.4,32.4,34.5,23.3
Ontario,11/17/2014,21.6,34,30.6,21.7
Ontario,11/18/2014,16.3,25.5,29.7,17.1
Ontario,11/19/2014,13.3,29.7,27.8,15.7
Ontario,11/20/2014,17.6,28.3,28.7,15.8
Ontario,11/21/2014,16.4,27.9,33,18.5
Ontario,11/22/2014,21.5,42.9,39.1,25.8
Ontario,11/23/2014,39.4,46.4,51.3,33
Ontario,11/24/2014,38.2,64.5,50.6,36.6
Ontario,11/25/2014,32.3,40.9,46.9,33.9
Ontario,11/26/2014,31,35.2,37.1,28.8
Ontario,11/27/2014,23,35.2,32.7,24.1
Ontario,11/28/2014,18.2,27.7,35.8,20.7
Ontario,11/29/2014,21.1,44.6,42.7,25.3
Ontario,11/30/2014,36.6,55.9,46.6,25.7
Ontario,12/1/2014,19.5,39.4,42.6,23.1
Ontario,12/2/2014,13.1,32.6,36.3,20.1
Ontario,12/3/2014,27.7,37,34.4,19.7
Ontario,12/4/2014,18.2,33.4,35.7,22.3
Ontario,12/5/2014,20.9,36.7,37,22.1
Ontario,12/6/2014,27.2,40.9,35.7,21.6
Ontario,12/7/2014,16.6,29.6,35.2,22.3
Ontario,12/8/2014,23.1,35.2,34.6,23.4
Ontario,12/9/2014,30.4,39,35.7,26.5
Ontario,12/10/2014,25.9,32.8,33.6,26.4
Ontario,12/11/2014,22.9,29.1,32.6,24.8
Ontario,12/12/2014,25.5,35.9,33.1,26.7
Ontario,12/13/2014,31.7,34.4,35.9,30
Ontario,12/14/2014,32.9,37.4,36.4,32.8
Ontario,12/15/2014,33.8,37.3,38,33.3
Ontario,12/16/2014,33.2,39.1,38.8,32.6
Ontario,12/17/2014,30.8,39.9,37,29.5
Ontario,12/18/2014,24.5,32,34.2,24.9
Ontario,12/19/2014,19.2,30.7,31,20.4
Ontario,12/20/2014,17.4,30.2,31.3,19.5
Ontario,12/21/2014,22,33,32.6,22.9
Ontario,12/22/2014,29.3,34.5,36.5,27.8
Ontario,12/23/2014,32,41.9,41.8,34
Ontario,12/24/2014,40.8,49.1,44.6,36.6
Ontario,12/25/2014,37,42.7,45.6,36.9
Ontario,12/26/2014,33,45.1,45.6,35.3
Ontario,12/27/2014,35.9,49,45,32.5
Ontario,12/28/2014,28.5,41,40.7,28.3
Ontario,12/29/2014,20.4,32.2,32.5,21.9
Ontario,12/30/2014,16.9,24.2,25.6,16.9
Ontario,12/31/2014,13.3,20.5,24.3,15.7
Ontario,1/1/2015,17,28.1,26,15.8
Ontario,1/2/2015,17,29.5,30.1,16.9
Ontario,1/3/2015,16.7,32.8,34.3,18.4
Ontario,1/4/2015,21.6,40.6,32.3,14.4
Ontario,1/5/2015,4.9,23.4,26.7,10.5
Ontario,1/6/2015,5,16.2,18.3,2.3
Ontario,1/7/2015,-3,15.1,15.4,0.1
Ontario,1/8/2015,-1.6,14.9,16.9,1
Ontario,1/9/2015,7.6,20.7,16.6,2.9
Ontario,1/10/2015,2.7,14.3,21.6,7.5
Ontario,1/11/2015,12.1,29.9,24.9,5.5
Ontario,1/12/2015,1.7,30.6,23.6,1.9
Ontario,1/13/2015,-8.1,10.2,21.4,-2.7
Ontario,1/14/2015,-1.5,23.3,19.7,-1.9
Ontario,1/15/2015,4.1,25.7,25.8,1.6
Ontario,1/16/2015,2.1,28.4,30,2.5
Ontario,1/17/2015,1.2,35.8,35.7,10.9
Ontario,1/18/2015,29.3,43,37.2,15.1
Ontario,1/19/2015,14.9,32.8,31.7,17.2
Ontario,1/20/2015,7.4,19.3,25.6,8.9
Ontario,1/21/2015,4.4,24.8,25.4,8
Ontario,1/22/2015,12.2,32,30.1,11.8
Ontario,1/23/2015,18.8,33.5,32.8,17
Ontario,1/24/2015,19.9,32.9,31.1,15.2
Ontario,1/25/2015,7,26.8,25.6,10
Ontario,1/26/2015,3.1,17,20.9,6.3
Ontario,1/27/2015,8.8,19,21.1,5.5
Ontario,1/28/2015,4.5,27.3,26.1,8.9
Ontario,1/29/2015,13.3,32,29.5,6.4
Ontario,1/30/2015,1.5,29.1,28,4.5
Ontario,1/31/2015,-1.3,22.9,25.1,0.8
Ontario,2/1/2015,2.3,23.3,18.9,-0.1
Ontario,2/2/2015,-1.3,10.6,18.2,0.6
Ontario,2/3/2015,0.7,20.7,20.1,4.5
Ontario,2/4/2015,14.2,29,22,5.5
Ontario,2/5/2015,1.5,16.4,22.5,6.2
Ontario,2/6/2015,2.8,22.1,21.3,6.1
Ontario,2/7/2015,13.9,25.4,21.1,8
Ontario,2/8/2015,7.2,15.8,18.3,9.6
Ontario,2/9/2015,7.8,13.6,17.4,8.2
Ontario,2/10/2015,9.6,22.9,21.2,9.3
Ontario,2/11/2015,10.6,27.1,25.5,6.2
Ontario,2/12/2015,-1.5,26.3,21.9,-0.6
Ontario,2/13/2015,-11,12.3,19.1,-6.7
Ontario,2/14/2015,-7.7,18.6,10.1,-10.6
Ontario,2/15/2015,-13,-0.7,8.3,-11.1
Ontario,2/16/2015,-12.5,6.9,7.4,-9.1
Ontario,2/17/2015,-1.9,16,13.5,-3.5
Ontario,2/18/2015,3.9,17.6,13.8,-1.5
Ontario,2/19/2015,-6.6,7.7,10.8,-4.2
Ontario,2/20/2015,-9.9,7.2,11.2,-4.8
Ontario,2/21/2015,2.2,18.7,17.4,-1.3
Ontario,2/22/2015,3.8,26.4,17.5,-0.8
Ontario,2/23/2015,-8.4,7.5,16.6,-4.1
Ontario,2/24/2015,-7.8,16,13.8,-4.3
Ontario,2/25/2015,3.2,17.9,15.6,-2.2
Ontario,2/26/2015,-2,12.9,14.9,-2.2
Ontario,2/27/2015,-7.6,13.9,16.6,-4.4
Ontario,2/28/2015,-3.7,23,21,-1.5
Ontario,3/1/2015,6.9,26.2,25.4,4.6
Ontario,3/2/2015,10.7,27,28.4,7.7
Ontario,3/3/2015,5.4,32.2,30.7,10.2
Ontario,3/4/2015,14.6,32.8,27.2,6.2
Ontario,3/5/2015,-1.3,16.5,23.8,2.6
Ontario,3/6/2015,-5.4,22.1,22.8,3.7
Ontario,3/7/2015,17.8,29.9,28.8,11.6
Ontario,3/8/2015,22.5,34.6,35,21.8
Ontario,3/9/2015,25.2,40.6,39.3,24.9
Ontario,3/10/2015,27.1,42.7,43,27.9
Ontario,3/11/2015,31.3,45.5,42,27.9
Ontario,3/12/2015,25.2,37.6,41.1,27
Ontario,3/13/2015,24.4,40.2,40.2,27.2
Ontario,3/14/2015,31.9,42.6,41.6,28.1
Ontario,3/15/2015,28.1,41.9,45.1,29.3
Ontario,3/16/2015,28,50.9,44.5,26.1
Ontario,3/17/2015,22.1,40.6,41.8,22.9
Ontario,3/18/2015,18.6,33.8,36,18.6
Ontario,3/19/2015,14.9,33.5,37.4,19.1
Ontario,3/20/2015,23.7,44.8,40.6,19.3
Ontario,3/21/2015,19.4,43.5,38.2,18.2
Ontario,3/22/2015,11.6,26.4,31.8,13.5
Ontario,3/23/2015,9.6,25.5,28.9,10.5
Ontario,3/24/2015,10.4,34.7,34.9,13.4
Ontario,3/25/2015,20.3,44.5,40.5,20.6
Ontario,3/26/2015,31,42.2,40,23.1
Ontario,3/27/2015,18,33.4,35.1,20.2
Ontario,3/28/2015,11.5,29.7,35,14.2
Ontario,3/29/2015,13.2,41.8,38.8,17.3
Ontario,3/30/2015,27.3,44.8,43.2,21.1
Ontario,3/31/2015,22.8,43.2,43.4,24.4
Ontario,4/1/2015,23,42.1,49.2,25.9
Ontario,4/2/2015,31.9,62.5,54.4,29.9
Ontario,4/3/2015,34.9,58.7,54.1,31.2
Ontario,4/4/2015,26.9,41,44.9,28.8
Ontario,4/5/2015,24.6,35,40.9,26.6
Ontario,4/6/2015,28.3,46.6,42.4,27.9
Ontario,4/7/2015,30.8,45.8,44,30.2
Ontario,4/8/2015,31.7,39.7,44.2,32.1
Ontario,4/9/2015,33.8,47.1,49.1,34.5
Ontario,4/10/2015,38.1,60.6,52.9,36.1
Ontario,4/11/2015,36.4,51.1,58.3,36.5
Ontario,4/12/2015,35,63.3,63.2,37.1
Ontario,4/13/2015,39.8,75.3,67.2,37.3
Ontario,4/14/2015,36.9,63.1,65.7,38
Ontario,4/15/2015,37.1,58.7,60.7,35.7
Ontario,4/16/2015,33,60.3,63.3,38.4
Ontario,4/17/2015,45.1,70.9,65.7,38.8
Ontario,4/18/2015,38.2,65.9,63.6,40.3
Ontario,4/19/2015,37.7,53.9,60,38.5
Ontario,4/20/2015,39.6,60.3,55.1,38.4
Ontario,4/21/2015,38,50.9,53.5,36.1
Ontario,4/22/2015,30.7,49.1,46.2,33
Ontario,4/23/2015,30.1,38.5,43.9,29.6
Ontario,4/24/2015,27.9,44.1,44.7,28.4
Ontario,4/25/2015,27.3,51.5,49.9,30
Ontario,4/26/2015,34.8,54.2,53.2,33.6
Ontario,4/27/2015,38.6,53.9,57.5,37.9
Ontario,4/28/2015,40.3,64.5,61.3,39.9
Ontario,4/29/2015,40.9,65.5,64.8,41
Ontario,4/30/2015,41.9,64.4,66.4,42.1
Ontario,5/1/2015,43.6,69.2,69.2,42.6
Ontario,5/2/2015,42.3,73.8,73.5,44.2
Ontario,5/3/2015,46.5,77.6,76,46
Ontario,5/4/2015,49.1,76.5,72.1,46.4
Ontario,5/5/2015,43.6,62.1,70.2,45.1
Ontario,5/6/2015,42.7,71.8,69.9,44.5
Ontario,5/7/2015,47.2,75.8,75.1,47
Ontario,5/8/2015,51.2,77.8,78,51.1
Ontario,5/9/2015,54.9,80.6,78.7,55.3
Ontario,5/10/2015,59.8,77.6,74.7,56.2
Ontario,5/11/2015,53.8,65.8,69.4,53
Ontario,5/12/2015,45.3,64.7,62.6,46.4
Ontario,5/13/2015,40,57.2,61.7,40.9
Ontario,5/14/2015,37.3,63.2,60.3,41.1
Ontario,5/15/2015,45.9,60.4,66.8,45.5
Ontario,5/16/2015,53.3,76.8,70.1,51.4
Ontario,5/17/2015,54.9,73,77.9,54
Ontario,5/18/2015,53.8,83.9,75.5,50.4
Ontario,5/19/2015,42.4,69.6,71.6,44.9
Ontario,5/20/2015,38.3,61.4,65.9,41.8
Ontario,5/21/2015,44.7,66.6,62.6,40.5
Ontario,5/22/2015,38.6,59.7,65.6,39
Ontario,5/23/2015,33.9,70.4,70.8,41
Ontario,5/24/2015,50.6,82.3,77.8,48.4
Ontario,5/25/2015,60.6,80.6,82.3,58.3
Ontario,5/26/2015,63.7,83.9,82.9,62.2
Ontario,5/27/2015,62.3,84.1,82,61.4
Ontario,5/28/2015,58.1,78.1,80.3,59.5
Ontario,5/29/2015,58.1,78.5,80.4,56.1
Ontario,5/30/2015,52.2,84.6,72.1,51.9
Ontario,5/31/2015,45.3,53.3,65.8,47.7
Ontario,6/1/2015,45.4,59.5,58.8,45.6
Ontario,6/2/2015,46.2,63.5,62.9,46.1
Ontario,6/3/2015,46.8,65.7,67.2,47.4
Ontario,6/4/2015,49.3,72.5,71.5,50.5
Ontario,6/5/2015,55.4,76.4,70.6,51.3
Ontario,6/6/2015,49.1,62.9,69.4,50.4
Ontario,6/7/2015,46.7,68.8,68.3,52.4
Ontario,6/8/2015,61.3,73.2,71.7,55.4
Ontario,6/9/2015,58.3,72.9,75.8,58.5
Ontario,6/10/2015,55.9,81.3,76.8,56.5
Ontario,6/11/2015,55.5,76.3,74.7,56.4
Ontario,6/12/2015,57.7,66.5,72,57
Ontario,6/13/2015,57.9,73.2,68.9,58.4
Ontario,6/14/2015,59.4,67.2,72,59.4
Ontario,6/15/2015,60.8,75.6,73.8,60
Ontario,6/16/2015,59.6,78.5,75.3,58.5
Ontario,6/17/2015,55.1,71.6,77,57.2
Ontario,6/18/2015,57,80.8,73.3,56.1
Ontario,6/19/2015,56.2,67.5,74,54.7
Ontario,6/20/2015,50.9,73.6,73.8,56.4
Ontario,6/21/2015,62,80.5,77.3,58.2
Ontario,6/22/2015,61.7,78,79,60.9
Ontario,6/23/2015,58.8,78.4,78.1,58.8
Ontario,6/24/2015,56,77.8,76.2,57.7
Ontario,6/25/2015,58.3,72.2,74.4,56.7
Ontario,6/26/2015,56,73.2,70.8,55.9
Ontario,6/27/2015,53.4,67,67,54.4
Ontario,6/28/2015,53.7,61,67,54.3
Ontario,6/29/2015,55.7,73,67.6,56.1
Ontario,6/30/2015,58.8,68.8,71.9,57.9
Ontario,7/1/2015,59.3,74,71.3,57.6
Ontario,7/2/2015,54.7,71.2,72.6,55
Ontario,7/3/2015,51,72.6,73.4,52.8
Ontario,7/4/2015,52.7,76.2,75.9,54.4
Ontario,7/5/2015,59.5,78.9,78.5,57.9
Ontario,7/6/2015,61.5,80.5,81.2,60.3
Ontario,7/7/2015,59.9,84.4,78.4,58.8
Ontario,7/8/2015,55,70.3,76.5,57.6
Ontario,7/9/2015,57.8,74.7,75,56.1
Ontario,7/10/2015,55.4,80,79.5,57.3
Ontario,7/11/2015,58.6,83.9,82.1,59.5
Ontario,7/12/2015,64.4,82.3,83.2,62
Ontario,7/13/2015,62.9,83.3,81.4,62.8
Ontario,7/14/2015,61,78.5,77.6,58.9
Ontario,7/15/2015,52.8,70.9,74,55.4
Ontario,7/16/2015,52.3,72.6,71.6,54.6
Ontario,7/17/2015,58.7,71.2,77,58.8
Ontario,7/18/2015,65.4,87.2,82.3,62.9
Ontario,7/19/2015,64.7,88.4,86.6,63.7
Ontario,7/20/2015,61.1,84.2,84.1,62.8
Ontario,7/21/2015,62.7,79.7,80.3,60.8
Ontario,7/22/2015,58.4,77.1,78.5,59.3
Ontario,7/23/2015,56.8,78.8,79.7,56.8
Ontario,7/24/2015,55.3,83.2,82.8,59.5
Ontario,7/25/2015,66.5,86.4,84.6,61.6
Ontario,7/26/2015,63,84.2,86.4,64.7
Ontario,7/27/2015,64.6,88.5,87.6,63.9
Ontario,7/28/2015,64.2,90.1,89.5,65.3
Ontario,7/29/2015,67.3,90,88.9,66.1
Ontario,7/30/2015,66.9,86.5,87.6,65
Ontario,7/31/2015,60.7,86.1,84.7,62.6
Ontario,8/1/2015,60.2,81.4,84.2,60.2
Ontario,8/2/2015,59.7,85.2,82.5,60.9
Ontario,8/3/2015,62.7,81.1,81.8,61.5
Ontario,8/4/2015,62,79,78.4,60.6
Ontario,8/5/2015,57,75.2,76,58.4
Ontario,8/6/2015,56.1,73.8,74.8,56.6
Ontario,8/7/2015,56.7,75.6,74.6,57.2
Ontario,8/8/2015,58.7,74.4,75.5,57
Ontario,8/9/2015,55.5,76.5,75.4,57.3
Ontario,8/10/2015,57.7,75.2,76.3,58.9
Ontario,8/11/2015,63.5,77.2,75.6,60
Ontario,8/12/2015,58.8,74.3,77,58.7
Ontario,8/13/2015,53.9,79.4,78.2,59.5
Ontario,8/14/2015,65.9,80.9,81.5,61.8
Ontario,8/15/2015,65.7,84.2,84.1,65.5
Ontario,8/16/2015,64.8,87.4,87.2,66.3
Ontario,8/17/2015,68.3,90.1,86.2,67.1
Ontario,8/18/2015,68.1,81,85.2,68.1
Ontario,8/19/2015,67.8,84.6,81.8,65.9
Ontario,8/20/2015,61.9,79.8,79.1,62.8
Ontario,8/21/2015,58.8,72.9,75.8,58.4
Ontario,8/22/2015,54.5,74.8,74.8,56.5
Ontario,8/23/2015,56.2,76.7,76.1,56.9
Ontario,8/24/2015,60.1,76.8,74.7,58.2
Ontario,8/25/2015,58.2,70.6,72.2,58.7
Ontario,8/26/2015,57.6,69.2,69,57.1
Ontario,8/27/2015,55.4,67.3,69.9,54.9
Ontario,8/28/2015,51.7,73.1,71.9,55
Ontario,8/29/2015,57.8,75.2,75.6,58.1
Ontario,8/30/2015,64.7,78.4,79,61.8
Ontario,8/31/2015,63,83.3,81.6,63.3
Ontario,9/1/2015,62.1,83.1,85.5,63.8
Ontario,9/2/2015,66.4,90.1,86,65.3
Ontario,9/3/2015,67.2,84.7,85.4,66.9
Ontario,9/4/2015,67,81.4,83.6,65.7
Ontario,9/5/2015,62.9,84.8,84.8,64.8
Ontario,9/6/2015,64.4,88.3,88.4,65.4
Ontario,9/7/2015,69,92.2,88.3,68.1
Ontario,9/8/2015,70.9,84.3,85.3,66.7
Ontario,9/9/2015,60.2,79.3,79.4,62.3
Ontario,9/10/2015,55.9,74.4,75.7,57
Ontario,9/11/2015,55,73.5,70.3,54.6
Ontario,9/12/2015,52.9,63.1,65.6,53.1
Ontario,9/13/2015,51.5,60.1,65.4,51.5
Ontario,9/14/2015,50,73.1,71.7,52.5
Ontario,9/15/2015,55.8,81.9,79.3,55.3
Ontario,9/16/2015,60.1,82.7,82.2,58.5
Ontario,9/17/2015,59.6,81.8,81.9,60
Ontario,9/18/2015,60.4,81.3,80.3,58.1
Ontario,9/19/2015,54.2,77.8,74.8,54.2
Ontario,9/20/2015,47.9,65.3,70.3,50.2
Ontario,9/21/2015,48.6,67.7,68.1,48.3
Ontario,9/22/2015,48.5,71.3,71.5,50
Ontario,9/23/2015,52.8,75.4,72.9,52.4
Ontario,9/24/2015,55.8,72.1,72.1,53.4
Ontario,9/25/2015,51.6,68.9,69.4,51.5
Ontario,9/26/2015,47,67.4,69,49
Ontario,9/27/2015,48.5,70.6,70.1,52.3
Ontario,9/28/2015,61.4,72.3,71.8,55.6
Ontario,9/29/2015,57,72.4,69,54.5
Ontario,9/30/2015,45.1,62.1,64.4,47.1
Ontario,10/1/2015,39.2,58.6,58.2,41.4
Ontario,10/2/2015,39.8,53.7,55.2,40.2
Ontario,10/3/2015,41.7,53.2,55,42.3
Ontario,10/4/2015,45.5,58.2,56.6,44.9
Ontario,10/5/2015,47.4,58.5,59.1,47.4
Ontario,10/6/2015,49.4,60.8,62.7,47.9
Ontario,10/7/2015,46.8,69,62.7,46.5
Ontario,10/8/2015,43.4,58.3,62.5,43.9
Ontario,10/9/2015,41.5,60.3,59,41.1
Ontario,10/10/2015,38.5,58.3,63.5,42.9
Ontario,10/11/2015,48.6,71.9,67.7,47.2
Ontario,10/12/2015,54.6,72.9,70.3,50.9
Ontario,10/13/2015,49.4,66.1,64.5,48.4
Ontario,10/14/2015,41.3,54.5,61.6,43.2
Ontario,10/15/2015,38.7,64.3,57.7,38.3
Ontario,10/16/2015,34.9,54.3,53.7,34
Ontario,10/17/2015,28.3,42.4,46.3,29.9
Ontario,10/18/2015,26.4,42.3,47.5,27.4
Ontario,10/19/2015,27.4,57.9,54.6,34.8
Ontario,10/20/2015,50.6,63.8,58.7,41.1
Ontario,10/21/2015,45.4,54.4,60,45.4
Ontario,10/22/2015,40.1,61.7,54.4,39.2
Ontario,10/23/2015,32,47.2,56.2,37.8
Ontario,10/24/2015,41.2,59.7,54.3,37
Ontario,10/25/2015,37.6,55.9,55,37.6
Ontario,10/26/2015,33.8,49.4,52.4,35.1
Ontario,10/27/2015,33.7,51.8,52.9,37.3
Ontario,10/28/2015,44.2,57.5,55.8,40.4
Ontario,10/29/2015,43.3,58.2,54.9,40
Ontario,10/30/2015,32.7,49,52.3,36
Ontario,10/31/2015,32,49.8,52.4,34.7
Ontario,11/1/2015,39.5,58.3,55,36.6
Ontario,11/2/2015,38.4,56.9,61.1,41.4
Ontario,11/3/2015,46.4,67.9,61.8,42.7
Ontario,11/4/2015,43.4,60.5,65.8,45.8
Ontario,11/5/2015,47.7,68.9,65.3,45.8
Ontario,11/6/2015,46.2,66.5,63.1,43
Ontario,11/7/2015,35.2,54,56.7,37.9
Ontario,11/8/2015,32.4,49.6,52,32.9
Ontario,11/9/2015,31.1,52.3,50.7,31.6
Ontario,11/10/2015,31.3,50.1,52.7,34.9
Ontario,11/11/2015,42.3,55.7,53.4,38.8
Ontario,11/12/2015,42.7,54.4,52.8,40.4
Ontario,11/13/2015,36,48.4,48.2,37.3
Ontario,11/14/2015,33.1,41.9,49.1,34.3
Ontario,11/15/2015,33.8,57,50.4,33.4
Ontario,11/16/2015,33.3,52.2,52.2,33.2
Ontario,11/17/2015,32.5,47.5,52.2,36.3
Ontario,11/18/2015,43,56.8,54.7,38.3
Ontario,11/19/2015,39.3,59.8,53.8,38.6
Ontario,11/20/2015,33.3,44.7,49.1,35
Ontario,11/21/2015,32.4,42.8,42.6,29.6
Ontario,11/22/2015,23.1,40.3,39.5,25
Ontario,11/23/2015,19.5,35.3,38.8,23.3
Ontario,11/24/2015,27.3,40.8,40.4,23.8
Ontario,11/25/2015,24.7,45.1,48,30.8
Ontario,11/26/2015,40.4,58,54.2,32.5
Ontario,11/27/2015,32.5,59.3,50.8,32.7
Ontario,11/28/2015,25,35,44.2,25.9
Ontario,11/29/2015,20,38.4,36.8,24
Ontario,11/30/2015,27,37.1,40.2,25.8
Ontario,12/1/2015,30.3,45.2,42.1,30.6
Ontario,12/2/2015,34.5,44.1,44.1,33.2
Ontario,12/3/2015,34.8,42.9,42.8,35.5
Ontario,12/4/2015,37.1,41.4,43.3,33.3
Ontario,12/5/2015,27.9,45.6,42.1,30.5
Ontario,12/6/2015,26.6,39.3,42,27.4
Ontario,12/7/2015,27.7,41,40.3,30.3
Ontario,12/8/2015,36.7,40.6,44.1,34
Ontario,12/9/2015,37.7,50.5,48.1,37.7
Ontario,12/10/2015,38.7,53.1,53.5,37.9
Ontario,12/11/2015,37.2,56.7,52.5,36.7
Ontario,12/12/2015,34.2,47.5,49.8,36.7
Ontario,12/13/2015,38.7,45,48.8,38.1
Ontario,12/14/2015,41.5,53.7,49.2,37.8
Ontario,12/15/2015,33.1,48.8,48.1,35.9
Ontario,12/16/2015,33.1,41.6,46.6,33.7
Ontario,12/17/2015,34.9,49.3,43,31.8
Ontario,12/18/2015,27.3,38.1,39.3,29.1
Ontario,12/19/2015,25,30.5,36.1,25.4
Ontario,12/20/2015,23.8,39.6,38.6,28.9
Ontario,12/21/2015,37.7,45.7,46.8,33.6
Ontario,12/22/2015,39.2,55,51.9,39.1
Ontario,12/23/2015,40.4,54.9,56.6,40.4
Ontario,12/24/2015,41.7,59.9,55,38.1
Ontario,12/25/2015,32.2,50.1,49.9,34.1
Ontario,12/26/2015,28.4,39.6,42.4,29.3
Ontario,12/27/2015,27.2,37.5,35.7,24.5
Ontario,12/28/2015,17.8,30.2,34.7,24.7
Ontario,12/29/2015,28.9,36.4,34.8,25.8
Ontario,12/30/2015,30.7,37.9,36.1,30.2
Ontario,12/31/2015,31,33.9,34.4,28.8
Ontario,1/1/2016,24.6,31.3,32.5,26.4
Ontario,1/2/2016,23.6,32.3,32.6,19.7
Ontario,1/3/2016,10.8,34.2,26,11.7
Ontario,1/4/2016,0.8,11.4,23.4,4.2
Ontario,1/5/2016,1,24.4,23.8,5.6
Ontario,1/6/2016,15,35.7,33,11.6
Ontario,1/7/2016,19,39,37.7,17.6
Ontario,1/8/2016,18.7,38.4,41.2,24.3
Ontario,1/9/2016,35.2,46.3,43.1,25.5
Ontario,1/10/2016,22.6,44.6,38.2,23.4
Ontario,1/11/2016,12.4,23.7,32,15.8
Ontario,1/12/2016,12.5,27.7,23.8,12.1
Ontario,1/13/2016,11.4,19.8,24.8,12.4
Ontario,1/14/2016,13.3,26.7,27.8,15.9
Ontario,1/15/2016,23,36.7,33.7,19.9
Ontario,1/16/2016,23.3,37.6,35.3,19.9
Ontario,1/17/2016,13.6,31.4,29.1,15.7
Ontario,1/18/2016,10.1,18.1,24.4,9.6
Ontario,1/19/2016,5.3,23.6,22,10.3
Ontario,1/20/2016,15.5,24.1,23.9,11.1
Ontario,1/21/2016,12.5,23.9,24.9,11.8
Ontario,1/22/2016,7.4,26.7,25.1,9.5
Ontario,1/23/2016,8.4,24.8,26.8,8.2
Ontario,1/24/2016,8.8,29,30.5,14.9
Ontario,1/25/2016,27.5,37.7,36.7,22.2
Ontario,1/26/2016,30.3,43.5,38.6,27
Ontario,1/27/2016,23.1,34.5,37.7,26.1
Ontario,1/28/2016,24.7,34.9,33.8,20.8
Ontario,1/29/2016,14.6,32,36.1,18.8
Ontario,1/30/2016,17.1,41.3,41.2,21.4
Ontario,1/31/2016,32.6,50.2,46.5,26.9
Ontario,2/1/2016,30.9,48,44.7,29.6
Ontario,2/2/2016,25.3,36,47.6,29.6
Ontario,2/3/2016,32.5,58.7,44.9,28.9
Ontario,2/4/2016,28.8,40.1,44.9,28.6
Ontario,2/5/2016,24.5,36,38.3,26.6
Ontario,2/6/2016,26.6,38.7,38.6,25.4
Ontario,2/7/2016,25.1,41.2,39.5,25.8
Ontario,2/8/2016,25.8,38.5,37.5,25.2
Ontario,2/9/2016,24.5,32.7,33.7,20.3
Ontario,2/10/2016,10.6,29.8,25.9,12.1
Ontario,2/11/2016,1.2,15.3,22.8,4.5
Ontario,2/12/2016,1.6,23.4,14.6,-4.2
Ontario,2/13/2016,-15.3,5.2,12.9,-8.7
Ontario,2/14/2016,-12.3,9.9,14.9,-7
Ontario,2/15/2016,6.7,29.6,24.6,7.4
Ontario,2/16/2016,27.9,34.3,31.4,16.2
Ontario,2/17/2016,14,30.4,29.6,15.6
Ontario,2/18/2016,4.9,24,33.9,12.7
Ontario,2/19/2016,19.3,47.2,41.1,19.9
Ontario,2/20/2016,35.5,52.1,47,26.9
Ontario,2/21/2016,25.9,41.7,41.6,26.9
Ontario,2/22/2016,19.3,31,35.9,22
Ontario,2/23/2016,20.8,35,33.9,23.3
Ontario,2/24/2016,29.7,35.8,35.5,24.3
Ontario,2/25/2016,22.5,35.9,32.7,21.5
Ontario,2/26/2016,12.2,26.5,33.8,17.8
Ontario,2/27/2016,18.6,39.1,39.6,21.1
Ontario,2/28/2016,32.6,53.3,47.1,23.4
Ontario,2/29/2016,19.1,48.8,40.5,21.1
Ontario,3/1/2016,11.5,19.5,31.2,13.9
Ontario,3/2/2016,11.1,25.4,22.5,11.5
Ontario,3/3/2016,11.7,22.5,26.3,13.1
Ontario,3/4/2016,16.5,30.8,28.2,15.3
Ontario,3/5/2016,17.8,31.2,33.1,16.9
Ontario,3/6/2016,16.4,37.3,39.6,22
Ontario,3/7/2016,31.6,50.2,46.1,28.3
Ontario,3/8/2016,36.8,50.8,56.1,36
Ontario,3/9/2016,39.4,67.4,57.9,37.6
Ontario,3/10/2016,36.6,55.6,56.7,36.6
Ontario,3/11/2016,33.8,47.1,54.8,33.1
Ontario,3/12/2016,29.1,61.7,52,33
Ontario,3/13/2016,36.2,47.1,52.1,33.6
Ontario,3/14/2016,35.7,47.5,48.2,37.4
Ontario,3/15/2016,40.3,49.9,51.2,38.5
Ontario,3/16/2016,39.5,56.2,52.6,38.9
Ontario,3/17/2016,36.8,51.6,49.9,33.8
Ontario,3/18/2016,24.9,41.9,42.7,27.5
Ontario,3/19/2016,20.8,34.5,37.9,21.6
Ontario,3/20/2016,19.1,37.4,37,21.5
Ontario,3/21/2016,24.6,38.9,39.6,22.5
Ontario,3/22/2016,23.7,42.5,40.1,26
Ontario,3/23/2016,29.7,38.8,37.7,26.9
Ontario,3/24/2016,27.3,31.9,35.4,28.3
Ontario,3/25/2016,27.7,35.4,36.6,26.7
Ontario,3/26/2016,24.9,42.4,44.1,26.8
Ontario,3/27/2016,27.8,54.6,48.4,28.9
Ontario,3/28/2016,34.1,48.3,49.1,30.4
Ontario,3/29/2016,29.5,44.6,47.6,30.7
Ontario,3/30/2016,28.7,49.9,52,34.8
Ontario,3/31/2016,46.2,61.5,55.7,37.5
Ontario,4/1/2016,37.7,55.9,53.1,36.7
Ontario,4/2/2016,26.1,41.8,42.5,27.3
Ontario,4/3/2016,18.1,29.8,33.1,20.6
Ontario,4/4/2016,17.7,27.7,30,16.9
Ontario,4/5/2016,14.8,32.6,34.6,19
Ontario,4/6/2016,24.4,43.4,41.3,23
Ontario,4/7/2016,29.8,47.7,43.6,26.4
Ontario,4/8/2016,24.9,39.5,39.4,24.9
Ontario,4/9/2016,20,30.9,34.7,21.1
Ontario,4/10/2016,18.3,33.6,38.6,23
Ontario,4/11/2016,30.7,51.3,43.4,26.1
Ontario,4/12/2016,29.2,45.3,46.8,28.5
Ontario,4/13/2016,25.7,43.7,46.4,26.9
Ontario,4/14/2016,25.9,50,50.5,27.4
Ontario,4/15/2016,30.6,57.8,57.1,31.4
Ontario,4/16/2016,37.9,63.4,63.7,35.2
Ontario,4/17/2016,37.1,70,69,39.6
Ontario,4/18/2016,43.8,73.7,67.9,40.7
Ontario,4/19/2016,41.1,60,64,40.1
Ontario,4/20/2016,35.4,58.3,59.5,38.6
Ontario,4/21/2016,39.3,60.2,61.2,39
Ontario,4/22/2016,42.3,65.1,59.9,38.7
Ontario,4/23/2016,34.6,54.3,56.9,36.7
Ontario,4/24/2016,33.2,51.3,51,34.8
Ontario,4/25/2016,36.4,47.4,47.5,34.4
Ontario,4/26/2016,33.6,43.7,47.4,33.8
Ontario,4/27/2016,31.3,51.1,47.4,32
Ontario,4/28/2016,31,47.2,50.3,33.1
Ontario,4/29/2016,36.9,52.4,52.6,33.9
Ontario,4/30/2016,33.8,58.2,54,37.5
Ontario,5/1/2016,41.8,51.3,54.4,39.3
Ontario,5/2/2016,42.4,53.6,53.1,41.4
Ontario,5/3/2016,40.1,54.5,56.2,41.4
Ontario,5/4/2016,41.8,60.4,58.6,42.2
Ontario,5/5/2016,44.8,61,63.8,44.2
Ontario,5/6/2016,46.1,70,65,45.1
Ontario,5/7/2016,44.5,63.9,64.2,43
Ontario,5/8/2016,38.5,58.9,60.2,39.2
Ontario,5/9/2016,34.8,57.8,59.5,36.7
Ontario,5/10/2016,37,61.7,61.6,36.5
Ontario,5/11/2016,37.8,65.4,66.2,38.8
Ontario,5/12/2016,41.7,71.6,69.1,44.1
Ontario,5/13/2016,52.9,70.4,67.2,44.2
Ontario,5/14/2016,38.1,59.4,58.8,42
Ontario,5/15/2016,35.1,46.6,55.8,35.2
Ontario,5/16/2016,32.3,61.2,55.5,35.8
Ontario,5/17/2016,40.1,58.8,60.5,37.3
Ontario,5/18/2016,39.6,61.5,62.7,42.2
Ontario,5/19/2016,47,67.8,67,44
Ontario,5/20/2016,45.4,71.9,71.1,48.1
Ontario,5/21/2016,52,73.7,73,50.2
Ontario,5/22/2016,53.2,73.3,75,51.9
Ontario,5/23/2016,50.5,78,78.8,52
Ontario,5/24/2016,52.3,84.9,82.3,53.8
Ontario,5/25/2016,58.7,84,81.7,56.9
Ontario,5/26/2016,59.9,76,82.1,59.8
Ontario,5/27/2016,60.8,86.3,83.3,61.9
Ontario,5/28/2016,65.1,87.6,86.9,64.3
Ontario,5/29/2016,67.2,87,85.6,64.8
Ontario,5/30/2016,62.3,82.2,83,61.8
Ontario,5/31/2016,55.8,79.8,77.2,57.6
Ontario,6/1/2016,54.7,69.5,78,57.1
Ontario,6/2/2016,60.7,84.6,77.5,57.8
Ontario,6/3/2016,58.1,78.3,80.5,58.5
Ontario,6/4/2016,56.7,78.7,77.5,58.2
Ontario,6/5/2016,59.9,75.5,77.3,58.2
Ontario,6/6/2016,58.1,77.7,74,56.3
Ontario,6/7/2016,50.8,68.8,68.1,51.5
Ontario,6/8/2016,45.5,57.9,64.4,47.2
Ontario,6/9/2016,45.4,66.6,65.2,45.8
Ontario,6/10/2016,46.7,71.2,73.7,49
Ontario,6/11/2016,54.8,83.2,74.1,51.9
Ontario,6/12/2016,54.2,67.9,73,53.5
Ontario,6/13/2016,51.3,68,68.8,51.1
Ontario,6/14/2016,47.9,70.6,71.8,50.1
Ontario,6/15/2016,51.2,76.7,75.6,52.7
Ontario,6/16/2016,58.8,79.4,80,55.6
Ontario,6/17/2016,56.8,83.9,84,58.2
Ontario,6/18/2016,59,88.7,88.1,59.7
Ontario,6/19/2016,63.3,91.6,91.2,62.3
Ontario,6/20/2016,64.6,93.4,88.1,61.3
Ontario,6/21/2016,56.1,79.4,83.2,59.5
Ontario,6/22/2016,57.7,76.9,77.3,55.4
Ontario,6/23/2016,52.4,75.7,77.5,55.2
Ontario,6/24/2016,55.4,80.1,79.9,55.5
Ontario,6/25/2016,58.7,84.1,85.2,58.8
Ontario,6/26/2016,62.3,91.6,88.5,63
Ontario,6/27/2016,68.1,89.8,85.3,63.5
Ontario,6/28/2016,60,74.7,81.3,62.1
Ontario,6/29/2016,58.1,79.4,78.2,57.5
Ontario,6/30/2016,54.4,80.5,78.3,55.9
Ontario,7/1/2016,55.1,75.1,77.6,54.4
Ontario,7/2/2016,53.8,77.1,78,54.9
Ontario,7/3/2016,55.9,81.7,80.8,55.8
Ontario,7/4/2016,57.6,83.6,85,59.5
Ontario,7/5/2016,64.9,89.6,87.4,62.6
Ontario,7/6/2016,65.2,89,88.9,66.4
Ontario,7/7/2016,69.1,88.2,86.5,67.2
Ontario,7/8/2016,67.2,82.2,82.9,66.9
Ontario,7/9/2016,64.3,78.5,80.4,64.2
Ontario,7/10/2016,61.1,80.6,79.8,62.4
Ontario,7/11/2016,61.9,80.5,82.8,63
Ontario,7/12/2016,65.9,87.3,87.8,65.4
Ontario,7/13/2016,68.3,95.8,90.3,67.5
Ontario,7/14/2016,68.4,87.9,88.3,65.9
Ontario,7/15/2016,61,81.3,80.7,62.7
Ontario,7/16/2016,58.7,72.9,77.7,59
Ontario,7/17/2016,57.3,79,79,59.3
Ontario,7/18/2016,62.1,85.2,80.4,58.5
Ontario,7/19/2016,56.1,76.9,81,58.5
Ontario,7/20/2016,57.4,80.8,82.9,59
Ontario,7/21/2016,63.6,91.1,88.6,64.3
Ontario,7/22/2016,71.8,93.8,91.9,68.4
Ontario,7/23/2016,69.8,90.9,88.3,69.2
Ontario,7/24/2016,65.9,80.3,86.3,67.8
Ontario,7/25/2016,67.7,87.6,84.5,65.5
Ontario,7/26/2016,62.8,85.6,88.4,64.7
Ontario,7/27/2016,63.6,91.9,87.5,65
Ontario,7/28/2016,68.5,85,86.4,65.8
Ontario,7/29/2016,65.1,82.4,82.2,65.5
Ontario,7/30/2016,62.8,79.3,79.9,64.7
Ontario,7/31/2016,66.2,78,79.4,64.5
Ontario,8/1/2016,64.6,80.8,80.9,65
Ontario,8/2/2016,64.3,83.7,83.1,64.2
Ontario,8/3/2016,63.6,84.7,85.9,64.6
Ontario,8/4/2016,65.8,89.5,88.7,66.5
Ontario,8/5/2016,70,91.9,88.7,66.6
Ontario,8/6/2016,63.9,84.9,86.5,65.2
Ontario,8/7/2016,61.8,82.7,83.1,61.6
Ontario,8/8/2016,59.2,81.7,84,60.2
Ontario,8/9/2016,59.5,87.7,88,62.4
Ontario,8/10/2016,68.4,94.7,91.2,66.1
Ontario,8/11/2016,70.5,91.3,93,71.3
Ontario,8/12/2016,75.1,92.9,89.4,72.1
Ontario,8/13/2016,70.8,84,86.9,70.9
Ontario,8/14/2016,66.7,83.9,82.5,66.9
Ontario,8/15/2016,63.2,79.5,82.4,64.3
Ontario,8/16/2016,63.1,83.9,81.4,62.3
Ontario,8/17/2016,60.7,80.8,82.6,63.1
Ontario,8/18/2016,65.5,83.1,82.8,63.3
Ontario,8/19/2016,63.6,84.4,84.8,65.2
Ontario,8/20/2016,66.4,87,84.1,64
Ontario,8/21/2016,62,80.9,80.8,61
Ontario,8/22/2016,54.7,74.4,79.4,58.2
Ontario,8/23/2016,57.8,82.9,81.1,58.2
Ontario,8/24/2016,62.3,86.1,85,63.1
Ontario,8/25/2016,69.4,86,85.6,65.4
Ontario,8/26/2016,64.5,84.6,83.4,64.6
Ontario,8/27/2016,60,79.5,83.5,63.3
Ontario,8/28/2016,65.5,86.3,82,62.7
Ontario,8/29/2016,62.7,80.2,83.7,63.1
Ontario,8/30/2016,61.1,84.7,82.6,62.3
Ontario,8/31/2016,63,82.9,80.3,61.1
Ontario,9/1/2016,59.3,73.3,76.7,59
Ontario,9/2/2016,54.6,74.1,73.9,55.8
Ontario,9/3/2016,53.4,74.2,75,53.8
Ontario,9/4/2016,53.3,76.8,78.3,54.4
Ontario,9/5/2016,56.5,84.1,82.7,58.1
Ontario,9/6/2016,64.4,87.3,88.1,63.6
Ontario,9/7/2016,70,93.1,88.4,67.8
Ontario,9/8/2016,69,84.9,87.1,68.4
Ontario,9/9/2016,66.1,83.3,84.2,66.6
Ontario,9/10/2016,64.6,84.5,80.6,62.2
Ontario,9/11/2016,55.9,74,78,57.3
Ontario,9/12/2016,51.4,75.6,77.1,54.4
Ontario,9/13/2016,56,81.8,76.2,53.4
Ontario,9/14/2016,52.7,71.1,73.3,52.9
Ontario,9/15/2016,49.9,66.8,70.6,50.5
Ontario,9/16/2016,48.8,73.8,71.3,53.5
Ontario,9/17/2016,61.9,73.2,75.6,57.8
Ontario,9/18/2016,62.8,79.8,77.4,61.4
Ontario,9/19/2016,59.6,79.2,80.5,60.1
Ontario,9/20/2016,57.9,82.6,80.8,58.1
Ontario,9/21/2016,57,80.6,82.2,57.4
Ontario,9/22/2016,57.3,83.5,77.7,54.6
Ontario,9/23/2016,49.6,69.1,72.8,50.6
Ontario,9/24/2016,45,65.9,65.9,46.3
Ontario,9/25/2016,44.2,62.8,64.3,46.1
Ontario,9/26/2016,49,64.1,66.1,47.1
Ontario,9/27/2016,48.2,71.4,68.8,50.2
Ontario,9/28/2016,53.3,70.8,68.4,51.7
Ontario,9/29/2016,53.6,63,66.8,53.3
Ontario,9/30/2016,53.1,66.7,63.6,53.6
Ontario,10/1/2016,54,61.1,64.2,54.2
Ontario,10/2/2016,55.5,64.8,63.6,55.2
Ontario,10/3/2016,55.9,65,65.6,55.9
Ontario,10/4/2016,56.2,67.1,66.8,55.7
Ontario,10/5/2016,54.9,68.3,69.6,56
Ontario,10/6/2016,56.9,73.5,71.4,54.9
Ontario,10/7/2016,52.9,72.3,70.5,52
Ontario,10/8/2016,46.1,65.6,64.2,46.3
Ontario,10/9/2016,39.9,54.7,58.6,40.3
Ontario,10/10/2016,35,55.5,57.5,37.1
Ontario,10/11/2016,36.3,62.1,63.2,39.8
Ontario,10/12/2016,48.1,72,67.2,41.3
Ontario,10/13/2016,39.4,67.3,65.5,41.8
Ontario,10/14/2016,37.8,57,63.3,39.6
Ontario,10/15/2016,41.8,65.4,63.6,46
Ontario,10/16/2016,58.5,68.5,67.7,52.8
Ontario,10/17/2016,58.2,69.1,71.5,56.3
Ontario,10/18/2016,52.3,77,71.9,52.8
Ontario,10/19/2016,47.9,69.5,68.3,49.9
Ontario,10/20/2016,49.4,58.5,61.1,46.3
Ontario,10/21/2016,41.5,55.4,54,42.7
Ontario,10/22/2016,37.3,48.1,53.5,38.6
Ontario,10/23/2016,36.8,57,51.4,38
Ontario,10/24/2016,39.8,49.3,50.5,38
Ontario,10/25/2016,37.4,45.3,45,36.1
Ontario,10/26/2016,31.1,40.6,42.6,33.5
Ontario,10/27/2016,32.1,41.9,44.1,32.1
Ontario,10/28/2016,33.2,49.8,52,38
Ontario,10/29/2016,48.8,64.3,55,39
Ontario,10/30/2016,34.9,50.9,53.9,38.5
Ontario,10/31/2016,31.9,46.4,53.2,35.6
Ontario,11/1/2016,40.1,62.3,57.6,41.3
Ontario,11/2/2016,52,64,60.9,44.9
Ontario,11/3/2016,42.8,56.3,57.4,43.9
Ontario,11/4/2016,36.9,51.8,55.2,40.7
Ontario,11/5/2016,42.4,57.6,54.5,39.1
Ontario,11/6/2016,38.1,54.1,56.4,37.7
Ontario,11/7/2016,32.5,57.5,57.7,36.7
Ontario,11/8/2016,39.4,61.6,56.7,35
Ontario,11/9/2016,33.1,51.2,57.6,34.9
Ontario,11/10/2016,32.1,59.9,54.7,32.5
Ontario,11/11/2016,32.2,53,53.8,30.4
Ontario,11/12/2016,26.8,48.5,51.9,30.7
Ontario,11/13/2016,33.1,54.3,53.3,32.1
Ontario,11/14/2016,36.4,57.2,55.9,34.6
Ontario,11/15/2016,34.3,56.3,55.5,36.3
Ontario,11/16/2016,38.4,53,53.7,36.2
Ontario,11/17/2016,36,51.8,54.8,37.9
Ontario,11/18/2016,39.4,59.6,56.9,35.5
Ontario,11/19/2016,31.1,59.3,52,32.6
Ontario,11/20/2016,27.5,37.1,43.6,28.5
Ontario,11/21/2016,26.9,34.4,35.7,26.1
Ontario,11/22/2016,23.9,35.4,34.5,25.7
Ontario,11/23/2016,26.2,33.7,35.8,27.8
Ontario,11/24/2016,33.2,38.1,38.4,32.2
Ontario,11/25/2016,37.2,43.4,41.6,35.4
Ontario,11/26/2016,35.6,43.1,43.6,35.4
Ontario,11/27/2016,33.3,44.2,43.9,34.5
Ontario,11/28/2016,34.7,44.3,47.9,35.8
Ontario,11/29/2016,39.4,55.3,50.2,38.8
Ontario,11/30/2016,42.2,51.1,50.7,40.2
Ontario,12/1/2016,39,45.8,46.3,38.8
Ontario,12/2/2016,35.1,42.1,43.1,35.3
Ontario,12/3/2016,31.7,41.5,39.8,32.3
Ontario,12/4/2016,30.1,35.8,39.3,30.6
Ontario,12/5/2016,30,40.5,38.7,29.7
Ontario,12/6/2016,29.1,39.9,39.3,29.4
Ontario,12/7/2016,29.1,37.6,36.7,27.5
Ontario,12/8/2016,24.4,32.6,33.3,24
Ontario,12/9/2016,18.5,29.7,30.1,19.9
Ontario,12/10/2016,16.9,27.9,29.3,17.3
Ontario,12/11/2016,16.4,30.3,31.3,19.6
Ontario,12/12/2016,25.5,35.6,32,20.8
Ontario,12/13/2016,20.5,30.1,30,19.7
Ontario,12/14/2016,13.2,24.3,24.1,13.2
Ontario,12/15/2016,6.1,17.9,20.2,8.9
Ontario,12/16/2016,7.5,18.3,22.1,10.1
Ontario,12/17/2016,16.7,30.1,26.5,10.4
Ontario,12/18/2016,7.1,30.9,26,9.9
Ontario,12/19/2016,5.9,16.8,26.4,7.8
Ontario,12/20/2016,10.5,31.5,26.7,11.6
Ontario,12/21/2016,18.5,31.7,33.4,19.9
Ontario,12/22/2016,30.7,37.1,35.2,25.5
Ontario,12/23/2016,27.2,36.7,37.2,30.1
Ontario,12/24/2016,32.5,37.9,37.1,27.2
Ontario,12/25/2016,21.9,36.7,40.7,25.1
Ontario,12/26/2016,20.9,47.6,42.9,23.3
Ontario,12/27/2016,27.1,44.3,41.6,23.5
Ontario,12/28/2016,22.5,32.8,37.2,25.1
Ontario,12/29/2016,25.7,34.6,33,23.9
Ontario,12/30/2016,23.4,31.6,34.5,23.7
Ontario,12/31/2016,22.1,37.3,34.6,23.7
Ontario,1/1/2017,25.6,34.8,37.5,23.5
Ontario,1/2/2017,22.8,40.6,38.2,26.7
Ontario,1/3/2017,31.7,39.4,39.4,24
Ontario,1/4/2017,17.7,38.2,32.8,20.4
Ontario,1/5/2017,11.9,20.8,26,11.8
Ontario,1/6/2017,5.9,19.1,19.4,7.5
Ontario,1/7/2017,4.8,18.3,17.4,5.2
Ontario,1/8/2017,5,14.7,19.5,6.9
Ontario,1/9/2017,10.9,25.4,28.5,12.8
Ontario,1/10/2017,22.6,45.4,38.7,22.4
Ontario,1/11/2017,33.7,45.3,46.2,28.5
Ontario,1/12/2017,29.3,47.9,41.2,25.8
Ontario,1/13/2017,14.4,30.4,34.4,18.9
Ontario,1/14/2017,13.1,24.9,28.5,14.9
Ontario,1/15/2017,17.1,30.2,30.7,16.2
Ontario,1/16/2017,18.3,36.8,34.1,22.1
Ontario,1/17/2017,30.9,35.1,36.4,27.1
Ontario,1/18/2017,32.2,37.2,36.3,32.1
Ontario,1/19/2017,33.2,36.8,37.3,32.8
Ontario,1/20/2017,32.9,37.9,39,33.8
Ontario,1/21/2017,35.1,42.3,40.4,34.2
Ontario,1/22/2017,34.6,40.8,40.5,33.8
Ontario,1/23/2017,31.8,38.4,37.7,32.2
Ontario,1/24/2017,30.1,34,37.2,30.7
Ontario,1/25/2017,30.2,39.1,37.1,30.7
Ontario,1/26/2017,31.8,38.3,37.4,30.1
Ontario,1/27/2017,28.1,34.7,34.5,29
Ontario,1/28/2017,27.1,30.5,31.4,25
Ontario,1/29/2017,19.6,29,27.7,19.3
Ontario,1/30/2017,11.2,23.7,26.6,16.1
Ontario,1/31/2017,17.3,27,28.4,16
Ontario,2/1/2017,19.3,34.4,29.2,18.1
Ontario,2/2/2017,17.8,26.2,27.8,17.3
Ontario,2/3/2017,14.9,22.8,25.3,15.8
Ontario,2/4/2017,14.9,26.9,27.4,18.2
Ontario,2/5/2017,24.9,32.5,30.8,19.5
Ontario,2/6/2017,18.8,33,34.3,23.3
Ontario,2/7/2017,26.1,37.5,36.5,20.8
Ontario,2/8/2017,17.5,38.8,33,17.5
Ontario,2/9/2017,8.9,22.8,28.8,13.6
Ontario,2/10/2017,14.3,24.9,27.8,14.9
Ontario,2/11/2017,21.5,35.6,31.4,18.4
Ontario,2/12/2017,19.4,33.7,32.6,20.3
Ontario,2/13/2017,19.9,28.6,33.3,18.9
Ontario,2/14/2017,17.3,37.5,33.7,19.2
Ontario,2/15/2017,20.4,34.9,32.8,17.7
Ontario,2/16/2017,15.4,26.1,30.8,17.9
Ontario,2/17/2017,18,31.4,36.6,18.7
Ontario,2/18/2017,22.7,52.3,45.1,25
Ontario,2/19/2017,34.3,51.6,47.9,28.2
Ontario,2/20/2017,27.5,39.7,44.6,30.1
Ontario,2/21/2017,28.4,42.5,43.2,30.7
Ontario,2/22/2017,36.1,47.3,51,34.1
Ontario,2/23/2017,37.9,63.1,50.9,37
Ontario,2/24/2017,36.9,42.4,51.8,33.9
Ontario,2/25/2017,26.9,49.9,43,28.9
Ontario,2/26/2017,22.8,36.6,44.4,26.8
Ontario,2/27/2017,30.5,46.5,43.9,28.6
Ontario,2/28/2017,32.4,48.6,50.8,29.8
Ontario,3/1/2017,26.4,57.1,45.7,25.6
Ontario,3/2/2017,18.1,31.5,36.9,19.1
Ontario,3/3/2017,12.9,22,23.7,13
Ontario,3/4/2017,7.9,17.6,22.1,9.7
Ontario,3/5/2017,8.2,26.8,28.7,13.3
Ontario,3/6/2017,23.8,41.8,40.8,23.7
Ontario,3/7/2017,39.1,53.7,48.4,32.3
Ontario,3/8/2017,33.9,49.6,46.9,33.3
Ontario,3/9/2017,26.8,37.2,38.5,24.1
Ontario,3/10/2017,11.7,28.5,28,14.6
Ontario,3/11/2017,5.3,18.2,22.9,7.8
Ontario,3/12/2017,6.5,22.1,20.5,7.3
Ontario,3/13/2017,10,21.1,20.6,9.5
Ontario,3/14/2017,11.8,18.6,22.2,12.2
Ontario,3/15/2017,14.7,26.8,26.1,14.6
Ontario,3/16/2017,17.3,32.8,33.1,16
Ontario,3/17/2017,15.8,39.8,36.6,19.4
Ontario,3/18/2017,25,37.1,40.5,22.6
Ontario,3/19/2017,27.1,44.6,41.8,26
Ontario,3/20/2017,25.8,43.8,46.6,26
Ontario,3/21/2017,25.1,51.5,41.5,21.8
Ontario,3/22/2017,14.7,29.2,38.7,17.9
Ontario,3/23/2017,13.9,35.3,39.9,19.7
Ontario,3/24/2017,30.4,55.2,43,24.8
Ontario,3/25/2017,30.1,38.3,45.5,29.6
Ontario,3/26/2017,28.1,43,46.4,33.1
Ontario,3/27/2017,41.2,57.8,49.8,34.9
Ontario,3/28/2017,35.3,48.4,51.7,36.4
Ontario,3/29/2017,32.6,48.9,45.3,33.1
Ontario,3/30/2017,31.5,38.6,42.5,32.4
Ontario,3/31/2017,33.1,40,42.6,32.9
Ontario,4/1/2017,34.1,49.2,49,33.6
Ontario,4/2/2017,33.5,57.9,53.2,35.7
Ontario,4/3/2017,39.4,52.7,54.2,37.3
Ontario,4/4/2017,38.9,51.9,50.9,39.2
Ontario,4/5/2017,39.3,48.1,48.5,37.3
Ontario,4/6/2017,33.7,45.4,45.2,34.8
Ontario,4/7/2017,31.3,42.2,46.8,32.3
Ontario,4/8/2017,31.8,52.8,54,33.4
Ontario,4/9/2017,37.2,66.9,64.7,39.1
Ontario,4/10/2017,48.4,74.3,70,44
Ontario,4/11/2017,46.4,68.9,63.4,43.3
Ontario,4/12/2017,35.2,47.2,57.5,38.3
Ontario,4/13/2017,33.3,56.4,54,34.8
Ontario,4/14/2017,35.8,58.4,61,35.3
Ontario,4/15/2017,36.9,68.1,65.6,40.7
Ontario,4/16/2017,49.3,70.4,63.7,40.3
Ontario,4/17/2017,34.8,52.7,57.4,38.6
Ontario,4/18/2017,31.6,49.1,56.8,35.9
Ontario,4/19/2017,41.2,68.6,54.9,37.7
Ontario,4/20/2017,40.2,46.9,56.2,41.2
Ontario,4/21/2017,42.2,53.1,51.5,40.7
Ontario,4/22/2017,39.5,54.7,58.4,39.3
Ontario,4/23/2017,36.1,67.4,58.8,38.7
Ontario,4/24/2017,40.6,54.2,58.4,39.1
Ontario,4/25/2017,40.7,53.7,57,42.6
Ontario,4/26/2017,46.4,63,64.8,45
Ontario,4/27/2017,47.7,77.8,69.4,47.1
Ontario,4/28/2017,47.1,67.6,68.4,45.7
Ontario,4/29/2017,42.3,59.7,58,42.4
Ontario,4/30/2017,37.8,46.6,54.8,40.4
Ontario,5/1/2017,41.2,58,52.4,40.9
Ontario,5/2/2017,43.7,52.7,55.9,41.1
Ontario,5/3/2017,38.3,56.9,54.1,40.1
Ontario,5/4/2017,38.3,52.7,53.3,39.9
Ontario,5/5/2017,43.2,50.4,50.7,41.1
Ontario,5/6/2017,41.8,49.1,50.7,40.9
Ontario,5/7/2017,37.7,52.7,50.9,38.2
Ontario,5/8/2017,35,51.1,51.7,36.1
Ontario,5/9/2017,35.5,51.4,51.3,36.6
Ontario,5/10/2017,39.3,51.5,53.4,39.4
Ontario,5/11/2017,43.6,57.5,56.4,41.7
Ontario,5/12/2017,42.2,60.3,60.2,43.8
Ontario,5/13/2017,45.7,62.8,61.6,43.7
Ontario,5/14/2017,43.3,61.8,63.9,44.2
Ontario,5/15/2017,43.5,67.2,63.6,44.3
Ontario,5/16/2017,46,61.8,71.5,45.9
Ontario,5/17/2017,48.2,85.6,78,52.2
Ontario,5/18/2017,62.4,86.5,78.5,52.4
Ontario,5/19/2017,46.6,63.6,70.3,50.9
Ontario,5/20/2017,43.8,60.8,60.9,46
Ontario,5/21/2017,47.5,58.3,60.7,46.8
Ontario,5/22/2017,49.1,63.1,64.5,48.3
Ontario,5/23/2017,48.3,72.2,69.6,50.4
Ontario,5/24/2017,53.9,73.5,69,51.2
Ontario,5/25/2017,51.4,61.3,66,52.6
Ontario,5/26/2017,52.4,63.2,63.9,51.8
Ontario,5/27/2017,51.5,67.2,67.4,51.3
Ontario,5/28/2017,50,71.7,71.8,52.5
Ontario,5/29/2017,56.1,76.4,73.7,53
Ontario,5/30/2017,52.8,73,74.1,53.6
Ontario,5/31/2017,51.8,73,70.4,50.8
Ontario,6/1/2017,47.9,65.2,68.6,48.9
Ontario,6/2/2017,47.1,67.6,67.3,48.4
Ontario,6/3/2017,50.1,69.1,68.8,49.6
Ontario,6/4/2017,51.5,69.9,67.1,51.7
Ontario,6/5/2017,53.4,62.3,64.7,51.6
Ontario,6/6/2017,49.9,62,64.9,49.8
Ontario,6/7/2017,46,70.3,69.4,49
Ontario,6/8/2017,51,76,75.7,50.7
Ontario,6/9/2017,55,80.6,80.5,54.1
Ontario,6/10/2017,56.3,84.9,85.1,60.2
Ontario,6/11/2017,69.3,89.7,88.6,64.4
Ontario,6/12/2017,67.5,91.2,86.3,66.3
Ontario,6/13/2017,62.2,78.1,80.9,62.1
Ontario,6/14/2017,56.6,73.5,73.7,58.9
Ontario,6/15/2017,57.9,69.4,75.6,58.1
Ontario,6/16/2017,59.9,83.8,78.3,61.1
Ontario,6/17/2017,65.4,81.8,83.8,63.8
Ontario,6/18/2017,66.1,85.7,82.6,64.5
Ontario,6/19/2017,62.1,80.4,80.3,61.4
Ontario,6/20/2017,56,74.7,76.2,57.3
Ontario,6/21/2017,53.9,73.5,74.9,55.3
Ontario,6/22/2017,55.8,76.4,75.6,57.4
Ontario,6/23/2017,62.5,76.9,76.4,59
Ontario,6/24/2017,58.6,75.8,74.7,59.1
Ontario,6/25/2017,56.3,71.4,72.6,55.7
Ontario,6/26/2017,52.4,70.7,70.4,53.5
Ontario,6/27/2017,51.8,69.3,71.9,52.4
Ontario,6/28/2017,53.1,75.9,75.2,54.1
Ontario,6/29/2017,57.3,80.5,79.2,59
Ontario,6/30/2017,66.5,81.2,80.1,61.6
Ontario,7/1/2017,61,78.7,79.9,61.7
Ontario,7/2/2017,57.6,79.9,78.6,58.9
Ontario,7/3/2017,58,77.3,78.4,57.7
Ontario,7/4/2017,57.3,78,78.7,57
Ontario,7/5/2017,55.7,80.9,81.3,58
Ontario,7/6/2017,61,84.9,83.4,61.4
Ontario,7/7/2017,67.4,84.3,81.6,62.8
Ontario,7/8/2017,59.8,75.7,80.2,62.2
Ontario,7/9/2017,59.4,80.6,78,60.9
Ontario,7/10/2017,63.6,77.7,80.8,61.6
Ontario,7/11/2017,62,83.9,80.2,63.5
Ontario,7/12/2017,65.1,78.9,77.8,62
Ontario,7/13/2017,58.9,70.5,76.7,61.5
Ontario,7/14/2017,60.7,80.8,77.4,61.2
Ontario,7/15/2017,64,81,81,62.1
Ontario,7/16/2017,61.7,81.3,80.4,63.8
Ontario,7/17/2017,65.7,79,80.9,63.3
Ontario,7/18/2017,62.6,82.4,83.1,64.3
Ontario,7/19/2017,64.5,87.9,82.6,62.7
Ontario,7/20/2017,61,77.5,83.4,63.5
Ontario,7/21/2017,64.9,84.7,79,64
Ontario,7/22/2017,66.1,74.6,78,65.5
Ontario,7/23/2017,65.6,74.7,73.2,63.6
Ontario,7/24/2017,59.3,70.4,72.8,61.1
Ontario,7/25/2017,58.5,73.4,72,58.2
Ontario,7/26/2017,56.9,72.2,75.1,59.7
Ontario,7/27/2017,63.9,79.8,74.8,59.8
Ontario,7/28/2017,58.7,72.5,77.5,59.9
Ontario,7/29/2017,57,80.1,79.3,59
Ontario,7/30/2017,61.3,85.2,84.2,59.9
Ontario,7/31/2017,61.3,87.4,85.2,61.8
Ontario,8/1/2017,62.8,83.1,85.2,62.5
Ontario,8/2/2017,63.5,85.3,83.1,63.6
Ontario,8/3/2017,64.6,81,82.2,62.6
Ontario,8/4/2017,59.8,80.5,77.5,59.9
Ontario,8/5/2017,55.3,71.2,76.2,55.9
Ontario,8/6/2017,52.5,77,73.1,54.6
Ontario,8/7/2017,56,71.1,75.2,54.7
Ontario,8/8/2017,55.7,77.6,77.1,57.2
Ontario,8/9/2017,59.9,82.6,80.1,59.3
Ontario,8/10/2017,62.4,80.2,80.1,61.6
Ontario,8/11/2017,62.4,77.7,78.8,62.1
Ontario,8/12/2017,61.3,78.4,78.4,60.1
Ontario,8/13/2017,56.4,79.1,78.8,59.5
Ontario,8/14/2017,60.7,79,79.7,59.1
Ontario,8/15/2017,60.2,81,78,60.1
Ontario,8/16/2017,59.4,74,76.5,60
Ontario,8/17/2017,60.4,74.5,75.8,61.8
Ontario,8/18/2017,65.8,79,76.7,62.5
Ontario,8/19/2017,61.4,76.8,79.3,62.5
Ontario,8/20/2017,60.3,82.2,81.3,62
Ontario,8/21/2017,64.5,85.1,82.4,61.1
Ontario,8/22/2017,58.5,80,79.5,59
Ontario,8/23/2017,53.9,73.5,73.9,54.5
Ontario,8/24/2017,51.2,68.4,70.7,52
Ontario,8/25/2017,51,70.4,70.2,50.4
Ontario,8/26/2017,49.1,71.8,71.7,49.9
Ontario,8/27/2017,49.7,72.8,72.8,52
Ontario,8/28/2017,57.3,73.7,73.3,54.7
Ontario,8/29/2017,57.2,73.4,74.3,56.5
Ontario,8/30/2017,54.8,75.7,71.8,53.8
Ontario,8/31/2017,49.4,66.4,68.4,49.8
Ontario,9/1/2017,45.3,63.1,65.8,46.4
Ontario,9/2/2017,44.4,67.9,66.5,48.4
Ontario,9/3/2017,55.3,68.7,71.9,52
Ontario,9/4/2017,56.3,79.2,72.6,55.5
Ontario,9/5/2017,54.9,70,72.6,54.5
Ontario,9/6/2017,52.2,68.7,68.8,52.3
Ontario,9/7/2017,49.7,67.6,67.1,50.3
Ontario,9/8/2017,49,65,65.5,48.4
Ontario,9/9/2017,46.5,64,65,47.3
Ontario,9/10/2017,46.3,66.1,67.6,46.3
Ontario,9/11/2017,46,72.7,71.5,47
Ontario,9/12/2017,48.7,75.8,75.2,48.9
Ontario,9/13/2017,52,77.1,78.1,53
Ontario,9/14/2017,58.2,81.5,79.4,57.1
Ontario,9/15/2017,61.1,79.6,80.7,59.1
Ontario,9/16/2017,58.1,81,80.4,59.2
Ontario,9/17/2017,58.5,80.6,81.2,58.7
Ontario,9/18/2017,59.5,82,81.2,60.7
Ontario,9/19/2017,64,81,80.6,62.1
Ontario,9/20/2017,62.6,78.8,80.1,61.7
Ontario,9/21/2017,58.5,80.5,79.9,60.1
Ontario,9/22/2017,59.1,80.4,83.7,59.6
Ontario,9/23/2017,61.1,90.2,87.5,61.9
Ontario,9/24/2017,65.5,91.8,90.3,64.5
Ontario,9/25/2017,67,88.8,89.5,66.4
Ontario,9/26/2017,66.6,88,87.8,63.7
Ontario,9/27/2017,57.5,86.5,80.2,56.9
Ontario,9/28/2017,46.6,66.1,72.1,50
Ontario,9/29/2017,45.8,63.6,62.9,44.6
Ontario,9/30/2017,41.5,59.1,62.1,41.8
Ontario,10/1/2017,38.2,63.6,63.5,40.8
Ontario,10/2/2017,42.8,67.8,68.7,41.9
Ontario,10/3/2017,44.6,74.7,74.1,46.2
Ontario,10/4/2017,51.3,79.6,75.7,47.9
Ontario,10/5/2017,47.7,72.7,73.8,51
Ontario,10/6/2017,54.2,69.1,73.9,53.6
Ontario,10/7/2017,59,80,75.2,58.5
Ontario,10/8/2017,62.4,76.6,75.6,59.5
Ontario,10/9/2017,57,70.3,73.4,57.1
Ontario,10/10/2017,51.9,73.3,66.5,50.9
Ontario,10/11/2017,43.8,55.8,62.7,46.5
Ontario,10/12/2017,43.9,59.1,60.3,46
Ontario,10/13/2017,50.3,65.8,63.4,49.3
Ontario,10/14/2017,53.9,65.3,69,50.4
Ontario,10/15/2017,46.9,75.8,64.2,45.9
Ontario,10/16/2017,37,51.4,64.1,39.8
Ontario,10/17/2017,35.5,65.2,62.2,40.4
Ontario,10/18/2017,48.6,70.1,68.5,42.7
Ontario,10/19/2017,43.9,70.2,70,45.6
Ontario,10/20/2017,44.4,69.7,70,45.2
Ontario,10/21/2017,47.4,70,71.1,46.1
Ontario,10/22/2017,46.6,73.4,70.5,49.7
Ontario,10/23/2017,55.2,68,68.7,50.1
Ontario,10/24/2017,48.4,64.6,62.6,47.3
Ontario,10/25/2017,38.3,55.2,57.7,41.2
Ontario,10/26/2017,36.8,53.1,55.4,37.2
Ontario,10/27/2017,36.6,57.7,55.5,36.6
Ontario,10/28/2017,36.4,55.7,54.3,37.9
Ontario,10/29/2017,40.6,49.6,52.2,39.3
Ontario,10/30/2017,40.8,51.3,49.3,39.8
Ontario,10/31/2017,38,47,47.9,38.8
Ontario,11/1/2017,37.8,45.5,51.1,39.3
Ontario,11/2/2017,42.2,60.8,53.7,38.7
Ontario,11/3/2017,36.1,54.8,53.3,37
Ontario,11/4/2017,32.7,44.3,52.8,36.9
Ontario,11/5/2017,41.9,59.3,52.5,37.6
Ontario,11/6/2017,38.3,53.9,52.3,36.9
Ontario,11/7/2017,30.6,43.6,47.8,32.4
Ontario,11/8/2017,28.3,45.8,45.6,27.8
Ontario,11/9/2017,24.6,47.4,40.6,22.4
Ontario,11/10/2017,14.3,28.6,36.4,18.6
Ontario,11/11/2017,16.9,33.2,33.9,20.6
Ontario,11/12/2017,30.5,39.8,37.8,26.3
Ontario,11/13/2017,31.4,40.4,41.4,32.2
Ontario,11/14/2017,34.7,43.9,43.3,33.3
Ontario,11/15/2017,33.7,45.6,45.1,33.4
Ontario,11/16/2017,31.7,45.8,42.9,30.6
Ontario,11/17/2017,26.3,37.5,42.7,30.1
Ontario,11/18/2017,32.2,44.8,41,28.5
Ontario,11/19/2017,26.8,40.7,42.2,28.6
Ontario,11/20/2017,26.8,41.2,44.9,28.8
Ontario,11/21/2017,32.8,52.6,43.6,28.5
Ontario,11/22/2017,26,37,42.2,28.9
Ontario,11/23/2017,28,37.1,41.7,28.6
Ontario,11/24/2017,31.7,51.2,46.3,30.7
Ontario,11/25/2017,32.3,50.8,46.5,31.6
Ontario,11/26/2017,30.7,37.7,41.9,29.8
Ontario,11/27/2017,26.4,37.1,44.7,28.4
Ontario,11/28/2017,28.1,59.3,48.5,27.9
Ontario,11/29/2017,29.3,49.1,50.8,27.2
Ontario,11/30/2017,24.4,44.1,46.3,29.1
Ontario,12/1/2017,33.6,45.6,44.4,29.1
Ontario,12/2/2017,29.4,43.7,44.8,30.4
Ontario,12/3/2017,28.3,45.1,45.2,28.3
Ontario,12/4/2017,27.3,46.9,47.8,29
Ontario,12/5/2017,31.3,51.5,45.7,29
Ontario,12/6/2017,28.5,38.8,41.3,28.4
Ontario,12/7/2017,25.4,33.6,35.6,26.3
Ontario,12/8/2017,25,34.3,33.8,24.8
Ontario,12/9/2017,24,33.5,32.3,24.4
Ontario,12/10/2017,24.2,29.1,29.9,21.6
Ontario,12/11/2017,16.4,26.9,28,17
Ontario,12/12/2017,10.3,28,24.6,11.6
Ontario,12/13/2017,8.1,19,21.8,7.1
Ontario,12/14/2017,3,18.5,20.5,6.4
Ontario,12/15/2017,8.2,24.1,22.2,7.6
Ontario,12/16/2017,11.6,24.2,22.4,8.2
Ontario,12/17/2017,5,19.1,26.3,10.6
Ontario,12/18/2017,15.2,35.7,32.9,17.1
Ontario,12/19/2017,31.3,44,38.6,23
Ontario,12/20/2017,22.5,36.2,35.1,24
Ontario,12/21/2017,18.3,25,28.5,19
Ontario,12/22/2017,16.3,24.4,27.9,18.5
Ontario,12/23/2017,21.1,34.3,28.8,17.2
Ontario,12/24/2017,14.3,27.6,28.6,15.4
Ontario,12/25/2017,10.9,23.8,21.4,8.7
Ontario,12/26/2017,0.7,12.8,15.5,2.3
Ontario,12/27/2017,-4.9,10,9.9,-4.5
Ontario,12/28/2017,-9.3,6.9,10.3,-4.9
Ontario,12/29/2017,-0.4,14,12.5,-4.8
Ontario,12/30/2017,-4.8,16.5,11.6,-5
Ontario,12/31/2017,-9.8,4.4,11.4,-7.7
Ontario,1/1/2018,-8.6,13.3,11.6,-5.2
Ontario,1/2/2018,2.8,17,17.1,0.6
Ontario,1/3/2018,7.4,21,18.1,2.2
Ontario,1/4/2018,-3.7,16.2,14.5,-1.8
Ontario,1/5/2018,-9.2,6.4,7.8,-7.8
Ontario,1/6/2018,-10.6,0.8,10.9,-9
Ontario,1/7/2018,-7.3,25.3,20.5,2.2
Ontario,1/8/2018,24.4,35.2,31.1,13.9
Ontario,1/9/2018,24.5,32.8,36.8,22.6
Ontario,1/10/2018,18.9,42.5,43.1,27.5
Ontario,1/11/2018,39.1,53.9,50.1,23.1
Ontario,1/12/2018,11.4,53.9,40.3,17.3
Ontario,1/13/2018,1.5,13,28.2,3.6
Ontario,1/14/2018,-2,17.8,16.7,3.3
Ontario,1/15/2018,10.4,19.2,20.9,6.5
Ontario,1/16/2018,11,25.8,22.6,9.6
Ontario,1/17/2018,7.3,22.9,24.4,11.3
Ontario,1/18/2018,15.5,24.6,27.3,14.5
Ontario,1/19/2018,20.7,34.5,33.9,22.4
Ontario,1/20/2018,30.9,42.6,38.4,26.3
Ontario,1/21/2018,27.3,38.1,38.7,29.7
Ontario,1/22/2018,30.8,35.3,39.1,27.3
Ontario,1/23/2018,23.8,44,34.9,22.1
Ontario,1/24/2018,11.8,25.4,31.3,15.2
Ontario,1/25/2018,10.1,24.6,29.5,14.5
Ontario,1/26/2018,21.6,38.6,37.1,20
Ontario,1/27/2018,28.3,48,42.6,25.3
Ontario,1/28/2018,26.1,41.3,39.3,24.4
Ontario,1/29/2018,18.7,28.4,29.9,16.5
Ontario,1/30/2018,4.7,20,27.4,9.3
Ontario,1/31/2018,4.6,33.8,31.1,8
Ontario,2/1/2018,14.7,39.6,30,7.4
Ontario,2/2/2018,2.9,16.6,27.5,8.8
Ontario,2/3/2018,8.9,26.4,25.8,9.3
Ontario,2/4/2018,16.1,34.5,27,10.4
Ontario,2/5/2018,6.1,20.1,26,11
Ontario,2/6/2018,10.9,23.5,22.1,8
Ontario,2/7/2018,6.9,22.6,21.8,8.4
Ontario,2/8/2018,7.3,19.3,21.4,8.6
Ontario,2/9/2018,11.5,22.2,22.1,12.7
Ontario,2/10/2018,19.3,24.8,26.1,16.7
Ontario,2/11/2018,19.4,31.1,28,16.4
Ontario,2/12/2018,10.4,28,28.8,11.4
Ontario,2/13/2018,4.4,27.2,31.8,12.2
Ontario,2/14/2018,21.7,40.3,38,20.2
Ontario,2/15/2018,34.4,46.4,41.7,24.8
Ontario,2/16/2018,18.3,38.3,38.7,22.7
Ontario,2/17/2018,15.2,31.2,36.1,19.1
Ontario,2/18/2018,23.7,38.6,36.7,21.1
Ontario,2/19/2018,24.4,40.3,46.1,28.3
Ontario,2/20/2018,36.7,59.4,52.9,30.2
Ontario,2/21/2018,29.5,59,51.3,30.8
Ontario,2/22/2018,26.2,35.6,45.6,27.6
Ontario,2/23/2018,26.9,42.3,39.5,28.3
Ontario,2/24/2018,31.8,40.5,44.5,30.2
Ontario,2/25/2018,31.9,50.8,45.4,31
Ontario,2/26/2018,29.3,44.9,50.1,30
Ontario,2/27/2018,29,54.7,52.9,31.3
Ontario,2/28/2018,35.5,59.2,51.3,31.8
Ontario,3/1/2018,31,39.8,45.9,31.6
Ontario,3/2/2018,28.4,38.5,39.1,28.5
Ontario,3/3/2018,26.1,39.1,37.8,26.6
Ontario,3/4/2018,25.2,35.7,38.1,24.2
Ontario,3/5/2018,21.4,39.6,37,24.7
Ontario,3/6/2018,27.6,35.5,37.3,26
Ontario,3/7/2018,29,36.6,34.3,27.5
Ontario,3/8/2018,25.8,30.8,35.3,26.5
Ontario,3/9/2018,24.8,38.6,34.9,25
Ontario,3/10/2018,24.4,35.3,36.9,24.5
Ontario,3/11/2018,24.3,36.8,35,24.1
Ontario,3/12/2018,23.8,32.9,34.6,24.3
Ontario,3/13/2018,24.9,34.2,33.7,24.2
Ontario,3/14/2018,23.9,33.9,35.9,24
Ontario,3/15/2018,23.2,39.5,34.8,21.9
Ontario,3/16/2018,18.5,31.1,36.6,19.3
Ontario,3/17/2018,16.4,39.2,38.7,16.5
Ontario,3/18/2018,14.8,45.7,38.5,15.8
Ontario,3/19/2018,16.1,30.7,37.7,15.2
Ontario,3/20/2018,14.8,36.7,36.1,16.7
Ontario,3/21/2018,19.1,40.9,39.6,19.4
Ontario,3/22/2018,24.2,41.1,40.6,21.8
Ontario,3/23/2018,22.1,39.8,39.5,23
Ontario,3/24/2018,22.7,37.7,38.6,20.7
Ontario,3/25/2018,17.5,38.4,41.4,21.8
Ontario,3/26/2018,25.1,48.1,44.1,25.3
Ontario,3/27/2018,33.2,45.7,46.6,31.2
Ontario,3/28/2018,35.2,46.1,45.7,34
Ontario,3/29/2018,33.6,45.1,44.4,32.5
Ontario,3/30/2018,28.7,41.9,45,30.3
Ontario,3/31/2018,28.6,47.9,43.1,27.6
Ontario,4/1/2018,25.6,39.4,43.8,26.6
Ontario,4/2/2018,25.7,44.2,41.7,28.2
Ontario,4/3/2018,33.4,41.6,42.4,27.4
Ontario,4/4/2018,23.1,41.5,39,25.8
Ontario,4/5/2018,21,33.9,38.6,22.7
Ontario,4/6/2018,23.9,40.4,36.1,22.1
Ontario,4/7/2018,21.3,34.1,36.5,22
Ontario,4/8/2018,20.8,34.9,35.2,21
Ontario,4/9/2018,20.8,36.8,38.2,21.9
Ontario,4/10/2018,24.1,42.9,40.6,25
Ontario,4/11/2018,30.1,42.2,48,27.6
Ontario,4/12/2018,28.5,59,48.1,31.3
Ontario,4/13/2018,35.2,43.2,47,29.4
Ontario,4/14/2018,24.3,38.8,38.6,28.1
Ontario,4/15/2018,24.9,33.8,36.8,27.3
Ontario,4/16/2018,32.8,37.9,35.6,28.8
Ontario,4/17/2018,28.8,35.1,37.3,31.1
Ontario,4/18/2018,31.8,39,37.5,30.6
Ontario,4/19/2018,31.4,38.3,41.2,30.6
Ontario,4/20/2018,28.5,46.3,46.9,29.4
Ontario,4/21/2018,28.1,56.1,54.2,29.4
Ontario,4/22/2018,31.7,60.3,60.6,31.2
Ontario,4/23/2018,33.8,65.2,63.1,35.8
Ontario,4/24/2018,42,63.7,60.7,38.6
Ontario,4/25/2018,39.9,53.1,58.7,40.4
Ontario,4/26/2018,39.3,59.3,57,38.9
Ontario,4/27/2018,37.5,58.5,55.7,37.3
Ontario,4/28/2018,35.2,49.1,53.5,35.4
Ontario,4/29/2018,33.3,52.8,55.9,34.4
Ontario,4/30/2018,34.6,65.9,65.8,37.9
Ontario,5/1/2018,45.7,78.6,75.6,47.4
Ontario,5/2/2018,61.9,82.3,77.2,52.6
Ontario,5/3/2018,50.3,70.5,76.2,53
Ontario,5/4/2018,46.8,75.7,73.6,47.8
Ontario,5/5/2018,46.3,74.6,71.9,48
Ontario,5/6/2018,50.9,65.5,66.9,48
Ontario,5/7/2018,46.9,60.7,64.5,46.5
Ontario,5/8/2018,41.7,67.2,67.3,44.9
Ontario,5/9/2018,46.2,74,70.1,43.1
Ontario,5/10/2018,41.5,69.2,65.1,42.4
Ontario,5/11/2018,39.4,52,59.9,41.4
Ontario,5/12/2018,43.4,58.3,58.6,42
Ontario,5/13/2018,43.1,65.5,66.5,45
Ontario,5/14/2018,48.4,75.9,70.3,47
Ontario,5/15/2018,49.6,69.7,71.5,47.4
Ontario,5/16/2018,44.3,68.9,70.7,48
Ontario,5/17/2018,50.1,73.5,68.2,47
Ontario,5/18/2018,46.6,62.3,66.5,48
Ontario,5/19/2018,47.4,63.6,64.5,47.2
Ontario,5/20/2018,47.6,67.5,67.1,46.4
Ontario,5/21/2018,44.3,70.2,67.6,47.6
Ontario,5/22/2018,50.9,65.2,70.7,48.3
Ontario,5/23/2018,49.6,76.8,74.2,50.7
Ontario,5/24/2018,51.6,80.6,81.1,53.8
Ontario,5/25/2018,60.2,85.9,82.3,57.3
Ontario,5/26/2018,60.1,80.4,81.4,59.9
Ontario,5/27/2018,59.5,77.9,81.2,59
Ontario,5/28/2018,57.5,85.3,81.1,59.9
Ontario,5/29/2018,62.5,80.2,83.3,60.4
Ontario,5/30/2018,61.2,84.4,84,63.6
Ontario,5/31/2018,67,87.5,84.6,62.9
Ontario,6/1/2018,60.6,82,80.1,60.6
Ontario,6/2/2018,54.2,70.7,74.6,56.4
Ontario,6/3/2018,54.3,71.2,68.8,54.8
Ontario,6/4/2018,55.8,64.4,65.1,53.6
Ontario,6/5/2018,50.8,59.7,61.8,51.9
Ontario,6/6/2018,49.1,61.2,64.6,50.2
Ontario,6/7/2018,50.8,72.9,68.6,51.5
Ontario,6/8/2018,54.7,71.7,72.8,52.8
Ontario,6/9/2018,52.8,73.8,72.4,53.8
Ontario,6/10/2018,53.8,71.7,72.7,52.2
Ontario,6/11/2018,50,72.7,74.5,51.1
Ontario,6/12/2018,49.5,79.1,79.1,53.3
Ontario,6/13/2018,60.5,85.6,80.1,55.5
Ontario,6/14/2018,56.5,75.7,79.3,57.2
Ontario,6/15/2018,54.6,76.5,78.8,55.7
Ontario,6/16/2018,55.8,84.2,83.2,57.2
Ontario,6/17/2018,61.1,88.7,87.5,60.2
Ontario,6/18/2018,63.7,89.7,83.9,61.3
Ontario,6/19/2018,59.1,73.4,80.2,60.1
Ontario,6/20/2018,57.5,77.6,73.7,57.4
Ontario,6/21/2018,55.5,70.1,73.9,55.2
Ontario,6/22/2018,52.5,73.8,70.6,56
Ontario,6/23/2018,59.8,67.8,70.6,56.8
Ontario,6/24/2018,58.1,70.3,70.4,57.2
Ontario,6/25/2018,53.6,73.1,72.5,54
Ontario,6/26/2018,50.3,74.2,73.5,54.6
Ontario,6/27/2018,59.8,73.3,76.8,58.8
Ontario,6/28/2018,66.4,82.8,81.3,64.1
Ontario,6/29/2018,66,87.8,88.3,67.4
Ontario,6/30/2018,69.9,94.2,91.7,70
Ontario,7/1/2018,74.1,93.1,93.5,70.9
Ontario,7/2/2018,68.6,93,91.2,69.3
Ontario,7/3/2018,65.4,87.5,90.8,66.6
Ontario,7/4/2018,65.9,91.9,90.7,66.6
Ontario,7/5/2018,68.5,92.5,86.2,65
Ontario,7/6/2018,60.5,74.2,81.4,61.3
Ontario,7/7/2018,55,77.6,78.2,57.6
Ontario,7/8/2018,57.3,82.7,83.4,56.8
Ontario,7/9/2018,57.9,89.7,85.8,59.7
Ontario,7/10/2018,63.9,84.9,85.3,61.6
Ontario,7/11/2018,62.8,81.1,83.5,62.3
Ontario,7/12/2018,60.2,84.5,83.9,63.3
Ontario,7/13/2018,67,86.1,84.3,65.3
Ontario,7/14/2018,68.9,82.3,84.8,68.1
Ontario,7/15/2018,68.4,86,85.8,68.2
Ontario,7/16/2018,67.3,89.2,85.5,66.5
Ontario,7/17/2018,63.8,81.3,81.6,63.1
Ontario,7/18/2018,58.3,74.2,78.6,59.1
Ontario,7/19/2018,55.2,80.4,80.2,58.7
Ontario,7/20/2018,62.5,86.1,82.2,60.2
Ontario,7/21/2018,62.8,80.2,80.5,62
Ontario,7/22/2018,60.7,75.2,79.4,64.1
Ontario,7/23/2018,68.8,82.7,81.4,66.8
Ontario,7/24/2018,71,86.4,84.9,68.7
Ontario,7/25/2018,66.3,85.6,85.3,66.7
Ontario,7/26/2018,62.9,84,83.2,63.8
Ontario,7/27/2018,62.3,80.1,79.9,61.5
Ontario,7/28/2018,59.3,75.6,78.2,59.4
Ontario,7/29/2018,56.5,79,78.3,59.2
Ontario,7/30/2018,61.8,80.1,79.4,60.6
Ontario,7/31/2018,63.5,79,80,64.1
Ontario,8/1/2018,67,81,82,65.1
Ontario,8/2/2018,64.7,85.9,83.4,66.3
Ontario,8/3/2018,67.2,83.4,85.7,66.1
Ontario,8/4/2018,66.4,88,88.2,66.2
Ontario,8/5/2018,65.1,93.3,91.4,66.9
Ontario,8/6/2018,69.3,92.8,89.4,67.6
Ontario,8/7/2018,68.4,82,84.6,67
Ontario,8/8/2018,63.2,79.1,81.8,64.6
Ontario,8/9/2018,62.3,84.4,79.9,62.4
Ontario,8/10/2018,61.7,76.2,80.3,60.8
Ontario,8/11/2018,58.3,80.2,79.4,61.2
Ontario,8/12/2018,63.6,81.9,81.2,62.4
Ontario,8/13/2018,65.2,81.5,83.4,65.8
Ontario,8/14/2018,68.5,87,85.2,67
Ontario,8/15/2018,67.3,87.2,86,67.2
Ontario,8/16/2018,65.8,83.8,84.9,66.5
Ontario,8/17/2018,66.6,83.7,81.3,65.6
Ontario,8/18/2018,64.5,76.3,79,64
Ontario,8/19/2018,61,77,77.2,62.6
Ontario,8/20/2018,62.5,78.2,77.9,63
Ontario,8/21/2018,65.5,78.5,75.8,62.5
Ontario,8/22/2018,59.4,70.8,76.1,61
Ontario,8/23/2018,58.2,78.8,76.7,58.5
Ontario,8/24/2018,58.1,80.5,79.4,60.8
Ontario,8/25/2018,66.1,78.8,80.8,63.7
Ontario,8/26/2018,66.9,83.1,81.7,66.8
Ontario,8/27/2018,67.6,83.2,85,69.6
Ontario,8/28/2018,74.4,88.8,85.4,68.6
Ontario,8/29/2018,63.9,84.2,79.7,65.1
Ontario,8/30/2018,57.1,66.1,74.8,59.7
Ontario,8/31/2018,58.3,74.1,73.6,57.9
Ontario,9/1/2018,58.5,80.6,79.9,62.3
Ontario,9/2/2018,70,85,84.7,66.4
Ontario,9/3/2018,70.7,88.6,85.1,69
Ontario,9/4/2018,66.3,81.6,87.5,68.6
Ontario,9/5/2018,69,92.3,84.2,64.9
Ontario,9/6/2018,59.6,78.8,82.2,61.8
Ontario,9/7/2018,56.9,75.5,72.1,55.9
Ontario,9/8/2018,51.2,62.2,66.3,52.3
Ontario,9/9/2018,48.9,61.3,61.6,50.6
Ontario,9/10/2018,51.7,61.2,64,52.6
Ontario,9/11/2018,57.3,69.6,68.5,54.6
Ontario,9/12/2018,54.8,74.8,74,57.3
Ontario,9/13/2018,59.8,77.6,78.2,59.9
Ontario,9/14/2018,65.1,82.1,81.1,63.3
Ontario,9/15/2018,65.1,83.6,82.8,65.4
Ontario,9/16/2018,66,82.6,82.5,65.9
Ontario,9/17/2018,66.7,81.2,81.5,63.6
Ontario,9/18/2018,58.1,80.7,77.3,59.9
Ontario,9/19/2018,54.9,69.9,72.2,56.6
Ontario,9/20/2018,56.7,66,74.1,55.1
Ontario,9/21/2018,53.8,86.4,71.6,52.9
Ontario,9/22/2018,48.3,62.3,71.5,48.1
Ontario,9/23/2018,42.3,65.7,64.7,46.1
Ontario,9/24/2018,47.7,66.1,66.9,49
Ontario,9/25/2018,57,68.9,70,52.4
Ontario,9/26/2018,52.4,74.9,69.1,52
Ontario,9/27/2018,46.6,63.4,70.5,49.6
Ontario,9/28/2018,49.7,73.2,66.1,47.5
Ontario,9/29/2018,46.2,61.8,63.3,48
Ontario,9/30/2018,48.1,55,57.1,46.4
Ontario,10/1/2018,44.8,54.7,54.7,46.8
Ontario,10/2/2018,47.6,54.6,57.1,47.9
Ontario,10/3/2018,51.3,62,63,47.5
Ontario,10/4/2018,43.5,72.3,62.8,45.1
Ontario,10/5/2018,40.4,54.1,62.7,43.7
Ontario,10/6/2018,47.1,61.9,57.9,46.4
Ontario,10/7/2018,51.7,57.6,59,49.7
Ontario,10/8/2018,50.3,57.4,66.1,52.7
Ontario,10/9/2018,56.1,83.3,73.1,56.7
Ontario,10/10/2018,63.8,78.6,77.5,55.4
Ontario,10/11/2018,46.2,70.5,67.1,50.4
Ontario,10/12/2018,41.2,52.4,57.4,41.7
Ontario,10/13/2018,37.7,49.4,53.4,38.6
Ontario,10/14/2018,36.9,58.4,54.9,36.5
Ontario,10/15/2018,34.9,56.8,55.9,35.2
Ontario,10/16/2018,33.7,52.6,52.7,34.1
Ontario,10/17/2018,33.5,48.6,49,32.3
Ontario,10/18/2018,29.6,45.9,51.6,34.4
Ontario,10/19/2018,40.2,60.3,53.4,35.6
Ontario,10/20/2018,37.1,54.1,52,36.5
Ontario,10/21/2018,32.2,41.7,48.5,34.6
Ontario,10/22/2018,34.6,49.8,46.9,33.6
Ontario,10/23/2018,33.9,49.3,46.9,34.5
Ontario,10/24/2018,34.9,41.5,44.8,34.3
Ontario,10/25/2018,34.1,43.7,43.9,35.5
Ontario,10/26/2018,37.5,46.4,44.4,34.4
Ontario,10/27/2018,31.5,43.2,44.3,34.2
Ontario,10/28/2018,33.5,43.2,44.8,32.1
Ontario,10/29/2018,31.2,48.2,47.1,31.6
Ontario,10/30/2018,30.2,50,50.9,33.3
Ontario,10/31/2018,38.4,54.5,50.2,36.3
Ontario,11/1/2018,40.3,46.1,47.7,39.1
Ontario,11/2/2018,38.7,42.5,44.5,37.3
Ontario,11/3/2018,32.8,44.8,43.9,33.9
Ontario,11/4/2018,30.3,44.5,46.6,34.7
Ontario,11/5/2018,41.1,50.5,51.6,39.2
Ontario,11/6/2018,46.4,59.8,52.8,42.3
Ontario,11/7/2018,39.4,48.2,50,40.8
Ontario,11/8/2018,36.7,41.9,43.1,36.6
Ontario,11/9/2018,33.8,39.2,39.2,32.6
Ontario,11/10/2018,27.3,36.5,38.4,29.2
Ontario,11/11/2018,26.6,39.6,39.8,29.1
Ontario,11/12/2018,33.4,43.3,39.3,27.7
Ontario,11/13/2018,23,34.9,36.5,25.3
Ontario,11/14/2018,19.3,31.2,32.5,20.6
Ontario,11/15/2018,19.5,31.3,32.4,23.1
Ontario,11/16/2018,30.4,34.7,34,24.2
Ontario,11/17/2018,22.7,36,34.9,24.1
Ontario,11/18/2018,19.1,33.9,36.2,21.7
Ontario,11/19/2018,23.2,38.8,35.3,22.4
Ontario,11/20/2018,24.8,33.3,35.1,18.7
Ontario,11/21/2018,8.1,33.1,28.8,13.2
Ontario,11/22/2018,6.6,19.8,29.2,10.2
Ontario,11/23/2018,16.1,34.6,32.2,17.2
Ontario,11/24/2018,28.9,42.3,40.6,27.1
Ontario,11/25/2018,36.4,45,43,33.4
Ontario,11/26/2018,35.1,41.8,41,33.6
Ontario,11/27/2018,29.3,36.1,38.5,31.2
Ontario,11/28/2018,29.2,37.5,36.2,30
Ontario,11/29/2018,31.5,35.1,35.7,30.7
Ontario,11/30/2018,31.3,34.5,35.5,31
Ontario,12/1/2018,30.2,36.9,39.9,32.5
Ontario,12/2/2018,36.1,48.3,43.2,31.5
Ontario,12/3/2018,28.3,44.4,41.3,28.3
Ontario,12/4/2018,20.4,31.3,36.2,21.7
Ontario,12/5/2018,16.3,33,33,20.2
Ontario,12/6/2018,23.9,34.8,31.5,18.2
Ontario,12/7/2018,14.2,26.6,30.3,17.9
Ontario,12/8/2018,15.5,29.3,29.5,15.6
Ontario,12/9/2018,17.1,32.7,31.5,18.8
Ontario,12/10/2018,23.8,32.6,31.7,20.4
Ontario,12/11/2018,20.4,29.6,31.3,22.6
Ontario,12/12/2018,23.5,31.6,31.7,22.1
Ontario,12/13/2018,22.3,33.8,35.6,24
Ontario,12/14/2018,26.2,41.3,38.1,26.2
Ontario,12/15/2018,29.9,39.2,39.6,28.4
Ontario,12/16/2018,29,38.4,38,29
Ontario,12/17/2018,28.1,36.4,35.1,25.7
Ontario,12/18/2018,20,30.6,35.7,24
Ontario,12/19/2018,24,40.1,37.4,24.1
Ontario,12/20/2018,28.4,41.7,41.5,27.6
Ontario,12/21/2018,30.5,42.8,39.6,28.7
Ontario,12/22/2018,27.3,34.4,36.3,27.7
Ontario,12/23/2018,25.3,31.7,33.2,24.5
Ontario,12/24/2018,21,33.4,31.7,22.9
Ontario,12/25/2018,22.5,30,32.4,20.6
Ontario,12/26/2018,18.2,33.6,32.4,18.8
Ontario,12/27/2018,15.7,33.5,39.7,22.4
Ontario,12/28/2018,33.3,51.9,41.1,22.2
Ontario,12/29/2018,17.7,37.8,40.5,23
Ontario,12/30/2018,17.9,31.8,36.6,20.9
Ontario,12/31/2018,27,40.3,37.7,20.3
Ontario,1/1/2019,15.9,41.1,36.7,18.7
Ontario,1/2/2019,13.1,28.8,34.1,18
Ontario,1/3/2019,24.8,32.5,35.3,22.5
Ontario,1/4/2019,29.6,44.8,38.7,27.3
Ontario,1/5/2019,27.4,38.9,40.6,24.7
Ontario,1/6/2019,17,38.2,38.2,19.6
Ontario,1/7/2019,14.3,37.4,40.1,21.2
Ontario,1/8/2019,32.4,44.7,39.2,23.4
Ontario,1/9/2019,23.4,35.6,34.8,22.3
Ontario,1/10/2019,11.1,24.1,25.6,13.5
Ontario,1/11/2019,5.9,17.1,20.9,9.5
Ontario,1/12/2019,11.4,21.7,19.6,8
Ontario,1/13/2019,6.5,20.2,23.3,10.3
Ontario,1/14/2019,12.9,28.2,26.3,13.8
Ontario,1/15/2019,21.9,30.6,30.1,14.5
Ontario,1/16/2019,8.8,31.5,28.4,11.9
Ontario,1/17/2019,4.9,23,28.4,8.3
Ontario,1/18/2019,11.3,30.6,22.1,5.4
Ontario,1/19/2019,-0.1,12.7,16.6,1.3
Ontario,1/20/2019,-7.2,6.6,9.6,-4.7
Ontario,1/21/2019,-6.9,9.5,14.4,-6
Ontario,1/22/2019,-3.9,26.9,26.2,4.7
Ontario,1/23/2019,24.8,42,35.6,15.4
Ontario,1/24/2019,25.4,37.7,35.4,20.3
Ontario,1/25/2019,10.6,26.5,27.9,13.3
Ontario,1/26/2019,3.9,19.5,22.9,5.2
Ontario,1/27/2019,1,22.8,20.9,0.3
Ontario,1/28/2019,-4.1,20.4,23.5,-0.1
Ontario,1/29/2019,2.9,27.4,18.3,-2.8
Ontario,1/30/2019,-7.2,7.2,13.6,-4.3
Ontario,1/31/2019,-8.5,6.1,8.8,-6
Ontario,2/1/2019,-2.2,13.2,17,-2.2
Ontario,2/2/2019,4,31.6,29.3,9.3
Ontario,2/3/2019,26.2,43.1,42.2,23.3
Ontario,2/4/2019,39.7,51.9,47.9,28.1
Ontario,2/5/2019,18.6,48.6,43.4,25.3
Ontario,2/6/2019,17.7,29.6,38.9,20.8
Ontario,2/7/2019,26.1,38.6,36.6,19.6
Ontario,2/8/2019,15,41.7,34.7,18.2
Ontario,2/9/2019,13.5,23.7,30.1,14
Ontario,2/10/2019,13.5,24.7,23.9,14.2
Ontario,2/11/2019,15.5,23.2,26.6,14
Ontario,2/12/2019,13,31.8,29.4,17
Ontario,2/13/2019,22.7,33.1,32.8,18
Ontario,2/14/2019,18.4,33.5,35.1,20.5
Ontario,2/15/2019,20.4,38.6,33.3,18.8
Ontario,2/16/2019,17.5,27.7,29,16.1
Ontario,2/17/2019,10.4,20.6,23.1,11.1
Ontario,2/18/2019,5.3,21.1,21.5,5.8
Ontario,2/19/2019,1.8,22.7,24.8,4.5
Ontario,2/20/2019,6.4,30.7,30.2,11.1
Ontario,2/21/2019,25.2,37.1,34,17.7
Ontario,2/22/2019,21.6,34.2,35.6,21.6
Ontario,2/23/2019,18,35.6,37.7,21.7
Ontario,2/24/2019,25.6,43.3,35.5,19.8
Ontario,2/25/2019,15.8,27.5,30.1,17.2
Ontario,2/26/2019,10.4,19.4,21.2,10.2
Ontario,2/27/2019,4.5,16.7,18.5,4
Ontario,2/28/2019,-2.8,19.3,22.3,2
Ontario,3/1/2019,4.2,31,27.3,6.4
Ontario,3/2/2019,17.9,31.5,30.3,12.9
Ontario,3/3/2019,16.5,28.5,26.5,14
Ontario,3/4/2019,7.5,19.4,21.7,9.5
Ontario,3/5/2019,4.4,17,17.3,5.6
Ontario,3/6/2019,4.8,15.4,17.6,4.3
Ontario,3/7/2019,3.5,20.4,21.9,4.2
Ontario,3/8/2019,4.1,29.9,27.7,6
Ontario,3/9/2019,10.3,32.8,34.4,14.4
Ontario,3/10/2019,28.9,40.6,36.5,22.1
Ontario,3/11/2019,27.1,36.1,37.5,26.8
Ontario,3/12/2019,24.2,35.7,36.9,24.9
Ontario,3/13/2019,23.5,38.9,41,27
Ontario,3/14/2019,33.2,48.3,45.9,29.9
Ontario,3/15/2019,33,50.4,44.9,29.9
Ontario,3/16/2019,23.6,36,40.3,25.1
Ontario,3/17/2019,18.8,34.4,35.6,21.5
Ontario,3/18/2019,22.1,36.3,37.8,19.8
Ontario,3/19/2019,18.3,42.6,42.5,22.4
Ontario,3/20/2019,26.7,48.5,45.7,26.6
Ontario,3/21/2019,34.8,46,44.1,29
Ontario,3/22/2019,25.5,37.8,41.3,26.7
Ontario,3/23/2019,19.9,40,41.6,24.1
Ontario,3/24/2019,27,47,41.3,22.7
Ontario,3/25/2019,21.2,36.9,40.7,23.2
Ontario,3/26/2019,21.5,38.3,40.3,21
Ontario,3/27/2019,20.2,45.6,45.8,22.9
Ontario,3/28/2019,27.1,53.5,50.3,27.4
Ontario,3/29/2019,34.8,51.9,49.1,30.8
Ontario,3/30/2019,30.4,41.8,44.2,30.3
Ontario,3/31/2019,25.6,38.9,39.2,25.9
Ontario,4/1/2019,21.9,36.8,41.4,25.9
Ontario,4/2/2019,30.1,48.4,43.3,28
Ontario,4/3/2019,32.1,44.6,44.5,30
Ontario,4/4/2019,27.7,40.5,41.4,29.5
Ontario,4/5/2019,28.8,39.1,44.7,31.3
Ontario,4/6/2019,37.5,54.5,49.2,35.9
Ontario,4/7/2019,41.5,53.8,54.3,39.6
Ontario,4/8/2019,39.7,54.7,52,38.9
Ontario,4/9/2019,35.6,47.5,49,35.4
Ontario,4/10/2019,31.1,44.8,44,31.8
Ontario,4/11/2019,28.8,39.8,47,32.4
Ontario,4/12/2019,37.2,56.4,52.7,34.8
Ontario,4/13/2019,38.3,61.9,53.1,36.8
Ontario,4/14/2019,34.7,41,50.3,35.6
Ontario,4/15/2019,33.9,48.2,45.2,32.7
Ontario,4/16/2019,29.4,46.4,50.5,31.8
Ontario,4/17/2019,32.2,57.1,57.2,34
Ontario,4/18/2019,40.4,68.3,60.6,37.7
Ontario,4/19/2019,40.5,56.3,57.4,40.4
Ontario,4/20/2019,40.4,47.6,53.8,41.4
Ontario,4/21/2019,43.4,57.4,55.5,41.9
Ontario,4/22/2019,41.9,61.6,59.1,42.5
Ontario,4/23/2019,42.2,58.3,58.2,41
Ontario,4/24/2019,38.8,54.7,55.6,38.8
Ontario,4/25/2019,35.5,53.9,54.3,37
Ontario,4/26/2019,36.7,54.4,51.4,35.4
Ontario,4/27/2019,34,45.8,50,34.9
Ontario,4/28/2019,34.1,49.7,46.8,32.9
Ontario,4/29/2019,30.6,44.9,48.1,33.8
Ontario,4/30/2019,36.6,49.7,47.3,35.3
Ontario,5/1/2019,38.7,47.4,49.2,38.4
Ontario,5/2/2019,39.9,50.3,50.3,40.3
Ontario,5/3/2019,42.3,53.2,53,41.7
Ontario,5/4/2019,42.8,55.3,57.2,41.6
Ontario,5/5/2019,39.6,63.1,64.1,42.1
Ontario,5/6/2019,44,73.9,65.2,41.3
Ontario,5/7/2019,40.3,58.6,61.7,40.1
Ontario,5/8/2019,36,52.6,57.5,39.9
Ontario,5/9/2019,43.4,61.3,58.3,39.3
Ontario,5/10/2019,38.4,61.1,58.9,38.5
Ontario,5/11/2019,33.8,54.3,55.5,37
Ontario,5/12/2019,38.9,51.1,51.4,37.7
Ontario,5/13/2019,40.4,48.7,52.6,40.7
Ontario,5/14/2019,42.7,57.9,57.5,41.4
Ontario,5/15/2019,41.2,66,60.9,42.9
Ontario,5/16/2019,44.6,58.7,63.3,44.1
Ontario,5/17/2019,46.4,65.2,61.3,44.8
Ontario,5/18/2019,43.3,59.9,64.7,46
Ontario,5/19/2019,48.2,69.1,65.1,45
Ontario,5/20/2019,43.5,66.3,66.2,44.2
Ontario,5/21/2019,41,63.3,63.2,42.9
Ontario,5/22/2019,44.3,60,67.2,43.8
Ontario,5/23/2019,46.2,78.2,69.1,47.5
Ontario,5/24/2019,52,69.1,72,49.3
Ontario,5/25/2019,49.7,68.7,70.4,52
Ontario,5/26/2019,54.4,73.5,71.1,50.8
Ontario,5/27/2019,48.3,71.1,66.6,49.9
Ontario,5/28/2019,46.8,55.3,62.2,48.3
Ontario,5/29/2019,49.8,60.2,62.3,49.3
Ontario,5/30/2019,51.2,71.4,65.2,49.4
Ontario,5/31/2019,47.3,63.8,67.9,49.4
Ontario,6/1/2019,49.8,68.4,66.9,47.9
Ontario,6/2/2019,46.7,68.4,66.2,46.8
Ontario,6/3/2019,43.8,61.8,64.5,44.7
Ontario,6/4/2019,43.5,63.4,63.2,46.4
Ontario,6/5/2019,51.7,64.3,66.7,50.4
Ontario,6/6/2019,55.9,72.5,71.7,53
Ontario,6/7/2019,51.5,78.2,74.8,53.6
Ontario,6/8/2019,53.5,73.7,77.2,53.1
Ontario,6/9/2019,54.4,79.6,74.3,53.9
Ontario,6/10/2019,53.9,69.5,73.5,52.7
Ontario,6/11/2019,49.8,71.5,70.9,50.8
Ontario,6/12/2019,48.9,71.6,68.5,50.7
Ontario,6/13/2019,53.6,62.5,68.7,51.1
Ontario,6/14/2019,50.8,72.1,68.1,53.6
Ontario,6/15/2019,56.3,69.6,70,52.8
Ontario,6/16/2019,51.2,68.4,69.9,54.1
Ontario,6/17/2019,54.7,71.7,72.1,54.9
Ontario,6/18/2019,58.7,76.1,75.2,57.7
Ontario,6/19/2019,59.6,77.7,74.9,59.7
Ontario,6/20/2019,60.7,70.9,73.9,59.2
Ontario,6/21/2019,57.3,73.1,73.2,57.6
Ontario,6/22/2019,54.7,75.6,75.7,55.5
Ontario,6/23/2019,54.6,78.4,77.3,55.2
Ontario,6/24/2019,56.4,78,77.7,57.2
Ontario,6/25/2019,60.7,76.6,79.5,60.4
Ontario,6/26/2019,64,83.9,81.5,62.3
Ontario,6/27/2019,62.1,83.9,84.2,62.8
Ontario,6/28/2019,62.4,84.8,84,62.5
Ontario,6/29/2019,63,83.3,80.7,61.6
Ontario,6/30/2019,59.5,74.2,79.4,59.8
Ontario,7/1/2019,56.9,80.8,78.2,61.1
Ontario,7/2/2019,66.9,79.7,81.4,62.7
Ontario,7/3/2019,64.2,83.8,82.9,64.8
Ontario,7/4/2019,63.3,85.2,85.5,65.3
Ontario,7/5/2019,68.5,87.7,86.5,66.8
Ontario,7/6/2019,68.7,86.7,82.8,65.6
Ontario,7/7/2019,59.7,74.2,79.5,61.8
Ontario,7/8/2019,57.1,77.7,77.4,58.7
Ontario,7/9/2019,59.2,80.4,80.9,58.5
Ontario,7/10/2019,59.3,84.6,83.9,60
Ontario,7/11/2019,61.6,86.8,82.6,61.1
Ontario,7/12/2019,62.4,76.4,83.4,61.4
Ontario,7/13/2019,60.3,87,81,61.7
Ontario,7/14/2019,62.4,79.5,82.1,60.7
Ontario,7/15/2019,59.4,79.9,82.3,61.8
Ontario,7/16/2019,63.6,87.5,83.3,63.9
Ontario,7/17/2019,68.7,82.6,84.6,66.7
Ontario,7/18/2019,67.6,83.7,84.5,69.1
Ontario,7/19/2019,70.9,87.3,87.3,70.2
Ontario,7/20/2019,72.3,91.1,87.5,70.2
Ontario,7/21/2019,67.4,84.1,83,67.4
Ontario,7/22/2019,62.5,73.8,78.8,63
Ontario,7/23/2019,59.1,78.4,76.8,60.1
Ontario,7/24/2019,58.8,78,79.7,59.1
Ontario,7/25/2019,59.3,82.6,81.7,60
Ontario,7/26/2019,61.8,84.4,84.4,61.7
Ontario,7/27/2019,63.9,86.1,85.8,65.2
Ontario,7/28/2019,69.8,86.9,87.2,67.6
Ontario,7/29/2019,69,88.6,87,68.4
Ontario,7/30/2019,66.4,85.5,85,65.7
Ontario,7/31/2019,61.6,81,81.6,62.4
Ontario,8/1/2019,59.2,78.5,80.1,59.9
Ontario,8/2/2019,58.9,80.8,81,59.6
Ontario,8/3/2019,60.6,83.7,80.5,60.8
Ontario,8/4/2019,63,77.1,81.2,60.5
Ontario,8/5/2019,57.8,82.8,80.8,62
Ontario,8/6/2019,65.3,82.5,82.4,62.2
Ontario,8/7/2019,63.4,81.8,81.6,63.5
Ontario,8/8/2019,61.9,80.3,80.1,61
Ontario,8/9/2019,57.6,78.1,78.1,58.8
Ontario,8/10/2019,56.8,76,78.8,57.1
Ontario,8/11/2019,56.9,82.4,80.7,59.8
Ontario,8/12/2019,65.6,83.8,82.6,62.2
Ontario,8/13/2019,63.9,81.6,81.1,63.1
Ontario,8/14/2019,59.8,78,78.1,60.3
Ontario,8/15/2019,57.2,74.6,76.7,58.9
Ontario,8/16/2019,59.8,77.6,78.2,60.4
Ontario,8/17/2019,64.4,82.4,80.3,62.9
Ontario,8/18/2019,64.6,80.9,81.7,64.3
Ontario,8/19/2019,64.1,81.7,81.3,63.3
Ontario,8/20/2019,61.2,81.2,82.7,63.3
Ontario,8/21/2019,64.7,85.1,80.9,61.7
Ontario,8/22/2019,59.3,76.3,78.4,59.9
Ontario,8/23/2019,55.8,73.8,74.1,56
Ontario,8/24/2019,52.8,72.1,73.5,54.7
Ontario,8/25/2019,55.5,74.7,74.2,55.6
Ontario,8/26/2019,58.3,75.8,74.4,58.5
Ontario,8/27/2019,61.5,72.6,76.4,60.1
Ontario,8/28/2019,60.5,80.9,77,60.2
Ontario,8/29/2019,58.6,77.6,78.3,59
Ontario,8/30/2019,57.9,76.5,75.5,56.5
Ontario,8/31/2019,53.1,72.5,72.5,55.8
Ontario,9/1/2019,56.5,68.4,71.7,56.6
Ontario,9/2/2019,60.2,74.1,71.6,57.5
Ontario,9/3/2019,56,72.1,72.4,56.6
Ontario,9/4/2019,53.7,70.9,71.5,53.1
Ontario,9/5/2019,49.7,71.4,70.9,52.1
Ontario,9/6/2019,52.7,70.4,71.6,51.1
Ontario,9/7/2019,51,73.1,69.2,50.8
Ontario,9/8/2019,48.8,64.2,67.7,48.7
Ontario,9/9/2019,46.4,65.8,67.8,48.5
Ontario,9/10/2019,50.4,73.4,74,52.9
Ontario,9/11/2019,62,82.7,74.5,55.3
Ontario,9/12/2019,53.4,67.3,73.7,55.9
Ontario,9/13/2019,52.4,71,70,53.7
Ontario,9/14/2019,55.3,71.7,68.7,53.5
Ontario,9/15/2019,52.9,63.4,66.7,53.7
Ontario,9/16/2019,53,65,66.5,51.9
Ontario,9/17/2019,49.9,71,69.1,51.5
Ontario,9/18/2019,51.4,71.2,71.8,52
Ontario,9/19/2019,54.7,73.3,73.6,52.8
Ontario,9/20/2019,52.3,76.3,76.5,55.8
Ontario,9/21/2019,60.4,79.9,81,59.7
Ontario,9/22/2019,66.4,86.9,81.2,62.1
Ontario,9/23/2019,59.5,76.9,78,60
Ontario,9/24/2019,54,70.2,74.9,55.5
Ontario,9/25/2019,52.8,77.7,73.3,52.7
Ontario,9/26/2019,51.2,72.1,73.8,50.6
Ontario,9/27/2019,47.8,71.7,70.7,50.7
Ontario,9/28/2019,52.9,68.5,65.8,49
Ontario,9/29/2019,46.4,57.4,63,49.7
Ontario,9/30/2019,49.9,63.1,68.6,50.8
Ontario,10/1/2019,56.3,85.2,71.5,50.9
Ontario,10/2/2019,46.5,66.2,68.2,49.1
Ontario,10/3/2019,44.6,53.3,56.9,43.3
Ontario,10/4/2019,38.7,51.2,53.3,40.4
Ontario,10/5/2019,38,55.6,58.2,42.2
Ontario,10/6/2019,50,67.8,62.2,44.7
Ontario,10/7/2019,46.2,63.3,64.8,46.4
Ontario,10/8/2019,43.1,63.3,63.3,42.8
Ontario,10/9/2019,39.2,63.4,63.1,41.8
Ontario,10/10/2019,43.1,62.5,64.4,42.4
Ontario,10/11/2019,45,67.2,63.5,42.9
Ontario,10/12/2019,40.7,60.7,63.3,41.7
Ontario,10/13/2019,39.3,61.8,59.6,39.7
Ontario,10/14/2019,39,56.3,58.6,38.2
Ontario,10/15/2019,36.2,57.6,57.1,39
Ontario,10/16/2019,41.7,57.3,54.3,40.4
Ontario,10/17/2019,43.3,47.9,52.4,41
Ontario,10/18/2019,37.9,51.9,50.9,38.2
Ontario,10/19/2019,33.5,52.7,54.8,36.6
Ontario,10/20/2019,38.5,59.8,57.7,37.9
Ontario,10/21/2019,41.7,60.4,61.1,42.5
Ontario,10/22/2019,47.3,63.1,60.2,44.4
Ontario,10/23/2019,44.2,57,59.4,43.5
Ontario,10/24/2019,38.8,57.9,56,40.8
Ontario,10/25/2019,39.4,53.1,53.8,37.5
Ontario,10/26/2019,34.2,50.5,53.2,39.4
Ontario,10/27/2019,44.8,55.9,55.9,39.7
Ontario,10/28/2019,40.3,61.2,60,42.1
Ontario,10/29/2019,41.4,63,57.6,41.6
Ontario,10/30/2019,43.2,48.6,55.1,41.8
Ontario,10/31/2019,40.9,53.8,49.1,39.7
Ontario,11/1/2019,34.9,44.9,47.9,36.4
Ontario,11/2/2019,33.4,45,44.5,33.9
Ontario,11/3/2019,33.3,43.6,47.2,34.2
Ontario,11/4/2019,36.1,52.9,48.5,34.1
Ontario,11/5/2019,32.9,48.9,47.6,32.2
Ontario,11/6/2019,27.7,41.1,42.2,29
Ontario,11/7/2019,26.3,36.5,36.6,25.1
Ontario,11/8/2019,21.4,32.1,35.2,23.5
Ontario,11/9/2019,22.9,37.1,37.9,24.7
Ontario,11/10/2019,29.7,44.4,37.2,24.2
Ontario,11/11/2019,19.8,30,32.6,20.8
Ontario,11/12/2019,12.8,23.3,26.7,12.8
Ontario,11/13/2019,5.7,26.8,27.4,13.8
Ontario,11/14/2019,22.9,32.3,32,16
Ontario,11/15/2019,19.4,37.1,31.4,17.8
Ontario,11/16/2019,11.2,24.9,32.4,15.4
Ontario,11/17/2019,15.5,35.2,31.9,17.3
Ontario,11/18/2019,25.3,35.7,36.2,24.7
Ontario,11/19/2019,33.2,37.9,39.6,29.4
Ontario,11/20/2019,29.9,45.2,43.8,30.9
Ontario,11/21/2019,29.7,48.4,47.6,28.7
Ontario,11/22/2019,26.7,49.3,46.3,27.4
Ontario,11/23/2019,25.9,41.1,44.3,25.9
Ontario,11/24/2019,25,42.4,43,28.2
Ontario,11/25/2019,33.6,45.4,46.3,30.9
Ontario,11/26/2019,34.2,51,48.2,35
Ontario,11/27/2019,37.4,48.3,46.8,32.7
Ontario,11/28/2019,26.5,41.3,39.9,29.3
Ontario,11/29/2019,23.9,30.3,33,24.2
Ontario,11/30/2019,22.1,27.6,29,22.4
Ontario,12/1/2019,21.1,29.1,28.9,20.6
Ontario,12/2/2019,18.5,29.9,30.6,18
Ontario,12/3/2019,14.4,32.9,33,20.4
Ontario,12/4/2019,28.2,36.2,34,23.1
Ontario,12/5/2019,26.6,33,33.5,25.2
Ontario,12/6/2019,20.9,31.3,30.9,21.2
Ontario,12/7/2019,16,28.6,34,19.7
Ontario,12/8/2019,22.1,42.2,40.2,25.8
Ontario,12/9/2019,39.4,49.7,47.4,27.1
Ontario,12/10/2019,19.8,50.4,42.4,25.1
Ontario,12/11/2019,16.1,27.1,35.8,16.7
Ontario,12/12/2019,14.3,29.9,32.9,19.5
Ontario,12/13/2019,28.2,41.5,36.7,25.1
Ontario,12/14/2019,32.9,38.7,38.7,26.7
Ontario,12/15/2019,19.1,35.8,35.6,23.7
Ontario,12/16/2019,19.3,32.3,34,20.7
Ontario,12/17/2019,23.8,33.9,31.1,15.8
Ontario,12/18/2019,4.3,27.1,26.5,9.6
Ontario,12/19/2019,0.8,18.5,22.7,4.9
Ontario,12/20/2019,9.7,22.6,24.4,8.1
Ontario,12/21/2019,13.9,32.2,32.9,16.5
Ontario,12/22/2019,25.9,44,41.5,23.7
Ontario,12/23/2019,31.2,48.3,42,26.8
Ontario,12/24/2019,23.3,33.6,39.2,27.2
Ontario,12/25/2019,27.1,35.6,35.4,26.8
Ontario,12/26/2019,30.1,36.9,41,30.7
Ontario,12/27/2019,34.8,50.5,42.5,32.7
Ontario,12/28/2019,33.1,40.2,41.9,33
Ontario,12/29/2019,31,34.9,40.7,32.1
Ontario,12/30/2019,32.1,46.9,39.3,30.6
Ontario,12/31/2019,28.7,36,38.2,29.1
Ontario,1/1/2020,26.6,31.7,36.6,28.6
Ontario,1/2/2020,30.6,42,39.1,30.9
Ontario,1/3/2020,35.7,43.6,40.7,32
Ontario,1/4/2020,29.9,36.5,37.7,30.1
Ontario,1/5/2020,24.7,33,34.4,24.6
Ontario,1/6/2020,19.2,33.8,34.7,21.8
Ontario,1/7/2020,21.4,37.2,33.9,18.5
Ontario,1/8/2020,14.8,30.6,33.3,15.2
Ontario,1/9/2020,9.5,32,35.6,18.2
Ontario,1/10/2020,30.4,44.2,43.1,24.9
Ontario,1/11/2020,34.9,53.1,44.2,28.3
Ontario,1/12/2020,19.6,35.3,40.6,25.2
Ontario,1/13/2020,21,33.4,34.8,23.4
Ontario,1/14/2020,29.5,35.6,35.9,27.6
Ontario,1/15/2020,32.4,38.7,36.1,23.9
Ontario,1/16/2020,9.8,34.1,29.4,14.9
Ontario,1/17/2020,2.6,15.4,27.6,8.5
Ontario,1/18/2020,13,33.4,26.5,8.7
Ontario,1/19/2020,10.4,30.9,28.4,8.9
Ontario,1/20/2020,3.2,21,25.7,8.3
Ontario,1/21/2020,11.2,25.4,26.5,10.7
Ontario,1/22/2020,17.6,33.2,31.6,17.1
Ontario,1/23/2020,22.5,36.4,36,22.5
Ontario,1/24/2020,27.3,38.5,37.8,27.2
Ontario,1/25/2020,31.6,38.5,38.3,30.7
Ontario,1/26/2020,33.1,37.8,36.9,32.1
Ontario,1/27/2020,31.6,34.3,35.5,30.6
Ontario,1/28/2020,27.1,34.4,32,24.3
Ontario,1/29/2020,14.3,27.1,29.7,18.1
Ontario,1/30/2020,12.9,27.5,28.8,16
Ontario,1/31/2020,20.7,31.8,30.7,19.2
Ontario,2/1/2020,23.9,32.8,33.1,23.6
Ontario,2/2/2020,26.2,34.7,36.3,27
Ontario,2/3/2020,31,41.2,37.2,26.7
Ontario,2/4/2020,22.9,35.8,34.6,23.1
Ontario,2/5/2020,15.4,26.7,29.4,19.4
Ontario,2/6/2020,19.8,25.8,25.8,16.6
Ontario,2/7/2020,14.5,24.9,22.8,12
Ontario,2/8/2020,1.5,17.8,24.9,7.7
Ontario,2/9/2020,6.9,31.9,28.8,13
Ontario,2/10/2020,30.6,36.8,34.7,21.3
Ontario,2/11/2020,26.5,35.4,35.5,26.9
Ontario,2/12/2020,23.7,34.3,33.8,17.2
Ontario,2/13/2020,1.4,31.7,26.4,5.7
Ontario,2/14/2020,-8,13.3,25.3,-0.7
Ontario,2/15/2020,4.6,30.9,27,7.5
Ontario,2/16/2020,25.8,36.6,33,15.5
Ontario,2/17/2020,16.2,31.6,36.3,21.7
Ontario,2/18/2020,23.1,40.6,34.6,18.6
Ontario,2/19/2020,16.5,31.6,31.5,15.6
Ontario,2/20/2020,7.2,22.4,28.6,10.3
Ontario,2/21/2020,7.3,31.8,31.8,12.2
Ontario,2/22/2020,22,41.2,40.3,19.3
Ontario,2/23/2020,28.6,48.1,46.2,26.5
Ontario,2/24/2020,29.1,49.3,46.1,29.8
Ontario,2/25/2020,31.7,40.8,42.6,28.6
Ontario,2/26/2020,25,37.7,35.5,25.9
Ontario,2/27/2020,20.9,28.1,30.3,19.6
Ontario,2/28/2020,12.8,25.2,25.7,13.6
Ontario,2/29/2020,7.1,23.7,27.6,9.8
Ontario,3/1/2020,9.7,33.9,33.4,14.8
Ontario,3/2/2020,27.6,42.7,39.2,23.3
Ontario,3/3/2020,32.7,41,42,31
Ontario,3/4/2020,32.7,42.3,41.8,30.4
Ontario,3/5/2020,25.6,41.9,40.1,28.5
Ontario,3/6/2020,27,36.1,38.4,23.6
Ontario,3/7/2020,18.2,37.3,41.7,25.2
Ontario,3/8/2020,30.3,51.8,50.2,30.4
Ontario,3/9/2020,42.7,61.5,55.4,34.2
Ontario,3/10/2020,29.7,52.9,50.9,32.8
Ontario,3/11/2020,26.1,38.3,44.6,28.5
Ontario,3/12/2020,29.8,42.6,42.6,30.1
Ontario,3/13/2020,34.2,46.9,42.7,30.8
Ontario,3/14/2020,28.4,38.7,40.7,28.3
Ontario,3/15/2020,22.3,36.5,38,23.4
Ontario,3/16/2020,19.6,38.8,40.4,23.9
Ontario,3/17/2020,29.7,45.8,41.4,25.2
Ontario,3/18/2020,26.4,39.5,43.6,30.2
Ontario,3/19/2020,34.7,45.6,49.7,28.8
Ontario,3/20/2020,25.5,63.9,47.5,25.6
Ontario,3/21/2020,16.7,33.1,43.5,19.7
Ontario,3/22/2020,16.9,33.5,35.1,20.7
Ontario,3/23/2020,28.6,38.7,37.9,25.8
Ontario,3/24/2020,31.9,41.4,43,31
Ontario,3/25/2020,32.6,48.9,48.6,32.9
Ontario,3/26/2020,34.3,55.5,50.7,33.2
Ontario,3/27/2020,32.8,47.8,49.9,33.9
Ontario,3/28/2020,34.7,46.5,52,35.8
Ontario,3/29/2020,40.1,61.8,51.9,38.1
Ontario,3/30/2020,39.5,47.3,51,39.2
Ontario,3/31/2020,37.9,43.9,46.7,36.7
Ontario,4/1/2020,32.8,48.9,49.5,35.3
Ontario,4/2/2020,35.1,55.6,52.3,34.6
Ontario,4/3/2020,35.9,52.3,53.6,37.3
Ontario,4/4/2020,40.9,52.8,52.4,36.9
Ontario,4/5/2020,34,52.2,53.8,35.3
Ontario,4/6/2020,31,56.6,55,34
Ontario,4/7/2020,37.1,56.3,56.3,35.7
Ontario,4/8/2020,39.1,55.9,53.5,36.6
Ontario,4/9/2020,33.4,48.5,49.6,34.9
Ontario,4/10/2020,32.2,44.3,46.7,31.4
Ontario,4/11/2020,28.5,47.2,49.3,32.7
Ontario,4/12/2020,37.4,56.3,54.1,34.1
Ontario,4/13/2020,36.5,58.7,53.2,33.7
Ontario,4/14/2020,27.3,44.5,47.7,29.3
Ontario,4/15/2020,24.2,39.9,41.6,25.2
Ontario,4/16/2020,24,40.4,41.1,25.1
Ontario,4/17/2020,27,43,45,25.6
Ontario,4/18/2020,25.9,51.7,50.4,27.3
Ontario,4/19/2020,29,56.5,50.7,26.7
Ontario,4/20/2020,25.3,44.1,49.4,27
Ontario,4/21/2020,26.8,47.5,44.3,26
Ontario,4/22/2020,26,41.2,43.9,26.9
Ontario,4/23/2020,28,42.9,45.2,30
Ontario,4/24/2020,36,51.4,50.4,31.4
Ontario,4/25/2020,30.1,56.8,53.7,35.5
Ontario,4/26/2020,40.4,52.9,55.4,36.3
Ontario,4/27/2020,38.4,56.4,54.9,40.8
Ontario,4/28/2020,43.4,55.3,56.9,41.8
Ontario,4/29/2020,43.5,58.8,57,45
Ontario,4/30/2020,48.1,56.7,58.6,45.1
Ontario,5/1/2020,43.9,60.3,59,44.2
Ontario,5/2/2020,40.7,60,63.3,42.8
Ontario,5/3/2020,43.8,69.6,60.6,40.2
Ontario,5/4/2020,36,52.1,57.8,37
Ontario,5/5/2020,31.1,51.8,53,34.2
Ontario,5/6/2020,35.6,55.2,54.6,33.2
Ontario,5/7/2020,33,56.7,51,31.9
Ontario,5/8/2020,27.2,41.2,47.1,28.3
Ontario,5/9/2020,24.5,43.4,43.7,27.2
Ontario,5/10/2020,29.9,46.6,45.9,28.1
Ontario,5/11/2020,29.9,47.6,47.2,28.7
Ontario,5/12/2020,26.2,47.3,49.9,27.7
Ontario,5/13/2020,27.1,54.8,53.1,31.2
Ontario,5/14/2020,40.4,57,58.9,37.7
Ontario,5/15/2020,45.8,65,61.3,43.7
Ontario,5/16/2020,45.1,61.9,63,44.9
Ontario,5/17/2020,44,62,61.4,46.5
Ontario,5/18/2020,50.5,60.4,62.1,48.7
Ontario,5/19/2020,51.8,63.9,64.1,49.9
Ontario,5/20/2020,47.5,68.1,67.5,48.1
Ontario,5/21/2020,45,70.6,71.7,46.9
Ontario,5/22/2020,48.2,76.4,74.5,49.1
Ontario,5/23/2020,54.3,76.5,77.1,53
Ontario,5/24/2020,56.6,78.4,80.1,57.7
Ontario,5/25/2020,62.1,85.4,83.9,59.8
Ontario,5/26/2020,60.8,87.8,86.1,62.8
Ontario,5/27/2020,65.5,85,82.7,63.7
Ontario,5/28/2020,64.8,75.2,80.1,61.5
Ontario,5/29/2020,54.1,80,73.7,55.2
Ontario,5/30/2020,46.7,66,68.4,47.7
Ontario,5/31/2020,42.2,59.3,66.6,45.1
Ontario,6/1/2020,46.2,74.7,70.6,46.7
Ontario,6/2/2020,51.6,77.9,76.6,50.9
Ontario,6/3/2020,55,77.2,80.4,55.6
Ontario,6/4/2020,60.1,86,82.1,58.6
Ontario,6/5/2020,60.6,83.1,82.5,59
Ontario,6/6/2020,56.2,78.4,76.8,55.9
Ontario,6/7/2020,50.9,68.8,73.2,51.9
Ontario,6/8/2020,48.7,72.3,75.5,52.5
Ontario,6/9/2020,58,85.3,81.7,55.4
Ontario,6/10/2020,59.6,87.6,83.1,58.9
Ontario,6/11/2020,59.1,76.5,76.7,55.8
Ontario,6/12/2020,48.8,65.9,68.8,51.4
Ontario,6/13/2020,46.3,64.1,64.6,47.2
Ontario,6/14/2020,46.6,63.9,66.1,46.7
Ontario,6/15/2020,47.1,70.3,70.3,47.4
Ontario,6/16/2020,48.4,76.6,76.3,49.7
Ontario,6/17/2020,53.5,82,81.4,53.4
Ontario,6/18/2020,58.3,85.5,84.5,58.1
Ontario,6/19/2020,62.5,85.9,86.4,62
Ontario,6/20/2020,65.1,87.7,87.2,64.4
Ontario,6/21/2020,65.6,88.1,87.7,65.8
Ontario,6/22/2020,66.8,87.3,85.2,65.5
Ontario,6/23/2020,63.9,80.1,80.6,63.3
Ontario,6/24/2020,59.1,74.4,78.1,58.3
Ontario,6/25/2020,51.8,79.6,79.7,56.2
Ontario,6/26/2020,57.7,85,82.9,58.4
Ontario,6/27/2020,65.5,84,84.3,62
Ontario,6/28/2020,62.7,83.8,84.9,64.5
Ontario,6/29/2020,65.2,86.9,83.7,64.6
Ontario,6/30/2020,65.8,80.4,84.1,65.4
Ontario,7/1/2020,65.1,85,86.7,66.4
Ontario,7/2/2020,68.3,94.6,89.6,67.9
Ontario,7/3/2020,70.3,89.3,90.8,68.3
Ontario,7/4/2020,66.5,88.6,89.5,66.7
Ontario,7/5/2020,63.4,90.7,88.9,65.2
Ontario,7/6/2020,65.7,87.3,90.1,65.6
Ontario,7/7/2020,67.8,92.3,90.6,67.8
Ontario,7/8/2020,70,92.3,92.5,69.3
Ontario,7/9/2020,70,93,91.9,69.4
Ontario,7/10/2020,68.2,90.5,88.9,68.8
Ontario,7/11/2020,68.3,83.2,85.2,67.1
Ontario,7/12/2020,64.7,81.9,81,65.7
Ontario,7/13/2020,63.9,77.8,79.8,63.8
Ontario,7/14/2020,62.8,79.7,79.7,63.5
Ontario,7/15/2020,63.7,81.5,79.8,65
Ontario,7/16/2020,68.5,78.3,81.8,66.4
Ontario,7/17/2020,67,85.7,84.8,67.7
Ontario,7/18/2020,67.6,90.5,88.2,68.4
Ontario,7/19/2020,70.8,88.3,87.9,67.8
Ontario,7/20/2020,65,85.1,84,64.9
Ontario,7/21/2020,58.8,78.5,81.1,63.2
Ontario,7/22/2020,65.9,79.6,79.8,63.2
Ontario,7/23/2020,65,81.2,80.9,64.5
Ontario,7/24/2020,62.7,81.8,82.9,63.4
Ontario,7/25/2020,62.4,85.8,86.3,64.1
Ontario,7/26/2020,67.3,91.4,88.9,67
Ontario,7/27/2020,71.2,89.5,89.4,67.4
Ontario,7/28/2020,63.6,87.2,87.6,67
Ontario,7/29/2020,66.1,86.2,85.1,63.9
Ontario,7/30/2020,62,82,83.7,63.8
Ontario,7/31/2020,63.3,83,83.5,63.1
Ontario,8/1/2020,64,85.4,83.7,64.4
Ontario,8/2/2020,65.8,82.6,81.4,64
Ontario,8/3/2020,62.3,76.3,78.1,63.7
Ontario,8/4/2020,62.9,75.3,75.7,60.9
Ontario,8/5/2020,57.5,75.4,75.1,58.7
Ontario,8/6/2020,55.6,74.7,76.1,56.6
Ontario,8/7/2020,56.8,78.3,78,57.2
Ontario,8/8/2020,59.4,80.9,81.8,60.9
Ontario,8/9/2020,66.6,86.2,85.2,65.3
Ontario,8/10/2020,70,88.3,86.5,65.7
Ontario,8/11/2020,60.5,85.1,86.2,63.2
Ontario,8/12/2020,59.2,85.2,84.6,61.4
Ontario,8/13/2020,64.4,83.6,83.9,63.5
Ontario,8/14/2020,66.8,82.8,82.7,64.2
Ontario,8/15/2020,61.5,81.7,81.1,63.9
Ontario,8/16/2020,63.3,78.8,80.4,61
Ontario,8/17/2020,58.4,80.7,78.8,59.2
Ontario,8/18/2020,55.9,76.9,77.2,55.3
Ontario,8/19/2020,51.5,74,76.9,52.8
Ontario,8/20/2020,50.9,79.9,79.3,54.9
Ontario,8/21/2020,62.3,84,83.3,59.1
Ontario,8/22/2020,64.1,86,85.7,63.1
Ontario,8/23/2020,63,87.2,87.1,65
Ontario,8/24/2020,67.8,88.1,85.5,64.1
Ontario,8/25/2020,61.5,81.2,79.4,61.6
Ontario,8/26/2020,55.3,69,77.8,59.1
Ontario,8/27/2020,60.3,83.1,75.5,58.1
Ontario,8/28/2020,58.6,74.4,78.6,59.6
Ontario,8/29/2020,59.7,78.3,75.2,57.8
Ontario,8/30/2020,55.2,72.7,75.7,57
Ontario,8/31/2020,56,76.2,76.7,57.7
Ontario,9/1/2020,62,81.2,79.5,60.4
Ontario,9/2/2020,63.2,81.2,81.5,61.1
Ontario,9/3/2020,58,82.2,78.8,58.4
Ontario,9/4/2020,54.1,72.9,74.9,54.8
Ontario,9/5/2020,52.4,69.8,71.3,51.6
Ontario,9/6/2020,48.1,71.3,72.7,52.6
Ontario,9/7/2020,57.3,77.1,70.9,54.4
Ontario,9/8/2020,57.8,64.1,69.3,57.2
Ontario,9/9/2020,56.4,66.7,66.4,56.3
Ontario,9/10/2020,54.6,68.4,66.2,53.8
Ontario,9/11/2020,50.2,63.4,67.4,50.9
Ontario,9/12/2020,48,70.5,70.7,51.3
Ontario,9/13/2020,55.6,78.1,70.7,48.7
Ontario,9/14/2020,42.5,63.5,69.3,45.9
Ontario,9/15/2020,39.5,66.3,69.1,45.8
Ontario,9/16/2020,55.5,77.5,69.9,46.2
Ontario,9/17/2020,43.8,65.9,67.9,46.3
Ontario,9/18/2020,39.6,60.1,61.1,39.7
Ontario,9/19/2020,35.9,57.4,59.7,40.2
Ontario,9/20/2020,45.1,61.6,61.7,39.4
Ontario,9/21/2020,37.1,66.2,65.7,41.1
Ontario,9/22/2020,41.1,69.4,71.8,43.2
Ontario,9/23/2020,51.2,79.7,75,48
Ontario,9/24/2020,51.6,75.8,76.5,52.3
Ontario,9/25/2020,54.2,73.9,76.3,52.6
Ontario,9/26/2020,52.2,79.1,77.8,57.4
Ontario,9/27/2020,65.9,80.4,79.9,58.8
Ontario,9/28/2020,58.2,80.1,76.3,59.6
Ontario,9/29/2020,54.8,68.4,71.2,54.4
Ontario,9/30/2020,50.1,65.2,66.1,50.4
Ontario,10/1/2020,46.3,64.7,62.8,46.1
Ontario,10/2/2020,41.8,58.6,59.6,42.3
Ontario,10/3/2020,39,55.4,55.9,40.7
Ontario,10/4/2020,41.3,53.6,56.3,41.3
Ontario,10/5/2020,43.5,60,60.1,43.5
Ontario,10/6/2020,45.8,66.8,63.8,46
Ontario,10/7/2020,48.7,64.6,63.8,44.9
Ontario,10/8/2020,40.1,60,62.7,41.5
Ontario,10/9/2020,35.7,63.4,65.2,40.6
Ontario,10/10/2020,45.8,72.3,62.7,40.4
Ontario,10/11/2020,39.5,52.4,61.9,42.7
Ontario,10/12/2020,42.6,60.9,58.4,43.2
Ontario,10/13/2020,47.4,61.8,61.9,44.1
Ontario,10/14/2020,42.2,62.9,63.2,44.1
Ontario,10/15/2020,42.8,64.8,60.3,40.9
Ontario,10/16/2020,37.7,53.2,57.8,38.9
Ontario,10/17/2020,36,55.5,55.5,38.2
Ontario,10/18/2020,41,57.8,53.8,40.2
Ontario,10/19/2020,43.5,48.2,53,42.3
Ontario,10/20/2020,42.6,53,54.7,43.4
Ontario,10/21/2020,44.2,62.9,56.9,44.4
Ontario,10/22/2020,46.6,54.7,64.3,45.9
Ontario,10/23/2020,46.8,75.4,59.9,43.3
Ontario,10/24/2020,36.4,49.5,56,39
Ontario,10/25/2020,33.8,43.2,46.3,35.1
Ontario,10/26/2020,35.2,46.2,44.5,34
Ontario,10/27/2020,33.1,44.1,47.3,34.2
Ontario,10/28/2020,34.4,51.8,48.7,34.1
Ontario,10/29/2020,34.9,50.1,46,30.9
Ontario,10/30/2020,23.4,36.1,43.3,26.5
Ontario,10/31/2020,21.3,43.7,43.8,25.5
Ontario,11/1/2020,31.9,51.6,46.4,27
Ontario,11/2/2020,27.8,43.9,46,31.6
Ontario,11/3/2020,35.1,42.4,50.1,32
Ontario,11/4/2020,32.9,64,57.6,39
Ontario,11/5/2020,48.9,66.3,66.4,43.1
Ontario,11/6/2020,47.4,69,68.3,48.4
Ontario,11/7/2020,48.7,69.7,69,46.2
Ontario,11/8/2020,42.4,68.3,68.4,44.7
Ontario,11/9/2020,43,67.4,70.3,43.3
Ontario,11/10/2020,44.6,75.3,69.3,43.3
Ontario,11/11/2020,42.4,65.3,63.7,41.2
Ontario,11/12/2020,36.7,50.5,54.4,38.2
Ontario,11/13/2020,35.6,47.5,47.5,34.5
Ontario,11/14/2020,31.1,44.6,48.6,33.9
Ontario,11/15/2020,34.9,53.6,46.1,33.3
Ontario,11/16/2020,33.9,39.9,43.5,30.4
Ontario,11/17/2020,22.4,37.1,36.7,25.7
Ontario,11/18/2020,20.7,33.2,42,25.1
Ontario,11/19/2020,32,55.7,50.5,31.5
Ontario,11/20/2020,41.6,62.7,54.2,34.9
Ontario,11/21/2020,30.9,44.3,47.6,33.6
Ontario,11/22/2020,28.2,35.7,39.6,28.1
Ontario,11/23/2020,25.3,38.8,36.5,26.9
Ontario,11/24/2020,27.1,34.9,39.6,28.1
Ontario,11/25/2020,31.9,45.1,43.8,33.7
Ontario,11/26/2020,42.1,51.6,47.5,38.1
Ontario,11/27/2020,40.3,45.8,47.2,39.3
Ontario,11/28/2020,35.5,44.2,46.7,36.1
Ontario,11/29/2020,32.5,50.3,46.3,32.6
Ontario,11/30/2020,29.9,44.4,43.9,30.8
Ontario,12/1/2020,30,36.9,40.2,29.7
Ontario,12/2/2020,29.3,39.2,38.6,29.3
Ontario,12/3/2020,28.7,39.5,39.1,30
Ontario,12/4/2020,32.1,38.7,37.9,28.2
Ontario,12/5/2020,23.9,35.5,35.4,25.6
Ontario,12/6/2020,20.8,32,33.2,21.9
Ontario,12/7/2020,20.9,32.3,32.6,20.4
Ontario,12/8/2020,19.6,33.4,34.7,23.3
Ontario,12/9/2020,29.5,38.3,37.6,26.8
Ontario,12/10/2020,31.2,41,42,30.8
Ontario,12/11/2020,31.6,46.9,45,33.1
Ontario,12/12/2020,36.6,47,45.2,32.9
Ontario,12/13/2020,30.5,41.6,40.9,31.5
Ontario,12/14/2020,27.3,34.1,34.4,24.4
Ontario,12/15/2020,15.4,27.5,27.2,18.6
Ontario,12/16/2020,13.2,19.9,24.4,14.7
Ontario,12/17/2020,15.5,25.7,24.6,13.7
Ontario,12/18/2020,12.3,28.2,29.6,17.3
Ontario,12/19/2020,24,34.9,34.5,21.9
Ontario,12/20/2020,29.3,40.4,38.2,27.6
Ontario,12/21/2020,29.5,39.4,38.7,29.4
Ontario,12/22/2020,29.4,36.4,39.4,29.7
Ontario,12/23/2020,30.2,42.3,42.9,29.3
Ontario,12/24/2020,28.4,50,42.7,27.5
Ontario,12/25/2020,24,35.7,38,24.5
Ontario,12/26/2020,21.1,28.4,32.9,22.8
Ontario,12/27/2020,23.4,34.6,34.3,22.9
Ontario,12/28/2020,24.2,39.7,34.8,22.7
Ontario,12/29/2020,20.6,30,36.5,22.7
Ontario,12/30/2020,23.4,39.7,34.9,23.2
Ontario,12/31/2020,25.6,34.9,36.1,24.2
Ontario,1/1/2021,23.6,33.7,34,25.2
Ontario,1/2/2021,26.4,33.5,33.4,26.5
Ontario,1/3/2021,29.4,32.9,33.5,28.4
Ontario,1/4/2021,29.4,34.2,33.5,29.8
Ontario,1/5/2021,30.6,33.3,33.8,29.6
Ontario,1/6/2021,28.6,34,32.5,26.2
Ontario,1/7/2021,19.4,30.1,29.7,21
Ontario,1/8/2021,15,25.2,30.3,18.6
Ontario,1/9/2021,21.3,35.6,31.5,18.5
Ontario,1/10/2021,19.3,33.6,33.7,19.8
Ontario,1/11/2021,18.8,31.8,31.8,22
Ontario,1/12/2021,27.8,30,32.8,25.2
Ontario,1/13/2021,28.9,36.7,35.2,29
Ontario,1/14/2021,30.3,39,39.1,30.3
Ontario,1/15/2021,31.7,41.7,40.4,29.8
Ontario,1/16/2021,27.3,40.4,40.1,28.5
Ontario,1/17/2021,26.5,38.3,36.9,25.1
Ontario,1/18/2021,21.4,32,33.5,23.5
Ontario,1/19/2021,22.5,30.2,29.8,20.1
Ontario,1/20/2021,16.3,27.1,30.9,21
Ontario,1/21/2021,24,35.3,31.9,19.4
Ontario,1/22/2021,17.9,33.3,30.3,16.8
Ontario,1/23/2021,8.3,22.5,26.7,14.2
Ontario,1/24/2021,16.2,24.5,26.6,15.2
Ontario,1/25/2021,20.9,33,29.4,19.3
Ontario,1/26/2021,20.9,30.8,30.3,18.8
Ontario,1/27/2021,14.6,27,25.6,14.1
Ontario,1/28/2021,7,18.9,21,8.8
Ontario,1/29/2021,4.8,17.1,20.2,5.2
Ontario,1/30/2021,3.9,24.6,21,5.4
Ontario,1/31/2021,7.6,21.4,24.1,6.2
Ontario,2/1/2021,7.2,26.2,25.7,10.2
Ontario,2/2/2021,15.9,29.7,29.5,14.8
Ontario,2/3/2021,21.4,32.6,33.5,18.1
Ontario,2/4/2021,16.9,38.3,35.4,17.8
Ontario,2/5/2021,15.1,35.3,31.9,15.6
Ontario,2/6/2021,14.7,22.2,26.5,12.2
Ontario,2/7/2021,6.7,22.2,21.6,8.8
Ontario,2/8/2021,5.1,20.3,22.9,6.6
Ontario,2/9/2021,8,26.2,22.8,6.2
Ontario,2/10/2021,5.6,22,23.5,7.1
Ontario,2/11/2021,7.6,22.4,20.1,5.5
Ontario,2/12/2021,3.2,15.9,17.8,4.4
Ontario,2/13/2021,2.5,15.1,18.5,3.6
Ontario,2/14/2021,5.2,24.6,21.3,6.8
Ontario,2/15/2021,12.8,24.2,23.4,7.9
Ontario,2/16/2021,5.6,21.4,22.7,6.8
Ontario,2/17/2021,2.1,22.5,23,6.3
Ontario,2/18/2021,11.2,25.1,25.2,10.1
Ontario,2/19/2021,17.1,27.9,27,13.1
Ontario,2/20/2021,11,27.9,28.1,11.8
Ontario,2/21/2021,7.4,28.5,30.7,14
Ontario,2/22/2021,23.6,35.7,34.5,20.4
Ontario,2/23/2021,30.3,39.1,40.2,28.3
Ontario,2/24/2021,31.1,45.9,39.7,28.3
Ontario,2/25/2021,23.6,34.3,39,23.9
Ontario,2/26/2021,16.9,36.8,37.6,22.1
Ontario,2/27/2021,25.9,41.7,40.7,24.1
Ontario,2/28/2021,29.4,43.7,42.3,22.7
Ontario,3/1/2021,12.9,41.5,38.2,16.1
Ontario,3/2/2021,6,29.5,37.7,14.5
Ontario,3/3/2021,24.6,42.2,34.3,15.7
Ontario,3/4/2021,16.6,31.1,34.9,18
Ontario,3/5/2021,12.7,31.2,30.6,14.7
Ontario,3/6/2021,14.7,29.4,30.3,13.2
Ontario,3/7/2021,12.3,30.2,35.3,13.3
Ontario,3/8/2021,12.7,46.3,41.7,17.2
Ontario,3/9/2021,26.6,48.6,51.1,21.6
Ontario,3/10/2021,25.4,58.4,57.6,31.3
Ontario,3/11/2021,41.9,65.9,58.8,30.3
Ontario,3/12/2021,23.5,52,52.5,28.2
Ontario,3/13/2021,19.3,39.6,42.6,20.5
Ontario,3/14/2021,18.8,36.2,34.4,17.1
Ontario,3/15/2021,13.3,27.4,33.7,18.6
Ontario,3/16/2021,23.7,37.5,37.8,22.5
Ontario,3/17/2021,30.6,48.4,43.2,26.8
Ontario,3/18/2021,26.3,43.6,42.9,25.8
Ontario,3/19/2021,20.6,36.7,45.8,24.1
Ontario,3/20/2021,25.3,57.1,50.8,24.5
Ontario,3/21/2021,27.5,58.6,59.1,27.3
Ontario,3/22/2021,28.9,61.6,60.4,29.6
Ontario,3/23/2021,32.4,60.9,62,34.4
Ontario,3/24/2021,41.8,63.4,65.1,39.8
Ontario,3/25/2021,45.1,70.8,62.3,41.4
Ontario,3/26/2021,37.2,52.7,56.3,39.8
Ontario,3/27/2021,37.1,45.3,49.1,36.6
Ontario,3/28/2021,35.6,49.4,46.4,34.2
Ontario,3/29/2021,29.9,44.5,53.7,32.3
Ontario,3/30/2021,31.4,67.3,56.9,31.6
Ontario,3/31/2021,33.6,58.8,54.5,30.2
Ontario,4/1/2021,25.5,37.4,44.8,27.4
Ontario,4/2/2021,23,38.3,41.3,23.2
Ontario,4/3/2021,21.2,48.1,48.1,24.1
Ontario,4/4/2021,28.2,57.9,53.6,28.2
Ontario,4/5/2021,35.3,54.9,56.5,33
Ontario,4/6/2021,35.6,56.6,58.2,37
Ontario,4/7/2021,40.2,62.9,62.9,40.3
Ontario,4/8/2021,45,69.1,66.8,45.2
Ontario,4/9/2021,50.4,68.2,68.9,48
Ontario,4/10/2021,48.6,69.4,66.8,49.4
Ontario,4/11/2021,49.1,62.8,62,47.4
Ontario,4/12/2021,44.6,53.7,58.5,45.2
Ontario,4/13/2021,41.8,59.2,58.1,41.8
Ontario,4/14/2021,39.1,61.5,56.5,40.3
Ontario,4/15/2021,39.9,49,53.7,39.2
Ontario,4/16/2021,38.4,50.6,50.6,38.6
Ontario,4/17/2021,37.4,52,53.6,37.5
Ontario,4/18/2021,36.7,58,57.3,36.2
Ontario,4/19/2021,34.6,61.9,54,34
Ontario,4/20/2021,30.9,42.2,48.2,30.9
Ontario,4/21/2021,27.3,40.5,41.1,28.3
Ontario,4/22/2021,26.6,40.5,48.6,27.8
Ontario,4/23/2021,29.5,64.7,56.2,32.8
Ontario,4/24/2021,42.4,63.3,60.6,35.4
Ontario,4/25/2021,34.4,53.9,54.8,35.7
Ontario,4/26/2021,30.2,47.3,52.5,34.6
Ontario,4/27/2021,39.1,56.4,55.8,38
Ontario,4/28/2021,44.7,63.7,57.8,43.2
Ontario,4/29/2021,46,53.3,55.3,42.9
Ontario,4/30/2021,38.2,48.8,52.6,39.5
Ontario,5/1/2021,34.4,55.6,55.6,38.6
Ontario,5/2/2021,43.1,62.4,57.5,40.7
Ontario,5/3/2021,44.4,54.4,57.1,44.3
Ontario,5/4/2021,45.4,54.6,54.3,43.6
Ontario,5/5/2021,41,53.9,55.3,40.6
Ontario,5/6/2021,35.5,57.4,54.2,36.8
Ontario,5/7/2021,34,51.4,56,35.3
Ontario,5/8/2021,36.5,59.3,55.1,35
Ontario,5/9/2021,34.5,54.6,57.1,35.4
Ontario,5/10/2021,35.1,57.5,54.6,34.6
Ontario,5/11/2021,34.2,51.6,57.4,36.4
Ontario,5/12/2021,40,63,60.9,38.9
Ontario,5/13/2021,42.4,68.2,67.2,41.7
Ontario,5/14/2021,42.7,70.3,70.1,42.6
Ontario,5/15/2021,42.7,71.8,71.6,43.9
Ontario,5/16/2021,46.5,72.7,73.1,45
Ontario,5/17/2021,45.7,74.9,76.2,48.7
Ontario,5/18/2021,53.8,80.9,79.1,51
Ontario,5/19/2021,53.5,81.5,82.9,55.5
Ontario,5/20/2021,59.3,86.2,85.5,57.7
Ontario,5/21/2021,60.4,88.9,85.5,62.1
Ontario,5/22/2021,66.6,81.4,82,60.5
Ontario,5/23/2021,54.6,75.7,75.5,57.4
Ontario,5/24/2021,51.1,69.5,78.1,53.1
Ontario,5/25/2021,53.7,89.3,79.3,52.4
Ontario,5/26/2021,52.4,79.2,78.1,50.3
Ontario,5/27/2021,44.8,65.7,65.2,44
Ontario,5/28/2021,34.9,50.6,59.1,39.3
Ontario,5/29/2021,38.3,61,59.2,38.4
Ontario,5/30/2021,42.1,66.1,66.5,41.7
Ontario,5/31/2021,44.8,72.3,71.9,47.4
Ontario,6/1/2021,55.3,77.1,75.7,51.3
Ontario,6/2/2021,53.9,77.6,75.4,55.7
Ontario,6/3/2021,57.8,71.4,77,57.3
Ontario,6/4/2021,60.2,82,80.8,61.3
Ontario,6/5/2021,65.8,89,87.7,64.3
Ontario,6/6/2021,66.9,92.2,90.2,66.7
Ontario,6/7/2021,67.4,89.4,87.5,68
Ontario,6/8/2021,69.8,80.8,84.7,67.7
Ontario,6/9/2021,65.8,84,80.4,65.5
Ontario,6/10/2021,61,76.4,79,62.5
Ontario,6/11/2021,60.9,76.6,76.9,60.7
Ontario,6/12/2021,60.2,77.6,79.3,60.1
Ontario,6/13/2021,59.2,83.9,79.2,59.6
Ontario,6/14/2021,59.4,76.1,77.6,57.8
Ontario,6/15/2021,54.8,73,73.5,54.8
Ontario,6/16/2021,50.2,71.4,74.3,51
Ontario,6/17/2021,48,78.5,75.7,53.2
Ontario,6/18/2021,61.4,77.2,80.6,56.1
Ontario,6/19/2021,59,86.2,81.4,58.9
Ontario,6/20/2021,56.2,80.8,84.3,56.2
Ontario,6/21/2021,53.3,86,78,53.1
Ontario,6/22/2021,49.8,67.4,75.7,50.1
Ontario,6/23/2021,47.2,73.6,74.3,51.5
Ontario,6/24/2021,57.6,81.9,78.1,56.2
Ontario,6/25/2021,63.8,78.9,80.3,62.4
Ontario,6/26/2021,65.9,80.2,82.5,68
Ontario,6/27/2021,74.2,88.5,86.1,70.4
Ontario,6/28/2021,71,89.7,89.4,71.7
Ontario,6/29/2021,69.8,89.9,87.2,68.7
Ontario,6/30/2021,65.3,82,83.4,65.4
Ontario,7/1/2021,61.1,78.3,78.4,61.9
Ontario,7/2/2021,59.2,74.8,76.3,58.9
Ontario,7/3/2021,56.4,75.8,75.1,58.2
Ontario,7/4/2021,58.9,74.8,79.5,59.1
Ontario,7/5/2021,62.1,88,83.8,64
Ontario,7/6/2021,71,88.5,83.8,64.2
Ontario,7/7/2021,59.6,75,76.3,62.7
Ontario,7/8/2021,57.5,65.3,69.4,59
Ontario,7/9/2021,59.8,67.9,69.4,57.4
Ontario,7/10/2021,54.7,74.9,71.4,57.8
Ontario,7/11/2021,58.9,71.3,74.8,59.2
Ontario,7/12/2021,64.1,78.1,76.3,63
Ontario,7/13/2021,66.1,79.4,80.7,65.5
Ontario,7/14/2021,66.5,84.6,83.3,66.3
Ontario,7/15/2021,66.5,85.9,82.2,65.7
Ontario,7/16/2021,64.3,76.1,78.2,65
Ontario,7/17/2021,64.4,72.5,77.2,64.3
Ontario,7/18/2021,64.2,82.9,79.4,64.7
Ontario,7/19/2021,65.6,82.8,83.2,65.2
Ontario,7/20/2021,65.7,83.8,80.5,63
Ontario,7/21/2021,57.6,74.7,79,59.6
Ontario,7/22/2021,55.3,78.5,77.3,56.6
Ontario,7/23/2021,56.9,78.7,77.2,57.9
Ontario,7/24/2021,61.7,74.4,79.3,60.8
Ontario,7/25/2021,63.7,85,81.7,62.5
Ontario,7/26/2021,62,85.6,82.8,62.3
Ontario,7/27/2021,61.2,77.6,79.3,61.2
Ontario,7/28/2021,60.3,74.7,77.3,61.2
Ontario,7/29/2021,62.1,79.6,74.1,59.3
Ontario,7/30/2021,55.4,68,72.8,56.4
Ontario,7/31/2021,51.5,70.8,69.4,55
Ontario,8/1/2021,58.1,69.3,72,55
Ontario,8/2/2021,55.3,76,75.3,56.4
Ontario,8/3/2021,55.8,80.6,79.3,56.8
Ontario,8/4/2021,59.2,81.1,81.1,57.7
Ontario,8/5/2021,58.1,81.7,82.5,60
Ontario,8/6/2021,62.6,84.7,82.9,62.1
Ontario,8/7/2021,65.5,82.4,83,64.5
Ontario,8/8/2021,65.4,82.1,83.9,67.1
Ontario,8/9/2021,70.5,87.1,84.2,69.3
Ontario,8/10/2021,72,83.4,86.4,71.5
Ontario,8/11/2021,71.9,88.8,86.3,71.6
Ontario,8/12/2021,70.7,86.7,87.4,69.9
Ontario,8/13/2021,67.1,86.8,83.8,65.7
Ontario,8/14/2021,59.2,78,79.6,60.3
Ontario,8/15/2021,54.5,73.9,76.4,56.6
Ontario,8/16/2021,56,77.2,77.3,59.1
Ontario,8/17/2021,66.7,80.7,79.9,63.5
Ontario,8/18/2021,67.8,81.8,83.2,67.2
Ontario,8/19/2021,67.3,87,85.2,66.9
Ontario,8/20/2021,65.7,86.9,86.8,68
Ontario,8/21/2021,71,86.5,87,68
Ontario,8/22/2021,67.5,87.7,87.8,69.3
Ontario,8/23/2021,69.5,89.3,89.6,67.8
Ontario,8/24/2021,66.4,91.7,90.1,69
Ontario,8/25/2021,70.9,89.4,90.6,68.9
Ontario,8/26/2021,69.4,90.7,86.3,68.5
Ontario,8/27/2021,65.2,78.7,82.9,66
Ontario,8/28/2021,63.5,79.3,81.2,65.7
Ontario,8/29/2021,68.3,85.6,82.9,65
Ontario,8/30/2021,63.2,83.9,82.5,64.2
Ontario,8/31/2021,61.2,78,78.9,60.9
Ontario,9/1/2021,58.4,74.8,74.3,57.7
Ontario,9/2/2021,53.6,70.2,73,55.3
Ontario,9/3/2021,53.8,74.1,73.2,54.3
Ontario,9/4/2021,55.5,75.3,75.9,55.7
Ontario,9/5/2021,57.7,78.3,75.9,56.4
Ontario,9/6/2021,56,74,76.6,55.8
Ontario,9/7/2021,53.8,77.6,76.7,55.3
Ontario,9/8/2021,56.3,78.7,75.7,55.3
Ontario,9/9/2021,55.8,70.7,74.1,54.9
Ontario,9/10/2021,52.5,72.9,73.8,53.9
Ontario,9/11/2021,53.3,77.9,75.2,55
Ontario,9/12/2021,59.2,74.7,75.4,55
Ontario,9/13/2021,52.7,73.5,76.2,56.8
Ontario,9/14/2021,58.4,80.2,75.2,56.6
Ontario,9/15/2021,58.6,71.7,74.7,57.3
Ontario,9/16/2021,54.7,72.3,74.1,56.1
Ontario,9/17/2021,54.9,78.4,74.9,54.1
Ontario,9/18/2021,52.7,74,73.9,52.2
Ontario,9/19/2021,48.9,69.2,72.4,50
Ontario,9/20/2021,48.4,74,73.5,53.5
Ontario,9/21/2021,63.3,77.4,73.2,55
Ontario,9/22/2021,53.4,68.4,71.6,57.4
Ontario,9/23/2021,55.4,69.1,67.1,53.2
Ontario,9/24/2021,50.8,63.9,67.7,51.3
Ontario,9/25/2021,47.7,70,67.4,47.8
Ontario,9/26/2021,44.9,68.4,70.7,49.5
Ontario,9/27/2021,56.1,73.6,68,49.1
Ontario,9/28/2021,46.4,61.8,67.1,49.3
Ontario,9/29/2021,45.6,65.9,62.2,46.7
Ontario,9/30/2021,48.3,58.9,64.2,46.2
Ontario,10/1/2021,44.6,67.6,67,49.1
Ontario,10/2/2021,54.4,74.3,69.7,52.1
Ontario,10/3/2021,57.4,67.2,67.7,55.7
Ontario,10/4/2021,55.3,61.5,64.3,56.3
Ontario,10/5/2021,56.1,64.2,63.8,55.4
Ontario,10/6/2021,54.9,65.9,66.1,55.5
Ontario,10/7/2021,55.6,68.1,67.7,55.2
Ontario,10/8/2021,55.1,69.2,68.6,56.9
Ontario,10/9/2021,60,68.4,68.6,58.1
Ontario,10/10/2021,59.1,68.2,69.5,59.6
Ontario,10/11/2021,59.8,71.9,70.9,59.3
Ontario,10/12/2021,59.1,72.7,72,58.6
Ontario,10/13/2021,56.8,71.3,71.6,57.2
Ontario,10/14/2021,55.6,70.8,69.9,56.8
Ontario,10/15/2021,57.9,67.6,66.7,53.7
Ontario,10/16/2021,47.7,61.6,62.6,50.1
Ontario,10/17/2021,44.9,58.5,58.7,44.2
Ontario,10/18/2021,40,56,60.3,41.5
Ontario,10/19/2021,39.7,66.3,62.8,42.8
Ontario,10/20/2021,48.7,66,64.9,45.1
Ontario,10/21/2021,46.8,62.5,59.5,45
Ontario,10/22/2021,39.5,50.1,53.6,41
Ontario,10/23/2021,36.8,48.2,51.1,37.1
Ontario,10/24/2021,34.9,55,50.2,36.7
Ontario,10/25/2021,38.5,47.2,50,38.2
Ontario,10/26/2021,41,47.8,51.6,41.2
Ontario,10/27/2021,44,59.9,52.7,41.5
Ontario,10/28/2021,39.3,50.5,55.7,42.4
Ontario,10/29/2021,43.9,56.6,52.4,42.4
Ontario,10/30/2021,44,50.1,54.9,44.2
Ontario,10/31/2021,44.7,57.9,52.9,42.1
Ontario,11/1/2021,37.8,50.8,52.2,38
Ontario,11/2/2021,31.7,47.8,48,32.8
Ontario,11/3/2021,29,45.4,46.5,29.9
Ontario,11/4/2021,29,46.2,46.9,27.9
Ontario,11/5/2021,25.8,49.3,49.2,28.7
Ontario,11/6/2021,31.3,52.2,54,30.3
Ontario,11/7/2021,33.8,60.4,59.1,34
Ontario,11/8/2021,37,64.5,60.8,37.7
Ontario,11/9/2021,42.2,57.3,58.9,37.7
Ontario,11/10/2021,33.8,54.9,55.8,38.7
Ontario,11/11/2021,40.1,55.1,54.5,37.8
Ontario,11/12/2021,39.6,53.5,51.7,38.4
Ontario,11/13/2021,35.6,46.7,47,36.1
Ontario,11/14/2021,33.2,41,43.2,33.5
Ontario,11/15/2021,31.8,41.9,41.4,31.5
Ontario,11/16/2021,29.6,41.2,47.3,31.7
Ontario,11/17/2021,33.7,58.7,52.9,32.6
Ontario,11/18/2021,34.5,58.8,53.4,32.9
Ontario,11/19/2021,30.5,42.5,47.7,32
Ontario,11/20/2021,31.1,41.7,43.4,31.5
Ontario,11/21/2021,33.1,45.9,42.6,30.4
Ontario,11/22/2021,27.1,40.1,41.1,28
Ontario,11/23/2021,23.8,37.4,41,25.5
Ontario,11/24/2021,25.8,45.4,42.2,28.2
Ontario,11/25/2021,35.2,43.8,42.3,29.6
Ontario,11/26/2021,27.9,37.6,38.4,29.3
Ontario,11/27/2021,24.7,33.7,33.7,25.1
Ontario,11/28/2021,22.7,29.7,31.6,21.3
Ontario,11/29/2021,16.6,31.3,32.1,20.2
Ontario,11/30/2021,21.2,35.4,35.5,21.8
Ontario,12/1/2021,27.5,39.9,41.5,26.5
Ontario,12/2/2021,30.9,49.3,41.4,29
Ontario,12/3/2021,28.5,35,41.1,28.7
Ontario,12/4/2021,26.9,39.1,37.1,26.4
Ontario,12/5/2021,23.9,37.2,42.8,25.8
Ontario,12/6/2021,26.8,52,39.8,23.1
Ontario,12/7/2021,18.8,30.1,36.9,21.4
Ontario,12/8/2021,18.8,28.7,29.6,19.1
Ontario,12/9/2021,19.9,29.9,33,22.5
Ontario,12/10/2021,28.8,40.3,44.2,27.1
Ontario,12/11/2021,32.6,62.4,48.9,30.8
Ontario,12/12/2021,31,44,51.5,33.1
Ontario,12/13/2021,35.7,48.2,45.2,32.3
Ontario,12/14/2021,30.4,43.5,48,33.5
Ontario,12/15/2021,34.5,52.2,52.4,34.1
Ontario,12/16/2021,37.6,61.5,52.5,34.4
Ontario,12/17/2021,31,43.9,45.8,31.3
Ontario,12/18/2021,25.3,32.1,34.4,25
Ontario,12/19/2021,18.7,27.2,31.9,19.7
Ontario,12/20/2021,14.9,36.5,33.6,20.4
Ontario,12/21/2021,27.5,37.2,37.1,21.9
Ontario,12/22/2021,23.1,37.8,34.7,22.1
Ontario,12/23/2021,15.7,29.1,34.1,21.1
Ontario,12/24/2021,24.5,35.4,35.4,23.8
Ontario,12/25/2021,31.2,41.7,37.7,25.9
Ontario,12/26/2021,22,36,36.1,24.2
Ontario,12/27/2021,19.5,30.7,34,23.4
Ontario,12/28/2021,28.7,35.4,33.6,25.9
Ontario,12/29/2021,29.4,34.6,35.3,29.5
Ontario,12/30/2021,30.3,35.9,37.8,31.5
Ontario,12/31/2021,34.7,42.8,39.4,30.4
Ontario,1/1/2022,26.2,39.6,36.6,22.8
Ontario,1/2/2022,7.4,27.4,28.3,11.7
Ontario,1/3/2022,1.4,17.9,26.6,7.1
Ontario,1/4/2022,12.4,34.5,30.3,11.4
Ontario,1/5/2022,20.5,38.5,35.1,17.4
Ontario,1/6/2022,19.3,32.4,31.1,16.9
Ontario,1/7/2022,10.9,22.5,28.1,11.4
Ontario,1/8/2022,3.9,29.5,30,10.4
Ontario,1/9/2022,16.5,38.1,29.2,6.2
Ontario,1/10/2022,-1.8,20,26.2,2.3
Ontario,1/11/2022,-7.8,20.3,24.5,3.1
Ontario,1/12/2022,18.9,33.1,28.7,11.8
Ontario,1/13/2022,24.4,32.5,31.4,13.1
Ontario,1/14/2022,-3.9,28.6,22.4,4.3
Ontario,1/15/2022,-7.7,6.1,20.6,-4
Ontario,1/16/2022,-0.5,26.9,20.5,3.4
Ontario,1/17/2022,18.3,28.6,28.1,8.5
Ontario,1/18/2022,7.7,28.8,31.7,12.3
Ontario,1/19/2022,11,37.8,28.2,5.4
Ontario,1/20/2022,-2.3,17.9,22.8,0.5
Ontario,1/21/2022,-7.2,12.8,17.5,-5.2
Ontario,1/22/2022,-6,22,19.1,-4.9
Ontario,1/23/2022,-1.6,22.4,21.7,-3.7
Ontario,1/24/2022,-3.4,20.7,20.9,-0.1
Ontario,1/25/2022,4.8,19.7,18.4,0.3
Ontario,1/26/2022,-0.6,14.7,19.6,1.9
Ontario,1/27/2022,1.6,24.3,20.9,-0.8
Ontario,1/28/2022,-3.3,23.7,19.5,-3.2
Ontario,1/29/2022,-7.9,10.6,18.6,-2.3
Ontario,1/30/2022,4.1,21.6,20.3,3.9
Ontario,1/31/2022,15.6,28.8,29.8,10.6
Ontario,2/1/2022,12,39,36.2,18.2
Ontario,2/2/2022,27.1,40.8,36.1,17.4
Ontario,2/3/2022,13.2,28.5,27.6,15.7
Ontario,2/4/2022,6.9,13.5,19.9,7.2
Ontario,2/5/2022,1.4,17.8,20.5,6.9
Ontario,2/6/2022,12.4,30.1,27.9,12.7
Ontario,2/7/2022,24.3,35.9,32.5,19.8
Ontario,2/8/2022,22.8,31.7,36.5,23.1
Ontario,2/9/2022,22.2,42.1,37.1,25.2
Ontario,2/10/2022,30.7,37.4,39.7,27.5
Ontario,2/11/2022,29.6,39.5,38.2,22.7
Ontario,2/12/2022,7.8,37.7,30.6,12.9
Ontario,2/13/2022,1.3,14.7,22,3.6
Ontario,2/14/2022,1.8,13.5,17.5,3.9
Ontario,2/15/2022,8.7,24.2,29.1,10.1
Ontario,2/16/2022,19.7,49.5,39.6,17.5
Ontario,2/17/2022,24,45,39.7,18.6
Ontario,2/18/2022,12.1,24.6,32.5,15.5
Ontario,2/19/2022,10.4,28,31.7,11.5
Ontario,2/20/2022,12,42.4,37.5,17.3
Ontario,2/21/2022,29.5,42,44.1,23.5
Ontario,2/22/2022,28.8,47.9,45.8,23.5
Ontario,2/23/2022,12.1,47.6,39.1,17
Ontario,2/24/2022,10,21.8,30,9.9
Ontario,2/25/2022,7.5,20.6,23.2,7.7
Ontario,2/26/2022,5.7,27.3,26.6,9.7
Ontario,2/27/2022,15.9,31.9,27.3,8.6
Ontario,2/28/2022,4.2,22.6,31.2,13.1
Ontario,3/1/2022,19.1,39.1,32.3,15
Ontario,3/2/2022,21.6,35.3,32.5,17.1
Ontario,3/3/2022,10.6,23,30.2,13.4
Ontario,3/4/2022,7.9,32.4,30.7,13.6
Ontario,3/5/2022,22.1,36.7,43,20.4
Ontario,3/6/2022,31.3,60,44.7,27.5
Ontario,3/7/2022,29,37.5,44.4,27.8
Ontario,3/8/2022,23.1,35.8,38,25.9
Ontario,3/9/2022,25.4,40.6,38.6,24.7
Ontario,3/10/2022,25.5,39.5,37.5,25.3
Ontario,3/11/2022,25.1,32.5,33.5,22.2
Ontario,3/12/2022,16.1,28.6,30.3,18.2
Ontario,3/13/2022,13.4,29.9,33.7,17.4
Ontario,3/14/2022,22.6,42.7,36,22.5
Ontario,3/15/2022,31.5,35.2,38.8,27.5
Ontario,3/16/2022,28.4,38.4,45.6,30.4
Ontario,3/17/2022,31.4,63.3,53.1,33.5
Ontario,3/18/2022,40.5,57.5,56.1,36.8
Ontario,3/19/2022,38.5,47.6,52.3,37.6
Ontario,3/20/2022,33.6,51.9,50.8,34.3
Ontario,3/21/2022,30.8,52.9,48.6,30.3
Ontario,3/22/2022,26.6,41,44.6,29.5
Ontario,3/23/2022,31.2,39.9,44.2,31.8
Ontario,3/24/2022,37.4,51.7,44.8,34.7
Ontario,3/25/2022,35.6,42.9,46.3,34.3
Ontario,3/26/2022,29.8,44.4,39.2,27.2
Ontario,3/27/2022,16.3,30.3,32.3,19.2
Ontario,3/28/2022,11.4,22.3,29,14.4
Ontario,3/29/2022,15.3,34.6,31.8,17
Ontario,3/30/2022,24.3,38.5,45.4,25.1
Ontario,3/31/2022,35.7,63.2,47.2,29.6
Ontario,4/1/2022,28.9,39.8,48.4,30.1
Ontario,4/2/2022,25.6,42,42,28
Ontario,4/3/2022,29.6,44.1,44.5,27.8
Ontario,4/4/2022,28.3,47.4,48.7,31.5
Ontario,4/5/2022,36.7,54.7,52.4,35.7
Ontario,4/6/2022,42,55,54.9,39.6
Ontario,4/7/2022,40.1,55,53,39.2
Ontario,4/8/2022,35.5,49.1,50.2,36.3
Ontario,4/9/2022,33.3,46.4,48,34.1
Ontario,4/10/2022,33.5,48.3,49.8,33.6
Ontario,4/11/2022,34,54.5,54.4,35.9
Ontario,4/12/2022,40.1,60.2,58.2,40.1
Ontario,4/13/2022,46.3,59.9,59.2,42.7
Ontario,4/14/2022,41.6,57.5,58.6,41.2
Ontario,4/15/2022,35.6,58.5,54.1,36.3
Ontario,4/16/2022,31.7,46.5,50.2,32.2
Ontario,4/17/2022,29.4,45.8,46.2,30
Ontario,4/18/2022,28.8,46.4,45.7,30.7
Ontario,4/19/2022,34,45.1,46.9,32.2
Ontario,4/20/2022,33.9,49.2,51.2,35.5
Ontario,4/21/2022,38.7,59.4,54.1,35.2
Ontario,4/22/2022,33.1,53.7,54.9,37.7
Ontario,4/23/2022,41.2,51.7,55.5,38.8
Ontario,4/24/2022,42,61.2,59.8,43.2
Ontario,4/25/2022,46.3,66.5,59.8,41.9
Ontario,4/26/2022,37.3,51.7,53,37.6
Ontario,4/27/2022,29.3,40.8,47.7,31.8
Ontario,4/28/2022,28.8,50.7,49.6,29.9
Ontario,4/29/2022,31.5,57.2,54.3,31.5
Ontario,4/30/2022,34.3,55,55.6,35.6
Ontario,5/1/2022,41,54.6,56,40
Ontario,5/2/2022,44.8,58.4,56.5,44.3
Ontario,5/3/2022,47.3,56.4,58.1,45.6
Ontario,5/4/2022,44.8,59.4,58,43.7
Ontario,5/5/2022,39,58.2,59.3,42.8
Ontario,5/6/2022,44.7,60.3,58.6,41.8
Ontario,5/7/2022,41.6,57.2,59.7,42.3
Ontario,5/8/2022,40.5,61.4,62.3,39.9
Ontario,5/9/2022,37.5,68.4,67.6,41
Ontario,5/10/2022,45.1,73,72.8,43.1
Ontario,5/11/2022,46.7,77,76.9,47.2
Ontario,5/12/2022,49.8,80.7,79.7,50.4
Ontario,5/13/2022,54.6,81.3,81,54.4
Ontario,5/14/2022,58.7,81,81.5,57.7
Ontario,5/15/2022,59.7,82.1,78.3,57.6
Ontario,5/16/2022,54.2,71.7,71.8,52.5
Ontario,5/17/2022,43.5,61.7,64,46.5
Ontario,5/18/2022,41.7,58.5,63.5,43.9
Ontario,5/19/2022,46.4,70.2,68,46.7
Ontario,5/20/2022,52,75.2,77.2,53.1
Ontario,5/21/2022,61,86.1,76.1,53.2
Ontario,5/22/2022,46.7,66.9,71.4,50.3
Ontario,5/23/2022,43.2,61.2,64.7,43.9
Ontario,5/24/2022,41.7,66.2,65.3,44.7
Ontario,5/25/2022,49.3,68.6,71.3,48.8
Ontario,5/26/2022,55.4,79.2,74.5,54.7
Ontario,5/27/2022,59.5,75.6,75.2,56.7
Ontario,5/28/2022,55.2,70.9,74.1,56.6
Ontario,5/29/2022,55.1,75.9,78.1,56.7
Ontario,5/30/2022,59.9,87.4,83.7,60.2
Ontario,5/31/2022,65.7,87.8,83.8,59.2
Ontario,6/1/2022,52,76.1,78.4,55.6
Ontario,6/2/2022,49.2,71.3,74.9,49.8
Ontario,6/3/2022,48.1,77.3,73.1,47.7
Ontario,6/4/2022,45.7,70.7,74.4,48
Ontario,6/5/2022,50.2,75.2,72.4,50.1
Ontario,6/6/2022,54.3,71.1,73.6,52.5
Ontario,6/7/2022,53,74.5,72.3,52.7
Ontario,6/8/2022,50.9,71.4,72,52.3
Ontario,6/9/2022,53.1,70.3,71.3,52.1
Ontario,6/10/2022,52.4,72.1,72.5,54.2
Ontario,6/11/2022,57.3,75.1,74.7,54.8
Ontario,6/12/2022,54.9,76.8,74.8,55
Ontario,6/13/2022,52.8,72.4,74.9,55.9
Ontario,6/14/2022,60,75.6,76.1,58
Ontario,6/15/2022,61.2,80.4,81.9,62.2
Ontario,6/16/2022,65.3,89.7,83.5,60
Ontario,6/17/2022,53.6,80.2,78.5,56.6
Ontario,6/18/2022,50.8,65.4,72.6,51.1
Ontario,6/19/2022,48.8,72,71.3,51.6
Ontario,6/20/2022,55.2,76.5,80.3,54.7
Ontario,6/21/2022,60,92.4,86.9,59.4
Ontario,6/22/2022,63,91.9,88.6,60.5
Ontario,6/23/2022,58.5,81.6,85.3,59.3
Ontario,6/24/2022,56.5,82.4,83.6,59.8
Ontario,6/25/2022,64.3,86.7,85.9,61.7
Ontario,6/26/2022,64.3,88.7,82.5,61.1
Ontario,6/27/2022,54.6,72.2,78.6,56.9
Ontario,6/28/2022,51.7,74.9,74.8,54.2
Ontario,6/29/2022,56.3,77.3,77.4,54.9
Ontario,6/30/2022,56.8,80,80.7,60
Ontario,7/1/2022,66.9,84.7,82.8,60.6
Ontario,7/2/2022,57.9,83.5,83.2,59.9
Ontario,7/3/2022,55,81.3,81,57
Ontario,7/4/2022,58.2,78.3,79.9,58.8
Ontario,7/5/2022,63.2,80.2,77.6,60.1
Ontario,7/6/2022,59.1,74.4,77.8,59.4
Ontario,7/7/2022,55.8,78.7,77.7,58.2
Ontario,7/8/2022,59.6,79.9,77.6,56.6
Ontario,7/9/2022,54.5,74.1,78.4,56.5
Ontario,7/10/2022,55.3,81.2,80.9,56.2
Ontario,7/11/2022,58.9,87.5,83.7,59.5
Ontario,7/12/2022,64.3,82.4,81.8,61.4
Ontario,7/13/2022,61.1,75.6,79,61.4
Ontario,7/14/2022,58.8,79,78.2,59.1
Ontario,7/15/2022,57.4,80.2,81.1,59.1
Ontario,7/16/2022,60.9,84.3,83.1,60.7
Ontario,7/17/2022,63.9,84.9,83.7,63.4
Ontario,7/18/2022,65.5,82,86.4,65.2
Ontario,7/19/2022,66.4,92.2,87.6,67.8
Ontario,7/20/2022,71.5,88.5,89.6,69.3
Ontario,7/21/2022,70,88.1,88.7,69.1
Ontario,7/22/2022,65.7,89.6,89.5,68.4
Ontario,7/23/2022,69.5,90.9,89.4,68
Ontario,7/24/2022,68.8,87.6,84.5,66.3
Ontario,7/25/2022,60.6,74.9,79.3,62
Ontario,7/26/2022,56.5,75.5,76.5,58.9
Ontario,7/27/2022,59.7,79.2,79.9,60.2
Ontario,7/28/2022,64.3,85,82.3,60.7
Ontario,7/29/2022,58.1,82.8,82.4,60.5
Ontario,7/30/2022,59.2,79.3,81.6,59.6
Ontario,7/31/2022,61.6,82.6,82.4,61.8
Ontario,8/1/2022,64.5,85.3,82.4,62.7
Ontario,8/2/2022,61.8,79.2,83.5,61.5
Ontario,8/3/2022,58.2,86.2,82.9,62.9
Ontario,8/4/2022,68.7,83.5,84.5,64.4
Ontario,8/5/2022,66.4,83.7,85.3,67.4
Ontario,8/6/2022,67.1,88.8,88.3,68.5
Ontario,8/7/2022,72,92.3,88.8,68.3
Ontario,8/8/2022,65.6,85.3,83.1,66.8
Ontario,8/9/2022,62.8,71.8,78.7,62.5
Ontario,8/10/2022,59.2,79,76.8,60.8
Ontario,8/11/2022,60.5,79.5,78.6,58.5
Ontario,8/12/2022,55.8,77.2,78.1,56.9
Ontario,8/13/2022,54.4,77.6,78.1,56.4
Ontario,8/14/2022,59,79.6,79.6,57.9
Ontario,8/15/2022,60.4,81.7,81.2,59.8
Ontario,8/16/2022,60.1,82.4,81.7,60.7
Ontario,8/17/2022,61.5,81.1,81.1,61
Ontario,8/18/2022,61.5,79.7,80.9,61.2
Ontario,8/19/2022,60.6,82,82.2,61.4
Ontario,8/20/2022,62.2,84.8,82,62.3
Ontario,8/21/2022,64.1,79.3,80.7,64
Ontario,8/22/2022,65.8,78,79.7,64.2
Ontario,8/23/2022,62.8,81.9,81.5,63.1
Ontario,8/24/2022,60.8,84.7,80.9,62.3
Ontario,8/25/2022,63.4,76.1,79.3,60.8
Ontario,8/26/2022,58.1,77.1,75.6,58.8
Ontario,8/27/2022,54.7,73.7,77.6,56.6
Ontario,8/28/2022,56.8,82,80.9,59.9
Ontario,8/29/2022,68,87.1,83,62.2
Ontario,8/30/2022,61.8,80,82,62.7
Ontario,8/31/2022,58.2,78.9,77.3,57.4
Ontario,9/1/2022,52.1,73.1,77.5,56.1
Ontario,9/2/2022,57.9,80.6,79.4,57.5
Ontario,9/3/2022,62.5,84.5,77.7,59.8
Ontario,9/4/2022,59,67.9,73.7,60.2
Ontario,9/5/2022,59,68.8,70.3,58.5
Ontario,9/6/2022,57.5,74.1,72.8,58.9
Ontario,9/7/2022,60.2,75.7,76.5,58.4
Ontario,9/8/2022,57.4,79.8,78.4,58.7
Ontario,9/9/2022,58.6,79.8,80.7,59.8
Ontario,9/10/2022,63.5,82.6,79.7,62.5
Ontario,9/11/2022,65.4,76.7,78.4,62.9
Ontario,9/12/2022,59.7,75.8,74.6,60
Ontario,9/13/2022,54.8,71.5,74.6,55.4
Ontario,9/14/2022,51.6,76.7,71.1,51.2
Ontario,9/15/2022,47.1,65.1,71.9,49.8
Ontario,9/16/2022,50.7,73.9,71.2,51.2
Ontario,9/17/2022,55.9,74.5,75.5,57.4
Ontario,9/18/2022,65.7,78.2,77,60.4
Ontario,9/19/2022,59.5,78.2,77.4,61.1
Ontario,9/20/2022,58.3,75.6,78.3,59.2
Ontario,9/21/2022,59.8,81.1,73.5,54.5
Ontario,9/22/2022,45.5,63.6,68.2,48.8
Ontario,9/23/2022,41.1,59.9,62.8,42.9
Ontario,9/24/2022,42.2,64.9,63.3,45.5
Ontario,9/25/2022,53.1,65,64.6,48.6
Ontario,9/26/2022,50.7,63.9,64.2,51.6
Ontario,9/27/2022,51.2,63.7,61.6,50.5
Ontario,9/28/2022,49.7,57.3,60.3,48.5
Ontario,9/29/2022,44.7,60,60.3,45
Ontario,9/30/2022,40.5,63.6,63.7,43.9
Ontario,10/1/2022,46.5,67.4,63.7,42.9
Ontario,10/2/2022,41.6,60,62.8,41.2
Ontario,10/3/2022,35.6,60.9,62,39.3
Ontario,10/4/2022,40.8,65.2,66.2,40.2
Ontario,10/5/2022,44.4,72.6,70.6,45.8
Ontario,10/6/2022,52.3,74.1,68.2,44.3
Ontario,10/7/2022,36.4,57.7,61.6,40.9
Ontario,10/8/2022,34,52.8,56.3,37
Ontario,10/9/2022,40.7,58.5,56.7,38.4
Ontario,10/10/2022,40.6,58.8,62.5,40
Ontario,10/11/2022,38.8,70.3,65.6,44.1
Ontario,10/12/2022,52.9,67.9,66.5,45.5
Ontario,10/13/2022,44.6,61.2,62,47
Ontario,10/14/2022,43.4,57,58.5,43.6
Ontario,10/15/2022,42.6,57.4,58.6,42.6
Ontario,10/16/2022,41.9,61.3,56.8,40.8
Ontario,10/17/2022,37.9,51.8,54.5,38.4
Ontario,10/18/2022,35.4,50.4,50.8,36.7
Ontario,10/19/2022,36.9,50.1,48.5,35.4
Ontario,10/20/2022,34,45,52.5,34.5
Ontario,10/21/2022,32.5,62.4,59.1,38.4
Ontario,10/22/2022,48.7,70,66.3,41.2
Ontario,10/23/2022,42.3,66.6,67.5,44.3
Ontario,10/24/2022,41.8,66.1,65.9,43.7
Ontario,10/25/2022,46.9,64.9,63.7,45
Ontario,10/26/2022,46.2,60,58.9,42.6
Ontario,10/27/2022,34.7,51.7,54.1,38
Ontario,10/28/2022,33.1,50.6,53.9,33
Ontario,10/29/2022,31.1,59.5,56.1,32.7
Ontario,10/30/2022,33.9,58.1,57.1,35.2
Ontario,10/31/2022,40.6,53.6,59.2,39.5
Ontario,11/1/2022,44,65.9,59.2,41.4
Ontario,11/2/2022,39.6,58,60.2,41.7
Ontario,11/3/2022,41.4,56.7,61.3,41.7
Ontario,11/4/2022,44.1,69.2,67.5,46.6
Ontario,11/5/2022,54.3,76.6,70.5,50.4
Ontario,11/6/2022,52.8,65.6,66.2,48.5
Ontario,11/7/2022,38.4,56.4,56.9,42
Ontario,11/8/2022,34.7,48.6,52.6,36.6
Ontario,11/9/2022,36.6,52.8,56.8,39
Ontario,11/10/2022,45.8,69.1,60.4,44.4
Ontario,11/11/2022,50.7,59.2,61.1,44.8
Ontario,11/12/2022,37.8,54.9,51.6,39.1
Ontario,11/13/2022,28.7,40.6,44.9,31.4
Ontario,11/14/2022,27.7,39,37.7,27.9
Ontario,11/15/2022,27.4,33.6,35.8,27.9
Ontario,11/16/2022,28.8,34.9,34,27.2
Ontario,11/17/2022,25.5,33.6,34.2,26.5
Ontario,11/18/2022,25.2,34.2,32.7,24.6
Ontario,11/19/2022,23,30.4,30.3,22.1
Ontario,11/20/2022,18,26.3,33.4,19.3
Ontario,11/21/2022,16.9,43.7,36.8,20.7
Ontario,11/22/2022,27.2,40.6,42.7,23
Ontario,11/23/2022,24.9,43.9,43.6,25.8
Ontario,11/24/2022,25.3,46.2,44.9,26.9
Ontario,11/25/2022,30.6,44.6,48.3,28.8
Ontario,11/26/2022,30.6,54.1,47.6,32.1
Ontario,11/27/2022,35.2,44.2,45.8,32.5
Ontario,11/28/2022,31.6,39,41.7,33
Ontario,11/29/2022,32.3,41.9,43.1,30.5
Ontario,11/30/2022,27.5,48.4,41.9,28.5
Ontario,12/1/2022,25.7,35.4,42.8,25.9
Ontario,12/2/2022,24.5,44.7,43.4,27.3
Ontario,12/3/2022,31.8,50,43.4,26.6
Ontario,12/4/2022,23.5,35.5,42.6,28.7
Ontario,12/5/2022,30.8,42.3,40.5,31.3
Ontario,12/6/2022,39.6,43.9,44.2,35.9
Ontario,12/7/2022,37.4,46.4,43.7,35
Ontario,12/8/2022,27.9,40.9,39.9,29.8
Ontario,12/9/2022,24.1,32.2,34.2,24.4
Ontario,12/10/2022,21.2,29.5,30.5,22.8
Ontario,12/11/2022,23,29.7,29,21.5
Ontario,12/12/2022,20.3,27.8,29.1,19.8
Ontario,12/13/2022,16.2,29.8,29,18.4
Ontario,12/14/2022,18.6,29.4,31.6,21.5
Ontario,12/15/2022,29.8,35.5,34.5,26.2
Ontario,12/16/2022,30.3,38.5,35.7,29.4
Ontario,12/17/2022,28.1,33.2,34.5,28.2
Ontario,12/18/2022,26.4,31.7,32.7,27.1
Ontario,12/19/2022,26.7,33.2,32.1,26.8
Ontario,12/20/2022,27.3,31.3,32.1,25.7
Ontario,12/21/2022,23.2,31.7,33.9,25.2
Ontario,12/22/2022,25.2,38.6,37,19.2
Ontario,12/23/2022,9.2,40.6,31.7,13.4
Ontario,12/24/2022,5.7,15.9,26.5,9.9
Ontario,12/25/2022,14.7,23.1,20.3,12.3
Ontario,12/26/2022,16.3,22.1,24.2,16.1
Ontario,12/27/2022,17.1,27.5,29.5,19.7
Ontario,12/28/2022,25.7,38.8,38,25.5
Ontario,12/29/2022,33.7,47.7,47,34.8
Ontario,12/30/2022,45,54.6,50.6,39.2
Ontario,12/31/2022,38.9,49.4,47.9,40.1
Ontario,1/1/2023,36.6,39.9,43.2,36.8
Ontario,1/2/2023,35,40.3,39.7,35.2
Ontario,1/3/2023,34.1,38.9,39.4,34.7
Ontario,1/4/2023,35.1,38.9,38.9,35
Ontario,1/5/2023,35.9,38.8,39,35.3
Ontario,1/6/2023,34.8,39.2,37.8,30.8
Ontario,1/7/2023,21.8,35.4,34.1,25.5
Ontario,1/8/2023,19.8,27.8,32.2,22
Ontario,1/9/2023,24.3,33.3,31.4,22.6
Ontario,1/10/2023,23.7,33.1,32.8,22.2
Ontario,1/11/2023,18.5,31.9,34.5,24.2
Ontario,1/12/2023,30.5,38.4,34.8,22.5
Ontario,1/13/2023,18.3,33.9,32.9,21.3
Ontario,1/14/2023,15.1,26.3,29.3,15.5
Ontario,1/15/2023,13.1,27.7,29.3,16
Ontario,1/16/2023,19.7,34,33.3,21
Ontario,1/17/2023,30.1,38.3,37.5,27.8
Ontario,1/18/2023,33.7,40.1,38.4,32.1
Ontario,1/19/2023,32.7,36.8,37.7,31.8
Ontario,1/20/2023,28.9,36.2,34.6,29.1
Ontario,1/21/2023,25.7,30.9,33.5,27.4
Ontario,1/22/2023,27.7,33.4,33.1,26.6
Ontario,1/23/2023,26.4,35,34.9,26.7
Ontario,1/24/2023,26.2,36.3,34.5,25.2
Ontario,1/25/2023,23.1,32.1,33.8,24.3
Ontario,1/26/2023,23.6,33.1,32.2,23.7
Ontario,1/27/2023,24.5,31.3,33.3,24.9
Ontario,1/28/2023,26.5,35.5,33,24.2
Ontario,1/29/2023,21.6,32.2,31.5,20.9
Ontario,1/30/2023,14.7,26.8,26.6,14.6
Ontario,1/31/2023,7.4,20.7,23.2,8.1
Ontario,2/1/2023,2.2,22.3,25.8,8.2
Ontario,2/2/2023,15.1,34.4,23.8,3.1
Ontario,2/3/2023,-8.1,14.7,24,-1
Ontario,2/4/2023,-10,22.9,25.3,1.4
Ontario,2/5/2023,22.3,38.3,32.3,11.5
Ontario,2/6/2023,22.3,35.8,39.2,23.1
Ontario,2/7/2023,24.6,43.7,41,26.3
Ontario,2/8/2023,31.9,43.5,43.2,29
Ontario,2/9/2023,30.5,42.3,42.9,30.3
Ontario,2/10/2023,28.4,42.8,39.8,27.3
Ontario,2/11/2023,23.1,34.4,39.6,26.3
Ontario,2/12/2023,27.3,41.6,41.1,25.9
Ontario,2/13/2023,27.3,47.3,45.1,27.1
Ontario,2/14/2023,26.7,46.5,50.5,30
Ontario,2/15/2023,36,57.7,48.9,31.1
Ontario,2/16/2023,30.6,42.6,44.3,27.1
Ontario,2/17/2023,14.6,32.6,36.4,19.4
Ontario,2/18/2023,13.1,34,37.9,19.6
Ontario,2/19/2023,31,47.1,41.2,23.5
Ontario,2/20/2023,26.3,42.7,43.5,26.9
Ontario,2/21/2023,23.4,40.7,37.8,22.8
Ontario,2/22/2023,18.7,29.8,32.9,19.5
Ontario,2/23/2023,16.4,28,27.7,15.6
Ontario,2/24/2023,11.7,25.2,25.7,13.1
Ontario,2/25/2023,11.3,24.1,27.6,14.4
Ontario,2/26/2023,20.2,33.5,29,16.1
Ontario,2/27/2023,16.8,29.3,32.6,21.9
Ontario,2/28/2023,28.7,34.8,34,24.2
Ontario,3/1/2023,27.3,37.7,36.9,28.6
Ontario,3/2/2023,29.7,38.3,36.1,26.2
Ontario,3/3/2023,21.6,32.2,36.7,26.5
Ontario,3/4/2023,28.1,39.7,37.5,26.6
Ontario,3/5/2023,30.2,40.5,39.2,28.2
Ontario,3/6/2023,26.3,37.5,37.1,27.4
Ontario,3/7/2023,25.7,33.4,34.6,26
Ontario,3/8/2023,26,33,34,25.3
Ontario,3/9/2023,24.4,35.4,33.4,25.1
Ontario,3/10/2023,24.9,31.7,33,23.8
Ontario,3/11/2023,22.2,31.7,36.6,16.8
Ontario,3/12/2023,3.2,46.4,37.8,16.9
Ontario,3/13/2023,25.4,35.4,37.7,17.5
Ontario,3/14/2023,23.9,31.4,35.2,23.9
Ontario,3/15/2023,22.3,38.8,39.1,25.7
Ontario,3/16/2023,30.9,47.1,44.1,28.9
Ontario,3/17/2023,33.4,46.5,42.8,28.8
Ontario,3/18/2023,22,34.9,37.6,24.1
Ontario,3/19/2023,16.9,31.3,36.7,21.6
Ontario,3/20/2023,25.9,43.9,40.8,25.8
Ontario,3/21/2023,34.6,47,44.5,30.3
Ontario,3/22/2023,30.5,42.7,45.1,32.1
Ontario,3/23/2023,31.1,45.7,43.2,29.6
Ontario,3/24/2023,27.1,41.2,44.1,29.7
Ontario,3/25/2023,30.8,45.3,44.8,30.8
Ontario,3/26/2023,34.6,48,44.8,33.3
Ontario,3/27/2023,34.5,41.2,43.6,34.1
Ontario,3/28/2023,33.1,41.7,43,30.8
Ontario,3/29/2023,24.7,46.3,41.8,25.9
Ontario,3/30/2023,19.7,37.3,41.2,24.4
Ontario,3/31/2023,28.8,39.9,44.8,26.5
Ontario,4/1/2023,31,57.1,44.6,27.3
Ontario,4/2/2023,22.3,36.7,49.6,28
Ontario,4/3/2023,30.9,55,47.6,31.7
Ontario,4/4/2023,42,50.9,49.6,36.3
Ontario,4/5/2023,36,43,50.7,39.3
Ontario,4/6/2023,39.8,58.1,47.9,35.2
Ontario,4/7/2023,29.8,42.7,47.6,31.4
Ontario,4/8/2023,24.5,42.1,44.8,28.2
Ontario,4/9/2023,30.3,49.7,53,30.1
Ontario,4/10/2023,35.5,67.1,63.4,37.3
Ontario,4/11/2023,46.3,73.4,72,44.7
Ontario,4/12/2023,52.2,75.4,77.4,50.6
Ontario,4/13/2023,53.2,83.4,79.3,53.7
Ontario,4/14/2023,55.6,79.1,79.5,53.9
Ontario,4/15/2023,53,76.1,76.9,53.5
Ontario,4/16/2023,52,75.5,69.1,47.8
Ontario,4/17/2023,38.5,55.7,57.2,42.1
Ontario,4/18/2023,35.9,40.3,47.9,36
Ontario,4/19/2023,33.7,47.5,45.5,35.4
Ontario,4/20/2023,36.5,48.7,54.4,38
Ontario,4/21/2023,43.7,67,56.6,42.1
Ontario,4/22/2023,46.1,54.2,56.1,43.1
Ontario,4/23/2023,39.5,47.1,50,41.2
Ontario,4/24/2023,37.8,48.6,48.7,37.7
Ontario,4/25/2023,35.7,50.5,49,35.6
Ontario,4/26/2023,33.2,48,50.7,34.2
Ontario,4/27/2023,33.7,53.6,52.4,36.3
Ontario,4/28/2023,42.2,55.5,53.7,39.6
Ontario,4/29/2023,42.9,52.1,53.4,43.5
Ontario,4/30/2023,45.4,52.7,52.2,42.9
Ontario,5/1/2023,40.4,51.6,50.3,41
Ontario,5/2/2023,37.2,46.6,49.5,38
Ontario,5/3/2023,36.3,50.2,49.6,38.9
Ontario,5/4/2023,43.1,52.1,53.4,41.6
Ontario,5/5/2023,45.4,58,58.4,43.4
Ontario,5/6/2023,41.7,65.2,61.4,45
Ontario,5/7/2023,47.8,60.9,63.5,45.1
Ontario,5/8/2023,45.7,64.5,61.5,45.2
Ontario,5/9/2023,42.1,59,64.3,42.8
Ontario,5/10/2023,40.6,69.5,68.8,44.5
Ontario,5/11/2023,50.7,78,75.6,50.2
Ontario,5/12/2023,59.1,79.4,76.2,54.5
Ontario,5/13/2023,53.8,71.2,71.4,52.9
Ontario,5/14/2023,45.9,63.5,68.8,48.1
Ontario,5/15/2023,44.5,71.8,69.2,45.4
Ontario,5/16/2023,45.9,72.4,64.9,41.1
Ontario,5/17/2023,32.8,50.4,60.1,37.2
Ontario,5/18/2023,33,57.4,60,36.1
Ontario,5/19/2023,42.4,72.1,64,42.6
Ontario,5/20/2023,52.4,62.7,69.6,47.6
Ontario,5/21/2023,48.1,73.9,65.9,48.8
Ontario,5/22/2023,46,61,68,46.5
Ontario,5/23/2023,45.4,69.1,63.6,45.7
Ontario,5/24/2023,45.7,60.6,63.3,43.4
Ontario,5/25/2023,39.1,60.2,62.9,42.5
Ontario,5/26/2023,42.7,67.9,68,42.7
Ontario,5/27/2023,46.4,76,75.4,47.7
Ontario,5/28/2023,54,82.4,77.8,51.8
Ontario,5/29/2023,54.9,75,79.4,55
Ontario,5/30/2023,56.2,80.8,80.6,57.5
Ontario,5/31/2023,61.4,86,85.1,60.5
Ontario,6/1/2023,63.9,88.5,87.9,63.7
Ontario,6/2/2023,65.7,89.2,82.7,62.7
Ontario,6/3/2023,58.5,70.4,75.4,59
Ontario,6/4/2023,52.6,66.5,70.5,55.3
Ontario,6/5/2023,54.8,74.7,71,54.7
Ontario,6/6/2023,56.6,71.7,71.4,54.7
Ontario,6/7/2023,52.6,67.7,68.1,54.9
Ontario,6/8/2023,55.7,64.8,67,53.2
Ontario,6/9/2023,51.4,68.5,70,53.4
Ontario,6/10/2023,53.1,76.9,73,54.8
Ontario,6/11/2023,60,73.8,72.4,56
Ontario,6/12/2023,55.1,66.7,69.2,56.1
Ontario,6/13/2023,53.1,67,67.6,54.1
Ontario,6/14/2023,54,69.1,68.8,53.8
Ontario,6/15/2023,54.2,70.4,70.5,54.6
Ontario,6/16/2023,55.6,72.1,72.5,54.8
Ontario,6/17/2023,54.6,75.1,73.3,55.3
Ontario,6/18/2023,55.7,72.7,73.9,55.8
Ontario,6/19/2023,57.1,74,74.7,58.2
Ontario,6/20/2023,61.9,77.3,77.2,59.6
Ontario,6/21/2023,59.8,80.2,78.3,60.8
Ontario,6/22/2023,60.7,77.5,78.1,61.5
Ontario,6/23/2023,64,76.6,77.6,63.4
Ontario,6/24/2023,65.3,78.7,78.8,65.1
Ontario,6/25/2023,65.8,81,78.1,66.2
Ontario,6/26/2023,67.5,74.6,76,65.4
Ontario,6/27/2023,62.9,72.5,74.1,63.2
Ontario,6/28/2023,59.3,75.3,74.7,59.4
Ontario,6/29/2023,56.2,76.3,76.5,60
Ontario,6/30/2023,64.6,77.9,78.9,62
Ontario,7/1/2023,65.3,82.6,78,66
Ontario,7/2/2023,68,73.4,78.4,66.7
Ontario,7/3/2023,66.8,79.2,79.9,66.3
Ontario,7/4/2023,64.1,87,84.6,66.6
Ontario,7/5/2023,68.8,87.7,86.8,67.8
Ontario,7/6/2023,70.3,85.6,84.3,68.6
Ontario,7/7/2023,66.7,79.6,81.2,65.2
Ontario,7/8/2023,58.5,78.3,78.6,62.1
Ontario,7/9/2023,61.2,78,79.2,59.9
Ontario,7/10/2023,60,81.3,81.4,62.7
Ontario,7/11/2023,67,85,81.7,61.6
Ontario,7/12/2023,57.8,78.8,79.6,62.5
Ontario,7/13/2023,62.8,75.1,77.1,59.6
Ontario,7/14/2023,58.2,77.4,76.8,62.7
Ontario,7/15/2023,67.1,78.1,78.5,64.2
Ontario,7/16/2023,67.3,80,79.4,66.1
Ontario,7/17/2023,64,80.1,79.7,65.1
Ontario,7/18/2023,64.2,79.1,78.7,62.9
Ontario,7/19/2023,60.7,77,78.8,63.1
Ontario,7/20/2023,64.4,80.2,78,62.8
Ontario,7/21/2023,63.3,77,79.1,63.2
Ontario,7/22/2023,61.8,80.3,78.2,62.3
Ontario,7/23/2023,61.7,77.4,80.1,61.9
Ontario,7/24/2023,62.1,82.6,80.2,62.6
Ontario,7/25/2023,63.9,80.5,82.8,64.9
Ontario,7/26/2023,68.7,85.3,82.8,67.2
Ontario,7/27/2023,69,82.5,85,68.8
Ontario,7/28/2023,68.7,87.1,81.8,66.7
Ontario,7/29/2023,62.4,75.8,78.8,62.4
Ontario,7/30/2023,56.3,73.4,74.5,58.9
Ontario,7/31/2023,58,74.3,73.4,56.7
Ontario,8/1/2023,55.9,72.6,74.3,57.4
Ontario,8/2/2023,58.2,76.2,77.1,59.1
Ontario,8/3/2023,63.2,82.5,79.2,61
Ontario,8/4/2023,61.7,78.9,79,62.4
Ontario,8/5/2023,62.2,75.6,77.1,60.7
Ontario,8/6/2023,58.1,76.8,76.4,61.4
Ontario,8/7/2023,64,76.7,77.2,61.9
Ontario,8/8/2023,63.6,78.1,78.9,62.8
Ontario,8/9/2023,60.8,81.9,79.3,63.6
Ontario,8/10/2023,66.3,77.9,79,62
Ontario,8/11/2023,59,77.4,79,63.2
Ontario,8/12/2023,64.5,81.7,78.8,61.3
Ontario,8/13/2023,60.5,77.2,77.4,61.5
Ontario,8/14/2023,59.4,73.1,74.4,61.1
Ontario,8/15/2023,63.3,72.9,75.2,62.1
Ontario,8/16/2023,63.5,79.5,77,63.6
Ontario,8/17/2023,64.1,78.7,75.4,61.6
Ontario,8/18/2023,57.1,68,73.9,58.9
Ontario,8/19/2023,55.6,74.9,75.1,57.5
Ontario,8/20/2023,59.9,82.5,77.2,59.7
Ontario,8/21/2023,63.7,74.1,77,59.8
Ontario,8/22/2023,55.7,74.3,72.6,59.2
Ontario,8/23/2023,58.1,69.3,72.1,58.6
Ontario,8/24/2023,62.1,72.6,72,61.8
Ontario,8/25/2023,65.3,74.1,73.9,62.7
Ontario,8/26/2023,60.8,74.8,73.7,59.8
Ontario,8/27/2023,53.3,72,73.6,56.6
Ontario,8/28/2023,55.7,74,73.9,55.1
Ontario,8/29/2023,56.4,75.8,72.4,56.2
Ontario,8/30/2023,56.7,67.4,71.3,54.1
Ontario,8/31/2023,49.3,70.6,70.5,52.9
Ontario,9/1/2023,52.7,73.5,74.1,52.5
Ontario,9/2/2023,55.6,78.3,79.3,57.4
Ontario,9/3/2023,63.9,86.1,85.5,62.4
Ontario,9/4/2023,67.7,92.1,89.2,66.7
Ontario,9/5/2023,68.5,89.3,90.3,69
Ontario,9/6/2023,70.8,89.4,87.3,67.9
Ontario,9/7/2023,64.4,83.2,80.9,65
Ontario,9/8/2023,60,70.1,73.9,61.3
Ontario,9/9/2023,59.5,68.3,69.6,60.4
Ontario,9/10/2023,61.6,70.4,70.3,60.4
Ontario,9/11/2023,60.1,72.3,72,61
Ontario,9/12/2023,61.2,73.4,70.8,58.5
Ontario,9/13/2023,54.3,66.7,69,55.3
Ontario,9/14/2023,50.6,66.8,67.2,51.3
Ontario,9/15/2023,49.2,68,68.9,50.5
Ontario,9/16/2023,51.8,72,71,52.5
Ontario,9/17/2023,56.4,72.9,71.4,54.5
Ontario,9/18/2023,55.3,69.2,69.5,54.2
Ontario,9/19/2023,50.8,66.5,68.2,51
Ontario,9/20/2023,46.9,68.8,68.7,51
Ontario,9/21/2023,55.2,70.9,70.4,52.2
Ontario,9/22/2023,54.6,71.5,71.4,54.1
Ontario,9/23/2023,52.4,71.7,71.9,53.3
Ontario,9/24/2023,53,72.4,72.6,54
Ontario,9/25/2023,56.6,73.7,71.2,55.6
Ontario,9/26/2023,57.2,67.6,69.9,56.3
Ontario,9/27/2023,55,68.5,67.1,55.6
Ontario,9/28/2023,54.5,65.3,67.6,53.8
Ontario,9/29/2023,51.9,68.9,68.6,52.9
Ontario,9/30/2023,52.5,71.7,73.4,53.6
Ontario,10/1/2023,56.6,79.5,76.4,55.6
Ontario,10/2/2023,57.7,77.9,80.8,57.8
Ontario,10/3/2023,59,84.9,81.8,59.3
Ontario,10/4/2023,61.1,82.6,82.3,60.6
Ontario,10/5/2023,61.8,79.4,78,60.1
Ontario,10/6/2023,57.5,71.9,70.9,55.4
Ontario,10/7/2023,46.8,61.3,61.4,49.8
Ontario,10/8/2023,45.1,51.1,55.1,45.5
Ontario,10/9/2023,44.6,53,53.3,44.7
Ontario,10/10/2023,44.4,55.8,56.1,44.4
Ontario,10/11/2023,44.2,59.6,57.9,43.5
Ontario,10/12/2023,41.8,58.3,58.4,42.6
Ontario,10/13/2023,41.9,57.2,56.8,43.9
Ontario,10/14/2023,48.2,55,54.6,44.9
Ontario,10/15/2023,44.7,51.5,53.7,46.4
Ontario,10/16/2023,46.5,54.7,54.8,45.1
Ontario,10/17/2023,44.2,58.3,56.8,45.6
Ontario,10/18/2023,46,57.4,58.8,46
Ontario,10/19/2023,47.7,60.7,58.7,47.9
Ontario,10/20/2023,50.1,58,57.7,48
Ontario,10/21/2023,46.1,54.2,54.6,45.5
Ontario,10/22/2023,40.3,51.7,54,39.5
Ontario,10/23/2023,32.1,56.1,57.7,39.3
Ontario,10/24/2023,45.4,65.5,63.4,45.2
Ontario,10/25/2023,58.1,68.8,66.6,53.5
Ontario,10/26/2023,57,65.7,68.9,59.2
Ontario,10/27/2023,62.6,72.3,68.3,54.3
Ontario,10/28/2023,43.5,66.9,61.1,48.3
Ontario,10/29/2023,38.9,44,51.5,38.4
Ontario,10/30/2023,33,43.5,43.2,33.6
Ontario,10/31/2023,28.9,42,41.5,29.8
Ontario,11/1/2023,27.4,39.1,43.8,30.2
Ontario,11/2/2023,34.2,50.3,49.2,34.5
Ontario,11/3/2023,41.9,58.2,53.4,40
Ontario,11/4/2023,44,51.7,52.5,40.2
Ontario,11/5/2023,34.7,47.4,50.9,40.1
Ontario,11/6/2023,41.6,53.7,51.9,36
Ontario,11/7/2023,31.9,54.6,48.6,33.3
Ontario,11/8/2023,26.6,37.4,46.6,31.3
Ontario,11/9/2023,35.5,47.8,44.8,31.8
Ontario,11/10/2023,33.5,49.2,45.1,33.8
Ontario,11/11/2023,32.3,38.3,42.3,32.3
Ontario,11/12/2023,31,39.5,43.9,32.5
Ontario,11/13/2023,34.3,53.8,46.4,34.1
Ontario,11/14/2023,37,46,52.3,36
Ontario,11/15/2023,36.7,57.2,52.2,36.1
Ontario,11/16/2023,34.5,53.6,56.1,35.2
Ontario,11/17/2023,34.5,57.5,52.8,32.4
Ontario,11/18/2023,28.2,47.2,48.7,30.8
Ontario,11/19/2023,29.7,41.4,40.2,26.6
Ontario,11/20/2023,21.9,32.1,38.1,27.4
Ontario,11/21/2023,30.4,40.7,38.9,29
Ontario,11/22/2023,34.8,43.7,42.4,33
Ontario,11/23/2023,33.7,42.8,40.3,30.6
Ontario,11/24/2023,23.5,34.3,37.9,26.1
Ontario,11/25/2023,21.1,36.7,37.8,24.7
Ontario,11/26/2023,29.5,42.6,38.9,25.8
Ontario,11/27/2023,26.9,37.5,36.8,26
Ontario,11/28/2023,21.5,30.4,33,23.4
Ontario,11/29/2023,21.8,31.2,36.7,23.8
Ontario,11/30/2023,28.1,48.5,42.3,27.4
Ontario,12/1/2023,32.4,47.1,44.3,31.3
Ontario,12/2/2023,33.4,37.4,40.6,33
Ontario,12/3/2023,33.2,37.3,37.1,32.5
Ontario,12/4/2023,30.9,36.6,36.2,31
Ontario,12/5/2023,28.8,34.7,33.8,27.4
Ontario,12/6/2023,22.5,30,33.5,25.5
Ontario,12/7/2023,25.1,36,35.8,27
Ontario,12/8/2023,33.4,41.6,43.2,32.8
Ontario,12/9/2023,40,52.2,47.7,36.2
Ontario,12/10/2023,35.1,49.3,45.5,35.2
Ontario,12/11/2023,30.6,35.2,41.5,31.2
Ontario,12/12/2023,28,40,37.3,27.2
Ontario,12/13/2023,22.9,36.8,38.5,23.8
Ontario,12/14/2023,20.3,38.8,42.7,26.1
Ontario,12/15/2023,35,52.5,45,30.5
Ontario,12/16/2023,36.1,43.8,47,36.2
Ontario,12/17/2023,37.6,44.6,44.8,35.1
Ontario,12/18/2023,31.5,46.1,41,31.2
Ontario,12/19/2023,24.5,32.2,38.3,27.2
Ontario,12/20/2023,25.6,36.5,34.3,23.9
Ontario,12/21/2023,21.4,34.2,34.3,22.6
Ontario,12/22/2023,20.9,32.2,34.9,23.2
Ontario,12/23/2023,27.3,38.4,37.1,27.7
Ontario,12/24/2023,34.7,40.7,41.3,33.2
Ontario,12/25/2023,37.4,44.8,43.5,36.4
Ontario,12/26/2023,37,45.1,45.2,39.3
Ontario,12/27/2023,43.3,45.8,45.6,40.7
Ontario,12/28/2023,41.7,45.8,44.9,40
Ontario,12/29/2023,35,43.1,41.3,35.4
Ontario,12/30/2023,29.5,35.1,36.9,31
Ontario,12/31/2023,28.3,32.6,33.8,28.9
