Region,Date,Daily_Min_Temp,Daily_Max_Temp,3_Day_Rolling_Avg_Max_Temp,3_Day_Rolling_Avg_Min_Temp
Quebec,1/1/1981,-23.2,9.4,10.9,-14.1
Quebec,1/2/1981,-5,12.3,3.8,-19.5
Quebec,1/3/1981,-30.2,-10.3,-0.1,-23.5
Quebec,1/4/1981,-35.4,-2.3,-2.3,-29.1
Quebec,1/5/1981,-21.7,5.7,8.7,-21.4
Quebec,1/6/1981,-7,22.8,17.7,-7
Quebec,1/7/1981,7.7,24.7,16.6,-2
Quebec,1/8/1981,-6.6,2.2,10.8,-5
Quebec,1/9/1981,-16.1,5.6,5.6,-9.6
Quebec,1/10/1981,-6,9.1,2.7,-12.7
Quebec,1/11/1981,-16,-6.5,-0.1,-11.6
Quebec,1/12/1981,-12.7,-3,-3.7,-18.3
Quebec,1/13/1981,-26.4,-1.8,-0.2,-20.7
Quebec,1/14/1981,-23.1,4,3.4,-23.6
Quebec,1/15/1981,-21.4,7.9,7.5,-20.4
Quebec,1/16/1981,-16.8,10.7,11.6,-14.4
Quebec,1/17/1981,-5.1,16.3,17.2,-12.8
Quebec,1/18/1981,-16.5,24.7,23.8,-3
Quebec,1/19/1981,12.6,30.4,23.1,-1.8
Quebec,1/20/1981,-1.4,14,19.8,-1.1
Quebec,1/21/1981,-14.4,14.9,17.4,-3.4
Quebec,1/22/1981,5.8,23.4,20.3,-0.3
Quebec,1/23/1981,7.9,22.6,24.7,9.7
Quebec,1/24/1981,15.5,28.3,25,4.8
Quebec,1/25/1981,-8.9,24,30.9,7.8
Quebec,1/26/1981,16.7,40.3,33.2,10.4
Quebec,1/27/1981,23.3,35.1,30.6,12.8
Quebec,1/28/1981,-1.7,16.2,23.5,5.6
Quebec,1/29/1981,-4.8,19.3,14.7,-4.5
Quebec,1/30/1981,-7,8.7,15.7,-6.9
Quebec,1/31/1981,-9,19,21.9,-5.1
Quebec,2/1/1981,0.7,37.9,31.7,5.5
Quebec,2/2/1981,24.9,38.2,27.2,7.7
Quebec,2/3/1981,-2.6,5.7,16.4,3.2
Quebec,2/4/1981,-12.7,5.4,7.3,-9.9
Quebec,2/5/1981,-14.3,10.9,12.3,-9.6
Quebec,2/6/1981,-1.8,20.6,21.1,-3
Quebec,2/7/1981,7.3,31.7,28.9,8.5
Quebec,2/8/1981,19.9,34.3,30.4,14.8
Quebec,2/9/1981,17.3,25.1,32.9,12.3
Quebec,2/10/1981,-0.2,39.3,38.1,14.5
Quebec,2/11/1981,26.3,49.9,33.9,8.7
Quebec,2/12/1981,0.1,12.6,26.8,7.2
Quebec,2/13/1981,-4.9,18.1,19.5,0.4
Quebec,2/14/1981,5.8,27.9,25.3,2.1
Quebec,2/15/1981,5.5,30.1,33.5,8
Quebec,2/16/1981,12.7,42.6,38.3,17.8
Quebec,2/17/1981,35.1,42.2,42.1,27.5
Quebec,2/18/1981,34.7,41.4,41.5,34.5
Quebec,2/19/1981,33.8,40.9,41.9,34.6
Quebec,2/20/1981,35.3,43.3,44.4,35.2
Quebec,2/21/1981,36.5,49,46.9,36.3
Quebec,2/22/1981,36.9,48.4,49.3,35
Quebec,2/23/1981,31.7,50.5,47.9,34.5
Quebec,2/24/1981,35.1,44.9,44.5,32.9
Quebec,2/25/1981,32,38,41.6,33
Quebec,2/26/1981,31.8,41.9,40.2,28.6
Quebec,2/27/1981,21.9,40.6,39.5,25.3
Quebec,2/28/1981,22.2,36.1,38.3,24.5
Quebec,3/1/1981,29.5,38.2,36.9,26.1
Quebec,3/2/1981,26.6,36.5,32.4,22.3
Quebec,3/3/1981,10.8,22.5,28.1,14.7
Quebec,3/4/1981,6.7,25.3,26.6,9.3
Quebec,3/5/1981,10.5,32.2,31.5,15.4
Quebec,3/6/1981,29,37,36.9,23.5
Quebec,3/7/1981,30.9,41.6,39.1,30.2
Quebec,3/8/1981,30.7,38.6,39.5,30.6
Quebec,3/9/1981,30.2,38.3,38,28.3
Quebec,3/10/1981,24,36.9,37.1,25.9
Quebec,3/11/1981,23.4,36,35.8,23.4
Quebec,3/12/1981,22.7,34.4,36.2,24.7
Quebec,3/13/1981,27.9,38.1,32.3,20.9
Quebec,3/14/1981,11.9,24.5,29.4,16.8
Quebec,3/15/1981,10.7,25.5,24.6,11.2
Quebec,3/16/1981,11.1,23.7,25.4,5.5
Quebec,3/17/1981,-5.3,26.9,24.2,6.7
Quebec,3/18/1981,14.2,21.9,26,6.6
Quebec,3/19/1981,11,29.3,29.3,15.9
Quebec,3/20/1981,22.7,36.8,35.9,20
Quebec,3/21/1981,26.4,41.7,40.4,24.9
Quebec,3/22/1981,25.7,42.8,44.6,24.3
Quebec,3/23/1981,20.8,49.2,46.1,25.8
Quebec,3/24/1981,30.8,46.1,47.2,25.5
Quebec,3/25/1981,25,46.2,48.6,26.1
Quebec,3/26/1981,22.3,53.3,50.2,26.3
Quebec,3/27/1981,31.6,51.2,52.3,24.9
Quebec,3/28/1981,20.9,52.5,54,29.1
Quebec,3/29/1981,34.9,58.4,51.6,31.4
Quebec,3/30/1981,38.5,43.9,50.2,36.1
Quebec,3/31/1981,34.8,48.3,51.2,36.1
Quebec,4/1/1981,35,61.5,53.8,35
Quebec,4/2/1981,35.3,51.5,59.5,32.6
Quebec,4/3/1981,27.5,65.5,62.2,36.7
Quebec,4/4/1981,47.4,69.5,64.6,41.6
Quebec,4/5/1981,49.7,58.7,58,42.9
Quebec,4/6/1981,31.7,45.8,54.5,40.4
Quebec,4/7/1981,39.7,59,57,35
Quebec,4/8/1981,33.8,66.4,59.8,40.6
Quebec,4/9/1981,48.5,53.9,61.1,38.1
Quebec,4/10/1981,32.1,63,60.5,40.6
Quebec,4/11/1981,41.3,64.4,58.7,33.1
Quebec,4/12/1981,25.9,48.6,56.3,30.7
Quebec,4/13/1981,24.9,55.7,52.1,29
Quebec,4/14/1981,36.1,51.9,47.1,25
Quebec,4/15/1981,13.9,33.5,45,23.1
Quebec,4/16/1981,19.2,49.6,45.3,22.2
Quebec,4/17/1981,33.5,52.9,53.8,30.7
Quebec,4/18/1981,39.4,58.8,53.9,32.8
Quebec,4/19/1981,25.5,49.9,50.8,29.8
Quebec,4/20/1981,24.5,43.6,43.7,22.8
Quebec,4/21/1981,18.3,37.4,43.6,20.2
Quebec,4/22/1981,17.6,49.9,45.3,19.3
Quebec,4/23/1981,21.8,48.5,47.7,25.5
Quebec,4/24/1981,37.1,44.6,48.6,31.6
Quebec,4/25/1981,35.9,52.7,53.2,35.3
Quebec,4/26/1981,32.9,62.1,59.4,34.3
Quebec,4/27/1981,33.9,63.3,62.9,34.9
Quebec,4/28/1981,37.8,63.3,58.5,37.8
Quebec,4/29/1981,41.5,48.9,57.3,38
Quebec,4/30/1981,34.8,59.8,55.5,35.9
Quebec,5/1/1981,31.3,57.8,59,34.6
Quebec,5/2/1981,37.7,59.3,59.8,33.2
Quebec,5/3/1981,30.6,62.1,63.9,35.5
Quebec,5/4/1981,38.2,70.3,69.8,37.7
Quebec,5/5/1981,44.3,76.9,66.8,40.2
Quebec,5/6/1981,38.2,53.1,63.1,36.6
Quebec,5/7/1981,27.3,59.5,60.6,32.8
Quebec,5/8/1981,33,69.1,65.1,35
Quebec,5/9/1981,44.6,66.8,64.5,42.5
Quebec,5/10/1981,49.8,57.6,59,46.3
Quebec,5/11/1981,44.6,52.5,56,47
Quebec,5/12/1981,46.7,57.8,53.7,44.6
Quebec,5/13/1981,42.5,51,55.1,44.4
Quebec,5/14/1981,43.9,56.6,58.3,43.6
Quebec,5/15/1981,44.4,67.3,62.7,46
Quebec,5/16/1981,49.7,64.1,60.7,42.2
Quebec,5/17/1981,32.6,50.6,54.4,36.5
Quebec,5/18/1981,27.1,48.4,54.4,30.5
Quebec,5/19/1981,31.8,64.3,60.6,30.5
Quebec,5/20/1981,32.6,69.1,68.3,35.5
Quebec,5/21/1981,42.2,71.6,70.4,39.7
Quebec,5/22/1981,44.4,70.6,71.4,43.5
Quebec,5/23/1981,44,72,74.3,42.5
Quebec,5/24/1981,39.1,80.2,74.3,46.7
Quebec,5/25/1981,57,70.5,74.6,51.4
Quebec,5/26/1981,58.2,73,71.6,56
Quebec,5/27/1981,52.8,71.4,70.4,56.4
Quebec,5/28/1981,58.1,66.9,70.5,56
Quebec,5/29/1981,57.2,73.1,70.6,56.7
Quebec,5/30/1981,54.7,71.7,70.5,53.6
Quebec,5/31/1981,48.8,66.8,69.3,46.5
Quebec,6/1/1981,36.2,69.5,70.2,43.5
Quebec,6/2/1981,45.6,74.3,72.1,44.8
Quebec,6/3/1981,52.6,72.4,72.4,52.3
Quebec,6/4/1981,58.7,70.7,75.4,53.5
Quebec,6/5/1981,49.1,83.3,76.8,55.3
Quebec,6/6/1981,58.1,76.5,75.4,51.9
Quebec,6/7/1981,48.5,66.4,69.4,48.3
Quebec,6/8/1981,38.3,65.4,67,47
Quebec,6/9/1981,54.3,69.1,68.6,45.7
Quebec,6/10/1981,44.6,71.3,70.5,50
Quebec,6/11/1981,51.2,71.1,72.2,47.5
Quebec,6/12/1981,46.6,74.4,73.9,48.3
Quebec,6/13/1981,47.1,76.1,75.5,48.7
Quebec,6/14/1981,52.3,76,75,53.2
Quebec,6/15/1981,60.2,72.9,77.8,58.1
Quebec,6/16/1981,61.9,84.7,77.7,60.4
Quebec,6/17/1981,59.2,75.7,79.6,55.8
Quebec,6/18/1981,46.4,78.3,77.5,54.6
Quebec,6/19/1981,58.2,78.5,76.1,54
Quebec,6/20/1981,57.3,71.6,74.5,54.8
Quebec,6/21/1981,48.8,73.5,71.6,52.8
Quebec,6/22/1981,52.3,69.8,71.2,51.3
Quebec,6/23/1981,52.8,70.2,70.2,50.3
Quebec,6/24/1981,45.9,70.7,72.2,51.4
Quebec,6/25/1981,55.6,75.8,70.5,51.4
Quebec,6/26/1981,52.9,65,72.9,52.4
Quebec,6/27/1981,48.9,78.1,74.7,50.3
Quebec,6/28/1981,49,81,79.7,49.8
Quebec,6/29/1981,51.6,80,80.4,54.8
Quebec,6/30/1981,63.8,80.3,77,57.5
Quebec,7/1/1981,57.1,70.8,80.5,59
Quebec,7/2/1981,56,90.3,81.2,59.5
Quebec,7/3/1981,65.3,82.4,85.3,62.3
Quebec,7/4/1981,65.5,83.2,82.7,64.5
Quebec,7/5/1981,62.8,82.7,83.8,63.5
Quebec,7/6/1981,62.1,85.6,83.7,62.3
Quebec,7/7/1981,62.1,82.7,86.3,62.6
Quebec,7/8/1981,63.4,90.7,85.9,63.2
Quebec,7/9/1981,64.2,84.2,86.3,62
Quebec,7/10/1981,58.4,83.9,83,59.7
Quebec,7/11/1981,56.6,80.7,79,55.6
Quebec,7/12/1981,51.9,72.5,76.5,55.8
Quebec,7/13/1981,58.9,76.4,73.5,56.4
Quebec,7/14/1981,58.3,71.7,75.7,56.8
Quebec,7/15/1981,53,79,77.5,53.6
Quebec,7/16/1981,49.5,81.9,81.2,51.8
Quebec,7/17/1981,52.7,82.7,79.6,53.4
Quebec,7/18/1981,58,74.2,79.5,55
Quebec,7/19/1981,54.2,81.6,79.3,57
Quebec,7/20/1981,58.7,82.1,80.2,59.2
Quebec,7/21/1981,64.6,77,77.3,58.6
Quebec,7/22/1981,52.6,72.7,74.3,54.2
Quebec,7/23/1981,45.5,73.1,74.5,48.4
Quebec,7/24/1981,47.3,77.8,77.4,47.7
Quebec,7/25/1981,50.2,81.4,80,53.2
Quebec,7/26/1981,62.2,80.7,77.7,55.6
Quebec,7/27/1981,54.3,70.9,72.8,54.7
Quebec,7/28/1981,47.5,66.7,67.3,51.5
Quebec,7/29/1981,52.8,64.3,70.3,50.6
Quebec,7/30/1981,51.6,79.9,76.3,52.2
Quebec,7/31/1981,52.2,84.6,82.8,54
Quebec,8/1/1981,58.4,84,83.3,57.1
Quebec,8/2/1981,60.9,81.3,82.2,61.4
Quebec,8/3/1981,65,81.5,81,61.6
Quebec,8/4/1981,58.8,80.1,76.8,62.4
Quebec,8/5/1981,63.4,68.7,72.7,60.6
Quebec,8/6/1981,59.5,69.4,68.3,59.5
Quebec,8/7/1981,55.6,66.7,67.8,55.7
Quebec,8/8/1981,51.9,67.2,68,55
Quebec,8/9/1981,57.4,70,72.4,56.7
Quebec,8/10/1981,60.7,79.8,73.4,59.8
Quebec,8/11/1981,61.5,70.5,75.6,60.5
Quebec,8/12/1981,59.5,76.4,73.2,60.9
Quebec,8/13/1981,61.9,72.7,73.4,54.7
Quebec,8/14/1981,42.8,71.1,69.7,51.8
Quebec,8/15/1981,50.7,65.4,68,50.6
Quebec,8/16/1981,58.3,67.4,68.2,53.1
Quebec,8/17/1981,50.5,71.7,71,50.9
Quebec,8/18/1981,44,74,73.8,47.9
Quebec,8/19/1981,49.2,75.8,76.9,50.1
Quebec,8/20/1981,56.9,80.7,79.7,53.2
Quebec,8/21/1981,53.4,82.7,81.6,55.7
Quebec,8/22/1981,56.8,81.5,81.7,57.3
Quebec,8/23/1981,61.6,80.9,78.9,58
Quebec,8/24/1981,55.5,74.4,74.6,54.4
Quebec,8/25/1981,46.3,68.3,72.6,48.2
Quebec,8/26/1981,42.9,75.1,72.2,48.2
Quebec,8/27/1981,55.5,73.3,76,47.4
Quebec,8/28/1981,44,79.6,74.5,48.1
Quebec,8/29/1981,44.9,70.6,76.4,49.1
Quebec,8/30/1981,58.3,78.9,75.5,56.2
Quebec,8/31/1981,65.3,77.1,77.6,62.2
Quebec,9/1/1981,62.8,76.9,75.7,64
Quebec,9/2/1981,63.9,73,76,63.4
Quebec,9/3/1981,63.4,78.1,75.8,60.9
Quebec,9/4/1981,55.6,76.4,78.5,58.6
Quebec,9/5/1981,56.8,81,77,56.2
Quebec,9/6/1981,56.2,73.6,75.6,55.3
Quebec,9/7/1981,53,72.1,73.7,57.2
Quebec,9/8/1981,62.5,75.2,68.4,54.7
Quebec,9/9/1981,48.5,57.9,63,50.2
Quebec,9/10/1981,39.7,56,58.5,46.1
Quebec,9/11/1981,50,61.7,62.8,46.9
Quebec,9/12/1981,51,70.8,68.8,49.8
Quebec,9/13/1981,48.4,73.9,69.7,50.1
Quebec,9/14/1981,50.8,64.5,68.7,47.8
Quebec,9/15/1981,44,67.8,65.1,46.5
Quebec,9/16/1981,44.6,63,64.4,42.2
Quebec,9/17/1981,38,62.5,62.4,43.2
Quebec,9/18/1981,46.9,61.8,63,42.7
Quebec,9/19/1981,43,64.6,60.6,45.3
Quebec,9/20/1981,45.8,55.5,58.9,43
Quebec,9/21/1981,40,56.7,54.3,42.5
Quebec,9/22/1981,41.6,50.6,52.9,42.4
Quebec,9/23/1981,45.6,51.3,52.2,44
Quebec,9/24/1981,44.7,54.8,57.5,44.1
Quebec,9/25/1981,42.1,66.6,61.7,40.8
Quebec,9/26/1981,35.5,63.6,65.1,43.4
Quebec,9/27/1981,52.4,65.2,61.5,44.3
Quebec,9/28/1981,44.8,55.6,56.9,43.8
Quebec,9/29/1981,34.1,49.8,51.4,38.1
Quebec,9/30/1981,35.4,48.8,47.8,32.7
Quebec,10/1/1981,28.8,44.7,47.5,34.5
Quebec,10/2/1981,39.3,49.1,48.8,37.4
Quebec,10/3/1981,44.1,52.5,51.8,40.8
Quebec,10/4/1981,38.9,54,55.5,38.8
Quebec,10/5/1981,33.5,60,56.3,35.2
Quebec,10/6/1981,33,54.9,54,36.8
Quebec,10/7/1981,44,47.2,51.1,39.6
Quebec,10/8/1981,41.9,51.4,50.3,40.3
Quebec,10/9/1981,35.1,52.5,51.7,37.2
Quebec,10/10/1981,34.5,51.2,50.4,32.5
Quebec,10/11/1981,28,47.4,50.1,29.5
Quebec,10/12/1981,25.9,51.6,51.7,26.3
Quebec,10/13/1981,24.9,56.1,56.3,25.2
Quebec,10/14/1981,24.7,61.3,60.5,27.6
Quebec,10/15/1981,33.2,64,59.2,34.8
Quebec,10/16/1981,46.4,52.4,56.2,36.5
Quebec,10/17/1981,30,52.2,52.1,35.5
Quebec,10/18/1981,30.2,51.6,49.8,32.9
Quebec,10/19/1981,38.6,45.5,49.3,32.1
Quebec,10/20/1981,27.4,50.6,47.7,35.2
Quebec,10/21/1981,39.7,47.1,45.1,32.7
Quebec,10/22/1981,31.1,37.6,41.6,34.8
Quebec,10/23/1981,33.4,40.1,39.4,30.9
Quebec,10/24/1981,28.2,40.5,42.9,27.7
Quebec,10/25/1981,21.6,48,44.7,26.8
Quebec,10/26/1981,30.7,45.5,47,31.7
Quebec,10/27/1981,42.9,47.4,46.2,37.2
Quebec,10/28/1981,38,45.7,45.3,34.9
Quebec,10/29/1981,23.8,42.9,45.4,29.8
Quebec,10/30/1981,27.6,47.4,46.8,25.7
Quebec,10/31/1981,25.6,50.1,48.7,29.5
Quebec,11/1/1981,35.3,48.6,51.1,33.1
Quebec,11/2/1981,38.4,54.7,49.1,34.5
Quebec,11/3/1981,29.7,43.9,48.2,31.6
Quebec,11/4/1981,26.8,45.9,48,27
Quebec,11/5/1981,24.4,54.4,50.2,30.9
Quebec,11/6/1981,41.5,50.3,46.9,32.6
Quebec,11/7/1981,31.7,36.1,42.5,31.6
Quebec,11/8/1981,21.6,41,37.6,27.4
Quebec,11/9/1981,28.9,35.7,36.5,22.4
Quebec,11/10/1981,16.5,32.9,35,24.2
Quebec,11/11/1981,27.3,36.4,33.2,20.4
Quebec,11/12/1981,17.4,30.4,36.1,22
Quebec,11/13/1981,21.3,41.4,36.1,20.1
Quebec,11/14/1981,21.6,36.6,42.4,22.9
Quebec,11/15/1981,26,49.1,44.1,28.2
Quebec,11/16/1981,37.1,46.5,45,33.1
Quebec,11/17/1981,36.3,39.5,41.7,36
Quebec,11/18/1981,34.7,39.1,39.7,34.9
Quebec,11/19/1981,33.6,40.6,38.1,33.2
Quebec,11/20/1981,31.3,34.7,36.9,32
Quebec,11/21/1981,31,35.4,34.2,30.9
Quebec,11/22/1981,30.3,32.5,33,28.8
Quebec,11/23/1981,25.1,31.1,31.2,23.5
Quebec,11/24/1981,15.2,30.1,30.7,20.9
Quebec,11/25/1981,22.4,30.9,30.6,21
Quebec,11/26/1981,25.4,30.9,32.5,23.9
Quebec,11/27/1981,24,35.7,32.9,25.5
Quebec,11/28/1981,27,32,33.3,25.6
Quebec,11/29/1981,25.8,32.2,31.6,24.9
Quebec,11/30/1981,21.8,30.5,32.4,20.3
Quebec,12/1/1981,13.4,34.5,35,20.5
Quebec,12/2/1981,26.3,40,38.2,24.1
Quebec,12/3/1981,32.7,40.1,39.8,30.1
Quebec,12/4/1981,31.2,39.2,37.9,30.2
Quebec,12/5/1981,26.6,34.3,33.9,26.9
Quebec,12/6/1981,22.8,28.2,30.8,24.2
Quebec,12/7/1981,23,29.8,28.9,18.1
Quebec,12/8/1981,8.5,28.5,29.4,18.2
Quebec,12/9/1981,23,29.7,30.2,18.1
Quebec,12/10/1981,22.8,32.4,32,23.2
Quebec,12/11/1981,23.7,33.8,31.6,20.3
Quebec,12/12/1981,14.5,28.4,29.5,13.8
Quebec,12/13/1981,3.2,26.2,28.8,10.8
Quebec,12/14/1981,14.7,31.9,29.9,15
Quebec,12/15/1981,27.1,31.5,31.9,23.1
Quebec,12/16/1981,27.5,32.2,27.9,21.9
Quebec,12/17/1981,11,20,23.9,13.3
Quebec,12/18/1981,1.3,19.3,19,4.4
Quebec,12/19/1981,0.9,17.6,16.9,2.7
Quebec,12/20/1981,5.7,13.8,19.9,0.9
Quebec,12/21/1981,-3.9,28.2,24.6,8.3
Quebec,12/22/1981,23.1,31.9,31.2,12.6
Quebec,12/23/1981,18.7,33.6,33.2,22.9
Quebec,12/24/1981,27,34,31.8,20.2
Quebec,12/25/1981,15,27.9,26.9,14.9
Quebec,12/26/1981,2.8,18.6,22.5,5.9
Quebec,12/27/1981,0,20.9,22.4,5.6
Quebec,12/28/1981,14,27.7,26.9,7.6
Quebec,12/29/1981,8.8,32,25.3,6
Quebec,12/30/1981,-4.7,16.1,26.8,0
Quebec,12/31/1981,-3.9,32.5,27.8,2.9
Quebec,1/1/1982,17.2,35,26.3,3.8
Quebec,1/2/1982,-2,11.4,23.2,0.7
Quebec,1/3/1982,-13.2,23.2,23.8,-1.9
Quebec,1/4/1982,9.6,36.7,29.6,2.6
Quebec,1/5/1982,11.5,29,27,4.8
Quebec,1/6/1982,-6.6,15.4,24.2,3.8
Quebec,1/7/1982,6.4,28.2,15.6,-1.8
Quebec,1/8/1982,-5.3,3.2,10.6,-2.6
Quebec,1/9/1982,-8.8,0.4,1.9,-11.7
Quebec,1/10/1982,-20.9,2.2,2.4,-15.8
Quebec,1/11/1982,-17.5,4.7,0.6,-18.3
Quebec,1/12/1982,-16.4,-5.1,2,-17
Quebec,1/13/1982,-17.1,6.3,4.1,-13.1
Quebec,1/14/1982,-5.7,11,10.6,-7.9
Quebec,1/15/1982,-0.9,14.6,15.3,-6.6
Quebec,1/16/1982,-13.1,20.3,8,-12.3
Quebec,1/17/1982,-22.8,-11,1.6,-23.6
Quebec,1/18/1982,-34.8,-4.5,-5.7,-29.1
Quebec,1/19/1982,-29.6,-1.5,2.6,-26.3
Quebec,1/20/1982,-14.3,13.8,3.2,-21.5
Quebec,1/21/1982,-20.7,-2.8,2.9,-20.9
Quebec,1/22/1982,-27.8,-2.3,3.3,-25
Quebec,1/23/1982,-26.4,15,10,-17.2
Quebec,1/24/1982,2.5,17.1,11.6,-13.3
Quebec,1/25/1982,-16,2.7,5.9,-12.3
Quebec,1/26/1982,-23.6,-2,1.8,-22.5
Quebec,1/27/1982,-28,4.7,10.4,-19.2
Quebec,1/28/1982,-5.9,28.4,16,-9.4
Quebec,1/29/1982,5.6,15,22,-4.9
Quebec,1/30/1982,-14.3,22.7,17.6,-2.6
Quebec,1/31/1982,1,15.2,19.4,-2.8
Quebec,2/1/1982,4.9,20.5,18.8,-1.4
Quebec,2/2/1982,-10,20.9,23.6,2.4
Quebec,2/3/1982,12.4,29.6,24.1,2.9
Quebec,2/4/1982,6.3,21.7,20.1,0.1
Quebec,2/5/1982,-18.5,9.1,14.8,-4.7
Quebec,2/6/1982,-1.9,13.5,13.5,-8.8
Quebec,2/7/1982,-6.1,18,17.6,0.6
Quebec,2/8/1982,9.7,21.4,19.6,2.4
Quebec,2/9/1982,3.7,19.4,18.5,5.8
Quebec,2/10/1982,4.1,14.6,17.3,3.6
Quebec,2/11/1982,3,18,16.7,1.6
Quebec,2/12/1982,-2.2,17.6,17.5,-1
Quebec,2/13/1982,-3.8,17,18.1,-4.9
Quebec,2/14/1982,-8.7,19.6,24.3,-5
Quebec,2/15/1982,-2.5,36.1,27.9,2.3
Quebec,2/16/1982,18.1,27.9,26.5,3.6
Quebec,2/17/1982,-4.7,15.4,21.4,2.6
Quebec,2/18/1982,-5.7,20.8,20.8,-1.8
Quebec,2/19/1982,4.9,26,27.3,6.9
Quebec,2/20/1982,21.4,35.2,32.2,14.4
Quebec,2/21/1982,16.9,35.3,32.2,16.8
Quebec,2/22/1982,12.2,26.1,29.8,14
Quebec,2/23/1982,12.8,28,22.5,7.3
Quebec,2/24/1982,-3.1,13.5,17,0
Quebec,2/25/1982,-9.6,9.4,11.4,-7.4
Quebec,2/26/1982,-9.6,11.3,13.3,-8.6
Quebec,2/27/1982,-6.7,19.2,12.9,-10.8
Quebec,2/28/1982,-16.2,8.1,15.1,-14.2
Quebec,3/1/1982,-19.6,17.9,16.7,-10
Quebec,3/2/1982,6,24,16.9,-7.8
Quebec,3/3/1982,-9.8,8.7,18.6,-4.8
Quebec,3/4/1982,-10.6,22.9,19.8,-2.4
Quebec,3/5/1982,13.2,27.9,27.1,1.8
Quebec,3/6/1982,2.9,30.6,29.8,12.6
Quebec,3/7/1982,21.9,30.9,26,11.1
Quebec,3/8/1982,8.6,16.6,20,5.3
Quebec,3/9/1982,-14.6,12.6,20.5,-2.8
Quebec,3/10/1982,-2.6,32.4,28.5,1
Quebec,3/11/1982,20.2,40.4,37.3,16.2
Quebec,3/12/1982,31.1,39.2,41,25.5
Quebec,3/13/1982,25.1,43.6,39.5,27.4
Quebec,3/14/1982,26,35.9,38.2,21.2
Quebec,3/15/1982,12.6,35.1,34.4,14.4
Quebec,3/16/1982,4.5,32.2,36.4,13.2
Quebec,3/17/1982,22.5,41.8,38.3,14.2
Quebec,3/18/1982,15.7,40.7,41.9,20.2
Quebec,3/19/1982,22.5,43.2,40.3,19.6
Quebec,3/20/1982,20.7,36.9,37.9,20
Quebec,3/21/1982,16.9,33.7,35.8,21.8
Quebec,3/22/1982,27.9,36.9,34.4,22
Quebec,3/23/1982,21.4,32.6,37.8,20
Quebec,3/24/1982,10.7,43.9,41.3,20.8
Quebec,3/25/1982,30.2,47.3,42.4,23
Quebec,3/26/1982,28,36,34.2,21.2
Quebec,3/27/1982,5.4,19.4,27.5,10.9
Quebec,3/28/1982,-0.8,27.1,28.4,5.1
Quebec,3/29/1982,10.8,38.8,37.4,12.4
Quebec,3/30/1982,27.3,46.3,44.7,24.1
Quebec,3/31/1982,34.1,49.1,45.1,31.3
Quebec,4/1/1982,32.4,40,39.9,26.8
Quebec,4/2/1982,13.9,30.6,35.6,20.8
Quebec,4/3/1982,15.9,36.1,33.4,18.9
Quebec,4/4/1982,26.9,33.5,31.8,17.1
Quebec,4/5/1982,8.5,25.8,27.1,13.7
Quebec,4/6/1982,5.8,22,23.9,7.1
Quebec,4/7/1982,6.9,24,25.4,8.9
Quebec,4/8/1982,14.1,30.1,30.3,12.4
Quebec,4/9/1982,16.2,36.9,37.3,18.4
Quebec,4/10/1982,24.8,45,41.4,23
Quebec,4/11/1982,27.8,42.4,44.3,25.9
Quebec,4/12/1982,25,45.4,43.6,27.3
Quebec,4/13/1982,29,43,44.1,28.8
Quebec,4/14/1982,32.4,43.8,46.7,28.6
Quebec,4/15/1982,24.3,53.2,53.5,29.9
Quebec,4/16/1982,32.9,63.4,61.9,35.4
Quebec,4/17/1982,49.1,69.1,57.6,37.9
Quebec,4/18/1982,31.6,40.3,52.2,36.7
Quebec,4/19/1982,29.3,47.2,43.4,31.1
Quebec,4/20/1982,32.4,42.8,44.1,32
Quebec,4/21/1982,34.2,42.2,43,31.4
Quebec,4/22/1982,27.5,44,46.8,30.3
Quebec,4/23/1982,29.2,54.3,51.2,29.1
Quebec,4/24/1982,30.6,55.3,61.3,32.5
Quebec,4/25/1982,37.7,74.4,66.2,37.8
Quebec,4/26/1982,45.1,68.8,66.3,42.9
Quebec,4/27/1982,45.9,55.7,59.6,40.6
Quebec,4/28/1982,30.8,54.2,56.8,35
Quebec,4/29/1982,28.4,60.5,61.2,29.4
Quebec,4/30/1982,28.9,68.8,60.7,33
Quebec,5/1/1982,41.8,52.9,61.5,35.3
Quebec,5/2/1982,35.2,62.7,58.6,38.7
Quebec,5/3/1982,39.1,60.2,62.1,39.4
Quebec,5/4/1982,43.8,63.3,64.5,38.3
Quebec,5/5/1982,31.9,69.9,68.7,38.9
Quebec,5/6/1982,40.9,72.9,75.3,40.6
Quebec,5/7/1982,49,83.2,76.9,48.1
Quebec,5/8/1982,54.5,74.7,72.5,51.2
Quebec,5/9/1982,50.2,59.8,65,48.6
Quebec,5/10/1982,41.2,60.7,60.1,42.1
Quebec,5/11/1982,34.9,59.7,59.4,38.6
Quebec,5/12/1982,39.8,57.7,58.8,39.4
Quebec,5/13/1982,43.6,58.9,59.8,40.7
Quebec,5/14/1982,38.7,62.8,61.8,40.6
Quebec,5/15/1982,39.4,63.6,65.2,41.1
Quebec,5/16/1982,45.3,69,66.7,43.2
Quebec,5/17/1982,44.8,67.5,68.8,43
Quebec,5/18/1982,39,70,69.6,43.7
Quebec,5/19/1982,47.2,71.3,69.6,46.7
Quebec,5/20/1982,54,67.7,66.7,46.1
Quebec,5/21/1982,37.3,61.2,63.6,41.8
Quebec,5/22/1982,34,61.8,63.1,37.1
Quebec,5/23/1982,40.1,66.4,62.7,40.6
Quebec,5/24/1982,47.5,60,66.8,44.2
Quebec,5/25/1982,45,73.8,71,48.3
Quebec,5/26/1982,52.4,79.3,76.3,49.8
Quebec,5/27/1982,52,75.8,79.2,50.8
Quebec,5/28/1982,48.1,82.5,79.8,51.4
Quebec,5/29/1982,54.2,81.1,80.5,53.5
Quebec,5/30/1982,58.2,77.9,77.7,58.4
Quebec,5/31/1982,62.7,74,77,60.9
Quebec,6/1/1982,61.9,79,75.2,60.5
Quebec,6/2/1982,57,72.6,70.6,52.9
Quebec,6/3/1982,39.8,60.3,67.4,44.5
Quebec,6/4/1982,36.6,69.4,68.1,41.4
Quebec,6/5/1982,47.9,74.8,70.6,46.9
Quebec,6/6/1982,56.1,67.5,72.6,50.8
Quebec,6/7/1982,48.6,75.5,73.5,49.6
Quebec,6/8/1982,44.2,77.6,78.7,47.7
Quebec,6/9/1982,50.3,83.1,81.4,47.9
Quebec,6/10/1982,49.2,83.4,78.7,52.5
Quebec,6/11/1982,58,69.5,76.3,49.8
Quebec,6/12/1982,42.3,75.9,70.7,52.6
Quebec,6/13/1982,57.5,66.8,70.5,50.3
Quebec,6/14/1982,51,68.8,68.9,52.7
Quebec,6/15/1982,49.5,71.2,70.8,52.4
Quebec,6/16/1982,56.8,72.3,71.4,51.9
Quebec,6/17/1982,49.5,70.6,71.9,53.9
Quebec,6/18/1982,55.6,73,67.4,51.9
Quebec,6/19/1982,50.8,58.6,65.3,53.1
Quebec,6/20/1982,52.9,64.4,62.1,50.7
Quebec,6/21/1982,48.4,63.2,66.4,49.6
Quebec,6/22/1982,47.5,71.7,66,49.1
Quebec,6/23/1982,51.4,63.3,68.6,48.3
Quebec,6/24/1982,46.1,70.9,66.5,50
Quebec,6/25/1982,52.4,65.2,69,50.1
Quebec,6/26/1982,51.9,70.8,69.9,49
Quebec,6/27/1982,42.7,73.6,74.1,48.9
Quebec,6/28/1982,52,77.8,73.6,51.6
Quebec,6/29/1982,60.1,69.2,72.3,54.4
Quebec,6/30/1982,51.3,69.7,69.3,50.3
Quebec,7/1/1982,39.5,68.9,70.5,46.9
Quebec,7/2/1982,49.8,73,69.4,43.3
Quebec,7/3/1982,40.5,66.4,70.2,43.7
Quebec,7/4/1982,40.8,71.4,71.2,40.5
Quebec,7/5/1982,40.2,75.8,77.3,46.4
Quebec,7/6/1982,58.1,84.8,82.7,53.8
Quebec,7/7/1982,63,87.6,85.2,60.8
Quebec,7/8/1982,61.3,83.3,83.9,59
Quebec,7/9/1982,52.8,80.9,80.6,55.1
Quebec,7/10/1982,51.2,77.7,81.7,52.2
Quebec,7/11/1982,52.5,86.4,81.7,57
Quebec,7/12/1982,67.1,81.1,80.4,58.5
Quebec,7/13/1982,56,73.6,79.1,56.2
Quebec,7/14/1982,45.5,82.5,80.5,51.8
Quebec,7/15/1982,54,85.3,85.4,52.6
Quebec,7/16/1982,58.4,88.3,87.7,59.5
Quebec,7/17/1982,66,89.6,90.1,64.9
Quebec,7/18/1982,70.2,92.2,89.1,67.5
Quebec,7/19/1982,66.3,85.5,84.3,62.5
Quebec,7/20/1982,51.1,75.1,80.3,54.6
Quebec,7/21/1982,46.6,80.2,80.6,49.4
Quebec,7/22/1982,50.5,86.6,82.4,53.1
Quebec,7/23/1982,62.2,80.4,81.9,54.2
Quebec,7/24/1982,49.9,78.7,80.5,57.8
Quebec,7/25/1982,61.4,82.3,79.5,56.7
Quebec,7/26/1982,58.9,77.5,80.9,56.5
Quebec,7/27/1982,49.2,82.9,77.3,54.1
Quebec,7/28/1982,54,71.7,76.7,54
Quebec,7/29/1982,58.9,75.5,75.9,53.8
Quebec,7/30/1982,48.5,80.5,76.5,55.1
Quebec,7/31/1982,58,73.6,78.4,53.5
Quebec,8/1/1982,54,81.1,74.1,53.8
Quebec,8/2/1982,49.5,67.6,72.8,48.1
Quebec,8/3/1982,40.8,69.6,71.2,45
Quebec,8/4/1982,44.5,76.3,73.6,47.3
Quebec,8/5/1982,56.5,74.8,76.2,50.4
Quebec,8/6/1982,50.2,77.5,77.6,52.4
Quebec,8/7/1982,50.4,80.4,78.8,52.9
Quebec,8/8/1982,58,78.6,80,57.4
Quebec,8/9/1982,63.6,80.8,77.4,60.5
Quebec,8/10/1982,59.9,72.7,74,59.3
Quebec,8/11/1982,54.3,68.3,70.9,56.1
Quebec,8/12/1982,54.1,71.6,70.4,54.3
Quebec,8/13/1982,54.5,71.5,72.3,52.8
Quebec,8/14/1982,49.8,73.8,76.3,54.5
Quebec,8/15/1982,59.2,83.5,80.6,55.4
Quebec,8/16/1982,57.3,84.5,80.7,58.8
Quebec,8/17/1982,59.9,74,78.3,53.6
Quebec,8/18/1982,43.7,76.3,75.6,52.1
Quebec,8/19/1982,52.8,76.5,75.9,52.6
Quebec,8/20/1982,61.4,74.9,71.1,50.6
Quebec,8/21/1982,37.7,61.9,68.8,45.8
Quebec,8/22/1982,38.3,69.7,66.3,43.2
Quebec,8/23/1982,53.5,67.2,70.3,48.8
Quebec,8/24/1982,54.6,74.1,67.2,53.3
Quebec,8/25/1982,51.7,60.5,68.5,50.6
Quebec,8/26/1982,45.6,70.9,68.5,50.2
Quebec,8/27/1982,53.4,74,68.5,44.8
Quebec,8/28/1982,35.4,60.6,65.6,42
Quebec,8/29/1982,37.1,62.2,62.9,36.5
Quebec,8/30/1982,36.9,66.1,65.5,40.2
Quebec,8/31/1982,46.6,68.3,67.5,41.9
Quebec,9/1/1982,42.2,68.2,65.5,46.8
Quebec,9/2/1982,51.7,59.8,65.3,48.8
Quebec,9/3/1982,52.5,68,63.6,51.5
Quebec,9/4/1982,50.3,63.1,67.6,48.5
Quebec,9/5/1982,42.8,71.6,63.3,46.2
Quebec,9/6/1982,45.5,55.3,63,41.3
Quebec,9/7/1982,35.7,62.1,61.4,39.7
Quebec,9/8/1982,37.8,66.9,66.2,39.9
Quebec,9/9/1982,46.1,69.6,71.5,46.1
Quebec,9/10/1982,54.3,77.9,76.2,52.9
Quebec,9/11/1982,58.1,81.1,79.7,56.3
Quebec,9/12/1982,56.6,80.1,80.9,56.7
Quebec,9/13/1982,55.5,81.5,80.7,56.8
Quebec,9/14/1982,58.2,80.4,73.8,54.2
Quebec,9/15/1982,48.8,59.4,66,52.1
Quebec,9/16/1982,49.3,58,58.2,48.5
Quebec,9/17/1982,47.4,57.1,58.3,47.5
Quebec,9/18/1982,45.7,59.8,58,45
Quebec,9/19/1982,42,57,60.7,41.2
Quebec,9/20/1982,36,65.2,63.4,39.8
Quebec,9/21/1982,41.6,67.9,66.5,41.6
Quebec,9/22/1982,47.2,66.4,63.7,44.9
Quebec,9/23/1982,45.8,56.9,63.6,46.5
Quebec,9/24/1982,46.4,67.6,62.5,48.2
Quebec,9/25/1982,52.4,62.9,64.9,48.4
Quebec,9/26/1982,46.5,64.2,61.6,50.3
Quebec,9/27/1982,52,57.7,62,49.4
Quebec,9/28/1982,49.7,64.1,61.2,47.2
Quebec,9/29/1982,39.9,61.8,65.1,44.8
Quebec,9/30/1982,44.8,69.3,64.3,45.8
Quebec,10/1/1982,52.8,61.8,63.8,44.7
Quebec,10/2/1982,36.6,60.3,61.5,40.8
Quebec,10/3/1982,33.1,62.4,61.9,37.3
Quebec,10/4/1982,42.2,62.9,62.7,36.5
Quebec,10/5/1982,34.3,62.9,64.2,38.4
Quebec,10/6/1982,38.8,66.7,60,38.5
Quebec,10/7/1982,42.3,50.6,54.9,41.5
Quebec,10/8/1982,43.3,47.4,48.9,42.5
Quebec,10/9/1982,41.8,48.7,48.6,37.7
Quebec,10/10/1982,28,49.6,52.4,32.6
Quebec,10/11/1982,27.9,58.9,53.2,32.5
Quebec,10/12/1982,41.7,51,55.5,38.2
Quebec,10/13/1982,45.2,56.7,54.8,41.6
Quebec,10/14/1982,38.1,56.9,56.1,39.7
Quebec,10/15/1982,35.9,54.8,53.1,36.6
Quebec,10/16/1982,35.8,47.6,50.3,34.4
Quebec,10/17/1982,31.5,48.5,48.3,31.7
Quebec,10/18/1982,27.8,48.7,52.8,31.9
Quebec,10/19/1982,36.5,61.3,58.7,34.7
Quebec,10/20/1982,39.7,66.1,59.2,38.6
Quebec,10/21/1982,39.6,50.2,53.5,37
Quebec,10/22/1982,31.7,44.1,46.4,34.3
Quebec,10/23/1982,31.5,45,44.5,28.3
Quebec,10/24/1982,21.7,44.4,47.9,25.7
Quebec,10/25/1982,24.1,54.4,50.6,25
Quebec,10/26/1982,29.2,53.1,54.6,25.3
Quebec,10/27/1982,22.6,56.4,55.8,29.9
Quebec,10/28/1982,37.8,57.9,58.5,33.2
Quebec,10/29/1982,39.3,61.1,59.8,40
Quebec,10/30/1982,42.8,60.4,61.8,39.9
Quebec,10/31/1982,37.5,63.9,61.1,41.6
Quebec,11/1/1982,44.4,58.9,56.6,41
Quebec,11/2/1982,41.1,46.9,53.4,42.5
Quebec,11/3/1982,42,54.3,51.3,43.4
Quebec,11/4/1982,47,52.8,51.7,42.1
Quebec,11/5/1982,37.4,47.9,48.1,39.1
Quebec,11/6/1982,33.1,43.6,46.1,35.2
Quebec,11/7/1982,35.2,46.9,48.6,34.3
Quebec,11/8/1982,34.5,55.2,47.3,33.7
Quebec,11/9/1982,31.3,39.6,45,29
Quebec,11/10/1982,21.2,40.1,42.6,24.6
Quebec,11/11/1982,21.4,48,49.3,26.2
Quebec,11/12/1982,35.9,59.8,50.4,29.7
Quebec,11/13/1982,31.8,43.5,44.4,28.2
Quebec,11/14/1982,17,30.1,36.1,25.1
Quebec,11/15/1982,26.6,34.8,34.2,19.9
Quebec,11/16/1982,16.1,37.7,38.6,23.1
Quebec,11/17/1982,26.7,43.3,40.9,22.2
Quebec,11/18/1982,23.9,41.7,42.4,25.5
Quebec,11/19/1982,25.7,42.3,43.1,25.2
Quebec,11/20/1982,26,45.2,45.5,30.8
Quebec,11/21/1982,40.7,49,46.3,34.6
Quebec,11/22/1982,37.1,44.7,48.1,37.8
Quebec,11/23/1982,35.5,50.5,45.6,32.6
Quebec,11/24/1982,25.3,41.6,41.7,24.8
Quebec,11/25/1982,13.5,33.1,35.3,21
Quebec,11/26/1982,24.2,31.2,26.5,12.7
Quebec,11/27/1982,0.2,15.1,23.7,9.1
Quebec,11/28/1982,2.8,25,24,8.2
Quebec,11/29/1982,21.6,32,30,18.3
Quebec,11/30/1982,30.4,33,33.5,27.9
Quebec,12/1/1982,31.8,35.4,35.6,31.9
Quebec,12/2/1982,33.5,38.3,42.8,33.7
Quebec,12/3/1982,35.8,54.6,49.4,37.2
Quebec,12/4/1982,42.3,55.3,53.4,35.3
Quebec,12/5/1982,27.9,50.2,53.6,35
Quebec,12/6/1982,35,55.2,48.8,30.4
Quebec,12/7/1982,28.2,41,41.8,26.1
Quebec,12/8/1982,15.1,29.2,26.1,14.7
Quebec,12/9/1982,0.8,8,21.8,3.9
Quebec,12/10/1982,-4.1,28.3,21.6,1.1
Quebec,12/11/1982,6.5,28.4,20.3,-1.1
Quebec,12/12/1982,-5.6,4.3,13.6,-4.6
Quebec,12/13/1982,-14.8,8,11.5,-6.4
Quebec,12/14/1982,1.2,22.4,20.9,1.4
Quebec,12/15/1982,17.8,32.5,29.8,14.8
Quebec,12/16/1982,25.2,34.7,26.8,14.9
Quebec,12/17/1982,1.8,13.3,21.4,8.8
Quebec,12/18/1982,-0.5,16.3,17.4,4
Quebec,12/19/1982,10.8,22.7,21.4,9.8
Quebec,12/20/1982,19.2,25.3,24.5,17
Quebec,12/21/1982,20.9,25.6,22.7,15
Quebec,12/22/1982,4.9,17.2,21.8,8.3
Quebec,12/23/1982,-0.8,22.6,23.3,5.6
Quebec,12/24/1982,12.7,30.2,32.9,11.9
Quebec,12/25/1982,23.7,46.1,39.8,21.7
Quebec,12/26/1982,28.6,43,40.8,22.7
Quebec,12/27/1982,15.8,33.4,42.6,22.1
Quebec,12/28/1982,22,51.5,41.6,21.8
Quebec,12/29/1982,27.6,39.9,38.9,22
Quebec,12/30/1982,16.5,25.4,31.4,19.6
Quebec,12/31/1982,14.5,29,29.8,16
Quebec,1/1/1983,16.8,34.9,29.3,13.5
Quebec,1/2/1983,9.1,23.8,24.4,6.5
Quebec,1/3/1983,-6.4,14.4,13.8,-3
Quebec,1/4/1983,-11.6,3.2,15.4,-6.4
Quebec,1/5/1983,-1.1,28.6,21.9,1.6
Quebec,1/6/1983,17.4,33.9,31.8,13.1
Quebec,1/7/1983,22.9,32.8,30.9,17.2
Quebec,1/8/1983,11.3,25.9,22.9,9
Quebec,1/9/1983,-7.2,9.9,23.3,1.2
Quebec,1/10/1983,-0.3,34.2,27.2,5.6
Quebec,1/11/1983,24.3,37.6,35.3,12.4
Quebec,1/12/1983,13.2,34.1,28.3,12.2
Quebec,1/13/1983,-1,13,22.3,6.3
Quebec,1/14/1983,6.7,19.7,18,6.8
Quebec,1/15/1983,14.5,21.4,19.3,11.2
Quebec,1/16/1983,12.4,17,15.8,9.6
Quebec,1/17/1983,1.8,9.2,9.8,1.2
Quebec,1/18/1983,-10.6,3.3,5.7,-5.7
Quebec,1/19/1983,-8.3,4.6,6.8,-11.4
Quebec,1/20/1983,-15.3,12.7,12.7,-7.1
Quebec,1/21/1983,2.4,21,21,1.2
Quebec,1/22/1983,16.6,29.3,27.2,10.7
Quebec,1/23/1983,13.2,31.2,31.4,18.3
Quebec,1/24/1983,25,33.8,33.1,22.3
Quebec,1/25/1983,28.8,34.2,25.5,16.3
Quebec,1/26/1983,-4.7,8.6,20,6.8
Quebec,1/27/1983,-3.7,17.2,15.3,-5.2
Quebec,1/28/1983,-7.2,20,20.4,-1.4
Quebec,1/29/1983,6.7,24,25.4,4.6
Quebec,1/30/1983,14.4,32,30,16.2
Quebec,1/31/1983,27.4,33.8,29.6,18.3
Quebec,2/1/1983,13,22.9,30.5,15.6
Quebec,2/2/1983,6.3,34.8,31.8,14.7
Quebec,2/3/1983,24.8,37.6,33.4,15.2
Quebec,2/4/1983,14.5,27.7,24.2,12.2
Quebec,2/5/1983,-2.9,7.3,15.7,2.2
Quebec,2/6/1983,-5,12.1,12.1,-1.6
Quebec,2/7/1983,3,16.8,16.8,3.4
Quebec,2/8/1983,12.3,21.4,17.9,4.6
Quebec,2/9/1983,-1.4,15.4,13.9,-1.9
Quebec,2/10/1983,-16.6,4.9,9.1,-12.4
Quebec,2/11/1983,-19.2,7,9.3,-13.8
Quebec,2/12/1983,-5.5,15.9,15.5,-10.5
Quebec,2/13/1983,-6.9,23.5,25.1,2.1
Quebec,2/14/1983,18.6,35.9,32.2,11.7
Quebec,2/15/1983,23.4,37.3,33.2,15.7
Quebec,2/16/1983,5.1,26.3,32.9,16.4
Quebec,2/17/1983,20.8,35.2,28.7,12.4
Quebec,2/18/1983,11.2,24.7,28.5,11.3
Quebec,2/19/1983,2,25.6,27.1,8.6
Quebec,2/20/1983,12.5,31.2,32.1,13.5
Quebec,2/21/1983,25.8,39.4,34.3,16.9
Quebec,2/22/1983,12.2,32.3,33.9,19.2
Quebec,2/23/1983,19.6,30,31.2,16.2
Quebec,2/24/1983,16.7,31.3,29.9,14.2
Quebec,2/25/1983,6.1,28.3,28.6,10.3
Quebec,2/26/1983,7.9,26.2,29.2,6.5
Quebec,2/27/1983,5.4,33,33.1,13.4
Quebec,2/28/1983,27,39.9,36,17.9
Quebec,3/1/1983,21.4,35.2,36.8,24
Quebec,3/2/1983,23.8,35.3,36.6,23.3
Quebec,3/3/1983,24.8,39.3,35,20.7
Quebec,3/4/1983,13.6,30.3,33.1,15.3
Quebec,3/5/1983,7.4,29.8,33.2,10.8
Quebec,3/6/1983,11.4,39.6,33.2,14
Quebec,3/7/1983,23.1,30.3,35.8,19.8
Quebec,3/8/1983,24.9,37.6,34.8,26.4
Quebec,3/9/1983,31.1,36.4,37.3,29.5
Quebec,3/10/1983,32.4,37.9,37.4,32.2
Quebec,3/11/1983,33.1,37.9,38.9,32
Quebec,3/12/1983,30.6,40.8,41.5,31.1
Quebec,3/13/1983,29.8,45.6,43.8,28.9
Quebec,3/14/1983,26.2,44.9,42.6,28.2
Quebec,3/15/1983,28.6,37.3,40.9,27.5
Quebec,3/16/1983,27.6,40.4,41.2,27.7
Quebec,3/17/1983,26.8,45.9,44.2,28.1
Quebec,3/18/1983,29.7,46.1,44.4,30.5
Quebec,3/19/1983,35,41.3,43,31.8
Quebec,3/20/1983,30.8,41.7,38.5,27.5
Quebec,3/21/1983,16.6,32.5,35.4,23.5
Quebec,3/22/1983,23.2,32.1,28.5,17.8
Quebec,3/23/1983,13.6,21,25.7,14.4
Quebec,3/24/1983,6.4,24,23.3,8.5
Quebec,3/25/1983,5.5,25,27.1,7.1
Quebec,3/26/1983,9.4,32.3,32.2,9.8
Quebec,3/27/1983,14.4,39.4,36.8,18.5
Quebec,3/28/1983,31.5,38.6,36.1,20.9
Quebec,3/29/1983,16.8,30.4,34.2,19.6
Quebec,3/30/1983,10.4,33.6,33.4,13.1
Quebec,3/31/1983,12.2,36.2,37,14.3
Quebec,4/1/1983,20.3,41.1,40.1,17.9
Quebec,4/2/1983,21,42.9,40.4,23.8
Quebec,4/3/1983,30.1,37,38.9,27.9
Quebec,4/4/1983,32.6,36.9,40.5,31.7
Quebec,4/5/1983,32.6,47.6,43.7,31.7
Quebec,4/6/1983,29.8,46.6,45.2,30.7
Quebec,4/7/1983,29.6,41.4,46.6,31.8
Quebec,4/8/1983,35.9,51.8,48.2,31.7
Quebec,4/9/1983,29.8,51.3,49.9,33.7
Quebec,4/10/1983,35.4,46.7,46.4,32.6
Quebec,4/11/1983,32.7,41.2,45.4,34.1
Quebec,4/12/1983,34.3,48.2,46.3,31.4
Quebec,4/13/1983,27.1,49.6,51.8,31.4
Quebec,4/14/1983,32.8,57.6,51.9,32.9
Quebec,4/15/1983,38.8,48.4,50.1,35.3
Quebec,4/16/1983,34.2,44.2,46.2,35
Quebec,4/17/1983,31.9,45.8,41.9,32.1
Quebec,4/18/1983,30.3,35.6,41,29.6
Quebec,4/19/1983,26.5,41.5,40.4,29.9
Quebec,4/20/1983,33,44.2,42.9,31.3
Quebec,4/21/1983,34.5,43,45.3,33
Quebec,4/22/1983,31.4,48.7,47.6,32
Quebec,4/23/1983,30.2,51.1,46.9,32.9
Quebec,4/24/1983,37.1,40.9,45.5,35.3
Quebec,4/25/1983,38.5,44.5,45.8,38.6
Quebec,4/26/1983,40.3,51.8,51.7,37
Quebec,4/27/1983,32.1,58.9,59.6,37.7
Quebec,4/28/1983,40.8,68,61.5,39.7
Quebec,4/29/1983,46,57.7,63.6,42.2
Quebec,4/30/1983,39.8,65.2,62,45.2
Quebec,5/1/1983,49.7,63.2,60.9,43.2
Quebec,5/2/1983,40.2,54.4,58.6,43.9
Quebec,5/3/1983,41.7,58.3,55.4,42.3
Quebec,5/4/1983,44.9,53.3,56.3,41.4
Quebec,5/5/1983,37.7,57.4,56,39.1
Quebec,5/6/1983,34.7,57.3,55.5,39.2
Quebec,5/7/1983,45,51.9,53.5,39.9
Quebec,5/8/1983,39.8,51.2,47.6,39.7
Quebec,5/9/1983,34.3,39.6,45.6,36.3
Quebec,5/10/1983,34.9,46,46.4,35.7
Quebec,5/11/1983,37.9,53.6,51.7,37.7
Quebec,5/12/1983,40.2,55.5,60.4,38.7
Quebec,5/13/1983,38.1,71.9,65.6,42
Quebec,5/14/1983,47.7,69.4,68.1,45.2
Quebec,5/15/1983,49.9,63.1,59.2,42.7
Quebec,5/16/1983,30.4,45.2,53.8,36.5
Quebec,5/17/1983,29.3,53,53.2,30
Quebec,5/18/1983,30.3,61.3,61.1,32.5
Quebec,5/19/1983,37.9,69.1,66.9,39.2
Quebec,5/20/1983,49.3,70.3,67.8,45
Quebec,5/21/1983,47.7,64,67.7,46.7
Quebec,5/22/1983,43,68.8,66.2,48.1
Quebec,5/23/1983,53.5,65.7,64.4,49.6
Quebec,5/24/1983,52.2,58.6,62.3,47.9
Quebec,5/25/1983,37.9,62.7,59,45.4
Quebec,5/26/1983,46,55.7,57.6,43.2
Quebec,5/27/1983,45.8,54.3,55.7,45.9
Quebec,5/28/1983,45.8,57.1,58.1,44.2
Quebec,5/29/1983,41,62.9,57.2,44.9
Quebec,5/30/1983,47.9,51.6,57.4,45
Quebec,5/31/1983,46,57.8,57.3,47.6
Quebec,6/1/1983,48.8,62.4,62.7,46
Quebec,6/2/1983,43.2,67.9,67,46.4
Quebec,6/3/1983,47.2,70.7,68.2,46
Quebec,6/4/1983,47.6,66.1,68.1,47.6
Quebec,6/5/1983,48.1,67.6,64.2,49.6
Quebec,6/6/1983,53,58.8,64.3,49.6
Quebec,6/7/1983,47.7,66.4,60.6,45.8
Quebec,6/8/1983,36.5,56.5,63.3,39.9
Quebec,6/9/1983,35.5,67,65.4,39.4
Quebec,6/10/1983,46.1,72.7,70.6,43.4
Quebec,6/11/1983,48.7,72,77.1,49.8
Quebec,6/12/1983,54.7,86.6,81.8,55.7
Quebec,6/13/1983,63.7,86.9,87.6,59.6
Quebec,6/14/1983,60.5,89.4,88,61.7
Quebec,6/15/1983,60.9,87.7,88.5,60.5
Quebec,6/16/1983,60,88.4,87.6,61.4
Quebec,6/17/1983,63.4,86.8,86.7,61.4
Quebec,6/18/1983,60.8,85,84.7,59.8
Quebec,6/19/1983,55.3,82.5,84,56.8
Quebec,6/20/1983,54.2,84.4,85.8,54.9
Quebec,6/21/1983,55.1,90.4,88.3,56.1
Quebec,6/22/1983,59,90,89.9,58.8
Quebec,6/23/1983,62.3,89.4,84.8,58.1
Quebec,6/24/1983,52.9,75.1,78.3,55.5
Quebec,6/25/1983,51.2,70.3,71.3,50.1
Quebec,6/26/1983,46.1,68.4,70.2,50.8
Quebec,6/27/1983,55,71.7,70.4,49.3
Quebec,6/28/1983,46.7,71,74,50
Quebec,6/29/1983,48.2,79.2,77.7,49.1
Quebec,6/30/1983,52.4,82.9,82,55.8
Quebec,7/1/1983,66.7,83.8,81.1,61.3
Quebec,7/2/1983,64.7,76.6,82,63.7
Quebec,7/3/1983,59.7,85.4,85.5,63.1
Quebec,7/4/1983,64.9,94.5,86.3,63.7
Quebec,7/5/1983,66.4,79.1,81.6,61.8
Quebec,7/6/1983,54.1,71.3,74.6,56.5
Quebec,7/7/1983,48.9,73.4,73.3,54
Quebec,7/8/1983,58.9,75.1,72.4,52.7
Quebec,7/9/1983,50.2,68.6,72.2,51.4
Quebec,7/10/1983,45.1,73,70.9,48.7
Quebec,7/11/1983,50.9,71.1,76.3,50.6
Quebec,7/12/1983,55.9,84.9,78.8,56.5
Quebec,7/13/1983,62.7,80.4,83.9,56.7
Quebec,7/14/1983,51.7,86.5,84.3,60.1
Quebec,7/15/1983,65.9,86,84.6,59.5
Quebec,7/16/1983,61,81.3,82.4,60.6
Quebec,7/17/1983,55,80,81.2,59.7
Quebec,7/18/1983,63.1,82.4,82.4,57.1
Quebec,7/19/1983,53.1,84.9,82.5,59
Quebec,7/20/1983,60.7,80.2,80.4,58.6
Quebec,7/21/1983,62.1,76.3,79.3,60.2
Quebec,7/22/1983,57.9,81.4,79.9,57.4
Quebec,7/23/1983,52.2,82,79.5,55.6
Quebec,7/24/1983,56.7,75.1,80,54.2
Quebec,7/25/1983,53.8,82.9,79.8,55.3
Quebec,7/26/1983,55.3,81.5,82.1,54.3
Quebec,7/27/1983,53.8,82,82.6,56.8
Quebec,7/28/1983,61.3,84.2,81.8,61.3
Quebec,7/29/1983,68.8,79.3,82.5,66.1
Quebec,7/30/1983,68.4,84.1,80.6,62.6
Quebec,7/31/1983,50.6,78.4,81.4,61.6
Quebec,8/1/1983,65.9,81.6,79.9,59.6
Quebec,8/2/1983,62.2,79.8,82.1,61.6
Quebec,8/3/1983,56.6,85,82.7,60.9
Quebec,8/4/1983,63.8,83.4,85,60.5
Quebec,8/5/1983,61.1,86.4,86.1,62.7
Quebec,8/6/1983,63.3,88.3,86.3,61.2
Quebec,8/7/1983,59.3,84,84.8,62.1
Quebec,8/8/1983,63.8,82,78,59
Quebec,8/9/1983,53.8,68.1,73.5,54.7
Quebec,8/10/1983,46.5,70.5,70.3,48.5
Quebec,8/11/1983,45.3,72.4,71.7,48.4
Quebec,8/12/1983,53.3,72.2,74.3,48.1
Quebec,8/13/1983,45.7,78.2,77.2,47.8
Quebec,8/14/1983,44.4,81.2,81.4,47.5
Quebec,8/15/1983,52.4,85,84.1,51.2
Quebec,8/16/1983,56.7,86.1,83.5,57.3
Quebec,8/17/1983,62.8,79.3,82.5,61.4
Quebec,8/18/1983,64.8,82,82.3,63.1
Quebec,8/19/1983,61.6,85.7,82.9,64.4
Quebec,8/20/1983,66.9,80.9,81.2,59.7
Quebec,8/21/1983,50.7,77.1,74.6,56.3
Quebec,8/22/1983,51.4,65.9,72.9,51.3
Quebec,8/23/1983,51.8,75.6,72.3,48.6
Quebec,8/24/1983,42.6,75.6,78.1,50
Quebec,8/25/1983,55.7,83.1,81.7,50.8
Quebec,8/26/1983,54.1,86.4,84.1,56.8
Quebec,8/27/1983,60.7,82.8,84,56.8
Quebec,8/28/1983,55.7,82.8,81.8,57.9
Quebec,8/29/1983,57.3,79.9,78.8,57.4
Quebec,8/30/1983,59.2,73.7,75.6,57.8
Quebec,8/31/1983,57.1,73.1,74.7,56.3
Quebec,9/1/1983,52.5,77.4,77.9,55
Quebec,9/2/1983,55.3,83.2,81.6,55.4
Quebec,9/3/1983,58.4,84.2,85.3,56.8
Quebec,9/4/1983,56.8,88.5,83.4,60.4
Quebec,9/5/1983,66,77.4,85,61.8
Quebec,9/6/1983,62.4,89.2,80.2,60.9
Quebec,9/7/1983,54.3,74.1,76.2,55.7
Quebec,9/8/1983,50.4,65.1,67.6,49.7
Quebec,9/9/1983,44.4,63.5,65.9,49.3
Quebec,9/10/1983,53.2,69.1,71.4,50.4
Quebec,9/11/1983,53.7,81.7,73.9,51.6
Quebec,9/12/1983,48,71,72,46.7
Quebec,9/13/1983,38.4,63.4,65.6,40.3
Quebec,9/14/1983,34.7,62.5,63.2,34.8
Quebec,9/15/1983,31.5,63.7,63.3,33.9
Quebec,9/16/1983,35.6,63.7,62.2,38.8
Quebec,9/17/1983,49.4,59.3,62.5,45.6
Quebec,9/18/1983,51.7,64.5,65.5,52.6
Quebec,9/19/1983,56.8,72.8,73.6,52.9
Quebec,9/20/1983,50.3,83.6,79.3,54.8
Quebec,9/21/1983,57.2,81.4,75.6,50.7
Quebec,9/22/1983,44.7,61.8,67.8,48
Quebec,9/23/1983,42.1,60.1,60.5,40.7
Quebec,9/24/1983,35.2,59.6,61.7,38.4
Quebec,9/25/1983,38,65.5,61.7,39.4
Quebec,9/26/1983,45.2,60.1,64.6,44.5
Quebec,9/27/1983,50.3,68.2,63.9,43.7
Quebec,9/28/1983,35.5,63.5,67.4,39.8
Quebec,9/29/1983,33.5,70.5,69.3,37.5
Quebec,9/30/1983,43.5,74,72.9,40.7
Quebec,10/1/1983,45.1,74.3,74.8,49.4
Quebec,10/2/1983,59.5,76,76,53.3
Quebec,10/3/1983,55.3,77.8,67.5,52.8
Quebec,10/4/1983,43.6,48.8,59.1,47
Quebec,10/5/1983,42,50.6,51.4,44.1
Quebec,10/6/1983,46.6,54.8,53.9,43.8
Quebec,10/7/1983,42.7,56.4,54.4,43.6
Quebec,10/8/1983,41.6,52.1,53.2,39.3
Quebec,10/9/1983,33.5,51.1,52.8,33.9
Quebec,10/10/1983,26.6,55.3,54.8,30
Quebec,10/11/1983,29.8,58,57.9,32.6
Quebec,10/12/1983,41.5,60.4,64.1,42
Quebec,10/13/1983,54.7,73.7,64.7,46.4
Quebec,10/14/1983,43,59.9,61.1,45.7
Quebec,10/15/1983,39.3,49.8,52.4,37.2
Quebec,10/16/1983,29.4,47.7,51.2,35.8
Quebec,10/17/1983,38.8,56,52.1,36.2
Quebec,10/18/1983,40.3,52.7,51.3,36.6
Quebec,10/19/1983,30.6,45.2,47.4,31.5
Quebec,10/20/1983,23.6,44.2,45.1,26
Quebec,10/21/1983,23.7,46,46.1,23.6
Quebec,10/22/1983,23.4,48.2,47.2,24.7
Quebec,10/23/1983,26.8,47.4,49.6,28.2
Quebec,10/24/1983,34.4,53.1,50,30.4
Quebec,10/25/1983,30.1,49.5,48.3,30.4
Quebec,10/26/1983,26.8,42.3,46.5,30.1
Quebec,10/27/1983,33.4,47.6,48.5,29.8
Quebec,10/28/1983,29.2,55.5,48.1,32.8
Quebec,10/29/1983,36,41.2,46.2,29
Quebec,10/30/1983,21.9,41.9,44.9,29.8
Quebec,10/31/1983,31.4,51.7,50.2,26.3
Quebec,11/1/1983,25.6,56.9,53.5,28.7
Quebec,11/2/1983,29,52,52.8,31.9
Quebec,11/3/1983,41.2,49.5,46.6,34.7
Quebec,11/4/1983,34,38.2,41,35.4
Quebec,11/5/1983,31.1,35.4,37.1,32.6
Quebec,11/6/1983,32.8,37.6,39.8,32.3
Quebec,11/7/1983,33,46.3,44.8,32
Quebec,11/8/1983,30.1,50.4,48.5,34.7
Quebec,11/9/1983,40.9,48.6,47.2,35.4
Quebec,11/10/1983,35.2,42.5,43.6,37.5
Quebec,11/11/1983,36.4,39.6,38.5,33.2
Quebec,11/12/1983,28.1,33.5,34.3,26.8
Quebec,11/13/1983,16,29.7,29.8,18
Quebec,11/14/1983,10,26.2,30.3,14.4
Quebec,11/15/1983,17.1,34.9,31.6,18.8
Quebec,11/16/1983,29.4,33.7,34.1,25.5
Quebec,11/17/1983,29.9,33.6,31.9,26
Quebec,11/18/1983,18.6,28.5,30.3,23.7
Quebec,11/19/1983,22.5,28.9,32.3,21.2
Quebec,11/20/1983,22.6,39.5,36.5,24.4
Quebec,11/21/1983,28.1,41.1,39.9,28
Quebec,11/22/1983,33.4,39.1,39.9,28.9
Quebec,11/23/1983,25.2,39.4,40.5,29.9
Quebec,11/24/1983,31.2,42.9,39.2,29.3
Quebec,11/25/1983,31.6,35.4,37.6,30
Quebec,11/26/1983,27.2,34.6,34.1,27.6
Quebec,11/27/1983,24.2,32.3,33.2,26.2
Quebec,11/28/1983,27.4,32.8,33,26.6
Quebec,11/29/1983,28.3,33.8,33.7,28.3
Quebec,11/30/1983,29.2,34.6,33.9,28.1
Quebec,12/1/1983,26.8,33.4,33.8,27
Quebec,12/2/1983,25,33.3,31.1,22.8
Quebec,12/3/1983,16.6,26.6,27.4,15.8
Quebec,12/4/1983,5.8,22.3,25.6,14.1
Quebec,12/5/1983,20,27.8,27.8,16.9
Quebec,12/6/1983,25,33.2,30.9,20.5
Quebec,12/7/1983,16.6,31.7,27.3,15.4
Quebec,12/8/1983,4.5,16.8,26.5,7.1
Quebec,12/9/1983,0.1,31,23.2,6.5
Quebec,12/10/1983,14.8,21.7,22.6,-1.2
Quebec,12/11/1983,-18.4,15.1,23,-1.8
Quebec,12/12/1983,-1.7,32.3,26.9,0.2
Quebec,12/13/1983,20.6,33.4,32.5,15
Quebec,12/14/1983,26.2,31.9,34.5,25.7
Quebec,12/15/1983,30.3,38.3,34.6,27.3
Quebec,12/16/1983,25.3,33.5,30.9,22.7
Quebec,12/17/1983,12.5,20.9,20.5,10.6
Quebec,12/18/1983,-6.1,7.2,10.5,-1.7
Quebec,12/19/1983,-11.6,3.4,1.6,-15.2
Quebec,12/20/1983,-27.9,-5.8,1.5,-22.3
Quebec,12/21/1983,-27.6,7,11,-21.1
Quebec,12/22/1983,-7.7,31.9,19.1,-9
Quebec,12/23/1983,8.2,18.5,20.3,-0.4
Quebec,12/24/1983,-1.6,10.6,9.3,-3.2
Quebec,12/25/1983,-16.1,-1.1,8.5,-9.9
Quebec,12/26/1983,-12,16,12.1,-9.5
Quebec,12/27/1983,-0.2,21.3,20.8,0.7
Quebec,12/28/1983,14.3,25.1,23.1,10
Quebec,12/29/1983,15.9,22.8,21.6,4.4
Quebec,12/30/1983,-17,17,20.3,-1.2
Quebec,12/31/1983,-2.6,21.1,15.5,-8.7
Quebec,1/1/1984,-6.5,8.3,14.2,-5.4
Quebec,1/2/1984,-7.1,13.1,18.6,-5
Quebec,1/3/1984,-1.5,34.4,27.8,5.5
Quebec,1/4/1984,25,35.8,33.5,14.4
Quebec,1/5/1984,19.6,30.3,33.4,21.9
Quebec,1/6/1984,21.2,34,27.4,15.2
Quebec,1/7/1984,4.7,17.9,17.9,0.2
Quebec,1/8/1984,-25.4,1.6,8.9,-10.1
Quebec,1/9/1984,-9.8,7.2,6,-12.3
Quebec,1/10/1984,-1.7,9.1,4.9,-11
Quebec,1/11/1984,-21.6,-1.6,2.3,-17.7
Quebec,1/12/1984,-29.6,-0.7,2.3,-21.8
Quebec,1/13/1984,-14.2,9.1,7.6,-14.1
Quebec,1/14/1984,1.5,14.5,9.5,-9.3
Quebec,1/15/1984,-15.3,4.8,6.1,-15.7
Quebec,1/16/1984,-33.4,-0.9,5.6,-20.6
Quebec,1/17/1984,-13.2,13,10.2,-15.4
Quebec,1/18/1984,0.5,18.6,15.9,-3.6
Quebec,1/19/1984,1.8,16.2,14.2,-2
Quebec,1/20/1984,-8.3,7.8,5.1,-10.3
Quebec,1/21/1984,-24.4,-8.5,3.9,-20.2
Quebec,1/22/1984,-27.8,12.4,9.6,-17
Quebec,1/23/1984,1.1,24.8,24.3,-10.1
Quebec,1/24/1984,-3.5,35.6,32.3,8
Quebec,1/25/1984,26.5,36.3,28.1,7.8
Quebec,1/26/1984,0.2,12.3,20.2,6.9
Quebec,1/27/1984,-5.9,12.1,11.1,-6.7
Quebec,1/28/1984,-14.4,8.9,11.9,-10.8
Quebec,1/29/1984,-12.2,14.7,15,-6.6
Quebec,1/30/1984,6.8,21.4,18,1.5
Quebec,1/31/1984,10,18.1,15.1,-0.4
Quebec,2/1/1984,-18.1,5.8,17.4,-5.4
Quebec,2/2/1984,-8.2,28.4,24.8,-5.6
Quebec,2/3/1984,9.6,40.1,34.5,11
Quebec,2/4/1984,31.6,34.9,36.2,23.4
Quebec,2/5/1984,28.8,33.6,31.2,25.4
Quebec,2/6/1984,15.7,25.2,24,15.2
Quebec,2/7/1984,1.2,13.2,15.6,3.9
Quebec,2/8/1984,-5.2,8.5,8,-3.9
Quebec,2/9/1984,-7.7,2.3,7.8,-10.5
Quebec,2/10/1984,-18.5,12.6,16,-8
Quebec,2/11/1984,2.1,33.1,27.6,3.4
Quebec,2/12/1984,26.8,36.9,36.5,20.3
Quebec,2/13/1984,31.9,39.4,40.5,29.5
Quebec,2/14/1984,29.7,45.3,43.5,31.4
Quebec,2/15/1984,32.5,45.8,43.3,29.7
Quebec,2/16/1984,27.1,38.9,41.5,27.3
Quebec,2/17/1984,22.4,39.6,39.7,25.3
Quebec,2/18/1984,26.4,40.4,39.8,26.8
Quebec,2/19/1984,31.6,39.3,39.9,29.7
Quebec,2/20/1984,31.2,40,36,28.5
Quebec,2/21/1984,22.6,28.8,34,23.3
Quebec,2/22/1984,16.2,33.1,35.9,21
Quebec,2/23/1984,24.1,45.9,38.5,21.6
Quebec,2/24/1984,24.6,36.3,38.5,23
Quebec,2/25/1984,20.4,33.1,32.2,20.6
Quebec,2/26/1984,16.7,27.3,27.7,13.2
Quebec,2/27/1984,2.5,22.7,24.7,7.1
Quebec,2/28/1984,2.1,24.1,24.9,7.3
Quebec,2/29/1984,17.2,28,20.8,5.7
Quebec,3/1/1984,-2.1,10.5,16.2,3.6
Quebec,3/2/1984,-4.2,10.3,11.4,-4.3
Quebec,3/3/1984,-6.4,13.4,14.3,-3.3
Quebec,3/4/1984,0.7,19.1,21.8,-4.2
Quebec,3/5/1984,-6.8,32.8,28,4.3
Quebec,3/6/1984,19.1,31.9,24.3,3.9
Quebec,3/7/1984,-0.6,8.1,15.5,-1
Quebec,3/8/1984,-21.6,6.5,8.9,-14.7
Quebec,3/9/1984,-21.9,12,12.4,-22
Quebec,3/10/1984,-22.3,18.8,18.2,-16.8
Quebec,3/11/1984,-6.3,23.7,13.9,-16.1
Quebec,3/12/1984,-19.8,-0.7,13.1,-13.3
Quebec,3/13/1984,-13.9,16.4,12.3,-7.2
Quebec,3/14/1984,12.1,21.1,21.8,-2.2
Quebec,3/15/1984,-4.8,27.8,27.7,6.9
Quebec,3/16/1984,13.5,34.2,30.1,5.7
Quebec,3/17/1984,8.2,28.3,30.7,10.8
Quebec,3/18/1984,10.6,29.6,29.8,11.7
Quebec,3/19/1984,16.3,31.6,33.2,18.6
Quebec,3/20/1984,28.9,38.3,38.1,25.3
Quebec,3/21/1984,30.6,44.4,41.1,31.4
Quebec,3/22/1984,34.6,40.5,41.5,31.8
Quebec,3/23/1984,30.4,39.5,37.1,26.6
Quebec,3/24/1984,14.9,31.3,34.7,20.2
Quebec,3/25/1984,15.3,33.4,31.9,13.2
Quebec,3/26/1984,9.5,31,33.3,12.5
Quebec,3/27/1984,12.9,35.5,34.9,12.3
Quebec,3/28/1984,14.7,38.1,37.6,19.2
Quebec,3/29/1984,30.1,39.2,40.1,23.6
Quebec,3/30/1984,26.1,42.9,42.6,24.7
Quebec,3/31/1984,17.8,45.6,44.3,21.6
Quebec,4/1/1984,20.8,44.4,44.5,20.4
Quebec,4/2/1984,22.4,43.6,45.5,21.7
Quebec,4/3/1984,21.9,48.4,47.3,23.2
Quebec,4/4/1984,25.2,49.8,46.2,26.1
Quebec,4/5/1984,31.1,40.4,47.3,31.1
Quebec,4/6/1984,37,51.5,45.7,34.1
Quebec,4/7/1984,34.2,45.1,46,32.8
Quebec,4/8/1984,27.1,41.3,42,27.9
Quebec,4/9/1984,22.3,39.5,41.7,23.9
Quebec,4/10/1984,22.3,44.4,47.5,25
Quebec,4/11/1984,30.4,58.5,52.8,27.8
Quebec,4/12/1984,30.8,55.4,55.4,30.8
Quebec,4/13/1984,31.2,52.4,54,32
Quebec,4/14/1984,34,54.3,53.6,35
Quebec,4/15/1984,39.9,54.3,50.5,37.7
Quebec,4/16/1984,39.1,42.9,50.1,38.8
Quebec,4/17/1984,37.4,53,46,37.5
Quebec,4/18/1984,36,42.2,48.6,36.7
Quebec,4/19/1984,36.6,50.6,51.8,35.2
Quebec,4/20/1984,33.1,62.7,51.1,33.7
Quebec,4/21/1984,31.4,40.1,52.2,29.1
Quebec,4/22/1984,22.8,53.7,53.8,28.4
Quebec,4/23/1984,31.2,67.7,59.3,32
Quebec,4/24/1984,42,56.4,57.9,38.1
Quebec,4/25/1984,41,49.7,55.7,39.8
Quebec,4/26/1984,36.3,60.9,58.4,37
Quebec,4/27/1984,33.7,64.6,66.1,36
Quebec,4/28/1984,38.1,72.8,69.7,40.9
Quebec,4/29/1984,50.9,71.6,71,43.7
Quebec,4/30/1984,42.1,68.5,63.3,43.6
Quebec,5/1/1984,37.8,49.8,55.9,38.3
Quebec,5/2/1984,35,49.5,51.4,36.4
Quebec,5/3/1984,36.4,54.9,49.7,36.5
Quebec,5/4/1984,38.1,44.8,50.5,36.5
Quebec,5/5/1984,35.1,51.8,55.1,35.1
Quebec,5/6/1984,32,68.6,63.1,34.4
Quebec,5/7/1984,36.2,68.7,64.2,38.5
Quebec,5/8/1984,47.5,55.3,59.5,42.7
Quebec,5/9/1984,44.5,54.4,56.6,44.4
Quebec,5/10/1984,41.1,60,59.5,42
Quebec,5/11/1984,40.2,64.2,62.9,44.1
Quebec,5/12/1984,51,64.7,60.9,43.7
Quebec,5/13/1984,39.9,53.8,58.1,43.4
Quebec,5/14/1984,39.4,55.7,54.1,39.1
Quebec,5/15/1984,37.9,52.7,53.6,37.9
Quebec,5/16/1984,36.4,52.3,55.8,35.2
Quebec,5/17/1984,31.4,62.4,59.9,34.3
Quebec,5/18/1984,35,64.8,62.7,37.2
Quebec,5/19/1984,45.3,61,63.6,40
Quebec,5/20/1984,39.6,65,64.3,44.4
Quebec,5/21/1984,48.1,66.8,69.9,43
Quebec,5/22/1984,41.3,77.8,71,49.1
Quebec,5/23/1984,58,68.5,70.6,49
Quebec,5/24/1984,47.8,65.5,68.2,53.1
Quebec,5/25/1984,53.6,70.5,69.9,53.4
Quebec,5/26/1984,58.8,73.6,68.9,51.5
Quebec,5/27/1984,42.1,62.6,63,48
Quebec,5/28/1984,43,52.8,54.4,42.2
Quebec,5/29/1984,41.6,47.7,50,42.7
Quebec,5/30/1984,43.4,49.5,52.5,42.7
Quebec,5/31/1984,43.2,60.3,59.5,41.1
Quebec,6/1/1984,36.6,68.7,68.5,41.2
Quebec,6/2/1984,43.7,76.6,70,40.7
Quebec,6/3/1984,41.8,64.9,71.8,43.9
Quebec,6/4/1984,46.2,74,71.9,45.5
Quebec,6/5/1984,48.4,76.7,75.8,49.6
Quebec,6/6/1984,54.1,76.7,78.3,53.8
Quebec,6/7/1984,58.8,81.4,82,58.6
Quebec,6/8/1984,62.9,87.9,85.5,62.5
Quebec,6/9/1984,65.9,87.2,85.2,62.5
Quebec,6/10/1984,58.7,80.5,82.3,62.9
Quebec,6/11/1984,64.1,79.1,79.1,56.5
Quebec,6/12/1984,46.6,77.6,77.6,56.4
Quebec,6/13/1984,58.4,76,75.8,53.1
Quebec,6/14/1984,54.3,73.8,71.5,50.5
Quebec,6/15/1984,38.9,64.8,71.2,43.4
Quebec,6/16/1984,37,74.9,72.8,43.8
Quebec,6/17/1984,55.5,78.8,75.1,50.9
Quebec,6/18/1984,60.4,71.5,76.4,59.5
Quebec,6/19/1984,62.5,79,74,56
Quebec,6/20/1984,45.2,71.5,74.7,50.2
Quebec,6/21/1984,42.9,73.7,72.9,44
Quebec,6/22/1984,44,73.6,72.4,42.7
Quebec,6/23/1984,41.1,70,71.4,44.7
Quebec,6/24/1984,49,70.5,70.9,48.3
Quebec,6/25/1984,54.7,72.2,71.5,51.8
Quebec,6/26/1984,51.8,71.8,72.5,52.3
Quebec,6/27/1984,50.5,73.6,73.6,54.7
Quebec,6/28/1984,61.7,75.4,76.2,54.5
Quebec,6/29/1984,51.3,79.6,77.9,56.6
Quebec,6/30/1984,56.8,78.6,80.9,53.5
Quebec,7/1/1984,52.6,84.6,84,56
Quebec,7/2/1984,58.7,89,85.9,58.3
Quebec,7/3/1984,63.6,84.1,83.7,61.6
Quebec,7/4/1984,62.4,78.1,80.8,63.7
Quebec,7/5/1984,64.9,80.1,80.6,64
Quebec,7/6/1984,64.8,83.6,79.2,63.2
Quebec,7/7/1984,59.7,74,76.1,58.2
Quebec,7/8/1984,50.1,70.9,74.8,52.1
Quebec,7/9/1984,46.5,79.4,77,50
Quebec,7/10/1984,53.3,80.8,77.2,51.6
Quebec,7/11/1984,55.1,71.5,78,56.5
Quebec,7/12/1984,61,81.7,77.6,58.9
Quebec,7/13/1984,60.6,79.7,80.8,60.8
Quebec,7/14/1984,60.9,81.1,79.2,61
Quebec,7/15/1984,61.6,76.8,79.2,62.3
Quebec,7/16/1984,64.4,79.8,77.4,61.2
Quebec,7/17/1984,57.4,75.7,76.1,61.1
Quebec,7/18/1984,61.3,72.9,75.2,58
Quebec,7/19/1984,55.3,77,76.3,58.2
Quebec,7/20/1984,58.1,78.9,78.8,56.7
Quebec,7/21/1984,56.7,80.5,80.6,56.1
Quebec,7/22/1984,53.4,82.6,81.4,59
Quebec,7/23/1984,67,81.2,79.2,61.4
Quebec,7/24/1984,63.7,73.8,75.8,59.9
Quebec,7/25/1984,49,72.6,73.1,55.7
Quebec,7/26/1984,54.4,73,70.7,53.2
Quebec,7/27/1984,56.1,66.5,71,55.7
Quebec,7/28/1984,56.7,73.6,73.5,53.6
Quebec,7/29/1984,47.9,80.3,77.9,53.8
Quebec,7/30/1984,56.8,79.8,80.5,54.2
Quebec,7/31/1984,57.8,81.4,78.8,58.3
Quebec,8/1/1984,60.4,75.3,79.4,57.7
Quebec,8/2/1984,54.8,81.6,80.4,57.4
Quebec,8/3/1984,57.1,84.4,84.9,57
Quebec,8/4/1984,59.1,88.8,86.9,59.5
Quebec,8/5/1984,62.4,87.7,86.9,61.4
Quebec,8/6/1984,62.7,84.3,84.8,63.6
Quebec,8/7/1984,65.8,82.3,82.5,62.9
Quebec,8/8/1984,60.1,80.8,82.4,62.4
Quebec,8/9/1984,61.5,84.2,84,64
Quebec,8/10/1984,70.5,87,81.8,65.7
Quebec,8/11/1984,65.1,74.3,79.6,66.4
Quebec,8/12/1984,63.5,77.6,78.3,63.8
Quebec,8/13/1984,62.8,82.9,81.4,64.2
Quebec,8/14/1984,66.2,83.8,82.3,65
Quebec,8/15/1984,66.1,80.2,81.4,65.5
Quebec,8/16/1984,64.2,80.3,76.1,59.2
Quebec,8/17/1984,47.4,67.9,73.4,50.9
Quebec,8/18/1984,41.2,72,69.7,46.8
Quebec,8/19/1984,51.9,69.2,70.3,46
Quebec,8/20/1984,44.8,69.8,71.2,45.8
Quebec,8/21/1984,40.5,74.7,74.6,47.6
Quebec,8/22/1984,57.4,79.5,73.1,52.7
Quebec,8/23/1984,60.1,65.1,73.5,57.6
Quebec,8/24/1984,55.1,76.1,72.6,53.8
Quebec,8/25/1984,46.2,76.8,77.6,50.5
Quebec,8/26/1984,50,79.8,79,50.9
Quebec,8/27/1984,56.6,80.5,79.7,56.7
Quebec,8/28/1984,63.4,78.6,80.2,62.1
Quebec,8/29/1984,66.4,81.4,79.9,63.8
Quebec,8/30/1984,61.6,79.9,80,60.2
Quebec,8/31/1984,52.7,78.7,76.5,54.2
Quebec,9/1/1984,48.3,70.9,72.2,47.9
Quebec,9/2/1984,42.8,67,66.9,46.3
Quebec,9/3/1984,47.9,62.6,66,45.5
Quebec,9/4/1984,45.9,68.3,64.9,46.8
Quebec,9/5/1984,46.6,63.9,64.5,43.4
Quebec,9/6/1984,37.7,61.4,64.1,42.3
Quebec,9/7/1984,42.8,66.9,67,39.7
Quebec,9/8/1984,38.8,72.6,72.2,45
Quebec,9/9/1984,53.5,77,72.6,50.3
Quebec,9/10/1984,58.6,68.1,70,55.5
Quebec,9/11/1984,54.4,64.9,66.2,51.6
Quebec,9/12/1984,41.9,65.5,65.1,47.3
Quebec,9/13/1984,45.6,64.7,65,46.2
Quebec,9/14/1984,51.2,64.7,61.1,46.8
Quebec,9/15/1984,43.6,54,58.2,44.3
Quebec,9/16/1984,37.9,55.9,58.6,38.3
Quebec,9/17/1984,33.5,66,64.2,38.6
Quebec,9/18/1984,44.3,70.7,68.7,43.3
Quebec,9/19/1984,52.2,69.3,69.2,48.3
Quebec,9/20/1984,48.3,67.5,65.2,44.8
Quebec,9/21/1984,34,58.7,62.4,37.8
Quebec,9/22/1984,31,61,64.6,35.9
Quebec,9/23/1984,42.7,74.1,68.8,41.9
Quebec,9/24/1984,51.9,71.3,71.9,48.5
Quebec,9/25/1984,50.9,70.4,64.9,49.8
Quebec,9/26/1984,46.6,53.1,59,42.5
Quebec,9/27/1984,30,53.3,54.6,36.8
Quebec,9/28/1984,33.7,57.3,55.5,33
Quebec,9/29/1984,35.2,55.8,56.5,32.8
Quebec,9/30/1984,29.4,56.5,56.3,33
Quebec,10/1/1984,34.4,56.7,54.5,32.2
Quebec,10/2/1984,32.8,50.4,52,32.9
Quebec,10/3/1984,31.6,48.9,49.6,32.3
Quebec,10/4/1984,32.6,49.5,47.7,29.8
Quebec,10/5/1984,25.1,44.7,48.1,27.2
Quebec,10/6/1984,24,50.3,51.6,26
Quebec,10/7/1984,29,60,53.9,31
Quebec,10/8/1984,40.1,51.4,56.1,37.4
Quebec,10/9/1984,43,56.9,55.3,38.5
Quebec,10/10/1984,32.4,57.6,59.6,37.8
Quebec,10/11/1984,38.1,64.5,63.3,38.6
Quebec,10/12/1984,45.3,67.8,62.5,41.5
Quebec,10/13/1984,41.1,55.1,61.7,42.1
Quebec,10/14/1984,39.8,62.3,60.4,41.8
Quebec,10/15/1984,44.5,63.9,62.8,42.4
Quebec,10/16/1984,42.9,62.4,61.3,42.3
Quebec,10/17/1984,39.5,57.7,59.9,37.8
Quebec,10/18/1984,30.9,59.8,59.5,36.8
Quebec,10/19/1984,40.1,61.2,60.7,37.5
Quebec,10/20/1984,41.4,61.3,58.2,41
Quebec,10/21/1984,41.4,52,55.3,41.9
Quebec,10/22/1984,43,52.5,54.1,39.7
Quebec,10/23/1984,34.8,57.7,54.6,37.4
Quebec,10/24/1984,34.3,53.7,55.9,34.2
Quebec,10/25/1984,33.4,56.2,49.4,33
Quebec,10/26/1984,31.2,38.3,48.4,33.2
Quebec,10/27/1984,34.9,50.6,54.7,36.1
Quebec,10/28/1984,42.2,75.2,59.1,38.4
Quebec,10/29/1984,38.1,51.6,60,34.6
Quebec,10/30/1984,23.5,53.2,49.8,31
Quebec,10/31/1984,31.5,44.7,51.1,26.1
Quebec,11/1/1984,23.2,55.3,47.9,29.3
Quebec,11/2/1984,33.3,43.6,46,25.8
Quebec,11/3/1984,20.9,39.1,44.7,25.3
Quebec,11/4/1984,21.6,51.3,46.3,27.4
Quebec,11/5/1984,39.7,48.6,48.5,31.3
Quebec,11/6/1984,32.7,45.7,43.6,30.9
Quebec,11/7/1984,20.2,36.6,40.7,23.6
Quebec,11/8/1984,17.8,39.7,40.3,21.2
Quebec,11/9/1984,25.6,44.6,44.1,26.5
Quebec,11/10/1984,36.2,48.1,46.7,33.8
Quebec,11/11/1984,39.5,47.3,45.1,37.7
Quebec,11/12/1984,37.3,39.8,39.8,35.5
Quebec,11/13/1984,29.6,32.3,37.4,30.3
Quebec,11/14/1984,24.1,40.2,38.9,24.9
Quebec,11/15/1984,20.9,44.2,41.7,25.6
Quebec,11/16/1984,31.7,40.8,39.2,25.3
Quebec,11/17/1984,23.4,32.7,33.4,23.3
Quebec,11/18/1984,14.8,26.6,28.3,15.8
Quebec,11/19/1984,9.1,25.6,27.8,14.6
Quebec,11/20/1984,20.1,31.2,30.5,16.7
Quebec,11/21/1984,21.1,34.6,32.9,21.9
Quebec,11/22/1984,24.6,32.9,35.2,22.5
Quebec,11/23/1984,21.8,38,34.1,23.1
Quebec,11/24/1984,23.1,31.3,35.2,22.4
Quebec,11/25/1984,22.2,36.3,36,24.9
Quebec,11/26/1984,29.5,40.3,38.4,26.8
Quebec,11/27/1984,28.5,38.5,45.2,28.7
Quebec,11/28/1984,28.1,56.7,48.5,33.7
Quebec,11/29/1984,44.4,50.5,50.2,35.6
Quebec,11/30/1984,34.3,43.3,44.6,37.3
Quebec,12/1/1984,33.3,40,39.4,31.3
Quebec,12/2/1984,26.3,35,36.6,25.8
Quebec,12/3/1984,18,34.7,33.9,22.9
Quebec,12/4/1984,24.5,31.9,30.9,15
Quebec,12/5/1984,2.7,26.1,27.1,14.4
Quebec,12/6/1984,16.1,23.4,24.1,6.7
Quebec,12/7/1984,1.4,22.9,25.5,6.8
Quebec,12/8/1984,2.8,30.2,28,8
Quebec,12/9/1984,19.7,30.9,32.6,15.4
Quebec,12/10/1984,23.7,36.7,34.1,19.5
Quebec,12/11/1984,15,34.8,36.5,23.1
Quebec,12/12/1984,30.5,37.9,38.1,25
Quebec,12/13/1984,29.5,41.6,32.9,22.6
Quebec,12/14/1984,7.8,19.2,28.4,17.2
Quebec,12/15/1984,14.2,24.4,30.1,13.7
Quebec,12/16/1984,19,46.6,39.8,20.4
Quebec,12/17/1984,27.9,48.3,42.6,23.8
Quebec,12/18/1984,24.6,32.8,35.9,22.5
Quebec,12/19/1984,14.9,26.5,30.2,17.7
Quebec,12/20/1984,13.6,31.3,29.4,8
Quebec,12/21/1984,-4.6,30.5,32.4,5.4
Quebec,12/22/1984,7.1,35.3,32.6,5.3
Quebec,12/23/1984,13.4,31.9,32.8,12.7
Quebec,12/24/1984,17.7,31.3,27.4,11.3
Quebec,12/25/1984,3,19,20.3,5.1
Quebec,12/26/1984,-5.2,10.7,10.9,-7.8
Quebec,12/27/1984,-21,2.9,13.1,-11.1
Quebec,12/28/1984,-7,25.9,22,-5.3
Quebec,12/29/1984,12,37.1,26,2.8
Quebec,12/30/1984,3.4,15,20.7,5.7
Quebec,12/31/1984,1.7,9.8,13.7,2
Quebec,1/1/1985,0.9,16.2,14.1,2.6
Quebec,1/2/1985,5.2,16.4,15.7,-1.3
Quebec,1/3/1985,-9.9,14.4,18.8,-0.8
Quebec,1/4/1985,2.4,25.6,19.7,-0.5
Quebec,1/5/1985,6.1,19,17.5,0.9
Quebec,1/6/1985,-5.7,8,9.6,-5.6
Quebec,1/7/1985,-17.3,1.9,5.9,-8.6
Quebec,1/8/1985,-3,7.7,5.4,-9.4
Quebec,1/9/1985,-7.9,6.6,6.9,-6.5
Quebec,1/10/1985,-8.7,6.5,7.4,-8.7
Quebec,1/11/1985,-9.6,9.1,9.1,-5.6
Quebec,1/12/1985,1.3,11.8,14.6,-3.8
Quebec,1/13/1985,-3,22.9,20.5,2.3
Quebec,1/14/1985,8.6,26.7,21.9,3.7
Quebec,1/15/1985,5.4,16.1,13.6,-0.3
Quebec,1/16/1985,-15.1,-1.9,4.4,-10.1
Quebec,1/17/1985,-20.6,-1.1,1.7,-17.1
Quebec,1/18/1985,-15.6,8.1,6.4,-13.2
Quebec,1/19/1985,-3.5,12,10.2,-8.4
Quebec,1/20/1985,-6,10.3,10.2,-5.8
Quebec,1/21/1985,-7.8,8.2,12.7,-6.6
Quebec,1/22/1985,-6,19.4,16.4,-0.7
Quebec,1/23/1985,11.7,21.7,20.1,2.7
Quebec,1/24/1985,2.5,19.3,19.5,3.8
Quebec,1/25/1985,-2.7,17.6,18.2,-0.6
Quebec,1/26/1985,-1.6,17.8,17.7,-1.6
Quebec,1/27/1985,-0.4,17.7,17,-0.4
Quebec,1/28/1985,0.8,15.5,16.1,-3
Quebec,1/29/1985,-9.3,15.1,14.4,-8.3
Quebec,1/30/1985,-16.5,12.7,15.1,-13.8
Quebec,1/31/1985,-15.5,17.6,17.4,-7.1
Quebec,2/1/1985,10.7,21.7,19.9,-1.5
Quebec,2/2/1985,0.2,20.4,17.7,0.2
Quebec,2/3/1985,-10.4,10.9,14.1,-6.7
Quebec,2/4/1985,-9.9,11.1,10.9,-13.8
Quebec,2/5/1985,-21,10.6,8.6,-13.6
Quebec,2/6/1985,-9.9,4,6.6,-18.5
Quebec,2/7/1985,-24.6,5.1,6.3,-12.4
Quebec,2/8/1985,-2.6,9.6,11,-7.1
Quebec,2/9/1985,5.9,18.2,16.3,2.9
Quebec,2/10/1985,5.5,21.1,20.6,1.6
Quebec,2/11/1985,-6.6,22.4,26.4,3.2
Quebec,2/12/1985,10.7,35.6,31.4,12
Quebec,2/13/1985,31.8,36.3,35.4,22.8
Quebec,2/14/1985,25.8,34.4,32.5,25
Quebec,2/15/1985,17.3,26.8,27.4,16.7
Quebec,2/16/1985,7,20.8,25.8,11.2
Quebec,2/17/1985,9.4,29.8,24.9,7.8
Quebec,2/18/1985,6.9,24.1,27.5,6.9
Quebec,2/19/1985,4.4,28.7,25.9,5.8
Quebec,2/20/1985,6,25,28.9,2.9
Quebec,2/21/1985,-1.8,32.9,32,8.1
Quebec,2/22/1985,20.2,38.1,35.8,15.9
Quebec,2/23/1985,29.5,36.4,36.1,25.8
Quebec,2/24/1985,27.6,33.8,34.3,26.1
Quebec,2/25/1985,21.3,32.7,34.7,22.3
Quebec,2/26/1985,17.9,37.6,35.2,19.5
Quebec,2/27/1985,19.3,35.2,35.4,10.9
Quebec,2/28/1985,-4.6,33.3,36.8,10.6
Quebec,3/1/1985,17.2,41.8,38,13.9
Quebec,3/2/1985,29.2,38.9,32.4,16.8
Quebec,3/3/1985,3.9,16.6,23.4,9
Quebec,3/4/1985,-6.1,14.6,16.9,-0.3
Quebec,3/5/1985,1.3,19.4,18.3,-5.2
Quebec,3/6/1985,-10.8,20.9,24.2,-3.7
Quebec,3/7/1985,-1.5,32.3,29.9,4.5
Quebec,3/8/1985,25.9,36.4,34.8,13.8
Quebec,3/9/1985,16.9,35.8,37,18.5
Quebec,3/10/1985,12.7,38.9,39.6,15
Quebec,3/11/1985,15.5,44.2,40.4,20.8
Quebec,3/12/1985,34.3,38,41.3,27.3
Quebec,3/13/1985,32,41.6,40,32.5
Quebec,3/14/1985,31.1,40.5,35,25.9
Quebec,3/15/1985,14.5,22.8,29,16.8
Quebec,3/16/1985,4.9,23.6,24,10.3
Quebec,3/17/1985,11.5,25.5,24.8,6.5
Quebec,3/18/1985,3.1,25.3,29.3,6.4
Quebec,3/19/1985,4.8,37.2,33.4,11.6
Quebec,3/20/1985,27,37.8,33.7,13.2
Quebec,3/21/1985,7.9,26.2,32.8,13.8
Quebec,3/22/1985,6.6,34.3,34.1,13
Quebec,3/23/1985,24.5,41.8,36.4,18
Quebec,3/24/1985,22.9,33.1,35.6,20.9
Quebec,3/25/1985,15.4,31.9,34.2,17.4
Quebec,3/26/1985,13.8,37.7,38.2,19.2
Quebec,3/27/1985,28.4,44.9,43.7,24.7
Quebec,3/28/1985,32,48.4,45.3,30.9
Quebec,3/29/1985,32.4,42.6,43.6,30.4
Quebec,3/30/1985,26.7,40,38,25.5
Quebec,3/31/1985,17.4,31.6,35.4,23.8
Quebec,4/1/1985,27.2,34.7,34.3,24.7
Quebec,4/2/1985,29.5,36.5,36.4,28.5
Quebec,4/3/1985,28.7,38,38.7,29.8
Quebec,4/4/1985,31.2,41.8,39.5,30.2
Quebec,4/5/1985,30.7,38.8,42.8,31.8
Quebec,4/6/1985,33.5,47.8,43.4,31.1
Quebec,4/7/1985,29,43.6,44.3,28.4
Quebec,4/8/1985,22.6,41.5,38,22.8
Quebec,4/9/1985,16.9,28.8,35.8,18.1
Quebec,4/10/1985,15,37,35.6,19.5
Quebec,4/11/1985,26.7,41.1,39.7,19.9
Quebec,4/12/1985,18,41,37.6,21.4
Quebec,4/13/1985,19.6,30.6,38.6,19.8
Quebec,4/14/1985,21.9,44.2,44,23.9
Quebec,4/15/1985,30.3,57.2,55.9,30.3
Quebec,4/16/1985,38.7,66.2,52.7,28.5
Quebec,4/17/1985,16.4,34.7,46.4,25
Quebec,4/18/1985,19.8,38.4,40.3,22.2
Quebec,4/19/1985,30.4,47.6,47.4,28
Quebec,4/20/1985,33.9,56,54.7,32.9
Quebec,4/21/1985,34.5,60.5,58.6,34.9
Quebec,4/22/1985,36.4,59.4,59.1,35.7
Quebec,4/23/1985,36.2,57.4,59.2,34.8
Quebec,4/24/1985,31.7,60.9,62.2,33.5
Quebec,4/25/1985,32.5,68.3,65,35.5
Quebec,4/26/1985,42.4,65.9,64.4,37.3
Quebec,4/27/1985,37.1,59.2,59.7,39.4
Quebec,4/28/1985,38.8,54.1,59.3,36.9
Quebec,4/29/1985,34.9,64.5,63.4,38.3
Quebec,4/30/1985,41.1,71.4,65,38.6
Quebec,5/1/1985,39.8,59.1,64.8,38.9
Quebec,5/2/1985,36,63.8,59.5,36.8
Quebec,5/3/1985,34.6,55.7,58.4,33.8
Quebec,5/4/1985,30.9,55.6,52.9,33.4
Quebec,5/5/1985,34.7,47.6,55.1,33.2
Quebec,5/6/1985,33.9,62.2,59.1,36.4
Quebec,5/7/1985,40.6,67.5,59.6,35.2
Quebec,5/8/1985,31,49.1,59.5,32.5
Quebec,5/9/1985,25.9,61.9,60.7,36.7
Quebec,5/10/1985,53.2,71.3,64.7,41
Quebec,5/11/1985,43.9,61.1,66.7,47.2
Quebec,5/12/1985,44.4,67.6,67.8,44
Quebec,5/13/1985,43.7,74.8,67.8,42
Quebec,5/14/1985,37.9,61,68.5,38.5
Quebec,5/15/1985,34,69.5,64.4,40.5
Quebec,5/16/1985,49.5,62.6,67.2,45.5
Quebec,5/17/1985,53.2,69.5,62.9,48.8
Quebec,5/18/1985,43.8,56.5,61.7,45.2
Quebec,5/19/1985,38.7,59.1,63.6,42.5
Quebec,5/20/1985,45.1,75.2,67.7,44.3
Quebec,5/21/1985,49,68.8,70.4,45.4
Quebec,5/22/1985,42,67.3,70.1,44.1
Quebec,5/23/1985,41.3,74.1,71.8,40.6
Quebec,5/24/1985,38.5,74.1,72.9,43.9
Quebec,5/25/1985,51.8,70.5,70.3,44.4
Quebec,5/26/1985,42.9,66.2,65.3,47.3
Quebec,5/27/1985,47.3,59.1,62.8,44.1
Quebec,5/28/1985,42.1,62.9,63.7,40.4
Quebec,5/29/1985,31.7,69.1,69.1,37.3
Quebec,5/30/1985,37.9,75.2,72.8,42.5
Quebec,5/31/1985,57.7,74.2,71.1,50.1
Quebec,6/1/1985,54.6,63.8,72,54.4
Quebec,6/2/1985,50.8,78,70.5,51.2
Quebec,6/3/1985,48.2,69.6,71.8,46.6
Quebec,6/4/1985,41,67.8,65.8,43
Quebec,6/5/1985,40,60.2,63.7,43.3
Quebec,6/6/1985,48.9,63.2,66.3,43.4
Quebec,6/7/1985,41.2,75.5,69.5,45.9
Quebec,6/8/1985,47.5,69.9,73.5,47.4
Quebec,6/9/1985,53.5,75.2,71.9,51.4
Quebec,6/10/1985,53.2,70.5,70.7,49.9
Quebec,6/11/1985,43.1,66.4,65.5,47.9
Quebec,6/12/1985,47.4,59.5,61.8,47.1
Quebec,6/13/1985,50.7,59.6,60.3,48.6
Quebec,6/14/1985,47.6,61.9,65.1,48.5
Quebec,6/15/1985,47.2,73.6,68.1,47.6
Quebec,6/16/1985,48,68.7,73.2,49
Quebec,6/17/1985,51.8,77.4,73.4,52.9
Quebec,6/18/1985,58.9,74,71.8,54.5
Quebec,6/19/1985,52.9,64,69.9,55.2
Quebec,6/20/1985,53.9,71.7,70.9,52.8
Quebec,6/21/1985,51.7,77.1,76.2,51.7
Quebec,6/22/1985,49.3,79.7,79.2,54.1
Quebec,6/23/1985,61.3,80.8,75.9,56.1
Quebec,6/24/1985,57.8,67.2,69.2,55.7
Quebec,6/25/1985,48.1,59.5,65.4,51.1
Quebec,6/26/1985,47.3,69.5,67.5,47.8
Quebec,6/27/1985,48.1,73.4,71,50.6
Quebec,6/28/1985,56.3,70.2,71.6,53
Quebec,6/29/1985,54.6,71.1,73.4,56.3
Quebec,6/30/1985,58,79,78.3,55
Quebec,7/1/1985,52.6,84.8,81.1,57.3
Quebec,7/2/1985,61.4,79.4,80.6,58
Quebec,7/3/1985,60.1,77.5,79.7,59.3
Quebec,7/4/1985,56.3,82.2,81.9,57.8
Quebec,7/5/1985,57,86.1,82.7,58.3
Quebec,7/6/1985,61.7,79.7,79.6,60.1
Quebec,7/7/1985,61.5,73,75.3,61.1
Quebec,7/8/1985,60,73.3,76.1,58.4
Quebec,7/9/1985,53.7,81.9,76.3,58.4
Quebec,7/10/1985,61.4,73.8,75.3,54
Quebec,7/11/1985,46.9,70.1,72.8,51.2
Quebec,7/12/1985,45.3,74.3,75,46.6
Quebec,7/13/1985,47.7,80.6,77.8,52.2
Quebec,7/14/1985,63.6,78.4,79.5,59.4
Quebec,7/15/1985,66.7,79.5,79.1,64.2
Quebec,7/16/1985,62.2,79.3,79.2,60.5
Quebec,7/17/1985,52.6,78.8,79.3,54.8
Quebec,7/18/1985,49.5,80,78.6,54.4
Quebec,7/19/1985,61.1,77,79,58.1
Quebec,7/20/1985,63.5,80.1,78.6,59.3
Quebec,7/21/1985,53.1,78.8,77,58.5
Quebec,7/22/1985,58.9,72,74.4,53.8
Quebec,7/23/1985,49.3,72.4,74.3,50.8
Quebec,7/24/1985,44.3,78.4,79.8,50.9
Quebec,7/25/1985,59.2,88.5,81.8,55.8
Quebec,7/26/1985,63.9,78.6,79.2,58.2
Quebec,7/27/1985,51.5,70.4,74.3,53.1
Quebec,7/28/1985,44,73.8,74.8,52.7
Quebec,7/29/1985,62.5,80.2,76.4,53.1
Quebec,7/30/1985,52.9,75.1,74.9,54.6
Quebec,7/31/1985,48.5,69.5,72.9,50.6
Quebec,8/1/1985,50.3,74.2,73.7,49.3
Quebec,8/2/1985,49.1,77.3,77.8,50.1
Quebec,8/3/1985,50.9,81.8,80.9,51.8
Quebec,8/4/1985,55.3,83.5,84,54
Quebec,8/5/1985,56,86.7,85.3,56.1
Quebec,8/6/1985,57.2,85.8,84.6,59.5
Quebec,8/7/1985,65.2,81.2,83.3,62.3
Quebec,8/8/1985,64.4,83,82.3,61.4
Quebec,8/9/1985,54.7,82.6,84.5,58.9
Quebec,8/10/1985,57.5,87.9,83.1,57.2
Quebec,8/11/1985,59.3,78.8,80.3,54
Quebec,8/12/1985,45.1,74.3,75.2,52.1
Quebec,8/13/1985,52,72.5,78,49.4
Quebec,8/14/1985,51.2,87.3,78.4,55.8
Quebec,8/15/1985,64.3,75.5,80,55.9
Quebec,8/16/1985,52.4,77,75.7,54.2
Quebec,8/17/1985,46,74.5,77.1,48.3
Quebec,8/18/1985,46.6,79.7,75.4,51.8
Quebec,8/19/1985,62.9,72.1,75.3,54
Quebec,8/20/1985,52.4,74.1,74.1,55.4
Quebec,8/21/1985,51,76.2,74.5,49.8
Quebec,8/22/1985,45.9,73.2,73.6,47.7
Quebec,8/23/1985,46.3,71.4,72.5,48.1
Quebec,8/24/1985,52.1,72.8,70.4,51.1
Quebec,8/25/1985,55,66.9,69.9,54.7
Quebec,8/26/1985,57.1,70.1,70.8,58
Quebec,8/27/1985,61.9,75.6,73.7,57.9
Quebec,8/28/1985,54.7,75.4,72,53
Quebec,8/29/1985,42.4,65.2,66.3,47.7
Quebec,8/30/1985,46.2,58.4,63.4,44.2
Quebec,8/31/1985,44,66.8,64.7,42.5
Quebec,9/1/1985,37.3,68.8,69.3,45.4
Quebec,9/2/1985,55,72.4,67.6,45.9
Quebec,9/3/1985,45.5,61.7,70.4,51.1
Quebec,9/4/1985,52.7,77.1,70.5,49.3
Quebec,9/5/1985,49.8,72.9,74.7,52.5
Quebec,9/6/1985,55,74.1,74.4,54
Quebec,9/7/1985,57.2,76.1,74.7,54.6
Quebec,9/8/1985,51.5,74,71.8,52.4
Quebec,9/9/1985,48.5,65.3,66.9,48.4
Quebec,9/10/1985,45.1,61.2,62.3,42.9
Quebec,9/11/1985,35.2,60.4,60,38.5
Quebec,9/12/1985,35.1,58.3,60.7,35.1
Quebec,9/13/1985,34.8,63.5,62.7,35.5
Quebec,9/14/1985,36.6,66.4,66.9,36.8
Quebec,9/15/1985,39.1,70.9,69.7,39.5
Quebec,9/16/1985,42.8,71.8,72,40.6
Quebec,9/17/1985,39.9,73.3,74,41.9
Quebec,9/18/1985,43,76.9,77,45.7
Quebec,9/19/1985,54.3,80.7,81,53
Quebec,9/20/1985,61.7,85.4,79.5,58.1
Quebec,9/21/1985,58.2,72.3,74.6,55.1
Quebec,9/22/1985,45.5,66.1,71.7,52
Quebec,9/23/1985,52.4,76.6,70.3,50.9
Quebec,9/24/1985,54.8,68.3,70.2,50
Quebec,9/25/1985,42.7,65.8,68.2,44.6
Quebec,9/26/1985,36.4,70.6,65.4,45.4
Quebec,9/27/1985,56.9,59.8,65.5,49.3
Quebec,9/28/1985,54.5,66.1,65,53
Quebec,9/29/1985,47.6,69.1,67.8,49.6
Quebec,9/30/1985,46.6,68.3,66.4,49.9
Quebec,10/1/1985,55.6,61.7,63.3,50.7
Quebec,10/2/1985,49.8,59.8,60.7,46.5
Quebec,10/3/1985,34.2,60.7,60.8,40.3
Quebec,10/4/1985,37,62,61.2,41
Quebec,10/5/1985,51.8,61,59.3,45.3
Quebec,10/6/1985,47.1,55,56.8,46.2
Quebec,10/7/1985,39.7,54.3,56.5,39.3
Quebec,10/8/1985,31.2,60.1,58.4,41.3
Quebec,10/9/1985,52.9,60.7,56.7,42.7
Quebec,10/10/1985,43.8,49.4,52.8,42.4
Quebec,10/11/1985,30.5,48.4,50.1,34.9
Quebec,10/12/1985,30.2,52.4,49.9,33.5
Quebec,10/13/1985,39.7,49,51.6,37.8
Quebec,10/14/1985,43.4,53.3,51.3,42.4
Quebec,10/15/1985,44.1,51.7,52.3,43.1
Quebec,10/16/1985,41.7,51.9,51.1,37.7
Quebec,10/17/1985,27.4,49.7,53.9,34.5
Quebec,10/18/1985,34.6,60.1,57.6,37.1
Quebec,10/19/1985,49.4,62.9,58.9,39.5
Quebec,10/20/1985,34.5,53.7,56.3,37
Quebec,10/21/1985,27,52.1,55.6,29.1
Quebec,10/22/1985,25.9,60.9,59.7,30.9
Quebec,10/23/1985,39.8,66.1,62.9,34.1
Quebec,10/24/1985,36.6,61.7,62.6,40.7
Quebec,10/25/1985,45.7,60,59.1,38.6
Quebec,10/26/1985,33.6,55.6,57.7,40.8
Quebec,10/27/1985,43.3,57.3,52.5,37.3
Quebec,10/28/1985,35.1,44.5,48.1,33.9
Quebec,10/29/1985,23.5,42.4,44.4,28.8
Quebec,10/30/1985,27.8,46.3,45.9,24.4
Quebec,10/31/1985,21.8,49,49.8,24.1
Quebec,11/1/1985,22.7,54.1,51.9,28.7
Quebec,11/2/1985,41.5,52.5,52.3,32.9
Quebec,11/3/1985,34.6,50.5,49.6,35.7
Quebec,11/4/1985,31,45.8,47.4,33.4
Quebec,11/5/1985,34.5,45.9,46.1,34.8
Quebec,11/6/1985,38.9,46.5,46.7,38.2
Quebec,11/7/1985,41.1,47.8,46.8,38.7
Quebec,11/8/1985,36.2,46,43.6,34.7
Quebec,11/9/1985,26.9,37.1,38.9,30.4
Quebec,11/10/1985,28.2,33.6,32.7,23.8
Quebec,11/11/1985,16.4,27.4,30.9,20
Quebec,11/12/1985,15.4,31.6,31.1,19.8
Quebec,11/13/1985,27.7,34.3,31.6,21.6
Quebec,11/14/1985,21.7,29,31.2,22.5
Quebec,11/15/1985,18.1,30.4,32.2,16.6
Quebec,11/16/1985,9.9,37.2,36.3,17.8
Quebec,11/17/1985,25.4,41.3,41.7,22.4
Quebec,11/18/1985,32,46.5,42.3,30.1
Quebec,11/19/1985,33,39,48.7,33.6
Quebec,11/20/1985,35.8,60.5,46.4,33.3
Quebec,11/21/1985,31.1,39.6,42.1,29.3
Quebec,11/22/1985,20.9,26.2,31.6,24.2
Quebec,11/23/1985,20.6,29,30.2,21.2
Quebec,11/24/1985,22,35.3,29.5,18
Quebec,11/25/1985,11.4,24.1,26.9,13.1
Quebec,11/26/1985,5.9,21.4,24.9,11.3
Quebec,11/27/1985,16.8,29.3,23.6,12.6
Quebec,11/28/1985,15.1,20.2,23.5,13.3
Quebec,11/29/1985,7.9,21.1,22.8,12.2
Quebec,11/30/1985,13.5,27.1,28.1,14.7
Quebec,12/1/1985,22.8,36.1,35.3,21.3
Quebec,12/2/1985,27.7,42.7,33.1,21.8
Quebec,12/3/1985,14.8,20.3,28.2,17.3
Quebec,12/4/1985,9.3,21.5,23.8,11.9
Quebec,12/5/1985,11.7,29.7,26.7,12.9
Quebec,12/6/1985,17.8,29,29.2,12.4
Quebec,12/7/1985,7.6,28.9,29.7,16.2
Quebec,12/8/1985,23.2,31.2,28.9,17.5
Quebec,12/9/1985,21.6,26.8,27.4,17.6
Quebec,12/10/1985,8.1,24.2,25.1,13.6
Quebec,12/11/1985,11.1,24.3,25,9.9
Quebec,12/12/1985,10.3,26.5,26.3,9.6
Quebec,12/13/1985,7.3,28.1,25.4,8.2
Quebec,12/14/1985,7,21.5,23.4,3.2
Quebec,12/15/1985,-4.7,20.5,20.2,2.1
Quebec,12/16/1985,4,18.5,18.8,-0.5
Quebec,12/17/1985,-0.7,17.5,15.6,-0.6
Quebec,12/18/1985,-5.1,10.8,8.4,-10.8
Quebec,12/19/1985,-26.4,-3.1,3.8,-17.5
Quebec,12/20/1985,-21,3.7,3.5,-17.6
Quebec,12/21/1985,-5.3,10,11.5,-11
Quebec,12/22/1985,-6.9,20.9,20.3,-0.6
Quebec,12/23/1985,10.3,29.9,29.2,7.6
Quebec,12/24/1985,19.3,37,25.9,9.4
Quebec,12/25/1985,-1.3,10.9,16.1,-1.3
Quebec,12/26/1985,-21.7,0.5,12.1,-11.7
Quebec,12/27/1985,-12.1,24.8,15.4,-9
Quebec,12/28/1985,6.7,20.9,22.7,-0.3
Quebec,12/29/1985,4.4,22.3,22.7,5.4
Quebec,12/30/1985,5.1,24.7,27.7,6.1
Quebec,12/31/1985,8.9,36,26.8,6.3
Quebec,1/1/1986,4.9,19.7,26,2.8
Quebec,1/2/1986,-5.5,22.3,17,-1.2
Quebec,1/3/1986,-3.1,9,13.5,-6.6
Quebec,1/4/1986,-11.2,9.1,10.8,-5.8
Quebec,1/5/1986,-3.2,14.3,13.6,-4.4
Quebec,1/6/1986,1.2,17.3,11.4,-6.3
Quebec,1/7/1986,-16.9,2.5,13.4,-9.5
Quebec,1/8/1986,-12.7,20.3,18.4,-13.4
Quebec,1/9/1986,-10.7,32.5,28.2,0
Quebec,1/10/1986,23.3,31.9,30.7,3.5
Quebec,1/11/1986,-2.2,27.7,33,13.5
Quebec,1/12/1986,19.4,39.5,27.3,7.2
Quebec,1/13/1986,4.3,14.8,16.7,0.5
Quebec,1/14/1986,-22.1,-4.1,3.6,-11.9
Quebec,1/15/1986,-17.9,0.1,4,-16.5
Quebec,1/16/1986,-9.5,15.8,18.4,-10.3
Quebec,1/17/1986,-3.4,39.1,31.8,3.2
Quebec,1/18/1986,22.5,40.4,37.5,15.2
Quebec,1/19/1986,26.6,32.9,35.5,26.2
Quebec,1/20/1986,29.5,33.1,31.9,23.4
Quebec,1/21/1986,14,29.7,29.5,14.4
Quebec,1/22/1986,-0.4,25.7,19,-0.2
Quebec,1/23/1986,-14.3,1.6,5.7,-13.7
Quebec,1/24/1986,-26.5,-10.1,2.7,-21.7
Quebec,1/25/1986,-24.3,16.7,13,-12.1
Quebec,1/26/1986,14.4,32.4,28.1,-1.1
Quebec,1/27/1986,6.6,35.4,23.3,2.8
Quebec,1/28/1986,-12.6,2.2,16.2,-6.7
Quebec,1/29/1986,-14.1,10.9,8.5,-13.2
Quebec,1/30/1986,-12.9,12.4,12.5,-10.5
Quebec,1/31/1986,-4.4,14.2,13.1,-12.9
Quebec,2/1/1986,-21.3,12.8,16.4,-7
Quebec,2/2/1986,4.8,22,17.9,-6.4
Quebec,2/3/1986,-2.6,18.9,18.9,-5.6
Quebec,2/4/1986,-19.1,15.8,20.3,-4.7
Quebec,2/5/1986,7.5,26.3,16.5,-7.6
Quebec,2/6/1986,-11.1,7.3,13.8,-8.4
Quebec,2/7/1986,-21.6,7.7,11.1,-15.2
Quebec,2/8/1986,-13.1,18.2,16.1,-13.7
Quebec,2/9/1986,-6.3,22.3,20.1,-7.6
Quebec,2/10/1986,-3.4,19.8,20.8,-3.7
Quebec,2/11/1986,-1.4,20.3,18.4,-4.9
Quebec,2/12/1986,-10,15,18.5,-1.1
Quebec,2/13/1986,8,20.4,18.9,0.3
Quebec,2/14/1986,3,21.4,21.9,6.1
Quebec,2/15/1986,7.4,23.8,22,0.5
Quebec,2/16/1986,-8.9,20.8,21.8,-2.5
Quebec,2/17/1986,-6,20.9,22.5,0.9
Quebec,2/18/1986,17.7,25.9,26.1,10.6
Quebec,2/19/1986,20.3,31.4,31.5,19.9
Quebec,2/20/1986,21.7,37.3,34,20
Quebec,2/21/1986,18.1,33.2,28.9,9.6
Quebec,2/22/1986,-11.1,16.2,23.8,1
Quebec,2/23/1986,-3.9,22,22.9,-1.1
Quebec,2/24/1986,11.8,30.6,25.6,7.1
Quebec,2/25/1986,13.6,24.1,23.2,7.4
Quebec,2/26/1986,-3.1,14.9,17.3,3.3
Quebec,2/27/1986,-0.6,13,15.5,0.2
Quebec,2/28/1986,4.3,18.6,20.7,5.5
Quebec,3/1/1986,12.9,30.5,27.9,8.4
Quebec,3/2/1986,7.9,34.6,34.1,12.3
Quebec,3/3/1986,16.2,37.2,36.2,14.4
Quebec,3/4/1986,19.3,36.7,36.6,19
Quebec,3/5/1986,21.7,35.8,30.3,14.7
Quebec,3/6/1986,3.2,18.4,24.8,11.1
Quebec,3/7/1986,8.4,20.1,17.1,0
Quebec,3/8/1986,-11.5,12.7,19.2,0.1
Quebec,3/9/1986,3.3,24.8,21.3,-1.8
Quebec,3/10/1986,2.7,26.3,27.3,7.1
Quebec,3/11/1986,15.2,30.8,27.4,7.2
Quebec,3/12/1986,3.8,25,28.7,8.6
Quebec,3/13/1986,7,30.3,29.4,10.5
Quebec,3/14/1986,20.9,32.9,33.9,19.2
Quebec,3/15/1986,29.9,38.7,36.1,27
Quebec,3/16/1986,30.4,36.6,38,26.6
Quebec,3/17/1986,19.6,38.7,38.9,25.6
Quebec,3/18/1986,26.8,41.4,42.9,24.9
Quebec,3/19/1986,28.3,48.5,34.1,18.8
Quebec,3/20/1986,1.2,12.3,27.6,8.6
Quebec,3/21/1986,-3.6,21.9,23,3.6
Quebec,3/22/1986,13.2,34.7,32.5,12.8
Quebec,3/23/1986,28.6,41,34.6,17.6
Quebec,3/24/1986,11.1,28.1,33.8,18.6
Quebec,3/25/1986,16,32.1,39.8,16.4
Quebec,3/26/1986,22.2,59.1,44.6,23.6
Quebec,3/27/1986,32.5,42.5,48,26.7
Quebec,3/28/1986,25.4,42.4,47.2,31
Quebec,3/29/1986,35.1,56.8,55.2,31.3
Quebec,3/30/1986,33.5,66.3,59.4,35
Quebec,3/31/1986,36.4,55,64.1,35
Quebec,4/1/1986,34.9,71.1,59.8,36.9
Quebec,4/2/1986,39.4,53.5,57.3,34
Quebec,4/3/1986,27.8,47.5,49.5,32.3
Quebec,4/4/1986,29.9,47.7,46.7,27.7
Quebec,4/5/1986,25.4,45.1,45.3,27.4
Quebec,4/6/1986,26.8,43.2,44.7,29.3
Quebec,4/7/1986,35.5,45.9,45.4,34.3
Quebec,4/8/1986,40.5,47.1,44.6,37.3
Quebec,4/9/1986,35.9,40.9,43.6,36.4
Quebec,4/10/1986,32.7,42.7,42.6,33.4
Quebec,4/11/1986,31.6,44,43.7,32.3
Quebec,4/12/1986,32.8,44.3,45.9,33.4
Quebec,4/13/1986,35.8,49.2,49.7,34.5
Quebec,4/14/1986,35.1,55.4,54.2,34.5
Quebec,4/15/1986,32.8,58.1,58.5,34.2
Quebec,4/16/1986,34.6,61.9,60.7,34
Quebec,4/17/1986,34.5,62.2,61.1,35.5
Quebec,4/18/1986,37.3,59.1,62.5,34.8
Quebec,4/19/1986,32.7,66.3,61,35.7
Quebec,4/20/1986,37.1,57.6,59,39
Quebec,4/21/1986,47.1,53.1,52.3,37.2
Quebec,4/22/1986,27.5,46.2,51.4,32.9
Quebec,4/23/1986,24.1,55,55.8,26.8
Quebec,4/24/1986,28.9,66.1,63.2,30.4
Quebec,4/25/1986,38.2,68.6,67.3,37.9
Quebec,4/26/1986,46.6,67.3,68.3,44.6
Quebec,4/27/1986,49,68.9,70.9,46.2
Quebec,4/28/1986,42.8,76.7,74.4,46.4
Quebec,4/29/1986,47.3,77.6,74.8,46.2
Quebec,4/30/1986,48.6,70.2,73.9,48.3
Quebec,5/1/1986,48.9,73.9,62.2,43.3
Quebec,5/2/1986,32.3,42.6,52.4,35.4
Quebec,5/3/1986,25,40.6,44.7,27.6
Quebec,5/4/1986,25.4,50.9,48.3,28.4
Quebec,5/5/1986,34.8,53.3,51.9,33.9
Quebec,5/6/1986,41.4,51.3,52.5,39.8
Quebec,5/7/1986,43,52.8,53.2,42.8
Quebec,5/8/1986,43.8,55.5,57.4,40.6
Quebec,5/9/1986,35,64,63.4,38.6
Quebec,5/10/1986,37.1,70.7,65.8,38.8
Quebec,5/11/1986,44.2,62.7,66.1,40.7
Quebec,5/12/1986,40.7,65,65.6,40.7
Quebec,5/13/1986,37.3,69,70.5,40.3
Quebec,5/14/1986,42.9,77.4,74.1,44
Quebec,5/15/1986,52,75.9,72.5,50.3
Quebec,5/16/1986,56,64.1,71.7,54.6
Quebec,5/17/1986,55.8,75.1,74.4,55.8
Quebec,5/18/1986,55.5,83.9,70.5,53.5
Quebec,5/19/1986,49.1,52.6,62.3,50.3
Quebec,5/20/1986,46.3,50.3,53.5,47.7
Quebec,5/21/1986,47.7,57.5,56,47
Quebec,5/22/1986,47,60.3,58.9,47.6
Quebec,5/23/1986,48.1,59,62.9,47.7
Quebec,5/24/1986,48.1,69.6,68.7,47.1
Quebec,5/25/1986,45.2,77.7,75.7,47.4
Quebec,5/26/1986,48.8,80,80.4,50.1
Quebec,5/27/1986,56.1,83.5,80.2,54.3
Quebec,5/28/1986,58,77.1,81.9,53.9
Quebec,5/29/1986,47.7,85.1,78.4,53.3
Quebec,5/30/1986,54.1,72.8,73.8,50.2
Quebec,5/31/1986,48.9,63.6,62.7,49.7
Quebec,6/1/1986,46.1,51.6,56.8,43.6
Quebec,6/2/1986,35.9,55.3,56.8,37.2
Quebec,6/3/1986,29.6,63.6,63.4,37.2
Quebec,6/4/1986,46.1,71.3,67.4,42.1
Quebec,6/5/1986,50.6,67.3,68.9,46.8
Quebec,6/6/1986,43.7,68.2,70.3,47
Quebec,6/7/1986,46.6,75.4,74.9,50.3
Quebec,6/8/1986,60.7,81.2,75.8,50.9
Quebec,6/9/1986,45.5,70.9,77.2,50.6
Quebec,6/10/1986,45.7,79.5,73.2,48.8
Quebec,6/11/1986,55.4,69.2,70.8,50.2
Quebec,6/12/1986,49.4,63.6,65.6,51.3
Quebec,6/13/1986,49.1,64,66.8,50.4
Quebec,6/14/1986,52.7,72.7,71,51.4
Quebec,6/15/1986,52.2,76.3,77.3,54.4
Quebec,6/16/1986,58.4,82.8,73.2,50.9
Quebec,6/17/1986,42,60.7,70.1,47.7
Quebec,6/18/1986,42.7,66.9,66,41.3
Quebec,6/19/1986,39.1,70.3,70.1,41.9
Quebec,6/20/1986,43.8,73,73.2,41.9
Quebec,6/21/1986,42.8,76.4,77.1,44.7
Quebec,6/22/1986,47.5,81.9,79.6,51.5
Quebec,6/23/1986,64,80.3,75,55.3
Quebec,6/24/1986,54.2,62.8,67.6,52.9
Quebec,6/25/1986,40.5,59.8,64,45.2
Quebec,6/26/1986,40.9,69.4,66,44.9
Quebec,6/27/1986,53.2,68.7,72.4,51.2
Quebec,6/28/1986,59.4,79.2,73.9,55.2
Quebec,6/29/1986,53,73.7,75.6,53.4
Quebec,6/30/1986,47.8,73.8,74.7,48.6
Quebec,7/1/1986,45,76.8,74.2,49.2
Quebec,7/2/1986,54.9,72.1,70.8,50.6
Quebec,7/3/1986,52,63.6,67,50
Quebec,7/4/1986,43.3,65.1,66.4,50.4
Quebec,7/5/1986,55.9,70.6,71,51
Quebec,7/6/1986,54,77.5,77.7,57
Quebec,7/7/1986,61.2,85.1,81.2,57.8
Quebec,7/8/1986,58.3,81.1,80.2,58.7
Quebec,7/9/1986,56.8,74.3,73.6,54.1
Quebec,7/10/1986,47.3,65.5,69.8,49.2
Quebec,7/11/1986,43.5,69.5,68.1,46.2
Quebec,7/12/1986,47.7,69.2,67.9,49.3
Quebec,7/13/1986,56.7,64.9,68,53.9
Quebec,7/14/1986,57.2,70,71,54
Quebec,7/15/1986,48,78.1,77,51.8
Quebec,7/16/1986,50.3,83,81.7,51.1
Quebec,7/17/1986,55.1,84.1,83.7,56.7
Quebec,7/18/1986,64.8,84,84.2,60.4
Quebec,7/19/1986,61.4,84.6,82.6,62.6
Quebec,7/20/1986,61.7,79.2,79.2,58.5
Quebec,7/21/1986,52.4,73.8,77.2,53
Quebec,7/22/1986,44.9,78.7,77.5,51.9
Quebec,7/23/1986,58.3,79.9,82.4,54.7
Quebec,7/24/1986,61,88.5,86.3,62.4
Quebec,7/25/1986,67.9,90.3,83.9,62.3
Quebec,7/26/1986,58.1,72.7,80.4,59.8
Quebec,7/27/1986,53.5,78.2,76.9,56.5
Quebec,7/28/1986,57.8,79.6,75.9,57.9
Quebec,7/29/1986,62.3,70,71.7,59.5
Quebec,7/30/1986,58.4,65.6,65.8,59.4
Quebec,7/31/1986,57.6,61.8,65.4,57.1
Quebec,8/1/1986,55.4,68.8,69,57.8
Quebec,8/2/1986,60.5,76.3,74.5,57.4
Quebec,8/3/1986,56.3,78.4,76.5,56.8
Quebec,8/4/1986,53.5,74.9,77.9,53.9
Quebec,8/5/1986,52.1,80.4,78.3,54.2
Quebec,8/6/1986,56.9,79.7,76.9,56.8
Quebec,8/7/1986,61.3,70.7,73.4,60.4
Quebec,8/8/1986,62.9,69.8,71.5,61.7
Quebec,8/9/1986,61,74.1,75.1,60.1
Quebec,8/10/1986,56.6,81.4,76.6,60.3
Quebec,8/11/1986,63.3,74.4,75.3,55.1
Quebec,8/12/1986,45.6,70.1,73.2,51.1
Quebec,8/13/1986,44.3,75.2,74.8,46
Quebec,8/14/1986,48.2,79.1,76.1,51.3
Quebec,8/15/1986,61.3,73.9,78,58.3
Quebec,8/16/1986,65.3,80.8,79.2,61.4
Quebec,8/17/1986,57.7,82.8,79.9,61.1
Quebec,8/18/1986,60.2,76,78.2,57.3
Quebec,8/19/1986,54,75.8,76.2,55.2
Quebec,8/20/1986,51.5,76.7,76.2,53.2
Quebec,8/21/1986,54.1,76.1,74.2,51.5
Quebec,8/22/1986,48.8,69.8,70.7,49.9
Quebec,8/23/1986,46.9,66,64.9,49
Quebec,8/24/1986,51.2,59,65,50.1
Quebec,8/25/1986,52,70,67.9,48.6
Quebec,8/26/1986,42.5,74.8,71.5,51.1
Quebec,8/27/1986,58.6,69.7,67.4,47.2
Quebec,8/28/1986,40.4,57.8,63.9,44.7
Quebec,8/29/1986,35.1,64.2,63.9,40.6
Quebec,8/30/1986,46.3,69.6,70.4,41.4
Quebec,8/31/1986,42.7,77.6,73.9,45.7
Quebec,9/1/1986,48,74.5,72.4,47.2
Quebec,9/2/1986,51,65.2,67.2,50.2
Quebec,9/3/1986,51.7,62,66.3,52.9
Quebec,9/4/1986,56.2,71.8,66.5,55.8
Quebec,9/5/1986,59.5,65.7,67.6,55.1
Quebec,9/6/1986,49.7,65.4,63.5,51.4
Quebec,9/7/1986,44.8,59.4,62.2,42.9
Quebec,9/8/1986,34.2,61.6,63,41.3
Quebec,9/9/1986,45,68.1,63.4,40.5
Quebec,9/10/1986,42.4,60.5,65.6,47.6
Quebec,9/11/1986,55.5,68.1,66.7,51
Quebec,9/12/1986,55.1,71.4,67.9,51.5
Quebec,9/13/1986,43.8,64.3,63.9,44.4
Quebec,9/14/1986,34.4,56,59.4,38.5
Quebec,9/15/1986,37.3,58.1,57.5,38
Quebec,9/16/1986,42.4,58.4,58.1,37.2
Quebec,9/17/1986,32,57.9,59.3,37.1
Quebec,9/18/1986,36.8,61.7,60.7,39.6
Quebec,9/19/1986,49.9,62.5,59.5,43.2
Quebec,9/20/1986,42.8,54.4,60.1,42.4
Quebec,9/21/1986,34.4,63.2,60,36.7
Quebec,9/22/1986,33,62.3,58.7,37.8
Quebec,9/23/1986,45.9,50.6,60.1,42
Quebec,9/24/1986,47.1,67.4,60.4,44.6
Quebec,9/25/1986,40.6,63.2,63.9,43
Quebec,9/26/1986,41.2,61.2,62.1,37.9
Quebec,9/27/1986,31.9,61.9,60.7,35.7
Quebec,9/28/1986,34.2,59.1,63,38.5
Quebec,9/29/1986,49.4,68,67.2,45.6
Quebec,9/30/1986,53.1,74.4,70.4,51.6
Quebec,10/1/1986,52.3,68.8,67.7,50.8
Quebec,10/2/1986,46.8,59.9,61.6,47.5
Quebec,10/3/1986,43.2,56.1,58.6,45.7
Quebec,10/4/1986,47,59.8,54.9,40.4
Quebec,10/5/1986,30.9,48.8,51,37.4
Quebec,10/6/1986,34.1,44.4,47.6,31.3
Quebec,10/7/1986,28.9,49.7,51.5,34.9
Quebec,10/8/1986,41.6,60.3,51.4,36.4
Quebec,10/9/1986,38.8,44.2,49.8,34.8
Quebec,10/10/1986,24,44.8,47.7,28.4
Quebec,10/11/1986,22.2,54,51.9,25.7
Quebec,10/12/1986,30.9,57,55.4,32.7
Quebec,10/13/1986,45.1,55.2,58.3,42.4
Quebec,10/14/1986,51.3,62.8,56.9,45.2
Quebec,10/15/1986,39.2,52.8,54.5,40.4
Quebec,10/16/1986,30.8,48,49,35
Quebec,10/17/1986,35,46.1,47.2,30.5
Quebec,10/18/1986,25.8,47.6,50.4,31
Quebec,10/19/1986,32.3,57.5,54.1,33.8
Quebec,10/20/1986,43.3,57.2,56.7,38.5
Quebec,10/21/1986,40,55.4,57,38
Quebec,10/22/1986,30.7,58.6,57.4,38.9
Quebec,10/23/1986,46.1,58.1,54.4,35.8
Quebec,10/24/1986,30.5,46.4,53,33.3
Quebec,10/25/1986,23.3,54.4,49.6,27.2
Quebec,10/26/1986,27.8,47.9,48.8,28.8
Quebec,10/27/1986,35.4,44.2,47.6,35.2
Quebec,10/28/1986,42.3,50.8,51.3,38.6
Quebec,10/29/1986,38.2,59,50.5,37.5
Quebec,10/30/1986,32.1,41.6,47.4,29.8
Quebec,10/31/1986,19.1,41.6,46,25.4
Quebec,11/1/1986,25,54.9,45.7,24.2
Quebec,11/2/1986,28.3,40.7,45.7,24.4
Quebec,11/3/1986,19.7,41.4,40.3,25
Quebec,11/4/1986,26.9,38.8,37.1,19.6
Quebec,11/5/1986,12.2,31.1,34.9,19
Quebec,11/6/1986,18,34.8,38.4,19.9
Quebec,11/7/1986,29.4,49.5,44.7,27.1
Quebec,11/8/1986,34.1,49.9,52,34.8
Quebec,11/9/1986,40.8,56.6,48.4,33.8
Quebec,11/10/1986,26.5,38.7,44.2,29.6
Quebec,11/11/1986,21.5,37.2,37.6,25
Quebec,11/12/1986,26.9,37.1,33.7,20.4
Quebec,11/13/1986,12.9,26.9,31.6,15.7
Quebec,11/14/1986,7.2,30.9,30.7,15.5
Quebec,11/15/1986,26.4,34.5,33.2,20.7
Quebec,11/16/1986,28.5,34.1,37.1,28.6
Quebec,11/17/1986,30.8,42.7,35.8,27.3
Quebec,11/18/1986,22.5,30.5,31.5,21.4
Quebec,11/19/1986,10.8,21.2,25,13.6
Quebec,11/20/1986,7.3,23.2,23.8,11.8
Quebec,11/21/1986,17.3,27,24.9,7.5
Quebec,11/22/1986,-2,24.4,29.9,10.7
Quebec,11/23/1986,16.8,38.3,35.2,13.9
Quebec,11/24/1986,27.1,42.8,38.5,21.1
Quebec,11/25/1986,19.4,34.5,37.9,21.5
Quebec,11/26/1986,18,36.4,36.3,22.1
Quebec,11/27/1986,28.9,38.2,38.4,23.5
Quebec,11/28/1986,23.6,40.6,39.3,27.7
Quebec,11/29/1986,30.7,39.2,33.9,21.8
Quebec,11/30/1986,11,22,29.5,15.5
Quebec,12/1/1986,4.8,27.1,27.3,7.4
Quebec,12/2/1986,6.3,32.7,32.6,11
Quebec,12/3/1986,21.9,37.9,35.5,19.7
Quebec,12/4/1986,31,35.8,33.9,25
Quebec,12/5/1986,22,28,32.3,21.7
Quebec,12/6/1986,11.9,33,28,12.5
Quebec,12/7/1986,3.6,22.8,19.3,2
Quebec,12/8/1986,-9.4,2.1,14.3,-4.4
Quebec,12/9/1986,-7.5,18.1,16.7,-2.4
Quebec,12/10/1986,9.7,29.8,24.8,2.7
Quebec,12/11/1986,5.9,26.4,29.4,6.1
Quebec,12/12/1986,2.6,32.1,22.8,-0.8
Quebec,12/13/1986,-11.1,9.9,24.2,-3.5
Quebec,12/14/1986,-2.1,30.7,24.1,1.6
Quebec,12/15/1986,17.9,31.6,26.9,4.1
Quebec,12/16/1986,-3.3,18.3,25,7.8
Quebec,12/17/1986,8.8,24.9,25.8,7.8
Quebec,12/18/1986,18,34.3,31.4,18
Quebec,12/19/1986,27.2,35.1,34.4,20
Quebec,12/20/1986,14.7,34,30.5,10.7
Quebec,12/21/1986,-9.8,22.4,30.1,4.2
Quebec,12/22/1986,7.7,34,31.1,9.6
Quebec,12/23/1986,30.8,37,33.7,15.4
Quebec,12/24/1986,7.8,30.3,33.6,18.8
Quebec,12/25/1986,17.8,33.7,32.7,18.1
Quebec,12/26/1986,28.6,34.3,29.1,18.2
Quebec,12/27/1986,8.3,19.3,27.5,12.6
Quebec,12/28/1986,0.9,28.8,27,9.8
Quebec,12/29/1986,20.3,33,31,15.1
Quebec,12/30/1986,24.1,31.3,29.4,18.6
Quebec,12/31/1986,11.3,24,26.2,11.8
Quebec,1/1/1987,0,23.2,26.2,9.3
Quebec,1/2/1987,16.5,31.3,25.4,10.1
Quebec,1/3/1987,13.9,21.8,25,8.7
Quebec,1/4/1987,-4.3,22.1,24,6.5
Quebec,1/5/1987,10,28.2,26.5,9.5
Quebec,1/6/1987,23,29.2,29.4,19
Quebec,1/7/1987,24.1,30.9,26.9,19
Quebec,1/8/1987,9.8,20.5,25.6,13.8
Quebec,1/9/1987,7.5,25.5,23.3,7.7
Quebec,1/10/1987,5.7,24,26,11.1
Quebec,1/11/1987,19.9,28.5,26.7,15.3
Quebec,1/12/1987,20.3,27.8,28.4,21
Quebec,1/13/1987,22.7,29,30.1,17
Quebec,1/14/1987,8,33.6,32.8,18.2
Quebec,1/15/1987,24,35.7,26.6,8.9
Quebec,1/16/1987,-5.3,10.6,18,0.1
Quebec,1/17/1987,-18.3,7.8,9.7,-12.5
Quebec,1/18/1987,-13.7,10.9,11.3,-15.2
Quebec,1/19/1987,-13.7,15.2,10.3,-13.5
Quebec,1/20/1987,-13.1,4.9,13.3,-11.1
Quebec,1/21/1987,-6.5,19.9,16.2,-6.8
Quebec,1/22/1987,-0.7,23.8,22.5,2.8
Quebec,1/23/1987,15.7,23.7,16.6,-2.7
Quebec,1/24/1987,-23.1,2.4,8.7,-10
Quebec,1/25/1987,-22.7,0,2.4,-23.8
Quebec,1/26/1987,-25.4,4.8,5,-25.5
Quebec,1/27/1987,-28.3,10,11.6,-19.6
Quebec,1/28/1987,-5.1,20,17.4,-9.7
Quebec,1/29/1987,4.3,22.1,21.2,0.8
Quebec,1/30/1987,3.3,21.5,22.2,7.8
Quebec,1/31/1987,16,22.9,22.4,9.4
Quebec,2/1/1987,9,22.8,22.7,8.6
Quebec,2/2/1987,1,22.6,24.4,8
Quebec,2/3/1987,14,27.9,24.1,7
Quebec,2/4/1987,6.1,21.9,19.8,2.8
Quebec,2/5/1987,-11.8,9.7,17.7,-0.8
Quebec,2/6/1987,3.2,21.4,20.1,1.2
Quebec,2/7/1987,12.2,29.1,24.5,7.8
Quebec,2/8/1987,8.1,23,21.9,5.3
Quebec,2/9/1987,-4.3,13.5,18.7,-6.6
Quebec,2/10/1987,-23.7,19.6,15.6,-10.5
Quebec,2/11/1987,-3.5,13.6,14.6,-15.2
Quebec,2/12/1987,-18.6,10.6,8.4,-9.6
Quebec,2/13/1987,-6.6,1.1,2.1,-17.9
Quebec,2/14/1987,-28.5,-5.5,-0.7,-19.6
Quebec,2/15/1987,-23.9,2.1,2.1,-20.5
Quebec,2/16/1987,-9.3,9.8,10.4,-16.8
Quebec,2/17/1987,-17.2,19.2,15.6,-12.1
Quebec,2/18/1987,-9.9,17.8,19.2,-12.7
Quebec,2/19/1987,-11,20.5,20.6,-8.2
Quebec,2/20/1987,-3.7,23.5,23.5,-6.5
Quebec,2/21/1987,-4.7,26.6,26.5,-4.5
Quebec,2/22/1987,-5.1,29.3,29.1,-4.4
Quebec,2/23/1987,-3.4,31.4,29.5,0.2
Quebec,2/24/1987,9.3,27.9,29,4
Quebec,2/25/1987,6.2,27.8,27.9,7.2
Quebec,2/26/1987,6.2,28,29.1,3.6
Quebec,2/27/1987,-1.6,31.6,32.8,4.1
Quebec,2/28/1987,7.8,38.8,31.7,5.7
Quebec,3/1/1987,10.8,24.8,28.7,12.5
Quebec,3/2/1987,18.9,22.7,23.7,14.4
Quebec,3/3/1987,13.7,23.7,24,7.7
Quebec,3/4/1987,-9.3,25.5,25.9,-2.6
Quebec,3/5/1987,-12.3,28.5,30.7,-3.5
Quebec,3/6/1987,11.1,38.1,36.6,9.1
Quebec,3/7/1987,28.5,43.3,41.3,20.1
Quebec,3/8/1987,20.7,42.5,33.5,18.7
Quebec,3/9/1987,6.8,14.8,23.1,4.7
Quebec,3/10/1987,-13.5,12.1,15.6,-6.7
Quebec,3/11/1987,-13.5,20.1,20.8,-9.4
Quebec,3/12/1987,-1.2,30.3,28.2,-2.9
Quebec,3/13/1987,5.9,34.2,33,3
Quebec,3/14/1987,4.2,34.4,35.1,5.8
Quebec,3/15/1987,7.4,36.7,34.1,8.4
Quebec,3/16/1987,13.6,31.2,35.7,14.1
Quebec,3/17/1987,21.4,39.2,36.5,16.4
Quebec,3/18/1987,14.2,38.9,39.7,18.8
Quebec,3/19/1987,20.7,40.8,40.5,21.9
Quebec,3/20/1987,30.8,41.7,42.6,27.8
Quebec,3/21/1987,31.8,45.3,46.5,32
Quebec,3/22/1987,33.4,52.5,51.1,32.1
Quebec,3/23/1987,31.1,55.5,54.7,29.9
Quebec,3/24/1987,25.2,56.1,57,26.7
Quebec,3/25/1987,23.9,59.4,52.9,28.5
Quebec,3/26/1987,36.4,43.1,50,31.9
Quebec,3/27/1987,35.4,47.4,47.6,34.8
Quebec,3/28/1987,32.7,52.2,51.3,32.6
Quebec,3/29/1987,29.8,54.2,54.5,31.6
Quebec,3/30/1987,32.3,57.1,57.5,36.2
Quebec,3/31/1987,46.5,61.2,51.9,34.1
Quebec,4/1/1987,23.6,37.4,44.6,30.8
Quebec,4/2/1987,22.3,35.2,39.5,25.4
Quebec,4/3/1987,30.2,46.1,43.8,28.4
Quebec,4/4/1987,32.8,50,49.4,33.9
Quebec,4/5/1987,38.7,52,50.8,38.3
Quebec,4/6/1987,43.3,50.4,50.3,40.8
Quebec,4/7/1987,40.4,48.4,48.8,39.6
Quebec,4/8/1987,35.1,47.6,51.9,36.6
Quebec,4/9/1987,34.4,59.6,57,36
Quebec,4/10/1987,38.6,63.8,61.8,34.8
Quebec,4/11/1987,31.5,62,60.2,35.4
Quebec,4/12/1987,36,54.9,56,34.5
Quebec,4/13/1987,36.1,51.1,54.7,33.8
Quebec,4/14/1987,29.2,58,58.7,35
Quebec,4/15/1987,39.6,66.9,64.5,37.5
Quebec,4/16/1987,43.7,68.7,67.9,43.4
Quebec,4/17/1987,46.9,68.1,70.8,47.3
Quebec,4/18/1987,51.2,75.7,73.5,48.2
Quebec,4/19/1987,46.6,76.8,77.8,48.2
Quebec,4/20/1987,46.9,81,80.6,49.3
Quebec,4/21/1987,54.4,83.9,74.1,45
Quebec,4/22/1987,33.7,57.5,66.5,41.6
Quebec,4/23/1987,36.8,58.3,55.5,35.6
Quebec,4/24/1987,36.4,50.8,56,33
Quebec,4/25/1987,25.9,58.8,54.5,29.9
Quebec,4/26/1987,27.5,54,58.1,26.9
Quebec,4/27/1987,27.2,61.6,54,30.6
Quebec,4/28/1987,37.2,46.4,49.9,32.8
Quebec,4/29/1987,34.2,41.8,44.8,35.1
Quebec,4/30/1987,33.8,46.2,45.2,33.4
Quebec,5/1/1987,32.2,47.7,48.5,29.7
Quebec,5/2/1987,23.1,51.7,50.9,26.9
Quebec,5/3/1987,25.4,53.3,54.2,25.5
Quebec,5/4/1987,28.1,57.5,58.5,28.4
Quebec,5/5/1987,31.6,64.9,59.4,35.6
Quebec,5/6/1987,47.1,55.8,59.3,40.1
Quebec,5/7/1987,41.5,57.1,58.7,38.4
Quebec,5/8/1987,26.7,63.1,62.4,33.9
Quebec,5/9/1987,33.3,67,64.6,36.1
Quebec,5/10/1987,48.4,63.8,63.4,37.6
Quebec,5/11/1987,31.1,59.4,60.1,41.5
Quebec,5/12/1987,45.1,57,61.4,35.4
Quebec,5/13/1987,30,67.7,66.7,39.7
Quebec,5/14/1987,44,75.3,66.9,39
Quebec,5/15/1987,42.9,57.7,63.9,38.2
Quebec,5/16/1987,27.6,58.8,60.6,39.4
Quebec,5/17/1987,47.8,65.2,60,39.8
Quebec,5/18/1987,43.9,56,60.8,42.3
Quebec,5/19/1987,35.4,61.2,62.2,39.1
Quebec,5/20/1987,38.1,69.5,66.6,40.1
Quebec,5/21/1987,46.9,69,69.5,47
Quebec,5/22/1987,56,70.1,64.3,48.8
Quebec,5/23/1987,43.6,53.7,60.9,47.8
Quebec,5/24/1987,43.7,59.1,60.1,44.3
Quebec,5/25/1987,45.5,67.6,66.7,43.8
Quebec,5/26/1987,42.3,73.4,70,48.9
Quebec,5/27/1987,59,68.9,74.7,52.7
Quebec,5/28/1987,56.9,81.7,76.1,58.2
Quebec,5/29/1987,58.9,77.7,80.8,58.5
Quebec,5/30/1987,59.6,83,80.5,61.2
Quebec,5/31/1987,65.2,80.8,81.1,61.6
Quebec,6/1/1987,60.1,79.6,79.9,61.9
Quebec,6/2/1987,60.6,79.3,78.5,61.1
Quebec,6/3/1987,62.8,76.7,75.8,61.3
Quebec,6/4/1987,60.7,71.5,73.1,58.4
Quebec,6/5/1987,51.7,71,69.7,50.9
Quebec,6/6/1987,40.3,66.7,68.8,45.3
Quebec,6/7/1987,43.9,68.7,66.6,46.1
Quebec,6/8/1987,54,64.3,67.1,48.9
Quebec,6/9/1987,48.7,68.3,68.9,49.1
Quebec,6/10/1987,44.6,74,71.9,47.3
Quebec,6/11/1987,48.5,73.3,70.7,48.3
Quebec,6/12/1987,51.8,64.7,70.7,49.7
Quebec,6/13/1987,48.7,74.2,72.3,50.1
Quebec,6/14/1987,49.9,77.9,76.9,51.5
Quebec,6/15/1987,56.1,78.5,74.4,51
Quebec,6/16/1987,46.9,66.8,73.4,49.5
Quebec,6/17/1987,45.6,74.8,73.9,46.9
Quebec,6/18/1987,48.1,79.9,79.3,50.9
Quebec,6/19/1987,59.1,83.2,78.8,52.6
Quebec,6/20/1987,50.7,73.2,78.7,51.9
Quebec,6/21/1987,45.8,79.6,77.6,49.3
Quebec,6/22/1987,51.3,80.1,81,51.5
Quebec,6/23/1987,57.4,83.4,84,54.8
Quebec,6/24/1987,55.6,88.6,80.5,55.8
Quebec,6/25/1987,54.4,69.6,78.2,55.4
Quebec,6/26/1987,56.1,76.6,71.4,57.7
Quebec,6/27/1987,62.5,68,71.9,58.4
Quebec,6/28/1987,56.7,71.1,70.2,57.5
Quebec,6/29/1987,53.4,71.4,73,57.6
Quebec,6/30/1987,62.7,76.5,73.6,56.9
Quebec,7/1/1987,54.7,72.8,75.1,55.5
Quebec,7/2/1987,49.2,76,72.9,54.3
Quebec,7/3/1987,58.8,69.8,73.5,55.9
Quebec,7/4/1987,59.8,74.8,75.3,57.7
Quebec,7/5/1987,54.4,81.5,80.4,57.2
Quebec,7/6/1987,57.3,84.8,82,59.5
Quebec,7/7/1987,66.9,79.6,82.5,62.7
Quebec,7/8/1987,64,83.2,83.8,65.1
Quebec,7/9/1987,64.5,88.7,87.2,64
Quebec,7/10/1987,63.4,89.7,89.5,65.1
Quebec,7/11/1987,67.4,90.2,90.3,67.5
Quebec,7/12/1987,71.8,91.2,91,70.2
Quebec,7/13/1987,71.5,91.7,89.3,70.2
Quebec,7/14/1987,67.5,84.8,82,64.2
Quebec,7/15/1987,53.8,69.4,76.4,56
Quebec,7/16/1987,46.6,74.9,73.9,50
Quebec,7/17/1987,49.7,77.5,77.7,53
Quebec,7/18/1987,62.7,80.9,77.7,56.6
Quebec,7/19/1987,57.3,74.8,73.9,59.9
Quebec,7/20/1987,59.6,65.9,71.5,58.4
Quebec,7/21/1987,58.2,73.9,74.9,58.9
Quebec,7/22/1987,58.9,85,81.3,59.8
Quebec,7/23/1987,62.2,85,85,63.8
Quebec,7/24/1987,70.2,85,84.1,65.5
Quebec,7/25/1987,64.1,82.2,81.1,64.5
Quebec,7/26/1987,59.3,76.1,76.5,57.9
Quebec,7/27/1987,50.4,71.3,71.6,50.6
Quebec,7/28/1987,42.2,67.4,70,44.8
Quebec,7/29/1987,41.9,71.3,70.9,47.3
Quebec,7/30/1987,58,74,72.3,48.3
Quebec,7/31/1987,45,71.6,73.7,49.4
Quebec,8/1/1987,45.1,75.6,75.4,45.4
Quebec,8/2/1987,46,79.1,77.8,51.9
Quebec,8/3/1987,64.6,78.8,78.2,55.9
Quebec,8/4/1987,56.9,76.8,75.2,56
Quebec,8/5/1987,46.6,69.9,74.2,49.9
Quebec,8/6/1987,46.1,75.9,75.4,47.7
Quebec,8/7/1987,50.5,80.4,77.9,52.4
Quebec,8/8/1987,60.7,77.5,78.1,53.1
Quebec,8/9/1987,48.2,76.5,77.3,55.4
Quebec,8/10/1987,57.4,77.8,75.8,52.5
Quebec,8/11/1987,51.9,73,75.6,51.5
Quebec,8/12/1987,45.1,75.9,77.1,48.1
Quebec,8/13/1987,47.2,82.4,77.4,49.9
Quebec,8/14/1987,57.3,73.9,77.6,56.3
Quebec,8/15/1987,64.5,76.6,79.3,61.5
Quebec,8/16/1987,62.6,87.4,85,65.2
Quebec,8/17/1987,68.5,90.9,86.2,65
Quebec,8/18/1987,63.8,80.4,83.3,62.4
Quebec,8/19/1987,54.9,78.5,76.8,56.8
Quebec,8/20/1987,51.6,71.5,75.8,50.8
Quebec,8/21/1987,46,77.5,74.5,51.5
Quebec,8/22/1987,57,74.6,72.6,49.2
Quebec,8/23/1987,44.7,65.7,67.7,47.8
Quebec,8/24/1987,41.6,62.8,64.9,43.3
Quebec,8/25/1987,43.7,66.2,64.4,41
Quebec,8/26/1987,37.6,64.3,66.3,39.4
Quebec,8/27/1987,37,68.5,68.3,39
Quebec,8/28/1987,42.3,72.1,69.4,43.4
Quebec,8/29/1987,50.8,67.5,72.3,46.7
Quebec,8/30/1987,47,77.3,74.3,51.9
Quebec,8/31/1987,57.7,78,72.9,52.5
Quebec,9/1/1987,52.7,63.6,68.6,51.8
Quebec,9/2/1987,44.9,64.2,63.2,45.8
Quebec,9/3/1987,39.7,61.8,65,39.7
Quebec,9/4/1987,34.6,69.1,69.8,38.3
Quebec,9/5/1987,40.8,78.6,75.6,42.8
Quebec,9/6/1987,53.2,79.1,78.3,50.2
Quebec,9/7/1987,56.7,77.4,77.1,57.5
Quebec,9/8/1987,62.7,74.8,72.3,59.4
Quebec,9/9/1987,58.8,64.7,68.5,58.8
Quebec,9/10/1987,54.9,66.1,66.8,55.5
Quebec,9/11/1987,52.7,69.5,67.6,55.4
Quebec,9/12/1987,58.6,67.1,66.3,56.1
Quebec,9/13/1987,57.1,62.4,66.5,58.1
Quebec,9/14/1987,58.6,70,67.8,54.6
Quebec,9/15/1987,48.1,71,70.3,53.1
Quebec,9/16/1987,52.6,69.9,67.9,47.9
Quebec,9/17/1987,43,62.9,66.8,46.1
Quebec,9/18/1987,42.7,67.5,63.8,45.5
Quebec,9/19/1987,50.7,61.1,62.3,48
Quebec,9/20/1987,50.6,58.3,58.5,50.2
Quebec,9/21/1987,49.3,56.1,59.2,49.2
Quebec,9/22/1987,47.8,63.1,61,49
Quebec,9/23/1987,49.9,63.7,62,45
Quebec,9/24/1987,37.5,59.1,58,39.5
Quebec,9/25/1987,31.2,51.1,56.7,34.6
Quebec,9/26/1987,35,59.9,56.2,31.6
Quebec,9/27/1987,28.7,57.5,61,33.5
Quebec,9/28/1987,36.7,65.7,67.7,38.5
Quebec,9/29/1987,50.2,79.9,70.5,47.4
Quebec,9/30/1987,55.2,66,67.3,49.6
Quebec,10/1/1987,43.5,55.9,60.7,44.5
Quebec,10/2/1987,35,60.3,56.6,41.2
Quebec,10/3/1987,45.3,53.7,54.9,39.6
Quebec,10/4/1987,38.4,50.5,56.6,38.2
Quebec,10/5/1987,30.8,65.6,60.9,35.1
Quebec,10/6/1987,36.1,66.6,66.2,39.9
Quebec,10/7/1987,52.8,66.3,60.6,43.8
Quebec,10/8/1987,42.4,49,55.9,40.9
Quebec,10/9/1987,27.6,52.3,50.2,36.5
Quebec,10/10/1987,39.4,49.3,49,31
Quebec,10/11/1987,26.2,45.5,48.1,29.2
Quebec,10/12/1987,22.1,49.7,49,24.2
Quebec,10/13/1987,24.3,51.8,53.7,25.4
Quebec,10/14/1987,29.9,59.7,57.5,30.1
Quebec,10/15/1987,36.1,60.9,58.4,35.6
Quebec,10/16/1987,40.7,54.5,59.6,38.3
Quebec,10/17/1987,38,63.4,57.9,42.6
Quebec,10/18/1987,49.2,55.7,59.2,43.8
Quebec,10/19/1987,44,58.5,56.5,45
Quebec,10/20/1987,41.8,55.1,52.2,41.9
Quebec,10/21/1987,39.8,43,47.2,37
Quebec,10/22/1987,29.4,43.3,42.8,32.4
Quebec,10/23/1987,28,42.2,44.4,30.6
Quebec,10/24/1987,34.3,47.7,43.9,32.9
Quebec,10/25/1987,36.5,41.8,44.4,31.9
Quebec,10/26/1987,25,43.6,46.6,29
Quebec,10/27/1987,25.4,54.5,48.1,27.3
Quebec,10/28/1987,31.6,46.2,49,29.2
Quebec,10/29/1987,30.5,46.4,45.8,29.6
Quebec,10/30/1987,26.7,44.9,45.7,30.3
Quebec,10/31/1987,33.9,46,45.7,30.3
Quebec,11/1/1987,30.4,46.4,44.2,29.4
Quebec,11/2/1987,23.8,40.3,45.8,27.7
Quebec,11/3/1987,29,50.6,50.2,33.3
Quebec,11/4/1987,47,59.6,52.5,38.6
Quebec,11/5/1987,39.7,47.2,45.7,37
Quebec,11/6/1987,24.2,30.4,37.7,26
Quebec,11/7/1987,14.1,35.4,35.8,20.9
Quebec,11/8/1987,24.3,41.7,36.4,21.8
Quebec,11/9/1987,26.9,32.1,33.8,24.1
Quebec,11/10/1987,21.2,27.5,30.4,21.8
Quebec,11/11/1987,17.3,31.6,32.8,16.3
Quebec,11/12/1987,10.4,39.4,37.2,19.7
Quebec,11/13/1987,31.4,40.7,41,25.3
Quebec,11/14/1987,34,43,39.7,29.9
Quebec,11/15/1987,24.3,35.3,38.9,26.5
Quebec,11/16/1987,21.3,38.4,43.2,24
Quebec,11/17/1987,26.5,55.9,50,28.4
Quebec,11/18/1987,37.5,55.7,51.8,30.9
Quebec,11/19/1987,28.6,43.7,44.2,27.5
Quebec,11/20/1987,16.3,33.1,32,16.9
Quebec,11/21/1987,5.7,19.2,27.1,11.6
Quebec,11/22/1987,12.8,29.1,28.2,10.5
Quebec,11/23/1987,13,36.4,37.2,18.8
Quebec,11/24/1987,30.6,46.1,38.6,24
Quebec,11/25/1987,28.4,33.2,35.7,27
Quebec,11/26/1987,21.9,27.8,29.2,18.7
Quebec,11/27/1987,5.6,26.7,25.6,12.7
Quebec,11/28/1987,10.6,22.3,28.2,11.4
Quebec,11/29/1987,18,35.7,32.2,19.4
Quebec,11/30/1987,29.6,38.7,37.2,23.7
Quebec,12/1/1987,23.5,37.2,35.5,26
Quebec,12/2/1987,25,30.6,32.7,20.9
Quebec,12/3/1987,14.2,30.4,30.3,20.3
Quebec,12/4/1987,21.8,29.9,30,16.7
Quebec,12/5/1987,14.1,29.8,30.2,20.4
Quebec,12/6/1987,25.3,30.7,30,17.1
Quebec,12/7/1987,11.8,29.3,30.2,15.6
Quebec,12/8/1987,9.7,30.4,32.8,14.4
Quebec,12/9/1987,21.7,38.7,35.9,20.8
Quebec,12/10/1987,30.9,38.5,37.6,28.2
Quebec,12/11/1987,32,35.7,36.2,31.1
Quebec,12/12/1987,30.4,34.4,33.3,29.5
Quebec,12/13/1987,26.1,29.8,33.4,26.9
Quebec,12/14/1987,24.3,35.8,31.5,23.6
Quebec,12/15/1987,20.3,28.7,30.3,21.7
Quebec,12/16/1987,20.5,26.4,25.9,16.6
Quebec,12/17/1987,9.1,22.6,23.1,8.9
Quebec,12/18/1987,-2.8,20.2,22.6,4.3
Quebec,12/19/1987,6.7,24.9,26.7,4.2
Quebec,12/20/1987,8.6,35.2,32.1,15.5
Quebec,12/21/1987,31.3,36.2,35.7,20
Quebec,12/22/1987,20.2,35.8,34.8,25.6
Quebec,12/23/1987,25.3,32.5,32.6,17.3
Quebec,12/24/1987,6.4,29.5,32,17.8
Quebec,12/25/1987,21.6,33.9,28.6,13.1
Quebec,12/26/1987,11.3,22.3,27.5,10.9
Quebec,12/27/1987,-0.1,26.2,19.2,1.2
Quebec,12/28/1987,-7.7,9.1,13.5,-2.8
Quebec,12/29/1987,-0.5,5.2,6.9,-7.6
Quebec,12/30/1987,-14.7,6.4,14.2,-9.2
Quebec,12/31/1987,-12.4,31.1,23.3,-6.5
Quebec,1/1/1988,7.7,32.5,28.5,0.2
Quebec,1/2/1988,5.2,22,26.5,5
Quebec,1/3/1988,2.1,25,24.7,6.3
Quebec,1/4/1988,11.6,27.1,21.8,4.7
Quebec,1/5/1988,0.4,13.4,12.5,-0.3
Quebec,1/6/1988,-13,-2.9,3.2,-9.8
Quebec,1/7/1988,-16.7,-1.1,1.5,-16.3
Quebec,1/8/1988,-19.1,8.5,7.9,-11.9
Quebec,1/9/1988,0.2,16.3,12.9,-10.3
Quebec,1/10/1988,-11.9,14,18.4,-7.9
Quebec,1/11/1988,-12.1,24.8,24.8,-2
Quebec,1/12/1988,17.9,35.5,31.2,2.6
Quebec,1/13/1988,2,33.4,20.3,-1.6
Quebec,1/14/1988,-24.8,-7.9,15.1,-13.7
Quebec,1/15/1988,-18.2,19.9,14.5,-11.4
Quebec,1/16/1988,8.9,31.7,29.9,3.9
Quebec,1/17/1988,20.9,38.1,35.3,20.5
Quebec,1/18/1988,31.8,36,36.3,27.2
Quebec,1/19/1988,28.8,34.7,36,25.6
Quebec,1/20/1988,16.2,37.4,36.6,23.7
Quebec,1/21/1988,26.2,37.8,30,13.3
Quebec,1/22/1988,-2.5,14.8,24,5.6
Quebec,1/23/1988,-6.9,19.6,23.2,-1.6
Quebec,1/24/1988,4.6,35.2,28.7,7.7
Quebec,1/25/1988,25.5,31.3,28.7,13.3
Quebec,1/26/1988,9.8,19.7,18,9.2
Quebec,1/27/1988,-7.8,3.1,10.5,-2.3
Quebec,1/28/1988,-9,8.7,10.4,-12.2
Quebec,1/29/1988,-19.8,19.3,21.7,-7.7
Quebec,1/30/1988,5.8,36.9,32.2,4.6
Quebec,1/31/1988,27.9,40.3,39.2,22.2
Quebec,2/1/1988,32.9,40.4,31.9,15.5
Quebec,2/2/1988,-14.4,14.9,21.2,1.5
Quebec,2/3/1988,-14,8.3,13.6,-10.6
Quebec,2/4/1988,-3.3,17.7,9.2,-10.1
Quebec,2/5/1988,-12.8,1.8,10.4,-12.2
Quebec,2/6/1988,-20.3,11.7,10,-18.1
Quebec,2/7/1988,-21.1,16.6,14.9,-13.2
Quebec,2/8/1988,1.8,16.4,15,-11.1
Quebec,2/9/1988,-14,11.9,15.8,-3.4
Quebec,2/10/1988,2.2,19.1,14.7,-4.8
Quebec,2/11/1988,-2.6,13.1,17.4,-0.1
Quebec,2/12/1988,0.2,20.2,17.7,3.5
Quebec,2/13/1988,13,20,20.9,6.8
Quebec,2/14/1988,7.1,22.4,25.9,11.4
Quebec,2/15/1988,14.1,35.2,26.6,12.7
Quebec,2/16/1988,16.8,22.3,27.8,14
Quebec,2/17/1988,11.2,25.9,26.1,13
Quebec,2/18/1988,10.9,30,31.6,11.8
Quebec,2/19/1988,13.2,39,35.5,17
Quebec,2/20/1988,26.9,37.6,30.5,11.2
Quebec,2/21/1988,-6.5,14.9,30,5.8
Quebec,2/22/1988,-3.1,37.6,30.5,5.1
Quebec,2/23/1988,24.9,39.1,33,9.2
Quebec,2/24/1988,5.9,22.4,27.7,12.4
Quebec,2/25/1988,6.5,21.7,22.2,4.9
Quebec,2/26/1988,2.3,22.5,23.9,4.2
Quebec,2/27/1988,3.8,27.6,25.4,0.8
Quebec,2/28/1988,-3.8,26.2,27.4,4.9
Quebec,2/29/1988,14.5,28.3,21.4,3.1
Quebec,3/1/1988,-1.4,9.8,17.7,1.6
Quebec,3/2/1988,-8.4,14.8,16.1,-2.4
Quebec,3/3/1988,2.8,23.6,21.1,-4.5
Quebec,3/4/1988,-7.9,24.7,21.9,-1.8
Quebec,3/5/1988,-0.2,17.3,25.9,-4.3
Quebec,3/6/1988,-4.9,35.5,30.6,6.1
Quebec,3/7/1988,23.4,39,33.1,8.3
Quebec,3/8/1988,6.4,24.9,33.8,16.7
Quebec,3/9/1988,20.4,37.6,31.9,15.7
Quebec,3/10/1988,20.2,33.2,28.6,15.1
Quebec,3/11/1988,4.8,15.1,23.9,6.2
Quebec,3/12/1988,-6.4,23.3,20.6,5.7
Quebec,3/13/1988,18.8,23.5,27,10.8
Quebec,3/14/1988,20,34.2,32.2,20.9
Quebec,3/15/1988,23.8,38.9,37.7,23.4
Quebec,3/16/1988,26.4,40,38.2,22.1
Quebec,3/17/1988,16.1,35.5,36.6,19.6
Quebec,3/18/1988,16.4,34.3,31.8,16.4
Quebec,3/19/1988,16.8,25.5,25.5,13.5
Quebec,3/20/1988,7.2,16.8,19.1,5.4
Quebec,3/21/1988,-7.9,14.8,19.2,0.1
Quebec,3/22/1988,1,26,27,-1.5
Quebec,3/23/1988,2.5,40.2,36.5,12
Quebec,3/24/1988,32.7,43.2,44.2,19
Quebec,3/25/1988,21.7,49.2,47.6,30.2
Quebec,3/26/1988,36.1,50.3,46.4,30.5
Quebec,3/27/1988,33.8,39.6,42.9,31.8
Quebec,3/28/1988,25.6,38.7,38.7,26
Quebec,3/29/1988,18.7,37.9,43.5,24.8
Quebec,3/30/1988,30.1,54,47.3,27
Quebec,3/31/1988,32.2,50.1,50.9,27.3
Quebec,4/1/1988,19.8,48.4,50,26.9
Quebec,4/2/1988,28.9,51.5,49.5,26.6
Quebec,4/3/1988,31.3,48.6,53.4,33
Quebec,4/4/1988,38.8,60.1,52.2,36.2
Quebec,4/5/1988,38.6,48,53.8,37.5
Quebec,4/6/1988,35.2,53.4,50.1,36.2
Quebec,4/7/1988,34.9,49,48.4,35.5
Quebec,4/8/1988,36.4,42.7,46.9,35.8
Quebec,4/9/1988,36.2,49,48.3,35.2
Quebec,4/10/1988,32.8,53.2,51.8,35.1
Quebec,4/11/1988,36.2,53.1,53.2,33.7
Quebec,4/12/1988,32,53.4,53.9,31.9
Quebec,4/13/1988,27.7,55.1,55.2,31.3
Quebec,4/14/1988,34.3,57.1,52.3,33.8
Quebec,4/15/1988,39.4,44.6,48.1,35.3
Quebec,4/16/1988,32.1,42.7,47.2,34.8
Quebec,4/17/1988,32.8,54.3,49,36.2
Quebec,4/18/1988,43.8,50,49,35.1
Quebec,4/19/1988,28.6,42.9,45.4,33.4
Quebec,4/20/1988,27.7,43.5,45.3,27.1
Quebec,4/21/1988,24.9,49.5,48.5,28.2
Quebec,4/22/1988,32,52.7,52.5,28
Quebec,4/23/1988,27,55.2,51,32.5
Quebec,4/24/1988,38.4,45.1,50.8,34.4
Quebec,4/25/1988,37.7,52,48.6,34.5
Quebec,4/26/1988,27.4,48.8,51.2,32.3
Quebec,4/27/1988,31.8,52.9,49.7,32.6
Quebec,4/28/1988,38.7,47.4,49.3,36.9
Quebec,4/29/1988,40.2,47.6,47.1,39.3
Quebec,4/30/1988,39.2,46.4,48.2,38.3
Quebec,5/1/1988,35.7,50.5,50.4,37.5
Quebec,5/2/1988,37.7,54.1,55.9,35.4
Quebec,5/3/1988,32.8,62.9,63.6,38
Quebec,5/4/1988,43.4,73.8,70.8,40
Quebec,5/5/1988,43.9,75.6,75.9,44.1
Quebec,5/6/1988,45,78.2,72.3,43.5
Quebec,5/7/1988,41.6,63.1,71.6,41.1
Quebec,5/8/1988,36.7,73.6,70.5,41.2
Quebec,5/9/1988,45.4,74.7,72.8,45.3
Quebec,5/10/1988,53.7,70.1,67.9,48.3
Quebec,5/11/1988,45.8,58.8,64.6,44
Quebec,5/12/1988,32.5,64.8,64.1,42.3
Quebec,5/13/1988,48.5,68.6,63.4,37.6
Quebec,5/14/1988,31.8,56.8,65.2,36.9
Quebec,5/15/1988,30.4,70.2,62.8,38.3
Quebec,5/16/1988,52.7,61.4,62,42.7
Quebec,5/17/1988,45.1,54.3,59,47.6
Quebec,5/18/1988,45,61.5,61.2,46.3
Quebec,5/19/1988,48.7,68,68.2,49.3
Quebec,5/20/1988,54.1,75.2,73,52.8
Quebec,5/21/1988,55.5,75.9,76.3,54.1
Quebec,5/22/1988,52.6,77.9,75.4,52.7
Quebec,5/23/1988,50,72.4,71.5,49.8
Quebec,5/24/1988,46.8,64.3,65.1,46.9
Quebec,5/25/1988,43.8,58.5,63.2,44.8
Quebec,5/26/1988,43.7,66.7,67.5,45.9
Quebec,5/27/1988,50.4,77.2,74.1,49.9
Quebec,5/28/1988,55.8,78.3,77.7,51.6
Quebec,5/29/1988,48.7,77.5,76.5,52.3
Quebec,5/30/1988,52.4,73.8,75.8,51.9
Quebec,5/31/1988,54.5,76.1,71,50.1
Quebec,6/1/1988,43.3,63.1,67.3,45.6
Quebec,6/2/1988,39.1,62.8,63.5,41.5
Quebec,6/3/1988,42.2,64.7,67.2,40.6
Quebec,6/4/1988,40.5,74,72.3,45.7
Quebec,6/5/1988,54.5,78.3,75,47.9
Quebec,6/6/1988,48.8,72.8,72.8,50
Quebec,6/7/1988,46.8,67.3,67.6,45
Quebec,6/8/1988,39.3,62.6,63.9,40.2
Quebec,6/9/1988,34.6,61.7,64.5,40.1
Quebec,6/10/1988,46.3,69.3,70.2,43.1
Quebec,6/11/1988,48.4,79.7,78.1,50.6
Quebec,6/12/1988,57.1,85.2,83.7,55
Quebec,6/13/1988,59.3,86.2,85.1,58.7
Quebec,6/14/1988,59.7,83.9,88.3,60.9
Quebec,6/15/1988,63.7,94.9,86.2,63.6
Quebec,6/16/1988,67.4,79.9,83.6,60.7
Quebec,6/17/1988,51,76,79.4,54.7
Quebec,6/18/1988,45.9,82.3,81.7,50.7
Quebec,6/19/1988,55.3,86.7,85.9,56.8
Quebec,6/20/1988,69.4,88.8,85.8,62.3
Quebec,6/21/1988,62.2,81.9,83.4,63.3
Quebec,6/22/1988,58.4,79.5,75.3,56.6
Quebec,6/23/1988,49.2,64.4,72.1,49.2
Quebec,6/24/1988,40,72.2,67.7,47.9
Quebec,6/25/1988,54.7,66.3,67.1,50.4
Quebec,6/26/1988,56.6,62.8,68.3,52.6
Quebec,6/27/1988,46.4,75.8,68.1,50.9
Quebec,6/28/1988,49.6,65.8,67.2,44.7
Quebec,6/29/1988,38,60.1,60.9,44.7
Quebec,6/30/1988,46.5,56.9,59.5,45.3
Quebec,7/1/1988,51.4,61.7,62.8,49.1
Quebec,7/2/1988,49.3,69.9,70.8,51.6
Quebec,7/3/1988,54.1,80.8,78.3,53.8
Quebec,7/4/1988,57.9,84.3,84.4,55.8
Quebec,7/5/1988,55.3,88.3,84.3,58.7
Quebec,7/6/1988,63,80.5,84.9,60.4
Quebec,7/7/1988,62.9,86.1,86.3,65.4
Quebec,7/8/1988,70.4,92.5,90.2,68.1
Quebec,7/9/1988,71.1,92.1,91.5,69
Quebec,7/10/1988,65.4,89.8,87.2,67.9
Quebec,7/11/1988,67.3,79.6,82.6,65.3
Quebec,7/12/1988,63.2,78.5,79.1,61.2
Quebec,7/13/1988,53,79.4,79.3,59.4
Quebec,7/14/1988,61.9,79.9,77.2,54.1
Quebec,7/15/1988,47.4,72.4,73.9,55.7
Quebec,7/16/1988,57.8,69.4,72.4,54.4
Quebec,7/17/1988,58.2,75.4,76.5,58.6
Quebec,7/18/1988,59.7,84.5,78.5,60.4
Quebec,7/19/1988,63.4,75.4,78.7,60.4
Quebec,7/20/1988,58,76.1,75.8,59
Quebec,7/21/1988,55.6,75.9,78,57.6
Quebec,7/22/1988,59.2,82.1,80.5,56.4
Quebec,7/23/1988,54.3,83.4,82.6,59.5
Quebec,7/24/1988,64.9,82.4,81.9,60.5
Quebec,7/25/1988,62.3,79.8,81.5,62.6
Quebec,7/26/1988,60.8,82.3,81,61.8
Quebec,7/27/1988,62.4,80.8,82.7,60.7
Quebec,7/28/1988,58.9,84.9,85.1,60.3
Quebec,7/29/1988,59.6,89.5,89,62.5
Quebec,7/30/1988,69.1,92.6,87.5,62.5
Quebec,7/31/1988,58.9,80.5,86.5,60.9
Quebec,8/1/1988,54.8,86.4,84.5,58.3
Quebec,8/2/1988,61.3,86.6,85.7,59.1
Quebec,8/3/1988,61.2,84.1,87.1,63.8
Quebec,8/4/1988,68.9,90.7,87.7,67
Quebec,8/5/1988,70.8,88.3,87.5,70.3
Quebec,8/6/1988,71.2,83.5,85.1,69.1
Quebec,8/7/1988,65.4,83.4,84.1,66.2
Quebec,8/8/1988,62,85.3,82.9,65.6
Quebec,8/9/1988,69.3,80,83.7,66.9
Quebec,8/10/1988,69.3,85.8,84.2,65.1
Quebec,8/11/1988,56.6,86.7,86.5,63
Quebec,8/12/1988,63.1,86.9,86,61.9
Quebec,8/13/1988,65.9,84.2,80.9,62.7
Quebec,8/14/1988,59.2,71.6,77.9,62.1
Quebec,8/15/1988,61.4,77.8,73.1,60.6
Quebec,8/16/1988,61.2,69.8,73.3,59
Quebec,8/17/1988,54.3,72.3,70.1,54.7
Quebec,8/18/1988,48.6,68.4,71.2,49.5
Quebec,8/19/1988,45.5,72.8,69.7,47.2
Quebec,8/20/1988,47.6,68,68.1,47.3
Quebec,8/21/1988,48.8,63.5,65.8,46.6
Quebec,8/22/1988,43.5,65.8,66.4,44
Quebec,8/23/1988,39.9,69.9,66.2,45.6
Quebec,8/24/1988,53.6,63.1,66.5,48.8
Quebec,8/25/1988,53,66.5,68.2,54.9
Quebec,8/26/1988,58.1,75.1,72.3,55.7
Quebec,8/27/1988,56.1,75.3,73.8,57.9
Quebec,8/28/1988,59.6,71,69.7,58.2
Quebec,8/29/1988,58.9,62.7,68.1,56
Quebec,8/30/1988,49.6,70.7,68.1,51.5
Quebec,8/31/1988,46,70.8,72.3,46.7
Quebec,9/1/1988,44.7,75.4,74.9,49.5
Quebec,9/2/1988,57.7,78.6,75.9,52.1
Quebec,9/3/1988,54,73.7,73.5,55.7
Quebec,9/4/1988,55.4,68.2,66.8,53.5
Quebec,9/5/1988,51.1,58.6,61.8,49
Quebec,9/6/1988,40.4,58.6,61.1,44
Quebec,9/7/1988,40.6,66,65.8,43
Quebec,9/8/1988,48.1,72.7,70.5,44.4
Quebec,9/9/1988,44.5,73,72.7,48
Quebec,9/10/1988,51.6,72.5,70,47.7
Quebec,9/11/1988,47.1,64.4,67.1,47.5
Quebec,9/12/1988,43.9,64.3,64.8,48
Quebec,9/13/1988,52.9,65.8,63.8,46
Quebec,9/14/1988,41.2,61.2,62.2,43.6
Quebec,9/15/1988,36.6,59.5,61.7,37.2
Quebec,9/16/1988,34,64.3,62,38.4
Quebec,9/17/1988,44.7,62.2,65.1,44.3
Quebec,9/18/1988,54.2,68.7,67.6,49.8
Quebec,9/19/1988,50.4,71.9,71.8,52.3
Quebec,9/20/1988,52.4,74.7,70.2,52.5
Quebec,9/21/1988,54.7,64.1,66.4,50.7
Quebec,9/22/1988,45,60.5,63.5,49
Quebec,9/23/1988,47.2,65.8,62.8,45.1
Quebec,9/24/1988,43.1,62.1,64.5,41.3
Quebec,9/25/1988,33.7,65.7,63.2,40.8
Quebec,9/26/1988,45.7,61.9,61.7,39.6
Quebec,9/27/1988,39.4,57.5,58.9,43
Quebec,9/28/1988,43.7,57.3,57,38.1
Quebec,9/29/1988,31.3,56.3,58.9,39.8
Quebec,9/30/1988,44.5,63,63.9,43.2
Quebec,10/1/1988,53.8,72.5,67,49.7
Quebec,10/2/1988,50.9,65.6,64.5,47.8
Quebec,10/3/1988,38.7,55.4,58.5,41.1
Quebec,10/4/1988,33.8,54.7,53,37.3
Quebec,10/5/1988,39.3,48.9,51.8,35.2
Quebec,10/6/1988,32.5,52,51.1,33.9
Quebec,10/7/1988,29.8,52.4,50.4,32
Quebec,10/8/1988,33.6,47,48.9,32.7
Quebec,10/9/1988,34.6,47.4,49.2,32.2
Quebec,10/10/1988,28.6,53.3,51,36.5
Quebec,10/11/1988,46.2,52.3,49,37
Quebec,10/12/1988,36.1,41.3,44.6,38.2
Quebec,10/13/1988,32.5,40,42.6,33
Quebec,10/14/1988,30.5,46.4,45.2,32.8
Quebec,10/15/1988,35.3,49.2,50.3,33.7
Quebec,10/16/1988,35.2,55.3,57.1,38.7
Quebec,10/17/1988,45.7,66.9,63,43.6
Quebec,10/18/1988,50,66.7,59.3,41.3
Quebec,10/19/1988,28.2,44.2,52,34.4
Quebec,10/20/1988,25,44.9,46.6,25.9
Quebec,10/21/1988,24.4,50.5,45.1,27.1
Quebec,10/22/1988,31.9,39.9,44.4,30.1
Quebec,10/23/1988,33.9,42.9,43.8,34.1
Quebec,10/24/1988,36.4,48.5,46.6,34.4
Quebec,10/25/1988,32.9,48.5,47.7,36.3
Quebec,10/26/1988,39.5,46.1,47.8,35
Quebec,10/27/1988,32.8,48.7,47.5,36
Quebec,10/28/1988,35.6,47.7,46.4,34.2
Quebec,10/29/1988,34.1,42.7,42,31.2
Quebec,10/30/1988,23.8,35.5,39.6,25.6
Quebec,10/31/1988,19,40.6,38.9,22.1
Quebec,11/1/1988,23.4,40.5,39.8,24.8
Quebec,11/2/1988,32,38.4,40.7,29.6
Quebec,11/3/1988,33.3,43.2,42,31.5
Quebec,11/4/1988,29.2,44.4,50,32.9
Quebec,11/5/1988,36.3,62.5,54.5,36.8
Quebec,11/6/1988,45,56.7,54.5,40.4
Quebec,11/7/1988,40,44.2,48.6,40.1
Quebec,11/8/1988,35.4,44.9,44.5,37.6
Quebec,11/9/1988,37.4,44.5,46.8,36.4
Quebec,11/10/1988,36.4,50.9,45.4,35.5
Quebec,11/11/1988,32.6,40.9,42.6,31
Quebec,11/12/1988,24,36.1,40.6,28.6
Quebec,11/13/1988,29.2,44.7,43.1,30.1
Quebec,11/14/1988,37.2,48.5,45.5,32.5
Quebec,11/15/1988,31.2,43.3,49,32.6
Quebec,11/16/1988,29.5,55.1,47.9,33.5
Quebec,11/17/1988,39.9,45.4,47.3,34.1
Quebec,11/18/1988,32.8,41.3,40.4,31.1
Quebec,11/19/1988,20.7,34.5,36.6,27.4
Quebec,11/20/1988,28.6,34,33.8,26.4
Quebec,11/21/1988,29.7,33,33.1,25.8
Quebec,11/22/1988,19.1,32.4,32.5,21.1
Quebec,11/23/1988,14.5,32.2,32,16.2
Quebec,11/24/1988,15.1,31.4,32.2,13.3
Quebec,11/25/1988,10.3,32.9,34.2,13.6
Quebec,11/26/1988,15.5,38.3,41.4,16.2
Quebec,11/27/1988,22.8,52.9,45,25.5
Quebec,11/28/1988,38.3,43.7,42.8,29
Quebec,11/29/1988,26,31.8,37.8,28.8
Quebec,11/30/1988,22.1,38,36,25.8
Quebec,12/1/1988,29.2,38.2,36.3,22.4
Quebec,12/2/1988,15.8,32.6,36.7,24.6
Quebec,12/3/1988,28.7,39.2,31.5,20
Quebec,12/4/1988,15.6,22.5,27.8,17.2
Quebec,12/5/1988,7.2,21.7,27.4,12
Quebec,12/6/1988,13.1,37.9,34.2,12.4
Quebec,12/7/1988,17.1,42.9,35.8,14.2
Quebec,12/8/1988,12.5,26.7,28.6,11.4
Quebec,12/9/1988,4.7,16.4,15.5,1.9
Quebec,12/10/1988,-11.5,3.4,7.2,-7
Quebec,12/11/1988,-14.3,1.6,5.7,-13.3
Quebec,12/12/1988,-14,12,12.2,-10.9
Quebec,12/13/1988,-4.4,23,21.7,-0.6
Quebec,12/14/1988,16.5,30.1,27.9,8.4
Quebec,12/15/1988,13.2,30.4,21,6.1
Quebec,12/16/1988,-11.3,2.5,13.5,-3.9
Quebec,12/17/1988,-13.6,7.6,7.5,-10.1
Quebec,12/18/1988,-5.4,12.4,13.6,-8.6
Quebec,12/19/1988,-6.7,20.9,25.4,-0.6
Quebec,12/20/1988,10.2,42.7,35.2,9.8
Quebec,12/21/1988,25.9,42,34,12.4
Quebec,12/22/1988,1.3,17.3,30.8,10.3
Quebec,12/23/1988,3.7,33.2,28.6,11.5
Quebec,12/24/1988,29.4,35.3,34.7,20.5
Quebec,12/25/1988,28.3,35.5,29.3,22
Quebec,12/26/1988,8.3,17.2,28.4,11.5
Quebec,12/27/1988,-2,32.3,28.7,5.1
Quebec,12/28/1988,9.1,36.7,25.5,0.4
Quebec,12/29/1988,-6,7.6,19,-1.1
Quebec,12/30/1988,-6.5,12.8,14.5,-3.1
Quebec,12/31/1988,3.3,23.2,14.7,-7.3
Quebec,1/1/1989,-18.6,8.2,15.9,-5.1
Quebec,1/2/1989,0.1,16.4,11.2,-7.2
Quebec,1/3/1989,-3.2,9.1,7.7,-9.5
Quebec,1/4/1989,-25.6,-2.5,2.7,-14.7
Quebec,1/5/1989,-15.5,1.7,1.8,-22
Quebec,1/6/1989,-24.9,6.2,14.5,-15.9
Quebec,1/7/1989,-7.2,35.5,28.9,-5.3
Quebec,1/8/1989,16.4,45,33.9,7.1
Quebec,1/9/1989,12.1,21.1,31.6,8.3
Quebec,1/10/1989,-3.7,28.7,22.2,4.2
Quebec,1/11/1989,4.3,16.7,29.6,-1.1
Quebec,1/12/1989,-3.9,43.5,27.2,4
Quebec,1/13/1989,11.8,21.2,33.2,5
Quebec,1/14/1989,7.1,34.9,30.7,13.2
Quebec,1/15/1989,20.8,36,29.8,12.1
Quebec,1/16/1989,8.4,18.6,28.5,11.4
Quebec,1/17/1989,4.9,30.8,26.3,10.1
Quebec,1/18/1989,17,29.5,30.3,14.2
Quebec,1/19/1989,20.7,30.6,29.6,19.9
Quebec,1/20/1989,21.9,28.8,21.9,10.2
Quebec,1/21/1989,-12,6.4,19.8,0.7
Quebec,1/22/1989,-7.9,24.4,21.6,-5.1
Quebec,1/23/1989,4.5,34.1,30.4,0.7
Quebec,1/24/1989,5.4,32.6,28.4,1.4
Quebec,1/25/1989,-5.9,18.6,26.3,-3.7
Quebec,1/26/1989,-10.7,27.6,24.1,-3.8
Quebec,1/27/1989,5.2,26.2,29.9,-1.5
Quebec,1/28/1989,1,35.8,32.5,8
Quebec,1/29/1989,17.8,35.4,35.9,11.7
Quebec,1/30/1989,16.3,36.5,38.4,18.6
Quebec,1/31/1989,21.7,43.3,39.1,18.5
Quebec,2/1/1989,17.6,37.6,28.9,11.8
Quebec,2/2/1989,-4,6,19.5,5.1
Quebec,2/3/1989,1.8,14.9,6.7,-6.4
Quebec,2/4/1989,-16.8,-0.7,9.9,-10.5
Quebec,2/5/1989,-16.5,15.6,12.9,-10.4
Quebec,2/6/1989,2.2,23.9,21.2,-1.8
Quebec,2/7/1989,8.7,24,24.7,5.2
Quebec,2/8/1989,4.7,26.1,20,2.9
Quebec,2/9/1989,-4.8,9.8,19.1,-1.9
Quebec,2/10/1989,-5.8,21.4,19.1,0.2
Quebec,2/11/1989,11.1,26.2,25.3,6.3
Quebec,2/12/1989,13.5,28.5,28.9,4.3
Quebec,2/13/1989,-11.7,32,33.6,7.4
Quebec,2/14/1989,20.2,40.2,34.7,10.6
Quebec,2/15/1989,23.2,31.7,28.3,15.6
Quebec,2/16/1989,3.3,12.9,17.9,3.8
Quebec,2/17/1989,-15,9.2,10,-12.1
Quebec,2/18/1989,-24.5,7.9,14.2,-18.7
Quebec,2/19/1989,-16.5,25.6,22,-7.8
Quebec,2/20/1989,17.5,32.5,30.2,7.7
Quebec,2/21/1989,22.1,32.5,31.6,21.5
Quebec,2/22/1989,24.7,29.9,25.1,15.4
Quebec,2/23/1989,-0.8,13,18,3.8
Quebec,2/24/1989,-12.5,11.2,14.1,-8.9
Quebec,2/25/1989,-13.5,18.1,16.3,-12.7
Quebec,2/26/1989,-12,19.8,21.4,-10
Quebec,2/27/1989,-4.4,26.3,24.4,-6.2
Quebec,2/28/1989,-2.3,27.1,27.5,4
Quebec,3/1/1989,18.7,29.2,23.9,8.1
Quebec,3/2/1989,7.8,15.6,18.6,5.6
Quebec,3/3/1989,-9.7,11.1,15.8,-1.1
Quebec,3/4/1989,-1.5,20.8,19.3,-1
Quebec,3/5/1989,8.2,25.9,19.4,-0.1
Quebec,3/6/1989,-7.1,11.4,12.6,-7
Quebec,3/7/1989,-22.2,0.4,8.8,-17.7
Quebec,3/8/1989,-23.8,14.6,13.9,-19.7
Quebec,3/9/1989,-13.1,26.5,24,-12.1
Quebec,3/10/1989,0.7,30.8,30.8,-0.5
Quebec,3/11/1989,11,35.1,29.6,6.8
Quebec,3/12/1989,8.8,22.8,29.8,2.8
Quebec,3/13/1989,-11.3,31.5,33.1,4.9
Quebec,3/14/1989,17.2,45,42.7,12.6
Quebec,3/15/1989,31.9,51.4,42.8,21.1
Quebec,3/16/1989,14.3,31.9,36.4,21.1
Quebec,3/17/1989,17.1,25.9,28.1,15.9
Quebec,3/18/1989,16.3,26.4,26,10.8
Quebec,3/19/1989,-1.2,25.6,27.6,8.3
Quebec,3/20/1989,9.6,30.8,29,10.1
Quebec,3/21/1989,21.9,30.7,29.1,8.7
Quebec,3/22/1989,-5.4,25.7,30.5,9.9
Quebec,3/23/1989,13.2,35.2,34,6.3
Quebec,3/24/1989,11,41,39.1,18.5
Quebec,3/25/1989,31.2,41,42.2,25
Quebec,3/26/1989,32.9,44.8,46.1,31.1
Quebec,3/27/1989,29.2,52.6,51.6,33.3
Quebec,3/28/1989,37.9,57.4,49.1,31.6
Quebec,3/29/1989,27.8,37.3,43.1,29.3
Quebec,3/30/1989,22.3,34.6,35.7,26.6
Quebec,3/31/1989,29.8,35.1,35.4,27.2
Quebec,4/1/1989,29.6,36.5,39.1,26.5
Quebec,4/2/1989,20.2,45.7,42.9,27.8
Quebec,4/3/1989,33.5,46.5,46.4,29.5
Quebec,4/4/1989,34.9,46.8,50.8,34.6
Quebec,4/5/1989,35.5,58.9,50.4,36.5
Quebec,4/6/1989,39.1,45.6,48.9,36.5
Quebec,4/7/1989,35,42.3,43.8,33.9
Quebec,4/8/1989,27.6,43.4,43.8,28.2
Quebec,4/9/1989,22.1,45.8,42.7,25.1
Quebec,4/10/1989,25.6,38.9,41.8,23
Quebec,4/11/1989,21.4,40.8,41.9,23.3
Quebec,4/12/1989,22.8,45.9,43.2,24.3
Quebec,4/13/1989,28.9,43,45.7,27.6
Quebec,4/14/1989,31.1,48.3,46,32.1
Quebec,4/15/1989,36.4,46.6,47.7,35
Quebec,4/16/1989,37.6,48.1,52.1,34.6
Quebec,4/17/1989,29.7,61.4,50.8,33.1
Quebec,4/18/1989,31.9,42.8,51.6,28.9
Quebec,4/19/1989,25.1,50.7,48.3,28.4
Quebec,4/20/1989,28,51.3,51.3,25.6
Quebec,4/21/1989,23.5,52,47.2,25
Quebec,4/22/1989,23.6,38.4,44.8,24.4
Quebec,4/23/1989,26.1,44.2,44.2,26.8
Quebec,4/24/1989,30.7,50.2,49.8,29
Quebec,4/25/1989,30.4,55.1,54,30.6
Quebec,4/26/1989,30.9,56.6,55.9,31.4
Quebec,4/27/1989,33.1,55.9,54.3,33.6
Quebec,4/28/1989,36.7,50.3,55,32.1
Quebec,4/29/1989,26.4,58.8,58.7,34.9
Quebec,4/30/1989,41.7,67,64.7,37.9
Quebec,5/1/1989,45.7,68.4,61.8,43.8
Quebec,5/2/1989,43.9,50.1,56.7,43.4
Quebec,5/3/1989,40.5,51.6,56.2,40
Quebec,5/4/1989,35.5,67,62.2,36.9
Quebec,5/5/1989,34.8,68,65.1,39.5
Quebec,5/6/1989,48.1,60.3,63.6,42.8
Quebec,5/7/1989,45.4,62.7,58.6,44.2
Quebec,5/8/1989,39.2,52.9,57.5,41.7
Quebec,5/9/1989,40.6,57,56.5,38.2
Quebec,5/10/1989,34.8,59.4,57.2,40
Quebec,5/11/1989,44.6,55.1,59.7,42.2
Quebec,5/12/1989,47.3,64.6,62,47
Quebec,5/13/1989,49.2,66.4,63.4,47.5
Quebec,5/14/1989,46.1,59.2,65.8,45.6
Quebec,5/15/1989,41.6,71.8,69.6,43.6
Quebec,5/16/1989,43.1,77.7,77,44.6
Quebec,5/17/1989,49,81.5,82.2,47.3
Quebec,5/18/1989,49.7,87.4,85.2,50.4
Quebec,5/19/1989,52.4,86.8,86,53.5
Quebec,5/20/1989,58.5,83.8,80,57.2
Quebec,5/21/1989,60.7,69.4,71,56.8
Quebec,5/22/1989,51.2,59.9,67.7,51.6
Quebec,5/23/1989,42.9,73.8,65.9,49
Quebec,5/24/1989,52.9,63.9,70.7,46.4
Quebec,5/25/1989,43.6,74.3,69.4,50.6
Quebec,5/26/1989,55.3,70.1,68.7,50.2
Quebec,5/27/1989,51.8,61.7,67.1,50.1
Quebec,5/28/1989,43.1,69.5,68.6,46.6
Quebec,5/29/1989,45,74.7,67.9,46.8
Quebec,5/30/1989,52.2,59.5,67.5,49.2
Quebec,5/31/1989,50.4,68.3,67.2,53.8
Quebec,6/1/1989,58.8,73.6,69.3,54.9
Quebec,6/2/1989,55.4,66,73,54.5
Quebec,6/3/1989,49.2,79.4,71.7,53.7
Quebec,6/4/1989,56.5,69.7,72.5,51.2
Quebec,6/5/1989,48,68.5,70.9,50.1
Quebec,6/6/1989,45.8,74.5,73.8,49.2
Quebec,6/7/1989,54,78.6,74.5,52.2
Quebec,6/8/1989,57,70.3,72.9,54.3
Quebec,6/9/1989,52,69.7,66.5,52.9
Quebec,6/10/1989,49.8,59.6,66.4,51.3
Quebec,6/11/1989,52.1,70,66.6,48.7
Quebec,6/12/1989,44.1,70.3,69.2,47.1
Quebec,6/13/1989,45.1,67.4,69.4,44.1
Quebec,6/14/1989,43,70.6,67.2,47
Quebec,6/15/1989,52.7,63.6,67,49.4
Quebec,6/16/1989,52.6,66.8,67.4,53.4
Quebec,6/17/1989,54.9,71.9,69.4,52
Quebec,6/18/1989,48.4,69.5,73.1,50.9
Quebec,6/19/1989,49.6,78.1,74.9,50.9
Quebec,6/20/1989,54.7,77,80.2,54.1
Quebec,6/21/1989,58.1,85.5,83.9,58.4
Quebec,6/22/1989,62.3,89.1,88.5,61.4
Quebec,6/23/1989,63.7,90.8,87.5,62.6
Quebec,6/24/1989,61.8,82.6,85.4,61.3
Quebec,6/25/1989,58.3,82.6,83.3,61.3
Quebec,6/26/1989,63.8,84.6,84.1,60.8
Quebec,6/27/1989,60.4,85.1,82.1,62.2
Quebec,6/28/1989,62.5,76.5,78.2,57.2
Quebec,6/29/1989,48.8,73.1,76,52.6
Quebec,6/30/1989,46.4,78.2,72.9,48.5
Quebec,7/1/1989,50.2,67.3,74.7,51.3
Quebec,7/2/1989,57.3,78.4,76.7,54.6
Quebec,7/3/1989,56.3,84.2,83.1,58.3
Quebec,7/4/1989,61.2,86.7,84.8,59.3
Quebec,7/5/1989,60.5,83.4,86.5,62.1
Quebec,7/6/1989,64.8,89.5,83.6,64
Quebec,7/7/1989,66.8,77.8,81.1,60.5
Quebec,7/8/1989,49.9,76.1,78.2,56.5
Quebec,7/9/1989,52.8,80.8,78.1,53.9
Quebec,7/10/1989,58.9,77.4,77.2,55.3
Quebec,7/11/1989,54.2,73.4,77.5,54.7
Quebec,7/12/1989,51,81.7,77.3,53.7
Quebec,7/13/1989,56,76.7,78,54
Quebec,7/14/1989,54.9,75.8,76.6,53.2
Quebec,7/15/1989,48.7,77.5,77.6,50.9
Quebec,7/16/1989,49.1,79.7,79.5,48.9
Quebec,7/17/1989,48.9,81.4,82.1,51.6
Quebec,7/18/1989,56.8,85.2,81.8,54.9
Quebec,7/19/1989,59.1,78.8,80.3,55.4
Quebec,7/20/1989,50.3,76.9,79.2,52.8
Quebec,7/21/1989,49,82,81.5,50.4
Quebec,7/22/1989,52,85.5,84.4,51.4
Quebec,7/23/1989,53.3,85.6,87.1,55.3
Quebec,7/24/1989,60.5,90.1,89.9,60
Quebec,7/25/1989,66.2,93.8,92.2,64.4
Quebec,7/26/1989,66.3,92.6,91.5,67.4
Quebec,7/27/1989,69.6,88.2,85.4,66.5
Quebec,7/28/1989,63.6,75.4,79.7,60.1
Quebec,7/29/1989,47.1,75.4,75.4,52.1
Quebec,7/30/1989,45.6,75.4,77.1,47.2
Quebec,7/31/1989,49,80.4,80.6,48.2
Quebec,8/1/1989,49.9,85.9,81.6,54.3
Quebec,8/2/1989,64,78.6,82.7,57.5
Quebec,8/3/1989,58.5,83.7,81.9,63.9
Quebec,8/4/1989,69.2,83.3,84.3,64.7
Quebec,8/5/1989,66.3,86,84.4,67.1
Quebec,8/6/1989,65.8,83.9,79.7,63.5
Quebec,8/7/1989,58.3,69.3,73.2,57.2
Quebec,8/8/1989,47.4,66.5,70.9,51.5
Quebec,8/9/1989,48.9,76.9,75,50.4
Quebec,8/10/1989,54.9,81.5,80.9,53.8
Quebec,8/11/1989,57.6,84.3,81.7,58.7
Quebec,8/12/1989,63.5,79.4,80.9,61.7
Quebec,8/13/1989,63.9,79.1,81.3,63.6
Quebec,8/14/1989,63.5,85.2,83.3,62.6
Quebec,8/15/1989,60.4,85.5,82.3,62.5
Quebec,8/16/1989,63.5,76.3,78.7,58.3
Quebec,8/17/1989,50.9,74.2,76.2,53.5
Quebec,8/18/1989,45.9,78,78.3,48.3
Quebec,8/19/1989,47.9,82.8,77.1,49.7
Quebec,8/20/1989,55.1,70.7,77.8,55.8
Quebec,8/21/1989,64.5,80,74.4,57.4
Quebec,8/22/1989,52.6,72.4,75.7,58.5
Quebec,8/23/1989,58.3,74.8,71.5,52.7
Quebec,8/24/1989,47.2,67.4,69.9,48.3
Quebec,8/25/1989,39.2,67.5,67.8,42.4
Quebec,8/26/1989,40.7,68.5,69.7,39.4
Quebec,8/27/1989,38.2,73,73.3,44.4
Quebec,8/28/1989,54.4,78.4,76.8,49.2
Quebec,8/29/1989,55.1,79,78.8,57.5
Quebec,8/30/1989,63.1,78.9,76.1,55.7
Quebec,8/31/1989,48.9,70.3,71.1,56.2
Quebec,9/1/1989,56.7,64,68.1,52.2
Quebec,9/2/1989,51,70,67.2,49.2
Quebec,9/3/1989,39.7,67.8,70.3,42.1
Quebec,9/4/1989,35.6,73.1,70.9,40.2
Quebec,9/5/1989,45.1,71.9,74.7,46.6
Quebec,9/6/1989,59.1,79.1,78.3,54.4
Quebec,9/7/1989,59.1,83.9,82,58.4
Quebec,9/8/1989,56.9,82.9,82.8,60.7
Quebec,9/9/1989,66.1,81.4,83.1,63.3
Quebec,9/10/1989,67,85.1,77.6,63.2
Quebec,9/11/1989,56.6,66.4,75.4,56.7
Quebec,9/12/1989,46.5,74.7,69.5,52.1
Quebec,9/13/1989,53,67.4,68.5,50
Quebec,9/14/1989,50.5,63.5,67,52.3
Quebec,9/15/1989,53.2,70.2,68.1,48.2
Quebec,9/16/1989,40.9,70.5,68.2,48.8
Quebec,9/17/1989,52.3,64,68.9,45.4
Quebec,9/18/1989,42.9,72.4,68.5,48.2
Quebec,9/19/1989,49.4,69.3,71.6,50.1
Quebec,9/20/1989,57.9,73.1,72.5,54.5
Quebec,9/21/1989,56.4,75.1,76.8,55.3
Quebec,9/22/1989,51.5,82.1,73.2,50.6
Quebec,9/23/1989,43.8,62.4,65.9,44.1
Quebec,9/24/1989,36.9,53.2,59.7,38.1
Quebec,9/25/1989,33.6,63.6,58.8,37.5
Quebec,9/26/1989,41.9,59.6,57.6,35.3
Quebec,9/27/1989,30.3,49.6,56,36
Quebec,9/28/1989,35.8,58.6,57.2,38.3
Quebec,9/29/1989,48.8,63.3,60.2,38.1
Quebec,9/30/1989,29.7,58.8,63.3,38.5
Quebec,10/1/1989,36.9,67.8,64,39.1
Quebec,10/2/1989,50.6,65.3,61.5,43.3
Quebec,10/3/1989,42.4,51.6,54.2,41.6
Quebec,10/4/1989,31.7,45.9,50.4,35.7
Quebec,10/5/1989,33,53.8,50.3,34.8
Quebec,10/6/1989,39.8,51.3,52.2,38.5
Quebec,10/7/1989,42.7,51.5,50.3,38.8
Quebec,10/8/1989,33.8,48.1,49,35.1
Quebec,10/9/1989,28.9,47.5,48.6,29.7
Quebec,10/10/1989,26.4,50.3,50.1,30.8
Quebec,10/11/1989,36.9,52.5,52.8,34.6
Quebec,10/12/1989,40.5,55.4,57.5,39
Quebec,10/13/1989,39.7,64.6,58.7,35.8
Quebec,10/14/1989,27.3,56,60,34.6
Quebec,10/15/1989,36.9,59.3,59.5,35.6
Quebec,10/16/1989,42.7,63.1,55.1,38.4
Quebec,10/17/1989,35.5,42.9,46.9,36.2
Quebec,10/18/1989,30.4,34.6,40.2,31.8
Quebec,10/19/1989,29.6,43.1,41.6,31.3
Quebec,10/20/1989,33.8,46.9,45.5,34.2
Quebec,10/21/1989,39.2,46.5,47.7,36.4
Quebec,10/22/1989,36.3,49.6,51.2,36.4
Quebec,10/23/1989,33.6,57.5,57.4,36.8
Quebec,10/24/1989,40.5,65.1,64.2,37.5
Quebec,10/25/1989,38.4,70,64,41.3
Quebec,10/26/1989,44.9,56.9,65.3,44.5
Quebec,10/27/1989,50.2,69,65,47.6
Quebec,10/28/1989,47.8,69.2,68.5,48.3
Quebec,10/29/1989,46.9,67.3,68.2,44.4
Quebec,10/30/1989,38.6,68.1,68,41.8
Quebec,10/31/1989,40,68.7,62.6,38.4
Quebec,11/1/1989,36.7,51.2,53.5,35.1
Quebec,11/2/1989,28.7,40.8,44.2,32.3
Quebec,11/3/1989,31.6,40.6,38,26.3
Quebec,11/4/1989,18.5,32.6,39.5,24.3
Quebec,11/5/1989,22.7,45.4,44,26.3
Quebec,11/6/1989,37.7,54.1,48.6,32.8
Quebec,11/7/1989,37.9,46.4,48.7,36.6
Quebec,11/8/1989,34.3,45.7,46.9,38
Quebec,11/9/1989,41.7,48.7,47.6,37
Quebec,11/10/1989,34.9,48.4,47.8,36.4
Quebec,11/11/1989,32.7,46.3,43.6,31.6
Quebec,11/12/1989,27.1,36,38,26.9
Quebec,11/13/1989,21.1,31.6,33.9,25.5
Quebec,11/14/1989,28.4,34,41.5,27
Quebec,11/15/1989,31.5,59,53.8,31.6
Quebec,11/16/1989,34.8,68.5,54.8,31.5
Quebec,11/17/1989,28.3,36.8,46.7,29.8
Quebec,11/18/1989,26.4,34.7,34.4,22.1
Quebec,11/19/1989,11.7,31.7,33.7,20.9
Quebec,11/20/1989,24.5,34.6,30.1,17.4
Quebec,11/21/1989,16.1,24,27.2,16.9
Quebec,11/22/1989,10.1,23,22.2,9.7
Quebec,11/23/1989,3,19.5,21.8,4.3
Quebec,11/24/1989,-0.3,22.9,20.8,4.2
Quebec,11/25/1989,10,20.1,25.5,8.3
Quebec,11/26/1989,15.4,33.4,27.2,9.4
Quebec,11/27/1989,2.8,27.9,30.4,10.4
Quebec,11/28/1989,12.9,29.8,23.7,5.2
Quebec,11/29/1989,-0.3,13.3,20.8,4.3
Quebec,11/30/1989,0.4,19.3,14.6,-2
Quebec,12/1/1989,-6.1,11.2,15.3,-6.4
Quebec,12/2/1989,-13.6,15.5,14.6,-3.5
Quebec,12/3/1989,9.1,17.3,13.7,-1.7
Quebec,12/4/1989,-0.7,8.5,16.3,1.7
Quebec,12/5/1989,-3.5,23.1,20.1,0.2
Quebec,12/6/1989,4.6,28.7,20,0.5
Quebec,12/7/1989,0.3,8.2,14.2,-4.1
Quebec,12/8/1989,-17.3,5.7,7.7,-12.4
Quebec,12/9/1989,-20.2,9.3,8.9,-16
Quebec,12/10/1989,-10.4,11.7,11.8,-10.9
Quebec,12/11/1989,-2,14.3,10.5,-5.8
Quebec,12/12/1989,-4.9,5.5,8.1,-9.1
Quebec,12/13/1989,-20.4,4.4,4.1,-13.5
Quebec,12/14/1989,-15.1,2.3,4.1,-16.5
Quebec,12/15/1989,-13.9,5.6,6.2,-12.6
Quebec,12/16/1989,-8.7,10.8,9,-6.5
Quebec,12/17/1989,3.1,10.6,12,-3.6
Quebec,12/18/1989,-5.2,14.5,12.9,-5.5
Quebec,12/19/1989,-14.5,13.4,13.1,-9
Quebec,12/20/1989,-7.3,11.2,9.6,-10.6
Quebec,12/21/1989,-10,4.3,4.2,-10.4
Quebec,12/22/1989,-13.9,-3,1,-13.6
Quebec,12/23/1989,-16.9,1.7,5.1,-15
Quebec,12/24/1989,-14.2,16.6,12.8,-11
Quebec,12/25/1989,-1.9,20,19.3,-3.2
Quebec,12/26/1989,6.5,21.4,12.5,-5.7
Quebec,12/27/1989,-21.8,-3.8,7.4,-10.4
Quebec,12/28/1989,-15.8,4.7,-0.3,-21.4
Quebec,12/29/1989,-26.6,-1.7,3.6,-23.6
Quebec,12/30/1989,-28.5,8,14.6,-23.5
Quebec,12/31/1989,-15.2,37.6,25.9,-9.1
Quebec,1/1/1990,16.3,32.2,34.4,2.2
Quebec,1/2/1990,5.5,33.3,33.7,14.3
Quebec,1/3/1990,21.2,35.5,36,18.9
Quebec,1/4/1990,30,39.3,33.4,21.9
Quebec,1/5/1990,14.5,25.5,30.8,17.9
Quebec,1/6/1990,9.2,27.6,26.2,7.8
Quebec,1/7/1990,-0.3,25.6,29.1,7
Quebec,1/8/1990,11.9,34.1,29.8,7.8
Quebec,1/9/1990,11.7,29.7,31.7,15.3
Quebec,1/10/1990,22.2,31.5,31.1,15.5
Quebec,1/11/1990,12.5,32.1,31.4,20.5
Quebec,1/12/1990,26.8,30.8,24.8,14
Quebec,1/13/1990,2.8,11.7,15.5,4.9
Quebec,1/14/1990,-14.8,4.2,11.2,-8
Quebec,1/15/1990,-12,17.8,15.2,-5.4
Quebec,1/16/1990,10.6,23.8,27.5,2.5
Quebec,1/17/1990,8.8,41,35.5,15
Quebec,1/18/1990,25.5,41.8,33.1,13.7
Quebec,1/19/1990,6.7,16.6,28.1,9.9
Quebec,1/20/1990,-2.5,25.8,16.9,1.3
Quebec,1/21/1990,-0.4,8.4,18.1,0.4
Quebec,1/22/1990,4,20.2,19.3,3.7
Quebec,1/23/1990,7.5,29.4,28.9,7.1
Quebec,1/24/1990,9.9,37.1,36.6,16.6
Quebec,1/25/1990,32.5,43.3,39.3,24.8
Quebec,1/26/1990,32,37.5,40.4,27.3
Quebec,1/27/1990,17.5,40.4,39.4,24.6
Quebec,1/28/1990,24.2,40.1,37.5,20.3
Quebec,1/29/1990,19.3,31.9,34.1,20.4
Quebec,1/30/1990,17.8,30.4,31.2,18.2
Quebec,1/31/1990,17.5,31.5,34.2,17.5
Quebec,2/1/1990,17.3,40.8,27.4,13.1
Quebec,2/2/1990,4.4,10.1,18.5,4.1
Quebec,2/3/1990,-9.3,4.6,8.6,-1.7
Quebec,2/4/1990,-0.1,11,12.9,-6.5
Quebec,2/5/1990,-10.1,23,23.5,0.2
Quebec,2/6/1990,10.8,36.6,31.2,2.3
Quebec,2/7/1990,6.2,34,35.9,12.1
Quebec,2/8/1990,19.3,37.2,37.8,17.5
Quebec,2/9/1990,27.1,42.2,38.3,24.6
Quebec,2/10/1990,27.5,35.4,35,24
Quebec,2/11/1990,17.4,27.4,28.6,14.3
Quebec,2/12/1990,-1.9,23,29.2,6.5
Quebec,2/13/1990,4.2,37.1,27.4,4.4
Quebec,2/14/1990,10.8,22,25.4,6
Quebec,2/15/1990,2.9,17,21.4,8.2
Quebec,2/16/1990,10.9,25.3,19.5,4.5
Quebec,2/17/1990,-0.4,16,19.4,-0.6
Quebec,2/18/1990,-12.4,16.8,22.3,-4
Quebec,2/19/1990,0.7,34,21.5,-5.6
Quebec,2/20/1990,-5,13.5,27.8,-1.6
Quebec,2/21/1990,-0.5,35.8,30.9,7
Quebec,2/22/1990,26.5,43.5,35.7,15.7
Quebec,2/23/1990,21.2,27.9,28.8,17.4
Quebec,2/24/1990,4.5,15,16.7,7.8
Quebec,2/25/1990,-2.3,7.4,11.9,-5
Quebec,2/26/1990,-17.2,13.2,15,-6.8
Quebec,2/27/1990,-0.8,24.4,17.5,-8.4
Quebec,2/28/1990,-7.1,14.7,23.8,-6.5
Quebec,3/1/1990,-11.6,32.4,29.6,2.6
Quebec,3/2/1990,26.4,41.7,32.2,9.1
Quebec,3/3/1990,12.4,22.4,27.1,14.4
Quebec,3/4/1990,4.4,17,18.3,3.5
Quebec,3/5/1990,-6.3,15.3,16.7,-2.7
Quebec,3/6/1990,-6.1,17.7,17.4,-6
Quebec,3/7/1990,-5.5,19.3,23.4,-3.8
Quebec,3/8/1990,0.2,33.3,31,3.2
Quebec,3/9/1990,14.9,40.4,38,9.3
Quebec,3/10/1990,12.8,40.4,41.8,20.3
Quebec,3/11/1990,33.1,44.5,43.4,24.6
Quebec,3/12/1990,28,45.2,43.5,30.9
Quebec,3/13/1990,31.5,40.7,41.4,30.4
Quebec,3/14/1990,31.8,38.3,39.7,31.7
Quebec,3/15/1990,32,40,41.3,32.1
Quebec,3/16/1990,32.7,45.7,43.6,33
Quebec,3/17/1990,34.4,45.2,44.6,33.7
Quebec,3/18/1990,34,42.8,42.9,31.6
Quebec,3/19/1990,26.5,40.6,39.8,29.6
Quebec,3/20/1990,28.2,36,40.6,28.5
Quebec,3/21/1990,30.7,45.4,43.2,27.5
Quebec,3/22/1990,23.7,48.3,45,25.7
Quebec,3/23/1990,22.8,41.5,39.6,19.8
Quebec,3/24/1990,12.9,29.2,35.9,18.1
Quebec,3/25/1990,18.6,37,34.4,16.9
Quebec,3/26/1990,19.1,37,33.3,14
Quebec,3/27/1990,4.3,25.9,32.7,12.5
Quebec,3/28/1990,14.2,35.3,30.4,9.5
Quebec,3/29/1990,9.9,29.9,34.7,12.7
Quebec,3/30/1990,14.2,38.7,36.2,18.5
Quebec,3/31/1990,31.4,39.8,41.9,25.8
Quebec,4/1/1990,31.7,47.3,44,32.7
Quebec,4/2/1990,34.9,44.8,43.9,33.5
Quebec,4/3/1990,33.9,39.6,42.3,34.5
Quebec,4/4/1990,34.7,42.6,41.3,34.1
Quebec,4/5/1990,33.6,41.8,41.1,32
Quebec,4/6/1990,27.7,38.9,39.5,28.4
Quebec,4/7/1990,23.8,37.7,40.7,24.6
Quebec,4/8/1990,22.2,45.3,44.2,23.5
Quebec,4/9/1990,24.3,49.6,43.7,26.1
Quebec,4/10/1990,31.7,36,40.4,27.8
Quebec,4/11/1990,27.4,35.5,34.5,25.7
Quebec,4/12/1990,18,32.1,36.9,21.1
Quebec,4/13/1990,18,43.2,40.8,22.2
Quebec,4/14/1990,30.6,47.1,47,28.8
Quebec,4/15/1990,37.7,50.9,48,33.9
Quebec,4/16/1990,33.4,46.2,48.1,34.5
Quebec,4/17/1990,32.5,47.2,44.6,29.2
Quebec,4/18/1990,21.6,40.3,49.1,26.9
Quebec,4/19/1990,26.5,59.7,51.3,30.1
Quebec,4/20/1990,42.1,53.9,56.5,35.6
Quebec,4/21/1990,38.1,55.7,57.7,36.4
Quebec,4/22/1990,29,63.5,59.3,34.4
Quebec,4/23/1990,36.1,58.7,62.4,33
Quebec,4/24/1990,33.7,65.2,59.2,37.7
Quebec,4/25/1990,43.3,53.8,64,41.4
Quebec,4/26/1990,47.1,73,70.9,48.9
Quebec,4/27/1990,56.2,85.8,74.4,52.7
Quebec,4/28/1990,54.9,64.4,73.9,51.8
Quebec,4/29/1990,44.3,71.6,70.8,48.8
Quebec,4/30/1990,47.3,76.5,74.3,48.2
Quebec,5/1/1990,53.2,74.8,68.6,45.8
Quebec,5/2/1990,37,54.5,63.4,39.2
Quebec,5/3/1990,27.6,61,60,32.4
Quebec,5/4/1990,32.6,64.6,58.9,34.8
Quebec,5/5/1990,44.2,51.2,58.2,36.9
Quebec,5/6/1990,33.8,59,56,38.4
Quebec,5/7/1990,37.2,57.8,59.5,34.9
Quebec,5/8/1990,33.6,61.6,64.1,37.9
Quebec,5/9/1990,42.8,72.8,68.8,42.2
Quebec,5/10/1990,50.2,72.1,65.6,44.2
Quebec,5/11/1990,39.5,52,63.3,40.6
Quebec,5/12/1990,32.2,65.7,59,39.8
Quebec,5/13/1990,47.7,59.3,65.3,39.2
Quebec,5/14/1990,37.7,70.8,63.7,43.4
Quebec,5/15/1990,44.9,61.1,65.5,40.7
Quebec,5/16/1990,39.4,64.6,59.8,42.5
Quebec,5/17/1990,43.2,53.7,58.7,43.3
Quebec,5/18/1990,47.2,57.7,54.8,44.2
Quebec,5/19/1990,42.3,53,54.5,43.1
Quebec,5/20/1990,39.9,52.8,52.6,41.4
Quebec,5/21/1990,41.9,52,52.4,39.9
Quebec,5/22/1990,37.9,52.5,54.6,40.7
Quebec,5/23/1990,42.2,59.4,59.2,38.6
Quebec,5/24/1990,35.7,65.6,65.1,39.4
Quebec,5/25/1990,40.2,70.5,71.4,37.8
Quebec,5/26/1990,37.5,78.2,75.9,40.7
Quebec,5/27/1990,44.4,79.1,78.8,42.7
Quebec,5/28/1990,46.2,79,72.6,43.9
Quebec,5/29/1990,41,59.6,67.2,43.3
Quebec,5/30/1990,42.6,62.9,64.3,40.5
Quebec,5/31/1990,38,70.3,71.8,44
Quebec,6/1/1990,51.3,82.4,77.9,48
Quebec,6/2/1990,54.6,80.9,80.9,56.4
Quebec,6/3/1990,63.4,79.5,73.3,56.5
Quebec,6/4/1990,51.6,59.6,65.8,50.6
Quebec,6/5/1990,36.7,58.3,59.9,40.8
Quebec,6/6/1990,34,61.8,63.7,38.1
Quebec,6/7/1990,43.6,70.9,69.3,40
Quebec,6/8/1990,42.3,75.2,71.4,47.2
Quebec,6/9/1990,55.7,68.1,68.9,50.9
Quebec,6/10/1990,54.7,63.5,69,53.9
Quebec,6/11/1990,51.2,75.4,73.2,49.7
Quebec,6/12/1990,43,80.8,77,50.8
Quebec,6/13/1990,58.2,74.8,79.6,54.9
Quebec,6/14/1990,63.5,83.1,79.1,62
Quebec,6/15/1990,64.3,79.5,81.5,62.9
Quebec,6/16/1990,61.1,81.9,81,62
Quebec,6/17/1990,60.7,81.6,82.3,61.8
Quebec,6/18/1990,63.7,83.3,77.2,60.5
Quebec,6/19/1990,57,66.8,72,57.3
Quebec,6/20/1990,51.1,65.9,65.6,54.3
Quebec,6/21/1990,54.8,64.1,69.2,53.6
Quebec,6/22/1990,54.9,77.7,72,55.8
Quebec,6/23/1990,57.7,74,74.9,57.5
Quebec,6/24/1990,59.9,73.1,74.6,59.2
Quebec,6/25/1990,59.9,76.8,77.2,58.9
Quebec,6/26/1990,56.8,81.9,78.2,58.6
Quebec,6/27/1990,59,76,76.2,55.2
Quebec,6/28/1990,49.6,70.7,71.1,52.5
Quebec,6/29/1990,48.7,66.6,70.5,50.5
Quebec,6/30/1990,53.2,74.3,71.7,52.9
Quebec,7/1/1990,56.8,74.1,76.5,53.5
Quebec,7/2/1990,50.4,81.1,77.9,55.4
Quebec,7/3/1990,58.8,78.6,78.6,57.3
Quebec,7/4/1990,62.8,76.1,74.7,59.8
Quebec,7/5/1990,57.8,69.5,71.1,55.6
Quebec,7/6/1990,46.2,67.8,70.5,49.8
Quebec,7/7/1990,45.5,74.1,73.2,47.1
Quebec,7/8/1990,49.7,77.6,77.5,52.5
Quebec,7/9/1990,62.4,80.8,77.7,57.6
Quebec,7/10/1990,60.6,74.5,76.8,57.5
Quebec,7/11/1990,49.6,75.1,73,53.1
Quebec,7/12/1990,49.1,69.4,73.5,48.4
Quebec,7/13/1990,46.6,76.1,75.9,48.6
Quebec,7/14/1990,50.1,82.4,79.7,54.3
Quebec,7/15/1990,66.1,80.7,81.5,61.7
Quebec,7/16/1990,69.1,81.3,81.7,65.9
Quebec,7/17/1990,62.6,83.1,83.6,65.6
Quebec,7/18/1990,65.3,86.5,83.9,65.1
Quebec,7/19/1990,67.3,82.2,80.3,65
Quebec,7/20/1990,62.3,72.1,78,63.1
Quebec,7/21/1990,59.6,79.7,76.7,60.8
Quebec,7/22/1990,60.5,78.3,75.8,60.5
Quebec,7/23/1990,61.4,69.4,74.6,60
Quebec,7/24/1990,58.1,76.2,75.6,59.9
Quebec,7/25/1990,60.3,81.3,81.1,58.1
Quebec,7/26/1990,55.9,85.7,84.4,58.2
Quebec,7/27/1990,58.4,86.2,86.5,58.7
Quebec,7/28/1990,61.8,87.6,87.5,60.2
Quebec,7/29/1990,60.3,88.6,88.1,61.5
Quebec,7/30/1990,62.4,88,82.4,60.8
Quebec,7/31/1990,59.6,70.5,78.7,58
Quebec,8/1/1990,52,77.5,76.9,55
Quebec,8/2/1990,53.3,82.7,82.1,54.9
Quebec,8/3/1990,59.2,86.2,85.4,57.5
Quebec,8/4/1990,59.9,87.3,85.4,60.8
Quebec,8/5/1990,63.4,82.8,80.2,62.5
Quebec,8/6/1990,64.2,70.4,74.4,63.6
Quebec,8/7/1990,63.1,69.9,72.7,62.5
Quebec,8/8/1990,60.2,77.8,76.3,59.7
Quebec,8/9/1990,55.8,81.2,79.5,60.2
Quebec,8/10/1990,64.6,79.6,79.9,61.8
Quebec,8/11/1990,65.1,78.8,79,63.1
Quebec,8/12/1990,59.6,78.7,73.9,61.1
Quebec,8/13/1990,58.7,64.2,73.1,57.1
Quebec,8/14/1990,52.9,76.3,70.7,55.8
Quebec,8/15/1990,55.8,71.5,75.2,54.1
Quebec,8/16/1990,53.5,77.7,77.7,56.3
Quebec,8/17/1990,59.8,83.9,80.9,56.5
Quebec,8/18/1990,56.4,81.2,77.5,54.6
Quebec,8/19/1990,47.8,67.4,73,49.7
Quebec,8/20/1990,45,70.3,70.4,45.8
Quebec,8/21/1990,44.6,73.5,74.1,45.1
Quebec,8/22/1990,45.8,78.3,77.9,47.1
Quebec,8/23/1990,50.9,81.9,80.8,49.6
Quebec,8/24/1990,52.1,82.2,83.1,55.1
Quebec,8/25/1990,62.3,85.4,84.6,58.8
Quebec,8/26/1990,61.9,86.1,85.2,63.1
Quebec,8/27/1990,65.2,84.1,84.2,61.7
Quebec,8/28/1990,57.8,82.5,80.5,60.4
Quebec,8/29/1990,58.3,74.8,76.7,54.4
Quebec,8/30/1990,47.2,72.8,75.4,53.6
Quebec,8/31/1990,55.3,78.6,77.3,53
Quebec,9/1/1990,56.7,80.6,77.3,56.6
Quebec,9/2/1990,58,72.6,73.8,53.9
Quebec,9/3/1990,47.2,68.3,72.4,49.3
Quebec,9/4/1990,42.9,76.5,71.7,49.3
Quebec,9/5/1990,57.9,70.3,73.9,49.8
Quebec,9/6/1990,48.6,74.7,70.7,53.2
Quebec,9/7/1990,53.1,66.9,68.2,45.6
Quebec,9/8/1990,35.2,62.8,66.2,41.5
Quebec,9/9/1990,36.1,68.9,65.8,39.5
Quebec,9/10/1990,47.3,65.7,67,44.1
Quebec,9/11/1990,48.9,66.4,68.7,45.3
Quebec,9/12/1990,39.8,74,67.7,46.5
Quebec,9/13/1990,50.8,62.6,71.8,46.8
Quebec,9/14/1990,49.8,78.9,69.6,50.2
Quebec,9/15/1990,50.1,67.2,67.4,46.8
Quebec,9/16/1990,40.5,56,58.1,42.2
Quebec,9/17/1990,36.1,51.2,53.7,38.4
Quebec,9/18/1990,38.8,53.8,55.4,36.1
Quebec,9/19/1990,33.5,61.2,57.5,39.7
Quebec,9/20/1990,46.8,57.4,59.2,42.6
Quebec,9/21/1990,47.4,59.1,57.8,47.8
Quebec,9/22/1990,49,57,59,47.2
Quebec,9/23/1990,45.3,61.1,58.3,45.3
Quebec,9/24/1990,41.6,56.9,60.1,44.5
Quebec,9/25/1990,46.6,62.3,60.4,44.5
Quebec,9/26/1990,45.2,62.2,64.4,47.9
Quebec,9/27/1990,51.8,68.7,66.8,49.5
Quebec,9/28/1990,51.5,69.4,65.2,51.3
Quebec,9/29/1990,50.5,57.3,60.1,49.3
Quebec,9/30/1990,45.8,53.6,54.5,45.8
Quebec,10/1/1990,41,52.5,52.2,43.3
Quebec,10/2/1990,43,50.6,54.5,39.1
Quebec,10/3/1990,33.4,60.4,57.8,41
Quebec,10/4/1990,46.6,62.3,60.6,42.3
Quebec,10/5/1990,47,59.1,65.3,46.4
Quebec,10/6/1990,45.4,74.5,62.5,47.2
Quebec,10/7/1990,49.2,53.8,59.1,45.4
Quebec,10/8/1990,41.6,48.8,48.4,43.5
Quebec,10/9/1990,39.6,42.6,47.6,40.1
Quebec,10/10/1990,39.1,51.4,51.6,40.7
Quebec,10/11/1990,43.4,60.9,56.5,45.3
Quebec,10/12/1990,53.3,57.3,58.5,49.3
Quebec,10/13/1990,51.1,57.2,58.8,51.2
Quebec,10/14/1990,49.1,61.9,60.7,47.9
Quebec,10/15/1990,43.6,63,60.7,43.2
Quebec,10/16/1990,37,57.3,56.7,40.4
Quebec,10/17/1990,40.7,49.7,58.5,40.3
Quebec,10/18/1990,43.1,68.6,56.3,40.7
Quebec,10/19/1990,38.3,50.5,54.2,35.9
Quebec,10/20/1990,26.3,43.6,51.4,31
Quebec,10/21/1990,28.5,60.2,52.9,34
Quebec,10/22/1990,47.1,55.1,53.7,37
Quebec,10/23/1990,35.5,45.8,48.6,40.3
Quebec,10/24/1990,38.4,44.9,45.5,35.2
Quebec,10/25/1990,31.7,45.8,44.6,34
Quebec,10/26/1990,31.8,43.1,43.9,28.2
Quebec,10/27/1990,21.1,42.9,43.2,28.8
Quebec,10/28/1990,33.5,43.6,42.4,28.9
Quebec,10/29/1990,32.2,40.6,43.2,29.8
Quebec,10/30/1990,23.7,45.5,45.8,27.5
Quebec,10/31/1990,26.5,51.4,48,26
Quebec,11/1/1990,27.8,47.1,51.6,28.1
Quebec,11/2/1990,30,56.2,54.5,34.8
Quebec,11/3/1990,46.7,60.1,56.7,40.9
Quebec,11/4/1990,46.1,53.8,51,39.8
Quebec,11/5/1990,26.6,39.1,45.3,35
Quebec,11/6/1990,32.5,43.1,39.3,29.2
Quebec,11/7/1990,28.6,35.8,37.6,28.3
Quebec,11/8/1990,23.8,33.8,34.4,23.9
Quebec,11/9/1990,19.3,33.7,34.5,24
Quebec,11/10/1990,29.1,36.1,34.2,25.3
Quebec,11/11/1990,27.4,32.8,32.1,25.8
Quebec,11/12/1990,20.9,27.4,30.5,22.3
Quebec,11/13/1990,18.7,31.5,30.7,21.2
Quebec,11/14/1990,24,33.1,38.7,23.3
Quebec,11/15/1990,27.3,51.4,44.8,28.7
Quebec,11/16/1990,34.6,49.8,46.2,30.9
Quebec,11/17/1990,30.7,37.5,39.9,28.9
Quebec,11/18/1990,21.5,32.3,33.5,24
Quebec,11/19/1990,19.7,30.7,34.7,20.5
Quebec,11/20/1990,20.4,41,36.8,23.4
Quebec,11/21/1990,30.2,38.7,39.6,26.1
Quebec,11/22/1990,27.8,39,40.7,30.7
Quebec,11/23/1990,34.2,44.5,41.2,32.3
Quebec,11/24/1990,34.8,40.2,41.6,33.4
Quebec,11/25/1990,31.3,40.2,36.5,28.4
Quebec,11/26/1990,19.2,29.2,35.5,22.9
Quebec,11/27/1990,18.2,37.2,42.7,23.3
Quebec,11/28/1990,32.5,61.6,47,28.5
Quebec,11/29/1990,34.7,42.1,45.7,29.4
Quebec,11/30/1990,21.1,33.4,39.9,27.8
Quebec,12/1/1990,27.7,44.1,40.3,25.7
Quebec,12/2/1990,28.4,43.5,38.1,24.2
Quebec,12/3/1990,16.5,26.8,34.1,22
Quebec,12/4/1990,21.2,32.2,26.9,18.3
Quebec,12/5/1990,17.2,21.6,28.6,16
Quebec,12/6/1990,9.7,31.9,29.7,12.1
Quebec,12/7/1990,9.4,35.6,34.1,13.4
Quebec,12/8/1990,21,34.9,36.3,15.9
Quebec,12/9/1990,17.4,38.5,37,19.4
Quebec,12/10/1990,19.7,37.8,30.7,13.9
Quebec,12/11/1990,4.6,15.9,27.7,11.5
Quebec,12/12/1990,10.2,29.3,28.8,11.5
Quebec,12/13/1990,19.7,41,28.9,10.7
Quebec,12/14/1990,2.3,16.3,27.4,9.1
Quebec,12/15/1990,5.3,24.9,23.1,7.2
Quebec,12/16/1990,14,28,27.5,11.4
Quebec,12/17/1990,14.9,29.6,30.3,14.6
Quebec,12/18/1990,14.9,33.4,30.5,16.2
Quebec,12/19/1990,18.9,28.5,25.7,10.6
Quebec,12/20/1990,-1.9,15.1,25.3,7.3
Quebec,12/21/1990,5,32.3,27.3,9.2
Quebec,12/22/1990,24.6,34.6,34.8,19.3
Quebec,12/23/1990,28.1,37.5,31.5,22.5
Quebec,12/24/1990,14.8,22.6,27.8,13.3
Quebec,12/25/1990,-3.1,23.2,21.9,5.4
Quebec,12/26/1990,4.5,19.8,18.8,-2.6
Quebec,12/27/1990,-9.2,13.3,21.6,-2.4
Quebec,12/28/1990,-2.5,31.6,28.6,1.6
Quebec,12/29/1990,16.6,40.8,36.4,14.2
Quebec,12/30/1990,28.7,36.9,28,13.5
Quebec,12/31/1990,-4.7,6.2,23.6,4.5
Quebec,1/1/1991,-10.5,27.8,22.3,-1.4
Quebec,1/2/1991,11,32.9,25.3,-2.7
Quebec,1/3/1991,-8.7,15.1,24.1,3.5
Quebec,1/4/1991,8.4,24.3,21.6,3.4
Quebec,1/5/1991,10.4,25.5,25.7,10.9
Quebec,1/6/1991,14,27.2,21.5,6.5
Quebec,1/7/1991,-4.9,11.8,13.7,-2.5
Quebec,1/8/1991,-16.4,2.2,11.3,-9.4
Quebec,1/9/1991,-6.8,20,10.5,-7.8
Quebec,1/10/1991,-0.1,9.3,11.2,-8.6
Quebec,1/11/1991,-19,4.2,8.4,-7.9
Quebec,1/12/1991,-4.8,11.8,11.3,-9.7
Quebec,1/13/1991,-5.3,18.1,17.9,-1.8
Quebec,1/14/1991,4.9,24,22,5.6
Quebec,1/15/1991,17.2,24,26.3,13
Quebec,1/16/1991,17,30.8,29.1,20.7
Quebec,1/17/1991,27.9,32.5,30.5,19.3
Quebec,1/18/1991,12.9,28.3,27.7,12.9
Quebec,1/19/1991,-2.2,22.5,26.6,5.1
Quebec,1/20/1991,4.6,29.1,15.6,-4.4
Quebec,1/21/1991,-15.5,-4.6,8.1,-12.9
Quebec,1/22/1991,-27.6,-0.1,7,-21.6
Quebec,1/23/1991,-21.6,25.9,15.2,-14.7
Quebec,1/24/1991,5.1,20,13.4,-14.4
Quebec,1/25/1991,-26.8,-5.8,11.3,-15.6
Quebec,1/26/1991,-25.1,19.6,14.6,-13.4
Quebec,1/27/1991,11.8,30.1,27.6,0.7
Quebec,1/28/1991,15.5,33.2,26.3,9.5
Quebec,1/29/1991,1.1,15.7,24.2,7.7
Quebec,1/30/1991,6.4,23.7,18.7,3.9
Quebec,1/31/1991,4.1,16.6,15,1.5
Quebec,2/1/1991,-6,4.6,18.5,-5.1
Quebec,2/2/1991,-13.5,34.2,26.8,1.8
Quebec,2/3/1991,24.8,41.5,39.5,13.1
Quebec,2/4/1991,28,42.7,42.1,28.3
Quebec,2/5/1991,32,42.1,39.4,29.1
Quebec,2/6/1991,27.3,33.4,37.2,29.9
Quebec,2/7/1991,30.4,36,36.1,27.4
Quebec,2/8/1991,24.6,39,38,27
Quebec,2/9/1991,25.9,39.1,34.6,21.5
Quebec,2/10/1991,13.9,25.6,26.1,13.9
Quebec,2/11/1991,1.8,13.5,16.5,2.5
Quebec,2/12/1991,-8.2,10.5,14.8,-1.5
Quebec,2/13/1991,1.8,20.3,17.8,-1.1
Quebec,2/14/1991,3.1,22.7,23.9,6.6
Quebec,2/15/1991,14.8,28.6,23.3,4.3
Quebec,2/16/1991,-4.9,18.6,24.2,3.9
Quebec,2/17/1991,1.7,25.3,22.5,-5.4
Quebec,2/18/1991,-12.9,23.4,28.1,-0.3
Quebec,2/19/1991,10.4,35.7,32.4,8.3
Quebec,2/20/1991,27.3,38.1,36.5,20.6
Quebec,2/21/1991,24.1,35.9,36.8,25.6
Quebec,2/22/1991,25.3,36.4,26.5,13.7
Quebec,2/23/1991,-8.4,7.2,20.3,5.8
Quebec,2/24/1991,0.5,17.3,15.1,-4.8
Quebec,2/25/1991,-6.5,20.8,19.8,-5.2
Quebec,2/26/1991,-9.6,21.1,21.4,-3.5
Quebec,2/27/1991,5.7,22.2,23.2,-0.8
Quebec,2/28/1991,1.7,26.4,27.3,8.4
Quebec,3/1/1991,17.7,33.4,32.7,14.9
Quebec,3/2/1991,25.3,38.4,32.8,20.5
Quebec,3/3/1991,18.3,26.5,29.7,21.2
Quebec,3/4/1991,19.8,24.3,26,18.8
Quebec,3/5/1991,18.2,27.1,30.5,17.5
Quebec,3/6/1991,14.4,40.2,35.4,20
Quebec,3/7/1991,27.4,38.9,33.8,15.5
Quebec,3/8/1991,4.6,22.4,29.4,11.9
Quebec,3/9/1991,3.7,26.9,23.6,6.2
Quebec,3/10/1991,10.2,21.4,25.6,8.6
Quebec,3/11/1991,11.9,28.5,28.6,15.1
Quebec,3/12/1991,23.1,35.8,33.7,19.7
Quebec,3/13/1991,24.2,36.8,37.7,25.2
Quebec,3/14/1991,28.3,40.4,38.7,26.4
Quebec,3/15/1991,26.7,39,40.4,26.2
Quebec,3/16/1991,23.6,41.9,42.2,22.7
Quebec,3/17/1991,17.7,45.7,41.9,20.9
Quebec,3/18/1991,21.4,38.1,44.1,24.2
Quebec,3/19/1991,33.4,48.6,40.2,24.2
Quebec,3/20/1991,17.8,34,37.2,21
Quebec,3/21/1991,11.9,28.9,31.7,14
Quebec,3/22/1991,12.3,32.2,31.5,14
Quebec,3/23/1991,17.7,33.5,32.8,19.2
Quebec,3/24/1991,27.6,32.7,36.2,24.7
Quebec,3/25/1991,29,42.5,39.6,28.7
Quebec,3/26/1991,29.5,43.6,45.1,29.5
Quebec,3/27/1991,30,49.2,47.8,32.4
Quebec,3/28/1991,37.7,50.6,44.9,31.7
Quebec,3/29/1991,27.4,34.9,38.9,26.6
Quebec,3/30/1991,14.8,31.3,35.1,18.3
Quebec,3/31/1991,12.9,39.1,37.6,16.7
Quebec,4/1/1991,22.3,42.5,41.9,20.7
Quebec,4/2/1991,27,44.2,43.5,24.2
Quebec,4/3/1991,23.4,43.7,48.6,28.2
Quebec,4/4/1991,34.2,57.7,51.1,31.9
Quebec,4/5/1991,38,51.9,56.6,37.6
Quebec,4/6/1991,40.7,60,53.5,39.4
Quebec,4/7/1991,39.4,48.5,55.4,37.6
Quebec,4/8/1991,32.7,57.6,49.1,36.6
Quebec,4/9/1991,37.7,41.1,49.8,35
Quebec,4/10/1991,34.5,50.8,43.5,34.9
Quebec,4/11/1991,32.5,38.6,44.6,30.6
Quebec,4/12/1991,24.7,44.3,43.9,28.2
Quebec,4/13/1991,27.4,48.8,49.2,25.7
Quebec,4/14/1991,25.1,54.6,51.6,28.9
Quebec,4/15/1991,34.3,51.4,50.1,32.8
Quebec,4/16/1991,39.1,44.2,47.3,36
Quebec,4/17/1991,34.6,46.2,48.2,36.6
Quebec,4/18/1991,36.1,54.2,52.7,35.1
Quebec,4/19/1991,34.5,57.8,52,36.7
Quebec,4/20/1991,39.5,43.9,48.5,37.4
Quebec,4/21/1991,38.2,43.8,44.5,38.4
Quebec,4/22/1991,37.4,45.7,47.1,37.6
Quebec,4/23/1991,37.3,51.7,54,35.6
Quebec,4/24/1991,32.2,64.5,59.6,34.9
Quebec,4/25/1991,35.2,62.5,65.9,35.6
Quebec,4/26/1991,39.5,70.7,63.4,38.7
Quebec,4/27/1991,41.3,56.9,61.9,38
Quebec,4/28/1991,33.3,58,60.8,36.5
Quebec,4/29/1991,35,67.6,61,37.8
Quebec,4/30/1991,45.1,57.4,64.6,39.7
Quebec,5/1/1991,39.1,68.7,61.1,42.4
Quebec,5/2/1991,43.1,57.2,60.7,40.6
Quebec,5/3/1991,39.5,56.2,56.8,40.3
Quebec,5/4/1991,38.2,56.9,57.4,37.4
Quebec,5/5/1991,34.4,59.1,56.7,37.3
Quebec,5/6/1991,39.4,54,56.2,39.7
Quebec,5/7/1991,45.4,55.6,54.7,42.7
Quebec,5/8/1991,43.4,54.4,58.2,39.9
Quebec,5/9/1991,31,64.4,62.4,39.3
Quebec,5/10/1991,43.6,68.3,69.9,40.5
Quebec,5/11/1991,46.8,76.9,73.6,49.5
Quebec,5/12/1991,58.2,75.5,77.4,47.6
Quebec,5/13/1991,37.9,79.9,70.8,47.7
Quebec,5/14/1991,46.9,57,69.9,39
Quebec,5/15/1991,32.1,72.7,70.6,44.8
Quebec,5/16/1991,55.4,82,68.5,43.2
Quebec,5/17/1991,42.2,50.7,63.5,44.4
Quebec,5/18/1991,35.8,57.9,58.5,36.7
Quebec,5/19/1991,32.1,66.9,66.7,35.7
Quebec,5/20/1991,39.1,75.3,73.7,39.9
Quebec,5/21/1991,48.5,79,76.3,47.4
Quebec,5/22/1991,54.7,74.7,75.7,48.8
Quebec,5/23/1991,43.2,73.4,78.5,52.3
Quebec,5/24/1991,58.9,87.4,78.6,53.8
Quebec,5/25/1991,59.5,75,76,55.8
Quebec,5/26/1991,49.1,65.6,69.8,54.8
Quebec,5/27/1991,55.8,68.7,71.1,53.8
Quebec,5/28/1991,56.5,79.1,72.8,56.3
Quebec,5/29/1991,56.5,70.6,72.1,53.7
Quebec,5/30/1991,47.9,66.6,67.1,52.6
Quebec,5/31/1991,53.5,64.1,69.2,52.6
Quebec,6/1/1991,56.3,76.7,72.2,52.3
Quebec,6/2/1991,47,75.8,74.3,49.9
Quebec,6/3/1991,46.4,70.2,70.4,49
Quebec,6/4/1991,53.5,65.2,67,48.6
Quebec,6/5/1991,46,65.5,69.4,48.1
Quebec,6/6/1991,44.9,77.6,75.8,47.9
Quebec,6/7/1991,53,84.2,80.7,51.5
Quebec,6/8/1991,56.6,80.2,79.7,50.9
Quebec,6/9/1991,43.1,74.7,80.2,53.8
Quebec,6/10/1991,61.8,85.9,79.7,56.4
Quebec,6/11/1991,64.3,78.4,78.7,59.6
Quebec,6/12/1991,52.7,71.6,72.6,55.1
Quebec,6/13/1991,48.2,67.7,71.4,47.8
Quebec,6/14/1991,42.4,74.9,68.7,48
Quebec,6/15/1991,53.5,63.4,68.1,48.9
Quebec,6/16/1991,51,66.1,69.2,52.9
Quebec,6/17/1991,54.3,78,77.1,53.5
Quebec,6/18/1991,55.2,87.2,84.1,56.4
Quebec,6/19/1991,59.7,87,85.8,59.7
Quebec,6/20/1991,64.4,83,81.1,61
Quebec,6/21/1991,58.8,73.1,75.4,56.3
Quebec,6/22/1991,45.8,70,73.5,49.9
Quebec,6/23/1991,45,77.3,75.8,46.4
Quebec,6/24/1991,48.6,80.1,80.6,48.4
Quebec,6/25/1991,51.5,84.3,83.2,52.9
Quebec,6/26/1991,58.5,85.2,86,57.9
Quebec,6/27/1991,63.7,88.4,87.6,62.9
Quebec,6/28/1991,66.5,89.2,83.3,62.8
Quebec,6/29/1991,58.2,72.3,77.7,60.1
Quebec,6/30/1991,55.6,71.5,73.3,52.3
Quebec,7/1/1991,43,76.1,75.1,48
Quebec,7/2/1991,45.4,77.6,78.1,46
Quebec,7/3/1991,49.5,80.6,80.3,52.7
Quebec,7/4/1991,63.1,82.8,77.8,58.1
Quebec,7/5/1991,61.8,70,76.5,61.2
Quebec,7/6/1991,58.7,76.6,76.4,60.3
Quebec,7/7/1991,60.3,82.7,80.3,60.9
Quebec,7/8/1991,63.8,81.5,77.5,57.8
Quebec,7/9/1991,49.4,68.5,73.8,54.1
Quebec,7/10/1991,49.2,71.5,71.5,49.2
Quebec,7/11/1991,49,74.5,75,49.1
Quebec,7/12/1991,49,78.8,76.9,51.1
Quebec,7/13/1991,55.4,77.4,78.5,53
Quebec,7/14/1991,54.6,79.5,79.8,54.8
Quebec,7/15/1991,54.3,82.5,82.2,55.3
Quebec,7/16/1991,57,84.7,82.9,58.4
Quebec,7/17/1991,63.8,81.4,84.4,61.6
Quebec,7/18/1991,64.1,87,86.8,65
Quebec,7/19/1991,67.1,91.9,90.1,67.8
Quebec,7/20/1991,72.1,91.5,87.7,67.8
Quebec,7/21/1991,64.3,79.8,81.9,62.5
Quebec,7/22/1991,51.1,74.4,78.7,57.9
Quebec,7/23/1991,58.3,81.8,79.2,55.3
Quebec,7/24/1991,56.5,81.2,81.6,55.9
Quebec,7/25/1991,52.8,81.8,81.1,55.3
Quebec,7/26/1991,56.6,80.4,80,54.4
Quebec,7/27/1991,53.6,77.9,79.2,53
Quebec,7/28/1991,48.8,79.3,80.6,50.8
Quebec,7/29/1991,49.9,84.5,82.6,50.2
Quebec,7/30/1991,51.9,83.8,81.3,54.5
Quebec,7/31/1991,61.6,75.5,80.7,58.2
Quebec,8/1/1991,61.1,82.7,79.1,59.8
Quebec,8/2/1991,56.7,79.2,80.9,57.3
Quebec,8/3/1991,54.1,80.9,77.9,57.5
Quebec,8/4/1991,61.7,73.6,73.4,57.8
Quebec,8/5/1991,57.5,65.8,72.3,58
Quebec,8/6/1991,54.7,77.4,74.8,55.2
Quebec,8/7/1991,53.5,81.4,81,55.3
Quebec,8/8/1991,57.7,84.2,81.5,56
Quebec,8/9/1991,56.9,78.9,76.6,58.1
Quebec,8/10/1991,59.8,66.7,73,59.1
Quebec,8/11/1991,60.4,73.5,74.4,57.8
Quebec,8/12/1991,53.1,83,81.5,57.9
Quebec,8/13/1991,60.2,88,85.3,58.6
Quebec,8/14/1991,62.4,84.8,85.8,61
Quebec,8/15/1991,60.4,84.5,82.4,62.3
Quebec,8/16/1991,64,77.9,83.1,62.3
Quebec,8/17/1991,62.6,86.8,80.6,62.8
Quebec,8/18/1991,61.8,77.2,78.3,59.9
Quebec,8/19/1991,55.3,70.9,73.7,55.1
Quebec,8/20/1991,48.1,73,69.2,53.3
Quebec,8/21/1991,56.5,63.6,71.6,53.7
Quebec,8/22/1991,56.5,78.2,69.6,54.9
Quebec,8/23/1991,51.7,67,71.5,50.2
Quebec,8/24/1991,42.4,69.3,71,45.9
Quebec,8/25/1991,43.6,76.6,76.4,49.6
Quebec,8/26/1991,62.9,83.2,81,58
Quebec,8/27/1991,67.7,83.1,82.1,64.8
Quebec,8/28/1991,63.9,79.9,82.7,63.3
Quebec,8/29/1991,58.2,85.2,83.7,61.7
Quebec,8/30/1991,62.9,86.1,79.1,59.6
Quebec,8/31/1991,57.6,66,71.9,54.4
Quebec,9/1/1991,42.6,63.6,66.6,46.8
Quebec,9/2/1991,40.2,70,70.8,42.4
Quebec,9/3/1991,44.5,78.8,73.2,48.3
Quebec,9/4/1991,60.3,70.8,74.9,49.9
Quebec,9/5/1991,44.9,75.1,73.2,52.5
Quebec,9/6/1991,52.4,73.5,74.7,49.9
Quebec,9/7/1991,52.5,75.6,73.7,50.8
Quebec,9/8/1991,47.4,71.9,69.4,45.1
Quebec,9/9/1991,35.4,60.6,65.5,44.3
Quebec,9/10/1991,50.2,63.9,59.3,42.3
Quebec,9/11/1991,41.2,53.4,56.4,44.3
Quebec,9/12/1991,41.5,51.8,55,40.2
Quebec,9/13/1991,37.9,59.7,59.3,39.6
Quebec,9/14/1991,39.2,66.4,60.7,38.2
Quebec,9/15/1991,37.4,56.1,66.3,43.1
Quebec,9/16/1991,52.7,76.5,68.2,44.8
Quebec,9/17/1991,44.4,72.1,73,49
Quebec,9/18/1991,49.8,70.4,67.6,48.6
Quebec,9/19/1991,51.6,60.2,61.4,44.6
Quebec,9/20/1991,32.4,53.5,56.8,39.3
Quebec,9/21/1991,33.9,56.7,57.7,32.5
Quebec,9/22/1991,31.2,62.8,60,37.4
Quebec,9/23/1991,47,60.6,59.7,40.3
Quebec,9/24/1991,42.7,55.6,54.7,44.5
Quebec,9/25/1991,43.6,47.9,53.2,43.4
Quebec,9/26/1991,43.7,56,52.4,42.5
Quebec,9/27/1991,40.3,53.2,52.2,39.6
Quebec,9/28/1991,34.7,47.5,47.7,34.5
Quebec,9/29/1991,28.4,42.3,46.2,30.2
Quebec,9/30/1991,27.5,48.7,50.1,32.6
Quebec,10/1/1991,41.9,59.2,57.2,38.7
Quebec,10/2/1991,46.7,63.7,64.2,47.6
Quebec,10/3/1991,54.1,69.6,66.2,49
Quebec,10/4/1991,46.1,65.3,69,50.3
Quebec,10/5/1991,50.7,72.2,64.7,48.5
Quebec,10/6/1991,48.7,56.7,59,46
Quebec,10/7/1991,38.7,48,52.2,39.7
Quebec,10/8/1991,31.6,51.9,53.7,36.5
Quebec,10/9/1991,39.4,61.3,56.6,37.3
Quebec,10/10/1991,41,56.7,55.3,38.8
Quebec,10/11/1991,36,47.9,51.7,38.9
Quebec,10/12/1991,39.6,50.5,49,35.8
Quebec,10/13/1991,31.8,48.5,49.2,33.8
Quebec,10/14/1991,30,48.5,50.4,32.1
Quebec,10/15/1991,34.6,54.3,51.8,35.2
Quebec,10/16/1991,41.1,52.6,55.7,37
Quebec,10/17/1991,35.3,60.2,58.8,37.6
Quebec,10/18/1991,36.4,63.5,55.1,35.3
Quebec,10/19/1991,34.3,41.7,49.6,32.5
Quebec,10/20/1991,27,43.4,44.3,29.6
Quebec,10/21/1991,27.4,47.8,48.5,32.3
Quebec,10/22/1991,42.4,54.4,51.5,33.1
Quebec,10/23/1991,29.7,52.4,59.1,36.4
Quebec,10/24/1991,37.2,70.6,64.5,41.6
Quebec,10/25/1991,57.9,70.7,69.1,49.9
Quebec,10/26/1991,54.6,66,62.2,51.7
Quebec,10/27/1991,42.6,49.9,53.8,43.1
Quebec,10/28/1991,32,45.5,46.5,33
Quebec,10/29/1991,24.3,44,46.7,27.8
Quebec,10/30/1991,27.1,50.6,47.2,30
Quebec,10/31/1991,38.7,47,49.3,35.8
Quebec,11/1/1991,41.5,50.4,48.6,40.8
Quebec,11/2/1991,42.2,48.3,47.8,40.1
Quebec,11/3/1991,36.7,44.9,43.6,33.9
Quebec,11/4/1991,22.8,37.7,40.2,26.4
Quebec,11/5/1991,19.8,37.9,39.7,22.2
Quebec,11/6/1991,24.1,43.3,38.4,24
Quebec,11/7/1991,28.2,34,36.7,23.1
Quebec,11/8/1991,17,32.7,34.2,19.3
Quebec,11/9/1991,12.8,35.9,35.7,14.8
Quebec,11/10/1991,14.5,38.6,37.4,18.4
Quebec,11/11/1991,27.8,37.6,37.8,23.3
Quebec,11/12/1991,27.6,37.1,36.9,28.6
Quebec,11/13/1991,30.4,35.9,39.4,29.7
Quebec,11/14/1991,31.2,45.3,41.8,32
Quebec,11/15/1991,34.5,44.1,42.9,31.8
Quebec,11/16/1991,29.8,39.2,40.6,27.7
Quebec,11/17/1991,18.8,38.5,39.4,22.6
Quebec,11/18/1991,19.3,40.5,43.4,23
Quebec,11/19/1991,30.8,51.1,51,30.6
Quebec,11/20/1991,41.6,61.3,53,36.9
Quebec,11/21/1991,38.2,46.6,50.4,35.2
Quebec,11/22/1991,25.7,43.4,45.4,32.6
Quebec,11/23/1991,34,46.3,45.2,31.2
Quebec,11/24/1991,33.8,46,42.5,32.6
Quebec,11/25/1991,29.9,35.2,36.8,29
Quebec,11/26/1991,23.5,29.1,32.9,21.8
Quebec,11/27/1991,12,34.3,34.6,21
Quebec,11/28/1991,27.5,40.3,36.9,21.7
Quebec,11/29/1991,25.6,36.1,45.4,26
Quebec,11/30/1991,24.8,59.8,45.6,25.9
Quebec,12/1/1991,27.2,40.8,42.1,21.6
Quebec,12/2/1991,12.7,25.5,29.1,16.1
Quebec,12/3/1991,8.5,21.1,20.7,10.1
Quebec,12/4/1991,9.2,15.6,14.3,5.1
Quebec,12/5/1991,-2.5,6.3,10.4,0.9
Quebec,12/6/1991,-3.9,9.3,10,-2.6
Quebec,12/7/1991,-1.3,14.5,20.3,1.8
Quebec,12/8/1991,10.6,37.1,30.8,8.1
Quebec,12/9/1991,15.1,40.7,34,9.1
Quebec,12/10/1991,1.8,24.3,35.2,10.2
Quebec,12/11/1991,13.8,40.6,36,12.8
Quebec,12/12/1991,22.7,43.1,43.9,22.7
Quebec,12/13/1991,31.7,48,40.9,24.8
Quebec,12/14/1991,20,31.8,33.2,20.6
Quebec,12/15/1991,10.2,20,19,9.3
Quebec,12/16/1991,-2.2,5.3,10.6,-5
Quebec,12/17/1991,-23,6.4,7.2,-8.3
Quebec,12/18/1991,0.4,9.9,9.8,-12.2
Quebec,12/19/1991,-14,13.1,17.7,-3.1
Quebec,12/20/1991,4.2,30.1,26.6,3.3
Quebec,12/21/1991,19.8,36.6,33.1,11.6
Quebec,12/22/1991,10.7,32.5,34.3,17.5
Quebec,12/23/1991,22,33.8,23.9,9.9
Quebec,12/24/1991,-2.9,5.5,15.3,1
Quebec,12/25/1991,-16,6.5,12.5,-9.1
Quebec,12/26/1991,-8.5,25.6,17.5,-4.2
Quebec,12/27/1991,12.1,20.4,24.9,4.8
Quebec,12/28/1991,10.9,28.9,26.2,15
Quebec,12/29/1991,22,29.4,25.3,14.6
Quebec,12/30/1991,10.9,17.7,22.5,7.3
Quebec,12/31/1991,-11,20.3,19.6,-3.1
Quebec,1/1/1992,-9.2,20.9,19.6,-8.5
Quebec,1/2/1992,-5.2,17.6,22.5,-2.2
Quebec,1/3/1992,7.9,29.1,26.6,8.1
Quebec,1/4/1992,21.6,33.1,32.7,20.2
Quebec,1/5/1992,31.3,35.9,35,28.1
Quebec,1/6/1992,31.6,35.8,34.8,29.1
Quebec,1/7/1992,24.5,32.6,28.9,20.9
Quebec,1/8/1992,6.7,18.2,24.2,12
Quebec,1/9/1992,4.7,21.9,20.4,7.6
Quebec,1/10/1992,11.4,21.3,17.2,2
Quebec,1/11/1992,-10.2,8.4,14,-5.3
Quebec,1/12/1992,-17.2,12.4,16.4,-7
Quebec,1/13/1992,6.3,28.6,25.9,3.9
Quebec,1/14/1992,22.5,36.8,22,6.4
Quebec,1/15/1992,-9.7,0.8,8.6,-3.1
Quebec,1/16/1992,-22.2,-11.9,-3.1,-17.9
Quebec,1/17/1992,-21.7,1.7,-2.9,-17.8
Quebec,1/18/1992,-9.3,1.5,1.3,-15.8
Quebec,1/19/1992,-16.4,0.6,2.7,-14.4
Quebec,1/20/1992,-17.5,6.1,5.4,-16.8
Quebec,1/21/1992,-16.5,9.6,7.4,-14
Quebec,1/22/1992,-8,6.5,17.3,-10.4
Quebec,1/23/1992,-6.8,35.9,25.6,-1.8
Quebec,1/24/1992,9.3,34.6,21.9,-4.8
Quebec,1/25/1992,-16.8,-4.7,12.1,-6.2
Quebec,1/26/1992,-11.2,6.5,2.5,-15.1
Quebec,1/27/1992,-17.4,5.9,10.1,-11.7
Quebec,1/28/1992,-6.5,18,18.2,-5
Quebec,1/29/1992,8.9,30.7,26.5,9.6
Quebec,1/30/1992,26.3,30.7,27.8,17.8
Quebec,1/31/1992,18.3,22.1,23.7,17.1
Quebec,2/1/1992,6.7,18.4,17.7,5.5
Quebec,2/2/1992,-8.3,12.5,17.7,-3.3
Quebec,2/3/1992,-8.2,22.3,16.7,-6.5
Quebec,2/4/1992,-2.9,15.3,19.6,-2
Quebec,2/5/1992,5.1,21.3,16,-5.7
Quebec,2/6/1992,-19.4,11.4,17.8,-4.1
Quebec,2/7/1992,1.8,20.8,18.2,-0.7
Quebec,2/8/1992,15.6,22.4,16.7,5
Quebec,2/9/1992,-2.3,6.9,12.9,-2.2
Quebec,2/10/1992,-20,9.5,14.3,-7.2
Quebec,2/11/1992,0.6,26.5,11,-13.4
Quebec,2/12/1992,-20.9,-3.1,15,-11.9
Quebec,2/13/1992,-15.4,21.6,15.5,-9.1
Quebec,2/14/1992,8.8,28.1,24,-2
Quebec,2/15/1992,0.5,22.2,25.4,9
Quebec,2/16/1992,17.6,25.8,26.9,8.9
Quebec,2/17/1992,8.6,32.6,29.9,12.6
Quebec,2/18/1992,11.8,31.3,31.4,15.4
Quebec,2/19/1992,25.7,30.3,29.8,18.8
Quebec,2/20/1992,19,27.9,27.8,18.7
Quebec,2/21/1992,11.3,25.2,23.9,9
Quebec,2/22/1992,-3.4,18.6,22.2,6.7
Quebec,2/23/1992,12.1,22.9,19.6,2.3
Quebec,2/24/1992,-1.8,17.4,23.3,3
Quebec,2/25/1992,-1.2,29.5,26,5.9
Quebec,2/26/1992,20.7,31,31.1,12.6
Quebec,2/27/1992,18.2,32.8,24.7,8.9
Quebec,2/28/1992,-12.2,10.5,15,-0.9
Quebec,2/29/1992,-8.9,1.8,7.4,-12.5
Quebec,3/1/1992,-16.5,9.8,7.3,-15.2
Quebec,3/2/1992,-20.3,10.4,14.5,-14.3
Quebec,3/3/1992,-6.2,23.3,21.3,-11.9
Quebec,3/4/1992,-9.1,30.2,31.3,1.1
Quebec,3/5/1992,18.7,40.5,34.4,7.9
Quebec,3/6/1992,14,32.6,36.5,18.4
Quebec,3/7/1992,22.5,36.5,35.7,22.4
Quebec,3/8/1992,30.7,38.1,38.6,26.6
Quebec,3/9/1992,26.7,41.3,41.4,29.6
Quebec,3/10/1992,31.5,44.9,41.7,29.1
Quebec,3/11/1992,29.2,38.8,32.6,22.2
Quebec,3/12/1992,5.8,14.2,21.2,11.9
Quebec,3/13/1992,0.8,10.7,11.8,2.7
Quebec,3/14/1992,1.3,10.6,12.6,-0.3
Quebec,3/15/1992,-2.9,16.3,16.7,-0.5
Quebec,3/16/1992,0,23.2,24.9,4.3
Quebec,3/17/1992,15.9,35.3,27.4,7.2
Quebec,3/18/1992,5.6,23.8,29.3,7.3
Quebec,3/19/1992,0.4,28.7,28.2,2.3
Quebec,3/20/1992,0.8,32.2,28,4.2
Quebec,3/21/1992,11.5,23.1,25.6,3.9
Quebec,3/22/1992,-0.8,21.5,24.3,5.2
Quebec,3/23/1992,4.8,28.4,26.9,2.8
Quebec,3/24/1992,4.4,30.7,32.6,6.5
Quebec,3/25/1992,10.3,38.8,37.1,16.6
Quebec,3/26/1992,35.2,41.8,41.4,27.2
Quebec,3/27/1992,36.3,43.7,42.5,34.9
Quebec,3/28/1992,33.2,41.9,41.6,32.9
Quebec,3/29/1992,29.2,39.3,41.5,28.6
Quebec,3/30/1992,23.3,43.2,42.2,27.1
Quebec,3/31/1992,28.7,44.1,40.7,26.2
Quebec,4/1/1992,26.4,34.7,39.5,26.5
Quebec,4/2/1992,24.3,39.6,37.4,25.2
Quebec,4/3/1992,24.8,37.9,39.9,25.7
Quebec,4/4/1992,27.9,42.4,40.8,27.7
Quebec,4/5/1992,30.2,42,43.5,29
Quebec,4/6/1992,28.7,46,44.6,30.5
Quebec,4/7/1992,32.5,45.8,45.4,31.2
Quebec,4/8/1992,32.4,44.2,47.2,30.3
Quebec,4/9/1992,26.1,51.5,45.7,29.6
Quebec,4/10/1992,30.3,41.4,42.1,25.6
Quebec,4/11/1992,20.4,33.3,38.4,25.8
Quebec,4/12/1992,26.6,40.5,35.6,20.9
Quebec,4/13/1992,15.6,33,38.6,21.3
Quebec,4/14/1992,21.8,42.5,39.8,19.8
Quebec,4/15/1992,22,44.1,45.5,21.9
Quebec,4/16/1992,22,49.9,46,25.3
Quebec,4/17/1992,32,44.1,48.7,27.7
Quebec,4/18/1992,29.2,52.2,52.2,29.8
Quebec,4/19/1992,28.2,60.3,58.8,33.6
Quebec,4/20/1992,43.4,64,64.7,40.5
Quebec,4/21/1992,50,69.9,60.2,45.1
Quebec,4/22/1992,41.9,46.6,56.2,43.3
Quebec,4/23/1992,37.8,52,49.8,39.1
Quebec,4/24/1992,37.7,50.6,50.5,36.5
Quebec,4/25/1992,34,49,51,33.9
Quebec,4/26/1992,29.9,53.5,53,31.1
Quebec,4/27/1992,29.4,56.6,56.7,31.2
Quebec,4/28/1992,34.2,60,60.2,32.9
Quebec,4/29/1992,35.2,64,59.1,36.7
Quebec,4/30/1992,40.9,53.2,56.9,35.2
Quebec,5/1/1992,29.7,53.4,51.7,37.2
Quebec,5/2/1992,41,48.5,49.6,36
Quebec,5/3/1992,37.3,46.9,49.6,35.4
Quebec,5/4/1992,27.8,53.3,51.1,33.3
Quebec,5/5/1992,34.7,53.1,53.9,31.9
Quebec,5/6/1992,33.1,55.3,57.6,32.8
Quebec,5/7/1992,30.7,64.5,65,34.8
Quebec,5/8/1992,40.7,75.3,68,39.9
Quebec,5/9/1992,48.4,64.3,69,44.7
Quebec,5/10/1992,45,67.5,69.5,44.8
Quebec,5/11/1992,41.1,76.6,74.9,46.5
Quebec,5/12/1992,53.5,80.7,79.7,49.3
Quebec,5/13/1992,53.2,81.8,72.5,49.3
Quebec,5/14/1992,41.3,55.1,67.4,41.7
Quebec,5/15/1992,30.5,65.4,64.2,38.4
Quebec,5/16/1992,43.5,72.1,71,42.1
Quebec,5/17/1992,52.3,75.5,69.8,47.7
Quebec,5/18/1992,47.3,61.8,69.8,44.7
Quebec,5/19/1992,34.6,72.2,70.7,42
Quebec,5/20/1992,44.3,78,78.9,43.9
Quebec,5/21/1992,52.7,86.5,83.6,51.2
Quebec,5/22/1992,56.5,86.3,86.5,53.6
Quebec,5/23/1992,51.6,86.8,74.6,47.7
Quebec,5/24/1992,35.2,50.6,64.7,39.8
Quebec,5/25/1992,32.7,56.8,55.2,35.6
Quebec,5/26/1992,38.9,58.2,58.8,35.5
Quebec,5/27/1992,34.9,61.3,62.6,37.8
Quebec,5/28/1992,39.5,68.1,68.1,40.2
Quebec,5/29/1992,46.3,74.9,73.7,43.2
Quebec,5/30/1992,43.8,78,71.9,47.6
Quebec,5/31/1992,52.8,62.8,68.4,50.1
Quebec,6/1/1992,53.7,64.5,66.8,50.1
Quebec,6/2/1992,43.9,73.2,70.5,50.7
Quebec,6/3/1992,54.5,73.9,70.4,49.5
Quebec,6/4/1992,49.9,64.2,70.7,51.3
Quebec,6/5/1992,49.4,73.9,68.5,50.9
Quebec,6/6/1992,53.4,67.5,72.8,53.4
Quebec,6/7/1992,57.5,76.9,73.9,57.1
Quebec,6/8/1992,60.2,77.4,74.5,56.6
Quebec,6/9/1992,52.1,69.2,70.7,51.6
Quebec,6/10/1992,42.4,65.5,70.1,46.2
Quebec,6/11/1992,44.2,75.7,74.2,46.7
Quebec,6/12/1992,53.6,81.4,79.3,51.8
Quebec,6/13/1992,57.7,80.7,78.2,54.3
Quebec,6/14/1992,51.7,72.7,73.2,51.3
Quebec,6/15/1992,44.6,66.4,71.6,45.5
Quebec,6/16/1992,40.3,75.7,74.8,45
Quebec,6/17/1992,50,82.5,80.5,51.2
Quebec,6/18/1992,63.4,83.5,81,59.1
Quebec,6/19/1992,63.8,77,74.8,61.5
Quebec,6/20/1992,57.4,63.8,68.2,57.9
Quebec,6/21/1992,52.7,63.9,63.8,53.7
Quebec,6/22/1992,51.2,63.7,65.5,50
Quebec,6/23/1992,46.1,68.8,67.1,47.1
Quebec,6/24/1992,44,68.9,70.2,47.6
Quebec,6/25/1992,52.8,72.8,73.4,50
Quebec,6/26/1992,53,78.7,77,51.3
Quebec,6/27/1992,48.1,79.5,79.1,51.8
Quebec,6/28/1992,54.3,79.2,78.9,53.6
Quebec,6/29/1992,58.3,78,76.7,56.9
Quebec,6/30/1992,58,73,73,56.5
Quebec,7/1/1992,53.3,68,71.3,50.9
Quebec,7/2/1992,41.3,72.9,70.6,46.5
Quebec,7/3/1992,44.8,70.9,70.6,46.9
Quebec,7/4/1992,54.4,68.1,70,51.4
Quebec,7/5/1992,55.1,70.9,69.8,53.8
Quebec,7/6/1992,51.8,70.4,71.3,52.5
Quebec,7/7/1992,50.6,72.4,74,51.8
Quebec,7/8/1992,53.1,79.2,74.2,54.7
Quebec,7/9/1992,60.4,71.1,75.1,57.2
Quebec,7/10/1992,58,75.1,73.6,58.9
Quebec,7/11/1992,58.3,74.7,74.3,55
Quebec,7/12/1992,48.6,73,75,54.4
Quebec,7/13/1992,56.3,77.2,72.4,53.3
Quebec,7/14/1992,54.9,67.1,73.4,54.4
Quebec,7/15/1992,51.9,76,72.5,50.1
Quebec,7/16/1992,43.6,74.4,73.5,50.3
Quebec,7/17/1992,55.2,70.1,73.8,52.8
Quebec,7/18/1992,59.7,76.8,73.7,56.7
Quebec,7/19/1992,55.2,74.3,77.5,56
Quebec,7/20/1992,53.2,81.3,74.4,52.3
Quebec,7/21/1992,48.3,67.5,73.5,47.7
Quebec,7/22/1992,41.6,71.6,71.3,47.2
Quebec,7/23/1992,51.7,74.8,75.6,48
Quebec,7/24/1992,50.8,80.2,78.7,51.7
Quebec,7/25/1992,52.6,81,78.9,54.8
Quebec,7/26/1992,60.9,75.4,77.6,59
Quebec,7/27/1992,63.4,76.3,75.4,59.9
Quebec,7/28/1992,55.6,74.6,75.2,58.6
Quebec,7/29/1992,56.8,74.6,73.9,53.9
Quebec,7/30/1992,49.2,72.7,71.7,51.5
Quebec,7/31/1992,48.3,67.8,68.8,50.6
Quebec,8/1/1992,54.2,66,68.6,50.9
Quebec,8/2/1992,50.3,72.1,71.3,54.8
Quebec,8/3/1992,60,76,71.1,55.1
Quebec,8/4/1992,55.2,65.3,70.5,57.3
Quebec,8/5/1992,56.7,70.2,71,53
Quebec,8/6/1992,47.1,77.4,75.7,53
Quebec,8/7/1992,55.2,79.7,78.7,52.3
Quebec,8/8/1992,54.6,78.9,78,57.3
Quebec,8/9/1992,62.2,75.3,77.5,58.6
Quebec,8/10/1992,58.9,78.3,75.7,61.5
Quebec,8/11/1992,63.4,73.6,72.8,55.3
Quebec,8/12/1992,43.6,66.6,69.3,49.5
Quebec,8/13/1992,41.5,67.7,68.1,46
Quebec,8/14/1992,53,70,70.7,49.3
Quebec,8/15/1992,53.4,74.4,73,52.6
Quebec,8/16/1992,51.3,74.7,75.3,54.6
Quebec,8/17/1992,59.1,76.9,75.8,57
Quebec,8/18/1992,60.5,75.9,74.6,58.8
Quebec,8/19/1992,56.8,71.1,69.8,56.2
Quebec,8/20/1992,51.1,62.4,70.2,51.4
Quebec,8/21/1992,46.1,77,71.7,51.2
Quebec,8/22/1992,56.5,75.7,78.2,51.9
Quebec,8/23/1992,53.2,82,80.4,55.9
Quebec,8/24/1992,57.9,83.6,83.7,58.1
Quebec,8/25/1992,63.2,85.6,84.1,62.1
Quebec,8/26/1992,65.1,82.9,79.3,63.4
Quebec,8/27/1992,62,69.3,72.6,60.9
Quebec,8/28/1992,55.6,65.6,68.7,58.6
Quebec,8/29/1992,58,71.4,68.4,55.2
Quebec,8/30/1992,51.9,68.3,68.9,55.7
Quebec,8/31/1992,57.1,67.2,65.1,51.9
Quebec,9/1/1992,46.7,59.9,63.4,47.3
Quebec,9/2/1992,38.1,63.2,60.7,41.9
Quebec,9/3/1992,40.9,58.9,64.1,44
Quebec,9/4/1992,52.8,70,67.2,46.5
Quebec,9/5/1992,45.7,72.5,72.9,48.7
Quebec,9/6/1992,47.6,76.1,73.4,51.9
Quebec,9/7/1992,62.2,71.5,75.6,58
Quebec,9/8/1992,64.1,79.2,74.4,59.5
Quebec,9/9/1992,52.2,72.4,75.8,56.6
Quebec,9/10/1992,53.4,75.7,70.4,51.4
Quebec,9/11/1992,48.7,63.1,67,46.1
Quebec,9/12/1992,36.4,62.1,65,42.9
Quebec,9/13/1992,43.8,69.9,69,41.6
Quebec,9/14/1992,44.8,75.1,73.7,47.3
Quebec,9/15/1992,53.4,76,74.7,49.9
Quebec,9/16/1992,51.4,72.9,73.9,55.5
Quebec,9/17/1992,61.8,72.8,75.4,58.8
Quebec,9/18/1992,63.3,80.4,71.6,58.7
Quebec,9/19/1992,51,61.5,68.4,50.9
Quebec,9/20/1992,38.5,63.3,63.8,43.9
Quebec,9/21/1992,42.1,66.7,67,45.9
Quebec,9/22/1992,57,71.1,62.6,45.7
Quebec,9/23/1992,38.1,50,59.3,40.8
Quebec,9/24/1992,27.5,57,58.1,33.1
Quebec,9/25/1992,33.7,67.4,63,32.1
Quebec,9/26/1992,35.3,64.7,65.6,39.9
Quebec,9/27/1992,50.7,64.6,64.8,47
Quebec,9/28/1992,54.9,65,60.6,50.2
Quebec,9/29/1992,45.1,52.3,53.1,43.9
Quebec,9/30/1992,31.7,42.1,48.5,35
Quebec,10/1/1992,28.2,51.1,52,32.1
Quebec,10/2/1992,36.6,62.8,58.1,38.9
Quebec,10/3/1992,51.9,60.3,57.3,39
Quebec,10/4/1992,28.7,49,52.5,38
Quebec,10/5/1992,33.5,48.4,50.4,29.7
Quebec,10/6/1992,26.9,53.9,54.8,31.7
Quebec,10/7/1992,34.7,62,60.8,31.8
Quebec,10/8/1992,33.8,66.5,62.9,34.4
Quebec,10/9/1992,34.6,60.1,62.7,39
Quebec,10/10/1992,48.6,61.4,59.9,41.3
Quebec,10/11/1992,40.7,58.1,59.2,44.7
Quebec,10/12/1992,44.9,58.2,55.8,41
Quebec,10/13/1992,37.3,51.1,53.3,38.1
Quebec,10/14/1992,32,50.6,51,34.8
Quebec,10/15/1992,35.1,51.4,52.7,34.7
Quebec,10/16/1992,37,56.2,51,36.3
Quebec,10/17/1992,36.8,45.3,49.5,33.2
Quebec,10/18/1992,25.7,47.1,44.9,31.1
Quebec,10/19/1992,30.7,42.1,43.5,28.6
Quebec,10/20/1992,29.3,41.3,41.3,31.5
Quebec,10/21/1992,34.6,40.3,42.9,31
Quebec,10/22/1992,29.2,47.2,46.4,32.1
Quebec,10/23/1992,32.6,51.7,49.9,34.9
Quebec,10/24/1992,42.9,50.9,48.6,36.1
Quebec,10/25/1992,32.7,43.2,46.5,35.2
Quebec,10/26/1992,30,45.3,43.6,31.3
Quebec,10/27/1992,31.2,42.2,43.8,30.1
Quebec,10/28/1992,29.2,44,40.4,29.9
Quebec,10/29/1992,29.3,34.9,38.5,26.8
Quebec,10/30/1992,21.8,36.7,36.5,23.8
Quebec,10/31/1992,20.2,37.8,37.3,21.2
Quebec,11/1/1992,21.5,37.3,36.9,20.6
Quebec,11/2/1992,20,35.6,39.5,24.8
Quebec,11/3/1992,32.8,45.6,44.3,28.5
Quebec,11/4/1992,32.8,51.8,48.2,34.1
Quebec,11/5/1992,36.7,47.3,46.6,33.7
Quebec,11/6/1992,31.6,40.6,40,29.6
Quebec,11/7/1992,20.4,32,35.1,25.7
Quebec,11/8/1992,25,32.8,33.1,20.6
Quebec,11/9/1992,16.4,34.4,35.3,18.8
Quebec,11/10/1992,15,38.8,40.1,21
Quebec,11/11/1992,31.6,47.1,46.7,24.2
Quebec,11/12/1992,25.9,54.2,49.6,31.6
Quebec,11/13/1992,37.3,47.4,46.7,30.8
Quebec,11/14/1992,29,38.6,39.6,30.8
Quebec,11/15/1992,26,32.9,34.5,23.5
Quebec,11/16/1992,15.5,31.9,31.5,21.3
Quebec,11/17/1992,22.3,29.7,30,17.6
Quebec,11/18/1992,14.9,28.3,28.2,14.4
Quebec,11/19/1992,5.9,26.6,28.6,9.8
Quebec,11/20/1992,8.6,30.9,34.8,12.5
Quebec,11/21/1992,23,47,41.9,21.5
Quebec,11/22/1992,32.8,47.8,43.4,29.5
Quebec,11/23/1992,32.7,35.5,40.6,32.8
Quebec,11/24/1992,32.9,38.6,38.1,33.4
Quebec,11/25/1992,34.6,40.3,40.6,34.6
Quebec,11/26/1992,36.2,42.8,42,35.8
Quebec,11/27/1992,36.7,42.9,41.6,32.2
Quebec,11/28/1992,23.8,39,40.3,29
Quebec,11/29/1992,26.6,39.1,38.3,27.8
Quebec,11/30/1992,32.8,36.9,35.7,29.1
Quebec,12/1/1992,27.7,31.2,35.8,29.6
Quebec,12/2/1992,28.4,39.4,36.9,28.7
Quebec,12/3/1992,30,40,35.6,25.8
Quebec,12/4/1992,19,27.3,29.3,20.7
Quebec,12/5/1992,13,20.6,25.4,13.4
Quebec,12/6/1992,8.2,28.3,25.5,13.7
Quebec,12/7/1992,20,27.6,25.2,12.3
Quebec,12/8/1992,8.8,19.8,22.1,10.6
Quebec,12/9/1992,3.1,18.8,21.6,4.8
Quebec,12/10/1992,2.6,26.2,24.5,9.2
Quebec,12/11/1992,22,28.5,29.1,15.6
Quebec,12/12/1992,22.2,32.6,31.9,22.8
Quebec,12/13/1992,24,34.5,31.8,22.3
Quebec,12/14/1992,20.6,28.4,31.6,20.3
Quebec,12/15/1992,16.1,31.7,36,20.4
Quebec,12/16/1992,24.4,47.8,39.3,24
Quebec,12/17/1992,31.5,38.4,38.9,26
Quebec,12/18/1992,22,30.6,34.6,22.1
Quebec,12/19/1992,12.8,34.7,34.6,19.1
Quebec,12/20/1992,22.4,38.5,31.8,14.2
Quebec,12/21/1992,7.3,22.2,30.8,15.1
Quebec,12/22/1992,15.7,31.7,30.8,17.3
Quebec,12/23/1992,29.1,38.5,26.5,13.8
Quebec,12/24/1992,-3.2,9.2,24.8,6
Quebec,12/25/1992,-7.9,26.8,17.8,-2.3
Quebec,12/26/1992,4.2,17.4,16.6,-5.3
Quebec,12/27/1992,-12.1,5.7,16.5,-2.8
Quebec,12/28/1992,-0.4,26.3,20.7,1.7
Quebec,12/29/1992,17.6,30,25.8,11.3
Quebec,12/30/1992,16.6,21.1,25.5,17.6
Quebec,12/31/1992,18.7,25.6,22.3,14
Quebec,1/1/1993,6.8,20.2,18.3,7.2
Quebec,1/2/1993,-4,9.2,20.1,-1.6
Quebec,1/3/1993,-7.5,31,26.9,1.3
Quebec,1/4/1993,15.2,40.4,34.9,9.5
Quebec,1/5/1993,20.7,33.4,31.4,14.2
Quebec,1/6/1993,6.7,20.4,27.9,11.7
Quebec,1/7/1993,7.7,29.9,24.3,8.9
Quebec,1/8/1993,12.4,22.6,17.9,3.7
Quebec,1/9/1993,-9.1,1.1,7.9,-4.6
Quebec,1/10/1993,-16.9,0.1,4.7,-11.9
Quebec,1/11/1993,-9.6,13,9.7,-12.1
Quebec,1/12/1993,-9.8,16,14,-6.5
Quebec,1/13/1993,-0.1,13,13.2,-2.6
Quebec,1/14/1993,2,10.6,12,-1.1
Quebec,1/15/1993,-5.3,12.4,17.1,-3.9
Quebec,1/16/1993,-8.4,28.3,23.5,3.4
Quebec,1/17/1993,23.7,29.8,23.2,5.5
Quebec,1/18/1993,1.3,11.7,19.7,3.8
Quebec,1/19/1993,-13.7,17.7,19.2,-4
Quebec,1/20/1993,0.3,28.3,25.3,-3.5
Quebec,1/21/1993,2.8,29.9,30.6,6.4
Quebec,1/22/1993,16.1,33.5,33.7,16.9
Quebec,1/23/1993,31.9,37.5,36.2,25.5
Quebec,1/24/1993,28.7,37.4,31.2,23.1
Quebec,1/25/1993,8.8,18.8,27.9,13
Quebec,1/26/1993,1.6,27.6,25.1,7.3
Quebec,1/27/1993,11.7,28.9,23,2.8
Quebec,1/28/1993,-4.8,12.4,18.2,3.1
Quebec,1/29/1993,2.3,13.3,5.3,-5.9
Quebec,1/30/1993,-15.1,-9.7,2.2,-11.1
Quebec,1/31/1993,-20.6,2.9,-0.6,-14.1
Quebec,2/1/1993,-6.7,4.9,7.2,-16
Quebec,2/2/1993,-20.7,14,15.5,-8.8
Quebec,2/3/1993,1.1,27.7,20.9,-3.7
Quebec,2/4/1993,8.5,21.1,23.9,4.8
Quebec,2/5/1993,5,22.9,11.7,-2.3
Quebec,2/6/1993,-20.4,-9,4.8,-14.7
Quebec,2/7/1993,-28.7,0.6,1.5,-18.8
Quebec,2/8/1993,-7.4,13,7.7,-17.8
Quebec,2/9/1993,-17.4,9.4,15.1,-6.5
Quebec,2/10/1993,5.2,23.1,13.3,-6.9
Quebec,2/11/1993,-8.6,7.5,16.5,-6.4
Quebec,2/12/1993,-15.8,18.8,16.7,-3.1
Quebec,2/13/1993,15,23.8,22.1,4.1
Quebec,2/14/1993,13,23.6,22.5,6.4
Quebec,2/15/1993,-8.8,20.2,23.2,2
Quebec,2/16/1993,2,25.9,23.4,2.6
Quebec,2/17/1993,14.5,24.1,18.2,-2.2
Quebec,2/18/1993,-23,4.6,12.7,-10.7
Quebec,2/19/1993,-23.7,9.5,6.7,-21.4
Quebec,2/20/1993,-17.5,5.9,7.7,-22.7
Quebec,2/21/1993,-27,7.6,8.5,-14.7
Quebec,2/22/1993,0.4,12.1,12.5,-6.2
Quebec,2/23/1993,7.9,17.8,14.6,2.9
Quebec,2/24/1993,0.4,13.8,14.1,-2.1
Quebec,2/25/1993,-14.6,10.6,14.7,-8.2
Quebec,2/26/1993,-10.4,19.8,16.3,-11.8
Quebec,2/27/1993,-10.3,18.6,21.4,-12.8
Quebec,2/28/1993,-17.7,25.8,23.3,-11.4
Quebec,3/1/1993,-6.2,25.7,27.9,-6.7
Quebec,3/2/1993,4,32.3,33.5,4.2
Quebec,3/3/1993,14.7,42.4,35.3,9.9
Quebec,3/4/1993,11.1,31.1,31.5,14.2
Quebec,3/5/1993,16.9,21.1,25.1,14.9
Quebec,3/6/1993,16.7,23.1,25.8,16.5
Quebec,3/7/1993,15.7,33.1,30.4,16.1
Quebec,3/8/1993,15.9,35,33.2,18.7
Quebec,3/9/1993,24.5,31.4,33.7,19.5
Quebec,3/10/1993,18.1,34.7,31.6,20.6
Quebec,3/11/1993,19.1,28.7,25.1,8.1
Quebec,3/12/1993,-13,12,18.6,-1.3
Quebec,3/13/1993,-10,15.2,14,-5.7
Quebec,3/14/1993,5.8,14.8,16.3,-5.2
Quebec,3/15/1993,-11.4,18.9,24.8,1.2
Quebec,3/16/1993,9.3,40.9,32.2,4.1
Quebec,3/17/1993,14.5,36.9,30.3,3.9
Quebec,3/18/1993,-11.9,13.2,24.7,-1.5
Quebec,3/19/1993,-7,24,22.6,-6.5
Quebec,3/20/1993,-0.4,30.6,29.4,4.2
Quebec,3/21/1993,20,33.7,33.7,13
Quebec,3/22/1993,19.3,36.7,34.4,14.9
Quebec,3/23/1993,5.5,33,37,13.7
Quebec,3/24/1993,16.3,41.4,40.5,13.4
Quebec,3/25/1993,18.2,47.1,45.9,20.8
Quebec,3/26/1993,27.7,49.2,49.5,24.1
Quebec,3/27/1993,26.3,52.2,52.9,27.2
Quebec,3/28/1993,27.5,57.3,52.9,29.7
Quebec,3/29/1993,35.4,49.1,53.1,31.7
Quebec,3/30/1993,32.2,52.9,46.3,32.3
Quebec,3/31/1993,29.3,37,39.9,28.7
Quebec,4/1/1993,24.7,29.9,33.6,26.7
Quebec,4/2/1993,26.1,34,33.1,26.3
Quebec,4/3/1993,28.3,35.4,38.2,25.7
Quebec,4/4/1993,22.9,45.3,43.6,24.6
Quebec,4/5/1993,22.6,50.2,49.5,23
Quebec,4/6/1993,23.5,53.1,52.4,23.6
Quebec,4/7/1993,24.8,54,54.4,26.8
Quebec,4/8/1993,32.2,56.3,55.8,31
Quebec,4/9/1993,36,57.1,54.2,36
Quebec,4/10/1993,39.7,49.2,50.6,38
Quebec,4/11/1993,38.2,45.5,44.7,36.7
Quebec,4/12/1993,32.3,39.4,44.2,35.1
Quebec,4/13/1993,34.7,47.7,45.8,33.9
Quebec,4/14/1993,34.9,50.3,49.3,33.4
Quebec,4/15/1993,30.5,50,55,34.7
Quebec,4/16/1993,38.6,64.8,58.9,37.6
Quebec,4/17/1993,43.8,62,57.7,39.1
Quebec,4/18/1993,35,46.2,51.6,38.6
Quebec,4/19/1993,37,46.6,42.7,34.2
Quebec,4/20/1993,30.7,35.4,40.4,33.4
Quebec,4/21/1993,32.5,39.2,37.3,32
Quebec,4/22/1993,32.8,37.4,42.5,32.7
Quebec,4/23/1993,32.8,51.1,48.5,32.5
Quebec,4/24/1993,31.9,57,53.7,36.6
Quebec,4/25/1993,45.3,53.2,51.7,36.9
Quebec,4/26/1993,33.6,45.1,48.9,35.3
Quebec,4/27/1993,27.1,48.5,51.6,29.5
Quebec,4/28/1993,27.9,61.3,60.1,30.5
Quebec,4/29/1993,36.5,70.4,64.5,36.5
Quebec,4/30/1993,45,61.8,66.5,39.3
Quebec,5/1/1993,36.3,67.3,63.8,40.6
Quebec,5/2/1993,40.6,62.5,67.3,38.9
Quebec,5/3/1993,40,72.3,67.7,45.3
Quebec,5/4/1993,55.3,68.4,69.5,50
Quebec,5/5/1993,54.9,67.9,68.7,53.7
Quebec,5/6/1993,51,69.8,66.7,49.8
Quebec,5/7/1993,43.7,62.3,69.1,44.7
Quebec,5/8/1993,39.4,75.2,71.6,43.2
Quebec,5/9/1993,46.4,77.2,71.2,45
Quebec,5/10/1993,49.1,61.1,71.1,45.6
Quebec,5/11/1993,41.3,75,67.5,46.4
Quebec,5/12/1993,48.8,66.6,65.4,43.2
Quebec,5/13/1993,39.7,54.8,59.7,40.3
Quebec,5/14/1993,32.3,57.8,58.2,38.8
Quebec,5/15/1993,44.3,62.2,60.3,42.4
Quebec,5/16/1993,50.7,60.8,59.9,45.3
Quebec,5/17/1993,41,56.8,60.2,42
Quebec,5/18/1993,34.2,63,57.9,38.1
Quebec,5/19/1993,39,53.7,58.4,37.8
Quebec,5/20/1993,40.3,58.5,58.2,41.7
Quebec,5/21/1993,45.8,62.4,61.8,41.6
Quebec,5/22/1993,38.6,64.4,64.4,40.6
Quebec,5/23/1993,37.3,66.4,65.2,41.2
Quebec,5/24/1993,47.6,64.8,65.4,46.4
Quebec,5/25/1993,54.4,64.9,64.7,49.9
Quebec,5/26/1993,47.8,64.3,64.3,49.6
Quebec,5/27/1993,46.5,63.6,61.2,45.2
Quebec,5/28/1993,41.2,55.8,60.4,44.8
Quebec,5/29/1993,46.6,62,62.3,43.2
Quebec,5/30/1993,41.8,69.2,64.7,44.8
Quebec,5/31/1993,46,62.9,63.1,45.4
Quebec,6/1/1993,48.2,57.3,61.1,45.2
Quebec,6/2/1993,41.3,63,60.7,45.5
Quebec,6/3/1993,47,61.9,63.1,43.9
Quebec,6/4/1993,43.5,64.3,64.8,42.8
Quebec,6/5/1993,37.9,68.3,63.9,44
Quebec,6/6/1993,50.6,59.3,66.1,43.1
Quebec,6/7/1993,40.8,70.8,66.3,45.2
Quebec,6/8/1993,44.2,68.9,70.7,45.5
Quebec,6/9/1993,51.4,72.5,70.9,50.9
Quebec,6/10/1993,57.2,71.4,72.3,54.7
Quebec,6/11/1993,55.5,72.9,76.3,53.7
Quebec,6/12/1993,48.5,84.5,81.1,53.4
Quebec,6/13/1993,56.2,85.9,85.4,54.2
Quebec,6/14/1993,58,85.6,82.9,58.5
Quebec,6/15/1993,61.5,77.1,77,58.4
Quebec,6/16/1993,55.7,68.4,73.4,55.2
Quebec,6/17/1993,48.5,74.7,69.6,54.2
Quebec,6/18/1993,58.5,65.7,72.7,54.9
Quebec,6/19/1993,57.8,77.8,73.4,56.2
Quebec,6/20/1993,52.3,76.6,75.5,57
Quebec,6/21/1993,60.7,72,71.9,57.4
Quebec,6/22/1993,59.2,67.2,71.2,55.7
Quebec,6/23/1993,47,74.4,73.3,50.4
Quebec,6/24/1993,45,78.2,79.4,47.7
Quebec,6/25/1993,51,85.5,81.2,54.9
Quebec,6/26/1993,68.6,79.9,82,59.8
Quebec,6/27/1993,59.8,80.5,78.6,63.3
Quebec,6/28/1993,61.7,75.5,76.4,57.7
Quebec,6/29/1993,51.6,73.3,74.8,55.1
Quebec,6/30/1993,52.1,75.7,76.5,50.9
Quebec,7/1/1993,49.2,80.3,79.4,51.1
Quebec,7/2/1993,52,82.1,77.8,54.2
Quebec,7/3/1993,61.3,71.1,78,56.6
Quebec,7/4/1993,56.6,80.9,76.7,57.6
Quebec,7/5/1993,54.9,78.2,83.5,57.3
Quebec,7/6/1993,60.5,91.4,86,61.1
Quebec,7/7/1993,67.9,88.4,86.9,64.2
Quebec,7/8/1993,64.1,80.8,85.3,65.9
Quebec,7/9/1993,65.7,86.7,84.1,66.8
Quebec,7/10/1993,70.7,84.9,85.4,65.1
Quebec,7/11/1993,58.8,84.7,83.8,64.5
Quebec,7/12/1993,64,81.7,81.7,60.7
Quebec,7/13/1993,59.4,78.7,78.6,59.9
Quebec,7/14/1993,56.4,75.5,76.2,57.6
Quebec,7/15/1993,57.1,74.2,74.4,55.4
Quebec,7/16/1993,52.6,73.3,74.8,55.8
Quebec,7/17/1993,57.7,76.8,78.1,53.5
Quebec,7/18/1993,50.2,84.2,80,55.5
Quebec,7/19/1993,58.8,79.2,79.7,57.7
Quebec,7/20/1993,64.3,75.7,76.2,58.5
Quebec,7/21/1993,52.4,73.7,71.9,58.3
Quebec,7/22/1993,58.2,66.4,71.8,54.8
Quebec,7/23/1993,53.6,75.4,73.6,54.6
Quebec,7/24/1993,51.9,79,77,54
Quebec,7/25/1993,56.5,76.6,78,53.6
Quebec,7/26/1993,52.3,78.4,75.6,56.9
Quebec,7/27/1993,61.9,71.8,77.5,59
Quebec,7/28/1993,62.8,82.3,77.5,63.9
Quebec,7/29/1993,67.1,78.3,79.8,64.5
Quebec,7/30/1993,63.8,79,80.3,63.8
Quebec,7/31/1993,60.5,83.6,82.5,63.2
Quebec,8/1/1993,65.4,85,82.9,62.6
Quebec,8/2/1993,61.8,80.1,81.7,62.9
Quebec,8/3/1993,61.4,80,79.3,61
Quebec,8/4/1993,59.8,77.6,75.8,59.1
Quebec,8/5/1993,56,69.8,74.2,55.3
Quebec,8/6/1993,49.9,75.1,73.7,52.8
Quebec,8/7/1993,52.5,76.3,76.6,50.8
Quebec,8/8/1993,49.9,78.4,78.3,52.8
Quebec,8/9/1993,56.1,80,79.3,53.4
Quebec,8/10/1993,54.2,79.3,78.7,58.1
Quebec,8/11/1993,64,76.6,77.8,60.3
Quebec,8/12/1993,62.7,77.3,77.9,64
Quebec,8/13/1993,65.2,79.8,79.4,63.3
Quebec,8/14/1993,62,81,80.6,62.4
Quebec,8/15/1993,59.9,81.1,81.5,60.6
Quebec,8/16/1993,59.8,82.3,80.8,60.5
Quebec,8/17/1993,61.7,79,79.1,60.9
Quebec,8/18/1993,61.3,76,78.2,59.3
Quebec,8/19/1993,54.9,79.7,76,57.2
Quebec,8/20/1993,55.3,72.3,72.9,52.2
Quebec,8/21/1993,46.4,66.8,70.3,47.2
Quebec,8/22/1993,39.7,71.7,71.6,44.8
Quebec,8/23/1993,48.3,76.2,73.8,48.9
Quebec,8/24/1993,58.7,73.4,78.4,57.3
Quebec,8/25/1993,64.8,85.6,82.6,62.5
Quebec,8/26/1993,63.9,88.7,86.3,63.5
Quebec,8/27/1993,61.8,84.6,84.7,63
Quebec,8/28/1993,63.2,80.7,79.5,57.4
Quebec,8/29/1993,47.2,73.4,76.6,53.1
Quebec,8/30/1993,48.9,75.7,77.1,51.1
Quebec,8/31/1993,57.1,82,76.3,51.5
Quebec,9/1/1993,48.4,71.2,76,50.6
Quebec,9/2/1993,46.2,74.8,73.9,52.9
Quebec,9/3/1993,64.3,75.8,73.4,55
Quebec,9/4/1993,54.7,69.7,72.5,56.7
Quebec,9/5/1993,51.2,72.1,67.8,51
Quebec,9/6/1993,47.2,61.6,67.1,48.1
Quebec,9/7/1993,46,67.5,66.1,45.4
Quebec,9/8/1993,43.2,69.1,69,45.6
Quebec,9/9/1993,47.7,70.3,69.3,48.3
Quebec,9/10/1993,54,68.4,65.9,49.1
Quebec,9/11/1993,45.5,59,64.5,44.9
Quebec,9/12/1993,35.1,66,66.9,45.5
Quebec,9/13/1993,55.9,75.7,75,51.4
Quebec,9/14/1993,63.3,83.3,78,55.8
Quebec,9/15/1993,48.1,74.9,72.9,49.2
Quebec,9/16/1993,36.2,60.4,66,43.3
Quebec,9/17/1993,45.7,62.6,62.7,45.3
Quebec,9/18/1993,54.1,65,60.3,45.2
Quebec,9/19/1993,35.9,53.2,58.6,41
Quebec,9/20/1993,33.1,57.6,57.9,34
Quebec,9/21/1993,33,63,63,33.4
Quebec,9/22/1993,33.9,68.5,65,36.6
Quebec,9/23/1993,42.9,63.5,65.2,38.2
Quebec,9/24/1993,37.7,63.6,64.5,41.1
Quebec,9/25/1993,42.7,66.3,63.2,41.8
Quebec,9/26/1993,45,59.8,62.1,46.8
Quebec,9/27/1993,52.7,60.1,59.7,49.4
Quebec,9/28/1993,50.4,59.2,56.6,48.8
Quebec,9/29/1993,43.4,50.5,53.2,42
Quebec,9/30/1993,32.2,49.8,51.8,33.9
Quebec,10/1/1993,25.9,55.2,52.8,34.8
Quebec,10/2/1993,46.3,53.5,53.6,34.8
Quebec,10/3/1993,32.2,52.2,50.6,39.7
Quebec,10/4/1993,40.7,46.1,48.6,33.4
Quebec,10/5/1993,27.3,47.5,50.3,32.1
Quebec,10/6/1993,28.2,57.2,57.1,34.2
Quebec,10/7/1993,47.1,66.6,56.5,36.3
Quebec,10/8/1993,33.7,45.9,51,38.3
Quebec,10/9/1993,34,40.6,42,31
Quebec,10/10/1993,25.3,39.5,42.5,26
Quebec,10/11/1993,18.8,47.3,44,26.7
Quebec,10/12/1993,36.2,45.3,44.5,28.3
Quebec,10/13/1993,30,41.1,44.2,28.8
Quebec,10/14/1993,20.2,46.2,46.7,25.1
Quebec,10/15/1993,25.2,52.7,54.5,26.7
Quebec,10/16/1993,34.7,64.5,58.3,37.4
Quebec,10/17/1993,52.3,57.6,58.5,44.3
Quebec,10/18/1993,45.8,53.3,53,42.8
Quebec,10/19/1993,30.4,48,51.5,35.5
Quebec,10/20/1993,30.4,53.2,52.5,34.7
Quebec,10/21/1993,43.5,56.5,53.4,38.6
Quebec,10/22/1993,42.1,50.6,50.4,39.4
Quebec,10/23/1993,32.8,44,50.8,36.2
Quebec,10/24/1993,33.7,57.7,48.9,33.5
Quebec,10/25/1993,34.1,45.1,50.5,30.8
Quebec,10/26/1993,24.7,48.9,47.8,33.6
Quebec,10/27/1993,41.9,49.3,47.4,34
Quebec,10/28/1993,35.3,44.1,47.6,37.5
Quebec,10/29/1993,35.2,49.4,46.7,33.7
Quebec,10/30/1993,30.5,46.5,45.2,32.9
Quebec,10/31/1993,33.1,39.6,39.4,30.6
Quebec,11/1/1993,28.3,32,34.9,26
Quebec,11/2/1993,16.7,33.1,34.7,23.6
Quebec,11/3/1993,25.8,39,38.3,25.5
Quebec,11/4/1993,34,42.7,42.5,32.2
Quebec,11/5/1993,36.8,46,44.2,33.8
Quebec,11/6/1993,30.5,43.9,41.6,28.4
Quebec,11/7/1993,17.7,35.1,39.9,24.7
Quebec,11/8/1993,25.8,40.9,40.5,25
Quebec,11/9/1993,31.4,45.7,42.4,29
Quebec,11/10/1993,29.6,40.7,41.4,29.8
Quebec,11/11/1993,28.3,37.9,39.6,29.2
Quebec,11/12/1993,29.6,40.1,41,25.8
Quebec,11/13/1993,19.4,45,45.7,27.7
Quebec,11/14/1993,34,52.1,45.1,29.7
Quebec,11/15/1993,35.6,38.1,43.7,33.7
Quebec,11/16/1993,31.4,40.9,40.7,34
Quebec,11/17/1993,34.9,43.1,41.7,31.3
Quebec,11/18/1993,27.5,41.1,42.8,29.6
Quebec,11/19/1993,26.5,44.2,41.4,27.8
Quebec,11/20/1993,29.5,39.1,41.5,24.5
Quebec,11/21/1993,17.5,41.2,42.4,26.3
Quebec,11/22/1993,32,47,37.7,22.3
Quebec,11/23/1993,17.4,24.9,32.6,21.9
Quebec,11/24/1993,16.4,25.9,23.8,12.1
Quebec,11/25/1993,2.6,20.8,24.7,8.6
Quebec,11/26/1993,6.7,27.4,30.4,9.6
Quebec,11/27/1993,19.5,42.9,40.1,18.9
Quebec,11/28/1993,30.6,50.1,44.2,26
Quebec,11/29/1993,27.9,39.6,38.7,25
Quebec,11/30/1993,16.5,26.4,32.2,18.8
Quebec,12/1/1993,12,30.5,31.1,14.4
Quebec,12/2/1993,14.6,36.5,36.2,18.8
Quebec,12/3/1993,29.9,41.7,38.1,25.1
Quebec,12/4/1993,30.8,36.1,38.1,30.6
Quebec,12/5/1993,31.2,36.6,35.9,31
Quebec,12/6/1993,30.9,34.9,35.1,29.9
Quebec,12/7/1993,27.6,33.8,34.1,28.1
Quebec,12/8/1993,25.9,33.6,32.6,23.1
Quebec,12/9/1993,16,30.4,35.5,22
Quebec,12/10/1993,24.3,42.6,34.3,19.4
Quebec,12/11/1993,17.8,30,33.1,18.4
Quebec,12/12/1993,12.9,26.8,29.6,14.2
Quebec,12/13/1993,11.9,32,31.1,14.1
Quebec,12/14/1993,17.5,34.6,36.1,19
Quebec,12/15/1993,27.7,41.7,34.8,21.2
Quebec,12/16/1993,18.4,28,33.4,18.4
Quebec,12/17/1993,9.1,30.6,29.7,14.5
Quebec,12/18/1993,16,30.4,30.7,15.8
Quebec,12/19/1993,22.2,31.2,33.2,21.5
Quebec,12/20/1993,26.4,37.9,34.3,26.6
Quebec,12/21/1993,31.2,33.8,32.1,24.9
Quebec,12/22/1993,17,24.5,22,13.4
Quebec,12/23/1993,-8.1,7.8,15.7,-1.1
Quebec,12/24/1993,-12.1,14.9,15.3,-4.9
Quebec,12/25/1993,5.4,23.2,15.4,-7.9
Quebec,12/26/1993,-17.1,8,5.5,-12.6
Quebec,12/27/1993,-26.3,-14.7,-3.9,-22.8
Quebec,12/28/1993,-25.1,-5,-6.2,-24.1
Quebec,12/29/1993,-21,1,1.8,-17.5
Quebec,12/30/1993,-6.3,9.3,12.2,-11.6
Quebec,12/31/1993,-7.4,26.2,22.9,-0.8
Quebec,1/1/1994,11.4,33.3,27.6,1.9
Quebec,1/2/1994,1.7,23.2,20.3,-2
Quebec,1/3/1994,-19,4.5,12.2,-8.5
Quebec,1/4/1994,-8,8.9,7.5,-9.8
Quebec,1/5/1994,-2.4,9.2,4.6,-10.2
Quebec,1/6/1994,-20.1,-4.2,1.4,-12.3
Quebec,1/7/1994,-14.5,-0.8,-0.8,-13.3
Quebec,1/8/1994,-5.5,2.5,1.1,-8.5
Quebec,1/9/1994,-5.6,1.6,1.7,-8
Quebec,1/10/1994,-12.9,1.1,5.4,-10.2
Quebec,1/11/1994,-11.9,13.4,7.6,-11.8
Quebec,1/12/1994,-10.5,8.3,13.7,-7.4
Quebec,1/13/1994,0.1,19.4,13,-1.4
Quebec,1/14/1994,6.1,11.3,6.5,-3.4
Quebec,1/15/1994,-16.3,-11.4,-2.6,-11.6
Quebec,1/16/1994,-24.5,-7.8,-2.8,-19.7
Quebec,1/17/1994,-18.1,10.8,4.5,-15
Quebec,1/18/1994,-2.5,10.6,5.2,-15.3
Quebec,1/19/1994,-25.2,-5.7,3.2,-19.3
Quebec,1/20/1994,-30.3,4.6,5.3,-21.3
Quebec,1/21/1994,-8.4,17.1,11.1,-14.4
Quebec,1/22/1994,-4.6,11.7,10,-8.1
Quebec,1/23/1994,-11.4,1.3,9.9,-6.1
Quebec,1/24/1994,-2.2,16.8,8.2,-13.1
Quebec,1/25/1994,-25.7,6.4,4.2,-18.2
Quebec,1/26/1994,-26.9,-10.6,7.5,-30.4
Quebec,1/27/1994,-38.7,26.7,19.5,-24
Quebec,1/28/1994,-6.3,42.5,30.8,-12.9
Quebec,1/29/1994,6.4,23.3,20.9,-4.2
Quebec,1/30/1994,-12.8,-3.2,7.2,-11.5
Quebec,1/31/1994,-28,1.4,2.1,-20.4
Quebec,2/1/1994,-20.6,8.1,8.1,-20.4
Quebec,2/2/1994,-12.8,14.9,13.9,-15.4
Quebec,2/3/1994,-12.9,18.7,17.3,-7.7
Quebec,2/4/1994,2.4,18.4,20.5,-6.2
Quebec,2/5/1994,-8.1,24.4,18.2,-3.6
Quebec,2/6/1994,-5,12,13.8,-8.3
Quebec,2/7/1994,-11.7,5.1,3.3,-12.4
Quebec,2/8/1994,-20.5,-7.1,-1.5,-15.2
Quebec,2/9/1994,-13.3,-2.5,-3.3,-19.1
Quebec,2/10/1994,-23.7,-0.2,1.7,-18.1
Quebec,2/11/1994,-17.3,7.8,9.3,-19.3
Quebec,2/12/1994,-16.9,20.1,17.4,-7.9
Quebec,2/13/1994,10.4,24.3,19.1,0.2
Quebec,2/14/1994,7.1,12.9,17.4,0.1
Quebec,2/15/1994,-17.1,15,17.4,-0.4
Quebec,2/16/1994,8.6,24.1,22.9,-1.9
Quebec,2/17/1994,2.8,29.4,25.1,8.1
Quebec,2/18/1994,13.1,21.8,32.6,8.7
Quebec,2/19/1994,10.3,46.5,38.8,20.3
Quebec,2/20/1994,37.5,48,46.2,26.3
Quebec,2/21/1994,31,44,37.6,26.8
Quebec,2/22/1994,11.8,20.7,26.9,15
Quebec,2/23/1994,2.2,16.1,17.7,7.7
Quebec,2/24/1994,9.2,16.3,16.5,6.9
Quebec,2/25/1994,9.4,17.2,15.2,2.9
Quebec,2/26/1994,-10,12.1,14.3,-0.7
Quebec,2/27/1994,-1.5,13.6,13.8,-5.7
Quebec,2/28/1994,-5.6,15.5,15.5,-7
Quebec,3/1/1994,-13.9,17.4,18.5,-10.9
Quebec,3/2/1994,-13.3,22.5,22.7,-7.4
Quebec,3/3/1994,5,28.2,28.7,4.1
Quebec,3/4/1994,20.5,35.5,33.3,15.3
Quebec,3/5/1994,20.5,36.2,33.6,12.1
Quebec,3/6/1994,-4.8,29.2,34.3,9
Quebec,3/7/1994,11.4,37.4,34.1,12.3
Quebec,3/8/1994,30.1,35.6,33.4,17.2
Quebec,3/9/1994,9.9,27.1,30.8,19.7
Quebec,3/10/1994,19.1,29.8,28.2,10.9
Quebec,3/11/1994,3.5,27.6,26.2,3.8
Quebec,3/12/1994,-11.3,21.3,25.6,0.7
Quebec,3/13/1994,10,27.8,27.3,5.5
Quebec,3/14/1994,17.9,32.7,32.9,17.2
Quebec,3/15/1994,23.7,38.2,34.8,20.5
Quebec,3/16/1994,19.8,33.7,32.4,18.1
Quebec,3/17/1994,10.9,25.5,29.3,14.3
Quebec,3/18/1994,12.2,28.6,28.4,13.7
Quebec,3/19/1994,18.1,31.2,32.1,16.3
Quebec,3/20/1994,18.7,36.5,36.5,22
Quebec,3/21/1994,29,41.9,39.5,26.4
Quebec,3/22/1994,31.4,40,42.4,27.9
Quebec,3/23/1994,23.3,45.3,40.7,27.2
Quebec,3/24/1994,26.8,36.9,39.4,27.2
Quebec,3/25/1994,31.4,36.1,37.2,27.5
Quebec,3/26/1994,24.2,38.5,36.4,24.6
Quebec,3/27/1994,18.2,34.6,37.8,24.7
Quebec,3/28/1994,31.6,40.4,38.5,26.2
Quebec,3/29/1994,28.9,40.5,37.9,27.1
Quebec,3/30/1994,20.8,32.7,37.3,25.2
Quebec,3/31/1994,25.9,38.7,35.2,23.5
Quebec,4/1/1994,23.7,34.3,37.6,20
Quebec,4/2/1994,10.2,39.8,37.6,21.6
Quebec,4/3/1994,30.8,38.6,40.3,22.5
Quebec,4/4/1994,26.3,42.5,41,29.2
Quebec,4/5/1994,30.5,41.9,38.6,28.1
Quebec,4/6/1994,27.5,31.4,37.4,28.5
Quebec,4/7/1994,27.6,38.8,37.2,24.2
Quebec,4/8/1994,17.4,41.5,41.9,24.3
Quebec,4/9/1994,28,45.5,46,28.1
Quebec,4/10/1994,38.8,51,47.1,33.3
Quebec,4/11/1994,33.1,44.9,50.3,34
Quebec,4/12/1994,30.1,55.2,50,33
Quebec,4/13/1994,35.8,50,51.8,35.1
Quebec,4/14/1994,39.5,50.4,55.1,37.2
Quebec,4/15/1994,36.4,64.9,56.2,39.9
Quebec,4/16/1994,43.9,53.3,53.9,37.8
Quebec,4/17/1994,33.1,43.6,48.3,35.7
Quebec,4/18/1994,30.1,48.1,50.5,32.2
Quebec,4/19/1994,33.6,59.9,52.1,33.7
Quebec,4/20/1994,37.4,48.3,51.3,33.8
Quebec,4/21/1994,30.5,45.6,45.4,31.9
Quebec,4/22/1994,27.8,42.4,47.8,28.1
Quebec,4/23/1994,25.9,55.5,50.8,32
Quebec,4/24/1994,42.4,54.6,54.7,33.6
Quebec,4/25/1994,32.5,53.9,51.6,37
Quebec,4/26/1994,36.2,46.2,55.9,35.7
Quebec,4/27/1994,38.3,67.6,53.5,34.3
Quebec,4/28/1994,28.4,46.7,53.9,33.3
Quebec,4/29/1994,33.1,47.4,49.5,32.9
Quebec,4/30/1994,37.3,54.4,48.8,36.6
Quebec,5/1/1994,39.4,44.5,49.1,37.2
Quebec,5/2/1994,34.9,48.4,51.3,33.9
Quebec,5/3/1994,27.4,61,58.9,33.2
Quebec,5/4/1994,37.1,67.4,65.5,34.2
Quebec,5/5/1994,38,68.1,67.3,39.1
Quebec,5/6/1994,42.2,66.3,66.6,40.6
Quebec,5/7/1994,41.7,65.4,62.7,42.4
Quebec,5/8/1994,43.4,56.4,62.5,41.8
Quebec,5/9/1994,40.4,65.7,59.9,41.5
Quebec,5/10/1994,40.8,57.5,61.9,38.4
Quebec,5/11/1994,33.9,62.3,58.6,39.8
Quebec,5/12/1994,44.8,56,56.5,37.6
Quebec,5/13/1994,34.2,51.1,58.4,37.9
Quebec,5/14/1994,34.6,67.9,61.7,35.2
Quebec,5/15/1994,36.8,66.1,62.4,40
Quebec,5/16/1994,48.6,53.1,61.6,43.3
Quebec,5/17/1994,44.5,65.7,57.8,44.7
Quebec,5/18/1994,41.1,54.5,62.1,41.6
Quebec,5/19/1994,39.3,66,63.6,40
Quebec,5/20/1994,39.6,70.2,70,41.6
Quebec,5/21/1994,45.9,73.7,75.6,44.1
Quebec,5/22/1994,47,82.9,74.8,47.9
Quebec,5/23/1994,50.9,67.8,73.6,47.5
Quebec,5/24/1994,44.5,70,68.7,49.2
Quebec,5/25/1994,52.2,68.2,61.8,45.4
Quebec,5/26/1994,39.7,47.1,58.6,42.3
Quebec,5/27/1994,35.2,60.4,56.2,37.8
Quebec,5/28/1994,38.5,60.9,62.8,36.4
Quebec,5/29/1994,35.4,67,65.9,42
Quebec,5/30/1994,52.1,69.9,71.7,47.9
Quebec,5/31/1994,56.2,78.3,71.3,53.4
Quebec,6/1/1994,52,65.7,68.9,49.4
Quebec,6/2/1994,40.2,62.7,66.3,45
Quebec,6/3/1994,43,70.4,68,41
Quebec,6/4/1994,40,71,73.9,43.1
Quebec,6/5/1994,46.2,80.2,74,48.4
Quebec,6/6/1994,59.1,70.8,74.3,54.2
Quebec,6/7/1994,57.3,71.9,69.9,53.8
Quebec,6/8/1994,44.9,67,70.5,50.4
Quebec,6/9/1994,49,72.4,70.3,44.2
Quebec,6/10/1994,38.6,71.3,74.3,43.5
Quebec,6/11/1994,43,79,75.1,46.5
Quebec,6/12/1994,58.1,74.8,78,50.9
Quebec,6/13/1994,51.7,80.2,79.1,57.7
Quebec,6/14/1994,63.1,82.1,82.3,57.4
Quebec,6/15/1994,57.4,84.6,86.4,61.4
Quebec,6/16/1994,63.7,92.3,89.5,64.1
Quebec,6/17/1994,71.3,91.6,91.1,67
Quebec,6/18/1994,66,89.3,87,67.3
Quebec,6/19/1994,64.5,80.1,84.1,61.1
Quebec,6/20/1994,52.8,82.8,79.5,61
Quebec,6/21/1994,65.7,75.5,78.3,58.8
Quebec,6/22/1994,57.9,76.6,75.9,59.7
Quebec,6/23/1994,55.5,75.7,76.7,54.6
Quebec,6/24/1994,50.3,77.8,73.6,54.8
Quebec,6/25/1994,58.6,67.4,72.1,56.8
Quebec,6/26/1994,61.5,71.1,69.2,58.4
Quebec,6/27/1994,55.2,69,71.7,59.8
Quebec,6/28/1994,62.6,74.9,74.8,59.4
Quebec,6/29/1994,60.6,80.6,77.4,60.6
Quebec,6/30/1994,58.8,76.9,77.6,59.6
Quebec,7/1/1994,59.4,75.3,76.5,59.4
Quebec,7/2/1994,60,77.3,75.8,55.8
Quebec,7/3/1994,47.9,74.8,75,53.3
Quebec,7/4/1994,51.9,72.7,74,51
Quebec,7/5/1994,53.2,74.3,74.5,55.6
Quebec,7/6/1994,61.7,76.5,75.7,58.8
Quebec,7/7/1994,61.5,76.4,76.7,61.3
Quebec,7/8/1994,60.7,77.2,79.4,61
Quebec,7/9/1994,60.8,84.6,79.3,61.1
Quebec,7/10/1994,61.9,76.1,79.3,58.2
Quebec,7/11/1994,51.9,77,75.5,56.4
Quebec,7/12/1994,55.5,73.3,75.5,56.8
Quebec,7/13/1994,63.1,76.2,74.9,56.2
Quebec,7/14/1994,50.1,75.3,76.1,56.3
Quebec,7/15/1994,55.6,76.9,77.5,55.6
Quebec,7/16/1994,61.1,80.4,79.8,58.2
Quebec,7/17/1994,58,82.2,80.6,61.4
Quebec,7/18/1994,65.2,79.3,80.3,62.8
Quebec,7/19/1994,65.3,79.6,81.7,63.4
Quebec,7/20/1994,59.7,86.2,85.1,64.6
Quebec,7/21/1994,68.8,89.6,86.9,66.2
Quebec,7/22/1994,70,84.8,85.2,68.3
Quebec,7/23/1994,66.2,81.1,83,66.9
Quebec,7/24/1994,64.3,83,81.1,64.8
Quebec,7/25/1994,63.9,79.1,80.7,64.1
Quebec,7/26/1994,64.2,79.9,78.1,61.6
Quebec,7/27/1994,56.6,75.3,75.5,60
Quebec,7/28/1994,59.3,71.5,75.8,56.7
Quebec,7/29/1994,54.1,80.5,74.7,56.9
Quebec,7/30/1994,57.2,72,77.6,58.1
Quebec,7/31/1994,62.9,80.2,78.5,61
Quebec,8/1/1994,63.1,83.3,77.4,61.1
Quebec,8/2/1994,57.4,68.7,76.3,59.8
Quebec,8/3/1994,58.9,76.9,75,58
Quebec,8/4/1994,57.9,79.3,73.6,56.1
Quebec,8/5/1994,51.6,64.6,72,50.8
Quebec,8/6/1994,42.7,72,71.5,47.3
Quebec,8/7/1994,47.5,77.9,76.7,46.8
Quebec,8/8/1994,50.1,80.3,78.5,52.3
Quebec,8/9/1994,59.2,77.2,75.9,52.7
Quebec,8/10/1994,48.8,70.1,73.1,52.3
Quebec,8/11/1994,48.7,71.9,72.5,50.1
Quebec,8/12/1994,52.8,75.4,75.6,54.1
Quebec,8/13/1994,60.7,79.4,76.4,58.7
Quebec,8/14/1994,62.5,74.5,72.3,57.1
Quebec,8/15/1994,47.9,63.1,70.2,52.8
Quebec,8/16/1994,47.8,72.9,70.6,49.8
Quebec,8/17/1994,53.6,75.9,73.5,53.1
Quebec,8/18/1994,58,71.8,75.4,54.7
Quebec,8/19/1994,52.6,78.5,76.7,56.9
Quebec,8/20/1994,60.2,79.8,76.9,58.1
Quebec,8/21/1994,61.4,72.4,72.4,58.2
Quebec,8/22/1994,53,64.9,69.3,52.3
Quebec,8/23/1994,42.4,70.8,69.9,46.3
Quebec,8/24/1994,43.5,74.1,70.9,45.9
Quebec,8/25/1994,51.7,67.8,73.2,52.5
Quebec,8/26/1994,62.2,77.7,74.8,58.9
Quebec,8/27/1994,62.6,79,77.7,59.8
Quebec,8/28/1994,54.6,76.3,74.2,56.9
Quebec,8/29/1994,53.6,67.5,69.6,51.8
Quebec,8/30/1994,47.2,65.2,65.6,49
Quebec,8/31/1994,46.2,64,62.1,44.8
Quebec,9/1/1994,41,57.2,58.7,42
Quebec,9/2/1994,38.8,55,56.7,38.1
Quebec,9/3/1994,34.5,57.9,59.2,35.2
Quebec,9/4/1994,32.4,64.8,62.5,34.2
Quebec,9/5/1994,35.6,64.8,61.7,39.2
Quebec,9/6/1994,49.6,55.6,60.6,45.2
Quebec,9/7/1994,50.4,61.5,61.1,50.6
Quebec,9/8/1994,51.8,66.2,63.9,49.6
Quebec,9/9/1994,46.7,63.9,63.7,47.9
Quebec,9/10/1994,45.3,61,63.3,47
Quebec,9/11/1994,48.9,65.1,63.6,47
Quebec,9/12/1994,46.9,64.8,62.3,46.2
Quebec,9/13/1994,42.8,57,63.5,44.8
Quebec,9/14/1994,44.8,68.6,65.6,42.9
Quebec,9/15/1994,41,71.1,65.7,44.1
Quebec,9/16/1994,46.4,57.6,65.5,41.2
Quebec,9/17/1994,36.1,68,61,40.6
Quebec,9/18/1994,39.4,57.5,62.3,38.8
Quebec,9/19/1994,40.9,61.3,64.1,42.4
Quebec,9/20/1994,47,73.4,68.1,45.1
Quebec,9/21/1994,47.2,69.6,71.7,46.9
Quebec,9/22/1994,46.5,72,67.9,47.5
Quebec,9/23/1994,48.8,62.1,66.6,49.6
Quebec,9/24/1994,53.5,65.7,64.6,53.4
Quebec,9/25/1994,57.7,65.8,66.7,56.2
Quebec,9/26/1994,57.3,68.6,67.9,58.2
Quebec,9/27/1994,59.6,69.4,68.2,56.4
Quebec,9/28/1994,52.4,66.6,65.3,52.8
Quebec,9/29/1994,46.4,60,60,45.8
Quebec,9/30/1994,38.5,53.4,56.1,39.4
Quebec,10/1/1994,33.3,55,53.3,35.5
Quebec,10/2/1994,34.6,51.6,53.7,34.6
Quebec,10/3/1994,36,54.5,53,35.4
Quebec,10/4/1994,35.7,52.9,53.3,35.7
Quebec,10/5/1994,35.3,52.6,52.7,35.8
Quebec,10/6/1994,36.5,52.7,57.9,38.6
Quebec,10/7/1994,44,68.3,64.6,41.1
Quebec,10/8/1994,42.7,72.7,70.3,44.9
Quebec,10/9/1994,48,69.9,64.2,42.8
Quebec,10/10/1994,37.8,50.1,56.1,38
Quebec,10/11/1994,28.3,48.4,52.3,31.4
Quebec,10/12/1994,28.1,58.5,57.4,29
Quebec,10/13/1994,30.6,65.3,58.6,29.6
Quebec,10/14/1994,30.1,51.9,56.5,28.5
Quebec,10/15/1994,24.8,52.4,54.6,27.5
Quebec,10/16/1994,27.6,59.5,55.9,26.5
Quebec,10/17/1994,26.9,56,54.9,31
Quebec,10/18/1994,38.4,49.3,55.5,36
Quebec,10/19/1994,42.7,61.2,56.5,43.7
Quebec,10/20/1994,50,58.9,60.9,47.3
Quebec,10/21/1994,49.2,62.6,59.6,48.3
Quebec,10/22/1994,45.8,57.3,59.8,47.3
Quebec,10/23/1994,46.9,59.4,58.7,45.9
Quebec,10/24/1994,45,59.5,57.2,43.2
Quebec,10/25/1994,37.9,52.6,54.4,39.6
Quebec,10/26/1994,36,51.1,51.1,35.7
Quebec,10/27/1994,33.2,49.6,53,33.6
Quebec,10/28/1994,31.6,58.5,56.7,34.9
Quebec,10/29/1994,39.8,62.1,60.3,37.7
Quebec,10/30/1994,41.6,60.4,58.2,38.3
Quebec,10/31/1994,33.6,52,53,39
Quebec,11/1/1994,41.8,46.6,47.8,37.7
Quebec,11/2/1994,37.7,44.9,47.3,37.1
Quebec,11/3/1994,31.9,50.5,48.5,35.9
Quebec,11/4/1994,38.2,50.1,53.5,36.1
Quebec,11/5/1994,38.2,59.9,55.2,38
Quebec,11/6/1994,37.8,55.6,54.3,37.2
Quebec,11/7/1994,35.5,47.5,50.9,37.2
Quebec,11/8/1994,38.4,49.5,49,36
Quebec,11/9/1994,34.1,50.1,46.7,33.8
Quebec,11/10/1994,28.9,40.6,44.4,29.8
Quebec,11/11/1994,26.5,42.4,41.1,26.8
Quebec,11/12/1994,25,40.2,42.5,26
Quebec,11/13/1994,26.5,44.7,46.4,27.7
Quebec,11/14/1994,31.6,54.4,51.7,29.2
Quebec,11/15/1994,29.5,55.9,52.6,28.6
Quebec,11/16/1994,24.9,47.5,50.2,25.3
Quebec,11/17/1994,21.6,47.4,50.8,24.3
Quebec,11/18/1994,26.5,57.5,53,28.6
Quebec,11/19/1994,37.9,54.1,51.4,30.1
Quebec,11/20/1994,25.9,42.5,48.6,30.5
Quebec,11/21/1994,27.6,49,46.8,26
Quebec,11/22/1994,24.4,48.7,42.1,22.6
Quebec,11/23/1994,15.7,28.7,35.5,18.1
Quebec,11/24/1994,14.4,29.2,31.7,17
Quebec,11/25/1994,21.1,37.2,31.1,16.2
Quebec,11/26/1994,13.2,27,29.4,14.1
Quebec,11/27/1994,8.1,24,28.9,13.8
Quebec,11/28/1994,20.1,35.7,33.1,18.8
Quebec,11/29/1994,28.3,39.5,34.5,20.9
Quebec,11/30/1994,14.3,28.3,33.9,18
Quebec,12/1/1994,11.5,33.9,35.4,18.8
Quebec,12/2/1994,30.7,43.9,39.2,23.5
Quebec,12/3/1994,28.3,39.7,43.4,29.4
Quebec,12/4/1994,29.2,46.5,41,29.9
Quebec,12/5/1994,32.1,36.7,41.9,30.8
Quebec,12/6/1994,31,42.5,36.8,27
Quebec,12/7/1994,17.9,31.2,34.6,21.4
Quebec,12/8/1994,15.4,30.2,29.2,14.9
Quebec,12/9/1994,11.5,26.2,27.4,13.2
Quebec,12/10/1994,12.9,25.7,27.3,8.4
Quebec,12/11/1994,0.7,30.1,20.6,1.4
Quebec,12/12/1994,-9.5,6.1,15.8,-6.8
Quebec,12/13/1994,-11.6,11.3,11.3,-5.8
Quebec,12/14/1994,3.7,16.3,15.5,-2.7
Quebec,12/15/1994,-0.1,19,18.8,3.9
Quebec,12/16/1994,8.2,21.1,25.1,9.1
Quebec,12/17/1994,19.3,35.3,31,18.8
Quebec,12/18/1994,29,36.5,33.7,20.7
Quebec,12/19/1994,13.8,29.2,32.4,17.5
Quebec,12/20/1994,9.7,31.6,33.6,17.7
Quebec,12/21/1994,29.5,40.2,37.4,20.9
Quebec,12/22/1994,23.5,40.5,40.1,23.7
Quebec,12/23/1994,18,39.7,39,21.7
Quebec,12/24/1994,23.7,36.8,38,18.4
Quebec,12/25/1994,13.6,37.6,34.7,16.4
Quebec,12/26/1994,11.9,29.8,31.7,14.4
Quebec,12/27/1994,17.9,27.6,29.9,16.5
Quebec,12/28/1994,19.8,32.2,29.4,10.7
Quebec,12/29/1994,-5.5,28.3,22.1,2.4
Quebec,12/30/1994,-7.1,5.8,16.6,-6.5
Quebec,12/31/1994,-7.1,15.8,14.8,-0.1
Quebec,1/1/1995,14,22.9,21.5,6.9
Quebec,1/2/1995,13.9,25.9,23.2,10.7
Quebec,1/3/1995,4.2,20.9,22.3,5.1
Quebec,1/4/1995,-2.9,20.1,20.9,-3.8
Quebec,1/5/1995,-12.6,21.6,22.7,1.3
Quebec,1/6/1995,19.3,26.3,25.4,4.7
Quebec,1/7/1995,7.3,28.3,23.5,6.3
Quebec,1/8/1995,-7.6,15.9,21,-4.7
Quebec,1/9/1995,-13.8,18.8,9.7,-15.8
Quebec,1/10/1995,-25.9,-5.6,5.1,-22.8
Quebec,1/11/1995,-28.7,2.2,5.8,-17.5
Quebec,1/12/1995,2,20.8,16.1,-2.5
Quebec,1/13/1995,19,25.5,26.1,15
Quebec,1/14/1995,23.9,32.2,36.7,25
Quebec,1/15/1995,32,52.4,41.8,28.8
Quebec,1/16/1995,30.5,40.9,41.7,29.2
Quebec,1/17/1995,25,31.7,34.7,27.1
Quebec,1/18/1995,25.6,31.3,32.4,26.7
Quebec,1/19/1995,29.5,34.2,33.7,29.4
Quebec,1/20/1995,33.2,35.7,34.5,30.1
Quebec,1/21/1995,27.6,33.7,32.6,28.1
Quebec,1/22/1995,23.6,28.5,30.3,24.5
Quebec,1/23/1995,22.4,28.7,28,22.3
Quebec,1/24/1995,20.9,26.7,27.2,16.5
Quebec,1/25/1995,6.3,26.1,23.1,8.8
Quebec,1/26/1995,-0.8,16.4,17.2,0.4
Quebec,1/27/1995,-4.4,9.1,13.3,-2.2
Quebec,1/28/1995,-1.4,14.3,15.1,-2.5
Quebec,1/29/1995,-1.8,22,20.8,2.8
Quebec,1/30/1995,11.7,26.1,25.9,8.6
Quebec,1/31/1995,15.8,29.5,29.5,13.2
Quebec,2/1/1995,12,33,26.2,9.7
Quebec,2/2/1995,1.4,16.1,21.5,2.5
Quebec,2/3/1995,-6,15.5,16.8,-1.3
Quebec,2/4/1995,0.7,18.7,17.2,-5.3
Quebec,2/5/1995,-10.6,17.5,8.8,-9.2
Quebec,2/6/1995,-17.9,-9.7,3.3,-14.1
Quebec,2/7/1995,-13.8,1.9,0.6,-16.7
Quebec,2/8/1995,-18.4,9.6,11.5,-8.9
Quebec,2/9/1995,5.6,22.9,16.5,-5.4
Quebec,2/10/1995,-3.3,16.9,21.1,2.2
Quebec,2/11/1995,4.3,23.4,15.6,-1.6
Quebec,2/12/1995,-5.9,6.5,16.2,-2.9
Quebec,2/13/1995,-7.2,18.7,14.4,-3.2
Quebec,2/14/1995,3.5,18,22.9,-3.1
Quebec,2/15/1995,-5.5,32,28,0.9
Quebec,2/16/1995,4.6,34.1,31.2,0.7
Quebec,2/17/1995,3.1,27.4,31.2,8
Quebec,2/18/1995,16.3,32.1,32.4,11.4
Quebec,2/19/1995,14.9,37.7,31.5,14
Quebec,2/20/1995,10.6,24.6,29,14.5
Quebec,2/21/1995,18,24.7,23,12.8
Quebec,2/22/1995,9.8,19.6,25.5,13.6
Quebec,2/23/1995,13,32.1,28.2,9
Quebec,2/24/1995,4.3,33,25.2,3.9
Quebec,2/25/1995,-5.6,10.5,16.5,-5.1
Quebec,2/26/1995,-13.8,6.1,10,-11.5
Quebec,2/27/1995,-15,13.4,14.4,-5.7
Quebec,2/28/1995,11.6,23.8,20.9,0.4
Quebec,3/1/1995,4.7,25.5,23.3,2.9
Quebec,3/2/1995,-7.4,20.6,22.8,-6.1
Quebec,3/3/1995,-15.7,22.4,24.2,-8.9
Quebec,3/4/1995,-3.6,29.4,26.1,-6.6
Quebec,3/5/1995,-0.4,26.5,26.6,3.4
Quebec,3/6/1995,14.3,23.9,30.5,10.2
Quebec,3/7/1995,16.8,41.2,36.3,16.8
Quebec,3/8/1995,19.4,43.6,35.7,14.7
Quebec,3/9/1995,7.9,22.2,27.6,8.7
Quebec,3/10/1995,-1.1,17.1,20.2,-0.5
Quebec,3/11/1995,-8.1,21.2,25.4,1.3
Quebec,3/12/1995,13,37.9,36.1,11
Quebec,3/13/1995,28.2,49.2,43.1,25.2
Quebec,3/14/1995,34.4,42.2,46.5,32.3
Quebec,3/15/1995,34.2,48.1,44.3,34.2
Quebec,3/16/1995,34.1,42.6,42.6,33.9
Quebec,3/17/1995,33.5,37.1,41.3,33.3
Quebec,3/18/1995,32.3,44.4,41.6,31.7
Quebec,3/19/1995,29.3,43.2,45.2,30.2
Quebec,3/20/1995,28.9,48,45.1,30.9
Quebec,3/21/1995,34.4,44.1,45.5,32.4
Quebec,3/22/1995,33.9,44.4,43.2,31.8
Quebec,3/23/1995,27,40.9,39.6,28
Quebec,3/24/1995,23.1,33.5,40.1,25.5
Quebec,3/25/1995,26.5,45.9,41.9,26.6
Quebec,3/26/1995,30.2,46.2,46.5,27.2
Quebec,3/27/1995,24.9,47.4,48,26.5
Quebec,3/28/1995,24.5,50.4,49.2,25
Quebec,3/29/1995,25.6,49.7,49.1,27
Quebec,3/30/1995,31,47.2,46.2,27.5
Quebec,3/31/1995,26,41.7,42.4,25.9
Quebec,4/1/1995,20.7,38.3,40.5,22.2
Quebec,4/2/1995,20,41.7,41.7,20.5
Quebec,4/3/1995,20.7,45.1,45,16.2
Quebec,4/4/1995,8,48.2,37.6,10.7
Quebec,4/5/1995,3.3,19.6,31.7,6.4
Quebec,4/6/1995,8,27.2,28.7,8.4
Quebec,4/7/1995,13.8,39.2,36.7,13.3
Quebec,4/8/1995,18,43.6,43.2,18.2
Quebec,4/9/1995,22.9,46.7,45,19.9
Quebec,4/10/1995,18.8,44.6,46.5,21.1
Quebec,4/11/1995,21.6,48.3,47.5,26
Quebec,4/12/1995,37.6,49.5,49,31.1
Quebec,4/13/1995,34,49.2,48.3,34.1
Quebec,4/14/1995,30.8,46.3,45.9,31.8
Quebec,4/15/1995,30.6,42.3,43.2,30.2
Quebec,4/16/1995,29.2,41.1,43.5,28.9
Quebec,4/17/1995,26.9,47.1,46.3,28.3
Quebec,4/18/1995,28.6,50.8,52.1,31.2
Quebec,4/19/1995,38,58.5,54.3,34.7
Quebec,4/20/1995,37.4,53.6,54.9,36.1
Quebec,4/21/1995,33.1,52.8,52.6,35.4
Quebec,4/22/1995,35.8,51.5,49.6,33.1
Quebec,4/23/1995,30.3,44.5,49.1,30.6
Quebec,4/24/1995,25.7,51.3,49,28.3
Quebec,4/25/1995,29,51.1,51.8,29.8
Quebec,4/26/1995,34.8,52.9,53.3,32.7
Quebec,4/27/1995,34.3,55.8,52.4,36.2
Quebec,4/28/1995,39.4,48.6,51.7,37.7
Quebec,4/29/1995,39.5,50.7,51.7,38.9
Quebec,4/30/1995,37.7,55.9,56.2,38.3
Quebec,5/1/1995,37.6,62.1,60.7,36.3
Quebec,5/2/1995,33.5,64.3,64.5,36.6
Quebec,5/3/1995,38.6,67.2,67,35.8
Quebec,5/4/1995,35.1,69.5,67.2,38.2
Quebec,5/5/1995,40.7,64.9,61.3,35.1
Quebec,5/6/1995,29.5,49.6,55,31.7
Quebec,5/7/1995,24.8,50.3,54.8,28.8
Quebec,5/8/1995,32.1,64.4,61.1,31.4
Quebec,5/9/1995,37.3,68.6,65.8,37.6
Quebec,5/10/1995,43.5,64.5,63.8,42.9
Quebec,5/11/1995,47.9,58.2,58.7,46.5
Quebec,5/12/1995,48.1,53.5,59.8,48.8
Quebec,5/13/1995,50.3,67.8,63.6,48.6
Quebec,5/14/1995,47.3,69.6,64.7,46.3
Quebec,5/15/1995,41.4,56.7,62.3,42.2
Quebec,5/16/1995,38,60.7,56.6,40.8
Quebec,5/17/1995,43,52.4,56.8,41.2
Quebec,5/18/1995,42.6,57.3,58,41.5
Quebec,5/19/1995,38.8,64.3,62.1,41.2
Quebec,5/20/1995,42.2,64.7,66.2,42.2
Quebec,5/21/1995,45.7,69.7,65.6,44.5
Quebec,5/22/1995,45.7,62.5,66,45.7
Quebec,5/23/1995,45.7,65.7,64.5,46
Quebec,5/24/1995,46.4,65.2,66,44.9
Quebec,5/25/1995,42.5,67.2,68.1,44.4
Quebec,5/26/1995,44.2,71.7,69.5,43.8
Quebec,5/27/1995,44.7,69.5,70.8,43.3
Quebec,5/28/1995,40.9,71.1,68.4,45.4
Quebec,5/29/1995,50.6,64.6,69.3,48.6
Quebec,5/30/1995,54.2,72.3,72.6,53.9
Quebec,5/31/1995,56.8,80.9,80.7,56.1
Quebec,6/1/1995,57.2,89.1,82.8,57.6
Quebec,6/2/1995,58.9,78.5,77.6,55.2
Quebec,6/3/1995,49.6,65.3,71.7,50.8
Quebec,6/4/1995,43.9,71.2,69.1,48.4
Quebec,6/5/1995,51.7,70.6,73.2,48.8
Quebec,6/6/1995,50.8,77.6,77.3,50.6
Quebec,6/7/1995,49.3,83.5,75.6,48
Quebec,6/8/1995,44,65.8,72.8,45.9
Quebec,6/9/1995,44.5,69.2,69.6,43.4
Quebec,6/10/1995,41.8,73.8,67,45.4
Quebec,6/11/1995,50,57.9,66.3,46.9
Quebec,6/12/1995,48.8,67.2,67.1,48
Quebec,6/13/1995,45.1,76.2,71.8,48
Quebec,6/14/1995,50.2,72.1,75.1,46.9
Quebec,6/15/1995,45.4,77.1,76.6,47.9
Quebec,6/16/1995,48.2,80.7,79.5,51.7
Quebec,6/17/1995,61.3,80.8,82.2,58.3
Quebec,6/18/1995,65.3,85,85.1,64.9
Quebec,6/19/1995,68,89.5,82.8,61.4
Quebec,6/20/1995,50.7,73.8,79.4,54.7
Quebec,6/21/1995,45.5,74.8,77.1,47.5
Quebec,6/22/1995,46.4,82.5,81.2,47.9
Quebec,6/23/1995,51.9,86.3,85.5,52.7
Quebec,6/24/1995,60,87.6,87.7,58
Quebec,6/25/1995,62,89.2,85.1,60.1
Quebec,6/26/1995,58.2,78.5,83,59.3
Quebec,6/27/1995,57.7,81.2,80.3,57.4
Quebec,6/28/1995,56.2,81.2,83,56.7
Quebec,6/29/1995,56.2,86.8,85.4,58.1
Quebec,6/30/1995,61.8,88.2,85.5,59.7
Quebec,7/1/1995,61.1,81.5,81.2,59.6
Quebec,7/2/1995,55.8,74,77.3,55.2
Quebec,7/3/1995,48.7,76.3,77.9,51.4
Quebec,7/4/1995,49.7,83.3,82.1,51.7
Quebec,7/5/1995,56.6,86.8,86.8,58.6
Quebec,7/6/1995,69.6,90.4,86.1,65.2
Quebec,7/7/1995,69.6,81.1,82.2,65.5
Quebec,7/8/1995,57.5,75,77.3,61.1
Quebec,7/9/1995,56.2,75.7,75.2,56.3
Quebec,7/10/1995,55.2,74.9,75.9,55.1
Quebec,7/11/1995,53.9,77,78.1,53.6
Quebec,7/12/1995,51.6,82.4,82.6,55.4
Quebec,7/13/1995,60.7,88.4,87.2,61
Quebec,7/14/1995,70.6,90.9,86.9,61.9
Quebec,7/15/1995,54.3,81.2,82,59.2
Quebec,7/16/1995,52.7,73.8,74.5,55.1
Quebec,7/17/1995,58.3,68.6,73.2,57.5
Quebec,7/18/1995,61.3,77.1,74.9,59.8
Quebec,7/19/1995,59.7,79.2,75.7,60.9
Quebec,7/20/1995,61.8,71,76.6,59.9
Quebec,7/21/1995,58.2,79.5,77.9,58.2
Quebec,7/22/1995,54.7,83.1,79.7,58
Quebec,7/23/1995,61.1,76.5,80,58.6
Quebec,7/24/1995,59.9,80.4,80.5,60.9
Quebec,7/25/1995,61.7,84.6,82.4,62.5
Quebec,7/26/1995,65.8,82.2,81.4,61.9
Quebec,7/27/1995,58.2,77.4,80.8,60.4
Quebec,7/28/1995,57.3,82.8,81.5,59.8
Quebec,7/29/1995,64,84.3,82.2,59.7
Quebec,7/30/1995,57.9,79.6,83.7,58.9
Quebec,7/31/1995,54.8,87.2,84.3,56.5
Quebec,8/1/1995,56.8,86,81.6,55.3
Quebec,8/2/1995,54.4,71.5,78.1,55.1
Quebec,8/3/1995,54.1,76.7,76.3,57.9
Quebec,8/4/1995,65.1,80.7,77.2,58.9
Quebec,8/5/1995,57.4,74.3,76.9,59.1
Quebec,8/6/1995,54.9,75.6,76.7,55.3
Quebec,8/7/1995,53.6,80.3,79.4,53.3
Quebec,8/8/1995,51.3,82.2,82.4,53
Quebec,8/9/1995,54.1,84.8,84.4,53.1
Quebec,8/10/1995,54,86.1,84.7,55.3
Quebec,8/11/1995,57.7,83.3,83.3,56.8
Quebec,8/12/1995,58.7,80.6,80.2,57.2
Quebec,8/13/1995,55.1,76.6,78.6,56.2
Quebec,8/14/1995,54.7,78.5,80.2,58.9
Quebec,8/15/1995,66.8,85.5,83.3,61
Quebec,8/16/1995,61.4,85.8,86.3,62.3
Quebec,8/17/1995,58.8,87.7,83.6,57.5
Quebec,8/18/1995,52.2,77.4,81.5,54.7
Quebec,8/19/1995,53,79.4,80.8,52.7
Quebec,8/20/1995,53,85.7,83.3,56.1
Quebec,8/21/1995,62.2,84.9,80.3,56.2
Quebec,8/22/1995,53.4,70.2,75,55
Quebec,8/23/1995,49.4,70,68.5,51.3
Quebec,8/24/1995,51.1,65.4,68.8,48.6
Quebec,8/25/1995,45.4,70.9,68.4,47.6
Quebec,8/26/1995,46.3,68.8,71.2,46.3
Quebec,8/27/1995,47,73.8,72.5,45.3
Quebec,8/28/1995,42.4,74.7,75.4,46.5
Quebec,8/29/1995,50.1,77.5,75.8,46.7
Quebec,8/30/1995,47.7,75.1,73.9,51.5
Quebec,8/31/1995,56.5,69.1,70.9,51.1
Quebec,9/1/1995,49.2,68.6,69.3,49
Quebec,9/2/1995,41.2,70.3,70.4,43.4
Quebec,9/3/1995,39.7,72.4,73.2,44
Quebec,9/4/1995,51.1,76.7,75.1,46.5
Quebec,9/5/1995,48.8,76.2,73.3,46.3
Quebec,9/6/1995,38.9,67,72,42.2
Quebec,9/7/1995,38.9,72.8,66.2,37.5
Quebec,9/8/1995,34.8,58.7,65.9,37.2
Quebec,9/9/1995,38,66.3,61.5,37
Quebec,9/10/1995,38.1,59.4,63.6,36.3
Quebec,9/11/1995,32.8,65.1,67.1,38.8
Quebec,9/12/1995,45.6,76.8,71.5,46.7
Quebec,9/13/1995,61.6,72.6,71.6,51.6
Quebec,9/14/1995,47.5,65.3,66.1,49
Quebec,9/15/1995,37.9,60.4,64.3,39.7
Quebec,9/16/1995,33.6,67.2,63.2,38.3
Quebec,9/17/1995,43.4,62.1,63.2,37.3
Quebec,9/18/1995,34.7,60.2,62.4,36.4
Quebec,9/19/1995,31,64.9,61.3,35.9
Quebec,9/20/1995,42.2,58.9,60.7,41.8
Quebec,9/21/1995,52.1,58.3,62.3,47.3
Quebec,9/22/1995,47.5,69.7,61.4,44.2
Quebec,9/23/1995,33,56.2,61,36.8
Quebec,9/24/1995,29.8,57.1,57.6,33.8
Quebec,9/25/1995,38.7,59.5,56.4,37.4
Quebec,9/26/1995,43.7,52.5,58.4,41.4
Quebec,9/27/1995,41.9,63.1,57.5,39.1
Quebec,9/28/1995,31.7,56.9,61,34.4
Quebec,9/29/1995,29.6,63,63.7,31.7
Quebec,9/30/1995,33.9,71.1,68.4,34.1
Quebec,10/1/1995,38.9,71.2,71.6,37.7
Quebec,10/2/1995,40.4,72.6,67.8,42.7
Quebec,10/3/1995,48.7,59.8,63.2,43.5
Quebec,10/4/1995,41.3,57.2,58.5,44.5
Quebec,10/5/1995,43.5,58.6,55.2,43.1
Quebec,10/6/1995,44.3,49.8,55.1,45.2
Quebec,10/7/1995,47.8,56.9,54.7,47
Quebec,10/8/1995,48.7,57.3,56.6,47.7
Quebec,10/9/1995,46.7,55.6,57.4,45
Quebec,10/10/1995,39.5,59.5,59,43.5
Quebec,10/11/1995,44.2,61.9,64.3,44.3
Quebec,10/12/1995,49.3,71.6,69.4,48
Quebec,10/13/1995,50.6,74.9,70.9,48.9
Quebec,10/14/1995,46.8,66.3,65.3,46.9
Quebec,10/15/1995,43.3,54.7,55.6,43.1
Quebec,10/16/1995,39.2,45.7,49.6,39.2
Quebec,10/17/1995,35,48.4,52.9,38.1
Quebec,10/18/1995,40.2,64.6,54.4,36.7
Quebec,10/19/1995,34.7,50.1,59.9,38.1
Quebec,10/20/1995,39.5,64.9,61.2,41.3
Quebec,10/21/1995,49.7,68.6,62.2,43.9
Quebec,10/22/1995,42.4,53,60,43.6
Quebec,10/23/1995,38.9,58.4,59.4,39.7
Quebec,10/24/1995,37.9,66.8,59.6,38.5
Quebec,10/25/1995,38.6,53.6,57.9,38
Quebec,10/26/1995,37.6,53.5,54.9,39.5
Quebec,10/27/1995,42.4,57.7,55.9,42.2
Quebec,10/28/1995,46.5,56.6,54.4,40.2
Quebec,10/29/1995,31.8,48.7,47.3,35.4
Quebec,10/30/1995,28,36.7,41,29.2
Quebec,10/31/1995,27.8,37.5,37.3,28.1
Quebec,11/1/1995,28.6,37.7,39.8,29.9
Quebec,11/2/1995,33.2,44.3,44.4,31.9
Quebec,11/3/1995,33.8,51.4,44.8,30.6
Quebec,11/4/1995,24.8,38.9,43.1,28
Quebec,11/5/1995,25.6,39.2,40.6,28.1
Quebec,11/6/1995,34,43.8,42.5,31.7
Quebec,11/7/1995,35.6,44.5,42.6,32.1
Quebec,11/8/1995,26.6,39.5,36.9,25.4
Quebec,11/9/1995,13.8,26.7,34.9,18.2
Quebec,11/10/1995,14.1,38.5,41.8,21.6
Quebec,11/11/1995,36.9,60.1,52.9,23.5
Quebec,11/12/1995,19.4,60,49.8,23.3
Quebec,11/13/1995,13.6,29.2,41.5,20.4
Quebec,11/14/1995,28.2,35.3,35.6,24.4
Quebec,11/15/1995,31.4,42.1,38.2,29.5
Quebec,11/16/1995,29,37.3,37,26.8
Quebec,11/17/1995,20.1,31.7,33,21.5
Quebec,11/18/1995,15.4,29.9,30.8,19
Quebec,11/19/1995,21.6,30.9,32.2,22.3
Quebec,11/20/1995,30,36,35.4,28.4
Quebec,11/21/1995,33.6,39.3,37.1,28.4
Quebec,11/22/1995,21.5,36.2,36,24.6
Quebec,11/23/1995,18.6,32.7,30.3,14
Quebec,11/24/1995,1.8,22,25.8,7.2
Quebec,11/25/1995,1.1,22.6,25.5,7
Quebec,11/26/1995,18.1,31.9,25.2,9.5
Quebec,11/27/1995,9.2,21.1,26,10.6
Quebec,11/28/1995,4.6,25,19.8,1.7
Quebec,11/29/1995,-8.6,13.2,18.6,-4.5
Quebec,11/30/1995,-9.3,17.8,21.1,-0.9
Quebec,12/1/1995,15.1,32.2,26.4,2
Quebec,12/2/1995,0.2,29.2,26.2,5.8
Quebec,12/3/1995,2,17.2,24,3.7
Quebec,12/4/1995,8.9,25.6,23.4,1.6
Quebec,12/5/1995,-6.2,27.5,28.9,4.7
Quebec,12/6/1995,11.5,33.7,27.9,3.1
Quebec,12/7/1995,3.9,22.4,22,0.9
Quebec,12/8/1995,-12.5,10,19.2,-5.5
Quebec,12/9/1995,-7.9,25.2,18.2,-6
Quebec,12/10/1995,2.3,19.5,17.6,-3
Quebec,12/11/1995,-3.5,8.2,11.1,-2.9
Quebec,12/12/1995,-7.6,5.6,7.7,-8.3
Quebec,12/13/1995,-13.8,9.2,10.1,-11.9
Quebec,12/14/1995,-14.4,15.4,14.7,-4.5
Quebec,12/15/1995,14.8,19.6,19.1,5.4
Quebec,12/16/1995,15.9,22.3,22.6,14.4
Quebec,12/17/1995,12.5,25.9,22,7.3
Quebec,12/18/1995,-6.6,17.8,18.5,-1.4
Quebec,12/19/1995,-10.3,11.7,16,-3.4
Quebec,12/20/1995,6.6,18.5,21.4,3.3
Quebec,12/21/1995,13.7,34,28.9,15.6
Quebec,12/22/1995,26.4,34.3,33.2,20.8
Quebec,12/23/1995,22.3,31.2,30.2,23
Quebec,12/24/1995,20.2,25.2,27.4,20.2
Quebec,12/25/1995,18,25.7,24.3,17.6
Quebec,12/26/1995,14.8,21.9,24.9,17
Quebec,12/27/1995,18.1,27.2,25.4,13.3
Quebec,12/28/1995,7.1,27.1,26.1,7.7
Quebec,12/29/1995,-2.3,23.9,25.8,2
Quebec,12/30/1995,1.1,26.4,25.2,1.7
Quebec,12/31/1995,6.2,25.4,20.1,-2.9
Quebec,1/1/1996,-16.1,8.6,11.2,-10.4
Quebec,1/2/1996,-21.3,-0.5,1.5,-18.6
Quebec,1/3/1996,-18.5,-3.7,-2.7,-20.7
Quebec,1/4/1996,-22.3,-3.9,-4.5,-19.8
Quebec,1/5/1996,-18.6,-5.7,-3.8,-20.1
Quebec,1/6/1996,-19.4,-1.7,-2.8,-22.9
Quebec,1/7/1996,-30.6,-1.1,1.1,-24.5
Quebec,1/8/1996,-23.6,6,5.4,-17.6
Quebec,1/9/1996,1.3,11.3,11.3,-9.9
Quebec,1/10/1996,-7.5,16.5,11.9,-6.3
Quebec,1/11/1996,-12.8,7.9,13.6,-7.8
Quebec,1/12/1996,-3.1,16.5,15.8,-5.4
Quebec,1/13/1996,-0.2,23,20.1,-3.4
Quebec,1/14/1996,-6.9,20.8,15.7,-7.4
Quebec,1/15/1996,-15.1,3.3,13,-13.8
Quebec,1/16/1996,-19.4,15,18.8,-6.6
Quebec,1/17/1996,14.7,38.2,33.2,8.8
Quebec,1/18/1996,31.1,46.4,46.2,22.3
Quebec,1/19/1996,21.2,54.1,40.6,18.6
Quebec,1/20/1996,3.5,21.3,30.6,8.4
Quebec,1/21/1996,0.5,16.4,23.7,6.1
Quebec,1/22/1996,14.4,33.5,28,13.3
Quebec,1/23/1996,25,34.2,35.2,19.5
Quebec,1/24/1996,19.3,37.8,30.7,14.7
Quebec,1/25/1996,-0.2,20,25.3,6.7
Quebec,1/26/1996,0.9,18.2,28.2,6.2
Quebec,1/27/1996,17.8,46.5,31,6.5
Quebec,1/28/1996,0.8,28.4,32.7,4.7
Quebec,1/29/1996,-4.6,23.3,26.2,2.8
Quebec,1/30/1996,12.1,26.8,20.9,-0.7
Quebec,1/31/1996,-9.6,12.7,14.3,-4.8
Quebec,2/1/1996,-16.9,3.3,10,-10.9
Quebec,2/2/1996,-6.1,13.9,5.2,-13.2
Quebec,2/3/1996,-16.8,-1.6,5.8,-15.3
Quebec,2/4/1996,-22.9,5.2,4.5,-16.6
Quebec,2/5/1996,-10.1,9.9,9.3,-14
Quebec,2/6/1996,-8.9,12.7,17.1,-6.4
Quebec,2/7/1996,-0.1,28.8,25.8,6.4
Quebec,2/8/1996,28.3,36,33.2,17.5
Quebec,2/9/1996,24.4,34.8,31.8,20.6
Quebec,2/10/1996,9.2,24.6,26.7,14.6
Quebec,2/11/1996,10.2,20.7,19.8,3.7
Quebec,2/12/1996,-8.4,14,13.9,-4
Quebec,2/13/1996,-13.9,7,10.8,-11.4
Quebec,2/14/1996,-11.8,11.4,11.3,-12.4
Quebec,2/15/1996,-11.5,15.5,15.3,-11.4
Quebec,2/16/1996,-10.8,18.9,19.2,-5.9
Quebec,2/17/1996,4.6,23.1,18.8,-4.4
Quebec,2/18/1996,-6.9,14.4,19.3,-5
Quebec,2/19/1996,-12.5,20.5,24.9,-1.4
Quebec,2/20/1996,15.3,39.7,33.3,11.8
Quebec,2/21/1996,32.6,39.7,38.8,26.6
Quebec,2/22/1996,31.9,36.8,37.6,32.1
Quebec,2/23/1996,31.7,36.4,37.9,32
Quebec,2/24/1996,32.5,40.5,38,30.9
Quebec,2/25/1996,28.6,37.1,37.1,27.8
Quebec,2/26/1996,22.4,33.7,33.5,22.4
Quebec,2/27/1996,16,29.6,31.3,16.6
Quebec,2/28/1996,11.3,30.4,25.4,10.5
Quebec,2/29/1996,4.1,16,24.3,8.8
Quebec,3/1/1996,11.1,26.4,26,8.9
Quebec,3/2/1996,11.5,35.5,31.1,11.6
Quebec,3/3/1996,12.2,31.2,28,9.7
Quebec,3/4/1996,5.5,17.3,24.2,8.2
Quebec,3/5/1996,6.9,24,18.8,6
Quebec,3/6/1996,5.7,15.2,18.2,5.1
Quebec,3/7/1996,2.6,15.5,15.1,4.2
Quebec,3/8/1996,4.5,14.5,15.7,3.2
Quebec,3/9/1996,2.5,17.1,21.3,3.1
Quebec,3/10/1996,2.3,32.3,28.6,7.9
Quebec,3/11/1996,18.9,36.5,37.6,14.3
Quebec,3/12/1996,21.6,43.9,42.8,23.2
Quebec,3/13/1996,29,47.8,48.6,27.9
Quebec,3/14/1996,33.1,54,46.3,27.5
Quebec,3/15/1996,20.5,37,41.8,23.4
Quebec,3/16/1996,16.5,34.5,37.4,17.6
Quebec,3/17/1996,15.8,40.9,39.6,17.1
Quebec,3/18/1996,19.1,43.5,44.4,18.6
Quebec,3/19/1996,21,48.7,42.8,23.5
Quebec,3/20/1996,30.3,36.1,40.6,27.7
Quebec,3/21/1996,31.9,36.9,35.4,29
Quebec,3/22/1996,24.7,33.2,33.6,25.7
Quebec,3/23/1996,20.4,30.8,33.4,21.8
Quebec,3/24/1996,20.2,36.1,41.1,23.4
Quebec,3/25/1996,29.6,56.3,46,23
Quebec,3/26/1996,19.2,45.7,41.5,18.9
Quebec,3/27/1996,7.9,22.6,34.5,12.3
Quebec,3/28/1996,9.6,35.1,31.7,12.5
Quebec,3/29/1996,20,37.4,37.5,16.7
Quebec,3/30/1996,20.3,40.2,40.2,21.1
Quebec,3/31/1996,22.8,42.9,43.8,23.4
Quebec,4/1/1996,27.1,48.2,44,24.8
Quebec,4/2/1996,24.4,40.7,41.7,24.6
Quebec,4/3/1996,22.2,36.1,39.3,21.3
Quebec,4/4/1996,17.2,41.1,36.8,19.8
Quebec,4/5/1996,20.1,33.3,38.8,21.9
Quebec,4/6/1996,28.4,42.1,39.4,24.9
Quebec,4/7/1996,26.1,42.8,41.7,28.2
Quebec,4/8/1996,30.2,40.3,41.2,28.2
Quebec,4/9/1996,28.3,40.6,40,29.3
Quebec,4/10/1996,29.2,39,45.2,30.8
Quebec,4/11/1996,34.8,56.1,48.4,30.4
Quebec,4/12/1996,27.3,50,49,29
Quebec,4/13/1996,24.9,40.9,43.8,26.1
Quebec,4/14/1996,26.1,40.5,44.8,25.6
Quebec,4/15/1996,25.9,52.9,45.6,28.6
Quebec,4/16/1996,33.8,43.3,46.7,30.7
Quebec,4/17/1996,32.4,43.7,46.5,32.8
Quebec,4/18/1996,32.2,52.4,53,32.4
Quebec,4/19/1996,32.5,62.8,56.2,34.5
Quebec,4/20/1996,38.7,53.4,59.3,38.4
Quebec,4/21/1996,44.1,61.7,58.8,39.8
Quebec,4/22/1996,36.7,61.2,57.8,38.4
Quebec,4/23/1996,34.5,50.4,49.4,31.4
Quebec,4/24/1996,23,36.7,43.4,26.3
Quebec,4/25/1996,21.4,43.2,40.6,26.4
Quebec,4/26/1996,34.7,42.1,44.3,28
Quebec,4/27/1996,27.9,47.7,44.8,29.9
Quebec,4/28/1996,27.1,44.8,48.8,28.1
Quebec,4/29/1996,29.3,54,47.7,28.6
Quebec,4/30/1996,29.3,44.2,51.6,33.3
Quebec,5/1/1996,41.4,56.5,51.8,33.3
Quebec,5/2/1996,29.1,54.7,57.4,34.6
Quebec,5/3/1996,33.4,61.2,56.4,30
Quebec,5/4/1996,27.5,53.2,51.9,28.9
Quebec,5/5/1996,25.9,41.4,48.6,25.1
Quebec,5/6/1996,21.9,51.3,52.5,24.8
Quebec,5/7/1996,26.6,64.8,58.3,25.6
Quebec,5/8/1996,28.2,59,63.7,27.1
Quebec,5/9/1996,26.6,67.5,62,31.4
Quebec,5/10/1996,39.4,59.5,59.3,35.9
Quebec,5/11/1996,41.8,50.8,51.2,39.2
Quebec,5/12/1996,36.4,43.2,48.5,38.4
Quebec,5/13/1996,37,51.6,51.6,36.1
Quebec,5/14/1996,35,60.1,59.4,37.2
Quebec,5/15/1996,39.5,66.4,64.6,37.9
Quebec,5/16/1996,39.1,67.1,68.4,42.4
Quebec,5/17/1996,48.7,71.7,70.8,46.4
Quebec,5/18/1996,51.6,73.6,72.7,52.2
Quebec,5/19/1996,56.4,72.8,73.9,55.7
Quebec,5/20/1996,59.1,75.1,75,56.2
Quebec,5/21/1996,53.2,77,74.6,54.9
Quebec,5/22/1996,52.3,71.8,72.9,50.4
Quebec,5/23/1996,45.6,69.7,67.2,45.6
Quebec,5/24/1996,39,60,62.4,40.6
Quebec,5/25/1996,37,57.5,61.2,37.7
Quebec,5/26/1996,37.1,66.2,64.1,38.2
Quebec,5/27/1996,40.5,68.7,68.7,39.7
Quebec,5/28/1996,41.3,71.2,64,39.1
Quebec,5/29/1996,35.4,52.2,64.2,39.9
Quebec,5/30/1996,43,69.2,66.4,39.8
Quebec,5/31/1996,40.9,77.9,76.3,44.3
Quebec,6/1/1996,49,81.7,81.2,46.7
Quebec,6/2/1996,50.1,84.1,82,52.6
Quebec,6/3/1996,58.6,80.3,79.9,55.5
Quebec,6/4/1996,57.8,75.2,76.2,57.3
Quebec,6/5/1996,55.5,73.1,73.5,55.6
Quebec,6/6/1996,53.4,72.4,69.6,53.8
Quebec,6/7/1996,52.7,63.4,66.9,52.4
Quebec,6/8/1996,51.1,64.9,67.6,52.3
Quebec,6/9/1996,53,74.4,73,55.4
Quebec,6/10/1996,61.9,79.7,80.6,59.5
Quebec,6/11/1996,63.5,87.8,84.3,62.8
Quebec,6/12/1996,63,85.3,83.4,63.5
Quebec,6/13/1996,64,77.2,80.3,62.5
Quebec,6/14/1996,60.6,78.4,73.8,56.4
Quebec,6/15/1996,44.6,65.8,71.1,48.9
Quebec,6/16/1996,41.4,68.9,71.8,46.8
Quebec,6/17/1996,54.3,80.7,75.2,49.6
Quebec,6/18/1996,53.2,76.2,79.5,53.4
Quebec,6/19/1996,52.6,81.6,76.6,54.9
Quebec,6/20/1996,59,72.1,75.6,55.3
Quebec,6/21/1996,54.2,73.2,68.7,55.5
Quebec,6/22/1996,53.3,60.8,67,52.9
Quebec,6/23/1996,51.1,66.9,64.7,51.8
Quebec,6/24/1996,51.1,66.4,69,50.4
Quebec,6/25/1996,49.1,73.6,71.7,49
Quebec,6/26/1996,46.9,75,72.9,50.1
Quebec,6/27/1996,54.2,70.2,74.1,51.1
Quebec,6/28/1996,52.1,77.2,72.6,54.7
Quebec,6/29/1996,57.7,70.4,73.4,57.2
Quebec,6/30/1996,61.8,72.6,75.2,61.2
Quebec,7/1/1996,64.2,82.5,79.7,61.7
Quebec,7/2/1996,59,84.1,79.7,61.6
Quebec,7/3/1996,61.7,72.5,73.6,60.2
Quebec,7/4/1996,59.8,64.3,71.7,60
Quebec,7/5/1996,58.6,78.4,71.9,57.5
Quebec,7/6/1996,54.2,73,74.7,54.8
Quebec,7/7/1996,51.6,72.7,73.5,55.3
Quebec,7/8/1996,60,74.7,74.1,55.7
Quebec,7/9/1996,55.4,75,73.1,56.1
Quebec,7/10/1996,53,69.6,74.2,54
Quebec,7/11/1996,53.6,78,76.3,53.8
Quebec,7/12/1996,54.9,81.4,78.7,56.8
Quebec,7/13/1996,61.9,76.6,80.1,59.6
Quebec,7/14/1996,61.9,82.2,77.8,62.2
Quebec,7/15/1996,62.6,74.7,78.2,62.7
Quebec,7/16/1996,63.5,77.7,78.1,62.8
Quebec,7/17/1996,62.1,81.9,81.1,61.8
Quebec,7/18/1996,59.7,83.7,78.9,59.2
Quebec,7/19/1996,55.8,71.1,73.5,57.2
Quebec,7/20/1996,56,65.8,71.4,54.9
Quebec,7/21/1996,53,77.3,74.8,52.8
Quebec,7/22/1996,49.3,81.3,79.3,52.8
Quebec,7/23/1996,55.9,79.3,81.1,53.9
Quebec,7/24/1996,56.3,82.7,79.4,57.9
Quebec,7/25/1996,61.6,76.3,79,58.9
Quebec,7/26/1996,58.8,78,76.3,58.5
Quebec,7/27/1996,55,74.5,76.8,55
Quebec,7/28/1996,51.2,77.9,77.4,52.5
Quebec,7/29/1996,51.3,79.9,77.6,55
Quebec,7/30/1996,62.5,75,74.9,58.6
Quebec,7/31/1996,62.2,69.8,72,61.4
Quebec,8/1/1996,59.7,71.4,72.3,60.1
Quebec,8/2/1996,58.3,75.8,77.1,58.3
Quebec,8/3/1996,56.9,83.9,81.9,57.9
Quebec,8/4/1996,58.3,85.9,86,58.7
Quebec,8/5/1996,60.7,88.2,87.6,60.4
Quebec,8/6/1996,62.2,88.9,89,61.5
Quebec,8/7/1996,61.5,90.1,88,64.5
Quebec,8/8/1996,69.7,85.1,85.9,63.3
Quebec,8/9/1996,58.7,82.3,79.9,58.7
Quebec,8/10/1996,47.7,72.2,76,49.9
Quebec,8/11/1996,43.3,73.5,74.1,45.7
Quebec,8/12/1996,46.2,76.6,76.2,49.5
Quebec,8/13/1996,59.1,78.5,77.8,52.6
Quebec,8/14/1996,52.6,78.3,79.9,53.5
Quebec,8/15/1996,48.8,82.9,78.7,54.5
Quebec,8/16/1996,62.1,75,78.7,56.4
Quebec,8/17/1996,58.3,78.2,76.9,57.5
Quebec,8/18/1996,52.3,77.5,77.5,52.9
Quebec,8/19/1996,48.1,76.8,79.1,49.8
Quebec,8/20/1996,49.2,82.9,80.6,51.4
Quebec,8/21/1996,56.8,82,81.9,52.9
Quebec,8/22/1996,52.5,80.9,80.8,55
Quebec,8/23/1996,55.8,79.4,80.2,54.5
Quebec,8/24/1996,55.2,80.1,80.5,55.9
Quebec,8/25/1996,56.8,81.9,76.6,55.1
Quebec,8/26/1996,53.3,67.6,72.8,53.5
Quebec,8/27/1996,50.5,68.9,71.3,51.1
Quebec,8/28/1996,49.5,77.4,74.5,50.6
Quebec,8/29/1996,51.8,77.2,74.7,48.7
Quebec,8/30/1996,44.7,69.6,74.3,51.4
Quebec,8/31/1996,57.5,76,76.2,52.4
Quebec,9/1/1996,55.1,83,79.4,56
Quebec,9/2/1996,55.3,79.2,80.3,55.8
Quebec,9/3/1996,56.9,78.7,80.9,55.5
Quebec,9/4/1996,54.3,84.8,82.7,57
Quebec,9/5/1996,59.8,84.4,83.4,56.5
Quebec,9/6/1996,55.4,81.1,80.7,56.7
Quebec,9/7/1996,54.7,76.5,75.3,55.7
Quebec,9/8/1996,56.8,68.4,70.4,57.1
Quebec,9/9/1996,59.7,66.4,68,57.3
Quebec,9/10/1996,55.5,69.1,70.5,55.5
Quebec,9/11/1996,51.2,76,71.1,54.9
Quebec,9/12/1996,58,68.2,71.1,54
Quebec,9/13/1996,53,69.1,65.6,53.9
Quebec,9/14/1996,50.7,59.4,61.8,51.3
Quebec,9/15/1996,50.2,56.9,58.5,50.5
Quebec,9/16/1996,50.8,59.2,61.8,49.7
Quebec,9/17/1996,48.3,69.2,67.6,47.8
Quebec,9/18/1996,44.5,74.4,72.1,45.3
Quebec,9/19/1996,43.2,72.7,73,44.4
Quebec,9/20/1996,45.5,71.9,72.8,46
Quebec,9/21/1996,49.2,73.9,67.9,45.8
Quebec,9/22/1996,42.7,57.9,62.6,42.9
Quebec,9/23/1996,36.8,55.9,57.9,37.7
Quebec,9/24/1996,33.6,60,58.7,37.2
Quebec,9/25/1996,41.1,60.2,61.8,38.3
Quebec,9/26/1996,40.3,65.2,62.1,40.6
Quebec,9/27/1996,40.3,60.7,64.1,44.3
Quebec,9/28/1996,52.4,66.3,63.7,47.5
Quebec,9/29/1996,49.9,64.2,62,47.1
Quebec,9/30/1996,39,55.6,61.9,42.2
Quebec,10/1/1996,37.7,66,62.9,40.8
Quebec,10/2/1996,45.5,67,59.8,38
Quebec,10/3/1996,30.9,46.4,53.9,34.8
Quebec,10/4/1996,28.1,48.4,49.1,28.4
Quebec,10/5/1996,26.4,52.6,54.3,27.7
Quebec,10/6/1996,28.8,62,59.9,33.6
Quebec,10/7/1996,45.6,65.2,60.3,40.5
Quebec,10/8/1996,47.1,53.8,59.2,46.4
Quebec,10/9/1996,46.6,58.5,54.1,42.1
Quebec,10/10/1996,32.7,50.1,51.6,35.3
Quebec,10/11/1996,26.5,46.2,49.7,30.9
Quebec,10/12/1996,33.4,52.9,51.1,34.9
Quebec,10/13/1996,44.6,54.4,54.2,36.1
Quebec,10/14/1996,30.2,55.3,51.9,34
Quebec,10/15/1996,27.2,45.9,52.2,30.2
Quebec,10/16/1996,33.2,55.5,50,29.5
Quebec,10/17/1996,28.2,48.7,53.1,29.8
Quebec,10/18/1996,28.1,55,53.4,31.4
Quebec,10/19/1996,38.1,56.5,54.6,36.1
Quebec,10/20/1996,42.1,52.2,52.1,40.6
Quebec,10/21/1996,41.5,47.6,49.8,42.3
Quebec,10/22/1996,43.3,49.7,51,42.3
Quebec,10/23/1996,41.9,55.7,53.2,43.1
Quebec,10/24/1996,44,54.3,54.7,40.8
Quebec,10/25/1996,36.3,54.2,55.2,37.9
Quebec,10/26/1996,33.4,57.1,55.3,34.5
Quebec,10/27/1996,33.9,54.4,56,35.4
Quebec,10/28/1996,38.8,56.5,53.6,34.3
Quebec,10/29/1996,30.1,50.1,52.2,32.1
Quebec,10/30/1996,27.3,49.9,49.7,29.4
Quebec,10/31/1996,30.7,49.1,47,29.4
Quebec,11/1/1996,30.3,42,43.5,28.3
Quebec,11/2/1996,24,39.5,38.9,25.6
Quebec,11/3/1996,22.5,35.2,39.8,24.1
Quebec,11/4/1996,25.9,44.8,40.6,26.1
Quebec,11/5/1996,29.8,41.9,44.8,29
Quebec,11/6/1996,31.2,47.6,50.5,33.2
Quebec,11/7/1996,38.7,62.1,58.5,40.4
Quebec,11/8/1996,51.2,65.9,62.1,41.5
Quebec,11/9/1996,34.7,58.4,55.6,39.5
Quebec,11/10/1996,32.5,42.3,47.1,31.7
Quebec,11/11/1996,27.9,40.7,39.9,27.7
Quebec,11/12/1996,22.7,36.5,35.8,21.7
Quebec,11/13/1996,14.6,30.3,32.2,16.4
Quebec,11/14/1996,12,29.8,29.3,12.3
Quebec,11/15/1996,10.4,27.9,31,10.8
Quebec,11/16/1996,10,35.2,36.1,13.4
Quebec,11/17/1996,19.8,45.3,39.8,18.7
Quebec,11/18/1996,26.4,38.8,39.7,26.3
Quebec,11/19/1996,32.8,35,36.8,30
Quebec,11/20/1996,30.8,36.7,35.2,31
Quebec,11/21/1996,29.4,33.9,35.7,28.7
Quebec,11/22/1996,25.9,36.6,35.4,22.1
Quebec,11/23/1996,11.1,35.5,30.9,14.7
Quebec,11/24/1996,6.9,20.5,28.1,11.8
Quebec,11/25/1996,17.5,28.2,25.8,14.4
Quebec,11/26/1996,18.9,28.8,27.9,17.1
Quebec,11/27/1996,14.8,26.8,27.8,15.7
Quebec,11/28/1996,13.4,27.8,28.6,14.6
Quebec,11/29/1996,15.7,31.3,32,18.2
Quebec,11/30/1996,25.4,36.9,40.1,25.8
Quebec,12/1/1996,36.1,52.1,45.7,31.4
Quebec,12/2/1996,32.6,48,46,32.7
Quebec,12/3/1996,29.3,37.8,41.7,30.3
Quebec,12/4/1996,29,39.3,36.2,29
Quebec,12/5/1996,28.8,31.5,34.1,28.3
Quebec,12/6/1996,26.9,31.5,33.1,27.2
Quebec,12/7/1996,25.9,36.4,34.4,27.1
Quebec,12/8/1996,28.4,35.2,37,24.9
Quebec,12/9/1996,20.4,39.4,35.1,22.5
Quebec,12/10/1996,18.7,30.6,32.9,20.3
Quebec,12/11/1996,21.7,28.6,31.1,20.4
Quebec,12/12/1996,20.8,34.2,32.2,24.6
Quebec,12/13/1996,31.1,33.8,34.2,28.1
Quebec,12/14/1996,32.2,34.6,34.9,31.9
Quebec,12/15/1996,32.2,36.4,37,32.5
Quebec,12/16/1996,33,39.9,39.6,33.3
Quebec,12/17/1996,34.8,42.6,41.3,33.9
Quebec,12/18/1996,34,41.6,39.6,32
Quebec,12/19/1996,27.2,34.8,34.5,25.5
Quebec,12/20/1996,15.2,27.3,29.7,17.8
Quebec,12/21/1996,10.9,27.1,28.4,16.5
Quebec,12/22/1996,23.5,30.8,30.4,21.2
Quebec,12/23/1996,29.1,33.2,36,28.1
Quebec,12/24/1996,31.5,43.9,36.6,22.1
Quebec,12/25/1996,5.8,32.7,33.8,14.7
Quebec,12/26/1996,6.8,24.8,28.3,6.4
Quebec,12/27/1996,6.6,27.4,27.6,10
Quebec,12/28/1996,16.8,30.5,30.6,16.2
Quebec,12/29/1996,25.1,34,29.9,13.9
Quebec,12/30/1996,-0.3,25.3,20.5,4.9
Quebec,12/31/1996,-10,2.2,11.5,-6.9
Quebec,1/1/1997,-10.3,6.9,7.8,-5.6
Quebec,1/2/1997,3.6,14.2,14.2,2.1
Quebec,1/3/1997,13.1,21.4,21,12.2
Quebec,1/4/1997,19.8,27.3,27.6,19.6
Quebec,1/5/1997,25.8,34.2,32,21.6
Quebec,1/6/1997,19.1,34.7,29.4,17.6
Quebec,1/7/1997,8,19.2,22.4,11.3
Quebec,1/8/1997,6.8,13.4,15.9,6.2
Quebec,1/9/1997,3.9,15,18.5,8
Quebec,1/10/1997,13.5,27.2,22.5,9.5
Quebec,1/11/1997,11,25.3,23.2,11.2
Quebec,1/12/1997,9.1,17.1,22.1,11.7
Quebec,1/13/1997,15,24,23.1,12.9
Quebec,1/14/1997,14.8,28,27.8,17
Quebec,1/15/1997,21.4,31.5,32,10.1
Quebec,1/16/1997,-5.8,36.4,20.7,-0.4
Quebec,1/17/1997,-16.8,-5.7,9,-14.9
Quebec,1/18/1997,-22,-3.9,2,-18.9
Quebec,1/19/1997,-18,15.5,11.4,-9.6
Quebec,1/20/1997,11.2,22.8,18.2,-3
Quebec,1/21/1997,-2.2,16.2,26,6
Quebec,1/22/1997,9,39.1,31.1,-0.4
Quebec,1/23/1997,-8,38,31.9,-4.2
Quebec,1/24/1997,-13.6,18.7,31.5,-3.2
Quebec,1/25/1997,12.1,37.8,23.1,-5.4
Quebec,1/26/1997,-14.8,12.9,19.3,-8.9
Quebec,1/27/1997,-24.1,7.3,13.9,-11.8
Quebec,1/28/1997,3.5,21.5,11.9,-13.3
Quebec,1/29/1997,-19.2,7,8.8,-15.4
Quebec,1/30/1997,-30.3,-2,8.5,-17.3
Quebec,1/31/1997,-2.2,20.3,15.4,-4.2
Quebec,2/1/1997,20.1,27.7,26.6,12.4
Quebec,2/2/1997,19.2,31.7,30.3,15.1
Quebec,2/3/1997,6.1,31.5,28.3,9.3
Quebec,2/4/1997,2.7,21.6,26.7,9.6
Quebec,2/5/1997,20.2,26.9,25.7,12.1
Quebec,2/6/1997,13.4,28.6,28.3,9.8
Quebec,2/7/1997,-4.2,29.4,22.4,-3.3
Quebec,2/8/1997,-19.1,9.3,19.8,-14.4
Quebec,2/9/1997,-19.8,20.8,18.8,-10
Quebec,2/10/1997,8.9,26.4,20.3,-4.1
Quebec,2/11/1997,-1.5,13.7,22.9,4
Quebec,2/12/1997,4.5,28.6,16.8,-4.7
Quebec,2/13/1997,-17,8.2,18.5,-7.6
Quebec,2/14/1997,-10.3,18.6,19,-9.2
Quebec,2/15/1997,-0.4,30.3,18.1,-7.7
Quebec,2/16/1997,-12.4,5.5,15,-13.1
Quebec,2/17/1997,-26.7,9.4,18.7,-11.1
Quebec,2/18/1997,5.6,41.1,30.4,-0.4
Quebec,2/19/1997,19.8,40.6,36.6,10.2
Quebec,2/20/1997,5.2,27.9,33.7,13.9
Quebec,2/21/1997,16.6,32.7,28.8,9.8
Quebec,2/22/1997,7.6,25.7,25.7,9.9
Quebec,2/23/1997,5.5,18.7,21.7,2.6
Quebec,2/24/1997,-5.3,20.6,19.5,-3.9
Quebec,2/25/1997,-11.9,19.3,26.1,0
Quebec,2/26/1997,17.2,38.4,31.2,9.2
Quebec,2/27/1997,22.3,35.8,35.4,19.9
Quebec,2/28/1997,20.2,32.2,34.8,18.1
Quebec,3/1/1997,11.9,36.4,37.7,17.1
Quebec,3/2/1997,19.3,44.4,34.6,12.9
Quebec,3/3/1997,7.6,22.9,30.3,12
Quebec,3/4/1997,9,23.5,27.2,12.1
Quebec,3/5/1997,19.7,35.2,28.7,13.1
Quebec,3/6/1997,10.6,27.3,27.8,10.1
Quebec,3/7/1997,0,20.8,24.7,2.9
Quebec,3/8/1997,-1.9,26,22.4,-4.9
Quebec,3/9/1997,-12.8,20.4,27.7,-0.4
Quebec,3/10/1997,13.4,36.8,32.2,4.4
Quebec,3/11/1997,12.5,39.5,34.2,8.4
Quebec,3/12/1997,-0.8,26.4,29.2,1
Quebec,3/13/1997,-8.7,21.7,24,-4.7
Quebec,3/14/1997,-4.7,23.9,24.9,-2.8
Quebec,3/15/1997,4.9,29.1,24.9,0.7
Quebec,3/16/1997,1.9,21.7,26.1,2
Quebec,3/17/1997,-0.9,27.6,25.3,0.8
Quebec,3/18/1997,1.4,26.8,29,2.1
Quebec,3/19/1997,5.8,32.5,31.7,8.7
Quebec,3/20/1997,18.8,35.6,33.7,8.8
Quebec,3/21/1997,1.8,32.8,33.8,7.9
Quebec,3/22/1997,3.2,33.1,30.8,0.2
Quebec,3/23/1997,-4.2,26.6,28.7,0.2
Quebec,3/24/1997,1.8,26.4,29.4,-0.7
Quebec,3/25/1997,0.3,35.2,33.9,10.3
Quebec,3/26/1997,28.8,40,39.3,18.4
Quebec,3/27/1997,26.2,42.8,43.2,26.6
Quebec,3/28/1997,24.8,46.9,46,28.8
Quebec,3/29/1997,35.5,48.3,45.6,29.8
Quebec,3/30/1997,29.1,41.8,40.6,29
Quebec,3/31/1997,22.5,31.7,39.8,23.8
Quebec,4/1/1997,19.8,46,40.9,22.3
Quebec,4/2/1997,24.5,45.1,45.1,20.4
Quebec,4/3/1997,16.8,44.2,46.9,23.2
Quebec,4/4/1997,28.2,51.2,50.2,23.3
Quebec,4/5/1997,24.9,55,53.1,29.6
Quebec,4/6/1997,35.8,53.1,51.4,30.6
Quebec,4/7/1997,31.2,46,43.9,27.3
Quebec,4/8/1997,14.8,32.7,36,19.4
Quebec,4/9/1997,12.3,29.5,33.5,13.7
Quebec,4/10/1997,13.9,38.2,36.8,14.8
Quebec,4/11/1997,18.2,42.7,42.4,18.6
Quebec,4/12/1997,23.7,46.3,41.8,24.4
Quebec,4/13/1997,31.2,36.4,41,26.3
Quebec,4/14/1997,24,40.2,41.8,25
Quebec,4/15/1997,19.7,48.9,48.8,24.4
Quebec,4/16/1997,29.5,57.4,50.4,28
Quebec,4/17/1997,34.8,45,47.1,31.6
Quebec,4/18/1997,30.7,39,44.3,32.3
Quebec,4/19/1997,31.4,48.9,47,30.6
Quebec,4/20/1997,29.8,53.2,51.8,32.2
Quebec,4/21/1997,35.4,53.4,55.9,32
Quebec,4/22/1997,30.8,61.1,58,33.1
Quebec,4/23/1997,33.1,59.5,58.2,33.7
Quebec,4/24/1997,37.2,54,57.4,35.9
Quebec,4/25/1997,37.5,58.9,57.3,35
Quebec,4/26/1997,30.2,59.1,59.9,32.6
Quebec,4/27/1997,30.1,61.6,56.7,32
Quebec,4/28/1997,35.6,49.6,56.5,32.9
Quebec,4/29/1997,33.1,58.4,59,38.8
Quebec,4/30/1997,47.8,69.1,63.3,41.5
Quebec,5/1/1997,43.6,62.5,61.3,42.2
Quebec,5/2/1997,35.3,52.3,54.2,37.2
Quebec,5/3/1997,32.7,47.9,49.6,32.8
Quebec,5/4/1997,30.4,48.8,52,30.6
Quebec,5/5/1997,28.6,59.4,54.4,31.8
Quebec,5/6/1997,36.5,55.1,53,33.1
Quebec,5/7/1997,34.2,44.6,52.5,34.5
Quebec,5/8/1997,32.7,57.9,49.4,34.8
Quebec,5/9/1997,37.5,45.7,53.1,36.7
Quebec,5/10/1997,39.9,55.8,54.4,39.1
Quebec,5/11/1997,40,61.6,58.5,38.8
Quebec,5/12/1997,36.5,58.3,59.7,39.7
Quebec,5/13/1997,42.6,59.4,59.1,39.7
Quebec,5/14/1997,40.1,59.8,58.7,41.2
Quebec,5/15/1997,41,56.8,57.8,40.1
Quebec,5/16/1997,39.3,56.7,57.4,40.2
Quebec,5/17/1997,40.2,58.6,58.4,39.7
Quebec,5/18/1997,39.6,60,58.7,41.7
Quebec,5/19/1997,45.3,57.6,58.1,42.8
Quebec,5/20/1997,43.6,56.7,57.1,43.3
Quebec,5/21/1997,41,57.1,56.1,42.3
Quebec,5/22/1997,42.3,54.7,59.1,41.9
Quebec,5/23/1997,42.3,65.5,61.8,42.7
Quebec,5/24/1997,43.6,65.3,63.9,43.2
Quebec,5/25/1997,43.6,61,60.9,42
Quebec,5/26/1997,38.8,56.5,62.5,38.4
Quebec,5/27/1997,32.8,69.9,67.3,36.5
Quebec,5/28/1997,38,75.5,74.2,37.7
Quebec,5/29/1997,42.3,77.4,73.3,45.1
Quebec,5/30/1997,55,67.2,73,50.1
Quebec,5/31/1997,52.9,74.5,70.4,52.8
Quebec,6/1/1997,50.5,69.5,72.5,50.1
Quebec,6/2/1997,46.9,73.6,71.8,48.6
Quebec,6/3/1997,48.4,72.3,73.9,48.1
Quebec,6/4/1997,49.2,75.8,72.8,47.8
Quebec,6/5/1997,45.7,70.2,73.7,46.9
Quebec,6/6/1997,45.7,75,74.3,47
Quebec,6/7/1997,49.6,77.6,77.9,48.6
Quebec,6/8/1997,50.5,81.1,81.6,50.3
Quebec,6/9/1997,50.7,86.2,85.9,54.8
Quebec,6/10/1997,63.1,90.4,86.7,57.4
Quebec,6/11/1997,58.5,83.5,84.9,60.1
Quebec,6/12/1997,58.9,80.8,80.7,56.8
Quebec,6/13/1997,53.1,77.8,75.3,52.1
Quebec,6/14/1997,44.3,67.4,72.9,46.8
Quebec,6/15/1997,42.9,73.5,74.3,45.9
Quebec,6/16/1997,50.5,82,76.6,48.7
Quebec,6/17/1997,52.7,74.4,74.8,51.2
Quebec,6/18/1997,50.4,68,73.1,52.4
Quebec,6/19/1997,54.1,76.9,74.5,52
Quebec,6/20/1997,51.6,78.7,77.6,56.6
Quebec,6/21/1997,64.1,77.2,79,57.2
Quebec,6/22/1997,55.9,81.1,79.1,57.8
Quebec,6/23/1997,53.6,78.9,79.6,52.9
Quebec,6/24/1997,49.2,78.7,78.8,53
Quebec,6/25/1997,56.1,79,79.4,53.5
Quebec,6/26/1997,55.3,80.6,79.1,54.4
Quebec,6/27/1997,51.9,77.7,81.6,55.1
Quebec,6/28/1997,58.2,86.4,83.6,57.7
Quebec,6/29/1997,63,86.8,87.2,61.6
Quebec,6/30/1997,63.8,88.5,88,62.9
Quebec,7/1/1997,62.1,88.6,86.8,62.8
Quebec,7/2/1997,62.6,83.3,82.2,62.7
Quebec,7/3/1997,63.5,74.6,75.7,60.4
Quebec,7/4/1997,55.1,69.2,72.9,57.3
Quebec,7/5/1997,53.1,74.8,74.7,54.8
Quebec,7/6/1997,56.1,80.1,77.2,54.3
Quebec,7/7/1997,53.6,76.6,75.8,54.4
Quebec,7/8/1997,53.6,70.5,73.3,53.1
Quebec,7/9/1997,52,72.8,73.1,51.5
Quebec,7/10/1997,49,75.9,77.5,52.2
Quebec,7/11/1997,55.6,83.7,80.7,54.2
Quebec,7/12/1997,58,82.5,79.3,58.4
Quebec,7/13/1997,61.8,71.8,79.1,60.9
Quebec,7/14/1997,62.9,83.1,77.1,62
Quebec,7/15/1997,61.4,76.5,81,63.9
Quebec,7/16/1997,67.3,83.4,81.5,64.1
Quebec,7/17/1997,63.5,84.6,81.4,60.9
Quebec,7/18/1997,51.8,76.3,74.2,55
Quebec,7/19/1997,49.6,61.9,70.9,49.8
Quebec,7/20/1997,47.9,74.7,70.8,49.8
Quebec,7/21/1997,52,75.9,74.4,49.2
Quebec,7/22/1997,47.8,72.5,74.8,47.9
Quebec,7/23/1997,43.8,76.1,77,47
Quebec,7/24/1997,49.4,82.4,80.9,48.2
Quebec,7/25/1997,51.5,84.3,84.4,53
Quebec,7/26/1997,58,86.6,84.1,57.2
Quebec,7/27/1997,62.1,81.2,83.2,58.8
Quebec,7/28/1997,56.2,81.6,79.8,56.3
Quebec,7/29/1997,50.5,76.6,80.2,52.4
Quebec,7/30/1997,50.4,82.5,81.6,51.9
Quebec,7/31/1997,54.7,85.6,82,55.5
Quebec,8/1/1997,61.3,78,80.5,59.2
Quebec,8/2/1997,61.5,78,76.2,59.5
Quebec,8/3/1997,55.6,72.7,75.5,54.7
Quebec,8/4/1997,46.9,75.8,74.3,50.7
Quebec,8/5/1997,49.4,74.5,75.2,47
Quebec,8/6/1997,44.6,75.4,76.2,47
Quebec,8/7/1997,46.8,78.6,79.5,48.7
Quebec,8/8/1997,54.6,84.6,84.1,53.7
Quebec,8/9/1997,59.8,89.2,87.7,58.1
Quebec,8/10/1997,59.9,89.2,84.2,56.3
Quebec,8/11/1997,49.3,74.3,79.4,50.9
Quebec,8/12/1997,43.4,74.7,70.8,49.8
Quebec,8/13/1997,56.6,63.5,70.5,50.9
Quebec,8/14/1997,52.8,73.4,70.7,53.2
Quebec,8/15/1997,50.3,75.4,76.1,55.3
Quebec,8/16/1997,62.7,79.5,75.6,54.4
Quebec,8/17/1997,50.2,71.8,74.6,53.5
Quebec,8/18/1997,47.6,72.4,73.1,48.6
Quebec,8/19/1997,48.1,75.1,74.5,46.8
Quebec,8/20/1997,44.8,76.1,73.1,48.4
Quebec,8/21/1997,52.3,68.1,68.6,50.5
Quebec,8/22/1997,54.3,61.4,66.8,54.5
Quebec,8/23/1997,56.8,70.9,69.2,54.2
Quebec,8/24/1997,51.5,75.2,74.4,52.3
Quebec,8/25/1997,48.7,77.2,77.1,49.3
Quebec,8/26/1997,47.7,78.9,75.6,49.6
Quebec,8/27/1997,52.5,70.6,74.6,51.7
Quebec,8/28/1997,55,74.4,72.8,53.5
Quebec,8/29/1997,52.9,73.2,73.9,53.9
Quebec,8/30/1997,53.8,74.1,74.4,53
Quebec,8/31/1997,52.4,75.8,76.4,54.4
Quebec,9/1/1997,56.9,79.4,76.1,53.2
Quebec,9/2/1997,50.3,73,70.1,50.2
Quebec,9/3/1997,43.2,57.9,64.5,44.9
Quebec,9/4/1997,41.1,62.5,64.6,42.8
Quebec,9/5/1997,44.1,73.3,67.7,47.2
Quebec,9/6/1997,56.4,67.3,69.4,49.7
Quebec,9/7/1997,48.8,67.7,68.4,49.7
Quebec,9/8/1997,44.1,70.1,71.1,47.1
Quebec,9/9/1997,48.6,75.7,72.7,48.8
Quebec,9/10/1997,53.7,72.3,72.9,53.6
Quebec,9/11/1997,58.5,70.8,71.9,56.3
Quebec,9/12/1997,56.5,72.6,71.5,56.3
Quebec,9/13/1997,54,71.2,73.4,55.5
Quebec,9/14/1997,56,76.4,72.9,53.6
Quebec,9/15/1997,50.7,71.3,70.8,50.1
Quebec,9/16/1997,43.5,64.9,67.9,44.7
Quebec,9/17/1997,39.8,67.7,68.5,45.9
Quebec,9/18/1997,54.5,73,71.1,50.4
Quebec,9/19/1997,56.8,72.6,68.6,50.6
Quebec,9/20/1997,40.5,60.2,62.1,44.5
Quebec,9/21/1997,36.2,53.5,58.9,37.1
Quebec,9/22/1997,34.6,63.1,57.5,35.1
Quebec,9/23/1997,34.4,56.1,56.5,33.7
Quebec,9/24/1997,32.2,50.2,55.1,35.2
Quebec,9/25/1997,39.1,59.1,54,35
Quebec,9/26/1997,33.8,52.7,58.1,34.5
Quebec,9/27/1997,30.6,62.5,61,33.8
Quebec,9/28/1997,36.9,67.7,61.8,38.2
Quebec,9/29/1997,47,55.2,61.2,42
Quebec,9/30/1997,42,60.7,53.6,42.4
Quebec,10/1/1997,38.2,45.1,53.2,36.8
Quebec,10/2/1997,30.4,53.9,51.9,35
Quebec,10/3/1997,36.4,56.8,59.1,34.5
Quebec,10/4/1997,36.7,66.7,65.2,41.9
Quebec,10/5/1997,52.6,72.1,70.7,46.5
Quebec,10/6/1997,50.2,73.2,70.5,47.4
Quebec,10/7/1997,39.6,66.3,66.5,40.8
Quebec,10/8/1997,32.6,60.1,65.7,39.9
Quebec,10/9/1997,47.5,70.8,65.5,39.3
Quebec,10/10/1997,37.8,65.7,63.8,39.2
Quebec,10/11/1997,32.2,54.9,58.3,34.2
Quebec,10/12/1997,32.5,54.2,57,35.4
Quebec,10/13/1997,41.6,61.9,61.3,39.4
Quebec,10/14/1997,44.2,67.8,62,43.3
Quebec,10/15/1997,44.1,56.2,59.2,40.5
Quebec,10/16/1997,33.4,53.6,54.7,35.2
Quebec,10/17/1997,28.2,54.3,55.3,28.9
Quebec,10/18/1997,25,57.9,57.1,27
Quebec,10/19/1997,27.8,59.2,57.3,27.5
Quebec,10/20/1997,29.7,54.7,53.5,29.2
Quebec,10/21/1997,30.2,46.4,46.5,28.9
Quebec,10/22/1997,26.8,38.2,40.6,26.8
Quebec,10/23/1997,23.4,37.2,39.4,24.9
Quebec,10/24/1997,24.5,42.7,41.7,23.1
Quebec,10/25/1997,21.4,45.4,43.9,22.2
Quebec,10/26/1997,20.7,43.6,41.8,24.4
Quebec,10/27/1997,31.2,36.4,40.2,28.3
Quebec,10/28/1997,33.1,40.5,39.3,32.4
Quebec,10/29/1997,32.8,40.9,43.1,32.1
Quebec,10/30/1997,30.4,47.9,47.7,31.1
Quebec,10/31/1997,30.1,54.3,54.3,34.3
Quebec,11/1/1997,42.4,60.7,59,39.9
Quebec,11/2/1997,47.2,61.9,59.5,42.4
Quebec,11/3/1997,37.8,55.8,56.5,39.7
Quebec,11/4/1997,34,51.6,52.2,35.4
Quebec,11/5/1997,34.3,49.1,49.9,34
Quebec,11/6/1997,33.7,49,49.1,34.3
Quebec,11/7/1997,35,49.2,49.2,33.8
Quebec,11/8/1997,32.5,49.4,46.5,34.2
Quebec,11/9/1997,35.1,40.8,43.5,34.5
Quebec,11/10/1997,35.8,40.5,39.7,32.1
Quebec,11/11/1997,25.6,37.9,36.8,25.9
Quebec,11/12/1997,16.3,31.9,33.2,17.4
Quebec,11/13/1997,10.4,29.9,29.4,14.5
Quebec,11/14/1997,16.8,26.4,28.8,16.5
Quebec,11/15/1997,22.4,30.2,28.7,19.6
Quebec,11/16/1997,19.6,29.6,31.9,18.9
Quebec,11/17/1997,14.6,36.1,31,15.4
Quebec,11/18/1997,12,27.3,32.7,16.6
Quebec,11/19/1997,23.1,34.6,33.5,21.4
Quebec,11/20/1997,29,38.6,36.6,25.1
Quebec,11/21/1997,23.2,36.5,33.7,23
Quebec,11/22/1997,17,26,29.2,18.9
Quebec,11/23/1997,16.6,25,27.9,14.4
Quebec,11/24/1997,9.6,32.7,30.9,11
Quebec,11/25/1997,6.7,35.1,36.9,13
Quebec,11/26/1997,22.8,42.9,34.9,11.7
Quebec,11/27/1997,5.6,26.7,31.1,11.4
Quebec,11/28/1997,5.9,23.7,28.8,8.2
Quebec,11/29/1997,13,35.8,30.4,9.3
Quebec,11/30/1997,9,31.8,32.5,14.6
Quebec,12/1/1997,21.8,29.7,32.2,17.3
Quebec,12/2/1997,21.1,35.1,31,20.9
Quebec,12/3/1997,19.8,28.2,30.9,20.9
Quebec,12/4/1997,22,29.4,29.6,23
Quebec,12/5/1997,27.3,31.3,31.9,24.8
Quebec,12/6/1997,25.2,35.1,34.4,23.9
Quebec,12/7/1997,19.3,36.7,33.2,17.2
Quebec,12/8/1997,7.1,27.8,28.3,8.5
Quebec,12/9/1997,-0.9,20.5,24.2,4.1
Quebec,12/10/1997,6.2,24.2,23,1.9
Quebec,12/11/1997,0.5,24.3,24.8,2.3
Quebec,12/12/1997,0.2,25.8,27.7,8.5
Quebec,12/13/1997,24.7,33.1,29.3,7.1
Quebec,12/14/1997,-3.7,28.9,23.3,5.3
Quebec,12/15/1997,-5.2,8.1,21.9,-0.4
Quebec,12/16/1997,7.8,28.6,24.5,6.8
Quebec,12/17/1997,17.9,36.8,31.1,10
Quebec,12/18/1997,4.2,28,33.4,14.2
Quebec,12/19/1997,20.4,35.4,31.7,8.7
Quebec,12/20/1997,1.6,31.7,28.2,5.2
Quebec,12/21/1997,-6.4,17.5,22.2,-4.3
Quebec,12/22/1997,-8.1,17.5,19.2,-3.4
Quebec,12/23/1997,4.3,22.6,24,0.6
Quebec,12/24/1997,5.5,32.1,27.8,7.6
Quebec,12/25/1997,13,28.9,30.7,14.4
Quebec,12/26/1997,24.6,31.2,30.9,14.4
Quebec,12/27/1997,5.5,32.7,25.2,6.6
Quebec,12/28/1997,-10.5,11.8,22.1,-1.3
Quebec,12/29/1997,0.9,21.9,20.6,1.4
Quebec,12/30/1997,13.7,28.1,21.2,-1.5
Quebec,12/31/1997,-19,13.7,15.1,-9.6
Quebec,1/1/1998,-23.6,3.6,17,-13
Quebec,1/2/1998,3.4,33.7,26.5,4.4
Quebec,1/3/1998,33.3,42.2,38.2,15
Quebec,1/4/1998,8.4,38.6,34.7,16.9
Quebec,1/5/1998,9.2,23.1,29.3,11.6
Quebec,1/6/1998,17.2,26.3,23.8,14.7
Quebec,1/7/1998,17.6,21.9,24.4,18.6
Quebec,1/8/1998,21,25,25.2,20.2
Quebec,1/9/1998,21.9,28.6,29.9,22.5
Quebec,1/10/1998,24.6,36.1,30.2,18.6
Quebec,1/11/1998,9.4,25.9,27.6,11
Quebec,1/12/1998,-0.9,20.9,25.6,6.1
Quebec,1/13/1998,9.7,29.8,20.2,1.7
Quebec,1/14/1998,-3.7,9.8,15.8,-0.6
Quebec,1/15/1998,-7.7,7.8,10.2,-2.6
Quebec,1/16/1998,3.6,12.9,12.3,-1.7
Quebec,1/17/1998,-0.9,16.1,18.8,4.9
Quebec,1/18/1998,12,27.5,24.8,11.5
Quebec,1/19/1998,23.5,30.8,30.5,17.9
Quebec,1/20/1998,18.3,33.3,31.3,14.1
Quebec,1/21/1998,0.5,29.8,23.5,0
Quebec,1/22/1998,-19,7.5,18,-12.4
Quebec,1/23/1998,-18.8,16.8,15.9,-7.2
Quebec,1/24/1998,16.2,23.2,22,0.5
Quebec,1/25/1998,4,25.9,19.8,0.3
Quebec,1/26/1998,-19.5,10.3,15.8,-12.9
Quebec,1/27/1998,-23.2,11.4,17.3,-10.8
Quebec,1/28/1998,10.3,30.4,25.9,-1.6
Quebec,1/29/1998,8,35.8,32,13.4
Quebec,1/30/1998,22,29.9,33.2,14.7
Quebec,1/31/1998,14.1,34,32.9,15.4
Quebec,2/1/1998,10,34.8,34.4,11.6
Quebec,2/2/1998,10.7,34.4,35.8,11
Quebec,2/3/1998,12.4,38.2,31.5,7.3
Quebec,2/4/1998,-1.3,22.1,28.5,5.4
Quebec,2/5/1998,5.1,25.1,24.4,1
Quebec,2/6/1998,-0.9,26.1,25.7,0.9
Quebec,2/7/1998,-1.6,25.8,25.7,-0.8
Quebec,2/8/1998,0.2,25.3,27.2,-0.8
Quebec,2/9/1998,-0.9,30.6,29.1,1.2
Quebec,2/10/1998,4.5,31.5,32,2.4
Quebec,2/11/1998,3.6,33.9,34.6,12.5
Quebec,2/12/1998,29.5,38.5,34.2,11.6
Quebec,2/13/1998,1.7,30.1,27.4,7.9
Quebec,2/14/1998,-7.4,13.4,18.4,-8
Quebec,2/15/1998,-18.2,11.8,17.1,-9.7
Quebec,2/16/1998,-3.6,26,24.6,-1.2
Quebec,2/17/1998,18,35.8,32.1,13.9
Quebec,2/18/1998,27.3,34.5,34.2,24.9
Quebec,2/19/1998,29.3,32.1,34.4,28.7
Quebec,2/20/1998,29.6,36.7,35.5,25.8
Quebec,2/21/1998,18.4,37.7,36.6,20.1
Quebec,2/22/1998,12.2,35.3,36.8,12.6
Quebec,2/23/1998,7.1,37.4,36.5,15.3
Quebec,2/24/1998,26.5,36.9,36.7,21.7
Quebec,2/25/1998,31.6,35.7,38.5,29.7
Quebec,2/26/1998,30.9,42.9,40.7,29.2
Quebec,2/27/1998,25.1,43.3,43.1,29.4
Quebec,2/28/1998,32.2,43,41.4,30.1
Quebec,3/1/1998,33,37.8,41.8,32.5
Quebec,3/2/1998,32.3,44.4,39.7,31.6
Quebec,3/3/1998,29.6,36.8,40,30.2
Quebec,3/4/1998,28.8,38.9,38.1,27.8
Quebec,3/5/1998,25.1,38.5,38.8,23
Quebec,3/6/1998,15.1,39,38,18
Quebec,3/7/1998,14,36.4,36.8,14.6
Quebec,3/8/1998,14.7,35.1,36.3,20.5
Quebec,3/9/1998,32.7,37.3,36.5,18.9
Quebec,3/10/1998,9.2,37,31,14.6
Quebec,3/11/1998,1.9,18.7,22.8,2.7
Quebec,3/12/1998,-2.9,12.7,18.9,-2.2
Quebec,3/13/1998,-5.5,25.3,23.1,2.4
Quebec,3/14/1998,15.6,31.2,29.9,8.8
Quebec,3/15/1998,16.3,33.3,31.4,10.9
Quebec,3/16/1998,0.8,29.8,32.7,4.3
Quebec,3/17/1998,-4.4,35.1,35.1,-1
Quebec,3/18/1998,0.5,40.5,35.5,5.6
Quebec,3/19/1998,20.7,31.1,34.5,14
Quebec,3/20/1998,20.7,31.9,30.6,19
Quebec,3/21/1998,15.6,28.8,29.3,18.5
Quebec,3/22/1998,19.2,27.2,28.6,17.3
Quebec,3/23/1998,17.1,29.8,31.8,16.1
Quebec,3/24/1998,12,38.4,36.6,13
Quebec,3/25/1998,9.7,41.7,39.3,18.2
Quebec,3/26/1998,32.8,37.9,44.3,25.3
Quebec,3/27/1998,33.3,53.2,46.7,33.8
Quebec,3/28/1998,35.2,49.1,52.3,34.6
Quebec,3/29/1998,35.3,54.6,54.1,34.6
Quebec,3/30/1998,33.3,58.5,52.6,34.2
Quebec,3/31/1998,34,44.7,47,33.7
Quebec,4/1/1998,33.8,37.9,39.6,33.6
Quebec,4/2/1998,32.9,36.1,37.6,32.5
Quebec,4/3/1998,30.9,38.8,38.8,30.7
Quebec,4/4/1998,28.2,41.4,41.7,30.6
Quebec,4/5/1998,32.8,45.1,46.5,31.7
Quebec,4/6/1998,34.1,52.9,51.3,33.2
Quebec,4/7/1998,32.8,56,54.4,31.9
Quebec,4/8/1998,28.9,54.3,52.5,30.5
Quebec,4/9/1998,30,47.1,50.5,29.5
Quebec,4/10/1998,29.5,50.1,50,28.6
Quebec,4/11/1998,26.3,52.9,55,27.9
Quebec,4/12/1998,27.8,62,59.6,28.2
Quebec,4/13/1998,30.4,64,63.4,31.1
Quebec,4/14/1998,35.1,64.3,64.6,33.6
Quebec,4/15/1998,35.5,65.5,65.8,36.1
Quebec,4/16/1998,37.7,67.6,64.1,38.2
Quebec,4/17/1998,41.3,59.2,60.5,39.5
Quebec,4/18/1998,39.6,54.6,57.4,39.1
Quebec,4/19/1998,36.5,58.6,55.6,38.1
Quebec,4/20/1998,38.3,53.7,57.5,35.7
Quebec,4/21/1998,32.4,60.2,60.7,34.9
Quebec,4/22/1998,34.1,68.2,65.9,35.2
Quebec,4/23/1998,39,69.4,65.3,37.5
Quebec,4/24/1998,39.4,58.3,57.2,36.2
Quebec,4/25/1998,30.1,44,49.9,31
Quebec,4/26/1998,23.4,47.4,47.2,27.8
Quebec,4/27/1998,29.9,50.2,53.5,29.7
Quebec,4/28/1998,35.6,62.8,60.7,34.6
Quebec,4/29/1998,38.1,69,68.2,37.9
Quebec,4/30/1998,39.8,72.8,73.7,41.8
Quebec,5/1/1998,47.5,79.3,71.3,45
Quebec,5/2/1998,47.8,61.8,66,47.6
Quebec,5/3/1998,47.6,56.9,62.4,48
Quebec,5/4/1998,48.5,68.7,67.1,50.6
Quebec,5/5/1998,55.6,75.8,71.5,53.5
Quebec,5/6/1998,56.4,70,73.1,54.8
Quebec,5/7/1998,52.5,73.3,71.2,53.3
Quebec,5/8/1998,51.1,70.1,68.2,51.5
Quebec,5/9/1998,51,61.1,66.6,50.3
Quebec,5/10/1998,48.6,68.5,67.4,49.5
Quebec,5/11/1998,48.7,72.7,71.3,47.6
Quebec,5/12/1998,45.5,72.7,73.8,45.7
Quebec,5/13/1998,42.8,75.9,76.5,44
Quebec,5/14/1998,43.7,80.8,80.2,46
Quebec,5/15/1998,51.6,83.8,83.1,49.9
Quebec,5/16/1998,54.6,84.7,83.1,54.1
Quebec,5/17/1998,56.1,80.7,80,54.5
Quebec,5/18/1998,52.9,74.6,76.4,51
Quebec,5/19/1998,44.1,73.9,75.6,48.3
Quebec,5/20/1998,48,78.3,71.1,45.8
Quebec,5/21/1998,45.3,61.1,68.3,46.5
Quebec,5/22/1998,46.1,65.5,64.4,44.7
Quebec,5/23/1998,42.6,66.8,70.4,44.6
Quebec,5/24/1998,45,79,75.1,45.4
Quebec,5/25/1998,48.8,79.5,75.7,44.9
Quebec,5/26/1998,40.9,68.6,72.8,41.5
Quebec,5/27/1998,34.9,70.2,73.8,42.8
Quebec,5/28/1998,52.5,82.7,76.8,46.7
Quebec,5/29/1998,52.6,77.7,75.6,51
Quebec,5/30/1998,47.8,66.4,72.8,48.4
Quebec,5/31/1998,44.7,74.2,66.6,46.1
Quebec,6/1/1998,45.8,59.2,66.9,46.2
Quebec,6/2/1998,48,67.3,61.7,45.6
Quebec,6/3/1998,43,58.5,61.3,43.3
Quebec,6/4/1998,38.9,58,58.8,42.5
Quebec,6/5/1998,45.6,59.8,60.5,44.2
Quebec,6/6/1998,48.1,63.8,61.8,47.6
Quebec,6/7/1998,49,61.9,65.4,48.4
Quebec,6/8/1998,48,70.5,70.7,47.5
Quebec,6/9/1998,45.6,79.8,78.1,47.6
Quebec,6/10/1998,49.2,84,82.3,49.1
Quebec,6/11/1998,52.7,83.1,78.9,52.7
Quebec,6/12/1998,56.2,69.6,74.4,56.5
Quebec,6/13/1998,60.7,70.6,70.7,59.4
Quebec,6/14/1998,61.2,71.8,73.4,60.7
Quebec,6/15/1998,60.1,77.8,72.6,61
Quebec,6/16/1998,61.6,68.1,72,60.7
Quebec,6/17/1998,60.3,70,70.1,59.8
Quebec,6/18/1998,57.6,72.4,74.2,59.3
Quebec,6/19/1998,59.9,80.3,79.4,59.7
Quebec,6/20/1998,61.6,85.6,84.6,60.9
Quebec,6/21/1998,61.2,87.8,87,62.1
Quebec,6/22/1998,63.7,87.6,86.3,62.7
Quebec,6/23/1998,63.1,83.5,84.8,62.6
Quebec,6/24/1998,61,83.4,82.7,61.7
Quebec,6/25/1998,61,81.1,79.9,60.9
Quebec,6/26/1998,60.6,75.3,77.1,59.6
Quebec,6/27/1998,57.1,75,75.3,56.7
Quebec,6/28/1998,52.4,75.5,76.8,54.2
Quebec,6/29/1998,52.9,79.9,76.7,54.5
Quebec,6/30/1998,58,74.8,72.4,55.1
Quebec,7/1/1998,54.3,62.4,72.8,54.5
Quebec,7/2/1998,51.2,81.3,75.2,54
Quebec,7/3/1998,56.6,82,76.4,54.5
Quebec,7/4/1998,55.7,66,75.1,54.2
Quebec,7/5/1998,50.1,77.4,73.8,51.4
Quebec,7/6/1998,48.4,78.1,78.4,51.5
Quebec,7/7/1998,55.9,79.8,77.9,52.8
Quebec,7/8/1998,54,75.7,78.3,56.8
Quebec,7/9/1998,60.6,79.3,74.8,57.5
Quebec,7/10/1998,58,69.3,74.1,58.3
Quebec,7/11/1998,56.2,73.6,73.1,56.4
Quebec,7/12/1998,55,76.5,75.3,57.2
Quebec,7/13/1998,60.2,75.7,79.5,59
Quebec,7/14/1998,61.8,86.2,83.5,62.5
Quebec,7/15/1998,65.3,88.6,87.7,63.5
Quebec,7/16/1998,63.2,88.2,85.5,63
Quebec,7/17/1998,60.4,79.8,81.9,60.3
Quebec,7/18/1998,57.4,77.7,79.5,57.5
Quebec,7/19/1998,54.9,81.1,79.8,55.7
Quebec,7/20/1998,54.7,80.7,81.1,53.9
Quebec,7/21/1998,52.1,81.4,80.8,55.2
Quebec,7/22/1998,58.8,80.2,79.3,55.5
Quebec,7/23/1998,55.5,76.2,74.8,55.2
Quebec,7/24/1998,51.3,68.1,72.3,51.2
Quebec,7/25/1998,46.8,72.7,72.2,49.2
Quebec,7/26/1998,49.6,75.8,75.6,48.7
Quebec,7/27/1998,49.7,78.2,76.9,53.5
Quebec,7/28/1998,61.1,76.8,76.1,56.1
Quebec,7/29/1998,57.6,73.4,75,57.3
Quebec,7/30/1998,53.4,74.9,73.9,53.7
Quebec,7/31/1998,50.3,73.5,75.8,50.4
Quebec,8/1/1998,47.7,78.9,77.7,51.2
Quebec,8/2/1998,55.7,80.6,80.4,53.4
Quebec,8/3/1998,56.7,81.6,81.2,55.3
Quebec,8/4/1998,53.6,81.3,83,55.3
Quebec,8/5/1998,55.7,86.1,84.1,55.5
Quebec,8/6/1998,57.2,84.9,84,57.9
Quebec,8/7/1998,60.8,81.1,84.1,59
Quebec,8/8/1998,59,86.3,85.3,61.4
Quebec,8/9/1998,64.5,88.5,85.7,63.9
Quebec,8/10/1998,68.2,82.2,83.4,64.5
Quebec,8/11/1998,60.9,79.6,78.3,60
Quebec,8/12/1998,50.8,73,75.8,52.8
Quebec,8/13/1998,46.6,74.7,75.9,48.8
Quebec,8/14/1998,48.9,80.1,78.8,51.1
Quebec,8/15/1998,57.7,81.6,78.9,53.8
Quebec,8/16/1998,54.7,75,79.1,55.2
Quebec,8/17/1998,53,80.7,75.6,51.1
Quebec,8/18/1998,45.5,71.1,74.6,47.7
Quebec,8/19/1998,44.6,71.9,71.6,44.6
Quebec,8/20/1998,43.6,71.8,73.8,47.6
Quebec,8/21/1998,54.5,77.8,74.6,49.4
Quebec,8/22/1998,49.9,74.2,75.9,50.9
Quebec,8/23/1998,48.4,75.9,75.5,53
Quebec,8/24/1998,60.5,76.5,75.1,55.6
Quebec,8/25/1998,57.7,73,74.7,58.7
Quebec,8/26/1998,58,74.6,76.2,56.9
Quebec,8/27/1998,54.9,81,78.2,55.2
Quebec,8/28/1998,52.7,78.9,75.6,55.5
Quebec,8/29/1998,59,66.8,72.7,55.3
Quebec,8/30/1998,54.2,72.5,69.9,54.9
Quebec,8/31/1998,51.6,70.5,71.5,51.6
Quebec,9/1/1998,48.9,71.6,71.7,50.8
Quebec,9/2/1998,52,72.9,71.3,51.3
Quebec,9/3/1998,53,69.5,70.7,51.7
Quebec,9/4/1998,50.1,69.6,70.2,51.1
Quebec,9/5/1998,50.1,71.5,73.2,52.5
Quebec,9/6/1998,57.3,78.4,74.1,52.4
Quebec,9/7/1998,49.7,72.4,70.6,52.7
Quebec,9/8/1998,51.1,61,66.8,50.2
Quebec,9/9/1998,49.7,67,65.4,49.6
Quebec,9/10/1998,48,68.3,69.2,47.2
Quebec,9/11/1998,43.8,72.2,69.9,46.5
Quebec,9/12/1998,47.8,69.3,70.5,44.6
Quebec,9/13/1998,42.1,70.1,70.5,43.9
Quebec,9/14/1998,41.6,72,70.6,46.6
Quebec,9/15/1998,56,69.6,69.8,48.3
Quebec,9/16/1998,47.2,67.9,69.2,49.1
Quebec,9/17/1998,43.9,70.2,68.3,43
Quebec,9/18/1998,37.9,66.7,71.1,45.8
Quebec,9/19/1998,55.5,76.4,69,48.5
Quebec,9/20/1998,52.1,63.8,72.5,53.3
Quebec,9/21/1998,52.2,77.2,66.2,48.1
Quebec,9/22/1998,40,57.5,64,42.5
Quebec,9/23/1998,35.3,57.4,58.1,36.1
Quebec,9/24/1998,33,59.3,62,38.8
Quebec,9/25/1998,48.2,69.3,66.4,42.7
Quebec,9/26/1998,47,70.6,72.5,51
Quebec,9/27/1998,57.7,77.7,70.4,49.2
Quebec,9/28/1998,42.8,62.9,68.1,45.9
Quebec,9/29/1998,37.2,63.9,63.3,39.5
Quebec,9/30/1998,38.6,63.2,61.3,38.3
Quebec,10/1/1998,39.1,56.7,57.8,38.5
Quebec,10/2/1998,38,53.5,55.2,37.9
Quebec,10/3/1998,36.6,55.5,55.2,35.6
Quebec,10/4/1998,32.3,56.6,55.6,33.3
Quebec,10/5/1998,30.9,54.7,54.9,30.6
Quebec,10/6/1998,28.7,53.6,54.8,31.6
Quebec,10/7/1998,35.2,56.3,56.8,35.3
Quebec,10/8/1998,42.2,60.6,58.7,40.4
Quebec,10/9/1998,43.8,59.2,57.6,44.8
Quebec,10/10/1998,48.3,53.1,58,45.8
Quebec,10/11/1998,45.3,61.6,57.5,44
Quebec,10/12/1998,38.5,57.7,60.7,40.2
Quebec,10/13/1998,36.8,62.8,59.2,40.8
Quebec,10/14/1998,47.1,57.3,57.4,43.2
Quebec,10/15/1998,45.7,52.1,55.4,43.3
Quebec,10/16/1998,36.9,56.9,56.7,39.8
Quebec,10/17/1998,36.8,61.1,63.4,41.8
Quebec,10/18/1998,51.8,72.4,65.9,43.9
Quebec,10/19/1998,43,64.2,62.4,43.6
Quebec,10/20/1998,36,50.8,54.3,37.5
Quebec,10/21/1998,33.4,48.1,49.9,35.1
Quebec,10/22/1998,35.8,50.9,51.7,36.1
Quebec,10/23/1998,39.1,56.1,57.1,39.1
Quebec,10/24/1998,42.4,64.3,57.5,36.8
Quebec,10/25/1998,28.9,52.2,54.4,32.8
Quebec,10/26/1998,27,46.6,52.1,28.4
Quebec,10/27/1998,29.2,57.7,54.1,31.7
Quebec,10/28/1998,39,58,56.1,35
Quebec,10/29/1998,36.7,52.5,53.8,37.5
Quebec,10/30/1998,36.7,51,51.5,38.6
Quebec,10/31/1998,42.3,51,50.9,39
Quebec,11/1/1998,38.1,50.8,48.5,39.2
Quebec,11/2/1998,37.1,43.5,45.3,36.8
Quebec,11/3/1998,35.2,41.4,41,34.9
Quebec,11/4/1998,32.2,38,40.4,33.4
Quebec,11/5/1998,32.8,41.9,40.8,33.3
Quebec,11/6/1998,34.7,42.5,42.3,33.2
Quebec,11/7/1998,32.2,42.4,40.2,30.9
Quebec,11/8/1998,25.9,35.6,39.7,29.6
Quebec,11/9/1998,30.8,41,38.7,28.5
Quebec,11/10/1998,28.8,39.4,44,33.6
Quebec,11/11/1998,41.2,51.6,45.7,33.3
Quebec,11/12/1998,30,46.1,44,31.9
Quebec,11/13/1998,24.5,34.5,40.7,26.7
Quebec,11/14/1998,25.6,41.4,40,25.1
Quebec,11/15/1998,25.3,44.1,36.5,23.2
Quebec,11/16/1998,18.7,24.1,33.3,21.8
Quebec,11/17/1998,21.3,31.8,26.9,19.1
Quebec,11/18/1998,17.4,25,30.3,20.2
Quebec,11/19/1998,21.8,34.1,30.3,20.5
Quebec,11/20/1998,22.3,31.8,32.9,22.6
Quebec,11/21/1998,23.5,32.7,35.2,22.9
Quebec,11/22/1998,22.9,41.2,42.6,27.9
Quebec,11/23/1998,37.3,53.9,47.2,31.4
Quebec,11/24/1998,34,46.5,45.8,33.1
Quebec,11/25/1998,28,37.1,41.3,31.4
Quebec,11/26/1998,32.1,40.3,39.5,31.5
Quebec,11/27/1998,34.5,41,36.2,29.9
Quebec,11/28/1998,23.2,27.1,30.8,25.6
Quebec,11/29/1998,19.2,24.3,33.9,24.3
Quebec,11/30/1998,30.6,50.4,43.2,27.8
Quebec,12/1/1998,33.4,55,50.7,32.4
Quebec,12/2/1998,33.1,46.7,45.4,31.5
Quebec,12/3/1998,28,34.7,42.7,30
Quebec,12/4/1998,28.7,46.6,38.4,27.3
Quebec,12/5/1998,25.1,33.9,38.4,27.9
Quebec,12/6/1998,29.8,34.6,37.4,26.1
Quebec,12/7/1998,23.5,43.9,35.6,24.3
Quebec,12/8/1998,19.8,28.3,36.8,21.6
Quebec,12/9/1998,21.4,38.2,33.7,22.1
Quebec,12/10/1998,25.1,34.7,36.5,22.3
Quebec,12/11/1998,20.3,36.7,37.7,21.8
Quebec,12/12/1998,20.1,41.8,39.5,22.2
Quebec,12/13/1998,26.2,40,37.8,22.3
Quebec,12/14/1998,20.6,31.5,39,25.6
Quebec,12/15/1998,30,45.5,38.7,26.3
Quebec,12/16/1998,28.2,39.1,38.6,26.3
Quebec,12/17/1998,20.6,31.2,32.1,20.8
Quebec,12/18/1998,13.7,26.2,28.2,16.2
Quebec,12/19/1998,14.3,27.1,27.1,14
Quebec,12/20/1998,13.8,28.1,31.4,15.2
Quebec,12/21/1998,17.4,39,33.6,10.7
Quebec,12/22/1998,0.7,33.8,30.5,5
Quebec,12/23/1998,-3.1,18.8,25.7,0.3
Quebec,12/24/1998,3.3,24.4,18.5,-2.8
Quebec,12/25/1998,-8.7,12.2,22.8,3.5
Quebec,12/26/1998,15.8,31.7,25.5,3.4
Quebec,12/27/1998,3,32.7,34.2,10.1
Quebec,12/28/1998,11.3,38.1,34.3,7.9
Quebec,12/29/1998,9.4,32.1,34.1,2.8
Quebec,12/30/1998,-12.3,32.2,20.2,-7.3
Quebec,12/31/1998,-19.2,-3.5,8.5,-15.4
Quebec,1/1/1999,-14.7,-3.2,-0.6,-16.7
Quebec,1/2/1999,-16.2,5,9.2,-8.8
Quebec,1/3/1999,4.6,25.8,19,-3
Quebec,1/4/1999,2.6,26.1,19.7,-0.4
Quebec,1/5/1999,-8.3,7.3,18.6,-4.4
Quebec,1/6/1999,-7.7,22.5,17.7,-9.6
Quebec,1/7/1999,-12.9,23.2,19.5,-13
Quebec,1/8/1999,-18.5,12.7,18.3,-7.3
Quebec,1/9/1999,9.6,18.8,13.9,-4.3
Quebec,1/10/1999,-4,10.1,13.4,-3.3
Quebec,1/11/1999,-15.6,11.3,9.6,-9.7
Quebec,1/12/1999,-9.4,7.4,7.7,-14.8
Quebec,1/13/1999,-19.3,4.3,4.6,-17.2
Quebec,1/14/1999,-23,2.1,7.9,-13.4
Quebec,1/15/1999,2.1,17.2,18.5,-4.9
Quebec,1/16/1999,6.3,36.3,30.8,8.3
Quebec,1/17/1999,16.6,39,37.8,13.8
Quebec,1/18/1999,18.5,38.1,38.2,22.6
Quebec,1/19/1999,32.6,37.6,36.1,22.6
Quebec,1/20/1999,16.6,32.6,30.9,21.1
Quebec,1/21/1999,14.2,22.4,26.4,12.9
Quebec,1/22/1999,7.8,24.3,30.3,15.2
Quebec,1/23/1999,23.7,44.1,38.6,18.8
Quebec,1/24/1999,24.9,47.5,38.8,19.3
Quebec,1/25/1999,9.4,24.9,34.1,12.1
Quebec,1/26/1999,1.9,30,27.2,5.7
Quebec,1/27/1999,5.8,26.7,22.3,3.3
Quebec,1/28/1999,2.1,10.3,16.7,1.5
Quebec,1/29/1999,-3.5,13.2,13.9,-3.4
Quebec,1/30/1999,-8.9,18.3,16.7,-8.3
Quebec,1/31/1999,-12.5,18.5,23.2,-4.3
Quebec,2/1/1999,8.5,32.7,29.6,3.5
Quebec,2/2/1999,14.5,37.5,37.1,17.7
Quebec,2/3/1999,30.2,41.1,40,22.8
Quebec,2/4/1999,23.7,41.4,39.4,20.6
Quebec,2/5/1999,7.9,35.6,31.6,12.5
Quebec,2/6/1999,5.8,17.8,25.9,4.5
Quebec,2/7/1999,-0.2,24.1,20.8,-0.5
Quebec,2/8/1999,-7.2,20.5,26.1,-0.9
Quebec,2/9/1999,4.7,33.5,29.5,3.3
Quebec,2/10/1999,12.3,34.3,30.3,7.2
Quebec,2/11/1999,4.6,23.2,33,13.3
Quebec,2/12/1999,22.9,41.5,32.2,12.8
Quebec,2/13/1999,10.8,31.8,30.5,11.4
Quebec,2/14/1999,0.5,18.1,25.1,5.6
Quebec,2/15/1999,5.5,25.2,24.3,5.2
Quebec,2/16/1999,9.5,29.7,28.2,11.4
Quebec,2/17/1999,19.2,29.7,31.7,17
Quebec,2/18/1999,22.3,35.6,32.2,19.1
Quebec,2/19/1999,15.7,31.2,33,16.9
Quebec,2/20/1999,12.8,32.1,27.6,9.5
Quebec,2/21/1999,-0.2,19.3,20.5,1.3
Quebec,2/22/1999,-8.6,10.1,15.1,-5.9
Quebec,2/23/1999,-9.1,15.7,16.9,-8.5
Quebec,2/24/1999,-7.7,24.7,23.5,-3.8
Quebec,2/25/1999,5.4,30,31.7,4.7
Quebec,2/26/1999,16.3,40.3,36.4,12.8
Quebec,2/27/1999,16.8,38.8,40.1,15.5
Quebec,2/28/1999,13.3,41.1,39.3,21.1
Quebec,3/1/1999,33,38.1,38.2,22.9
Quebec,3/2/1999,22.4,35.4,36.1,24.5
Quebec,3/3/1999,18,34.8,38.4,19.4
Quebec,3/4/1999,17.8,45,33.6,12.6
Quebec,3/5/1999,2,21.1,25.5,7.9
Quebec,3/6/1999,3.7,10.5,16.6,2.6
Quebec,3/7/1999,2.1,18.1,18,2.2
Quebec,3/8/1999,0.7,25.6,24.6,1.9
Quebec,3/9/1999,2.8,30.1,28.3,4.4
Quebec,3/10/1999,9.8,29.2,27.5,9.8
Quebec,3/11/1999,16.7,23.2,27.8,15.4
Quebec,3/12/1999,19.6,31.1,29.2,19.2
Quebec,3/13/1999,21.1,33.4,32.2,17.6
Quebec,3/14/1999,12.1,32,34.2,16
Quebec,3/15/1999,14.7,37.1,36.8,15
Quebec,3/16/1999,18.1,41.4,41,20.2
Quebec,3/17/1999,27.7,44.5,41.6,25.4
Quebec,3/18/1999,30.5,39,40.4,28.2
Quebec,3/19/1999,26.6,37.7,38.1,26.2
Quebec,3/20/1999,21.5,37.6,38.8,22.1
Quebec,3/21/1999,18.3,41.1,40,24
Quebec,3/22/1999,32.2,41.4,40.1,25.9
Quebec,3/23/1999,27,37.9,41.5,27.6
Quebec,3/24/1999,23.5,45.2,38.5,24
Quebec,3/25/1999,21.4,32.4,39.2,23.5
Quebec,3/26/1999,25.5,39.9,41.4,23.1
Quebec,3/27/1999,22.4,51.9,49.4,23.6
Quebec,3/28/1999,23,56.5,52.4,26.5
Quebec,3/29/1999,34.2,48.7,51.3,30.4
Quebec,3/30/1999,34.1,48.7,46.8,33
Quebec,3/31/1999,30.5,43.1,43.4,31.4
Quebec,4/1/1999,29.5,38.5,42.3,30.9
Quebec,4/2/1999,32.5,45.3,40.8,31.4
Quebec,4/3/1999,32.2,38.7,41.3,30.9
Quebec,4/4/1999,28.1,39.9,43.5,28.7
Quebec,4/5/1999,25.8,51.9,50.4,27.3
Quebec,4/6/1999,27.9,59.3,53.8,31
Quebec,4/7/1999,39.2,50.3,54.2,35
Quebec,4/8/1999,37.8,53.1,50.5,36.9
Quebec,4/9/1999,33.6,48.2,48.3,33.6
Quebec,4/10/1999,29.4,43.6,46.7,29.6
Quebec,4/11/1999,25.7,48.3,47.2,28.3
Quebec,4/12/1999,29.7,49.8,48.9,29.2
Quebec,4/13/1999,32.4,48.7,47.8,32.3
Quebec,4/14/1999,34.9,44.8,47.7,32.7
Quebec,4/15/1999,31,49.6,50,32.3
Quebec,4/16/1999,31,55.6,52.9,34.1
Quebec,4/17/1999,40.3,53.3,55.8,35.1
Quebec,4/18/1999,33.8,58.6,56.4,35
Quebec,4/19/1999,30.8,57.4,57.4,33.8
Quebec,4/20/1999,36.9,56.2,57.6,34.6
Quebec,4/21/1999,36,59.1,58.7,35.7
Quebec,4/22/1999,34.3,60.9,55.6,32.9
Quebec,4/23/1999,28.4,46.8,53.5,30.2
Quebec,4/24/1999,28,52.9,52.9,27.9
Quebec,4/25/1999,27.3,59.2,54.9,30.7
Quebec,4/26/1999,36.8,52.8,56.1,32.7
Quebec,4/27/1999,33.8,56.3,57.8,34.1
Quebec,4/28/1999,31.6,64.3,62.5,33
Quebec,4/29/1999,33.5,67,66.9,34.1
Quebec,4/30/1999,37,69.4,70.4,35.6
Quebec,5/1/1999,36.1,75,74.8,38.7
Quebec,5/2/1999,42.9,79.9,79.2,40.3
Quebec,5/3/1999,41.9,82.6,82.2,43.3
Quebec,5/4/1999,45.1,84.1,82.6,47.5
Quebec,5/5/1999,55.6,81,81.9,50.8
Quebec,5/6/1999,51.6,80.5,80.2,55
Quebec,5/7/1999,57.9,78.9,78.5,55.4
Quebec,5/8/1999,56.6,76,74.2,53.6
Quebec,5/9/1999,46.2,67.7,66.4,46.6
Quebec,5/10/1999,37,55.5,61.6,39
Quebec,5/11/1999,33.8,61.5,57.7,34.9
Quebec,5/12/1999,34,56.2,59.4,34.7
Quebec,5/13/1999,36.2,60.6,63,35.3
Quebec,5/14/1999,35.7,72.2,69.7,37.2
Quebec,5/15/1999,39.6,76.3,76.2,38.8
Quebec,5/16/1999,41.2,80.1,78.9,43.8
Quebec,5/17/1999,50.7,80.4,81.1,50.4
Quebec,5/18/1999,59.4,82.9,77.9,52.9
Quebec,5/19/1999,48.7,70.4,72.6,50.5
Quebec,5/20/1999,43.4,64.6,68.5,44.1
Quebec,5/21/1999,40.2,70.6,69.4,45.6
Quebec,5/22/1999,53.3,73,71.9,47.9
Quebec,5/23/1999,50.4,71.9,69.8,52.5
Quebec,5/24/1999,54,64.5,66.6,51.2
Quebec,5/25/1999,49.1,63.3,63.2,50.4
Quebec,5/26/1999,48.1,61.8,62.1,47
Quebec,5/27/1999,43.8,61.2,65.2,44.4
Quebec,5/28/1999,41.2,72.5,72.1,44.5
Quebec,5/29/1999,48.4,82.6,81.2,49.1
Quebec,5/30/1999,57.8,88.5,87,55.7
Quebec,5/31/1999,60.8,89.9,85.1,61.1
Quebec,6/1/1999,64.6,76.8,77.1,59.1
Quebec,6/2/1999,52,64.6,71.6,56.2
Quebec,6/3/1999,52,73.5,71,51.2
Quebec,6/4/1999,49.5,74.9,75.3,50.3
Quebec,6/5/1999,49.3,77.4,77.6,51.7
Quebec,6/6/1999,56.3,80.4,82.4,57.5
Quebec,6/7/1999,66.8,89.5,82.6,60.3
Quebec,6/8/1999,57.7,78,77.9,60.1
Quebec,6/9/1999,55.8,66.2,74.2,57.2
Quebec,6/10/1999,58,78.4,76.4,57.6
Quebec,6/11/1999,59.2,84.5,83.8,59.4
Quebec,6/12/1999,60.9,88.5,87.3,59.4
Quebec,6/13/1999,58.1,88.9,87.2,57.5
Quebec,6/14/1999,53.5,84.1,78.9,51.5
Quebec,6/15/1999,42.9,63.7,71.1,44.9
Quebec,6/16/1999,38.4,65.6,66.4,42
Quebec,6/17/1999,44.8,69.9,69,43.3
Quebec,6/18/1999,46.7,71.5,72.6,44.9
Quebec,6/19/1999,43.1,76.5,76.6,47.1
Quebec,6/20/1999,51.6,81.9,80.5,47.8
Quebec,6/21/1999,48.6,83,84.2,52.5
Quebec,6/22/1999,57.2,87.8,85.8,54.3
Quebec,6/23/1999,57.1,86.6,87.9,56.9
Quebec,6/24/1999,56.4,89.2,83.6,57.9
Quebec,6/25/1999,60.1,75.1,83.1,59.3
Quebec,6/26/1999,61.3,85.1,83.1,60.2
Quebec,6/27/1999,59,89,83.4,61.4
Quebec,6/28/1999,63.8,76.1,82.2,59.4
Quebec,6/29/1999,55.4,81.4,77.2,56.9
Quebec,6/30/1999,51.4,74.2,79.5,54.3
Quebec,7/1/1999,56,82.9,78.8,55.6
Quebec,7/2/1999,59.4,79.1,80.6,57.5
Quebec,7/3/1999,57.2,79.7,80.6,60.8
Quebec,7/4/1999,65.9,83.1,82.7,62.1
Quebec,7/5/1999,63.2,85.3,83.3,63.6
Quebec,7/6/1999,61.8,81.5,80.4,60.2
Quebec,7/7/1999,55.5,74.5,75.6,56.2
Quebec,7/8/1999,51.2,70.6,72.6,52.7
Quebec,7/9/1999,51.4,72.6,69.1,51.3
Quebec,7/10/1999,51.2,64.1,70,51.3
Quebec,7/11/1999,51.3,73.4,72.6,52.3
Quebec,7/12/1999,54.5,80.3,77.8,54.2
Quebec,7/13/1999,56.7,79.8,81.3,55.6
Quebec,7/14/1999,55.5,83.8,82.2,58.8
Quebec,7/15/1999,64.3,83,84.7,60.3
Quebec,7/16/1999,61.2,87.4,86.4,64.5
Quebec,7/17/1999,68,88.8,86,63.2
Quebec,7/18/1999,60.5,81.8,81.6,61.5
Quebec,7/19/1999,55.9,74.3,77.1,55.1
Quebec,7/20/1999,48.9,75.1,76.3,51.6
Quebec,7/21/1999,50.1,79.4,79.3,52.7
Quebec,7/22/1999,59,83.5,82.3,56
Quebec,7/23/1999,58.7,84,81.3,60.7
Quebec,7/24/1999,64.3,76.3,78.2,62.1
Quebec,7/25/1999,63.3,74.4,75.8,63.5
Quebec,7/26/1999,63,76.8,78.5,62.5
Quebec,7/27/1999,61.3,84.3,81.7,60
Quebec,7/28/1999,55.9,84.1,84,59.3
Quebec,7/29/1999,60.7,83.6,84.5,60.3
Quebec,7/30/1999,64.1,85.9,85.6,62.2
Quebec,7/31/1999,61.6,87.3,84.6,60.4
Quebec,8/1/1999,55.5,80.6,79.4,56.3
Quebec,8/2/1999,51.8,70.1,75.6,54.2
Quebec,8/3/1999,55.4,76,73,54.6
Quebec,8/4/1999,56.5,72.9,73.9,55.1
Quebec,8/5/1999,53.5,73,71.6,52.6
Quebec,8/6/1999,47.7,68.8,71.3,50.1
Quebec,8/7/1999,49,72.2,68.6,49
Quebec,8/8/1999,50.2,65,67.4,48.2
Quebec,8/9/1999,45.3,65.1,65.1,48.6
Quebec,8/10/1999,50.4,65.1,68.5,46.4
Quebec,8/11/1999,43.5,75.2,71.5,49.2
Quebec,8/12/1999,53.8,74.1,71.4,48.6
Quebec,8/13/1999,48.6,64.8,69.5,50.9
Quebec,8/14/1999,50.4,69.6,69.3,47.6
Quebec,8/15/1999,43.9,73.4,73.9,47.1
Quebec,8/16/1999,46.9,78.6,73.7,50.8
Quebec,8/17/1999,61.5,69.1,74,52.6
Quebec,8/18/1999,49.5,74.3,73.6,52.5
Quebec,8/19/1999,46.4,77.5,78,49
Quebec,8/20/1999,51.1,82.2,80.1,50.1
Quebec,8/21/1999,52.7,80.4,81.6,52.7
Quebec,8/22/1999,54.3,82,82.2,53.3
Quebec,8/23/1999,52.9,84.2,83.5,55.2
Quebec,8/24/1999,58.5,84.4,85.2,57.5
Quebec,8/25/1999,61.2,86.9,86.2,60.2
Quebec,8/26/1999,61,87.4,87.8,61.5
Quebec,8/27/1999,62.4,89.1,87.7,60
Quebec,8/28/1999,56.7,86.5,79.6,56.8
Quebec,8/29/1999,51.4,63.3,72.6,51.9
Quebec,8/30/1999,47.7,67.8,69.3,46.9
Quebec,8/31/1999,41.7,76.6,76,45.2
Quebec,9/1/1999,46.2,83.5,82.6,47.7
Quebec,9/2/1999,55,87.8,85.4,53.1
Quebec,9/3/1999,58.1,84.9,85.6,58.5
Quebec,9/4/1999,62.2,84,86.4,59.9
Quebec,9/5/1999,59.4,90.3,86.4,60.7
Quebec,9/6/1999,60.4,84.9,82.9,60
Quebec,9/7/1999,60.3,73.4,77.8,59.2
Quebec,9/8/1999,56.8,75.2,71.2,58.3
Quebec,9/9/1999,57.7,65.1,67.5,56.8
Quebec,9/10/1999,55.8,62.1,66.4,56.2
Quebec,9/11/1999,55.2,72.1,67.5,54.2
Quebec,9/12/1999,51.6,68.4,71.2,52.7
Quebec,9/13/1999,51.3,73.2,68.7,53.8
Quebec,9/14/1999,58.5,64.6,70,54.9
Quebec,9/15/1999,54.9,72.3,66.7,54.8
Quebec,9/16/1999,51.1,63.1,63.5,51.1
Quebec,9/17/1999,47.3,55,59.7,45.5
Quebec,9/18/1999,38.1,60.8,63,39.5
Quebec,9/19/1999,33.1,73,69.6,38.5
Quebec,9/20/1999,44.4,74.8,66.5,39.9
Quebec,9/21/1999,42.3,51.6,58.6,43.6
Quebec,9/22/1999,44.2,49.5,55.2,41.8
Quebec,9/23/1999,39,64.4,56.8,41.4
Quebec,9/24/1999,41,56.7,59.2,39.3
Quebec,9/25/1999,37.8,56.5,58.8,38.1
Quebec,9/26/1999,35.4,63.3,62.2,36.5
Quebec,9/27/1999,36.3,66.9,68.6,38.9
Quebec,9/28/1999,45,75.6,74.2,45.1
Quebec,9/29/1999,54,80.2,74.7,48.4
Quebec,9/30/1999,46.4,68.3,70.6,46.6
Quebec,10/1/1999,39.6,63.1,62.6,41.3
Quebec,10/2/1999,38,56.4,58.2,39.1
Quebec,10/3/1999,39.8,55.2,53.4,35.1
Quebec,10/4/1999,27.5,48.7,50.8,30.1
Quebec,10/5/1999,23,48.4,47.7,27
Quebec,10/6/1999,30.4,45.8,47.6,27.2
Quebec,10/7/1999,28.3,48.5,44.8,28.3
Quebec,10/8/1999,26.2,39.9,47.8,30.7
Quebec,10/9/1999,37.6,55,51.6,33.3
Quebec,10/10/1999,36.1,59.8,56.9,38
Quebec,10/11/1999,40.4,55.9,56.6,35.5
Quebec,10/12/1999,30.1,54.2,56.4,37.8
Quebec,10/13/1999,42.7,59.2,53.4,35
Quebec,10/14/1999,32.2,46.8,51.4,35
Quebec,10/15/1999,30.1,48.2,46.8,33.1
Quebec,10/16/1999,37,45.3,50.6,36.9
Quebec,10/17/1999,43.4,58.2,48.4,36.3
Quebec,10/18/1999,28.4,41.7,47.4,32.4
Quebec,10/19/1999,25.3,42.2,44.4,29
Quebec,10/20/1999,33.2,49.2,47.4,30.7
Quebec,10/21/1999,33.7,50.7,50.4,36.3
Quebec,10/22/1999,42.1,51.3,49.5,38.6
Quebec,10/23/1999,39.9,46.3,46,37.2
Quebec,10/24/1999,29.5,40.3,42.3,32
Quebec,10/25/1999,26.6,40.4,43.6,29.2
Quebec,10/26/1999,31.5,50,44.6,28.3
Quebec,10/27/1999,27,43.3,46.7,27.3
Quebec,10/28/1999,23.3,46.7,48.4,26.6
Quebec,10/29/1999,29.4,55.2,50.8,28.3
Quebec,10/30/1999,32.2,50.6,56,33.1
Quebec,10/31/1999,37.7,62.3,57,35.3
Quebec,11/1/1999,36.1,58.2,62.1,37.6
Quebec,11/2/1999,39,65.7,63.2,38.1
Quebec,11/3/1999,39.3,65.9,57.4,36.8
Quebec,11/4/1999,32,40.6,53.3,34.3
Quebec,11/5/1999,31.7,53.5,47.1,32.3
Quebec,11/6/1999,33.2,47.3,46.5,31.6
Quebec,11/7/1999,29.9,38.7,41.3,29.2
Quebec,11/8/1999,24.6,37.8,35.5,24.9
Quebec,11/9/1999,20.1,29.8,33,20.1
Quebec,11/10/1999,15.6,31.5,29.1,15
Quebec,11/11/1999,9.3,26.1,31.6,15.4
Quebec,11/12/1999,21.2,37.4,32.3,19
Quebec,11/13/1999,26.4,33.4,38.5,27.5
Quebec,11/14/1999,34.9,44.7,38.3,31.4
Quebec,11/15/1999,32.8,36.8,38.3,31.6
Quebec,11/16/1999,27.2,33.3,31.5,24.6
Quebec,11/17/1999,13.8,24.4,27,14.4
Quebec,11/18/1999,2.1,23.4,28.2,4.5
Quebec,11/19/1999,-2.6,36.9,37,10.1
Quebec,11/20/1999,30.9,50.8,44.6,23.6
Quebec,11/21/1999,42.4,46.1,47.9,36.6
Quebec,11/22/1999,36.5,46.7,50,39.7
Quebec,11/23/1999,40.1,57.2,54.8,39.4
Quebec,11/24/1999,41.5,60.5,54.8,37
Quebec,11/25/1999,29.4,46.6,52.6,33.5
Quebec,11/26/1999,29.6,50.7,49.8,32.4
Quebec,11/27/1999,38.3,51.9,47.2,31.7
Quebec,11/28/1999,27.3,39,41.3,30.3
Quebec,11/29/1999,25.4,33,32.6,22.1
Quebec,11/30/1999,13.6,25.8,26.9,13
Quebec,12/1/1999,0,21.9,26.8,9.8
Quebec,12/2/1999,15.9,32.7,29.9,15.6
Quebec,12/3/1999,30.9,35.1,35,26.7
Quebec,12/4/1999,33.2,37,40.6,33
Quebec,12/5/1999,34.9,49.6,45.9,34.3
Quebec,12/6/1999,34.8,51,45.8,34.3
Quebec,12/7/1999,33.1,36.8,39.9,32.4
Quebec,12/8/1999,29.2,31.7,34.4,28.9
Quebec,12/9/1999,24.4,34.5,32.9,27.8
Quebec,12/10/1999,29.8,32.5,33.4,27.7
Quebec,12/11/1999,28.9,33.1,31.7,27.9
Quebec,12/12/1999,25,29.5,32,27.8
Quebec,12/13/1999,29.5,33.5,31.2,23.1
Quebec,12/14/1999,14.7,30.7,31.5,22
Quebec,12/15/1999,21.9,30.4,33.7,23.1
Quebec,12/16/1999,32.7,40,34.4,21.6
Quebec,12/17/1999,10,32.7,31.4,18
Quebec,12/18/1999,11.3,21.6,25.9,9.1
Quebec,12/19/1999,6.1,23.3,27.5,9.8
Quebec,12/20/1999,12.1,37.6,32.4,9.6
Quebec,12/21/1999,10.8,36.1,30.2,9.2
Quebec,12/22/1999,4.8,16.7,22.3,4.3
Quebec,12/23/1999,-2.6,14,14.2,1.6
Quebec,12/24/1999,2.6,11.8,13.2,-0.8
Quebec,12/25/1999,-2.6,13.6,16.5,3
Quebec,12/26/1999,9,23.9,15.7,1
Quebec,12/27/1999,-3.5,9.5,16.5,-0.6
Quebec,12/28/1999,-7.2,16,12.9,-2.9
Quebec,12/29/1999,1.8,13.1,16.5,-2.5
Quebec,12/30/1999,-2.1,20.4,14.2,-6.4
Quebec,12/31/1999,-19,9.3,18.5,-4.4
Quebec,1/1/2000,8,25.7,20.9,4
Quebec,1/2/2000,23.1,27.8,29.8,16.8
Quebec,1/3/2000,19.3,35.8,30.7,15.6
Quebec,1/4/2000,4.5,28.4,25.9,7.1
Quebec,1/5/2000,-2.6,13.5,19.8,-2.4
Quebec,1/6/2000,-9.2,17.6,21.2,1.9
Quebec,1/7/2000,17.5,32.6,20.9,1.2
Quebec,1/8/2000,-4.5,12.6,23.5,8.1
Quebec,1/9/2000,11.5,25.2,24.9,11.1
Quebec,1/10/2000,26.4,36.9,34.2,22.7
Quebec,1/11/2000,30.1,40.4,36.5,21.3
Quebec,1/12/2000,7.3,32.1,24.6,9.2
Quebec,1/13/2000,-9.9,1.4,8.9,-6.2
Quebec,1/14/2000,-15.9,-6.7,-4.6,-16.2
Quebec,1/15/2000,-22.7,-8.5,1.9,-14.5
Quebec,1/16/2000,-4.9,20.8,2.8,-14.9
Quebec,1/17/2000,-17,-3.8,2.8,-16
Quebec,1/18/2000,-26.1,-8.7,-5.4,-23.7
Quebec,1/19/2000,-27.9,-3.6,-0.8,-20.9
Quebec,1/20/2000,-8.7,9.8,3.2,-14
Quebec,1/21/2000,-5.3,3.6,4,-8
Quebec,1/22/2000,-10.1,-1.4,1.8,-12.3
Quebec,1/23/2000,-21.6,3.4,7.9,-11
Quebec,1/24/2000,-1.4,21.7,15.2,-9.8
Quebec,1/25/2000,-6.4,20.5,21.1,0.5
Quebec,1/26/2000,9.3,21,15.3,-0.7
Quebec,1/27/2000,-4.9,4.5,11.5,0.1
Quebec,1/28/2000,-4.2,9,10.1,-5.6
Quebec,1/29/2000,-7.6,17,17.2,-2.7
Quebec,1/30/2000,3.6,25.6,23.9,3.9
Quebec,1/31/2000,15.6,29.1,28,10.6
Quebec,2/1/2000,12.7,29.2,22.2,10.1
Quebec,2/2/2000,2.1,8.2,16.4,1.1
Quebec,2/3/2000,-11.4,11.8,10.9,-8.9
Quebec,2/4/2000,-17.5,12.6,14.6,-13.5
Quebec,2/5/2000,-11.7,19.2,12.2,-11.1
Quebec,2/6/2000,-4.2,4.8,17.1,-6.3
Quebec,2/7/2000,-3.1,27.2,16.6,-6.3
Quebec,2/8/2000,-11.6,17.8,23.2,-7.8
Quebec,2/9/2000,-8.9,24.6,18.2,-8
Quebec,2/10/2000,-3.6,12.1,16.5,-4.8
Quebec,2/11/2000,-1.8,12.7,12.6,-5.5
Quebec,2/12/2000,-11,12.8,14.5,-9.2
Quebec,2/13/2000,-14.9,18,17.5,-4
Quebec,2/14/2000,13.9,21.6,22.8,3.7
Quebec,2/15/2000,12.1,28.7,26.9,13.1
Quebec,2/16/2000,13.3,30.4,20.5,2.1
Quebec,2/17/2000,-19.1,2.3,15.6,-7.2
Quebec,2/18/2000,-15.8,13.9,12.5,-15.9
Quebec,2/19/2000,-12.8,21.4,20.9,-8.1
Quebec,2/20/2000,4.3,27.5,19.5,-6.5
Quebec,2/21/2000,-10.8,9.5,22,0.8
Quebec,2/22/2000,8.8,29,26.7,5.7
Quebec,2/23/2000,19.2,41.7,37.2,17.1
Quebec,2/24/2000,23.4,40.9,39.5,22.9
Quebec,2/25/2000,26.1,36,39.3,24.5
Quebec,2/26/2000,24.2,41.1,42.2,29.3
Quebec,2/27/2000,37.7,49.6,44.6,31
Quebec,2/28/2000,31.2,43.2,44.1,31.3
Quebec,2/29/2000,25.1,39.6,39.6,24.2
Quebec,3/1/2000,16.3,36,38.1,24.7
Quebec,3/2/2000,32.6,38.6,36.6,25.6
Quebec,3/3/2000,27.7,35.2,36.8,27.8
Quebec,3/4/2000,23.2,36.7,37.7,27.3
Quebec,3/5/2000,31,41.3,39.2,26.2
Quebec,3/6/2000,24.3,39.5,41.6,26.4
Quebec,3/7/2000,23.9,43.9,41.8,25.5
Quebec,3/8/2000,28.2,41.9,47,24.6
Quebec,3/9/2000,21.9,55,40.1,20
Quebec,3/10/2000,10,23.2,35.1,11.8
Quebec,3/11/2000,3.6,27,28.3,11.6
Quebec,3/12/2000,21.4,34.6,29.1,11.2
Quebec,3/13/2000,8.5,25.7,32.6,13.2
Quebec,3/14/2000,9.8,37.6,33.2,16.1
Quebec,3/15/2000,29.9,36.3,35.9,20.4
Quebec,3/16/2000,21.5,33.9,31.1,20.9
Quebec,3/17/2000,11.4,23.1,26.4,8.4
Quebec,3/18/2000,-7.8,22.3,28,5
Quebec,3/19/2000,11.5,38.6,32.6,9
Quebec,3/20/2000,23.2,36.9,41.1,21.1
Quebec,3/21/2000,28.6,47.7,45.2,26.5
Quebec,3/22/2000,27.8,51,52.5,29.1
Quebec,3/23/2000,31,58.7,54.4,30.5
Quebec,3/24/2000,32.6,53.5,52.2,31
Quebec,3/25/2000,29.4,44.2,48,32.4
Quebec,3/26/2000,35.2,46.2,47.7,32.2
Quebec,3/27/2000,31.9,52.7,48.9,34.7
Quebec,3/28/2000,37.1,47.8,47.6,35.3
Quebec,3/29/2000,36.8,42.3,44.9,36.1
Quebec,3/30/2000,34.3,44.6,44.6,34.4
Quebec,3/31/2000,32.1,47,48.3,32.8
Quebec,4/1/2000,31.9,53.4,49.1,30.8
Quebec,4/2/2000,28.4,46.8,50.4,29.9
Quebec,4/3/2000,29.4,51,45.9,30.6
Quebec,4/4/2000,34.2,39.9,44.7,31.4
Quebec,4/5/2000,30.8,43.3,41.3,31.3
Quebec,4/6/2000,29.1,40.8,44,30.4
Quebec,4/7/2000,31.3,48.1,42.8,30.6
Quebec,4/8/2000,31.3,39.6,39.9,29.8
Quebec,4/9/2000,26.7,32,37.4,28.2
Quebec,4/10/2000,26.8,40.6,32,20.6
Quebec,4/11/2000,8.2,23.4,33.9,19.3
Quebec,4/12/2000,22.9,37.6,34.2,16.5
Quebec,4/13/2000,18.4,41.5,41.2,17.4
Quebec,4/14/2000,10.9,44.4,49.6,22.4
Quebec,4/15/2000,37.9,62.9,51,26.7
Quebec,4/16/2000,31.2,45.7,49.5,31.1
Quebec,4/17/2000,24.3,39.8,45.2,27.2
Quebec,4/18/2000,26,50,46,29.9
Quebec,4/19/2000,39.6,48.2,46.6,30.8
Quebec,4/20/2000,27,41.5,45.4,33.9
Quebec,4/21/2000,35.2,46.4,45.6,30.5
Quebec,4/22/2000,29.3,48.7,46.4,34.2
Quebec,4/23/2000,38.2,44.2,48.5,33.3
Quebec,4/24/2000,32.4,52.5,48.9,34.5
Quebec,4/25/2000,32.8,49.9,51.6,31.9
Quebec,4/26/2000,30.4,52.3,50.4,32.6
Quebec,4/27/2000,34.5,49.1,54.2,33.6
Quebec,4/28/2000,35.9,61.4,57.5,35.6
Quebec,4/29/2000,36.3,62,58.1,33.5
Quebec,4/30/2000,28.4,50.9,51.6,30.9
Quebec,5/1/2000,27.9,41.7,49.6,30.9
Quebec,5/2/2000,36.5,56.3,53.8,30.8
Quebec,5/3/2000,28,63.5,64.9,34.6
Quebec,5/4/2000,39.2,75,69.4,40.5
Quebec,5/5/2000,54.2,69.8,67.2,45.5
Quebec,5/6/2000,43.1,56.7,66.1,46.8
Quebec,5/7/2000,43,71.8,64.7,46.7
Quebec,5/8/2000,54,65.6,64.9,46.6
Quebec,5/9/2000,42.7,57.2,57.9,46.1
Quebec,5/10/2000,41.6,50.9,55.5,43.6
Quebec,5/11/2000,46.6,58.5,57.7,42.2
Quebec,5/12/2000,38.4,63.8,63.1,43.5
Quebec,5/13/2000,45.4,66.9,63.6,43.2
Quebec,5/14/2000,45.7,60.2,60.8,43.7
Quebec,5/15/2000,40.1,55.2,59.3,41
Quebec,5/16/2000,37.2,62.5,61.4,39.1
Quebec,5/17/2000,39.9,66.5,62.1,39.5
Quebec,5/18/2000,41.4,57.3,58.4,37.6
Quebec,5/19/2000,31.6,51.4,57.7,35.4
Quebec,5/20/2000,33.2,64.5,60.1,36.8
Quebec,5/21/2000,45.6,64.4,65,42.7
Quebec,5/22/2000,49.3,66.2,65.6,47.5
Quebec,5/23/2000,47.7,66.4,65.6,49.2
Quebec,5/24/2000,50.6,64.3,61.6,47
Quebec,5/25/2000,42.8,54.1,60.8,46.9
Quebec,5/26/2000,47.3,63.9,59.2,44.6
Quebec,5/27/2000,43.7,59.6,59.5,43.7
Quebec,5/28/2000,40.1,55,59.6,43
Quebec,5/29/2000,45.3,64.2,64.3,43.8
Quebec,5/30/2000,46,73.7,68.5,49.5
Quebec,5/31/2000,57.3,67.6,72.3,51.2
Quebec,6/1/2000,50.3,75.4,68.1,52.4
Quebec,6/2/2000,49.6,61.3,68.2,48.1
Quebec,6/3/2000,44.5,67.7,61,44.6
Quebec,6/4/2000,39.7,53.9,61.9,39.6
Quebec,6/5/2000,34.5,64.1,58.8,41
Quebec,6/6/2000,48.7,58.5,63.2,42.8
Quebec,6/7/2000,45.1,67.1,63.3,45.2
Quebec,6/8/2000,41.8,64.4,65.9,45.7
Quebec,6/9/2000,50.1,66.3,63,46.3
Quebec,6/10/2000,47.1,58.2,60.8,46.4
Quebec,6/11/2000,41.9,57.8,60.7,43.6
Quebec,6/12/2000,41.9,66.1,64.8,43.2
Quebec,6/13/2000,45.9,70.3,67.7,47.3
Quebec,6/14/2000,54.1,66.8,71,52.5
Quebec,6/15/2000,57.4,75.8,75.2,58.6
Quebec,6/16/2000,64.2,83,79,55.9
Quebec,6/17/2000,46.2,78.1,72.9,52.9
Quebec,6/18/2000,48.4,57.7,69.3,46
Quebec,6/19/2000,43.4,72,69.8,46.8
Quebec,6/20/2000,48.6,79.7,73.6,51
Quebec,6/21/2000,61,69.1,75.8,57.2
Quebec,6/22/2000,62.1,78.5,73.6,59.6
Quebec,6/23/2000,55.7,73.3,76.2,55.5
Quebec,6/24/2000,48.7,76.8,74.9,56.4
Quebec,6/25/2000,64.7,74.6,76.1,55.4
Quebec,6/26/2000,52.7,77,77,60.1
Quebec,6/27/2000,63,79.3,76.7,56.3
Quebec,6/28/2000,53.1,73.7,75.8,58.1
Quebec,6/29/2000,58.1,74.4,73.3,55.6
Quebec,6/30/2000,55.6,71.7,74.5,55.9
Quebec,7/1/2000,54,77.4,72.8,56.1
Quebec,7/2/2000,58.6,69.4,72.6,57.7
Quebec,7/3/2000,60.6,71.1,72.8,54.4
Quebec,7/4/2000,44.1,77.7,72.6,52.5
Quebec,7/5/2000,52.9,68.9,72.3,49.1
Quebec,7/6/2000,50.4,70.3,68.5,50.6
Quebec,7/7/2000,48.6,66.4,70.4,49
Quebec,7/8/2000,48.1,74.7,72,47.6
Quebec,7/9/2000,46,75,74.2,50.8
Quebec,7/10/2000,58.1,73,73,52.1
Quebec,7/11/2000,52,71,74.7,54.6
Quebec,7/12/2000,53.7,80.2,77.4,53.6
Quebec,7/13/2000,55,80.9,81.1,56.3
Quebec,7/14/2000,60.2,82.2,80.2,56.7
Quebec,7/15/2000,54.9,77.5,78.1,59
Quebec,7/16/2000,61.9,74.4,75.3,59.6
Quebec,7/17/2000,62.1,74,74,60.7
Quebec,7/18/2000,58.1,73.5,71,57
Quebec,7/19/2000,50.9,65.5,71.2,51
Quebec,7/20/2000,44,74.8,70.1,49.6
Quebec,7/21/2000,54,70.2,70.2,51.6
Quebec,7/22/2000,56.8,65.8,71,54.9
Quebec,7/23/2000,54,77,74.5,55.1
Quebec,7/24/2000,54.6,80.7,80,55.5
Quebec,7/25/2000,57.9,82.2,81.2,58.2
Quebec,7/26/2000,62.1,80.7,79,60.7
Quebec,7/27/2000,62,74.1,77.9,62.4
Quebec,7/28/2000,63.1,79.1,78.1,61.9
Quebec,7/29/2000,60.5,81,80,61.9
Quebec,7/30/2000,62.1,80.1,80.3,61.5
Quebec,7/31/2000,62,79.7,77.6,62
Quebec,8/1/2000,62.1,73.1,78,63.7
Quebec,8/2/2000,67.1,81.2,77.2,63.3
Quebec,8/3/2000,60.9,77.4,76.4,60.2
Quebec,8/4/2000,52.6,70.7,74.9,55.8
Quebec,8/5/2000,54,76.7,75.6,52.4
Quebec,8/6/2000,50.5,79.3,76.9,55.6
Quebec,8/7/2000,62.3,74.5,76.7,58.8
Quebec,8/8/2000,63.7,76.4,71.4,61.5
Quebec,8/9/2000,58.6,63.3,70.6,57.8
Quebec,8/10/2000,51.1,72.1,71.4,52.6
Quebec,8/11/2000,48.2,78.8,77.2,49
Quebec,8/12/2000,47.8,80.6,80.1,48.7
Quebec,8/13/2000,50,81,80.8,50.4
Quebec,8/14/2000,53.4,81,81.1,53.4
Quebec,8/15/2000,56.7,81.5,76.3,55
Quebec,8/16/2000,55,66.6,68.7,54.6
Quebec,8/17/2000,52.2,58.1,64.6,51.4
Quebec,8/18/2000,47.1,69.3,65.7,50.8
Quebec,8/19/2000,53,69.6,69.2,50.2
Quebec,8/20/2000,50.6,68.7,70.9,50.3
Quebec,8/21/2000,47.3,74.6,72.3,49.6
Quebec,8/22/2000,51,73.5,71.4,50.7
Quebec,8/23/2000,54,66,71.2,54
Quebec,8/24/2000,56.9,74.1,71.4,54.6
Quebec,8/25/2000,53.1,73.9,74.8,55.7
Quebec,8/26/2000,57,76.5,74.2,55.2
Quebec,8/27/2000,55.4,72.1,73.3,52.7
Quebec,8/28/2000,45.8,71.3,73.9,49.4
Quebec,8/29/2000,47,78.3,75.8,52.2
Quebec,8/30/2000,63.7,77.9,78.3,52.1
Quebec,8/31/2000,45.7,78.6,79.4,55.4
Quebec,9/1/2000,56.7,81.6,73.7,50.6
Quebec,9/2/2000,49.5,60.9,69.8,51.1
Quebec,9/3/2000,46.9,66.8,63.5,46.6
Quebec,9/4/2000,43.4,62.8,63.2,43.1
Quebec,9/5/2000,38.9,60,62.1,40.3
Quebec,9/6/2000,38.5,63.5,65.1,40.7
Quebec,9/7/2000,44.5,71.8,69.3,45
Quebec,9/8/2000,51.8,72.5,69.3,47
Quebec,9/9/2000,44.8,63.7,70.3,47.5
Quebec,9/10/2000,45.8,74.8,68.5,49.1
Quebec,9/11/2000,56.6,66.9,73.6,52.8
Quebec,9/12/2000,55.9,79.2,71.7,54.7
Quebec,9/13/2000,51.4,69.1,71.1,54.7
Quebec,9/14/2000,56.8,65,64.2,52.9
Quebec,9/15/2000,50.5,58.5,60.6,51.1
Quebec,9/16/2000,46,58.5,59.6,47.1
Quebec,9/17/2000,44.7,62,61.9,45.2
Quebec,9/18/2000,44.9,65.3,67.7,46.5
Quebec,9/19/2000,50.1,75.9,73.2,48.5
Quebec,9/20/2000,50.5,78.5,72.9,49
Quebec,9/21/2000,46.4,64.2,67.1,46.9
Quebec,9/22/2000,43.8,58.7,58,45.6
Quebec,9/23/2000,46.5,51,55.7,43.3
Quebec,9/24/2000,39.6,57.3,54.5,40
Quebec,9/25/2000,33.7,55.3,57.1,34.3
Quebec,9/26/2000,29.5,58.8,57.6,34
Quebec,9/27/2000,38.8,58.6,54.5,32.1
Quebec,9/28/2000,28,46,52.5,31.3
Quebec,9/29/2000,27,52.9,55.2,31.5
Quebec,9/30/2000,39.4,66.7,61.7,37.2
Quebec,10/1/2000,45.3,65.5,68.2,42.7
Quebec,10/2/2000,43.4,72.4,68.9,45.9
Quebec,10/3/2000,49.1,68.9,65.7,46.1
Quebec,10/4/2000,45.8,55.9,58.9,43.8
Quebec,10/5/2000,36.4,51.9,51.1,40.6
Quebec,10/6/2000,39.5,45.4,48.1,38
Quebec,10/7/2000,38.1,46.9,45.4,37.7
Quebec,10/8/2000,35.5,44,44.9,35.7
Quebec,10/9/2000,33.6,43.8,42.3,33.9
Quebec,10/10/2000,32.8,39.1,47,34.4
Quebec,10/11/2000,36.8,58.2,53.8,35
Quebec,10/12/2000,35.2,64.2,62.2,39
Quebec,10/13/2000,45,64.1,63.7,43.8
Quebec,10/14/2000,51.3,62.6,61.3,42.1
Quebec,10/15/2000,30,57.3,55.4,36.5
Quebec,10/16/2000,28.3,46.3,50.8,31.6
Quebec,10/17/2000,36.6,48.8,48.5,35
Quebec,10/18/2000,40.2,50.4,51.5,37.6
Quebec,10/19/2000,36,55.4,56.5,36.4
Quebec,10/20/2000,32.9,63.6,60.5,34.6
Quebec,10/21/2000,35,62.4,58.2,32
Quebec,10/22/2000,28.2,48.5,54.3,29.6
Quebec,10/23/2000,25.5,52,52.8,31.2
Quebec,10/24/2000,39.9,58,55.9,33.3
Quebec,10/25/2000,34.5,57.6,59.3,39.9
Quebec,10/26/2000,45.2,62.1,62.1,39.6
Quebec,10/27/2000,39,66.6,56.4,38.7
Quebec,10/28/2000,32,40.5,48.1,32.5
Quebec,10/29/2000,26.5,37.2,40.9,29.6
Quebec,10/30/2000,30.3,45.1,43.5,28.2
Quebec,10/31/2000,27.7,48.1,47.4,27.7
Quebec,11/1/2000,25.2,49.1,51,26.1
Quebec,11/2/2000,25.2,55.7,52.8,26.3
Quebec,11/3/2000,28.4,53.6,52.6,28
Quebec,11/4/2000,30.3,48.5,49.3,31.5
Quebec,11/5/2000,35.9,45.7,47.1,33.2
Quebec,11/6/2000,33.4,47.2,48.2,34.5
Quebec,11/7/2000,34.1,51.6,48.2,34.3
Quebec,11/8/2000,35.5,45.7,48.2,37.2
Quebec,11/9/2000,42,47.4,47,40
Quebec,11/10/2000,42.4,47.8,47.4,39.4
Quebec,11/11/2000,33.7,46.9,46.8,35.4
Quebec,11/12/2000,30.2,45.7,45,31.8
Quebec,11/13/2000,31.6,42.3,44.5,32.8
Quebec,11/14/2000,36.6,45.6,42.5,33.4
Quebec,11/15/2000,32.1,39.5,42.2,33.2
Quebec,11/16/2000,30.8,41.4,41.1,30.4
Quebec,11/17/2000,28.3,42.4,39.5,27.9
Quebec,11/18/2000,24.6,34.8,37.8,26.9
Quebec,11/19/2000,27.7,36.3,36.7,26.9
Quebec,11/20/2000,28.4,38.9,36.3,27.4
Quebec,11/21/2000,26.2,33.8,33.8,24.4
Quebec,11/22/2000,18.4,28.6,28.6,17.4
Quebec,11/23/2000,7.7,23.4,24.3,9.8
Quebec,11/24/2000,3.2,20.9,26.6,8.7
Quebec,11/25/2000,15.3,35.4,30.1,11.8
Quebec,11/26/2000,16.9,34,34.6,21.6
Quebec,11/27/2000,32.5,34.5,35.5,27.3
Quebec,11/28/2000,32.4,37.9,37.2,32.6
Quebec,11/29/2000,32.9,39.2,37.4,31.7
Quebec,11/30/2000,29.9,34.9,34.9,27.4
Quebec,12/1/2000,19.3,30.4,30.6,20.8
Quebec,12/2/2000,13.2,26.3,28.9,15.1
Quebec,12/3/2000,12.7,29.9,30.7,16.7
Quebec,12/4/2000,24.2,35.9,32.9,17.3
Quebec,12/5/2000,14.9,32.9,29.4,14.7
Quebec,12/6/2000,5,19.4,22.6,3.6
Quebec,12/7/2000,-9.2,15.4,13.3,-5.8
Quebec,12/8/2000,-13.1,5.2,9.8,-12.1
Quebec,12/9/2000,-13.9,8.7,10.8,-11.4
Quebec,12/10/2000,-7.1,18.5,18.6,-1.9
Quebec,12/11/2000,15.3,28.6,23.4,1.2
Quebec,12/12/2000,-4.7,23,19.6,-2.1
Quebec,12/13/2000,-16.9,7.3,15.9,-5.9
Quebec,12/14/2000,4.1,17.5,14.6,-6.1
Quebec,12/15/2000,-5.4,19,23.1,0.3
Quebec,12/16/2000,2.1,32.9,31.5,9.4
Quebec,12/17/2000,31.3,42.7,37.5,13.7
Quebec,12/18/2000,7.7,36.8,31.1,14.9
Quebec,12/19/2000,5.7,13.9,23.6,6.3
Quebec,12/20/2000,5.6,20,16.2,4.8
Quebec,12/21/2000,3.2,14.5,17.8,4.8
Quebec,12/22/2000,5.6,18.7,16,1.1
Quebec,12/23/2000,-5.4,14.7,13.1,-3.4
Quebec,12/24/2000,-10.3,5.8,8.5,-7.6
Quebec,12/25/2000,-7.2,4.9,8.9,-8.2
Quebec,12/26/2000,-7.2,15.8,11.3,-3.5
Quebec,12/27/2000,3.7,13.3,15.5,0.9
Quebec,12/28/2000,6.2,17.6,18.8,7.1
Quebec,12/29/2000,11.4,25.5,22.6,10.7
Quebec,12/30/2000,14.5,24.7,26.3,15.2
Quebec,12/31/2000,19.6,28.7,25.3,15.5
Quebec,1/1/2001,12.4,22.6,22.2,12.2
Quebec,1/2/2001,4.5,15.3,20.6,7.3
Quebec,1/3/2001,5,23.9,21.1,1.4
Quebec,1/4/2001,-5.4,24.2,21.8,-4
Quebec,1/5/2001,-11.8,17.3,21.9,-0.4
Quebec,1/6/2001,16,24.1,21.9,3.8
Quebec,1/7/2001,7.2,24.2,22.7,12.7
Quebec,1/8/2001,14.8,19.9,20.6,6.2
Quebec,1/9/2001,-3.5,17.7,15.9,0.8
Quebec,1/10/2001,-8.9,10.2,17.8,-1.9
Quebec,1/11/2001,6.8,25.4,17.6,-3.4
Quebec,1/12/2001,-7.9,17.3,22.5,-3.6
Quebec,1/13/2001,-9.8,24.7,24.7,-4.3
Quebec,1/14/2001,4.9,32,24.8,0.4
Quebec,1/15/2001,6,17.6,25.1,8.8
Quebec,1/16/2001,15.3,25.7,20.4,3.9
Quebec,1/17/2001,-9.5,17.8,19.1,-2.7
Quebec,1/18/2001,-13.9,13.8,20.1,-9.5
Quebec,1/19/2001,-5.1,28.9,17.7,-12
Quebec,1/20/2001,-16.9,10.4,17.3,-13.2
Quebec,1/21/2001,-17.7,12.7,12,-16.3
Quebec,1/22/2001,-14.3,12.9,18.2,-11.5
Quebec,1/23/2001,-2.5,29,25.7,1.3
Quebec,1/24/2001,20.7,35.2,29.7,6.8
Quebec,1/25/2001,2.3,25,28.7,8
Quebec,1/26/2001,1.1,26,25.9,5.2
Quebec,1/27/2001,12.1,26.7,24.3,1.7
Quebec,1/28/2001,-8.2,20.2,24.3,-2.7
Quebec,1/29/2001,-11.9,26,24.3,-3.8
Quebec,1/30/2001,8.8,26.7,25.4,2.9
Quebec,1/31/2001,11.9,23.5,23.7,8.5
Quebec,2/1/2001,4.7,20.8,23.2,6.8
Quebec,2/2/2001,3.9,25.2,22.3,0.6
Quebec,2/3/2001,-6.6,20.9,19.3,-5.3
Quebec,2/4/2001,-13,11.9,18.8,-3.9
Quebec,2/5/2001,8,23.5,22.1,5.8
Quebec,2/6/2001,22.5,31,28.1,13.1
Quebec,2/7/2001,8.7,29.7,27.8,10.1
Quebec,2/8/2001,-0.8,22.8,28.9,3.8
Quebec,2/9/2001,3.5,34.1,33.7,1.3
Quebec,2/10/2001,1.1,44.3,29.7,-0.4
Quebec,2/11/2001,-5.9,10.7,22.2,-6.7
Quebec,2/12/2001,-15.4,11.4,15.8,-5.5
Quebec,2/13/2001,4.8,25.3,19.6,-0.5
Quebec,2/14/2001,9.1,22.2,25.9,4
Quebec,2/15/2001,-2,30.3,23.8,1.1
Quebec,2/16/2001,-3.8,19,23.7,-3.4
Quebec,2/17/2001,-4.4,21.8,20,-5.8
Quebec,2/18/2001,-9,19.1,23.9,-0.9
Quebec,2/19/2001,10.9,30.9,28.4,9.7
Quebec,2/20/2001,27.2,35.2,32.4,9.7
Quebec,2/21/2001,-9,30.9,23.3,-0.3
Quebec,2/22/2001,-19.1,3.6,18.9,-9.9
Quebec,2/23/2001,-1.7,22.1,12.8,-8.9
Quebec,2/24/2001,-5.9,12.7,24.2,-1.8
Quebec,2/25/2001,2.2,37.7,29.7,2.1
Quebec,2/26/2001,10.2,38.7,34.9,4.5
Quebec,2/27/2001,1.3,28.4,27.9,1.3
Quebec,2/28/2001,-7.6,16.7,19.1,-6.1
Quebec,3/1/2001,-11.9,12.3,13.9,-9.5
Quebec,3/2/2001,-9,12.6,13.7,-11.3
Quebec,3/3/2001,-13.1,16.2,17.6,-10.2
Quebec,3/4/2001,-8.5,23.9,23.8,-4.1
Quebec,3/5/2001,9.3,31.2,30.5,7.2
Quebec,3/6/2001,20.9,36.5,34.1,14.2
Quebec,3/7/2001,12.4,34.6,35.7,13.2
Quebec,3/8/2001,6.4,35.9,35.2,14.5
Quebec,3/9/2001,24.7,35.1,37.4,17.5
Quebec,3/10/2001,21.3,41.2,37,18.9
Quebec,3/11/2001,10.6,34.8,32.6,10.8
Quebec,3/12/2001,0.3,21.8,28.7,9.2
Quebec,3/13/2001,16.7,29.5,28.7,13.8
Quebec,3/14/2001,24.4,34.8,34.1,20.5
Quebec,3/15/2001,20.3,37.9,34.8,18.6
Quebec,3/16/2001,10.9,31.9,34.7,13.1
Quebec,3/17/2001,7.9,34.4,35.2,13.6
Quebec,3/18/2001,21.8,39.3,38.3,17
Quebec,3/19/2001,21.2,41.3,41.7,21
Quebec,3/20/2001,20,44.7,43.9,21.2
Quebec,3/21/2001,22.4,45.6,42.8,24.8
Quebec,3/22/2001,32,38.1,39.6,28.3
Quebec,3/23/2001,30.6,34.9,35.5,28.4
Quebec,3/24/2001,22.6,33.3,32.1,21.8
Quebec,3/25/2001,12.4,28.1,30.5,14.1
Quebec,3/26/2001,7.4,30.2,30.6,11.8
Quebec,3/27/2001,15.7,33.5,34.2,14.7
Quebec,3/28/2001,21,38.8,36.7,16.6
Quebec,3/29/2001,13.2,37.7,38.3,20.5
Quebec,3/30/2001,27.2,38.5,37.7,22.7
Quebec,3/31/2001,27.6,36.9,38,27.6
Quebec,4/1/2001,27.9,38.5,38.4,26.5
Quebec,4/2/2001,23.9,39.7,39.9,25.2
Quebec,4/3/2001,23.9,41.5,43,24.3
Quebec,4/4/2001,25.1,47.9,45.8,23.8
Quebec,4/5/2001,22.5,47.9,44.9,24.1
Quebec,4/6/2001,24.8,39,43.4,24
Quebec,4/7/2001,24.9,43.2,41.1,27.9
Quebec,4/8/2001,34,41.1,44.6,31
Quebec,4/9/2001,34.1,49.4,46.4,32.3
Quebec,4/10/2001,28.8,48.6,50.4,30.1
Quebec,4/11/2001,27.3,53.1,48.5,30.2
Quebec,4/12/2001,34.4,43.8,48.2,31.9
Quebec,4/13/2001,33.9,47.7,46.5,32.6
Quebec,4/14/2001,29.5,48,48.8,30.1
Quebec,4/15/2001,27,50.7,50.1,28.2
Quebec,4/16/2001,28.2,51.7,49.3,28.4
Quebec,4/17/2001,30.2,45.4,47.1,28.6
Quebec,4/18/2001,27.4,44.2,46.1,28.5
Quebec,4/19/2001,28,48.6,50.7,28.6
Quebec,4/20/2001,30.2,59.5,59,30
Quebec,4/21/2001,31.6,68.9,64.2,33.4
Quebec,4/22/2001,38.5,64.3,63.2,35.5
Quebec,4/23/2001,36.5,56.3,63,36.8
Quebec,4/24/2001,35.3,68.5,59.8,34.3
Quebec,4/25/2001,31.1,54.5,62.2,33
Quebec,4/26/2001,32.7,63.5,60.1,31.4
Quebec,4/27/2001,30.3,62.2,58.8,30.4
Quebec,4/28/2001,28.2,50.7,58.2,28.3
Quebec,4/29/2001,26.4,61.7,60.3,31.8
Quebec,4/30/2001,40.7,68.4,71.4,38.2
Quebec,5/1/2001,47.6,84.2,79.5,47.3
Quebec,5/2/2001,53.5,85.9,84.8,52.8
Quebec,5/3/2001,57.4,84.3,79.3,52.6
Quebec,5/4/2001,47,67.7,69.7,47.5
Quebec,5/5/2001,38,57,63.1,39.1
Quebec,5/6/2001,32.2,64.6,64.4,34.7
Quebec,5/7/2001,33.8,71.5,71.6,36.1
Quebec,5/8/2001,42.3,78.7,75.2,42.7
Quebec,5/9/2001,51.9,75.5,77.9,47.7
Quebec,5/10/2001,49,79.5,79.1,50.5
Quebec,5/11/2001,50.5,82.3,74.3,46.7
Quebec,5/12/2001,40.6,61.2,68.3,42.5
Quebec,5/13/2001,36.3,61.5,62.4,38.3
Quebec,5/14/2001,37.9,64.6,61.7,38.4
Quebec,5/15/2001,40.8,59.2,61.7,41.7
Quebec,5/16/2001,46.5,61.3,62.3,43
Quebec,5/17/2001,41.8,66.4,63.9,45.9
Quebec,5/18/2001,49.3,63.9,65.6,46.1
Quebec,5/19/2001,47.1,66.6,68.4,46.9
Quebec,5/20/2001,44.3,74.6,72.8,47.3
Quebec,5/21/2001,50.4,77.3,75.3,48.7
Quebec,5/22/2001,51.4,74.1,73.6,51.6
Quebec,5/23/2001,52.9,69.6,72.4,52.3
Quebec,5/24/2001,52.6,73.6,74.1,51.4
Quebec,5/25/2001,48.7,79.3,76,52.6
Quebec,5/26/2001,56.6,75.1,73,53.6
Quebec,5/27/2001,55.6,64.7,69,55.3
Quebec,5/28/2001,53.6,67.1,64.4,51
Quebec,5/29/2001,43.7,61.3,58.7,45.8
Quebec,5/30/2001,40.2,47.7,57.3,42.1
Quebec,5/31/2001,42.3,62.8,59.8,40.2
Quebec,6/1/2001,38,68.8,63.4,44
Quebec,6/2/2001,51.5,58.6,62.3,47.5
Quebec,6/3/2001,53.1,59.5,61.3,51.9
Quebec,6/4/2001,51.1,65.8,64,52.9
Quebec,6/5/2001,54.6,66.7,67.4,52.2
Quebec,6/6/2001,51.1,69.9,71,50.8
Quebec,6/7/2001,46.8,76.5,74.4,49.2
Quebec,6/8/2001,49.9,76.7,77,48.5
Quebec,6/9/2001,49,77.7,77.7,51.1
Quebec,6/10/2001,54.4,78.6,76.7,53.1
Quebec,6/11/2001,55.8,73.9,76.3,54.8
Quebec,6/12/2001,54.3,76.3,77.5,56
Quebec,6/13/2001,58,82.3,81.7,56.5
Quebec,6/14/2001,57.1,86.5,87.2,59.2
Quebec,6/15/2001,62.4,92.7,89.3,62.2
Quebec,6/16/2001,67,88.7,87,62.1
Quebec,6/17/2001,56.9,79.6,82.1,58.9
Quebec,6/18/2001,52.9,77.9,82,56.6
Quebec,6/19/2001,60.1,88.4,80.2,55.9
Quebec,6/20/2001,54.7,74.1,79.9,55
Quebec,6/21/2001,50.2,77.2,74.4,53.8
Quebec,6/22/2001,56.4,72,72.8,55.2
Quebec,6/23/2001,58.9,69.2,72.9,58
Quebec,6/24/2001,58.9,77.6,77.3,59
Quebec,6/25/2001,59.2,85.1,83.4,60.4
Quebec,6/26/2001,63,87.6,86.6,61.7
Quebec,6/27/2001,63,87.2,82.9,59.2
Quebec,6/28/2001,51.6,73.8,78,54.9
Quebec,6/29/2001,50.2,73,76.9,55.4
Quebec,6/30/2001,64.5,84.1,76.5,54.1
Quebec,7/1/2001,47.7,72.4,75,53.1
Quebec,7/2/2001,46.9,68.5,70.3,48.2
Quebec,7/3/2001,49.9,69.9,70.7,51.3
Quebec,7/4/2001,56.9,73.8,72.4,52.6
Quebec,7/5/2001,50.9,73.5,70.5,52
Quebec,7/6/2001,48.1,64.3,71.4,51.3
Quebec,7/7/2001,55,76.3,71.4,54.7
Quebec,7/8/2001,61,73.7,76.7,58.4
Quebec,7/9/2001,59.1,80.1,75.7,58.7
Quebec,7/10/2001,56,73.4,74,56.8
Quebec,7/11/2001,55.3,68.6,69.6,55.9
Quebec,7/12/2001,56.4,66.7,68.8,55.9
Quebec,7/13/2001,56,70.9,70,56.8
Quebec,7/14/2001,58.1,72.5,72.3,57.6
Quebec,7/15/2001,58.8,73.6,74.9,58.8
Quebec,7/16/2001,59.4,78.5,74.8,57.9
Quebec,7/17/2001,55.4,72.2,75.3,56.7
Quebec,7/18/2001,55.3,75.4,76.1,55.5
Quebec,7/19/2001,55.9,80.7,80.2,55.5
Quebec,7/20/2001,55.1,84.7,83.8,57.1
Quebec,7/21/2001,60.3,86.1,84.9,61
Quebec,7/22/2001,67.5,83.8,86.4,65
Quebec,7/23/2001,67.1,89.2,87.2,67.2
Quebec,7/24/2001,67,88.6,85,63.1
Quebec,7/25/2001,55.1,77.2,77.9,55.9
Quebec,7/26/2001,45.4,67.9,71.9,48.6
Quebec,7/27/2001,45.3,70.4,71.2,45.7
Quebec,7/28/2001,46.5,75.4,75.4,46.9
Quebec,7/29/2001,49,80.3,79.3,50.9
Quebec,7/30/2001,57.2,82.2,82.1,53.9
Quebec,7/31/2001,55.6,83.8,85,56.3
Quebec,8/1/2001,55.9,89,87,58.2
Quebec,8/2/2001,63.1,88.3,87.1,60.3
Quebec,8/3/2001,61.9,84.2,84.9,60.8
Quebec,8/4/2001,57.4,82.3,85.6,58
Quebec,8/5/2001,54.7,90.2,86.8,59.7
Quebec,8/6/2001,67.1,87.8,89.1,61.7
Quebec,8/7/2001,63.3,89.3,89.3,62.7
Quebec,8/8/2001,57.8,90.9,91,62.9
Quebec,8/9/2001,67.5,93,89.3,60.5
Quebec,8/10/2001,56.2,84,84.2,58.1
Quebec,8/11/2001,50.4,75.5,81.1,54.4
Quebec,8/12/2001,56.6,83.8,80.4,53.4
Quebec,8/13/2001,53.3,81.9,81,52.8
Quebec,8/14/2001,48.5,77.2,80.7,50.3
Quebec,8/15/2001,49.2,82.9,81.5,50.8
Quebec,8/16/2001,54.7,84.3,82.9,55.9
Quebec,8/17/2001,63.8,81.4,81.3,60.1
Quebec,8/18/2001,61.8,78.4,79.9,60.2
Quebec,8/19/2001,55.1,79.9,75.9,58.7
Quebec,8/20/2001,59.1,69.6,74.8,58.4
Quebec,8/21/2001,61.1,74.9,76.2,60.4
Quebec,8/22/2001,61.1,84,79.1,59.7
Quebec,8/23/2001,57.1,78.3,77.5,55.2
Quebec,8/24/2001,47.6,70.2,74.6,49.8
Quebec,8/25/2001,44.6,75.1,74.1,47.7
Quebec,8/26/2001,51,76.9,76.8,51.1
Quebec,8/27/2001,57.7,78.4,75.2,54.7
Quebec,8/28/2001,55.2,70.4,71.9,52.9
Quebec,8/29/2001,45.6,67,70.8,47.9
Quebec,8/30/2001,42.7,74.9,73.4,50
Quebec,8/31/2001,61.8,78.3,72.4,49.8
Quebec,9/1/2001,45,64.2,69,48.7
Quebec,9/2/2001,39.4,64.5,68.8,45.6
Quebec,9/3/2001,52.4,77.9,71.7,47.3
Quebec,9/4/2001,50,72.8,72.9,49.1
Quebec,9/5/2001,45,68.1,72.1,46
Quebec,9/6/2001,42.9,75.3,75.1,47.2
Quebec,9/7/2001,53.8,82,81.6,53.6
Quebec,9/8/2001,64.2,87.4,85.4,62.5
Quebec,9/9/2001,69.4,86.7,85,64.2
Quebec,9/10/2001,58.8,81,79.2,59.2
Quebec,9/11/2001,49.4,69.8,72.9,50.7
Quebec,9/12/2001,43.8,67.7,66.4,45.7
Quebec,9/13/2001,44,61.7,63.3,42.1
Quebec,9/14/2001,38.4,60.5,62.8,39.6
Quebec,9/15/2001,36.4,66.1,65.7,39.9
Quebec,9/16/2001,44.9,70.3,70.1,42.9
Quebec,9/17/2001,47.3,73.8,70,48
Quebec,9/18/2001,51.7,65.8,69.8,47.6
Quebec,9/19/2001,43.9,69.7,66.7,51.4
Quebec,9/20/2001,58.7,64.7,69.6,52.9
Quebec,9/21/2001,56,74.3,69.6,56
Quebec,9/22/2001,53.3,69.9,72,54
Quebec,9/23/2001,52.5,71.9,72.8,52.1
Quebec,9/24/2001,50.5,76.6,71.5,52.5
Quebec,9/25/2001,54.6,66,68.2,52.1
Quebec,9/26/2001,51.1,62.2,62.7,49.8
Quebec,9/27/2001,43.8,60,60.5,43.9
Quebec,9/28/2001,36.7,59.4,59.4,38.9
Quebec,9/29/2001,36.1,58.9,60.9,36.1
Quebec,9/30/2001,35.5,64.3,63.9,36.5
Quebec,10/1/2001,37.8,68.5,67.2,39.7
Quebec,10/2/2001,45.7,68.9,65.9,42.3
Quebec,10/3/2001,43.3,60.4,66.1,43.8
Quebec,10/4/2001,42.5,69.1,61.1,44.4
Quebec,10/5/2001,47.5,53.6,57.4,43.7
Quebec,10/6/2001,41.1,49.5,49.6,41.4
Quebec,10/7/2001,35.5,45.8,47.8,35.5
Quebec,10/8/2001,30,48.2,49.5,31.6
Quebec,10/9/2001,29.2,54.5,56.5,35
Quebec,10/10/2001,45.7,66.9,64.5,41.2
Quebec,10/11/2001,48.8,72.1,66.6,48.4
Quebec,10/12/2001,50.8,60.8,65.6,49.6
Quebec,10/13/2001,49.3,63.7,64.8,49.5
Quebec,10/14/2001,48.3,69.8,65.2,48.3
Quebec,10/15/2001,47.4,62.2,64.9,46.3
Quebec,10/16/2001,43.2,62.7,59.3,42.5
Quebec,10/17/2001,37,53,53.6,37.4
Quebec,10/18/2001,31.9,45,51,33.4
Quebec,10/19/2001,31.1,55,52.7,36.3
Quebec,10/20/2001,45.7,58,57.1,39.5
Quebec,10/21/2001,41.5,58.2,55.8,40.6
Quebec,10/22/2001,34.6,51.3,55,36.1
Quebec,10/23/2001,32.3,55.5,55.5,39.1
Quebec,10/24/2001,50.5,59.7,58.7,42.1
Quebec,10/25/2001,43.6,61,55.5,44.6
Quebec,10/26/2001,39.8,45.9,50.4,38
Quebec,10/27/2001,30.6,44.4,44.4,32.5
Quebec,10/28/2001,27.2,42.9,44.9,29.4
Quebec,10/29/2001,30.4,47.4,44.8,27.9
Quebec,10/30/2001,26,44.2,43.6,25.9
Quebec,10/31/2001,21.3,39.2,44.1,27
Quebec,11/1/2001,33.6,48.8,48.7,33.5
Quebec,11/2/2001,45.7,58,53.9,40.7
Quebec,11/3/2001,42.9,54.8,53.1,42
Quebec,11/4/2001,37.6,46.4,48.9,37.7
Quebec,11/5/2001,32.6,45.5,46.6,34.1
Quebec,11/6/2001,32,47.9,47.6,31.2
Quebec,11/7/2001,29,49.5,45.1,28.4
Quebec,11/8/2001,24.2,37.8,41.9,27
Quebec,11/9/2001,27.8,38.3,36.3,26.4
Quebec,11/10/2001,27.2,32.9,35.3,27.1
Quebec,11/11/2001,26.2,34.8,34.3,25.1
Quebec,11/12/2001,21.9,35.3,34.8,22.9
Quebec,11/13/2001,20.6,34.2,38,24.1
Quebec,11/14/2001,29.7,44.6,44.6,29.4
Quebec,11/15/2001,37.9,54.9,51.4,30.5
Quebec,11/16/2001,24,54.8,47.7,27.6
Quebec,11/17/2001,20.9,33.4,45.7,25.3
Quebec,11/18/2001,30.9,48.9,45.8,30.1
Quebec,11/19/2001,38.3,55.3,51.9,31.4
Quebec,11/20/2001,25,51.6,48,28.8
Quebec,11/21/2001,23.2,37,42.5,26.8
Quebec,11/22/2001,32.2,38.7,39.8,28.7
Quebec,11/23/2001,30.6,43.7,44.4,31
Quebec,11/24/2001,30.1,50.8,51.9,35.4
Quebec,11/25/2001,45.5,61.2,55.1,37.9
Quebec,11/26/2001,38.2,53.3,51.2,37.4
Quebec,11/27/2001,28.7,39.1,40.9,29.8
Quebec,11/28/2001,22.6,30.2,32.8,23.9
Quebec,11/29/2001,20.5,29.2,30.6,23.5
Quebec,11/30/2001,27.5,32.5,35.8,26.7
Quebec,12/1/2001,32,45.6,40.3,30.7
Quebec,12/2/2001,32.6,42.7,43.6,31.3
Quebec,12/3/2001,29.3,42.5,43.1,31.4
Quebec,12/4/2001,32.3,44.2,44.5,32.6
Quebec,12/5/2001,36,46.8,49.2,35.2
Quebec,12/6/2001,37.4,56.7,48,33.2
Quebec,12/7/2001,26.2,40.6,43.2,27.5
Quebec,12/8/2001,18.8,32.2,36,22.1
Quebec,12/9/2001,21.1,35.3,36.6,20.8
Quebec,12/10/2001,22.4,42.1,40.2,23.4
Quebec,12/11/2001,26.5,43.1,40.6,23.4
Quebec,12/12/2001,21.3,36.4,42.1,27.5
Quebec,12/13/2001,34.6,46.7,42,28.1
Quebec,12/14/2001,28.5,42.8,40.4,27.6
Quebec,12/15/2001,19.6,31.6,33.8,21.1
Quebec,12/16/2001,15.1,27,28.4,17.9
Quebec,12/17/2001,18.8,26.5,28.7,19.6
Quebec,12/18/2001,24.7,32.6,32.2,23.3
Quebec,12/19/2001,26.3,37.3,33.6,25.8
Quebec,12/20/2001,26.2,30.8,32.4,23.7
Quebec,12/21/2001,18.5,29,27.4,17.7
Quebec,12/22/2001,8.4,22.5,26,11.1
Quebec,12/23/2001,6.3,26.5,27.2,11.7
Quebec,12/24/2001,20.4,32.8,30.2,15.4
Quebec,12/25/2001,19.3,31.5,32,20.4
Quebec,12/26/2001,21.5,31.8,29.6,18
Quebec,12/27/2001,13.3,25.4,27.2,13.9
Quebec,12/28/2001,6.9,24.4,24.9,11.1
Quebec,12/29/2001,13.1,24.7,24.5,11.6
Quebec,12/30/2001,14.9,24.4,24,11
Quebec,12/31/2001,5,22.8,21.8,7.4
Quebec,1/1/2002,2.2,18,21.8,6.7
Quebec,1/2/2002,12.8,24.7,23.4,9
Quebec,1/3/2002,12,27.6,24.6,8
Quebec,1/4/2002,-0.8,21.4,26.3,7.1
Quebec,1/5/2002,10.2,30,28.3,12.6
Quebec,1/6/2002,28.3,33.5,31.2,13.5
Quebec,1/7/2002,2,30,31,11.4
Quebec,1/8/2002,3.9,29.6,30.6,11
Quebec,1/9/2002,27.2,32.2,32.9,20.7
Quebec,1/10/2002,31,37,34.3,27.7
Quebec,1/11/2002,24.8,33.8,32.3,23.9
Quebec,1/12/2002,16,26.2,31.5,19.2
Quebec,1/13/2002,16.7,34.5,27.3,13.3
Quebec,1/14/2002,7.2,21.2,25.6,12.3
Quebec,1/15/2002,12.9,21.1,21.9,9.5
Quebec,1/16/2002,8.4,23.5,22.1,8.8
Quebec,1/17/2002,5.1,21.7,22.8,4.2
Quebec,1/18/2002,-0.8,23.3,19.3,-2.1
Quebec,1/19/2002,-10.6,13,21.4,-0.9
Quebec,1/20/2002,8.6,28,23.8,5.1
Quebec,1/21/2002,17.2,30.5,30.5,13.7
Quebec,1/22/2002,15.3,33,33.3,14.3
Quebec,1/23/2002,10.3,36.4,34.7,13.1
Quebec,1/24/2002,13.6,34.6,32.3,10.1
Quebec,1/25/2002,6.4,26,31.6,11.6
Quebec,1/26/2002,14.7,34.2,27.7,11.5
Quebec,1/27/2002,13.4,22.9,29.9,13.2
Quebec,1/28/2002,11.6,32.7,27.7,11.7
Quebec,1/29/2002,9.9,27.5,24.9,8.4
Quebec,1/30/2002,3.5,14.4,16.6,5.1
Quebec,1/31/2002,2,7.9,17.7,4.2
Quebec,2/1/2002,7,30.9,17.9,1.7
Quebec,2/2/2002,-3.8,15,20.2,-2
Quebec,2/3/2002,-9.1,14.7,16.5,-2.9
Quebec,2/4/2002,4.2,19.9,14.4,-3.4
Quebec,2/5/2002,-5.2,8.6,13.8,-1.9
Quebec,2/6/2002,-4.7,12.9,14.5,-2.1
Quebec,2/7/2002,3.5,22.1,19.5,0.7
Quebec,2/8/2002,3.2,23.5,20.9,-0.9
Quebec,2/9/2002,-9.3,17.1,23.2,-0.6
Quebec,2/10/2002,4.3,29,22,-3.4
Quebec,2/11/2002,-5.3,19.7,27.1,-0.7
Quebec,2/12/2002,-1,32.5,24.1,-3.9
Quebec,2/13/2002,-5.5,20.1,29,-4.6
Quebec,2/14/2002,-7.2,34.3,31.9,5.3
Quebec,2/15/2002,28.6,41.3,38,15
Quebec,2/16/2002,23.7,38.3,36.4,21.6
Quebec,2/17/2002,12.5,29.5,30.9,12.2
Quebec,2/18/2002,0.4,24.8,28.9,6.3
Quebec,2/19/2002,5.9,32.3,30.6,10.8
Quebec,2/20/2002,25.9,34.6,34.8,21.5
Quebec,2/21/2002,32.8,37.6,35.6,26.3
Quebec,2/22/2002,20.1,34.7,32.7,20.8
Quebec,2/23/2002,9.7,25.9,29,12.6
Quebec,2/24/2002,8,26.5,29.9,13.6
Quebec,2/25/2002,23.1,37.4,34.9,20.6
Quebec,2/26/2002,30.6,40.7,38,24.8
Quebec,2/27/2002,20.6,35.8,34.9,21.8
Quebec,2/28/2002,14.1,28.2,32.6,16.7
Quebec,3/1/2002,15.3,33.8,32.7,12.5
Quebec,3/2/2002,7.9,36.2,39.3,15.6
Quebec,3/3/2002,23.5,47.8,36.2,12.2
Quebec,3/4/2002,5.1,24.5,32.2,11.9
Quebec,3/5/2002,7.2,24.1,26.4,8.5
Quebec,3/6/2002,13.2,30.6,28.6,12.8
Quebec,3/7/2002,18.1,31,29,15.9
Quebec,3/8/2002,16.2,25.5,36.4,19.7
Quebec,3/9/2002,24.7,52.9,40.9,18.6
Quebec,3/10/2002,14.8,44.3,41.4,17.9
Quebec,3/11/2002,14.2,27.1,36.1,16.9
Quebec,3/12/2002,21.5,36.9,36.2,20.3
Quebec,3/13/2002,25.2,44.5,40.6,23.2
Quebec,3/14/2002,22.9,40.5,36.5,20.6
Quebec,3/15/2002,13.7,24.4,32.1,17.6
Quebec,3/16/2002,16.4,31.4,29.7,14.9
Quebec,3/17/2002,14.7,33.4,32.6,17.2
Quebec,3/18/2002,20.6,32.9,33.1,19.3
Quebec,3/19/2002,22.5,32.8,34.3,21.7
Quebec,3/20/2002,22.1,37.3,34.2,18.2
Quebec,3/21/2002,9.9,32.5,28.8,10.9
Quebec,3/22/2002,0.7,16.6,26.1,5.1
Quebec,3/23/2002,4.6,29.2,22.8,2.1
Quebec,3/24/2002,0.9,22.6,25.2,3.3
Quebec,3/25/2002,4.5,23.8,26,2.3
Quebec,3/26/2002,1.5,31.7,30.4,11.4
Quebec,3/27/2002,28.3,35.6,36.1,18.3
Quebec,3/28/2002,25.1,40.9,40.1,25.3
Quebec,3/29/2002,22.7,43.7,43.6,27.5
Quebec,3/30/2002,34.8,46.1,46.5,29.9
Quebec,3/31/2002,32.3,49.5,44.6,33.1
Quebec,4/1/2002,32.1,38.2,43.9,32.2
Quebec,4/2/2002,32.1,44,40,31.3
Quebec,4/3/2002,29.8,37.9,40.1,29.6
Quebec,4/4/2002,27,38.3,37.3,26.6
Quebec,4/5/2002,23,35.7,35.7,22.3
Quebec,4/6/2002,17,33.1,35,19
Quebec,4/7/2002,17.2,36.3,37.9,21.5
Quebec,4/8/2002,30.4,44.4,45.8,29.2
Quebec,4/9/2002,40.1,56.5,49.8,33.2
Quebec,4/10/2002,29,48.4,52.8,32
Quebec,4/11/2002,26.8,53.4,56.6,31
Quebec,4/12/2002,37.4,67.9,58.8,36.3
Quebec,4/13/2002,44.8,55.2,60.6,41.9
Quebec,4/14/2002,43.3,58.8,57.1,43.9
Quebec,4/15/2002,43.6,57.2,64.6,44.5
Quebec,4/16/2002,46.7,77.7,66,44.1
Quebec,4/17/2002,42.2,63.1,68.8,43.3
Quebec,4/18/2002,40.9,65.5,68.5,40.4
Quebec,4/19/2002,38,76.7,63.7,36.4
Quebec,4/20/2002,30.2,48.8,55.5,31.7
Quebec,4/21/2002,26.8,40.8,42.9,27.2
Quebec,4/22/2002,24.6,39,43.3,26.1
Quebec,4/23/2002,27.1,50.1,48.3,26.7
Quebec,4/24/2002,28.6,55.8,54.4,29.6
Quebec,4/25/2002,33.3,57.3,53.1,30.8
Quebec,4/26/2002,30.5,46.3,50.6,29.9
Quebec,4/27/2002,26,48,45.1,29
Quebec,4/28/2002,30.5,41,44.7,29.3
Quebec,4/29/2002,31.4,44.9,46.6,30.8
Quebec,4/30/2002,30.5,53.9,51.5,32.5
Quebec,5/1/2002,35.5,55.7,51.4,33.4
Quebec,5/2/2002,34.1,44.4,51.6,35.4
Quebec,5/3/2002,36.5,54.7,53.1,34.7
Quebec,5/4/2002,33.6,60.2,60.4,36.4
Quebec,5/5/2002,39.1,66.4,63.6,38.7
Quebec,5/6/2002,43.4,64.3,64.5,41.1
Quebec,5/7/2002,40.8,63,60.8,39.1
Quebec,5/8/2002,33.2,55.3,57.9,39
Quebec,5/9/2002,42.9,55.3,56.4,38
Quebec,5/10/2002,37.8,58.6,56.3,38
Quebec,5/11/2002,33.2,55.1,55.4,35.4
Quebec,5/12/2002,35.1,52.5,53.7,35.2
Quebec,5/13/2002,37.2,53.5,48.9,35.8
Quebec,5/14/2002,35.2,40.7,50.2,35.8
Quebec,5/15/2002,35.1,56.3,51.5,37.6
Quebec,5/16/2002,42.6,57.4,55.9,39.2
Quebec,5/17/2002,40,54,53.5,40.2
Quebec,5/18/2002,38.1,49.1,51.3,38.8
Quebec,5/19/2002,38.4,50.8,51.4,38
Quebec,5/20/2002,37.5,54.4,54.1,38.1
Quebec,5/21/2002,38.3,57.2,59.6,37.3
Quebec,5/22/2002,36.3,67.3,66.3,40.4
Quebec,5/23/2002,46.5,74.3,70.6,39.7
Quebec,5/24/2002,36.3,70.1,68,38.7
Quebec,5/25/2002,33.4,59.7,64.9,39.3
Quebec,5/26/2002,48.3,64.8,64.8,42.3
Quebec,5/27/2002,45.3,69.9,70.3,48.6
Quebec,5/28/2002,52.2,76.4,76.2,49.3
Quebec,5/29/2002,50.6,82.5,78.4,55
Quebec,5/30/2002,62.3,76.4,77.3,56
Quebec,5/31/2002,55.2,72.9,74.2,56.6
Quebec,6/1/2002,52.1,73.3,68,50.1
Quebec,6/2/2002,43,57.8,64,44.3
Quebec,6/3/2002,37.9,60.7,61.4,40.6
Quebec,6/4/2002,40.8,65.6,63,42.6
Quebec,6/5/2002,49.2,62.7,63.6,45.7
Quebec,6/6/2002,47.2,62.5,64.7,47
Quebec,6/7/2002,44.4,69,64.9,45.8
Quebec,6/8/2002,45.7,63.1,68,46.7
Quebec,6/9/2002,50,72.1,68.9,47.5
Quebec,6/10/2002,46.7,71.4,68,49.9
Quebec,6/11/2002,53,60.4,66.2,49.9
Quebec,6/12/2002,50.1,66.7,67,50.9
Quebec,6/13/2002,49.5,74,70.9,48.6
Quebec,6/14/2002,46.1,71.8,68.8,48.2
Quebec,6/15/2002,48.9,60.5,62.2,48
Quebec,6/16/2002,49,54.3,58.4,49.3
Quebec,6/17/2002,50.1,60.4,60.2,49.9
Quebec,6/18/2002,50.7,66,67.3,50.2
Quebec,6/19/2002,49.7,75.5,74.5,50.5
Quebec,6/20/2002,51.2,81.9,80.6,53.4
Quebec,6/21/2002,59.3,84.4,81.6,56.5
Quebec,6/22/2002,58.9,78.6,80.6,58.8
Quebec,6/23/2002,58.2,78.7,79.1,56.8
Quebec,6/24/2002,53.2,79.9,76.5,54.2
Quebec,6/25/2002,51.2,70.9,76.5,54
Quebec,6/26/2002,57.5,78.7,76.8,58.1
Quebec,6/27/2002,65.6,80.7,80.2,60.4
Quebec,6/28/2002,58.1,81.1,80.5,59.1
Quebec,6/29/2002,53.7,79.8,81.8,55.9
Quebec,6/30/2002,55.8,84.4,84.8,59.4
Quebec,7/1/2002,68.8,90.2,89.8,66.2
Quebec,7/2/2002,74.2,94.8,92.7,71.2
Quebec,7/3/2002,70.6,93.1,91.6,69
Quebec,7/4/2002,62.4,87,86,64.3
Quebec,7/5/2002,60,77.8,81.1,60.2
Quebec,7/6/2002,58.3,78.6,76.5,57.5
Quebec,7/7/2002,54.3,73,78.7,58.2
Quebec,7/8/2002,62,84.6,78.8,58.1
Quebec,7/9/2002,57.8,78.7,76.6,56.4
Quebec,7/10/2002,49.4,66.5,73,51.5
Quebec,7/11/2002,47.3,73.8,73.3,49.3
Quebec,7/12/2002,51.1,79.6,77.7,53.1
Quebec,7/13/2002,60.8,79.9,80,56.2
Quebec,7/14/2002,56.8,80.6,78.9,58.6
Quebec,7/15/2002,58.3,76.3,75.8,56.1
Quebec,7/16/2002,53.2,70.3,72.8,55.3
Quebec,7/17/2002,54.4,71.7,71.8,53.3
Quebec,7/18/2002,52.3,73.5,73.2,52.2
Quebec,7/19/2002,49.8,74.3,75.1,50.8
Quebec,7/20/2002,50.5,77.6,77.7,51.5
Quebec,7/21/2002,54.3,81.3,82.6,57.6
Quebec,7/22/2002,68.1,88.8,82.2,57.9
Quebec,7/23/2002,51.3,76.5,78.5,55.7
Quebec,7/24/2002,47.7,70.3,74,48.3
Quebec,7/25/2002,45.9,75.1,73.6,50.3
Quebec,7/26/2002,57.2,75.4,75.2,53.9
Quebec,7/27/2002,58.4,75,76.8,57.9
Quebec,7/28/2002,58.1,79.9,79.8,61.5
Quebec,7/29/2002,68,84.6,82.7,64.2
Quebec,7/30/2002,66.6,83.6,84.9,66
Quebec,7/31/2002,63.5,86.4,85.4,64.3
Quebec,8/1/2002,62.9,86.1,84.4,63.4
Quebec,8/2/2002,63.8,80.8,83.5,61.9
Quebec,8/3/2002,59.1,83.6,81.8,61.5
Quebec,8/4/2002,61.6,80.8,81.2,59.3
Quebec,8/5/2002,57.1,79.1,77.1,56.9
Quebec,8/6/2002,52,71.2,74.9,54.7
Quebec,8/7/2002,55.2,74.5,74,53.5
Quebec,8/8/2002,53.3,76.2,77.1,53
Quebec,8/9/2002,50.4,80.6,80.1,55.5
Quebec,8/10/2002,62.8,83.5,83.8,58.1
Quebec,8/11/2002,61,87.4,86.6,63
Quebec,8/12/2002,65.3,89.1,88.6,64.4
Quebec,8/13/2002,66.8,89.2,90.6,67
Quebec,8/14/2002,68.9,93.5,89,68
Quebec,8/15/2002,68.2,84.3,88.6,68.8
Quebec,8/16/2002,69.1,88,85.2,67.3
Quebec,8/17/2002,64.6,83.3,85.8,64.8
Quebec,8/18/2002,60.6,85.9,81.5,60.2
Quebec,8/19/2002,55.4,75.1,78.7,55.8
Quebec,8/20/2002,51.3,75.1,76.8,51.8
Quebec,8/21/2002,48.6,80.2,73.1,50.7
Quebec,8/22/2002,52.3,64,71,50.2
Quebec,8/23/2002,49.7,68.9,69.6,50.8
Quebec,8/24/2002,50.4,76,73.4,50.4
Quebec,8/25/2002,51.1,75.2,77.3,50.3
Quebec,8/26/2002,49.5,80.6,74.8,49.3
Quebec,8/27/2002,47.2,68.6,73.3,46.7
Quebec,8/28/2002,43.2,70.8,70.9,46.9
Quebec,8/29/2002,50.2,73.4,74.1,47.4
Quebec,8/30/2002,48.9,78.1,74.6,49.3
Quebec,8/31/2002,48.9,72.1,76.2,48.9
Quebec,9/1/2002,48.8,78.4,76.4,49.7
Quebec,9/2/2002,51.3,78.7,79.4,53
Quebec,9/3/2002,58.8,81.2,78.9,55.6
Quebec,9/4/2002,56.6,76.8,75.7,54.2
Quebec,9/5/2002,47,69.3,73.2,49.3
Quebec,9/6/2002,44.3,73.6,74.2,50
Quebec,9/7/2002,58.6,79.8,80.5,54.3
Quebec,9/8/2002,59.9,88.2,86,61.1
Quebec,9/9/2002,64.7,89.9,87.8,62.3
Quebec,9/10/2002,62.4,85.2,80,56.9
Quebec,9/11/2002,43.6,65,73,48.8
Quebec,9/12/2002,40.3,68.7,68.9,42.2
Quebec,9/13/2002,42.5,73,70.8,42
Quebec,9/14/2002,43.1,70.6,70.7,45
Quebec,9/15/2002,49.4,68.6,68.9,45.8
Quebec,9/16/2002,45,67.6,69.1,46.7
Quebec,9/17/2002,45.7,71.1,68.8,43.8
Quebec,9/18/2002,40.5,67.6,71.7,43.9
Quebec,9/19/2002,45.3,76.2,74.6,50
Quebec,9/20/2002,64.3,80,78.7,57.6
Quebec,9/21/2002,63.2,79.8,78.1,62.3
Quebec,9/22/2002,59.6,74.5,73.2,55.6
Quebec,9/23/2002,44.1,65.3,69.1,48.5
Quebec,9/24/2002,41.9,67.6,67,42.7
Quebec,9/25/2002,42.2,68.1,69.4,41.6
Quebec,9/26/2002,40.9,72.4,67,43.5
Quebec,9/27/2002,47.4,60.4,63.9,42.2
Quebec,9/28/2002,38.4,59.1,57.1,41
Quebec,9/29/2002,37.2,52,57.9,38.4
Quebec,9/30/2002,39.7,62.7,63.4,43.3
Quebec,10/1/2002,53,75.6,71.3,47.9
Quebec,10/2/2002,51,75.6,68.7,46.2
Quebec,10/3/2002,34.7,55,64.6,39.7
Quebec,10/4/2002,33.5,63,61.9,35.4
Quebec,10/5/2002,37.9,67.7,62,34.8
Quebec,10/6/2002,32.9,55.2,61.7,35.3
Quebec,10/7/2002,35.1,62.2,55.4,32.6
Quebec,10/8/2002,30,48.8,51.9,33.4
Quebec,10/9/2002,35,44.7,48.8,34.3
Quebec,10/10/2002,37.8,52.9,50.7,38.8
Quebec,10/11/2002,43.6,54.4,56.6,42.2
Quebec,10/12/2002,45.3,62.5,60.5,43.2
Quebec,10/13/2002,40.9,64.6,58.2,37.7
Quebec,10/14/2002,27.1,47.5,54.1,30.9
Quebec,10/15/2002,24.8,50.1,48.9,28.9
Quebec,10/16/2002,34.8,49,48.7,31
Quebec,10/17/2002,33.5,46.9,47.5,34.6
Quebec,10/18/2002,35.6,46.7,46.2,34.6
Quebec,10/19/2002,34.8,45.1,43.7,34.2
Quebec,10/20/2002,32,39.4,42.4,31.7
Quebec,10/21/2002,28.2,42.7,41.7,28.1
Quebec,10/22/2002,24,43.1,43,25
Quebec,10/23/2002,22.7,43.1,43.1,25.7
Quebec,10/24/2002,30.2,43.2,43.8,28.3
Quebec,10/25/2002,31.9,45,43,31.5
Quebec,10/26/2002,32.4,40.8,42.4,32.1
Quebec,10/27/2002,32.2,41.5,40.8,30.6
Quebec,10/28/2002,27.2,40,40.1,27.5
Quebec,10/29/2002,23.2,38.7,39,24
Quebec,10/30/2002,21.7,38.2,38.8,22.2
Quebec,10/31/2002,21.8,39.6,38.1,20.6
Quebec,11/1/2002,18.3,36.6,35.8,18.6
Quebec,11/2/2002,15.8,31.1,34,15.6
Quebec,11/3/2002,12.7,34.3,32.3,16.4
Quebec,11/4/2002,20.6,31.5,33.1,19
Quebec,11/5/2002,23.7,33.7,33.1,25.1
Quebec,11/6/2002,30.9,34.2,33.8,22.1
Quebec,11/7/2002,11.6,33.6,35.8,20.5
Quebec,11/8/2002,18.9,39.7,38.4,20.9
Quebec,11/9/2002,32.1,42,46.2,28.2
Quebec,11/10/2002,33.7,56.9,54,35.3
Quebec,11/11/2002,40.1,63.3,53.8,37
Quebec,11/12/2002,37.1,41.2,48.6,35.5
Quebec,11/13/2002,29.4,41.4,43.1,31.8
Quebec,11/14/2002,29,46.6,44.2,25.8
Quebec,11/15/2002,19.2,44.7,39.6,20.8
Quebec,11/16/2002,14.3,27.5,33.5,18.6
Quebec,11/17/2002,22.3,28.4,28.5,19
Quebec,11/18/2002,20.5,29.6,30.7,17.5
Quebec,11/19/2002,9.8,33.9,35.7,20.9
Quebec,11/20/2002,32.2,43.7,40.5,24.1
Quebec,11/21/2002,30.3,43.8,42.7,32.1
Quebec,11/22/2002,33.8,40.6,40.4,30.5
Quebec,11/23/2002,27.4,36.8,37.6,28.9
Quebec,11/24/2002,25.6,35.5,35.5,24.9
Quebec,11/25/2002,21.6,34.1,34,23.7
Quebec,11/26/2002,23.8,32.4,31.2,19.9
Quebec,11/27/2002,14.2,27.2,28.7,15.2
Quebec,11/28/2002,7.5,26.5,28.2,12.6
Quebec,11/29/2002,16.2,30.9,31.2,18.1
Quebec,11/30/2002,30.7,36.2,33,17.4
Quebec,12/1/2002,5.4,31.9,27.4,12.4
Quebec,12/2/2002,1.2,14,19.7,3.4
Quebec,12/3/2002,3.7,13.2,13.9,1.5
Quebec,12/4/2002,-0.5,14.4,16.8,1.9
Quebec,12/5/2002,2.5,22.9,21.8,5.3
Quebec,12/6/2002,13.9,28.2,28.2,12.9
Quebec,12/7/2002,22.3,33.5,31,10.2
Quebec,12/8/2002,-5.6,31.3,28.7,2.7
Quebec,12/9/2002,-8.6,21.1,27.8,2.2
Quebec,12/10/2002,20.7,30.9,29,11.4
Quebec,12/11/2002,22.1,34.9,33,21.5
Quebec,12/12/2002,21.7,33.2,34.5,23.6
Quebec,12/13/2002,27,35.5,35.3,26.2
Quebec,12/14/2002,29.9,37,36.5,27.4
Quebec,12/15/2002,25.2,37,33.3,22.7
Quebec,12/16/2002,13,25.8,29.2,14.5
Quebec,12/17/2002,5.2,24.8,24.9,6.7
Quebec,12/18/2002,1.8,24.3,25.5,4.6
Quebec,12/19/2002,6.7,27.6,29.7,11.8
Quebec,12/20/2002,27,37.3,33.5,21.8
Quebec,12/21/2002,31.7,35.6,36.3,30.1
Quebec,12/22/2002,31.5,35.9,35,29.7
Quebec,12/23/2002,25.9,33.5,31.9,23.8
Quebec,12/24/2002,13.8,26.4,28.1,17.8
Quebec,12/25/2002,13.6,24.4,26.3,13.3
Quebec,12/26/2002,12.6,28.1,25.3,10.7
Quebec,12/27/2002,5.9,23.3,27.4,13.5
Quebec,12/28/2002,21.9,30.7,27.8,13
Quebec,12/29/2002,11.3,29.4,25.5,12.9
Quebec,12/30/2002,5.5,16.3,25.7,10.3
Quebec,12/31/2002,14.2,31.5,26.7,10.6
Quebec,1/1/2003,12.1,32.2,27,10.8
Quebec,1/2/2003,6.1,17.2,23.5,9.8
Quebec,1/3/2003,11.1,21.2,20.3,11.3
Quebec,1/4/2003,16.8,22.6,22.8,13.6
Quebec,1/5/2003,12.9,24.7,25.2,13.8
Quebec,1/6/2003,11.7,28.2,24.4,10.9
Quebec,1/7/2003,8.1,20.2,25.9,8.5
Quebec,1/8/2003,5.6,29.3,19.5,4.4
Quebec,1/9/2003,-0.7,9.1,17,0
Quebec,1/10/2003,-5,12.7,10.3,-4.4
Quebec,1/11/2003,-7.7,9.1,13,-2
Quebec,1/12/2003,6.7,17.1,16.3,1.7
Quebec,1/13/2003,6.1,22.5,15.8,-0.2
Quebec,1/14/2003,-13.3,7.7,12,-7.7
Quebec,1/15/2003,-16,5.7,6.6,-12.5
Quebec,1/16/2003,-8.3,6.3,5.8,-14.5
Quebec,1/17/2003,-19.1,5.5,6.8,-14.8
Quebec,1/18/2003,-17,8.4,10.1,-15.2
Quebec,1/19/2003,-9.4,16.2,13.9,-10.1
Quebec,1/20/2003,-3.9,17,10.7,-8.6
Quebec,1/21/2003,-12.5,-1.3,3.7,-10.1
Quebec,1/22/2003,-14,-4.5,0.1,-11.3
Quebec,1/23/2003,-7.5,6.2,3.9,-10.3
Quebec,1/24/2003,-9.4,10.1,11.7,-8.7
Quebec,1/25/2003,-9,18.8,16.6,-6.8
Quebec,1/26/2003,-2,21,12.8,-9.4
Quebec,1/27/2003,-17.1,-1.3,8.2,-14.1
Quebec,1/28/2003,-23.3,4.8,7.9,-15.1
Quebec,1/29/2003,-4.9,20.1,13.8,-14.7
Quebec,1/30/2003,-16,16.6,20.1,-10.1
Quebec,1/31/2003,-9.4,23.7,24.7,-1.2
Quebec,2/1/2003,21.9,33.7,31.5,13.5
Quebec,2/2/2003,28.1,37,33.6,22.1
Quebec,2/3/2003,16.3,30.2,33.5,20.1
Quebec,2/4/2003,16,33.2,27.7,10.9
Quebec,2/5/2003,0.4,19.7,23.3,4
Quebec,2/6/2003,-4.5,16.9,16.5,-3.5
Quebec,2/7/2003,-6.5,12.7,17.9,-5.4
Quebec,2/8/2003,-5.3,24,20.1,-4.9
Quebec,2/9/2003,-3,23.5,24.2,-4.2
Quebec,2/10/2003,-4.4,25.1,17.3,-7.7
Quebec,2/11/2003,-15.7,3.3,13.3,-10.5
Quebec,2/12/2003,-11.5,11.5,3.6,-15.8
Quebec,2/13/2003,-20.1,-4.1,2.6,-17.6
Quebec,2/14/2003,-21.2,0.4,-1.4,-22.1
Quebec,2/15/2003,-25.2,-0.6,-1.1,-23.5
Quebec,2/16/2003,-24.1,-3,1.7,-22.6
Quebec,2/17/2003,-18.5,8.7,9.7,-12.8
Quebec,2/18/2003,4.1,23.4,22.1,1
Quebec,2/19/2003,17.3,34.1,30.6,13.7
Quebec,2/20/2003,19.7,34.3,34.4,18.3
Quebec,2/21/2003,18,34.9,30.7,17.5
Quebec,2/22/2003,14.7,22.8,26.8,13.7
Quebec,2/23/2003,8.6,22.6,18.7,7.3
Quebec,2/24/2003,-1.4,10.8,12.9,-3.4
Quebec,2/25/2003,-17.4,5.5,9.3,-13.8
Quebec,2/26/2003,-22.7,11.8,11.5,-17.9
Quebec,2/27/2003,-13.6,17.2,18,-15.4
Quebec,2/28/2003,-9.8,24.9,23.9,-9.7
Quebec,3/1/2003,-5.7,29.7,29.6,-2.5
Quebec,3/2/2003,7.8,34.3,20.2,-5.7
Quebec,3/3/2003,-19.1,-3.3,15.4,-9
Quebec,3/4/2003,-15.5,15.1,11,-8.4
Quebec,3/5/2003,9.4,21.2,17.5,-6.7
Quebec,3/6/2003,-14.1,16.3,19.7,-7.9
Quebec,3/7/2003,-18.9,21.5,23.1,-7.4
Quebec,3/8/2003,10.8,31.4,25.4,-5.4
Quebec,3/9/2003,-8,23.4,20.6,-2.3
Quebec,3/10/2003,-9.8,7,18.5,-4.5
Quebec,3/11/2003,4.1,25,21.8,0.7
Quebec,3/12/2003,7.7,33.3,23.9,1.4
Quebec,3/13/2003,-7.6,13.3,21.8,-4.6
Quebec,3/14/2003,-14,18.8,21,-5.1
Quebec,3/15/2003,6.1,30.9,29.2,-0.8
Quebec,3/16/2003,5.4,37.9,34.9,11.8
Quebec,3/17/2003,23.9,35.8,36.6,15.6
Quebec,3/18/2003,17.5,36.1,33.9,18
Quebec,3/19/2003,12.7,29.6,33.7,13.7
Quebec,3/20/2003,10.8,35.3,36,18.6
Quebec,3/21/2003,32.2,43,40.5,25.3
Quebec,3/22/2003,33.1,43.3,42.5,32.4
Quebec,3/23/2003,31.9,41.1,43.1,31.1
Quebec,3/24/2003,28.4,44.8,44.6,29.6
Quebec,3/25/2003,28.4,47.8,45.7,29.7
Quebec,3/26/2003,32.3,44.4,45.1,29.1
Quebec,3/27/2003,26.6,43.2,45.6,27.9
Quebec,3/28/2003,24.8,49.3,49.6,29
Quebec,3/29/2003,35.6,56.4,47.1,28.7
Quebec,3/30/2003,25.6,35.6,40.9,26.3
Quebec,3/31/2003,17.6,30.7,31.8,19.1
Quebec,4/1/2003,13.9,29.1,32.4,18.8
Quebec,4/2/2003,24.8,37.4,32.4,19.8
Quebec,4/3/2003,20.7,30.7,31.2,19.7
Quebec,4/4/2003,13.5,25.6,27.6,17.2
Quebec,4/5/2003,17.4,26.4,28.5,16
Quebec,4/6/2003,17.1,33.6,29.3,14.5
Quebec,4/7/2003,8.9,27.9,32.2,15.8
Quebec,4/8/2003,21.3,35,35.2,16.6
Quebec,4/9/2003,19.7,42.6,43.7,22.5
Quebec,4/10/2003,26.4,53.5,51.5,24.7
Quebec,4/11/2003,28.1,58.3,56.1,28
Quebec,4/12/2003,29.6,56.4,54,28.4
Quebec,4/13/2003,27.5,47.3,52.8,26.7
Quebec,4/14/2003,23.1,54.8,52.5,30.2
Quebec,4/15/2003,40,55.4,50.1,31
Quebec,4/16/2003,29.8,40.1,41.8,27.7
Quebec,4/17/2003,13.2,29.9,38.8,21.7
Quebec,4/18/2003,22.1,46.5,42.4,23.8
Quebec,4/19/2003,36.3,50.8,53.8,33
Quebec,4/20/2003,40.7,64.2,57.4,38.2
Quebec,4/21/2003,37.6,57.2,57.5,40.6
Quebec,4/22/2003,43.5,51.1,50.8,39.1
Quebec,4/23/2003,36.2,44.1,45.4,37.9
Quebec,4/24/2003,33.9,40.9,43.4,33.5
Quebec,4/25/2003,30.2,45.2,43.5,32.3
Quebec,4/26/2003,32.8,44.5,49.2,34.3
Quebec,4/27/2003,40,57.8,57.1,39.2
Quebec,4/28/2003,44.7,68.9,61.1,40.8
Quebec,4/29/2003,37.7,56.5,60,37.1
Quebec,4/30/2003,28.9,54.7,52.9,34
Quebec,5/1/2003,35.6,47.6,50.5,32.9
Quebec,5/2/2003,34.3,49.4,51.3,34.2
Quebec,5/3/2003,32.8,57,57.9,33.8
Quebec,5/4/2003,34.2,67.2,64.3,36.1
Quebec,5/5/2003,41.2,68.6,64.1,39.6
Quebec,5/6/2003,43.4,56.3,61.7,42
Quebec,5/7/2003,41.3,60,60.8,40.6
Quebec,5/8/2003,37.2,66,60.1,39.1
Quebec,5/9/2003,38.9,54.2,61.2,37.7
Quebec,5/10/2003,36.9,63.5,61.1,38.8
Quebec,5/11/2003,40.4,65.7,61.7,41.1
Quebec,5/12/2003,45.8,55.9,57,43.3
Quebec,5/13/2003,43.6,49.4,54.9,44.4
Quebec,5/14/2003,43.7,59.2,58,44.3
Quebec,5/15/2003,45.6,65.4,63.8,43.9
Quebec,5/16/2003,42.5,66.9,68,42.3
Quebec,5/17/2003,39,71.7,72.1,41.1
Quebec,5/18/2003,41.8,77.9,77.6,42.3
Quebec,5/19/2003,46,83.3,81.1,46.1
Quebec,5/20/2003,50.6,82.2,76.1,46.6
Quebec,5/21/2003,43.1,62.8,69.5,44
Quebec,5/22/2003,38.2,63.5,63.1,41.8
Quebec,5/23/2003,44.2,63,61.5,43.1
Quebec,5/24/2003,46.9,58.1,60.3,46.9
Quebec,5/25/2003,49.5,59.8,60.1,49
Quebec,5/26/2003,50.4,62.3,63.8,49.4
Quebec,5/27/2003,48.4,69.2,67.6,48.7
Quebec,5/28/2003,47.4,71.4,69.4,49.6
Quebec,5/29/2003,53.1,67.5,67.1,49.7
Quebec,5/30/2003,48.7,62.2,66.1,48.9
Quebec,5/31/2003,45,68.7,61.1,44.9
Quebec,6/1/2003,41,52.3,61.9,41.9
Quebec,6/2/2003,39.8,64.7,61.5,40.4
Quebec,6/3/2003,40.2,67.7,67.9,40.5
Quebec,6/4/2003,41.3,71.4,68,44
Quebec,6/5/2003,50.5,65,71,47.6
Quebec,6/6/2003,51,76.6,72.1,52
Quebec,6/7/2003,54.7,74.7,76.1,53.6
Quebec,6/8/2003,55.1,76.9,74,54.9
Quebec,6/9/2003,54.8,70.4,72.1,53.6
Quebec,6/10/2003,50.8,68.9,68.4,51.4
Quebec,6/11/2003,48.5,66,68.1,48.5
Quebec,6/12/2003,46,69.3,68.1,47.1
Quebec,6/13/2003,46.8,69,66.6,48.8
Quebec,6/14/2003,53.5,61.5,65.6,49.4
Quebec,6/15/2003,48,66.3,67,48.8
Quebec,6/16/2003,45.1,73.2,73.1,47
Quebec,6/17/2003,48,79.8,77.8,50.8
Quebec,6/18/2003,59.4,80.4,76.6,54.1
Quebec,6/19/2003,54.9,69.7,74.9,54.7
Quebec,6/20/2003,49.8,74.6,76.2,51.2
Quebec,6/21/2003,48.9,84.3,82.4,52.1
Quebec,6/22/2003,57.5,88.2,88.2,55.4
Quebec,6/23/2003,59.7,92,90.3,60.3
Quebec,6/24/2003,63.5,90.7,90.7,63.2
Quebec,6/25/2003,66.2,89.3,91.2,66.6
Quebec,6/26/2003,70.1,93.6,88.2,65.7
Quebec,6/27/2003,60.7,81.7,85.1,61.7
Quebec,6/28/2003,54.2,80,81.8,57.3
Quebec,6/29/2003,57,83.8,79.8,57
Quebec,6/30/2003,59.7,75.6,79.1,57.6
Quebec,7/1/2003,56.2,77.9,77.5,57.6
Quebec,7/2/2003,56.8,79.1,80,56.7
Quebec,7/3/2003,57.1,83.1,81,59.9
Quebec,7/4/2003,65.9,80.7,83.4,63
Quebec,7/5/2003,66,86.4,83.2,64.2
Quebec,7/6/2003,60.8,82.4,83.4,60.8
Quebec,7/7/2003,55.7,81.3,81.9,60
Quebec,7/8/2003,63.6,82.1,79.6,57.9
Quebec,7/9/2003,54.5,75.3,77,56.5
Quebec,7/10/2003,51.4,73.6,72.1,54
Quebec,7/11/2003,56.2,67.4,70.1,56.2
Quebec,7/12/2003,61.1,69.3,69.7,58.6
Quebec,7/13/2003,58.4,72.4,74.8,58
Quebec,7/14/2003,54.6,82.8,80.4,56
Quebec,7/15/2003,54.9,86,82.5,57.7
Quebec,7/16/2003,63.6,78.9,81.8,57.9
Quebec,7/17/2003,55.3,80.6,77.7,56.5
Quebec,7/18/2003,50.5,73.7,75.1,53.8
Quebec,7/19/2003,55.5,70.9,74,53.5
Quebec,7/20/2003,54.5,77.4,74.9,56.7
Quebec,7/21/2003,60,76.3,77,59.2
Quebec,7/22/2003,63.2,77.4,74.9,61.3
Quebec,7/23/2003,60.8,70.9,72.4,61.3
Quebec,7/24/2003,59.9,69,73.8,60.6
Quebec,7/25/2003,61.1,81.7,74.7,62
Quebec,7/26/2003,64.9,73.3,77.5,60.9
Quebec,7/27/2003,56.7,77.6,73.9,58.9
Quebec,7/28/2003,55.1,70.6,74.8,55.9
Quebec,7/29/2003,55.9,76.3,75.1,56.3
Quebec,7/30/2003,58,78.3,78.9,57.1
Quebec,7/31/2003,57.3,82,79,58.4
Quebec,8/1/2003,59.8,76.8,77.7,58.4
Quebec,8/2/2003,58,74.4,78,60.7
Quebec,8/3/2003,64.2,82.8,78.9,63.7
Quebec,8/4/2003,68.8,79.6,79.6,65.7
Quebec,8/5/2003,64.1,76.5,76.7,65.1
Quebec,8/6/2003,62.5,74.1,76.5,62.9
Quebec,8/7/2003,62.3,78.8,76.9,62.3
Quebec,8/8/2003,62.3,77.7,77.1,62.5
Quebec,8/9/2003,62.8,74.9,75.2,63.2
Quebec,8/10/2003,64.6,73,76.8,63.9
Quebec,8/11/2003,64.3,82.5,79,63.6
Quebec,8/12/2003,62,81.5,82.9,62.2
Quebec,8/13/2003,60.4,84.8,82.2,61.8
Quebec,8/14/2003,63.2,80.2,83.5,61.2
Quebec,8/15/2003,60.2,85.5,81.9,60.9
Quebec,8/16/2003,59.4,80.1,80.7,58.8
Quebec,8/17/2003,56.9,76.5,78.7,57.1
Quebec,8/18/2003,55.1,79.6,79.1,56.5
Quebec,8/19/2003,57.6,81.3,81.6,58.9
Quebec,8/20/2003,63.9,83.9,83,62.3
Quebec,8/21/2003,65.3,83.9,82.8,63.6
Quebec,8/22/2003,61.7,80.8,77.4,58.7
Quebec,8/23/2003,49.1,67.5,72.8,51.6
Quebec,8/24/2003,44,70.3,67.7,48.7
Quebec,8/25/2003,53.1,65.3,70.2,50.1
Quebec,8/26/2003,53.3,74.9,70.7,52.9
Quebec,8/27/2003,52.2,71.8,70.5,50.4
Quebec,8/28/2003,45.8,64.6,68,48.9
Quebec,8/29/2003,48.7,67.4,65.7,47
Quebec,8/30/2003,46.4,65,67.9,47.2
Quebec,8/31/2003,46.4,71.2,69.2,48.3
Quebec,9/1/2003,52.1,71.3,70.3,48.2
Quebec,9/2/2003,46.1,68.5,71.5,48.4
Quebec,9/3/2003,47.1,74.8,73.1,50.7
Quebec,9/4/2003,58.9,76,73.2,52.7
Quebec,9/5/2003,52.1,68.7,73,52.4
Quebec,9/6/2003,46.2,74.2,70.1,48.6
Quebec,9/7/2003,47.6,67.5,69.8,45.8
Quebec,9/8/2003,43.5,67.7,66.9,43.4
Quebec,9/9/2003,39.1,65.4,69.6,40.8
Quebec,9/10/2003,39.7,75.8,72.9,44
Quebec,9/11/2003,53.2,77.7,77.9,48.5
Quebec,9/12/2003,52.5,80.3,77.4,54.1
Quebec,9/13/2003,56.6,74.2,79.8,56.1
Quebec,9/14/2003,59.3,84.9,80.2,61.8
Quebec,9/15/2003,69.5,81.6,79.7,60.6
Quebec,9/16/2003,53.1,72.7,76.1,56.8
Quebec,9/17/2003,47.8,74.1,74.5,49.4
Quebec,9/18/2003,47.2,76.8,75.3,49.6
Quebec,9/19/2003,53.8,74.9,74.5,51.7
Quebec,9/20/2003,54.2,71.7,71.1,53
Quebec,9/21/2003,51,66.7,69.9,53.4
Quebec,9/22/2003,55.1,71.2,67.3,53
Quebec,9/23/2003,53,64,67.8,52.5
Quebec,9/24/2003,49.5,68.3,65.1,49
Quebec,9/25/2003,44.6,63.1,65.2,44.9
Quebec,9/26/2003,40.5,64.2,68.1,44.6
Quebec,9/27/2003,48.9,77,68.2,46.6
Quebec,9/28/2003,50.4,63.3,68.1,49.3
Quebec,9/29/2003,48.7,63.9,61.8,47.9
Quebec,9/30/2003,44.5,58.3,58.2,44.4
Quebec,10/1/2003,40,52.6,52.9,40.3
Quebec,10/2/2003,36.2,47.9,50.9,36.2
Quebec,10/3/2003,32.5,52.1,50.1,36.3
Quebec,10/4/2003,40.1,50.3,50.8,36.6
Quebec,10/5/2003,37.1,50,49.4,37.4
Quebec,10/6/2003,35,48,50.6,34.6
Quebec,10/7/2003,31.7,53.8,55.8,36.5
Quebec,10/8/2003,42.8,65.6,59.6,38.8
Quebec,10/9/2003,41.9,59.2,64.9,41.8
Quebec,10/10/2003,40.8,69.9,67.3,42.3
Quebec,10/11/2003,44.3,72.9,72,43.4
Quebec,10/12/2003,45,73.2,69.3,43.2
Quebec,10/13/2003,40.4,61.9,67.2,40.7
Quebec,10/14/2003,36.7,66.5,61.2,40.1
Quebec,10/15/2003,43.1,55.2,57.2,38.4
Quebec,10/16/2003,35.5,49.8,50.2,37.8
Quebec,10/17/2003,34.8,45.7,46.8,35.2
Quebec,10/18/2003,35.4,45,45,32.4
Quebec,10/19/2003,26.9,44.5,44.2,29.5
Quebec,10/20/2003,26.1,43.2,42.2,28
Quebec,10/21/2003,30.9,39,41.1,28.8
Quebec,10/22/2003,29.6,41.1,40,31.5
Quebec,10/23/2003,34,39.7,42.1,31.6
Quebec,10/24/2003,31.1,45.4,43.3,32.9
Quebec,10/25/2003,33.7,44.8,44.4,34
Quebec,10/26/2003,37.1,42.9,43.4,36.5
Quebec,10/27/2003,38.8,42.5,44.3,37.9
Quebec,10/28/2003,37.8,47.5,45,38.4
Quebec,10/29/2003,38.5,45,47.8,37.3
Quebec,10/30/2003,35.6,50.8,51,37.2
Quebec,10/31/2003,37.4,57.3,56.7,35.8
Quebec,11/1/2003,34.4,61.9,52.8,34.4
Quebec,11/2/2003,31.5,39.3,48.6,33.3
Quebec,11/3/2003,34,44.5,39.9,30.7
Quebec,11/4/2003,26.6,35.8,41.3,31
Quebec,11/5/2003,32.3,43.6,40.2,29.2
Quebec,11/6/2003,28.6,41.2,43.7,29
Quebec,11/7/2003,26.1,46.4,38.1,23.9
Quebec,11/8/2003,16.9,26.6,35.6,19.5
Quebec,11/9/2003,15.3,33.8,34.3,19.6
Quebec,11/10/2003,26.5,42.5,39,25.5
Quebec,11/11/2003,34.7,40.6,44.2,33.4
Quebec,11/12/2003,39.1,49.6,46,35
Quebec,11/13/2003,31.2,47.8,41.9,31
Quebec,11/14/2003,22.6,28.4,36.5,25.5
Quebec,11/15/2003,22.8,33.3,32.8,21.1
Quebec,11/16/2003,18,36.8,35.9,20.1
Quebec,11/17/2003,19.6,37.6,40.3,20
Quebec,11/18/2003,22.5,46.5,47,28.3
Quebec,11/19/2003,42.7,56.9,50.4,32.2
Quebec,11/20/2003,31.4,47.8,50.9,34.1
Quebec,11/21/2003,28.1,47.8,46.1,28.9
Quebec,11/22/2003,27.2,42.5,43.9,28.3
Quebec,11/23/2003,29.8,41.3,46.3,29.4
Quebec,11/24/2003,31.3,54.9,44.5,29.8
Quebec,11/25/2003,28.4,37.3,44.8,29.2
Quebec,11/26/2003,27.9,42.1,40.4,26.9
Quebec,11/27/2003,24.5,41.7,40.7,28.7
Quebec,11/28/2003,33.7,38.2,39.7,27.8
Quebec,11/29/2003,25.3,39.2,37.8,28.3
Quebec,11/30/2003,25.9,36,35.1,26.8
Quebec,12/1/2003,29.1,30.2,26.3,21.4
Quebec,12/2/2003,9.3,12.6,20.6,15.6
Quebec,12/3/2003,8.4,19,18.4,8.3
Quebec,12/4/2003,7.2,23.5,19.6,6.3
Quebec,12/5/2003,3.3,16.2,19.4,5
Quebec,12/6/2003,4.5,18.6,19.4,7
Quebec,12/7/2003,13.3,23.3,24.2,8.8
Quebec,12/8/2003,8.6,30.8,25,9.5
Quebec,12/9/2003,6.7,21,28.7,8.4
Quebec,12/10/2003,10,34.3,31.1,16
Quebec,12/11/2003,31.3,37.9,35,17
Quebec,12/12/2003,9.7,32.8,27.6,14.8
Quebec,12/13/2003,3.3,12,21.1,4.8
Quebec,12/14/2003,1.4,18.4,18.4,5.8
Quebec,12/15/2003,12.6,24.9,22.2,6.2
Quebec,12/16/2003,4.5,23.4,27.1,13.4
Quebec,12/17/2003,23.3,32.9,30.1,14.7
Quebec,12/18/2003,16.2,34.1,29.9,16.5
Quebec,12/19/2003,9.9,22.7,24,8.4
Quebec,12/20/2003,-0.9,15.2,21.4,3.3
Quebec,12/21/2003,0.9,26.2,22.5,5.3
Quebec,12/22/2003,16,26.2,28.4,13.3
Quebec,12/23/2003,23.1,32.9,32.7,23.2
Quebec,12/24/2003,30.6,39,36.4,28.2
Quebec,12/25/2003,30.8,37.3,35.9,26.9
Quebec,12/26/2003,19.3,31.5,32,18.2
Quebec,12/27/2003,4.4,27.3,27.2,8.6
Quebec,12/28/2003,2.2,22.9,28.3,6.3
Quebec,12/29/2003,12.3,34.7,31.6,13.7
Quebec,12/30/2003,26.7,37.3,33.2,20.2
Quebec,12/31/2003,21.4,27.5,31.5,19.8
Quebec,1/1/2004,11.1,29.7,24.8,14.3
Quebec,1/2/2004,10.5,17.2,27.3,12.8
Quebec,1/3/2004,16.9,35,30.3,14.4
Quebec,1/4/2004,15.8,38.7,29.9,14.3
Quebec,1/5/2004,10.1,16,23.5,8.9
Quebec,1/6/2004,0.8,15.7,14,-0.4
Quebec,1/7/2004,-12,10.3,7,-10.2
Quebec,1/8/2004,-19.3,-5.1,-0.4,-17.3
Quebec,1/9/2004,-20.6,-6.4,-5.2,-20
Quebec,1/10/2004,-20,-4.1,-1.7,-18.6
Quebec,1/11/2004,-15.2,5.2,2.8,-16.4
Quebec,1/12/2004,-14,7.2,8.5,-16
Quebec,1/13/2004,-18.6,13,2.7,-19.2
Quebec,1/14/2004,-25.1,-12.2,-2.5,-24.5
Quebec,1/15/2004,-29.9,-8.2,-2.7,-22.1
Quebec,1/16/2004,-11.5,12.3,5.2,-14.4
Quebec,1/17/2004,-1.9,11.5,13.4,-2.7
Quebec,1/18/2004,5.4,16.5,16.1,3.4
Quebec,1/19/2004,6.7,20.3,18.9,6.4
Quebec,1/20/2004,7.1,19.9,17.3,3.8
Quebec,1/21/2004,-2.4,11.6,17,1.5
Quebec,1/22/2004,-0.1,19.5,11.2,-4.2
Quebec,1/23/2004,-10,2.5,6,-9.5
Quebec,1/24/2004,-18.3,-4.1,-2.1,-16.6
Quebec,1/25/2004,-21.5,-4.8,-5.1,-21.1
Quebec,1/26/2004,-23.3,-6.2,-2,-21.3
Quebec,1/27/2004,-18.9,5,4.4,-15.8
Quebec,1/28/2004,-5,14.3,11.7,-6.6
Quebec,1/29/2004,4.2,15.7,12.4,0.6
Quebec,1/30/2004,2.6,7.3,12,3.2
Quebec,1/31/2004,2.8,13.1,14.8,4.6
Quebec,2/1/2004,8.3,24,20.7,5.5
Quebec,2/2/2004,5.3,25,25.2,6.2
Quebec,2/3/2004,4.9,26.7,27.8,7.7
Quebec,2/4/2004,12.9,31.8,25.7,6.3
Quebec,2/5/2004,1.1,18.7,23.2,4.4
Quebec,2/6/2004,-0.8,19.1,20.3,1.2
Quebec,2/7/2004,3.4,23.2,20.3,-1
Quebec,2/8/2004,-5.4,18.7,25,3.4
Quebec,2/9/2004,12.3,33.1,28.8,9.9
Quebec,2/10/2004,22.8,34.6,31,12.2
Quebec,2/11/2004,1.6,25.4,25.9,7.1
Quebec,2/12/2004,-3.1,17.7,24.6,2.2
Quebec,2/13/2004,8.1,30.8,26,-1.6
Quebec,2/14/2004,-9.9,29.6,20.1,-7.6
Quebec,2/15/2004,-20.9,0,13.8,-14.4
Quebec,2/16/2004,-12.3,11.6,7.6,-16.6
Quebec,2/17/2004,-16.4,11.1,15.5,-11.5
Quebec,2/18/2004,-5.7,23.7,21.2,-5.4
Quebec,2/19/2004,5.8,28.7,26.6,3.2
Quebec,2/20/2004,9.4,27.5,29.6,13.4
Quebec,2/21/2004,24.9,32.7,30.2,18.2
Quebec,2/22/2004,20.2,30.6,30.2,16.6
Quebec,2/23/2004,4.8,27.4,27.1,7.4
Quebec,2/24/2004,-2.9,23.2,26.7,0.9
Quebec,2/25/2004,0.8,29.6,26,-0.7
Quebec,2/26/2004,0,25.3,28.6,-1.1
Quebec,2/27/2004,-4.1,31.1,30.9,1.8
Quebec,2/28/2004,9.4,36.4,35.2,6.3
Quebec,2/29/2004,13.5,38,38.8,12.9
Quebec,3/1/2004,15.8,42,41.2,20.6
Quebec,3/2/2004,32.6,43.7,41.7,27
Quebec,3/3/2004,32.6,39.4,40.1,30.4
Quebec,3/4/2004,25.8,37.2,38,27.8
Quebec,3/5/2004,25,37.5,38,26.8
Quebec,3/6/2004,29.8,39.2,36.4,25.2
Quebec,3/7/2004,21,32.6,34.2,23.5
Quebec,3/8/2004,19.8,30.8,31.4,18
Quebec,3/9/2004,13.2,30.9,33.4,14.5
Quebec,3/10/2004,10.3,38.6,36.9,12.9
Quebec,3/11/2004,15.3,41.1,39.9,16.2
Quebec,3/12/2004,22.9,39.9,36.2,17.1
Quebec,3/13/2004,13.2,27.7,32,14.8
Quebec,3/14/2004,8.2,28.5,31.6,13.5
Quebec,3/15/2004,19,38.6,28.8,12.2
Quebec,3/16/2004,9.3,19.2,27.2,13
Quebec,3/17/2004,10.7,23.8,23.3,10.3
Quebec,3/18/2004,11.1,26.9,28,11.7
Quebec,3/19/2004,13.5,33.4,31.1,15.8
Quebec,3/20/2004,22.8,33,34.1,15.4
Quebec,3/21/2004,10,36.1,28.5,11
Quebec,3/22/2004,0.4,16.5,27.8,4.6
Quebec,3/23/2004,3.6,30.8,26.3,0.9
Quebec,3/24/2004,-1.2,31.4,33.9,9.7
Quebec,3/25/2004,26.5,39.4,39.9,19.7
Quebec,3/26/2004,33.7,48.7,44.4,31.6
Quebec,3/27/2004,34.6,45.1,45.2,32.2
Quebec,3/28/2004,28.5,41.7,46.2,29.9
Quebec,3/29/2004,26.7,51.8,49.6,27.9
Quebec,3/30/2004,28.4,55.2,51.1,28.5
Quebec,3/31/2004,30.4,46.3,47.2,31.5
Quebec,4/1/2004,35.6,40.2,41.9,33.4
Quebec,4/2/2004,34.3,39.3,40.5,34.6
Quebec,4/3/2004,34,42.1,40.1,30.1
Quebec,4/4/2004,21.9,38.9,38.1,24.6
Quebec,4/5/2004,18,33.2,39,20.5
Quebec,4/6/2004,21.5,45,42.2,22.6
Quebec,4/7/2004,28.4,48.3,47,25.6
Quebec,4/8/2004,26.9,47.6,47.1,27.5
Quebec,4/9/2004,27.1,45.4,44.5,26.3
Quebec,4/10/2004,24.7,40.3,42.3,26.2
Quebec,4/11/2004,26.8,41.1,42.7,27.2
Quebec,4/12/2004,29.9,46.8,43.3,29.6
Quebec,4/13/2004,31.9,41.9,45.5,31.9
Quebec,4/14/2004,33.9,47.6,45.4,31.4
Quebec,4/15/2004,28.4,46.5,48.3,29.1
Quebec,4/16/2004,25,50.9,48.7,28.5
Quebec,4/17/2004,32.2,48.6,51,29.1
Quebec,4/18/2004,30,53.5,58.4,34.4
Quebec,4/19/2004,41.1,73.2,59.1,35
Quebec,4/20/2004,34,50.5,61.6,36.4
Quebec,4/21/2004,34.2,61.3,58.8,33.9
Quebec,4/22/2004,33.4,64.7,58.3,32
Quebec,4/23/2004,28.6,49,53.3,29.9
Quebec,4/24/2004,27.9,46.2,45.4,27.1
Quebec,4/25/2004,25,41.1,47.3,30.4
Quebec,4/26/2004,38.5,54.6,49.5,31.9
Quebec,4/27/2004,32.4,52.8,52.4,35.2
Quebec,4/28/2004,34.6,49.9,59.1,35.1
Quebec,4/29/2004,38.3,74.5,66.7,42
Quebec,4/30/2004,53.2,75.9,74.5,47.2
Quebec,5/1/2004,50,73,73.8,50.5
Quebec,5/2/2004,48.4,72.5,65.6,45.7
Quebec,5/3/2004,38.7,51.2,58.4,41
Quebec,5/4/2004,36,51.6,50.3,36.4
Quebec,5/5/2004,34.6,48.2,53.7,34.8
Quebec,5/6/2004,33.9,61.3,54,33
Quebec,5/7/2004,30.4,52.5,55.4,30.5
Quebec,5/8/2004,27.3,52.3,56.8,31
Quebec,5/9/2004,35.3,65.6,59.7,33.5
Quebec,5/10/2004,37.8,61.1,65.4,39.5
Quebec,5/11/2004,45.4,69.4,65.9,42
Quebec,5/12/2004,42.7,67.1,65.3,44.5
Quebec,5/13/2004,45.3,59.4,68.5,44.2
Quebec,5/14/2004,44.7,78.9,71.6,46.3
Quebec,5/15/2004,49,76.4,73,46.1
Quebec,5/16/2004,44.6,63.7,71,44.2
Quebec,5/17/2004,39,72.8,68.7,43.3
Quebec,5/18/2004,46.4,69.4,71.6,42.8
Quebec,5/19/2004,43,72.7,71.7,45.2
Quebec,5/20/2004,46.1,73.1,69.1,44.5
Quebec,5/21/2004,44.3,61.6,66.5,45
Quebec,5/22/2004,44.7,64.7,64.8,46.6
Quebec,5/23/2004,50.8,68,63.4,46.4
Quebec,5/24/2004,43.8,57.4,59.5,46.7
Quebec,5/25/2004,45.6,53.2,56.4,46.3
Quebec,5/26/2004,49.4,58.7,60.5,47.5
Quebec,5/27/2004,47.4,69.4,63.4,45.9
Quebec,5/28/2004,41.1,61.9,63.2,41.7
Quebec,5/29/2004,36.7,58.2,61.6,38.4
Quebec,5/30/2004,37.5,64.6,62.8,37.7
Quebec,5/31/2004,39.1,65.5,61.8,41.2
Quebec,6/1/2004,47.2,55.4,59.6,43.7
Quebec,6/2/2004,44.9,58,58.6,44.6
Quebec,6/3/2004,41.7,62.6,63.1,42.5
Quebec,6/4/2004,41.1,68.9,68.6,41.6
Quebec,6/5/2004,42,74.5,71.7,46.2
Quebec,6/6/2004,55.6,71.7,74.4,50.1
Quebec,6/7/2004,52.8,77.1,77.7,54.7
Quebec,6/8/2004,55.8,84.5,80.9,54.2
Quebec,6/9/2004,54,81.3,77.5,51.9
Quebec,6/10/2004,46,66.7,71.8,47.1
Quebec,6/11/2004,41.5,67.4,68.2,43.9
Quebec,6/12/2004,44.2,70.7,71.9,43.5
Quebec,6/13/2004,44.8,77.5,75.8,48.9
Quebec,6/14/2004,57.6,79.2,78.3,52.3
Quebec,6/15/2004,54.6,78.2,77.2,54.1
Quebec,6/16/2004,50.1,74.3,78,53.7
Quebec,6/17/2004,56.4,81.5,77.5,55.5
Quebec,6/18/2004,60.1,76.6,76.8,54.3
Quebec,6/19/2004,46.4,72.4,73.1,50.6
Quebec,6/20/2004,45.4,70.3,72.4,48.7
Quebec,6/21/2004,54.2,74.4,70,52.2
Quebec,6/22/2004,57,65.3,71.2,55.4
Quebec,6/23/2004,55,73.9,72.8,54.7
Quebec,6/24/2004,52,79,72.9,51.9
Quebec,6/25/2004,48.6,65.9,71.5,48.9
Quebec,6/26/2004,45.9,69.7,68.3,48.1
Quebec,6/27/2004,49.9,69.2,69.6,47.3
Quebec,6/28/2004,46.1,69.8,69.5,48.8
Quebec,6/29/2004,50.4,69.5,71.3,49.8
Quebec,6/30/2004,52.8,74.6,73.7,52
Quebec,7/1/2004,52.8,77.1,74.6,53.7
Quebec,7/2/2004,55.7,72.2,76.7,53.6
Quebec,7/3/2004,52.4,80.8,78.7,54.5
Quebec,7/4/2004,55.4,83.1,80.6,57.1
Quebec,7/5/2004,63.4,77.8,79.3,57.4
Quebec,7/6/2004,53.4,76.9,77.3,55.6
Quebec,7/7/2004,49.9,77.1,77.4,54.8
Quebec,7/8/2004,61.2,78.3,76.7,57.2
Quebec,7/9/2004,60.4,74.7,75.5,59.9
Quebec,7/10/2004,58.2,73.6,75.4,58
Quebec,7/11/2004,55.3,78,77.3,57.9
Quebec,7/12/2004,60.1,80.2,79.1,59.3
Quebec,7/13/2004,62.4,79,78.7,61.9
Quebec,7/14/2004,63.3,76.9,75,62.6
Quebec,7/15/2004,62.2,69.1,73.5,62
Quebec,7/16/2004,60.6,74.4,74.8,60.5
Quebec,7/17/2004,58.7,81,78.2,59.1
Quebec,7/18/2004,58,79.3,79.2,59.9
Quebec,7/19/2004,62.8,77.3,79,60.8
Quebec,7/20/2004,61.4,80.3,79.9,61.6
Quebec,7/21/2004,60.5,82.2,83,62.1
Quebec,7/22/2004,64.5,86.4,80.7,60.4
Quebec,7/23/2004,56.2,73.6,77.1,56
Quebec,7/24/2004,47.5,71.2,72.8,51.4
Quebec,7/25/2004,50.5,73.7,73.9,49.1
Quebec,7/26/2004,49.2,76.8,75.3,51.7
Quebec,7/27/2004,55.3,75.3,75,54.3
Quebec,7/28/2004,58.5,72.9,76.8,57.3
Quebec,7/29/2004,58.2,82.3,79.9,59.9
Quebec,7/30/2004,63.1,84.6,80.7,63.2
Quebec,7/31/2004,68.3,75.2,79.7,64.1
Quebec,8/1/2004,60.9,79.2,78.9,62.8
Quebec,8/2/2004,59.3,82.4,78.6,59.2
Quebec,8/3/2004,57.5,74.2,77.5,56.7
Quebec,8/4/2004,53.4,75.8,71.9,53.1
Quebec,8/5/2004,48.3,65.8,69.2,51
Quebec,8/6/2004,51.2,66.1,67.1,50.4
Quebec,8/7/2004,51.8,69.4,68.2,50.8
Quebec,8/8/2004,49.4,69,72.7,51.4
Quebec,8/9/2004,53.1,79.6,75.7,54.1
Quebec,8/10/2004,60,78.3,79,58.8
Quebec,8/11/2004,63.3,79,76.2,61.6
Quebec,8/12/2004,61.5,71.3,72.4,61.8
Quebec,8/13/2004,60.5,66.9,70.2,58.9
Quebec,8/14/2004,54.7,72.6,71.5,55.4
Quebec,8/15/2004,51,75.1,74.5,53.1
Quebec,8/16/2004,53.4,75.9,76.5,52.7
Quebec,8/17/2004,53.5,78.6,77.7,54.7
Quebec,8/18/2004,57.2,78.6,77.7,54.2
Quebec,8/19/2004,51.9,76,75.6,52.9
Quebec,8/20/2004,49.6,72.2,72.5,49.7
Quebec,8/21/2004,47.4,69.2,70.6,46.7
Quebec,8/22/2004,43,70.5,70.2,46.4
Quebec,8/23/2004,48.7,70.9,68.8,44.8
Quebec,8/24/2004,42.7,65.1,70.5,45.4
Quebec,8/25/2004,44.8,75.4,73.4,50.2
Quebec,8/26/2004,63.2,79.5,78.4,57.9
Quebec,8/27/2004,65.6,80.2,81.1,64.7
Quebec,8/28/2004,65.3,83.5,77,63.7
Quebec,8/29/2004,60.2,67.2,71.6,60.9
Quebec,8/30/2004,57.3,64.1,68.6,57.2
Quebec,8/31/2004,54.1,74.6,69.3,52.4
Quebec,9/1/2004,46,69.3,68.6,46.4
Quebec,9/2/2004,39.3,62,68.6,43.4
Quebec,9/3/2004,45.1,74.5,67.2,44.2
Quebec,9/4/2004,48.3,65,70,46.7
Quebec,9/5/2004,46.7,70.6,69.6,51.5
Quebec,9/6/2004,59.5,73.2,73.2,54.3
Quebec,9/7/2004,56.8,75.9,71.7,56.7
Quebec,9/8/2004,53.9,66,66.3,54
Quebec,9/9/2004,51.4,57.1,65.1,52.2
Quebec,9/10/2004,51.2,72.2,67.8,49.4
Quebec,9/11/2004,45.6,74.1,73,49.6
Quebec,9/12/2004,51.9,72.8,69.5,47
Quebec,9/13/2004,43.5,61.6,68.8,46.1
Quebec,9/14/2004,42.8,71.9,69.8,46.7
Quebec,9/15/2004,53.9,75.9,75.3,51.8
Quebec,9/16/2004,58.5,78.1,73.7,53.7
Quebec,9/17/2004,48.8,67.2,68.2,49.3
Quebec,9/18/2004,40.7,59.2,62.8,42.8
Quebec,9/19/2004,38.8,61.9,61,39
Quebec,9/20/2004,37.3,61.8,63.5,42.6
Quebec,9/21/2004,51.7,66.8,68.3,47.2
Quebec,9/22/2004,52.6,76.5,70.9,50.7
Quebec,9/23/2004,47.8,69.3,74.5,48.9
Quebec,9/24/2004,46.3,77.7,73.8,48.7
Quebec,9/25/2004,52,74.4,73.7,47.7
Quebec,9/26/2004,44.7,68.8,72.4,49.1
Quebec,9/27/2004,50.6,74.1,69.1,46.7
Quebec,9/28/2004,44.9,64.5,67.1,44.8
Quebec,9/29/2004,39,62.7,63.4,39.7
Quebec,9/30/2004,35.2,63,64.7,37.7
Quebec,10/1/2004,38.9,68.4,65.6,38.5
Quebec,10/2/2004,41.4,65.3,63.9,38.6
Quebec,10/3/2004,35.4,57.9,62.2,36.5
Quebec,10/4/2004,32.8,63.3,55.8,32.1
Quebec,10/5/2004,28.1,46.2,56.1,33.3
Quebec,10/6/2004,38.9,59,57.5,36.4
Quebec,10/7/2004,42.1,67.4,67.1,43.2
Quebec,10/8/2004,48.5,75,70.1,46.9
Quebec,10/9/2004,50.2,67.8,65.9,48.1
Quebec,10/10/2004,45.4,55,58,45.2
Quebec,10/11/2004,40,51.3,55.9,40.1
Quebec,10/12/2004,34.9,61.3,58.5,35.5
Quebec,10/13/2004,31.8,63,62.8,34.6
Quebec,10/14/2004,37.1,64,60.3,38.8
Quebec,10/15/2004,47.5,53.9,58.5,44
Quebec,10/16/2004,47.3,57.5,53.1,45.5
Quebec,10/17/2004,41.6,47.9,51.1,41
Quebec,10/18/2004,34.2,47.8,47.9,35.6
Quebec,10/19/2004,30.9,47.9,48,31.9
Quebec,10/20/2004,30.6,48.3,47.1,31.7
Quebec,10/21/2004,33.6,45.1,47.7,32.1
Quebec,10/22/2004,32.1,49.8,48.5,32.6
Quebec,10/23/2004,32.2,50.5,50.1,31.4
Quebec,10/24/2004,30,50.2,49.6,31
Quebec,10/25/2004,30.9,48.1,49.3,30.7
Quebec,10/26/2004,31.2,49.6,48.8,30.4
Quebec,10/27/2004,29,48.7,48.1,29.1
Quebec,10/28/2004,27,46.1,47.8,26.7
Quebec,10/29/2004,24.2,48.7,50.1,27.5
Quebec,10/30/2004,31.3,55.6,53.5,33
Quebec,10/31/2004,43.6,56.2,53.1,38.5
Quebec,11/1/2004,40.7,47.4,49,40.9
Quebec,11/2/2004,38.5,43.3,44,38.1
Quebec,11/3/2004,34.9,41.4,41.9,32.7
Quebec,11/4/2004,24.5,41.1,41.9,30.5
Quebec,11/5/2004,32,43.2,43.3,29.2
Quebec,11/6/2004,31.1,45.7,43.6,31.6
Quebec,11/7/2004,31.7,41.9,40.8,28.6
Quebec,11/8/2004,22.9,34.8,36.2,24.7
Quebec,11/9/2004,19.3,31.9,34.3,19.6
Quebec,11/10/2004,16.6,36.3,36.5,19.2
Quebec,11/11/2004,21.7,41.3,36.4,18
Quebec,11/12/2004,15.6,31.7,33.8,16.5
Quebec,11/13/2004,12.2,28.5,33.1,13
Quebec,11/14/2004,11.4,39,37.7,15.3
Quebec,11/15/2004,22.4,45.6,41.6,20.5
Quebec,11/16/2004,27.7,40.2,40.5,26.4
Quebec,11/17/2004,29,35.8,39.4,30
Quebec,11/18/2004,33.4,42.2,41.5,30
Quebec,11/19/2004,27.7,46.4,42.2,28.4
Quebec,11/20/2004,24.2,37.9,41.8,27.9
Quebec,11/21/2004,31.9,41.2,40.8,27.5
Quebec,11/22/2004,26.4,43.3,43.1,28.1
Quebec,11/23/2004,25.8,45,44.6,30.3
Quebec,11/24/2004,38.7,45.4,45,29.7
Quebec,11/25/2004,24.5,44.5,39.8,27.1
Quebec,11/26/2004,18.2,29.4,36.9,19.5
Quebec,11/27/2004,15.8,36.8,36.7,22.3
Quebec,11/28/2004,32.7,43.8,39.7,25.1
Quebec,11/29/2004,26.7,38.5,41.5,27.6
Quebec,11/30/2004,23.4,42.1,38.3,26.6
Quebec,12/1/2004,29.8,34.4,36.3,20.8
Quebec,12/2/2004,9.2,32.2,27.8,15.4
Quebec,12/3/2004,7,16.9,28,4.3
Quebec,12/4/2004,-3.3,34.9,29.3,2.4
Quebec,12/5/2004,3.4,36.1,28.7,-1.4
Quebec,12/6/2004,-4.5,15,25.2,2.3
Quebec,12/7/2004,7.9,24.7,24,8.8
Quebec,12/8/2004,22.8,32.4,27.8,14.7
Quebec,12/9/2004,13.5,26.3,29.3,17.9
Quebec,12/10/2004,17.5,29.1,27.9,19
Quebec,12/11/2004,26.1,28.2,28.1,20.7
Quebec,12/12/2004,18.6,27.1,26.9,20.3
Quebec,12/13/2004,16.3,25.5,23.6,11.5
Quebec,12/14/2004,-0.3,18.2,19.7,1.3
Quebec,12/15/2004,-12,15.3,22.5,0.2
Quebec,12/16/2004,12.8,34.1,27.6,-1.8
Quebec,12/17/2004,-6.3,33.4,28.8,-1
Quebec,12/18/2004,-9.4,18.8,28.3,-5.6
Quebec,12/19/2004,-1.2,32.6,16.8,-9.7
Quebec,12/20/2004,-18.6,-1.1,10.5,-13.2
Quebec,12/21/2004,-19.6,0,6.5,-13.3
Quebec,12/22/2004,-1.7,20.5,22.2,-3.1
Quebec,12/23/2004,11.9,46.2,27.5,3.1
Quebec,12/24/2004,-0.8,16,23.9,0.1
Quebec,12/25/2004,-10.9,9.6,11.8,-5.3
Quebec,12/26/2004,-4.1,9.7,9.9,-5
Quebec,12/27/2004,0,10.4,14,-2.3
Quebec,12/28/2004,-2.7,21.8,21,-0.8
Quebec,12/29/2004,0.4,30.6,24.6,-1.7
Quebec,12/30/2004,-2.6,21.4,32.8,4.5
Quebec,12/31/2004,15.7,46.2,36.4,5.5
Quebec,1/1/2005,3.6,41.5,34.7,5.3
Quebec,1/2/2005,-3.4,16.5,30.6,4.9
Quebec,1/3/2005,14.4,33.8,24.3,7.4
Quebec,1/4/2005,11.3,22.8,25,8.4
Quebec,1/5/2005,-0.5,18.5,18.5,2.6
Quebec,1/6/2005,-2.9,14.1,18.3,3.3
Quebec,1/7/2005,13.4,22.3,21.4,6.1
Quebec,1/8/2005,7.9,27.6,22.6,8.1
Quebec,1/9/2005,3.1,17.9,26.2,8.2
Quebec,1/10/2005,13.7,33.1,21.9,4.3
Quebec,1/11/2005,-3.9,14.8,24.2,3.3
Quebec,1/12/2005,0.3,24.7,28.7,6.8
Quebec,1/13/2005,23.9,46.7,39.7,10.9
Quebec,1/14/2005,8.5,47.7,37.6,11.6
Quebec,1/15/2005,2.4,18.5,27.4,4.9
Quebec,1/16/2005,3.9,15.9,13.6,0.1
Quebec,1/17/2005,-6,6.4,5.8,-5.3
Quebec,1/18/2005,-13.6,-4.8,2.8,-10.6
Quebec,1/19/2005,-12.1,6.8,2.9,-12.7
Quebec,1/20/2005,-12.4,6.6,1.8,-15.2
Quebec,1/21/2005,-21,-8,-0.9,-19
Quebec,1/22/2005,-23.6,-1.4,-1.8,-19.4
Quebec,1/23/2005,-13.6,4.1,5.6,-16.9
Quebec,1/24/2005,-13.5,14.2,9.9,-9.6
Quebec,1/25/2005,-1.7,11.4,10.2,-8.1
Quebec,1/26/2005,-9,4.9,5.8,-9.4
Quebec,1/27/2005,-17.4,1.2,4.9,-15.5
Quebec,1/28/2005,-20,8.5,10.7,-12
Quebec,1/29/2005,1.5,22.3,19.5,-5
Quebec,1/30/2005,3.7,27.6,23.1,-0.1
Quebec,1/31/2005,-5.5,19.4,23.5,-2.4
Quebec,2/1/2005,-5.4,23.4,24.2,-2
Quebec,2/2/2005,4.9,29.8,26.7,1.3
Quebec,2/3/2005,4.3,26.9,31.5,5.7
Quebec,2/4/2005,7.8,37.7,35.1,7
Quebec,2/5/2005,9,40.8,37.7,10.3
Quebec,2/6/2005,14.2,34.8,39,14.9
Quebec,2/7/2005,21.5,41.6,37.1,22.5
Quebec,2/8/2005,31.8,35,36.6,25.2
Quebec,2/9/2005,22.3,33.1,30.7,22.8
Quebec,2/10/2005,14.4,23.9,29.5,16.3
Quebec,2/11/2005,12.2,31.5,29.5,13.9
Quebec,2/12/2005,15.1,33,29,9.9
Quebec,2/13/2005,2.5,22.4,29.1,5.1
Quebec,2/14/2005,-2.2,32.1,31.1,10.7
Quebec,2/15/2005,31.8,38.8,35.8,14.8
Quebec,2/16/2005,15,36.6,33,17.4
Quebec,2/17/2005,5.3,23.7,25.9,5
Quebec,2/18/2005,-5.2,17.6,19.3,-3.7
Quebec,2/19/2005,-11.3,16.7,14.3,-9.6
Quebec,2/20/2005,-12.2,8.6,13.9,-8.4
Quebec,2/21/2005,-1.6,16.3,17.1,0
Quebec,2/22/2005,13.9,26.5,20.7,2.9
Quebec,2/23/2005,-3.6,19.3,20.1,-0.8
Quebec,2/24/2005,-12.6,14.4,17.9,-7.7
Quebec,2/25/2005,-6.8,20,18.9,-10.6
Quebec,2/26/2005,-12.3,22.2,22,-7
Quebec,2/27/2005,-1.9,23.8,22.2,-5.4
Quebec,2/28/2005,-2.2,20.4,23.1,4.7
Quebec,3/1/2005,18,25,24.5,8.7
Quebec,3/2/2005,10.2,27.9,23.5,9.7
Quebec,3/3/2005,0.9,17.5,24,5.1
Quebec,3/4/2005,4.2,26.5,25.6,3.4
Quebec,3/5/2005,5.2,32.7,30.4,6.8
Quebec,3/6/2005,11,31.9,27.3,6.4
Quebec,3/7/2005,2.8,17.3,22.5,7
Quebec,3/8/2005,7,18.3,16.4,3.4
Quebec,3/9/2005,0.3,13.6,16.2,1.1
Quebec,3/10/2005,-4.1,16.7,19.7,-2.8
Quebec,3/11/2005,-4.6,28.9,24.8,4.8
Quebec,3/12/2005,23.1,28.7,30,11.3
Quebec,3/13/2005,15.4,32.3,32.2,17
Quebec,3/14/2005,12.5,35.7,34.8,18.3
Quebec,3/15/2005,27.1,36.4,34.8,20.5
Quebec,3/16/2005,21.9,32.2,33.7,21.1
Quebec,3/17/2005,14.4,32.5,33.3,15
Quebec,3/18/2005,8.9,35.2,35.2,12.2
Quebec,3/19/2005,13.3,37.9,37.9,12.3
Quebec,3/20/2005,14.8,40.5,39.9,13.3
Quebec,3/21/2005,11.8,41.5,40.8,13.8
Quebec,3/22/2005,14.7,40.5,37.9,14
Quebec,3/23/2005,15.5,31.6,38.1,17.5
Quebec,3/24/2005,22.3,42.2,37.1,17.6
Quebec,3/25/2005,15,37.5,38,15.4
Quebec,3/26/2005,8.9,34.3,39.1,12.5
Quebec,3/27/2005,13.7,45.6,39.7,15.7
Quebec,3/28/2005,24.4,39.1,45,22.3
Quebec,3/29/2005,28.9,50.2,45.2,25.8
Quebec,3/30/2005,24.1,46.3,49.1,28.7
Quebec,3/31/2005,33.1,50.7,47,30.7
Quebec,4/1/2005,34.8,44,44.4,33.8
Quebec,4/2/2005,33.4,38.5,42.8,34.5
Quebec,4/3/2005,35.2,46,43.9,34.5
Quebec,4/4/2005,34.8,47.2,49.1,34.4
Quebec,4/5/2005,33.3,54,53.5,32.9
Quebec,4/6/2005,30.5,59.2,52.5,31.5
Quebec,4/7/2005,30.8,44.2,51.3,29.9
Quebec,4/8/2005,28.5,50.4,49.1,28.6
Quebec,4/9/2005,26.5,52.6,51.1,29
Quebec,4/10/2005,32,50.4,49.3,28.6
Quebec,4/11/2005,27.2,44.9,48.1,28.6
Quebec,4/12/2005,26.7,49,47.9,28.5
Quebec,4/13/2005,31.7,49.6,49.5,29.7
Quebec,4/14/2005,30.5,49.8,50.6,29.6
Quebec,4/15/2005,26.7,52.5,56.1,27.8
Quebec,4/16/2005,26,66.1,63.2,29.6
Quebec,4/17/2005,35.9,71.2,67.2,31.7
Quebec,4/18/2005,33.1,64.3,69.4,33.4
Quebec,4/19/2005,31.1,72.7,65.2,32.7
Quebec,4/20/2005,33.9,58.7,62.5,31.3
Quebec,4/21/2005,28.8,56.1,56.8,29.3
Quebec,4/22/2005,25.3,55.7,53.2,30.7
Quebec,4/23/2005,38.1,47.8,52.6,34.5
Quebec,4/24/2005,40.1,54.1,50.5,39.1
Quebec,4/25/2005,39,49.6,55,39.8
Quebec,4/26/2005,40.4,61.3,54.6,41.1
Quebec,4/27/2005,43.8,52.9,53.4,40.1
Quebec,4/28/2005,36.2,46,50,38.3
Quebec,4/29/2005,35.1,51,50,35.4
Quebec,4/30/2005,35,53,52.9,36.9
Quebec,5/1/2005,40.6,54.8,52.8,37.4
Quebec,5/2/2005,36.7,50.5,52.1,37.8
Quebec,5/3/2005,36,50.9,51.4,36
Quebec,5/4/2005,35.2,52.8,54.2,34.7
Quebec,5/5/2005,32.9,59,59.2,35
Quebec,5/6/2005,36.9,65.8,62.1,37
Quebec,5/7/2005,41.2,61.6,62.2,39.8
Quebec,5/8/2005,41.2,59.1,62.6,42.8
Quebec,5/9/2005,45.9,67,68.3,45
Quebec,5/10/2005,47.9,78.9,73.9,44.3
Quebec,5/11/2005,39,75.9,67.7,39.2
Quebec,5/12/2005,30.6,48.3,61.3,32.4
Quebec,5/13/2005,27.6,59.7,52.5,33.2
Quebec,5/14/2005,41.2,49.5,54.4,37.2
Quebec,5/15/2005,42.7,53.9,54.3,43.3
Quebec,5/16/2005,46,59.5,56.4,43.3
Quebec,5/17/2005,41.1,55.9,57.7,42.5
Quebec,5/18/2005,40.5,57.6,58.5,39.8
Quebec,5/19/2005,37.8,62,60.5,39.7
Quebec,5/20/2005,40.7,61.8,59.1,41.3
Quebec,5/21/2005,45.5,53.6,55.3,43.9
Quebec,5/22/2005,45.5,50.5,52.9,45.8
Quebec,5/23/2005,46.4,54.7,56.9,46.4
Quebec,5/24/2005,47.3,65.4,62.8,46.3
Quebec,5/25/2005,45.1,68.3,63.3,46.3
Quebec,5/26/2005,46.6,56.1,60.1,47.3
Quebec,5/27/2005,50.2,55.9,59.3,48.8
Quebec,5/28/2005,49.8,65.9,63.5,49
Quebec,5/29/2005,47.1,68.8,67.8,50.2
Quebec,5/30/2005,53.6,68.6,70.2,49.9
Quebec,5/31/2005,48.8,73.2,73.7,50.6
Quebec,6/1/2005,49.4,79.4,78.6,49.7
Quebec,6/2/2005,50.7,83.4,82.8,52.9
Quebec,6/3/2005,58.5,85.8,84.7,56.5
Quebec,6/4/2005,60.5,85,83.4,59.2
Quebec,6/5/2005,58.7,79.3,81.6,57.1
Quebec,6/6/2005,52,80.4,79.1,56.7
Quebec,6/7/2005,59.4,77.7,73.5,53.9
Quebec,6/8/2005,50.4,62.6,72.2,53.2
Quebec,6/9/2005,49.7,76.3,76.1,53.4
Quebec,6/10/2005,60.1,89.4,85.4,58.1
Quebec,6/11/2005,64.4,90.4,89.6,64.8
Quebec,6/12/2005,69.8,89.1,89,68.1
Quebec,6/13/2005,70.2,87.4,82.5,66.1
Quebec,6/14/2005,58.2,70.8,73.8,61.6
Quebec,6/15/2005,56.4,63.1,65.9,56.7
Quebec,6/16/2005,55.5,63.8,61.3,54.2
Quebec,6/17/2005,50.7,57.1,60.5,51.9
Quebec,6/18/2005,49.6,60.6,63.3,50.2
Quebec,6/19/2005,50.3,72.2,70.3,50.3
Quebec,6/20/2005,51.1,78.2,77.5,53.1
Quebec,6/21/2005,57.9,82,76.7,52.9
Quebec,6/22/2005,49.9,69.9,74.9,50.9
Quebec,6/23/2005,44.8,72.7,76.1,50.7
Quebec,6/24/2005,57.4,85.7,82.8,56
Quebec,6/25/2005,65.7,90.1,85.9,62
Quebec,6/26/2005,62.9,81.9,87.5,63.2
Quebec,6/27/2005,61,90.6,88.4,63.7
Quebec,6/28/2005,67.2,92.8,88.6,65
Quebec,6/29/2005,66.7,82.5,86.3,65.8
Quebec,6/30/2005,63.6,83.5,83.3,65.7
Quebec,7/1/2005,66.8,83.9,80,62.2
Quebec,7/2/2005,56.2,72.5,79.2,58.6
Quebec,7/3/2005,53,81.1,79.7,56.2
Quebec,7/4/2005,59.4,85.4,82.6,58.8
Quebec,7/5/2005,63.9,81.2,80.2,59.5
Quebec,7/6/2005,55.2,73.9,77.2,57
Quebec,7/7/2005,52,76.4,76.5,54.5
Quebec,7/8/2005,56.5,79.1,75.3,56.4
Quebec,7/9/2005,60.7,70.4,80,58.7
Quebec,7/10/2005,59,90.4,83.7,61.9
Quebec,7/11/2005,65.9,90.2,89,62.6
Quebec,7/12/2005,63,86.3,86.7,63.7
Quebec,7/13/2005,62.2,83.7,85.1,63
Quebec,7/14/2005,64,85.2,83.9,61.9
Quebec,7/15/2005,59.7,82.9,84.7,60
Quebec,7/16/2005,56.4,86.1,84,60.9
Quebec,7/17/2005,66.8,83.1,85.8,65.8
Quebec,7/18/2005,74.2,88.1,87,69.8
Quebec,7/19/2005,68.5,89.9,86.6,68
Quebec,7/20/2005,61.3,81.7,86.7,62.7
Quebec,7/21/2005,58.4,88.6,83.3,59
Quebec,7/22/2005,57.3,79.4,81.8,56.3
Quebec,7/23/2005,53.1,77.3,78,53.5
Quebec,7/24/2005,50.1,77.2,79.9,55.6
Quebec,7/25/2005,63.7,85.2,80.7,58.1
Quebec,7/26/2005,60.5,79.5,78.2,58.6
Quebec,7/27/2005,51.6,69.8,75,53.2
Quebec,7/28/2005,47.4,75.5,74.1,50
Quebec,7/29/2005,51.1,77,75.4,49.2
Quebec,7/30/2005,49,73.7,75.1,50
Quebec,7/31/2005,50,74.4,75.6,52.7
Quebec,8/1/2005,59,78.6,80.1,56.2
Quebec,8/2/2005,59.8,87.3,82.6,58.5
Quebec,8/3/2005,56.9,82,85.7,58
Quebec,8/4/2005,57.3,88,84.8,57.8
Quebec,8/5/2005,59.3,84.4,84.2,56.3
Quebec,8/6/2005,52.2,80.1,83.2,55.8
Quebec,8/7/2005,55.9,85.2,84.7,57
Quebec,8/8/2005,62.8,88.9,87.6,61.1
Quebec,8/9/2005,64.6,88.9,87,64.1
Quebec,8/10/2005,65,83.2,84.5,63.2
Quebec,8/11/2005,59.9,81.3,80.9,60.7
Quebec,8/12/2005,57.1,78.3,80.3,60.5
Quebec,8/13/2005,64.5,81.4,77.5,60.6
Quebec,8/14/2005,60.2,72.8,78,60.5
Quebec,8/15/2005,56.8,79.7,78.3,59
Quebec,8/16/2005,60.2,82.4,78,55.2
Quebec,8/17/2005,48.6,72,74,51.3
Quebec,8/18/2005,45.1,67.5,70.7,48.4
Quebec,8/19/2005,51.5,72.6,69.6,52.9
Quebec,8/20/2005,62.2,68.6,73.9,57.8
Quebec,8/21/2005,59.8,80.5,74.2,58.4
Quebec,8/22/2005,53.3,73.5,74,55.3
Quebec,8/23/2005,52.8,68.1,71,53.1
Quebec,8/24/2005,53.2,71.5,74.1,52.1
Quebec,8/25/2005,50.4,82.7,79.4,51.2
Quebec,8/26/2005,50.1,83.8,83.5,51
Quebec,8/27/2005,52.7,84,82.4,55.8
Quebec,8/28/2005,64.6,79.4,81.8,59.1
Quebec,8/29/2005,60.1,82.1,80.5,62.9
Quebec,8/30/2005,64,80.1,77.2,62.3
Quebec,8/31/2005,63,69.4,75.2,62.9
Quebec,9/1/2005,61.8,76.3,75.1,60.5
Quebec,9/2/2005,56.6,79.6,76.9,57.9
Quebec,9/3/2005,55.2,74.8,74.9,54.6
Quebec,9/4/2005,51.8,70.3,72.4,51.2
Quebec,9/5/2005,46.6,72.1,73.9,48.6
Quebec,9/6/2005,47.3,79.3,77.7,49.9
Quebec,9/7/2005,55.7,81.6,75.7,51.6
Quebec,9/8/2005,51.8,66.2,71.5,51.2
Quebec,9/9/2005,46,66.8,66.6,45.9
Quebec,9/10/2005,39.8,66.8,68.7,42.2
Quebec,9/11/2005,40.7,72.4,74.7,47.1
Quebec,9/12/2005,60.8,84.9,80.5,53.5
Quebec,9/13/2005,58.9,84.3,85.1,60.2
Quebec,9/14/2005,60.9,86.1,81.4,59
Quebec,9/15/2005,57.1,73.9,75.8,57.5
Quebec,9/16/2005,54.4,67.4,67.5,56.1
Quebec,9/17/2005,56.7,61.2,65.9,55.9
Quebec,9/18/2005,56.6,69.1,67.8,55.4
Quebec,9/19/2005,52.9,73.1,71.9,53.9
Quebec,9/20/2005,52.1,73.4,73.2,51.6
Quebec,9/21/2005,49.7,73,73.3,50.5
Quebec,9/22/2005,49.6,73.4,70.8,47.7
Quebec,9/23/2005,43.9,66,66.8,44.1
Quebec,9/24/2005,38.9,61.2,63.2,41.9
Quebec,9/25/2005,43,62.4,62.9,44.8
Quebec,9/26/2005,52.5,65.1,64.8,47.6
Quebec,9/27/2005,47.4,67,67.6,49.2
Quebec,9/28/2005,47.8,70.7,67.7,45
Quebec,9/29/2005,39.9,65.6,64.4,42.6
Quebec,9/30/2005,40,57.1,64.9,40.1
Quebec,10/1/2005,40.5,72.1,67.8,42.8
Quebec,10/2/2005,47.9,74.2,74.6,45.7
Quebec,10/3/2005,48.9,77.6,77.4,52.3
Quebec,10/4/2005,60,80.3,78.3,55.5
Quebec,10/5/2005,57.5,76.9,75.3,57.1
Quebec,10/6/2005,53.7,68.8,70.2,51.5
Quebec,10/7/2005,43.3,65,61.5,46.2
Quebec,10/8/2005,41.6,50.7,55.8,42.9
Quebec,10/9/2005,43.9,51.7,51.3,44.1
Quebec,10/10/2005,46.7,51.6,53.6,45.8
Quebec,10/11/2005,46.9,57.4,54.7,45.6
Quebec,10/12/2005,43.2,55,54.7,45.1
Quebec,10/13/2005,45.2,51.7,54.1,46
Quebec,10/14/2005,49.5,55.4,54.7,48.5
Quebec,10/15/2005,50.7,57.1,56,49.5
Quebec,10/16/2005,48.1,55.6,55.7,48.3
Quebec,10/17/2005,46.1,54.4,52.8,45.3
Quebec,10/18/2005,41.8,48.4,50.5,42
Quebec,10/19/2005,38.1,48.7,48.5,37.4
Quebec,10/20/2005,32.2,48.3,48.7,33.6
Quebec,10/21/2005,30.4,48.9,48.3,31.4
Quebec,10/22/2005,31.5,47.7,48.1,34.2
Quebec,10/23/2005,40.9,47.6,47.3,37.4
Quebec,10/24/2005,39.9,46.7,46,38.5
Quebec,10/25/2005,34.8,43.7,44.5,36.3
Quebec,10/26/2005,34.2,43,42.7,35
Quebec,10/27/2005,35.9,41.2,42.4,32.9
Quebec,10/28/2005,28.5,42.9,44.4,30
Quebec,10/29/2005,25.6,49.1,49.2,28.3
Quebec,10/30/2005,30.7,55.7,54,34.4
Quebec,10/31/2005,46.9,57.3,58.8,41.3
Quebec,11/1/2005,46.2,63.4,56.3,42.5
Quebec,11/2/2005,34.5,48.1,55.8,38.4
Quebec,11/3/2005,34.4,55.9,47.2,33.6
Quebec,11/4/2005,31.8,37.8,45.7,32.8
Quebec,11/5/2005,32,43.6,44.3,33.6
Quebec,11/6/2005,37,51.5,47.7,34.8
Quebec,11/7/2005,35.4,47.9,47.1,33.4
Quebec,11/8/2005,28,41.8,44.6,30
Quebec,11/9/2005,26.8,43.9,43.1,27.9
Quebec,11/10/2005,29.1,43.6,41.5,27.3
Quebec,11/11/2005,26.1,37,40.9,25.9
Quebec,11/12/2005,22.4,42,44.4,26.1
Quebec,11/13/2005,29.8,54.3,50.4,27
Quebec,11/14/2005,28.9,54.8,47.9,29
Quebec,11/15/2005,28.2,34.6,49.9,30.4
Quebec,11/16/2005,34.1,60.4,45.5,30.4
Quebec,11/17/2005,28.8,41.4,43.6,26.5
Quebec,11/18/2005,16.6,29.1,36.4,20.9
Quebec,11/19/2005,17.5,38.6,36.6,21.4
Quebec,11/20/2005,30.3,42.1,42.4,28.5
Quebec,11/21/2005,37.7,46.6,42.6,31.5
Quebec,11/22/2005,26.7,39.1,37.5,27.1
Quebec,11/23/2005,16.9,26.9,30.2,19.2
Quebec,11/24/2005,14.2,24.6,24.7,13.1
Quebec,11/25/2005,8.2,22.4,22.9,8.8
Quebec,11/26/2005,4.1,21.7,24,10.2
Quebec,11/27/2005,18.4,27.8,28.9,15.8
Quebec,11/28/2005,25,37.1,42.1,26.7
Quebec,11/29/2005,36.8,61.3,49.5,32.7
Quebec,11/30/2005,36.4,50,50.2,34.8
Quebec,12/1/2005,31.2,39.4,41.9,30.7
Quebec,12/2/2005,24.5,36.4,34.1,24.8
Quebec,12/3/2005,18.7,26.4,30.3,20.9
Quebec,12/4/2005,19.3,28.2,28.4,19.5
Quebec,12/5/2005,20.5,30.6,29.6,18.5
Quebec,12/6/2005,15.7,30,26.3,15.2
Quebec,12/7/2005,9.4,18.3,23.5,11.1
Quebec,12/8/2005,8.2,22.3,21.4,9.3
Quebec,12/9/2005,10.5,23.7,26.3,12.9
Quebec,12/10/2005,20.2,32.9,29.6,17
Quebec,12/11/2005,20.3,32.2,29.4,13.1
Quebec,12/12/2005,-1.1,23,23.1,4.2
Quebec,12/13/2005,-6.7,14.1,17.5,-5
Quebec,12/14/2005,-7.2,15.4,15,-7.5
Quebec,12/15/2005,-8.6,15.4,19,-1.2
Quebec,12/16/2005,12.1,26.3,24.2,7.1
Quebec,12/17/2005,17.8,31,28.7,17.5
Quebec,12/18/2005,22.5,28.8,28.7,19.1
Quebec,12/19/2005,17.1,26.4,27.3,12.9
Quebec,12/20/2005,-0.9,26.7,21.8,1.7
Quebec,12/21/2005,-11.1,12.4,22.7,-5.8
Quebec,12/22/2005,-5.3,28.9,25.6,3.4
Quebec,12/23/2005,26.7,35.3,32.5,16.8
Quebec,12/24/2005,29.1,33.3,33.1,27.2
Quebec,12/25/2005,25.8,30.7,30.6,25.3
Quebec,12/26/2005,20.9,27.9,27.1,17.6
Quebec,12/27/2005,6.1,22.9,25.8,14.6
Quebec,12/28/2005,16.8,26.6,26.9,16.2
Quebec,12/29/2005,25.8,31.4,28.4,14.8
Quebec,12/30/2005,1.6,27.1,23.3,7
Quebec,12/31/2005,-6.5,11.4,18,0.2
Quebec,1/1/2006,5.4,15.4,16.6,2.7
Quebec,1/2/2006,9.1,22.9,18.8,7.5
Quebec,1/3/2006,8,18.1,21.4,6.6
Quebec,1/4/2006,2.7,23.2,22.5,10.9
Quebec,1/5/2006,22,26.2,25.2,11.4
Quebec,1/6/2006,9.6,26.1,21.4,9.6
Quebec,1/7/2006,-2.7,12,18.9,4
Quebec,1/8/2006,5.2,18.5,19.7,6
Quebec,1/9/2006,15.6,28.5,25.8,12.1
Quebec,1/10/2006,15.5,30.4,30.6,15.7
Quebec,1/11/2006,16.1,32.8,33.7,21.1
Quebec,1/12/2006,31.8,37.9,37.6,24.4
Quebec,1/13/2006,25.2,42.1,40.3,25
Quebec,1/14/2006,18,40.9,33.8,14.1
Quebec,1/15/2006,-0.8,18.4,26.9,4.8
Quebec,1/16/2006,-2.6,21.3,22.6,-2
Quebec,1/17/2006,-2.6,28.2,28.9,7.6
Quebec,1/18/2006,28.1,37.3,32.3,16.8
Quebec,1/19/2006,25,31.5,34.6,26.2
Quebec,1/20/2006,25.6,35.1,33.2,21
Quebec,1/21/2006,12.5,33,29.3,12.6
Quebec,1/22/2006,-0.1,19.7,25.7,6.6
Quebec,1/23/2006,7.5,24.4,25.7,6.6
Quebec,1/24/2006,12.5,32.8,29.6,15.8
Quebec,1/25/2006,27.4,31.5,30.7,13.8
Quebec,1/26/2006,1.5,27.8,29.7,8.9
Quebec,1/27/2006,-2.3,29.7,32.5,7.5
Quebec,1/28/2006,23.3,40.1,31.8,12.3
Quebec,1/29/2006,15.9,25.7,29.8,18.9
Quebec,1/30/2006,17.5,23.7,26.4,18.9
Quebec,1/31/2006,23.3,29.9,27.8,20.9
Quebec,2/1/2006,22.1,29.9,31.2,22.6
Quebec,2/2/2006,22.5,33.9,34.1,24
Quebec,2/3/2006,27.3,38.5,36.8,27.9
Quebec,2/4/2006,33.9,38.1,38.2,30.3
Quebec,2/5/2006,29.7,37.9,35.5,26.4
Quebec,2/6/2006,15.5,30.5,29.9,18.5
Quebec,2/7/2006,10.3,21.4,24.2,10.2
Quebec,2/8/2006,4.8,20.7,18.6,3.7
Quebec,2/9/2006,-4.1,13.6,15.1,-2.5
Quebec,2/10/2006,-8.3,10.9,13.7,-7.3
Quebec,2/11/2006,-9.4,16.6,15.2,-6.5
Quebec,2/12/2006,-1.7,18.2,19.8,-3.3
Quebec,2/13/2006,1.3,24.6,22.8,5.4
Quebec,2/14/2006,16.7,25.5,29.3,12.4
Quebec,2/15/2006,19.1,37.8,30.1,15.8
Quebec,2/16/2006,11.7,27.1,33.7,10.9
Quebec,2/17/2006,1.9,36.3,21.8,3.4
Quebec,2/18/2006,-3.5,2.1,18.9,-2.1
Quebec,2/19/2006,-4.7,18.4,15.4,1.1
Quebec,2/20/2006,11.5,25.9,24.1,5.6
Quebec,2/21/2006,9.9,28.1,27.8,9.8
Quebec,2/22/2006,8.2,29.6,30.1,12.9
Quebec,2/23/2006,20.8,32.6,29.7,8.4
Quebec,2/24/2006,-3.9,26.9,24.2,2.7
Quebec,2/25/2006,-8.8,13,17.6,-5.9
Quebec,2/26/2006,-5,13,13,-6.5
Quebec,2/27/2006,-5.6,13,13,-2.5
Quebec,2/28/2006,3.1,12.9,14.7,-2.4
Quebec,3/1/2006,-4.7,18.2,18.9,3.5
Quebec,3/2/2006,12.2,25.5,22.6,4.3
Quebec,3/3/2006,5.3,24,27,13
Quebec,3/4/2006,21.4,31.5,29,16
Quebec,3/5/2006,21.2,31.4,31.6,19.6
Quebec,3/6/2006,16.3,31.8,30.2,15.3
Quebec,3/7/2006,8.5,27.4,28.3,9.2
Quebec,3/8/2006,2.7,25.6,30.4,10.1
Quebec,3/9/2006,19.2,38.1,35.8,18.8
Quebec,3/10/2006,34.5,43.7,42,29.1
Quebec,3/11/2006,33.7,44.3,43,30.9
Quebec,3/12/2006,24.5,40.9,41,30.3
Quebec,3/13/2006,32.7,37.8,39.7,28.6
Quebec,3/14/2006,28.5,40.4,36.1,28
Quebec,3/15/2006,22.7,30.1,33.7,22.9
Quebec,3/16/2006,17.4,30.6,29.2,17.7
Quebec,3/17/2006,12.9,26.8,26.6,14.2
Quebec,3/18/2006,12.4,22.4,25,12.7
Quebec,3/19/2006,12.7,25.8,26.9,12.5
Quebec,3/20/2006,12.4,32.6,31.3,15.3
Quebec,3/21/2006,20.7,35.5,35.5,19.9
Quebec,3/22/2006,26.7,38.5,40,26.4
Quebec,3/23/2006,32,45.9,43.1,30.6
Quebec,3/24/2006,33.2,45,45.6,31.8
Quebec,3/25/2006,30.3,46,46.2,31.6
Quebec,3/26/2006,31.4,47.6,46.5,30
Quebec,3/27/2006,28.2,45.8,48.8,28.2
Quebec,3/28/2006,25.1,53,50.9,27.3
Quebec,3/29/2006,28.6,54,54.9,28
Quebec,3/30/2006,30.1,57.9,59.8,31.7
Quebec,3/31/2006,36.2,67.6,60.4,34.6
Quebec,4/1/2006,37.6,55.7,58.7,35.2
Quebec,4/2/2006,31.9,52.7,53.8,32.9
Quebec,4/3/2006,29.2,52.9,49.6,30.8
Quebec,4/4/2006,31.3,43.2,45.1,29.8
Quebec,4/5/2006,28.8,39,43.4,30.9
Quebec,4/6/2006,32.7,47.9,43.9,29.3
Quebec,4/7/2006,26.3,44.7,44.8,26.9
Quebec,4/8/2006,21.8,41.8,45,25.2
Quebec,4/9/2006,27.5,48.6,49.2,26.7
Quebec,4/10/2006,30.6,57.2,55.8,29.4
Quebec,4/11/2006,30.1,61.7,62.5,33.1
Quebec,4/12/2006,38.5,68.7,63.1,35.5
Quebec,4/13/2006,38,58.9,61.2,36.5
Quebec,4/14/2006,33.1,56.1,56.9,36.5
Quebec,4/15/2006,38.4,55.8,54.2,35.9
Quebec,4/16/2006,36.1,50.6,53.8,38.2
Quebec,4/17/2006,40.2,55,57.4,38.4
Quebec,4/18/2006,38.8,66.7,65.1,38.6
Quebec,4/19/2006,36.9,73.7,68.9,38.8
Quebec,4/20/2006,40.6,66.4,67.1,38.2
Quebec,4/21/2006,37.1,61.1,62.5,38.4
Quebec,4/22/2006,37.4,60,56.5,38.4
Quebec,4/23/2006,40.6,48.4,53.5,39.9
Quebec,4/24/2006,41.6,52.1,49.5,38
Quebec,4/25/2006,31.7,48.1,50.6,34.2
Quebec,4/26/2006,29.3,51.5,48.4,29.6
Quebec,4/27/2006,28,45.6,50.6,28.2
Quebec,4/28/2006,27.3,54.6,53.4,27.7
Quebec,4/29/2006,27.9,59.9,61.4,29.1
Quebec,4/30/2006,32.2,69.7,67.1,34.9
Quebec,5/1/2006,44.6,71.6,66.7,40.5
Quebec,5/2/2006,44.8,58.8,61.9,45.1
Quebec,5/3/2006,45.9,55.4,61.9,45.3
Quebec,5/4/2006,45.2,71.4,64.3,46.2
Quebec,5/5/2006,47.5,66,63.7,42.9
Quebec,5/6/2006,36,53.6,58,38.5
Quebec,5/7/2006,31.9,54.5,59.2,34.7
Quebec,5/8/2006,36.3,69.7,65.9,37.7
Quebec,5/9/2006,45,73.5,68.8,43.7
Quebec,5/10/2006,49.6,63.3,69.6,48.6
Quebec,5/11/2006,51.2,72,67,51.7
Quebec,5/12/2006,54.3,65.8,65.8,51.9
Quebec,5/13/2006,50.1,59.5,66,51.2
Quebec,5/14/2006,49.2,72.5,67.8,49.5
Quebec,5/15/2006,49.3,71.3,68.7,49.8
Quebec,5/16/2006,51,62.2,63.4,50.1
Quebec,5/17/2006,49.8,56.7,59.3,49.3
Quebec,5/18/2006,47.2,59.1,55.9,47.8
Quebec,5/19/2006,46.5,51.9,54.8,46.9
Quebec,5/20/2006,47.1,53.3,53.3,46.5
Quebec,5/21/2006,45.9,54.6,52.5,44.7
Quebec,5/22/2006,41.1,49.7,54.1,43
Quebec,5/23/2006,42,58.1,58.1,43
Quebec,5/24/2006,45.8,66.4,66.6,44.1
Quebec,5/25/2006,44.6,75.2,71.1,49.4
Quebec,5/26/2006,57.9,71.6,74.1,52.3
Quebec,5/27/2006,54.3,75.4,75.8,53.8
Quebec,5/28/2006,49.1,80.4,79.7,55.3
Quebec,5/29/2006,62.5,83.2,78.4,56
Quebec,5/30/2006,56.5,71.5,80.8,58.5
Quebec,5/31/2006,56.6,87.9,77.1,55.5
Quebec,6/1/2006,53.5,71.9,78.8,52.9
Quebec,6/2/2006,48.7,76.7,70.7,52
Quebec,6/3/2006,53.9,63.6,70.6,50.6
Quebec,6/4/2006,49.3,71.5,71.6,49.7
Quebec,6/5/2006,46,79.8,78.2,50.1
Quebec,6/6/2006,54.9,83.4,80.7,52.3
Quebec,6/7/2006,56.1,78.9,74.9,54.9
Quebec,6/8/2006,53.8,62.5,67.7,54.3
Quebec,6/9/2006,52.9,61.6,60.7,53.1
Quebec,6/10/2006,52.6,57.9,63.7,53.3
Quebec,6/11/2006,54.4,71.7,68.1,54.8
Quebec,6/12/2006,57.3,74.8,73.5,55.9
Quebec,6/13/2006,56,74.2,74.9,55.8
Quebec,6/14/2006,54.1,75.8,75.5,54.3
Quebec,6/15/2006,52.6,76.6,79.3,53.5
Quebec,6/16/2006,53.8,85.5,79.1,56.9
Quebec,6/17/2006,64.1,75.3,84.4,61.3
Quebec,6/18/2006,65.9,92.3,84.2,63.8
Quebec,6/19/2006,61.5,85.1,83.6,60.1
Quebec,6/20/2006,52.9,73.3,78.2,54.8
Quebec,6/21/2006,50,76.2,76.8,54.1
Quebec,6/22/2006,59.4,80.9,75.6,55.2
Quebec,6/23/2006,56.3,69.8,76,55.8
Quebec,6/24/2006,51.7,77.3,76.1,53.2
Quebec,6/25/2006,51.7,81.3,78.3,55.5
Quebec,6/26/2006,63,76.3,79.4,60.2
Quebec,6/27/2006,65.9,80.6,78.3,65.1
Quebec,6/28/2006,66.4,78.1,79.9,64.5
Quebec,6/29/2006,61.2,81,76.2,61.5
Quebec,6/30/2006,57,69.7,75.5,57.3
Quebec,7/1/2006,53.8,75.8,75,55.6
Quebec,7/2/2006,55.9,79.6,78.5,54.1
Quebec,7/3/2006,52.4,80.2,80.9,56.4
Quebec,7/4/2006,61,83.1,79.7,56.6
Quebec,7/5/2006,56.4,75.7,77.2,56.9
Quebec,7/6/2006,53.4,72.9,76.3,55
Quebec,7/7/2006,55.4,80.3,79.3,56.7
Quebec,7/8/2006,61.2,84.6,82.9,59.7
Quebec,7/9/2006,62.4,83.9,83.7,61.8
Quebec,7/10/2006,61.8,82.6,82.5,61.7
Quebec,7/11/2006,61,80.9,81.4,62.7
Quebec,7/12/2006,65.3,80.6,82.5,63
Quebec,7/13/2006,62.6,85.8,85.3,65.5
Quebec,7/14/2006,68.7,89.5,85.6,66.3
Quebec,7/15/2006,67.6,81.4,86,66.9
Quebec,7/16/2006,64.3,87.1,86.2,66.2
Quebec,7/17/2006,66.7,90.1,85.7,63.5
Quebec,7/18/2006,59.5,79.9,83.9,60.2
Quebec,7/19/2006,54.4,81.7,83,57.5
Quebec,7/20/2006,58.7,87.3,83.4,58.9
Quebec,7/21/2006,63.6,81.3,80.1,60.8
Quebec,7/22/2006,60.1,71.8,77,61.3
Quebec,7/23/2006,60.1,77.9,76.2,59.7
Quebec,7/24/2006,58.9,79,77.4,61.1
Quebec,7/25/2006,64.1,75.4,79.4,62.1
Quebec,7/26/2006,63.4,83.9,80.9,64.9
Quebec,7/27/2006,67.3,83.4,83,65.7
Quebec,7/28/2006,66.3,81.6,83.7,64.6
Quebec,7/29/2006,60.1,86,81.2,60
Quebec,7/30/2006,53.6,75.9,81.3,56.6
Quebec,7/31/2006,56.2,82.2,82.9,59.7
Quebec,8/1/2006,69.2,90.7,85.5,63.1
Quebec,8/2/2006,63.9,83.7,85.5,65.2
Quebec,8/3/2006,62.6,82.1,83.4,62.7
Quebec,8/4/2006,61.6,84.3,80.5,59.6
Quebec,8/5/2006,54.7,75,79.5,56.1
Quebec,8/6/2006,52.1,79.2,79.7,56.4
Quebec,8/7/2006,62.4,84.9,80.1,56.9
Quebec,8/8/2006,56.2,76.4,79.9,56.2
Quebec,8/9/2006,49.9,78.4,75.7,53.1
Quebec,8/10/2006,53.2,72.3,73.5,50.6
Quebec,8/11/2006,48.7,69.9,70.6,49.5
Quebec,8/12/2006,46.7,69.7,71,47.6
Quebec,8/13/2006,47.4,73.2,72.8,48.9
Quebec,8/14/2006,52.6,75.6,75.6,53.2
Quebec,8/15/2006,59.6,78,76.1,55.9
Quebec,8/16/2006,55.4,74.7,77,55.8
Quebec,8/17/2006,52.3,78.3,79.1,55.3
Quebec,8/18/2006,58.1,84.4,82.1,57.6
Quebec,8/19/2006,62.3,83.7,78.3,58.8
Quebec,8/20/2006,56,66.9,76,58
Quebec,8/21/2006,55.7,77.5,73.4,55.7
Quebec,8/22/2006,55.3,75.7,73.5,53.1
Quebec,8/23/2006,48.2,67.4,69.9,49.5
Quebec,8/24/2006,45.1,66.4,66.6,46.5
Quebec,8/25/2006,46.1,66,67.6,44.7
Quebec,8/26/2006,43,70.5,65.9,46.7
Quebec,8/27/2006,51,61.3,67.2,50.2
Quebec,8/28/2006,56.5,69.8,68.9,54.5
Quebec,8/29/2006,56.1,75.6,70.6,54.1
Quebec,8/30/2006,49.8,66.4,70.6,51
Quebec,8/31/2006,47.3,69.9,69.2,48.7
Quebec,9/1/2006,49,71.4,70.6,49.1
Quebec,9/2/2006,51,70.5,67.8,50.7
Quebec,9/3/2006,52.2,61.6,66,52.5
Quebec,9/4/2006,54.3,65.8,67,52.5
Quebec,9/5/2006,51.1,73.5,68.6,52.2
Quebec,9/6/2006,51.3,66.6,70.2,49.2
Quebec,9/7/2006,45.2,70.5,72,49.9
Quebec,9/8/2006,53.3,79,70.4,48.2
Quebec,9/9/2006,46,61.6,67.4,46.8
Quebec,9/10/2006,41.2,61.7,62.2,41.6
Quebec,9/11/2006,37.7,63.3,63.8,39.3
Quebec,9/12/2006,39,66.4,64.6,39.8
Quebec,9/13/2006,42.6,64.1,65.2,45.7
Quebec,9/14/2006,55.4,65.1,66.6,50.3
Quebec,9/15/2006,52.7,70.6,70.3,53.1
Quebec,9/16/2006,51.2,75.2,73,53.3
Quebec,9/17/2006,55.9,73,73.6,54.1
Quebec,9/18/2006,55.3,72.6,70.7,54.9
Quebec,9/19/2006,53.6,66.4,67.3,51.1
Quebec,9/20/2006,44.4,63,62.7,45.8
Quebec,9/21/2006,39.2,58.6,60.7,40.4
Quebec,9/22/2006,37.5,60.4,59.2,42.1
Quebec,9/23/2006,49.5,58.6,63.4,44.9
Quebec,9/24/2006,47.8,71.1,62.4,47
Quebec,9/25/2006,43.6,57.3,62.9,44.5
Quebec,9/26/2006,42,60.1,62.1,41.8
Quebec,9/27/2006,39.8,69,66.7,45.8
Quebec,9/28/2006,55.7,70.9,65.9,46.1
Quebec,9/29/2006,42.6,57.8,62.1,45.1
Quebec,9/30/2006,37.1,57.7,56.6,42.4
Quebec,10/1/2006,47.4,54.4,56.6,44.4
Quebec,10/2/2006,48.6,57.7,58.4,48.3
Quebec,10/3/2006,48.8,63.3,60.1,46.7
Quebec,10/4/2006,42.7,59.3,59.9,42.8
Quebec,10/5/2006,36.8,57.1,57.3,36.5
Quebec,10/6/2006,30,55.3,57.9,32
Quebec,10/7/2006,29.1,61.2,61.1,33.3
Quebec,10/8/2006,40.8,66.7,65.8,37.8
Quebec,10/9/2006,43.4,69.4,61.6,38.5
Quebec,10/10/2006,31.3,48.8,58,38.3
Quebec,10/11/2006,40.1,55.7,53.2,36.4
Quebec,10/12/2006,37.8,55.2,53,36.7
Quebec,10/13/2006,32.3,48.2,50.4,34.3
Quebec,10/14/2006,32.8,47.7,47.8,32.1
Quebec,10/15/2006,31,47.3,49.5,31.8
Quebec,10/16/2006,31.5,53.6,50.4,31.7
Quebec,10/17/2006,32.5,50.4,53.5,35.9
Quebec,10/18/2006,43.6,56.4,54.6,40.7
Quebec,10/19/2006,45.9,57.1,53.3,41.6
Quebec,10/20/2006,35.3,46.3,48.9,36.6
Quebec,10/21/2006,28.6,43.2,43.7,30.1
Quebec,10/22/2006,26.4,41.5,41.6,29.8
Quebec,10/23/2006,34.5,39.9,41.6,32.4
Quebec,10/24/2006,36.3,43.4,43.3,35.6
Quebec,10/25/2006,36,46.4,45.1,34
Quebec,10/26/2006,29.5,45.5,44.2,30.5
Quebec,10/27/2006,25.8,40.6,42.8,29.4
Quebec,10/28/2006,32.8,42.3,40.6,30.9
Quebec,10/29/2006,34,38.8,41.1,31
Quebec,10/30/2006,26,42.2,39.4,28.7
Quebec,10/31/2006,26,37.2,41.5,28.1
Quebec,11/1/2006,32.5,45.2,40.8,29.3
Quebec,11/2/2006,29.4,40,41,29.8
Quebec,11/3/2006,27.7,37.8,38.5,27
Quebec,11/4/2006,24,37.6,37.7,24.8
Quebec,11/5/2006,22.8,37.6,39,25.4
Quebec,11/6/2006,29.4,41.8,43.4,27.2
Quebec,11/7/2006,29.3,50.7,46.1,32.6
Quebec,11/8/2006,39.2,45.8,49.7,36.7
Quebec,11/9/2006,41.5,52.5,49.5,38.4
Quebec,11/10/2006,34.4,50.3,47.6,36.9
Quebec,11/11/2006,34.8,40.1,43.5,34.5
Quebec,11/12/2006,34.4,40,41.6,36
Quebec,11/13/2006,38.9,44.6,44,38.8
Quebec,11/14/2006,43.1,47.5,47.6,42.1
Quebec,11/15/2006,44.2,50.6,53.9,43.8
Quebec,11/16/2006,44.1,63.4,59.8,41.5
Quebec,11/17/2006,36.1,65.4,57.1,37.5
Quebec,11/18/2006,32.4,42.5,48,33.1
Quebec,11/19/2006,30.8,36,37.4,30.5
Quebec,11/20/2006,28.4,33.7,35.2,27.8
Quebec,11/21/2006,24.2,35.9,36.9,26.7
Quebec,11/22/2006,27.5,41,39.8,25.9
Quebec,11/23/2006,26.1,42.5,42.1,25.9
Quebec,11/24/2006,24.1,42.7,43.2,24.3
Quebec,11/25/2006,22.6,44.2,43.7,24.3
Quebec,11/26/2006,26.1,44,42.1,25.6
Quebec,11/27/2006,28,38.2,38.4,27.2
Quebec,11/28/2006,27.4,33,40.1,28.9
Quebec,11/29/2006,31.3,49,47.1,32.1
Quebec,11/30/2006,37.6,59.1,48.7,31.9
Quebec,12/1/2006,26.7,38,44.3,29.3
Quebec,12/2/2006,23.6,35.6,32.7,22.6
Quebec,12/3/2006,17.5,24.5,28.2,15.4
Quebec,12/4/2006,4.9,24.4,23.6,7.9
Quebec,12/5/2006,1.3,22,27.5,3.7
Quebec,12/6/2006,4.8,36.1,31.8,6.4
Quebec,12/7/2006,13,37.2,30.8,7.5
Quebec,12/8/2006,4.8,19,30,11.6
Quebec,12/9/2006,17,34,30.1,17.7
Quebec,12/10/2006,31.4,37.4,35.9,24.1
Quebec,12/11/2006,24,36.2,33.7,24.4
Quebec,12/12/2006,17.8,27.5,35.7,22.2
Quebec,12/13/2006,24.7,43.2,38.4,24.8
Quebec,12/14/2006,31.9,44.4,45.4,30
Quebec,12/15/2006,33.4,48.6,45.4,31.8
Quebec,12/16/2006,30,43.2,45.5,31.6
Quebec,12/17/2006,31.4,44.7,42.9,29.1
Quebec,12/18/2006,25.9,40.8,37.9,25
Quebec,12/19/2006,17.7,28.3,36.2,20.3
Quebec,12/20/2006,17.3,39.5,36.1,19.8
Quebec,12/21/2006,24.4,40.5,36.1,20.5
Quebec,12/22/2006,19.9,28.3,36.2,23.3
Quebec,12/23/2006,25.6,39.9,36.6,25.4
Quebec,12/24/2006,30.6,41.7,39.9,28.1
Quebec,12/25/2006,28,38.1,38.2,28
Quebec,12/26/2006,25.4,35,32.9,21.6
Quebec,12/27/2006,11.3,25.5,27.4,14.6
Quebec,12/28/2006,7,21.8,21,5.1
Quebec,12/29/2006,-2.9,15.7,19.3,5
Quebec,12/30/2006,11.1,20.4,21.5,4.4
Quebec,12/31/2006,4.9,28.4,29.7,12
Quebec,1/1/2007,20,40.1,35.2,15.8
Quebec,1/2/2007,22.6,37.2,39.5,22.3
Quebec,1/3/2007,24.4,41.2,41.5,26.7
Quebec,1/4/2007,33.1,46.2,44.8,32.1
Quebec,1/5/2007,38.8,47,47.5,36.1
Quebec,1/6/2007,36.2,49.3,45.5,35.5
Quebec,1/7/2007,31.4,40,42.7,32.9
Quebec,1/8/2007,31,38.8,38.1,27.9
Quebec,1/9/2007,21.3,35.4,31.9,19.8
Quebec,1/10/2007,7,21.5,28.6,11.5
Quebec,1/11/2007,6.2,29.1,29.3,12.1
Quebec,1/12/2007,22.9,37.2,33.4,12.2
Quebec,1/13/2007,7.4,34,31.2,12.6
Quebec,1/14/2007,7.5,22.3,23.8,8.1
Quebec,1/15/2007,9.4,15.1,16.2,2.3
Quebec,1/16/2007,-10.1,11.3,9.4,-5.9
Quebec,1/17/2007,-17.1,1.8,12.6,-8.8
Quebec,1/18/2007,0.7,24.6,18.4,-0.4
Quebec,1/19/2007,15.2,28.8,25.2,4.9
Quebec,1/20/2007,-1.3,22.3,20,2.1
Quebec,1/21/2007,-7.7,9,15.3,-3.7
Quebec,1/22/2007,-2,14.7,16.4,-2.4
Quebec,1/23/2007,2.6,25.7,22.8,-0.6
Quebec,1/24/2007,-2.5,28,19.1,-3.1
Quebec,1/25/2007,-9.4,3.7,10.6,-8
Quebec,1/26/2007,-12.1,0.2,2.9,-12.3
Quebec,1/27/2007,-15.4,4.8,6.8,-12.6
Quebec,1/28/2007,-10.2,15.3,10,-12.3
Quebec,1/29/2007,-11.3,10,10.2,-12.5
Quebec,1/30/2007,-16,5.4,9.1,-13.7
Quebec,1/31/2007,-13.8,12,14.2,-11.9
Quebec,2/1/2007,-5.9,25.1,21.9,-2
Quebec,2/2/2007,13.6,28.6,26.3,6.7
Quebec,2/3/2007,12.4,25.3,22.9,8
Quebec,2/4/2007,-2.1,14.7,13.8,-0.2
Quebec,2/5/2007,-11,1.4,9.1,-5.8
Quebec,2/6/2007,-4.3,11.1,7.4,-6.2
Quebec,2/7/2007,-3.5,9.6,11.2,-3
Quebec,2/8/2007,-1.3,12.8,11.5,-1.9
Quebec,2/9/2007,-1.1,12,14,-0.8
Quebec,2/10/2007,-0.1,17.2,17,-2
Quebec,2/11/2007,-4.8,22,19.3,-4.3
Quebec,2/12/2007,-7.8,18.8,15.1,-8.8
Quebec,2/13/2007,-13.9,4.7,10.6,-6.8
Quebec,2/14/2007,1.2,8.2,6.8,-4.4
Quebec,2/15/2007,-0.4,7.5,11.4,1.2
Quebec,2/16/2007,2.7,18.4,17,6
Quebec,2/17/2007,15.6,25.1,21.5,5.3
Quebec,2/18/2007,-2.4,20.9,16.3,-0.5
Quebec,2/19/2007,-14.6,3,11.8,-5.9
Quebec,2/20/2007,-0.5,11.4,12.6,-6.9
Quebec,2/21/2007,-5.6,23.5,18.4,0.5
Quebec,2/22/2007,7.5,20.4,20,2.5
Quebec,2/23/2007,5.5,16.2,20.5,6.8
Quebec,2/24/2007,7.4,25,21.9,4.5
Quebec,2/25/2007,0.5,24.4,25.7,3.4
Quebec,2/26/2007,2.3,27.6,28.5,1.5
Quebec,2/27/2007,1.7,33.7,29.6,3.8
Quebec,2/28/2007,7.5,27.4,27.6,1.3
Quebec,3/1/2007,-5.3,21.7,25.1,4.3
Quebec,3/2/2007,10.8,26.2,27.9,9.5
Quebec,3/3/2007,22.9,35.8,31.6,17.1
Quebec,3/4/2007,17.4,32.8,31.8,12
Quebec,3/5/2007,-4.4,26.9,20.5,-0.5
Quebec,3/6/2007,-14.6,1.8,13.1,-12
Quebec,3/7/2007,-17,10.6,5.4,-15.8
Quebec,3/8/2007,-15.9,3.7,8.6,-17.6
Quebec,3/9/2007,-20,11.4,16.6,-8.5
Quebec,3/10/2007,10.5,34.6,28.7,4.7
Quebec,3/11/2007,23.5,40.2,38.3,19
Quebec,3/12/2007,22.9,40.2,40.8,25.9
Quebec,3/13/2007,31.2,42.1,42.2,30.2
Quebec,3/14/2007,36.5,44.2,42,26.9
Quebec,3/15/2007,13,39.6,34.7,19
Quebec,3/16/2007,7.5,20.4,28.1,12.4
Quebec,3/17/2007,16.8,24.3,24.7,13.6
Quebec,3/18/2007,16.5,29.5,28.6,13.5
Quebec,3/19/2007,7.2,32.1,31.8,9.5
Quebec,3/20/2007,4.7,34,31.6,3.1
Quebec,3/21/2007,-2.8,28.9,37.7,9.8
Quebec,3/22/2007,27.4,50.3,40.4,16.4
Quebec,3/23/2007,24.7,42.1,43.5,24.3
Quebec,3/24/2007,20.8,37.9,41.8,22.7
Quebec,3/25/2007,22.6,45.2,41.4,24.5
Quebec,3/26/2007,30.3,41.1,46.1,29.1
Quebec,3/27/2007,34.3,51.9,45.2,30.8
Quebec,3/28/2007,27.7,42.6,47.8,29
Quebec,3/29/2007,25.1,48.9,46.9,26.7
Quebec,3/30/2007,27.2,49.3,47.6,24.8
Quebec,3/31/2007,22,44.4,49.4,24.2
Quebec,4/1/2007,23.4,54.5,48,27.2
Quebec,4/2/2007,36.2,45.1,48,32.1
Quebec,4/3/2007,36.7,44.5,42.8,34.8
Quebec,4/4/2007,31.5,38.8,39.4,32.3
Quebec,4/5/2007,28.6,34.9,34.9,27.5
Quebec,4/6/2007,22.3,31,32.3,24.1
Quebec,4/7/2007,21.3,31.1,32.2,21.4
Quebec,4/8/2007,20.5,34.3,34.8,23.7
Quebec,4/9/2007,29.4,38.9,37.9,25.5
Quebec,4/10/2007,26.7,40.4,40.1,26.7
Quebec,4/11/2007,24.1,41.1,40.8,26.3
Quebec,4/12/2007,28.1,40.9,40.7,28.3
Quebec,4/13/2007,32.6,40,43.5,30.5
Quebec,4/14/2007,30.9,49.5,43.6,32
Quebec,4/15/2007,32.4,41.2,43,32
Quebec,4/16/2007,32.8,38.3,40.5,33
Quebec,4/17/2007,33.9,42,45.7,34.5
Quebec,4/18/2007,36.7,56.7,53.9,35
Quebec,4/19/2007,34.3,63.1,63.9,34.5
Quebec,4/20/2007,32.6,71.8,67.5,35.1
Quebec,4/21/2007,38.4,67.6,70.7,35.8
Quebec,4/22/2007,36.6,72.7,73.6,40.5
Quebec,4/23/2007,46.6,80.5,69.3,40.1
Quebec,4/24/2007,37,54.6,63.7,38.2
Quebec,4/25/2007,31,56,56.9,32.5
Quebec,4/26/2007,29.4,60.1,57.2,34.7
Quebec,4/27/2007,43.6,55.6,54.7,38.3
Quebec,4/28/2007,41.9,48.3,52,42
Quebec,4/29/2007,40.6,52.1,51.7,40.7
Quebec,4/30/2007,39.5,54.6,54.2,38.8
Quebec,5/1/2007,36.2,55.9,56.2,36.9
Quebec,5/2/2007,35.1,58.2,57.8,35.5
Quebec,5/3/2007,35.3,59.3,59.9,35.2
Quebec,5/4/2007,35.2,62.1,58.6,36.4
Quebec,5/5/2007,38.6,54.3,59,36.4
Quebec,5/6/2007,35.5,60.7,62.9,37.2
Quebec,5/7/2007,37.4,73.8,71.2,41.3
Quebec,5/8/2007,51,79,78.3,46
Quebec,5/9/2007,49.8,82.2,82.2,52.7
Quebec,5/10/2007,57.3,85.4,81.7,49.6
Quebec,5/11/2007,41.7,77.4,74.1,44.5
Quebec,5/12/2007,34.4,59.6,65.6,36.3
Quebec,5/13/2007,33,59.8,63.7,36.6
Quebec,5/14/2007,42.3,71.6,62.6,41.3
Quebec,5/15/2007,48.7,56.5,60,42.3
Quebec,5/16/2007,35.9,51.9,53,40.1
Quebec,5/17/2007,35.7,50.5,53.5,36.2
Quebec,5/18/2007,36.8,58.2,60,36.1
Quebec,5/19/2007,35.8,71.5,64.4,38.2
Quebec,5/20/2007,42.1,63.6,66.6,39.6
Quebec,5/21/2007,41,64.8,65.1,39.4
Quebec,5/22/2007,35.2,67,69.2,42.5
Quebec,5/23/2007,51.4,75.8,77.9,46.6
Quebec,5/24/2007,53.2,90.8,86.2,55.6
Quebec,5/25/2007,62.1,91.9,86,56.1
Quebec,5/26/2007,52.9,75.3,76.9,53.7
Quebec,5/27/2007,46.1,63.6,68.6,49.6
Quebec,5/28/2007,49.7,66.8,68.5,48.5
Quebec,5/29/2007,49.6,75,69,51.7
Quebec,5/30/2007,55.9,65.4,67.7,53.9
Quebec,5/31/2007,56.2,62.8,68.5,56.5
Quebec,6/1/2007,57.4,77.4,70.3,55.3
Quebec,6/2/2007,52.2,70.8,74.8,53.7
Quebec,6/3/2007,51.5,76.3,71.3,53.2
Quebec,6/4/2007,56,66.7,71,51.2
Quebec,6/5/2007,46,70,65.2,48.1
Quebec,6/6/2007,42.2,58.8,64.3,42.3
Quebec,6/7/2007,38.8,63.9,69.7,43.8
Quebec,6/8/2007,50.4,86.4,76.3,48.5
Quebec,6/9/2007,56.3,78.4,81.1,52.9
Quebec,6/10/2007,51.9,78.4,80.8,55.8
Quebec,6/11/2007,59,85.5,82.9,57.1
Quebec,6/12/2007,60.3,84.9,82,59.1
Quebec,6/13/2007,58,75.4,79.8,56.8
Quebec,6/14/2007,52.2,79.1,80.1,54.3
Quebec,6/15/2007,52.6,85.8,84.4,55
Quebec,6/16/2007,60.1,88.3,83.5,55.7
Quebec,6/17/2007,54.6,76.3,81.3,54.6
Quebec,6/18/2007,49.1,79.2,81.2,54.4
Quebec,6/19/2007,59.7,88,80.9,55.4
Quebec,6/20/2007,57.3,75.5,77.8,56.4
Quebec,6/21/2007,52.2,69.9,71.4,54.1
Quebec,6/22/2007,52.7,68.9,69.2,51.2
Quebec,6/23/2007,48.8,68.9,71.1,49.2
Quebec,6/24/2007,46.1,75.4,75.3,50.1
Quebec,6/25/2007,55.4,81.6,82.3,56.2
Quebec,6/26/2007,67,89.9,86.5,62.3
Quebec,6/27/2007,64.6,87.9,83.7,60.2
Quebec,6/28/2007,48.9,73.3,77.5,52.9
Quebec,6/29/2007,45.1,71.1,70,47.5
Quebec,6/30/2007,48.5,65.7,67.6,47.4
Quebec,7/1/2007,48.5,65.9,67.4,48.2
Quebec,7/2/2007,47.5,70.5,70.5,47.5
Quebec,7/3/2007,46.6,75,73.3,50.9
Quebec,7/4/2007,58.6,74.5,73.9,55.4
Quebec,7/5/2007,60.9,72.4,74.6,58.4
Quebec,7/6/2007,55.6,76.9,74.3,56.8
Quebec,7/7/2007,53.9,73.6,74.7,55.2
Quebec,7/8/2007,56.2,73.6,70.5,55.4
Quebec,7/9/2007,56,64.4,71.3,57.1
Quebec,7/10/2007,59.1,75.7,74.5,58.4
Quebec,7/11/2007,60.2,83.5,78.4,57.7
Quebec,7/12/2007,53.9,76,77.1,56.1
Quebec,7/13/2007,54,71.9,74.2,52.8
Quebec,7/14/2007,50.6,74.7,74.4,53.9
Quebec,7/15/2007,57.1,76.5,76.1,53.6
Quebec,7/16/2007,53.1,77.1,77.3,54.3
Quebec,7/17/2007,52.6,78.4,78.2,53.3
Quebec,7/18/2007,54.2,79,74.3,55.6
Quebec,7/19/2007,59.9,65.6,69.2,56.5
Quebec,7/20/2007,55.3,62.9,68.8,55.8
Quebec,7/21/2007,52.3,77.7,73.1,52.6
Quebec,7/22/2007,50.2,78.6,79.3,51.3
Quebec,7/23/2007,51.4,81.5,80.5,54.7
Quebec,7/24/2007,62.6,81.4,82.6,58.8
Quebec,7/25/2007,62.5,85,84.7,62.6
Quebec,7/26/2007,62.8,87.7,86.5,63.3
Quebec,7/27/2007,64.6,86.8,84.9,63.6
Quebec,7/28/2007,63.4,80.2,82.1,62.2
Quebec,7/29/2007,58.6,79.2,80.8,59
Quebec,7/30/2007,55.1,83.1,82.4,58.2
Quebec,7/31/2007,60.9,84.8,83.5,57.2
Quebec,8/1/2007,55.7,82.5,85.8,61.2
Quebec,8/2/2007,67.1,90.1,86.7,62
Quebec,8/3/2007,63.1,87.5,84.9,61.7
Quebec,8/4/2007,55,77,80,55.9
Quebec,8/5/2007,49.5,75.4,73.4,52.3
Quebec,8/6/2007,52.3,67.6,73.1,52.9
Quebec,8/7/2007,56.8,76.1,74.4,54.5
Quebec,8/8/2007,54.4,79.5,76.3,53.2
Quebec,8/9/2007,48.3,73.1,77,52.1
Quebec,8/10/2007,53.5,78.3,78.2,52.2
Quebec,8/11/2007,54.9,83.1,81.7,55.3
Quebec,8/12/2007,57.4,83.5,80.9,57.3
Quebec,8/13/2007,59.7,76,76.5,55.8
Quebec,8/14/2007,50.2,69.9,74.1,53.7
Quebec,8/15/2007,51.1,76.3,73.3,50.1
Quebec,8/16/2007,48.8,73.7,74.3,48.5
Quebec,8/17/2007,45.4,73,69.9,48.2
Quebec,8/18/2007,50.5,62.9,67.5,46.6
Quebec,8/19/2007,43.8,66.4,65.8,45
Quebec,8/20/2007,40.7,68,68.3,42.4
Quebec,8/21/2007,42.8,70.5,71,43.2
Quebec,8/22/2007,46.2,74.6,72.5,50.2
Quebec,8/23/2007,61.7,72.5,75.3,58.1
Quebec,8/24/2007,66.6,78.9,77.1,64.7
Quebec,8/25/2007,65.8,79.8,78.4,62.1
Quebec,8/26/2007,53.9,76.3,77.1,56.1
Quebec,8/27/2007,48.7,75.2,77.5,50.9
Quebec,8/28/2007,50.2,81.1,80.3,52.1
Quebec,8/29/2007,57.4,84.5,78.6,52.9
Quebec,8/30/2007,51,70.2,76.1,52.7
Quebec,8/31/2007,49.6,73.6,70.9,49.1
Quebec,9/1/2007,46.6,68.9,72.1,46.3
Quebec,9/2/2007,42.9,73.7,73.9,48.4
Quebec,9/3/2007,55.8,79,74.2,47.9
Quebec,9/4/2007,44.9,69.9,71.4,47.3
Quebec,9/5/2007,41.1,65.3,71.4,44.9
Quebec,9/6/2007,48.7,79.1,77.4,52.3
Quebec,9/7/2007,67.1,87.8,82.9,56.3
Quebec,9/8/2007,53.1,81.8,77.8,56.5
Quebec,9/9/2007,49.3,63.9,71.8,49.5
Quebec,9/10/2007,45.9,69.8,64.3,49.8
Quebec,9/11/2007,54.1,59.3,64.9,48.1
Quebec,9/12/2007,44.3,65.5,62.3,46
Quebec,9/13/2007,39.6,62.2,67.4,42.2
Quebec,9/14/2007,42.8,74.5,64.6,40.6
Quebec,9/15/2007,39.5,57.1,64.1,39
Quebec,9/16/2007,34.8,60.6,61.7,36.9
Quebec,9/17/2007,36.3,67.3,66.1,37.2
Quebec,9/18/2007,40.6,70.3,71.3,40.6
Quebec,9/19/2007,44.9,76.4,74.2,45.1
Quebec,9/20/2007,49.8,75.8,75.7,47.4
Quebec,9/21/2007,47.6,74.8,77.4,50.3
Quebec,9/22/2007,53.6,81.5,75.5,49.1
Quebec,9/23/2007,46.2,70.1,75.1,47.7
Quebec,9/24/2007,43.3,73.7,75.6,48.3
Quebec,9/25/2007,55.4,82.8,78.6,52.4
Quebec,9/26/2007,58.4,79.2,73.8,55.9
Quebec,9/27/2007,54,59.4,68.2,53.5
Quebec,9/28/2007,48.1,66.1,61.9,46.5
Quebec,9/29/2007,37.5,60.1,62.5,40.8
Quebec,9/30/2007,37,61.3,64.2,40.5
Quebec,10/1/2007,47.1,71.1,67.7,46.4
Quebec,10/2/2007,55.2,70.8,72,53.5
Quebec,10/3/2007,58.1,74.2,72.7,53.6
Quebec,10/4/2007,47.5,73.1,75,50
Quebec,10/5/2007,44.5,77.7,68.7,45.6
Quebec,10/6/2007,45,55.3,62.9,43
Quebec,10/7/2007,39.4,55.6,54.9,42.3
Quebec,10/8/2007,42.6,53.8,54.8,39.5
Quebec,10/9/2007,36.5,54.9,54.6,42
Quebec,10/10/2007,46.9,55.1,54.9,44.1
Quebec,10/11/2007,48.8,54.7,54.5,43.9
Quebec,10/12/2007,35.9,53.7,51.7,39.4
Quebec,10/13/2007,33.6,46.6,50.2,34.8
Quebec,10/14/2007,34.9,50.2,49.4,34.7
Quebec,10/15/2007,35.7,51.2,51.6,34.1
Quebec,10/16/2007,31.8,53.3,53.2,32.2
Quebec,10/17/2007,29.3,55.1,56.3,33.8
Quebec,10/18/2007,40.2,60.4,62.8,39.2
Quebec,10/19/2007,48,73,65.9,47.6
Quebec,10/20/2007,54.8,64.4,69.4,50.3
Quebec,10/21/2007,48.1,70.9,70.4,49.5
Quebec,10/22/2007,45.7,76,70.2,43.7
Quebec,10/23/2007,37.4,63.6,64.3,39.5
Quebec,10/24/2007,35.4,53.5,56.6,34.8
Quebec,10/25/2007,31.6,52.6,55.1,32.2
Quebec,10/26/2007,29.5,59.2,56.7,36.3
Quebec,10/27/2007,47.7,58.3,56.6,35.2
Quebec,10/28/2007,28.2,52.2,51.8,33.6
Quebec,10/29/2007,24.9,44.8,48.5,28.1
Quebec,10/30/2007,31.1,48.4,51.1,29.3
Quebec,10/31/2007,31.7,60.1,55,32.5
Quebec,11/1/2007,34.6,56.5,54,30.8
Quebec,11/2/2007,26.1,45.5,47.8,28.7
Quebec,11/3/2007,25.6,41.4,45.6,26.6
Quebec,11/4/2007,28.1,49.9,46.3,27.4
Quebec,11/5/2007,28.4,47.7,48.5,31
Quebec,11/6/2007,36.5,47.8,45.3,32
Quebec,11/7/2007,31.1,40.3,41.1,30.2
Quebec,11/8/2007,23,35.1,37.7,25
Quebec,11/9/2007,21,37.8,35.9,21.7
Quebec,11/10/2007,21.3,34.9,36.9,19.7
Quebec,11/11/2007,16.9,38,38.3,20.2
Quebec,11/12/2007,22.4,42,41.9,23.5
Quebec,11/13/2007,31.2,45.7,47.1,29.2
Quebec,11/14/2007,34,53.6,49.7,34.2
Quebec,11/15/2007,37.4,49.9,47,33.5
Quebec,11/16/2007,29,37.6,41,30.4
Quebec,11/17/2007,24.9,35.4,35.9,23.6
Quebec,11/18/2007,16.9,34.8,34.8,19.1
Quebec,11/19/2007,15.5,34.2,34.4,18.8
Quebec,11/20/2007,24,34.3,33.7,21.7
Quebec,11/21/2007,25.6,32.6,32.7,23.6
Quebec,11/22/2007,21.2,31.2,29.1,21
Quebec,11/23/2007,16.3,23.4,27,17.1
Quebec,11/24/2007,13.8,26.3,28.9,18.7
Quebec,11/25/2007,26.1,37.1,34,22.2
Quebec,11/26/2007,26.8,38.5,37,24.6
Quebec,11/27/2007,20.8,35.3,32,18.9
Quebec,11/28/2007,9.1,22.2,31.1,15.7
Quebec,11/29/2007,17.2,35.8,28.8,14.6
Quebec,11/30/2007,17.5,28.5,25.8,13.5
Quebec,12/1/2007,5.9,13.1,18.6,8.2
Quebec,12/2/2007,1.3,14.3,18.9,6.7
Quebec,12/3/2007,12.8,29.2,23.7,9
Quebec,12/4/2007,13,27.6,26.2,10.2
Quebec,12/5/2007,4.7,21.8,22,6
Quebec,12/6/2007,0.4,16.4,21.5,2.3
Quebec,12/7/2007,1.7,26.3,24.5,0.4
Quebec,12/8/2007,-0.9,30.8,22.7,-3.1
Quebec,12/9/2007,-10.1,10.9,20.4,-3.7
Quebec,12/10/2007,0,19.4,20,-2.7
Quebec,12/11/2007,2,29.7,26.9,0.2
Quebec,12/12/2007,-1.4,31.5,23,-3.6
Quebec,12/13/2007,-11.5,7.7,22.3,-3.9
Quebec,12/14/2007,1.2,27.6,12.9,-8.8
Quebec,12/15/2007,-15.9,3.4,14.7,-4.7
Quebec,12/16/2007,0.7,13,11,-6.9
Quebec,12/17/2007,-5.4,16.7,12.8,-5.5
Quebec,12/18/2007,-12,8.7,13.2,-5.2
Quebec,12/19/2007,1.6,14.4,14.1,1.2
Quebec,12/20/2007,14,19.2,18.3,11
Quebec,12/21/2007,17.5,21.3,24.5,17.3
Quebec,12/22/2007,20.3,32.9,33.1,22.8
Quebec,12/23/2007,30.7,45.1,38,24.9
Quebec,12/24/2007,23.5,36.1,37.7,24.7
Quebec,12/25/2007,19.8,31.9,33.8,23.2
Quebec,12/26/2007,26.3,33.5,31.6,23.7
Quebec,12/27/2007,24.9,29.3,31.4,24.6
Quebec,12/28/2007,22.6,31.6,32.9,24.6
Quebec,12/29/2007,26.2,37.7,33.8,21.4
Quebec,12/30/2007,15.5,32,30.5,18.2
Quebec,12/31/2007,12.9,21.7,25.2,13.6
Quebec,1/1/2008,12.5,21.9,18.8,4.7
Quebec,1/2/2008,-11.3,13,12,-6.9
Quebec,1/3/2008,-22.1,1.3,13.8,-11.6
Quebec,1/4/2008,-1.4,27,19.4,0.1
Quebec,1/5/2008,23.7,29.8,31.1,17.2
Quebec,1/6/2008,29.4,36.5,35.6,29
Quebec,1/7/2008,34,40.4,40.6,32.7
Quebec,1/8/2008,34.7,45,45,34
Quebec,1/9/2008,33.3,49.7,43.6,31.5
Quebec,1/10/2008,26.5,36.2,41,28.3
Quebec,1/11/2008,25.3,37.3,36.9,23
Quebec,1/12/2008,17.3,37.3,31.9,16.8
Quebec,1/13/2008,7.9,21.2,24.7,12.8
Quebec,1/14/2008,13.2,15.5,17.3,9.4
Quebec,1/15/2008,7.2,15.3,14.9,5.5
Quebec,1/16/2008,-4,14,16.8,-1.2
Quebec,1/17/2008,-6.9,21.2,24.5,0
Quebec,1/18/2008,10.8,38.3,24,-1.8
Quebec,1/19/2008,-9.4,12.6,18.9,-4.4
Quebec,1/20/2008,-14.6,5.9,8.3,-13.7
Quebec,1/21/2008,-17.1,6.4,8.3,-12.1
Quebec,1/22/2008,-4.7,12.6,12.8,-11
Quebec,1/23/2008,-11.2,19.5,12.3,-11
Quebec,1/24/2008,-17,4.8,13.4,-13.5
Quebec,1/25/2008,-12.2,15.9,12.9,-11.1
Quebec,1/26/2008,-4.1,17.9,17,-5.1
Quebec,1/27/2008,1.1,17.2,19.9,-0.7
Quebec,1/28/2008,0.9,24.6,22.7,1.2
Quebec,1/29/2008,1.6,26.2,29.9,5.4
Quebec,1/30/2008,13.7,39,28.3,5.8
Quebec,1/31/2008,2.1,19.7,26.2,5.7
Quebec,2/1/2008,1.1,19.9,21.4,3.4
Quebec,2/2/2008,6.9,24.7,22.9,6.3
Quebec,2/3/2008,10.9,24.3,23.9,5.3
Quebec,2/4/2008,-1.8,22.7,26,8.2
Quebec,2/5/2008,15.6,31,27,8
Quebec,2/6/2008,10.3,27.2,24,10.6
Quebec,2/7/2008,5.9,13.9,21.3,8.1
Quebec,2/8/2008,8.1,22.8,20.9,7.2
Quebec,2/9/2008,7.6,25.9,26.9,8.2
Quebec,2/10/2008,8.9,31.9,22.5,4.2
Quebec,2/11/2008,-3.8,9.7,16.8,-2.9
Quebec,2/12/2008,-13.9,8.8,13.6,-4.9
Quebec,2/13/2008,2.9,22.3,18.1,-5.2
Quebec,2/14/2008,-4.5,23.2,24.2,-0.8
Quebec,2/15/2008,-0.9,27.1,20.7,-6.5
Quebec,2/16/2008,-14.2,11.6,24.8,-7.2
Quebec,2/17/2008,-6.5,35.6,31,3.5
Quebec,2/18/2008,31.1,45.7,38.1,11.8
Quebec,2/19/2008,10.7,32.9,30.8,11.7
Quebec,2/20/2008,-6.7,13.8,19.6,-2.8
Quebec,2/21/2008,-12.4,12.1,14.3,-9.2
Quebec,2/22/2008,-8.4,17.2,17.7,-8.9
Quebec,2/23/2008,-6,23.8,24.3,-2.4
Quebec,2/24/2008,7.2,31.9,29.1,5.9
Quebec,2/25/2008,16.6,31.6,30.4,13.9
Quebec,2/26/2008,18.1,27.6,26.9,12.4
Quebec,2/27/2008,2.7,21.4,19.2,1.6
Quebec,2/28/2008,-16,8.7,14,-12
Quebec,2/29/2008,-22.6,11.8,14.4,-10.2
Quebec,3/1/2008,8.1,22.9,20.9,-3.1
Quebec,3/2/2008,5.3,28.2,28.4,5.5
Quebec,3/3/2008,3.1,34.1,33.8,7.3
Quebec,3/4/2008,13.6,39.1,31.1,9
Quebec,3/5/2008,10.2,20,30.3,8.8
Quebec,3/6/2008,2.7,31.7,29.8,8.6
Quebec,3/7/2008,12.9,37.6,33.3,11.2
Quebec,3/8/2008,18.1,30.7,29.8,11.6
Quebec,3/9/2008,3.9,21.1,24.5,5.7
Quebec,3/10/2008,-4.8,21.7,24.3,-0.8
Quebec,3/11/2008,-1.5,30,28.2,0.5
Quebec,3/12/2008,7.9,32.9,26.6,0.1
Quebec,3/13/2008,-6.2,17,25.1,5.1
Quebec,3/14/2008,13.5,25.3,23.7,7
Quebec,3/15/2008,13.6,28.9,29.2,13
Quebec,3/16/2008,12,33.4,30.1,9
Quebec,3/17/2008,1.6,28,32,2.6
Quebec,3/18/2008,-5.7,34.5,31.9,8.6
Quebec,3/19/2008,29.8,33.2,34.8,14.6
Quebec,3/20/2008,19.7,36.9,31.6,20.6
Quebec,3/21/2008,12.4,24.9,30,13.9
Quebec,3/22/2008,9.5,28.1,24.6,7.3
Quebec,3/23/2008,-0.1,20.7,23.6,1.1
Quebec,3/24/2008,-6.1,22,26.1,-4.3
Quebec,3/25/2008,-6.8,35.5,32.4,2.2
Quebec,3/26/2008,19.6,39.7,37.5,10.1
Quebec,3/27/2008,17.7,37.2,36.3,17.2
Quebec,3/28/2008,14.3,32,33.1,13.9
Quebec,3/29/2008,9.6,30.1,32.5,10.1
Quebec,3/30/2008,6.4,35.4,33.8,13.2
Quebec,3/31/2008,23.7,35.9,40.4,20.6
Quebec,4/1/2008,31.7,49.7,40.3,25.8
Quebec,4/2/2008,21.9,35.3,42.2,24.6
Quebec,4/3/2008,20.2,41.7,38.7,20.8
Quebec,4/4/2008,20.4,39.1,41.8,22.9
Quebec,4/5/2008,28.2,44.7,43.5,25.3
Quebec,4/6/2008,27.2,46.6,47,29.4
Quebec,4/7/2008,32.8,49.7,49.1,30.2
Quebec,4/8/2008,30.8,51.1,52.1,31.1
Quebec,4/9/2008,29.8,55.5,50.9,30.4
Quebec,4/10/2008,30.7,46.2,46.2,28.8
Quebec,4/11/2008,25.8,36.8,39.4,29.4
Quebec,4/12/2008,31.6,35.3,37.5,29.2
Quebec,4/13/2008,30.1,40.3,40.7,29.7
Quebec,4/14/2008,27.4,46.4,45.7,27.2
Quebec,4/15/2008,24.1,50.4,52.6,27.7
Quebec,4/16/2008,31.7,61,61.4,29.4
Quebec,4/17/2008,32.4,72.7,66.1,33.2
Quebec,4/18/2008,35.7,64.5,65.1,36
Quebec,4/19/2008,39.9,58,61.7,38.1
Quebec,4/20/2008,38.8,62.6,61.7,39.4
Quebec,4/21/2008,39.7,64.6,65.9,39.7
Quebec,4/22/2008,40.6,70.5,68.5,40.8
Quebec,4/23/2008,42.3,70.5,68.9,41
Quebec,4/24/2008,40.1,65.6,66.6,39.5
Quebec,4/25/2008,36.1,63.8,66.6,39.2
Quebec,4/26/2008,41.3,70.3,66.5,41.3
Quebec,4/27/2008,46.4,65.4,64.2,44.4
Quebec,4/28/2008,45.6,57,56.4,41.7
Quebec,4/29/2008,33.1,46.8,50,35.9
Quebec,4/30/2008,29.1,46.3,47.4,30.3
Quebec,5/1/2008,28.6,49,50.6,29.2
Quebec,5/2/2008,30.1,56.4,51.9,33.2
Quebec,5/3/2008,41,50.1,53.5,38.5
Quebec,5/4/2008,44.4,54.1,55.6,41
Quebec,5/5/2008,37.7,62.4,60.8,40.4
Quebec,5/6/2008,39.1,65.8,63.3,37.4
Quebec,5/7/2008,35.3,61.7,63.4,39.5
Quebec,5/8/2008,43.9,62.8,60.9,38.5
Quebec,5/9/2008,36.1,58.2,61.3,40.4
Quebec,5/10/2008,41,62.9,61.5,38.6
Quebec,5/11/2008,38.7,63.4,63.3,41.6
Quebec,5/12/2008,45,63.6,66.2,42.9
Quebec,5/13/2008,45,71.6,70.9,44.4
Quebec,5/14/2008,43.1,77.6,71.9,44.4
Quebec,5/15/2008,45.2,66.6,69.1,42.2
Quebec,5/16/2008,38.4,63,66.7,40.3
Quebec,5/17/2008,37.2,70.6,66.3,39.5
Quebec,5/18/2008,42.8,65.4,63.5,40.9
Quebec,5/19/2008,42.7,54.4,60.2,42.6
Quebec,5/20/2008,42.2,60.7,57.3,42
Quebec,5/21/2008,41,56.8,58.4,41.9
Quebec,5/22/2008,42.4,57.6,59.3,41.9
Quebec,5/23/2008,42.3,63.6,63.4,43.7
Quebec,5/24/2008,46.3,68.9,69,43.4
Quebec,5/25/2008,41.6,74.5,69.5,46.7
Quebec,5/26/2008,52.2,65,66.3,44.1
Quebec,5/27/2008,38.6,59.4,62.6,42.4
Quebec,5/28/2008,36.5,63.5,64.1,40.4
Quebec,5/29/2008,46.1,69.4,66.7,39.6
Quebec,5/30/2008,36.4,67.2,65.1,44.6
Quebec,5/31/2008,51.3,58.7,61.6,46.5
Quebec,6/1/2008,51.9,58.8,62.7,51.3
Quebec,6/2/2008,50.8,70.5,64.5,50
Quebec,6/3/2008,47.2,64.1,67.6,48.7
Quebec,6/4/2008,48,68.3,68.4,47.9
Quebec,6/5/2008,48.6,72.8,69.8,51.7
Quebec,6/6/2008,58.5,68.2,75.8,56.2
Quebec,6/7/2008,61.4,86.4,81.1,62
Quebec,6/8/2008,66.1,88.6,85.2,62.8
Quebec,6/9/2008,61.1,80.6,85.8,61.9
Quebec,6/10/2008,58.4,88.3,81.8,57.5
Quebec,6/11/2008,52.9,76.4,79.8,52.7
Quebec,6/12/2008,46.7,74.7,77.1,49.8
Quebec,6/13/2008,49.8,80.3,79.6,51.8
Quebec,6/14/2008,58.8,84,79.8,56.4
Quebec,6/15/2008,60.7,75.3,78.8,59.1
Quebec,6/16/2008,57.9,77.3,74.2,58.3
Quebec,6/17/2008,56.2,70,71.5,55.2
Quebec,6/18/2008,51.5,67.2,67.3,53.3
Quebec,6/19/2008,52.3,64.8,67.3,52.4
Quebec,6/20/2008,53.4,69.8,70.5,52.2
Quebec,6/21/2008,50.8,76.8,73.9,53.7
Quebec,6/22/2008,57,74.9,74.2,53.8
Quebec,6/23/2008,53.5,70.9,74.1,54.3
Quebec,6/24/2008,52.4,76.5,75.6,51.9
Quebec,6/25/2008,49.7,79.3,78.7,54.5
Quebec,6/26/2008,61.5,80.4,78.6,57.3
Quebec,6/27/2008,60.8,76,75.2,60.4
Quebec,6/28/2008,58.9,69.1,74.6,60.7
Quebec,6/29/2008,62.2,78.7,75.1,61.2
Quebec,6/30/2008,62.4,77.4,78.2,61
Quebec,7/1/2008,58.5,78.6,79.3,59.7
Quebec,7/2/2008,58.3,81.9,78.4,56.2
Quebec,7/3/2008,51.7,74.7,77.9,52.5
Quebec,7/4/2008,47.4,77,77.4,50.4
Quebec,7/5/2008,52,80.5,80,52
Quebec,7/6/2008,56.7,82.5,83.2,55.7
Quebec,7/7/2008,58.4,86.6,85.3,59.6
Quebec,7/8/2008,63.8,86.9,83.9,62.5
Quebec,7/9/2008,65.2,78.2,79.1,61
Quebec,7/10/2008,53.8,72.3,75,57.9
Quebec,7/11/2008,54.8,74.5,75.4,53.7
Quebec,7/12/2008,52.4,79.5,76.5,56.7
Quebec,7/13/2008,63,75.6,76.9,58.5
Quebec,7/14/2008,60,75.7,75.8,61
Quebec,7/15/2008,60.1,75.9,77.8,59.2
Quebec,7/16/2008,57.4,81.6,78.7,58.6
Quebec,7/17/2008,58.3,78.5,76.7,59
Quebec,7/18/2008,61.3,69.9,76.4,60.3
Quebec,7/19/2008,61.4,80.9,75,60.2
Quebec,7/20/2008,58,74,77.7,59
Quebec,7/21/2008,57.7,78.2,75.8,59.3
Quebec,7/22/2008,62.2,75.3,77.2,60.9
Quebec,7/23/2008,62.8,78.1,75.5,62.8
Quebec,7/24/2008,63.4,73.2,77.4,63.1
Quebec,7/25/2008,63,81,79,62.8
Quebec,7/26/2008,62.1,82.8,81,62.4
Quebec,7/27/2008,62,79.3,80,61.2
Quebec,7/28/2008,59.5,77.8,78.4,60.3
Quebec,7/29/2008,59.4,78.1,77.4,58.9
Quebec,7/30/2008,57.9,76.2,77.1,59.7
Quebec,7/31/2008,61.9,77.1,77.3,60.8
Quebec,8/1/2008,62.6,78.7,77.1,62
Quebec,8/2/2008,61.4,75.6,75.7,61.9
Quebec,8/3/2008,61.8,72.6,73.9,61
Quebec,8/4/2008,59.8,73.4,73.2,60.5
Quebec,8/5/2008,59.9,73.7,72.6,59.4
Quebec,8/6/2008,58.6,70.6,70.9,57.7
Quebec,8/7/2008,54.7,68.4,69.5,56.6
Quebec,8/8/2008,56.4,69.6,70.8,55.8
Quebec,8/9/2008,56.2,74.3,73.7,55.2
Quebec,8/10/2008,53,77.1,75.9,55
Quebec,8/11/2008,55.8,76.2,75.9,55
Quebec,8/12/2008,56.2,74.4,74.8,54.7
Quebec,8/13/2008,52,73.8,74.8,52.3
Quebec,8/14/2008,48.8,76.3,75.8,46.9
Quebec,8/15/2008,39.9,77.3,77.4,47
Quebec,8/16/2008,52.3,78.7,77.2,48.5
Quebec,8/17/2008,53.4,75.7,78.5,53.2
Quebec,8/18/2008,53.8,81.1,74,51.6
Quebec,8/19/2008,47.4,65.1,72.4,48.9
Quebec,8/20/2008,45.4,71,72,48
Quebec,8/21/2008,51.1,80,78.1,50
Quebec,8/22/2008,53.5,83.3,82.5,54.5
Quebec,8/23/2008,59.1,84.1,83.1,58.2
Quebec,8/24/2008,61.9,81.9,78.3,56.6
Quebec,8/25/2008,48.9,68.9,74,52.2
Quebec,8/26/2008,45.8,71.2,72.8,46.7
Quebec,8/27/2008,45.5,78.2,76.1,47.9
Quebec,8/28/2008,52.4,79,78.2,51.6
Quebec,8/29/2008,56.9,77.4,79.1,55.2
Quebec,8/30/2008,56.2,80.8,78.6,54.9
Quebec,8/31/2008,51.6,77.5,80.3,52.7
Quebec,9/1/2008,50.3,82.5,82.5,52.8
Quebec,9/2/2008,56.5,87.6,84.7,56.6
Quebec,9/3/2008,62.9,84,82.2,59.5
Quebec,9/4/2008,59,75.1,82.2,58.9
Quebec,9/5/2008,54.9,87.4,79.4,58
Quebec,9/6/2008,60,75.5,75.8,56.3
Quebec,9/7/2008,54.1,64.4,71.1,55.9
Quebec,9/8/2008,53.7,73.3,67.4,53
Quebec,9/9/2008,51.2,64.4,67.7,48.9
Quebec,9/10/2008,41.8,65.4,66.1,43.6
Quebec,9/11/2008,37.9,68.6,65.5,43.5
Quebec,9/12/2008,50.9,62.6,67.3,48.1
Quebec,9/13/2008,55.4,70.6,69.4,54.1
Quebec,9/14/2008,55.9,75.1,73.4,51.6
Quebec,9/15/2008,43.4,74.6,70.7,45.9
Quebec,9/16/2008,38.2,62.5,68.9,41
Quebec,9/17/2008,41.4,69.6,62.4,37.9
Quebec,9/18/2008,34.2,55,63.1,36
Quebec,9/19/2008,32.4,64.5,63.4,36.2
Quebec,9/20/2008,42,70.5,64.1,37.1
Quebec,9/21/2008,37,57.1,61.7,37.5
Quebec,9/22/2008,33.6,57.4,58.7,34.7
Quebec,9/23/2008,33.5,61.5,63.9,37.2
Quebec,9/24/2008,44.4,72.9,70.8,41.5
Quebec,9/25/2008,46.5,78,73.6,47.7
Quebec,9/26/2008,52.3,69.8,71.2,51.9
Quebec,9/27/2008,56.8,65.7,68.2,54.7
Quebec,9/28/2008,54.9,69.1,66.8,55
Quebec,9/29/2008,53.2,65.5,66.9,53.8
Quebec,9/30/2008,53.3,66.1,63.6,51.8
Quebec,10/1/2008,49,59.2,60,46.6
Quebec,10/2/2008,37.5,54.7,55.3,41.1
Quebec,10/3/2008,36.7,52,53.2,39
Quebec,10/4/2008,42.7,52.9,52.2,39
Quebec,10/5/2008,37.4,51.7,52.8,37.8
Quebec,10/6/2008,33.1,53.7,54.8,33.3
Quebec,10/7/2008,29.4,59,58,30.8
Quebec,10/8/2008,30,61.2,61.6,34.8
Quebec,10/9/2008,45,64.7,62.9,38.9
Quebec,10/10/2008,41.8,62.7,63.8,41
Quebec,10/11/2008,36.2,64,62.3,38.2
Quebec,10/12/2008,36.7,60.2,60,40.3
Quebec,10/13/2008,48.2,55.6,62.3,42.2
Quebec,10/14/2008,41.7,71.1,60.6,41.8
Quebec,10/15/2008,35.5,54.9,62.4,39.5
Quebec,10/16/2008,41.2,61,55.8,36
Quebec,10/17/2008,31.2,51.4,53.8,32.9
Quebec,10/18/2008,26.3,49,50.7,26.9
Quebec,10/19/2008,23.2,51.7,50.3,27
Quebec,10/20/2008,31.6,50.1,48.5,29.6
Quebec,10/21/2008,34.2,43.6,44.4,31.8
Quebec,10/22/2008,29.7,39.6,42.9,29.1
Quebec,10/23/2008,23.4,45.5,46.3,25.8
Quebec,10/24/2008,24.4,53.9,51,27
Quebec,10/25/2008,33.2,53.7,55.6,32.2
Quebec,10/26/2008,39.1,59.2,56.3,38.3
Quebec,10/27/2008,42.6,55.9,53.8,38.5
Quebec,10/28/2008,33.7,46.4,47.2,36.2
Quebec,10/29/2008,32.3,39.2,41.2,31.9
Quebec,10/30/2008,29.8,38.2,43.5,29.9
Quebec,10/31/2008,27.6,53.2,44.4,27.8
Quebec,11/1/2008,25.9,41.6,44.3,24.4
Quebec,11/2/2008,19.6,38.1,40.1,22.6
Quebec,11/3/2008,22.3,40.6,45,26.9
Quebec,11/4/2008,38.8,56.4,53.6,33.1
Quebec,11/5/2008,38.2,63.9,59.8,37.4
Quebec,11/6/2008,35.2,59.1,59.6,36.8
Quebec,11/7/2008,37,55.9,53.8,37.6
Quebec,11/8/2008,40.6,46.5,50.3,39.4
Quebec,11/9/2008,40.8,48.5,46.1,37.9
Quebec,11/10/2008,32.3,43.2,43.6,33.2
Quebec,11/11/2008,26.5,39.2,40.3,26.9
Quebec,11/12/2008,22.1,38.5,40.6,23.7
Quebec,11/13/2008,22.4,44.2,46.1,27.9
Quebec,11/14/2008,39.1,55.6,50,33.1
Quebec,11/15/2008,37.9,50.2,52.4,36.4
Quebec,11/16/2008,32.2,51.4,44.9,31.5
Quebec,11/17/2008,24.6,33.1,37.7,24.8
Quebec,11/18/2008,17.7,28.6,29.8,20
Quebec,11/19/2008,17.8,27.8,27.8,18.3
Quebec,11/20/2008,19.3,27.1,27,17.5
Quebec,11/21/2008,15.3,26,25.7,16.6
Quebec,11/22/2008,15.1,24.1,25.3,14.1
Quebec,11/23/2008,12,25.7,26.6,14.9
Quebec,11/24/2008,17.5,29.8,29.8,19.3
Quebec,11/25/2008,28.5,33.7,34,25.7
Quebec,11/26/2008,31,38.3,35.4,29.8
Quebec,11/27/2008,30,34,35.9,30.6
Quebec,11/28/2008,30.9,35.4,34.2,28.3
Quebec,11/29/2008,24.1,33.1,34.4,24.6
Quebec,11/30/2008,18.7,34.7,35.1,24.2
Quebec,12/1/2008,29.8,37.6,36.9,24.8
Quebec,12/2/2008,26,38.3,37.5,28.2
Quebec,12/3/2008,28.9,36.5,38.1,24.2
Quebec,12/4/2008,17.7,39.4,33.5,19.5
Quebec,12/5/2008,12,24.7,31.2,13.6
Quebec,12/6/2008,11.1,29.5,27.2,7.4
Quebec,12/7/2008,-0.8,27.5,21.5,1.6
Quebec,12/8/2008,-5.6,7.6,18.8,-1.9
Quebec,12/9/2008,0.6,21.2,17.3,-0.6
Quebec,12/10/2008,3.3,23.1,19.7,0
Quebec,12/11/2008,-3.8,14.8,20.8,0.9
Quebec,12/12/2008,3.2,24.4,15,-4.6
Quebec,12/13/2008,-13,5.8,20.7,-2.7
Quebec,12/14/2008,1.8,31.7,28.5,5.4
Quebec,12/15/2008,27.3,47.9,36.1,13.1
Quebec,12/16/2008,10.1,28.7,32.1,16.9
Quebec,12/17/2008,13.4,19.6,24,10.3
Quebec,12/18/2008,7.4,23.6,17.7,5.2
Quebec,12/19/2008,-5.3,10,12.4,-1.9
Quebec,12/20/2008,-7.8,3.5,7.3,-7.3
Quebec,12/21/2008,-8.7,8.4,8,-8.2
Quebec,12/22/2008,-8.3,12.1,10.4,-8.9
Quebec,12/23/2008,-9.7,10.6,20.7,-2.8
Quebec,12/24/2008,9.6,39.2,29.7,-0.6
Quebec,12/25/2008,-1.8,39.3,30.4,0
Quebec,12/26/2008,-7.7,12.7,27.7,1
Quebec,12/27/2008,12.5,31.1,30.7,11.8
Quebec,12/28/2008,30.5,48.2,37.9,21.2
Quebec,12/29/2008,20.5,34.3,37.3,16.3
Quebec,12/30/2008,-2.1,29.5,22.7,4.2
Quebec,12/31/2008,-5.9,4.2,12.8,-5.5
Quebec,1/1/2009,-8.4,4.6,5.2,-7.5
Quebec,1/2/2009,-8.4,6.9,9.1,-6
Quebec,1/3/2009,-1.3,15.7,12.1,-1.9
Quebec,1/4/2009,4,13.6,18.7,4.4
Quebec,1/5/2009,10.3,26.8,20.7,4.7
Quebec,1/6/2009,-0.3,21.7,21,5.2
Quebec,1/7/2009,5.5,14.4,17.6,3
Quebec,1/8/2009,3.9,16.5,14.4,1.3
Quebec,1/9/2009,-5.4,12.4,12.6,-5.8
Quebec,1/10/2009,-15.9,8.9,11.5,-9.2
Quebec,1/11/2009,-6.3,13.2,13.6,-8.7
Quebec,1/12/2009,-3.8,18.6,20.7,-1.2
Quebec,1/13/2009,6.5,30.2,19.5,-4.5
Quebec,1/14/2009,-16.2,9.9,10.7,-13.5
Quebec,1/15/2009,-30.6,-8.1,-1.5,-26.9
Quebec,1/16/2009,-33.9,-6.5,-6.2,-30.2
Quebec,1/17/2009,-26.1,-3.9,0.2,-22.8
Quebec,1/18/2009,-8.4,10.9,7.2,-9.6
Quebec,1/19/2009,5.7,14.7,12.9,-3.8
Quebec,1/20/2009,-8.8,13,14.5,-5
Quebec,1/21/2009,-11.8,15.8,19.1,-4.8
Quebec,1/22/2009,6.1,28.6,18.5,-2.3
Quebec,1/23/2009,-1.1,11.2,17.8,-2.4
Quebec,1/24/2009,-12.1,13.6,10.8,-12.6
Quebec,1/25/2009,-24.6,7.5,6.5,-21.6
Quebec,1/26/2009,-28.1,-1.5,6.3,-23.6
Quebec,1/27/2009,-17.9,12.9,9.5,-18.7
Quebec,1/28/2009,-10.1,17.2,16.4,-6.6
Quebec,1/29/2009,8.2,19,20.1,3.1
Quebec,1/30/2009,11.3,24.1,21.1,1.8
Quebec,1/31/2009,-14.3,20.2,18,-6.5
Quebec,2/1/2009,-16.6,9.6,19,-13.2
Quebec,2/2/2009,-8.8,27,16.7,-10.8
Quebec,2/3/2009,-7.1,13.4,17.3,-7.9
Quebec,2/4/2009,-7.7,11.5,10.1,-10
Quebec,2/5/2009,-15.1,5.5,11.5,-9.1
Quebec,2/6/2009,-4.4,17.4,21.3,-6.2
Quebec,2/7/2009,0.7,40.9,33,0.2
Quebec,2/8/2009,4.4,40.6,33.1,-1.3
Quebec,2/9/2009,-9,17.7,27.1,-1.7
Quebec,2/10/2009,-0.4,23.2,26.6,4.6
Quebec,2/11/2009,23.1,39,33.1,12.6
Quebec,2/12/2009,15,37.1,31.2,14.6
Quebec,2/13/2009,5.7,17.6,26.8,9.5
Quebec,2/14/2009,7.8,25.6,22.6,6.2
Quebec,2/15/2009,4.9,24.5,25.5,7.5
Quebec,2/16/2009,9.7,26.4,26.5,7.3
Quebec,2/17/2009,7.2,28.6,29.5,7.4
Quebec,2/18/2009,5.3,33.6,31.9,10.5
Quebec,2/19/2009,18.9,33.6,29,11.1
Quebec,2/20/2009,9.2,19.9,25.7,13.6
Quebec,2/21/2009,12.8,23.7,23,12.9
Quebec,2/22/2009,16.6,25.4,25,14.8
Quebec,2/23/2009,15,25.7,23.6,11.5
Quebec,2/24/2009,2.9,19.7,23.5,6.9
Quebec,2/25/2009,2.8,25.2,25.9,7.3
Quebec,2/26/2009,16.1,32.8,34.1,10.8
Quebec,2/27/2009,13.4,44.3,30.2,8.8
Quebec,2/28/2009,-3,13.5,25.5,1.8
Quebec,3/1/2009,-4.8,18.6,16.6,-0.8
Quebec,3/2/2009,5.5,17.8,18.5,-0.3
Quebec,3/3/2009,-1.7,19.2,19.2,-0.4
Quebec,3/4/2009,-5.1,20.5,21,-3.8
Quebec,3/5/2009,-4.6,23.3,28.1,3.3
Quebec,3/6/2009,19.7,40.4,34.9,16
Quebec,3/7/2009,32.8,41.1,40.5,23.9
Quebec,3/8/2009,19.1,39.9,37,21.6
Quebec,3/9/2009,12.7,30,34.8,13.9
Quebec,3/10/2009,9.8,34.4,37.3,12.9
Quebec,3/11/2009,16.3,47.4,33.2,10.1
Quebec,3/12/2009,4.3,17.7,29.9,6.8
Quebec,3/13/2009,-0.1,24.5,26.7,7.7
Quebec,3/14/2009,18.9,37.8,34.6,13.8
Quebec,3/15/2009,22.6,41.5,37.1,19.3
Quebec,3/16/2009,16.5,31.9,38.4,19.7
Quebec,3/17/2009,19.9,41.8,41.6,20.6
Quebec,3/18/2009,25.4,50.9,43.6,21.3
Quebec,3/19/2009,18.5,38.1,39.7,19
Quebec,3/20/2009,13.2,30.2,36.1,13.9
Quebec,3/21/2009,10.1,39.9,33.9,12.1
Quebec,3/22/2009,13,31.6,33.6,10.1
Quebec,3/23/2009,7.1,29.3,33.1,11.5
Quebec,3/24/2009,14.4,38.3,37.3,13.8
Quebec,3/25/2009,19.9,44.2,41.9,20.3
Quebec,3/26/2009,26.6,43.2,44.7,25.9
Quebec,3/27/2009,31.1,46.5,47.5,29.2
Quebec,3/28/2009,29.9,52.7,47.3,31.9
Quebec,3/29/2009,34.6,42.7,44.2,32.1
Quebec,3/30/2009,31.7,37.1,40.1,32.4
Quebec,3/31/2009,30.8,40.4,41.4,31
Quebec,4/1/2009,30.7,46.6,48.4,31.9
Quebec,4/2/2009,34.1,58,53.4,32.7
Quebec,4/3/2009,33.2,55.4,52.6,35.2
Quebec,4/4/2009,38.3,44.2,49.2,34.6
Quebec,4/5/2009,32.1,47.9,44.8,33.6
Quebec,4/6/2009,30.5,42.4,43.2,31
Quebec,4/7/2009,30.3,39.4,40,30.1
Quebec,4/8/2009,29.5,38.4,40.7,30.6
Quebec,4/9/2009,32,44.2,42.7,29.7
Quebec,4/10/2009,27.6,45.5,44.5,27.7
Quebec,4/11/2009,23.6,43.8,43,25.8
Quebec,4/12/2009,26.4,39.8,44.6,25.2
Quebec,4/13/2009,25.7,50.1,47.3,25.7
Quebec,4/14/2009,25.1,52,52.2,26.9
Quebec,4/15/2009,29.8,54.6,54.7,28.4
Quebec,4/16/2009,30.2,57.4,59.1,31.3
Quebec,4/17/2009,33.8,65.2,58.7,32.6
Quebec,4/18/2009,33.8,53.6,57.1,31.4
Quebec,4/19/2009,26.7,52.5,55.2,29.7
Quebec,4/20/2009,28.7,59.4,52.5,31.1
Quebec,4/21/2009,37.8,45.7,54.3,35.6
Quebec,4/22/2009,40.4,57.6,52.1,38.2
Quebec,4/23/2009,36.4,52.8,59.1,36
Quebec,4/24/2009,31.2,66.9,67.9,39.3
Quebec,4/25/2009,50.3,83.9,71.2,41.2
Quebec,4/26/2009,42.1,62.7,75.8,45.4
Quebec,4/27/2009,43.7,80.7,70.6,40.5
Quebec,4/28/2009,35.7,68.4,69.4,36.3
Quebec,4/29/2009,29.4,59.2,64.7,32
Quebec,4/30/2009,30.8,66.5,64.8,35.3
Quebec,5/1/2009,45.7,68.7,63.7,37.9
Quebec,5/2/2009,37.1,55.8,62.3,40.1
Quebec,5/3/2009,37.5,62.3,61,37.7
Quebec,5/4/2009,38.5,64.8,64.4,38.2
Quebec,5/5/2009,38.5,66,62.8,41.5
Quebec,5/6/2009,47.5,57.8,58.9,44.1
Quebec,5/7/2009,46.2,52.9,59.8,46.6
Quebec,5/8/2009,46,68.8,62.6,45.6
Quebec,5/9/2009,44.8,66,61.4,43.6
Quebec,5/10/2009,40,49.6,58.5,40.2
Quebec,5/11/2009,35.8,59.9,57.7,37.3
Quebec,5/12/2009,36,63.6,64.2,35.9
Quebec,5/13/2009,35.8,69,66.1,41.3
Quebec,5/14/2009,52,65.7,66.5,43.3
Quebec,5/15/2009,42.2,64.9,65,44.9
Quebec,5/16/2009,40.5,64.4,62.2,40.8
Quebec,5/17/2009,39.9,57.4,59.1,38.5
Quebec,5/18/2009,35.2,55.6,59.3,37.3
Quebec,5/19/2009,36.9,65,58.3,36.4
Quebec,5/20/2009,37,54.3,69,37.5
Quebec,5/21/2009,38.4,87.8,69.8,38.9
Quebec,5/22/2009,41.3,67.2,74.4,39.3
Quebec,5/23/2009,38.1,68.3,69.4,41
Quebec,5/24/2009,43.6,72.8,66,38.6
Quebec,5/25/2009,34.2,56.8,63,36.4
Quebec,5/26/2009,31.4,59.4,56.9,36.6
Quebec,5/27/2009,44.2,54.5,58.6,40.3
Quebec,5/28/2009,45.3,61.8,59.5,47.2
Quebec,5/29/2009,52.2,62.1,61.3,48.3
Quebec,5/30/2009,47.3,60.2,60.6,45.9
Quebec,5/31/2009,38.3,59.4,59.7,41.2
Quebec,6/1/2009,38.1,59.5,61.4,41.1
Quebec,6/2/2009,47,65.2,63.8,42.7
Quebec,6/3/2009,42.9,66.8,66.3,44.3
Quebec,6/4/2009,43,66.8,69.7,42.3
Quebec,6/5/2009,40.9,75.4,72.4,43.3
Quebec,6/6/2009,46.1,75,72.1,42.9
Quebec,6/7/2009,41.7,65.8,68.7,42.1
Quebec,6/8/2009,38.6,65.3,62.3,42.1
Quebec,6/9/2009,46.1,55.7,61.5,44.9
Quebec,6/10/2009,49.9,63.6,63.7,48.4
Quebec,6/11/2009,49.2,71.7,69.7,51.8
Quebec,6/12/2009,56.2,73.8,73.6,53.2
Quebec,6/13/2009,54.3,75.3,76.4,53.3
Quebec,6/14/2009,49.3,80,76.1,51.6
Quebec,6/15/2009,51.4,72.9,76.5,50.2
Quebec,6/16/2009,49.9,76.7,76.4,52.6
Quebec,6/17/2009,56.5,79.7,75.7,54.3
Quebec,6/18/2009,56.3,70.7,73.6,56.1
Quebec,6/19/2009,55.3,70.5,71.1,57.4
Quebec,6/20/2009,60.7,72.2,72.6,59.5
Quebec,6/21/2009,62.6,75.3,74.4,60.1
Quebec,6/22/2009,57.1,75.6,77,57.7
Quebec,6/23/2009,53.4,80.2,79.9,56.7
Quebec,6/24/2009,59.6,83.8,83.7,58.6
Quebec,6/25/2009,62.9,87.2,84,61.5
Quebec,6/26/2009,62,80.9,79.7,61.7
Quebec,6/27/2009,60.3,70.8,76.4,60.8
Quebec,6/28/2009,60.1,77.5,71.9,61.1
Quebec,6/29/2009,62.7,67.3,74.6,60.9
Quebec,6/30/2009,60,78.9,74.6,61.5
Quebec,7/1/2009,61.8,77.5,76.7,61.4
Quebec,7/2/2009,62.3,73.5,74.5,61.8
Quebec,7/3/2009,61.2,72.5,72,60
Quebec,7/4/2009,56.6,70.2,72.7,57.8
Quebec,7/5/2009,55.6,75.5,72.4,55.2
Quebec,7/6/2009,53.5,71.5,71.1,54.9
Quebec,7/7/2009,55.6,66.4,69.3,54.8
Quebec,7/8/2009,55.1,70,70.9,54.4
Quebec,7/9/2009,52.5,76.4,75.6,52.9
Quebec,7/10/2009,51,80.4,78,54.7
Quebec,7/11/2009,60.7,77.1,76.1,55
Quebec,7/12/2009,53.4,70.9,72,54.6
Quebec,7/13/2009,49.8,67.9,68.9,51.4
Quebec,7/14/2009,51.1,67.8,69.4,49.8
Quebec,7/15/2009,48.5,72.4,71.5,52.8
Quebec,7/16/2009,58.7,74.4,74.9,55
Quebec,7/17/2009,57.9,77.9,75.3,58.7
Quebec,7/18/2009,59.5,73.8,75.4,58.3
Quebec,7/19/2009,57.6,74.6,75.5,58.1
Quebec,7/20/2009,57.1,78,77.4,56.8
Quebec,7/21/2009,55.5,79.7,76.8,57.4
Quebec,7/22/2009,59.6,72.7,76.6,57.6
Quebec,7/23/2009,57.6,77.4,75,59.8
Quebec,7/24/2009,62.1,74.9,75.1,59.7
Quebec,7/25/2009,59.5,72.9,71,59.8
Quebec,7/26/2009,57.7,65.1,71.4,59.3
Quebec,7/27/2009,60.7,76.4,74.6,59.2
Quebec,7/28/2009,59.2,82.4,80.5,62.1
Quebec,7/29/2009,66.4,82.7,81.7,62.6
Quebec,7/30/2009,62.3,80,79.2,63.5
Quebec,7/31/2009,61.8,75.1,78.8,61.9
Quebec,8/1/2009,61.6,81.2,76.5,61.7
Quebec,8/2/2009,61.7,73.2,77,60.3
Quebec,8/3/2009,57.4,76.7,77.6,61.3
Quebec,8/4/2009,64.6,83,78.3,61.2
Quebec,8/5/2009,61.4,75.3,76.8,60.3
Quebec,8/6/2009,55,72.2,72.4,55.1
Quebec,8/7/2009,48.9,69.7,72.6,50
Quebec,8/8/2009,46.1,75.9,73.6,49.7
Quebec,8/9/2009,54.2,75.1,78,55.3
Quebec,8/10/2009,65.5,82.8,78.7,60.8
Quebec,8/11/2009,62.7,78.1,80.7,62.2
Quebec,8/12/2009,58.5,81.1,81.5,59.7
Quebec,8/13/2009,57.9,85.2,84.8,59.7
Quebec,8/14/2009,62.8,88.1,86.8,61.9
Quebec,8/15/2009,64.9,87.1,86.9,64
Quebec,8/16/2009,64.3,85.4,87.6,65.5
Quebec,8/17/2009,67.3,90.2,87,66.6
Quebec,8/18/2009,68.1,85.4,84.7,64.9
Quebec,8/19/2009,59.3,78.4,79.2,61
Quebec,8/20/2009,55.7,73.9,77.9,59.7
Quebec,8/21/2009,64.3,81.4,79.5,61.7
Quebec,8/22/2009,65.3,83.1,80.2,65
Quebec,8/23/2009,65.5,76.1,78.9,62.1
Quebec,8/24/2009,55.5,77.5,77.4,57.2
Quebec,8/25/2009,50.7,78.5,76.3,51.6
Quebec,8/26/2009,48.6,72.9,72.6,47.4
Quebec,8/27/2009,42.9,66.3,67.6,45
Quebec,8/28/2009,43.7,63.6,63.5,45.7
Quebec,8/29/2009,50.4,60.6,65.1,48.9
Quebec,8/30/2009,52.5,71,66.7,49.2
Quebec,8/31/2009,44.5,68.5,70.5,46.2
Quebec,9/1/2009,41.5,71.8,72.5,46.1
Quebec,9/2/2009,52.3,77.2,75.8,49.9
Quebec,9/3/2009,55.8,78.2,77.3,53.1
Quebec,9/4/2009,51,76.4,74.1,51.2
Quebec,9/5/2009,46.7,67.6,70.2,45.9
Quebec,9/6/2009,39.9,66.7,70,42.3
Quebec,9/7/2009,40.2,75.6,72.7,44.1
Quebec,9/8/2009,52.1,75.9,74,46.2
Quebec,9/9/2009,46.2,70.4,73.5,47.7
Quebec,9/10/2009,44.8,74.3,71.8,45.2
Quebec,9/11/2009,44.5,70.7,73.9,44.3
Quebec,9/12/2009,43.6,76.8,72.2,46.5
Quebec,9/13/2009,51.3,69,71,47.9
Quebec,9/14/2009,48.9,67,67.1,48.9
Quebec,9/15/2009,46.5,65.3,64.9,45.8
Quebec,9/16/2009,41.9,62.3,65.5,42.8
Quebec,9/17/2009,39.9,68.8,63.7,42.1
Quebec,9/18/2009,44.4,59.8,63.7,41.5
Quebec,9/19/2009,40,62.5,64,40.6
Quebec,9/20/2009,37.5,69.5,69.4,40
Quebec,9/21/2009,42.5,76,72.5,43.5
Quebec,9/22/2009,50.5,72.1,73.9,48.7
Quebec,9/23/2009,53.1,73.6,70.4,49.1
Quebec,9/24/2009,43.7,65.6,65.8,44.3
Quebec,9/25/2009,36,58.2,62.7,37.7
Quebec,9/26/2009,33.5,64.3,60.3,40.1
Quebec,9/27/2009,50.7,58.4,62.6,45.2
Quebec,9/28/2009,51.5,65.1,60.7,50.7
Quebec,9/29/2009,49.8,58.5,58.3,48
Quebec,9/30/2009,42.6,51.4,52.6,43.6
Quebec,10/1/2009,38.2,47.9,51.2,39.7
Quebec,10/2/2009,38.1,54.3,52.1,41.1
Quebec,10/3/2009,46.9,54.2,56.2,44.4
Quebec,10/4/2009,48.1,60,58,47.4
Quebec,10/5/2009,47.1,59.8,59.4,45.7
Quebec,10/6/2009,41.7,58.2,58.8,44.8
Quebec,10/7/2009,45.6,58.3,57.6,43.9
Quebec,10/8/2009,44.3,56.3,55.5,45.3
Quebec,10/9/2009,45.9,52,53.4,41.7
Quebec,10/10/2009,35,51.9,51.2,37.8
Quebec,10/11/2009,32.6,49.6,50.4,32.6
Quebec,10/12/2009,30.1,49.6,48.4,31.2
Quebec,10/13/2009,31,45.8,45,29.6
Quebec,10/14/2009,27.7,39.6,41.7,27.3
Quebec,10/15/2009,23.1,39.6,41,25.1
Quebec,10/16/2009,24.4,43.7,43.2,24.3
Quebec,10/17/2009,25.5,46.4,46.1,24.9
Quebec,10/18/2009,25,48.3,48.4,24.1
Quebec,10/19/2009,22,50.5,51.9,28.9
Quebec,10/20/2009,39.8,56.8,51.5,31.5
Quebec,10/21/2009,32.8,47.2,47,33.8
Quebec,10/22/2009,28.9,37.1,40.6,28.7
Quebec,10/23/2009,24.3,37.6,39.6,30
Quebec,10/24/2009,36.9,44,44.1,30.7
Quebec,10/25/2009,30.9,50.5,45.9,31.1
Quebec,10/26/2009,25.5,43.2,45.5,30.4
Quebec,10/27/2009,34.9,42.7,42.8,31.7
Quebec,10/28/2009,34.7,42.6,45.1,33.9
Quebec,10/29/2009,32,49.9,48.1,33
Quebec,10/30/2009,32.3,51.7,53.4,36
Quebec,10/31/2009,43.8,58.6,53.8,36.5
Quebec,11/1/2009,33.4,51.2,52.7,35.6
Quebec,11/2/2009,29.4,48.2,49.2,31.2
Quebec,11/3/2009,30.8,48.3,45.3,28.8
Quebec,11/4/2009,26.3,39.4,41.7,27.9
Quebec,11/5/2009,26.8,37.5,38.7,27.2
Quebec,11/6/2009,28.7,39.1,38.9,26.3
Quebec,11/7/2009,23.3,40.3,46,28
Quebec,11/8/2009,32,58.6,53.2,29.1
Quebec,11/9/2009,32.1,60.6,57.9,31.8
Quebec,11/10/2009,31.4,54.5,54.5,29
Quebec,11/11/2009,23.5,48.4,50.6,24.7
Quebec,11/12/2009,19.2,49,48.4,22
Quebec,11/13/2009,23.4,47.7,47.7,23.7
Quebec,11/14/2009,28.4,46.4,48.9,31.8
Quebec,11/15/2009,43.6,52.5,48.1,33.5
Quebec,11/16/2009,28.4,45.3,46.5,31.7
Quebec,11/17/2009,23.1,41.6,43.3,23.6
Quebec,11/18/2009,19.3,42.9,42.8,21.8
Quebec,11/19/2009,22.9,43.8,44.5,25.3
Quebec,11/20/2009,33.6,46.8,46.6,28.8
Quebec,11/21/2009,30,49.3,45,30
Quebec,11/22/2009,26.5,38.9,41.5,27.6
Quebec,11/23/2009,26.3,36.4,39,26.8
Quebec,11/24/2009,27.6,41.7,39.7,29.7
Quebec,11/25/2009,35.2,40.9,43.3,32.7
Quebec,11/26/2009,35.3,47.1,43.9,36.6
Quebec,11/27/2009,39.1,43.6,45,35.9
Quebec,11/28/2009,33.4,44.3,42.5,34.6
Quebec,11/29/2009,31.4,39.7,39,30.1
Quebec,11/30/2009,25.5,33.1,35.8,27.3
Quebec,12/1/2009,25,34.6,36.6,25.6
Quebec,12/2/2009,26.3,42,39.2,28
Quebec,12/3/2009,32.8,41.1,41,29.4
Quebec,12/4/2009,29,40.1,38.4,28.7
Quebec,12/5/2009,24.4,33.9,35.9,24.5
Quebec,12/6/2009,20.1,33.5,31.6,21.1
Quebec,12/7/2009,18.9,27.3,29.4,16.9
Quebec,12/8/2009,11.9,27.3,26.7,14.9
Quebec,12/9/2009,14,25.6,28.3,15
Quebec,12/10/2009,19.2,31.9,26,13.8
Quebec,12/11/2009,8.1,20.5,25.4,10.7
Quebec,12/12/2009,4.9,23.8,25,5.2
Quebec,12/13/2009,2.5,30.7,27.5,6.4
Quebec,12/14/2009,11.7,27.9,29.4,9.7
Quebec,12/15/2009,14.9,29.5,24.2,7.8
Quebec,12/16/2009,-3.4,15.1,17,0.4
Quebec,12/17/2009,-10.4,6.3,9.9,-8.5
Quebec,12/18/2009,-11.7,8.3,9.7,-12.6
Quebec,12/19/2009,-15.6,14.4,12.4,-9.4
Quebec,12/20/2009,-0.9,14.5,16.7,-4.7
Quebec,12/21/2009,2.4,21.4,16.4,2.4
Quebec,12/22/2009,5.7,13.2,19.1,6.2
Quebec,12/23/2009,10.6,22.8,22.2,12.3
Quebec,12/24/2009,20.6,30.5,27.2,18.5
Quebec,12/25/2009,24.3,28.3,29.7,22.6
Quebec,12/26/2009,22.9,30.3,30.8,25.2
Quebec,12/27/2009,28.3,33.7,31.8,24.7
Quebec,12/28/2009,22.9,31.4,29.8,16.1
Quebec,12/29/2009,-3,24.3,22.8,4.7
Quebec,12/30/2009,-5.7,12.7,19.5,0.4
Quebec,12/31/2009,9.9,21.6,19.8,7.9
Quebec,1/1/2010,19.7,25.2,23.9,15.5
Quebec,1/2/2010,16.8,24.8,28.7,17.6
Quebec,1/3/2010,16.2,36.1,29.8,16
Quebec,1/4/2010,15.1,28.4,29.5,16.6
Quebec,1/5/2010,18.6,23.9,26.3,18.1
Quebec,1/6/2010,20.6,26.5,25.1,17.2
Quebec,1/7/2010,12.3,24.9,24.4,12.9
Quebec,1/8/2010,5.8,21.9,18.8,3.9
Quebec,1/9/2010,-6.4,9.7,14.9,-2.1
Quebec,1/10/2010,-5.8,13.1,15.2,0.1
Quebec,1/11/2010,12.5,22.6,17.8,-0.1
Quebec,1/12/2010,-7,17.8,18,-0.9
Quebec,1/13/2010,-8.3,13.7,17.3,-2.5
Quebec,1/14/2010,7.7,20.4,23.5,6.2
Quebec,1/15/2010,19.2,36.4,30.2,15.9
Quebec,1/16/2010,20.8,33.8,31.3,16.4
Quebec,1/17/2010,9.4,23.8,27.6,15.7
Quebec,1/18/2010,16.9,25.3,26.2,17.1
Quebec,1/19/2010,25,29.4,28.7,21.4
Quebec,1/20/2010,22.5,31.5,28.9,18.4
Quebec,1/21/2010,7.8,25.8,28.3,9.3
Quebec,1/22/2010,-2.2,27.6,24.5,-0.9
Quebec,1/23/2010,-8.1,20.1,26.1,-1.1
Quebec,1/24/2010,7,30.6,31.7,9
Quebec,1/25/2010,28.1,44.4,37.3,21.6
Quebec,1/26/2010,29.8,36.9,37.5,26
Quebec,1/27/2010,20,31.1,31.6,19
Quebec,1/28/2010,7,26.7,21.7,7.8
Quebec,1/29/2010,-3.6,7.5,12.7,-1.6
Quebec,1/30/2010,-8.3,4.1,9.8,-5.4
Quebec,1/31/2010,-4.4,17.9,13.1,-3.9
Quebec,2/1/2010,0.8,17.4,14.1,-3.2
Quebec,2/2/2010,-6.2,6.9,14.3,-3.1
Quebec,2/3/2010,-3.8,18.6,14,-2.2
Quebec,2/4/2010,3.3,16.4,18,-0.9
Quebec,2/5/2010,-2.1,18.9,17.8,0
Quebec,2/6/2010,-1.2,18.1,21,0.4
Quebec,2/7/2010,4.4,25.9,22.7,5.5
Quebec,2/8/2010,13.2,24.2,25.8,10.1
Quebec,2/9/2010,12.7,27.3,27.1,12.1
Quebec,2/10/2010,10.4,29.7,28.7,10.6
Quebec,2/11/2010,8.5,29.1,26.4,9.7
Quebec,2/12/2010,10.1,20.5,25.2,11.4
Quebec,2/13/2010,15.7,26.1,24.8,15.6
Quebec,2/14/2010,20.9,27.7,27.3,18.2
Quebec,2/15/2010,17.9,28,29.3,19
Quebec,2/16/2010,18.2,32.1,31.1,19.5
Quebec,2/17/2010,22.4,33.1,34.3,21.9
Quebec,2/18/2010,25.2,37.6,34.8,23.3
Quebec,2/19/2010,22.2,33.6,35.3,22.8
Quebec,2/20/2010,21,34.8,33.8,20.2
Quebec,2/21/2010,17.3,33,33.4,18.5
Quebec,2/22/2010,17.1,32.6,33.6,20.7
Quebec,2/23/2010,27.7,35.3,33.8,25.4
Quebec,2/24/2010,31.4,33.4,34.3,30
Quebec,2/25/2010,30.8,34.2,34.9,31.3
Quebec,2/26/2010,31.6,37.2,36.9,31.4
Quebec,2/27/2010,31.9,39.2,37.7,31.8
Quebec,2/28/2010,31.9,36.7,39.7,32.1
Quebec,3/1/2010,32.6,43.1,39.2,28.6
Quebec,3/2/2010,21.4,37.8,39.2,25.1
Quebec,3/3/2010,21.2,36.8,38.2,21.5
Quebec,3/4/2010,21.8,39.9,37.6,19.8
Quebec,3/5/2010,16.3,36.2,39.5,17.7
Quebec,3/6/2010,14.9,42.3,41,18.2
Quebec,3/7/2010,23.6,44.5,43.9,22.3
Quebec,3/8/2010,28.5,44.8,41.5,23.7
Quebec,3/9/2010,19,35.3,39.8,20.7
Quebec,3/10/2010,14.6,39.4,39.1,17.6
Quebec,3/11/2010,19.1,42.8,42.4,19.5
Quebec,3/12/2010,24.8,45,45.1,24
Quebec,3/13/2010,28,47.6,45.2,28.8
Quebec,3/14/2010,33.7,42.9,47.6,31.6
Quebec,3/15/2010,33.3,52.2,50.9,31.6
Quebec,3/16/2010,27.8,57.4,55.5,29.1
Quebec,3/17/2010,26.2,56.7,55.6,30.4
Quebec,3/18/2010,37.3,52.7,54.8,31.9
Quebec,3/19/2010,32.3,55,51.2,32.3
Quebec,3/20/2010,27.4,46,46.4,28
Quebec,3/21/2010,24.3,38.2,42.9,26.9
Quebec,3/22/2010,29,44.5,40.3,27.3
Quebec,3/23/2010,28.4,38.3,43.7,28.8
Quebec,3/24/2010,28.9,48.2,46.8,25.1
Quebec,3/25/2010,18,54.1,42.4,18.3
Quebec,3/26/2010,8.1,25.1,36.4,11.6
Quebec,3/27/2010,8.8,30,33,12.8
Quebec,3/28/2010,21.6,43.9,38.2,20.4
Quebec,3/29/2010,31,40.6,42.6,27.4
Quebec,3/30/2010,29.6,43.4,45.7,32.1
Quebec,3/31/2010,35.6,53.1,49.4,33
Quebec,4/1/2010,33.9,51.7,59.3,35.3
Quebec,4/2/2010,36.3,73.2,67.9,36.4
Quebec,4/3/2010,39.1,78.7,72.9,40.2
Quebec,4/4/2010,45.1,66.7,69.1,42.3
Quebec,4/5/2010,42.8,61.8,63.1,43.6
Quebec,4/6/2010,42.9,60.9,59.9,42.8
Quebec,4/7/2010,42.7,57.2,54.7,39.9
Quebec,4/8/2010,34,45.9,49.8,37.8
Quebec,4/9/2010,36.8,46.4,47.8,35.4
Quebec,4/10/2010,35.5,51,50.3,35.9
Quebec,4/11/2010,35.5,53.5,52.7,34
Quebec,4/12/2010,31.1,53.6,53.9,31.9
Quebec,4/13/2010,29.1,54.4,56.7,29.9
Quebec,4/14/2010,29.5,62,55.7,29.6
Quebec,4/15/2010,30.1,50.7,51.7,30.9
Quebec,4/16/2010,33.1,42.6,45.3,32.1
Quebec,4/17/2010,33.1,42.6,44.5,32.4
Quebec,4/18/2010,31.1,48.4,50.7,33.2
Quebec,4/19/2010,35.4,61,58.2,35.2
Quebec,4/20/2010,39.2,65.3,61.8,38.4
Quebec,4/21/2010,40.7,59,59.9,38.9
Quebec,4/22/2010,36.7,55.3,57.8,38
Quebec,4/23/2010,36.4,58.9,60.1,35
Quebec,4/24/2010,31.7,66,61.8,35.4
Quebec,4/25/2010,38.1,60.6,62.7,34.7
Quebec,4/26/2010,34.4,61.5,55.5,34.3
Quebec,4/27/2010,30.3,44.5,54.3,32.9
Quebec,4/28/2010,34,56.9,52.5,33.3
Quebec,4/29/2010,35.5,56,60.7,35.2
Quebec,4/30/2010,36,69.1,63.8,39
Quebec,5/1/2010,45.4,66.2,71.5,43
Quebec,5/2/2010,47.7,79.1,72.6,48.6
Quebec,5/3/2010,52.8,72.6,74,49.4
Quebec,5/4/2010,47.8,70.2,70.4,48.3
Quebec,5/5/2010,44.2,68.4,67.1,44.9
Quebec,5/6/2010,42.6,62.8,62.6,41.8
Quebec,5/7/2010,38.7,56.6,56.6,39.8
Quebec,5/8/2010,38.1,50.4,50,36.9
Quebec,5/9/2010,33.8,42.9,47.1,33.8
Quebec,5/10/2010,29.5,48,50.2,30.9
Quebec,5/11/2010,29.4,59.8,55.1,31.4
Quebec,5/12/2010,35.2,57.4,61.1,32.3
Quebec,5/13/2010,32.3,66,60.9,37.5
Quebec,5/14/2010,45,59.2,62.1,40.6
Quebec,5/15/2010,44.5,61.2,64,43.7
Quebec,5/16/2010,41.4,71.6,69.3,42.5
Quebec,5/17/2010,41.5,75.1,75,42.2
Quebec,5/18/2010,43.7,78.4,75.4,44.9
Quebec,5/19/2010,49.6,72.7,76.6,47.4
Quebec,5/20/2010,48.9,78.8,73.4,47.2
Quebec,5/21/2010,43,68.8,76.4,44.9
Quebec,5/22/2010,42.7,81.8,78.2,47
Quebec,5/23/2010,55.2,84.2,84.3,52.5
Quebec,5/24/2010,59.6,87,87.6,58.8
Quebec,5/25/2010,61.7,91.7,90,60.4
Quebec,5/26/2010,59.8,91.4,87,58.5
Quebec,5/27/2010,53.9,77.8,82.1,54.6
Quebec,5/28/2010,50.2,77,77.4,52.5
Quebec,5/29/2010,53.5,77.5,75.7,52.4
Quebec,5/30/2010,53.5,72.4,74.3,51.5
Quebec,5/31/2010,47.6,73.1,72.7,51.2
Quebec,6/1/2010,52.6,72.6,74.3,51.9
Quebec,6/2/2010,55.5,77.2,71.4,54.8
Quebec,6/3/2010,56.3,64.4,72.8,54.7
Quebec,6/4/2010,52.3,76.9,69.6,53.3
Quebec,6/5/2010,51.3,67.4,66.4,50.6
Quebec,6/6/2010,48.3,54.9,62.9,48.4
Quebec,6/7/2010,45.7,66.3,62.6,45.8
Quebec,6/8/2010,43.3,66.6,68,43.9
Quebec,6/9/2010,42.6,71.2,67.3,46.4
Quebec,6/10/2010,53.4,64.2,69.7,47.7
Quebec,6/11/2010,47.1,73.7,71,51.7
Quebec,6/12/2010,54.6,75.2,75.8,51.5
Quebec,6/13/2010,52.9,78.5,73.6,53
Quebec,6/14/2010,51.5,67.1,72.8,50.2
Quebec,6/15/2010,46.1,72.9,70.2,48
Quebec,6/16/2010,46.3,70.5,75.2,49.9
Quebec,6/17/2010,57.2,82.2,79.2,53.9
Quebec,6/18/2010,58.2,84.8,84.3,58.6
Quebec,6/19/2010,60.5,85.9,83.2,59.1
Quebec,6/20/2010,58.5,78.9,81.6,57.4
Quebec,6/21/2010,53.4,79.9,79.9,54
Quebec,6/22/2010,50.1,80.8,80.2,56.2
Quebec,6/23/2010,65.1,79.8,78.8,56.4
Quebec,6/24/2010,54.1,75.8,76.2,56.5
Quebec,6/25/2010,50.4,73.1,73.6,53.7
Quebec,6/26/2010,56.6,71.8,73.6,53.4
Quebec,6/27/2010,53.2,75.9,73,55.8
Quebec,6/28/2010,57.6,71.2,71.7,54
Quebec,6/29/2010,51.4,68,68.2,52.7
Quebec,6/30/2010,49,65.5,67.2,49.7
Quebec,7/1/2010,48.6,68.2,70.8,48.8
Quebec,7/2/2010,48.8,78.6,76.8,52.2
Quebec,7/3/2010,59.3,83.5,82.5,58.6
Quebec,7/4/2010,67.8,85.2,85.9,64.2
Quebec,7/5/2010,65.4,89.1,88.8,68.2
Quebec,7/6/2010,71.4,92.1,91.4,69.7
Quebec,7/7/2010,72.3,93,92.6,71.4
Quebec,7/8/2010,70.3,92.8,90.9,70.3
Quebec,7/9/2010,68.1,87,88.8,67.6
Quebec,7/10/2010,64.3,86.6,86.6,64.7
Quebec,7/11/2010,61.8,86.3,86.5,62.8
Quebec,7/12/2010,62.3,86.7,83.6,63.6
Quebec,7/13/2010,66.6,77.8,82.9,64.2
Quebec,7/14/2010,63.8,84.2,82.2,63.3
Quebec,7/15/2010,59.5,84.7,83.9,64.4
Quebec,7/16/2010,69.8,82.7,83.9,64.5
Quebec,7/17/2010,64.3,84.2,81.5,65.5
Quebec,7/18/2010,62.3,77.6,79.1,62.5
Quebec,7/19/2010,61,75.4,77.8,60.7
Quebec,7/20/2010,58.6,80.4,79,58.7
Quebec,7/21/2010,56.3,81.1,81.1,57.2
Quebec,7/22/2010,56.8,81.8,81.2,55.3
Quebec,7/23/2010,52.7,80.7,80.4,57.3
Quebec,7/24/2010,62.5,78.7,77.7,58
Quebec,7/25/2010,58.7,73.6,77.2,58.9
Quebec,7/26/2010,55.6,79.4,79.9,56
Quebec,7/27/2010,53.6,86.7,83.5,58
Quebec,7/28/2010,64.6,84.5,80.8,57.4
Quebec,7/29/2010,54,71.2,74.4,56
Quebec,7/30/2010,49.5,67.7,71,50.3
Quebec,7/31/2010,47.6,74.2,73.8,48.8
Quebec,8/1/2010,49.4,79.6,78.7,50.8
Quebec,8/2/2010,55.5,82.5,79.8,57
Quebec,8/3/2010,66.2,77.3,81.7,62.5
Quebec,8/4/2010,65.8,85.3,82.3,64.4
Quebec,8/5/2010,61.3,84.2,79.3,58.1
Quebec,8/6/2010,47.1,68.5,74.1,50.8
Quebec,8/7/2010,44.1,69.7,70.9,48.7
Quebec,8/8/2010,54.9,74.6,75.3,53.5
Quebec,8/9/2010,61.4,81.7,80,58.2
Quebec,8/10/2010,58.3,83.8,80.8,58.5
Quebec,8/11/2010,55.7,76.9,79,56.2
Quebec,8/12/2010,54.7,76.3,77.6,54.8
Quebec,8/13/2010,54,79.5,78.9,56.3
Quebec,8/14/2010,60.3,80.8,80.1,60.3
Quebec,8/15/2010,66.6,80,81,63.6
Quebec,8/16/2010,64,82.1,80.2,62.9
Quebec,8/17/2010,58.2,78.5,78.5,58.9
Quebec,8/18/2010,54.6,74.8,77.5,54.8
Quebec,8/19/2010,51.7,79.2,75.6,51.2
Quebec,8/20/2010,47.4,72.9,73.1,49.6
Quebec,8/21/2010,49.7,67.2,68.5,51.4
Quebec,8/22/2010,57,65.4,69.5,55.4
Quebec,8/23/2010,59.4,75.9,72.9,57.4
Quebec,8/24/2010,55.8,77.2,74.8,56.7
Quebec,8/25/2010,54.8,71.3,74.2,54.9
Quebec,8/26/2010,54.2,74.2,72.2,53.1
Quebec,8/27/2010,50.3,71.2,74.5,54.3
Quebec,8/28/2010,58.5,78.2,79,57.4
Quebec,8/29/2010,63.5,87.5,84.8,60.9
Quebec,8/30/2010,60.8,88.8,89.6,64.6
Quebec,8/31/2010,69.5,92.5,90.8,67.1
Quebec,9/1/2010,71.1,91.2,88.7,69.1
Quebec,9/2/2010,66.6,82.4,86.9,67.7
Quebec,9/3/2010,65.4,87.1,80.4,63
Quebec,9/4/2010,57.1,71.8,74.2,57.8
Quebec,9/5/2010,50.8,63.6,69.1,52
Quebec,9/6/2010,48,71.9,70.3,52.1
Quebec,9/7/2010,57.6,75.5,72,53.7
Quebec,9/8/2010,55.6,68.7,68.6,54.6
Quebec,9/9/2010,50.6,61.6,67.2,51.9
Quebec,9/10/2010,49.3,71.4,68.1,47.8
Quebec,9/11/2010,43.4,71.2,70.2,46.9
Quebec,9/12/2010,48,68,68.4,48.5
Quebec,9/13/2010,54.1,66.1,66.7,50.2
Quebec,9/14/2010,48.4,65.8,64,48.7
Quebec,9/15/2010,43.4,60.2,60.3,45
Quebec,9/16/2010,43.1,54.7,59.6,42.5
Quebec,9/17/2010,41,64,62.2,40.4
Quebec,9/18/2010,37.3,67.8,66.1,40.3
Quebec,9/19/2010,42.7,66.5,66,39.5
Quebec,9/20/2010,38.5,63.7,63.4,39.9
Quebec,9/21/2010,38.4,59.9,65.5,41.3
Quebec,9/22/2010,46.9,72.9,63.5,42.6
Quebec,9/23/2010,42.4,57.7,60.9,44.8
Quebec,9/24/2010,45.2,52.2,57.7,44.8
Quebec,9/25/2010,46.7,63.3,56.5,45.4
Quebec,9/26/2010,44.2,54.1,61.4,46.6
Quebec,9/27/2010,49.1,66.8,64.4,50.3
Quebec,9/28/2010,57.5,72.3,67.9,53.1
Quebec,9/29/2010,52.7,64.6,65.9,54.5
Quebec,9/30/2010,53.4,60.7,61.9,49.9
Quebec,10/1/2010,43.8,60.4,58.7,44.9
Quebec,10/2/2010,37.5,54.9,56.6,37.6
Quebec,10/3/2010,31.5,54.4,55.6,35.1
Quebec,10/4/2010,36.3,57.4,59.6,35.7
Quebec,10/5/2010,39.3,66.9,59.9,40.6
Quebec,10/6/2010,46.1,55.4,60.8,43.7
Quebec,10/7/2010,45.8,60,57.5,44.4
Quebec,10/8/2010,41.5,57.1,56.5,41.3
Quebec,10/9/2010,36.8,52.5,56,39
Quebec,10/10/2010,38.9,58.5,54.7,36.8
Quebec,10/11/2010,34.8,53.1,55.2,35.1
Quebec,10/12/2010,31.5,54.1,54.4,32.8
Quebec,10/13/2010,32.1,56,55.1,36
Quebec,10/14/2010,44.5,55.3,53.4,39.2
Quebec,10/15/2010,40.9,49,52.6,41.1
Quebec,10/16/2010,37.9,53.6,52.8,37.5
Quebec,10/17/2010,33.7,55.7,53,34.6
Quebec,10/18/2010,32.2,49.7,52.6,31.2
Quebec,10/19/2010,27.7,52.4,52.3,31.7
Quebec,10/20/2010,35.1,54.7,52.4,32.5
Quebec,10/21/2010,34.6,50,49,33.2
Quebec,10/22/2010,29.9,42.4,46.1,30.7
Quebec,10/23/2010,27.6,46.1,42.9,28.2
Quebec,10/24/2010,27.1,40.4,43.5,29.9
Quebec,10/25/2010,35.1,43.9,43.9,34.6
Quebec,10/26/2010,41.5,47.5,52.3,40.8
Quebec,10/27/2010,45.7,65.4,57.6,43.5
Quebec,10/28/2010,43.3,59.8,57.8,39.8
Quebec,10/29/2010,30.3,48.3,49.7,34.3
Quebec,10/30/2010,29.3,41.1,41.9,29.4
Quebec,10/31/2010,28.4,36.2,40.4,29.8
Quebec,11/1/2010,31.8,44,41.8,28.9
Quebec,11/2/2010,26.5,45.1,44.6,26.6
Quebec,11/3/2010,21.5,44.8,43.7,25
Quebec,11/4/2010,27.1,41.2,41.6,27.5
Quebec,11/5/2010,34,38.8,40.5,30.1
Quebec,11/6/2010,29.3,41.4,39.6,29.5
Quebec,11/7/2010,25.2,38.5,40,26.4
Quebec,11/8/2010,24.8,40.1,42.1,27.2
Quebec,11/9/2010,31.7,47.6,45.1,28.2
Quebec,11/10/2010,28.3,47.4,47.1,28.8
Quebec,11/11/2010,26.5,46.1,47.8,25.9
Quebec,11/12/2010,23,49.7,47.1,24.4
Quebec,11/13/2010,23.7,45.5,46.8,26.1
Quebec,11/14/2010,31.5,45.1,46.8,28.5
Quebec,11/15/2010,30.2,49.7,48.4,29.9
Quebec,11/16/2010,27.9,50.4,49.5,32
Quebec,11/17/2010,37.9,48.5,46.8,31.5
Quebec,11/18/2010,28.6,41.5,40.9,29.8
Quebec,11/19/2010,23.1,32.7,37.3,24.6
Quebec,11/20/2010,22,37.6,32.4,20.7
Quebec,11/21/2010,17,27,32.5,21.7
Quebec,11/22/2010,26.1,32.8,33.5,25
Quebec,11/23/2010,32,40.5,36.2,25.8
Quebec,11/24/2010,19.4,35.2,33.6,21.8
Quebec,11/25/2010,14,25,31.3,18.4
Quebec,11/26/2010,21.8,33.6,30.4,17.3
Quebec,11/27/2010,16.2,32.5,33.1,19.1
Quebec,11/28/2010,19.4,33.1,35.3,20.4
Quebec,11/29/2010,25.7,40.4,38.5,22.4
Quebec,11/30/2010,22.3,42.2,44,26.7
Quebec,12/1/2010,32.2,49.5,43.1,28.2
Quebec,12/2/2010,30.1,37.5,41.6,29.8
Quebec,12/3/2010,27.3,37.9,35.3,26.6
Quebec,12/4/2010,22.5,30.6,31.5,24
Quebec,12/5/2010,22.1,26,28.2,22.5
Quebec,12/6/2010,23.1,28,26.3,21.1
Quebec,12/7/2010,18.2,25.1,24.2,18
Quebec,12/8/2010,12.8,19.6,20.4,8.6
Quebec,12/9/2010,-5.2,16.5,17.6,-0.8
Quebec,12/10/2010,-10,16.7,21.1,-0.3
Quebec,12/11/2010,14.3,30,27.4,6.8
Quebec,12/12/2010,16.2,35.5,34.1,15.3
Quebec,12/13/2010,15.4,36.8,29.5,11
Quebec,12/14/2010,1.2,16.3,21.9,4.9
Quebec,12/15/2010,-2.1,12.7,14.3,0.4
Quebec,12/16/2010,2,14,15.1,2.1
Quebec,12/17/2010,6.5,18.6,18.5,6.7
Quebec,12/18/2010,11.7,23,22.3,8.3
Quebec,12/19/2010,6.6,25.3,23.6,7.9
Quebec,12/20/2010,5.4,22.5,26.2,10.8
Quebec,12/21/2010,20.3,30.7,28,15
Quebec,12/22/2010,19.4,30.8,30.8,15.9
Quebec,12/23/2010,8.1,30.9,27.6,9.5
Quebec,12/24/2010,0.9,21.2,23.2,2.8
Quebec,12/25/2010,-0.7,17.4,18.1,0.8
Quebec,12/26/2010,2.1,15.7,16.3,2
Quebec,12/27/2010,4.5,16,18.5,3.5
Quebec,12/28/2010,3.8,23.8,22.1,5.1
Quebec,12/29/2010,7,26.6,27.2,8.7
Quebec,12/30/2010,15.4,31.3,31.7,16.8
Quebec,12/31/2010,28,37.2,34.9,25.5
Quebec,1/1/2011,33.1,36.3,37.8,29.2
Quebec,1/2/2011,26.5,39.9,34.9,24.6
Quebec,1/3/2011,14.2,28.5,30.1,16.2
Quebec,1/4/2011,7.9,22,24.9,9.6
Quebec,1/5/2011,6.6,24.3,22.5,7.4
Quebec,1/6/2011,7.7,21.1,22.7,8.9
Quebec,1/7/2011,12.4,22.8,23.1,10.9
Quebec,1/8/2011,12.7,25.3,25.6,14.3
Quebec,1/9/2011,17.7,28.8,25.8,14.7
Quebec,1/10/2011,13.5,23.2,24.3,13.1
Quebec,1/11/2011,8.1,21,22.3,11.4
Quebec,1/12/2011,12.6,22.8,22,11.4
Quebec,1/13/2011,13.5,22.3,21.1,10.6
Quebec,1/14/2011,5.6,18.1,18.3,6.3
Quebec,1/15/2011,-0.3,14.5,15.4,0.9
Quebec,1/16/2011,-2.6,13.7,10.8,-5
Quebec,1/17/2011,-12.2,4.2,13.5,-6.1
Quebec,1/18/2011,-3.5,22.6,16.4,-2.5
Quebec,1/19/2011,8.2,22.5,19,2.8
Quebec,1/20/2011,3.7,12,16,2.6
Quebec,1/21/2011,-4,13.6,10.5,-3.6
Quebec,1/22/2011,-10.5,5.8,5.8,-12.2
Quebec,1/23/2011,-22.2,-2.1,0.1,-19.3
Quebec,1/24/2011,-25.2,-3.5,0,-19
Quebec,1/25/2011,-9.7,5.7,6.9,-14.7
Quebec,1/26/2011,-9.3,18.6,16.8,-1
Quebec,1/27/2011,16.1,26.2,23.4,5.6
Quebec,1/28/2011,10,25.4,23.7,9.3
Quebec,1/29/2011,1.8,19.5,19.5,1.2
Quebec,1/30/2011,-8.3,13.7,12.5,-7.4
Quebec,1/31/2011,-15.7,4.4,9.3,-10.8
Quebec,2/1/2011,-8.4,9.7,8.5,-8.2
Quebec,2/2/2011,-0.7,11.2,13.9,-5.3
Quebec,2/3/2011,-6.8,20.8,18.8,1.9
Quebec,2/4/2011,13.1,24.3,26.5,8.4
Quebec,2/5/2011,19,34.2,30.5,18
Quebec,2/6/2011,21.9,33.1,32.2,21.7
Quebec,2/7/2011,24.1,29.3,28.9,14.4
Quebec,2/8/2011,-2.8,24.2,23.7,5.5
Quebec,2/9/2011,-4.7,17.5,18.5,-3.3
Quebec,2/10/2011,-2.5,13.6,16.3,-2.1
Quebec,2/11/2011,0.8,17.8,19.8,-1.3
Quebec,2/12/2011,-2,28.1,22.6,-3.4
Quebec,2/13/2011,-8.8,21.9,25.1,-0.4
Quebec,2/14/2011,9.8,25.4,19.1,-1.7
Quebec,2/15/2011,-6.1,9.9,18.6,0.4
Quebec,2/16/2011,-2.5,20.5,23.1,3.7
Quebec,2/17/2011,19.8,38.7,35.1,16.3
Quebec,2/18/2011,31.7,45.9,39.1,20.6
Quebec,2/19/2011,10.3,32.8,32.2,15.4
Quebec,2/20/2011,4.1,18,21.4,4.5
Quebec,2/21/2011,-0.9,13.5,17.7,-0.7
Quebec,2/22/2011,-5.3,21.5,20.2,-4.5
Quebec,2/23/2011,-7.4,25.8,24.4,-5.8
Quebec,2/24/2011,-4.8,25.9,26.3,-0.6
Quebec,2/25/2011,10.5,27.1,22.5,2.3
Quebec,2/26/2011,1.1,14.6,20.8,4.2
Quebec,2/27/2011,1.1,20.7,21.9,6.2
Quebec,2/28/2011,16.2,30.3,24.6,7.7
Quebec,3/1/2011,5.9,22.9,28,7.2
Quebec,3/2/2011,-0.7,30.8,21.4,-1.8
Quebec,3/3/2011,-10.6,10.5,22,-8.4
Quebec,3/4/2011,-14,24.7,24.8,-0.3
Quebec,3/5/2011,23.5,39.1,32.5,8.9
Quebec,3/6/2011,17,33.7,32,14.4
Quebec,3/7/2011,2.6,23.2,25.2,5.6
Quebec,3/8/2011,-2.8,18.6,23,0.4
Quebec,3/9/2011,1.3,27.3,27.1,7.5
Quebec,3/10/2011,24.1,35.2,34.3,19.5
Quebec,3/11/2011,33.1,40.3,37.8,29.7
Quebec,3/12/2011,32.1,38,39.2,30.1
Quebec,3/13/2011,25.1,39.2,36.5,23
Quebec,3/14/2011,11.9,32.4,36.9,15
Quebec,3/15/2011,8,39.2,36.8,13.7
Quebec,3/16/2011,21.3,38.8,40.9,20.9
Quebec,3/17/2011,33.5,44.7,43,27.2
Quebec,3/18/2011,26.7,45.4,40.7,24.7
Quebec,3/19/2011,13.7,31.9,38.4,16.9
Quebec,3/20/2011,10.3,37.9,34.7,15.8
Quebec,3/21/2011,23.5,34.3,36.6,17.5
Quebec,3/22/2011,18.6,37.5,33.3,17.9
Quebec,3/23/2011,11.6,28.2,33.6,14.5
Quebec,3/24/2011,13.4,35,31.2,14.3
Quebec,3/25/2011,17.9,30.4,31.8,15.6
Quebec,3/26/2011,15.5,29.9,29.5,14.5
Quebec,3/27/2011,10.1,28.1,30.9,15.2
Quebec,3/28/2011,20.1,34.9,34.2,17.9
Quebec,3/29/2011,23.6,39.5,39.4,21.8
Quebec,3/30/2011,21.9,43.7,42.7,21.9
Quebec,3/31/2011,20.3,44.8,43.1,23.8
Quebec,4/1/2011,29.3,40.6,45,26.6
Quebec,4/2/2011,30.3,49.5,45.8,29.5
Quebec,4/3/2011,29,47.4,47.6,29
Quebec,4/4/2011,27.7,46,46.5,29
Quebec,4/5/2011,30.3,46.3,43.5,27.6
Quebec,4/6/2011,25,38.3,43.1,25.9
Quebec,4/7/2011,22.6,44.7,44.8,23.1
Quebec,4/8/2011,21.7,51.4,51.5,25.7
Quebec,4/9/2011,33,58.4,57.1,28.4
Quebec,4/10/2011,30.7,61.4,63,36.4
Quebec,4/11/2011,45.4,69.3,62.1,36.4
Quebec,4/12/2011,33.2,55.5,58,36.9
Quebec,4/13/2011,32.2,49.1,50.7,30.3
Quebec,4/14/2011,25.5,47.5,43.9,26.2
Quebec,4/15/2011,20.8,35.1,41.4,23.7
Quebec,4/16/2011,24.9,41.6,41.6,26
Quebec,4/17/2011,32.5,48.1,43.5,29.7
Quebec,4/18/2011,31.8,40.6,45,30.7
Quebec,4/19/2011,27.9,46.1,41.6,29.6
Quebec,4/20/2011,29.1,38.1,42.9,29.1
Quebec,4/21/2011,30.3,44.3,45.2,28.6
Quebec,4/22/2011,26.5,53.2,49.4,30.8
Quebec,4/23/2011,35.8,50.7,53,32.8
Quebec,4/24/2011,36.1,55,55.5,34.4
Quebec,4/25/2011,31.3,60.8,56,36.2
Quebec,4/26/2011,41,52.4,54.5,37.3
Quebec,4/27/2011,39.7,50.4,56.9,41.1
Quebec,4/28/2011,42.5,67.9,58.1,41.2
Quebec,4/29/2011,41.4,56.1,62.2,40.1
Quebec,4/30/2011,36.4,62.6,61.5,38.1
Quebec,5/1/2011,36.5,65.9,63.3,38.8
Quebec,5/2/2011,43.6,61.4,60,41.4
Quebec,5/3/2011,44.2,52.7,53.4,43
Quebec,5/4/2011,41.1,46,47.4,41
Quebec,5/5/2011,37.7,43.3,49.4,38.7
Quebec,5/6/2011,37.3,58.9,52.9,38.2
Quebec,5/7/2011,39.7,56.5,58.1,39.3
Quebec,5/8/2011,40.9,58.9,60,41.5
Quebec,5/9/2011,43.9,64.5,61.6,41.6
Quebec,5/10/2011,40,61.3,63.7,41.3
Quebec,5/11/2011,40,65.4,64.5,40.3
Quebec,5/12/2011,41.1,66.7,68.6,42.1
Quebec,5/13/2011,45.2,73.6,65,44.7
Quebec,5/14/2011,47.9,54.8,61.4,45.6
Quebec,5/15/2011,43.6,55.8,52,44
Quebec,5/16/2011,40.6,45.5,50.8,41.7
Quebec,5/17/2011,40.8,51.2,53,42.4
Quebec,5/18/2011,45.7,62.2,61.9,47.5
Quebec,5/19/2011,56.2,72.4,70.4,52.7
Quebec,5/20/2011,56.3,76.5,72.9,53.8
Quebec,5/21/2011,49,69.9,71.4,50.6
Quebec,5/22/2011,46.6,67.9,69.6,50.9
Quebec,5/23/2011,57.1,70.9,71.6,51.2
Quebec,5/24/2011,49.8,76,70.4,50.9
Quebec,5/25/2011,45.7,64.3,67.2,48.3
Quebec,5/26/2011,49.5,61.3,59.8,47.6
Quebec,5/27/2011,47.8,54,58.9,48.7
Quebec,5/28/2011,48.8,61.5,62.3,51.1
Quebec,5/29/2011,56.7,71.4,70.8,53.9
Quebec,5/30/2011,56.1,79.5,76.9,57.1
Quebec,5/31/2011,58.6,79.8,82,58.2
Quebec,6/1/2011,60,86.8,75.7,56.3
Quebec,6/2/2011,50.4,60.4,73,51.9
Quebec,6/3/2011,45.2,71.7,67.2,46.5
Quebec,6/4/2011,43.8,69.6,71.2,47.2
Quebec,6/5/2011,52.6,72.4,73.7,49.3
Quebec,6/6/2011,51.4,79.1,78,53.9
Quebec,6/7/2011,57.8,82.6,82.8,58.3
Quebec,6/8/2011,65.7,86.6,83.7,61.2
Quebec,6/9/2011,60.2,81.9,79.9,59.7
Quebec,6/10/2011,53.3,71.2,75.4,55.6
Quebec,6/11/2011,53.4,72.9,68.4,53.9
Quebec,6/12/2011,55.1,61.1,64.2,52.7
Quebec,6/13/2011,49.5,58.6,65.1,51.4
Quebec,6/14/2011,49.6,75.7,73.1,50.8
Quebec,6/15/2011,53.2,85,82.4,54
Quebec,6/16/2011,59.2,86.6,83.6,56.5
Quebec,6/17/2011,57,79.3,81.8,56.6
Quebec,6/18/2011,53.5,79.4,77.8,53.1
Quebec,6/19/2011,49,74.7,76.9,50.7
Quebec,6/20/2011,49.5,76.5,77.3,50.3
Quebec,6/21/2011,52.4,80.8,79.4,51.5
Quebec,6/22/2011,52.7,81,77.7,55.8
Quebec,6/23/2011,62.2,71.2,71.8,57.6
Quebec,6/24/2011,57.9,63.2,67.2,58.6
Quebec,6/25/2011,55.7,67,68.4,56.7
Quebec,6/26/2011,56.5,75.1,74.6,55.2
Quebec,6/27/2011,53.4,81.7,79.9,56.1
Quebec,6/28/2011,58.4,82.9,77.8,56.5
Quebec,6/29/2011,57.6,68.8,73.2,57.7
Quebec,6/30/2011,57,68.1,72.1,56.8
Quebec,7/1/2011,55.7,79.4,77.6,57.3
Quebec,7/2/2011,59.2,85.3,84.2,60.5
Quebec,7/3/2011,66.5,87.8,86.4,63
Quebec,7/4/2011,63.2,86.1,86.4,62.9
Quebec,7/5/2011,59,85.3,82.5,61
Quebec,7/6/2011,60.8,76,79,58.2
Quebec,7/7/2011,54.9,75.7,77.2,56
Quebec,7/8/2011,52.2,79.9,78.1,54.3
Quebec,7/9/2011,55.8,78.7,79.5,54.7
Quebec,7/10/2011,56,80,82,59.5
Quebec,7/11/2011,66.7,87.2,83.7,61.9
Quebec,7/12/2011,63,84,83,62.8
Quebec,7/13/2011,58.6,77.7,80.8,58.5
Quebec,7/14/2011,54,80.8,80.3,55
Quebec,7/15/2011,52.5,82.6,83.5,54.6
Quebec,7/16/2011,57.4,87.3,86,57.6
Quebec,7/17/2011,63.1,88.1,86,61.4
Quebec,7/18/2011,63.8,82.7,83.9,62.2
Quebec,7/19/2011,59.6,80.9,83.5,61
Quebec,7/20/2011,59.6,86.9,86.1,63.7
Quebec,7/21/2011,71.8,90.5,89.1,67.5
Quebec,7/22/2011,71.1,89.9,89.5,68.5
Quebec,7/23/2011,62.7,88,85.5,63.5
Quebec,7/24/2011,56.7,78.6,81.9,57.4
Quebec,7/25/2011,52.8,79.2,77.7,55.5
Quebec,7/26/2011,57.1,75.2,76.9,55.2
Quebec,7/27/2011,55.7,76.3,78.3,56.6
Quebec,7/28/2011,57.1,83.4,79.8,58.2
Quebec,7/29/2011,61.9,79.6,81.4,58.6
Quebec,7/30/2011,56.6,81.1,81.3,57.1
Quebec,7/31/2011,52.8,83.2,83,57
Quebec,8/1/2011,61.5,84.8,81.5,57.9
Quebec,8/2/2011,59.3,76.6,78.8,59.6
Quebec,8/3/2011,57.9,75,76.4,59.6
Quebec,8/4/2011,61.6,77.6,78.8,60.3
Quebec,8/5/2011,61.5,83.8,82.9,61.1
Quebec,8/6/2011,60.2,87.4,84.9,62.8
Quebec,8/7/2011,66.8,83.6,83.6,61.5
Quebec,8/8/2011,57.5,79.8,80.3,60
Quebec,8/9/2011,55.7,77.6,78.6,58.6
Quebec,8/10/2011,62.8,78.3,76,59
Quebec,8/11/2011,58.5,72,76,59.3
Quebec,8/12/2011,56.6,77.7,77.6,58.9
Quebec,8/13/2011,61.6,83.1,79.4,60.1
Quebec,8/14/2011,62.2,77.5,77.9,61.6
Quebec,8/15/2011,61,73,77.2,60
Quebec,8/16/2011,57,81.1,77.2,56
Quebec,8/17/2011,50.2,77.5,80.3,54.9
Quebec,8/18/2011,57.6,82.2,80.8,56.1
Quebec,8/19/2011,60.4,82.7,83.2,58.5
Quebec,8/20/2011,57.3,84.8,79.5,59.9
Quebec,8/21/2011,62.1,71.1,75.6,57.1
Quebec,8/22/2011,51.8,71,70.9,54.5
Quebec,8/23/2011,49.6,70.7,73.4,52.9
Quebec,8/24/2011,57.4,78.6,75.2,56.6
Quebec,8/25/2011,62.7,76.3,76,58.1
Quebec,8/26/2011,54.3,73.2,75.8,56
Quebec,8/27/2011,51,78.1,72.3,53.4
Quebec,8/28/2011,54.9,65.8,72.3,52.7
Quebec,8/29/2011,52.2,73.1,70.9,53.2
Quebec,8/30/2011,52.6,73.8,72.3,51.9
Quebec,8/31/2011,51,70.1,72.8,51.7
Quebec,9/1/2011,51.7,74.5,74.9,54.4
Quebec,9/2/2011,60.5,80.2,79.9,59.3
Quebec,9/3/2011,65.7,84.9,81.1,62.1
Quebec,9/4/2011,60.1,78.2,76.8,60.9
Quebec,9/5/2011,56.9,67.4,71,56.4
Quebec,9/6/2011,52.2,67.3,66.3,53.7
Quebec,9/7/2011,52,64.2,68.3,52.9
Quebec,9/8/2011,54.7,73.3,71.8,52.9
Quebec,9/9/2011,52,77.8,72.3,50.6
Quebec,9/10/2011,45.1,65.8,72,46.2
Quebec,9/11/2011,41.7,72.5,71.7,47.7
Quebec,9/12/2011,56.2,76.7,75.1,51.3
Quebec,9/13/2011,56,76,72.1,54.5
Quebec,9/14/2011,51.2,63.5,65.9,49.5
Quebec,9/15/2011,41.2,58.2,59.2,43.9
Quebec,9/16/2011,39.2,55.9,59.6,39.3
Quebec,9/17/2011,37.6,64.7,62.4,38
Quebec,9/18/2011,37.2,66.4,66.1,38
Quebec,9/19/2011,39.3,67.1,67.3,41.4
Quebec,9/20/2011,47.8,68.4,68.8,44.4
Quebec,9/21/2011,46.1,71,70.6,50.5
Quebec,9/22/2011,57.6,72.5,72.1,52.6
Quebec,9/23/2011,54.1,72.8,73.8,57.4
Quebec,9/24/2011,60.4,76.1,75.4,56
Quebec,9/25/2011,53.4,77.2,76.3,54.5
Quebec,9/26/2011,49.6,75.4,75.6,50.5
Quebec,9/27/2011,48.6,74.1,74,49.3
Quebec,9/28/2011,49.8,72.6,71.3,52.2
Quebec,9/29/2011,58.2,67.3,69.6,51.9
Quebec,9/30/2011,47.7,68.8,61.7,49.5
Quebec,10/1/2011,42.4,49,56.5,44.3
Quebec,10/2/2011,42.7,51.7,51.6,44.5
Quebec,10/3/2011,48.4,54.2,54.3,46.6
Quebec,10/4/2011,48.7,56.9,56.2,44.1
Quebec,10/5/2011,35.1,57.5,56.3,38.4
Quebec,10/6/2011,31.4,54.5,58.5,33.3
Quebec,10/7/2011,33.2,63.4,64.8,37.8
Quebec,10/8/2011,48.9,76.4,72.8,46
Quebec,10/9/2011,56,78.5,75.4,49.9
Quebec,10/10/2011,44.9,71.4,70.6,46.2
Quebec,10/11/2011,37.8,61.8,65.4,41.7
Quebec,10/12/2011,42.4,62.9,62,43.7
Quebec,10/13/2011,50.8,61.2,63,49.2
Quebec,10/14/2011,54.4,64.9,61.5,51
Quebec,10/15/2011,47.7,58.3,59.6,48.7
Quebec,10/16/2011,43.9,55.4,55,44.6
Quebec,10/17/2011,42.3,51.4,53.6,42.9
Quebec,10/18/2011,42.6,53.9,53.6,41.8
Quebec,10/19/2011,40.5,55.5,54.4,43
Quebec,10/20/2011,46,53.8,54.4,44.1
Quebec,10/21/2011,45.9,54.1,52.7,43
Quebec,10/22/2011,37.2,50.4,51.4,38.7
Quebec,10/23/2011,33,49.6,53.1,34.3
Quebec,10/24/2011,32.6,59.2,53.1,33.2
Quebec,10/25/2011,34.1,50.6,52.5,32.5
Quebec,10/26/2011,30.7,47.7,46.3,31.4
Quebec,10/27/2011,29.4,40.5,44.1,28.3
Quebec,10/28/2011,24.9,44.1,42,25.7
Quebec,10/29/2011,22.8,41.3,44.3,25.6
Quebec,10/30/2011,29.2,47.6,46.6,26.1
Quebec,10/31/2011,26.3,50.8,50.5,28
Quebec,11/1/2011,28.5,53.3,54.1,28.6
Quebec,11/2/2011,30.9,58.2,54.8,30.5
Quebec,11/3/2011,31.9,52.8,51,30.5
Quebec,11/4/2011,28.7,42.1,46.4,28.3
Quebec,11/5/2011,24.3,44.3,45.9,25.3
Quebec,11/6/2011,22.8,51.4,51,26
Quebec,11/7/2011,30.9,57.3,55,30.1
Quebec,11/8/2011,36.5,56.3,56,35.3
Quebec,11/9/2011,38.4,54.5,55.1,37.9
Quebec,11/10/2011,38.6,54.4,51.2,36.5
Quebec,11/11/2011,32.3,44.7,47.8,34.2
Quebec,11/12/2011,31.6,44.5,47.5,31.9
Quebec,11/13/2011,31.6,53.4,53.8,36.7
Quebec,11/14/2011,46.8,63.6,56.8,38.2
Quebec,11/15/2011,36.2,53.4,56.7,39.3
Quebec,11/16/2011,35,53,49.2,32.8
Quebec,11/17/2011,27.3,41.3,43.5,29.6
Quebec,11/18/2011,26.3,36.3,41.6,29.2
Quebec,11/19/2011,34.1,47.2,45.1,28.1
Quebec,11/20/2011,23.9,51.7,42.3,24.1
Quebec,11/21/2011,14.2,28,37.5,16.6
Quebec,11/22/2011,11.7,32.9,30.1,16.4
Quebec,11/23/2011,23.3,29.5,33.3,18.1
Quebec,11/24/2011,19.2,37.6,37.6,26.2
Quebec,11/25/2011,36.1,45.7,42.3,29.7
Quebec,11/26/2011,33.7,43.7,46.5,34.7
Quebec,11/27/2011,34.2,50,48.7,32.9
Quebec,11/28/2011,30.7,52.4,46.8,32.3
Quebec,11/29/2011,31.9,38.1,45.7,30.9
Quebec,11/30/2011,30.2,46.6,38.9,28.4
Quebec,12/1/2011,23,31.9,37.2,25.7
Quebec,12/2/2011,23.8,33.1,32.4,21.3
Quebec,12/3/2011,17.1,32.1,37.5,21.3
Quebec,12/4/2011,22.9,47.3,41.8,26
Quebec,12/5/2011,37.9,45.8,43.8,30
Quebec,12/6/2011,29.2,38.2,38.9,31.6
Quebec,12/7/2011,27.7,32.6,35,26.5
Quebec,12/8/2011,22.6,34.1,33.6,26.4
Quebec,12/9/2011,28.8,33.9,32.6,21.9
Quebec,12/10/2011,14.2,29.8,32,18.6
Quebec,12/11/2011,12.7,32.3,33.8,16.9
Quebec,12/12/2011,23.9,39.2,34.7,21
Quebec,12/13/2011,26.4,32.6,35.1,26.8
Quebec,12/14/2011,30.1,33.5,38.4,29.5
Quebec,12/15/2011,32.1,49,42.9,28
Quebec,12/16/2011,22,46.3,39.2,20.5
Quebec,12/17/2011,7.6,22.3,28.7,11.1
Quebec,12/18/2011,3.7,17.5,25.5,9.3
Quebec,12/19/2011,16.7,36.5,25.6,9.5
Quebec,12/20/2011,8.2,22.7,30,11.3
Quebec,12/21/2011,9.1,30.8,29.6,15.3
Quebec,12/22/2011,28.6,35.2,31.8,12.1
Quebec,12/23/2011,-1.5,29.5,23.1,7.4
Quebec,12/24/2011,-4.9,4.7,17.6,-3
Quebec,12/25/2011,-2.6,18.6,18,0.4
Quebec,12/26/2011,8.7,30.8,28.3,9.2
Quebec,12/27/2011,21.4,35.3,33.4,10.9
Quebec,12/28/2011,2.7,34.1,24.7,4.6
Quebec,12/29/2011,-10.4,4.8,17.6,-7
Quebec,12/30/2011,-13.3,14,15.2,-3.6
Quebec,12/31/2011,13,26.7,26.2,8.2
Quebec,1/1/2012,24.8,37.9,34.7,16.4
Quebec,1/2/2012,11.4,39.4,29.7,11.1
Quebec,1/3/2012,-2.9,11.8,20.2,0.8
Quebec,1/4/2012,-6.1,9.3,14.6,-2.3
Quebec,1/5/2012,2.1,22.6,15.4,-0.7
Quebec,1/6/2012,1.9,14.3,21.9,5.8
Quebec,1/7/2012,13.3,28.7,23.6,7.7
Quebec,1/8/2012,7.9,27.9,27.2,10.1
Quebec,1/9/2012,9.1,25.1,29.8,6.9
Quebec,1/10/2012,3.6,36.4,23.9,3.5
Quebec,1/11/2012,-2.3,10.4,22.5,3.7
Quebec,1/12/2012,9.9,20.9,19.1,7.4
Quebec,1/13/2012,14.6,26.1,20.6,3.8
Quebec,1/14/2012,-13.1,15,14.3,-7.3
Quebec,1/15/2012,-23.5,2,10.1,-15.9
Quebec,1/16/2012,-11.1,13.3,16,-7.8
Quebec,1/17/2012,11.3,32.8,27.3,-2.1
Quebec,1/18/2012,-6.6,35.7,30.3,-3.6
Quebec,1/19/2012,-15.5,22.3,27.1,-11
Quebec,1/20/2012,-10.9,23.3,17.7,-13.6
Quebec,1/21/2012,-14.4,7.5,13.6,-14.3
Quebec,1/22/2012,-17.4,10.1,18.1,-8.7
Quebec,1/23/2012,5.8,36.8,28.6,6.4
Quebec,1/24/2012,30.8,39,35.8,16.7
Quebec,1/25/2012,13.4,31.7,30.5,15.8
Quebec,1/26/2012,3.1,20.9,27,11.1
Quebec,1/27/2012,16.7,28.5,27.8,14.1
Quebec,1/28/2012,22.6,34,31.6,19.3
Quebec,1/29/2012,18.7,32.2,28.7,14.1
Quebec,1/30/2012,0.8,19.7,23,7.5
Quebec,1/31/2012,2.9,17.1,19.3,6.7
Quebec,2/1/2012,16.3,20.9,19.4,6.3
Quebec,2/2/2012,-0.3,20.1,21,3.9
Quebec,2/3/2012,-4.4,22,21,-3
Quebec,2/4/2012,-4.5,20.8,23.7,-6.7
Quebec,2/5/2012,-11.2,28.2,28.3,3.8
Quebec,2/6/2012,27.1,35.9,32.1,4.9
Quebec,2/7/2012,-1.2,32.1,31.2,7.4
Quebec,2/8/2012,-3.7,25.6,30.2,2.2
Quebec,2/9/2012,11.6,33,30.8,6.5
Quebec,2/10/2012,11.7,33.8,26.5,4.1
Quebec,2/11/2012,-10.9,12.7,18.8,-1.1
Quebec,2/12/2012,-4.3,9.9,13.6,-4.6
Quebec,2/13/2012,1.4,18.2,18.9,-2.4
Quebec,2/14/2012,-4.4,28.6,26.7,6.2
Quebec,2/15/2012,21.5,33.4,33.6,15.9
Quebec,2/16/2012,30.6,38.6,36.6,27.3
Quebec,2/17/2012,29.9,37.7,37.1,26.7
Quebec,2/18/2012,19.6,35.1,33.4,20.6
Quebec,2/19/2012,12.4,27.4,29.4,11.5
Quebec,2/20/2012,2.5,25.7,28.1,6.6
Quebec,2/21/2012,4.9,31.3,32,11
Quebec,2/22/2012,25.5,39.1,36.4,17.9
Quebec,2/23/2012,23.4,38.9,36.9,22.7
Quebec,2/24/2012,19.2,32.7,34.8,19.4
Quebec,2/25/2012,15.7,32.8,28.2,12.8
Quebec,2/26/2012,3.7,19.2,24.4,7.2
Quebec,2/27/2012,2.3,21.2,21.3,2.9
Quebec,2/28/2012,2.6,23.5,22.6,0.4
Quebec,2/29/2012,-3.8,23.2,23,4.9
Quebec,3/1/2012,15.9,22.2,24.9,10
Quebec,3/2/2012,17.7,29.3,30.8,20.3
Quebec,3/3/2012,27.3,41,33.7,17.5
Quebec,3/4/2012,7.6,30.6,29.2,11.8
Quebec,3/5/2012,0.5,15.8,23.2,1.5
Quebec,3/6/2012,-3.7,23.2,28.5,3.9
Quebec,3/7/2012,15.1,46.5,40,14.1
Quebec,3/8/2012,31,50.4,42.9,21
Quebec,3/9/2012,17,31.6,36.2,20.5
Quebec,3/10/2012,13.6,26.6,34.2,16.6
Quebec,3/11/2012,19.3,44.4,39.6,19.4
Quebec,3/12/2012,25.2,47.7,43.9,24.8
Quebec,3/13/2012,29.9,39.6,39.9,27.9
Quebec,3/14/2012,28.5,32.5,36.1,28.7
Quebec,3/15/2012,27.7,36.2,35.5,28.6
Quebec,3/16/2012,29.6,37.8,40.3,28.3
Quebec,3/17/2012,27.6,46.8,50.7,30.2
Quebec,3/18/2012,33.5,67.4,56.6,32
Quebec,3/19/2012,35,55.7,65.8,33.7
Quebec,3/20/2012,32.6,74.2,69.5,36.1
Quebec,3/21/2012,40.6,78.6,75.6,38.4
Quebec,3/22/2012,42.1,73.9,71,39.6
Quebec,3/23/2012,36,60.6,58.8,36.6
Quebec,3/24/2012,31.7,41.8,49,33.7
Quebec,3/25/2012,33.5,44.6,41.1,28.3
Quebec,3/26/2012,19.6,36.7,40.1,22.7
Quebec,3/27/2012,14.9,38.8,36.4,20.5
Quebec,3/28/2012,27,33.5,37,23
Quebec,3/29/2012,27.1,38.8,37.7,25.4
Quebec,3/30/2012,22.1,40.8,41.6,24.2
Quebec,3/31/2012,23.4,45.4,43.2,22.8
Quebec,4/1/2012,22.7,43.5,45.1,23.1
Quebec,4/2/2012,23.2,46.3,47.1,23.6
Quebec,4/3/2012,24.9,51.5,48.2,27
Quebec,4/4/2012,32.8,46.7,47.8,29.9
Quebec,4/5/2012,32,45.3,46.6,31
Quebec,4/6/2012,28.3,47.9,47,29.9
Quebec,4/7/2012,29.4,47.7,49.2,31.2
Quebec,4/8/2012,35.9,51.9,48.6,33.9
Quebec,4/9/2012,36.3,46.2,49.6,35.7
Quebec,4/10/2012,34.8,50.8,50,34.5
Quebec,4/11/2012,32.5,52.9,52.9,32.7
Quebec,4/12/2012,30.8,54.9,56.6,29.9
Quebec,4/13/2012,26.5,62,59.7,30.7
Quebec,4/14/2012,34.9,62.3,63.1,35.6
Quebec,4/15/2012,45.5,64.9,70.1,45.3
Quebec,4/16/2012,55.5,83,71.9,44.8
Quebec,4/17/2012,33.4,67.9,67.2,38.9
Quebec,4/18/2012,27.9,50.6,61.8,30.1
Quebec,4/19/2012,29,66.9,55.5,32
Quebec,4/20/2012,39,48.9,52.4,33.4
Quebec,4/21/2012,32.2,41.2,44.7,34.4
Quebec,4/22/2012,31.8,43.9,41.9,32
Quebec,4/23/2012,31.9,40.5,45.1,34.4
Quebec,4/24/2012,39.4,51.1,47.8,36
Quebec,4/25/2012,36.6,51.8,51.7,35.4
Quebec,4/26/2012,30.2,52.4,48,32.2
Quebec,4/27/2012,29.8,39.9,45.8,28.7
Quebec,4/28/2012,26.2,45.1,43.8,27.9
Quebec,4/29/2012,27.8,46.4,49,26.9
Quebec,4/30/2012,26.6,55.6,50.8,32.4
Quebec,5/1/2012,42.6,50.3,54.7,37.7
Quebec,5/2/2012,43.9,58.2,57,45.2
Quebec,5/3/2012,49.3,62.5,60.6,45
Quebec,5/4/2012,41.9,61.1,60.8,42.8
Quebec,5/5/2012,37.3,58.8,60.4,38.7
Quebec,5/6/2012,37,61.3,62.9,35.9
Quebec,5/7/2012,33.4,68.6,62.5,40.1
Quebec,5/8/2012,49.9,57.6,63.8,44.1
Quebec,5/9/2012,49,65.1,58.5,47.6
Quebec,5/10/2012,43.8,52.7,59.9,44.7
Quebec,5/11/2012,41.4,61.9,62.6,40.8
Quebec,5/12/2012,37.2,73.1,67.9,42.2
Quebec,5/13/2012,47.9,68.8,72.3,42.9
Quebec,5/14/2012,43.6,74.9,72,49.8
Quebec,5/15/2012,57.9,72.3,74.5,50.1
Quebec,5/16/2012,48.7,76.2,69.7,48.5
Quebec,5/17/2012,39.1,60.7,69.1,41.8
Quebec,5/18/2012,37.6,70.3,70.1,42.4
Quebec,5/19/2012,50.6,79.3,79.2,46.9
Quebec,5/20/2012,52.6,87.9,84.4,55.4
Quebec,5/21/2012,63.1,86,81.3,55.9
Quebec,5/22/2012,52,70,76.2,55.5
Quebec,5/23/2012,51.6,72.5,75.5,51.8
Quebec,5/24/2012,51.9,84.1,79.4,56.6
Quebec,5/25/2012,66.3,81.7,80.8,56.4
Quebec,5/26/2012,51,76.6,76.1,55.2
Quebec,5/27/2012,48.3,69.8,69.7,49.5
Quebec,5/28/2012,49.1,62.7,67.8,48.6
Quebec,5/29/2012,48.2,70.9,69.2,51.1
Quebec,5/30/2012,56,73.9,69.8,50
Quebec,5/31/2012,45.9,64.4,69.1,48.2
Quebec,6/1/2012,42.7,68.8,65,47.2
Quebec,6/2/2012,53.1,61.8,64.3,49.1
Quebec,6/3/2012,51.4,62.4,63,51.3
Quebec,6/4/2012,49.5,64.6,66.3,49.2
Quebec,6/5/2012,46.6,71.9,68.2,49.1
Quebec,6/6/2012,51.2,68.1,71.4,48.6
Quebec,6/7/2012,47.9,74.1,70.8,50.1
Quebec,6/8/2012,51.4,70.3,73.6,48.9
Quebec,6/9/2012,47.5,76.3,75.1,48.5
Quebec,6/10/2012,46.6,78.7,80.5,50.5
Quebec,6/11/2012,57.5,86.3,81.7,55.9
Quebec,6/12/2012,63.4,79.9,79.4,57.5
Quebec,6/13/2012,51.5,72,74.9,54.3
Quebec,6/14/2012,47.8,72.7,73.7,50
Quebec,6/15/2012,50.6,76.5,76.3,50.7
Quebec,6/16/2012,53.6,79.8,80,53.5
Quebec,6/17/2012,56.5,83.6,81.4,58.3
Quebec,6/18/2012,64.8,80.7,82.2,61.9
Quebec,6/19/2012,64.3,82.2,83.5,66.1
Quebec,6/20/2012,69.3,87.7,87.1,67.9
Quebec,6/21/2012,70.3,91.5,88.4,68.1
Quebec,6/22/2012,64.8,85.9,85.7,64
Quebec,6/23/2012,56.9,79.6,82.7,58
Quebec,6/24/2012,52.2,82.6,77.5,56.1
Quebec,6/25/2012,59.2,70.3,72.4,56.5
Quebec,6/26/2012,58.1,64.3,68.7,58.7
Quebec,6/27/2012,58.7,71.3,71.8,59.3
Quebec,6/28/2012,60.9,79.7,78.8,61.4
Quebec,6/29/2012,64.5,85.2,83,62.8
Quebec,6/30/2012,63,84.2,82.2,62.6
Quebec,7/1/2012,60.3,77.2,80.5,60
Quebec,7/2/2012,56.6,80.1,79.2,56.9
Quebec,7/3/2012,53.8,80.3,79.9,57.4
Quebec,7/4/2012,61.7,79.3,79.6,58
Quebec,7/5/2012,58.3,79,81.5,60.1
Quebec,7/6/2012,60.3,86.2,83.4,61
Quebec,7/7/2012,64.2,85,82.1,59.9
Quebec,7/8/2012,55.3,75.1,79.1,56.7
Quebec,7/9/2012,50.8,77.1,77.3,52.5
Quebec,7/10/2012,51.6,79.6,80.2,50.3
Quebec,7/11/2012,48.5,83.8,84.1,52.5
Quebec,7/12/2012,57.3,88.8,87.7,56
Quebec,7/13/2012,62.2,90.4,90.6,61.7
Quebec,7/14/2012,65.6,92.6,91.2,65.1
Quebec,7/15/2012,67.6,90.7,88.3,66.6
Quebec,7/16/2012,66.5,81.4,82.7,65.9
Quebec,7/17/2012,63.5,75.8,77.5,60.9
Quebec,7/18/2012,52.8,75.4,74.7,55.3
Quebec,7/19/2012,49.5,72.9,74.8,50.7
Quebec,7/20/2012,49.9,76.2,77.2,50.1
Quebec,7/21/2012,50.8,82.6,82.1,55.3
Quebec,7/22/2012,65.2,87.4,86.3,60.1
Quebec,7/23/2012,64.4,88.8,83.8,62.5
Quebec,7/24/2012,58,75.2,80.9,59.2
Quebec,7/25/2012,55.2,78.8,76,57.9
Quebec,7/26/2012,60.4,73.9,77.3,58.2
Quebec,7/27/2012,59.2,79.1,77.7,58.3
Quebec,7/28/2012,55.5,80.2,80.9,57.7
Quebec,7/29/2012,58.3,83.3,84,57.3
Quebec,7/30/2012,58.2,88.5,86.4,60
Quebec,7/31/2012,63.5,87.5,86.9,62.1
Quebec,8/1/2012,64.7,84.7,86.6,64.1
Quebec,8/2/2012,64.3,87.6,85.9,63.5
Quebec,8/3/2012,61.5,85.3,86.9,61.6
Quebec,8/4/2012,58.9,87.9,86.7,62.4
Quebec,8/5/2012,66.7,87,83.3,61.5
Quebec,8/6/2012,58.8,75,81.4,60.7
Quebec,8/7/2012,56.7,82.1,79.2,58
Quebec,8/8/2012,58.5,80.6,79.4,59.4
Quebec,8/9/2012,63,75.5,74.9,60.6
Quebec,8/10/2012,60.3,68.6,73.4,61.5
Quebec,8/11/2012,61.1,76.1,74.5,61.8
Quebec,8/12/2012,64,79,78.2,63
Quebec,8/13/2012,63.8,79.5,79.5,63.1
Quebec,8/14/2012,61.6,80.1,79.2,63.1
Quebec,8/15/2012,63.8,78,79.1,61.9
Quebec,8/16/2012,60.4,79.2,77.7,60.7
Quebec,8/17/2012,57.9,76,75.9,56.2
Quebec,8/18/2012,50.4,72.7,75.3,52.1
Quebec,8/19/2012,47.9,77.4,75.8,49.7
Quebec,8/20/2012,50.9,77.3,76.2,50.1
Quebec,8/21/2012,51.4,73.9,76.2,53
Quebec,8/22/2012,56.6,77.3,76.7,55.1
Quebec,8/23/2012,57.3,78.9,78.6,55.8
Quebec,8/24/2012,53.4,79.6,81.7,57.1
Quebec,8/25/2012,60.7,86.8,84.8,58.8
Quebec,8/26/2012,62.3,88.2,85.1,63.2
Quebec,8/27/2012,66.6,80.2,80.5,60.2
Quebec,8/28/2012,51.7,73.1,76.6,55.6
Quebec,8/29/2012,48.6,76.5,77.1,51.5
Quebec,8/30/2012,54.1,81.5,78.8,54.9
Quebec,8/31/2012,61.8,78.5,77.9,55.7
Quebec,9/1/2012,51.2,73.7,76.2,53.6
Quebec,9/2/2012,47.7,76.4,76.5,49.3
Quebec,9/3/2012,49,79.5,77.9,52.1
Quebec,9/4/2012,59.6,77.8,79.6,57.2
Quebec,9/5/2012,62.8,81.4,80.2,60.3
Quebec,9/6/2012,58.5,81.2,80.1,58.5
Quebec,9/7/2012,54.3,77.6,78.9,56
Quebec,9/8/2012,55.3,77.8,73,53.4
Quebec,9/9/2012,50.6,63.7,68.1,49.8
Quebec,9/10/2012,43.4,63,65.9,44.5
Quebec,9/11/2012,39.4,71,71.9,44.1
Quebec,9/12/2012,49.5,81.6,78.6,47.4
Quebec,9/13/2012,53.3,83.3,81.3,53.2
Quebec,9/14/2012,56.9,79.1,75.2,50.8
Quebec,9/15/2012,42.3,63.2,68.4,45.9
Quebec,9/16/2012,38.5,63,67.3,40.6
Quebec,9/17/2012,41.2,75.7,69,44.7
Quebec,9/18/2012,54.3,68.3,67.8,44.2
Quebec,9/19/2012,37.2,59.5,64.4,42.5
Quebec,9/20/2012,36,65.3,63.9,39.6
Quebec,9/21/2012,45.6,67,67.1,45.2
Quebec,9/22/2012,54.2,68.9,65.2,46.4
Quebec,9/23/2012,39.5,59.8,63.1,43.3
Quebec,9/24/2012,36.1,60.7,62.3,42.2
Quebec,9/25/2012,51.1,66.3,63.4,43.1
Quebec,9/26/2012,42.1,63.2,62.7,43.2
Quebec,9/27/2012,36.4,58.6,61.2,37.5
Quebec,9/28/2012,34.1,61.6,58.2,38.1
Quebec,9/29/2012,43.9,54.3,56.4,42.5
Quebec,9/30/2012,49.4,53.2,56.6,47.6
Quebec,10/1/2012,49.5,62.4,61.1,48.5
Quebec,10/2/2012,46.7,67.7,65.3,47.3
Quebec,10/3/2012,45.7,65.8,63.3,47.6
Quebec,10/4/2012,50.4,56.5,63.2,48.6
Quebec,10/5/2012,49.7,67.2,60.8,47.8
Quebec,10/6/2012,43.2,58.8,58.5,43.4
Quebec,10/7/2012,37.3,49.5,53.9,37.4
Quebec,10/8/2012,31.8,53.4,54,34
Quebec,10/9/2012,32.8,59.1,56.3,34.9
Quebec,10/10/2012,40,56.3,55,36.6
Quebec,10/11/2012,37,49.7,49.8,35.1
Quebec,10/12/2012,28.3,43.3,47.4,30.3
Quebec,10/13/2012,25.8,49.1,46.2,30.4
Quebec,10/14/2012,37.1,46.1,51.9,35.4
Quebec,10/15/2012,43.4,60.5,51.9,37.5
Quebec,10/16/2012,31.9,49.1,55.6,35.1
Quebec,10/17/2012,30.1,57.2,57.4,34.4
Quebec,10/18/2012,41.3,66.1,59.2,37.5
Quebec,10/19/2012,41.1,54.4,61.3,42.7
Quebec,10/20/2012,45.6,63.5,57,43.6
Quebec,10/21/2012,44,52.9,58,42.3
Quebec,10/22/2012,37.3,57.4,54.9,38.1
Quebec,10/23/2012,33.1,54.5,53.5,32.9
Quebec,10/24/2012,28.1,48.6,51.7,31.4
Quebec,10/25/2012,33,52,56,34.4
Quebec,10/26/2012,42.1,67.4,59,40.6
Quebec,10/27/2012,46.6,57.5,60,45
Quebec,10/28/2012,46.4,55.1,57.8,46.8
Quebec,10/29/2012,47.5,60.7,61.3,49.5
Quebec,10/30/2012,54.5,68.1,63.5,49.1
Quebec,10/31/2012,45.1,61.7,59.3,46.9
Quebec,11/1/2012,41.2,48.1,51.1,42
Quebec,11/2/2012,39.7,43.3,44.7,39.6
Quebec,11/3/2012,38.1,42.7,41.5,36.8
Quebec,11/4/2012,32.7,38.6,38.8,31.2
Quebec,11/5/2012,22.8,35.2,36.5,25.7
Quebec,11/6/2012,21.6,35.7,35.3,21.5
Quebec,11/7/2012,20,34.9,36.9,21.6
Quebec,11/8/2012,23.2,40,38.8,22.4
Quebec,11/9/2012,24,41.5,40.1,23.6
Quebec,11/10/2012,23.6,38.8,39.7,24.6
Quebec,11/11/2012,26,38.9,46.7,26.6
Quebec,11/12/2012,30.2,62.3,51.2,27.1
Quebec,11/13/2012,25,52.5,51.5,25.4
Quebec,11/14/2012,21,39.8,42.8,22.5
Quebec,11/15/2012,21.3,36.3,39.1,20.2
Quebec,11/16/2012,18.4,41.2,37.6,19.4
Quebec,11/17/2012,18.3,35.4,38.4,17.9
Quebec,11/18/2012,17,38.6,38.6,18
Quebec,11/19/2012,18.7,41.6,40.8,18.2
Quebec,11/20/2012,19,42.1,43.5,21.2
Quebec,11/21/2012,25.8,46.7,47,23.1
Quebec,11/22/2012,24.6,52.1,50.6,27.2
Quebec,11/23/2012,31.3,53.1,49.5,27.2
Quebec,11/24/2012,25.6,43.2,41.9,25.7
Quebec,11/25/2012,20,29.4,34.5,19.7
Quebec,11/26/2012,13.5,31,30.3,15
Quebec,11/27/2012,11.5,30.6,31.7,14.1
Quebec,11/28/2012,17.3,33.5,29.7,12
Quebec,11/29/2012,7.2,25,24.3,7.6
Quebec,11/30/2012,-1.7,14.5,20.6,2
Quebec,12/1/2012,0.5,22.4,26.5,7
Quebec,12/2/2012,22,42.5,35.3,18.3
Quebec,12/3/2012,32.5,40.9,44.7,28.9
Quebec,12/4/2012,32.3,50.8,46.2,29.7
Quebec,12/5/2012,24.3,46.9,42.2,24.4
Quebec,12/6/2012,16.7,28.8,37.3,21.3
Quebec,12/7/2012,22.8,36.2,32.8,23.6
Quebec,12/8/2012,31.2,33.4,34.4,24.2
Quebec,12/9/2012,18.6,33.5,33,22.9
Quebec,12/10/2012,19,32.2,31.6,15.9
Quebec,12/11/2012,10.1,29.2,26.9,11
Quebec,12/12/2012,3.9,19.4,24.6,7
Quebec,12/13/2012,7.1,25.3,26.5,8.3
Quebec,12/14/2012,14,34.9,25.3,8
Quebec,12/15/2012,2.8,15.6,23.9,7
Quebec,12/16/2012,4.2,21.1,22.2,9.3
Quebec,12/17/2012,20.7,29.9,28.1,18.3
Quebec,12/18/2012,29.8,33.3,32.1,27
Quebec,12/19/2012,30.5,33.2,33.1,29.4
Quebec,12/20/2012,28,32.7,33.8,29.6
Quebec,12/21/2012,30.4,35.5,34.3,24.6
Quebec,12/22/2012,15.4,34.8,29,19.1
Quebec,12/23/2012,11.6,16.8,22.8,9
Quebec,12/24/2012,0,16.8,17.1,4
Quebec,12/25/2012,0.4,17.8,16,-1.5
Quebec,12/26/2012,-4.9,13.4,18.3,2.2
Quebec,12/27/2012,11,23.7,19.9,3.5
Quebec,12/28/2012,4.2,22.7,20.4,4.6
Quebec,12/29/2012,-1.5,14.7,16.7,1.8
Quebec,12/30/2012,2.6,12.9,17.1,2.6
Quebec,12/31/2012,6.8,23.8,20.3,0.6
Quebec,1/1/2013,-7.5,24.1,16.6,-5.8
Quebec,1/2/2013,-16.8,1.7,9.2,-14.2
Quebec,1/3/2013,-18.4,1.7,10.6,-12.2
Quebec,1/4/2013,-1.5,28.2,19,-8.2
Quebec,1/5/2013,-4.7,27.1,23.8,-0.8
Quebec,1/6/2013,3.7,16.1,19.1,-2.6
Quebec,1/7/2013,-6.7,14.1,21.8,1.5
Quebec,1/8/2013,7.6,35.2,28.7,6
Quebec,1/9/2013,17,36.7,36.7,13.4
Quebec,1/10/2013,15.5,38.1,36.2,15.3
Quebec,1/11/2013,13.5,33.6,37.3,19.9
Quebec,1/12/2013,30.7,40.1,38.1,25.6
Quebec,1/13/2013,32.6,40.6,40.8,29.7
Quebec,1/14/2013,25.7,41.8,37,25.2
Quebec,1/15/2013,17.4,28.6,34.5,19.7
Quebec,1/16/2013,16,33.2,31.7,6.8
Quebec,1/17/2013,-12.9,33.4,25.6,-5.5
Quebec,1/18/2013,-19.6,10.2,21.7,-9.2
Quebec,1/19/2013,4.9,21.3,22.9,-5.8
Quebec,1/20/2013,-2.6,37,19.9,-3.4
Quebec,1/21/2013,-12.4,1.5,13.2,-10.4
Quebec,1/22/2013,-16.3,0.9,-2.4,-18
Quebec,1/23/2013,-25.5,-9.6,-3.1,-19.2
Quebec,1/24/2013,-15.9,-0.7,-2.2,-17.5
Quebec,1/25/2013,-11.3,3.7,4.5,-14.9
Quebec,1/26/2013,-17.5,10.5,7.8,-13.6
Quebec,1/27/2013,-12.1,9.1,11.4,-12.1
Quebec,1/28/2013,-6.6,14.7,16.6,-5.9
Quebec,1/29/2013,1,26,28.6,6.7
Quebec,1/30/2013,25.8,45,39.7,11.7
Quebec,1/31/2013,8.3,48.2,34.6,10.7
Quebec,2/1/2013,-2,10.5,21.1,-0.8
Quebec,2/2/2013,-8.9,4.7,9.8,-4.4
Quebec,2/3/2013,-2.4,14.2,12,-5.2
Quebec,2/4/2013,-4.3,17.1,14.1,-6.5
Quebec,2/5/2013,-12.9,10.9,15.6,-7.4
Quebec,2/6/2013,-5,18.7,8.8,-10.1
Quebec,2/7/2013,-12.2,-3.2,8.6,-8
Quebec,2/8/2013,-6.9,10.3,8,-9.3
Quebec,2/9/2013,-8.8,16.9,15.9,-9.6
Quebec,2/10/2013,-13.1,20.7,23.3,-5.7
Quebec,2/11/2013,4.8,32.3,29.6,6.6
Quebec,2/12/2013,28,36,33.4,18.7
Quebec,2/13/2013,23.2,31.9,34,24.5
Quebec,2/14/2013,22.2,34.1,33.9,23.3
Quebec,2/15/2013,24.5,35.8,32.5,18.1
Quebec,2/16/2013,7.5,27.7,26.7,11
Quebec,2/17/2013,0.9,16.7,21.3,2.9
Quebec,2/18/2013,0.4,19.3,21.7,1.5
Quebec,2/19/2013,3.3,29.1,25.7,6.2
Quebec,2/20/2013,14.9,28.8,29.5,9.5
Quebec,2/21/2013,10.3,30.5,29.9,10.8
Quebec,2/22/2013,7.3,30.5,30.9,12.6
Quebec,2/23/2013,20.1,31.5,31.5,18.6
Quebec,2/24/2013,28.5,32.3,33.5,25
Quebec,2/25/2013,26.3,36.5,35.3,27.5
Quebec,2/26/2013,27.6,37.1,37.3,28.1
Quebec,2/27/2013,30.3,38.3,36.2,28.8
Quebec,2/28/2013,28.6,33.1,34.9,29.2
Quebec,3/1/2013,28.6,33.2,33,27.5
Quebec,3/2/2013,25.3,32.7,32.6,26.4
Quebec,3/3/2013,25.5,32,31.9,24.4
Quebec,3/4/2013,22.5,31.1,33.4,24.6
Quebec,3/5/2013,25.7,36.9,35,26.3
Quebec,3/6/2013,30.8,36.9,35.2,28.3
Quebec,3/7/2013,28.3,31.9,36.1,26.3
Quebec,3/8/2013,19.6,39.4,37.5,21.4
Quebec,3/9/2013,16.2,41.1,40.5,19.5
Quebec,3/10/2013,22.6,41,42.1,23.3
Quebec,3/11/2013,31.1,44.2,43.4,29.3
Quebec,3/12/2013,34.1,45.1,43.1,31.2
Quebec,3/13/2013,28.5,39.9,38.4,24.4
Quebec,3/14/2013,10.5,30.2,32.2,16.1
Quebec,3/15/2013,9.3,26.7,26.2,9.2
Quebec,3/16/2013,7.9,21.7,23.2,6.9
Quebec,3/17/2013,3.5,21.1,22.3,3.8
Quebec,3/18/2013,-0.1,24,24.3,7.6
Quebec,3/19/2013,19.3,27.8,27.4,12.9
Quebec,3/20/2013,19.4,30.6,29.8,18.9
Quebec,3/21/2013,18.1,30.9,31.4,18
Quebec,3/22/2013,16.4,32.7,33.9,18.8
Quebec,3/23/2013,21.8,38.2,37.3,20.6
Quebec,3/24/2013,23.6,40.9,40.4,24.5
Quebec,3/25/2013,28.3,42,42.5,25.8
Quebec,3/26/2013,25.5,44.5,44.1,26.5
Quebec,3/27/2013,25.7,45.8,46.3,27.9
Quebec,3/28/2013,32.4,48.6,46.4,29.2
Quebec,3/29/2013,29.4,44.9,46.5,29.2
Quebec,3/30/2013,25.7,46.1,47.7,27.1
Quebec,3/31/2013,26.1,52,47.1,23.9
Quebec,4/1/2013,20,43.2,40.5,20.8
Quebec,4/2/2013,16.2,26.3,34.5,18.9
Quebec,4/3/2013,20.5,34,35.1,19.6
Quebec,4/4/2013,22.1,44.9,40,21.4
Quebec,4/5/2013,21.6,41.2,40.3,20.2
Quebec,4/6/2013,16.8,34.9,42.1,22.1
Quebec,4/7/2013,28,50.1,43.2,26.1
Quebec,4/8/2013,33.6,44.5,47.2,31.2
Quebec,4/9/2013,32.1,46.9,47,32.3
Quebec,4/10/2013,31.2,49.7,44.6,28.9
Quebec,4/11/2013,23.5,37.1,40.2,27.5
Quebec,4/12/2013,27.8,33.7,37.5,27.7
Quebec,4/13/2013,31.7,41.7,41.3,30.2
Quebec,4/14/2013,31,48.5,48.1,30
Quebec,4/15/2013,27.4,54.2,52.7,32.5
Quebec,4/16/2013,39.1,55.5,54.2,33.6
Quebec,4/17/2013,34.4,52.9,55.2,35.6
Quebec,4/18/2013,33.4,57.1,59.1,36.7
Quebec,4/19/2013,42.3,67.4,57.9,35.1
Quebec,4/20/2013,29.6,49.1,53.4,32.5
Quebec,4/21/2013,25.5,43.8,49.9,26.4
Quebec,4/22/2013,24.2,56.8,53.4,27.3
Quebec,4/23/2013,32.3,59.5,62.1,30.8
Quebec,4/24/2013,35.9,70.1,61.1,34.6
Quebec,4/25/2013,35.6,53.7,58.9,34.2
Quebec,4/26/2013,31.1,52.9,55.8,31.9
Quebec,4/27/2013,29,60.8,61,31
Quebec,4/28/2013,32.9,69.2,66.6,34
Quebec,4/29/2013,40.1,69.8,70.3,41.2
Quebec,4/30/2013,50.6,71.9,72.8,46.1
Quebec,5/1/2013,47.6,76.8,73.4,48.6
Quebec,5/2/2013,47.6,71.5,73.1,46.2
Quebec,5/3/2013,43.3,71,73.1,45.1
Quebec,5/4/2013,44.6,76.7,75.9,43.4
Quebec,5/5/2013,42.4,80,79.8,46.6
Quebec,5/6/2013,52.8,82.8,81.8,47.3
Quebec,5/7/2013,46.8,82.5,83.1,49.3
Quebec,5/8/2013,48.2,84,80.5,50.8
Quebec,5/9/2013,57.4,75,74.8,50.8
Quebec,5/10/2013,46.8,65.4,67.6,50.4
Quebec,5/11/2013,47.1,62.4,61.3,44.1
Quebec,5/12/2013,38.4,56.2,56.4,39.2
Quebec,5/13/2013,32.1,50.7,54.8,33
Quebec,5/14/2013,28.4,57.7,56.7,31
Quebec,5/15/2013,32.5,61.9,59.3,34.8
Quebec,5/16/2013,43.6,58.5,61.1,38.6
Quebec,5/17/2013,39.8,63,63.7,42.2
Quebec,5/18/2013,43.2,69.7,67.5,42
Quebec,5/19/2013,43,69.7,70.3,46.7
Quebec,5/20/2013,54.1,71.5,69.1,50
Quebec,5/21/2013,52.9,66,67.5,53.3
Quebec,5/22/2013,52.8,64.9,67,51.4
Quebec,5/23/2013,48.5,70,62.9,48.4
Quebec,5/24/2013,43.8,53.9,58.4,44.9
Quebec,5/25/2013,42.3,51.4,52.9,41.6
Quebec,5/26/2013,38.8,53.4,57.7,39.5
Quebec,5/27/2013,37.5,68.2,64.4,38
Quebec,5/28/2013,37.7,71.7,68.9,43
Quebec,5/29/2013,53.9,66.8,73.1,49.5
Quebec,5/30/2013,56.8,80.8,78.2,58.8
Quebec,5/31/2013,65.8,87.1,83.5,62.5
Quebec,6/1/2013,64.8,82.5,81.7,63.6
Quebec,6/2/2013,60.3,75.5,74.1,58.6
Quebec,6/3/2013,50.8,64.4,67.8,52.2
Quebec,6/4/2013,45.6,63.6,64.6,45.8
Quebec,6/5/2013,41,65.8,64.3,43.6
Quebec,6/6/2013,44.2,63.5,63.4,45.2
Quebec,6/7/2013,50.4,61.1,61.5,48.9
Quebec,6/8/2013,52.1,59.8,64.2,51.2
Quebec,6/9/2013,51.2,71.7,70,50.6
Quebec,6/10/2013,48.6,78.4,71.4,51.2
Quebec,6/11/2013,53.8,64.2,72.4,51.4
Quebec,6/12/2013,51.7,74.7,71.1,51.2
Quebec,6/13/2013,48.2,74.3,75.7,51
Quebec,6/14/2013,53.3,78.1,76.1,49.4
Quebec,6/15/2013,46.7,75.8,72.4,49.8
Quebec,6/16/2013,49.3,63.5,68.8,48.1
Quebec,6/17/2013,48.4,67.3,66.5,47.6
Quebec,6/18/2013,45.1,68.7,69.1,45.5
Quebec,6/19/2013,43.1,71.3,71.7,44.6
Quebec,6/20/2013,45.5,75.1,75.7,47.6
Quebec,6/21/2013,54.2,80.8,75.1,53.2
Quebec,6/22/2013,60.1,69.5,76.4,58.9
Quebec,6/23/2013,62.5,78.8,78.3,62.8
Quebec,6/24/2013,65.8,86.7,82.8,63.7
Quebec,6/25/2013,62.7,83,78.8,61.7
Quebec,6/26/2013,56.5,66.7,73.5,58.4
Quebec,6/27/2013,55.9,70.6,65.5,55.8
Quebec,6/28/2013,55.1,59.2,66.8,55.6
Quebec,6/29/2013,56,70.5,68.3,56.4
Quebec,6/30/2013,58.2,75.1,72.9,56.8
Quebec,7/1/2013,56.1,73,72.3,57.2
Quebec,7/2/2013,57.4,68.8,73.4,57.8
Quebec,7/3/2013,59.8,78.4,78.2,60.2
Quebec,7/4/2013,63.2,87.5,84.3,64.3
Quebec,7/5/2013,69.7,87,87.3,67.9
Quebec,7/6/2013,70.9,87.4,85.8,68.2
Quebec,7/7/2013,63.9,82.9,82.3,65.4
Quebec,7/8/2013,61.3,76.6,81.3,62.8
Quebec,7/9/2013,63.3,84.3,81.1,63.5
Quebec,7/10/2013,65.8,82.5,81.1,60.8
Quebec,7/11/2013,53.3,76.4,78.5,56.4
Quebec,7/12/2013,50.1,76.6,79.7,51.8
Quebec,7/13/2013,52.1,86,84.1,54.8
Quebec,7/14/2013,62.1,89.7,89.1,60
Quebec,7/15/2013,65.8,91.7,90.1,65.4
Quebec,7/16/2013,68.2,88.9,90.4,67.1
Quebec,7/17/2013,67.2,90.6,88.7,66.9
Quebec,7/18/2013,65.3,86.6,89.2,66.9
Quebec,7/19/2013,68.1,90.5,86.5,63.1
Quebec,7/20/2013,56.1,82.2,81.4,58.3
Quebec,7/21/2013,50.8,71.5,77.2,52.1
Quebec,7/22/2013,49.5,77.9,77,53.3
Quebec,7/23/2013,59.7,81.5,75.5,52.2
Quebec,7/24/2013,47.3,67.2,73.1,50.4
Quebec,7/25/2013,44.2,70.7,71.2,47.3
Quebec,7/26/2013,50.4,75.6,75,49.6
Quebec,7/27/2013,54.1,78.7,78.4,56.1
Quebec,7/28/2013,63.6,80.8,78,59.3
Quebec,7/29/2013,60,74.3,77,59.5
Quebec,7/30/2013,54.8,75.8,76.9,56.8
Quebec,7/31/2013,55.8,80.7,79.2,57.4
Quebec,8/1/2013,61.6,81.1,79.7,58.6
Quebec,8/2/2013,58.5,77.3,77.2,59.3
Quebec,8/3/2013,57.7,73.2,73,56.2
Quebec,8/4/2013,52.3,68.6,71.3,52.1
Quebec,8/5/2013,46.3,72.1,72.8,49.6
Quebec,8/6/2013,50.1,77.6,76.6,49.8
Quebec,8/7/2013,53,80.1,79.7,55.6
Quebec,8/8/2013,63.7,81.6,80.1,59.9
Quebec,8/9/2013,63.1,78.5,77.4,60.5
Quebec,8/10/2013,54.6,72.1,75.9,56.2
Quebec,8/11/2013,51,77.1,75.5,53.8
Quebec,8/12/2013,55.6,77.4,75.2,54.2
Quebec,8/13/2013,56.1,71.3,72,55
Quebec,8/14/2013,53.5,67.2,70.7,53.3
Quebec,8/15/2013,50.5,73.7,71.5,52.6
Quebec,8/16/2013,54,73.6,73.9,50
Quebec,8/17/2013,45.7,74.3,76.4,50.2
Quebec,8/18/2013,51,81.3,79.4,52.5
Quebec,8/19/2013,60.8,82.6,81.6,57.8
Quebec,8/20/2013,61.5,81.1,83.3,61.8
Quebec,8/21/2013,63.1,86.2,80.6,61
Quebec,8/22/2013,58.5,74.4,77.1,57.4
Quebec,8/23/2013,50.6,70.8,73.5,51.2
Quebec,8/24/2013,44.5,75.2,74.5,47.5
Quebec,8/25/2013,47.3,77.5,76.4,51.3
Quebec,8/26/2013,62,76.5,77.5,56.7
Quebec,8/27/2013,60.7,78.4,78.3,61.6
Quebec,8/28/2013,62.2,80,76.4,60.5
Quebec,8/29/2013,58.6,70.7,75.8,59
Quebec,8/30/2013,56.1,76.6,73.9,58.9
Quebec,8/31/2013,62.1,74.4,76.1,58.8
Quebec,9/1/2013,58.3,77.1,73.2,59.5
Quebec,9/2/2013,58.1,68.1,71.8,58.2
Quebec,9/3/2013,58.3,70.2,68.5,54.6
Quebec,9/4/2013,47.3,67.2,66.2,48.8
Quebec,9/5/2013,40.9,61.2,65.8,42.7
Quebec,9/6/2013,39.8,69,66.7,45.8
Quebec,9/7/2013,56.7,69.8,66.5,45.7
Quebec,9/8/2013,40.6,60.8,66.7,45.9
Quebec,9/9/2013,40.3,69.4,64.8,45.5
Quebec,9/10/2013,55.6,64.1,71.6,51.5
Quebec,9/11/2013,58.5,81.4,73.3,58
Quebec,9/12/2013,60,74.5,72.3,56.9
Quebec,9/13/2013,52.3,61,64.4,52.2
Quebec,9/14/2013,44.3,57.9,60.8,46.3
Quebec,9/15/2013,42.2,63.5,58.5,40.8
Quebec,9/16/2013,36,54.1,60.7,37.7
Quebec,9/17/2013,34.9,64.6,62.9,38.5
Quebec,9/18/2013,44.6,70.1,69.4,41.4
Quebec,9/19/2013,44.5,73.6,72.8,46.9
Quebec,9/20/2013,51.4,74.8,73,51.2
Quebec,9/21/2013,57.7,70.6,68.2,51.1
Quebec,9/22/2013,44.2,59.1,62,47.5
Quebec,9/23/2013,40.7,56.2,59.6,42
Quebec,9/24/2013,41.1,63.6,60.1,40.2
Quebec,9/25/2013,38.7,60.5,62.5,40
Quebec,9/26/2013,40.3,63.3,64.3,41.1
Quebec,9/27/2013,44.3,69.1,68.6,41.7
Quebec,9/28/2013,40.4,73.4,72.1,42
Quebec,9/29/2013,41.3,73.8,73.8,41.8
Quebec,9/30/2013,43.8,74.1,74.1,44.1
Quebec,10/1/2013,47.3,74.3,75,47.1
Quebec,10/2/2013,50.3,76.7,73.4,47.7
Quebec,10/3/2013,45.5,69.3,68.5,48.1
Quebec,10/4/2013,48.5,59.4,62.7,46.8
Quebec,10/5/2013,46.5,59.3,59,45.1
Quebec,10/6/2013,40.3,58.4,64.1,44.5
Quebec,10/7/2013,46.6,74.7,64,41.7
Quebec,10/8/2013,38,59,66.3,39.6
Quebec,10/9/2013,34,65.1,64.5,36.1
Quebec,10/10/2013,36.1,69.5,68.3,36.4
Quebec,10/11/2013,39.2,70.2,69.1,40.6
Quebec,10/12/2013,46.6,67.5,68.3,43.5
Quebec,10/13/2013,44.7,67.1,64.9,47.2
Quebec,10/14/2013,50.4,60.1,62.1,46.2
Quebec,10/15/2013,43.4,59.1,60.4,47.9
Quebec,10/16/2013,50,62.1,61,47.2
Quebec,10/17/2013,48.3,61.9,61.3,48.3
Quebec,10/18/2013,46.5,59.9,59.7,45.6
Quebec,10/19/2013,42,57.4,56.8,40.9
Quebec,10/20/2013,34.2,53.2,55.2,35.9
Quebec,10/21/2013,31.5,55,54.5,34.1
Quebec,10/22/2013,36.7,55.4,52.5,33.1
Quebec,10/23/2013,31.1,47.1,48.2,32.1
Quebec,10/24/2013,28.5,42.2,44.5,29.9
Quebec,10/25/2013,30.2,44.3,42.6,29.5
Quebec,10/26/2013,29.9,41.4,43.7,31.3
Quebec,10/27/2013,33.8,45.2,43,28.9
Quebec,10/28/2013,23,42.4,41.4,25.6
Quebec,10/29/2013,20.1,36.7,40.6,22.1
Quebec,10/30/2013,23.4,42.7,44.3,24.2
Quebec,10/31/2013,29.3,53.6,53.7,32.1
Quebec,11/1/2013,43.7,64.6,54,33.4
Quebec,11/2/2013,27.2,43.9,49,31.1
Quebec,11/3/2013,22.5,38.5,40,22.6
Quebec,11/4/2013,18.1,37.7,40.8,22.4
Quebec,11/5/2013,26.6,46.3,46.5,26
Quebec,11/6/2013,33.4,55.6,52.4,31.7
Quebec,11/7/2013,35.2,55.2,50.1,32.9
Quebec,11/8/2013,30.2,39.4,44.1,30.7
Quebec,11/9/2013,26.8,37.9,37.9,29.4
Quebec,11/10/2013,31.1,36.4,37,27
Quebec,11/11/2013,23.1,36.9,34.9,24.5
Quebec,11/12/2013,19.3,31.4,33.5,19.7
Quebec,11/13/2013,16.8,32.4,35,21.6
Quebec,11/14/2013,28.8,41.2,40.5,26.9
Quebec,11/15/2013,35,48.1,47.1,31.2
Quebec,11/16/2013,29.9,52.2,51,31.7
Quebec,11/17/2013,30,52.8,53.5,30.9
Quebec,11/18/2013,32.8,55.4,47.3,29.4
Quebec,11/19/2013,25.3,33.7,41,25.6
Quebec,11/20/2013,18.7,33.9,34.1,20.3
Quebec,11/21/2013,16.9,34.8,34.7,21.7
Quebec,11/22/2013,29.7,35.5,34.6,21.9
Quebec,11/23/2013,19.1,33.6,29.7,19.4
Quebec,11/24/2013,9.3,20,27.7,11.9
Quebec,11/25/2013,7.2,29.6,28.2,15.1
Quebec,11/26/2013,28.7,35,32.9,20.2
Quebec,11/27/2013,24.6,34.2,31.3,20.5
Quebec,11/28/2013,8.1,24.7,26.7,10.9
Quebec,11/29/2013,-0.1,21.3,21.2,1
Quebec,11/30/2013,-5.1,17.7,21.7,3.4
Quebec,12/1/2013,15.4,26.1,24.9,11.8
Quebec,12/2/2013,25,30.8,29.7,22.7
Quebec,12/3/2013,27.7,32.3,32.2,23.6
Quebec,12/4/2013,18,33.4,35.1,24.5
Quebec,12/5/2013,27.8,39.5,37,23.3
Quebec,12/6/2013,24.2,38.1,34.7,21.6
Quebec,12/7/2013,12.9,26.4,29.3,13.8
Quebec,12/8/2013,4.3,23.5,27,10.1
Quebec,12/9/2013,13.2,31.2,28.9,7.8
Quebec,12/10/2013,6,31.9,27.4,5.1
Quebec,12/11/2013,-3.9,19,19.2,-4.9
Quebec,12/12/2013,-16.8,6.7,11.5,-12.7
Quebec,12/13/2013,-17.4,8.6,5.2,-18.2
Quebec,12/14/2013,-20.2,0.3,6.1,-13.4
Quebec,12/15/2013,-2.6,9.3,5.3,-12
Quebec,12/16/2013,-13.2,6.3,6.8,-12.9
Quebec,12/17/2013,-22.8,5,8.7,-11.9
Quebec,12/18/2013,0.2,14.8,14.9,-3.3
Quebec,12/19/2013,12.8,25,20,7.9
Quebec,12/20/2013,10.6,20.1,21.1,12
Quebec,12/21/2013,12.4,18.3,18.3,11.6
Quebec,12/22/2013,11.9,16.5,18.2,11.5
Quebec,12/23/2013,10.2,19.9,15.9,6
Quebec,12/24/2013,-4.2,11.2,11.1,-2.4
Quebec,12/25/2013,-13.3,2.2,9.1,-6.1
Quebec,12/26/2013,-0.7,13.9,12.3,-3.6
Quebec,12/27/2013,3.2,20.9,22.6,3.3
Quebec,12/28/2013,7.5,33.1,27.6,6.3
Quebec,12/29/2013,8.4,28.9,25,1.7
Quebec,12/30/2013,-10.7,13,13.4,-6.2
Quebec,12/31/2013,-16.2,-1.6,3.4,-15.8
Quebec,1/1/2014,-20.3,-1.4,-5.1,-20.3
Quebec,1/2/2014,-24.2,-12.2,-6.5,-21.3
Quebec,1/3/2014,-19.3,-6,-4,-21.2
Quebec,1/4/2014,-20.1,6.3,10,-11.1
Quebec,1/5/2014,6.1,29.7,25.4,-2.2
Quebec,1/6/2014,7.4,40.2,26.1,4
Quebec,1/7/2014,-1.5,8.5,20.8,2.5
Quebec,1/8/2014,1.5,13.6,12.6,-2.1
Quebec,1/9/2014,-6.3,15.8,15.5,-4.2
Quebec,1/10/2014,-7.8,17.1,24.4,0.6
Quebec,1/11/2014,15.9,40.2,32.6,12.8
Quebec,1/12/2014,30.2,40.5,40,24.9
Quebec,1/13/2014,28.6,39.4,39.5,29.5
Quebec,1/14/2014,29.8,38.8,37,27.1
Quebec,1/15/2014,23,32.8,34.2,22.5
Quebec,1/16/2014,14.7,31,31.6,18.6
Quebec,1/17/2014,18,31.1,31.3,15.3
Quebec,1/18/2014,13.1,31.9,30.1,15.8
Quebec,1/19/2014,16.3,27.1,25.2,6
Quebec,1/20/2014,-11.6,16.5,13.8,-4.5
Quebec,1/21/2014,-18.4,-2.3,5,-17.4
Quebec,1/22/2014,-22.4,0.8,-0.6,-19.6
Quebec,1/23/2014,-18,-0.4,4.3,-19.4
Quebec,1/24/2014,-17.9,12.4,11,-9.5
Quebec,1/25/2014,7.4,21.1,14.4,-6.5
Quebec,1/26/2014,-9.1,9.6,16.1,-4.1
Quebec,1/27/2014,-10.7,17.5,12.5,-10.1
Quebec,1/28/2014,-10.5,10.5,13.6,-6.1
Quebec,1/29/2014,3,12.7,15.4,-1.5
Quebec,1/30/2014,2.9,22.9,22.7,5.4
Quebec,1/31/2014,10.2,32.5,26.2,3.8
Quebec,2/1/2014,-1.7,23.2,28.5,5.8
Quebec,2/2/2014,8.8,29.7,23.7,-0.2
Quebec,2/3/2014,-7.8,18.3,22.7,-2.5
Quebec,2/4/2014,-8.4,20.2,17.4,-6.4
Quebec,2/5/2014,-2.9,13.7,15,-8.4
Quebec,2/6/2014,-13.8,11.2,14.5,-2.6
Quebec,2/7/2014,8.8,18.7,16.1,-3.1
Quebec,2/8/2014,-4.4,18.3,17.6,-0.2
Quebec,2/9/2014,-5.2,15.9,16.8,-4.9
Quebec,2/10/2014,-5.1,16.1,14,-7.2
Quebec,2/11/2014,-11.3,10.1,12.6,-11.8
Quebec,2/12/2014,-18.9,11.7,14.6,-11.8
Quebec,2/13/2014,-5.1,22.1,19.5,-2.8
Quebec,2/14/2014,15.7,24.7,22,5.5
Quebec,2/15/2014,6,19.2,19.9,8
Quebec,2/16/2014,2.4,15.7,16.5,-0.5
Quebec,2/17/2014,-9.8,14.7,16.7,-6
Quebec,2/18/2014,-10.4,19.6,22.8,-1.2
Quebec,2/19/2014,16.6,34,29.6,8.5
Quebec,2/20/2014,19.2,35.2,35.3,19.7
Quebec,2/21/2014,23.4,36.5,37.3,23.2
Quebec,2/22/2014,27.1,40.3,36.1,24.3
Quebec,2/23/2014,22.4,31.4,31.6,19.7
Quebec,2/24/2014,9.6,23,22.8,11.4
Quebec,2/25/2014,2.2,13.9,16.5,2.1
Quebec,2/26/2014,-5.5,12.7,15,-2.7
Quebec,2/27/2014,-4.7,18.4,13.3,-4.5
Quebec,2/28/2014,-3.2,8.7,15.8,-2.7
Quebec,3/1/2014,-0.1,20.2,14.9,-3.2
Quebec,3/2/2014,-6.4,15.9,14.6,-5.8
Quebec,3/3/2014,-11,7.7,11.4,-8.3
Quebec,3/4/2014,-7.5,10.5,9.8,-10.9
Quebec,3/5/2014,-14.3,11.2,12.5,-12
Quebec,3/6/2014,-14.1,15.7,19.8,-13
Quebec,3/7/2014,-10.7,32.5,27.3,-3.7
Quebec,3/8/2014,13.6,33.5,29.6,1.2
Quebec,3/9/2014,0.7,22.8,28.8,10.6
Quebec,3/10/2014,17.5,30,30.6,14.8
Quebec,3/11/2014,26.1,39.1,33.8,17.3
Quebec,3/12/2014,8.2,32.2,30.3,11.4
Quebec,3/13/2014,0,19.6,28,1.1
Quebec,3/14/2014,-4.8,32.2,30.1,3.5
Quebec,3/15/2014,15.3,38.5,28.7,2.9
Quebec,3/16/2014,-1.8,15.4,23.9,1.8
Quebec,3/17/2014,-8,17.9,18.7,-4.2
Quebec,3/18/2014,-2.7,22.9,25.7,-0.2
Quebec,3/19/2014,10.1,36.2,31.5,12.5
Quebec,3/20/2014,30.1,35.3,35.9,19.3
Quebec,3/21/2014,17.8,36.2,34.5,20.7
Quebec,3/22/2014,14.2,32,32.4,9.7
Quebec,3/23/2014,-2.9,29,27.2,0.6
Quebec,3/24/2014,-9.6,20.7,26.1,-2.6
Quebec,3/25/2014,4.9,28.6,25.7,1.1
Quebec,3/26/2014,7.9,27.9,27.4,4.6
Quebec,3/27/2014,0.9,25.7,29.8,10.3
Quebec,3/28/2014,22,35.9,32.4,17.3
Quebec,3/29/2014,29,35.7,34.7,25.5
Quebec,3/30/2014,25.7,32.4,37.4,26.7
Quebec,3/31/2014,25.4,44.1,39.1,22.8
Quebec,4/1/2014,17.4,40.7,41.7,24.6
Quebec,4/2/2014,31,40.2,39.5,24.5
Quebec,4/3/2014,25.1,37.6,39.8,25.5
Quebec,4/4/2014,20.5,41.5,39.9,25.6
Quebec,4/5/2014,31.3,40.5,41.3,27.1
Quebec,4/6/2014,29.5,41.9,44.5,30.1
Quebec,4/7/2014,29.7,51.2,44.2,31.3
Quebec,4/8/2014,34.8,39.6,43.4,29.4
Quebec,4/9/2014,23.7,39.4,45.5,27
Quebec,4/10/2014,22.4,57.6,49.7,25.9
Quebec,4/11/2014,31.5,52.2,55.2,27.7
Quebec,4/12/2014,29.2,55.7,50,30.5
Quebec,4/13/2014,30.9,42.2,54.7,31.5
Quebec,4/14/2014,34.5,66.2,55.7,29
Quebec,4/15/2014,21.5,58.7,52.5,24
Quebec,4/16/2014,16,32.5,44.9,19.4
Quebec,4/17/2014,20.6,43.4,41.9,21.5
Quebec,4/18/2014,27.9,49.9,47.8,25.4
Quebec,4/19/2014,27.7,50.2,51,26.7
Quebec,4/20/2014,24.7,52.9,55.4,30.4
Quebec,4/21/2014,38.8,63.2,54.8,34.7
Quebec,4/22/2014,40.6,48.4,53.8,38.6
Quebec,4/23/2014,36.4,50,50.5,36.9
Quebec,4/24/2014,33.8,53.2,51.4,32.9
Quebec,4/25/2014,28.6,51.1,50.4,32.4
Quebec,4/26/2014,34.8,47,49.2,32.8
Quebec,4/27/2014,35.1,49.6,49.8,35.3
Quebec,4/28/2014,35.9,52.9,53.6,37.3
Quebec,4/29/2014,41,58.3,54.2,39.2
Quebec,4/30/2014,40.7,51.3,55.5,41
Quebec,5/1/2014,41.3,56.9,55,42.4
Quebec,5/2/2014,45.1,56.7,57.8,44.2
Quebec,5/3/2014,46.1,59.8,56.2,45.2
Quebec,5/4/2014,44.5,52.1,55.9,43.6
Quebec,5/5/2014,40.1,55.9,54.9,40.8
Quebec,5/6/2014,37.9,56.6,57.9,37.4
Quebec,5/7/2014,34.2,61.3,59.2,36.7
Quebec,5/8/2014,37.9,59.8,61.5,38.4
Quebec,5/9/2014,43,63.6,66.4,43.5
Quebec,5/10/2014,49.7,75.7,69.8,47
Quebec,5/11/2014,48.4,70.1,70.8,47.3
Quebec,5/12/2014,43.9,66.5,67,44.6
Quebec,5/13/2014,41.5,64.5,68,46.3
Quebec,5/14/2014,53.5,73.1,72.2,50.3
Quebec,5/15/2014,55.8,79,75.9,54.1
Quebec,5/16/2014,53,75.7,72.3,51.6
Quebec,5/17/2014,45.9,62.3,67.3,46.9
Quebec,5/18/2014,41.7,64,65.2,43.3
Quebec,5/19/2014,42.2,69.4,68.5,42.4
Quebec,5/20/2014,43.4,72.1,70.8,43.7
Quebec,5/21/2014,45.6,70.9,70.5,46.9
Quebec,5/22/2014,51.8,68.4,69.5,49.1
Quebec,5/23/2014,50,69.4,69.3,50.3
Quebec,5/24/2014,49.3,70.1,72.1,49.3
Quebec,5/25/2014,48.6,76.9,73.8,50.1
Quebec,5/26/2014,52.3,74.6,68.7,48.9
Quebec,5/27/2014,45.8,54.6,64.4,47
Quebec,5/28/2014,42.8,64,62.9,42.9
Quebec,5/29/2014,40.1,70.1,68.3,43.8
Quebec,5/30/2014,48.6,70.9,69.3,44.4
Quebec,5/31/2014,44.4,66.8,71.8,46.6
Quebec,6/1/2014,46.8,77.7,75.4,48.9
Quebec,6/2/2014,55.4,81.8,79.9,55
Quebec,6/3/2014,62.8,80.2,77.7,58.1
Quebec,6/4/2014,56,71.1,71.8,57.9
Quebec,6/5/2014,54.8,64,70.1,54.9
Quebec,6/6/2014,53.9,75.1,74,54.2
Quebec,6/7/2014,53.9,82.9,80.7,55.1
Quebec,6/8/2014,57.6,84,82.3,57.1
Quebec,6/9/2014,59.9,79.9,79.8,56.8
Quebec,6/10/2014,52.8,75.3,77.4,54.5
Quebec,6/11/2014,50.8,77,72.4,52.6
Quebec,6/12/2014,54.1,64.9,69.4,54.4
Quebec,6/13/2014,58.3,66.3,66.7,54.7
Quebec,6/14/2014,51.7,69.1,69.8,53.3
Quebec,6/15/2014,49.9,74,72.3,49.6
Quebec,6/16/2014,47.1,73.8,76.5,50.4
Quebec,6/17/2014,54.3,81.8,78,52.9
Quebec,6/18/2014,57.3,78.3,77.7,55.1
Quebec,6/19/2014,53.8,72.8,73.3,53.3
Quebec,6/20/2014,49,68.7,70.2,50.1
Quebec,6/21/2014,47.7,69,71.2,47.8
Quebec,6/22/2014,46.6,76,75.4,48.5
Quebec,6/23/2014,51.1,81.3,76.8,53.3
Quebec,6/24/2014,62.1,73.3,76.5,58.4
Quebec,6/25/2014,62,75,75.5,60.2
Quebec,6/26/2014,56.3,78.3,79.1,57.7
Quebec,6/27/2014,54.6,84,83,55.5
Quebec,6/28/2014,55.6,86.7,86.2,56.8
Quebec,6/29/2014,60.3,87.9,87,62.2
Quebec,6/30/2014,70.7,86.4,88.1,67.6
Quebec,7/1/2014,71.7,90,87.4,70.3
Quebec,7/2/2014,68.5,85.8,83.4,67.5
Quebec,7/3/2014,62.4,74.3,78.1,62.6
Quebec,7/4/2014,56.9,74.2,76.5,57.6
Quebec,7/5/2014,53.5,81,78.5,57.9
Quebec,7/6/2014,63.2,80.2,77.3,60.5
Quebec,7/7/2014,64.7,70.8,79,64.1
Quebec,7/8/2014,64.5,86,76.8,62.5
Quebec,7/9/2014,58.2,73.7,77.8,58.7
Quebec,7/10/2014,53.4,73.6,75.3,53.6
Quebec,7/11/2014,49.3,78.6,78,52.8
Quebec,7/12/2014,55.8,81.9,78.7,55.3
Quebec,7/13/2014,60.8,75.5,77.7,58.5
Quebec,7/14/2014,59,75.7,74.6,58.7
Quebec,7/15/2014,56.1,72.5,75,58.9
Quebec,7/16/2014,61.4,76.8,74,58
Quebec,7/17/2014,56.5,72.7,76.3,57.8
Quebec,7/18/2014,55.5,79.4,77.7,55.7
Quebec,7/19/2014,55,80.9,80.7,57.9
Quebec,7/20/2014,63.2,81.7,82.7,61.3
Quebec,7/21/2014,65.6,85.5,84.3,65
Quebec,7/22/2014,66.1,85.7,83.7,63.7
Quebec,7/23/2014,59.4,79.9,80.1,59.3
Quebec,7/24/2014,52.3,74.6,77.4,55.2
Quebec,7/25/2014,54,77.6,77,54.8
Quebec,7/26/2014,58.1,78.8,77.4,57.7
Quebec,7/27/2014,60.9,76,73.3,58.6
Quebec,7/28/2014,56.8,65.2,70.6,56.2
Quebec,7/29/2014,50.9,70.5,70,52.3
Quebec,7/30/2014,49.3,74.2,72.1,51.2
Quebec,7/31/2014,53.4,71.5,74.9,52
Quebec,8/1/2014,53.4,78.9,77.3,54.3
Quebec,8/2/2014,56,81.4,80.7,55.8
Quebec,8/3/2014,57.9,81.9,82.1,57.6
Quebec,8/4/2014,58.9,82.9,80.2,58
Quebec,8/5/2014,57.2,75.9,78.9,57.2
Quebec,8/6/2014,55.6,78,76,56.9
Quebec,8/7/2014,57.8,74.1,77.5,56.6
Quebec,8/8/2014,56.5,80.5,79.4,56
Quebec,8/9/2014,53.8,83.8,83.1,55.4
Quebec,8/10/2014,56,85.1,84.5,56.4
Quebec,8/11/2014,59.3,84.8,83.8,58.8
Quebec,8/12/2014,61.2,81.6,78.2,60.2
Quebec,8/13/2014,60.3,68.2,71.5,58.4
Quebec,8/14/2014,53.9,64.7,65.3,55.2
Quebec,8/15/2014,51.4,63.1,63.6,53.7
Quebec,8/16/2014,55.7,62.9,66.2,54.7
Quebec,8/17/2014,57,72.5,68.6,54
Quebec,8/18/2014,49.4,70.4,72.6,52
Quebec,8/19/2014,49.7,74.7,74.8,50.5
Quebec,8/20/2014,52.4,79.4,77,54.3
Quebec,8/21/2014,60.8,76.9,77.5,57.7
Quebec,8/22/2014,59.8,76.3,77.2,59.3
Quebec,8/23/2014,57.1,78.5,79.6,57.3
Quebec,8/24/2014,54.9,84.2,82.8,57.3
Quebec,8/25/2014,59.7,85.7,84.4,58.2
Quebec,8/26/2014,60,83.3,82.1,60.8
Quebec,8/27/2014,62.6,77.4,76.3,58.4
Quebec,8/28/2014,52.7,68.2,72.5,55.3
Quebec,8/29/2014,50.5,72,72.1,52
Quebec,8/30/2014,52.6,76,75.5,56.3
Quebec,8/31/2014,65.7,78.4,76.9,60.2
Quebec,9/1/2014,62.2,76.1,78.4,63.4
Quebec,9/2/2014,62.3,80.5,78.5,61
Quebec,9/3/2014,58.5,78.7,79.8,59.6
Quebec,9/4/2014,57.9,80,81.6,60.2
Quebec,9/5/2014,64.3,86.1,79.5,56.5
Quebec,9/6/2014,47.5,72.4,76.3,52.5
Quebec,9/7/2014,45.7,70.4,72.3,46.8
Quebec,9/8/2014,47.3,74,72.7,48.1
Quebec,9/9/2014,51.3,73.6,74.5,49.2
Quebec,9/10/2014,48.9,75.7,74.4,49.4
Quebec,9/11/2014,48.1,73.8,69.2,45.9
Quebec,9/12/2014,40.7,58,61.7,43.4
Quebec,9/13/2014,41.4,53.4,54.2,40.2
Quebec,9/14/2014,38.6,51.3,55.9,38.9
Quebec,9/15/2014,36.7,63.1,59.9,40.2
Quebec,9/16/2014,45.3,65.3,62.7,41.4
Quebec,9/17/2014,42.1,59.8,59.5,40.1
Quebec,9/18/2014,33,53.3,55.8,34.9
Quebec,9/19/2014,29.5,54.4,57.8,33
Quebec,9/20/2014,36.6,65.8,63.7,42
Quebec,9/21/2014,60.1,70.9,65.7,46.5
Quebec,9/22/2014,42.7,60.5,64.7,48.1
Quebec,9/23/2014,41.5,62.6,64.3,40.8
Quebec,9/24/2014,38.1,69.7,69.1,40.6
Quebec,9/25/2014,42.3,74.8,74.7,42.4
Quebec,9/26/2014,46.8,79.5,78.1,47.4
Quebec,9/27/2014,53.1,79.9,79.9,52.2
Quebec,9/28/2014,56.7,80.3,73.9,51.7
Quebec,9/29/2014,45.3,61.4,66.1,49.4
Quebec,9/30/2014,46.3,56.5,59.8,46.8
Quebec,10/1/2014,48.9,61.4,61,46.2
Quebec,10/2/2014,43.3,65.2,65.9,45.6
Quebec,10/3/2014,44.6,71.2,65.2,45.8
Quebec,10/4/2014,49.5,59.2,62.4,44.5
Quebec,10/5/2014,39.5,56.8,59.1,44.7
Quebec,10/6/2014,45,61.3,60.1,45.1
Quebec,10/7/2014,50.9,62.2,62.3,47.4
Quebec,10/8/2014,46.3,63.2,58.7,45.8
Quebec,10/9/2014,40.1,50.5,55.7,41.1
Quebec,10/10/2014,36.8,53.3,52.8,37
Quebec,10/11/2014,34.2,54.5,54.9,34.2
Quebec,10/12/2014,31.5,57,58.1,31.9
Quebec,10/13/2014,30,62.8,65.1,38.7
Quebec,10/14/2014,54.7,75.4,70.1,46.9
Quebec,10/15/2014,56,72.1,69.6,54.9
Quebec,10/16/2014,54.1,61.3,65.5,55
Quebec,10/17/2014,54.8,63.2,62.1,49.4
Quebec,10/18/2014,39.4,61.8,57.3,41.5
Quebec,10/19/2014,30.3,46.8,50.9,32.8
Quebec,10/20/2014,28.7,44.2,45.6,32.1
Quebec,10/21/2014,37.4,45.7,47.8,35.1
Quebec,10/22/2014,39.4,53.5,49.9,39.3
Quebec,10/23/2014,41.1,50.4,52.9,38.8
Quebec,10/24/2014,36,54.8,53,36.1
Quebec,10/25/2014,31.2,53.8,53.7,36.7
Quebec,10/26/2014,42.7,52.5,53.5,37.3
Quebec,10/27/2014,38,54.1,52.6,40
Quebec,10/28/2014,39.3,51.3,53.9,40.2
Quebec,10/29/2014,43.5,56.4,51.9,39.5
Quebec,10/30/2014,35.8,47.9,49.5,37.9
Quebec,10/31/2014,34.5,44.1,44.9,34.3
Quebec,11/1/2014,32.5,42.8,43.4,31.7
Quebec,11/2/2014,28.2,43.5,43.4,29.1
Quebec,11/3/2014,26.7,43.9,45,30
Quebec,11/4/2014,35.1,47.8,48.1,33.7
Quebec,11/5/2014,39.4,52.5,48.4,36.2
Quebec,11/6/2014,33.9,44.9,45.3,34.3
Quebec,11/7/2014,29.6,38.5,40.4,29.2
Quebec,11/8/2014,24,37.7,39.2,27.2
Quebec,11/9/2014,28.1,41.3,41,27.1
Quebec,11/10/2014,29.3,43.9,43.6,29.2
Quebec,11/11/2014,30.2,45.6,44.9,30.2
Quebec,11/12/2014,31.2,45.2,43.9,29.8
Quebec,11/13/2014,28.1,40.9,40.6,26.8
Quebec,11/14/2014,21.2,35.7,36.5,22.5
Quebec,11/15/2014,18.2,32.9,33.9,21.5
Quebec,11/16/2014,25.2,33.2,32.9,24.1
Quebec,11/17/2014,28.8,32.5,33,25.5
Quebec,11/18/2014,22.6,33.4,30.7,22.5
Quebec,11/19/2014,16,26.2,29.9,19.4
Quebec,11/20/2014,19.6,30.2,26.8,14.2
Quebec,11/21/2014,7,24.1,29.8,11.3
Quebec,11/22/2014,7.4,35.2,33.2,16.2
Quebec,11/23/2014,34.3,40.2,45.3,25.4
Quebec,11/24/2014,34.7,60.5,50,34.6
Quebec,11/25/2014,34.8,49.4,48.4,32.4
Quebec,11/26/2014,27.7,35.3,38.4,28.1
Quebec,11/27/2014,21.8,30.4,29.6,20
Quebec,11/28/2014,10.6,23,27.4,13.3
Quebec,11/29/2014,7.4,28.9,31,15.6
Quebec,11/30/2014,28.7,41.2,36.6,16.1
Quebec,12/1/2014,12.1,39.7,33.3,14
Quebec,12/2/2014,1.1,19.2,30.8,10.8
Quebec,12/3/2014,19.2,33.6,27.4,5.2
Quebec,12/4/2014,-4.7,29.4,26.9,3.5
Quebec,12/5/2014,-4.1,17.6,25.2,2.3
Quebec,12/6/2014,15.6,28.4,21.3,2.1
Quebec,12/7/2014,-5.1,18,21.4,2.3
Quebec,12/8/2014,-3.7,17.7,22.2,2.9
Quebec,12/9/2014,17.6,31,26.6,14.1
Quebec,12/10/2014,28.3,31.1,31.7,24.9
Quebec,12/11/2014,28.9,32.9,31.9,28.1
Quebec,12/12/2014,27.1,31.8,32.4,25.1
Quebec,12/13/2014,19.3,32.5,31.2,19.4
Quebec,12/14/2014,11.9,29.4,30.7,19.1
Quebec,12/15/2014,26.2,30.1,30,21.7
Quebec,12/16/2014,27,30.5,30.6,27.4
Quebec,12/17/2014,29,31,30.9,27.1
Quebec,12/18/2014,25.3,31,29.3,19.6
Quebec,12/19/2014,4.5,25.9,23.7,8.7
Quebec,12/20/2014,-3.6,14.1,18.9,3.3
Quebec,12/21/2014,9,16.7,17.3,6.1
Quebec,12/22/2014,13,21.1,23.3,13.9
Quebec,12/23/2014,19.6,32.1,29.9,21.5
Quebec,12/24/2014,31.8,36.4,37.3,28.4
Quebec,12/25/2014,33.9,43.3,39.3,33.3
Quebec,12/26/2014,34.3,38.2,40.5,33.3
Quebec,12/27/2014,31.8,39.9,40,30.2
Quebec,12/28/2014,24.5,41.9,36.1,20.8
Quebec,12/29/2014,6,26.5,25.8,9.6
Quebec,12/30/2014,-1.7,9,17.4,0.6
Quebec,12/31/2014,-2.4,16.7,16.6,3.5
Quebec,1/1/2015,14.7,24.2,21,2.3
Quebec,1/2/2015,-5.3,22.1,19.7,-0.5
Quebec,1/3/2015,-10.7,12.7,22.2,-1.2
Quebec,1/4/2015,12.4,31.9,22.4,-2.4
Quebec,1/5/2015,-8.8,22.6,19,-5.9
Quebec,1/6/2015,-21.4,2.4,9.7,-16.9
Quebec,1/7/2015,-20.5,4.2,1.8,-21.7
Quebec,1/8/2015,-23.3,-1.2,7.1,-15.2
Quebec,1/9/2015,-1.8,18.3,9.8,-11.9
Quebec,1/10/2015,-10.6,12.4,17,-3.8
Quebec,1/11/2015,1,20.2,19.2,-4.9
Quebec,1/12/2015,-5,25,15.6,-6.7
Quebec,1/13/2015,-16,1.5,10.7,-14.7
Quebec,1/14/2015,-23.1,5.6,6.3,-18.9
Quebec,1/15/2015,-17.7,11.7,13.8,-17.1
Quebec,1/16/2015,-10.7,24.2,12.6,-16.2
Quebec,1/17/2015,-20.4,1.9,18,-10.1
Quebec,1/18/2015,0.8,27.9,21.4,-4.7
Quebec,1/19/2015,5.6,34.5,22.8,0.4
Quebec,1/20/2015,-5.1,6,17,-5
Quebec,1/21/2015,-15.6,10.4,10.4,-11.1
Quebec,1/22/2015,-12.5,14.9,18,-8.4
Quebec,1/23/2015,3,28.8,24.8,4.9
Quebec,1/24/2015,24.3,30.7,28.9,6.3
Quebec,1/25/2015,-8.3,27.1,20.7,-1.1
Quebec,1/26/2015,-19.4,4.3,14.1,-10
Quebec,1/27/2015,-2.2,10.9,10.7,-8.2
Quebec,1/28/2015,-3,16.9,18.5,-5.5
Quebec,1/29/2015,-11.2,27.8,23.9,-6.5
Quebec,1/30/2015,-5.3,27.1,19.1,-10.5
Quebec,1/31/2015,-14.9,2.4,11.5,-10.5
Quebec,2/1/2015,-11.2,5.2,1.9,-14.6
Quebec,2/2/2015,-17.6,-2,3.6,-17.7
Quebec,2/3/2015,-24.1,7.8,8.4,-15.2
Quebec,2/4/2015,-3.9,19.4,14.2,-13.8
Quebec,2/5/2015,-13.4,15.5,13.8,-13.9
Quebec,2/6/2015,-24.2,6.6,9.9,-17.2
Quebec,2/7/2015,-14,7.8,6.4,-15.1
Quebec,2/8/2015,-7,4.9,7.4,-8.2
Quebec,2/9/2015,-3.6,9.4,11.1,-4.4
Quebec,2/10/2015,-2.6,19.1,12.8,-4
Quebec,2/11/2015,-5.8,9.9,15.3,-3.9
Quebec,2/12/2015,-3.3,16.8,8,-8.9
Quebec,2/13/2015,-17.5,-2.6,6.2,-11.8
Quebec,2/14/2015,-14.6,4.4,1.7,-15
Quebec,2/15/2015,-13,3.2,5.5,-14.2
Quebec,2/16/2015,-14.9,9,6.4,-16.3
Quebec,2/17/2015,-21,7.2,10.5,-18.3
Quebec,2/18/2015,-19.1,15.4,14,-13.3
Quebec,2/19/2015,0.3,19.4,14.2,-7.9
Quebec,2/20/2015,-5,7.9,14.5,-4.4
Quebec,2/21/2015,-8.5,16.3,16,-3.1
Quebec,2/22/2015,4.2,23.8,17,-6.9
Quebec,2/23/2015,-16.5,10.9,16.2,-11.2
Quebec,2/24/2015,-21.2,14,15.7,-15
Quebec,2/25/2015,-7.5,22.3,14.3,-15.4
Quebec,2/26/2015,-17.7,6.5,14,-14.8
Quebec,2/27/2015,-19.3,13.1,13.3,-13.1
Quebec,2/28/2015,-2.3,20.2,18.8,-7.8
Quebec,3/1/2015,-1.6,23.1,23.3,-0.8
Quebec,3/2/2015,1.5,26.6,24.4,-3
Quebec,3/3/2015,-8.8,23.5,26.3,-1.7
Quebec,3/4/2015,2.3,28.8,23,-5.2
Quebec,3/5/2015,-8.9,16.7,21.2,-6.5
Quebec,3/6/2015,-13,18.1,20.2,-4.7
Quebec,3/7/2015,7.8,25.7,24.4,3.2
Quebec,3/8/2015,14.7,29.3,29.3,12.4
Quebec,3/9/2015,14.9,32.9,35.2,15.5
Quebec,3/10/2015,17,43.3,41.2,19.5
Quebec,3/11/2015,26.7,47.4,39.3,17.1
Quebec,3/12/2015,7.5,27.1,34.1,12.7
Quebec,3/13/2015,4,27.9,28.7,10.3
Quebec,3/14/2015,19.2,31.1,30.1,10.1
Quebec,3/15/2015,7,31.5,32.3,9.1
Quebec,3/16/2015,1.2,34.5,32.1,7.4
Quebec,3/17/2015,14,30.2,27.9,4.6
Quebec,3/18/2015,-1.2,18.9,25.9,2.8
Quebec,3/19/2015,-4.4,28.6,28.2,-0.1
Quebec,3/20/2015,5.2,37.1,33,2.7
Quebec,3/21/2015,7.3,33.3,28,4
Quebec,3/22/2015,-0.7,13.7,23.1,2.2
Quebec,3/23/2015,-0.1,22.3,22.4,-0.1
Quebec,3/24/2015,0.6,31.1,31.2,3.4
Quebec,3/25/2015,9.5,40.1,37.3,13.5
Quebec,3/26/2015,30.2,40.8,38.9,18.9
Quebec,3/27/2015,16.9,35.8,34.9,19.4
Quebec,3/28/2015,10.9,28.3,33.6,11.4
Quebec,3/29/2015,6.4,36.8,34.3,15.5
Quebec,3/30/2015,29.1,37.8,36.2,18.3
Quebec,3/31/2015,19.3,33.9,35.2,20.1
Quebec,4/1/2015,11.9,33.9,35.8,17.5
Quebec,4/2/2015,21.2,39.7,41.9,21.4
Quebec,4/3/2015,31.1,52.2,41.8,23.6
Quebec,4/4/2015,18.6,33.4,38.5,20.8
Quebec,4/5/2015,12.9,29.8,33.2,14.1
Quebec,4/6/2015,10.9,36.3,35,14.4
Quebec,4/7/2015,19.4,38.8,38.1,16.7
Quebec,4/8/2015,19.7,39.1,40.8,22.8
Quebec,4/9/2015,29.4,44.5,44.9,27.8
Quebec,4/10/2015,34.2,51,47.3,32.7
Quebec,4/11/2015,34.6,46.4,52.5,34.5
Quebec,4/12/2015,34.7,60.1,58.9,33.6
Quebec,4/13/2015,31.7,70.2,63.8,34.6
Quebec,4/14/2015,37.3,61.3,61.3,33.1
Quebec,4/15/2015,30.4,52.6,57.8,31.2
Quebec,4/16/2015,25.9,59.5,59.8,32.4
Quebec,4/17/2015,41,67.3,57.3,33.7
Quebec,4/18/2015,34.1,45,54.6,35.3
Quebec,4/19/2015,30.7,51.6,48.7,34
Quebec,4/20/2015,37.3,49.6,50.9,35.2
Quebec,4/21/2015,37.5,51.6,50.6,35.8
Quebec,4/22/2015,32.7,50.5,48.4,34.3
Quebec,4/23/2015,32.7,43.2,44.4,32.7
Quebec,4/24/2015,32.6,39.6,44.4,32.7
Quebec,4/25/2015,32.7,50.2,47.4,34.1
Quebec,4/26/2015,37,52.3,53.5,36.5
Quebec,4/27/2015,40,58.1,58.9,39.1
Quebec,4/28/2015,40.2,66.2,61.3,40.7
Quebec,4/29/2015,42,59.5,62.3,40.6
Quebec,4/30/2015,39.5,61.2,61.8,41.2
Quebec,5/1/2015,42.1,64.9,65.9,40.2
Quebec,5/2/2015,38.9,71.6,71.5,42
Quebec,5/3/2015,45,77.9,77.6,45.9
Quebec,5/4/2015,53.7,83.2,76.6,47
Quebec,5/5/2015,42.4,68.7,75.7,44.1
Quebec,5/6/2015,36.3,75.3,74.7,40.1
Quebec,5/7/2015,41.4,80.2,78.1,42.1
Quebec,5/8/2015,48.7,78.9,78.8,46.8
Quebec,5/9/2015,50.4,77.3,76.9,50.9
Quebec,5/10/2015,53.7,74.6,69.7,49.1
Quebec,5/11/2015,43.3,57,65.9,47.1
Quebec,5/12/2015,44.2,66,61.7,42.5
Quebec,5/13/2015,40,61.9,64.8,39.9
Quebec,5/14/2015,35.4,66.5,66.3,38.3
Quebec,5/15/2015,39.4,70.3,68.6,43.2
Quebec,5/16/2015,54.8,69,71.2,48.5
Quebec,5/17/2015,51.4,74.4,74.8,51.7
Quebec,5/18/2015,49,80.9,78.5,50.5
Quebec,5/19/2015,51.1,80.3,73.5,47.8
Quebec,5/20/2015,43.3,59.2,69,46.2
Quebec,5/21/2015,44.2,67.6,59.9,40.1
Quebec,5/22/2015,32.9,52.9,60.5,36.5
Quebec,5/23/2015,32.6,61,64.1,38.6
Quebec,5/24/2015,50.4,78.2,70.4,46
Quebec,5/25/2015,54.9,71.9,77.9,54.4
Quebec,5/26/2015,58,83.6,79.3,58.8
Quebec,5/27/2015,63.5,82.3,79.6,57.4
Quebec,5/28/2015,50.6,72.7,77.1,53.4
Quebec,5/29/2015,46,76.3,78.3,49.2
Quebec,5/30/2015,50.9,85.8,73.3,47.3
Quebec,5/31/2015,44.9,57.8,68.3,47.3
Quebec,6/1/2015,46,61.2,57.6,44
Quebec,6/2/2015,41.1,54,59.6,41.7
Quebec,6/3/2015,38.2,63.6,64.4,40.8
Quebec,6/4/2015,43,75.6,71.1,44.3
Quebec,6/5/2015,51.6,74.2,72.1,45.8
Quebec,6/6/2015,42.7,66.6,70.3,45
Quebec,6/7/2015,40.6,70.1,67.7,46.6
Quebec,6/8/2015,56.4,66.3,69.7,51.9
Quebec,6/9/2015,58.7,72.5,71.5,57.5
Quebec,6/10/2015,57.6,75.6,73.6,58.6
Quebec,6/11/2015,59.6,72.6,75,57.5
Quebec,6/12/2015,55.2,76.8,76.4,55.6
Quebec,6/13/2015,52.1,80,76.4,52.8
Quebec,6/14/2015,51.1,72.3,75.4,53.3
Quebec,6/15/2015,56.6,73.9,72.9,53.5
Quebec,6/16/2015,52.7,72.6,72.9,52
Quebec,6/17/2015,46.6,72.2,75.1,51.3
Quebec,6/18/2015,54.6,80.6,74.4,49.7
Quebec,6/19/2015,48,70.5,75.6,48.9
Quebec,6/20/2015,44.1,75.6,73,50.8
Quebec,6/21/2015,60.4,72.8,76.1,54.8
Quebec,6/22/2015,60.1,79.9,76.4,60.1
Quebec,6/23/2015,59.8,76.7,77.2,58.1
Quebec,6/24/2015,54.3,75.1,75,54.6
Quebec,6/25/2015,49.8,73.3,73.7,51.7
Quebec,6/26/2015,51.1,72.8,73.9,50.8
Quebec,6/27/2015,51.4,75.6,71.7,51.8
Quebec,6/28/2015,53,66.7,69.7,52.3
Quebec,6/29/2015,52.6,67,70.9,54.2
Quebec,6/30/2015,57,79,71.6,56.2
Quebec,7/1/2015,58.8,68.7,73.5,56.2
Quebec,7/2/2015,52.8,72.8,73,54.7
Quebec,7/3/2015,52.4,77.4,75.6,52.9
Quebec,7/4/2015,53.5,76.7,78.1,54.5
Quebec,7/5/2015,57.7,80.3,80.3,55.6
Quebec,7/6/2015,55.5,83.9,82.9,59.7
Quebec,7/7/2015,66.1,84.5,81.4,58.9
Quebec,7/8/2015,55.1,76,78.4,58.1
Quebec,7/9/2015,53.2,74.6,77.6,54.8
Quebec,7/10/2015,55.9,82.2,79.9,55.7
Quebec,7/11/2015,57.9,82.8,83.5,58.4
Quebec,7/12/2015,61.4,85.3,84.6,59.2
Quebec,7/13/2015,58.3,85.6,84.8,58.7
Quebec,7/14/2015,56.3,83.5,79.3,54.9
Quebec,7/15/2015,50.1,68.7,75.5,50.4
Quebec,7/16/2015,44.8,74.3,73.2,48.1
Quebec,7/17/2015,49.5,76.4,74.9,51.7
Quebec,7/18/2015,60.8,73.9,75.9,58.5
Quebec,7/19/2015,65.2,77.4,76.9,63.3
Quebec,7/20/2015,63.9,79.6,77.1,62.1
Quebec,7/21/2015,57.2,74.3,75.1,58.7
Quebec,7/22/2015,54.9,71.5,73.7,56.8
Quebec,7/23/2015,58.3,75.4,74.2,56.9
Quebec,7/24/2015,57.7,75.7,75.7,57.1
Quebec,7/25/2015,55.3,76.2,77.4,59.3
Quebec,7/26/2015,64.8,80.5,80.4,61.1
Quebec,7/27/2015,63.3,84.5,83.8,63.2
Quebec,7/28/2015,61.5,86.5,86.1,63
Quebec,7/29/2015,64.3,87.4,85.7,64.2
Quebec,7/30/2015,66.9,83.2,83.4,63.6
Quebec,7/31/2015,59.8,79.8,80.1,61.3
Quebec,8/1/2015,57.2,77.3,78.9,57.8
Quebec,8/2/2015,56.4,79.7,78.1,58.3
Quebec,8/3/2015,61.5,77.2,78,58.3
Quebec,8/4/2015,57.1,77.2,74.7,58.7
Quebec,8/5/2015,57.6,69.8,72.9,56.5
Quebec,8/6/2015,54.9,71.6,70.7,55.4
Quebec,8/7/2015,53.7,70.7,72.7,53.6
Quebec,8/8/2015,52.2,75.9,74.5,54.7
Quebec,8/9/2015,58.2,76.9,77.3,55.7
Quebec,8/10/2015,56.6,79.2,74.8,59
Quebec,8/11/2015,62.1,68.4,73.7,59.2
Quebec,8/12/2015,58.8,73.6,71.3,59
Quebec,8/13/2015,56.2,72,73.8,57
Quebec,8/14/2015,55.8,75.9,76.8,58.4
Quebec,8/15/2015,63.1,82.6,81.6,60.7
Quebec,8/16/2015,63,86.3,85.9,64.5
Quebec,8/17/2015,67.5,88.7,87,66.1
Quebec,8/18/2015,67.8,86.1,87.1,67.5
Quebec,8/19/2015,67.4,86.5,86.7,67.7
Quebec,8/20/2015,68,87.4,84.3,65.4
Quebec,8/21/2015,60.9,78.9,81.9,62.5
Quebec,8/22/2015,58.5,79.3,79.6,58.6
Quebec,8/23/2015,56.4,80.5,80.6,58.3
Quebec,8/24/2015,60.1,81.9,80.2,57.8
Quebec,8/25/2015,56.8,78.1,78.2,58.5
Quebec,8/26/2015,58.5,74.7,75.5,56
Quebec,8/27/2015,52.8,73.6,74.2,53.8
Quebec,8/28/2015,50.1,74.2,73.9,52.1
Quebec,8/29/2015,53.5,73.9,75.5,55.4
Quebec,8/30/2015,62.7,78.5,77.2,57.8
Quebec,8/31/2015,57.2,79.3,79.4,57.5
Quebec,9/1/2015,52.6,80.5,80.1,58
Quebec,9/2/2015,64.2,80.5,80.2,57.1
Quebec,9/3/2015,54.4,79.7,78.6,56.7
Quebec,9/4/2015,51.3,75.6,79.4,51.8
Quebec,9/5/2015,49.7,82.9,82,52.7
Quebec,9/6/2015,57,87.4,86.6,58.6
Quebec,9/7/2015,69.1,89.5,85.6,63.6
Quebec,9/8/2015,64.7,80,83.5,64.8
Quebec,9/9/2015,60.7,81,78.6,60.4
Quebec,9/10/2015,55.9,74.9,77.1,56.9
Quebec,9/11/2015,53.9,75.3,71.2,55.4
Quebec,9/12/2015,56.2,63.5,67.8,55.4
Quebec,9/13/2015,56,64.7,65.5,55.7
Quebec,9/14/2015,54.7,68.2,70.6,55.2
Quebec,9/15/2015,54.7,78.7,76.7,55.6
Quebec,9/16/2015,57.3,83.2,81.8,58
Quebec,9/17/2015,61.9,83.5,83.5,59.4
Quebec,9/18/2015,59,83.9,83.1,59.2
Quebec,9/19/2015,56.7,81.9,77.4,53.2
Quebec,9/20/2015,44,66.3,72.8,47.2
Quebec,9/21/2015,41,70.1,69.6,43.7
Quebec,9/22/2015,46.3,72.4,72.5,44.5
Quebec,9/23/2015,46.2,74.9,70.6,45.4
Quebec,9/24/2015,43.6,64.5,66.1,42.9
Quebec,9/25/2015,38.8,58.9,62,39.6
Quebec,9/26/2015,36.4,62.5,65,36.7
Quebec,9/27/2015,35,73.8,69,41.9
Quebec,9/28/2015,54.5,70.8,72.8,47.9
Quebec,9/29/2015,54.2,73.7,66.5,49.8
Quebec,9/30/2015,40.8,55.1,61.7,44
Quebec,10/1/2015,37,56.3,55.1,38
Quebec,10/2/2015,36.2,53.8,54.9,36
Quebec,10/3/2015,34.7,54.5,55.3,35
Quebec,10/4/2015,34.1,57.4,57.2,35.5
Quebec,10/5/2015,37.6,59.7,58.6,38.8
Quebec,10/6/2015,44.9,58.8,60.6,40
Quebec,10/7/2015,37.7,63.2,58,37.9
Quebec,10/8/2015,31.2,52,53.3,35.2
Quebec,10/9/2015,36.6,44.7,48.8,33.5
Quebec,10/10/2015,32.7,49.6,51.5,37.6
Quebec,10/11/2015,43.5,60.2,60.7,41.1
Quebec,10/12/2015,47.1,72.4,65.3,48
Quebec,10/13/2015,53.5,63.2,64,44.4
Quebec,10/14/2015,32.6,56.5,57.6,39.2
Quebec,10/15/2015,31.6,53.1,53.2,33.8
Quebec,10/16/2015,37.2,50,48.6,31.4
Quebec,10/17/2015,25.4,42.7,43.4,28.3
Quebec,10/18/2015,22.2,37.3,41.4,22.6
Quebec,10/19/2015,20.1,44.3,47.1,24
Quebec,10/20/2015,29.7,59.6,49.8,25.3
Quebec,10/21/2015,26,45.5,54.9,29.8
Quebec,10/22/2015,33.7,59.7,50.2,28.6
Quebec,10/23/2015,26,45.2,51.4,28.4
Quebec,10/24/2015,25.6,49.3,49.1,29.2
Quebec,10/25/2015,36.1,52.7,49.1,29
Quebec,10/26/2015,25.4,45.3,49.6,28.2
Quebec,10/27/2015,23.1,50.8,47.3,25.2
Quebec,10/28/2015,27.2,45.8,51.4,30.7
Quebec,10/29/2015,41.9,57.7,49.5,32.4
Quebec,10/30/2015,28.1,45,48.9,31.4
Quebec,10/31/2015,24.4,44.1,45.9,30.2
Quebec,11/1/2015,38.1,48.7,47.8,33.6
Quebec,11/2/2015,38.4,50.5,51.2,37.8
Quebec,11/3/2015,36.7,54.4,52.1,36.2
Quebec,11/4/2015,33.4,51.4,54.1,34.7
Quebec,11/5/2015,34.1,56.5,58.3,36.9
Quebec,11/6/2015,43.2,67,58,36.2
Quebec,11/7/2015,31.4,50.4,54,34.1
Quebec,11/8/2015,27.6,44.7,49.6,31.7
Quebec,11/9/2015,36,53.7,50,31.2
Quebec,11/10/2015,30,51.5,51.1,34.7
Quebec,11/11/2015,38,48.2,49.7,35.9
Quebec,11/12/2015,39.7,49.5,48.6,36.7
Quebec,11/13/2015,32.3,48.2,45.3,33.9
Quebec,11/14/2015,29.6,38.3,43,30.8
Quebec,11/15/2015,30.7,42.4,40.9,28.4
Quebec,11/16/2015,24.9,41.8,41,26.3
Quebec,11/17/2015,23.3,38.8,42.4,23.9
Quebec,11/18/2015,23.5,46.4,46.7,30.9
Quebec,11/19/2015,46,54.7,50.5,33.5
Quebec,11/20/2015,31,50.2,48.1,34.1
Quebec,11/21/2015,25.1,39.3,45,27.1
Quebec,11/22/2015,25.2,45.6,39,22.2
Quebec,11/23/2015,16.4,32.2,34.4,19.5
Quebec,11/24/2015,16.9,25.5,30.4,16
Quebec,11/25/2015,14.6,33.4,36,19.8
Quebec,11/26/2015,27.9,49.1,44.9,24.4
Quebec,11/27/2015,30.8,52.2,44.1,26.2
Quebec,11/28/2015,20.1,31,37.8,21.7
Quebec,11/29/2015,14.4,30.3,28.6,14.6
Quebec,11/30/2015,9.3,24.4,28.8,14
Quebec,12/1/2015,18.1,31.8,30.4,19.4
Quebec,12/2/2015,30.7,34.9,35.7,26.5
Quebec,12/3/2015,30.6,40.3,38.4,30.6
Quebec,12/4/2015,30.6,39.9,40.9,30.9
Quebec,12/5/2015,31.6,42.6,41,30.8
Quebec,12/6/2015,30.1,40.6,41.6,30.7
Quebec,12/7/2015,30.5,41.6,39.6,28.8
Quebec,12/8/2015,25.9,36.5,40,28.5
Quebec,12/9/2015,29.2,41.9,41.6,29.2
Quebec,12/10/2015,32.7,46.5,47.2,32
Quebec,12/11/2015,34.2,53.1,49,32.9
Quebec,12/12/2015,31.8,47.4,46.1,31.8
Quebec,12/13/2015,29.4,37.9,40.3,30.6
Quebec,12/14/2015,30.7,35.6,36.5,30
Quebec,12/15/2015,29.9,36.1,34.8,29.8
Quebec,12/16/2015,28.8,32.8,37.3,29.6
Quebec,12/17/2015,30.1,43,38.2,29.8
Quebec,12/18/2015,30.7,38.8,37.8,27.2
Quebec,12/19/2015,21,31.7,32.8,23.6
Quebec,12/20/2015,19,27.8,31,21.6
Quebec,12/21/2015,24.7,33.7,31.3,24.6
Quebec,12/22/2015,30.2,32.5,35.1,28.8
Quebec,12/23/2015,31.4,39.1,44.2,33.4
Quebec,12/24/2015,38.6,60.9,48.6,33.2
Quebec,12/25/2015,29.6,45.9,48.5,30.8
Quebec,12/26/2015,24.2,38.7,38.5,24.1
Quebec,12/27/2015,18.6,30.8,29.5,16.4
Quebec,12/28/2015,6.4,18.9,21.3,10.7
Quebec,12/29/2015,7,14.3,18,8.9
Quebec,12/30/2015,13.4,20.7,21,13.3
Quebec,12/31/2015,19.6,27.9,26.3,17.1
Quebec,1/1/2016,18.3,30.3,29.5,19.6
Quebec,1/2/2016,20.9,30.3,30.4,13.4
Quebec,1/3/2016,1,30.5,22.4,2.7
Quebec,1/4/2016,-14,6.3,18.5,-9.8
Quebec,1/5/2016,-16.5,18.6,17.4,-6.9
Quebec,1/6/2016,9.7,27.3,25.7,2
Quebec,1/7/2016,12.9,31.1,28.7,14
Quebec,1/8/2016,19.3,27.7,32.1,19.6
Quebec,1/9/2016,26.5,37.4,34.9,25.2
Quebec,1/10/2016,29.8,39.5,36.1,20.4
Quebec,1/11/2016,4.8,31.3,30.7,11.4
Quebec,1/12/2016,-0.3,21.3,24.5,0.3
Quebec,1/13/2016,-3.8,20.9,17.8,-3.2
Quebec,1/14/2016,-5.7,11.4,15.3,-5.7
Quebec,1/15/2016,-7.7,13.7,16.6,-0.5
Quebec,1/16/2016,11.8,24.9,20.3,3.2
Quebec,1/17/2016,5.5,22.2,21.2,6.9
Quebec,1/18/2016,3.4,16.4,18.2,3.8
Quebec,1/19/2016,2.4,15.9,18.9,3.5
Quebec,1/20/2016,4.7,24.3,20.4,1.4
Quebec,1/21/2016,-2.8,20.8,23.2,2.3
Quebec,1/22/2016,5,24.4,20.1,-0.2
Quebec,1/23/2016,-2.9,15.1,19.1,-1.3
Quebec,1/24/2016,-5.9,17.9,20.1,1.6
Quebec,1/25/2016,13.5,27.1,27.5,7.3
Quebec,1/26/2016,14.2,37.4,32.3,12.3
Quebec,1/27/2016,9.1,32.3,32.5,11
Quebec,1/28/2016,9.5,27.9,30.3,13.7
Quebec,1/29/2016,22.5,30.7,27.2,15.7
Quebec,1/30/2016,15.2,23.1,31.4,17.8
Quebec,1/31/2016,15.6,40.5,35.6,18.7
Quebec,2/1/2016,25.4,43.1,36.4,18.3
Quebec,2/2/2016,13.7,25.7,35.7,18.3
Quebec,2/3/2016,15.6,38.3,34.8,17.6
Quebec,2/4/2016,23.4,40.3,34.5,17.6
Quebec,2/5/2016,13.8,25,32.2,17.4
Quebec,2/6/2016,15.1,31.2,28.8,12.6
Quebec,2/7/2016,8.8,30.3,26.8,10.9
Quebec,2/8/2016,8.9,18.9,22.8,10.7
Quebec,2/9/2016,14.4,19.3,20.3,11.6
Quebec,2/10/2016,11.5,22.8,18.7,7.4
Quebec,2/11/2016,-3.6,14.2,17.6,-1.5
Quebec,2/12/2016,-12.5,15.9,12.2,-12.1
Quebec,2/13/2016,-20.4,6.5,5.7,-18.8
Quebec,2/14/2016,-23.6,-5.3,4.8,-20.9
Quebec,2/15/2016,-18.8,13.3,14,-10.1
Quebec,2/16/2016,12.2,34,25.9,2.7
Quebec,2/17/2016,14.7,30.3,26.8,8.3
Quebec,2/18/2016,-1.9,16,25.9,2.5
Quebec,2/19/2016,-5.4,31.4,28.3,7.2
Quebec,2/20/2016,28.8,37.6,35.3,10.3
Quebec,2/21/2016,7.6,37,30.1,10.7
Quebec,2/22/2016,-4.4,15.6,24.3,-0.1
Quebec,2/23/2016,-3.5,20.2,22.3,3.7
Quebec,2/24/2016,18.9,31.2,28.3,13.2
Quebec,2/25/2016,24.3,33.6,29.8,16.3
Quebec,2/26/2016,5.7,24.6,31.3,11.7
Quebec,2/27/2016,5.1,35.7,30.7,7.3
Quebec,2/28/2016,11,31.9,32.8,9.1
Quebec,2/29/2016,11.3,30.6,25.5,8.1
Quebec,3/1/2016,1.9,14,20.6,3.2
Quebec,3/2/2016,-3.5,17.1,12.6,-4.1
Quebec,3/3/2016,-10.9,6.6,14.2,-10.9
Quebec,3/4/2016,-18.2,18.8,17.6,-13.2
Quebec,3/5/2016,-10.4,27.3,26.6,-6.8
Quebec,3/6/2016,8.2,33.5,32.7,8.2
Quebec,3/7/2016,26.7,37.1,35.1,21.5
Quebec,3/8/2016,29.5,34.7,38.7,28.5
Quebec,3/9/2016,29.4,44.3,39.9,30.1
Quebec,3/10/2016,31.4,40.6,42.3,28.7
Quebec,3/11/2016,25.4,41.9,42.5,27.2
Quebec,3/12/2016,24.9,44.9,42.7,25
Quebec,3/13/2016,24.6,41.2,41.6,24.1
Quebec,3/14/2016,22.9,38.8,39.4,26.7
Quebec,3/15/2016,32.6,38.4,40.5,29.7
Quebec,3/16/2016,33.5,44.4,43.6,31.1
Quebec,3/17/2016,27.1,48,41.7,26.2
Quebec,3/18/2016,18.1,32.6,37,19
Quebec,3/19/2016,11.9,30.3,31.4,13.9
Quebec,3/20/2016,11.8,31.3,33.9,12.6
Quebec,3/21/2016,14.1,40.3,36.3,14.3
Quebec,3/22/2016,17,37.5,37.2,17
Quebec,3/23/2016,19.8,34,32.7,17.9
Quebec,3/24/2016,17,26.8,30.6,19.8
Quebec,3/25/2016,22.7,30.9,30.6,19.6
Quebec,3/26/2016,19.1,34.1,38.5,21.1
Quebec,3/27/2016,21.4,50.5,42.2,23.7
Quebec,3/28/2016,30.6,42,44.7,26
Quebec,3/29/2016,25.9,41.6,43.7,26.8
Quebec,3/30/2016,24.1,47.4,47.8,28.9
Quebec,3/31/2016,36.7,54.4,53.3,31.5
Quebec,4/1/2016,33.7,58.1,52.7,30.8
Quebec,4/2/2016,22.1,45.6,42.1,22.4
Quebec,4/3/2016,11.5,22.4,30.4,14.3
Quebec,4/4/2016,9.2,23,25.1,10.2
Quebec,4/5/2016,10,29.9,30.3,11.2
Quebec,4/6/2016,14.4,37.9,35.4,18.3
Quebec,4/7/2016,30.6,38.4,38.6,23
Quebec,4/8/2016,24,39.4,37.1,24.4
Quebec,4/9/2016,18.7,33.5,35.8,19.2
Quebec,4/10/2016,14.9,34.5,36.9,19.6
Quebec,4/11/2016,25.3,42.9,41,23.4
Quebec,4/12/2016,30.1,45.8,43.9,27.2
Quebec,4/13/2016,26.3,43,45.4,27.1
Quebec,4/14/2016,24.9,47.4,48.3,26.5
Quebec,4/15/2016,28.2,54.3,53,28
Quebec,4/16/2016,31,57.1,61.1,29.9
Quebec,4/17/2016,30.6,71.9,59.8,33.1
Quebec,4/18/2016,37.7,50.2,59.7,33.2
Quebec,4/19/2016,31.2,57.1,54.3,32.2
Quebec,4/20/2016,27.7,55.6,60.8,29.6
Quebec,4/21/2016,30,69.7,61.7,32.4
Quebec,4/22/2016,39.6,59.9,59.9,33.4
Quebec,4/23/2016,30.5,50.1,53.9,31.5
Quebec,4/24/2016,24.5,51.7,49.8,27.1
Quebec,4/25/2016,26.4,47.6,48.4,26.3
Quebec,4/26/2016,27.8,45.8,45.5,26
Quebec,4/27/2016,23.7,43,44.2,25.1
Quebec,4/28/2016,23.7,43.9,45.6,24.2
Quebec,4/29/2016,25.3,50,50.3,26.2
Quebec,4/30/2016,29.7,57.1,53.6,29.4
Quebec,5/1/2016,33.1,53.9,53.3,34.6
Quebec,5/2/2016,40.9,48.9,52.5,36.8
Quebec,5/3/2016,36.4,54.7,53.4,38.2
Quebec,5/4/2016,37.4,56.7,57.7,37.5
Quebec,5/5/2016,38.6,61.8,62.4,38.4
Quebec,5/6/2016,39.3,68.6,67.7,40.8
Quebec,5/7/2016,44.5,72.7,65.5,38.7
Quebec,5/8/2016,32.2,55.2,58.9,36
Quebec,5/9/2016,31.4,48.8,56.8,33.7
Quebec,5/10/2016,37.4,66.3,61.7,35
Quebec,5/11/2016,36.3,70.2,71.1,38.2
Quebec,5/12/2016,40.9,76.7,72.7,41.5
Quebec,5/13/2016,47.4,71.2,72.1,45
Quebec,5/14/2016,46.9,68.4,62.3,43
Quebec,5/15/2016,34.7,47.4,53.6,38.2
Quebec,5/16/2016,33.1,44.9,47.8,35.4
Quebec,5/17/2016,38.4,51.2,53.3,35.7
Quebec,5/18/2016,35.7,63.8,60.5,39.6
Quebec,5/19/2016,44.7,66.4,69.1,40.5
Quebec,5/20/2016,41.1,77.2,73.8,45.7
Quebec,5/21/2016,51.3,78,77.6,47.3
Quebec,5/22/2016,49.3,77.7,78.4,48.6
Quebec,5/23/2016,45.2,79.4,80.9,46.9
Quebec,5/24/2016,46.2,85.7,80.4,47.1
Quebec,5/25/2016,50,76,78.4,47.3
Quebec,5/26/2016,45.7,73.6,78.1,49.4
Quebec,5/27/2016,52.3,84.6,78.9,52.6
Quebec,5/28/2016,59.8,78.4,79,56.3
Quebec,5/29/2016,56.9,74.2,79.6,60.1
Quebec,5/30/2016,63.6,86.1,79.4,58.8
Quebec,5/31/2016,55.9,78.1,80,57
Quebec,6/1/2016,51.6,75.9,74.7,53.9
Quebec,6/2/2016,54.4,70.3,75.1,54.3
Quebec,6/3/2016,57.1,79.3,76.1,55.4
Quebec,6/4/2016,54.7,78.8,74.5,55.9
Quebec,6/5/2016,56.1,65.4,72.2,57.4
Quebec,6/6/2016,61.6,72.4,70.1,57.2
Quebec,6/7/2016,53.9,72.7,67.8,53.7
Quebec,6/8/2016,45.7,58.4,61.7,48.1
Quebec,6/9/2016,44.8,54,60.6,45.5
Quebec,6/10/2016,46.1,69.4,62.3,46.6
Quebec,6/11/2016,48.7,63.5,63.7,48.6
Quebec,6/12/2016,50.8,58.1,63.2,50.3
Quebec,6/13/2016,51.4,68,68.5,49.9
Quebec,6/14/2016,47.6,79.3,75.9,49.8
Quebec,6/15/2016,50.5,80.5,78.9,49.8
Quebec,6/16/2016,51.4,76.9,80.1,50.9
Quebec,6/17/2016,50.7,82.9,82.6,51.4
Quebec,6/18/2016,52.1,88,87.3,55.4
Quebec,6/19/2016,63.5,90.9,90.3,60.8
Quebec,6/20/2016,66.9,91.9,85.9,60.9
Quebec,6/21/2016,52.3,74.8,78.9,56.4
Quebec,6/22/2016,50.1,69.9,73,50.7
Quebec,6/23/2016,49.8,74.3,74.2,48.8
Quebec,6/24/2016,46.6,78.4,79.6,50.2
Quebec,6/25/2016,54.1,86.2,85,52.9
Quebec,6/26/2016,57.9,90.4,86.2,59.9
Quebec,6/27/2016,67.6,82.1,84.1,62.7
Quebec,6/28/2016,62.4,79.7,77.9,61.9
Quebec,6/29/2016,55.7,71.7,78,57.3
Quebec,6/30/2016,53.8,82.5,78.9,55.3
Quebec,7/1/2016,56.3,82.5,77.8,54.6
Quebec,7/2/2016,53.8,68.5,76.2,53.5
Quebec,7/3/2016,50.4,77.8,77.2,53.4
Quebec,7/4/2016,55.9,85.2,82.3,54.5
Quebec,7/5/2016,57.4,83.8,84.9,57.9
Quebec,7/6/2016,60.5,85.8,80.2,58.6
Quebec,7/7/2016,58,71.1,76,59
Quebec,7/8/2016,58.7,71,68.7,58.3
Quebec,7/9/2016,58.3,64,67.2,56.3
Quebec,7/10/2016,51.8,66.5,71.2,53.4
Quebec,7/11/2016,50.2,83.2,78.1,53.5
Quebec,7/12/2016,58.7,84.6,85.1,57.5
Quebec,7/13/2016,63.5,87.6,84.6,63.3
Quebec,7/14/2016,67.6,81.7,83.8,64.8
Quebec,7/15/2016,63.2,82,79.2,63
Quebec,7/16/2016,58.2,74,78.8,60.4
Quebec,7/17/2016,59.9,80.3,78.6,59.3
Quebec,7/18/2016,59.8,81.6,78.2,57.9
Quebec,7/19/2016,53.9,72.7,78.1,55.5
Quebec,7/20/2016,52.8,79.9,79,55.1
Quebec,7/21/2016,58.6,84.4,84.1,59.1
Quebec,7/22/2016,65.8,87.8,83.6,61.5
Quebec,7/23/2016,59.9,78.7,82,59.8
Quebec,7/24/2016,53.7,79.4,76.3,58
Quebec,7/25/2016,60.4,70.8,77.1,58.8
Quebec,7/26/2016,62.3,81.2,79,60.7
Quebec,7/27/2016,59.4,85,82,60.8
Quebec,7/28/2016,60.8,79.9,80.4,59.4
Quebec,7/29/2016,58.1,76.3,77.9,57.7
Quebec,7/30/2016,54.1,77.6,78.1,55.9
Quebec,7/31/2016,55.5,80.4,79.7,55.8
Quebec,8/1/2016,57.8,81,81.4,57.7
Quebec,8/2/2016,59.9,82.8,83,58
Quebec,8/3/2016,56.4,85,85.7,60.8
Quebec,8/4/2016,66.2,89.2,88.4,64
Quebec,8/5/2016,69.5,91,87.1,65.9
Quebec,8/6/2016,62.1,81.1,83.6,62.6
Quebec,8/7/2016,56.1,78.8,79.5,56.5
Quebec,8/8/2016,51.1,78.5,79.5,51.7
Quebec,8/9/2016,47.9,81.2,83.6,52.3
Quebec,8/10/2016,58,91.3,85.4,57.8
Quebec,8/11/2016,67.4,83.8,82.6,62.5
Quebec,8/12/2016,62.1,72.8,75.9,62.7
Quebec,8/13/2016,58.5,71.2,73,60.2
Quebec,8/14/2016,60,75.1,75.7,59.3
Quebec,8/15/2016,59.6,80.8,77.7,60.1
Quebec,8/16/2016,60.7,77.2,80.6,60.6
Quebec,8/17/2016,61.5,83.7,80.6,60.8
Quebec,8/18/2016,60.3,80.9,81.7,59.1
Quebec,8/19/2016,55.5,80.6,81.8,58.3
Quebec,8/20/2016,59.1,83.8,81.7,59.7
Quebec,8/21/2016,64.4,80.6,78.1,58.8
Quebec,8/22/2016,53,70,75.8,56
Quebec,8/23/2016,50.5,76.8,76.7,54.9
Quebec,8/24/2016,61.3,83.4,79.3,60.6
Quebec,8/25/2016,69.8,77.7,81.3,64.5
Quebec,8/26/2016,62.2,82.6,78.6,63.1
Quebec,8/27/2016,57.2,75.4,78.7,60.4
Quebec,8/28/2016,61.8,77.9,77,58.8
Quebec,8/29/2016,57.5,77.6,77.4,58.1
Quebec,8/30/2016,54.9,76.8,77.8,57.2
Quebec,8/31/2016,59.2,79.2,76.3,55.6
Quebec,9/1/2016,52.8,73.1,74.1,54.6
Quebec,9/2/2016,51.9,70.1,71.7,50.8
Quebec,9/3/2016,47.7,72,73.6,49.5
Quebec,9/4/2016,49.1,78.6,77.5,48.5
Quebec,9/5/2016,48.7,81.9,81.2,50
Quebec,9/6/2016,52.2,83.3,83.2,52.5
Quebec,9/7/2016,56.6,84.4,80.9,58.6
Quebec,9/8/2016,66.8,75,80,61.3
Quebec,9/9/2016,60.4,80.5,78.2,61.2
Quebec,9/10/2016,56.2,79.2,77.6,55.1
Quebec,9/11/2016,48.6,73.1,75.4,50.3
Quebec,9/12/2016,46.2,74,75.4,49.5
Quebec,9/13/2016,53.7,79,73.7,48.6
Quebec,9/14/2016,46.1,68.2,70.6,47.3
Quebec,9/15/2016,42.3,64.6,67.6,42.5
Quebec,9/16/2016,39.1,70,68.3,43
Quebec,9/17/2016,47.6,70.3,73.2,49.6
Quebec,9/18/2016,62.1,79.3,75.4,55.3
Quebec,9/19/2016,56,76.7,78.2,56.9
Quebec,9/20/2016,52.7,78.6,77.6,53.3
Quebec,9/21/2016,51.3,77.5,73.2,51.8
Quebec,9/22/2016,51.6,63.7,68.4,48.1
Quebec,9/23/2016,41.4,63.9,62.9,43.2
Quebec,9/24/2016,36.6,61.1,62,38.7
Quebec,9/25/2016,38.1,61,61.9,36
Quebec,9/26/2016,33.3,63.8,63.8,40.1
Quebec,9/27/2016,49.1,66.8,64.6,42.6
Quebec,9/28/2016,45.5,63.1,63.7,45.4
Quebec,9/29/2016,41.8,61.3,63.1,42.9
Quebec,9/30/2016,41.4,64.8,64.2,43.9
Quebec,10/1/2016,48.5,66.4,63.4,47.1
Quebec,10/2/2016,51.4,58.9,62.9,50
Quebec,10/3/2016,50.1,63.3,62.7,46.7
Quebec,10/4/2016,38.4,65.9,65.7,42.5
Quebec,10/5/2016,39.1,68,69.1,39.9
Quebec,10/6/2016,42.1,73.5,72.5,41.8
Quebec,10/7/2016,44.2,75.9,70,44.8
Quebec,10/8/2016,47.9,60.7,63.7,43.1
Quebec,10/9/2016,37.1,54.6,56.8,39.6
Quebec,10/10/2016,33.7,54.9,57.5,34.2
Quebec,10/11/2016,31.9,63.1,61.5,34.5
Quebec,10/12/2016,38.1,66.6,62.4,34.4
Quebec,10/13/2016,33.2,57.6,58.1,33.1
Quebec,10/14/2016,28,50,55.5,30.8
Quebec,10/15/2016,31.3,58.8,55.5,36
Quebec,10/16/2016,48.7,57.7,56.8,40.5
Quebec,10/17/2016,41.6,53.9,59.9,44.6
Quebec,10/18/2016,43.5,68.1,60.8,41.6
Quebec,10/19/2016,39.9,60.5,60,40.6
Quebec,10/20/2016,38.5,51.3,53.7,41.3
Quebec,10/21/2016,45.4,49.3,49.4,39.9
Quebec,10/22/2016,35.9,47.6,48.8,38.5
Quebec,10/23/2016,34.2,49.4,46.9,34.7
Quebec,10/24/2016,34,43.6,45.8,32.5
Quebec,10/25/2016,29.2,44.4,42.1,30.1
Quebec,10/26/2016,27.2,38.2,41.3,27.8
Quebec,10/27/2016,26.9,41.5,39.9,29.9
Quebec,10/28/2016,35.7,40,40.9,32.9
Quebec,10/29/2016,36,41.3,41.3,36
Quebec,10/30/2016,36.4,42.6,41.4,34.3
Quebec,10/31/2016,30.7,40.3,44,32.5
Quebec,11/1/2016,30.4,48.9,49,34.1
Quebec,11/2/2016,41.2,57.7,51.8,37
Quebec,11/3/2016,39.5,48.8,49.1,36.6
Quebec,11/4/2016,29,40.7,44.9,33.5
Quebec,11/5/2016,32.2,45.3,44,28.9
Quebec,11/6/2016,25.6,45.9,47.2,27.1
Quebec,11/7/2016,23.6,50.4,52.2,26.5
Quebec,11/8/2016,30.3,60.2,52.9,27.5
Quebec,11/9/2016,28.6,48.2,53.2,28.5
Quebec,11/10/2016,26.4,51.2,50,27.7
Quebec,11/11/2016,28.2,50.6,48.7,27
Quebec,11/12/2016,26.5,44.3,49.3,31.5
Quebec,11/13/2016,39.7,53.1,50.6,33.4
Quebec,11/14/2016,34,54.5,53.2,35.6
Quebec,11/15/2016,33.1,52,50.7,36.2
Quebec,11/16/2016,41.5,45.4,49.2,36.6
Quebec,11/17/2016,35.3,50.3,46.3,36.7
Quebec,11/18/2016,33.2,43.1,47.6,34.6
Quebec,11/19/2016,35.4,49.6,44.4,34.3
Quebec,11/20/2016,34.4,40.6,41.8,32.8
Quebec,11/21/2016,28.6,35.4,36,30.5
Quebec,11/22/2016,28.5,32.1,35,27.5
Quebec,11/23/2016,25.3,37.4,33.7,27.2
Quebec,11/24/2016,27.8,31.6,33.7,27.8
Quebec,11/25/2016,30.1,32,32.9,29.8
Quebec,11/26/2016,31.5,35,34.6,30.7
Quebec,11/27/2016,30.5,36.8,34.3,30
Quebec,11/28/2016,27.8,31,33.7,28.6
Quebec,11/29/2016,27.3,33.2,35,29.2
Quebec,11/30/2016,32.4,40.8,39.4,32.1
Quebec,12/1/2016,36.6,44.1,42.2,34
Quebec,12/2/2016,33.1,41.7,40.4,32.8
Quebec,12/3/2016,28.8,35.5,36.2,27.4
Quebec,12/4/2016,20.2,31.5,30.4,22.1
Quebec,12/5/2016,17.3,24,28.8,19.2
Quebec,12/6/2016,20,31,29.7,20.7
Quebec,12/7/2016,24.8,34,33.3,23.3
Quebec,12/8/2016,25.1,34.9,31.5,20.9
Quebec,12/9/2016,12.8,25.4,27.4,15.1
Quebec,12/10/2016,7.4,21.8,22.8,7.7
Quebec,12/11/2016,2.9,21.1,21.7,7.7
Quebec,12/12/2016,12.7,22.3,25.1,9.1
Quebec,12/13/2016,11.7,32,27.8,11.8
Quebec,12/14/2016,11,29.2,25.3,3.4
Quebec,12/15/2016,-12.5,14.7,14.4,-6.3
Quebec,12/16/2016,-17.4,-0.8,10,-11.4
Quebec,12/17/2016,-4.4,16.1,13.3,-8.3
Quebec,12/18/2016,-3.1,24.7,15.3,-8.8
Quebec,12/19/2016,-18.8,5.2,19.1,-8.4
Quebec,12/20/2016,-3.3,27.5,21.8,1.4
Quebec,12/21/2016,26.2,32.8,31.2,16.6
Quebec,12/22/2016,26.7,33.3,33.6,26.6
Quebec,12/23/2016,26.8,34.7,34.7,27.4
Quebec,12/24/2016,28.7,36.1,34.9,20.6
Quebec,12/25/2016,6.4,33.8,34.2,13
Quebec,12/26/2016,3.8,32.5,36.2,13.1
Quebec,12/27/2016,29.2,42.3,34.8,15.5
Quebec,12/28/2016,13.4,29.5,34.2,18.9
Quebec,12/29/2016,14.2,30.8,29.2,11.8
Quebec,12/30/2016,7.7,27.3,24,5.3
Quebec,12/31/2016,-6.2,13.7,22.4,3.1
Quebec,1/1/2017,7.6,26.2,23.4,1.7
Quebec,1/2/2017,3.7,30.3,28.7,9.3
Quebec,1/3/2017,16.6,29.5,30.9,13.7
Quebec,1/4/2017,20.7,32.8,28.1,15.2
Quebec,1/5/2017,8.4,22,23.5,6.8
Quebec,1/6/2017,-8.8,15.7,15.7,-5
Quebec,1/7/2017,-14.8,9.2,10.7,-13.5
Quebec,1/8/2017,-16.9,7.3,9.6,-16.2
Quebec,1/9/2017,-16.8,12.2,17.7,-10.3
Quebec,1/10/2017,2.7,33.7,29.1,6.2
Quebec,1/11/2017,32.6,41.4,39,21.2
Quebec,1/12/2017,28.1,41.7,37.4,19.6
Quebec,1/13/2017,-2,29,26.9,5.2
Quebec,1/14/2017,-10.5,10,18.5,-4.3
Quebec,1/15/2017,-0.4,16.3,20.3,-2.6
Quebec,1/16/2017,3.1,34.6,26.7,6.3
Quebec,1/17/2017,16.3,29.1,29.6,12.2
Quebec,1/18/2017,17.3,25,29.8,19.4
Quebec,1/19/2017,24.7,35.4,31.7,23.8
Quebec,1/20/2017,29.3,34.8,35.2,27.9
Quebec,1/21/2017,29.5,35.4,35.2,28
Quebec,1/22/2017,25.3,35.3,33.7,25.9
Quebec,1/23/2017,22.9,30.4,31.1,23.9
Quebec,1/24/2017,23.4,27.7,29.5,24.3
Quebec,1/25/2017,26.6,30.5,30.7,26.2
Quebec,1/26/2017,28.7,33.9,31.8,26.5
Quebec,1/27/2017,24.3,30.8,31.6,25.5
Quebec,1/28/2017,23.6,29.9,30.2,21.8
Quebec,1/29/2017,17.5,29.8,25.9,13.1
Quebec,1/30/2017,-1.7,17.9,20.8,2.4
Quebec,1/31/2017,-8.7,14.6,16.6,-3.2
Quebec,2/1/2017,0.8,17.3,16.5,-0.3
Quebec,2/2/2017,7,17.5,17.8,2.1
Quebec,2/3/2017,-1.4,18.5,19.1,1.7
Quebec,2/4/2017,-0.5,21.2,22.6,3.3
Quebec,2/5/2017,11.9,28.1,21.2,4.3
Quebec,2/6/2017,1.3,14.4,19.9,4.6
Quebec,2/7/2017,0.5,17.2,21.2,3.1
Quebec,2/8/2017,7.5,31.9,19.4,1
Quebec,2/9/2017,-5,9.1,16.4,-0.9
Quebec,2/10/2017,-5,8.2,9.7,-3
Quebec,2/11/2017,1,11.9,14.2,-1
Quebec,2/12/2017,1.1,22.7,20.4,5.8
Quebec,2/13/2017,15.4,26.7,24.1,10.8
Quebec,2/14/2017,15.9,22.8,24.3,15.9
Quebec,2/15/2017,16.5,23.4,25,17.5
Quebec,2/16/2017,20,28.9,25.6,15.8
Quebec,2/17/2017,11,24.7,31.3,16.7
Quebec,2/18/2017,19.1,40.3,36.4,19.9
Quebec,2/19/2017,29.6,44,39.3,19.2
Quebec,2/20/2017,9.1,33.6,36,13.9
Quebec,2/21/2017,3.2,30.3,35.2,13.8
Quebec,2/22/2017,29.1,41.8,39.4,21.3
Quebec,2/23/2017,31.7,46.1,42.4,30.5
Quebec,2/24/2017,30.8,39.3,42.2,30.7
Quebec,2/25/2017,29.7,41.2,38.7,26.8
Quebec,2/26/2017,19.8,35.5,38.9,22.6
Quebec,2/27/2017,18.2,40,37.9,16.8
Quebec,2/28/2017,12.6,38.3,38.5,21
Quebec,3/1/2017,32.2,37.3,36.9,18.6
Quebec,3/2/2017,11,35.3,29.5,14.4
Quebec,3/3/2017,0.1,15.9,19.9,1.7
Quebec,3/4/2017,-5.9,8.5,14,-3.8
Quebec,3/5/2017,-5.5,17.6,17.2,-4.6
Quebec,3/6/2017,-2.2,25.4,27.6,5.2
Quebec,3/7/2017,23.4,39.8,37.4,17.8
Quebec,3/8/2017,32.1,47.1,40.1,22.9
Quebec,3/9/2017,13.2,33.3,32.2,12.7
Quebec,3/10/2017,-7.1,16.3,17.2,-1.4
Quebec,3/11/2017,-10.4,2.1,10,-6.3
Quebec,3/12/2017,-1.3,11.6,9.9,-4.6
Quebec,3/13/2017,-2.1,16.1,15.2,2.4
Quebec,3/14/2017,10.6,17.9,20,8.2
Quebec,3/15/2017,16.1,26,22.3,11.9
Quebec,3/16/2017,9,22.8,25.5,9.5
Quebec,3/17/2017,3.4,27.7,27.8,3.2
Quebec,3/18/2017,-2.7,33,33.1,3.8
Quebec,3/19/2017,10.6,38.6,37.4,5.3
Quebec,3/20/2017,8,40.8,40.8,13.5
Quebec,3/21/2017,21.8,42.9,35.4,11.2
Quebec,3/22/2017,3.7,22.3,31.7,8.8
Quebec,3/23/2017,1,29.9,28.3,8.9
Quebec,3/24/2017,21.9,32.7,32.1,10.7
Quebec,3/25/2017,9.3,33.8,32.8,14.5
Quebec,3/26/2017,12.4,31.9,33.6,17
Quebec,3/27/2017,29.2,35,35.1,24.2
Quebec,3/28/2017,31,38.3,38,31
Quebec,3/29/2017,32.6,40.7,39.5,29.4
Quebec,3/30/2017,24.7,39.6,40.1,27.9
Quebec,3/31/2017,26.5,40.1,39,27.1
Quebec,4/1/2017,30.2,37.3,40.6,27.7
Quebec,4/2/2017,26.5,44.3,41.4,26.1
Quebec,4/3/2017,21.6,42.4,42,26.8
Quebec,4/4/2017,32.4,39.2,41.5,29.5
Quebec,4/5/2017,34.4,42.9,39.9,33.3
Quebec,4/6/2017,33.2,37.7,40.2,34.1
Quebec,4/7/2017,34.8,40,39.9,31.9
Quebec,4/8/2017,27.7,42.1,46.8,29.8
Quebec,4/9/2017,26.8,58.3,58.1,30.3
Quebec,4/10/2017,36.2,73.9,61.1,33.5
Quebec,4/11/2017,37.5,51.1,57.7,36.6
Quebec,4/12/2017,36.1,48,51.5,35.1
Quebec,4/13/2017,31.7,55.4,54,31.6
Quebec,4/14/2017,26.9,58.5,59.5,31.2
Quebec,4/15/2017,35.1,64.5,59.7,33.7
Quebec,4/16/2017,39.1,56.2,55.7,37.2
Quebec,4/17/2017,37.4,46.4,48,33.5
Quebec,4/18/2017,24.1,41.4,46,32.1
Quebec,4/19/2017,34.9,50.2,47.1,32.4
Quebec,4/20/2017,38.2,49.6,49.6,38
Quebec,4/21/2017,40.9,49.1,48.5,38
Quebec,4/22/2017,35,46.9,52.8,35.1
Quebec,4/23/2017,29.5,62.4,51.2,30.7
Quebec,4/24/2017,27.7,44.2,53.3,29.3
Quebec,4/25/2017,30.6,53.3,52,34.2
Quebec,4/26/2017,44.3,58.3,59.4,39.7
Quebec,4/27/2017,44.1,66.4,64.1,43.8
Quebec,4/28/2017,43,67.7,66.5,41.7
Quebec,4/29/2017,38.2,65.5,60.1,37.8
Quebec,4/30/2017,32.4,47.1,53.5,36.8
Quebec,5/1/2017,39.8,47.9,51.8,38.1
Quebec,5/2/2017,42.1,60.3,53.6,39
Quebec,5/3/2017,35.2,52.6,57.7,36
Quebec,5/4/2017,30.9,60,54.3,36.1
Quebec,5/5/2017,42.3,50.1,58.5,38.8
Quebec,5/6/2017,43.3,65.4,57.3,41.2
Quebec,5/7/2017,38.1,56.3,54.9,37.6
Quebec,5/8/2017,31.6,43,48.8,32.9
Quebec,5/9/2017,29,47,47.9,32.1
Quebec,5/10/2017,35.6,53.6,52.3,35.9
Quebec,5/11/2017,43.2,56.3,57.9,41
Quebec,5/12/2017,44.3,63.6,62.3,44.4
Quebec,5/13/2017,45.8,66.8,61.7,45.8
Quebec,5/14/2017,47.2,54.6,64.2,46.9
Quebec,5/15/2017,47.5,71.1,66.6,47.8
Quebec,5/16/2017,48.7,74.1,75.7,49.9
Quebec,5/17/2017,53.5,81.9,80.9,54.9
Quebec,5/18/2017,62.4,86.8,77.8,52.5
Quebec,5/19/2017,41.6,64.8,71.9,47.4
Quebec,5/20/2017,38.2,64,65.5,39.6
Quebec,5/21/2017,39,67.7,62.8,42
Quebec,5/22/2017,48.8,56.6,63.1,43.8
Quebec,5/23/2017,43.7,65,65.1,47.2
Quebec,5/24/2017,49.2,73.8,69.5,48.1
Quebec,5/25/2017,51.3,69.9,68,49.8
Quebec,5/26/2017,48.8,60.4,67.3,49.2
Quebec,5/27/2017,47.5,71.6,69.3,48.5
Quebec,5/28/2017,49.3,76,70.8,49.2
Quebec,5/29/2017,50.8,64.9,68.6,51.2
Quebec,5/30/2017,53.5,65.1,67.2,52.9
Quebec,5/31/2017,54.3,71.8,67.5,51.7
Quebec,6/1/2017,47.4,65.5,66,49
Quebec,6/2/2017,45.2,60.8,63.2,46.4
Quebec,6/3/2017,46.7,63.4,65.5,46.3
Quebec,6/4/2017,47,72.5,65,48.3
Quebec,6/5/2017,51.2,59.1,65.9,48.4
Quebec,6/6/2017,47,66.1,68.8,47.3
Quebec,6/7/2017,43.7,81.2,77.9,48.7
Quebec,6/8/2017,55.5,86.4,82,50.1
Quebec,6/9/2017,51.2,78.6,80.9,50.3
Quebec,6/10/2017,44.2,77.9,82.1,54.2
Quebec,6/11/2017,67.3,89.8,85.3,58.3
Quebec,6/12/2017,63.3,88.3,85.6,62.1
Quebec,6/13/2017,55.7,78.6,78.3,56.2
Quebec,6/14/2017,49.5,68.1,72.8,51.4
Quebec,6/15/2017,48.9,71.8,67.8,51.3
Quebec,6/16/2017,55.4,63.6,71.3,55.2
Quebec,6/17/2017,61.2,78.6,76,61.8
Quebec,6/18/2017,68.9,85.7,81.7,65.6
Quebec,6/19/2017,66.7,80.7,80.6,65.7
Quebec,6/20/2017,61.5,75.4,76,60.8
Quebec,6/21/2017,54.2,72,74.7,56.4
Quebec,6/22/2017,53.5,76.8,75.1,56.1
Quebec,6/23/2017,60.6,76.6,77.3,57.3
Quebec,6/24/2017,57.7,78.6,75.7,57.7
Quebec,6/25/2017,54.8,71.8,73.8,55.3
Quebec,6/26/2017,53.4,71.1,71.3,53.9
Quebec,6/27/2017,53.6,71,71.6,53.4
Quebec,6/28/2017,53.1,72.6,73.6,52
Quebec,6/29/2017,49.1,77,75,50.9
Quebec,6/30/2017,50.4,75.4,73.2,52.1
Quebec,7/1/2017,56.8,67.3,73.6,55.1
Quebec,7/2/2017,58.1,78.3,70.7,57.7
Quebec,7/3/2017,58.1,66.6,73.9,55.9
Quebec,7/4/2017,51.6,77,75.4,53.8
Quebec,7/5/2017,51.8,82.6,81.3,54.3
Quebec,7/6/2017,59.4,84.4,82.1,58.1
Quebec,7/7/2017,63.1,79.4,79.3,60.5
Quebec,7/8/2017,59.1,74.2,76.4,59.2
Quebec,7/9/2017,55.5,75.8,75.7,58.2
Quebec,7/10/2017,59.8,77.2,78.4,58.1
Quebec,7/11/2017,59,82.2,75.8,58.7
Quebec,7/12/2017,57.2,67.8,74.6,56.8
Quebec,7/13/2017,54.1,73.8,72.1,54.7
Quebec,7/14/2017,52.9,74.7,76.8,55.9
Quebec,7/15/2017,60.8,82,79.1,59.7
Quebec,7/16/2017,65.3,80.5,80.3,62.9
Quebec,7/17/2017,62.6,78.3,81.1,62.5
Quebec,7/18/2017,59.5,84.5,81.1,62.2
Quebec,7/19/2017,64.4,80.5,82.2,61.7
Quebec,7/20/2017,61.4,81.6,81.3,62.2
Quebec,7/21/2017,60.9,81.7,79.8,58.9
Quebec,7/22/2017,54.3,76.2,76.2,56.4
Quebec,7/23/2017,54,70.6,70.1,54.4
Quebec,7/24/2017,54.8,63.3,69.9,54.3
Quebec,7/25/2017,54,75.6,72.4,54
Quebec,7/26/2017,53.2,78.1,77.4,55.1
Quebec,7/27/2017,58,78.5,76.6,54.5
Quebec,7/28/2017,52.1,73.1,75.1,52.6
Quebec,7/29/2017,47.8,73.6,75.8,50.1
Quebec,7/30/2017,50.3,80.8,78.9,52
Quebec,7/31/2017,58,82.3,81.2,53.9
Quebec,8/1/2017,53.3,80.4,83.3,56.4
Quebec,8/2/2017,57.8,87,82.2,57
Quebec,8/3/2017,59.9,79.1,83.6,60.1
Quebec,8/4/2017,62.6,84.6,80,61.1
Quebec,8/5/2017,60.7,76.3,76.9,58.6
Quebec,8/6/2017,52.3,69.9,72,54.8
Quebec,8/7/2017,51.5,69.8,71.2,52.4
Quebec,8/8/2017,53.3,73.8,73,52.8
Quebec,8/9/2017,53.7,75.4,75.8,54.1
Quebec,8/10/2017,55.3,78.3,77.9,55.9
Quebec,8/11/2017,58.6,79.9,78.2,58.3
Quebec,8/12/2017,61,76.4,78.7,59.3
Quebec,8/13/2017,58.2,79.7,78.4,58.4
Quebec,8/14/2017,55.8,79.2,78.7,58.5
Quebec,8/15/2017,61.6,77.1,75.7,57.3
Quebec,8/16/2017,54.4,70.8,74.4,56.4
Quebec,8/17/2017,53.3,75.3,71,55.4
Quebec,8/18/2017,58.4,66.8,73.4,58
Quebec,8/19/2017,62.2,77.9,74.6,60.9
Quebec,8/20/2017,62.1,79,79.7,62
Quebec,8/21/2017,61.7,82.3,78.8,61.9
Quebec,8/22/2017,61.8,75,76.4,59.3
Quebec,8/23/2017,54.3,71.9,71.7,55.6
Quebec,8/24/2017,50.6,68.1,70.1,51
Quebec,8/25/2017,48.2,70.3,69.4,48
Quebec,8/26/2017,45.2,69.8,70.8,46.2
Quebec,8/27/2017,45.2,72.4,72.4,45.6
Quebec,8/28/2017,46.4,75,74.4,47.4
Quebec,8/29/2017,50.5,75.8,75.5,49.3
Quebec,8/30/2017,51.1,75.6,71.8,48.6
Quebec,8/31/2017,44.4,64,67.1,45.9
Quebec,9/1/2017,42.3,61.6,64.5,41.7
Quebec,9/2/2017,38.5,67.9,62.7,41.9
Quebec,9/3/2017,44.7,58.7,66.3,45.2
Quebec,9/4/2017,52.5,72.3,66.6,50.9
Quebec,9/5/2017,55.6,68.9,68.7,54.3
Quebec,9/6/2017,54.8,64.8,66.7,53.5
Quebec,9/7/2017,50,66.3,65.3,51.3
Quebec,9/8/2017,49.2,64.7,66.3,48.7
Quebec,9/9/2017,47,68,67.5,46.2
Quebec,9/10/2017,42.5,69.9,70.8,44.9
Quebec,9/11/2017,45.1,74.6,73.4,46.3
Quebec,9/12/2017,51.1,75.8,76.7,49.2
Quebec,9/13/2017,51.3,79.6,77.9,51.6
Quebec,9/14/2017,52.3,78.4,77.7,52.7
Quebec,9/15/2017,54.5,75.2,77.5,54
Quebec,9/16/2017,55.2,78.8,77.8,55.5
Quebec,9/17/2017,56.8,79.4,77.6,56.4
Quebec,9/18/2017,57.2,74.6,77.4,58
Quebec,9/19/2017,59.9,78.2,76.5,58.2
Quebec,9/20/2017,57.4,76.8,76.9,56.7
Quebec,9/21/2017,52.9,75.8,76.9,54.8
Quebec,9/22/2017,54.1,78.1,79.6,54.1
Quebec,9/23/2017,55.3,84.9,83.9,57.9
Quebec,9/24/2017,64.2,88.6,88,60.7
Quebec,9/25/2017,62.7,90.7,88.5,63.8
Quebec,9/26/2017,64.4,86.2,87.4,62.1
Quebec,9/27/2017,59.2,85.4,77.6,55.2
Quebec,9/28/2017,42.1,61.3,67.6,46.5
Quebec,9/29/2017,38.3,56.2,58.5,39.5
Quebec,9/30/2017,38.1,58.1,59.8,37.6
Quebec,10/1/2017,36.3,65.1,62.8,37.8
Quebec,10/2/2017,39.1,65.1,67.2,38.6
Quebec,10/3/2017,40.4,71.3,71.1,43
Quebec,10/4/2017,49.5,76.8,71.4,45.7
Quebec,10/5/2017,47.1,66,69.5,47
Quebec,10/6/2017,44.3,65.8,65.8,44.5
Quebec,10/7/2017,42,65.7,68.7,47.4
Quebec,10/8/2017,56,74.5,67.7,50.4
Quebec,10/9/2017,53.3,62.7,69,52.4
Quebec,10/10/2017,47.9,69.6,61.5,45.8
Quebec,10/11/2017,36,52.2,60.1,38.6
Quebec,10/12/2017,31.8,58.4,58,33.6
Quebec,10/13/2017,33,63.5,62.1,38.9
Quebec,10/14/2017,51.9,64.4,64.6,43.1
Quebec,10/15/2017,44.5,65.9,59.6,42.4
Quebec,10/16/2017,30.8,48.5,56.4,34.7
Quebec,10/17/2017,28.9,55,55,33.9
Quebec,10/18/2017,42,61.5,62.3,36.9
Quebec,10/19/2017,39.8,70.6,65.4,40.3
Quebec,10/20/2017,39.1,64.1,66.7,39.4
Quebec,10/21/2017,39.4,65.3,64.2,41.1
Quebec,10/22/2017,44.8,63.2,65.8,41.9
Quebec,10/23/2017,41.5,68.8,68.8,46.4
Quebec,10/24/2017,52.9,74.2,68.7,48
Quebec,10/25/2017,49.7,63.1,63.8,49.6
Quebec,10/26/2017,46.2,53.9,56.2,44.6
Quebec,10/27/2017,37.9,51.5,56.5,40.4
Quebec,10/28/2017,37,64,57.3,40.8
Quebec,10/29/2017,47.6,56.3,61.4,42.5
Quebec,10/30/2017,43,63.9,57,40.7
Quebec,10/31/2017,31.5,50.7,52.8,34.2
Quebec,11/1/2017,28,43.7,45.5,31.2
Quebec,11/2/2017,34.2,42.1,44.3,32.7
Quebec,11/3/2017,35.8,47.1,42.3,30.1
Quebec,11/4/2017,20.5,37.6,42.4,25.8
Quebec,11/5/2017,21.2,42.6,42.9,23.1
Quebec,11/6/2017,27.5,48.4,42.2,21.9
Quebec,11/7/2017,17.1,35.6,41.3,20.8
Quebec,11/8/2017,18,39.9,40.1,23.2
Quebec,11/9/2017,34.7,44.8,40.5,22.5
Quebec,11/10/2017,14.9,36.9,36.7,21.8
Quebec,11/11/2017,15.8,28.6,33.8,15
Quebec,11/12/2017,14.2,36,31.3,16.9
Quebec,11/13/2017,20.7,29.5,33.6,18.5
Quebec,11/14/2017,20.7,35.4,33.7,19
Quebec,11/15/2017,15.6,36.3,39.3,23.5
Quebec,11/16/2017,34.3,46.3,39.5,23.2
Quebec,11/17/2017,19.6,35.8,38.4,24.2
Quebec,11/18/2017,18.8,33.1,34.4,20.8
Quebec,11/19/2017,23.9,34.3,30.7,18.6
Quebec,11/20/2017,13.1,24.7,31.6,18.6
Quebec,11/21/2017,18.7,35.7,32.6,17.5
Quebec,11/22/2017,20.9,37.4,35.5,19
Quebec,11/23/2017,17.3,33.4,37.1,22.9
Quebec,11/24/2017,30.4,40.4,38.8,26.7
Quebec,11/25/2017,32.4,42.5,38.7,28.8
Quebec,11/26/2017,23.4,33.3,33.4,21.6
Quebec,11/27/2017,8.8,24.4,29.9,13.4
Quebec,11/28/2017,8,31.9,32.2,12.2
Quebec,11/29/2017,19.7,40.2,35.9,14.5
Quebec,11/30/2017,15.8,35.8,37.9,22.1
Quebec,12/1/2017,30.7,37.8,36,25.1
Quebec,12/2/2017,28.7,34.5,36,28.6
Quebec,12/3/2017,26.3,35.9,36.7,26.6
Quebec,12/4/2017,24.7,39.7,41.4,29.8
Quebec,12/5/2017,38.3,48.7,43.4,31.3
Quebec,12/6/2017,30.7,41.9,41.9,32
Quebec,12/7/2017,26.9,35,36.4,27.3
Quebec,12/8/2017,24.3,32.3,32.5,24.4
Quebec,12/9/2017,22,30.2,30.1,20.4
Quebec,12/10/2017,15,27.8,24.9,12.7
Quebec,12/11/2017,1.2,16.6,21.4,8.3
Quebec,12/12/2017,8.7,19.9,18.6,4.1
Quebec,12/13/2017,2.3,19.4,15.6,3
Quebec,12/14/2017,-1.9,7.5,12.3,-2.3
Quebec,12/15/2017,-7.4,10.1,10.7,-2.3
Quebec,12/16/2017,2.3,14.5,11.1,-3.9
Quebec,12/17/2017,-6.6,8.6,12,-2.3
Quebec,12/18/2017,-2.7,12.8,18.7,0.7
Quebec,12/19/2017,11.3,34.6,26.6,4.4
Quebec,12/20/2017,4.7,32.5,26.7,2.9
Quebec,12/21/2017,-7.4,12.8,18.2,-4.6
Quebec,12/22/2017,-11,9.2,14.5,-3.8
Quebec,12/23/2017,7,21.5,17.7,1
Quebec,12/24/2017,7,22.3,20.6,8
Quebec,12/25/2017,10,18.1,19,4
Quebec,12/26/2017,-5,16.6,11.5,-3.6
Quebec,12/27/2017,-15.9,-0.2,4.8,-12.2
Quebec,12/28/2017,-15.9,-2.1,-1.4,-16.9
Quebec,12/29/2017,-18.9,-1.9,-1.7,-18
Quebec,12/30/2017,-19.1,-1.2,-1.4,-18.5
Quebec,12/31/2017,-17.4,-1,-2,-18.9
Quebec,1/1/2018,-20.3,-3.8,-1.5,-21.3
Quebec,1/2/2018,-26.1,0.1,1.1,-17.7
Quebec,1/3/2018,-6.9,6.9,8.9,-8.9
Quebec,1/4/2018,6.3,19.6,12.7,-2.7
Quebec,1/5/2018,-7.4,11.5,9.5,-4.8
Quebec,1/6/2018,-13.3,-2.5,4.3,-12.2
Quebec,1/7/2018,-15.9,3.8,6,-9.4
Quebec,1/8/2018,1.1,16.6,16.8,-2.8
Quebec,1/9/2018,6.5,30,23,1.6
Quebec,1/10/2018,-2.7,22.5,32,8.6
Quebec,1/11/2018,21.9,43.4,38.9,11.2
Quebec,1/12/2018,14.5,50.7,36.3,7.7
Quebec,1/13/2018,-13.1,14.7,21.1,-8.2
Quebec,1/14/2018,-25.9,-2.3,5.2,-20
Quebec,1/15/2018,-21,3.1,4.5,-16.6
Quebec,1/16/2018,-3,12.6,12.3,-6.4
Quebec,1/17/2018,4.8,21.1,19.9,6.2
Quebec,1/18/2018,16.9,26,25.6,13.5
Quebec,1/19/2018,18.9,29.6,31.7,20.8
Quebec,1/20/2018,26.7,39.5,32.3,20.4
Quebec,1/21/2018,15.4,27.8,29.3,18.4
Quebec,1/22/2018,13.1,20.5,25.5,15.2
Quebec,1/23/2018,17,28.2,27,9.5
Quebec,1/24/2018,-1.7,32.4,24.2,2.4
Quebec,1/25/2018,-8.2,11.9,18.3,-8
Quebec,1/26/2018,-14.1,10.6,21,-6.3
Quebec,1/27/2018,3.3,40.6,30.5,1.8
Quebec,1/28/2018,16.3,40.3,32.8,7.8
Quebec,1/29/2018,4,17.7,25.2,7
Quebec,1/30/2018,0.7,17.5,15.4,0.1
Quebec,1/31/2018,-4.5,10.9,21.4,1.9
Quebec,2/1/2018,9.4,35.6,20.8,-0.7
Quebec,2/2/2018,-7.1,15.8,21.8,-5
Quebec,2/3/2018,-17.4,14,19.6,-5.8
Quebec,2/4/2018,7.3,28.9,23.4,-1.5
Quebec,2/5/2018,5.8,27.4,26.3,2.7
Quebec,2/6/2018,-4.8,22.5,21,-2.8
Quebec,2/7/2018,-9.4,13.2,17.7,-7
Quebec,2/8/2018,-6.7,17.3,15.8,-5.3
Quebec,2/9/2018,0.3,17,18.5,0.9
Quebec,2/10/2018,8.9,21.2,23,6.1
Quebec,2/11/2018,9.1,30.7,27.1,6.4
Quebec,2/12/2018,1.2,29.2,26.5,0.3
Quebec,2/13/2018,-9.5,19.4,28.8,-1
Quebec,2/14/2018,5.3,37.8,31.6,4.8
Quebec,2/15/2018,18.7,37.6,37.2,9.8
Quebec,2/16/2018,5.5,36.3,32.7,6.4
Quebec,2/17/2018,-5,24.1,31.6,5.1
Quebec,2/18/2018,14.8,34.4,33.3,9.8
Quebec,2/19/2018,19.6,41.5,37,21.4
Quebec,2/20/2018,29.7,35.2,40.6,23.7
Quebec,2/21/2018,22,45,34.9,19.4
Quebec,2/22/2018,6.6,24.4,34.3,11.1
Quebec,2/23/2018,4.6,33.6,31.4,9.8
Quebec,2/24/2018,18.3,36.4,35.6,13.9
Quebec,2/25/2018,18.7,36.9,38.1,20.2
Quebec,2/26/2018,23.6,40.9,40.3,21.7
Quebec,2/27/2018,22.7,43,41.2,24.9
Quebec,2/28/2018,28.4,39.5,39,26.4
Quebec,3/1/2018,28.1,34.6,36.4,27.9
Quebec,3/2/2018,27.3,35.2,37.5,27.7
Quebec,3/3/2018,27.7,42.6,38.5,28.2
Quebec,3/4/2018,29.7,37.7,39.1,27.2
Quebec,3/5/2018,24.3,36.9,36.7,26.7
Quebec,3/6/2018,26,35.6,34.9,26
Quebec,3/7/2018,27.8,32.2,33,27.1
Quebec,3/8/2018,27.4,31.1,33.1,26.7
Quebec,3/9/2018,25,36,34.1,25.4
Quebec,3/10/2018,23.8,35.1,36.4,25.2
Quebec,3/11/2018,26.8,38.3,36.7,26.1
Quebec,3/12/2018,27.8,36.9,36.6,28.2
Quebec,3/13/2018,30,34.5,35.3,29.4
Quebec,3/14/2018,30.4,34.4,35.5,28.9
Quebec,3/15/2018,26.2,37.6,33.5,23.3
Quebec,3/16/2018,13.4,28.4,28.7,14.7
Quebec,3/17/2018,4.3,20,23.1,5.4
Quebec,3/18/2018,-1.6,20.9,22.4,1.7
Quebec,3/19/2018,2.5,26.1,25.3,1.7
Quebec,3/20/2018,4.1,28.7,30.7,3.8
Quebec,3/21/2018,4.7,37.2,35.5,9.8
Quebec,3/22/2018,20.7,40.4,40.2,14.1
Quebec,3/23/2018,17,43,38.9,19.8
Quebec,3/24/2018,21.7,33.2,38.6,20
Quebec,3/25/2018,21.4,39.5,37.8,20.6
Quebec,3/26/2018,18.8,40.6,42.1,19.4
Quebec,3/27/2018,17.9,46.3,44.3,23.5
Quebec,3/28/2018,33.7,46.1,46.2,28.6
Quebec,3/29/2018,34.1,46.1,46.4,32.1
Quebec,3/30/2018,28.6,47.1,46,27.9
Quebec,3/31/2018,21.1,44.8,44.7,25
Quebec,4/1/2018,25.4,42.2,42.1,23.7
Quebec,4/2/2018,24.7,39.4,41,26.3
Quebec,4/3/2018,29,41.5,40.2,27.5
Quebec,4/4/2018,28.8,39.5,36.1,23.5
Quebec,4/5/2018,12.8,27.1,34.6,18.5
Quebec,4/6/2018,13.8,37.3,34.5,16.2
Quebec,4/7/2018,22.1,39.1,37.1,18.3
Quebec,4/8/2018,19,35,36.5,18.9
Quebec,4/9/2018,15.6,35.3,36.7,19
Quebec,4/10/2018,22.3,39.8,40.3,21
Quebec,4/11/2018,25.1,45.9,44.8,25.7
Quebec,4/12/2018,29.7,48.7,48.8,29.1
Quebec,4/13/2018,32.5,51.6,46.5,28.2
Quebec,4/14/2018,22.3,39.3,40.7,24
Quebec,4/15/2018,17.3,31.2,35.2,22.9
Quebec,4/16/2018,29.1,35.3,35.2,26.3
Quebec,4/17/2018,32.5,39.1,39.9,31.1
Quebec,4/18/2018,31.9,45.3,42.7,31.7
Quebec,4/19/2018,30.7,43.6,46.1,32.3
Quebec,4/20/2018,34.3,49.5,49,32.1
Quebec,4/21/2018,31.4,54.1,53.4,31.3
Quebec,4/22/2018,28.3,56.8,58.8,28.8
Quebec,4/23/2018,26.6,65.7,64.6,29.9
Quebec,4/24/2018,34.7,71.4,66.2,36.2
Quebec,4/25/2018,47.3,61.4,61.4,41.6
Quebec,4/26/2018,42.8,51.4,57.2,43
Quebec,4/27/2018,39,58.9,55.9,41.6
Quebec,4/28/2018,43.2,57.5,53.8,41.2
Quebec,4/29/2018,41.4,44.9,50.8,42.5
Quebec,4/30/2018,42.9,50.1,53.5,42.3
Quebec,5/1/2018,42.5,65.5,64.6,44.9
Quebec,5/2/2018,49.4,78.2,70,47.6
Quebec,5/3/2018,50.9,66.2,67.7,47.5
Quebec,5/4/2018,42.1,58.7,63.8,44.6
Quebec,5/5/2018,40.9,66.5,62,42
Quebec,5/6/2018,42.9,60.7,61.7,40.2
Quebec,5/7/2018,36.8,58,63.6,38.6
Quebec,5/8/2018,36.1,72.2,66.6,38.9
Quebec,5/9/2018,43.9,69.5,70.7,40
Quebec,5/10/2018,39.9,70.4,64.2,39.2
Quebec,5/11/2018,33.7,52.6,61.8,34.6
Quebec,5/12/2018,30.2,62.5,61.8,32.7
Quebec,5/13/2018,34.1,70.4,70.4,39
Quebec,5/14/2018,52.7,78.3,71.7,42.6
Quebec,5/15/2018,40.9,66.4,70.6,42.8
Quebec,5/16/2018,34.7,67.3,64.5,38.6
Quebec,5/17/2018,40.1,59.8,61.9,35.9
Quebec,5/18/2018,33,58.7,63.3,37.4
Quebec,5/19/2018,39,71.4,66,40
Quebec,5/20/2018,48.1,67.7,71.6,43.3
Quebec,5/21/2018,42.8,75.7,73.3,46.5
Quebec,5/22/2018,48.6,76.5,74.2,46.4
Quebec,5/23/2018,48,70.4,72.7,48.4
Quebec,5/24/2018,48.5,71.3,74.3,51.7
Quebec,5/25/2018,58.7,81.1,74.8,53
Quebec,5/26/2018,51.9,72,74.3,53.2
Quebec,5/27/2018,49,70,70.9,51.8
Quebec,5/28/2018,54.6,70.8,71.4,51.1
Quebec,5/29/2018,49.5,73.5,75.6,50.9
Quebec,5/30/2018,48.7,82.6,81.2,54.2
Quebec,5/31/2018,64.4,87.4,85.3,58.4
Quebec,6/1/2018,62.2,85.9,82.8,60.4
Quebec,6/2/2018,54.5,75.3,78,55.1
Quebec,6/3/2018,48.7,72.8,68.5,49.9
Quebec,6/4/2018,46.6,57.4,64.2,48.3
Quebec,6/5/2018,49.6,62.4,61.8,48.4
Quebec,6/6/2018,49.1,65.6,66.1,51.1
Quebec,6/7/2018,54.6,70.4,69.7,52.1
Quebec,6/8/2018,52.4,73,71.3,51.7
Quebec,6/9/2018,48,70.5,70.4,48.2
Quebec,6/10/2018,44.3,67.6,70.1,44.9
Quebec,6/11/2018,42.4,72,74.1,45.1
Quebec,6/12/2018,48.7,82.5,77.6,49.8
Quebec,6/13/2018,58.4,78.1,74.4,52.6
Quebec,6/14/2018,50.7,62.4,72.9,52.8
Quebec,6/15/2018,49.3,78.2,74.8,51.6
Quebec,6/16/2018,54.9,83.8,81.7,54
Quebec,6/17/2018,57.7,83,82.8,58.4
Quebec,6/18/2018,62.6,81.7,80.1,58.3
Quebec,6/19/2018,54.7,75.7,79.3,56.5
Quebec,6/20/2018,52.3,80.5,75.1,51.5
Quebec,6/21/2018,47.6,69.1,75.7,48.3
Quebec,6/22/2018,44.9,77.5,73.7,49
Quebec,6/23/2018,54.4,74.5,75,51.2
Quebec,6/24/2018,54.3,72.9,73,53.3
Quebec,6/25/2018,51.2,71.6,74,50.2
Quebec,6/26/2018,45,77.5,76.9,50.4
Quebec,6/27/2018,54.9,81.5,77.8,53.7
Quebec,6/28/2018,61.2,74.5,81.3,59.4
Quebec,6/29/2018,62.1,87.8,83,63.5
Quebec,6/30/2018,67.3,86.6,87.2,65.8
Quebec,7/1/2018,68,87.1,90.3,67.2
Quebec,7/2/2018,66.2,97.2,91.8,67.7
Quebec,7/3/2018,68.9,91,93.9,66.6
Quebec,7/4/2018,64.7,93.5,93.1,67
Quebec,7/5/2018,67.3,94.6,87.2,62
Quebec,7/6/2018,54,73.3,83.1,57.2
Quebec,7/7/2018,50.2,81.3,79.9,54.5
Quebec,7/8/2018,59.2,85.1,85.1,57.9
Quebec,7/9/2018,64.4,89,85.1,59.9
Quebec,7/10/2018,56.2,81.2,82.4,57.3
Quebec,7/11/2018,51.3,77,79.3,55.4
Quebec,7/12/2018,58.7,79.6,80.1,55.9
Quebec,7/13/2018,57.7,83.6,81.4,60.9
Quebec,7/14/2018,66.2,81,83.3,62.4
Quebec,7/15/2018,63.2,85.2,85.4,63.1
Quebec,7/16/2018,59.8,89.9,86.7,61.2
Quebec,7/17/2018,60.5,85,83.6,57.7
Quebec,7/18/2018,52.7,75.9,80.8,54.1
Quebec,7/19/2018,49.2,81.4,81.6,53.7
Quebec,7/20/2018,59.3,87.4,85.4,56.3
Quebec,7/21/2018,60.5,87.3,84.6,60.6
Quebec,7/22/2018,62.1,79.2,83.4,62.8
Quebec,7/23/2018,65.8,83.9,82.9,66.9
Quebec,7/24/2018,72.8,85.8,84,69.3
Quebec,7/25/2018,69.3,82.4,83.9,69.5
Quebec,7/26/2018,66.3,83.5,83.5,67
Quebec,7/27/2018,65.4,84.6,83.1,64.3
Quebec,7/28/2018,61.2,81.2,81.7,62.9
Quebec,7/29/2018,62,79.2,81.3,60.7
Quebec,7/30/2018,58.9,83.5,82.7,60.7
Quebec,7/31/2018,61.3,85.4,83.2,62.8
Quebec,8/1/2018,68.2,80.9,83,66
Quebec,8/2/2018,68.5,82.7,82.1,67.7
Quebec,8/3/2018,66.2,82.8,81.5,67
Quebec,8/4/2018,66.4,79.2,83.3,65
Quebec,8/5/2018,62.3,88,85.6,65.7
Quebec,8/6/2018,68.6,89.7,86.9,66
Quebec,8/7/2018,67.1,83.2,84.6,66.5
Quebec,8/8/2018,63.7,80.9,82.6,64.7
Quebec,8/9/2018,63.2,83.8,81.2,60.5
Quebec,8/10/2018,54.8,78.8,81.5,58.5
Quebec,8/11/2018,57.4,81.8,81.4,56.4
Quebec,8/12/2018,57,83.6,83.4,58.6
Quebec,8/13/2018,61.3,85,84.5,61.7
Quebec,8/14/2018,66.7,85,83.3,64
Quebec,8/15/2018,63.9,80,80.2,62
Quebec,8/16/2018,55.3,75.7,75.5,57.7
Quebec,8/17/2018,53.8,70.8,74.9,55.6
Quebec,8/18/2018,57.8,78.1,76.4,56
Quebec,8/19/2018,56.3,80.1,79.7,57.1
Quebec,8/20/2018,57.2,81,80.7,58
Quebec,8/21/2018,60.3,80.9,79.2,57.6
Quebec,8/22/2018,55.2,75.7,78.3,55.5
Quebec,8/23/2018,51,78.3,79,55.6
Quebec,8/24/2018,60.5,83.1,82.3,56.9
Quebec,8/25/2018,59.1,85.5,81.4,61.7
Quebec,8/26/2018,65.5,75.7,80.8,62.5
Quebec,8/27/2018,62.8,81.2,81,65.2
Quebec,8/28/2018,67.4,86.2,82.8,64.3
Quebec,8/29/2018,62.6,80.8,79.1,60.7
Quebec,8/30/2018,52.1,70.2,74.6,53.5
Quebec,8/31/2018,45.8,72.7,74.5,53.9
Quebec,9/1/2018,63.9,80.5,76.4,58.7
Quebec,9/2/2018,66.5,76.1,80.3,65.9
Quebec,9/3/2018,67.5,84.3,79.2,64.5
Quebec,9/4/2018,59.5,77.2,83.1,62.9
Quebec,9/5/2018,61.9,87.7,80.3,58
Quebec,9/6/2018,52.6,75.9,78.9,53.9
Quebec,9/7/2018,47.1,73.3,70.5,47.4
Quebec,9/8/2018,42.6,62.5,65.6,43.2
Quebec,9/9/2018,39.9,61.1,62.6,41.2
Quebec,9/10/2018,41.2,64.4,64.3,45.1
Quebec,9/11/2018,54.3,67.4,69.3,50.2
Quebec,9/12/2018,55.3,76.1,74.3,54
Quebec,9/13/2018,52.6,79.2,79.6,54.5
Quebec,9/14/2018,55.7,83.4,82.4,55.1
Quebec,9/15/2018,57,84.6,81.9,58
Quebec,9/16/2018,61.3,77.7,82.5,58.7
Quebec,9/17/2018,57.9,85.1,78.4,56.6
Quebec,9/18/2018,50.5,72.6,72.7,51.6
Quebec,9/19/2018,46.4,60.4,65.4,47.4
Quebec,9/20/2018,45.4,63.2,64.7,47.7
Quebec,9/21/2018,51.3,70.6,66,45.7
Quebec,9/22/2018,40.3,64,64.4,43.3
Quebec,9/23/2018,38.3,58.6,59.3,37.6
Quebec,9/24/2018,34,55.4,58.1,38.1
Quebec,9/25/2018,41.9,60.3,63.1,41.2
Quebec,9/26/2018,47.6,73.5,65.6,43.3
Quebec,9/27/2018,40.5,62.9,68.2,45.8
Quebec,9/28/2018,49.3,68.2,64.1,44.7
Quebec,9/29/2018,44.4,61.1,60.7,45.8
Quebec,9/30/2018,43.7,52.9,57,42.8
Quebec,10/1/2018,40.2,56.9,53.6,42
Quebec,10/2/2018,42.2,50.9,53.7,43.1
Quebec,10/3/2018,46.8,53.1,59.8,42.5
Quebec,10/4/2018,38.5,75.5,59.1,39.8
Quebec,10/5/2018,34.1,48.8,58.5,37.2
Quebec,10/6/2018,39.1,51.2,49.8,37.3
Quebec,10/7/2018,38.8,49.4,50.4,39.5
Quebec,10/8/2018,40.5,50.5,58.4,41.3
Quebec,10/9/2018,44.5,75.3,64,43.1
Quebec,10/10/2018,44.1,66.4,62.7,43.9
Quebec,10/11/2018,42.9,46.6,55.1,41.3
Quebec,10/12/2018,37,52.2,48.8,37.5
Quebec,10/13/2018,32.6,47.5,51.4,34.5
Quebec,10/14/2018,33.8,54.5,51.8,35.2
Quebec,10/15/2018,39.3,53.4,51.4,36.8
Quebec,10/16/2018,37.3,46.3,49.8,36.4
Quebec,10/17/2018,32.7,49.7,43.7,31.9
Quebec,10/18/2018,25.5,35.2,41.1,27.3
Quebec,10/19/2018,23.7,38.3,43.2,27.2
Quebec,10/20/2018,32.3,55.9,45,27.6
Quebec,10/21/2018,26.8,40.6,45.4,28.2
Quebec,10/22/2018,25.3,39.6,41.5,27.3
Quebec,10/23/2018,29.7,44.2,43.5,29
Quebec,10/24/2018,31.8,46.7,42.6,30.1
Quebec,10/25/2018,28.9,36.7,41.6,28.2
Quebec,10/26/2018,23.8,41.5,39.2,25.4
Quebec,10/27/2018,23.3,39.4,39.9,26.7
Quebec,10/28/2018,33,39,40.3,30.4
Quebec,10/29/2018,34.8,42.5,40.8,32.2
Quebec,10/30/2018,28.7,41.1,40.7,30.8
Quebec,10/31/2018,28.8,38.7,41.5,31.2
Quebec,11/1/2018,36,44.8,41.3,33.5
Quebec,11/2/2018,35.8,40.4,42.1,35.8
Quebec,11/3/2018,35.6,41.2,42,34.4
Quebec,11/4/2018,31.6,44.4,42,33
Quebec,11/5/2018,31.7,40.4,44.9,34.2
Quebec,11/6/2018,39.4,50,47.7,37.6
Quebec,11/7/2018,41.6,52.7,49.9,37.7
Quebec,11/8/2018,32.1,46.9,45.2,33.5
Quebec,11/9/2018,26.9,36,40.8,28.5
Quebec,11/10/2018,26.6,39.5,35.6,24.5
Quebec,11/11/2018,19.9,31.4,34.3,22.4
Quebec,11/12/2018,20.8,32,32.4,17.6
Quebec,11/13/2018,12.3,33.7,28.4,13
Quebec,11/14/2018,5.9,19.5,24.5,7.3
Quebec,11/15/2018,3.6,20.3,21.8,9.4
Quebec,11/16/2018,18.6,25.6,27,11.6
Quebec,11/17/2018,12.6,35.1,29,10.8
Quebec,11/18/2018,1.1,26.3,30.6,10.7
Quebec,11/19/2018,18.4,30.6,26,10.9
Quebec,11/20/2018,13,21,24.1,10.9
Quebec,11/21/2018,1.3,20.7,19.2,4
Quebec,11/22/2018,-2.4,15.9,20.9,-1.2
Quebec,11/23/2018,-2.5,26.2,24.7,2.7
Quebec,11/24/2018,13,32,30.9,12.3
Quebec,11/25/2018,26.5,34.6,34.1,23.6
Quebec,11/26/2018,31.4,35.6,34.9,29.7
Quebec,11/27/2018,31.1,34.6,35.5,31.7
Quebec,11/28/2018,32.5,36.1,35.7,29.8
Quebec,11/29/2018,25.6,36.4,35,28.5
Quebec,11/30/2018,27.4,32.4,33.5,27.3
Quebec,12/1/2018,28.9,31.8,32.8,28.3
Quebec,12/2/2018,28.5,34.2,33.3,27.6
Quebec,12/3/2018,25.3,34,31.4,22.8
Quebec,12/4/2018,14.5,26,27.6,16.2
Quebec,12/5/2018,8.8,22.7,26.6,14.5
Quebec,12/6/2018,20.1,31,27,9
Quebec,12/7/2018,-1.9,27.1,23.6,3.6
Quebec,12/8/2018,-7.3,12.5,22.3,-4
Quebec,12/9/2018,-2.7,27.4,19.8,-3.4
Quebec,12/10/2018,-0.2,19.6,21.2,-0.9
Quebec,12/11/2018,0.1,16.7,16.7,-2.7
Quebec,12/12/2018,-8,13.9,15.4,-4.9
Quebec,12/13/2018,-6.7,15.6,21.3,-0.2
Quebec,12/14/2018,14.2,34.4,29.8,11.3
Quebec,12/15/2018,26.4,39.5,35.8,20.5
Quebec,12/16/2018,21,33.5,35.7,22
Quebec,12/17/2018,18.5,34.2,30.7,17.8
Quebec,12/18/2018,13.7,24.4,28.2,14.5
Quebec,12/19/2018,11.1,26.2,27.7,13.8
Quebec,12/20/2018,16.5,32.4,32.3,19.3
Quebec,12/21/2018,30.4,38.2,36.5,22.8
Quebec,12/22/2018,21.5,38.8,33.1,21.4
Quebec,12/23/2018,12.4,22.3,26.6,13.3
Quebec,12/24/2018,6.1,18.5,18.5,6.9
Quebec,12/25/2018,2.2,14.7,18.3,4
Quebec,12/26/2018,3.7,21.7,16.6,2.6
Quebec,12/27/2018,1.8,13.3,23.4,5.7
Quebec,12/28/2018,11.5,35.2,27.8,5.5
Quebec,12/29/2018,3.2,34.8,28,4.7
Quebec,12/30/2018,-0.7,14,26.3,5.3
Quebec,12/31/2018,13.3,30.1,25.4,2.9
Quebec,1/1/2019,-3.8,32.2,23.1,-0.6
Quebec,1/2/2019,-11.3,7.1,20.7,-4.5
Quebec,1/3/2019,1.7,22.9,22,3.7
Quebec,1/4/2019,20.6,36.1,31.3,17.6
Quebec,1/5/2019,30.4,34.9,34.6,19
Quebec,1/6/2019,5.9,32.8,26.1,10.5
Quebec,1/7/2019,-4.8,10.7,24.4,3.7
Quebec,1/8/2019,10.1,29.6,24.1,10.3
Quebec,1/9/2019,25.5,32,30.1,14.6
Quebec,1/10/2019,8.2,28.5,23.2,10.2
Quebec,1/11/2019,-3.1,8.9,14.9,-1.4
Quebec,1/12/2019,-9.4,7.3,9.8,-6.3
Quebec,1/13/2019,-6.3,13.1,12.1,-8
Quebec,1/14/2019,-8.1,16,18.4,-0.9
Quebec,1/15/2019,11.9,26,25.1,-0.9
Quebec,1/16/2019,-6.5,33.2,21,-4.1
Quebec,1/17/2019,-17.8,3.7,17.1,-8.9
Quebec,1/18/2019,-2.4,14.2,5.6,-11.8
Quebec,1/19/2019,-15.2,-1.2,4.9,-9
Quebec,1/20/2019,-9.5,1.7,2.3,-10.6
Quebec,1/21/2019,-7.1,6.3,4.7,-10
Quebec,1/22/2019,-13.3,6.1,13,-5.8
Quebec,1/23/2019,3,26.4,21.8,3.3
Quebec,1/24/2019,20.2,32.7,28.1,9.9
Quebec,1/25/2019,6.5,25.1,22.6,8.3
Quebec,1/26/2019,-1.8,10,20.9,0.2
Quebec,1/27/2019,-4.2,27.7,14.6,-5.6
Quebec,1/28/2019,-10.8,6.2,15.7,-6.8
Quebec,1/29/2019,-5.3,13,11.8,-5.6
Quebec,1/30/2019,-0.8,16.3,11.5,-3.2
Quebec,1/31/2019,-3.7,5.3,10,-2.4
Quebec,2/1/2019,-2.9,8.4,10.3,-2.7
Quebec,2/2/2019,-1.6,17.1,12.9,-2.1
Quebec,2/3/2019,-1.7,13.2,18.8,3
Quebec,2/4/2019,12.4,26,25.8,7.3
Quebec,2/5/2019,11.2,38.1,27.7,9.1
Quebec,2/6/2019,3.7,19.1,28.5,11
Quebec,2/7/2019,17.9,28.4,30.2,11.7
Quebec,2/8/2019,13.4,43,30.5,12.8
Quebec,2/9/2019,7,20,27.3,7.2
Quebec,2/10/2019,1.3,18.7,17,2.1
Quebec,2/11/2019,-2,12.2,16.1,-2.6
Quebec,2/12/2019,-7,17.4,18.7,2.4
Quebec,2/13/2019,16.2,26.4,22.5,4.5
Quebec,2/14/2019,4.4,23.5,28.5,9.9
Quebec,2/15/2019,9,35.5,29.2,7.1
Quebec,2/16/2019,7.8,28.7,26.2,3.5
Quebec,2/17/2019,-6.3,14.5,20,-1.1
Quebec,2/18/2019,-4.7,16.8,14.7,-6.9
Quebec,2/19/2019,-9.9,12.9,16.6,-9.4
Quebec,2/20/2019,-13.5,20.2,22.2,-3.2
Quebec,2/21/2019,13.8,33.4,27.7,2.3
Quebec,2/22/2019,6.6,29.6,31.8,7
Quebec,2/23/2019,0.6,32.5,32.5,10.5
Quebec,2/24/2019,24.3,35.5,33.9,10.4
Quebec,2/25/2019,6.3,33.7,25.4,7.1
Quebec,2/26/2019,-9.3,7.1,16.4,-5.6
Quebec,2/27/2019,-13.7,8.5,11.5,-12.7
Quebec,2/28/2019,-15.2,18.8,18.1,-11.8
Quebec,3/1/2019,-6.5,26.8,24.8,-6.2
Quebec,3/2/2019,3,28.8,28.5,4.3
Quebec,3/3/2019,16.3,29.8,29.6,9.9
Quebec,3/4/2019,10.5,30.3,26,9.4
Quebec,3/5/2019,1.5,17.7,21.6,1.9
Quebec,3/6/2019,-6.2,16.7,16.8,-5.8
Quebec,3/7/2019,-12.9,16,20.1,-5.7
Quebec,3/8/2019,1.9,27.4,23.2,-1.7
Quebec,3/9/2019,5.8,26.1,29.2,7.1
Quebec,3/10/2019,13.5,34.1,32.5,14.8
Quebec,3/11/2019,25.1,37.4,34,17.4
Quebec,3/12/2019,13.8,30.4,34.6,16.6
Quebec,3/13/2019,11,36.1,37.3,17.7
Quebec,3/14/2019,28.4,45.3,43.8,25.3
Quebec,3/15/2019,36.5,49.8,44.3,28.5
Quebec,3/16/2019,20.7,37.8,38,23.7
Quebec,3/17/2019,14,26.4,31.2,14
Quebec,3/18/2019,7.3,29.3,29,8.4
Quebec,3/19/2019,3.7,31.3,34.9,8.4
Quebec,3/20/2019,14,44.2,39.8,15.8
Quebec,3/21/2019,29.7,43.9,42.1,25.7
Quebec,3/22/2019,33.5,38.4,40,29.4
Quebec,3/23/2019,25,37.8,37.4,25.7
Quebec,3/24/2019,18.7,36,34.1,19.1
Quebec,3/25/2019,13.5,28.5,31.9,15
Quebec,3/26/2019,12.7,31.2,34.1,13.9
Quebec,3/27/2019,15.6,42.7,39.1,18.2
Quebec,3/28/2019,26.4,43.5,43.5,22.4
Quebec,3/29/2019,25.1,44.3,40.3,24.9
Quebec,3/30/2019,23.2,33.1,37.6,25.4
Quebec,3/31/2019,28,35.4,34,22.9
Quebec,4/1/2019,17.5,33.5,38.5,23.5
Quebec,4/2/2019,25,46.4,42.1,23.9
Quebec,4/3/2019,29.2,46.2,42.1,24.9
Quebec,4/4/2019,20.5,33.7,38.8,21.2
Quebec,4/5/2019,13.7,36.6,38.6,22.1
Quebec,4/6/2019,32,45.5,43.2,25.7
Quebec,4/7/2019,31.3,47.6,42.9,29.3
Quebec,4/8/2019,24.6,35.7,38,27.2
Quebec,4/9/2019,25.6,30.7,35.2,24.9
Quebec,4/10/2019,24.6,39.1,37.9,24.2
Quebec,4/11/2019,22.4,43.8,44.7,25.5
Quebec,4/12/2019,29.5,51.2,51.6,28.5
Quebec,4/13/2019,33.5,59.8,53,31.7
Quebec,4/14/2019,32,48.1,49.8,33.6
Quebec,4/15/2019,35.3,41.5,45.5,33.2
Quebec,4/16/2019,32.4,46.7,47.9,32
Quebec,4/17/2019,28.4,55.3,52.8,31.7
Quebec,4/18/2019,34.3,56.4,54.3,33.8
Quebec,4/19/2019,38.7,51.2,50.9,37.2
Quebec,4/20/2019,38.6,45.1,53.2,38.2
Quebec,4/21/2019,37.2,63.3,57.1,37.8
Quebec,4/22/2019,37.6,63.1,61.7,38
Quebec,4/23/2019,39.2,58.9,55.3,37.9
Quebec,4/24/2019,36.7,44,51.3,37.4
Quebec,4/25/2019,36.1,51,48.3,36.6
Quebec,4/26/2019,37,50,48.9,36.1
Quebec,4/27/2019,35.1,45.6,48,34.8
Quebec,4/28/2019,32.2,48.4,47.8,32.4
Quebec,4/29/2019,30,49.4,50.9,33.2
Quebec,4/30/2019,37.5,54.8,49.6,32.4
Quebec,5/1/2019,29.6,44.4,50.4,33.9
Quebec,5/2/2019,34.7,51.9,48.9,35.2
Quebec,5/3/2019,41.4,50.5,54.5,38.7
Quebec,5/4/2019,40.1,61,59.7,38.8
Quebec,5/5/2019,34.9,67.6,67.6,38.7
Quebec,5/6/2019,41.2,74.3,67.8,37.9
Quebec,5/7/2019,37.5,61.5,63.5,36.4
Quebec,5/8/2019,30.6,54.7,57.9,33.9
Quebec,5/9/2019,33.5,57.7,56.4,36.3
Quebec,5/10/2019,44.8,56.8,56.4,39.1
Quebec,5/11/2019,39,54.8,57.8,40.4
Quebec,5/12/2019,37.3,61.8,59.5,39.5
Quebec,5/13/2019,42.4,61.7,58.1,40.5
Quebec,5/14/2019,41.9,50.8,57.8,41.9
Quebec,5/15/2019,41.6,60.8,58.1,42.1
Quebec,5/16/2019,42.7,62.5,60.2,43.3
Quebec,5/17/2019,45.6,57.2,60.5,43.5
Quebec,5/18/2019,42.2,61.8,59.9,45.5
Quebec,5/19/2019,48.6,60.6,64.4,46.6
Quebec,5/20/2019,48.9,70.7,63.4,47.3
Quebec,5/21/2019,44.5,58.8,65.6,44.9
Quebec,5/22/2019,41.1,67.2,64.7,45.1
Quebec,5/23/2019,49.8,68,66.8,46.8
Quebec,5/24/2019,49.3,65.1,67.6,48.8
Quebec,5/25/2019,47.2,69.7,70.4,49.8
Quebec,5/26/2019,52.9,76.3,69.4,46.9
Quebec,5/27/2019,40.6,62.2,65.6,44.2
Quebec,5/28/2019,39.1,58.3,61.4,42
Quebec,5/29/2019,46.4,63.8,64.8,44
Quebec,5/30/2019,46.5,72.4,65.7,44.6
Quebec,5/31/2019,40.8,60.8,67.2,42.7
Quebec,6/1/2019,41,68.3,63.6,43.5
Quebec,6/2/2019,48.7,61.7,62.3,44.5
Quebec,6/3/2019,43.8,56.8,60.8,44
Quebec,6/4/2019,39.6,64,63.2,42.3
Quebec,6/5/2019,43.6,68.9,68.8,43.5
Quebec,6/6/2019,47.3,73.6,73.3,44.6
Quebec,6/7/2019,43,77.5,74.6,44.4
Quebec,6/8/2019,42.8,72.6,77.6,44.6
Quebec,6/9/2019,48,82.7,80.3,48.5
Quebec,6/10/2019,54.7,85.6,78.3,50.3
Quebec,6/11/2019,48.3,66.8,76.3,49.3
Quebec,6/12/2019,45,76.7,70.9,49.1
Quebec,6/13/2019,54.1,69.3,70.1,51
Quebec,6/14/2019,54,64.3,67,53.7
Quebec,6/15/2019,52.8,67.4,67.4,52.7
Quebec,6/16/2019,51.4,70.6,70.9,51.1
Quebec,6/17/2019,49.3,74.6,74.7,49.6
Quebec,6/18/2019,48.2,79,77.9,50.2
Quebec,6/19/2019,53.1,80.2,74.8,52.7
Quebec,6/20/2019,56.9,65.3,74.4,55.2
Quebec,6/21/2019,55.6,77.7,74.2,56.6
Quebec,6/22/2019,57.4,79.7,79.7,56.4
Quebec,6/23/2019,56.2,81.7,79.5,54.5
Quebec,6/24/2019,49.7,77.2,76.8,53.2
Quebec,6/25/2019,53.5,71.6,76.9,53.5
Quebec,6/26/2019,57.2,82,79.2,56.4
Quebec,6/27/2019,58.5,84,84.3,57.5
Quebec,6/28/2019,56.9,86.8,84.7,58.7
Quebec,6/29/2019,60.7,83.2,81.5,58.4
Quebec,6/30/2019,57.7,74.4,79.9,58.7
Quebec,7/1/2019,57.7,82.3,80.6,59
Quebec,7/2/2019,61.5,85.1,84.6,58.9
Quebec,7/3/2019,57.3,86.3,87.8,60
Quebec,7/4/2019,61.1,91.9,87.6,60.6
Quebec,7/5/2019,63.3,84.6,86.4,61.7
Quebec,7/6/2019,60.5,82.8,81.7,59.5
Quebec,7/7/2019,54.6,77.7,81.1,55
Quebec,7/8/2019,49.8,82.8,81.8,53.7
Quebec,7/9/2019,56.6,85,84.5,55.3
Quebec,7/10/2019,59.5,85.8,83.3,59.3
Quebec,7/11/2019,61.9,79,81.3,61
Quebec,7/12/2019,61.6,79.3,80.3,61.1
Quebec,7/13/2019,59.8,82.7,79.2,60.5
Quebec,7/14/2019,60,75.6,80.2,59.3
Quebec,7/15/2019,58.1,82.2,80,59.1
Quebec,7/16/2019,59.3,82.3,83,58.8
Quebec,7/17/2019,59.1,84.5,81.5,58
Quebec,7/18/2019,55.6,77.9,83.6,58.5
Quebec,7/19/2019,60.9,88.4,85.3,62.7
Quebec,7/20/2019,71.6,89.7,87.4,64.9
Quebec,7/21/2019,62.2,84.1,82.5,62.6
Quebec,7/22/2019,54,73.8,78.6,56.6
Quebec,7/23/2019,53.7,77.9,75,53.2
Quebec,7/24/2019,51.9,73.4,77.6,52.5
Quebec,7/25/2019,51.8,81.6,80.9,53.4
Quebec,7/26/2019,56.6,87.6,86,56.2
Quebec,7/27/2019,60.3,88.8,87.4,61.6
Quebec,7/28/2019,67.8,85.8,87.7,64.2
Quebec,7/29/2019,64.4,88.5,87.6,67.4
Quebec,7/30/2019,69.9,88.4,87.1,64.8
Quebec,7/31/2019,60.2,84.4,84.6,61.6
Quebec,8/1/2019,54.9,81.1,83,56.5
Quebec,8/2/2019,54.4,83.5,81.4,55.8
Quebec,8/3/2019,58.1,79.6,79.2,54.8
Quebec,8/4/2019,51.8,74.4,77.9,52.3
Quebec,8/5/2019,47.1,79.9,79.6,52.4
Quebec,8/6/2019,58.3,84.6,80.8,56.6
Quebec,8/7/2019,64.2,77.9,81.4,62.1
Quebec,8/8/2019,63.6,81.9,79,61.5
Quebec,8/9/2019,56.6,77.3,76.4,58.2
Quebec,8/10/2019,54.4,69.9,75.3,55
Quebec,8/11/2019,54,78.6,75.8,56.1
Quebec,8/12/2019,60.1,78.9,78.2,57.3
Quebec,8/13/2019,57.9,77.2,76.6,56.2
Quebec,8/14/2019,50.7,73.7,75.4,51.4
Quebec,8/15/2019,45.6,75.2,75.3,50.7
Quebec,8/16/2019,55.7,76.9,76.9,54.1
Quebec,8/17/2019,61,78.6,79.5,59.9
Quebec,8/18/2019,63,83.1,82.3,60.1
Quebec,8/19/2019,56.3,85.3,84.1,57.2
Quebec,8/20/2019,52.2,84,81.1,55.1
Quebec,8/21/2019,56.7,74.1,79.1,54.3
Quebec,8/22/2019,53.9,79.2,75.8,54.4
Quebec,8/23/2019,52.7,73.9,75.5,51.9
Quebec,8/24/2019,49.1,73.2,74.6,50.8
Quebec,8/25/2019,50.6,76.6,77.1,48.9
Quebec,8/26/2019,46.9,81.7,79.5,49.2
Quebec,8/27/2019,50.1,80.2,78.3,53.5
Quebec,8/28/2019,63.3,72.9,77.3,57.9
Quebec,8/29/2019,60.3,78.9,75.9,59.9
Quebec,8/30/2019,56.2,75.9,75.1,55
Quebec,8/31/2019,48.4,70.4,72.6,49.5
Quebec,9/1/2019,43.9,71.5,71.4,49.9
Quebec,9/2/2019,57.2,72.3,69.6,50.1
Quebec,9/3/2019,49.2,65.1,70.7,52.6
Quebec,9/4/2019,51.5,74.8,69.7,48.6
Quebec,9/5/2019,45.1,69.1,70.8,47.3
Quebec,9/6/2019,45.3,68.6,67.5,47.5
Quebec,9/7/2019,52.1,64.8,66.5,47.9
Quebec,9/8/2019,46.4,66.2,65.1,47.1
Quebec,9/9/2019,42.8,64.4,64.6,43.3
Quebec,9/10/2019,40.7,63,67.3,45.7
Quebec,9/11/2019,53.5,74.4,68.1,46.6
Quebec,9/12/2019,45.4,66.9,69.8,45.7
Quebec,9/13/2019,38.1,68.1,68.7,46.1
Quebec,9/14/2019,54.8,71.1,67.9,46.9
Quebec,9/15/2019,47.9,64.6,68.3,49.7
Quebec,9/16/2019,46.4,69.2,66.3,46.1
Quebec,9/17/2019,43.9,64.9,66.3,43.6
Quebec,9/18/2019,40.5,64.7,67.1,41
Quebec,9/19/2019,38.5,71.8,71.5,42.9
Quebec,9/20/2019,49.7,78,76,46.8
Quebec,9/21/2019,52.1,78.3,79,52.8
Quebec,9/22/2019,56.4,80.7,78.4,55.3
Quebec,9/23/2019,57.3,76,72.4,54.8
Quebec,9/24/2019,50.6,60.5,66.7,52.7
Quebec,9/25/2019,50.3,63.6,61.8,49.1
Quebec,9/26/2019,46.6,61.3,63.9,46.8
Quebec,9/27/2019,43.5,66.7,64.2,46.7
Quebec,9/28/2019,50,64.4,63.3,44.2
Quebec,9/29/2019,39,58.6,59.6,42
Quebec,9/30/2019,37,55.6,56,40.4
Quebec,10/1/2019,45.4,53.7,54.7,39.9
Quebec,10/2/2019,37.3,54.9,52.4,38.5
Quebec,10/3/2019,32.7,48.7,51.4,34.2
Quebec,10/4/2019,32.6,50.4,51.5,31.5
Quebec,10/5/2019,29.2,55.4,55.4,31.6
Quebec,10/6/2019,32.9,60.5,58.8,36.5
Quebec,10/7/2019,47.2,60.6,61.3,39.6
Quebec,10/8/2019,38.5,62.7,61.3,40.3
Quebec,10/9/2019,35.2,60.6,62.4,38.1
Quebec,10/10/2019,40.6,63.9,63,38.5
Quebec,10/11/2019,39.8,64.6,63.4,41.8
Quebec,10/12/2019,45.1,61.6,62.2,40.5
Quebec,10/13/2019,36.6,60.5,59.7,38.7
Quebec,10/14/2019,34.3,56.9,57.6,34.4
Quebec,10/15/2019,32.3,55.5,57.6,35.9
Quebec,10/16/2019,40.9,60.4,54.7,38.4
Quebec,10/17/2019,41.9,48.1,53.1,39.5
Quebec,10/18/2019,35.7,50.8,50.5,35.9
Quebec,10/19/2019,30.2,52.5,52.6,31.8
Quebec,10/20/2019,29.5,54.4,55.3,30.2
Quebec,10/21/2019,30.9,59,58.3,34.1
Quebec,10/22/2019,41.8,61.6,59.5,39.8
Quebec,10/23/2019,46.7,57.9,58.2,42.7
Quebec,10/24/2019,39.5,55.2,54.7,39.7
Quebec,10/25/2019,32.8,50.9,52.3,35.1
Quebec,10/26/2019,33,50.9,49.8,34.3
Quebec,10/27/2019,37.2,47.6,50,37.2
Quebec,10/28/2019,41.5,51.4,53.4,39.5
Quebec,10/29/2019,39.8,61.3,57.5,41.8
Quebec,10/30/2019,44.2,59.9,57,42.2
Quebec,10/31/2019,42.7,49.7,52.8,40.4
Quebec,11/1/2019,34.4,48.7,46.5,36.2
Quebec,11/2/2019,31.5,41,44.7,32.1
Quebec,11/3/2019,30.4,44.3,44.2,30.9
Quebec,11/4/2019,30.9,47.3,46.7,32.2
Quebec,11/5/2019,35.2,48.5,45.6,32.8
Quebec,11/6/2019,32.3,40.9,41,30.8
Quebec,11/7/2019,24.8,33.7,35.5,24.4
Quebec,11/8/2019,16.2,31.9,33.8,18.9
Quebec,11/9/2019,15.6,35.7,36.2,18.5
Quebec,11/10/2019,23.8,40.9,33.7,18.8
Quebec,11/11/2019,16.9,24.6,30,16.7
Quebec,11/12/2019,9.3,24.5,24,10.6
Quebec,11/13/2019,5.5,22.8,26.4,8.2
Quebec,11/14/2019,9.6,31.8,29.4,8
Quebec,11/15/2019,8.8,33.7,29.7,7.1
Quebec,11/16/2019,3.1,23.5,27.6,4.6
Quebec,11/17/2019,2.1,25.5,26.7,5.7
Quebec,11/18/2019,12.1,31.2,29.9,13.9
Quebec,11/19/2019,27.4,32.9,33.1,22.4
Quebec,11/20/2019,27.6,35.3,35.6,24.8
Quebec,11/21/2019,19.2,38.4,38.3,23.1
Quebec,11/22/2019,22.4,41.2,37.6,19.4
Quebec,11/23/2019,16.7,33.3,36.4,20.3
Quebec,11/24/2019,21.8,34.6,36.7,21.9
Quebec,11/25/2019,27.4,42.1,40.1,25.4
Quebec,11/26/2019,27,43.5,40.8,26.4
Quebec,11/27/2019,24.8,36.8,37.8,25.5
Quebec,11/28/2019,24.7,33.2,32.1,20.8
Quebec,11/29/2019,12.8,26.5,26.9,14.9
Quebec,11/30/2019,7.3,21.1,22.3,7.7
Quebec,12/1/2019,3.1,19.4,21.5,7.7
Quebec,12/2/2019,12.9,23.8,24.8,9.4
Quebec,12/3/2019,12.1,31.1,27.8,12.6
Quebec,12/4/2019,12.8,28.6,30.9,14.6
Quebec,12/5/2019,18.9,32.9,29.4,14.6
Quebec,12/6/2019,11.9,26.8,27.8,13.8
Quebec,12/7/2019,10.5,23.8,28.2,10.3
Quebec,12/8/2019,8.4,34.2,33.6,16.6
Quebec,12/9/2019,30.8,43,41.9,18
Quebec,12/10/2019,14.9,48.5,38.7,17.8
Quebec,12/11/2019,7.7,24.5,31.7,10
Quebec,12/12/2019,7.5,22.2,27.7,12.1
Quebec,12/13/2019,21.1,36.4,31.8,19.2
Quebec,12/14/2019,29.1,36.9,36,20.7
Quebec,12/15/2019,11.8,34.7,30.5,16.5
Quebec,12/16/2019,8.7,20,27.1,13
Quebec,12/17/2019,18.5,26.6,23.7,9.7
Quebec,12/18/2019,1.8,24.6,19.2,6.3
Quebec,12/19/2019,-1.4,6.6,15,0.4
Quebec,12/20/2019,0.8,13.8,11.7,-0.4
Quebec,12/21/2019,-0.6,14.8,20.8,3
Quebec,12/22/2019,9,33.7,30.5,12.7
Quebec,12/23/2019,29.8,42.8,36,18.9
Quebec,12/24/2019,18.1,31.4,32.2,21.2
Quebec,12/25/2019,15.7,22.4,25.2,14.5
Quebec,12/26/2019,9.7,21.7,26.7,15.5
Quebec,12/27/2019,21.1,35.9,31.8,19.8
Quebec,12/28/2019,28.6,37.9,35,24.3
Quebec,12/29/2019,23.2,31.1,31.9,24
Quebec,12/30/2019,20.1,26.7,29.8,23.1
Quebec,12/31/2019,26,31.5,30.5,23.7
Quebec,1/1/2020,25.1,33.2,33.1,25.8
Quebec,1/2/2020,26.4,34.5,35.6,27.3
Quebec,1/3/2020,30.3,39.2,35.7,26.7
Quebec,1/4/2020,23.5,33.4,32.7,18.4
Quebec,1/5/2020,1.4,25.4,25.4,7.8
Quebec,1/6/2020,-1.3,17.3,22.7,3
Quebec,1/7/2020,8.9,25.3,24.8,6.1
Quebec,1/8/2020,10.6,31.7,22.6,5
Quebec,1/9/2020,-4.5,10.7,25.7,4.9
Quebec,1/10/2020,8.6,34.7,28,8.3
Quebec,1/11/2020,20.6,38.7,31.4,12.8
Quebec,1/12/2020,9,20.8,25.2,12
Quebec,1/13/2020,6.5,16.1,18.5,9.4
Quebec,1/14/2020,12.8,18.5,21.8,12.3
Quebec,1/15/2020,17.6,30.7,25.5,10.5
Quebec,1/16/2020,1.1,27.4,20.2,3.5
Quebec,1/17/2020,-8.3,2.4,12,-5.8
Quebec,1/18/2020,-10.2,6.2,8.1,-7.5
Quebec,1/19/2020,-4,15.7,10.7,-7.8
Quebec,1/20/2020,-9.1,10.3,15.3,-7.8
Quebec,1/21/2020,-10.3,20.1,20.7,0.2
Quebec,1/22/2020,20,31.9,28.8,10.5
Quebec,1/23/2020,21.7,34.5,32.7,20
Quebec,1/24/2020,18.2,31.7,32.7,19.9
Quebec,1/25/2020,19.7,32,32.7,23.2
Quebec,1/26/2020,31.6,34.3,34.2,27.2
Quebec,1/27/2020,30.4,36.3,33.7,23.4
Quebec,1/28/2020,8.2,30.5,28.6,12.7
Quebec,1/29/2020,-0.5,19,22.3,0.6
Quebec,1/30/2020,-5.9,17.4,18.9,-4.4
Quebec,1/31/2020,-6.8,20.4,22,-0.6
Quebec,2/1/2020,10.7,28.1,24.7,4.2
Quebec,2/2/2020,8.8,25.6,29.8,12.2
Quebec,2/3/2020,17.1,35.7,32.2,16
Quebec,2/4/2020,22.3,35.3,32,15.5
Quebec,2/5/2020,7.1,25,27.4,13
Quebec,2/6/2020,9.7,21.8,22.9,8.6
Quebec,2/7/2020,8.9,21.8,17.6,1.8
Quebec,2/8/2020,-13.3,9.2,13.7,-9.3
Quebec,2/9/2020,-23.5,10.1,16,-9.2
Quebec,2/10/2020,9.2,28.7,22,-0.5
Quebec,2/11/2020,12.7,27.2,29.7,15
Quebec,2/12/2020,23,33.1,30.3,10.7
Quebec,2/13/2020,-3.7,30.6,21.7,0.2
Quebec,2/14/2020,-18.8,1.3,17.8,-13
Quebec,2/15/2020,-16.6,21.4,19.6,-5.1
Quebec,2/16/2020,20.2,36.2,27.1,-1.6
Quebec,2/17/2020,-8.3,23.7,32.2,1.2
Quebec,2/18/2020,-8.2,36.8,31.3,-7.2
Quebec,2/19/2020,-5.2,33.6,27.4,-9.3
Quebec,2/20/2020,-14.4,11.9,24.4,-10.2
Quebec,2/21/2020,-11.1,27.6,24.9,-1.1
Quebec,2/22/2020,22.2,35.3,34.6,10.4
Quebec,2/23/2020,20.2,40.9,40.6,23.6
Quebec,2/24/2020,28.5,45.7,42.2,23.3
Quebec,2/25/2020,21.4,40.1,39.6,24.3
Quebec,2/26/2020,23.1,32.9,35.3,20.3
Quebec,2/27/2020,16.4,33,28.1,14.5
Quebec,2/28/2020,4,18.3,22.9,8.3
Quebec,2/29/2020,4.4,17.2,19.3,2
Quebec,3/1/2020,-2.5,22.3,23.1,4.1
Quebec,3/2/2020,10.5,29.7,31,11.9
Quebec,3/3/2020,27.7,41.1,36.4,22.2
Quebec,3/4/2020,28.5,38.3,38.8,25.4
Quebec,3/5/2020,20.1,37,35.8,21.8
Quebec,3/6/2020,16.8,31.9,33,15
Quebec,3/7/2020,8.1,30,33.7,16.5
Quebec,3/8/2020,24.8,39.2,35,18.8
Quebec,3/9/2020,23.6,35.7,37.2,24.1
Quebec,3/10/2020,23.9,36.7,33.8,20.9
Quebec,3/11/2020,15.2,29,32.8,18.7
Quebec,3/12/2020,16.9,32.8,35.5,20.3
Quebec,3/13/2020,28.9,44.7,39.2,22.4
Quebec,3/14/2020,21.6,40,37.2,21
Quebec,3/15/2020,12.7,27,31.1,12.8
Quebec,3/16/2020,4.3,26.4,31.2,13.2
Quebec,3/17/2020,22.7,40.3,32.8,15.1
Quebec,3/18/2020,18.4,31.9,38.2,22.4
Quebec,3/19/2020,26,42.5,42.2,23.3
Quebec,3/20/2020,25.3,52.4,40.7,21.3
Quebec,3/21/2020,12.7,27.1,35.1,15.1
Quebec,3/22/2020,7.2,25.7,29.4,10.3
Quebec,3/23/2020,11,35.3,34.5,14.3
Quebec,3/24/2020,24.6,42.4,41.2,18.4
Quebec,3/25/2020,19.6,45.9,45.5,26.1
Quebec,3/26/2020,34.2,48.4,46.7,26.4
Quebec,3/27/2020,25.3,46,46.3,26.6
Quebec,3/28/2020,20.1,44.5,43.9,26.5
Quebec,3/29/2020,34,41.1,42.1,28.8
Quebec,3/30/2020,32.2,40.8,42.2,32.3
Quebec,3/31/2020,30.6,44.8,42.4,31
Quebec,4/1/2020,30.1,41.7,43.1,30.9
Quebec,4/2/2020,32,42.8,44.4,33.2
Quebec,4/3/2020,37.4,48.6,46.9,35.1
Quebec,4/4/2020,35.8,49.2,49.3,34.8
Quebec,4/5/2020,31.2,50.1,50.7,31.6
Quebec,4/6/2020,27.7,52.8,51.5,28.1
Quebec,4/7/2020,25.5,51.7,50.3,27
Quebec,4/8/2020,27.7,46.4,45.7,27.7
Quebec,4/9/2020,29.9,39.1,43.4,30.1
Quebec,4/10/2020,32.7,44.8,42.4,30.9
Quebec,4/11/2020,30,43.1,47,30.3
Quebec,4/12/2020,28.3,53.1,51.6,32.4
Quebec,4/13/2020,39,58.6,52.5,33.4
Quebec,4/14/2020,33,45.8,48.5,33
Quebec,4/15/2020,27.1,41,42.5,27.6
Quebec,4/16/2020,22.6,40.7,40.8,25.1
Quebec,4/17/2020,25.7,40.6,43.6,23.5
Quebec,4/18/2020,22.2,49.5,47.1,26.3
Quebec,4/19/2020,30.8,51.3,46.6,25.3
Quebec,4/20/2020,22.8,39.1,45.8,25.5
Quebec,4/21/2020,22.8,47,40.4,22.4
Quebec,4/22/2020,21.6,35.2,42.5,22
Quebec,4/23/2020,21.5,45.3,43.6,21.5
Quebec,4/24/2020,21.3,50.1,50.5,24
Quebec,4/25/2020,29.2,56.2,53.5,28.3
Quebec,4/26/2020,34.5,54.1,54.3,33.5
Quebec,4/27/2020,36.7,52.6,54.4,35.9
Quebec,4/28/2020,36.4,56.5,58.3,36.1
Quebec,4/29/2020,35.1,65.9,57.8,39
Quebec,4/30/2020,45.6,51,59.5,39.6
Quebec,5/1/2020,38.1,61.7,59.6,40
Quebec,5/2/2020,36.4,66,64.4,39.5
Quebec,5/3/2020,44,65.5,60.8,39.8
Quebec,5/4/2020,39.1,50.8,55.6,38.9
Quebec,5/5/2020,33.5,50.4,52.6,36.1
Quebec,5/6/2020,35.8,56.6,55.8,32.8
Quebec,5/7/2020,29.1,60.3,53.8,30.6
Quebec,5/8/2020,27.1,44.4,49.2,28.7
Quebec,5/9/2020,30.1,43,45.6,29.4
Quebec,5/10/2020,31,49.5,47.9,30.3
Quebec,5/11/2020,29.9,51.1,50.1,29.5
Quebec,5/12/2020,27.6,49.6,52.8,28.5
Quebec,5/13/2020,28,57.7,57.9,29.7
Quebec,5/14/2020,33.6,66.3,60.5,36
Quebec,5/15/2020,46.6,57.5,63.1,41.5
Quebec,5/16/2020,44.3,65.4,63.2,45.3
Quebec,5/17/2020,44.9,66.7,65.5,44.2
Quebec,5/18/2020,43.5,64.3,65.1,38.8
Quebec,5/19/2020,28,64.2,67.9,38.5
Quebec,5/20/2020,44,75,73.3,39
Quebec,5/21/2020,45.1,80.7,79.9,45.9
Quebec,5/22/2020,48.7,83.8,77.1,46.9
Quebec,5/23/2020,47.1,66.9,76.2,46.2
Quebec,5/24/2020,43,78,73.7,49.3
Quebec,5/25/2020,58,76.4,81.3,52.7
Quebec,5/26/2020,57,89.6,87,59.9
Quebec,5/27/2020,64.6,94.9,90.6,63.8
Quebec,5/28/2020,69.7,87.2,90.1,67.2
Quebec,5/29/2020,67.2,88.2,82,60.5
Quebec,5/30/2020,44.6,70.6,70.3,50.1
Quebec,5/31/2020,38.4,52,60.3,38.9
Quebec,6/1/2020,33.7,58.2,57.2,35.5
Quebec,6/2/2020,34.5,61.4,60.5,38.6
Quebec,6/3/2020,47.7,62,67.4,43
Quebec,6/4/2020,46.7,78.9,75.1,49.3
Quebec,6/5/2020,53.5,84.3,79.6,49.5
Quebec,6/6/2020,48.4,75.6,77,49.2
Quebec,6/7/2020,45.7,70.9,73.7,47.8
Quebec,6/8/2020,49.2,74.5,72.4,48.2
Quebec,6/9/2020,49.5,71.6,75.3,48.6
Quebec,6/10/2020,46.9,79.6,78.1,50.5
Quebec,6/11/2020,55,83,78.3,48.8
Quebec,6/12/2020,44.4,72.3,73,47.4
Quebec,6/13/2020,42.8,63.8,68.6,43.4
Quebec,6/14/2020,43.1,69.8,69.6,42.9
Quebec,6/15/2020,42.8,75.2,76.2,44.6
Quebec,6/16/2020,47.8,83.5,82.7,47.1
Quebec,6/17/2020,50.7,89.4,88.8,52.4
Quebec,6/18/2020,58.7,93.5,91.9,56.5
Quebec,6/19/2020,60,92.9,92.6,61.1
Quebec,6/20/2020,64.6,91.3,92.1,61.8
Quebec,6/21/2020,60.8,92,92.3,63.4
Quebec,6/22/2020,64.9,93.5,92.8,63.6
Quebec,6/23/2020,65.2,92.7,87.6,63.5
Quebec,6/24/2020,60.5,76.7,80,60.5
Quebec,6/25/2020,55.8,70.5,75.6,57
Quebec,6/26/2020,54.6,79.6,76,57.6
Quebec,6/27/2020,62.4,77.8,78.4,59.5
Quebec,6/28/2020,61.4,77.7,77.6,62.5
Quebec,6/29/2020,63.8,77.4,77.3,62.5
Quebec,6/30/2020,62.3,76.7,80.8,61.8
Quebec,7/1/2020,59.4,88.3,84,61.7
Quebec,7/2/2020,63.4,86.9,86.3,61.1
Quebec,7/3/2020,60.5,83.8,85,59.7
Quebec,7/4/2020,55.1,84.1,82.7,56.7
Quebec,7/5/2020,54.7,80,82.6,54.4
Quebec,7/6/2020,53.6,83.6,84.3,55.7
Quebec,7/7/2020,58.8,89.2,85.5,60.1
Quebec,7/8/2020,67.7,83.6,88.3,64.1
Quebec,7/9/2020,65.6,92.1,89.7,67.4
Quebec,7/10/2020,68.8,93.3,88.7,68.6
Quebec,7/11/2020,71.3,80.8,85.4,68.4
Quebec,7/12/2020,65,82.1,81.1,65.7
Quebec,7/13/2020,60.7,80.5,80,61.5
Quebec,7/14/2020,58.9,77.3,78.3,58.2
Quebec,7/15/2020,55,77.2,78.5,58.4
Quebec,7/16/2020,61.3,80.9,73.9,58.2
Quebec,7/17/2020,58.3,63.7,77.3,61.5
Quebec,7/18/2020,64.9,87.4,79.2,64.3
Quebec,7/19/2020,69.7,86.7,86.2,66.3
Quebec,7/20/2020,64.4,84.6,83.3,63.7
Quebec,7/21/2020,56.8,78.6,80.8,59.6
Quebec,7/22/2020,57.6,79.4,78.7,58.2
Quebec,7/23/2020,60.3,78.2,81.4,57.8
Quebec,7/24/2020,55.5,86.7,84.2,58.6
Quebec,7/25/2020,60,87.8,87.3,62.4
Quebec,7/26/2020,71.8,87.3,86.3,67.5
Quebec,7/27/2020,70.9,83.6,84.9,69.8
Quebec,7/28/2020,66.7,83.8,81.6,65.9
Quebec,7/29/2020,60,77.4,81.1,62.4
Quebec,7/30/2020,60.5,82.3,80.4,59.2
Quebec,7/31/2020,57,81.6,83.1,58.5
Quebec,8/1/2020,57.9,85.5,81.8,59.2
Quebec,8/2/2020,62.7,78.3,81.3,60.9
Quebec,8/3/2020,62,80.2,78.2,59.8
Quebec,8/4/2020,54.7,76.1,77.9,58.6
Quebec,8/5/2020,59.3,77.3,77,56.8
Quebec,8/6/2020,56.5,77.6,78.7,56.4
Quebec,8/7/2020,53.5,81.3,81.2,55.1
Quebec,8/8/2020,55.2,84.7,83,56.3
Quebec,8/9/2020,60.2,82.9,84,60.3
Quebec,8/10/2020,65.4,84.6,85.5,64.2
Quebec,8/11/2020,67,89.2,86.6,65.1
Quebec,8/12/2020,62.9,86,86,63.1
Quebec,8/13/2020,59.2,83,82.9,60.5
Quebec,8/14/2020,59.4,79.8,81.2,59.1
Quebec,8/15/2020,58.8,80.8,81,59.4
Quebec,8/16/2020,59.9,82.3,80.3,60.2
Quebec,8/17/2020,61.8,77.8,78.3,58
Quebec,8/18/2020,52.3,74.7,74,54.7
Quebec,8/19/2020,50,69.6,72.5,49.5
Quebec,8/20/2020,46.3,73.1,72.6,51
Quebec,8/21/2020,56.6,75.1,75.6,52
Quebec,8/22/2020,53.1,78.5,78.3,56.6
Quebec,8/23/2020,60.1,81.3,78.9,58.9
Quebec,8/24/2020,63.4,77,78.6,58.3
Quebec,8/25/2020,51.4,77.6,72.9,53.5
Quebec,8/26/2020,45.9,64.2,69.9,46.2
Quebec,8/27/2020,41.4,67.8,68.6,43.6
Quebec,8/28/2020,43.6,73.6,67.1,46.2
Quebec,8/29/2020,53.6,59.9,67.1,49.5
Quebec,8/30/2020,51.3,67.6,66,51.4
Quebec,8/31/2020,49.2,70.5,70,50.8
Quebec,9/1/2020,52.1,71.8,72.8,53
Quebec,9/2/2020,57.6,76.1,74.6,56
Quebec,9/3/2020,58.4,75.9,74.6,56
Quebec,9/4/2020,51.9,71.8,72.3,52.8
Quebec,9/5/2020,48.1,69.1,70.3,48.1
Quebec,9/6/2020,44.4,69.9,71.9,46.4
Quebec,9/7/2020,46.8,76.6,72.2,47.8
Quebec,9/8/2020,52.3,70.2,68.9,50.5
Quebec,9/9/2020,52.3,59.9,62.4,50.1
Quebec,9/10/2020,45.7,57.1,60.2,46.1
Quebec,9/11/2020,40.3,63.7,63.1,41.9
Quebec,9/12/2020,39.5,68.6,66.3,46.2
Quebec,9/13/2020,58.8,66.6,65.5,46.7
Quebec,9/14/2020,41.8,61.4,61.7,46.2
Quebec,9/15/2020,38.1,57.1,63.7,43.5
Quebec,9/16/2020,50.7,72.4,62.7,42.1
Quebec,9/17/2020,37.6,58.4,62.5,40.8
Quebec,9/18/2020,34,56.7,57.2,34.9
Quebec,9/19/2020,32.9,56.4,56.7,33
Quebec,9/20/2020,32,56.9,58.7,31.8
Quebec,9/21/2020,30.4,62.9,62,31.8
Quebec,9/22/2020,32.9,66.2,67.2,37
Quebec,9/23/2020,47.6,72.3,68.1,39.8
Quebec,9/24/2020,38.9,65.8,65.8,41
Quebec,9/25/2020,36.5,59.4,67.4,39
Quebec,9/26/2020,41.6,77,71.7,46
Quebec,9/27/2020,59.8,78.8,76.9,54.1
Quebec,9/28/2020,60.8,75,75.4,58.9
Quebec,9/29/2020,56,72.3,69.6,56.5
Quebec,9/30/2020,52.5,61.5,66.1,51.9
Quebec,10/1/2020,47.2,64.5,59.8,47.8
Quebec,10/2/2020,43.6,53.5,58.1,42.5
Quebec,10/3/2020,36.6,56.4,56.1,38.6
Quebec,10/4/2020,35.5,58.5,57.8,38.3
Quebec,10/5/2020,42.7,58.6,59.9,40.1
Quebec,10/6/2020,42,62.5,59.6,43.9
Quebec,10/7/2020,46.9,57.8,56.4,39.9
Quebec,10/8/2020,30.9,49,54.3,36.1
Quebec,10/9/2020,30.5,56.1,59.4,34.2
Quebec,10/10/2020,41.2,73,59.3,34
Quebec,10/11/2020,30.2,48.7,59.7,33.8
Quebec,10/12/2020,29.9,57.5,52.7,34
Quebec,10/13/2020,41.9,51.9,56.5,37
Quebec,10/14/2020,39.3,60.1,60.2,41.5
Quebec,10/15/2020,43.2,68.5,60,41.4
Quebec,10/16/2020,41.8,51.3,58.2,40.3
Quebec,10/17/2020,36,54.9,54.7,37.6
Quebec,10/18/2020,35,58,56,39
Quebec,10/19/2020,46.1,55.1,53.9,38.8
Quebec,10/20/2020,35.2,48.5,52.3,38.7
Quebec,10/21/2020,34.9,53.4,52.3,36.4
Quebec,10/22/2020,39,55.1,57.9,39.9
Quebec,10/23/2020,45.8,65.1,61.5,40.5
Quebec,10/24/2020,36.5,64.2,57.5,37.5
Quebec,10/25/2020,30.3,43.2,48.2,33.3
Quebec,10/26/2020,33,37.3,39,29.3
Quebec,10/27/2020,24.6,36.7,38.5,27.6
Quebec,10/28/2020,25.4,41.6,40.3,25.3
Quebec,10/29/2020,26.1,42.7,39.8,23.5
Quebec,10/30/2020,18.9,35,39.5,20.5
Quebec,10/31/2020,16.6,40.9,40.6,22.4
Quebec,11/1/2020,31.8,46,41.7,25.1
Quebec,11/2/2020,26.9,38,39.4,27.3
Quebec,11/3/2020,23.3,34.1,37.9,25.6
Quebec,11/4/2020,26.6,41.5,46.4,26.1
Quebec,11/5/2020,28.5,63.5,55.8,32.3
Quebec,11/6/2020,41.8,62.5,63.2,38.2
Quebec,11/7/2020,44.2,63.7,62.4,42.1
Quebec,11/8/2020,40.4,60.9,63.7,39.7
Quebec,11/9/2020,34.6,66.6,66.7,39.2
Quebec,11/10/2020,42.5,72.5,69.2,40.6
Quebec,11/11/2020,44.8,68.5,62.9,37.9
Quebec,11/12/2020,26.5,47.8,52.9,32.4
Quebec,11/13/2020,25.8,42.3,44,25.8
Quebec,11/14/2020,25.1,41.9,43.1,24.3
Quebec,11/15/2020,21.9,45,44.2,26.7
Quebec,11/16/2020,33.2,45.6,42,25.4
Quebec,11/17/2020,21,35.5,36.3,24.5
Quebec,11/18/2020,19.3,27.7,33.1,20.5
Quebec,11/19/2020,21.2,36,37.9,22.5
Quebec,11/20/2020,27.1,50,44,23.3
Quebec,11/21/2020,21.5,46,42.8,22.6
Quebec,11/22/2020,19.1,32.3,37.6,23.8
Quebec,11/23/2020,30.6,34.5,32.6,22.4
Quebec,11/24/2020,17.5,31,31.1,22.9
Quebec,11/25/2020,20.4,27.9,31.4,21.8
Quebec,11/26/2020,27.3,35.2,34.7,27.1
Quebec,11/27/2020,33.4,40.9,39.2,31.6
Quebec,11/28/2020,34,41.5,41.4,34
Quebec,11/29/2020,34.6,41.8,41.8,33.9
Quebec,11/30/2020,33.2,41.9,44.7,35.3
Quebec,12/1/2020,38,50.3,44,33.6
Quebec,12/2/2020,29.5,39.9,43.7,31.4
Quebec,12/3/2020,26.6,40.9,40,28.6
Quebec,12/4/2020,29.7,39.1,39,27.1
Quebec,12/5/2020,25,37,35.5,26.3
Quebec,12/6/2020,24.1,30.4,31.4,23.6
Quebec,12/7/2020,21.6,26.9,27.6,21.5
Quebec,12/8/2020,18.9,25.6,27.4,19
Quebec,12/9/2020,16.5,29.7,30,20.1
Quebec,12/10/2020,24.9,34.7,33.3,22.7
Quebec,12/11/2020,26.6,35.4,34.9,27.2
Quebec,12/12/2020,30.1,34.6,37.6,27.8
Quebec,12/13/2020,26.8,42.8,34.8,26.8
Quebec,12/14/2020,23.4,26.8,31.1,16.5
Quebec,12/15/2020,-0.6,23.5,18.7,5.6
Quebec,12/16/2020,-6,5.7,14.4,-1.9
Quebec,12/17/2020,0.8,14,12.9,-2
Quebec,12/18/2020,-0.6,19.1,19.2,0.6
Quebec,12/19/2020,1.8,24.5,25.3,7.9
Quebec,12/20/2020,22.5,32.3,30.7,18.1
Quebec,12/21/2020,30.1,35.4,34.2,23.9
Quebec,12/22/2020,19,34.9,32.2,20.1
Quebec,12/23/2020,11.2,26.2,36.7,16.7
Quebec,12/24/2020,20,49.1,44,21.4
Quebec,12/25/2020,33,56.7,46.9,23.2
Quebec,12/26/2020,16.8,34.9,38.5,21.1
Quebec,12/27/2020,13.6,24,32.5,17.6
Quebec,12/28/2020,22.3,38.7,29.9,16.5
Quebec,12/29/2020,13.7,27,32.6,16.8
Quebec,12/30/2020,14.4,32,31.4,15.1
Quebec,12/31/2020,17.2,35.2,32,15.6
Quebec,1/1/2021,15.3,28.9,31.2,18
Quebec,1/2/2021,21.5,29.6,28,15.7
Quebec,1/3/2021,10.1,25.4,27.7,17.8
Quebec,1/4/2021,21.7,28,27,19
Quebec,1/5/2021,25.1,27.7,28.8,21.3
Quebec,1/6/2021,17,30.7,29.5,17.4
Quebec,1/7/2021,10.1,30.2,28.2,11.6
Quebec,1/8/2021,7.8,23.6,29.1,7.8
Quebec,1/9/2021,5.6,33.4,26.7,5.8
Quebec,1/10/2021,3.9,23,28.5,7.9
Quebec,1/11/2021,14.1,29,28.1,14.9
Quebec,1/12/2021,26.8,32.3,31.7,22.9
Quebec,1/13/2021,27.8,33.8,33.4,27.8
Quebec,1/14/2021,28.7,34,34.7,25.4
Quebec,1/15/2021,19.6,36.3,34.4,25.6
Quebec,1/16/2021,28.5,32.9,34,24.1
Quebec,1/17/2021,24.1,32.9,30,18
Quebec,1/18/2021,1.3,24.1,23.8,7.2
Quebec,1/19/2021,-3.9,14.5,19.4,-1.7
Quebec,1/20/2021,-2.5,19.5,18,-3.7
Quebec,1/21/2021,-4.8,20.2,21.8,0.8
Quebec,1/22/2021,9.8,25.9,19.9,2
Quebec,1/23/2021,1,13.6,18.8,3.8
Quebec,1/24/2021,0.6,17,17,-1.4
Quebec,1/25/2021,-5.8,20.5,20.1,0.4
Quebec,1/26/2021,6.3,22.9,24.2,6.5
Quebec,1/27/2021,18.9,29.4,25.4,9.8
Quebec,1/28/2021,4.1,24.1,21.1,7.6
Quebec,1/29/2021,-0.3,10,14.8,-1
Quebec,1/30/2021,-7,10.5,9.6,-7.9
Quebec,1/31/2021,-16.4,8.2,13.3,-11.2
Quebec,2/1/2021,-10.1,21.1,19.4,-3.9
Quebec,2/2/2021,14.7,29,28.2,10.3
Quebec,2/3/2021,26.3,34.6,32.3,18.3
Quebec,2/4/2021,14,33.2,32.2,15.3
Quebec,2/5/2021,5.6,28.7,29.3,10.7
Quebec,2/6/2021,12.4,25.9,25.9,7.2
Quebec,2/7/2021,3.7,23.1,22.5,4
Quebec,2/8/2021,-4.3,18.6,20.1,-0.4
Quebec,2/9/2021,-0.8,18.6,19.3,-2
Quebec,2/10/2021,-1.1,20.6,18.9,-2
Quebec,2/11/2021,-4.3,17.5,15.2,-4.5
Quebec,2/12/2021,-8.2,7.5,11.9,-7.9
Quebec,2/13/2021,-11.2,10.5,12.8,-4.2
Quebec,2/14/2021,6.7,20.2,17.4,1.3
Quebec,2/15/2021,8.5,21.4,22.6,8
Quebec,2/16/2021,8.9,26.3,21.2,4.7
Quebec,2/17/2021,-3.4,15.9,20.5,-2.1
Quebec,2/18/2021,-11.7,19.2,18.4,-3.4
Quebec,2/19/2021,4.8,20.1,21.5,0.7
Quebec,2/20/2021,9.1,25,23.9,4.9
Quebec,2/21/2021,0.9,26.6,27.3,4.6
Quebec,2/22/2021,3.7,30.2,30.7,10
Quebec,2/23/2021,25.4,35.2,34.6,18.9
Quebec,2/24/2021,27.7,38.2,33.7,21.1
Quebec,2/25/2021,10.2,27.7,30.4,10.5
Quebec,2/26/2021,-6.3,25.2,29,1.8
Quebec,2/27/2021,1.5,34.2,32.8,5.1
Quebec,2/28/2021,20.1,39.1,38.1,8.2
Quebec,3/1/2021,3,40.9,32,6.8
Quebec,3/2/2021,-2.6,15.8,27.1,3.5
Quebec,3/3/2021,10.3,24.4,20.8,5.9
Quebec,3/4/2021,10,22.1,21,8.9
Quebec,3/5/2021,6.3,16.5,20.4,9
Quebec,3/6/2021,10.8,22.6,20.7,8.4
Quebec,3/7/2021,8.2,23,24.3,5.6
Quebec,3/8/2021,-2.2,27.2,29.7,8.1
Quebec,3/9/2021,18.3,38.9,37.6,9.9
Quebec,3/10/2021,13.6,46.7,45.5,23.8
Quebec,3/11/2021,39.5,50.9,47.5,26.5
Quebec,3/12/2021,26.5,44.9,41.1,27.4
Quebec,3/13/2021,16.1,27.5,32.3,16.1
Quebec,3/14/2021,5.8,24.4,23.8,7.1
Quebec,3/15/2021,-0.7,19.4,25.3,2.9
Quebec,3/16/2021,3.5,32.2,32.2,7
Quebec,3/17/2021,18,45,39.9,12.7
Quebec,3/18/2021,16.5,42.6,39.4,15.2
Quebec,3/19/2021,11,30.6,39.7,16.7
Quebec,3/20/2021,22.5,45.9,43.5,20.2
Quebec,3/21/2021,27,54,54.3,24.1
Quebec,3/22/2021,22.9,63,60,25.9
Quebec,3/23/2021,27.7,63,61.2,27.1
Quebec,3/24/2021,30.6,57.6,61.5,32.1
Quebec,3/25/2021,38,63.9,56.4,34.6
Quebec,3/26/2021,35,47.8,49.9,35.5
Quebec,3/27/2021,33.4,37.9,44.1,33.5
Quebec,3/28/2021,31.9,46.6,41.2,30.2
Quebec,3/29/2021,25.4,39.1,47.2,27.1
Quebec,3/30/2021,24.1,55.8,50,28.8
Quebec,3/31/2021,37.1,55.2,49.4,27.6
Quebec,4/1/2021,21.6,37.1,42.8,26
Quebec,4/2/2021,19.2,36,40,19.9
Quebec,4/3/2021,18.8,47,46.1,21.6
Quebec,4/4/2021,26.9,55.4,52.9,26.6
Quebec,4/5/2021,34,56.4,56.7,32.1
Quebec,4/6/2021,35.3,58.2,58.2,35.8
Quebec,4/7/2021,38.1,60,61.8,38
Quebec,4/8/2021,40.5,67.2,66.6,40.6
Quebec,4/9/2021,43.2,72.5,69.6,42.4
Quebec,4/10/2021,43.5,69,67.7,42.1
Quebec,4/11/2021,39.6,61.7,63.9,43
Quebec,4/12/2021,46,60.9,62.2,41.4
Quebec,4/13/2021,38.7,64,63.2,41.3
Quebec,4/14/2021,39.3,64.7,59.8,39.3
Quebec,4/15/2021,40,50.8,55,39.5
Quebec,4/16/2021,39.1,49.4,49.9,38.5
Quebec,4/17/2021,36.4,49.4,51.7,38.2
Quebec,4/18/2021,39.1,56.2,55.6,38.2
Quebec,4/19/2021,39.1,61,56.6,37.8
Quebec,4/20/2021,35.2,52.5,50.1,34.2
Quebec,4/21/2021,28.2,36.7,42.1,30
Quebec,4/22/2021,26.7,37.1,44.5,28.5
Quebec,4/23/2021,30.7,59.7,55.3,32.1
Quebec,4/24/2021,38.9,69.2,63.7,34.4
Quebec,4/25/2021,33.7,62.2,59.2,34.5
Quebec,4/26/2021,31,46.3,56.8,31.6
Quebec,4/27/2021,30.1,61.9,57.2,32.8
Quebec,4/28/2021,37.2,63.2,63.6,37.3
Quebec,4/29/2021,44.5,65.7,61.2,41.1
Quebec,4/30/2021,41.7,54.6,57.9,40.4
Quebec,5/1/2021,35.1,53.4,55.9,38.4
Quebec,5/2/2021,38.5,59.8,54.8,35.7
Quebec,5/3/2021,33.6,51.1,55.2,38.6
Quebec,5/4/2021,43.6,54.5,53.2,41.1
Quebec,5/5/2021,46.2,53.9,55.1,41.7
Quebec,5/6/2021,35.4,56.8,56.6,37.6
Quebec,5/7/2021,31.3,59,58.8,35.1
Quebec,5/8/2021,38.6,60.5,61.1,35.2
Quebec,5/9/2021,35.8,63.7,62.3,37
Quebec,5/10/2021,36.6,62.9,61.6,38.5
Quebec,5/11/2021,43.2,58.2,61.4,39.5
Quebec,5/12/2021,38.7,63.1,63.4,40.7
Quebec,5/13/2021,40.2,68.8,68.6,41.2
Quebec,5/14/2021,44.6,73.7,72.9,43.3
Quebec,5/15/2021,45.1,76.1,74.2,45
Quebec,5/16/2021,45.4,72.8,75.9,44.9
Quebec,5/17/2021,44.1,78.6,76.1,47.4
Quebec,5/18/2021,52.8,76.8,78,48.2
Quebec,5/19/2021,47.8,78.7,81,51.5
Quebec,5/20/2021,53.8,87.6,84.9,54.3
Quebec,5/21/2021,61.3,88.5,86.5,60.5
Quebec,5/22/2021,66.3,83.5,79.7,57.4
Quebec,5/23/2021,44.7,67,73.2,51
Quebec,5/24/2021,42,69.1,72,44
Quebec,5/25/2021,45.4,79.8,78.9,49.4
Quebec,5/26/2021,60.8,87.7,76.3,47.6
Quebec,5/27/2021,36.5,61.4,68.6,43.6
Quebec,5/28/2021,33.3,56.6,60.3,34.5
Quebec,5/29/2021,33.6,63,61.8,36.1
Quebec,5/30/2021,41.4,65.8,65.1,40.7
Quebec,5/31/2021,47.2,66.5,70,43.9
Quebec,6/1/2021,43,77.7,75.1,47.1
Quebec,6/2/2021,51,80.9,76,51.3
Quebec,6/3/2021,59.8,69.4,77.5,57.2
Quebec,6/4/2021,60.9,82.1,78.6,60.8
Quebec,6/5/2021,61.9,84.4,85.2,62.1
Quebec,6/6/2021,63.6,89.3,89.4,64.7
Quebec,6/7/2021,68.5,94.5,91.9,67.5
Quebec,6/8/2021,70.3,91.8,89.5,66.3
Quebec,6/9/2021,60,82.1,81.4,60.7
Quebec,6/10/2021,51.7,70.3,76,54.5
Quebec,6/11/2021,52,75.4,75.8,50.9
Quebec,6/12/2021,49.2,81.6,80.2,50.3
Quebec,6/13/2021,49.7,83.6,79.2,52.7
Quebec,6/14/2021,59.3,72.4,76.8,53.3
Quebec,6/15/2021,51.1,74.3,72,52.9
Quebec,6/16/2021,48.4,69.5,74,49.1
Quebec,6/17/2021,48,78.3,74.8,51.4
Quebec,6/18/2021,58,76.6,78,55.4
Quebec,6/19/2021,60.1,79,79.6,58.2
Quebec,6/20/2021,56.4,83.3,83.1,58.6
Quebec,6/21/2021,59.1,86.9,80,53.9
Quebec,6/22/2021,46.1,69.7,76.1,49.1
Quebec,6/23/2021,41.9,71.6,74.5,46
Quebec,6/24/2021,50.1,82,76.7,52.1
Quebec,6/25/2021,64.4,76.5,77.8,59.4
Quebec,6/26/2021,63.6,75,79.2,65.4
Quebec,6/27/2021,68.1,86.2,83,66.7
Quebec,6/28/2021,68.3,87.8,86.8,68.2
Quebec,6/29/2021,68.2,86.5,85.5,65.9
Quebec,6/30/2021,61.3,82.1,81.7,62.5
Quebec,7/1/2021,57.8,76.6,75.5,57.8
Quebec,7/2/2021,54.4,67.6,70.7,54.4
Quebec,7/3/2021,51,67.9,69.8,52.6
Quebec,7/4/2021,52.5,73.9,74.3,51.3
Quebec,7/5/2021,50.4,81.1,79.1,54.9
Quebec,7/6/2021,61.7,82.4,77.5,55.6
Quebec,7/7/2021,54.8,69.2,72.8,56.6
Quebec,7/8/2021,53.2,66.7,69.1,53.7
Quebec,7/9/2021,52.9,71.4,72.7,52.1
Quebec,7/10/2021,50.3,79.9,77.2,52.4
Quebec,7/11/2021,54,80.2,80.4,54.2
Quebec,7/12/2021,58.3,81.1,79.4,57.6
Quebec,7/13/2021,60.4,76.8,80.2,61.9
Quebec,7/14/2021,66.9,82.7,81.5,64.2
Quebec,7/15/2021,65.3,85,82.5,64.5
Quebec,7/16/2021,61.2,79.9,81.6,61.9
Quebec,7/17/2021,59.3,79.8,79.5,60.9
Quebec,7/18/2021,62.3,78.9,80.9,61.2
Quebec,7/19/2021,61.9,84.1,80,61.6
Quebec,7/20/2021,60.7,77.1,79.3,60.1
Quebec,7/21/2021,57.8,76.7,77.7,57.1
Quebec,7/22/2021,52.7,79.2,78.7,55.4
Quebec,7/23/2021,55.8,80.1,80.8,53.7
Quebec,7/24/2021,52.7,83.2,81.7,57.4
Quebec,7/25/2021,63.8,81.7,82.2,58.8
Quebec,7/26/2021,59.8,81.7,77.8,59.5
Quebec,7/27/2021,55,69.9,75.7,55.9
Quebec,7/28/2021,53,75.4,71.4,53.8
Quebec,7/29/2021,53.3,68.8,70.2,52.5
Quebec,7/30/2021,51.1,66.3,69.8,50.7
Quebec,7/31/2021,47.7,74.3,70.6,50.1
Quebec,8/1/2021,51.4,71.1,73.3,51.5
Quebec,8/2/2021,55.3,74.6,74.5,53.9
Quebec,8/3/2021,55,77.9,77.5,55.7
Quebec,8/4/2021,56.9,79.9,80.6,56.3
Quebec,8/5/2021,57,83.9,83.6,58.1
Quebec,8/6/2021,60.4,87,84.2,60.2
Quebec,8/7/2021,63.2,81.8,82.2,61.1
Quebec,8/8/2021,59.6,78,81,61.8
Quebec,8/9/2021,62.7,83.2,83.1,62.4
Quebec,8/10/2021,65,88.2,86.2,66.2
Quebec,8/11/2021,71.1,87.3,88,68.8
Quebec,8/12/2021,70.4,88.5,88.5,69.9
Quebec,8/13/2021,68.2,89.8,86.6,65.5
Quebec,8/14/2021,57.9,81.7,82.4,58.4
Quebec,8/15/2021,49.3,75.8,79.7,52
Quebec,8/16/2021,48.7,81.5,78.8,50.8
Quebec,8/17/2021,54.4,79.1,82.5,57
Quebec,8/18/2021,67.9,87,82.6,62.6
Quebec,8/19/2021,65.5,81.8,86.5,66.4
Quebec,8/20/2021,65.9,90.7,87.5,66.6
Quebec,8/21/2021,68.3,90,90,67.6
Quebec,8/22/2021,68.7,89.2,88.2,68.4
Quebec,8/23/2021,68.3,85.5,88.9,67.4
Quebec,8/24/2021,65.2,92,89.1,65.9
Quebec,8/25/2021,64.3,89.9,91.2,65.9
Quebec,8/26/2021,68.3,91.6,85,62.3
Quebec,8/27/2021,54.4,73.5,77.6,59.5
Quebec,8/28/2021,55.7,67.6,70.4,56.1
Quebec,8/29/2021,58.3,70.2,74.2,59
Quebec,8/30/2021,62.9,84.9,78.2,59
Quebec,8/31/2021,55.9,79.4,79.4,56.3
Quebec,9/1/2021,50.1,74,73.6,51.6
Quebec,9/2/2021,48.9,67.4,71.8,51.3
Quebec,9/3/2021,54.9,73.9,72.8,50.5
Quebec,9/4/2021,47.6,77.1,73.8,53.4
Quebec,9/5/2021,57.6,70.5,72.2,53.5
Quebec,9/6/2021,55.2,69.1,70.5,55.2
Quebec,9/7/2021,52.9,71.8,70,54.9
Quebec,9/8/2021,56.6,69.2,71.9,55.1
Quebec,9/9/2021,55.9,74.8,70.9,54.2
Quebec,9/10/2021,50.1,68.5,72.2,52
Quebec,9/11/2021,50.1,73.1,72.2,50.6
Quebec,9/12/2021,51.7,74.9,72.8,50.3
Quebec,9/13/2021,49,70.4,71.5,48.3
Quebec,9/14/2021,44.1,69.1,70.4,48.2
Quebec,9/15/2021,51.3,71.6,71.5,47.5
Quebec,9/16/2021,47,73.7,75.1,48.7
Quebec,9/17/2021,47.8,80.1,75.8,48.6
Quebec,9/18/2021,50.9,73.7,74.3,48
Quebec,9/19/2021,45.3,69,72.7,46.1
Quebec,9/20/2021,42,75.5,73.6,48.3
Quebec,9/21/2021,57.5,76.3,75.7,53.6
Quebec,9/22/2021,61.3,75.2,77.2,60.9
Quebec,9/23/2021,63.9,80.1,75.2,60.4
Quebec,9/24/2021,55.9,70.4,73.7,56.6
Quebec,9/25/2021,50.1,70.5,69.2,51.9
Quebec,9/26/2021,49.7,66.6,66.7,48.9
Quebec,9/27/2021,47,62.8,63.6,45.2
Quebec,9/28/2021,39,61.5,59.9,43.8
Quebec,9/29/2021,45.5,55.5,59.6,42.5
Quebec,9/30/2021,42.9,61.9,59.6,43.6
Quebec,10/1/2021,42.3,61.4,59.3,43.7
Quebec,10/2/2021,45.8,54.8,59.4,44
Quebec,10/3/2021,44,61.9,60.5,43.8
Quebec,10/4/2021,41.5,64.8,64.3,42.7
Quebec,10/5/2021,42.7,66.3,67.3,41
Quebec,10/6/2021,38.9,70.9,69.8,40.9
Quebec,10/7/2021,41,72.2,70.3,41
Quebec,10/8/2021,43.2,67.9,69.6,43.4
Quebec,10/9/2021,46,68.6,65.8,46.5
Quebec,10/10/2021,50.4,61,66.6,49.5
Quebec,10/11/2021,52.1,70,68.6,50.7
Quebec,10/12/2021,49.7,74.7,71.6,50.2
Quebec,10/13/2021,48.7,70.1,71,52.1
Quebec,10/14/2021,57.9,68.1,67.1,54.3
Quebec,10/15/2021,56.4,63,66.4,55.7
Quebec,10/16/2021,52.8,68,63.3,52.1
Quebec,10/17/2021,47.2,58.9,60.2,48.1
Quebec,10/18/2021,44.2,53.8,55,44
Quebec,10/19/2021,40.7,52.4,55.8,40.1
Quebec,10/20/2021,35.4,61.2,54.9,40.5
Quebec,10/21/2021,45.5,51.1,55.9,39.1
Quebec,10/22/2021,36.4,55.6,51.4,38.6
Quebec,10/23/2021,33.8,47.5,52.3,34.2
Quebec,10/24/2021,32.5,53.8,49.3,32.8
Quebec,10/25/2021,32.1,46.5,51.4,35.8
Quebec,10/26/2021,42.7,53.9,52.1,38
Quebec,10/27/2021,39.1,55.9,53.7,38.9
Quebec,10/28/2021,35,51.4,54,35.6
Quebec,10/29/2021,32.8,54.8,52.9,34.4
Quebec,10/30/2021,35.5,52.6,53,37.9
Quebec,10/31/2021,45.4,51.5,51.8,39.8
Quebec,11/1/2021,38.6,51.2,50.1,38
Quebec,11/2/2021,30.1,47.6,47.8,31.9
Quebec,11/3/2021,27,44.8,45.3,27.2
Quebec,11/4/2021,24.6,43.7,45.1,26.3
Quebec,11/5/2021,27.3,46.8,47.3,27.1
Quebec,11/6/2021,29.2,51.5,50.7,27.8
Quebec,11/7/2021,26.9,53.8,54.1,31.9
Quebec,11/8/2021,39.6,57.2,57,34.6
Quebec,11/9/2021,37.3,59.9,57.1,35.1
Quebec,11/10/2021,28.5,54.3,52.7,30.6
Quebec,11/11/2021,25.9,44,48.8,30.1
Quebec,11/12/2021,36.1,48,45.2,31.4
Quebec,11/13/2021,32.2,43.6,45,33.6
Quebec,11/14/2021,32.7,43.3,42.2,32.5
Quebec,11/15/2021,32.6,39.6,40.3,29.6
Quebec,11/16/2021,23.6,37.9,37.3,25.5
Quebec,11/17/2021,20.3,34.5,38.4,25.9
Quebec,11/18/2021,33.8,42.8,39,27.1
Quebec,11/19/2021,27.3,39.6,40.6,28
Quebec,11/20/2021,22.9,39.3,39.8,27.4
Quebec,11/21/2021,32.1,40.4,41.4,26.5
Quebec,11/22/2021,24.4,44.4,37.8,24.5
Quebec,11/23/2021,17,28.4,35.8,18.5
Quebec,11/24/2021,14.2,34.4,32.1,17.8
Quebec,11/25/2021,22.2,33.5,33.8,21.8
Quebec,11/26/2021,29,33.4,32,23
Quebec,11/27/2021,17.7,29.1,30.2,20
Quebec,11/28/2021,13.3,28.1,28.4,14.2
Quebec,11/29/2021,11.7,28,29,13.2
Quebec,11/30/2021,14.6,31,30.5,15.4
Quebec,12/1/2021,19.9,32.4,34.8,19.2
Quebec,12/2/2021,23.1,40.9,36,19.3
Quebec,12/3/2021,15,34.7,32,14.9
Quebec,12/4/2021,6.7,20.5,26.6,8.6
Quebec,12/5/2021,4.1,24.7,29.5,10.4
Quebec,12/6/2021,20.3,43.4,34.6,10.5
Quebec,12/7/2021,7.2,35.7,30.8,10.7
Quebec,12/8/2021,4.6,13.1,22.8,6.5
Quebec,12/9/2021,7.6,19.6,18.8,6.9
Quebec,12/10/2021,8.6,23.5,30.5,12.9
Quebec,12/11/2021,22.4,48.5,37.7,20.9
Quebec,12/12/2021,31.8,41.1,44.7,29.9
Quebec,12/13/2021,35.4,44.5,40.7,28
Quebec,12/14/2021,16.9,36.6,36.5,22.9
Quebec,12/15/2021,16.5,28.4,40.5,20.5
Quebec,12/16/2021,28.1,56.5,45.6,23.9
Quebec,12/17/2021,27.2,51.9,45.5,24.7
Quebec,12/18/2021,18.7,28.1,34.4,15.5
Quebec,12/19/2021,0.5,23.2,26.9,5.4
Quebec,12/20/2021,-2.8,29.2,28.3,4.4
Quebec,12/21/2021,15.6,32.4,30.2,9
Quebec,12/22/2021,14.2,28.9,25.9,8.9
Quebec,12/23/2021,-3.3,16.4,21,1.6
Quebec,12/24/2021,-6.2,17.6,18.4,-1
Quebec,12/25/2021,6.4,21.2,22.6,5.9
Quebec,12/26/2021,17.4,29,23.9,10.4
Quebec,12/27/2021,7.4,21.5,25,12
Quebec,12/28/2021,11.2,24.5,23.3,9.1
Quebec,12/29/2021,8.7,23.9,25,11.9
Quebec,12/30/2021,15.6,26.7,26.9,13.2
Quebec,12/31/2021,15.4,30.3,30.1,17.9
Quebec,1/1/2022,22.6,33.2,28.8,12.4
Quebec,1/2/2022,-0.7,22.8,21.1,3.5
Quebec,1/3/2022,-11.5,7.2,17.8,-6.1
Quebec,1/4/2022,-6.1,23.3,19.3,-0.7
Quebec,1/5/2022,15.6,27.3,27.3,7.7
Quebec,1/6/2022,13.8,31.4,26.1,11.3
Quebec,1/7/2022,4.4,19.6,20.2,3.5
Quebec,1/8/2022,-7.7,9.6,21.3,1.4
Quebec,1/9/2022,7.6,34.7,19.9,-3.1
Quebec,1/10/2022,-9.2,15.3,14.7,-7
Quebec,1/11/2022,-19.5,-5.9,6.9,-12.2
Quebec,1/12/2022,-7.9,11.2,7.7,-6.7
Quebec,1/13/2022,7.3,17.7,15.5,-4.6
Quebec,1/14/2022,-13.2,17.7,11,-7.9
Quebec,1/15/2022,-17.8,-2.6,6.7,-16.7
Quebec,1/16/2022,-19.1,4.9,8.9,-12.8
Quebec,1/17/2022,-1.6,24.4,16.5,-11
Quebec,1/18/2022,-12.4,20.2,19.7,-9.2
Quebec,1/19/2022,-13.7,14.5,16.5,-14.8
Quebec,1/20/2022,-18.3,15,9.3,-19.3
Quebec,1/21/2022,-25.8,-1.6,5.1,-23.8
Quebec,1/22/2022,-27.2,2,6.1,-22.8
Quebec,1/23/2022,-15.5,17.9,8.1,-22.8
Quebec,1/24/2022,-25.8,4.4,12.4,-16.6
Quebec,1/25/2022,-8.4,14.9,6.6,-18.5
Quebec,1/26/2022,-21.2,0.4,10.6,-17.9
Quebec,1/27/2022,-24,16.3,11.2,-22.4
Quebec,1/28/2022,-21.8,17,14.2,-23.2
Quebec,1/29/2022,-23.7,9.1,14.1,-18
Quebec,1/30/2022,-8.4,16.1,11.8,-14
Quebec,1/31/2022,-10,10.2,18.3,-7.9
Quebec,2/1/2022,-5.3,28.6,25.1,4.3
Quebec,2/2/2022,28.2,36.7,32.9,10.8
Quebec,2/3/2022,9.4,33.3,26.9,13.8
Quebec,2/4/2022,3.9,10.6,18.9,1.7
Quebec,2/5/2022,-8.3,12.9,11.7,-6.6
Quebec,2/6/2022,-15.5,11.7,17.1,-5.4
Quebec,2/7/2022,7.6,26.8,22.9,3.1
Quebec,2/8/2022,17.1,30.2,29.8,13.7
Quebec,2/9/2022,16.5,32.4,33.9,19.2
Quebec,2/10/2022,24,39,36.7,22.6
Quebec,2/11/2022,27.3,38.6,38.2,16.6
Quebec,2/12/2022,-1.5,37,26.9,4.9
Quebec,2/13/2022,-11,5.1,17.4,-6.4
Quebec,2/14/2022,-6.8,10,10.3,-7.7
Quebec,2/15/2022,-5.4,15.9,21.7,-6.6
Quebec,2/16/2022,-7.6,39.2,32,2.8
Quebec,2/17/2022,21.4,41,33.9,2.1
Quebec,2/18/2022,-7.5,21.6,28.6,2.1
Quebec,2/19/2022,-7.7,23.1,24.5,-6.9
Quebec,2/20/2022,-5.6,28.9,28.6,-0.5
Quebec,2/21/2022,11.7,33.6,29.3,5.7
Quebec,2/22/2022,11,25.5,30.6,8.8
Quebec,2/23/2022,3.8,32.6,24,2.3
Quebec,2/24/2022,-8,13.9,18.1,-5
Quebec,2/25/2022,-10.7,7.8,15.3,-13.3
Quebec,2/26/2022,-21.1,24.1,20.3,-9.3
Quebec,2/27/2022,3.8,29.1,21.5,-8.6
Quebec,2/28/2022,-8.6,11.2,19.1,-4.5
Quebec,3/1/2022,-8.7,16.8,17.6,-5.5
Quebec,3/2/2022,0.8,24.8,19.2,-4.4
Quebec,3/3/2022,-5.4,15.9,21.2,-4.3
Quebec,3/4/2022,-8.4,23,22.6,-6.4
Quebec,3/5/2022,-5.5,28.9,31.2,2.9
Quebec,3/6/2022,22.8,41.7,36,15.2
Quebec,3/7/2022,28.4,37.3,36.2,21.3
Quebec,3/8/2022,12.7,29.5,34.6,19
Quebec,3/9/2022,15.8,36.9,33.9,16.8
Quebec,3/10/2022,21.8,35.3,34.5,20
Quebec,3/11/2022,22.3,31.1,32,21
Quebec,3/12/2022,19,29.5,27.7,17.4
Quebec,3/13/2022,10.9,22.5,30.1,16.6
Quebec,3/14/2022,19.8,38.3,31.1,16.7
Quebec,3/15/2022,19.3,32.6,37.3,18.6
Quebec,3/16/2022,16.7,41,42.9,22.2
Quebec,3/17/2022,30.5,55,47.5,25.7
Quebec,3/18/2022,29.9,46.7,46.9,30.6
Quebec,3/19/2022,31.6,39.1,41.5,30.7
Quebec,3/20/2022,30.8,38.8,39.4,29.6
Quebec,3/21/2022,26.4,40.1,38.8,26.4
Quebec,3/22/2022,21.9,37.3,38.5,22.8
Quebec,3/23/2022,20.1,38,37.9,24.5
Quebec,3/24/2022,31.4,38.3,38.5,27.6
Quebec,3/25/2022,31.3,39.2,40.1,31.6
Quebec,3/26/2022,32.1,42.9,39,26.1
Quebec,3/27/2022,14.8,34.8,32.6,18.6
Quebec,3/28/2022,8.7,20.1,27.8,13.3
Quebec,3/29/2022,16.4,28.7,28.6,12.9
Quebec,3/30/2022,13.7,37,34.8,20.2
Quebec,3/31/2022,30.6,38.8,39.8,25
Quebec,4/1/2022,30.7,43.6,42.2,29
Quebec,4/2/2022,25.6,44.2,42.7,28.1
Quebec,4/3/2022,28,40.4,45.1,26.9
Quebec,4/4/2022,27.1,50.8,47.6,26.6
Quebec,4/5/2022,24.7,51.6,51.6,27
Quebec,4/6/2022,29.2,52.4,49.3,28.9
Quebec,4/7/2022,32.7,43.9,46.3,30.9
Quebec,4/8/2022,30.9,42.8,43.9,31.6
Quebec,4/9/2022,31.1,45,45.4,31.2
Quebec,4/10/2022,31.6,48.4,48.8,30.4
Quebec,4/11/2022,28.6,53.1,54.2,32.9
Quebec,4/12/2022,38.6,61.1,55,34.5
Quebec,4/13/2022,36.3,50.8,52.9,38
Quebec,4/14/2022,39.2,46.9,51.8,36
Quebec,4/15/2022,32.4,57.7,50.8,34.2
Quebec,4/16/2022,30.9,47.8,50,30.5
Quebec,4/17/2022,28.3,44.6,47.1,28.7
Quebec,4/18/2022,26.9,48.8,44.4,29.1
Quebec,4/19/2022,32.2,39.9,44.7,30.1
Quebec,4/20/2022,31.2,45.4,46,31.2
Quebec,4/21/2022,30.3,52.6,50.3,31.1
Quebec,4/22/2022,31.9,53,51.1,29.5
Quebec,4/23/2022,26.2,47.5,50.9,30.7
Quebec,4/24/2022,33.9,52,54.7,33.1
Quebec,4/25/2022,39.3,64.5,59,39.5
Quebec,4/26/2022,45.3,60.6,57.4,39.9
Quebec,4/27/2022,35.2,47.1,52.5,38.1
Quebec,4/28/2022,34,49.7,50.6,33.1
Quebec,4/29/2022,30.1,54.9,55,33.3
Quebec,4/30/2022,35.8,60.2,60.4,33.5
Quebec,5/1/2022,34.7,66,64.1,37.1
Quebec,5/2/2022,40.7,66.2,65.7,40.7
Quebec,5/3/2022,46.7,64.9,64,43.8
Quebec,5/4/2022,43.9,60.8,62.3,42
Quebec,5/5/2022,35.4,61.4,59,39
Quebec,5/6/2022,37.7,55,57.7,35.4
Quebec,5/7/2022,33,56.8,58.7,35.3
Quebec,5/8/2022,35.1,64.2,64.6,35.9
Quebec,5/9/2022,39.5,72.8,71.8,39.1
Quebec,5/10/2022,42.8,78.3,78.2,41.2
Quebec,5/11/2022,41.4,83.4,82.6,44.3
Quebec,5/12/2022,48.8,86,86.5,47.7
Quebec,5/13/2022,53,90,87.9,54
Quebec,5/14/2022,60.1,87.8,82.1,56.5
Quebec,5/15/2022,56.4,68.6,76.6,56.9
Quebec,5/16/2022,54.1,73.2,67.6,52.1
Quebec,5/17/2022,45.7,61,66,46.6
Quebec,5/18/2022,40,63.7,61.5,41.6
Quebec,5/19/2022,39.1,59.6,66.8,41.5
Quebec,5/20/2022,45.6,77.1,75.1,48.1
Quebec,5/21/2022,59.5,88.6,80.8,50.7
Quebec,5/22/2022,47.1,76.9,75.4,48.8
Quebec,5/23/2022,39.6,60.7,67.6,41.7
Quebec,5/24/2022,38.3,65.3,66.4,38.8
Quebec,5/25/2022,38.5,73.2,69.5,43.4
Quebec,5/26/2022,53.2,70,70.2,50.3
Quebec,5/27/2022,59.1,67.6,69.2,55.4
Quebec,5/28/2022,54,70,72.2,54.3
Quebec,5/29/2022,49.9,79.2,76.5,53.3
Quebec,5/30/2022,56.1,80.2,75,52.4
Quebec,5/31/2022,51.3,65.7,70.3,52.7
Quebec,6/1/2022,50.7,65.1,67.7,50.6
Quebec,6/2/2022,49.9,72.3,70.7,51.6
Quebec,6/3/2022,54.2,74.7,73.2,50.9
Quebec,6/4/2022,48.5,72.7,71.8,49.7
Quebec,6/5/2022,46.3,68,71.7,47.2
Quebec,6/6/2022,46.7,74.5,72.9,50.2
Quebec,6/7/2022,57.7,76.2,74.3,52
Quebec,6/8/2022,51.7,72.2,70,53.5
Quebec,6/9/2022,51.1,61.8,67.8,52.2
Quebec,6/10/2022,53.7,69.4,68.7,52.3
Quebec,6/11/2022,52.2,75,73.9,52.2
Quebec,6/12/2022,50.7,77.2,75.3,51.7
Quebec,6/13/2022,52.2,73.8,76.7,51
Quebec,6/14/2022,50.3,79,76.9,52.3
Quebec,6/15/2022,54.5,78,77.6,55.7
Quebec,6/16/2022,62.4,75.7,77.8,54.9
Quebec,6/17/2022,47.8,79.5,71.8,52.8
Quebec,6/18/2022,48.1,60.1,70.4,47.6
Quebec,6/19/2022,46.9,71.5,69.6,46.7
Quebec,6/20/2022,44.9,77.1,71.7,48.3
Quebec,6/21/2022,53,66.6,73,51.8
Quebec,6/22/2022,57.5,75.3,69.2,56.5
Quebec,6/23/2022,59.1,65.8,74.2,58.5
Quebec,6/24/2022,59,81.5,76.9,59
Quebec,6/25/2022,58.9,83.3,84.9,59.6
Quebec,6/26/2022,61,89.9,83.5,59.4
Quebec,6/27/2022,58.2,77.4,81.2,58.6
Quebec,6/28/2022,56.6,76.3,77.6,56.5
Quebec,6/29/2022,54.6,79.2,76.2,54.2
Quebec,6/30/2022,51.5,73,77.7,56.3
Quebec,7/1/2022,62.8,81,78.1,56.7
Quebec,7/2/2022,55.9,80.3,79.6,57.1
Quebec,7/3/2022,52.6,77.6,78.7,53.6
Quebec,7/4/2022,52.1,78.1,75,53
Quebec,7/5/2022,54.3,69.2,74.2,52.9
Quebec,7/6/2022,52.3,75.4,74.1,51.8
Quebec,7/7/2022,48.9,77.5,77.1,51.6
Quebec,7/8/2022,53.7,78.4,76.9,50
Quebec,7/9/2022,47.3,74.6,78.2,49.2
Quebec,7/10/2022,46.7,81.7,79.4,52
Quebec,7/11/2022,62,82,81.1,56.3
Quebec,7/12/2022,60.3,79.7,80.4,60
Quebec,7/13/2022,57.7,79.6,77.6,57.4
Quebec,7/14/2022,54.1,73.4,78.3,54.6
Quebec,7/15/2022,51.9,81.9,79.8,54.7
Quebec,7/16/2022,58.2,84.1,84.5,55.8
Quebec,7/17/2022,57.2,87.4,84.5,58.4
Quebec,7/18/2022,59.9,82,84.7,60.2
Quebec,7/19/2022,63.4,84.7,84.3,61.3
Quebec,7/20/2022,60.7,86.3,85.4,64.8
Quebec,7/21/2022,70.3,85.1,85.4,65.9
Quebec,7/22/2022,66.7,84.8,85.9,67.2
Quebec,7/23/2022,64.6,87.8,85.8,66.1
Quebec,7/24/2022,67,84.9,84.5,63.2
Quebec,7/25/2022,58,80.7,80.9,60.6
Quebec,7/26/2022,56.9,77.1,80,57.3
Quebec,7/27/2022,57,82.1,81.3,57.5
Quebec,7/28/2022,58.6,84.6,81.7,59
Quebec,7/29/2022,61.5,78.4,79,59.7
Quebec,7/30/2022,58.9,73.8,78,59.8
Quebec,7/31/2022,59.1,81.7,80.5,60.9
Quebec,8/1/2022,64.8,85.9,82.8,59.3
Quebec,8/2/2022,53.8,80.6,82.1,56
Quebec,8/3/2022,49.3,79.6,80,57.5
Quebec,8/4/2022,69.5,79.7,79.4,58.4
Quebec,8/5/2022,56.5,78.9,82.7,60.3
Quebec,8/6/2022,54.9,89.5,86,57.1
Quebec,8/7/2022,59.9,89.6,80.8,56.9
Quebec,8/8/2022,56,63.5,73.7,57.6
Quebec,8/9/2022,56.8,68,69.2,57.3
Quebec,8/10/2022,59.1,76.3,73.6,56.6
Quebec,8/11/2022,53.8,76.7,74.2,55.3
Quebec,8/12/2022,53,69.6,74.4,52.5
Quebec,8/13/2022,50.8,77,75.5,51.3
Quebec,8/14/2022,50.1,79.9,79.4,51
Quebec,8/15/2022,52.1,81.4,81.3,52.6
Quebec,8/16/2022,55.6,82.5,81.2,55.7
Quebec,8/17/2022,59.5,79.9,77.7,58.9
Quebec,8/18/2022,61.7,70.7,78.8,59.4
Quebec,8/19/2022,57.1,85.9,81.2,59
Quebec,8/20/2022,58.1,87.1,86,58.8
Quebec,8/21/2022,61.1,85,83.8,61.8
Quebec,8/22/2022,66.2,79.3,79.9,64.2
Quebec,8/23/2022,65.2,75.4,79.1,64.3
Quebec,8/24/2022,61.4,82.5,77.1,61.9
Quebec,8/25/2022,59.2,73.3,73.4,59.2
Quebec,8/26/2022,57.1,64.5,69.6,55.9
Quebec,8/27/2022,51.4,71,71.6,52.4
Quebec,8/28/2022,48.5,79.2,78.5,52.6
Quebec,8/29/2022,57.9,85.3,83.2,57.2
Quebec,8/30/2022,65.4,85.1,81.4,59.9
Quebec,8/31/2022,56.6,73.8,74,56.1
Quebec,9/1/2022,46.3,63.1,70.6,48.7
Quebec,9/2/2022,43.1,75,73.4,47.8
Quebec,9/3/2022,53.8,82.2,74.8,48.5
Quebec,9/4/2022,48.5,67.3,73,49.7
Quebec,9/5/2022,46.8,69.7,69.7,48.1
Quebec,9/6/2022,48.9,72.1,73,49.1
Quebec,9/7/2022,51.7,77.1,76.7,51.3
Quebec,9/8/2022,53.3,81,79.6,53.3
Quebec,9/9/2022,54.8,80.8,81.8,54.5
Quebec,9/10/2022,55.4,83.6,82.5,55.4
Quebec,9/11/2022,56.1,82.9,82.6,57.6
Quebec,9/12/2022,61.2,81.2,78.6,59.3
Quebec,9/13/2022,60.8,71.7,75,56.5
Quebec,9/14/2022,47.5,72.1,69.3,51.1
Quebec,9/15/2022,44.9,64.1,66.7,45.6
Quebec,9/16/2022,44.5,63.9,64.7,42.9
Quebec,9/17/2022,39.2,66.1,62.8,44
Quebec,9/18/2022,48.2,58.3,60.3,44.2
Quebec,9/19/2022,45.2,56.4,57.5,47.8
Quebec,9/20/2022,50.1,57.6,58.7,48.6
Quebec,9/21/2022,50.5,62.1,61.8,49.2
Quebec,9/22/2022,47.1,65.7,61.4,45.5
Quebec,9/23/2022,38.9,56.3,63.1,41.8
Quebec,9/24/2022,39.3,67.3,62.9,40.9
Quebec,9/25/2022,44.5,65.1,65.4,45
Quebec,9/26/2022,51.2,63.8,62.9,48.6
Quebec,9/27/2022,50.1,59.9,62.4,49
Quebec,9/28/2022,45.7,63.4,60.3,44.5
Quebec,9/29/2022,37.8,57.6,62,39.4
Quebec,9/30/2022,34.7,65.1,61.3,37.4
Quebec,10/1/2022,39.8,61.2,60.1,35.5
Quebec,10/2/2022,32.2,54.2,58.4,34
Quebec,10/3/2022,30.2,59.8,59.9,31
Quebec,10/4/2022,30.7,65.6,64.7,32
Quebec,10/5/2022,35.2,68.8,69,37.1
Quebec,10/6/2022,45.3,72.6,67.7,38.7
Quebec,10/7/2022,35.6,61.6,60.7,37.2
Quebec,10/8/2022,30.7,47.8,54.7,32.3
Quebec,10/9/2022,30.6,54.9,51.7,30.2
Quebec,10/10/2022,29.4,52.4,56,29.4
Quebec,10/11/2022,28,60.6,60.2,30.9
Quebec,10/12/2022,35.4,67.5,64.4,38
Quebec,10/13/2022,50.7,65.1,64.2,42.1
Quebec,10/14/2022,40.4,60,62.6,43.4
Quebec,10/15/2022,39.3,62.8,60.4,38
Quebec,10/16/2022,34.4,58.4,61,37.7
Quebec,10/17/2022,39.5,61.7,58.3,37.6
Quebec,10/18/2022,38.8,54.8,56.5,37.5
Quebec,10/19/2022,34.3,52.9,51.7,37.6
Quebec,10/20/2022,39.7,47.5,52.4,36.3
Quebec,10/21/2022,35.1,56.7,57.2,38.1
Quebec,10/22/2022,39.6,67.4,64.7,37.5
Quebec,10/23/2022,37.7,69.9,68.2,40.3
Quebec,10/24/2022,43.6,67.3,70,43.7
Quebec,10/25/2022,49.7,72.7,71.4,48.6
Quebec,10/26/2022,52.6,74.2,68.7,44.7
Quebec,10/27/2022,31.7,59.3,60.9,37.4
Quebec,10/28/2022,28,49.3,55.6,28.8
Quebec,10/29/2022,26.7,58.1,56.1,29.4
Quebec,10/30/2022,33.4,60.9,59.4,31.3
Quebec,10/31/2022,33.7,59.1,59.8,36.3
Quebec,11/1/2022,41.6,59.2,58.4,35.9
Quebec,11/2/2022,32.5,56.7,59.7,34.7
Quebec,11/3/2022,29.9,63,62.4,34.1
Quebec,11/4/2022,40.1,67.6,68.3,40.6
Quebec,11/5/2022,51.8,74.2,70.2,50.2
Quebec,11/6/2022,58.8,68.8,67.6,50.5
Quebec,11/7/2022,40.9,59.8,57.6,43.1
Quebec,11/8/2022,29.6,44.3,49.5,31.2
Quebec,11/9/2022,23.2,44.5,48.9,31.2
Quebec,11/10/2022,40.9,58,53.5,35.3
Quebec,11/11/2022,41.7,58,56.4,41.2
Quebec,11/12/2022,41.1,53.1,51.2,36.8
Quebec,11/13/2022,27.6,42.7,44.1,31
Quebec,11/14/2022,24.4,36.4,37.4,25.3
Quebec,11/15/2022,24,33.2,33.6,25.6
Quebec,11/16/2022,28.4,31.2,31.6,23.7
Quebec,11/17/2022,18.6,30.4,28.9,19.9
Quebec,11/18/2022,12.6,25.1,29.3,15.6
Quebec,11/19/2022,15.5,32.3,28.7,13.4
Quebec,11/20/2022,12.1,28.8,32.4,11.6
Quebec,11/21/2022,7.2,36.1,31.8,12.4
Quebec,11/22/2022,17.8,30.5,34,15.8
Quebec,11/23/2022,22.5,35.6,32.3,19.5
Quebec,11/24/2022,18.1,30.9,34.9,21.8
Quebec,11/25/2022,24.6,38.1,37.3,25
Quebec,11/26/2022,32.2,43,42.2,30.1
Quebec,11/27/2022,33.5,45.5,42.2,30.2
Quebec,11/28/2022,25,38.2,38.1,27.5
Quebec,11/29/2022,23.9,30.7,38.2,25.6
Quebec,11/30/2022,28,45.8,37.5,25.9
Quebec,12/1/2022,25.7,35.9,40.1,25
Quebec,12/2/2022,21.4,38.6,40.8,25.6
Quebec,12/3/2022,29.6,47.9,39.6,23.7
Quebec,12/4/2022,20.1,32.2,40.5,26.9
Quebec,12/5/2022,30.8,41.5,39.9,28.7
Quebec,12/6/2022,35,45.9,45.1,34.7
Quebec,12/7/2022,38.3,47.8,44.4,32.1
Quebec,12/8/2022,23,39.6,38,24.4
Quebec,12/9/2022,12,26.7,29.7,14.6
Quebec,12/10/2022,8.8,22.9,24.2,11.3
Quebec,12/11/2022,13.3,23.2,24.3,10.8
Quebec,12/12/2022,10.3,26.8,28,11.9
Quebec,12/13/2022,12.2,34.2,33.2,11.6
Quebec,12/14/2022,12.4,38.8,37.7,19.1
Quebec,12/15/2022,32.6,40.1,37.6,24.9
Quebec,12/16/2022,29.8,33.9,35.4,29.9
Quebec,12/17/2022,27.4,32.2,32.4,26.3
Quebec,12/18/2022,21.9,31,31.8,23.1
Quebec,12/19/2022,20.2,32.2,31.5,19.3
Quebec,12/20/2022,16,31.2,32.1,15
Quebec,12/21/2022,9,32.8,29.7,10.4
Quebec,12/22/2022,6.2,25,31.9,10.2
Quebec,12/23/2022,15.4,37.9,27.6,11.9
Quebec,12/24/2022,14.1,19.9,26.8,13.7
Quebec,12/25/2022,11.6,22.6,22,11.3
Quebec,12/26/2022,8.1,23.6,22.6,10.3
Quebec,12/27/2022,11,21.4,24.6,10.7
Quebec,12/28/2022,12.9,28.8,29.1,16.2
Quebec,12/29/2022,24.6,37,35.8,23.6
Quebec,12/30/2022,33.3,41.7,41.1,31.1
Quebec,12/31/2022,35.3,44.6,41.8,32.9
Quebec,1/1/2023,30.2,39,39.7,31.7
Quebec,1/2/2023,29.6,35.6,37.4,30.5
Quebec,1/3/2023,31.8,37.7,36.7,27.3
Quebec,1/4/2023,20.4,36.7,32.9,23.9
Quebec,1/5/2023,19.6,24.4,30.8,20.9
Quebec,1/6/2023,22.8,31.4,28.6,19.6
Quebec,1/7/2023,16.4,30,28,15.6
Quebec,1/8/2023,7.5,22.6,27.4,15.3
Quebec,1/9/2023,22,29.7,26,10.1
Quebec,1/10/2023,0.9,25.7,23.4,5.8
Quebec,1/11/2023,-5.3,14.8,22.1,1.8
Quebec,1/12/2023,9.9,25.7,23.4,8.6
Quebec,1/13/2023,21.3,29.5,26.3,11.9
Quebec,1/14/2023,4.4,23.5,25.2,8.6
Quebec,1/15/2023,0.2,22.4,23.9,0.3
Quebec,1/16/2023,-3.6,25.7,25.3,1.2
Quebec,1/17/2023,7,27.7,30.6,8.4
Quebec,1/18/2023,21.7,38.5,32.7,16.2
Quebec,1/19/2023,20,31.8,32.8,20.8
Quebec,1/20/2023,20.8,28.1,28.6,19.9
Quebec,1/21/2023,18.8,25.9,28.1,20.6
Quebec,1/22/2023,22.3,30.2,29.3,22.2
Quebec,1/23/2023,25.5,31.7,32.5,19.3
Quebec,1/24/2023,10.1,35.5,28.5,12.2
Quebec,1/25/2023,1.1,18.4,26.4,8.9
Quebec,1/26/2023,15.5,25.3,21.1,6
Quebec,1/27/2023,1.5,19.5,26.8,7.6
Quebec,1/28/2023,5.8,35.6,25.3,2.9
Quebec,1/29/2023,1.5,20.7,23.2,1
Quebec,1/30/2023,-4.2,13.3,15.6,-4.9
Quebec,1/31/2023,-12.1,12.7,14.1,-11.7
Quebec,2/1/2023,-19,16.1,19.3,-8.4
Quebec,2/2/2023,5.8,28.9,16.9,-11.1
Quebec,2/3/2023,-20,5.7,10.1,-12.4
Quebec,2/4/2023,-23.1,-4.4,5.9,-16.2
Quebec,2/5/2023,-5.4,16.4,11.6,-10.8
Quebec,2/6/2023,-3.8,22.8,23.2,-4.9
Quebec,2/7/2023,-5.6,30.4,30.5,4.7
Quebec,2/8/2023,23.4,38.2,33.1,10.1
Quebec,2/9/2023,12.4,30.6,35.1,19.8
Quebec,2/10/2023,23.4,36.7,32.6,15.7
Quebec,2/11/2023,11.2,30.6,33.7,17.7
Quebec,2/12/2023,18.4,33.8,33.6,17.2
Quebec,2/13/2023,22,36.5,37,21.5
Quebec,2/14/2023,24.1,40.8,40.4,22.2
Quebec,2/15/2023,20.6,43.9,42.7,22.5
Quebec,2/16/2023,22.8,43.3,36.9,14.6
Quebec,2/17/2023,0.3,23.3,32.3,5.6
Quebec,2/18/2023,-6.3,30.2,31,1.1
Quebec,2/19/2023,9.3,39.6,36.8,3.9
Quebec,2/20/2023,8.6,40.7,33.2,5.5
Quebec,2/21/2023,-1.4,19.4,27.1,3.9
Quebec,2/22/2023,4.4,21.3,17.4,2.4
Quebec,2/23/2023,4.1,11.5,15.5,0
Quebec,2/24/2023,-8.7,13.7,11.7,-7.5
Quebec,2/25/2023,-17.9,9.8,13.3,-11.2
Quebec,2/26/2023,-6.9,16.3,15.2,-10.7
Quebec,2/27/2023,-7.3,19.4,22.5,0.5
Quebec,2/28/2023,15.6,31.8,28.8,8.3
Quebec,3/1/2023,16.5,35.1,33.8,17.5
Quebec,3/2/2023,20.4,34.6,30.5,12.6
Quebec,3/3/2023,0.9,21.9,28.7,11.5
Quebec,3/4/2023,13.3,29.4,30.5,10.7
Quebec,3/5/2023,18,40.1,36.4,18.6
Quebec,3/6/2023,24.5,39.6,36.5,21
Quebec,3/7/2023,20.6,29.7,34.9,22.9
Quebec,3/8/2023,23.6,35.5,33.6,21.2
Quebec,3/9/2023,19.5,35.5,33.5,19.8
Quebec,3/10/2023,16.2,29.6,34.5,17.9
Quebec,3/11/2023,17.9,38.5,35.1,16.3
Quebec,3/12/2023,14.9,37.3,38.3,18.6
Quebec,3/13/2023,23.1,39,38.5,23.3
Quebec,3/14/2023,31.9,39.2,40.6,27.4
Quebec,3/15/2023,27.3,43.7,40.6,29.2
Quebec,3/16/2023,28.5,38.7,41.3,28.8
Quebec,3/17/2023,30.6,41.3,39.6,28.6
Quebec,3/18/2023,26.7,38.6,35.8,24
Quebec,3/19/2023,14.7,27.5,34.8,18.1
Quebec,3/20/2023,12.9,38.3,35,16.1
Quebec,3/21/2023,20.8,39.1,36,16.7
Quebec,3/22/2023,16.4,30.7,34.7,21.8
Quebec,3/23/2023,28.2,34.4,35.1,22
Quebec,3/24/2023,21.4,40.3,36.9,23.1
Quebec,3/25/2023,19.6,36,38,24.3
Quebec,3/26/2023,31.8,37.9,38.8,26.1
Quebec,3/27/2023,27,42.6,39.4,27.3
Quebec,3/28/2023,23,37.6,42.1,23
Quebec,3/29/2023,18.9,46.2,38.8,19.1
Quebec,3/30/2023,15.3,32.8,39.3,16.8
Quebec,3/31/2023,16.1,39,38.7,21
Quebec,4/1/2023,31.6,44.4,39.3,21.2
Quebec,4/2/2023,15.9,34.3,40.2,22.6
Quebec,4/3/2023,20.2,41.8,40.1,19.3
Quebec,4/4/2023,21.8,44.2,39.4,21.7
Quebec,4/5/2023,23.2,32.2,40.5,25.2
Quebec,4/6/2023,30.5,45.1,38.4,25.3
Quebec,4/7/2023,22.1,38,41.5,23.3
Quebec,4/8/2023,17.5,41.3,42.8,20.1
Quebec,4/9/2023,20.8,49.3,50.8,23.1
Quebec,4/10/2023,31,61.7,57.5,31.5
Quebec,4/11/2023,42.6,61.5,60.2,38.3
Quebec,4/12/2023,41.2,57.3,65,40.3
Quebec,4/13/2023,37,76.2,65.4,41.1
Quebec,4/14/2023,45.2,62.5,69.3,40.9
Quebec,4/15/2023,40.6,69,66.9,42.1
Quebec,4/16/2023,40.7,69.2,63.1,41.7
Quebec,4/17/2023,43.8,50.9,57.2,41.1
Quebec,4/18/2023,38.8,51.5,50.2,39.1
Quebec,4/19/2023,34.6,48,49,35.1
Quebec,4/20/2023,32,47.5,50.5,33.6
Quebec,4/21/2023,34.1,55.9,57.1,36.5
Quebec,4/22/2023,43.5,67.9,59.6,40.2
Quebec,4/23/2023,43.1,55,57.5,42.2
Quebec,4/24/2023,39.9,49.7,52.6,40.5
Quebec,4/25/2023,38.4,53,51.8,36.7
Quebec,4/26/2023,31.9,52.8,54.2,33.4
Quebec,4/27/2023,29.8,56.7,58.3,31.8
Quebec,4/28/2023,33.6,65.4,62.2,35.7
Quebec,4/29/2023,43.8,64.6,62.9,40.5
Quebec,4/30/2023,44.2,58.8,58.4,43.4
Quebec,5/1/2023,42.1,51.8,55.2,42.2
Quebec,5/2/2023,40.3,55,51.9,41.6
Quebec,5/3/2023,42.3,48.9,53.1,41.1
Quebec,5/4/2023,40.7,55.3,56.5,41.2
Quebec,5/5/2023,40.5,65.1,65.1,41.2
Quebec,5/6/2023,42.5,74.8,70.7,43.1
Quebec,5/7/2023,46.4,72.1,68.8,42.5
Quebec,5/8/2023,38.6,59.6,64.2,40.1
Quebec,5/9/2023,35.2,60.7,64.9,36.2
Quebec,5/10/2023,35,74.5,71.3,38.3
Quebec,5/11/2023,44.9,78.8,76.6,44.4
Quebec,5/12/2023,53.5,76.5,73.1,46.6
Quebec,5/13/2023,41.3,63.9,68.1,44
Quebec,5/14/2023,37.2,63.9,65.5,40.3
Quebec,5/15/2023,42.3,68.8,63.4,38.9
Quebec,5/16/2023,37.2,57.5,58.1,37
Quebec,5/17/2023,31.6,48,55,32.2
Quebec,5/18/2023,27.7,59.5,60.4,32.2
Quebec,5/19/2023,37.2,73.8,67.7,40.5
Quebec,5/20/2023,56.5,69.8,70.9,45.4
Quebec,5/21/2023,42.3,69.1,66,45.1
Quebec,5/22/2023,36.4,59.1,67.3,37.5
Quebec,5/23/2023,33.7,73.6,63.8,37.9
Quebec,5/24/2023,43.6,58.7,65.7,39.2
Quebec,5/25/2023,40.3,64.8,65.2,40.9
Quebec,5/26/2023,38.8,72,72.8,42.9
Quebec,5/27/2023,49.5,81.4,80.6,47.7
Quebec,5/28/2023,54.8,88.3,80.3,50.3
Quebec,5/29/2023,46.6,71.2,80.8,48.5
Quebec,5/30/2023,44.1,82.9,81.6,47.5
Quebec,5/31/2023,51.8,90.6,89.9,52
Quebec,6/1/2023,60.1,96.1,90.5,54.9
Quebec,6/2/2023,52.9,84.7,83,52.8
Quebec,6/3/2023,45.6,68.2,74,46
Quebec,6/4/2023,39.5,69,69.5,42.7
Quebec,6/5/2023,42.9,71.2,69,44.1
Quebec,6/6/2023,49.9,66.8,66.2,47.4
Quebec,6/7/2023,49.4,60.5,63.9,49.6
Quebec,6/8/2023,49.6,64.5,64,49.5
Quebec,6/9/2023,49.6,67.1,68.3,50.4
Quebec,6/10/2023,51.9,73.5,73.4,50.3
Quebec,6/11/2023,49.4,79.5,79.5,53.3
Quebec,6/12/2023,58.5,85.4,78.6,55.2
Quebec,6/13/2023,57.6,71,77.5,57.2
Quebec,6/14/2023,55.6,76.2,74.6,56.9
Quebec,6/15/2023,57.6,76.7,75.1,56.3
Quebec,6/16/2023,55.8,72.4,70.2,56.1
Quebec,6/17/2023,55,61.6,66.2,54.7
Quebec,6/18/2023,53.3,64.7,65.1,53.2
Quebec,6/19/2023,51.3,69.1,69.9,51.8
Quebec,6/20/2023,50.8,76,75.2,52.2
Quebec,6/21/2023,54.5,80.4,80.5,53
Quebec,6/22/2023,53.8,85,84.3,54.8
Quebec,6/23/2023,56.1,87.4,83.9,57.9
Quebec,6/24/2023,63.9,79.1,81.5,60.6
Quebec,6/25/2023,61.7,77.9,77.7,62.8
Quebec,6/26/2023,62.8,76,77.6,63.2
Quebec,6/27/2023,64.9,79,76.7,63.5
Quebec,6/28/2023,62.9,75.1,75.4,63.5
Quebec,6/29/2023,62.7,72.2,75.8,63.5
Quebec,6/30/2023,64.9,80.1,75.5,63.5
Quebec,7/1/2023,62.8,74.1,77.5,64.1
Quebec,7/2/2023,64.7,78.3,78.6,63.2
Quebec,7/3/2023,61.9,83.3,81.7,63.9
Quebec,7/4/2023,64.9,83.6,85.9,63.3
Quebec,7/5/2023,63.1,90.8,89,65.4
Quebec,7/6/2023,68,92.7,89.6,66.5
Quebec,7/7/2023,68.5,85.1,87.9,66.9
Quebec,7/8/2023,64.2,85.7,84.2,66.2
Quebec,7/9/2023,65.9,81.8,79.8,65.4
Quebec,7/10/2023,66,71.9,78.6,65.3
Quebec,7/11/2023,64,82.2,77.8,63.4
Quebec,7/12/2023,60.1,79.3,80.4,61.4
Quebec,7/13/2023,60.2,79.7,79.5,59.3
Quebec,7/14/2023,57.7,79.4,80.5,59.8
Quebec,7/15/2023,61.4,82.5,80.5,62.2
Quebec,7/16/2023,67.5,79.5,82.1,64.7
Quebec,7/17/2023,65.1,84.4,81.6,65.8
Quebec,7/18/2023,64.7,80.9,81.7,63.2
Quebec,7/19/2023,59.8,79.9,79.9,60.5
Quebec,7/20/2023,57,78.8,77.7,59.8
Quebec,7/21/2023,62.8,74.6,76,60.7
Quebec,7/22/2023,62.4,74.7,77.1,61
Quebec,7/23/2023,57.9,82.1,80.5,60.3
Quebec,7/24/2023,60.5,84.8,82.7,60.1
Quebec,7/25/2023,61.9,81.3,83.3,61.1
Quebec,7/26/2023,60.9,83.8,80.8,62
Quebec,7/27/2023,63.4,77.4,81.7,62.2
Quebec,7/28/2023,62.2,83.8,75.6,59.7
Quebec,7/29/2023,53.5,65.6,75.2,54.9
Quebec,7/30/2023,49.1,76,71.5,51.5
Quebec,7/31/2023,51.8,72.9,73.2,49.3
Quebec,8/1/2023,47.1,70.6,73.1,49.2
Quebec,8/2/2023,48.6,75.7,73.5,51.8
Quebec,8/3/2023,59.6,74.4,75.6,55.9
Quebec,8/4/2023,59.4,76.7,75.9,57.9
Quebec,8/5/2023,54.9,76.7,77.7,56.7
Quebec,8/6/2023,55.9,79.7,76.1,55.6
Quebec,8/7/2023,56.1,71.8,76.3,58.2
Quebec,8/8/2023,62.6,77.4,76.1,59.1
Quebec,8/9/2023,58.5,78.9,78.7,59.4
Quebec,8/10/2023,57,79.6,77.1,58
Quebec,8/11/2023,58.5,72.8,75.5,56.7
Quebec,8/12/2023,54.5,73.9,74.4,58.1
Quebec,8/13/2023,61.2,76.6,75.8,57.6
Quebec,8/14/2023,57.2,77,77,58.2
Quebec,8/15/2023,56.2,77.5,77.2,57.9
Quebec,8/16/2023,60.4,77.2,77.9,59.3
Quebec,8/17/2023,61.2,79.1,77.5,61.1
Quebec,8/18/2023,61.7,76.3,74.7,60.5
Quebec,8/19/2023,58.7,68.7,74.3,58.9
Quebec,8/20/2023,56.5,78,72.5,56.4
Quebec,8/21/2023,54,70.9,74.3,53.4
Quebec,8/22/2023,49.9,74.1,74.7,50.7
Quebec,8/23/2023,48.3,79.1,77,50.5
Quebec,8/24/2023,53.2,77.8,74.6,53.2
Quebec,8/25/2023,58,66.9,72.8,56.2
Quebec,8/26/2023,57.4,73.6,71.5,55.8
Quebec,8/27/2023,51.9,74.1,74.6,52.8
Quebec,8/28/2023,49.3,76.2,76,51.7
Quebec,8/29/2023,53.9,77.8,74.5,51.8
Quebec,8/30/2023,52.1,69.6,72.3,51.1
Quebec,8/31/2023,47.3,69.4,71.3,48.9
Quebec,9/1/2023,47.2,75,74,49.4
Quebec,9/2/2023,53.9,77.5,78.6,54.1
Quebec,9/3/2023,61.3,83.4,82.6,59.4
Quebec,9/4/2023,62.9,87,86.2,63.2
Quebec,9/5/2023,65.5,88.3,88.5,65.2
Quebec,9/6/2023,67.3,90.1,87.9,67.2
Quebec,9/7/2023,68.8,85.3,84.5,66.8
Quebec,9/8/2023,64.1,78.1,78.3,62.5
Quebec,9/9/2023,54.5,71.5,71.9,58.2
Quebec,9/10/2023,56.1,66.1,70.3,54.8
Quebec,9/11/2023,53.8,73.2,69.8,55.2
Quebec,9/12/2023,55.7,70,72.1,55.4
Quebec,9/13/2023,56.5,73,69.4,53.8
Quebec,9/14/2023,49.1,65.3,70.1,50.1
Quebec,9/15/2023,44.8,72.1,70,48
Quebec,9/16/2023,50,72.8,73.6,47.7
Quebec,9/17/2023,48.4,75.9,71,51.8
Quebec,9/18/2023,57.1,64.4,67.3,53.1
Quebec,9/19/2023,53.7,61.5,65.3,53.1
Quebec,9/20/2023,48.5,69.9,67.4,48.6
Quebec,9/21/2023,43.6,70.9,71.6,45.4
Quebec,9/22/2023,44,73.8,71.7,44.1
Quebec,9/23/2023,44.6,70.4,72,46.6
Quebec,9/24/2023,51.1,71.8,69.2,47.9
Quebec,9/25/2023,48.1,65.6,67.5,46.6
Quebec,9/26/2023,40.5,65.3,66.7,42.8
Quebec,9/27/2023,39.7,69.4,68,40.9
Quebec,9/28/2023,42.6,69.2,68.8,42.4
Quebec,9/29/2023,44.8,67.9,70.7,44.2
Quebec,9/30/2023,45.2,74.9,72.5,45.8
Quebec,10/1/2023,47.4,74.8,74.7,45.4
Quebec,10/2/2023,43.6,74.5,76.6,50.1
Quebec,10/3/2023,59.1,80.5,79,53.2
Quebec,10/4/2023,57,81.9,80.6,57
Quebec,10/5/2023,55,79.5,79.2,57.8
Quebec,10/6/2023,61.6,76.3,73.3,56
Quebec,10/7/2023,51.4,64.2,65.8,52.7
Quebec,10/8/2023,45,56.8,58.6,47.3
Quebec,10/9/2023,45.6,54.7,56.2,45.4
Quebec,10/10/2023,45.6,57.1,55.3,44.7
Quebec,10/11/2023,42.9,54.1,56.4,43.7
Quebec,10/12/2023,42.5,58.1,57.8,42.2
Quebec,10/13/2023,41.3,61.3,60,41.5
Quebec,10/14/2023,40.6,60.5,59.8,41.1
Quebec,10/15/2023,41.3,57.5,58.9,42.9
Quebec,10/16/2023,46.7,58.6,57.9,43.2
Quebec,10/17/2023,41.7,57.4,59.3,43.9
Quebec,10/18/2023,43.2,61.8,60.5,45.1
Quebec,10/19/2023,50.2,62.5,63.5,48.2
Quebec,10/20/2023,51.1,66.3,62.2,50.1
Quebec,10/21/2023,49.1,57.8,58,47.8
Quebec,10/22/2023,43.3,49.8,54.2,42.1
Quebec,10/23/2023,33.8,55,52.6,36.6
Quebec,10/24/2023,32.9,53.1,57.4,37.9
Quebec,10/25/2023,47.1,64.1,60.4,45.3
Quebec,10/26/2023,56,64.1,64.1,52.7
Quebec,10/27/2023,54.9,64,64.7,49.4
Quebec,10/28/2023,37.1,65.9,57,42.5
Quebec,10/29/2023,35.4,41.1,48.5,33.8
Quebec,10/30/2023,28.9,38.5,39.9,29.6
Quebec,10/31/2023,24.6,40.2,38.4,25.5
Quebec,11/1/2023,23,36.4,40.7,23.8
Quebec,11/2/2023,23.8,45.6,45.6,29
Quebec,11/3/2023,40.1,54.9,50.5,31.2
Quebec,11/4/2023,29.5,51.1,50.1,31.9
Quebec,11/5/2023,26.2,44.2,46.2,26.5
Quebec,11/6/2023,23.7,43.3,45.7,27.2
Quebec,11/7/2023,31.7,49.6,43.7,26.8
Quebec,11/8/2023,25.2,38.3,40.4,27.3
Quebec,11/9/2023,25.2,33.4,37.9,26.5
Quebec,11/10/2023,29,41.9,36.4,28.1
Quebec,11/11/2023,30.2,33.9,36.5,27.2
Quebec,11/12/2023,22.3,33.7,33.4,23.5
Quebec,11/13/2023,17.9,32.6,34.8,22.4
Quebec,11/14/2023,27,38.2,39.2,26
Quebec,11/15/2023,33.2,46.8,45.7,30.4
Quebec,11/16/2023,31,52,51.3,32.8
Quebec,11/17/2023,34.1,55.2,49.1,31.6
Quebec,11/18/2023,29.6,40,44.9,29.9
Quebec,11/19/2023,25.9,39.6,37.4,25.2
Quebec,11/20/2023,20,32.5,35.4,21.5
Quebec,11/21/2023,18.5,34,34,22.9
Quebec,11/22/2023,30.2,35.6,35.3,26.1
Quebec,11/23/2023,29.7,36.2,34.6,24.6
Quebec,11/24/2023,13.8,32.1,33.9,18
Quebec,11/25/2023,10.6,33.4,34.8,15.4
Quebec,11/26/2023,21.9,38.8,37.4,21.2
Quebec,11/27/2023,31,40.1,37,24.4
Quebec,11/28/2023,20.3,32,34,22.4
Quebec,11/29/2023,15.9,29.8,34.5,21.7
Quebec,11/30/2023,29,41.6,38.9,26.2
Quebec,12/1/2023,33.8,45.2,40.4,30.3
Quebec,12/2/2023,28.1,34.2,36.7,29.4
Quebec,12/3/2023,26.3,30.6,30.8,25.5
Quebec,12/4/2023,22.2,27.7,27,18.4
Quebec,12/5/2023,6.8,22.7,23.1,9.9
Quebec,12/6/2023,0.6,18.8,19.7,2.4
Quebec,12/7/2023,-0.3,17.4,19.4,4.6
Quebec,12/8/2023,13.4,22,24.1,9.2
Quebec,12/9/2023,14.6,32.9,31.5,20.2
Quebec,12/10/2023,32.5,39.6,36.4,22.9
Quebec,12/11/2023,21.6,36.7,38.1,23.7
Quebec,12/12/2023,17.1,38.1,35.8,17.9
Quebec,12/13/2023,15,32.6,34.7,14.9
Quebec,12/14/2023,12.5,33.5,35.9,18
Quebec,12/15/2023,26.6,41.7,37.7,21.2
Quebec,12/16/2023,24.5,37.9,41,25.7
Quebec,12/17/2023,26.2,43.3,42.5,29.9
Quebec,12/18/2023,39.2,46.3,43.2,29.2
Quebec,12/19/2023,22.2,40,38.5,26.6
Quebec,12/20/2023,18.3,29.4,31.1,17.8
Quebec,12/21/2023,12.8,24,25.1,13.5
Quebec,12/22/2023,9.5,22,25.4,12.4
Quebec,12/23/2023,14.9,30,29.1,17.2
Quebec,12/24/2023,27.3,35.3,35.7,24.7
Quebec,12/25/2023,31.9,41.9,39.9,30.9
Quebec,12/26/2023,33.6,42.5,40.6,31.7
Quebec,12/27/2023,29.5,37.3,38.6,30.7
Quebec,12/28/2023,28.9,36.1,36.2,29.7
Quebec,12/29/2023,30.7,35.3,34.6,27.6
Quebec,12/30/2023,23.2,32.5,30.4,24.1
Quebec,12/31/2023,18.4,23.4,28,20.8
