Region,Date,Daily_Min_Temp,Daily_Avg_Temp,Daily_Max_Temp,3_Day_Rolling_Avg_Max_Temp,3_Day_Rolling_Avg_Min_Temp
Southwest,1/1/1980,42.1,49.8,61.2,60.3,40.5
Southwest,1/2/1980,38.9,48.4,59.4,59.4,39.2
Southwest,1/3/1980,36.5,45.8,57.6,58.7,37.4
Southwest,1/4/1980,36.8,46,59.1,59.3,37
Southwest,1/5/1980,37.8,47.6,61.3,59.5,38.1
Southwest,1/6/1980,39.7,48.1,58,58.5,39
Southwest,1/7/1980,39.4,46.5,56.1,57.1,40.1
Southwest,1/8/1980,41.3,47.5,57.3,56,40.5
Southwest,1/9/1980,40.9,47.2,54.5,56,42.9
Southwest,1/10/1980,46.5,50.4,56.3,54.8,43.6
Southwest,1/11/1980,43.3,46.9,53.5,56.1,45
Southwest,1/12/1980,45.3,49.8,58.6,58.5,45.5
Southwest,1/13/1980,48,54.2,63.5,61.3,47.4
Southwest,1/14/1980,48.8,54.4,61.7,61.6,47.6
Southwest,1/15/1980,45.9,52.2,59.7,60.1,45.3
Southwest,1/16/1980,41.1,49.3,58.9,59.3,42.8
Southwest,1/17/1980,41.3,49.3,59.2,58.6,41.6
Southwest,1/18/1980,42.3,49.7,57.8,57.1,39.9
Southwest,1/19/1980,36.1,44,54.3,55.7,37.7
Southwest,1/20/1980,34.7,42.9,55,55.3,36
Southwest,1/21/1980,37.2,45.2,56.6,54.9,36.1
Southwest,1/22/1980,36.5,43.8,53.1,54.9,35.7
Southwest,1/23/1980,33.5,42.2,54.9,55.5,34.9
Southwest,1/24/1980,34.8,44.4,58.5,57,34.8
Southwest,1/25/1980,36.1,45.8,57.5,57.5,35.8
Southwest,1/26/1980,36.4,45.6,56.4,57,36.4
Southwest,1/27/1980,36.8,45.5,57.1,56,37.7
Southwest,1/28/1980,39.8,45.7,54.4,54.6,39.7
Southwest,1/29/1980,42.5,46.5,52.4,54.5,43
Southwest,1/30/1980,46.6,50.2,56.7,57,45
Southwest,1/31/1980,45.9,52,61.8,60.7,45.6
Southwest,2/1/1980,44.3,52.5,63.7,64,44.5
Southwest,2/2/1980,43.3,53.1,66.6,66.3,44.1
Southwest,2/3/1980,44.8,54.9,68.6,68.4,45
Southwest,2/4/1980,47,56.8,69.9,69.2,45.8
Southwest,2/5/1980,45.6,56.2,69.1,69.2,46.7
Southwest,2/6/1980,47.6,56.8,68.7,68,44.7
Southwest,2/7/1980,41,51.7,66.3,63.3,41.8
Southwest,2/8/1980,36.8,45.2,54.8,58,37.6
Southwest,2/9/1980,34.9,43.2,53,54.3,35.1
Southwest,2/10/1980,33.6,43.3,55,55.2,34.4
Southwest,2/11/1980,34.6,45.1,57.7,57.4,34.9
Southwest,2/12/1980,36.6,47.1,59.4,58.4,37.5
Southwest,2/13/1980,41.3,48,58.2,58.8,42.1
Southwest,2/14/1980,48.5,51.9,58.8,58.4,46.7
Southwest,2/15/1980,50.2,53.6,58.1,58.7,47.8
Southwest,2/16/1980,44.8,51.3,59.2,58.9,47.4
Southwest,2/17/1980,47.3,52.4,59.3,59.4,46.5
Southwest,2/18/1980,47.5,52.6,59.6,60.5,48.2
Southwest,2/19/1980,49.7,54.8,62.7,60.6,46.9
Southwest,2/20/1980,43.5,51,59.5,60.2,45.6
Southwest,2/21/1980,43.7,49.6,58.5,59.3,43
Southwest,2/22/1980,41.8,49.8,59.8,60.2,42.2
Southwest,2/23/1980,41,50.7,62.4,62.3,41.5
Southwest,2/24/1980,41.8,52.2,64.6,65.5,41.9
Southwest,2/25/1980,42.9,54.6,69.5,69,43.4
Southwest,2/26/1980,45.5,57.5,73,72.6,45.6
Southwest,2/27/1980,48.3,60.3,75.4,74.2,47.7
Southwest,2/28/1980,49.3,61.6,74.3,73.8,47.9
Southwest,2/29/1980,46.1,57.7,71.8,71,46.1
Southwest,3/1/1980,42.8,54.3,66.8,69.1,44.3
Southwest,3/2/1980,44,55.2,68.6,67.5,44.6
Southwest,3/3/1980,46.9,54.2,67,65.4,43.7
Southwest,3/4/1980,40.3,50.2,60.6,63.8,42.6
Southwest,3/5/1980,40.5,51.1,63.8,62.8,41.4
Southwest,3/6/1980,43.5,53.4,64.1,63.2,41.1
Southwest,3/7/1980,39.3,49.8,61.8,62.9,40.7
Southwest,3/8/1980,39.3,49.9,62.7,63.5,40.1
Southwest,3/9/1980,41.8,53,66.1,65.5,42.4
Southwest,3/10/1980,46,56.2,67.6,66.4,45
Southwest,3/11/1980,47.3,54.3,65.5,64.7,44.6
Southwest,3/12/1980,40.5,50.3,60.9,64.5,43
Southwest,3/13/1980,41.3,52.6,67.2,66.6,42.4
Southwest,3/14/1980,45.4,57.4,71.7,69.8,44.4
Southwest,3/15/1980,46.5,58.5,70.6,70.4,45.2
Southwest,3/16/1980,43.6,55.4,68.8,67.8,42.5
Southwest,3/17/1980,37.3,50.2,63.9,66.8,40.7
Southwest,3/18/1980,41.2,53.2,67.7,65.8,39.8
Southwest,3/19/1980,40.8,50.5,65.9,66.2,40.5
Southwest,3/20/1980,39.5,50.2,64.9,66.8,41.2
Southwest,3/21/1980,43.2,55.5,69.5,67.2,40.9
Southwest,3/22/1980,39.9,51.1,67.3,66,40.4
Southwest,3/23/1980,38,48.3,61.1,64.6,39.3
Southwest,3/24/1980,40,51.6,65.3,63.4,39.1
Southwest,3/25/1980,39.2,50.9,63.7,63.3,39.6
Southwest,3/26/1980,39.6,50.4,60.8,61.8,39.3
Southwest,3/27/1980,39.2,49.3,60.8,60.8,39.1
Southwest,3/28/1980,38.5,49.8,60.9,62.2,38.6
Southwest,3/29/1980,38.1,50.4,65,64.9,39
Southwest,3/30/1980,40.3,53.6,68.7,67.2,39.7
Southwest,3/31/1980,40.6,52.5,68,66.9,39.3
Southwest,4/1/1980,37,49.9,63.9,64.3,38.4
Southwest,4/2/1980,37.5,48.9,60.9,63.3,37.4
Southwest,4/3/1980,37.7,50.1,65,66.3,39.7
Southwest,4/4/1980,43.8,56.8,73.1,70.6,42.8
Southwest,4/5/1980,47,60.3,73.7,73.2,45.1
Southwest,4/6/1980,44.5,58.8,72.8,73.4,45.9
Southwest,4/7/1980,46.3,60.1,73.7,74.2,45.6
Southwest,4/8/1980,46.1,60.4,76.2,76.7,47.4
Southwest,4/9/1980,49.9,64.5,80.1,79.4,49.4
Southwest,4/10/1980,52.2,67.1,81.8,80.9,50.9
Southwest,4/11/1980,50.6,65,80.7,77.7,48.5
Southwest,4/12/1980,42.6,55.2,70.5,72.4,45
Southwest,4/13/1980,41.8,54.2,66,70.4,42.7
Southwest,4/14/1980,43.7,57.5,74.6,73.9,45.2
Southwest,4/15/1980,50.1,64.7,81.2,80.1,49
Southwest,4/16/1980,53.3,68.7,84.4,84.1,52.9
Southwest,4/17/1980,55.2,71,86.6,86.3,54.8
Southwest,4/18/1980,55.8,72.1,88,88.5,56.4
Southwest,4/19/1980,58.2,74.4,90.8,89.6,58
Southwest,4/20/1980,60,75.6,89.9,89.3,59.5
Southwest,4/21/1980,60.3,72.2,87.2,85.4,56.4
Southwest,4/22/1980,49,62.7,79.2,78.2,50.6
Southwest,4/23/1980,42.5,55.2,68.2,71.4,44.2
Southwest,4/24/1980,41.1,53.3,66.7,69.4,43.4
Southwest,4/25/1980,46.5,58.4,73.4,73.1,45.9
Southwest,4/26/1980,50.1,63.8,79.1,79,50.6
Southwest,4/27/1980,55.3,68.8,84.4,82,53.4
Southwest,4/28/1980,54.7,68.4,82.5,81.6,54.1
Southwest,4/29/1980,52.3,62.6,77.9,75.3,51.8
Southwest,4/30/1980,48.3,56.6,65.4,71.4,49.6
Southwest,5/1/1980,48.2,58.2,70.8,71.1,49.2
Southwest,5/2/1980,51.1,63.3,77,75.5,51.2
Southwest,5/3/1980,54.3,66.4,78.8,79.9,54.1
Southwest,5/4/1980,56.8,69.8,83.9,82,57
Southwest,5/5/1980,59.9,72.2,83.2,83.7,58.4
Southwest,5/6/1980,58.4,71.2,84,83.4,58.6
Southwest,5/7/1980,57.6,71.1,83.1,82.5,56.7
Southwest,5/8/1980,54,67.5,80.4,81,54.9
Southwest,5/9/1980,53.1,66.6,79.4,79.3,52.9
Southwest,5/10/1980,51.6,64.5,78.2,76.9,51.3
Southwest,5/11/1980,49.1,60.1,73.1,74.3,48.4
Southwest,5/12/1980,44.5,57.9,71.5,74,47.5
Southwest,5/13/1980,48.9,62.6,77.4,75.3,49.2
Southwest,5/14/1980,54.3,66.3,76.9,76.3,51
Southwest,5/15/1980,49.7,62.4,74.7,76.8,51.8
Southwest,5/16/1980,51.4,64.3,78.9,79.2,52.6
Southwest,5/17/1980,56.7,69.9,83.9,83.1,55.6
Southwest,5/18/1980,58.7,72.6,86.4,86.7,58.6
Southwest,5/19/1980,60.3,75,89.7,89.5,60.8
Southwest,5/20/1980,63.3,78,92.4,91.1,62.1
Southwest,5/21/1980,62.8,77.5,91.1,90.5,61.6
Southwest,5/22/1980,58.6,72.1,88,86.9,58.9
Southwest,5/23/1980,55.2,68.8,81.7,83,53.8
Southwest,5/24/1980,47.7,61.5,79.3,77.6,48.9
Southwest,5/25/1980,43.9,57.9,71.9,76.9,47.1
Southwest,5/26/1980,49.8,64,79.6,77.1,48.6
Southwest,5/27/1980,52.1,66.3,79.8,80.2,51.5
Southwest,5/28/1980,52.6,67.3,81.2,81,52.6
Southwest,5/29/1980,53.2,67.6,81.9,82.7,53.6
Southwest,5/30/1980,55.1,70.5,85.1,83.9,54.3
Southwest,5/31/1980,54.5,70,84.7,84.5,54.8
Southwest,6/1/1980,54.9,69.4,83.6,84.4,54.5
Southwest,6/2/1980,54.1,69.3,84.8,85.4,55.5
Southwest,6/3/1980,57.4,72.6,87.7,87.8,56.9
Southwest,6/4/1980,59.2,75.1,90.9,90.2,59.3
Southwest,6/5/1980,61.4,77.4,91.9,91.3,60.5
Southwest,6/6/1980,61,76.7,91.1,92.8,61.8
Southwest,6/7/1980,62.9,78.8,95.4,94.2,63.9
Southwest,6/8/1980,67.7,82.5,96.2,96.6,66.3
Southwest,6/9/1980,68.4,83.3,98.1,97.4,68.4
Southwest,6/10/1980,69,84.1,97.8,97.5,67.4
Southwest,6/11/1980,64.8,81.3,96.5,96.8,66.7
Southwest,6/12/1980,66.4,81.6,96.1,96.4,66.1
Southwest,6/13/1980,67,82.4,96.5,96.3,66.6
Southwest,6/14/1980,66.4,82,96.4,97.2,66.5
Southwest,6/15/1980,66.2,82.8,98.8,98.8,67.2
Southwest,6/16/1980,68.9,85.3,101.3,100.6,68.8
Southwest,6/17/1980,71.3,87.2,101.6,101,70.5
Southwest,6/18/1980,71.3,86.4,100,100.3,71.3
Southwest,6/19/1980,71.4,86.1,99.2,99.3,71.2
Southwest,6/20/1980,70.9,85.4,98.6,98.7,70.9
Southwest,6/21/1980,70.3,85.1,98.2,98.7,70.1
Southwest,6/22/1980,69,84.6,99.4,99.3,69.4
Southwest,6/23/1980,68.8,85.3,100.2,99.6,68.7
Southwest,6/24/1980,68.3,84.3,99.1,100,69.3
Southwest,6/25/1980,70.8,86.2,100.8,101,70.8
Southwest,6/26/1980,73.3,88.6,103.2,102.6,72.9
Southwest,6/27/1980,74.6,89.6,103.7,104.3,74.7
Southwest,6/28/1980,76.1,91.4,106,105.3,75.9
Southwest,6/29/1980,77.1,92.3,106.1,105.6,75.7
Southwest,6/30/1980,74,88.9,104.7,102.8,73.9
Southwest,7/1/1980,70.5,83,97.7,99.3,70.9
Southwest,7/2/1980,68.2,81.8,95.4,97.6,70
Southwest,7/3/1980,71.2,85.5,99.8,99.2,70.9
Southwest,7/4/1980,73.2,88.2,102.4,101.3,72.3
Southwest,7/5/1980,72.6,87.4,101.6,101.4,73.3
Southwest,7/6/1980,74.1,87,100.2,99.6,73.9
Southwest,7/7/1980,75.1,86.6,97.1,98.9,73.9
Southwest,7/8/1980,72.6,85.9,99.4,99.1,73.4
Southwest,7/9/1980,72.4,87.1,100.7,100.6,73
Southwest,7/10/1980,74,88.5,101.7,101.4,74
Southwest,7/11/1980,75.7,89.2,101.8,101.4,74.3
Southwest,7/12/1980,73.1,86.2,100.7,99,73.7
Southwest,7/13/1980,72.2,83.1,94.4,97.8,72
Southwest,7/14/1980,70.8,83.9,98.3,98.3,72
Southwest,7/15/1980,72.9,87.5,102.1,101.8,73.3
Southwest,7/16/1980,76.2,90.8,105.1,103.8,74.8
Southwest,7/17/1980,75.4,90.4,104.1,104.2,75.5
Southwest,7/18/1980,74.9,89.4,103.3,102.9,74.7
Southwest,7/19/1980,73.8,87.7,101.4,101.6,73.8
Southwest,7/20/1980,72.8,86.7,100,100.9,73.8
Southwest,7/21/1980,74.9,88.1,101.4,100.5,74.5
Southwest,7/22/1980,75.8,88.6,100.1,100.4,75.8
Southwest,7/23/1980,76.6,88.8,99.8,100.3,76.3
Southwest,7/24/1980,76.4,89.1,100.9,101.4,76.6
Southwest,7/25/1980,76.7,89.8,103.6,102.9,76.6
Southwest,7/26/1980,76.8,90.4,104.2,104.1,77.3
Southwest,7/27/1980,78.4,91.6,104.5,104.3,78
Southwest,7/28/1980,78.7,91.9,104.3,103.5,78.7
Southwest,7/29/1980,79.1,90.1,101.6,102,77.7
Southwest,7/30/1980,75.4,87.9,100,100.7,76.8
Southwest,7/31/1980,75.8,88.4,100.5,100.9,76
Southwest,8/1/1980,76.8,89.4,102.1,101.2,76.6
Southwest,8/2/1980,77.1,88.5,101,100.6,75.7
Southwest,8/3/1980,73.1,85.9,98.8,98.9,73.9
Southwest,8/4/1980,71.4,84.3,97,97.8,72.1
Southwest,8/5/1980,71.9,84.7,97.7,98,71.5
Southwest,8/6/1980,71.2,85.1,99.3,100.1,72.3
Southwest,8/7/1980,73.8,87.8,103.3,101.6,73.5
Southwest,8/8/1980,75.5,89.5,102.3,102.2,74.6
Southwest,8/9/1980,74.6,87.3,100.9,101.5,74.4
Southwest,8/10/1980,73.1,87.1,101.3,101.1,73.3
Southwest,8/11/1980,72.1,87,101.2,100.8,72.9
Southwest,8/12/1980,73.5,85.3,100,97.7,72.5
Southwest,8/13/1980,71.9,82.1,91.8,94,72.4
Southwest,8/14/1980,71.9,80.9,90.3,91.5,70.1
Southwest,8/15/1980,66.5,78.9,92.3,91.7,67.1
Southwest,8/16/1980,63,77.9,92.5,93.5,65.3
Southwest,8/17/1980,66.3,80.4,95.6,94.1,65.9
Southwest,8/18/1980,68.4,81.6,94.3,93.6,68.3
Southwest,8/19/1980,70.1,77.4,90.8,92.3,67.9
Southwest,8/20/1980,65.2,76.9,91.7,92.9,67.6
Southwest,8/21/1980,67.4,81.3,96.1,94.3,67.8
Southwest,8/22/1980,70.9,82.5,95.1,93.6,69.7
Southwest,8/23/1980,70.8,79.5,89.6,90.2,70.3
Southwest,8/24/1980,69.1,77.2,86,88.5,69.7
Southwest,8/25/1980,69.1,78.5,89.9,89.8,69.6
Southwest,8/26/1980,70.7,81.7,93.6,92.5,69.9
Southwest,8/27/1980,69.9,82.2,94.1,94.1,69.7
Southwest,8/28/1980,68.6,81.6,94.6,94.2,69.7
Southwest,8/29/1980,70.7,82.3,94,94.4,69.5
Southwest,8/30/1980,69.3,82,94.7,93.9,69.2
Southwest,8/31/1980,67.6,80.8,93.1,93.5,67.7
Southwest,9/1/1980,66.3,79.4,92.6,93.1,67.6
Southwest,9/2/1980,68.8,81.1,93.7,92.8,68.4
Southwest,9/3/1980,70,81.3,92,92.1,70
Southwest,9/4/1980,71.3,81.1,90.7,91.4,70.6
Southwest,9/5/1980,70.4,80.4,91.6,91,70.7
Southwest,9/6/1980,70.3,80.6,90.7,91.2,70.1
Southwest,9/7/1980,69.6,80.7,91.2,90.2,68.7
Southwest,9/8/1980,66.1,77.3,88.8,88.8,67.6
Southwest,9/9/1980,67.2,74.7,86.5,87,66
Southwest,9/10/1980,64.7,74.3,85.7,86.6,65
Southwest,9/11/1980,63.1,74.6,87.7,87.4,63.7
Southwest,9/12/1980,63.3,75.6,88.9,88.3,63.4
Southwest,9/13/1980,63.8,76.1,88.4,88.6,63.3
Southwest,9/14/1980,62.8,75,88.5,89.4,64
Southwest,9/15/1980,65.5,77.2,91.4,91.3,65
Southwest,9/16/1980,66.8,79.4,93.9,93.8,66.4
Southwest,9/17/1980,67,81,96.2,95.8,67.3
Southwest,9/18/1980,68.2,82.3,97.3,96.1,67.8
Southwest,9/19/1980,68.1,81.4,94.9,94.7,67.2
Southwest,9/20/1980,65.4,78.9,91.9,92.2,65.1
Southwest,9/21/1980,61.9,75.9,89.8,90.2,62.7
Southwest,9/22/1980,60.9,74.5,88.8,89.4,61.7
Southwest,9/23/1980,62.4,75.7,89.6,89.9,62.1
Southwest,9/24/1980,63.1,76.3,91.4,90.7,63.2
Southwest,9/25/1980,64.2,77.3,91.1,90.4,64.7
Southwest,9/26/1980,66.9,76.9,88.8,89.2,65.5
Southwest,9/27/1980,65.4,75.7,87.6,88.8,66.2
Southwest,9/28/1980,66.4,77.6,90.1,90.9,66.4
Southwest,9/29/1980,67.5,79.6,95.1,94.1,67.6
Southwest,9/30/1980,68.8,82.1,97,96.9,68.4
Southwest,10/1/1980,69,82.9,98.5,97.5,68.6
Southwest,10/2/1980,68.1,82.1,96.9,96.6,67.8
Southwest,10/3/1980,66.2,80,94.5,95.1,66.6
Southwest,10/4/1980,65.4,78.7,94,94.3,65.8
Southwest,10/5/1980,65.9,79.1,94.4,94.3,65.7
Southwest,10/6/1980,65.9,79.3,94.4,93.4,65.5
Southwest,10/7/1980,64.8,78,91.3,92,64.9
Southwest,10/8/1980,64.1,76.8,90.4,89.9,63.6
Southwest,10/9/1980,62,74.8,88.1,88.3,62.4
Southwest,10/10/1980,61.2,73.4,86.5,87,61.3
Southwest,10/11/1980,60.7,72.8,86.4,85.6,60.9
Southwest,10/12/1980,60.8,72.4,83.9,83.6,60.1
Southwest,10/13/1980,58.8,69.5,80.4,80.7,58.5
Southwest,10/14/1980,55.8,67,77.7,77.1,53.9
Southwest,10/15/1980,47,57.2,73.2,70.9,47.9
Southwest,10/16/1980,40.9,51.1,61.8,66.7,43.1
Southwest,10/17/1980,41.5,52.1,65.1,65.8,42.1
Southwest,10/18/1980,43.9,55.4,70.5,70.4,44.2
Southwest,10/19/1980,47.2,59.6,75.6,73.8,46.8
Southwest,10/20/1980,49.4,61.6,75.3,75.6,48.9
Southwest,10/21/1980,50.1,62.1,75.9,75.9,50.1
Southwest,10/22/1980,50.9,62.9,76.5,76.5,50.7
Southwest,10/23/1980,51.2,62.9,77.1,77.1,50.5
Southwest,10/24/1980,49.5,62.4,77.6,78,50.3
Southwest,10/25/1980,50.3,63.1,79.2,76.9,50
Southwest,10/26/1980,50.2,60.1,73.8,73.3,47.9
Southwest,10/27/1980,43.3,54.8,66.9,68.5,45.2
Southwest,10/28/1980,42,52.7,64.9,66.2,42.5
Southwest,10/29/1980,42.2,52.8,66.8,68.3,42.7
Southwest,10/30/1980,43.8,55.6,73.1,72,44.3
Southwest,10/31/1980,46.8,59.3,76.2,75.7,46.9
Southwest,11/1/1980,50.1,62.2,77.7,77.3,49.5
Southwest,11/2/1980,51.5,63.4,77.9,78.4,50.8
Southwest,11/3/1980,50.9,63.4,79.5,80.2,51.9
Southwest,11/4/1980,53.2,65.7,83.2,81.9,52.9
Southwest,11/5/1980,54.7,67.3,83.1,82.8,54.3
Southwest,11/6/1980,55.1,67.3,82,81.9,54.5
Southwest,11/7/1980,53.7,66.1,80.7,80.6,53.7
Southwest,11/8/1980,52.2,64.6,79.2,80,52.5
Southwest,11/9/1980,51.7,64.3,80,79.2,52.5
Southwest,11/10/1980,53.5,65,78.3,78.2,52.6
Southwest,11/11/1980,52.6,63.4,76.4,75.9,52.6
Southwest,11/12/1980,51.8,62.1,72.9,72.3,50.4
Southwest,11/13/1980,46.9,57.2,67.7,68.2,46.6
Southwest,11/14/1980,41.1,52.5,64.1,64.5,42.3
Southwest,11/15/1980,38.8,49.4,61.8,60.6,38.9
Southwest,11/16/1980,36.7,46.2,56,57.2,36.3
Southwest,11/17/1980,33.3,43.4,53.8,56,34.1
Southwest,11/18/1980,32.3,43,58.3,57.3,33.6
Southwest,11/19/1980,35.3,45.6,59.9,60.3,35.4
Southwest,11/20/1980,38.6,48.1,62.6,61.7,37.9
Southwest,11/21/1980,39.9,49.6,62.7,62.8,40.1
Southwest,11/22/1980,41.8,50.5,63.1,62.8,40.4
Southwest,11/23/1980,39.6,49.9,62.6,61.8,40.3
Southwest,11/24/1980,39.6,49.2,59.7,59.6,38.2
Southwest,11/25/1980,35.4,44.9,56.5,58.5,36.7
Southwest,11/26/1980,35.2,44.9,59.2,59.6,35.9
Southwest,11/27/1980,37,47.4,63.2,63.9,37.9
Southwest,11/28/1980,41.6,52.1,69.4,68.5,41.2
Southwest,11/29/1980,45,56.3,72.9,70.8,44.7
Southwest,11/30/1980,47.4,57.4,70,70.1,45.1
Southwest,12/1/1980,42.9,54.4,67.3,68.7,44.3
Southwest,12/2/1980,42.5,53.5,68.9,68.8,43.6
Southwest,12/3/1980,45.4,55.9,70.2,67.6,44.2
Southwest,12/4/1980,44.6,54.2,63.7,65.6,44.4
Southwest,12/5/1980,43.3,52.2,62.9,62.3,44.3
Southwest,12/6/1980,45,51.8,60.2,59.3,43.9
Southwest,12/7/1980,43.3,47.5,54.9,55.7,41.4
Southwest,12/8/1980,36,43.3,52.1,53.5,37.9
Southwest,12/9/1980,34.4,42.7,53.6,55,35
Southwest,12/10/1980,34.5,44.1,59.2,59.4,35.6
Southwest,12/11/1980,37.8,48.2,65.5,62.6,37.8
Southwest,12/12/1980,41.1,50.2,63.1,62.7,41.8
Southwest,12/13/1980,46.6,52.5,59.5,62.5,43.3
Southwest,12/14/1980,42.2,51.3,64.8,63.6,43.7
Southwest,12/15/1980,42.2,52.3,66.6,68.4,43.6
Southwest,12/16/1980,46.5,56.5,73.8,70.9,45.7
Southwest,12/17/1980,48.5,58.6,72.3,72,47.2
Southwest,12/18/1980,46.7,57,69.8,68.8,46.4
Southwest,12/19/1980,43.9,54,64.4,66.3,44.3
Southwest,12/20/1980,42.3,51.9,64.6,64.2,42.6
Southwest,12/21/1980,41.5,50.9,63.6,64.9,42.3
Southwest,12/22/1980,43.2,52.7,66.4,65.7,43.2
Southwest,12/23/1980,44.9,54,67.1,66.9,43.5
Southwest,12/24/1980,42.5,53.1,67.2,67.9,43.6
Southwest,12/25/1980,43.4,53.8,69.3,69.9,44.2
Southwest,12/26/1980,46.6,56.7,73.3,72.1,46.5
Southwest,12/27/1980,49.5,59.6,73.6,72.5,49
Southwest,12/28/1980,50.8,58.9,70.5,71.9,49.6
Southwest,12/29/1980,48.5,58.3,71.7,70.7,48.6
Southwest,12/30/1980,46.4,56.5,69.8,70.5,46.8
Southwest,12/31/1980,45.6,55.7,70,69.9,46.5
Southwest,1/1/1981,47.6,57.1,69.8,69.9,46.8
Southwest,1/2/1981,47.1,57,69.9,69.6,47.1
Southwest,1/3/1981,46.6,56.5,69.2,69.5,47.4
Southwest,1/4/1981,48.5,57.1,69.4,68.9,47.4
Southwest,1/5/1981,47.2,56.8,68.1,67.5,46.4
Southwest,1/6/1981,43.5,53.5,65.1,64.8,45.5
Southwest,1/7/1981,45.7,51.9,61.1,62.1,43.9
Southwest,1/8/1981,42.6,49.9,60,61.7,42.8
Southwest,1/9/1981,40.2,49.8,64,63.7,42.2
Southwest,1/10/1981,43.8,53.1,67.2,64.7,44.3
Southwest,1/11/1981,48.8,53.1,62.9,61.8,46.7
Southwest,1/12/1981,47.4,50.8,55.3,58.2,47.3
Southwest,1/13/1981,45.8,49.6,56.5,57.6,45.3
Southwest,1/14/1981,42.8,50.1,60.9,59.8,44.1
Southwest,1/15/1981,43.6,51.6,62,61.4,43.8
Southwest,1/16/1981,45,52.4,61.4,60.7,44
Southwest,1/17/1981,43.4,50.5,58.8,58.6,41.9
Southwest,1/18/1981,37.3,45.6,55.6,57.7,39.8
Southwest,1/19/1981,38.8,47,58.6,58.1,38.8
Southwest,1/20/1981,40.2,48.8,60.1,60.6,39.9
Southwest,1/21/1981,40.7,50.1,63.1,62.5,40.6
Southwest,1/22/1981,41,51.1,64.2,64,41.3
Southwest,1/23/1981,42.2,52.1,64.7,63.6,41.4
Southwest,1/24/1981,41.1,51.2,61.9,62.1,40.9
Southwest,1/25/1981,39.5,48.8,59.6,59.7,39.6
Southwest,1/26/1981,38.1,47.3,57.7,58.8,38.3
Southwest,1/27/1981,37.4,46.9,59.2,59.1,38.6
Southwest,1/28/1981,40.2,49.1,60.4,59.2,38.7
Southwest,1/29/1981,38.5,47.5,58,58.3,39.1
Southwest,1/30/1981,38.6,47.1,56.5,56.1,36.4
Southwest,1/31/1981,32.1,41.6,53.9,54.2,33.4
Southwest,2/1/1981,29.6,38.9,52.1,54.6,31.6
Southwest,2/2/1981,33,43.1,57.7,57.3,32.9
Southwest,2/3/1981,36.2,46.6,62,59.8,35.1
Southwest,2/4/1981,36,47.3,59.8,60.5,36.1
Southwest,2/5/1981,36,46.7,59.6,60.3,36.5
Southwest,2/6/1981,37.5,48.3,61.5,61,37.5
Southwest,2/7/1981,39,49.6,62,61.8,38.7
Southwest,2/8/1981,39.5,49.5,61.8,61.2,41.2
Southwest,2/9/1981,45.2,50.2,59.7,59.5,41.8
Southwest,2/10/1981,40.6,48,57,59,41.2
Southwest,2/11/1981,37.9,47.5,60.4,61.3,40
Southwest,2/12/1981,41.4,51.9,66.6,65.4,40.7
Southwest,2/13/1981,42.9,54.4,69.1,69.4,43.2
Southwest,2/14/1981,45.2,56.9,72.4,71.2,45
Southwest,2/15/1981,47,58.7,72.2,72.9,46.7
Southwest,2/16/1981,47.8,59.7,74.2,73.3,48.1
Southwest,2/17/1981,49.6,61.1,73.5,74.6,48.9
Southwest,2/18/1981,49.2,61,76,76.1,49.9
Southwest,2/19/1981,51,63.5,78.9,77.4,50.3
Southwest,2/20/1981,50.7,63.6,77.2,76.5,47.3
Southwest,2/21/1981,40.2,53.8,73.4,72.9,43.4
Southwest,2/22/1981,39.2,51.3,68.1,71.5,40.8
Southwest,2/23/1981,42.9,56,73,71.3,42.1
Southwest,2/24/1981,44.1,57.9,72.8,72.1,43.7
Southwest,2/25/1981,44.1,56,70.6,69.1,44.5
Southwest,2/26/1981,45.3,52.7,63.8,66.8,43.4
Southwest,2/27/1981,40.9,52,66.1,65.2,42.5
Southwest,2/28/1981,41.4,53.5,65.7,65.8,41.5
Southwest,3/1/1981,42.2,53.3,65.5,64.9,43.5
Southwest,3/2/1981,46.9,52.5,63.4,62,44.6
Southwest,3/3/1981,44.7,49.1,57.1,59.5,44
Southwest,3/4/1981,40.5,47.3,57.9,57.4,42
Southwest,3/5/1981,40.9,48.3,57.1,55.6,40.3
Southwest,3/6/1981,39.5,44.8,51.8,54.8,39.2
Southwest,3/7/1981,37.1,44.6,55.6,56.6,38.5
Southwest,3/8/1981,38.8,48.6,62.3,61.3,39.1
Southwest,3/9/1981,41.5,52.7,65.9,65.1,41.2
Southwest,3/10/1981,43.3,54.6,67.1,66.6,43.1
Southwest,3/11/1981,44.5,55.2,66.9,66.6,44.6
Southwest,3/12/1981,45.9,55.2,65.7,65.4,44.3
Southwest,3/13/1981,42.6,53,63.7,63.9,42.5
Southwest,3/14/1981,38.9,50,62.3,64.4,40.7
Southwest,3/15/1981,40.7,51.7,67.1,66.5,41.9
Southwest,3/16/1981,46.2,57.2,70.1,68.8,44.3
Southwest,3/17/1981,45.9,57.2,69.1,69.3,45.3
Southwest,3/18/1981,43.8,55.8,68.6,70.3,45.6
Southwest,3/19/1981,47.2,58.8,73.2,71.1,46.9
Southwest,3/20/1981,49.8,56.8,71.6,69.3,45.5
Southwest,3/21/1981,39.5,50.1,63,67.8,44.3
Southwest,3/22/1981,43.5,54.7,68.7,68.4,43.2
Southwest,3/23/1981,46.7,59.2,73.6,72.6,46.9
Southwest,3/24/1981,50.5,62.6,75.4,75.1,49.2
Southwest,3/25/1981,50.5,63.1,76.3,75.7,50.7
Southwest,3/26/1981,51,62.9,75.5,73.3,47.5
Southwest,3/27/1981,41,51.7,68.1,68,43.7
Southwest,3/28/1981,39,49.7,60.3,64.9,40.4
Southwest,3/29/1981,41.1,52.3,66.3,65.7,41.3
Southwest,3/30/1981,43.7,56.2,70.5,69.5,43
Southwest,3/31/1981,44.1,57.2,71.6,73.3,45.3
Southwest,4/1/1981,48,61.8,77.7,75.3,47
Southwest,4/2/1981,48.9,61.3,76.7,73.4,45.3
Southwest,4/3/1981,38.9,50.2,65.7,69.5,42.6
Southwest,4/4/1981,39.9,51.6,66.2,69.8,41
Southwest,4/5/1981,44.1,58,77.4,74.6,44.6
Southwest,4/6/1981,49.7,64.1,80.3,78.9,48.3
Southwest,4/7/1981,51.1,65.3,78.9,78.6,49.7
Southwest,4/8/1981,48.2,62.7,76.7,78.7,49.6
Southwest,4/9/1981,49.4,64.3,80.6,79.4,49.7
Southwest,4/10/1981,51.5,66.7,80.8,80.4,50.8
Southwest,4/11/1981,51.4,66,79.7,79.7,52.6
Southwest,4/12/1981,54.9,66.6,78.6,80,53.3
Southwest,4/13/1981,53.6,66.9,81.7,80.5,54.9
Southwest,4/14/1981,56.2,69.4,81.1,81.2,54.8
Southwest,4/15/1981,54.5,67.1,80.9,82,55.7
Southwest,4/16/1981,56.3,69.6,84.1,83.2,56.3
Southwest,4/17/1981,58,71.5,84.6,83.9,58.1
Southwest,4/18/1981,59.9,70.7,82.9,80.8,54.9
Southwest,4/19/1981,46.9,59.7,74.8,77.5,52.1
Southwest,4/20/1981,49.4,61.3,74.8,76,49.5
Southwest,4/21/1981,52.2,64.9,78.3,78.4,51.5
Southwest,4/22/1981,52.8,66.8,82.2,80.6,52.7
Southwest,4/23/1981,53,66.6,81.3,82.2,53.2
Southwest,4/24/1981,53.8,67.8,83,83.6,54.8
Southwest,4/25/1981,57.7,71.7,86.4,85.4,56.7
Southwest,4/26/1981,58.6,73.2,86.9,86.1,58.1
Southwest,4/27/1981,58.1,71.9,85,86.2,58.6
Southwest,4/28/1981,59.2,72.5,86.7,87.3,59.1
Southwest,4/29/1981,60,74.7,90.1,88.7,59.7
Southwest,4/30/1981,60,74.1,89.3,88.4,60.7
Southwest,5/1/1981,62,71.8,85.7,85.9,60.4
Southwest,5/2/1981,59.2,70.5,82.6,83.3,59.4
Southwest,5/3/1981,57,69.6,81.6,82.1,56.8
Southwest,5/4/1981,54.1,68.2,82.1,82,55.3
Southwest,5/5/1981,54.8,68.9,82.2,82.1,54
Southwest,5/6/1981,53.2,67.7,82.1,82.3,54.2
Southwest,5/7/1981,54.6,68.9,82.7,82.6,54
Southwest,5/8/1981,54.3,69,83.1,82.7,54.9
Southwest,5/9/1981,55.7,69.4,82.2,83.6,55
Southwest,5/10/1981,55.1,70.4,85.4,85.4,56.6
Southwest,5/11/1981,58.9,73.8,88.5,87,57.4
Southwest,5/12/1981,58.3,73.3,87.1,87.1,57.9
Southwest,5/13/1981,56.6,71.6,85.7,86,57.7
Southwest,5/14/1981,58.2,72.4,85.2,84.6,56.5
Southwest,5/15/1981,54.6,67.9,82.8,81.2,54
Southwest,5/16/1981,49.3,62.6,75.6,78.4,51.2
Southwest,5/17/1981,49.6,63.3,76.7,78.6,50.8
Southwest,5/18/1981,53.5,67.8,83.4,81.6,53.2
Southwest,5/19/1981,56.5,71.6,84.7,83.4,54.6
Southwest,5/20/1981,53.9,66.5,82.2,81.9,53.7
Southwest,5/21/1981,50.6,64.3,78.9,81.1,53
Southwest,5/22/1981,54.6,68.4,82.2,81.9,54.4
Southwest,5/23/1981,58.1,71.7,84.7,84.5,57
Southwest,5/24/1981,58.4,72.8,86.5,86.6,58.7
Southwest,5/25/1981,59.6,74.5,88.6,87.4,59.7
Southwest,5/26/1981,61.2,75.2,87.1,87.4,60.4
Southwest,5/27/1981,60.3,74.7,86.4,86.3,60.2
Southwest,5/28/1981,59.2,73.2,85.5,85.7,59.6
Southwest,5/29/1981,59.3,72.9,85.2,86.2,59.8
Southwest,5/30/1981,61,74.6,88,87.7,61.1
Southwest,5/31/1981,62.9,76.9,89.9,89.4,62.3
Southwest,6/1/1981,63,77.1,90.2,90.4,63.2
Southwest,6/2/1981,63.6,77.8,91,90.9,63.4
Southwest,6/3/1981,63.5,77.9,91.5,92.2,63.7
Southwest,6/4/1981,64,79.1,94,93.9,64.7
Southwest,6/5/1981,66.7,81.9,96.1,96.1,66
Southwest,6/6/1981,67.3,82.7,98.2,98.2,68.2
Southwest,6/7/1981,70.7,85.6,100.4,99.8,69.6
Southwest,6/8/1981,70.9,86.5,100.9,100.4,70.8
Southwest,6/9/1981,70.8,86.3,99.9,99.7,70.4
Southwest,6/10/1981,69.4,84.6,98.3,98.3,69.2
Southwest,6/11/1981,67.3,82.7,96.8,96.7,67.3
Southwest,6/12/1981,65.3,80.8,95.1,95.3,65.3
Southwest,6/13/1981,63.4,79.2,94,93.4,63.5
Southwest,6/14/1981,61.9,77.2,91.2,91.9,61.7
Southwest,6/15/1981,59.9,76.2,90.4,92.6,61.2
Southwest,6/16/1981,61.7,78.7,96.1,95.1,62.3
Southwest,6/17/1981,65.4,82.4,98.7,98.8,65.6
Southwest,6/18/1981,69.7,86.2,101.7,101.1,68.3
Southwest,6/19/1981,69.7,86.9,102.8,103,70.8
Southwest,6/20/1981,73.1,89.3,104.6,104,72
Southwest,6/21/1981,73.3,89.6,104.7,104.6,73.4
Southwest,6/22/1981,73.8,89.9,104.6,104.2,73.6
Southwest,6/23/1981,73.8,89.3,103.4,103.5,73.7
Southwest,6/24/1981,73.6,88.4,102.5,103,73.9
Southwest,6/25/1981,74.3,89.2,103.2,102.6,74.5
Southwest,6/26/1981,75.7,89.9,102.1,102,74.9
Southwest,6/27/1981,74.8,87.4,100.8,99.7,74.4
Southwest,6/28/1981,72.6,84.6,96.3,97.5,72.9
Southwest,6/29/1981,71.3,83.6,95.5,95.6,72.4
Southwest,6/30/1981,73.3,84.9,95.1,94.6,72
Southwest,7/1/1981,71.3,82.9,93.3,95.1,72.1
Southwest,7/2/1981,71.8,83.8,96.8,97.2,72.1
Southwest,7/3/1981,73.3,86.7,101.4,99.8,73
Southwest,7/4/1981,73.8,87.6,101.3,102,73.8
Southwest,7/5/1981,74.2,88.8,103.4,102.6,74.1
Southwest,7/6/1981,74.3,88.6,103,101.9,74.1
Southwest,7/7/1981,73.8,86.5,99.2,99.5,73.6
Southwest,7/8/1981,72.7,84.8,96.3,97,73.7
Southwest,7/9/1981,74.6,85.5,95.6,95.4,73.6
Southwest,7/10/1981,73.4,84.5,94.3,94.1,73.5
Southwest,7/11/1981,72.6,81.6,92.3,92.7,72.8
Southwest,7/12/1981,72.3,81.6,91.4,92.3,72.8
Southwest,7/13/1981,73.6,83.5,93.2,93,73.6
Southwest,7/14/1981,75,85.3,94.5,94.5,74.7
Southwest,7/15/1981,75.4,86.2,95.7,94.7,74.6
Southwest,7/16/1981,73.5,83.8,94,94.8,74
Southwest,7/17/1981,73.2,84,94.8,95.3,73.2
Southwest,7/18/1981,72.8,84.8,97.2,96.7,73.4
Southwest,7/19/1981,74.3,86.2,98.1,98.4,73.9
Southwest,7/20/1981,74.5,87.1,100,99.7,75.2
Southwest,7/21/1981,76.8,89.1,100.9,100.3,76.5
Southwest,7/22/1981,78.1,90,100.1,100.1,77.2
Southwest,7/23/1981,76.8,88.8,99.3,99.2,76.8
Southwest,7/24/1981,75.4,87.5,98.1,98.1,75.5
Southwest,7/25/1981,74.3,85.9,96.9,97.1,74.2
Southwest,7/26/1981,72.9,84.9,96.3,96.5,73.1
Southwest,7/27/1981,72.2,84.3,96.2,96.5,72.8
Southwest,7/28/1981,73.3,85.4,97,96.5,72.8
Southwest,7/29/1981,73,84.8,96.2,96.2,72.3
Southwest,7/30/1981,70.7,83.3,95.4,95,72
Southwest,7/31/1981,72.2,82.9,93.5,94,72.7
Southwest,8/1/1981,75.3,83.7,93.1,94.6,73.8
Southwest,8/2/1981,73.8,85,97.2,96,74
Southwest,8/3/1981,73,85.9,97.6,97.6,72.7
Southwest,8/4/1981,71.2,85.2,98,98.2,72
Southwest,8/5/1981,71.7,85,98.9,98.6,72.8
Southwest,8/6/1981,75.5,87.1,99,98.7,74.1
Southwest,8/7/1981,75,86.9,98.2,98,74.5
Southwest,8/8/1981,73.1,84.9,96.9,97.2,73.7
Southwest,8/9/1981,72.9,84.8,96.4,96.2,73.2
Southwest,8/10/1981,73.7,84.4,95.4,94,71.9
Southwest,8/11/1981,69,79.8,90.1,92.6,70.6
Southwest,8/12/1981,69,80.2,92.3,91.3,68.4
Southwest,8/13/1981,67.3,79.9,91.4,92,68
Southwest,8/14/1981,67.6,79.8,92.4,92.5,68.1
Southwest,8/15/1981,69.3,81.5,93.8,93.8,68.8
Southwest,8/16/1981,69.4,82.6,95.2,94.8,69.6
Southwest,8/17/1981,70,82.8,95.5,95.1,69.7
Southwest,8/18/1981,69.8,82.6,94.7,95.2,70
Southwest,8/19/1981,70.1,82.6,95.3,96,70.6
Southwest,8/20/1981,71.8,84.6,98,97.2,71.7
Southwest,8/21/1981,73.2,86.3,98.3,97.9,72.5
Southwest,8/22/1981,72.6,84.7,97.5,97.8,73
Southwest,8/23/1981,73.3,85.2,97.6,98.4,73.4
Southwest,8/24/1981,74.3,87,100.1,98.8,74.2
Southwest,8/25/1981,75,87.6,98.7,100,74.6
Southwest,8/26/1981,74.5,87.7,101.3,100.6,75.1
Southwest,8/27/1981,75.7,89.1,101.7,101,75.5
Southwest,8/28/1981,76.2,88.7,100,100.8,75.5
Southwest,8/29/1981,74.7,87.9,100.8,100.1,75.2
Southwest,8/30/1981,74.7,87.1,99.5,99.2,74.1
Southwest,8/31/1981,73,84.2,97.4,96.3,72.8
Southwest,9/1/1981,70.8,81.4,92,94.4,71.8
Southwest,9/2/1981,71.7,82.4,93.8,93.1,71.2
Southwest,9/3/1981,71,81.4,93.4,92.9,71.6
Southwest,9/4/1981,72,82.1,91.5,91.7,71.3
Southwest,9/5/1981,70.8,80.1,90.3,90.2,70.6
Southwest,9/6/1981,69,78.5,88.9,89.1,69.4
Southwest,9/7/1981,68.5,78.4,88.2,88.6,68.6
Southwest,9/8/1981,68.4,78.5,88.8,88.7,68
Southwest,9/9/1981,67,77.8,89.2,90,67.5
Southwest,9/10/1981,67,79.1,92,91,67.3
Southwest,9/11/1981,68,79.8,91.8,92.3,68
Southwest,9/12/1981,69.1,80.9,93.2,93,68.9
Southwest,9/13/1981,69.5,81.3,94,93.6,69
Southwest,9/14/1981,68.3,80.9,93.5,93.6,68.6
Southwest,9/15/1981,68,80.5,93.3,92.6,68.5
Southwest,9/16/1981,69.2,80.1,91,91.6,68.2
Southwest,9/17/1981,67.5,78.7,90.6,90.2,68.4
Southwest,9/18/1981,68.4,78.7,89,89.2,67.7
Southwest,9/19/1981,67.1,77.8,88.1,89.5,67.4
Southwest,9/20/1981,66.8,78.6,91.5,90.4,67.1
Southwest,9/21/1981,67.3,79.5,91.6,90.9,67.5
Southwest,9/22/1981,68.5,78,89.5,88.1,67.2
Southwest,9/23/1981,65.7,74.3,83.2,86.2,65.7
Southwest,9/24/1981,63,73.9,85.9,85.3,63.7
Southwest,9/25/1981,62.5,74.5,86.8,86.8,62.5
Southwest,9/26/1981,62.1,74.5,87.8,88.9,63
Southwest,9/27/1981,64.4,77.2,92.1,90.9,64.4
Southwest,9/28/1981,66.8,79.1,92.7,91.6,65.6
Southwest,9/29/1981,65.7,77.9,90.1,90.2,65.4
Southwest,9/30/1981,63.8,75.1,87.8,87.9,65.1
Southwest,10/1/1981,65.9,75.1,85.8,84.5,64.2
Southwest,10/2/1981,62.8,70.3,79.9,81,61.1
Southwest,10/3/1981,54.7,65.6,77.3,79.1,57.8
Southwest,10/4/1981,55.8,67.3,80.2,79.7,55.9
Southwest,10/5/1981,57.2,68.7,81.6,82.1,57.3
Southwest,10/6/1981,58.8,70.8,84.4,83,58.9
Southwest,10/7/1981,60.6,71.4,83,82.9,59.4
Southwest,10/8/1981,58.7,69.8,81.3,81.6,58.6
Southwest,10/9/1981,56.5,68,80.4,81,57.5
Southwest,10/10/1981,57.2,68.6,81.4,80.2,57.9
Southwest,10/11/1981,60,66.4,78.9,77,56.2
Southwest,10/12/1981,51.3,60.3,70.7,72.5,53.8
Southwest,10/13/1981,50.1,58.1,68,70.2,50.1
Southwest,10/14/1981,48.9,58.7,71.8,69.8,50.3
Southwest,10/15/1981,51.8,60.2,69.7,70.3,49.5
Southwest,10/16/1981,47.7,57.7,69.5,70.4,49
Southwest,10/17/1981,47.5,58.5,72.1,73.6,48.7
Southwest,10/18/1981,51,63,79.3,76.8,50.6
Southwest,10/19/1981,53.4,65.2,79,79.2,53
Southwest,10/20/1981,54.5,66,79.4,78.4,54.4
Southwest,10/21/1981,55.3,66,76.9,78.1,54.4
Southwest,10/22/1981,53.3,64.6,77.9,77.3,53.9
Southwest,10/23/1981,53,64.4,77,76.9,52.3
Southwest,10/24/1981,50.6,62.4,75.9,75.5,51.1
Southwest,10/25/1981,49.7,61.2,73.7,75.1,50.1
Southwest,10/26/1981,49.9,61.6,75.8,75.8,50.5
Southwest,10/27/1981,51.8,63.7,77.9,78,53.3
Southwest,10/28/1981,58.2,67.3,80.3,77.7,53.6
Southwest,10/29/1981,50.8,61.8,75,74.3,50.9
Southwest,10/30/1981,43.7,54.8,67.5,70.9,46.1
Southwest,10/31/1981,43.7,55.1,70.3,71.2,44.7
Southwest,11/1/1981,46.8,58.3,75.8,74.3,46.5
Southwest,11/2/1981,49.1,61.2,76.9,76.6,48.7
Southwest,11/3/1981,50.2,62.3,77,77.1,49.9
Southwest,11/4/1981,50.5,62.8,77.3,77.5,51.3
Southwest,11/5/1981,53.2,63.9,78.1,77.5,52.7
Southwest,11/6/1981,54.5,65.1,77.1,75.4,52.5
Southwest,11/7/1981,49.7,60.1,71.1,73.1,50.7
Southwest,11/8/1981,48,58.1,71.2,71.9,49
Southwest,11/9/1981,49.4,60,73.4,72.6,48.5
Southwest,11/10/1981,48.2,59.5,73.1,73.7,48.9
Southwest,11/11/1981,49.1,60.2,74.5,74.1,49.1
Southwest,11/12/1981,49.9,61.1,74.6,75.2,50.3
Southwest,11/13/1981,52,62.4,76.4,74.8,51.5
Southwest,11/14/1981,52.5,62.3,73.4,75.6,52
Southwest,11/15/1981,51.5,62.3,77.1,76.4,52.2
Southwest,11/16/1981,52.5,64.2,78.7,77.6,52.1
Southwest,11/17/1981,52.3,63.8,76.9,75.7,51.3
Southwest,11/18/1981,49.1,60.2,71.5,72.6,48.4
Southwest,11/19/1981,43.9,55.5,69.3,70.2,45.7
Southwest,11/20/1981,44.1,54.9,69.7,69.6,44.4
Southwest,11/21/1981,45.3,55.8,69.9,70.3,45.3
Southwest,11/22/1981,46.6,57.6,71.3,71.5,46.4
Southwest,11/23/1981,47.2,58.4,73.3,73.1,47.8
Southwest,11/24/1981,49.6,60.5,74.6,71.7,47.8
Southwest,11/25/1981,46.6,56.4,67.2,66.5,44
Southwest,11/26/1981,35.9,46.5,57.8,60.5,41.3
Southwest,11/27/1981,41.5,47.7,56.4,57,40.9
Southwest,11/28/1981,45.2,49.7,56.8,55.6,44
Southwest,11/29/1981,45.4,49.5,53.7,54.2,42.4
Southwest,11/30/1981,36.6,43.7,52.2,53.2,39
Southwest,12/1/1981,35.1,43,53.7,55.3,36.2
Southwest,12/2/1981,37,45.6,60.1,60.2,38.1
Southwest,12/3/1981,42.3,51.4,66.9,65.2,41.7
Southwest,12/4/1981,45.7,55,68.7,67.9,45
Southwest,12/5/1981,47.1,55.7,68.2,68.3,46.4
Southwest,12/6/1981,46.3,55.8,68.1,68.2,46.5
Southwest,12/7/1981,46.1,55.8,68.4,69.4,46.3
Southwest,12/8/1981,46.6,56.8,71.7,71,47
Southwest,12/9/1981,48.3,58.2,72.8,70.5,47.6
Southwest,12/10/1981,47.9,57.2,66.9,68.7,48.2
Southwest,12/11/1981,48.5,56.3,66.5,65.9,47.8
Southwest,12/12/1981,46.9,55,64.4,64,46.6
Southwest,12/13/1981,44.5,53,61,62.4,44.1
Southwest,12/14/1981,41,49.7,61.8,62.7,42.7
Southwest,12/15/1981,42.7,51.9,65.2,64.3,42.5
Southwest,12/16/1981,43.7,53.4,65.8,65,43
Southwest,12/17/1981,42.5,52.3,63.9,64.5,42.6
Southwest,12/18/1981,41.6,51.1,63.9,64.6,42.6
Southwest,12/19/1981,43.6,52.8,66,65.9,43.8
Southwest,12/20/1981,46.2,55.2,67.8,65.7,44.9
Southwest,12/21/1981,45,54.1,63.3,63,42.7
Southwest,12/22/1981,37,46.3,58,57.7,37.9
Southwest,12/23/1981,31.6,40.6,51.9,54.4,33.4
Southwest,12/24/1981,31.5,40.4,53.2,53.2,32.5
Southwest,12/25/1981,34.4,42.5,54.5,54.7,33.9
Southwest,12/26/1981,35.7,44.5,56.4,56.2,36
Southwest,12/27/1981,37.8,46.4,57.8,57.5,37
Southwest,12/28/1981,37.5,46.3,58.4,59.2,38.2
Southwest,12/29/1981,39.3,48.5,61.5,59.7,39.2
Southwest,12/30/1981,40.7,49.8,59.3,59.5,41.1
Southwest,12/31/1981,43.3,49.3,57.6,57.4,42.5
Southwest,1/1/1982,43.6,48.4,55.2,54.5,41.5
Southwest,1/2/1982,37.6,44.5,50.6,51.1,36.9
Southwest,1/3/1982,29.5,38.2,47.4,49.9,32.1
Southwest,1/4/1982,29.1,37.5,51.7,50.5,32.6
Southwest,1/5/1982,39.2,44.2,52.5,52.7,36.5
Southwest,1/6/1982,41.2,46.4,54,52.7,37.6
Southwest,1/7/1982,32.4,41.6,51.5,54.2,35.2
Southwest,1/8/1982,32.1,41,57.1,57.1,33.6
Southwest,1/9/1982,36.2,45.9,62.6,60.5,36.3
Southwest,1/10/1982,40.5,49.5,61.8,61.3,39.8
Southwest,1/11/1982,42.6,50.3,59.6,59.1,41.1
Southwest,1/12/1982,40.1,47.1,56,56,38.4
Southwest,1/13/1982,32.5,41.9,52.3,54.3,35
Southwest,1/14/1982,32.3,41.3,54.6,55.4,33.5
Southwest,1/15/1982,35.7,45.2,59.3,57.8,34.8
Southwest,1/16/1982,36.3,46.4,59.4,60.8,37.1
Southwest,1/17/1982,39.4,48.9,63.7,62,38.5
Southwest,1/18/1982,39.7,50.3,62.8,61.9,40.4
Southwest,1/19/1982,42,49.5,59.2,59.7,39.7
Southwest,1/20/1982,37.5,46.4,57.1,57,39.4
Southwest,1/21/1982,38.7,44.9,54.6,53.2,35.4
Southwest,1/22/1982,30.1,38,47.8,50.9,32.5
Southwest,1/23/1982,28.7,36.8,50.3,53.4,31.5
Southwest,1/24/1982,35.7,44.6,62,60.5,35.8
Southwest,1/25/1982,42.9,52.8,69.2,66.3,41.3
Southwest,1/26/1982,45.4,55.7,67.7,67.2,43.3
Southwest,1/27/1982,41.7,52.6,64.8,65.1,43.3
Southwest,1/28/1982,42.7,51.7,62.7,62.3,40.7
Southwest,1/29/1982,37.8,45.8,59.5,59.2,38.1
Southwest,1/30/1982,33.8,42.4,55.3,57.7,35.7
Southwest,1/31/1982,35.4,45.2,58.2,56.5,34.9
Southwest,2/1/1982,35.4,44.9,56.1,55.6,34.1
Southwest,2/2/1982,31.6,41.2,52.4,54.3,33
Southwest,2/3/1982,32.1,42,54.4,53.9,32.5
Southwest,2/4/1982,33.7,43.5,55,54.7,33.2
Southwest,2/5/1982,33.8,43.2,54.7,55.1,33.4
Southwest,2/6/1982,32.7,42.9,55.6,56.5,34.1
Southwest,2/7/1982,35.9,45.2,59.3,57.4,36
Southwest,2/8/1982,39.4,46.7,57.4,57.4,36.7
Southwest,2/9/1982,34.8,43.4,55.5,55.7,38.7
Southwest,2/10/1982,42,46.8,54.3,56,41
Southwest,2/11/1982,46.2,50,58.3,58,41.8
Southwest,2/12/1982,37.1,47.7,61.3,61.6,41.1
Southwest,2/13/1982,40.1,50.8,65.3,64.1,40.9
Southwest,2/14/1982,45.4,53.9,65.8,65.7,43.3
Southwest,2/15/1982,44.5,54.4,66,67.2,45.5
Southwest,2/16/1982,46.7,56.8,69.9,68.4,46.1
Southwest,2/17/1982,47,57.4,69.3,69.1,46.2
Southwest,2/18/1982,44.8,55.5,68.2,68.6,45.4
Southwest,2/19/1982,44.4,54.5,68.2,69.9,45.7
Southwest,2/20/1982,47.8,58.4,73.3,72.9,47.4
Southwest,2/21/1982,49.9,61.9,77.1,75.8,49.6
Southwest,2/22/1982,51.2,63.2,77,76.5,50.7
Southwest,2/23/1982,50.9,62.6,75.3,75,50.8
Southwest,2/24/1982,50.2,60.3,72.6,70.8,48.8
Southwest,2/25/1982,45.3,53.6,64.4,67.1,46
Southwest,2/26/1982,42.6,52.4,64.2,65.4,43.9
Southwest,2/27/1982,43.9,54.4,67.5,67.8,44.1
Southwest,2/28/1982,45.9,57.6,71.6,71,46
Southwest,3/1/1982,48.1,59.9,74,72.7,48.6
Southwest,3/2/1982,51.8,61.2,72.4,71.3,47.2
Southwest,3/3/1982,41.6,53.2,67.4,67.9,44.6
Southwest,3/4/1982,40.5,51.6,63.9,64.7,40.6
Southwest,3/5/1982,39.7,51.1,62.9,62.6,38.6
Southwest,3/6/1982,35.5,47.7,61,63.8,37.6
Southwest,3/7/1982,37.6,50.7,67.4,67.3,39.2
Southwest,3/8/1982,44.5,56.9,73.4,72,43.5
Southwest,3/9/1982,48.3,60.9,75.1,75.4,47.8
Southwest,3/10/1982,50.6,63,77.7,76.3,51.4
Southwest,3/11/1982,55.2,65.7,76,75.1,53.4
Southwest,3/12/1982,54.4,61.3,71.5,70.5,53
Southwest,3/13/1982,49.4,55.7,64.1,67,49.5
Southwest,3/14/1982,44.6,53.6,65.5,64.4,46.2
Southwest,3/15/1982,44.7,52.4,63.7,63.6,43.7
Southwest,3/16/1982,41.7,51.1,61.5,63.6,42.6
Southwest,3/17/1982,41.4,52.1,65.5,63.5,43.2
Southwest,3/18/1982,46.4,53,63.6,61.8,41.3
Southwest,3/19/1982,36,45.9,56.4,60.2,39.6
Southwest,3/20/1982,36.4,47.3,60.7,60.2,36.9
Southwest,3/21/1982,38.4,50.1,63.6,64.3,39
Southwest,3/22/1982,42.2,54,68.5,67.5,41.4
Southwest,3/23/1982,43.5,56.1,70.3,70.2,43.2
Southwest,3/24/1982,44,57.1,71.7,72.2,44.7
Southwest,3/25/1982,46.5,59.8,74.7,73.2,48
Southwest,3/26/1982,53.4,59,73.2,72.2,48.3
Southwest,3/27/1982,44.9,55.6,68.7,71.2,48.3
Southwest,3/28/1982,46.6,59,71.7,69.8,44.9
Southwest,3/29/1982,43.2,53.4,69,67.9,42.9
Southwest,3/30/1982,38.9,49.7,63.1,67.9,41.8
Southwest,3/31/1982,43.4,55.8,71.6,69.3,43
Southwest,4/1/1982,46.6,60.1,73.2,71.4,43.3
Southwest,4/2/1982,39.8,52.6,69.4,71,43.1
Southwest,4/3/1982,42.9,54.5,70.5,70.7,42.9
Southwest,4/4/1982,45.9,59,72.3,72.2,44.5
Southwest,4/5/1982,44.6,59,73.8,73.2,46.3
Southwest,4/6/1982,48.3,61.3,73.5,73.1,46.4
Southwest,4/7/1982,46.2,58.2,72,71.7,45.8
Southwest,4/8/1982,42.9,55.6,69.6,70.5,46.7
Southwest,4/9/1982,51,59.5,69.9,72.1,48.1
Southwest,4/10/1982,50.4,62.4,76.7,76.1,52.5
Southwest,4/11/1982,56.1,67.9,81.8,80.3,55.1
Southwest,4/12/1982,58.7,70.9,82.4,82.1,56.8
Southwest,4/13/1982,55.7,68.5,82,81.6,55.5
Southwest,4/14/1982,52.1,66.7,80.4,80.4,52.4
Southwest,4/15/1982,49.4,63.8,78.8,78.1,49.4
Southwest,4/16/1982,46.7,61.6,75.2,77.3,48.3
Southwest,4/17/1982,48.8,63.4,78,77.7,48.7
Southwest,4/18/1982,50.7,65,80,79.8,50.4
Southwest,4/19/1982,51.6,66.6,81.5,80.6,50.9
Southwest,4/20/1982,50.3,64.6,80.3,78.6,48.5
Southwest,4/21/1982,43.7,57.5,74,73.9,45.9
Southwest,4/22/1982,43.8,55,67.3,70.9,44.3
Southwest,4/23/1982,45.3,57.4,71.5,72.3,45.9
Southwest,4/24/1982,48.6,62.6,78,76.6,48.4
Southwest,4/25/1982,51.4,65.6,80.3,80.4,51.5
Southwest,4/26/1982,54.6,68.3,82.9,82.5,53.8
Southwest,4/27/1982,55.5,70.1,84.4,84.5,55.6
Southwest,4/28/1982,56.8,71.6,86.2,85.3,57.1
Southwest,4/29/1982,58.9,71.8,85.3,84.6,57.7
Southwest,4/30/1982,57.5,70,82.3,82.9,58.3
Southwest,5/1/1982,58.4,69.8,81.1,81.5,58.6
Southwest,5/2/1982,59.9,70.2,81.1,82.2,58.2
Southwest,5/3/1982,56.3,69.8,84.3,82.7,58.1
Southwest,5/4/1982,58.1,68.7,82.7,79.9,55.7
Southwest,5/5/1982,52.8,62.2,72.6,78.3,53.8
Southwest,5/6/1982,50.4,63.9,79.7,78.5,52.5
Southwest,5/7/1982,54.2,68.5,83.3,82.4,53.8
Southwest,5/8/1982,56.8,71.2,84.1,82.9,54.3
Southwest,5/9/1982,52,66,81.4,80.2,52.4
Southwest,5/10/1982,48.5,61.7,75.1,76.5,49.5
Southwest,5/11/1982,47.9,60.9,72.9,73.2,47.7
Southwest,5/12/1982,46.6,59.4,71.5,73.9,47.3
Southwest,5/13/1982,47.3,61.2,77.4,77.2,49.1
Southwest,5/14/1982,53.4,67.5,82.7,80.9,52
Southwest,5/15/1982,55.2,69.6,82.5,83.4,54.9
Southwest,5/16/1982,56.2,70.6,84.9,85.2,57
Southwest,5/17/1982,59.5,74.1,88.1,87.1,58.8
Southwest,5/18/1982,60.6,75.3,88.4,87.5,59.1
Southwest,5/19/1982,57.1,72.1,86.1,87.1,58.3
Southwest,5/20/1982,57.3,72.5,86.9,87.3,57.8
Southwest,5/21/1982,59,74.1,89,88,58.8
Southwest,5/22/1982,60.2,74.8,88.1,88.6,59.7
Southwest,5/23/1982,59.9,74.4,88.8,89.1,60.5
Southwest,5/24/1982,61.3,76.1,90.4,89.4,60.6
Southwest,5/25/1982,60.6,75.6,89.1,89.5,60.9
Southwest,5/26/1982,60.9,75.8,88.9,88.5,60.4
Southwest,5/27/1982,59.8,72.5,87.5,86.8,58.4
Southwest,5/28/1982,54.6,68.9,83.9,86,57.2
Southwest,5/29/1982,57.3,72.2,86.7,85.4,56
Southwest,5/30/1982,56.1,71.4,85.7,87.5,57.3
Southwest,5/31/1982,58.4,74,90.1,88.4,58
Southwest,6/1/1982,59.6,75,89.5,89.3,58.6
Southwest,6/2/1982,57.9,74,88.3,88.3,58
Southwest,6/3/1982,56.6,72.7,87.2,88.5,57.8
Southwest,6/4/1982,59,74.6,90,88.8,58.9
Southwest,6/5/1982,61,75.2,89.2,89.1,59.5
Southwest,6/6/1982,58.6,74.1,88.1,88.9,59.2
Southwest,6/7/1982,58.1,74.2,89.4,89,58.8
Southwest,6/8/1982,59.8,75.2,89.5,90.1,59.3
Southwest,6/9/1982,60.1,76.2,91.4,91.1,60.6
Southwest,6/10/1982,61.9,77.8,92.4,92.3,61.6
Southwest,6/11/1982,62.7,78.5,93.2,92.8,62.3
Southwest,6/12/1982,62.4,78.8,92.7,92.5,62.1
Southwest,6/13/1982,61.1,77,91.7,91.6,61.2
Southwest,6/14/1982,60,75.6,90.3,91.2,60.9
Southwest,6/15/1982,61.7,76.8,91.6,92,61.9
Southwest,6/16/1982,64.1,79.4,94.2,93.3,63.7
Southwest,6/17/1982,65.2,80.6,94.2,93.6,63.7
Southwest,6/18/1982,61.9,77.7,92.5,92.5,63
Southwest,6/19/1982,62,76.7,90.7,91.8,62.5
Southwest,6/20/1982,63.7,78.5,92.1,91.9,63.2
Southwest,6/21/1982,63.9,79.1,92.8,92.5,63.7
Southwest,6/22/1982,63.4,78.5,92.6,92.3,63.4
Southwest,6/23/1982,62.8,77.9,91.6,92.9,63.5
Southwest,6/24/1982,64.2,79.7,94.4,94.3,64.3
Southwest,6/25/1982,66,81.6,96.8,96.6,66.1
Southwest,6/26/1982,68.1,83.9,98.7,98.6,67.9
Southwest,6/27/1982,69.5,85.4,100.4,99.4,68.9
Southwest,6/28/1982,69.1,84.9,99.1,98.7,68.7
Southwest,6/29/1982,67.6,82.8,96.6,96.7,68
Southwest,6/30/1982,67.2,80,94.5,93.9,65.8
Southwest,7/1/1982,62.5,76.8,90.7,92.9,64.2
Southwest,7/2/1982,62.9,78,93.6,93.3,63.7
Southwest,7/3/1982,65.6,80.9,95.6,94.7,65.4
Southwest,7/4/1982,67.6,82,94.9,94.2,66.5
Southwest,7/5/1982,66.4,78.3,92,91.7,65.7
Southwest,7/6/1982,63.2,76.4,88.1,89.4,66.1
Southwest,7/7/1982,68.8,77.5,88.2,89.8,66.1
Southwest,7/8/1982,66.2,79.2,93.2,92.6,68.1
Southwest,7/9/1982,69.3,82.9,96.4,96.5,68.7
Southwest,7/10/1982,70.7,85.4,100,98.9,70.6
Southwest,7/11/1982,71.8,86.6,100.3,100.4,71.3
Southwest,7/12/1982,71.3,86.3,100.8,100.7,71.8
Southwest,7/13/1982,72.4,87.3,101,101.3,72.7
Southwest,7/14/1982,74.4,88.6,102.2,101.5,73.6
Southwest,7/15/1982,74.1,87.9,101.3,100.7,74
Southwest,7/16/1982,73.6,86.4,98.5,98.3,74.1
Southwest,7/17/1982,74.5,85,95,95.7,73.8
Southwest,7/18/1982,73.4,83.8,93.6,95.6,73.8
Southwest,7/19/1982,73.6,85.6,98.1,97,73.6
Southwest,7/20/1982,73.8,86.8,99.2,98.7,73.8
Southwest,7/21/1982,73.9,86.8,98.9,98.7,74.5
Southwest,7/22/1982,75.7,87.4,97.9,97.6,75.2
Southwest,7/23/1982,75.9,86.4,96.1,95.6,75.5
Southwest,7/24/1982,74.9,84.9,92.9,92.9,74.5
Southwest,7/25/1982,72.6,80.9,89.6,90.7,73.4
Southwest,7/26/1982,72.7,81.4,89.6,90.9,72.8
Southwest,7/27/1982,73.1,82.8,93.5,92.5,73
Southwest,7/28/1982,73.2,83.9,94.3,93.9,73.5
Southwest,7/29/1982,74.2,84.9,93.8,94.1,74.3
Southwest,7/30/1982,75.6,84.9,94.2,94.2,75.2
Southwest,7/31/1982,75.9,85.6,94.6,94.8,75.7
Southwest,8/1/1982,75.5,85.5,95.5,95.1,75.1
Southwest,8/2/1982,74,84.1,95.1,94.9,73.5
Southwest,8/3/1982,70.9,82.9,94.2,94.8,71.5
Southwest,8/4/1982,69.7,82.8,95.2,95.2,71.2
Southwest,8/5/1982,73.1,84.8,96.2,95.9,72.8
Southwest,8/6/1982,75.5,86.2,96.4,96.5,74.4
Southwest,8/7/1982,74.5,86,97,97.6,75.2
Southwest,8/8/1982,75.7,87.5,99.4,98.6,75.2
Southwest,8/9/1982,75.5,88.1,99.4,99.1,75.3
Southwest,8/10/1982,74.6,87.1,98.6,98.4,75.1
Southwest,8/11/1982,75.1,84.7,97.3,95,73.6
Southwest,8/12/1982,71,78.4,89.1,91.8,71.7
Southwest,8/13/1982,69.1,77.5,89.1,89.8,70.4
Southwest,8/14/1982,71.1,81.2,91.3,91.2,71.1
Southwest,8/15/1982,73.2,83,93.1,93.2,72.8
Southwest,8/16/1982,74,84.5,95.2,95.4,74.4
Southwest,8/17/1982,76,86.9,97.9,96.5,74.7
Southwest,8/18/1982,74.2,85.9,96.3,96.4,75.7
Southwest,8/19/1982,76.8,86.4,94.9,95.7,76.5
Southwest,8/20/1982,78.6,87.7,96,95,77.5
Southwest,8/21/1982,77.2,86.6,94.2,94.5,77.2
Southwest,8/22/1982,75.9,85.4,93.4,93.3,76
Southwest,8/23/1982,74.8,84.4,92.2,91.5,73.8
Southwest,8/24/1982,70.8,79.8,88.9,89.9,71.8
Southwest,8/25/1982,69.9,78.6,88.5,89.4,70
Southwest,8/26/1982,69.3,79.6,90.7,90.7,69.6
Southwest,8/27/1982,69.6,80.9,93,92.8,70.4
Southwest,8/28/1982,72.2,83.4,94.8,94,71.4
Southwest,8/29/1982,72.3,83.7,94.1,94.2,71.9
Southwest,8/30/1982,71.3,82.9,93.8,95.2,72.1
Southwest,8/31/1982,72.6,84.7,97.6,97.3,72.6
Southwest,9/1/1982,73.9,87,100.6,100.1,74
Southwest,9/2/1982,75.6,88.7,102.2,101,75.2
Southwest,9/3/1982,76.1,88.3,100.2,99.8,76.4
Southwest,9/4/1982,77.6,86.5,97.1,98,75.6
Southwest,9/5/1982,73.2,84.7,96.6,97,74.5
Southwest,9/6/1982,72.6,84.8,97.2,96.5,72.7
Southwest,9/7/1982,72.3,83.9,95.7,95.4,72.1
Southwest,9/8/1982,71.3,80.3,93.2,92.4,70.7
Southwest,9/9/1982,68.4,78.2,88.2,89.5,69
Southwest,9/10/1982,67.3,76.3,87,85.8,66.5
Southwest,9/11/1982,63.9,72.4,82.3,83.4,63.8
Southwest,9/12/1982,60.2,70.7,80.9,81.8,60.8
Southwest,9/13/1982,58.4,70.2,82.3,82.5,58.9
Southwest,9/14/1982,58,70.5,84.3,83.9,58.8
Southwest,9/15/1982,59.9,72.2,85.2,85.3,59.6
Southwest,9/16/1982,61,72.6,86.5,85.3,60.5
Southwest,9/17/1982,60.6,71.9,84.3,86,61.6
Southwest,9/18/1982,63.1,74,87.1,87.1,62.4
Southwest,9/19/1982,63.5,75.8,89.9,89.2,63.8
Southwest,9/20/1982,64.8,77.2,90.5,91.2,64.6
Southwest,9/21/1982,65.5,78.4,93.2,93.2,65.8
Southwest,9/22/1982,67.1,80.4,95.8,95.2,66.9
Southwest,9/23/1982,68.1,81.8,96.5,96.2,68.2
Southwest,9/24/1982,69.5,82.4,96.3,95.6,68.9
Southwest,9/25/1982,69.2,81.2,94.1,93.8,68.7
Southwest,9/26/1982,67.5,79,91.1,90.4,66
Southwest,9/27/1982,61.3,71.6,85.9,84,59.9
Southwest,9/28/1982,51,62.9,75.1,80.5,54.7
Southwest,9/29/1982,51.9,65,80.5,78,52.9
Southwest,9/30/1982,55.7,66.3,78.5,78.6,53.2
Southwest,10/1/1982,52.1,63.7,76.8,79.2,53.6
Southwest,10/2/1982,53,65.9,82.2,82.1,54
Southwest,10/3/1982,57,70.5,87.4,85,56
Southwest,10/4/1982,58.1,71.4,85.3,85.4,57
Southwest,10/5/1982,55.9,69.6,83.5,84.4,56.5
Southwest,10/6/1982,55.5,69.1,84.5,83.4,55.7
Southwest,10/7/1982,55.7,69,82.3,81.9,54
Southwest,10/8/1982,50.9,63.8,78.9,78,51.4
Southwest,10/9/1982,47.5,59.8,72.7,75.1,48.4
Southwest,10/10/1982,46.8,59.2,73.6,73.2,47.2
Southwest,10/11/1982,47.2,59.7,73.2,73.1,47.2
Southwest,10/12/1982,47.6,59.7,72.6,73.9,47.7
Southwest,10/13/1982,48.2,60.7,76,76,48.9
Southwest,10/14/1982,51,63.8,79.4,79.6,51.1
Southwest,10/15/1982,54.2,67.1,83.4,82.4,54
Southwest,10/16/1982,56.9,69.3,84.3,83.7,55.9
Southwest,10/17/1982,56.6,69.1,83.4,83.8,56.4
Southwest,10/18/1982,55.6,69,83.7,82.5,55.5
Southwest,10/19/1982,54.2,67,80.4,80.7,54.3
Southwest,10/20/1982,53.2,65,78.1,79.2,53.2
Southwest,10/21/1982,52.2,64.5,79.2,80,53.6
Southwest,10/22/1982,55.4,67.4,82.7,82,55.2
Southwest,10/23/1982,58.1,69.5,84.2,83.7,57.1
Southwest,10/24/1982,57.8,70.1,84.3,83.2,57.9
Southwest,10/25/1982,57.7,69,81.1,81.3,57.8
Southwest,10/26/1982,57.8,68,78.5,77.6,55.2
Southwest,10/27/1982,50.1,62,73.1,73.1,50.2
Southwest,10/28/1982,42.7,54.6,67.8,70.9,45.8
Southwest,10/29/1982,44.5,56.1,71.9,71.4,45.4
Southwest,10/30/1982,48.9,60.2,74.6,72.7,47.9
Southwest,10/31/1982,50.2,60.6,71.7,72.3,48.7
Southwest,11/1/1982,46.9,57.9,70.7,70.6,47.4
Southwest,11/2/1982,45.1,56.7,69.3,68.9,44.8
Southwest,11/3/1982,42.3,53.7,66.7,69.3,43.4
Southwest,11/4/1982,42.8,54.6,72,71.2,44
Southwest,11/5/1982,46.8,58.8,75,73.4,45.6
Southwest,11/6/1982,47.2,58.9,73.3,73.8,47.1
Southwest,11/7/1982,47.2,59.1,73.1,72.2,48.6
Southwest,11/8/1982,51.3,59.9,70.3,69.1,49.2
Southwest,11/9/1982,49,56,63.9,64.7,49.8
Southwest,11/10/1982,49.2,53.2,59.9,59.2,45.6
Southwest,11/11/1982,38.7,46.4,53.9,58.2,40.9
Southwest,11/12/1982,34.9,45.1,60.8,59.6,37.6
Southwest,11/13/1982,39.2,49.6,64.1,63.5,38.3
Southwest,11/14/1982,40.9,52,65.6,65.8,40.7
Southwest,11/15/1982,41.9,52.5,67.6,66.1,42.7
Southwest,11/16/1982,45.4,54.2,65.2,64,45.4
Southwest,11/17/1982,49,53.4,59.2,61.8,47
Southwest,11/18/1982,46.7,52.4,61.1,60.8,47.3
Southwest,11/19/1982,46.1,53.1,62.1,61.7,45.7
Southwest,11/20/1982,44.3,52.3,61.8,62.4,44.3
Southwest,11/21/1982,42.4,51.7,63.2,62.5,43.3
Southwest,11/22/1982,43.2,52.3,62.6,63,43.7
Southwest,11/23/1982,45.5,54,63.2,61.5,43.9
Southwest,11/24/1982,42.9,50.8,58.6,60.1,43.6
Southwest,11/25/1982,42.5,49.3,58.4,58.7,42.6
Southwest,11/26/1982,42.5,49.8,59,58.3,42.1
Southwest,11/27/1982,41.4,48.4,57.4,58.5,41.9
Southwest,11/28/1982,41.7,49.5,59.1,58.2,42
Southwest,11/29/1982,42.9,49.4,58.1,58.1,43.3
Southwest,11/30/1982,45.2,50,57.2,56.1,42.7
Southwest,12/1/1982,40,45.2,53.1,52.8,39.6
Southwest,12/2/1982,33.7,39.9,48.2,50.8,35.7
Southwest,12/3/1982,33.3,40.1,51.1,51.4,34.4
Southwest,12/4/1982,36.3,43.6,55,55.6,36.3
Southwest,12/5/1982,39.3,47.2,60.7,59.2,38.7
Southwest,12/6/1982,40.4,49.4,61.9,61.1,40.1
Southwest,12/7/1982,40.6,49.8,60.8,59.4,41.6
Southwest,12/8/1982,43.8,48.4,55.6,56.3,43.8
Southwest,12/9/1982,47,49.3,52.4,53.1,45.3
Southwest,12/10/1982,45.2,47.9,51.4,53.2,44.7
Southwest,12/11/1982,41.9,47.6,55.7,55,42.3
Southwest,12/12/1982,39.9,47.5,58,56.9,40.6
Southwest,12/13/1982,40.1,47.5,57.1,56.5,39.4
Southwest,12/14/1982,38.3,45.8,54.3,55.5,38.3
Southwest,12/15/1982,36.5,44.3,55.1,56.6,38.1
Southwest,12/16/1982,39.6,47.4,60.5,59.9,39.6
Southwest,12/17/1982,42.6,51,64.2,62.5,41.5
Southwest,12/18/1982,42.4,51.4,62.7,63.8,42.2
Southwest,12/19/1982,41.5,50.9,64.5,63.9,42.4
Southwest,12/20/1982,43.3,52.3,64.6,63.8,42.5
Southwest,12/21/1982,42.6,51.9,62.4,61.6,43.4
Southwest,12/22/1982,44.3,50.5,57.9,58.3,44.1
Southwest,12/23/1982,45.4,49,54.7,53.5,40.3
Southwest,12/24/1982,31.2,38.5,47.9,49.7,35.6
Southwest,12/25/1982,30.3,36.4,46.5,47.4,31.1
Southwest,12/26/1982,31.7,38.1,47.7,47.4,31.4
Southwest,12/27/1982,32.1,38.9,48,47.5,31.7
Southwest,12/28/1982,31.4,38.4,46.7,47.1,30.7
Southwest,12/29/1982,28.7,36.1,46.6,45.2,31.1
Southwest,12/30/1982,33.2,36.9,42.4,45.2,30.9
Southwest,12/31/1982,30.7,36.5,46.7,45.7,31.4
Southwest,1/1/1983,30.4,37.5,47.9,48.4,30.7
Southwest,1/2/1983,31.1,38.6,50.7,50.3,31.3
Southwest,1/3/1983,32.5,40.3,52.4,52.2,32.5
Southwest,1/4/1983,33.8,41.7,53.5,54.8,34.6
Southwest,1/5/1983,37.4,45.4,58.6,58,37.2
Southwest,1/6/1983,40.5,48.9,61.8,60.5,39.8
Southwest,1/7/1983,41.4,50,61.2,62,41.3
Southwest,1/8/1983,42.1,50.8,63.1,61.8,41.6
Southwest,1/9/1983,41.2,50.1,61.1,61.8,40.5
Southwest,1/10/1983,38.3,48,61.3,62.8,40.4
Southwest,1/11/1983,41.6,50.9,65.9,64.9,41
Southwest,1/12/1983,43,52.9,67.6,66.9,42.9
Southwest,1/13/1983,44.1,53.8,67.3,67.4,43.8
Southwest,1/14/1983,44.2,54.4,67.3,66,44.5
Southwest,1/15/1983,45.1,53.3,63.3,64.4,44.2
Southwest,1/16/1983,43.4,51.5,62.5,62,45.1
Southwest,1/17/1983,46.8,53.3,60.2,60.6,44
Southwest,1/18/1983,41.7,49.8,59,58.7,43.1
Southwest,1/19/1983,40.9,48.4,57,56.2,40.6
Southwest,1/20/1983,39.3,44.6,52.6,52.4,37.2
Southwest,1/21/1983,31.5,39.1,47.6,50.4,34.5
Southwest,1/22/1983,32.6,40.3,51.1,51.1,34.4
Southwest,1/23/1983,39,44.5,54.6,54.4,37
Southwest,1/24/1983,39.5,46.7,57.4,56.9,39.9
Southwest,1/25/1983,41.2,48.9,58.8,59,40.4
Southwest,1/26/1983,40.4,48.9,60.7,61.1,41.2
Southwest,1/27/1983,42,51.3,63.8,61,40.7
Southwest,1/28/1983,39.6,47.7,58.5,58.6,40.5
Southwest,1/29/1983,39.9,45,53.4,55.2,40.9
Southwest,1/30/1983,43.1,47.5,53.7,52.9,40
Southwest,1/31/1983,37,44,51.6,51.9,38.1
Southwest,2/1/1983,34.2,41.8,50.5,51.2,34.9
Southwest,2/2/1983,33.5,41.6,51.5,50.4,35.7
Southwest,2/3/1983,39.4,42.9,49.1,50.1,37.7
Southwest,2/4/1983,40.1,43.9,49.6,50.1,39.7
Southwest,2/5/1983,39.7,44.2,51.7,51.2,40
Southwest,2/6/1983,40.1,45.2,52.4,53.2,40
Southwest,2/7/1983,40.2,46.3,55.6,55.2,40.9
Southwest,2/8/1983,42.4,49.2,57.5,56.9,40.8
Southwest,2/9/1983,39.7,47.8,57.7,58.3,40.6
Southwest,2/10/1983,39.6,48.9,59.8,60,40
Southwest,2/11/1983,40.7,50.1,62.4,62.4,40.8
Southwest,2/12/1983,42.1,51.8,65.1,64.3,42.2
Southwest,2/13/1983,43.9,53.8,65.4,64.6,41.8
Southwest,2/14/1983,39.4,50.2,63.2,63.8,41.2
Southwest,2/15/1983,40.3,49.9,62.9,63.7,41
Southwest,2/16/1983,43.3,53,65,65.1,42.3
Southwest,2/17/1983,43.3,54,67.5,67.5,44.5
Southwest,2/18/1983,46.8,56.5,69.9,68.5,43.6
Southwest,2/19/1983,40.8,52.7,68.2,67.5,42.4
Southwest,2/20/1983,39.6,49.9,64.5,66.5,41
Southwest,2/21/1983,42.5,53.3,66.9,66.8,42.3
Southwest,2/22/1983,44.8,55.6,68.9,69.1,44.4
Southwest,2/23/1983,45.8,57.6,71.4,69.9,46
Southwest,2/24/1983,47.3,57.3,69.5,68,45.4
Southwest,2/25/1983,43.1,52,63,64.6,43.9
Southwest,2/26/1983,41.2,50.6,61.4,62.3,42.7
Southwest,2/27/1983,43.9,52.1,62.5,63.1,43.8
Southwest,2/28/1983,46.4,54.9,65.5,65.6,45.8
Southwest,3/1/1983,47.2,57.2,68.9,66.7,47.8
Southwest,3/2/1983,49.9,55.7,65.7,64.6,48.6
Southwest,3/3/1983,48.7,52.5,59.1,59.7,47.1
Southwest,3/4/1983,42.6,48.4,54.3,57.6,44.1
Southwest,3/5/1983,41,48.2,59.4,58.7,41.5
Southwest,3/6/1983,41,50.6,62.3,62,41.9
Southwest,3/7/1983,43.8,53,64.3,64.8,43.3
Southwest,3/8/1983,45.1,55.1,67.7,68.4,45.7
Southwest,3/9/1983,48.3,59.2,73.1,72.1,47.7
Southwest,3/10/1983,49.8,61.3,75.5,74.3,50
Southwest,3/11/1983,51.9,62.2,74.3,73.8,50.8
Southwest,3/12/1983,50.7,61,71.7,72.7,50.8
Southwest,3/13/1983,49.7,60.3,72.2,71.6,49.9
Southwest,3/14/1983,49.4,59.4,71,69.7,47.4
Southwest,3/15/1983,43,53.5,66,66.1,43.6
Southwest,3/16/1983,38.5,49.2,61.3,62.9,40.7
Southwest,3/17/1983,40.7,51.2,61.4,60.8,41.2
Southwest,3/18/1983,44.4,51.2,59.6,59,41.9
Southwest,3/19/1983,40.7,47.9,56.1,58.3,41.3
Southwest,3/20/1983,38.7,48.1,59.1,58.2,40
Southwest,3/21/1983,40.7,50.2,59.3,58.9,39.5
Southwest,3/22/1983,39,48.3,58.2,59.1,40.5
Southwest,3/23/1983,41.8,49.8,59.8,59.8,40.6
Southwest,3/24/1983,41,50.8,61.5,60.1,40.6
Southwest,3/25/1983,38.9,47.3,59.1,60,38.8
Southwest,3/26/1983,36.6,46.7,59.4,60.6,38.3
Southwest,3/27/1983,39.5,50.1,63.2,63,39.8
Southwest,3/28/1983,43.4,54.1,66.4,66.4,42.7
Southwest,3/29/1983,45.3,56.6,69.6,70.5,45.8
Southwest,3/30/1983,48.7,60.8,75.6,74.7,48.7
Southwest,3/31/1983,52.1,65,78.9,77.3,49.1
Southwest,4/1/1983,46.5,60.7,77.3,76.5,48.1
Southwest,4/2/1983,45.7,58.7,73.4,74.5,46.4
Southwest,4/3/1983,47,59.2,72.7,69.6,43.7
Southwest,4/4/1983,38.3,49.2,62.6,64.2,40.2
Southwest,4/5/1983,35.4,46.2,57.2,58.4,36.8
Southwest,4/6/1983,36.7,46.1,55.4,55.5,36.7
Southwest,4/7/1983,38,45.9,53.8,57.1,37.4
Southwest,4/8/1983,37.6,48.2,62,61,38.9
Southwest,4/9/1983,41.1,53.1,67.3,67.2,40.8
Southwest,4/10/1983,43.8,57.3,72.3,70,43
Southwest,4/11/1983,44.1,55.4,70.4,68,42.4
Southwest,4/12/1983,39.3,49.2,61.2,63.1,39.3
Southwest,4/13/1983,34.4,45.4,57.7,60.4,37.3
Southwest,4/14/1983,38.3,49.5,62.3,63,38.1
Southwest,4/15/1983,41.5,54.4,68.9,68.7,41.8
Southwest,4/16/1983,45.7,59.8,74.9,74.7,45.7
Southwest,4/17/1983,50,64.9,80.3,78.2,48.6
Southwest,4/18/1983,50.2,63.2,79.3,77.9,49.5
Southwest,4/19/1983,48.3,61,74.2,75.6,49.4
Southwest,4/20/1983,49.6,60,73.4,71.1,48.2
Southwest,4/21/1983,46.6,56.1,65.6,69.7,47.1
Southwest,4/22/1983,45.1,56.9,70.2,71,47.1
Southwest,4/23/1983,49.6,62.4,77.1,75.7,49.1
Southwest,4/24/1983,52.7,66.3,79.9,78.5,51.1
Southwest,4/25/1983,51.1,64.5,78.5,77.5,50.6
Southwest,4/26/1983,47.9,61.6,74.1,76.6,49.7
Southwest,4/27/1983,50,63.2,77.2,76.8,50.3
Southwest,4/28/1983,53,65.8,79,77.9,52
Southwest,4/29/1983,53.1,65.4,77.6,76.8,52.4
Southwest,4/30/1983,51.2,61.6,73.7,73.3,49.3
Southwest,5/1/1983,43.7,56.9,68.7,70.7,46.3
Southwest,5/2/1983,44.1,57.2,69.6,71.6,45.4
Southwest,5/3/1983,48.5,61.8,76.6,75.9,48.6
Southwest,5/4/1983,53.1,67.2,81.6,79.7,51.3
Southwest,5/5/1983,52.3,66.7,80.9,79.6,51
Southwest,5/6/1983,47.6,61.9,76.2,79.8,50.3
Southwest,5/7/1983,51,65.5,82.2,81.3,51.6
Southwest,5/8/1983,56.3,71,85.4,84,54.4
Southwest,5/9/1983,55.9,70.5,84.3,84.1,55.3
Southwest,5/10/1983,53.8,68.5,82.6,82.1,53.3
Southwest,5/11/1983,50.2,64.2,79.5,79.8,51.1
Southwest,5/12/1983,49.3,63.2,77.2,77.8,50.1
Southwest,5/13/1983,50.9,64.7,76.8,77.2,50.2
Southwest,5/14/1983,50.4,64.3,77.6,78.2,51
Southwest,5/15/1983,51.7,66.1,80.2,79.8,52.1
Southwest,5/16/1983,54.3,68.5,81.7,80.8,52.6
Southwest,5/17/1983,51.8,66.3,80.5,80.7,52.8
Southwest,5/18/1983,52.2,66.2,79.8,81.3,53.4
Southwest,5/19/1983,56.1,70,83.6,82,54.6
Southwest,5/20/1983,55.5,69.3,82.5,84.2,56
Southwest,5/21/1983,56.3,70.9,86.6,86.7,57.6
Southwest,5/22/1983,60.9,75.8,91.1,90.8,60.4
Southwest,5/23/1983,63.9,79.2,94.6,94.2,63.7
Southwest,5/24/1983,66.4,82.1,97,95.9,65.5
Southwest,5/25/1983,66.3,81.7,96.1,96.1,66.5
Southwest,5/26/1983,66.7,81.6,95.3,96.5,66.7
Southwest,5/27/1983,67.2,82.7,98.1,97.5,68.3
Southwest,5/28/1983,70.9,85.8,99,98.3,69.1
Southwest,5/29/1983,69.1,83.7,97.7,96.9,69
Southwest,5/30/1983,67.1,81.1,93.9,94.4,66.1
Southwest,5/31/1983,62.1,76.7,91.7,90.9,62.6
Southwest,6/1/1983,58.7,72.3,87.2,87.3,58.2
Southwest,6/2/1983,53.9,68.7,83,85.5,56.2
Southwest,6/3/1983,56.1,70.9,86.2,85.6,56.2
Southwest,6/4/1983,58.6,73.7,87.6,87.5,58
Southwest,6/5/1983,59.3,74.8,88.6,88.9,59.7
Southwest,6/6/1983,61.2,76.4,90.5,90.7,61.4
Southwest,6/7/1983,63.8,78.8,92.9,91.8,62.9
Southwest,6/8/1983,63.7,78.6,92,91.7,63.1
Southwest,6/9/1983,61.7,76.6,90.2,91.4,62.6
Southwest,6/10/1983,62.4,77,92.1,91.6,62.4
Southwest,6/11/1983,63.2,78.8,92.6,92,62.2
Southwest,6/12/1983,61,75.8,91.4,91.2,61.5
Southwest,6/13/1983,60.4,75.5,89.5,91,61.1
Southwest,6/14/1983,62,77.8,92.1,91.8,62.4
Southwest,6/15/1983,64.7,79.8,93.7,93.8,64.3
Southwest,6/16/1983,66.2,81,95.6,95.5,66.1
Southwest,6/17/1983,67.3,82.5,97.1,97,67.1
Southwest,6/18/1983,67.8,83.7,98.4,97.6,67.1
Southwest,6/19/1983,66.2,82.5,97.2,97.2,66.4
Southwest,6/20/1983,65.2,81.6,96,96.3,65.6
Southwest,6/21/1983,65.5,81,95.7,96,66.2
Southwest,6/22/1983,68,82.6,96.2,95.6,68.2
Southwest,6/23/1983,71.2,83.7,94.8,94.1,68.9
Southwest,6/24/1983,67.6,80.3,91.3,92.5,67.7
Southwest,6/25/1983,64.3,78.4,91.5,91.7,65.1
Southwest,6/26/1983,63.3,78.5,92.4,91.7,63.1
Southwest,6/27/1983,61.8,77.1,91.1,92.1,62.6
Southwest,6/28/1983,62.6,77.9,92.8,93.2,63.3
Southwest,6/29/1983,65.6,80.8,95.7,94.5,64.5
Southwest,6/30/1983,65.3,81,95,95.2,65.2
Southwest,7/1/1983,64.7,80.4,94.8,94.8,64.9
Southwest,7/2/1983,64.6,80.1,94.6,95.2,64.6
Southwest,7/3/1983,64.4,80.1,96.1,97,65.8
Southwest,7/4/1983,68.4,84.2,100.4,99.8,68.2
Southwest,7/5/1983,71.7,87.3,102.9,101.7,72.3
Southwest,7/6/1983,76.8,89.7,101.7,101.3,74
Southwest,7/7/1983,73.6,86.9,99.2,98.7,74.5
Southwest,7/8/1983,73.1,84.7,95.2,96.4,73
Southwest,7/9/1983,72.4,83.6,94.8,96.2,73
Southwest,7/10/1983,73.4,85.9,98.5,97.7,73.3
Southwest,7/11/1983,74.1,87.7,99.8,99.2,74.3
Southwest,7/12/1983,75.4,88.1,99.4,99.8,74.3
Southwest,7/13/1983,73.4,87.5,100.2,100,74.5
Southwest,7/14/1983,74.8,88.1,100.3,99.9,73.3
Southwest,7/15/1983,71.8,85.9,99.3,99,71.9
Southwest,7/16/1983,69.2,84.1,97.4,98,70.2
Southwest,7/17/1983,69.6,83.7,97.4,98.2,70.3
Southwest,7/18/1983,72.2,86,99.9,98.7,72.7
Southwest,7/19/1983,76.4,87.9,98.7,98.7,75.1
Southwest,7/20/1983,76.7,86.2,97.4,96.3,75.2
Southwest,7/21/1983,72.5,82.7,92.7,93.1,73.7
Southwest,7/22/1983,72,80.2,89.1,91.5,72.2
Southwest,7/23/1983,72.1,81.5,92.6,91.8,72.6
Southwest,7/24/1983,73.8,84,93.7,93.5,73.1
Southwest,7/25/1983,73.5,84.2,94.3,94.2,73.7
Southwest,7/26/1983,73.8,84.4,94.5,94.2,73.3
Southwest,7/27/1983,72.6,83.6,93.8,94.6,72.6
Southwest,7/28/1983,71.5,83.4,95.4,95.2,72.6
Southwest,7/29/1983,73.6,85.4,96.5,96.7,73.9
Southwest,7/30/1983,76.5,87,98.2,97.3,75.3
Southwest,7/31/1983,75.7,87.2,97.3,97,76.2
Southwest,8/1/1983,76.4,86.6,95.4,96.6,76.2
Southwest,8/2/1983,76.4,86.7,97.1,96.6,76.7
Southwest,8/3/1983,77.3,88,97.4,96.8,76.9
Southwest,8/4/1983,76.9,87.2,96,97.9,76.5
Southwest,8/5/1983,75.3,87.2,100.2,99,76.3
Southwest,8/6/1983,76.6,88.8,100.8,100.2,76
Southwest,8/7/1983,76.2,87.7,99.6,98.9,76.2
Southwest,8/8/1983,75.7,86,96.4,96.7,75.4
Southwest,8/9/1983,74.2,83.8,94.2,93.2,74.1
Southwest,8/10/1983,72.3,80.5,89,91.2,72.5
Southwest,8/11/1983,71.1,80.2,90.5,91.3,72.3
Southwest,8/12/1983,73.6,83.4,94.4,94.5,73.5
Southwest,8/13/1983,75.7,86.8,98.7,96.3,75.1
Southwest,8/14/1983,76.1,86,95.8,95.9,75.5
Southwest,8/15/1983,74.6,83.7,93.2,92.6,74.6
Southwest,8/16/1983,73.1,80.8,88.8,89.7,72.8
Southwest,8/17/1983,70.6,77.5,87.2,86.6,70.2
Southwest,8/18/1983,66.8,75.3,83.9,86.5,68.1
Southwest,8/19/1983,66.9,76.5,88.5,87.4,67
Southwest,8/20/1983,67.2,78.4,89.8,89.4,66.9
Southwest,8/21/1983,66.6,78.6,89.8,89.7,66.8
Southwest,8/22/1983,66.5,78.4,89.5,90,66.7
Southwest,8/23/1983,66.9,78.8,90.7,90.3,67.1
Southwest,8/24/1983,68,79.5,90.7,91.3,68.1
Southwest,8/25/1983,69.4,80.4,92.4,92.8,70.1
Southwest,8/26/1983,73,83.9,95.3,94.9,72.2
Southwest,8/27/1983,74.1,85.3,97,95.9,73.9
Southwest,8/28/1983,74.7,85.5,95.3,95.5,74.1
Southwest,8/29/1983,73.6,84.1,94.2,95.3,73.5
Southwest,8/30/1983,72.3,84.2,96.5,96.3,73.5
Southwest,8/31/1983,74.5,86.1,98.2,97.8,73.8
Southwest,9/1/1983,74.5,86.7,98.6,99,74.3
Southwest,9/2/1983,74,86.9,100.2,99.9,74.6
Southwest,9/3/1983,75.3,87.9,100.8,100.1,74.9
Southwest,9/4/1983,75.5,88,99.3,99,74.1
Southwest,9/5/1983,71.4,84.2,97,97.2,72.6
Southwest,9/6/1983,70.8,82.9,95.4,95.5,71.9
Southwest,9/7/1983,73.5,82.5,94,94.4,72.1
Southwest,9/8/1983,71.9,82.2,93.8,94.8,72.6
Southwest,9/9/1983,72.3,83.8,96.6,95.5,72.7
Southwest,9/10/1983,73.8,85,96.1,96,73
Southwest,9/11/1983,73,84.4,95.3,95.1,72.9
Southwest,9/12/1983,71.9,83,94,94.5,72.3
Southwest,9/13/1983,71.9,82.6,94.1,94.6,71.8
Southwest,9/14/1983,71.7,83.2,95.7,94.8,71.7
Southwest,9/15/1983,71.5,83.1,94.5,94.2,71.4
Southwest,9/16/1983,71,81.6,92.3,92.3,71
Southwest,9/17/1983,70.5,79.6,90,90.8,70.4
Southwest,9/18/1983,69.6,79.3,90.2,89.7,70.1
Southwest,9/19/1983,70.2,79.5,89,88.2,69.9
Southwest,9/20/1983,70,76.9,85.4,87.5,68.3
Southwest,9/21/1983,64.8,75,88.1,88.1,67.5
Southwest,9/22/1983,67.8,78.8,90.7,89.1,67
Southwest,9/23/1983,68.3,76.6,88.5,86,67.7
Southwest,9/24/1983,67.1,72.4,78.8,84.3,66.3
Southwest,9/25/1983,63.6,72.5,85.7,83.9,65.4
Southwest,9/26/1983,65.6,76.1,87.1,85.8,65.1
Southwest,9/27/1983,66,75.4,84.6,84.8,65.1
Southwest,9/28/1983,63.6,73.4,82.6,82,64.5
Southwest,9/29/1983,64,69.5,78.7,78.3,63.1
Southwest,9/30/1983,61.7,66.4,73.5,75.3,62.2
Southwest,10/1/1983,60.9,66,73.7,73.4,61.1
Southwest,10/2/1983,60.6,66,73.1,74.4,59.9
Southwest,10/3/1983,58.3,66.2,76.4,76.7,59.5
Southwest,10/4/1983,59.5,68.7,80.7,78.8,59.6
Southwest,10/5/1983,61.1,69.7,79.4,80.1,60.2
Southwest,10/6/1983,60,69.3,80.1,80.1,61.1
Southwest,10/7/1983,62.1,70.8,80.9,80.1,61.1
Southwest,10/8/1983,61.1,69.6,79.4,80.6,61.4
Southwest,10/9/1983,60.9,70.4,81.4,81.4,61.2
Southwest,10/10/1983,61.5,71.7,83.4,82.1,60.6
Southwest,10/11/1983,59.5,70.4,81.5,81.8,59.1
Southwest,10/12/1983,56.4,68,80.4,81.2,57.5
Southwest,10/13/1983,56.7,68.3,81.6,80.1,56.1
Southwest,10/14/1983,55.2,65.9,78.2,78,55
Southwest,10/15/1983,53,63.3,74.1,76.3,54.2
Southwest,10/16/1983,54.5,64.6,76.7,75.9,54.7
Southwest,10/17/1983,56.7,65.8,76.8,76.6,55.9
Southwest,10/18/1983,56.6,66.1,76.3,76.4,57.1
Southwest,10/19/1983,57.9,66,76.2,75.8,57
Southwest,10/20/1983,56.4,65.3,74.9,76.6,56.6
Southwest,10/21/1983,55.4,65.5,78.6,78.3,56.2
Southwest,10/22/1983,56.8,67.7,81.5,80.2,56.8
Southwest,10/23/1983,58.1,68.8,80.5,80,57.1
Southwest,10/24/1983,56.4,67.4,78.1,78.2,56.7
Southwest,10/25/1983,55.7,65.1,75.9,76.8,56.1
Southwest,10/26/1983,56.3,65.2,76.3,75.2,56.2
Southwest,10/27/1983,56.6,64.7,73.5,75.1,56
Southwest,10/28/1983,55.2,64.3,75.5,75.3,56
Southwest,10/29/1983,56.2,65.8,76.8,76.5,56.2
Southwest,10/30/1983,57.1,66.7,77.2,76.7,56.8
Southwest,10/31/1983,57.1,66.4,76.2,76.3,56.5
Southwest,11/1/1983,55.3,64.8,75.5,75.5,55.9
Southwest,11/2/1983,55.3,64.6,74.9,75.5,55.5
Southwest,11/3/1983,55.8,64.9,76,74.4,55.9
Southwest,11/4/1983,56.6,64,72.3,73.6,55.5
Southwest,11/5/1983,54,62.3,72.4,72.9,54.9
Southwest,11/6/1983,54.1,63.2,74.1,73.9,54
Southwest,11/7/1983,53.8,63.8,75.1,73.3,53.7
Southwest,11/8/1983,53.1,62,70.7,70.7,50.3
Southwest,11/9/1983,44,54.5,66.2,68.7,47.5
Southwest,11/10/1983,45.5,55.2,69.2,69,46.2
Southwest,11/11/1983,49.2,59.1,71.7,70.6,48.6
Southwest,11/12/1983,51,59.9,70.9,70.8,50.5
Southwest,11/13/1983,51.3,60.1,69.7,69,50
Southwest,11/14/1983,47.8,57,66.4,68.8,48.4
Southwest,11/15/1983,46.1,56.4,70.4,69.3,47.4
Southwest,11/16/1983,48.4,58.4,71,70.3,47.7
Southwest,11/17/1983,48.5,58.3,69.6,68.4,48.7
Southwest,11/18/1983,49.2,56.7,64.6,64.8,45.7
Southwest,11/19/1983,39.4,49.3,60.1,62.6,42.9
Southwest,11/20/1983,40.2,49.4,63.1,60.8,41.2
Southwest,11/21/1983,44.1,50,59.3,56.8,39.2
Southwest,11/22/1983,33.4,40.9,47.9,52,36.5
Southwest,11/23/1983,32,39.3,48.7,50.4,33.2
Southwest,11/24/1983,34.3,42.3,54.7,52.7,35.7
Southwest,11/25/1983,40.7,46.5,54.7,52.9,35.5
Southwest,11/26/1983,31.6,40,49.4,50.7,34.1
Southwest,11/27/1983,30.1,37.6,47.9,49.3,31.1
Southwest,11/28/1983,31.6,39.5,50.6,50.9,31.6
Southwest,11/29/1983,33,41.7,54.1,54.4,33.8
Southwest,11/30/1983,36.8,45,58.4,55.8,37.6
Southwest,12/1/1983,43,48.1,54.8,56.1,42.4
Southwest,12/2/1983,47.5,50.3,55.1,55.2,44.2
Southwest,12/3/1983,42.2,48.1,55.6,54.9,44
Southwest,12/4/1983,42.3,48.1,54.1,53.3,39.5
Southwest,12/5/1983,33.9,42.2,50.3,52.7,36.4
Southwest,12/6/1983,33.1,40.7,53.8,54.7,35
Southwest,12/7/1983,37.9,45.8,59.9,59,37.8
Southwest,12/8/1983,42.3,50.5,63.2,62.3,41.3
Southwest,12/9/1983,43.7,52.2,63.8,61.9,43
Southwest,12/10/1983,42.9,50.4,58.7,62,42.9
Southwest,12/11/1983,42.1,50.5,63.6,60.3,42.4
Southwest,12/12/1983,42.3,50.8,58.7,59.2,40.6
Southwest,12/13/1983,37.3,45,55.3,57.1,39.8
Southwest,12/14/1983,39.9,47.2,57.4,57.6,39.3
Southwest,12/15/1983,40.6,48.6,60.1,59.6,40.6
Southwest,12/16/1983,41.4,49.8,61.2,60.6,41.5
Southwest,12/17/1983,42.4,50.5,60.5,59.3,41.1
Southwest,12/18/1983,39.6,47.7,56.2,58,40.3
Southwest,12/19/1983,39,46.7,57.4,56.2,39.1
Southwest,12/20/1983,38.7,46.5,55.1,55.3,38.8
Southwest,12/21/1983,38.6,44.6,53.4,54.5,38.9
Southwest,12/22/1983,39.4,45.3,54.9,56,39.9
Southwest,12/23/1983,41.6,48.4,59.8,57.5,42
Southwest,12/24/1983,44.9,50.3,57.8,57.5,44.3
Southwest,12/25/1983,46.3,50,54.8,56.4,46.5
Southwest,12/26/1983,48.2,51.2,56.5,56,46.8
Southwest,12/27/1983,45.9,50.5,56.6,55.8,44.8
Southwest,12/28/1983,40.2,46.5,54.2,53.9,39.4
Southwest,12/29/1983,32.2,40.1,50.8,54,36.2
Southwest,12/30/1983,36.2,43.5,57.1,56.3,36.7
Southwest,12/31/1983,41.8,48.6,61,60,40.2
Southwest,1/1/1984,42.7,50.3,61.9,60.1,42
Southwest,1/2/1984,41.4,48.6,57.5,59.3,41.4
Southwest,1/3/1984,40,47.2,58.6,59.9,40.9
Southwest,1/4/1984,41.2,49.6,63.7,61.1,42.5
Southwest,1/5/1984,46.2,52.6,60.9,62.1,44.8
Southwest,1/6/1984,46.9,53,61.7,62.1,46.1
Southwest,1/7/1984,45.3,53,63.8,62.6,45.9
Southwest,1/8/1984,45.4,53.1,62.2,62.2,44.4
Southwest,1/9/1984,42.6,50.7,60.7,60.5,42.8
Southwest,1/10/1984,40.5,49.2,58.6,59,40.2
Southwest,1/11/1984,37.4,46.3,57.8,57,37.9
Southwest,1/12/1984,35.8,44.7,54.5,55.8,37.2
Southwest,1/13/1984,38.3,45.3,55.1,54.3,37.7
Southwest,1/14/1984,39,44.7,53.2,54,37.9
Southwest,1/15/1984,36.4,43.9,53.8,53.8,37.2
Southwest,1/16/1984,36.1,44.3,54.3,53.4,36.1
Southwest,1/17/1984,35.9,43.6,52.1,52.1,34.2
Southwest,1/18/1984,30.5,39.2,49.8,51.2,32.7
Southwest,1/19/1984,31.7,39.9,51.8,51.7,31.6
Southwest,1/20/1984,32.6,41.3,53.5,53.4,32.2
Southwest,1/21/1984,32.4,41.6,54.9,53.7,33.3
Southwest,1/22/1984,35,43.3,52.8,53.7,34
Southwest,1/23/1984,34.5,42.3,53.5,54.7,35
Southwest,1/24/1984,35.5,44.4,57.8,58,36.2
Southwest,1/25/1984,38.6,48.5,62.7,60.6,38.2
Southwest,1/26/1984,40.6,50.3,61.2,62.6,40
Southwest,1/27/1984,40.7,50.3,64,64.2,41
Southwest,1/28/1984,41.7,52.3,67.5,66.8,42.1
Southwest,1/29/1984,44,54.6,68.9,67.6,43.3
Southwest,1/30/1984,44.1,54.5,66.3,66.9,43.4
Southwest,1/31/1984,42.2,52.2,65.4,65.6,43.1
Southwest,2/1/1984,42.9,53,65.1,65.6,43.1
Southwest,2/2/1984,44.3,54.2,66.3,66.7,43.8
Southwest,2/3/1984,44.2,55,68.6,67.9,44.4
Southwest,2/4/1984,44.7,55.5,68.8,68.8,44.2
Southwest,2/5/1984,43.7,55.3,69,68.8,44
Southwest,2/6/1984,43.7,55,68.5,68.5,43.9
Southwest,2/7/1984,44.3,55.2,68,67.6,43.2
Southwest,2/8/1984,41.6,53,66.2,66.9,42.2
Southwest,2/9/1984,40.7,52.6,66.6,65.5,41.6
Southwest,2/10/1984,42.5,53.4,63.7,63.4,40
Southwest,2/11/1984,36.8,47.6,60,60.8,38.1
Southwest,2/12/1984,35,45.1,58.7,60.9,36.9
Southwest,2/13/1984,39,49.5,64,62.3,39
Southwest,2/14/1984,43,53.4,64.1,63.1,39.3
Southwest,2/15/1984,35.9,47.3,61.3,63.6,39.6
Southwest,2/16/1984,39.9,50.9,65.5,63.5,37.3
Southwest,2/17/1984,36,48,63.8,61.9,36.3
Southwest,2/18/1984,33.1,43.3,56.3,59.1,35
Southwest,2/19/1984,35.8,45.5,57.3,57,34.4
Southwest,2/20/1984,34.2,45.3,57.5,58.9,35.3
Southwest,2/21/1984,35.8,46.8,61.9,61.4,36.8
Southwest,2/22/1984,40.4,51.3,64.8,63.2,37.7
Southwest,2/23/1984,36.9,49.3,62.8,64.2,38.6
Southwest,2/24/1984,38.4,50.1,65,63.9,38.1
Southwest,2/25/1984,38.9,50.9,63.9,62.6,37
Southwest,2/26/1984,33.6,45.6,58.8,61.6,36
Southwest,2/27/1984,35.4,46.6,62.2,63,35.8
Southwest,2/28/1984,38.3,50.9,68,66.6,38.6
Southwest,2/29/1984,42.1,54.8,69.7,69.8,41.3
Southwest,3/1/1984,43.6,56.4,71.6,71.1,43.8
Southwest,3/2/1984,45.6,58.1,72.1,71.9,45
Southwest,3/3/1984,45.8,58.5,72.1,71.6,44.9
Southwest,3/4/1984,43.2,55.7,70.7,68.3,41.2
Southwest,3/5/1984,34.6,46.7,62.2,64.6,37.2
Southwest,3/6/1984,33.7,45.3,60.8,63.3,35.6
Southwest,3/7/1984,38.4,51,67,66.1,38.4
Southwest,3/8/1984,43,55.6,70.5,69.9,42.2
Southwest,3/9/1984,45.1,57.7,72.2,71.7,44.6
Southwest,3/10/1984,45.6,58.3,72.4,72.5,45.9
Southwest,3/11/1984,47.1,59.3,73,73.2,46.6
Southwest,3/12/1984,47,59.5,74.1,74.4,47.8
Southwest,3/13/1984,49.3,62,76,75.1,49.8
Southwest,3/14/1984,53.2,63.5,75.2,75.4,50.6
Southwest,3/15/1984,49.3,61.8,75.1,74.4,50
Southwest,3/16/1984,47.5,60.1,73,74.5,48.1
Southwest,3/17/1984,47.5,60.6,75.5,74.1,45.6
Southwest,3/18/1984,41.9,56.1,73.7,74.2,44.1
Southwest,3/19/1984,42.9,56,73.4,75.1,43.8
Southwest,3/20/1984,46.7,61.3,78.1,76.6,46.5
Southwest,3/21/1984,49.9,63.9,78.4,77.8,48.1
Southwest,3/22/1984,47.8,61,76.8,74.7,46.4
Southwest,3/23/1984,41.5,55.1,69,72.6,44.2
Southwest,3/24/1984,43.2,56.4,72,71.9,43.8
Southwest,3/25/1984,46.8,60.2,74.6,73.2,46.2
Southwest,3/26/1984,48.5,60.1,72.9,72.3,47
Southwest,3/27/1984,45.6,57.1,69.3,69.8,44.6
Southwest,3/28/1984,39.6,53,67.1,69.5,42.5
Southwest,3/29/1984,42.4,56.3,72.1,70.1,41.6
Southwest,3/30/1984,42.9,56.2,71.2,71,42.4
Southwest,3/31/1984,41.8,54.9,69.8,69.8,41.5
Southwest,4/1/1984,39.9,52.2,68.5,67.5,39.6
Southwest,4/2/1984,37.1,49.8,64.2,67.3,39.3
Southwest,4/3/1984,41,53.9,69.1,69.4,40.8
Southwest,4/4/1984,44.2,58.6,74.9,73.6,44
Southwest,4/5/1984,46.9,61.4,76.9,75.6,46.2
Southwest,4/6/1984,47.5,58.3,75.1,73,46.7
Southwest,4/7/1984,45.8,54.3,67.1,71.8,46.1
Southwest,4/8/1984,45,57.6,73.1,70.9,46.5
Southwest,4/9/1984,48.8,60.9,72.6,73.3,46.7
Southwest,4/10/1984,46.2,58.8,74.1,74.8,48.7
Southwest,4/11/1984,51.1,64,77.7,77.2,49.3
Southwest,4/12/1984,50.5,65,79.9,80.6,51.8
Southwest,4/13/1984,53.7,68.4,84.3,83.6,53.3
Southwest,4/14/1984,55.8,71.3,86.5,85.7,55.1
Southwest,4/15/1984,55.9,71.5,86.3,86.8,56.1
Southwest,4/16/1984,56.6,72.4,87.7,86.9,56.9
Southwest,4/17/1984,58.2,72.5,86.6,85.6,56.8
Southwest,4/18/1984,55.6,68.8,82.4,82.1,55.1
Southwest,4/19/1984,51.4,63.6,77.2,76.6,49.7
Southwest,4/20/1984,42,55,70.1,73,45.7
Southwest,4/21/1984,43.8,56.3,71.8,72.8,44.9
Southwest,4/22/1984,48.9,62.4,76.4,76.8,48.1
Southwest,4/23/1984,51.6,66.6,82.2,80.5,51.7
Southwest,4/24/1984,54.5,69.6,82.9,81.9,52.4
Southwest,4/25/1984,51.1,64.1,80.7,77.3,48.6
Southwest,4/26/1984,40.2,52.7,68.4,70.6,43.3
Southwest,4/27/1984,38.6,49.9,62.8,64.3,40.8
Southwest,4/28/1984,43.5,51.7,61.8,64.2,40.7
Southwest,4/29/1984,40,52.6,68.1,68.4,43
Southwest,4/30/1984,45.5,59.3,75.4,73.6,45.4
Southwest,5/1/1984,50.8,64.1,77.3,77,49.2
Southwest,5/2/1984,51.3,64.6,78.3,79.8,52.4
Southwest,5/3/1984,55.1,68.5,83.7,82.8,54.9
Southwest,5/4/1984,58.3,72.1,86.4,85.2,56.9
Southwest,5/5/1984,57.3,71.8,85.5,85.4,57.5
Southwest,5/6/1984,56.9,71.1,84.4,85.1,57.2
Southwest,5/7/1984,57.3,71.6,85.5,86.3,56.9
Southwest,5/8/1984,56.5,72.8,89.1,89.4,58.4
Southwest,5/9/1984,61.4,77.3,93.6,92.1,60.4
Southwest,5/10/1984,63.2,79.1,93.7,93.4,62.4
Southwest,5/11/1984,62.5,78.4,92.8,93.6,63.2
Southwest,5/12/1984,64,79.6,94.3,93.9,64.5
Southwest,5/13/1984,67,81.1,94.6,94,66
Southwest,5/14/1984,67.1,80.7,93.2,92.8,65.7
Southwest,5/15/1984,63.1,76.3,90.7,88.6,62.2
Southwest,5/16/1984,56.5,69.8,82,85.7,59.2
Southwest,5/17/1984,58.1,71.3,84.4,85,58.2
Southwest,5/18/1984,59.9,74,88.6,88.1,59.7
Southwest,5/19/1984,61.2,76.2,91.3,91.2,61.7
Southwest,5/20/1984,64,78.9,93.7,92.8,62.8
Southwest,5/21/1984,63.2,78.9,93.3,94.2,63.5
Southwest,5/22/1984,63.3,79.4,95.7,95.5,64.5
Southwest,5/23/1984,67.1,82.4,97.6,97,66.3
Southwest,5/24/1984,68.4,83.2,97.6,97.3,67.4
Southwest,5/25/1984,66.7,82.5,96.7,97.3,67.1
Southwest,5/26/1984,66.3,82.3,97.6,97.8,66.9
Southwest,5/27/1984,67.8,83.8,99.2,98.6,68.6
Southwest,5/28/1984,71.7,86.5,99.1,98.5,70
Southwest,5/29/1984,70.6,84.7,97.2,97.5,71
Southwest,5/30/1984,70.6,84.2,96.1,94.7,70.9
Southwest,5/31/1984,71.5,81.7,90.7,93,69.7
Southwest,6/1/1984,67.1,80.2,92.1,91.3,67.5
Southwest,6/2/1984,63.9,78.6,91,90.7,64.2
Southwest,6/3/1984,61.6,75.5,89,88.3,61.3
Southwest,6/4/1984,58.5,72.2,85,85.8,59.6
Southwest,6/5/1984,58.7,71.1,83.4,83.7,58.6
Southwest,6/6/1984,58.6,70.8,82.6,83.4,58.3
Southwest,6/7/1984,57.6,70.9,84.2,85,58.6
Southwest,6/8/1984,59.5,73.5,88.1,87.4,59.2
Southwest,6/9/1984,60.4,75.4,89.9,90.2,60.7
Southwest,6/10/1984,62.1,77.7,92.5,91.1,61.4
Southwest,6/11/1984,61.8,76.8,90.8,91.7,61.8
Southwest,6/12/1984,61.5,76.9,91.8,91.6,61.9
Southwest,6/13/1984,62.4,78,92.3,91.8,62.6
Southwest,6/14/1984,64,78.5,91.4,90.7,64.7
Southwest,6/15/1984,67.7,78.3,88.3,89.9,65.4
Southwest,6/16/1984,64.6,76.6,89.9,90.3,65.2
Southwest,6/17/1984,63.2,78.3,92.7,91.8,64.2
Southwest,6/18/1984,64.8,79.8,92.8,92.4,65.3
Southwest,6/19/1984,67.8,79.7,91.8,92.6,66.2
Southwest,6/20/1984,66.1,80,93.3,93.1,66.1
Southwest,6/21/1984,64.3,79.9,94.1,94.4,65.8
Southwest,6/22/1984,66.9,81.9,95.7,96.2,67.3
Southwest,6/23/1984,70.8,85.1,98.8,97.4,70.3
Southwest,6/24/1984,73.2,84.8,97.8,96,72.6
Southwest,6/25/1984,73.7,82.4,91.3,94.1,73
Southwest,6/26/1984,72.1,82.7,93.3,92.6,73.4
Southwest,6/27/1984,74.3,85,93.2,93.4,74
Southwest,6/28/1984,75.6,85.2,93.7,92.4,75
Southwest,6/29/1984,75.2,83.2,90.3,91.1,74.8
Southwest,6/30/1984,73.7,82.5,89.2,90.8,74.3
Southwest,7/1/1984,74.1,83.4,92.9,92.8,73.6
Southwest,7/2/1984,73,84.3,96.3,95.5,73.9
Southwest,7/3/1984,74.6,86.4,97.4,98.6,74.4
Southwest,7/4/1984,75.6,88.3,102.2,100.4,74.9
Southwest,7/5/1984,74.4,88.6,101.5,101.6,75.2
Southwest,7/6/1984,75.7,88.6,101.2,100.6,75
Southwest,7/7/1984,74.8,86.5,99.1,98.3,75.3
Southwest,7/8/1984,75.4,85.1,94.6,96.3,74.5
Southwest,7/9/1984,73.3,83.7,95.1,95.1,74.6
Southwest,7/10/1984,75,85.9,95.5,94.9,75.1
Southwest,7/11/1984,77.1,84.6,94.2,94.1,76
Southwest,7/12/1984,75.8,84.1,92.7,93.6,76.1
Southwest,7/13/1984,75.4,84.4,93.9,93.3,75
Southwest,7/14/1984,73.8,84.1,93.4,93.2,74.6
Southwest,7/15/1984,74.6,82.4,92.4,93.6,74
Southwest,7/16/1984,73.6,83.2,94.9,93.8,74.5
Southwest,7/17/1984,75.3,85.3,94.2,94,74.7
Southwest,7/18/1984,75.3,83.9,92.8,93.4,74.7
Southwest,7/19/1984,73.5,83.1,93.2,92.8,74.3
Southwest,7/20/1984,74.2,83.8,92.3,92,73.3
Southwest,7/21/1984,72.2,80.5,90.4,89.3,72.2
Southwest,7/22/1984,70.2,77.9,85.3,88.8,70.7
Southwest,7/23/1984,69.6,78.6,90.6,90.7,70.9
Southwest,7/24/1984,72.8,83.8,96.1,94.1,72.4
Southwest,7/25/1984,74.7,85.8,95.6,94.9,73.4
Southwest,7/26/1984,72.7,83,92.9,92.4,72.9
Southwest,7/27/1984,71.4,80.1,88.8,90.2,71.8
Southwest,7/28/1984,71.3,79.2,89,89.7,71.1
Southwest,7/29/1984,70.6,80.4,91.4,91.1,71.7
Southwest,7/30/1984,73.2,83.1,92.9,92.9,72.4
Southwest,7/31/1984,73.5,84,94.4,93.9,73.7
Southwest,8/1/1984,74.3,84.8,94.5,94.4,73.5
Southwest,8/2/1984,72.6,83.7,94.3,94.7,73.5
Southwest,8/3/1984,73.7,84.5,95.3,94.7,74.1
Southwest,8/4/1984,76.1,86.1,94.6,94,74.3
Southwest,8/5/1984,73.2,82.5,92,93.6,74.6
Southwest,8/6/1984,74.6,84.3,94.3,94.5,74.2
Southwest,8/7/1984,74.7,85.4,97.1,95.8,74.1
Southwest,8/8/1984,72.9,84.2,96.1,95.2,73.3
Southwest,8/9/1984,72.3,81.2,92.3,91.7,72.1
Southwest,8/10/1984,71,78.7,86.6,88.6,71
Southwest,8/11/1984,69.6,76.7,87,88.2,70.9
Southwest,8/12/1984,72.2,81.2,91.1,89.4,71.5
Southwest,8/13/1984,72.8,81.2,90,89.6,72.5
Southwest,8/14/1984,72.4,80,87.8,88.9,72.6
Southwest,8/15/1984,72.5,80.3,89,88.9,72.2
Southwest,8/16/1984,71.7,81,89.9,90.2,72
Southwest,8/17/1984,71.8,81.2,91.6,90.7,71.5
Southwest,8/18/1984,70.9,79.4,90.7,88.7,70.5
Southwest,8/19/1984,68.7,76.6,83.9,86.8,69.3
Southwest,8/20/1984,68.2,76.5,85.9,86.9,68.7
Southwest,8/21/1984,69.1,79.1,90.9,89.5,69.8
Southwest,8/22/1984,72.1,82.2,91.6,90.5,71.2
Southwest,8/23/1984,72.4,81.2,89,89.6,71.8
Southwest,8/24/1984,70.9,79.6,88.2,88.9,71.1
Southwest,8/25/1984,69.9,79.5,89.4,89.4,70
Southwest,8/26/1984,69.3,79.5,90.6,90.3,70.4
Southwest,8/27/1984,72.1,81.6,90.9,92,71.5
Southwest,8/28/1984,73.1,83.1,94.6,95.1,73.1
Southwest,8/29/1984,74.1,86.2,99.9,98.2,74.3
Southwest,8/30/1984,75.6,88.4,100.2,99.4,75.4
Southwest,8/31/1984,76.6,86.1,98.2,96.6,74.9
Southwest,9/1/1984,72.4,81.1,91.4,93.6,73
Southwest,9/2/1984,70.1,79.6,91.3,92.6,71.2
Southwest,9/3/1984,71,82.2,95.1,93.7,70.8
Southwest,9/4/1984,71.4,83.5,94.7,94.7,70.3
Southwest,9/5/1984,68.6,81.5,94.2,94.1,68.7
Southwest,9/6/1984,66.2,79.8,93.3,93.6,67.3
Southwest,9/7/1984,67.2,80.2,93.2,92.8,67.5
Southwest,9/8/1984,69.1,80.3,91.8,92.7,69.1
Southwest,9/9/1984,71,81.6,93.2,92.2,70.6
Southwest,9/10/1984,71.8,80.6,91.5,90.5,70.2
Southwest,9/11/1984,67.7,76.6,86.7,89.3,68.7
Southwest,9/12/1984,66.6,77.3,89.7,90.3,67.9
Southwest,9/13/1984,69.4,80.7,94.6,93.6,69.1
Southwest,9/14/1984,71.2,83.4,96.4,95.2,70.3
Southwest,9/15/1984,70.2,81.7,94.7,94.5,69.9
Southwest,9/16/1984,68.2,80,92.4,93.6,69.2
Southwest,9/17/1984,69.1,80.8,93.6,92.9,69.5
Southwest,9/18/1984,71.1,82.3,92.7,93.5,70.2
Southwest,9/19/1984,70.5,81.8,94.1,93,70.4
Southwest,9/20/1984,69.7,81.2,92.3,91.7,69.4
Southwest,9/21/1984,67.9,78.9,88.6,89,67.2
Southwest,9/22/1984,64.1,74.9,86,87.2,65
Southwest,9/23/1984,63,74.4,87.1,86.2,62.9
Southwest,9/24/1984,61.5,73.3,85.4,85.1,62.2
Southwest,9/25/1984,62,71.8,82.9,80.5,62.1
Southwest,9/26/1984,62.7,67.8,73.2,79.5,62.2
Southwest,9/27/1984,61.8,69.4,82.5,79.8,62.6
Southwest,9/28/1984,63.3,73.3,83.8,83.4,62.2
Southwest,9/29/1984,61.6,72,83.8,83.9,62.2
Southwest,9/30/1984,61.8,72.1,84,82.8,61.1
Southwest,10/1/1984,60,70.3,80.5,80.5,59.8
Southwest,10/2/1984,57.7,67,77.1,77.1,58.3
Southwest,10/3/1984,57.1,64.6,73.7,75,56.3
Southwest,10/4/1984,54.1,63.2,74.1,74.9,55.7
Southwest,10/5/1984,55.8,65.4,76.8,76.7,55.4
Southwest,10/6/1984,56.4,67,79.3,79.7,56.7
Southwest,10/7/1984,58,69.2,83.1,82.3,57.9
Southwest,10/8/1984,59.4,71.4,84.6,83.5,58.9
Southwest,10/9/1984,59.4,71,82.7,82.7,59.2
Southwest,10/10/1984,58.8,69.9,80.9,80.6,58.9
Southwest,10/11/1984,58.4,68.2,78.2,78,57.8
Southwest,10/12/1984,56.1,65.1,74.8,76.8,56.6
Southwest,10/13/1984,55.3,65.1,77.5,76.5,55.3
Southwest,10/14/1984,54.6,65.6,77.1,76.2,54.6
Southwest,10/15/1984,53.9,62.8,73.9,72.6,51.2
Southwest,10/16/1984,45,55.4,66.7,70,49.1
Southwest,10/17/1984,48.5,57.4,69.5,67.5,46.3
Southwest,10/18/1984,45.3,55.7,66.2,67,46.1
Southwest,10/19/1984,44.5,53.7,65.3,65.3,45.1
Southwest,10/20/1984,45.5,54.6,64.5,64.8,45
Southwest,10/21/1984,44.9,53.9,64.5,64.6,45
Southwest,10/22/1984,44.5,54.2,64.7,64.9,45
Southwest,10/23/1984,45.5,54.4,65.4,65,45.1
Southwest,10/24/1984,45.4,54.4,64.8,65.8,45.8
Southwest,10/25/1984,46.6,55.3,67.1,66.2,46.9
Southwest,10/26/1984,48.8,56.8,66.8,67.1,47.1
Southwest,10/27/1984,45.9,55.9,67.4,68.1,47.2
Southwest,10/28/1984,46.9,57.2,70.2,70.3,47.3
Southwest,10/29/1984,49.1,59.8,73.4,72.9,48.9
Southwest,10/30/1984,50.6,61.7,75,73.6,49.9
Southwest,10/31/1984,50,61,72.5,73.3,49.4
Southwest,11/1/1984,47.5,58.5,72.4,73.3,48.8
Southwest,11/2/1984,49,60.4,74.9,73.7,48.6
Southwest,11/3/1984,49.4,60.9,73.8,74.5,48.8
Southwest,11/4/1984,47.9,60.1,74.8,75.4,49.2
Southwest,11/5/1984,50.3,62.1,77.7,75.7,50
Southwest,11/6/1984,51.7,62.5,74.5,74.5,50.3
Southwest,11/7/1984,48.9,59.9,71.3,70.8,49.4
Southwest,11/8/1984,47.6,57.2,66.6,67.3,46.4
Southwest,11/9/1984,42.7,52.9,64.1,65.9,44.1
Southwest,11/10/1984,41.9,52.9,67,67.8,43.7
Southwest,11/11/1984,46.4,56.7,72.3,71.1,45.7
Southwest,11/12/1984,48.8,59.9,74,72.1,48.3
Southwest,11/13/1984,49.7,60,69.9,70.2,48.7
Southwest,11/14/1984,47.6,56.7,66.8,68.4,47.9
Southwest,11/15/1984,46.3,56.1,68.4,67,47.3
Southwest,11/16/1984,47.9,56.4,65.8,65.1,46
Southwest,11/17/1984,43.9,51.7,61,62.5,44.5
Southwest,11/18/1984,41.7,50,60.7,60.4,42.8
Southwest,11/19/1984,42.7,50.4,59.6,61,41.9
Southwest,11/20/1984,41.3,50.6,62.7,62,41.9
Southwest,11/21/1984,41.6,51.3,63.8,61.8,42.5
Southwest,11/22/1984,44.5,49.7,58.9,59.2,43.6
Southwest,11/23/1984,44.6,49.1,54.9,55.8,43.5
Southwest,11/24/1984,41.3,47.1,53.5,53.5,43.1
Southwest,11/25/1984,43.3,47.2,52,51.4,39.1
Southwest,11/26/1984,32.8,40.8,48.6,49.6,35.6
Southwest,11/27/1984,30.7,37.7,48.1,51,32.8
Southwest,11/28/1984,34.8,42.2,56.4,53.7,34.8
Southwest,11/29/1984,38.9,47,56.6,56.5,37
Southwest,11/30/1984,37.4,45.4,56.4,56.7,38.1
Southwest,12/1/1984,38,46.4,57.2,57.2,37.5
Southwest,12/2/1984,37,46.2,58.1,58.2,38.6
Southwest,12/3/1984,40.9,47.9,59.3,57.2,39.3
Southwest,12/4/1984,40.1,45.4,54.3,55.6,39.3
Southwest,12/5/1984,36.9,43.3,53.1,55.6,38.7
Southwest,12/6/1984,39.2,46.4,59.3,59,39.5
Southwest,12/7/1984,42.4,50.3,64.7,61,43.3
Southwest,12/8/1984,48.4,53,59.1,61.8,44.6
Southwest,12/9/1984,43.1,50.9,61.5,60.4,45.1
Southwest,12/10/1984,43.8,51.3,60.5,59.3,45.3
Southwest,12/11/1984,49.1,51.9,55.8,56.5,46.5
Southwest,12/12/1984,46.5,49.5,53.1,53.1,44.8
Southwest,12/13/1984,38.8,43.9,50.4,49.6,38.9
Southwest,12/14/1984,31.5,37.2,45.3,46.9,34.2
Southwest,12/15/1984,32.2,37.9,45.1,46,31.7
Southwest,12/16/1984,31.5,37.8,47.5,48.6,32.9
Southwest,12/17/1984,35.1,42.2,53.3,51.4,34.9
Southwest,12/18/1984,38.1,44.4,53.5,53.2,38.3
Southwest,12/19/1984,41.8,46.3,52.9,52.8,41.5
Southwest,12/20/1984,44.6,48.1,51.9,51.9,40.6
Southwest,12/21/1984,35.3,42.4,50.9,51.8,37.9
Southwest,12/22/1984,33.9,41.5,52.7,53.2,35
Southwest,12/23/1984,35.8,43.5,56,55.2,35.4
Southwest,12/24/1984,36.4,44.9,56.9,57.4,37.3
Southwest,12/25/1984,39.6,47.3,59.3,58.5,39.9
Southwest,12/26/1984,43.6,49.4,59.3,58,44.1
Southwest,12/27/1984,49.1,51.7,55.3,56.4,46.9
Southwest,12/28/1984,48,50.9,54.5,54.8,47
Southwest,12/29/1984,43.8,48,54.6,55.6,43.6
Southwest,12/30/1984,39.1,46.6,57.7,55.8,40.7
Southwest,12/31/1984,39.1,46.7,55.1,54.8,38
Southwest,1/1/1985,35.8,43.4,51.6,51.7,35.3
Southwest,1/2/1985,31,38.9,48.3,50.4,32.9
Southwest,1/3/1985,32,39.4,51.2,52.2,32.4
Southwest,1/4/1985,34.1,42.2,57,56.1,34.7
Southwest,1/5/1985,37.9,46.3,60,58.6,37
Southwest,1/6/1985,39.1,47.6,58.7,58,40.2
Southwest,1/7/1985,43.6,48.7,55.2,55.3,42.2
Southwest,1/8/1985,43.9,47.3,51.9,52.5,41
Southwest,1/9/1985,35.4,42.3,50.3,52.1,38.1
Southwest,1/10/1985,34.9,42.8,54.2,54,35.6
Southwest,1/11/1985,36.6,45,57.6,55.2,35.6
Southwest,1/12/1985,35.2,42.4,53.7,52.6,34.8
Southwest,1/13/1985,32.6,38.6,46.6,50.8,33.6
Southwest,1/14/1985,32.9,39.9,52.2,51.1,34
Southwest,1/15/1985,36.6,43.8,54.4,52.9,35
Southwest,1/16/1985,35.5,43.3,52.2,53.6,35.6
Southwest,1/17/1985,34.8,42.8,54.3,54.8,36.1
Southwest,1/18/1985,38,45.9,57.8,57.3,37.4
Southwest,1/19/1985,39.3,48.3,59.9,58.5,38.8
Southwest,1/20/1985,39.1,48.1,57.7,58.6,38.8
Southwest,1/21/1985,37.9,47,58.3,57.7,38.8
Southwest,1/22/1985,39.4,47.4,57.1,56.7,39.5
Southwest,1/23/1985,41.1,47,54.7,55.1,41.4
Southwest,1/24/1985,43.8,47.6,53.6,55.7,41.7
Southwest,1/25/1985,40.3,47.8,58.8,56.4,42.9
Southwest,1/26/1985,44.7,49.8,56.9,56,41.5
Southwest,1/27/1985,39.5,45.6,52.2,53.8,40
Southwest,1/28/1985,35.9,43.1,52.4,52.3,37.7
Southwest,1/29/1985,37.6,43.9,52.3,51.6,35.9
Southwest,1/30/1985,34.2,41.3,50.2,49.3,33.1
Southwest,1/31/1985,27.5,34.6,45.4,44,28.1
Southwest,2/1/1985,22.6,28.7,36.3,40.5,24.6
Southwest,2/2/1985,23.8,29.9,39.9,38.7,25.5
Southwest,2/3/1985,30.1,33.7,39.8,40.4,28.2
Southwest,2/4/1985,30.8,34.9,41.4,40.8,28.8
Southwest,2/5/1985,25.6,32.5,41.2,42.5,27.9
Southwest,2/6/1985,27.4,33.9,45,45.3,27.5
Southwest,2/7/1985,29.4,37,49.8,50.3,30.5
Southwest,2/8/1985,34.7,42.6,56.1,54.1,34.6
Southwest,2/9/1985,39.6,46.8,56.3,56.2,37.5
Southwest,2/10/1985,38.1,46.9,56.3,56.8,37.1
Southwest,2/11/1985,33.6,43.8,57.7,59.5,36.6
Southwest,2/12/1985,38.1,47.9,64.5,63.6,38.3
Southwest,2/13/1985,43.1,53.8,68.6,67,41.2
Southwest,2/14/1985,42.4,54,67.9,68.6,42.7
Southwest,2/15/1985,42.7,54.3,69.4,69.5,43.6
Southwest,2/16/1985,45.6,56.7,71.1,70.6,45
Southwest,2/17/1985,46.6,58.1,71.2,70.9,46.7
Southwest,2/18/1985,47.9,58,70.4,70.6,48
Southwest,2/19/1985,49.4,58.5,70.3,69.7,47.3
Southwest,2/20/1985,44.5,56.1,68.4,67,45.5
Southwest,2/21/1985,42.6,48.9,62.4,62.3,41.8
Southwest,2/22/1985,38.3,46.1,56.1,58.9,39.8
Southwest,2/23/1985,38.6,47.4,58.1,58,38.1
Southwest,2/24/1985,37.3,47.6,59.8,60.9,38.5
Southwest,2/25/1985,39.6,50.5,64.9,64.4,39.8
Southwest,2/26/1985,42.4,54.2,68.5,67.7,42.3
Southwest,2/27/1985,45,56.4,69.7,68.8,44.6
Southwest,2/28/1985,46.4,56.5,68.1,68.3,45.5
Southwest,3/1/1985,45,55.8,67.2,66.9,44.9
Southwest,3/2/1985,43.3,54,65.5,63.8,41.3
Southwest,3/3/1985,35.6,44.6,58.8,59.1,36.9
Southwest,3/4/1985,31.8,41.3,53.1,59,34.2
Southwest,3/5/1985,35.2,46.7,65.1,61.1,37.7
Southwest,3/6/1985,46,54.4,65.2,65.5,42.1
Southwest,3/7/1985,45.2,54.7,66.2,67.8,45.6
Southwest,3/8/1985,45.5,56.4,72.1,71.4,48.2
Southwest,3/9/1985,53.8,63.1,75.8,74.1,52
Southwest,3/10/1985,56.7,65.1,74.4,74.1,54.6
Southwest,3/11/1985,53.2,61.7,72.2,70.3,52.8
Southwest,3/12/1985,48.6,56.5,64.4,67.9,48.1
Southwest,3/13/1985,42.4,53.5,67.1,66.2,45.4
Southwest,3/14/1985,45.2,55.6,67.2,66.5,43.9
Southwest,3/15/1985,44.1,51.5,65.1,65.3,43.8
Southwest,3/16/1985,42.1,51.2,63.6,65.8,43.5
Southwest,3/17/1985,44.2,55.4,68.6,67.7,44.3
Southwest,3/18/1985,46.7,58.1,70.8,69.3,43.6
Southwest,3/19/1985,39.9,51.4,68.4,69.2,42.9
Southwest,3/20/1985,42,52.6,68.5,69.2,42.3
Southwest,3/21/1985,45.1,57.5,70.7,69.8,44
Southwest,3/22/1985,44.9,57.5,70.3,71,44.7
Southwest,3/23/1985,44.1,57,72,72.9,45.4
Southwest,3/24/1985,47.2,61.1,76.5,74.7,46.8
Southwest,3/25/1985,49.2,62.9,75.7,75.1,47.8
Southwest,3/26/1985,47,58.2,73,72,46.6
Southwest,3/27/1985,43.7,55.4,67.3,68.7,44.7
Southwest,3/28/1985,43.3,54.5,65.8,65.3,42
Southwest,3/29/1985,38.9,48.4,62.8,62.2,38.8
Southwest,3/30/1985,34.1,44.9,58,63.1,37.2
Southwest,3/31/1985,38.7,50.9,68.4,67,39.5
Southwest,4/1/1985,45.8,59,74.5,75.2,44.8
Southwest,4/2/1985,49.9,64.4,82.7,80.3,50.4
Southwest,4/3/1985,55.5,69.2,83.8,82.9,53
Southwest,4/4/1985,53.5,68,82.2,82,53.5
Southwest,4/5/1985,51.4,65.5,79.9,81,52.5
Southwest,4/6/1985,52.5,66.1,80.8,81.8,53
Southwest,4/7/1985,55,68.8,84.6,83.5,54.8
Southwest,4/8/1985,56.9,71.3,85.1,84.4,56.5
Southwest,4/9/1985,57.5,70.8,83.4,84.5,57
Southwest,4/10/1985,56.7,70.7,84.9,84.7,57.5
Southwest,4/11/1985,58.2,72,85.7,86.1,57.9
Southwest,4/12/1985,58.8,73.2,87.7,87.5,58.8
Southwest,4/13/1985,59.3,74.3,89.1,88.8,59.3
Southwest,4/14/1985,59.9,75.1,89.7,89.2,59.7
Southwest,4/15/1985,60,74.9,88.8,88.5,59.9
Southwest,4/16/1985,59.9,74,87,86.7,60
Southwest,4/17/1985,60,71.9,84.2,83.3,57.1
Southwest,4/18/1985,51.4,63.1,78.7,78.5,52.5
Southwest,4/19/1985,46,58.5,72.7,75.4,48.4
Southwest,4/20/1985,47.9,61.6,74.9,73.5,48.5
Southwest,4/21/1985,51.6,60.9,72.8,72.7,48
Southwest,4/22/1985,44.5,57.4,70.3,73.9,48.4
Southwest,4/23/1985,49,62.2,78.6,77.5,49.1
Southwest,4/24/1985,53.9,68.6,83.7,81.7,52.3
Southwest,4/25/1985,53.9,68.2,82.9,80.8,51
Southwest,4/26/1985,45.2,58.3,75.8,75.9,48.6
Southwest,4/27/1985,46.8,56.8,68.9,70.5,47.4
Southwest,4/28/1985,50.3,58.1,66.9,71.5,48.7
Southwest,4/29/1985,48.9,61,78.6,77.9,51.6
Southwest,4/30/1985,55.6,70.1,88.3,85.9,55.4
Southwest,5/1/1985,61.6,76.2,90.7,89.4,59.7
Southwest,5/2/1985,61.8,75.7,89.1,89.5,61.8
Southwest,5/3/1985,61.9,75.7,88.7,88.4,61.3
Southwest,5/4/1985,60.2,74.2,87.3,86.8,59.9
Southwest,5/5/1985,57.7,71.6,84.3,85.3,58
Southwest,5/6/1985,56,70.6,84.2,85,56.7
Southwest,5/7/1985,56.4,71,86.5,86.9,57.6
Southwest,5/8/1985,60.5,75,90.1,89.1,60.6
Southwest,5/9/1985,64.9,77.6,90.7,89.3,60.2
Southwest,5/10/1985,55.3,68.7,87.1,84.3,56.2
Southwest,5/11/1985,48.4,61.8,75.1,79.8,51.4
Southwest,5/12/1985,50.4,63.9,77.1,77.4,50.1
Southwest,5/13/1985,51.4,65.8,80,80.5,51.6
Southwest,5/14/1985,53.1,68.4,84.4,84.3,54.1
Southwest,5/15/1985,57.8,73.2,88.5,86.6,57.6
Southwest,5/16/1985,61.9,75,87,86.6,59.4
Southwest,5/17/1985,58.4,71.9,84.3,86,59.5
Southwest,5/18/1985,58.2,72.6,86.7,85.5,58.1
Southwest,5/19/1985,57.8,72.4,85.4,85.3,57.6
Southwest,5/20/1985,56.8,70.9,83.9,84.4,57.1
Southwest,5/21/1985,56.7,71,83.9,84.5,56.9
Southwest,5/22/1985,57.3,71.6,85.6,86.7,58.4
Southwest,5/23/1985,61.2,75.7,90.5,89.4,60.6
Southwest,5/24/1985,63.3,78,92.1,91.7,62.3
Southwest,5/25/1985,62.4,78.2,92.5,91.9,62.4
Southwest,5/26/1985,61.4,77.2,91.1,91.4,61.6
Southwest,5/27/1985,60.9,76.3,90.7,91.3,61.3
Southwest,5/28/1985,61.5,77.2,92.1,91.3,61.6
Southwest,5/29/1985,62.4,77.4,91.2,91.1,62.9
Southwest,5/30/1985,64.8,77.3,90.1,88.7,63
Southwest,5/31/1985,61.7,73.8,84.7,86.7,61
Southwest,6/1/1985,56.6,71.3,85.3,85.8,58.8
Southwest,6/2/1985,58.1,73,87.4,86.3,57.2
Southwest,6/3/1985,57,70.8,86.2,86.3,57.2
Southwest,6/4/1985,56.4,70.1,85.3,87,57.2
Southwest,6/5/1985,58.3,73.4,89.6,91,59.9
Southwest,6/6/1985,64.9,80.4,98,96.8,64.8
Southwest,6/7/1985,71.1,87.3,102.9,102,69.9
Southwest,6/8/1985,73.7,89.8,105,103.9,72.9
Southwest,6/9/1985,73.9,89.7,103.9,103.7,73.2
Southwest,6/10/1985,72,87.7,102.2,102,71.5
Southwest,6/11/1985,68.5,84.4,100,100.2,69.9
Southwest,6/12/1985,69.1,84.1,98.4,99.4,68.9
Southwest,6/13/1985,69,84.8,99.8,99.5,68.9
Southwest,6/14/1985,68.6,85.2,100.2,100.8,69.2
Southwest,6/15/1985,70.1,86.8,102.3,102.1,70.5
Southwest,6/16/1985,72.9,88.9,103.7,103,72.1
Southwest,6/17/1985,73.2,88.8,103.1,102.9,72.6
Southwest,6/18/1985,71.7,87.3,101.9,101.7,71.5
Southwest,6/19/1985,69.7,85.4,100.1,100.1,69.9
Southwest,6/20/1985,68.3,83.6,98.2,98.3,68.7
Southwest,6/21/1985,68.1,82.9,96.7,97.7,68.2
Southwest,6/22/1985,68.2,83.5,98.1,97.9,68.7
Southwest,6/23/1985,69.7,84.8,99,98.5,70.1
Southwest,6/24/1985,72.5,84.6,98.4,96.5,68.2
Southwest,6/25/1985,62.5,77.3,92,94.8,66.2
Southwest,6/26/1985,63.5,78.7,93.9,94.6,63.5
Southwest,6/27/1985,64.6,81.4,97.8,97.1,65.2
Southwest,6/28/1985,67.6,84.3,99.6,98.8,67.3
Southwest,6/29/1985,69.8,85.2,99.1,99.7,69.6
Southwest,6/30/1985,71.4,86.1,100.3,101,71.5
Southwest,7/1/1985,73.3,88.6,103.5,102.5,72.5
Southwest,7/2/1985,72.8,89.1,103.8,103.4,73
Southwest,7/3/1985,72.9,88.6,102.9,103.2,73
Southwest,7/4/1985,73.3,88.5,102.9,102.7,72.7
Southwest,7/5/1985,71.8,87.6,102.3,102.7,72.6
Southwest,7/6/1985,72.6,88.1,102.8,103.3,72.9
Southwest,7/7/1985,74.4,89.8,104.9,104.5,75
Southwest,7/8/1985,78.1,92.6,105.8,105,75.1
Southwest,7/9/1985,72.7,88.2,104.4,103.5,74
Southwest,7/10/1985,71.2,86.3,100.3,102.5,72.6
Southwest,7/11/1985,74,88.3,102.9,102.3,73.9
Southwest,7/12/1985,76.4,90.6,103.7,103.1,75.6
Southwest,7/13/1985,76.3,89.8,102.8,102.6,75.3
Southwest,7/14/1985,73.3,86.9,101.2,100.7,74.8
Southwest,7/15/1985,74.8,86.8,98.1,98.7,74.2
Southwest,7/16/1985,74.4,86,96.7,96.7,73.8
Southwest,7/17/1985,72.1,84,95.3,95.3,72.9
Southwest,7/18/1985,72.1,81.9,94,93.2,71.7
Southwest,7/19/1985,70.8,81,90.2,91.5,71.3
Southwest,7/20/1985,71,81,90.4,91.4,70.9
Southwest,7/21/1985,70.9,81.8,93.5,92.7,71
Southwest,7/22/1985,71.2,82.7,94.2,94.1,70.7
Southwest,7/23/1985,70.1,82.7,94.7,94.9,70.4
Southwest,7/24/1985,69.8,82.7,95.7,95.1,69.8
Southwest,7/25/1985,69.4,82.7,94.9,96.3,70.1
Southwest,7/26/1985,71,84,98.3,96.9,71.9
Southwest,7/27/1985,75.2,85.4,97.5,95.6,72.8
Southwest,7/28/1985,72.2,80.4,91,93.6,72.9
Southwest,7/29/1985,71.4,80.8,92.3,92.1,71.4
Southwest,7/30/1985,70.7,82,93.1,93.1,70.9
Southwest,7/31/1985,70.5,82.4,94,93.3,71.1
Southwest,8/1/1985,72.2,81.6,92.9,92.3,70.9
Southwest,8/2/1985,70,80,90,91.9,71
Southwest,8/3/1985,70.8,81.4,92.9,93.2,70.9
Southwest,8/4/1985,71.9,84,96.7,95.9,71.8
Southwest,8/5/1985,72.6,85.6,98.1,97.4,72
Southwest,8/6/1985,71.6,85,97.5,97.5,72.5
Southwest,8/7/1985,73.2,83.8,96.9,96.2,72.9
Southwest,8/8/1985,73.9,83.6,94.1,95.2,72.9
Southwest,8/9/1985,71.6,83.7,94.7,94.4,71.9
Southwest,8/10/1985,70.3,83,94.4,94,70.3
Southwest,8/11/1985,69,80.6,92.9,93.1,68.4
Southwest,8/12/1985,66,78.7,92,93.1,67.4
Southwest,8/13/1985,67.2,80.7,94.3,94,66.6
Southwest,8/14/1985,66.7,81.4,95.8,95.7,67.2
Southwest,8/15/1985,67.8,82.4,97,96.2,68
Southwest,8/16/1985,69.6,83.5,95.9,95.7,69.2
Southwest,8/17/1985,70.3,82.6,94.2,94.8,70.1
Southwest,8/18/1985,70.3,82.2,94.2,93.9,70.1
Southwest,8/19/1985,69.7,81.9,93.4,93.2,70.3
Southwest,8/20/1985,70.8,79.5,91.9,92.6,69.8
Southwest,8/21/1985,68.8,79,92.6,93.9,70.3
Southwest,8/22/1985,71.2,83.8,97.3,97.1,71
Southwest,8/23/1985,73,86.8,101.3,100,73.3
Southwest,8/24/1985,75.6,88.9,101.4,100.3,75.2
Southwest,8/25/1985,77,87.7,98.2,98.2,75.9
Southwest,8/26/1985,75,85,94.9,96.1,75.1
Southwest,8/27/1985,73.4,84.4,95.1,95.6,74.3
Southwest,8/28/1985,74.5,85.2,96.8,97.3,74.3
Southwest,8/29/1985,75.1,87.1,100.1,98.5,75.2
Southwest,8/30/1985,76.1,88,98.7,98.8,75.6
Southwest,8/31/1985,75.5,86.4,97.6,97.1,74.7
Southwest,9/1/1985,72.4,83,95,94.6,73.1
Southwest,9/2/1985,71.5,81.4,91.3,92.1,70.8
Southwest,9/3/1985,68.6,79.6,89.9,89.3,67.7
Southwest,9/4/1985,63,74.2,86.8,86.3,63.6
Southwest,9/5/1985,59.2,71,82.3,84.1,60.6
Southwest,9/6/1985,59.6,71.4,83.3,83.4,59.4
Southwest,9/7/1985,59.3,71,84.7,85,59.8
Southwest,9/8/1985,60.6,73.4,86.9,86,60.7
Southwest,9/9/1985,62.3,74,86.3,86.5,61.4
Southwest,9/10/1985,61.2,73,86.4,85.4,61.4
Southwest,9/11/1985,60.6,70.6,83.6,84.9,59.2
Southwest,9/12/1985,55.9,68.6,84.7,86.2,58.8
Southwest,9/13/1985,59.9,73.8,90.4,88.7,60.9
Southwest,9/14/1985,66.9,78.4,91,90.7,65.2
Southwest,9/15/1985,68.7,79.4,90.6,90.9,67.5
Southwest,9/16/1985,66.9,78.5,91,90.7,66.5
Southwest,9/17/1985,64,77.4,90.5,89.8,65.2
Southwest,9/18/1985,64.8,72.8,87.9,84.8,61.5
Southwest,9/19/1985,55.6,65.1,76,80.1,58.5
Southwest,9/20/1985,55.2,65.5,76.3,78.1,55.7
Southwest,9/21/1985,56.4,68,81.9,80.8,56.8
Southwest,9/22/1985,58.8,71,84.3,83.7,58
Southwest,9/23/1985,58.7,71.4,85,86.1,59.6
Southwest,9/24/1985,61.2,74,89,87.5,60.4
Southwest,9/25/1985,61.4,74.3,88.6,88.4,61.4
Southwest,9/26/1985,61.7,74.6,87.7,87.2,62.4
Southwest,9/27/1985,64.1,73.9,85.3,83.3,61.9
Southwest,9/28/1985,59.8,66.8,76.8,79.3,59.7
Southwest,9/29/1985,55.2,64.1,75.8,77,56.8
Southwest,9/30/1985,55.5,66.2,78.3,77.8,55.7
Southwest,10/1/1985,56.4,67.4,79.2,79.7,56.4
Southwest,10/2/1985,57.3,68.5,81.5,82.1,57.5
Southwest,10/3/1985,58.9,71.3,85.6,83.9,59.1
Southwest,10/4/1985,61,72.4,84.6,86,60.2
Southwest,10/5/1985,60.7,72.9,87.8,86.9,61.7
Southwest,10/6/1985,63.5,75.1,88.2,87.3,62.1
Southwest,10/7/1985,62.2,72,85.9,83.2,59.9
Southwest,10/8/1985,54.1,64.1,75.4,78.2,56.4
Southwest,10/9/1985,52.8,62.7,73.3,73.1,54
Southwest,10/10/1985,55,60.5,70.6,70.5,52.6
Southwest,10/11/1985,49.9,57.4,67.7,70.4,51.9
Southwest,10/12/1985,50.8,60.5,73,71.4,51
Southwest,10/13/1985,52.2,62.6,73.5,73.5,51.5
Southwest,10/14/1985,51.6,62.4,74,75.6,52.3
Southwest,10/15/1985,53.1,64.3,79.4,76.4,54
Southwest,10/16/1985,57.4,63.1,75.8,74.4,55
Southwest,10/17/1985,54.6,59.9,68.1,72,54.8
Southwest,10/18/1985,52.5,60.8,72,71.7,53.6
Southwest,10/19/1985,53.6,63.2,75,75,53.5
Southwest,10/20/1985,54.4,64.8,77.9,76,54.7
Southwest,10/21/1985,56.2,65.4,75.2,74.8,54
Southwest,10/22/1985,51.3,60.8,71.3,73.5,53
Southwest,10/23/1985,51.4,61.2,73.9,74.8,52.3
Southwest,10/24/1985,54.1,64.8,79.2,78.2,54.2
Southwest,10/25/1985,57,67.8,81.4,80.7,56.1
Southwest,10/26/1985,57.2,68.4,81.6,82,58
Southwest,10/27/1985,59.8,69.7,82.9,81.6,58.7
Southwest,10/28/1985,59,68.9,80.4,80.8,58.6
Southwest,10/29/1985,56.9,67.4,79,79,57.2
Southwest,10/30/1985,55.8,66,77.5,76.6,56
Southwest,10/31/1985,55.2,64.3,73.4,73.5,53.3
Southwest,11/1/1985,48.8,58.9,69.6,71.6,50.5
Southwest,11/2/1985,47.4,58.1,71.7,72.1,48.9
Southwest,11/3/1985,50.6,60.9,74.9,74.6,50.2
Southwest,11/4/1985,52.5,63.3,77.1,75.4,52.1
Southwest,11/5/1985,53.1,63.7,74.3,74.5,51.8
Southwest,11/6/1985,49.8,60.7,72.1,72.7,50.6
Southwest,11/7/1985,48.8,59.4,71.8,72.1,49
Southwest,11/8/1985,48.4,59.4,72.3,70.5,48.4
Southwest,11/9/1985,48,57.6,67.4,68,47.5
Southwest,11/10/1985,46,54.7,64.4,64.1,47.5
Southwest,11/11/1985,48.5,53.7,60.4,60.7,46.5
Southwest,11/12/1985,44.9,50.6,57.3,56.3,43.5
Southwest,11/13/1985,37,43.7,51.1,53.1,38.1
Southwest,11/14/1985,32.5,40.9,50.8,52.8,34.4
Southwest,11/15/1985,33.8,42.7,56.6,56.7,35
Southwest,11/16/1985,38.8,48.1,62.8,59.7,38.8
Southwest,11/17/1985,43.8,50.8,59.8,59.4,39.9
Southwest,11/18/1985,37.1,46.5,55.5,55.4,37.6
Southwest,11/19/1985,32,41.5,50.9,54.3,34.2
Southwest,11/20/1985,33.6,42.2,56.4,55.5,34.8
Southwest,11/21/1985,38.8,47.2,59.1,59.1,36.9
Southwest,11/22/1985,38.4,48.3,61.7,61.9,39.9
Southwest,11/23/1985,42.6,51.9,65,63.8,42.3
Southwest,11/24/1985,46,53.8,64.7,63.4,45.5
Southwest,11/25/1985,47.9,53.8,60.4,60.6,47.8
Southwest,11/26/1985,49.6,52.9,56.8,58.5,47.1
Southwest,11/27/1985,43.7,49.9,58.3,57.6,45.3
Southwest,11/28/1985,42.6,49.2,57.7,58.5,43.2
Southwest,11/29/1985,43.4,50.3,59.5,57.7,42.9
Southwest,11/30/1985,42.6,48.9,55.9,56.9,41.4
Southwest,12/1/1985,38.1,45.5,55.4,56.5,40.9
Southwest,12/2/1985,41.9,48.5,58.3,58.9,42.3
Southwest,12/3/1985,46.9,52.7,63,61.8,43.9
Southwest,12/4/1985,43,52.1,64,64,44.9
Southwest,12/5/1985,44.9,52.9,64.9,63.9,44.2
Southwest,12/6/1985,44.7,53.2,62.7,63,43.6
Southwest,12/7/1985,41.1,50.2,61.5,61.4,41.9
Southwest,12/8/1985,39.8,49.4,59.9,58.6,39.5
Southwest,12/9/1985,37.5,45.9,54.5,54.2,36.3
Southwest,12/10/1985,31.6,39.3,48.2,48.3,33.4
Southwest,12/11/1985,31.1,35.3,42.2,44.4,31.3
Southwest,12/12/1985,31.3,35.5,42.7,43.1,30
Southwest,12/13/1985,27.6,34.4,44.3,45.8,29.7
Southwest,12/14/1985,30.3,37.3,50.3,49.7,30.5
Southwest,12/15/1985,33.7,41.2,54.5,54.1,33.5
Southwest,12/16/1985,36.5,44.4,57.4,56.8,35.7
Southwest,12/17/1985,36.9,45.5,58.5,58.7,37.3
Southwest,12/18/1985,38.5,47.1,60.2,60.2,38.5
Southwest,12/19/1985,40,48.6,62,61.8,39.7
Southwest,12/20/1985,40.6,49.9,63.2,63.3,40.9
Southwest,12/21/1985,42.2,51.3,64.6,64.2,42.1
Southwest,12/22/1985,43.6,52.5,64.8,64.8,42.8
Southwest,12/23/1985,42.7,52.3,65.1,64.8,42.8
Southwest,12/24/1985,42.1,51.6,64.6,64.9,42.4
Southwest,12/25/1985,42.4,51.7,64.9,64.5,42.4
Southwest,12/26/1985,42.7,51.8,63.9,63.6,42.4
Southwest,12/27/1985,42.2,51.3,61.9,62.6,42.5
Southwest,12/28/1985,42.5,51,62.1,62.2,42.6
Southwest,12/29/1985,43.2,51.2,62.6,62.9,44
Southwest,12/30/1985,46.2,53.4,64,63.1,45.3
Southwest,12/31/1985,46.6,54,62.7,62.7,45.7
Southwest,1/1/1986,44.3,52.6,61.4,61.7,44.3
Southwest,1/2/1986,41.9,50.3,60.9,60.9,43.2
Southwest,1/3/1986,43.4,50.8,60.5,60.1,42.3
Southwest,1/4/1986,41.6,49.5,58.8,59.8,42.8
Southwest,1/5/1986,43.3,50.3,60.2,60.1,42.5
Southwest,1/6/1986,42.6,50.7,61.4,59.7,40.3
Southwest,1/7/1986,35,45.3,57.6,58.4,37.7
Southwest,1/8/1986,35.6,44.2,56.1,57.6,35.8
Southwest,1/9/1986,36.8,45.9,59.2,60.1,37.8
Southwest,1/10/1986,40.9,49.8,65,64.1,40.5
Southwest,1/11/1986,43.7,53.1,68.2,67.3,42.7
Southwest,1/12/1986,43.4,53.9,68.8,68.6,43.5
Southwest,1/13/1986,43.5,54.1,68.7,66.9,44.3
Southwest,1/14/1986,46,53.8,63.3,64.1,43.6
Southwest,1/15/1986,41.3,50.6,60.3,61.9,42.9
Southwest,1/16/1986,41.3,50.4,62.1,62.3,41.9
Southwest,1/17/1986,43,52.1,64.5,65.5,42.9
Southwest,1/18/1986,44.5,54.6,69.8,68.9,44.8
Southwest,1/19/1986,47,57.3,72.4,70.4,46
Southwest,1/20/1986,46.5,57.2,69.1,69.1,45.9
Southwest,1/21/1986,44.2,54.5,65.7,67,44.7
Southwest,1/22/1986,43.4,53.5,66.3,66.9,44.5
Southwest,1/23/1986,46,55.4,68.8,67.2,44.6
Southwest,1/24/1986,44.3,54.8,66.6,67.7,44.3
Southwest,1/25/1986,42.7,53.6,67.8,68,43.5
Southwest,1/26/1986,43.4,54.3,69.6,69.1,43.2
Southwest,1/27/1986,43.5,54.9,69.8,70.2,44
Southwest,1/28/1986,45.2,56.5,71.1,70.8,44.9
Southwest,1/29/1986,45.9,57.5,71.6,70.4,46.3
Southwest,1/30/1986,47.8,57.2,68.6,69.1,47.7
Southwest,1/31/1986,49.5,56.3,67,67,48.5
Southwest,2/1/1986,48.3,55.3,65.3,65.2,48.1
Southwest,2/2/1986,46.4,53.8,63.3,63.4,45.7
Southwest,2/3/1986,42.3,51.6,61.5,61.5,43.2
Southwest,2/4/1986,41,47.6,59.6,58.9,39.8
Southwest,2/5/1986,36,44.4,55.5,56.4,38.1
Southwest,2/6/1986,37.2,44.9,54.2,53.8,35.1
Southwest,2/7/1986,32,40.9,51.6,51.2,34.8
Southwest,2/8/1986,35.2,39.7,47.7,48.7,34.4
Southwest,2/9/1986,36,40.1,46.7,46.9,33.3
Southwest,2/10/1986,28.8,36.6,46.4,47.6,31.5
Southwest,2/11/1986,29.6,38,49.8,51.1,31.1
Southwest,2/12/1986,34.9,43.3,57.2,55.9,36.3
Southwest,2/13/1986,44.5,50.2,60.8,61.1,41.1
Southwest,2/14/1986,43.8,53.1,65.4,63.4,45.7
Southwest,2/15/1986,48.7,55,64,63.6,46.9
Southwest,2/16/1986,48.2,53.5,61.4,63.3,47.2
Southwest,2/17/1986,44.6,53.3,64.5,65.5,46.8
Southwest,2/18/1986,47.6,57.1,70.5,68.8,47.7
Southwest,2/19/1986,50.9,60.4,71.4,70.4,48.7
Southwest,2/20/1986,47.6,58.5,69.3,68.4,47.1
Southwest,2/21/1986,42.8,53.4,64.6,67.1,44
Southwest,2/22/1986,41.7,52.9,67.4,68.2,43.1
Southwest,2/23/1986,44.9,56.8,72.7,73.2,45.6
Southwest,2/24/1986,50.2,62.3,79.4,77.7,49.4
Southwest,2/25/1986,53.2,66,81,80.6,52.9
Southwest,2/26/1986,55.4,67.4,81.4,80.7,54.1
Southwest,2/27/1986,53.8,66.1,79.8,79.6,53.8
Southwest,2/28/1986,52.1,64.7,77.5,78.8,52.6
Southwest,3/1/1986,52,64.2,79,77.9,52.9
Southwest,3/2/1986,54.7,65.4,77.2,76.9,52.7
Southwest,3/3/1986,51.5,62.5,74.5,75.5,52.6
Southwest,3/4/1986,51.5,62.9,74.8,75.7,51.7
Southwest,3/5/1986,52.1,63.6,77.9,77,51.8
Southwest,3/6/1986,51.9,64.6,78.4,77.7,52.2
Southwest,3/7/1986,52.6,64.4,76.7,76.6,52.3
Southwest,3/8/1986,52.4,63.2,74.8,74.4,51.3
Southwest,3/9/1986,48.8,58.9,71.8,70.2,49
Southwest,3/10/1986,45.8,53.5,64.1,64.9,45.7
Southwest,3/11/1986,42.6,50.1,58.9,60.9,42.6
Southwest,3/12/1986,39.5,49.2,59.7,59.8,40.6
Southwest,3/13/1986,39.8,49.5,60.8,60.1,40.7
Southwest,3/14/1986,42.9,49.6,59.7,60.9,40.6
Southwest,3/15/1986,39.1,48.9,62.2,61,40.9
Southwest,3/16/1986,40.8,50.6,61.2,60.5,40.3
Southwest,3/17/1986,40.9,47.9,58,59.1,40
Southwest,3/18/1986,38.2,46.4,58.1,59.5,39.7
Southwest,3/19/1986,40,49.8,62.4,63.1,40.2
Southwest,3/20/1986,42.4,53.8,68.8,68.7,42.7
Southwest,3/21/1986,45.6,58.7,75,74.2,45.6
Southwest,3/22/1986,48.7,62.4,78.7,78,48.6
Southwest,3/23/1986,51.4,65.4,80.2,79.9,51.3
Southwest,3/24/1986,53.8,66.9,80.7,80,52.4
Southwest,3/25/1986,52.1,65.8,79.2,80.7,52.9
Southwest,3/26/1986,52.8,66.9,82.1,82.4,53.6
Southwest,3/27/1986,55.8,70,86,84.3,55.9
Southwest,3/28/1986,59,71.8,84.8,84.5,58
Southwest,3/29/1986,59.2,70.3,82.8,83.5,58
Southwest,3/30/1986,55.7,68.6,82.8,83.2,57.9
Southwest,3/31/1986,58.9,71,84,83.2,58.1
Southwest,4/1/1986,59.6,68.6,82.8,79.2,55.9
Southwest,4/2/1986,49.1,59.8,70.8,73.1,50.2
Southwest,4/3/1986,41.9,53.9,65.8,69.1,45.1
Southwest,4/4/1986,44.3,56.6,70.7,71,44.4
Southwest,4/5/1986,47.1,61,76.4,74.1,47
Southwest,4/6/1986,49.5,62.2,75.2,75.4,49.1
Southwest,4/7/1986,50.6,62.3,74.7,75.4,50.2
Southwest,4/8/1986,50.4,63.4,76.4,76.3,50.5
Southwest,4/9/1986,50.5,63.7,77.7,78,50.9
Southwest,4/10/1986,51.9,65.7,80,79.1,52.1
Southwest,4/11/1986,53.9,66.9,79.6,79.5,53.9
Southwest,4/12/1986,55.9,66.9,79,78.5,53.3
Southwest,4/13/1986,50,63.8,76.8,77.9,51.3
Southwest,4/14/1986,48.1,62.1,78,78.6,51
Southwest,4/15/1986,55,68,81.1,79.7,53.1
Southwest,4/16/1986,56.3,67.3,80.1,78,51.7
Southwest,4/17/1986,43.8,57.7,72.8,74.7,48.1
Southwest,4/18/1986,44.2,57.5,71.2,72.8,44.5
Southwest,4/19/1986,45.4,59.4,74.5,76.3,46.9
Southwest,4/20/1986,51.1,65.7,83.1,82,51.5
Southwest,4/21/1986,58,72.6,88.3,86.2,55.7
Southwest,4/22/1986,58,73.3,87.3,86.7,58.4
Southwest,4/23/1986,59.3,70.8,84.6,83.9,57.4
Southwest,4/24/1986,54.8,68.2,79.9,81.1,56.3
Southwest,4/25/1986,54.8,66.8,78.9,78.9,54
Southwest,4/26/1986,52.4,65.8,77.8,77.9,51.8
Southwest,4/27/1986,48.1,63,76.9,79.7,51.2
Southwest,4/28/1986,53.2,67.9,84.4,82.1,53
Southwest,4/29/1986,57.6,71.4,84.9,84.6,56.1
Southwest,4/30/1986,57.5,70.7,84.6,85.8,57.9
Southwest,5/1/1986,58.5,72.8,87.8,87.5,59.6
Southwest,5/2/1986,62.9,76.1,90.1,89.3,60.9
Southwest,5/3/1986,61.2,75.8,89.9,89.3,60.7
Southwest,5/4/1986,58,71.4,87.9,85.9,57
Southwest,5/5/1986,51.9,66.3,79.8,82.1,53.9
Southwest,5/6/1986,51.7,64.9,78.6,77,49.4
Southwest,5/7/1986,44.6,57.6,72.6,74.4,47
Southwest,5/8/1986,44.6,58.2,72,73.7,45.9
Southwest,5/9/1986,48.4,62.1,76.5,76.7,48.3
Southwest,5/10/1986,51.9,66.4,81.7,80.9,51.4
Southwest,5/11/1986,53.9,69,84.4,83.7,53.7
Southwest,5/12/1986,55.2,70.3,85,85.1,55.2
Southwest,5/13/1986,56.4,71.5,85.8,85.3,56
Southwest,5/14/1986,56.3,71.4,85.2,85.5,56.3
Southwest,5/15/1986,56.1,71.3,85.4,85.1,55.9
Southwest,5/16/1986,55.3,70.3,84.6,84.5,55.6
Southwest,5/17/1986,55.5,69.5,83.5,85,55.3
Southwest,5/18/1986,55,70.3,86.8,87.8,57
Southwest,5/19/1986,60.4,76.6,93,91.1,59.4
Southwest,5/20/1986,62.9,79.1,93.6,92.9,61.7
Southwest,5/21/1986,61.9,77.2,92.1,91.1,61.1
Southwest,5/22/1986,58.4,73.4,87.5,89.2,59.6
Southwest,5/23/1986,58.4,73.6,87.9,89,59.8
Southwest,5/24/1986,62.6,76.4,91.6,91.3,61.1
Southwest,5/25/1986,62.3,78.4,94.5,93.3,62.7
Southwest,5/26/1986,63.1,78.7,93.9,93.7,63
Southwest,5/27/1986,63.7,78.1,92.7,93.6,63.6
Southwest,5/28/1986,64,78.6,94.2,93.3,64.4
Southwest,5/29/1986,65.5,80,93.1,92.7,64.4
Southwest,5/30/1986,63.8,77.4,90.8,90.8,64.1
Southwest,5/31/1986,62.9,76,88.5,90,63.2
Southwest,6/1/1986,63,77,90.6,89.6,63.5
Southwest,6/2/1986,64.7,77.4,89.8,90.8,64.2
Southwest,6/3/1986,64.8,78.2,92,91.3,64.6
Southwest,6/4/1986,64.4,78.6,92.2,91.8,64.8
Southwest,6/5/1986,65.2,78.9,91.3,91.5,64.2
Southwest,6/6/1986,62.9,77.5,91.1,91.7,63.8
Southwest,6/7/1986,63.3,78.6,92.7,91.9,63
Southwest,6/8/1986,62.9,78.1,91.9,91.8,62.7
Southwest,6/9/1986,61.9,76.7,90.9,91.5,62.3
Southwest,6/10/1986,62,77.6,91.8,92.6,63.1
Southwest,6/11/1986,65.3,80.4,95,95.2,65.1
Southwest,6/12/1986,68,83.7,98.7,97.2,67.2
Southwest,6/13/1986,68.3,84,97.9,98.2,67.9
Southwest,6/14/1986,67.5,83.2,98.1,98.4,67.9
Southwest,6/15/1986,68,84,99.1,98.7,68.7
Southwest,6/16/1986,70.5,85.3,98.9,98.6,70.2
Southwest,6/17/1986,72,85.2,97.8,97.7,70.7
Southwest,6/18/1986,69.6,83.8,96.4,96.6,69.8
Southwest,6/19/1986,67.8,82.7,95.7,96.2,68.2
Southwest,6/20/1986,67.2,82.8,96.5,96.4,67.5
Southwest,6/21/1986,67.4,82.7,97,97.1,68.1
Southwest,6/22/1986,69.8,83.9,97.8,97,69.5
Southwest,6/23/1986,71.4,84.1,96.1,95.8,70.6
Southwest,6/24/1986,70.5,81.9,93.5,94,70.5
Southwest,6/25/1986,69.7,80.8,92.5,94.8,70.3
Southwest,6/26/1986,70.8,83.6,98.3,96.3,70.9
Southwest,6/27/1986,72.1,86,98,98,72.2
Southwest,6/28/1986,73.7,86,97.8,96.9,74.4
Southwest,6/29/1986,77.5,85.3,94.8,94.9,74.4
Southwest,6/30/1986,72.1,82,92,93.5,74
Southwest,7/1/1986,72.3,83.1,93.7,92.9,72.4
Southwest,7/2/1986,72.8,83.1,93.1,93,73.2
Southwest,7/3/1986,74.4,84,92.2,91.9,73.3
Southwest,7/4/1986,72.8,81.3,90.3,91.3,71.6
Southwest,7/5/1986,67.7,79.8,91.3,91.7,69.4
Southwest,7/6/1986,67.7,80.8,93.5,92.6,69.2
Southwest,7/7/1986,72.2,82.8,93.1,93.6,70.8
Southwest,7/8/1986,72.6,83.8,94.1,93.5,72.1
Southwest,7/9/1986,71.5,83,93.3,93.7,71.4
Southwest,7/10/1986,70.1,82.3,93.7,94.1,70.8
Southwest,7/11/1986,70.9,83,95.3,94.9,70.6
Southwest,7/12/1986,70.8,83.5,95.7,95.4,71.1
Southwest,7/13/1986,71.7,83.9,95.2,94.6,71.9
Southwest,7/14/1986,73.2,82.3,92.9,92.7,72.1
Southwest,7/15/1986,71.3,80.8,89.9,91.1,71.2
Southwest,7/16/1986,69,79.3,90.4,90.1,69.4
Southwest,7/17/1986,67.8,79.1,89.9,90.5,68.7
Southwest,7/18/1986,69.2,80.4,91.1,92.1,69.3
Southwest,7/19/1986,70.9,82.7,95.2,93.7,71.1
Southwest,7/20/1986,73.3,84.9,94.9,93.6,71.5
Southwest,7/21/1986,70.3,79.3,90.6,90.2,70.6
Southwest,7/22/1986,68.3,76.1,85.1,88.7,69.2
Southwest,7/23/1986,69,78.9,90.5,89.9,69.1
Southwest,7/24/1986,70.1,81.7,94,93.4,70
Southwest,7/25/1986,70.8,83.4,95.6,95.4,70.4
Southwest,7/26/1986,70.4,83.9,96.7,96.2,70.3
Southwest,7/27/1986,69.7,83.5,96.3,96.9,70.2
Southwest,7/28/1986,70.5,84.2,97.6,98,71.2
Southwest,7/29/1986,73.3,86.5,100.2,100,73.1
Southwest,7/30/1986,75.6,88.9,102.1,101.9,75.5
Southwest,7/31/1986,77.6,90.7,103.5,102.7,76.6
Southwest,8/1/1986,76.7,88.9,102.4,101.4,76.2
Southwest,8/2/1986,74.4,86.4,98.3,99.7,75.5
Southwest,8/3/1986,75.3,87.2,98.3,98.6,75.1
Southwest,8/4/1986,75.6,87.5,99.1,98.5,75.9
Southwest,8/5/1986,76.7,87.5,98.1,98.1,75.5
Southwest,8/6/1986,74.3,85.9,97.1,97.6,75.1
Southwest,8/7/1986,74.4,86.1,97.7,97.3,74.3
Southwest,8/8/1986,74.3,85.4,97,96.5,74.8
Southwest,8/9/1986,75.6,85.6,94.8,94.7,74.6
Southwest,8/10/1986,73.9,83.7,92.2,93.1,74.3
Southwest,8/11/1986,73.5,83.1,92.3,92.5,73.8
Southwest,8/12/1986,74,83.7,92.9,93.6,73.9
Southwest,8/13/1986,74.3,84.7,95.6,95.1,73.7
Southwest,8/14/1986,72.9,84.3,96.8,96.4,73.3
Southwest,8/15/1986,72.8,84.9,96.9,97,72.5
Southwest,8/16/1986,71.8,84.6,97.4,97,72.4
Southwest,8/17/1986,72.7,84.7,96.6,96.3,73.4
Southwest,8/18/1986,75.8,85.5,95,97.1,74.6
Southwest,8/19/1986,75.2,86.6,99.6,98.2,75.6
Southwest,8/20/1986,75.8,88.2,99.9,99.8,75.7
Southwest,8/21/1986,76.1,88.3,99.8,99.6,75.8
Southwest,8/22/1986,75.4,87.6,99,98.7,75.9
Southwest,8/23/1986,76.3,85.5,97.3,95.1,74.5
Southwest,8/24/1986,71.7,79.8,89,91.3,72.5
Southwest,8/25/1986,69.5,78.3,87.5,88.3,70.6
Southwest,8/26/1986,70.5,79.8,88.5,88.2,70
Southwest,8/27/1986,70,79.3,88.7,88.7,70.6
Southwest,8/28/1986,71.2,79.6,89,89,70.3
Southwest,8/29/1986,69.7,79.7,89.2,89.1,70
Southwest,8/30/1986,69.2,78.9,89.2,89.8,69.3
Southwest,8/31/1986,68.9,79.1,91,90.5,68.8
Southwest,9/1/1986,68.3,79.9,91.4,91.8,68.4
Southwest,9/2/1986,68,80.1,93.1,92.6,68.2
Southwest,9/3/1986,68.3,80.7,93.3,93.8,68.1
Southwest,9/4/1986,68,81.3,95,95.3,68.9
Southwest,9/5/1986,70.5,83.5,97.6,97.1,70
Southwest,9/6/1986,71.5,85.1,98.7,97.7,70.8
Southwest,9/7/1986,70.5,83.4,96.9,96,70.7
Southwest,9/8/1986,70.2,80.5,92.4,92.2,69.2
Southwest,9/9/1986,67,77.2,87.3,88.4,66.8
Southwest,9/10/1986,63.1,74.3,85.4,86.5,63.2
Southwest,9/11/1986,59.6,72.8,86.8,87.1,61.4
Southwest,9/12/1986,61.5,75.2,89.2,88,62
Southwest,9/13/1986,65,76.7,88,88,62.5
Southwest,9/14/1986,61.1,73.7,86.7,87.5,62.6
Southwest,9/15/1986,61.7,74.3,87.7,87.5,61.4
Southwest,9/16/1986,61.5,74.5,88,88,61.5
Southwest,9/17/1986,61.2,74.5,88.3,88.4,61.5
Southwest,9/18/1986,61.8,75,89,88.5,61.6
Southwest,9/19/1986,61.8,74.7,88.2,87.6,61.8
Southwest,9/20/1986,61.7,73.8,85.6,87.1,61.5
Southwest,9/21/1986,60.9,73.7,87.5,86.1,62
Southwest,9/22/1986,63.3,73.7,85.1,84,62.3
Southwest,9/23/1986,62.7,68.9,79.3,78,59
Southwest,9/24/1986,50.9,60.2,69.5,74.4,54.9
Southwest,9/25/1986,51,60.9,74.4,72.9,51.6
Southwest,9/26/1986,53,63.1,74.8,76.1,52.1
Southwest,9/27/1986,52.2,64.5,79.1,77.4,53.2
Southwest,9/28/1986,54.3,66.2,78.4,78.1,53.4
Southwest,9/29/1986,53.6,65.3,76.7,78.1,53.8
Southwest,9/30/1986,53.5,65.4,79.2,79.4,53.9
Southwest,10/1/1986,54.6,67.8,82.4,80.4,53.8
Southwest,10/2/1986,53.3,64.7,79.7,78,53
Southwest,10/3/1986,51,61.2,72,77.1,52.1
Southwest,10/4/1986,52.1,64,79.7,77.2,53.6
Southwest,10/5/1986,57.6,68,79.8,80,56.2
Southwest,10/6/1986,59,68.4,80.4,81.2,58.6
Southwest,10/7/1986,59.2,70,83.3,82.2,59.3
Southwest,10/8/1986,59.6,70.9,83,82.5,59.4
Southwest,10/9/1986,59.3,70.2,81.1,80.7,58.8
Southwest,10/10/1986,57.5,65,77.9,75.9,56.3
Southwest,10/11/1986,52.1,59.8,68.6,71.3,53.1
Southwest,10/12/1986,49.8,57.8,67.3,68.2,49.4
Southwest,10/13/1986,46.3,56.1,68.8,70.4,48
Southwest,10/14/1986,48,59.6,75,74.2,48.9
Southwest,10/15/1986,52.3,63.9,78.9,78.1,52.3
Southwest,10/16/1986,56.6,67,80.4,79.5,55
Southwest,10/17/1986,56,67.2,79.3,78.8,55.3
Southwest,10/18/1986,53.3,65.1,76.6,76.4,53.4
Southwest,10/19/1986,51,61.7,73.3,73.8,51.5
Southwest,10/20/1986,50.1,60.4,71.5,72.2,50.2
Southwest,10/21/1986,49.5,59.8,71.7,72.4,50
Southwest,10/22/1986,50.3,60.9,74,73.5,50.2
Southwest,10/23/1986,50.7,62,74.7,74.8,51.2
Southwest,10/24/1986,52.6,63.1,75.8,76.1,52
Southwest,10/25/1986,52.8,63.8,77.9,77.7,53
Southwest,10/26/1986,53.7,65.4,79.4,79.2,53.8
Southwest,10/27/1986,55,66.4,80.3,80.1,54.5
Southwest,10/28/1986,54.9,66.7,80.7,80.6,56.1
Southwest,10/29/1986,58.5,68.7,80.9,80.5,56.3
Southwest,10/30/1986,55.6,67.1,80,79.2,55.9
Southwest,10/31/1986,53.7,64.9,76.6,76,53.2
Southwest,11/1/1986,50.2,60.1,71.4,71.3,50.4
Southwest,11/2/1986,47.4,56.1,65.8,67.4,48.4
Southwest,11/3/1986,47.7,55.7,65.1,65.5,47.4
Southwest,11/4/1986,47.2,55.3,65.7,66.8,47.1
Southwest,11/5/1986,46.4,56.3,69.5,68.1,46.8
Southwest,11/6/1986,46.8,57.5,69,67.7,44.9
Southwest,11/7/1986,41.4,52.5,64.6,64.9,42.5
Southwest,11/8/1986,39.3,49.4,61.2,63.8,39.9
Southwest,11/9/1986,39.1,50.4,65.5,64.9,40.4
Southwest,11/10/1986,42.7,53.4,68.1,68.2,41.7
Southwest,11/11/1986,43.2,54.9,70.9,70.1,44
Southwest,11/12/1986,46.1,57.2,71.4,69.7,45.2
Southwest,11/13/1986,46.4,55.7,66.7,68.9,45.7
Southwest,11/14/1986,44.5,54.4,68.6,68.2,46.6
Southwest,11/15/1986,48.8,57.3,69.4,69.9,48.1
Southwest,11/16/1986,50.9,59.8,71.8,71.3,50.7
Southwest,11/17/1986,52.5,60.9,72.8,71,53.6
Southwest,11/18/1986,57.3,61.1,68.3,69,54.2
Southwest,11/19/1986,52.7,58.2,66,67.8,52.6
Southwest,11/20/1986,47.9,57,69.1,68.1,49.9
Southwest,11/21/1986,49.2,58.2,69.2,67.7,48
Southwest,11/22/1986,46.8,55.6,64.9,64.5,45.6
Southwest,11/23/1986,40.9,49.6,59.5,61.4,42.3
Southwest,11/24/1986,39.3,48,59.9,60.6,40.3
Southwest,11/25/1986,40.8,50.1,62.3,60.6,39.9
Southwest,11/26/1986,39.7,48.9,59.7,61.8,40.6
Southwest,11/27/1986,41.2,50.2,63.3,63.6,41.3
Southwest,11/28/1986,43,52.9,67.8,65.7,42.8
Southwest,11/29/1986,44.1,54.2,66.1,64.8,42.6
Southwest,11/30/1986,40.6,50.6,60.6,63,40.9
Southwest,12/1/1986,38,47.9,62.2,62.7,39.7
Southwest,12/2/1986,40.6,50.3,65.2,64.7,40.5
Southwest,12/3/1986,43,53,66.6,66.2,42.6
Southwest,12/4/1986,44.3,53.9,66.9,66.2,44.3
Southwest,12/5/1986,45.6,54.3,65.1,64,46
Southwest,12/6/1986,48,51.6,59.9,59.8,46.6
Southwest,12/7/1986,46.1,48.9,54.4,55.8,44.8
Southwest,12/8/1986,40.4,46.2,53.1,53.5,41.3
Southwest,12/9/1986,37.3,44.6,53,51.6,37
Southwest,12/10/1986,33.3,40.8,48.7,49.9,33.8
Southwest,12/11/1986,30.8,37.6,48.1,50.4,32.2
Southwest,12/12/1986,32.6,40.6,54.5,53.3,33
Southwest,12/13/1986,35.6,44.1,57.4,56.9,35.5
Southwest,12/14/1986,38.2,46.5,58.8,59,38.4
Southwest,12/15/1986,41.4,49.3,60.9,59.9,41.5
Southwest,12/16/1986,44.9,51.1,59.9,59.1,44.4
Southwest,12/17/1986,46.8,50.9,56.4,57.4,44.4
Southwest,12/18/1986,41.5,47.9,55.9,56.6,43
Southwest,12/19/1986,40.6,47.6,57.6,55.9,41
Southwest,12/20/1986,40.8,47.4,54.1,55.4,40.5
Southwest,12/21/1986,40.1,46,54.6,54.9,40.1
Southwest,12/22/1986,39.4,46.3,56,55.5,39.5
Southwest,12/23/1986,39,46.4,56,55.7,39
Southwest,12/24/1986,38.6,46,55.1,55.1,38.1
Southwest,12/25/1986,36.7,44.5,54.2,54.8,37.3
Southwest,12/26/1986,36.7,44.6,55,55,36.7
Southwest,12/27/1986,36.6,44.8,55.9,55.5,36.8
Southwest,12/28/1986,37,45.1,55.5,56.8,37.2
Southwest,12/29/1986,37.9,46.2,59,57.8,37.9
Southwest,12/30/1986,38.8,47.4,59,58.7,38.8
Southwest,12/31/1986,39.6,47.4,58.2,58.2,38.9
Southwest,1/1/1987,38.3,46.7,57.5,57.9,39.4
Southwest,1/2/1987,40.2,48.2,58.1,58.6,39
Southwest,1/3/1987,38.5,47.2,60.3,60.5,39.7
Southwest,1/4/1987,40.4,49.3,63.1,60.7,41.2
Southwest,1/5/1987,44.6,49.9,58.7,58.2,40.5
Southwest,1/6/1987,36.5,43.8,52.8,54.9,39.2
Southwest,1/7/1987,36.6,43.8,53.2,52,35.7
Southwest,1/8/1987,34.1,41.6,50,50.9,33.8
Southwest,1/9/1987,30.7,38.6,49.5,51.2,32.1
Southwest,1/10/1987,31.4,39.9,54.2,54.6,32.4
Southwest,1/11/1987,35.1,44.3,60.2,59.2,34.8
Southwest,1/12/1987,38,47.7,63.3,62.1,37.7
Southwest,1/13/1987,40.1,49.6,62.8,61.6,39.4
Southwest,1/14/1987,40,48.6,58.7,58.7,38.3
Southwest,1/15/1987,34.8,44,54.5,53.7,34.6
Southwest,1/16/1987,29,36.7,47.9,47.5,29.3
Southwest,1/17/1987,24.1,30.8,40.2,43.5,26.1
Southwest,1/18/1987,25.2,31.8,42.3,42.3,25.2
Southwest,1/19/1987,26.4,33.7,44.3,44,26.9
Southwest,1/20/1987,29,35.7,45.5,45.7,27.8
Southwest,1/21/1987,28,35.8,47.4,49.2,29.1
Southwest,1/22/1987,30.3,39.1,54.8,53.2,31.3
Southwest,1/23/1987,35.7,43.8,57.5,56.2,33.7
Southwest,1/24/1987,35.2,44.3,56.2,58.4,36.3
Southwest,1/25/1987,37.9,47.2,61.6,62.2,38.4
Southwest,1/26/1987,42,52.4,68.7,66.5,41.3
Southwest,1/27/1987,43.9,54.5,69.1,68.6,44.9
Southwest,1/28/1987,48.7,56.9,68,67.8,45.3
Southwest,1/29/1987,43.3,53.8,66.3,66.5,45.5
Southwest,1/30/1987,44.6,54.2,65.3,64.5,43.2
Southwest,1/31/1987,41.7,49,62,63.1,41.6
Southwest,2/1/1987,38.4,47.4,62.1,63.8,40.7
Southwest,2/2/1987,42,52.6,67.3,65.4,41.6
Southwest,2/3/1987,44.5,54.7,66.7,66,43.3
Southwest,2/4/1987,43.3,53,64,65,43.4
Southwest,2/5/1987,42.3,52.1,64.4,64.9,42.6
Southwest,2/6/1987,42.1,52.5,66.2,65.7,42.1
Southwest,2/7/1987,41.9,52.9,66.6,67.3,43.2
Southwest,2/8/1987,45.5,54.7,69.1,68.8,44.5
Southwest,2/9/1987,46.1,56.3,70.6,70.2,46.6
Southwest,2/10/1987,48.1,58,70.9,70.3,47.4
Southwest,2/11/1987,48,58.2,69.5,69.6,48.2
Southwest,2/12/1987,48.5,58,68.5,69.1,47.8
Southwest,2/13/1987,46.8,57.2,69.3,68.5,46.4
Southwest,2/14/1987,43.9,54.6,67.8,67,43.6
Southwest,2/15/1987,40.1,50.4,63.9,64.7,40.9
Southwest,2/16/1987,38.6,48.7,62.4,61.8,38.6
Southwest,2/17/1987,37.2,47,59.1,59.8,37.4
Southwest,2/18/1987,36.4,46.9,57.9,57.6,36.5
Southwest,2/19/1987,35.8,45,55.7,55.3,34.9
Southwest,2/20/1987,32.6,42.3,52.2,53.7,33.7
Southwest,2/21/1987,32.6,42,53.2,54.2,32.6
Southwest,2/22/1987,32.7,43.8,57.2,55.5,33
Southwest,2/23/1987,33.6,44.3,56,54.8,34.9
Southwest,2/24/1987,38.3,43.1,51.3,51.8,36
Southwest,2/25/1987,36.2,41.1,48.1,49,36.5
Southwest,2/26/1987,35,41.1,47.6,48.7,34.2
Southwest,2/27/1987,31.3,39.4,50.4,50.3,32.4
Southwest,2/28/1987,30.9,40.5,52.8,53.9,32
Southwest,3/1/1987,33.7,43.8,58.5,57.9,34.3
Southwest,3/2/1987,38.2,48.3,62.3,62.8,37.6
Southwest,3/3/1987,41,52.4,67.7,67.6,41.2
Southwest,3/4/1987,44.5,56.4,72.8,71.5,44.5
Southwest,3/5/1987,47.9,59.4,73.9,73.1,47.6
Southwest,3/6/1987,50.5,60.8,72.6,72.1,48.8
Southwest,3/7/1987,48,58.3,69.7,69.7,48.3
Southwest,3/8/1987,46.5,56.6,66.9,67.6,46.5
Southwest,3/9/1987,45,55.2,66.2,66.7,45.7
Southwest,3/10/1987,45.6,55.9,67,67.3,45.3
Southwest,3/11/1987,45.3,56.4,68.8,69.7,46
Southwest,3/12/1987,47.2,59.1,73.2,72.2,47.5
Southwest,3/13/1987,49.9,61.8,74.6,73.5,47.9
Southwest,3/14/1987,46.7,59.2,72.7,72.2,47.3
Southwest,3/15/1987,45.2,54.4,69.4,66,43
Southwest,3/16/1987,37,46,55.8,62.3,40.1
Southwest,3/17/1987,38.1,48,61.8,61.1,38.4
Southwest,3/18/1987,40.1,51.6,65.7,64.1,40.3
Southwest,3/19/1987,42.8,53.5,64.9,64.4,40.1
Southwest,3/20/1987,37.3,49.2,62.5,62.9,39.9
Southwest,3/21/1987,39.5,50.4,61.3,61.2,38.8
Southwest,3/22/1987,39.6,48.1,59.8,60.3,38.2
Southwest,3/23/1987,35.6,46.1,59.9,59.9,37.6
Southwest,3/24/1987,37.7,48.5,59.9,60.5,37.8
Southwest,3/25/1987,40.1,50.7,61.7,62.1,39.4
Southwest,3/26/1987,40.3,51.8,64.8,64.5,40.6
Southwest,3/27/1987,41.5,53.9,66.9,65.2,39.9
Southwest,3/28/1987,38,49.9,64,62.9,38.3
Southwest,3/29/1987,35.4,46.5,57.8,61.4,36.1
Southwest,3/30/1987,35,46.7,62.5,64.7,37.1
Southwest,3/31/1987,41,54.9,73.9,71.3,41.2
Southwest,4/1/1987,47.7,62,77.4,75.8,45.4
Southwest,4/2/1987,47.5,61.7,76.1,76,47.5
Southwest,4/3/1987,47.2,61.3,74.6,73.5,45.7
Southwest,4/4/1987,42.5,52.9,69.8,70.1,43.6
Southwest,4/5/1987,41,52.2,65.8,69,43.1
Southwest,4/6/1987,45.8,57.7,71.4,69.9,44.8
Southwest,4/7/1987,47.7,60.2,72.6,73.1,47.3
Southwest,4/8/1987,48.5,61.7,75.2,75.9,49.3
Southwest,4/9/1987,51.6,65,79.8,78.9,51.1
Southwest,4/10/1987,53.3,67.3,81.8,81.2,53
Southwest,4/11/1987,54.1,68.4,81.9,81.2,52.7
Southwest,4/12/1987,50.8,64.6,79.9,78.9,50.1
Southwest,4/13/1987,45.5,60.3,74.9,78.9,48.5
Southwest,4/14/1987,49.1,64.2,81.9,81.6,49.7
Southwest,4/15/1987,54.6,70.6,88.1,86.9,54
Southwest,4/16/1987,58.2,74.2,90.6,89.3,57.3
Southwest,4/17/1987,59.2,74.3,89.1,89.1,57.9
Southwest,4/18/1987,56.2,71.9,87.6,86.2,56.2
Southwest,4/19/1987,53.2,66.7,81.9,82.6,52.7
Southwest,4/20/1987,48.6,63.3,78.4,80.5,51.3
Southwest,4/21/1987,52.2,66.7,81.1,79.7,51.3
Southwest,4/22/1987,53.2,66.8,79.7,81.8,53.5
Southwest,4/23/1987,55.2,69.3,84.5,83.5,55.4
Southwest,4/24/1987,57.7,72.5,86.3,85.5,57.7
Southwest,4/25/1987,60.2,73.2,85.7,86.4,59.5
Southwest,4/26/1987,60.5,73.8,87.2,86.2,61
Southwest,4/27/1987,62.4,74.9,85.7,85.9,61.2
Southwest,4/28/1987,60.6,73.1,84.8,85.1,61.6
Southwest,4/29/1987,61.8,73.1,84.9,84.1,60.4
Southwest,4/30/1987,58.9,70.6,82.7,81.9,57.9
Southwest,5/1/1987,52.9,66,78,79,54
Southwest,5/2/1987,50.3,63.7,76.3,78.3,51.8
Southwest,5/3/1987,52.3,65.8,80.5,80.5,52.6
Southwest,5/4/1987,55.3,69.7,84.7,84.6,55.6
Southwest,5/5/1987,59.2,73.8,88.6,87,58.8
Southwest,5/6/1987,61.9,75.6,87.6,87.1,61.2
Southwest,5/7/1987,62.5,74.7,85.2,85.9,62.2
Southwest,5/8/1987,62.1,74.4,85,85.9,62
Southwest,5/9/1987,61.3,74.5,87.4,86.5,61.9
Southwest,5/10/1987,62.4,75.5,87.2,87.2,62
Southwest,5/11/1987,62.2,75.1,87,87.9,62.2
Southwest,5/12/1987,62.1,76,89.5,88.5,62
Southwest,5/13/1987,61.6,75.6,89,89,61.9
Southwest,5/14/1987,62,75.7,88.6,88.4,63
Southwest,5/15/1987,65.4,76.3,87.6,87.3,62.7
Southwest,5/16/1987,60.7,73.5,85.8,87.5,62.3
Southwest,5/17/1987,60.9,75,89.2,87.6,60.8
Southwest,5/18/1987,60.9,75,87.9,87.1,60.3
Southwest,5/19/1987,59,71.5,84.1,83.8,58.2
Southwest,5/20/1987,54.8,67.7,79.5,80.7,55.2
Southwest,5/21/1987,51.8,65.5,78.6,80.3,53.7
Southwest,5/22/1987,54.5,68.5,82.8,81.2,54.2
Southwest,5/23/1987,56.3,70.2,82.2,82.1,54.7
Southwest,5/24/1987,53.3,67.9,81.3,81.3,54.7
Southwest,5/25/1987,54.4,68.3,80.5,79.9,51.9
Southwest,5/26/1987,47.9,62.2,77.8,77.9,50.6
Southwest,5/27/1987,49.4,62.7,75.4,77.2,49.8
Southwest,5/28/1987,52.2,65.6,78.3,78.4,51.7
Southwest,5/29/1987,53.5,67.6,81.5,81.6,54.2
Southwest,5/30/1987,57,71.2,85.1,85,56.7
Southwest,5/31/1987,59.5,73.9,88.5,88.7,59.5
Southwest,6/1/1987,62,77.2,92.5,92.3,61.8
Southwest,6/2/1987,63.9,79.9,96,94.8,63.8
Southwest,6/3/1987,65.5,81.2,95.9,95.4,65.5
Southwest,6/4/1987,67,80.5,94.4,93.9,66.5
Southwest,6/5/1987,66.9,80,91.4,92,66.9
Southwest,6/6/1987,66.7,79.1,90.3,90.8,66.9
Southwest,6/7/1987,67.1,79,90.7,90.3,66.7
Southwest,6/8/1987,66.2,78.6,90,90.9,66
Southwest,6/9/1987,64.8,78.4,92.1,91.8,65.5
Southwest,6/10/1987,65.5,79.8,93.3,93.1,65.7
Southwest,6/11/1987,66.9,80.9,94,94.9,67.2
Southwest,6/12/1987,69.2,83.1,97.4,97.4,69.3
Southwest,6/13/1987,71.7,86.3,100.7,99.6,71.5
Southwest,6/14/1987,73.5,87.9,100.7,100.2,72.3
Southwest,6/15/1987,71.8,85.9,99.3,98.7,70.1
Southwest,6/16/1987,65.1,81.1,96,97.2,67.7
Southwest,6/17/1987,66.1,81.9,96.2,96.1,65.8
Southwest,6/18/1987,66.2,82.1,96.2,96,65.9
Southwest,6/19/1987,65.3,81.4,95.7,95.7,65.3
Southwest,6/20/1987,64.5,80.7,95.2,95,64.7
Southwest,6/21/1987,64.4,80,94.1,94.7,64.8
Southwest,6/22/1987,65.5,80.7,94.7,95.3,65.7
Southwest,6/23/1987,67.1,82.2,97.2,97,66.9
Southwest,6/24/1987,68.2,84,99,98.5,68.8
Southwest,6/25/1987,71.1,85.7,99.4,99,70.7
Southwest,6/26/1987,72.9,86.7,98.6,99,71.9
Southwest,6/27/1987,71.7,86.2,99.1,98.7,71.6
Southwest,6/28/1987,70.3,85.1,98.3,98.3,70.5
Southwest,6/29/1987,69.4,84.1,97.4,97.5,69.1
Southwest,6/30/1987,67.7,83.2,96.8,97.3,68
Southwest,7/1/1987,67,82.3,97.7,97.8,67.8
Southwest,7/2/1987,68.6,84.2,98.8,98.7,68.2
Southwest,7/3/1987,68.9,84.9,99.6,99,68.5
Southwest,7/4/1987,67.9,84.2,98.7,98.4,67.8
Southwest,7/5/1987,66.7,82.5,96.9,97.8,66.9
Southwest,7/6/1987,66.1,82.5,97.7,97.9,66.7
Southwest,7/7/1987,67.4,83.8,99.1,98.5,67.2
Southwest,7/8/1987,68.2,84.2,98.6,98.4,67.4
Southwest,7/9/1987,66.7,82.9,97.6,97.3,67.3
Southwest,7/10/1987,67.1,81.7,95.6,96.3,67.1
Southwest,7/11/1987,67.4,81.4,95.6,96.5,67.6
Southwest,7/12/1987,68.4,83.1,98.3,97.8,69.1
Southwest,7/13/1987,71.5,85.8,99.6,98.8,71.2
Southwest,7/14/1987,73.7,86.5,98.5,98,72.9
Southwest,7/15/1987,73.6,84.7,96,95.6,73.2
Southwest,7/16/1987,72.2,81.5,92.4,92.5,69.7
Southwest,7/17/1987,63.4,76.7,89.1,90.1,65.6
Southwest,7/18/1987,61.3,74.8,88.8,90.3,62.9
Southwest,7/19/1987,64.1,77.8,92.9,92,65.7
Southwest,7/20/1987,71.6,83.1,94.4,93.8,69
Southwest,7/21/1987,71.2,82.4,94.1,94.8,70
Southwest,7/22/1987,67.1,81,95.9,96,69.1
Southwest,7/23/1987,69,83.4,98,97.4,70.2
Southwest,7/24/1987,74.5,87,98.2,98.4,72.9
Southwest,7/25/1987,75.1,87.1,99,98.4,75.1
Southwest,7/26/1987,75.6,87.3,98,97.2,75
Southwest,7/27/1987,74.4,84.7,94.7,94.9,74.4
Southwest,7/28/1987,73.3,82.6,91.9,93.4,73.2
Southwest,7/29/1987,71.8,81.9,93.7,93.1,72.8
Southwest,7/30/1987,73.3,83.7,93.6,93.9,73.1
Southwest,7/31/1987,74.1,84.3,94.3,93.7,74
Southwest,8/1/1987,74.5,84,93.2,94.7,74.4
Southwest,8/2/1987,74.5,85.3,96.6,95.2,74.6
Southwest,8/3/1987,74.7,86.2,95.9,96.5,74.9
Southwest,8/4/1987,75.4,86.5,96.9,96.3,75.1
Southwest,8/5/1987,75.2,85.7,96,95.9,75.2
Southwest,8/6/1987,74.9,85.2,94.9,95.6,74.9
Southwest,8/7/1987,74.5,85.5,95.9,95.9,74.5
Southwest,8/8/1987,74,85.7,97,96.3,74.4
Southwest,8/9/1987,74.6,85.3,95.9,95.1,74.3
Southwest,8/10/1987,74.2,82.9,92.3,92.2,73.8
Southwest,8/11/1987,72.5,79.6,88.5,91.2,72.3
Southwest,8/12/1987,70.2,80.6,92.9,91.2,70.9
Southwest,8/13/1987,70,81.7,92.3,92.2,69.3
Southwest,8/14/1987,67.8,80.6,91.4,91.4,67.4
Southwest,8/15/1987,64.3,77.4,90.5,91.5,65.6
Southwest,8/16/1987,64.8,78.4,92.7,93.2,65.9
Southwest,8/17/1987,68.6,82.1,96.4,95.9,68.1
Southwest,8/18/1987,70.8,84.6,98.7,97.6,70.7
Southwest,8/19/1987,72.6,85.4,97.6,97.5,72.7
Southwest,8/20/1987,74.6,85.1,96.1,96,73.3
Southwest,8/21/1987,72.7,84.2,94.3,94.2,73.8
Southwest,8/22/1987,74.1,82.4,92.2,91.5,73.1
Southwest,8/23/1987,72.5,80.4,88,90.1,72.4
Southwest,8/24/1987,70.7,80.1,90.2,89.5,70
Southwest,8/25/1987,66.9,78.9,90.2,89.6,68
Southwest,8/26/1987,66.5,77.6,88.4,89.9,66.4
Southwest,8/27/1987,65.7,77.8,91.1,90.9,66.4
Southwest,8/28/1987,66.9,80,93.2,92.9,67.1
Southwest,8/29/1987,68.7,81.7,94.3,94.7,68.1
Southwest,8/30/1987,68.8,82.5,96.7,96.3,69.1
Southwest,8/31/1987,69.9,84,98,97.1,69.8
Southwest,9/1/1987,70.7,84,96.5,96.4,70
Southwest,9/2/1987,69.4,82.6,94.7,94.8,70.5
Southwest,9/3/1987,71.5,82.3,93.1,92.6,70
Southwest,9/4/1987,69.2,76.8,89.9,89.8,68.9
Southwest,9/5/1987,66.1,74.8,86.5,88.7,67.2
Southwest,9/6/1987,66.3,77.6,89.7,89.1,66
Southwest,9/7/1987,65.5,78.2,91,91.2,65.6
Southwest,9/8/1987,65.1,78.6,92.8,92.9,65.4
Southwest,9/9/1987,65.6,79.7,95,94.4,66
Southwest,9/10/1987,67.3,81.2,95.4,95,66.4
Southwest,9/11/1987,66.4,80.7,94.7,94.2,66
Southwest,9/12/1987,64.2,78.2,92.6,92,64.8
Southwest,9/13/1987,63.7,74.9,88.8,87.9,62
Southwest,9/14/1987,58.1,70.3,82.2,86.2,60.5
Southwest,9/15/1987,59.8,72.5,87.6,86.8,60
Southwest,9/16/1987,62.1,75.6,90.6,89,62
Southwest,9/17/1987,64,76.2,88.9,88.9,62.7
Southwest,9/18/1987,62,73.7,87.3,88.8,62.7
Southwest,9/19/1987,62,75.4,90.1,90.1,62.5
Southwest,9/20/1987,63.5,77.5,92.9,91.8,63.3
Southwest,9/21/1987,64.5,78.3,92.3,91.9,64.4
Southwest,9/22/1987,65.2,76.6,90.6,88.9,64.6
Southwest,9/23/1987,64,73.1,83.8,85.6,64.6
Southwest,9/24/1987,64.5,72.7,82.3,83.5,64
Southwest,9/25/1987,63.5,73.4,84.4,84.6,63.8
Southwest,9/26/1987,63.4,74.3,87.1,86.7,63.9
Southwest,9/27/1987,64.9,76,88.5,88.5,64.6
Southwest,9/28/1987,65.4,76.7,89.9,89.7,65.4
Southwest,9/29/1987,65.9,77.7,90.7,89.8,65.4
Southwest,9/30/1987,64.8,76.8,88.9,89.2,64.9
Southwest,10/1/1987,64,75.8,87.9,89.2,64.3
Southwest,10/2/1987,64.2,76.5,90.9,89.5,64
Southwest,10/3/1987,63.9,76.7,89.7,90.5,63.7
Southwest,10/4/1987,62.9,75.8,90.9,91.4,63.8
Southwest,10/5/1987,64.5,78,93.5,92.4,63.9
Southwest,10/6/1987,64.4,78.2,92.7,93,64.3
Southwest,10/7/1987,64.1,77.8,92.8,91.8,63.9
Southwest,10/8/1987,63.1,76.4,90,89.7,62.7
Southwest,10/9/1987,60.8,73.5,86.4,87.8,61.4
Southwest,10/10/1987,60.4,72.6,87.1,87.2,61
Southwest,10/11/1987,61.7,73.8,88.2,86.8,61.8
Southwest,10/12/1987,63.4,73.8,85.1,84.5,63
Southwest,10/13/1987,64,70.4,80.1,80.6,61.5
Southwest,10/14/1987,57.2,65.6,76.6,78.1,58.8
Southwest,10/15/1987,55.2,65.8,77.6,78.1,56
Southwest,10/16/1987,55.7,67,80.1,79.7,56.2
Southwest,10/17/1987,57.6,68.5,81.5,81,57.2
Southwest,10/18/1987,58.4,69.2,81.5,81.2,57.4
Southwest,10/19/1987,56.2,67.7,80.7,81,56.7
Southwest,10/20/1987,55.4,67.3,80.8,81.2,56
Southwest,10/21/1987,56.3,67.9,82.2,80.5,56.5
Southwest,10/22/1987,57.8,67.5,78.5,78.4,57.4
Southwest,10/23/1987,58,64.8,74.5,75,57.7
Southwest,10/24/1987,57.4,63.4,71.9,75.2,57.4
Southwest,10/25/1987,56.7,65.7,79.1,77.4,57.2
Southwest,10/26/1987,57.5,67.7,81.3,81.4,58.1
Southwest,10/27/1987,60,70.1,83.7,82.9,59.6
Southwest,10/28/1987,61.3,71.5,83.7,82.5,60.8
Southwest,10/29/1987,61,70.2,80,79.5,59.1
Southwest,10/30/1987,55.1,64.8,74.7,75.4,57.8
Southwest,10/31/1987,57.4,62.7,71.6,71,57.1
Southwest,11/1/1987,58.8,62,66.6,68.9,56.1
Southwest,11/2/1987,52.1,59.1,68.5,68.9,54.2
Southwest,11/3/1987,51.6,60.5,71.7,72.3,52
Southwest,11/4/1987,52.4,62.4,76.8,73.6,53.2
Southwest,11/5/1987,55.5,61.5,72.3,71.2,53.2
Southwest,11/6/1987,51.8,57.3,64.4,67,51.2
Southwest,11/7/1987,46.4,54.7,64.2,65.3,48.2
Southwest,11/8/1987,46.4,55.3,67.4,67.1,47
Southwest,11/9/1987,48.1,57.4,69.7,69,47.2
Southwest,11/10/1987,47.1,57.3,69.9,69.5,47.3
Southwest,11/11/1987,46.6,56.6,68.8,69.7,47
Southwest,11/12/1987,47.2,57.5,70.4,69.4,47.1
Southwest,11/13/1987,47.4,57.6,69,67.9,47.2
Southwest,11/14/1987,47,56,64.4,64.5,44.7
Southwest,11/15/1987,39.7,48.7,60,60.1,40.9
Southwest,11/16/1987,35.9,44.4,55.9,58.4,38
Southwest,11/17/1987,38.4,47.3,59.4,59.7,39
Southwest,11/18/1987,42.8,51.5,63.8,63.5,41.1
Southwest,11/19/1987,42,52.3,67.4,67.1,42.8
Southwest,11/20/1987,43.7,54.4,70.2,68,43.7
Southwest,11/21/1987,45.5,55.3,66.4,67,43.9
Southwest,11/22/1987,42.4,52.5,64.3,65,43.8
Southwest,11/23/1987,43.6,52.9,64.4,63.9,42.7
Southwest,11/24/1987,42.2,52,63.1,63.2,42.1
Southwest,11/25/1987,40.4,50.5,62,60.4,39.3
Southwest,11/26/1987,35.3,45,56.2,58.2,37.1
Southwest,11/27/1987,35.5,44.1,56.3,57.5,35.5
Southwest,11/28/1987,35.8,45.8,60,57.3,36.1
Southwest,11/29/1987,36.9,46.2,55.6,57.4,36.3
Southwest,11/30/1987,36.3,45.1,56.7,57,37.1
Southwest,12/1/1987,38,47,58.7,59.6,38.4
Southwest,12/2/1987,40.9,50,63.3,63.8,41.2
Southwest,12/3/1987,44.7,54.3,69.3,67,44.8
Southwest,12/4/1987,48.7,57.4,68.4,66.9,46.9
Southwest,12/5/1987,47.3,54.9,63.1,64.5,45.9
Southwest,12/6/1987,41.8,50.5,62,63.1,44.3
Southwest,12/7/1987,43.7,52.5,64.2,61.8,41.5
Southwest,12/8/1987,38.9,48.8,59.2,61.6,40.9
Southwest,12/9/1987,40.1,48.6,61.3,62.9,40.9
Southwest,12/10/1987,43.8,52.9,68.1,65.8,43.4
Southwest,12/11/1987,46.3,55.9,68.1,66.1,44.2
Southwest,12/12/1987,42.4,51.8,62.1,61.5,40
Southwest,12/13/1987,31.2,39.7,54.2,52.5,33.1
Southwest,12/14/1987,25.7,32.8,41.1,46.3,27.4
Southwest,12/15/1987,25.4,32.9,43.6,45.6,27.4
Southwest,12/16/1987,31.2,38.1,52.2,47.6,31.2
Southwest,12/17/1987,37,40.6,47.1,49.2,36.7
Southwest,12/18/1987,41.9,44,48.3,48.7,39
Southwest,12/19/1987,38.2,43.1,50.7,50.2,39.5
Southwest,12/20/1987,38.5,44,51.6,52.1,37.3
Southwest,12/21/1987,35.3,42.9,54,54.5,37.2
Southwest,12/22/1987,37.7,45.5,58,55.2,37.2
Southwest,12/23/1987,38.6,45.2,53.6,52.8,36.2
Southwest,12/24/1987,32.4,37.7,46.9,46.5,32.7
Southwest,12/25/1987,27.1,32.1,39.1,40.8,27.8
Southwest,12/26/1987,24,29.2,36.4,38.3,25
Southwest,12/27/1987,23.8,29.6,39.3,41.5,25.3
Southwest,12/28/1987,28.1,34.5,48.8,47,28.2
Southwest,12/29/1987,32.6,40.1,52.8,49.7,31
Southwest,12/30/1987,32.2,39.4,47.4,49.4,31.6
Southwest,12/31/1987,29.9,37.3,47.9,48.6,31.1
Southwest,1/1/1988,31.1,38.4,50.5,49.9,30.6
Southwest,1/2/1988,30.9,38.9,51.4,51.5,32
Southwest,1/3/1988,34,41.6,52.7,54.5,34.9
Southwest,1/4/1988,39.7,47,59.4,56.1,39.4
Southwest,1/5/1988,44.4,49.9,56.3,56.7,41.6
Southwest,1/6/1988,40.6,47.9,54.3,54.9,40.4
Southwest,1/7/1988,36.1,43.8,54,54.2,37.5
Southwest,1/8/1988,35.9,44.2,54.4,54.5,35.9
Southwest,1/9/1988,35.8,44.1,55.2,56.5,36.7
Southwest,1/10/1988,38.4,46.7,59.8,58.6,39
Southwest,1/11/1988,42.9,49.8,60.9,59.7,39.9
Southwest,1/12/1988,38.4,47.9,58.5,59.9,39.6
Southwest,1/13/1988,37.6,47,60.3,59.9,38.1
Southwest,1/14/1988,38.4,47.7,60.9,61.1,38.7
Southwest,1/15/1988,40.2,49.2,62,60.3,40.1
Southwest,1/16/1988,41.7,49.3,57.9,57.8,40.1
Southwest,1/17/1988,38.3,45.2,53.4,54,39.7
Southwest,1/18/1988,39.1,43.3,50.7,49.2,35.6
Southwest,1/19/1988,29.4,36.3,43.6,46,32
Southwest,1/20/1988,27.5,34.2,43.7,44.6,28.5
Southwest,1/21/1988,28.6,35.6,46.6,46.6,28.6
Southwest,1/22/1988,29.7,37.5,49.4,49.6,30.1
Southwest,1/23/1988,32,39.7,52.7,52.6,32
Southwest,1/24/1988,34.4,43.4,55.7,54.9,33
Southwest,1/25/1988,32.6,42.1,56.2,58,34.7
Southwest,1/26/1988,37,46.4,62.2,61.1,37.3
Southwest,1/27/1988,42.2,51,64.9,65,41.1
Southwest,1/28/1988,44.1,53.6,67.8,66.2,43.6
Southwest,1/29/1988,44.6,54.6,65.8,65.6,43.6
Southwest,1/30/1988,42.1,52.2,63.3,63.1,41.8
Southwest,1/31/1988,38.6,48.9,60.2,60.4,40
Southwest,2/1/1988,39.3,47.4,57.6,58.7,39.6
Southwest,2/2/1988,41,47.7,58.4,58.2,41.4
Southwest,2/3/1988,43.9,50.3,58.5,59,42.2
Southwest,2/4/1988,41.8,49.2,60,58.7,41.6
Southwest,2/5/1988,39,47.4,57.7,58,39.2
Southwest,2/6/1988,36.7,45.6,56.4,57.9,37.3
Southwest,2/7/1988,36.3,45.8,59.5,59.8,37.5
Southwest,2/8/1988,39.6,49.5,63.6,63.6,39.5
Southwest,2/9/1988,42.6,53.3,67.8,66.3,41.8
Southwest,2/10/1988,43.1,54.2,67.4,67.3,42.4
Southwest,2/11/1988,41.4,52.8,66.7,68.4,42.2
Southwest,2/12/1988,42.1,54,71,69,42.9
Southwest,2/13/1988,45.2,56.4,69.4,69.2,43
Southwest,2/14/1988,41.8,53.1,67.1,67.6,42.4
Southwest,2/15/1988,40.1,51.4,66.4,66.6,41.2
Southwest,2/16/1988,41.6,53.4,66.4,65.7,39.9
Southwest,2/17/1988,38,49,64.3,62.5,38.4
Southwest,2/18/1988,35.7,45.5,56.7,60,36.7
Southwest,2/19/1988,36.5,46.4,59.1,59.9,36.6
Southwest,2/20/1988,37.7,48.5,64,64,38.4
Southwest,2/21/1988,41.1,53.3,68.9,67.3,40.6
Southwest,2/22/1988,43.1,55.3,69.1,68.8,42.2
Southwest,2/23/1988,42.4,54.8,68.5,69.9,43.1
Southwest,2/24/1988,43.9,56.7,72,71.7,44.5
Southwest,2/25/1988,47.1,59.4,74.7,74.1,48.4
Southwest,2/26/1988,54.2,63.6,75.6,74.8,51.2
Southwest,2/27/1988,52.3,62.8,74.2,74.9,52.1
Southwest,2/28/1988,49.7,61.3,74.8,74.2,50.3
Southwest,2/29/1988,48.8,60.9,73.5,72.7,48.1
Southwest,3/1/1988,45.7,56.7,69.8,69.5,45.6
Southwest,3/2/1988,42.3,52.2,65.1,65.3,42.8
Southwest,3/3/1988,40.4,49.5,61,64.3,41.3
Southwest,3/4/1988,41.3,52.3,66.8,65.8,42.1
Southwest,3/5/1988,44.7,55.9,69.6,69.4,44.2
Southwest,3/6/1988,46.6,58.4,71.8,70.7,45.6
Southwest,3/7/1988,45.4,58,70.6,70.2,44.3
Southwest,3/8/1988,41,54,68.1,69.8,42.8
Southwest,3/9/1988,41.9,54.4,70.6,69.3,41.4
Southwest,3/10/1988,41.2,53.5,69.3,66.2,39.1
Southwest,3/11/1988,34.2,45.8,58.8,62,36.5
Southwest,3/12/1988,34.1,44.9,57.8,59.1,34.4
Southwest,3/13/1988,34.9,46.6,60.8,61.5,35.3
Southwest,3/14/1988,36.8,49.7,65.8,64.7,37.1
Southwest,3/15/1988,39.7,52.8,67.5,66.3,38.4
Southwest,3/16/1988,38.7,51.2,65.6,65.2,39.1
Southwest,3/17/1988,38.8,50.2,62.6,64.8,38.7
Southwest,3/18/1988,38.7,51.1,66.1,67.6,40
Southwest,3/19/1988,42.4,56.3,74.1,73.6,42.2
Southwest,3/20/1988,45.5,61,80.5,78.2,45.8
Southwest,3/21/1988,49.6,64.2,79.9,79.5,48
Southwest,3/22/1988,48.8,63.4,78.2,79.3,49.2
Southwest,3/23/1988,49.3,63.4,79.7,79.6,49.9
Southwest,3/24/1988,51.6,65.9,80.9,81.5,50.9
Southwest,3/25/1988,51.7,66.5,83.9,84.4,52.9
Southwest,3/26/1988,55.5,71,88.3,86.3,54.7
Southwest,3/27/1988,56.9,71.7,86.8,86.2,54.4
Southwest,3/28/1988,50.9,65.6,83.4,81.1,48.7
Southwest,3/29/1988,38.4,54.8,73.1,76.5,44.1
Southwest,3/30/1988,43.1,57.5,73,72.4,40.8
Southwest,3/31/1988,40.9,53.9,71.1,70.1,40.9
Southwest,4/1/1988,38.6,50.9,66.1,70.3,40.7
Southwest,4/2/1988,42.5,56.5,73.6,72.7,43
Southwest,4/3/1988,47.8,62.1,78.3,77.2,46.3
Southwest,4/4/1988,48.6,64.2,79.8,80.4,48.8
Southwest,4/5/1988,49.9,65.5,83,83.4,50.9
Southwest,4/6/1988,54.2,69.9,87.3,85.3,53.6
Southwest,4/7/1988,56.8,71.5,85.6,85.9,55.1
Southwest,4/8/1988,54.3,69.9,84.7,84.6,54.7
Southwest,4/9/1988,52.9,68.2,83.4,82.9,52.5
Southwest,4/10/1988,50.2,65.7,80.5,83.2,51.7
Southwest,4/11/1988,51.9,67.8,85.7,84.4,52.4
Southwest,4/12/1988,55.2,71.1,87,85.9,55.5
Southwest,4/13/1988,59.3,72.1,85,82.6,56.3
Southwest,4/14/1988,54.4,64.8,75.8,77.6,55.3
Southwest,4/15/1988,52.1,61.9,72,72,51.7
Southwest,4/16/1988,48.5,54.7,68.1,67.2,48.7
Southwest,4/17/1988,45.6,52.1,61.6,66.5,47
Southwest,4/18/1988,46.9,56.3,69.9,68.4,47.4
Southwest,4/19/1988,49.6,61.2,73.8,72.5,49.1
Southwest,4/20/1988,50.7,63.1,73.8,73.2,50.3
Southwest,4/21/1988,50.7,58.2,72,69.6,48.7
Southwest,4/22/1988,44.7,53.4,63,67.6,46.3
Southwest,4/23/1988,43.5,55.1,67.7,66.1,44.1
Southwest,4/24/1988,44,56.1,67.6,70.9,45.1
Southwest,4/25/1988,47.9,61,77.3,75.3,48.1
Southwest,4/26/1988,52.5,66.6,81.1,80.9,52
Southwest,4/27/1988,55.5,69.8,84.3,82.7,55.1
Southwest,4/28/1988,57.4,68.2,82.7,82,55.3
Southwest,4/29/1988,52.9,64.9,79,81.5,55.6
Southwest,4/30/1988,56.6,69.7,82.7,80.8,52.8
Southwest,5/1/1988,48.8,62.2,80.8,77.6,48.9
Southwest,5/2/1988,41.4,54.3,69.4,76.5,46.2
Southwest,5/3/1988,48.4,62,79.3,77.7,47.9
Southwest,5/4/1988,53.8,69.1,84.4,82,52.1
Southwest,5/5/1988,54,68.1,82.3,81.1,51.1
Southwest,5/6/1988,45.6,58.5,76.6,76.5,48.4
Southwest,5/7/1988,45.6,57.6,70.5,73.5,45.6
Southwest,5/8/1988,45.7,59.3,73.3,75.5,47.6
Southwest,5/9/1988,51.5,65.5,82.6,82.1,51.9
Southwest,5/10/1988,58.5,73.3,90.3,88.5,57.8
Southwest,5/11/1988,63.5,78.2,92.6,92.3,61.9
Southwest,5/12/1988,63.8,79.2,94,93.9,64.5
Southwest,5/13/1988,66.1,81,95.1,94.5,65.5
Southwest,5/14/1988,66.6,81,94.3,94.6,66.2
Southwest,5/15/1988,65.9,80.7,94.3,94,66.3
Southwest,5/16/1988,66.5,80.9,93.3,93.2,66.8
Southwest,5/17/1988,68,78.3,92,89.4,64.2
Southwest,5/18/1988,58.2,71,82.9,86.5,61.4
Southwest,5/19/1988,58,71.3,84.5,83.7,57.5
Southwest,5/20/1988,56.4,71.1,83.8,85.8,57.7
Southwest,5/21/1988,58.8,73.6,89,88.1,58.9
Southwest,5/22/1988,61.4,76.8,91.5,91.1,61
Southwest,5/23/1988,62.9,78.4,92.7,92,62.2
Southwest,5/24/1988,62.3,77.7,91.9,92.1,62.9
Southwest,5/25/1988,63.4,78,91.6,92.4,63.6
Southwest,5/26/1988,65.1,79.6,93.6,92.9,64.5
Southwest,5/27/1988,65,80,93.4,92.8,63.9
Southwest,5/28/1988,61.5,76.8,91.5,90.9,61.9
Southwest,5/29/1988,59.1,72.1,87.7,85,56
Southwest,5/30/1988,47.5,60.5,75.8,80.6,52
Southwest,5/31/1988,49.4,63.3,78.2,80.5,51
Southwest,6/1/1988,56.2,70.8,87.6,86.8,56.2
Southwest,6/2/1988,62.9,78.3,94.6,93.1,62.1
Southwest,6/3/1988,67.3,82.6,97.1,96,65.8
Southwest,6/4/1988,67.3,82.9,96.4,96.2,66.8
Southwest,6/5/1988,65.9,80.1,95,93,64.5
Southwest,6/6/1988,60.2,74.7,87.7,90.4,61.6
Southwest,6/7/1988,58.8,73.8,88.4,88.9,59.4
Southwest,6/8/1988,59.2,75.1,90.5,91.1,60.4
Southwest,6/9/1988,63.3,79,94.4,93.8,62.9
Southwest,6/10/1988,66.2,81.7,96.5,95.3,64.9
Southwest,6/11/1988,65.2,80.6,95.1,94.3,64.6
Southwest,6/12/1988,62.3,77.4,91.2,92.8,62.9
Southwest,6/13/1988,61.2,76.8,92,92.6,62.8
Southwest,6/14/1988,64.9,80,94.6,94.3,64.5
Southwest,6/15/1988,67.3,82.2,96.4,96.6,67.8
Southwest,6/16/1988,71.2,85.1,98.7,97.6,70.1
Southwest,6/17/1988,71.9,85,97.8,96.3,71.6
Southwest,6/18/1988,71.6,83,92.5,95.6,72.2
Southwest,6/19/1988,73.1,84.2,96.4,94.7,72.3
Southwest,6/20/1988,72.2,84,95.1,96.1,72.8
Southwest,6/21/1988,73.2,85.2,96.9,98.4,73.8
Southwest,6/22/1988,76.1,89.2,103.2,101.2,75.4
Southwest,6/23/1988,76.8,90.8,103.5,103,76.4
Southwest,6/24/1988,76.2,89.3,102.3,101.3,75
Southwest,6/25/1988,71.9,84.8,98.1,98.2,72.7
Southwest,6/26/1988,70.1,82.9,94.2,95.5,71.4
Southwest,6/27/1988,72.3,84,94.3,94.1,71.6
Southwest,6/28/1988,72.3,83,93.7,94.4,72.5
Southwest,6/29/1988,73,83.6,95.3,95.7,72.1
Southwest,6/30/1988,71,84.2,98,97.3,72
Southwest,7/1/1988,71.9,85.7,98.5,98.3,72
Southwest,7/2/1988,73,86.2,98.5,98.2,72.7
Southwest,7/3/1988,73.3,85.7,97.7,97.6,72.7
Southwest,7/4/1988,71.9,84.6,96.6,97.1,73.2
Southwest,7/5/1988,74.3,85.7,96.9,96.8,73.1
Southwest,7/6/1988,73.2,85.7,97,97.1,74.1
Southwest,7/7/1988,74.8,86.3,97.3,97.5,74.4
Southwest,7/8/1988,75.2,86.6,98.1,97.6,74.9
Southwest,7/9/1988,74.8,86.4,97.5,97.2,74.2
Southwest,7/10/1988,72.7,83.5,95.9,95.4,72.8
Southwest,7/11/1988,71,81.4,92.8,94.8,71.8
Southwest,7/12/1988,71.7,83.5,95.7,95.9,72.1
Southwest,7/13/1988,73.5,86.5,99.3,98,73.5
Southwest,7/14/1988,75.2,88,99.1,99.3,74.5
Southwest,7/15/1988,74.9,87.5,99.6,99.8,74.9
Southwest,7/16/1988,74.7,88,100.8,100.1,75.9
Southwest,7/17/1988,78.2,89,99.9,99,76.1
Southwest,7/18/1988,75.5,85.3,96.4,96.9,75.7
Southwest,7/19/1988,73.4,83,94.5,94.8,74.3
Southwest,7/20/1988,74,83.5,93.6,93.9,74
Southwest,7/21/1988,74.7,84.1,93.6,95.3,74.3
Southwest,7/22/1988,74.2,86.1,98.8,97.6,74.5
Southwest,7/23/1988,74.5,87.5,100.4,99.7,74.4
Southwest,7/24/1988,74.5,87.2,99.9,100.1,75.1
Southwest,7/25/1988,76.2,88.4,99.9,99.4,76.1
Southwest,7/26/1988,77.5,88.4,98.3,98.2,76.4
Southwest,7/27/1988,75.6,86.1,96.5,96.7,75.6
Southwest,7/28/1988,73.6,84.7,95.4,95.7,74.2
Southwest,7/29/1988,73.3,84.8,95.3,94.8,73.7
Southwest,7/30/1988,74.3,82.4,93.7,91.7,73.3
Southwest,7/31/1988,72.4,79.7,86,90.4,72.8
Southwest,8/1/1988,71.7,80.5,91.4,89.6,72.2
Southwest,8/2/1988,72.6,82.3,91.5,92.3,72.3
Southwest,8/3/1988,72.6,83,94.1,93.1,73.1
Southwest,8/4/1988,74.1,84,93.6,93.1,73.7
Southwest,8/5/1988,74.4,81.9,91.6,93.1,73.8
Southwest,8/6/1988,73,82.6,94,93.1,72.3
Southwest,8/7/1988,69.6,82.4,93.8,93.6,70.8
Southwest,8/8/1988,69.9,81.9,93.1,94.2,70.2
Southwest,8/9/1988,71.2,83.4,95.6,95.2,70.9
Southwest,8/10/1988,71.7,84.6,96.9,96.1,72.1
Southwest,8/11/1988,73.4,84.7,95.8,95.6,71.9
Southwest,8/12/1988,70.6,81.9,94,95.6,71.8
Southwest,8/13/1988,71.3,83.9,96.9,96.5,71.9
Southwest,8/14/1988,73.9,86.5,98.6,97.4,73.5
Southwest,8/15/1988,75.4,86.2,96.7,96.5,73.9
Southwest,8/16/1988,72.3,83.5,94.2,96,73.8
Southwest,8/17/1988,73.8,85.2,97.2,96.2,73.5
Southwest,8/18/1988,74.5,86.1,97.1,96.8,74.3
Southwest,8/19/1988,74.6,85,96.1,95.2,74.2
Southwest,8/20/1988,73.6,81.8,92.5,91.3,73.5
Southwest,8/21/1988,72.2,78.1,85.3,88.3,72.3
Southwest,8/22/1988,71.1,77.6,87.1,88.5,72.4
Southwest,8/23/1988,73.8,82.4,93.1,90.8,73
Southwest,8/24/1988,74,82.8,92.2,93.3,73.8
Southwest,8/25/1988,73.6,82.8,94.7,94.1,74
Southwest,8/26/1988,74.5,85.1,95.4,94.8,73.9
Southwest,8/27/1988,73.5,83.6,94.4,93.5,73.1
Southwest,8/28/1988,71.3,80.8,90.7,92,71.7
Southwest,8/29/1988,70.4,80.7,90.8,91,70.6
Southwest,8/30/1988,70.2,80.6,91.4,91.6,70.5
Southwest,8/31/1988,71,82,92.7,92.7,71.2
Southwest,9/1/1988,72.5,83.1,94.1,93.5,72
Southwest,9/2/1988,72.5,83,93.6,93.6,72.1
Southwest,9/3/1988,71.3,82.2,93,92.8,70.8
Southwest,9/4/1988,68.5,80.5,91.7,91.9,68.1
Southwest,9/5/1988,64.5,78,91,91.6,65.8
Southwest,9/6/1988,64.4,78.2,92.2,92.5,65
Southwest,9/7/1988,66.2,80.1,94.2,93.8,65.9
Southwest,9/8/1988,67.1,80.7,95.1,95.2,67.5
Southwest,9/9/1988,69.3,82.5,96.4,95.5,69.9
Southwest,9/10/1988,73.4,83.4,94.9,94.2,70.7
Southwest,9/11/1988,69.4,80.4,91.2,91.4,69.5
Southwest,9/12/1988,65.8,76.3,88.1,88.9,65.9
Southwest,9/13/1988,62.6,74.7,87.4,88,63.8
Southwest,9/14/1988,63,75.3,88.4,88.6,62.8
Southwest,9/15/1988,62.7,76,90,90.3,63.1
Southwest,9/16/1988,63.5,77.6,92.4,91.8,63.8
Southwest,9/17/1988,65.2,78.7,93.1,92.1,63.9
Southwest,9/18/1988,62.9,76.7,90.8,90.8,62.8
Southwest,9/19/1988,60.3,74.4,88.5,88.6,61.4
Southwest,9/20/1988,61,73.6,86.6,85.3,60
Southwest,9/21/1988,58.6,69,80.8,82.6,58.7
Southwest,9/22/1988,56.5,67.4,80.3,81.3,57.2
Southwest,9/23/1988,56.6,69.1,82.8,83.3,57.4
Southwest,9/24/1988,59.1,72.2,86.9,86,59.1
Southwest,9/25/1988,61.6,74.3,88.2,88.3,60.9
Southwest,9/26/1988,61.9,75.1,89.7,89.4,62.6
Southwest,9/27/1988,64.2,76.9,90.4,90.1,63.1
Southwest,9/28/1988,63.2,76.3,90.2,89.6,62.8
Southwest,9/29/1988,61.1,74.6,88.2,89,61.5
Southwest,9/30/1988,60.3,73.5,88.5,88.9,60.7
Southwest,10/1/1988,60.6,74.3,90,89.9,61
Southwest,10/2/1988,62.2,75.7,91.2,91,62.1
Southwest,10/3/1988,63.6,77,91.9,91.1,63.2
Southwest,10/4/1988,63.7,76.8,90.3,89.8,64.1
Southwest,10/5/1988,65,75.8,87.3,87.5,63.4
Southwest,10/6/1988,61.6,72.9,84.8,86.1,61.9
Southwest,10/7/1988,59,71.5,86.2,86.4,60.4
Southwest,10/8/1988,60.5,73.4,88.1,87.2,60.2
Southwest,10/9/1988,61,73.6,87.4,86.6,60.5
Southwest,10/10/1988,60.1,71.6,84.2,84.4,59.5
Southwest,10/11/1988,57.5,69,81.5,83.1,58.4
Southwest,10/12/1988,57.5,69.5,83.5,83.1,57.9
Southwest,10/13/1988,58.8,70.8,84.3,83.1,59
Southwest,10/14/1988,60.6,68.1,81.4,81.9,59
Southwest,10/15/1988,57.7,66.1,79.9,82.5,59.5
Southwest,10/16/1988,60.2,71.1,86.2,84.9,59.9
Southwest,10/17/1988,61.9,73.7,88.5,87.3,61.3
Southwest,10/18/1988,61.7,73.5,87.1,86.7,62.4
Southwest,10/19/1988,63.5,73.4,84.5,84,61.8
Southwest,10/20/1988,60.2,69.5,80.5,82.4,61
Southwest,10/21/1988,59.4,69.3,82.3,82.3,60.1
Southwest,10/22/1988,60.7,71.2,84,82.8,59.2
Southwest,10/23/1988,57.5,69.2,82.1,83,58.6
Southwest,10/24/1988,57.6,69,83,82.9,57.8
Southwest,10/25/1988,58.2,69.7,83.5,82.7,57.6
Southwest,10/26/1988,57,68.5,81.5,81.7,56.9
Southwest,10/27/1988,55.5,67.3,80,80.2,56.3
Southwest,10/28/1988,56.3,66.8,79,79.3,56.4
Southwest,10/29/1988,57.3,66.9,78.8,79.8,57.7
Southwest,10/30/1988,59.5,68.9,81.7,81.7,58.3
Southwest,10/31/1988,58.1,69.8,84.5,82.2,58.5
Southwest,11/1/1988,57.9,68.9,80.5,80.3,56.8
Southwest,11/2/1988,54.3,65.1,75.9,77.5,55
Southwest,11/3/1988,52.9,63.4,76.2,77.4,53.9
Southwest,11/4/1988,54.5,65.5,80.2,79,54
Southwest,11/5/1988,54.7,66.2,80.5,80.5,54.9
Southwest,11/6/1988,55.6,67,80.7,79.6,54.7
Southwest,11/7/1988,53.8,65.2,77.7,77.6,54.1
Southwest,11/8/1988,52.9,63,74.5,74.5,52.4
Southwest,11/9/1988,50.5,60.2,71.3,72.7,51.1
Southwest,11/10/1988,49.9,60.1,72.4,70.8,50.5
Southwest,11/11/1988,51,59.5,68.7,70.2,48.8
Southwest,11/12/1988,45.6,56.5,69.6,70.5,48.5
Southwest,11/13/1988,48.9,59.4,73.2,70.9,48.2
Southwest,11/14/1988,50,59.8,69.9,68.8,45.5
Southwest,11/15/1988,37.6,48.5,63.3,64.1,41.3
Southwest,11/16/1988,36.3,46,59.2,62,37.6
Southwest,11/17/1988,39,49.4,63.5,60.1,37.2
Southwest,11/18/1988,36.4,46.6,57.7,58.6,36.3
Southwest,11/19/1988,33.4,43,54.7,57.1,34.8
Southwest,11/20/1988,34.7,44.7,58.9,58.6,34.8
Southwest,11/21/1988,36.2,47,62.1,61.9,36.5
Southwest,11/22/1988,38.6,49.4,64.6,64.9,39.2
Southwest,11/23/1988,42.7,52.9,67.9,64.7,41.7
Southwest,11/24/1988,43.8,52.3,61.5,61.4,41.4
Southwest,11/25/1988,37.6,45.5,54.9,56.6,40.2
Southwest,11/26/1988,39.2,44.7,53.3,54.1,36.9
Southwest,11/27/1988,33.8,42.8,54,56.1,36.2
Southwest,11/28/1988,35.5,45,61.1,58.7,35.8
Southwest,11/29/1988,38.2,48.4,61,61.3,37
Southwest,11/30/1988,37.4,47.4,61.7,63.1,38.4
Southwest,12/1/1988,39.7,50,66.7,65.4,39.7
Southwest,12/2/1988,42,52.5,67.7,67.5,41.7
Southwest,12/3/1988,43.4,53.9,68.1,68.1,42.9
Southwest,12/4/1988,43.3,54.3,68.6,67.6,43.8
Southwest,12/5/1988,44.7,53.9,66.1,66.9,44
Southwest,12/6/1988,44,53.5,66,64.2,43.8
Southwest,12/7/1988,42.6,52,60.4,60.9,42.5
Southwest,12/8/1988,40.8,47.7,56.3,58.1,40.7
Southwest,12/9/1988,38.8,46.3,57.5,56.7,39.5
Southwest,12/10/1988,38.9,46.6,56.2,57.5,38.4
Southwest,12/11/1988,37.6,46.4,58.7,59.9,38.7
Southwest,12/12/1988,39.7,49.3,64.8,63.5,40.2
Southwest,12/13/1988,43.3,52.8,67,65.3,41.9
Southwest,12/14/1988,42.6,52.6,64.2,63.3,42.1
Southwest,12/15/1988,40.3,49.2,58.7,61.8,40.7
Southwest,12/16/1988,39.1,48.1,62.6,61.8,40.8
Southwest,12/17/1988,42.9,51.7,64.1,62.7,41.7
Southwest,12/18/1988,43,51.4,61.3,60.4,41.2
Southwest,12/19/1988,37.8,45,55.7,57,38.3
Southwest,12/20/1988,34.1,42.4,53.9,55.3,36.6
Southwest,12/21/1988,38,44.9,56.2,54.6,35.5
Southwest,12/22/1988,34.5,43.5,53.8,54.1,35.7
Southwest,12/23/1988,34.7,42.7,52.3,53.7,34.1
Southwest,12/24/1988,33.1,41.8,55,54.4,35.7
Southwest,12/25/1988,39.4,46.3,56,53.7,34.7
Southwest,12/26/1988,31.6,39.4,50,49.1,31.5
Southwest,12/27/1988,23.4,31.8,41.3,45,26.4
Southwest,12/28/1988,24.1,32.1,43.8,43.1,24.2
Southwest,12/29/1988,25.2,33.3,44.3,44.8,25.2
Southwest,12/30/1988,26.2,34,46.2,47.6,26.8
Southwest,12/31/1988,29,37.9,52.3,51.4,29
Southwest,1/1/1989,31.7,41.3,55.6,55.3,32.1
Southwest,1/2/1989,35.5,43.9,58.1,58.6,36.2
Southwest,1/3/1989,41.4,49.1,62,59.3,41.6
Southwest,1/4/1989,48,51.7,57.9,58.3,43.1
Southwest,1/5/1989,40,46.4,55,55.2,42.1
Southwest,1/6/1989,38.2,44.3,52.7,51.5,35.9
Southwest,1/7/1989,29.6,37.1,46.7,48.2,31.8
Southwest,1/8/1989,27.6,34.9,45.2,47,28.3
Southwest,1/9/1989,27.6,35.4,49.1,50.2,29.7
Southwest,1/10/1989,33.8,41.9,56.3,53.3,32.5
Southwest,1/11/1989,36.2,44.8,54.5,53.7,33.7
Southwest,1/12/1989,31,39.1,50.4,50.8,32.2
Southwest,1/13/1989,29.4,36.7,47.5,49.8,30.1
Southwest,1/14/1989,30,38.7,51.5,51,30.5
Southwest,1/15/1989,32.2,41.4,53.9,54.7,31.8
Southwest,1/16/1989,33.3,43.1,58.7,58.1,34
Southwest,1/17/1989,36.4,46.4,61.6,61.5,36.1
Southwest,1/18/1989,38.6,48.9,64.2,63.6,38.3
Southwest,1/19/1989,39.8,50.2,65,64.5,39.9
Southwest,1/20/1989,41.2,51.3,64.4,64.1,41.3
Southwest,1/21/1989,42.8,50.9,62.8,64,42.2
Southwest,1/22/1989,42.7,51.8,64.8,64,43
Southwest,1/23/1989,43.6,53.2,64.3,63.3,42.2
Southwest,1/24/1989,40.2,48.9,60.7,59.5,40.3
Southwest,1/25/1989,37.1,44.8,53.6,57.6,38.1
Southwest,1/26/1989,37.1,45.6,58.6,55,38
Southwest,1/27/1989,39.9,45,52.7,54.4,37.4
Southwest,1/28/1989,35.2,42.5,52,53.6,36.6
Southwest,1/29/1989,34.7,43.5,56.2,57,35.8
Southwest,1/30/1989,37.5,47.3,62.9,61.5,37.7
Southwest,1/31/1989,40.8,50.9,65.5,63.7,40.4
Southwest,2/1/1989,42.9,51.9,62.8,62.2,41.4
Southwest,2/2/1989,40.5,48.4,58.2,59.4,40.6
Southwest,2/3/1989,38.3,46.9,57.1,57.7,39
Southwest,2/4/1989,38.3,46.7,57.7,57,39
Southwest,2/5/1989,40.4,46.4,56.1,53.7,35.2
Southwest,2/6/1989,27,35.7,47.2,49.6,31
Southwest,2/7/1989,25.6,32.8,45.6,49.8,28.3
Southwest,2/8/1989,32.4,40.5,56.7,54.8,33.3
Southwest,2/9/1989,42,49.3,62,61.4,39.1
Southwest,2/10/1989,42.8,52.1,65.4,64,42.8
Southwest,2/11/1989,43.7,53.7,64.7,64.4,42
Southwest,2/12/1989,39.5,50.1,63,61.8,39.2
Southwest,2/13/1989,34.4,44.9,57.6,58.7,36.2
Southwest,2/14/1989,34.7,44.2,55.4,57.2,35
Southwest,2/15/1989,36,45.8,58.6,59.5,36.7
Southwest,2/16/1989,39.5,49.8,64.5,63.2,39.3
Southwest,2/17/1989,42.5,53.1,66.5,66.4,41.9
Southwest,2/18/1989,43.6,54.9,68.1,67.2,43.5
Southwest,2/19/1989,44.3,55,67.1,66.8,43.3
Southwest,2/20/1989,42,53.1,65.1,65.7,41.9
Southwest,2/21/1989,39.3,51.4,65,66.9,41.1
Southwest,2/22/1989,42.1,54.4,70.7,70.6,42.5
Southwest,2/23/1989,46.2,59,76.1,75.1,46
Southwest,2/24/1989,49.6,62.8,78.6,78.2,49.2
Southwest,2/25/1989,51.7,64.8,79.8,79.3,51.2
Southwest,2/26/1989,52.2,65.2,79.6,79.1,51.6
Southwest,2/27/1989,50.9,63.6,77.8,76.9,50.2
Southwest,2/28/1989,47.5,59.6,73.2,73.9,47.5
Southwest,3/1/1989,44.1,57,70.7,70.6,46.2
Southwest,3/2/1989,47,55.6,68,66.9,43.8
Southwest,3/3/1989,40.4,50.1,61.9,61.2,39.1
Southwest,3/4/1989,30,41.8,53.8,58.9,34.7
Southwest,3/5/1989,33.6,44.6,61.1,61.4,34.9
Southwest,3/6/1989,41,52.5,69.2,69.5,41
Southwest,3/7/1989,48.3,60.8,78.2,76,47
Southwest,3/8/1989,51.8,65.3,80.7,80.8,51.3
Southwest,3/9/1989,53.9,67.4,83.4,83.1,53.5
Southwest,3/10/1989,54.9,68.9,85.1,84.6,54.9
Southwest,3/11/1989,55.9,69.9,85.4,85.1,55.9
Southwest,3/12/1989,56.8,70.4,84.9,84.5,56.3
Southwest,3/13/1989,56.1,68.5,83.3,82.5,54.1
Southwest,3/14/1989,49.4,63.4,79.2,79.7,51.3
Southwest,3/15/1989,48.5,62,76.7,77.5,49.3
Southwest,3/16/1989,49.9,62.8,76.6,76.8,49.4
Southwest,3/17/1989,49.7,62.6,77.2,77.8,50.2
Southwest,3/18/1989,51,64.3,79.6,78.8,51.1
Southwest,3/19/1989,52.7,65.7,79.7,79.1,51.7
Southwest,3/20/1989,51.5,63.8,77.9,76.3,48.7
Southwest,3/21/1989,42,56,71.3,75.2,46.2
Southwest,3/22/1989,45.2,59.6,76.5,75.1,45.2
Southwest,3/23/1989,48.3,62.6,77.4,76.5,47.4
Southwest,3/24/1989,48.8,62.2,75.5,75.6,48.3
Southwest,3/25/1989,47.8,61,73.9,73.9,48.8
Southwest,3/26/1989,49.9,56.9,72.3,70.6,46.5
Southwest,3/27/1989,41.8,51.7,65.6,70.8,45.3
Southwest,3/28/1989,44.3,57.1,74.4,72.7,44.9
Southwest,3/29/1989,48.5,62.6,78,77.3,47.9
Southwest,3/30/1989,51,64.7,79.5,79.7,50.7
Southwest,3/31/1989,52.6,66.7,81.6,80.7,52.6
Southwest,4/1/1989,54.2,68.2,81.1,81,53
Southwest,4/2/1989,52.2,66.4,80.3,80.8,53.3
Southwest,4/3/1989,53.4,67,80.9,82,53.4
Southwest,4/4/1989,54.6,69,84.9,84.7,55.1
Southwest,4/5/1989,57.2,71.6,88.2,88.1,56.6
Southwest,4/6/1989,58.1,74.2,91.2,91,58.9
Southwest,4/7/1989,61.3,77,93.5,92.7,60.5
Southwest,4/8/1989,62.1,77.6,93.3,92.8,61.1
Southwest,4/9/1989,59.9,76,91.7,91.5,59.6
Southwest,4/10/1989,56.7,71.8,89.5,89,56.8
Southwest,4/11/1989,53.8,69.5,85.7,86.4,55.1
Southwest,4/12/1989,54.7,68.9,84,83.2,53.5
Southwest,4/13/1989,52.1,66,80,82.5,53.5
Southwest,4/14/1989,53.8,67.9,83.6,83.4,54.2
Southwest,4/15/1989,56.7,71.3,86.6,85.9,56
Southwest,4/16/1989,57.4,72.5,87.5,87.3,56.7
Southwest,4/17/1989,56.1,72.2,87.9,88.8,57.5
Southwest,4/18/1989,59.1,74.7,91,90.6,58.7
Southwest,4/19/1989,60.9,76.5,93,92.9,61
Southwest,4/20/1989,63.1,78.6,94.6,93.9,63
Southwest,4/21/1989,65.1,79.9,94.1,93.5,63.7
Southwest,4/22/1989,63,77.2,91.7,90.7,61.6
Southwest,4/23/1989,56.6,71.8,86.4,87,57.2
Southwest,4/24/1989,52,66.4,82.8,81.2,52.1
Southwest,4/25/1989,47.6,61.5,74.3,76.6,48.2
Southwest,4/26/1989,45,58.2,72.6,73.1,45.9
Southwest,4/27/1989,45,58.3,72.5,73.8,46
Southwest,4/28/1989,47.9,62,76.3,76.1,47.7
Southwest,4/29/1989,50.1,64.5,79.4,79.2,50.3
Southwest,4/30/1989,52.9,67.4,81.9,82.2,52.9
Southwest,5/1/1989,55.7,70.2,85.4,85.4,55.7
Southwest,5/2/1989,58.4,73.2,89,88.5,57.9
Southwest,5/3/1989,59.6,75.3,91.2,91,59.7
Southwest,5/4/1989,61.2,76.9,92.7,92.5,61
Southwest,5/5/1989,62.1,77.7,93.7,94.3,62.7
Southwest,5/6/1989,64.7,80.2,96.4,96.4,64.4
Southwest,5/7/1989,66.5,82.5,99.1,98.1,66.6
Southwest,5/8/1989,68.5,83.9,98.7,98.3,67.6
Southwest,5/9/1989,67.8,81.6,97,94.5,64.9
Southwest,5/10/1989,58.3,71.3,87.9,88.2,58.5
Southwest,5/11/1989,49.5,63.2,79.6,80.6,51.8
Southwest,5/12/1989,47.5,60.5,74.3,77.1,49.2
Southwest,5/13/1989,50.5,63.9,77.3,76,49.3
Southwest,5/14/1989,49.9,63.7,76.5,76.7,50.8
Southwest,5/15/1989,51.9,64.6,76.2,75.4,51
Southwest,5/16/1989,51.2,62.5,73.6,76.1,51.3
Southwest,5/17/1989,50.8,63.5,78.4,79.3,52.3
Southwest,5/18/1989,54.9,69.4,85.8,84.8,54.7
Southwest,5/19/1989,58.5,74,90.3,89.8,58.5
Southwest,5/20/1989,62,77.6,93.3,93.1,61.9
Southwest,5/21/1989,65.2,80.5,95.8,95.1,63.8
Southwest,5/22/1989,64.1,80.5,96.2,96.4,64.7
Southwest,5/23/1989,64.9,81.3,97.1,96.4,64.2
Southwest,5/24/1989,63.5,79.4,96,94.6,62.5
Southwest,5/25/1989,59.1,75.2,90.6,92.5,60.9
Southwest,5/26/1989,60.2,75.5,90.9,91,60.6
Southwest,5/27/1989,62.5,77.7,91.6,91,61.2
Southwest,5/28/1989,61,76.4,90.5,90.1,61.2
Southwest,5/29/1989,60,74.6,88.1,88.2,59
Southwest,5/30/1989,55.9,71.3,86,87.1,57.5
Southwest,5/31/1989,56.7,72,87.3,87.8,57.5
Southwest,6/1/1989,59.8,75.3,90.1,89.2,58.9
Southwest,6/2/1989,60.2,76.1,90.2,89.9,59.9
Southwest,6/3/1989,59.8,75.4,89.4,89.3,59.9
Southwest,6/4/1989,59.7,74.8,88.2,88.9,59.3
Southwest,6/5/1989,58.5,74.1,89,89.1,59.5
Southwest,6/6/1989,60.3,75.6,90.1,90.5,60.4
Southwest,6/7/1989,62.5,77.5,92.5,91.5,61.9
Southwest,6/8/1989,62.9,78.1,91.9,91.6,62.2
Southwest,6/9/1989,61.2,76.4,90.4,91.1,62.4
Southwest,6/10/1989,63.1,77.7,91,91.3,62.3
Southwest,6/11/1989,62.6,77.9,92.6,92.2,62.8
Southwest,6/12/1989,62.8,78.5,92.9,93.6,63.5
Southwest,6/13/1989,65.1,80.2,95.4,95.3,64.7
Southwest,6/14/1989,66.1,82.2,97.7,97.5,66.7
Southwest,6/15/1989,68.9,84.4,99.5,99.2,68.1
Southwest,6/16/1989,69.3,85.2,100.3,100.7,69.6
Southwest,6/17/1989,70.6,86.7,102.2,102.6,71
Southwest,6/18/1989,73,89.5,105.4,104.4,73.2
Southwest,6/19/1989,76.1,91.9,105.5,105,75.3
Southwest,6/20/1989,76.7,91,104,103.9,75.2
Southwest,6/21/1989,72.9,88.2,102.2,102.1,72.6
Southwest,6/22/1989,68.3,83.8,100,99.2,68.8
Southwest,6/23/1989,65.2,81.1,95.5,96.6,65.5
Southwest,6/24/1989,63,79.4,94.2,94.9,64.4
Southwest,6/25/1989,65,80.5,95.1,95.4,65
Southwest,6/26/1989,66.9,82.2,96.8,96.3,67.2
Southwest,6/27/1989,69.7,84,97,97,69.7
Southwest,6/28/1989,72.4,84.8,97.2,97.9,71.2
Southwest,6/29/1989,71.5,85.5,99.4,99.3,72.3
Southwest,6/30/1989,73.1,87.6,101.3,100.7,72
Southwest,7/1/1989,71.5,87.3,101.4,101.9,71.9
Southwest,7/2/1989,71.2,87.5,103,103.3,72.2
Southwest,7/3/1989,73.8,89.8,105.5,105.1,73.7
Southwest,7/4/1989,76,91.8,106.7,105.9,74.6
Southwest,7/5/1989,74.1,90.1,105.6,105.7,75
Southwest,7/6/1989,74.8,90.5,104.7,104.8,75.4
Southwest,7/7/1989,77.2,91.4,104.1,104,75.3
Southwest,7/8/1989,74,89.1,103.2,102.7,74.1
Southwest,7/9/1989,71,85.9,100.9,100.1,71.4
Southwest,7/10/1989,69.3,82.9,96.1,97.1,70.1
Southwest,7/11/1989,70.1,82.3,94.2,95.9,69.8
Southwest,7/12/1989,69.9,83.6,97.3,98,70.7
Southwest,7/13/1989,72.2,87.2,102.5,100.7,72.3
Southwest,7/14/1989,74.8,88.9,102.2,102,73.4
Southwest,7/15/1989,73.2,86.6,101.2,100.2,74.2
Southwest,7/16/1989,74.5,86.3,97.1,99.3,73.8
Southwest,7/17/1989,73.6,86.6,99.7,100.3,74.1
Southwest,7/18/1989,74.3,89,104.1,103,75.3
Southwest,7/19/1989,77.9,91.6,105.2,104.6,76.5
Southwest,7/20/1989,77.2,90.9,104.6,103.3,77.4
Southwest,7/21/1989,77.2,88.4,100.2,100.4,76.7
Southwest,7/22/1989,75.6,85.7,96.4,95.9,76
Southwest,7/23/1989,75.1,83.5,91.1,94.7,75
Southwest,7/24/1989,74.2,84.5,96.5,94.4,74.3
Southwest,7/25/1989,73.6,85.4,95.5,95.4,73.7
Southwest,7/26/1989,73.4,83.7,94.2,93.6,73.5
Southwest,7/27/1989,73.5,82.4,91.1,91.9,73.1
Southwest,7/28/1989,72.4,81.6,90.3,90.9,72.4
Southwest,7/29/1989,71.4,81.4,91.3,92,72.3
Southwest,7/30/1989,73.1,83.7,94.4,93.6,73
Southwest,7/31/1989,74.5,84.9,95.1,94.8,73.7
Southwest,8/1/1989,73.5,84.7,94.8,95,73.2
Southwest,8/2/1989,71.6,83,95.1,94.8,72.7
Southwest,8/3/1989,73.1,83.6,94.4,93.6,72.8
Southwest,8/4/1989,73.8,83.1,91.4,93.4,73.4
Southwest,8/5/1989,73.4,83.4,94.4,93.7,73.5
Southwest,8/6/1989,73.3,84.1,95.3,95.5,73.3
Southwest,8/7/1989,73.1,84.7,96.9,96,72.9
Southwest,8/8/1989,72.2,83.7,95.8,95.4,72.3
Southwest,8/9/1989,71.6,82.8,93.5,92.8,71.9
Southwest,8/10/1989,71.8,80.1,89.2,91.5,71.5
Southwest,8/11/1989,71.1,80.5,91.7,91.7,71.7
Southwest,8/12/1989,72.2,82.8,94.3,95,72
Southwest,8/13/1989,72.8,85.4,98.9,97.3,72.8
Southwest,8/14/1989,73.3,86.2,98.7,98.5,72.9
Southwest,8/15/1989,72.6,85.5,97.8,97.7,72.8
Southwest,8/16/1989,72.6,85.1,96.5,96.5,72.7
Southwest,8/17/1989,73,83.7,95.2,93.8,72.4
Southwest,8/18/1989,71.7,80.3,89.6,92.2,71.7
Southwest,8/19/1989,70.5,80.3,91.7,90.7,70.7
Southwest,8/20/1989,69.8,80.9,90.7,90.7,69.2
Southwest,8/21/1989,67.2,78.5,89.6,90.7,67.8
Southwest,8/22/1989,66.4,78.8,91.7,91.5,67.3
Southwest,8/23/1989,68.4,80.8,93.1,92.3,66.9
Southwest,8/24/1989,65.8,79.7,92,92.4,66.3
Southwest,8/25/1989,64.7,78.6,92.1,91.9,65.1
Southwest,8/26/1989,64.9,78.6,91.7,91.6,65.2
Southwest,8/27/1989,66,78.7,91,91.8,66.3
Southwest,8/28/1989,68,80.1,92.8,93,67.7
Southwest,8/29/1989,69.2,82,95.3,94,68.9
Southwest,8/30/1989,69.6,81.8,94,93.7,69.4
Southwest,8/31/1989,69.4,80.8,91.8,93.5,70.3
Southwest,9/1/1989,71.9,82.8,94.7,93.3,70.8
Southwest,9/2/1989,71.1,81.7,93.3,92.4,71.8
Southwest,9/3/1989,72.4,81.2,89.3,92,71.8
Southwest,9/4/1989,71.8,81.8,93.5,92.9,72.7
Southwest,9/5/1989,74,85,95.8,94.5,72.8
Southwest,9/6/1989,72.7,83.7,94.1,94.5,72.4
Southwest,9/7/1989,70.6,82.5,93.7,93.4,70.3
Southwest,9/8/1989,67.7,80.5,92.3,92.6,67.9
Southwest,9/9/1989,65.3,78.5,91.8,91.6,65.4
Southwest,9/10/1989,63.3,77.2,90.8,91,64.4
Southwest,9/11/1989,64.6,77.7,90.5,90.1,63.9
Southwest,9/12/1989,63.8,76.4,88.9,89.1,63.9
Southwest,9/13/1989,63.3,75.5,88,88.7,63.3
Southwest,9/14/1989,62.9,75.8,89.3,89.8,63.9
Southwest,9/15/1989,65.4,78.1,92,90.7,65.4
Southwest,9/16/1989,67.9,79.5,90.8,90.4,67.1
Southwest,9/17/1989,68.1,78,88.5,88.5,66.4
Southwest,9/18/1989,63.3,74.1,86.2,86.5,64.2
Southwest,9/19/1989,61.1,73.2,84.9,84.9,60.9
Southwest,9/20/1989,58.3,70.3,83.6,86.6,59.8
Southwest,9/21/1989,59.9,73.6,91.2,89.9,60.9
Southwest,9/22/1989,64.4,78.7,95,92.9,63.7
Southwest,9/23/1989,66.8,78.5,92.5,93.2,65.7
Southwest,9/24/1989,65.9,78.2,92.2,93,67.2
Southwest,9/25/1989,68.8,81.1,94.4,93.3,67.7
Southwest,9/26/1989,68.3,80.9,93.4,92.9,67.1
Southwest,9/27/1989,64.1,77.8,90.9,92.1,64.7
Southwest,9/28/1989,61.8,76.1,91.9,91.6,63
Southwest,9/29/1989,63.2,77,92,91.7,62.8
Southwest,9/30/1989,63.4,77,91.2,90.8,63
Southwest,10/1/1989,62.3,75.7,89.3,88.9,62.1
Southwest,10/2/1989,60.5,72.9,86.3,87.1,61.5
Southwest,10/3/1989,61.8,72.4,85.6,84.8,61.4
Southwest,10/4/1989,62,70.5,82.4,81.6,61.3
Southwest,10/5/1989,60.2,67.2,76.9,79.9,59.9
Southwest,10/6/1989,57.6,67.9,80.5,80.3,59
Southwest,10/7/1989,59.2,70.5,83.6,83.1,58.8
Southwest,10/8/1989,59.6,71.6,85.3,85.3,59.5
Southwest,10/9/1989,59.6,72.2,87.1,86.9,59.9
Southwest,10/10/1989,60.5,73.6,88.2,88.1,60.7
Southwest,10/11/1989,61.9,74.6,89,88.9,61.6
Southwest,10/12/1989,62.5,75.1,89.6,89.7,62.4
Southwest,10/13/1989,62.9,75.8,90.4,89,62.3
Southwest,10/14/1989,61.6,74.6,87,86.7,60.1
Southwest,10/15/1989,55.8,68.3,82.8,83.1,57.1
Southwest,10/16/1989,53.9,65.9,79.6,81,55
Southwest,10/17/1989,55.4,66.9,80.5,80.2,54.7
Southwest,10/18/1989,54.9,67,80.5,79.9,54.5
Southwest,10/19/1989,53.2,64.9,78.8,78.6,54.7
Southwest,10/20/1989,55.9,65.6,76.6,77.3,55
Southwest,10/21/1989,55.8,64.9,76.6,76.7,56.1
Southwest,10/22/1989,56.6,65.4,76.8,77.3,56.4
Southwest,10/23/1989,56.7,66.6,78.6,78.7,56.6
Southwest,10/24/1989,56.4,67.7,80.8,78.9,56
Southwest,10/25/1989,54.9,65.6,77.3,75.9,52.1
Southwest,10/26/1989,44.9,56.5,69.6,72.6,48.6
Southwest,10/27/1989,46.1,56.8,70.8,70.3,45.5
Southwest,10/28/1989,45.6,57.7,70.5,69.2,44.8
Southwest,10/29/1989,42.8,54.7,66.4,68.2,42.9
Southwest,10/30/1989,40.3,52.5,67.6,68.3,42.6
Southwest,10/31/1989,44.8,55.3,70.9,69.3,43.2
Southwest,11/1/1989,44.4,56.1,69.3,70.1,43.6
Southwest,11/2/1989,41.7,54.5,70.1,70.3,43.1
Southwest,11/3/1989,43.2,55.5,71.6,71.5,43.6
Southwest,11/4/1989,45.9,57.8,72.8,72.4,44.9
Southwest,11/5/1989,45.6,58.2,72.7,72.4,45.9
Southwest,11/6/1989,46.2,58,71.8,72.1,46.3
Southwest,11/7/1989,47.2,58.6,71.8,71.7,46.5
Southwest,11/8/1989,46.1,57.6,71.5,72.8,46.6
Southwest,11/9/1989,46.4,58.6,75,75.2,47.4
Southwest,11/10/1989,49.8,61.6,79.2,77.9,49.4
Southwest,11/11/1989,51.9,64.3,79.5,78.6,51
Southwest,11/12/1989,51.2,63.3,77,77.1,50.7
Southwest,11/13/1989,49.1,61.1,74.8,75.1,49.4
Southwest,11/14/1989,48,59.7,73.4,73.4,47.7
Southwest,11/15/1989,46,57.9,72.1,72.1,46.3
Southwest,11/16/1989,45,56.4,70.9,70.8,45.7
Southwest,11/17/1989,46,56.3,69.5,70.8,45.3
Southwest,11/18/1989,44.9,56.5,72,72.6,46.1
Southwest,11/19/1989,47.5,59.3,76.3,73.7,49.4
Southwest,11/20/1989,55.9,62.4,72.7,72.6,51.4
Southwest,11/21/1989,50.7,59.6,68.8,69.9,50.9
Southwest,11/22/1989,46.2,56.2,68.3,69.3,47.9
Southwest,11/23/1989,46.8,56.5,70.9,69.3,46.2
Southwest,11/24/1989,45.6,56.4,68.8,68.6,45.7
Southwest,11/25/1989,44.7,54.6,66,66.1,45.3
Southwest,11/26/1989,45.5,53.6,63.5,63.4,43.6
Southwest,11/27/1989,40.5,50.3,60.8,60.2,39.9
Southwest,11/28/1989,33.7,44.5,56.3,57.7,36.1
Southwest,11/29/1989,34,43.6,56.1,56.2,33.9
Southwest,11/30/1989,33.9,43.8,56.1,57.2,34.4
Southwest,12/1/1989,35.3,45.1,59.3,59.5,36
Southwest,12/2/1989,38.8,48.4,63.2,62.2,38
Southwest,12/3/1989,40,49.8,64,64.4,39.7
Southwest,12/4/1989,40.4,50.8,66.1,66.3,41
Southwest,12/5/1989,42.6,53.2,68.8,66.9,41.8
Southwest,12/6/1989,42.5,53.5,65.7,65.9,41.6
Southwest,12/7/1989,39.7,50.4,63.1,64.4,40.3
Southwest,12/8/1989,38.6,49.4,64.4,64.9,39.6
Southwest,12/9/1989,40.6,51.2,67.2,65.4,39.9
Southwest,12/10/1989,40.4,51.8,64.7,63,37.9
Southwest,12/11/1989,32.6,43.2,57,57.7,33.4
Southwest,12/12/1989,27.1,36.9,51.3,54.6,30.2
Southwest,12/13/1989,30.8,40.5,55.6,55.7,30.4
Southwest,12/14/1989,33.2,44,60.1,58.6,33.4
Southwest,12/15/1989,36.3,46.3,60.2,59.5,36
Southwest,12/16/1989,38.4,47.2,58.2,58.1,37.7
Southwest,12/17/1989,38.5,45.6,56,56.9,39.2
Southwest,12/18/1989,40.8,46.5,56.4,56.7,39.4
Southwest,12/19/1989,38.9,46.8,57.6,57.9,39.1
Southwest,12/20/1989,37.7,46.9,59.8,58.5,37.6
Southwest,12/21/1989,36.1,46.2,58,58.7,35.6
Southwest,12/22/1989,33.1,43.7,58.4,60.6,35.4
Southwest,12/23/1989,36.9,47.3,65.4,63.8,36.9
Southwest,12/24/1989,40.7,51.2,67.7,67.3,39.7
Southwest,12/25/1989,41.5,52.6,68.7,67.6,41.7
Southwest,12/26/1989,42.9,52.8,66.4,65.7,41.8
Southwest,12/27/1989,41,51.2,62,62.1,41.9
Southwest,12/28/1989,41.8,49.4,58,58.2,41.4
Southwest,12/29/1989,41.4,46.9,54.5,55.4,40
Southwest,12/30/1989,36.7,44,53.7,54.5,37.7
Southwest,12/31/1989,35,43.6,55.3,55.7,35.6
Southwest,1/1/1990,35.1,44.5,58,55.6,35.4
Southwest,1/2/1990,36,44.1,53.4,52.3,34.8
Southwest,1/3/1990,33.2,39.4,45.6,48.3,32.2
Southwest,1/4/1990,27.5,35,46,47,30
Southwest,1/5/1990,29.2,36.9,49.5,49.3,29.3
Southwest,1/6/1990,31.1,39.5,52.4,51.9,31.1
Southwest,1/7/1990,32.9,41.5,53.9,55.3,33.5
Southwest,1/8/1990,36.5,45.2,59.6,60.3,37.1
Southwest,1/9/1990,41.8,51.3,67.5,66.4,41.3
Southwest,1/10/1990,45.7,56.1,72,70,44.9
Southwest,1/11/1990,47.3,57.3,70.5,70,46.3
Southwest,1/12/1990,45.8,55.9,67.5,67,45.5
Southwest,1/13/1990,43.4,52.8,63.1,63.8,43.7
Southwest,1/14/1990,42,50.7,60.8,60.6,42.3
Southwest,1/15/1990,41.4,49,57.8,57.7,40.3
Southwest,1/16/1990,37.6,45.6,54.5,54.6,38
Southwest,1/17/1990,35,41.9,51.4,50.5,36.5
Southwest,1/18/1990,37,41,45.5,47.6,34.3
Southwest,1/19/1990,31,37.4,45.8,46.5,32.9
Southwest,1/20/1990,30.6,38.3,48.2,49.8,31.2
Southwest,1/21/1990,32.1,40.7,55.4,53.3,34
Southwest,1/22/1990,39.2,45.2,56.4,58,37.4
Southwest,1/23/1990,41,49.5,62.2,59.4,39.7
Southwest,1/24/1990,38.8,48.7,59.5,60.3,38
Southwest,1/25/1990,34.3,44.7,59.2,60.7,37
Southwest,1/26/1990,38,47.8,63.4,61,37.1
Southwest,1/27/1990,39.1,49.4,60.5,60.5,37.1
Southwest,1/28/1990,34.2,44.7,57.5,59.4,36.4
Southwest,1/29/1990,36,46.2,60.1,60.3,35.9
Southwest,1/30/1990,37.4,48.4,63.2,61.2,38.6
Southwest,1/31/1990,42.3,49,60.3,58.4,39.6
Southwest,2/1/1990,39,45,51.7,53.8,38.4
Southwest,2/2/1990,33.8,41.7,49.5,51.3,34.7
Southwest,2/3/1990,31.2,39.9,52.7,53.3,32.7
Southwest,2/4/1990,33.2,43,57.7,55.1,32.6
Southwest,2/5/1990,33.3,42.6,54.9,57,33.5
Southwest,2/6/1990,34,43.9,58.4,58,34.6
Southwest,2/7/1990,36.6,47.3,60.6,59.1,37.2
Southwest,2/8/1990,41,47.9,58.3,58.3,38
Southwest,2/9/1990,36.4,45.2,56,58.3,37.9
Southwest,2/10/1990,36.4,46.3,60.7,61.8,38.1
Southwest,2/11/1990,41.5,52.3,68.7,65.7,41.5
Southwest,2/12/1990,46.5,56.4,67.6,67.3,43.8
Southwest,2/13/1990,43.4,53.9,65.5,64.8,42.4
Southwest,2/14/1990,37.3,45.2,61.2,56.3,34.9
Southwest,2/15/1990,24.1,32.4,42.3,49.9,28.4
Southwest,2/16/1990,23.9,32.7,46.1,48.1,26
Southwest,2/17/1990,29.9,39.6,55.8,53.1,29.7
Southwest,2/18/1990,35.3,45.1,57.3,56.3,33.2
Southwest,2/19/1990,34.4,43.8,55.9,55,33.4
Southwest,2/20/1990,30.4,39.6,51.8,55.5,32.8
Southwest,2/21/1990,33.7,43.8,58.7,58.3,33.9
Southwest,2/22/1990,37.5,48.6,64.4,64.3,37.5
Southwest,2/23/1990,41.3,53.4,69.9,69.6,41.2
Southwest,2/24/1990,44.9,57.7,74.4,73.1,45
Southwest,2/25/1990,48.8,60.3,75.1,74.4,48.5
Southwest,2/26/1990,51.9,61.9,73.8,73.4,50.2
Southwest,2/27/1990,49.8,60,71.2,71.3,49.3
Southwest,2/28/1990,46.2,57.1,68.8,69.5,47.2
Southwest,3/1/1990,45.6,56.7,68.5,69.4,46.4
Southwest,3/2/1990,47.4,58.5,70.9,70.3,47.7
Southwest,3/3/1990,50,59.9,71.5,71.5,48.4
Southwest,3/4/1990,47.8,59.6,72.1,71.4,47.1
Southwest,3/5/1990,43.6,55.5,70.5,67.8,42.8
Southwest,3/6/1990,37,48.2,60.9,65.4,39.9
Southwest,3/7/1990,39,50.2,64.7,66.2,39.6
Southwest,3/8/1990,42.7,55.6,73,70.7,43.3
Southwest,3/9/1990,48.1,60.1,74.3,73.1,45.5
Southwest,3/10/1990,45.7,56.9,72.1,69.2,45.2
Southwest,3/11/1990,41.9,49.7,61.3,63.4,41.8
Southwest,3/12/1990,37.8,46.5,56.7,57.7,37.7
Southwest,3/13/1990,33.5,44.2,55.1,55.9,33.9
Southwest,3/14/1990,30.4,42,56,57.9,33.3
Southwest,3/15/1990,36,47.1,62.6,61.4,34.9
Southwest,3/16/1990,38.3,50.7,65.7,67.4,38.8
Southwest,3/17/1990,42.1,55.6,73.8,72,42.6
Southwest,3/18/1990,47.3,60.7,76.6,76.1,46.2
Southwest,3/19/1990,49.1,63,78,78.8,49.2
Southwest,3/20/1990,51.1,64.7,81.7,80.9,52
Southwest,3/21/1990,55.7,68.3,83.1,82.5,53.4
Southwest,3/22/1990,53.5,67.8,82.7,83.1,54.5
Southwest,3/23/1990,54.4,68.4,83.5,82.8,54
Southwest,3/24/1990,54.2,68.1,82.3,82.1,53.7
Southwest,3/25/1990,52.5,66.3,80.6,80.9,52.8
Southwest,3/26/1990,51.8,65.8,79.9,79.2,52.2
Southwest,3/27/1990,52.4,63.7,77.1,76.6,49.9
Southwest,3/28/1990,45.4,58.2,72.8,72,47.3
Southwest,3/29/1990,44,53.5,66.2,67.9,43.7
Southwest,3/30/1990,41.6,52.4,64.7,65.4,43.8
Southwest,3/31/1990,45.9,55.8,65.4,65.6,44.2
Southwest,4/1/1990,45.1,55.8,66.6,67.3,45.9
Southwest,4/2/1990,46.7,57.8,70,70.8,46.5
Southwest,4/3/1990,47.6,60.5,75.7,73.8,49.1
Southwest,4/4/1990,53.1,64.7,75.8,75,50
Southwest,4/5/1990,49.2,61.2,73.4,74.7,50.9
Southwest,4/6/1990,50.5,62.4,74.9,75,50.8
Southwest,4/7/1990,52.6,64.1,76.7,75.5,52
Southwest,4/8/1990,53,63.9,75,76.3,51.6
Southwest,4/9/1990,49.1,62.6,77.1,77.8,51.4
Southwest,4/10/1990,52,66,81.2,80.9,52.1
Southwest,4/11/1990,55.3,69.7,84.4,84.1,54.8
Southwest,4/12/1990,57,71.8,86.7,86.4,56.6
Southwest,4/13/1990,57.4,72.4,88.2,87.8,57.3
Southwest,4/14/1990,57.6,73.1,88.5,88,57.3
Southwest,4/15/1990,57,72.7,87.2,87,57.1
Southwest,4/16/1990,56.8,70.2,85.3,83.5,54.9
Southwest,4/17/1990,50.9,63.1,77.9,78.1,52.4
Southwest,4/18/1990,49.4,60.7,71.2,75,50.2
Southwest,4/19/1990,50.2,62.5,76,76.2,51.1
Southwest,4/20/1990,53.6,66.7,81.3,79.9,52.5
Southwest,4/21/1990,53.8,68.3,82.3,81.3,54
Southwest,4/22/1990,54.6,67.9,80.3,80.1,53.6
Southwest,4/23/1990,52.4,65.6,77.8,77.7,51.7
Southwest,4/24/1990,48,60,74.9,75.4,49.3
Southwest,4/25/1990,47.4,59.3,73.4,76.7,48.4
Southwest,4/26/1990,49.9,64.4,81.9,80.4,50.8
Southwest,4/27/1990,55,69.8,86,85.2,54.2
Southwest,4/28/1990,57.8,73,87.8,86.7,55.7
Southwest,4/29/1990,54.4,69.9,86.3,84.7,53.9
Southwest,4/30/1990,49.4,63.7,79.9,79.4,50
Southwest,5/1/1990,46.3,59.2,72.1,74.1,47.7
Southwest,5/2/1990,47.3,58.7,70.3,73.7,47.5
Southwest,5/3/1990,49,62.4,78.7,77.5,50.7
Southwest,5/4/1990,55.7,69,83.4,82.3,53.9
Southwest,5/5/1990,57.1,71.4,84.8,84.3,56.9
Southwest,5/6/1990,57.8,72.1,84.8,85.8,58
Southwest,5/7/1990,59.2,73.6,87.9,86.6,58.3
Southwest,5/8/1990,58,73.2,87.2,86.9,57.4
Southwest,5/9/1990,55.1,71.1,85.5,85.6,56.8
Southwest,5/10/1990,57.2,70.9,84.1,83.7,54.5
Southwest,5/11/1990,51.2,65.5,81.5,82.5,53.4
Southwest,5/12/1990,51.7,66,81.9,82.9,52.4
Southwest,5/13/1990,54.4,69.7,85.3,84.2,54
Southwest,5/14/1990,56,71.4,85.3,84.6,54.7
Southwest,5/15/1990,53.6,68.6,83.3,84.5,54.6
Southwest,5/16/1990,54.3,69.6,84.8,85.4,55.3
Southwest,5/17/1990,58.1,73.2,88.2,86.7,56.2
Southwest,5/18/1990,56.1,71.4,87,86.2,56.1
Southwest,5/19/1990,54,68.7,83.4,83.8,53.6
Southwest,5/20/1990,50.8,66.3,81,84.7,54.1
Southwest,5/21/1990,57.5,72.3,89.8,88.1,57.3
Southwest,5/22/1990,63.5,78.1,93.5,92.5,62.4
Southwest,5/23/1990,66.1,80.7,94.3,93.8,64.8
Southwest,5/24/1990,64.9,78.9,93.6,92,63.3
Southwest,5/25/1990,58.8,74.3,88.1,89.8,60.8
Southwest,5/26/1990,58.6,73.8,87.6,87.7,58.8
Southwest,5/27/1990,59.1,73.9,87.5,87.3,58.8
Southwest,5/28/1990,58.8,71.6,86.8,83.8,56.4
Southwest,5/29/1990,51.3,64.5,77,82.4,54.9
Southwest,5/30/1990,54.7,68.3,83.5,81.4,53.9
Southwest,5/31/1990,55.7,70.5,83.8,83.8,55.2
Southwest,6/1/1990,55.3,70.2,84,86.5,56.6
Southwest,6/2/1990,58.8,74.4,91.8,91.5,60
Southwest,6/3/1990,65.8,81.7,98.6,97.8,64.7
Southwest,6/4/1990,69.5,86.2,102.9,101.2,68.2
Southwest,6/5/1990,69.4,86.2,102.1,101.1,68.5
Southwest,6/6/1990,66.7,83.1,98.2,99.1,67.6
Southwest,6/7/1990,66.7,82.4,96.9,97.9,68.2
Southwest,6/8/1990,71.1,84.9,98.5,97.6,70.3
Southwest,6/9/1990,73.1,85,97.4,95.9,70.4
Southwest,6/10/1990,67.1,79.5,91.7,93.8,68
Southwest,6/11/1990,63.7,77.8,92.4,92.6,65.7
Southwest,6/12/1990,66.4,80.4,93.7,92.9,64.6
Southwest,6/13/1990,63.6,78.9,92.5,92.1,63.6
Southwest,6/14/1990,60.9,76.2,90,90.5,62.9
Southwest,6/15/1990,64.1,76.1,88.9,89.2,61.2
Southwest,6/16/1990,58.7,73.6,88.8,91.1,61.8
Southwest,6/17/1990,62.7,78.7,95.7,94.1,62.9
Southwest,6/18/1990,67.3,82.7,97.7,97.8,67
Southwest,6/19/1990,70.9,85.7,100.1,99.9,69.4
Southwest,6/20/1990,69.9,86.5,101.9,101.6,70.5
Southwest,6/21/1990,70.8,87.6,102.9,102.3,70.7
Southwest,6/22/1990,71.4,87.3,102.1,102.9,71.6
Southwest,6/23/1990,72.6,88.6,103.7,103.5,72.6
Southwest,6/24/1990,73.7,89.3,104.7,105.3,74
Southwest,6/25/1990,75.8,91.8,107.6,107.2,76.1
Southwest,6/26/1990,78.9,94.5,109.3,108.4,77.9
Southwest,6/27/1990,78.9,94.4,108.2,108,78.6
Southwest,6/28/1990,78,93.2,106.5,106.2,77.8
Southwest,6/29/1990,76.5,89.5,103.9,104.7,77
Southwest,6/30/1990,76.5,89.7,103.7,103.8,76.9
Southwest,7/1/1990,77.7,91.5,103.7,103.3,77.6
Southwest,7/2/1990,78.5,89.7,102.5,100.1,76.1
Southwest,7/3/1990,72.2,83,94.2,96.9,74.1
Southwest,7/4/1990,71.5,83.5,94,94.1,72.5
Southwest,7/5/1990,73.9,84.7,94.1,93.4,73
Southwest,7/6/1990,73.5,82.7,92.1,92.4,73.3
Southwest,7/7/1990,72.5,81.8,91,90.7,72.2
Southwest,7/8/1990,70.6,80.2,88.9,90.3,71.4
Southwest,7/9/1990,71.2,80.4,91,91.7,71.9
Southwest,7/10/1990,73.8,84.2,95.2,94.2,73.8
Southwest,7/11/1990,76.3,86.5,96.5,96.7,76
Southwest,7/12/1990,77.8,88.2,98.5,97.6,77.3
Southwest,7/13/1990,77.8,88.2,97.7,97.5,76.8
Southwest,7/14/1990,74.8,83.3,96.4,94.1,74.7
Southwest,7/15/1990,71.4,79.6,88.1,91.1,72.4
Southwest,7/16/1990,71.1,79.5,88.8,90.4,71.5
Southwest,7/17/1990,72,82.4,94.2,93.6,72.7
Southwest,7/18/1990,75.1,86.3,97.9,97.2,74.4
Southwest,7/19/1990,76.1,87.9,99.6,98.5,75.3
Southwest,7/20/1990,74.8,86.4,98.1,98.3,75.3
Southwest,7/21/1990,75,85.9,97.3,97.4,74.6
Southwest,7/22/1990,74,85.2,96.7,96.7,74.4
Southwest,7/23/1990,74.3,84.7,96.1,95,73.8
Southwest,7/24/1990,73.2,81.5,92.1,93.1,72.5
Southwest,7/25/1990,70.1,79.6,91,92.4,71.5
Southwest,7/26/1990,71.3,82.1,94.1,94,71.1
Southwest,7/27/1990,71.9,84.6,97,96.5,71.8
Southwest,7/28/1990,72.1,85.5,98.3,97.9,72.3
Southwest,7/29/1990,72.9,85.8,98.5,98.2,72.3
Southwest,7/30/1990,72,84.9,97.8,97.2,72.5
Southwest,7/31/1990,72.7,84.5,95.4,95.5,72.4
Southwest,8/1/1990,72.5,82.5,93.3,92.7,71.8
Southwest,8/2/1990,70.1,79.3,89.3,91.9,71
Southwest,8/3/1990,70.4,81.1,93,92.6,70.6
Southwest,8/4/1990,71.3,83.2,95.6,95,71.7
Southwest,8/5/1990,73.3,85.1,96.3,95.8,72.4
Southwest,8/6/1990,72.7,83.6,95.4,94.3,71.9
Southwest,8/7/1990,69.8,80.4,91.1,94,71
Southwest,8/8/1990,70.4,82.3,95.6,95.3,71.1
Southwest,8/9/1990,73,85.8,99.1,98.2,72.4
Southwest,8/10/1990,73.9,87.1,99.8,99.3,73.4
Southwest,8/11/1990,73.2,86,99.1,98.3,73.3
Southwest,8/12/1990,72.7,83,96,93.9,71.9
Southwest,8/13/1990,69.9,77.3,86.5,86.9,70.2
Southwest,8/14/1990,67.9,72.6,78.1,82.2,67.9
Southwest,8/15/1990,65.8,72.4,82.1,82.5,66.6
Southwest,8/16/1990,66.2,75.7,87.2,86.2,66.2
Southwest,8/17/1990,66.5,77.7,89.3,89.4,66.5
Southwest,8/18/1990,66.7,79.1,91.8,91,66.6
Southwest,8/19/1990,66.6,79.5,91.9,91.3,66.5
Southwest,8/20/1990,66.1,78.4,90.1,90.9,65.9
Southwest,8/21/1990,65,77.6,90.8,91.2,65.6
Southwest,8/22/1990,65.7,79.3,92.8,92.2,65.5
Southwest,8/23/1990,65.9,79.8,93,92.6,65.7
Southwest,8/24/1990,65.5,79.4,92,92.5,64.9
Southwest,8/25/1990,63.2,77.6,92.5,92.7,64.7
Southwest,8/26/1990,65.4,79.2,93.7,93.6,66.3
Southwest,8/27/1990,70.3,82.1,94.7,95.3,69.4
Southwest,8/28/1990,72.5,84.9,97.6,96.9,72.2
Southwest,8/29/1990,73.7,86.2,98.5,98,73.1
Southwest,8/30/1990,73.1,85.8,97.8,97.6,73.1
Southwest,8/31/1990,72.5,84,96.6,96.4,72.6
Southwest,9/1/1990,72.2,83,94.7,94.2,72.5
Southwest,9/2/1990,72.8,82.5,91.3,93.6,72.2
Southwest,9/3/1990,71.6,82.7,94.9,93.1,71.3
Southwest,9/4/1990,69.4,81,93,92.6,70.3
Southwest,9/5/1990,70,79.6,89.8,91.4,69.6
Southwest,9/6/1990,69.5,79.7,91.3,92.3,70.2
Southwest,9/7/1990,71.2,83,95.7,94.8,71.3
Southwest,9/8/1990,73.1,85.2,97.5,97.8,72.6
Southwest,9/9/1990,73.5,86.3,100.1,99.5,73.8
Southwest,9/10/1990,74.7,87.6,101,100.6,74
Southwest,9/11/1990,73.8,87.3,100.8,100.5,73.4
Southwest,9/12/1990,71.8,85.1,99.7,99,72
Southwest,9/13/1990,70.3,83.4,96.5,97,70.8
Southwest,9/14/1990,70.2,81.8,94.8,94.1,69.7
Southwest,9/15/1990,68.5,79.8,91.1,91.5,68.8
Southwest,9/16/1990,67.6,77.8,88.7,89.6,66.9
Southwest,9/17/1990,64.6,76.5,88.9,88.1,66.7
Southwest,9/18/1990,67.9,76.7,86.7,87.7,64.9
Southwest,9/19/1990,62.2,74.1,87.5,86.5,64.2
Southwest,9/20/1990,62.6,74,85.4,86.1,62.8
Southwest,9/21/1990,63.6,73.8,85.5,85.6,63.6
Southwest,9/22/1990,64.6,74.9,86,84.9,64.8
Southwest,9/23/1990,66.1,74.2,83.3,85.3,64.2
Southwest,9/24/1990,61.8,72.2,86.5,86.2,64.1
Southwest,9/25/1990,64.5,76.1,88.9,88.3,63.9
Southwest,9/26/1990,65.5,77,89.4,89.2,64.6
Southwest,9/27/1990,63.9,76.3,89.3,88.7,63.3
Southwest,9/28/1990,60.5,73.4,87.3,86.9,61.5
Southwest,9/29/1990,60,71.6,84.2,84.5,60.5
Southwest,9/30/1990,60.9,71,82,80.9,60.9
Southwest,10/1/1990,61.7,69,76.5,78.3,60.6
Southwest,10/2/1990,59.2,66.9,76.5,78.3,59.8
Southwest,10/3/1990,58.4,68.7,82,82.4,59.6
Southwest,10/4/1990,61.2,73,88.8,85.9,60.7
Southwest,10/5/1990,62.6,74.7,87,87.1,62
Southwest,10/6/1990,62.1,73.6,85.4,85.3,62.3
Southwest,10/7/1990,62.1,72.8,83.4,83,60.6
Southwest,10/8/1990,57.7,68.8,80.2,80.8,57.7
Southwest,10/9/1990,53.2,65.4,78.8,80,54.3
Southwest,10/10/1990,52.1,65.3,80.9,80.8,53.2
Southwest,10/11/1990,54.4,67.5,82.6,81.9,53.9
Southwest,10/12/1990,55.1,68,82.2,82.8,55
Southwest,10/13/1990,55.5,68.5,83.6,83.1,55.4
Southwest,10/14/1990,55.7,68.8,83.6,83.3,56.4
Southwest,10/15/1990,57.9,69.6,82.6,82.6,57.3
Southwest,10/16/1990,58.4,69.5,81.7,81.4,57.5
Southwest,10/17/1990,56.2,67.6,79.9,81.8,57.4
Southwest,10/18/1990,57.7,69.2,83.7,81.3,57.4
Southwest,10/19/1990,58.4,68.9,80.3,79.7,55.4
Southwest,10/20/1990,50.1,61.4,75,75.8,51.4
Southwest,10/21/1990,45.8,57.2,72,74.7,48.1
Southwest,10/22/1990,48.5,60.6,77,76.7,48.9
Southwest,10/23/1990,52.4,64.7,81,81,52
Southwest,10/24/1990,55,67.9,84.9,84.1,54.8
Southwest,10/25/1990,57,70.1,86.3,85.8,56.5
Southwest,10/26/1990,57.5,70.7,86.1,86.1,57.5
Southwest,10/27/1990,58,70.8,85.8,85.4,57.8
Southwest,10/28/1990,58,70.4,84.3,84.3,57.4
Southwest,10/29/1990,56.2,68.6,82.8,83.2,56.8
Southwest,10/30/1990,56.3,68.5,82.5,81.8,56.6
Southwest,10/31/1990,57.4,68.1,80.2,79.4,56.3
Southwest,11/1/1990,55.2,65.1,75.6,74.8,53.4
Southwest,11/2/1990,47.5,56.9,68.7,68.2,47.7
Southwest,11/3/1990,40.5,50.6,60.3,64.1,43
Southwest,11/4/1990,40.9,50.5,63.3,63.9,41.4
Southwest,11/5/1990,42.7,53.3,68.1,65.8,42.3
Southwest,11/6/1990,43.3,54.5,65.9,65.2,41.3
Southwest,11/7/1990,37.8,48.3,61.5,63.1,39.8
Southwest,11/8/1990,38.4,47.5,61.9,64.2,39.7
Southwest,11/9/1990,42.9,53,69.2,68.7,42.5
Southwest,11/10/1990,46.3,57.7,75,74.2,46.2
Southwest,11/11/1990,49.3,61.4,78.4,77.2,49.1
Southwest,11/12/1990,51.8,62.9,78.3,78.4,50.8
Southwest,11/13/1990,51.2,63,78.6,77.9,51.5
Southwest,11/14/1990,51.4,63,76.7,77.3,51.2
Southwest,11/15/1990,50.9,62.5,76.7,77.2,51.5
Southwest,11/16/1990,52.3,63.4,78.1,77.1,51.6
Southwest,11/17/1990,51.6,63.2,76.5,76.5,51.8
Southwest,11/18/1990,51.4,62.2,74.9,74.4,50.9
Southwest,11/19/1990,49.7,60.1,71.8,70.9,50.8
Southwest,11/20/1990,51.4,56.4,66.1,66.4,47.8
Southwest,11/21/1990,42.3,50.9,61.3,64.4,45
Southwest,11/22/1990,41.2,51.5,65.7,66,42.1
Southwest,11/23/1990,42.8,54,71,70.2,43.6
Southwest,11/24/1990,46.9,57.7,73.8,72.1,46.9
Southwest,11/25/1990,51,60,71.4,70.3,47.8
Southwest,11/26/1990,45.6,53.7,65.7,63.1,43
Southwest,11/27/1990,32.3,42,52.1,57.9,36.6
Southwest,11/28/1990,31.8,41.1,55.9,57.2,33.1
Southwest,11/29/1990,35.1,45.8,63.6,61.3,35.7
Southwest,11/30/1990,40.3,50.1,64.3,63.9,38.6
Southwest,12/1/1990,40.4,50.6,63.7,63.3,39.8
Southwest,12/2/1990,38.8,49.4,61.9,62,38.7
Southwest,12/3/1990,36.8,47,60.4,61.3,37.2
Southwest,12/4/1990,36.1,46.7,61.6,62.2,37.3
Southwest,12/5/1990,38.9,49.1,64.5,63,38.1
Southwest,12/6/1990,39.2,49.9,62.8,63.1,38.1
Southwest,12/7/1990,36.3,47.1,62.1,64,38.2
Southwest,12/8/1990,39,49.7,67.2,66,39
Southwest,12/9/1990,41.8,52.6,68.6,67.8,41.1
Southwest,12/10/1990,42.4,53.5,67.5,67.8,42.5
Southwest,12/11/1990,43.4,53.6,67.2,66.4,43.2
Southwest,12/12/1990,43.7,53.3,64.4,65,44.1
Southwest,12/13/1990,45.3,53.8,63.4,62.4,43.4
Southwest,12/14/1990,41.1,49.6,59.5,60.7,42.3
Southwest,12/15/1990,40.4,48.2,59.3,58,41.5
Southwest,12/16/1990,43.1,47.7,55.1,54.6,38.7
Southwest,12/17/1990,32.5,40.7,49.3,51.4,35.3
Southwest,12/18/1990,30.3,38.1,49.8,50.7,31.3
Southwest,12/19/1990,31.1,40.1,53.1,50.6,32.7
Southwest,12/20/1990,36.8,41.6,49,48.2,31.1
Southwest,12/21/1990,25.3,33.1,42.4,42.6,28
Southwest,12/22/1990,22,29.6,36.5,38,21
Southwest,12/23/1990,15.7,24,35.1,38.7,19.5
Southwest,12/24/1990,20.8,28.3,44.4,42.3,20.3
Southwest,12/25/1990,24.3,33.2,47.5,46.9,23.6
Southwest,12/26/1990,25.7,35.1,48.8,48.8,25.7
Southwest,12/27/1990,27.2,36.5,50.2,49.2,30.5
Southwest,12/28/1990,38.7,42,48.7,50.5,34
Southwest,12/29/1990,36,42.5,52.5,50.4,34.7
Southwest,12/30/1990,29.4,39.2,50.1,53,32.2
Southwest,12/31/1990,31.3,40.6,56.5,55.4,31.8
Southwest,1/1/1991,34.7,44.3,59.6,59,34.4
Southwest,1/2/1991,37.1,46.7,61,60.7,37.6
Southwest,1/3/1991,41,49.2,61.6,60.1,41
Southwest,1/4/1991,44.9,49.5,57.6,57.7,43.6
Southwest,1/5/1991,44.9,48.1,54,55.5,44.8
Southwest,1/6/1991,44.5,48.9,55,55.5,43.5
Southwest,1/7/1991,41,48,57.6,56.6,41.8
Southwest,1/8/1991,40,48.1,57.3,56.7,40.4
Southwest,1/9/1991,40.1,47.3,55.1,55.2,39.4
Southwest,1/10/1991,38.2,44.9,53.2,54.6,38.4
Southwest,1/11/1991,36.9,44.6,55.5,56.2,37.6
Southwest,1/12/1991,37.6,46.4,60,59.2,38.2
Southwest,1/13/1991,40.1,48.9,62,61.1,39.4
Southwest,1/14/1991,40.4,49.8,61.3,60.6,39.6
Southwest,1/15/1991,38.4,47,58.6,58.7,39
Southwest,1/16/1991,38.2,46.9,56.3,57.6,38
Southwest,1/17/1991,37.5,45.7,57.8,57.1,37.4
Southwest,1/18/1991,36.5,45.6,57.2,57.6,36.6
Southwest,1/19/1991,35.9,45.7,57.7,57.1,36.6
Southwest,1/20/1991,37.4,46.2,56.3,55.9,36
Southwest,1/21/1991,34.7,42.9,53.6,54.4,35.4
Southwest,1/22/1991,34.1,42.6,53.2,53.4,34.3
Southwest,1/23/1991,34,42.5,53.3,54.1,33.7
Southwest,1/24/1991,33.1,42.7,55.7,55.8,34
Southwest,1/25/1991,34.8,45.1,58.5,58,34.7
Southwest,1/26/1991,36.3,46.2,59.9,59.1,35.9
Southwest,1/27/1991,36.7,46.7,58.9,58.9,36.2
Southwest,1/28/1991,35.6,46,58,57.5,35.4
Southwest,1/29/1991,33.9,43.2,55.5,55.4,33
Southwest,1/30/1991,29.4,38.6,52.8,57.1,32.4
Southwest,1/31/1991,33.9,44.6,63,60.7,34.2
Southwest,2/1/1991,39.3,49.8,66.3,65.6,38.3
Southwest,2/2/1991,41.7,52.5,67.4,66.9,41.4
Southwest,2/3/1991,43.1,54,67,67.4,42.2
Southwest,2/4/1991,41.8,53.4,67.9,68,42.6
Southwest,2/5/1991,43,54.3,69,69.1,42.9
Southwest,2/6/1991,43.8,55.6,70.5,69.2,44
Southwest,2/7/1991,45.2,55.8,68.2,68.4,43.9
Southwest,2/8/1991,42.7,53.7,66.4,68.2,43.7
Southwest,2/9/1991,43.3,54.9,70,69.4,43.7
Southwest,2/10/1991,45.2,57.1,71.9,70.6,45.2
Southwest,2/11/1991,47,57.5,69.9,70.4,46.7
Southwest,2/12/1991,47.8,57.4,69.4,70.2,46.6
Southwest,2/13/1991,45.1,56.6,71.2,71.5,46.7
Southwest,2/14/1991,47.3,58.8,73.8,72.9,46.8
Southwest,2/15/1991,48.1,60.1,73.6,73.1,47.8
Southwest,2/16/1991,48.1,59.6,71.8,71.2,46.6
Southwest,2/17/1991,43.6,54.7,68.1,67,43.6
Southwest,2/18/1991,39,49.3,61.2,62.8,39.6
Southwest,2/19/1991,36.3,46.8,59,62.3,38.3
Southwest,2/20/1991,39.6,50.2,66.7,66,39.8
Southwest,2/21/1991,43.6,55.8,72.2,71,42.9
Southwest,2/22/1991,45.5,58.4,74.2,73,45.9
Southwest,2/23/1991,48.6,59.9,72.7,72.6,46.1
Southwest,2/24/1991,44.1,57.6,70.9,71,45.2
Southwest,2/25/1991,42.9,56,69.4,69.6,43.7
Southwest,2/26/1991,44.1,55.5,68.4,69.1,43.6
Southwest,2/27/1991,43.9,55.4,69.4,68.6,46
Southwest,2/28/1991,50,55.4,68.1,64.3,46.8
Southwest,3/1/1991,46.4,50.4,55.4,60.7,45.7
Southwest,3/2/1991,40.6,48.5,58.5,60,42.6
Southwest,3/3/1991,40.8,51.1,66,65.6,42.4
Southwest,3/4/1991,45.8,56.9,72.2,69.9,45.5
Southwest,3/5/1991,50,60.6,71.4,70.9,46.4
Southwest,3/6/1991,43.3,54.1,69,66.8,43.9
Southwest,3/7/1991,38.4,49.2,59.9,64.1,39.7
Southwest,3/8/1991,37.3,48.9,63.5,64.6,38.9
Southwest,3/9/1991,41.1,53.7,70.5,69,42.5
Southwest,3/10/1991,49.2,59.4,73,71.4,45.3
Southwest,3/11/1991,45.5,56.6,70.7,68.6,44.2
Southwest,3/12/1991,37.9,49,62.1,65.5,41.3
Southwest,3/13/1991,40.6,51.4,63.8,62.8,39.6
Southwest,3/14/1991,40.2,49.6,62.4,60.6,38.9
Southwest,3/15/1991,36,45.7,55.7,56.6,36.7
Southwest,3/16/1991,34,42.4,51.6,56.2,34.9
Southwest,3/17/1991,34.6,45.7,61.3,60.9,36.6
Southwest,3/18/1991,41.1,53.2,69.7,66.6,40.5
Southwest,3/19/1991,45.9,53.8,68.7,66,41.5
Southwest,3/20/1991,37.6,47.9,59.6,61.8,40.4
Southwest,3/21/1991,37.7,45.5,57,57.5,36.4
Southwest,3/22/1991,33.8,43.2,55.9,59.4,36.4
Southwest,3/23/1991,37.7,49.2,65.4,64.4,38.2
Southwest,3/24/1991,43.2,56,71.8,69,42.4
Southwest,3/25/1991,46.3,55.9,69.9,68.4,45.2
Southwest,3/26/1991,46.1,52.1,63.6,62.5,42.7
Southwest,3/27/1991,35.8,45,53.9,57.9,39.3
Southwest,3/28/1991,36,44.5,56.2,57.6,36.3
Southwest,3/29/1991,37.2,48.4,62.6,61.2,37.7
Southwest,3/30/1991,39.8,51.7,64.9,66.8,39.7
Southwest,3/31/1991,42,55.4,72.9,70,43.1
Southwest,4/1/1991,47.4,60,72.1,71.7,44.2
Southwest,4/2/1991,43.1,55.9,70.2,72.9,46.4
Southwest,4/3/1991,48.6,61.1,76.4,75.9,47.7
Southwest,4/4/1991,51.5,65.5,81.1,80.5,51.3
Southwest,4/5/1991,53.9,68.5,83.9,83.6,54.1
Southwest,4/6/1991,57,71.2,85.8,84.5,55.2
Southwest,4/7/1991,54.6,68.6,83.8,82.8,54.2
Southwest,4/8/1991,51.1,65.1,78.7,80.5,52
Southwest,4/9/1991,50.2,64.7,78.9,78.9,50.9
Southwest,4/10/1991,51.5,65.6,79.2,78.4,49.1
Southwest,4/11/1991,45.6,59.4,77.1,73.3,45.4
Southwest,4/12/1991,39,51.8,63.7,69,41.9
Southwest,4/13/1991,41.2,53.7,66.2,67.2,41.3
Southwest,4/14/1991,43.7,56.5,71.6,72,44
Southwest,4/15/1991,47.2,62,78.1,75.9,46.8
Southwest,4/16/1991,49.5,64.4,78.1,77.5,48.7
Southwest,4/17/1991,49.3,63.3,76.3,76.4,49.1
Southwest,4/18/1991,48.6,62,74.9,76.3,48.8
Southwest,4/19/1991,48.4,62.9,77.8,78,49.6
Southwest,4/20/1991,51.7,66.2,81.3,79.8,49.5
Southwest,4/21/1991,48.3,63.4,80.2,78.8,49.1
Southwest,4/22/1991,47.4,61.3,74.9,76.9,48.1
Southwest,4/23/1991,48.6,62.4,75.7,75.5,48.3
Southwest,4/24/1991,48.9,62.8,75.8,75.5,49.2
Southwest,4/25/1991,50.1,63.4,75.1,74.9,48.7
Southwest,4/26/1991,47,60.9,73.9,74.8,48.2
Southwest,4/27/1991,47.5,61.6,75.5,74.5,46.2
Southwest,4/28/1991,44.1,58.3,74.2,75.4,45.5
Southwest,4/29/1991,44.9,59,76.4,76.9,46.5
Southwest,4/30/1991,50.4,64.9,80,79.5,49.1
Southwest,5/1/1991,52,67.4,82.1,80.5,49.8
Southwest,5/2/1991,46.9,60.9,79.5,78,48.3
Southwest,5/3/1991,46.1,59.1,72.5,76.1,46.9
Southwest,5/4/1991,47.7,61.4,76.2,77.2,48.5
Southwest,5/5/1991,51.6,66.3,82.9,82.3,51.7
Southwest,5/6/1991,55.8,71.4,87.8,86.6,55.3
Southwest,5/7/1991,58.6,74.2,89.2,88.6,58.3
Southwest,5/8/1991,60.4,75.1,88.9,88.3,59.5
Southwest,5/9/1991,59.5,73.3,86.9,86.1,56.7
Southwest,5/10/1991,50.1,64.8,82.4,82.1,52.7
Southwest,5/11/1991,48.4,62.6,76.9,80.5,49.8
Southwest,5/12/1991,50.8,65.5,82.1,81.8,51.7
Southwest,5/13/1991,55.9,70.9,86.4,84.6,54
Southwest,5/14/1991,55.2,69.4,85.4,84.4,54.6
Southwest,5/15/1991,52.6,67,81.5,84,54
Southwest,5/16/1991,54.3,69.3,85,84.2,54.5
Southwest,5/17/1991,56.7,72.1,86.1,85.2,55.6
Southwest,5/18/1991,55.8,70.6,84.6,85.5,55.9
Southwest,5/19/1991,55.1,70.4,85.9,85.2,55.8
Southwest,5/20/1991,56.6,71.1,85.2,84.8,55.8
Southwest,5/21/1991,55.7,69.4,83.3,83.4,55.1
Southwest,5/22/1991,52.9,67.2,81.8,83.8,55.2
Southwest,5/23/1991,57.1,71.5,86.2,86.1,56.9
Southwest,5/24/1991,60.6,75.3,90.2,89.7,60.3
Southwest,5/25/1991,63.2,78.4,92.8,91.5,61.6
Southwest,5/26/1991,60.9,77.3,91.5,91.4,61
Southwest,5/27/1991,58.8,74.6,89.8,89.6,59.4
Southwest,5/28/1991,58.6,73.6,87.5,88.3,58.3
Southwest,5/29/1991,57.5,73.5,87.5,87.2,57.7
Southwest,5/30/1991,56.9,72.1,86.5,86,55.6
Southwest,5/31/1991,52.5,66.4,84.1,82,54.3
Southwest,6/1/1991,53.5,65.4,75.5,79.9,53.5
Southwest,6/2/1991,54.6,66.8,80.1,80.8,55.4
Southwest,6/3/1991,58.1,71.7,86.8,86.4,58.4
Southwest,6/4/1991,62.6,77.3,92.2,90.1,61.1
Southwest,6/5/1991,62.5,78,91.2,91,61.6
Southwest,6/6/1991,59.6,75.1,89.7,91.7,61.2
Southwest,6/7/1991,61.5,77.8,94.3,93.2,61.7
Southwest,6/8/1991,63.9,80.3,95.6,94.6,63.2
Southwest,6/9/1991,64.3,79.7,94,93.9,64.7
Southwest,6/10/1991,65.8,78.6,92,91.6,65.6
Southwest,6/11/1991,66.7,78.2,88.7,89.4,66
Southwest,6/12/1991,65.5,77,87.6,88.7,65.9
Southwest,6/13/1991,65.4,77.8,89.9,88.6,64
Southwest,6/14/1991,61.2,75.7,88.2,89.7,62.2
Southwest,6/15/1991,60.1,75.6,91.1,91.2,61.6
Southwest,6/16/1991,63.5,79.3,94.4,94.6,63.2
Southwest,6/17/1991,66.1,82.3,98.2,97.7,66
Southwest,6/18/1991,68.4,84.9,100.5,99.2,67.2
Southwest,6/19/1991,67.2,83.3,98.8,97.9,66.4
Southwest,6/20/1991,63.7,79.7,94.5,95.6,64.4
Southwest,6/21/1991,62.2,78.7,93.5,93.8,62.5
Southwest,6/22/1991,61.6,78.3,93.3,93.8,62
Southwest,6/23/1991,62.2,79,94.7,94.5,62.5
Southwest,6/24/1991,63.7,80.1,95.4,94.9,63.1
Southwest,6/25/1991,63.3,79.3,94.7,94.3,63.5
Southwest,6/26/1991,63.6,79.1,92.9,93.3,63.8
Southwest,6/27/1991,64.5,79,92.2,92.1,63.7
Southwest,6/28/1991,63.1,77.6,91.2,92.1,64.6
Southwest,6/29/1991,66.2,79.5,92.9,93.6,65.5
Southwest,6/30/1991,67.3,81.6,96.6,96.8,67.8
Southwest,7/1/1991,69.8,85.4,100.9,99.8,69.7
Southwest,7/2/1991,72,87.2,101.9,101.2,71
Southwest,7/3/1991,71.2,86.1,100.7,100.8,71.2
Southwest,7/4/1991,70.5,85.6,99.9,100.1,70.9
Southwest,7/5/1991,71.1,85.9,99.8,99.3,71.3
Southwest,7/6/1991,72.2,83.6,98.1,97.4,72
Southwest,7/7/1991,72.7,83.1,94.3,95.8,72
Southwest,7/8/1991,71.1,83.6,94.9,94.6,71.5
Southwest,7/9/1991,70.8,83.4,94.5,94.4,71
Southwest,7/10/1991,71.2,82.4,93.7,94.6,70.6
Southwest,7/11/1991,69.8,82.8,95.6,95.4,70.4
Southwest,7/12/1991,70.1,83.8,96.8,96.2,70.5
Southwest,7/13/1991,71.7,84.5,96.3,96.1,71.3
Southwest,7/14/1991,72.1,84.1,95.2,95.1,72.2
Southwest,7/15/1991,72.7,83.3,93.7,94.8,73.1
Southwest,7/16/1991,74.6,84.7,95.5,95.5,73.2
Southwest,7/17/1991,72.4,85.2,97.4,96.4,73.5
Southwest,7/18/1991,73.4,85.1,96.4,96.4,72.3
Southwest,7/19/1991,71.1,82.4,95.4,94.6,71.5
Southwest,7/20/1991,70.1,81.1,92.1,93.2,69.5
Southwest,7/21/1991,67.3,79.8,92.2,93,68.8
Southwest,7/22/1991,69.1,81.3,94.8,94.1,68.8
Southwest,7/23/1991,70.1,83,95.4,95,69.5
Southwest,7/24/1991,69.2,82.4,94.7,94.5,69.4
Southwest,7/25/1991,68.9,81.8,93.5,94.1,69
Southwest,7/26/1991,69,81.5,94.2,94.9,69.2
Southwest,7/27/1991,69.7,82.8,97,97.2,70.3
Southwest,7/28/1991,72.3,86,100.4,99,72.3
Southwest,7/29/1991,74.9,86.9,99.7,98.1,73.3
Southwest,7/30/1991,72.6,80.8,94.3,95.9,72.9
Southwest,7/31/1991,71.1,81,93.7,94.3,72
Southwest,8/1/1991,72.3,84,94.8,95,72
Southwest,8/2/1991,72.7,85.1,96.6,95.6,72.2
Southwest,8/3/1991,71.7,84.2,95.3,95.3,72
Southwest,8/4/1991,71.5,82.9,94,94.2,70.5
Southwest,8/5/1991,68.4,81.2,93.4,93.6,69.2
Southwest,8/6/1991,67.6,80.8,93.5,94.4,67.9
Southwest,8/7/1991,67.8,81.6,96.3,96.7,69.1
Southwest,8/8/1991,71.8,85.5,100.3,98.6,71.3
Southwest,8/9/1991,74.4,86.8,99.3,97.7,72.8
Southwest,8/10/1991,72.1,81.8,93.6,93.6,71.9
Southwest,8/11/1991,69.3,77.8,87.9,91.3,70.4
Southwest,8/12/1991,69.7,80.5,92.5,92.4,70.4
Southwest,8/13/1991,72.3,84.1,96.7,95.1,71.7
Southwest,8/14/1991,73,84.9,96.1,95.8,73.4
Southwest,8/15/1991,75,84.5,94.7,94.3,74.3
Southwest,8/16/1991,74.9,83.7,92,94,74.7
Southwest,8/17/1991,74.2,84.3,95.4,94.1,74
Southwest,8/18/1991,73,84.4,94.8,94.7,73.4
Southwest,8/19/1991,73,83.2,93.8,94.2,73.1
Southwest,8/20/1991,73.2,83.6,94.1,93.5,74
Southwest,8/21/1991,75.9,84.2,92.6,92.8,74.6
Southwest,8/22/1991,74.6,83,91.8,92.5,75
Southwest,8/23/1991,74.4,84,93.2,92.9,74.2
Southwest,8/24/1991,73.7,83.9,93.7,93.9,73.8
Southwest,8/25/1991,73.2,84.2,94.8,93.8,73.5
Southwest,8/26/1991,73.5,83.8,93,92.7,73.3
Southwest,8/27/1991,73.1,81,90.3,91.7,71.5
Southwest,8/28/1991,68,79.2,91.7,92.7,70.2
Southwest,8/29/1991,69.5,82.2,96,94.2,70.7
Southwest,8/30/1991,74.7,84.7,95,94.8,73.3
Southwest,8/31/1991,75.6,84.2,93.5,92.9,74.3
Southwest,9/1/1991,72.5,80.6,90.1,91.9,73.6
Southwest,9/2/1991,72.7,82,92,92.6,72.3
Southwest,9/3/1991,71.8,82.8,95.6,94.2,72.5
Southwest,9/4/1991,72.9,84.2,94.9,94.7,72.2
Southwest,9/5/1991,71.8,81.2,93.6,91.5,71
Southwest,9/6/1991,68.3,76.8,85.9,90,69.5
Southwest,9/7/1991,68.3,78.3,90.5,89.8,68.3
Southwest,9/8/1991,68.3,80.4,93,91.7,68.2
Southwest,9/9/1991,67.9,78.5,91.5,90.1,67.2
Southwest,9/10/1991,65.3,74.7,85.7,87.7,66
Southwest,9/11/1991,64.7,74.2,86,85.9,64.1
Southwest,9/12/1991,62.3,74.4,85.9,85.8,63.2
Southwest,9/13/1991,62.5,74,85.6,86.1,62.5
Southwest,9/14/1991,62.6,74.2,86.9,86.8,62.8
Southwest,9/15/1991,63.4,75.2,87.9,88.9,63.6
Southwest,9/16/1991,64.9,77.3,91.9,90.3,65
Southwest,9/17/1991,66.7,79,91.1,90.5,66.3
Southwest,9/18/1991,67.2,76.3,88.6,87.5,66.5
Southwest,9/19/1991,65.7,73.7,82.7,84.7,65.3
Southwest,9/20/1991,62.9,72.2,82.8,82.6,64.1
Southwest,9/21/1991,63.7,73,82.2,83.3,63.8
Southwest,9/22/1991,64.7,74.2,85,85.6,64.9
Southwest,9/23/1991,66.2,76.8,89.7,89.3,66
Southwest,9/24/1991,67.2,79.6,93.2,92.5,67.2
Southwest,9/25/1991,68.1,80.9,94.7,93.9,68
Southwest,9/26/1991,68.6,81.2,93.7,93.2,68.7
Southwest,9/27/1991,69.3,79,91.1,90.3,68.1
Southwest,9/28/1991,66.4,76,86.1,87.8,67
Southwest,9/29/1991,65.3,75,86.3,87.5,65.9
Southwest,9/30/1991,66.1,77,90,89.1,65.9
Southwest,10/1/1991,66.2,78.1,91,91.5,66.2
Southwest,10/2/1991,66.3,78.9,93.4,92.6,66.3
Southwest,10/3/1991,66.3,79.3,93.4,92.5,65.4
Southwest,10/4/1991,63.7,77,90.6,90.9,64.1
Southwest,10/5/1991,62.3,75,88.8,90.3,63.1
Southwest,10/6/1991,63.2,76,91.5,91.1,63.5
Southwest,10/7/1991,65.1,78.2,93.1,92.2,64.6
Southwest,10/8/1991,65.6,78.4,92.1,92.9,65.9
Southwest,10/9/1991,67.1,79.1,93.4,93.1,66.5
Southwest,10/10/1991,66.9,79.7,93.8,93.1,66.3
Southwest,10/11/1991,64.9,77.8,92,91.5,65.4
Southwest,10/12/1991,64.4,76.1,88.8,90,64.4
Southwest,10/13/1991,63.9,75.2,89.1,89.5,64.1
Southwest,10/14/1991,63.9,76.1,90.5,90.6,63.8
Southwest,10/15/1991,63.7,76.6,92.1,91.4,63.6
Southwest,10/16/1991,63.3,76.8,91.7,91.3,63.3
Southwest,10/17/1991,62.9,75.9,90.2,91,63.1
Southwest,10/18/1991,63.1,75.7,91.1,90.4,62.9
Southwest,10/19/1991,62.7,75.5,89.9,89.4,62.4
Southwest,10/20/1991,61.4,74,87.3,86.7,62.2
Southwest,10/21/1991,62.5,71.5,82.8,82.2,60.1
Southwest,10/22/1991,56.5,66.7,76.5,77.2,57.8
Southwest,10/23/1991,54.4,62.5,72.3,73.4,54.2
Southwest,10/24/1991,51.7,60.9,71.4,71.4,51.8
Southwest,10/25/1991,49.3,59.6,70.6,71.1,49.9
Southwest,10/26/1991,48.8,59.3,71.3,70,49.1
Southwest,10/27/1991,49.3,56.8,68.1,66.5,46.2
Southwest,10/28/1991,40.5,50.4,60.2,63.2,42.2
Southwest,10/29/1991,36.8,47.3,61.3,60.1,39.8
Southwest,10/30/1991,42,50.4,58.7,58.7,37.9
Southwest,10/31/1991,34.8,44.8,56,59.4,38.3
Southwest,11/1/1991,38.2,48.2,63.4,62.2,38.4
Southwest,11/2/1991,42.3,53.1,67.3,66.2,41.5
Southwest,11/3/1991,44,54.9,67.9,68.1,43.8
Southwest,11/4/1991,45.1,55.9,69.2,70.1,45.5
Southwest,11/5/1991,47.5,58.3,73.2,73.2,47.9
Southwest,11/6/1991,51,62.1,77.1,76.7,50.7
Southwest,11/7/1991,53.7,65.1,79.7,78.5,53
Southwest,11/8/1991,54.2,65.5,78.8,78.6,54
Southwest,11/9/1991,54.2,64.6,77.4,76.1,55.4
Southwest,11/10/1991,57.7,64.4,72.2,72,54.6
Southwest,11/11/1991,51.8,58.4,66.5,69.8,53.3
Southwest,11/12/1991,50.4,58.8,70.8,69.5,51.1
Southwest,11/13/1991,51.1,60,71.3,69.9,51
Southwest,11/14/1991,51.6,59.4,67.7,67.4,49.4
Southwest,11/15/1991,45.4,51.8,63.3,61.7,45
Southwest,11/16/1991,38,45.7,54,59,40.5
Southwest,11/17/1991,38.1,46.8,59.6,57.6,39.2
Southwest,11/18/1991,41.4,49.4,59.3,59.3,39.3
Southwest,11/19/1991,38.4,47.6,59.1,60.1,39.5
Southwest,11/20/1991,38.7,48.2,61.9,62.6,39.8
Southwest,11/21/1991,42.2,52,66.7,64.5,41.2
Southwest,11/22/1991,42.8,53.6,65,63.5,40.6
Southwest,11/23/1991,36.8,47.9,58.8,62.3,38.9
Southwest,11/24/1991,37.2,47,63,63.1,38.9
Southwest,11/25/1991,42.8,52.4,67.6,66.6,41.5
Southwest,11/26/1991,44.6,55.1,69.2,68.8,44.3
Southwest,11/27/1991,45.4,56,69.7,67.4,44.9
Southwest,11/28/1991,44.8,52.8,63.3,61.7,41.1
Southwest,11/29/1991,33.1,42.8,52.1,54.5,37.5
Southwest,11/30/1991,34.7,41.3,48,48.3,32.6
Southwest,12/1/1991,29.9,37.2,44.9,46.5,30.8
Southwest,12/2/1991,27.9,35.7,46.6,48.3,29.3
Southwest,12/3/1991,30,38.6,53.3,53.2,30.8
Southwest,12/4/1991,34.4,43.6,59.7,58.6,34.8
Southwest,12/5/1991,40.1,48.8,62.9,62.1,38.8
Southwest,12/6/1991,41.9,50.9,63.8,63.3,41.4
Southwest,12/7/1991,42.2,51.6,63.3,63.6,41.9
Southwest,12/8/1991,41.6,51.1,63.6,64,42.6
Southwest,12/9/1991,44,52.6,65.2,63.1,44.9
Southwest,12/10/1991,49,54.4,60.5,60.9,46.4
Southwest,12/11/1991,46.3,51,57.1,57.8,46.3
Southwest,12/12/1991,43.7,48.8,55.7,56.9,42.9
Southwest,12/13/1991,38.7,46.8,57.9,58.4,40.2
Southwest,12/14/1991,38.1,47.6,61.5,61,38.6
Southwest,12/15/1991,39.1,48.6,63.6,63.3,40.2
Southwest,12/16/1991,43.5,51.7,64.9,63.8,42.9
Southwest,12/17/1991,46.2,53.8,62.8,62.2,45.9
Southwest,12/18/1991,48,51.9,59,58.1,47.2
Southwest,12/19/1991,47.4,49.5,52.6,54.8,45
Southwest,12/20/1991,39.7,45.2,52.9,52.9,42.9
Southwest,12/21/1991,41.5,46.4,53.1,52.9,40.6
Southwest,12/22/1991,40.7,45.8,52.8,53.7,40
Southwest,12/23/1991,37.9,45.3,55.3,55.1,38.9
Southwest,12/24/1991,38.2,46.1,57.3,55.9,38.5
Southwest,12/25/1991,39.3,46.3,55,55.6,38.6
Southwest,12/26/1991,38.2,45.4,54.6,55.7,38.5
Southwest,12/27/1991,37.9,45.8,57.4,56,38.4
Southwest,12/28/1991,39.1,46.2,56,56.4,39.3
Southwest,12/29/1991,41,47.4,55.9,55.2,40.4
Southwest,12/30/1991,41,46.3,53.6,54.3,39.7
Southwest,12/31/1991,37.1,44.4,53.4,54.4,37.9
Southwest,1/1/1992,35.5,43.9,56.1,55.5,35.9
Southwest,1/2/1992,35.2,43.8,57,55.1,37.5
Southwest,1/3/1992,41.7,45.1,52.2,54.5,40.6
Southwest,1/4/1992,44.9,47.6,54.2,54.7,43.7
Southwest,1/5/1992,44.4,49.1,57.7,55.5,44.5
Southwest,1/6/1992,44.1,48.1,54.7,53.4,41
Southwest,1/7/1992,34.4,40.7,47.8,51.2,37.3
Southwest,1/8/1992,33.5,40.9,51.2,51.8,34
Southwest,1/9/1992,34,42.5,56.3,55.9,35.1
Southwest,1/10/1992,37.7,46,60.2,57.4,37.6
Southwest,1/11/1992,41.1,46.8,55.8,55.5,38.7
Southwest,1/12/1992,37.3,43,50.4,51.3,36.5
Southwest,1/13/1992,31.1,37.7,47.7,49.4,33.2
Southwest,1/14/1992,31.2,38.8,50.2,49.8,31.6
Southwest,1/15/1992,32.4,40.4,51.4,51.3,31.4
Southwest,1/16/1992,30.5,38.9,52.3,53,32.1
Southwest,1/17/1992,33.4,42,55.3,54.2,33.1
Southwest,1/18/1992,35.3,43.6,55,54.8,34.7
Southwest,1/19/1992,35.5,43.6,54,54.1,35.9
Southwest,1/20/1992,36.9,43.9,53.2,54.1,37
Southwest,1/21/1992,38.6,45.6,55.2,54.6,37
Southwest,1/22/1992,35.4,43.9,55.5,56.3,36.5
Southwest,1/23/1992,35.5,45,58.2,58.9,36.5
Southwest,1/24/1992,38.6,47.8,63,62.5,38.8
Southwest,1/25/1992,42.4,51.9,66.2,64.2,41.2
Southwest,1/26/1992,42.7,52.2,63.4,64,42.6
Southwest,1/27/1992,42.7,51.2,62.3,63.5,42.5
Southwest,1/28/1992,42,52,64.7,64,42.1
Southwest,1/29/1992,41.6,51.9,65,65,41.9
Southwest,1/30/1992,42.2,52.4,65.2,65.7,42.2
Southwest,1/31/1992,42.9,53.4,66.9,65.9,43.2
Southwest,2/1/1992,44.4,54.2,65.7,65.3,44
Southwest,2/2/1992,44.6,52.9,63.2,63.4,44.2
Southwest,2/3/1992,43.6,51.7,61.3,62.1,44
Southwest,2/4/1992,43.8,52.2,61.9,62.1,43.5
Southwest,2/5/1992,43.2,52.2,63.1,62.2,44.1
Southwest,2/6/1992,45.4,53,61.5,60.7,45.4
Southwest,2/7/1992,47.6,51.2,57.6,59.4,46.3
Southwest,2/8/1992,45.9,50.8,59,59.6,45.5
Southwest,2/9/1992,42.9,51.4,62.2,60.6,44.7
Southwest,2/10/1992,45.3,50.5,60.6,60.9,44.7
Southwest,2/11/1992,45.8,50.9,60,60.4,44.7
Southwest,2/12/1992,43,51,60.7,59.9,45.2
Southwest,2/13/1992,46.8,51.2,59.1,59.1,43.1
Southwest,2/14/1992,39.5,47.9,57.4,58.3,42.2
Southwest,2/15/1992,40.4,48.6,58.5,57.5,40
Southwest,2/16/1992,40.1,47.1,56.6,56.8,39.1
Southwest,2/17/1992,36.7,45.1,55.2,56.9,38.6
Southwest,2/18/1992,39.1,47.8,59,59.3,39
Southwest,2/19/1992,41.1,50.8,63.6,63.1,41.5
Southwest,2/20/1992,44.3,54,66.7,66.4,44
Southwest,2/21/1992,46.5,56.6,68.8,68.2,45.7
Southwest,2/22/1992,46.2,57,69,68.5,45.9
Southwest,2/23/1992,45,55.9,67.7,66.7,44
Southwest,2/24/1992,40.9,51.4,63.5,65.8,42.7
Southwest,2/25/1992,42.3,52.9,66.3,64.9,42.2
Southwest,2/26/1992,43.3,54,65,66.5,42.8
Southwest,2/27/1992,42.8,54.1,68.3,68.2,43.8
Southwest,2/28/1992,45.3,57.1,71.3,71,45.2
Southwest,2/29/1992,47.6,59.5,73.3,72.1,47.3
Southwest,3/1/1992,49.1,59.8,71.7,71.3,48.9
Southwest,3/2/1992,50.1,56.5,68.8,65.8,48.5
Southwest,3/3/1992,46.2,51.3,56.8,61.9,46
Southwest,3/4/1992,41.7,49.6,60.1,59.8,43.5
Southwest,3/5/1992,42.7,51.6,62.6,63,42.8
Southwest,3/6/1992,44,54.2,66.4,64.8,43.7
Southwest,3/7/1992,44.4,54.8,65.5,62.7,43.5
Southwest,3/8/1992,42,48.4,56.2,58.9,42.3
Southwest,3/9/1992,40.4,47.1,55.1,57.7,40.6
Southwest,3/10/1992,39.3,48.9,61.8,61,40.7
Southwest,3/11/1992,42.4,53.1,66.2,65.9,42.2
Southwest,3/12/1992,44.8,56,69.6,69.5,44.9
Southwest,3/13/1992,47.4,59.3,72.7,72.3,47.1
Southwest,3/14/1992,49.1,61.1,74.5,73.8,48.5
Southwest,3/15/1992,49,61.4,74.2,73.7,48.8
Southwest,3/16/1992,48.2,60,72.5,72.1,47.5
Southwest,3/17/1992,45.4,56.5,69.6,68.9,45.4
Southwest,3/18/1992,42.6,53.6,64.6,67.7,43.7
Southwest,3/19/1992,43.1,55,69,69.1,44
Southwest,3/20/1992,46.4,59,73.8,71.4,45.9
Southwest,3/21/1992,48.3,57.3,71.5,70.4,46.3
Southwest,3/22/1992,44.1,54.6,66,67.9,45.9
Southwest,3/23/1992,45.3,55.8,66.2,66.8,44.6
Southwest,3/24/1992,44.5,55.4,68.2,69.9,45.4
Southwest,3/25/1992,46.5,59.7,75.4,72.8,47.2
Southwest,3/26/1992,50.7,62.7,74.8,74.3,49.5
Southwest,3/27/1992,51.2,58.4,72.7,70.5,50.2
Southwest,3/28/1992,48.7,54.5,64,68.1,49.1
Southwest,3/29/1992,47.5,56.7,67.6,67.4,48.5
Southwest,3/30/1992,49.3,59.6,70.5,68.7,48.1
Southwest,3/31/1992,47.6,56.7,68.1,67.6,47.9
Southwest,4/1/1992,46.8,55.9,64.2,64.8,46.9
Southwest,4/2/1992,46.2,52.6,62.2,65.6,46.4
Southwest,4/3/1992,46.3,56.9,70.4,68.6,47.3
Southwest,4/4/1992,49.5,60.8,73.3,72.3,48.5
Southwest,4/5/1992,49.7,61.5,73.1,73.5,49.2
Southwest,4/6/1992,48.5,60.9,74.2,75.1,49.8
Southwest,4/7/1992,51.3,64.1,78.1,77.3,51.2
Southwest,4/8/1992,53.7,66.5,79.7,79.2,53
Southwest,4/9/1992,54,66.8,79.9,80.3,54
Southwest,4/10/1992,54.3,67.6,81.3,81.3,54.2
Southwest,4/11/1992,54.4,68.6,82.8,83.2,55.1
Southwest,4/12/1992,56.6,70.7,85.4,84,56
Southwest,4/13/1992,57.1,70.9,83.9,83.7,56.3
Southwest,4/14/1992,55.2,68.2,81.8,81.2,55.2
Southwest,4/15/1992,53.3,66,77.9,78.8,54
Southwest,4/16/1992,53.4,65.1,76.6,78.6,53.7
Southwest,4/17/1992,54.5,67.2,81.2,79.4,54.5
Southwest,4/18/1992,55.7,68.4,80.3,79.9,52.9
Southwest,4/19/1992,48.6,62.7,78.2,78.1,51.1
Southwest,4/20/1992,49,62.1,75.7,77.8,49.7
Southwest,4/21/1992,51.4,65.2,79.5,78.9,51.3
Southwest,4/22/1992,53.4,67.6,81.5,82.1,53
Southwest,4/23/1992,54.1,69.3,85.3,85,55.2
Southwest,4/24/1992,58.2,73.1,88.1,87.3,57.4
Southwest,4/25/1992,59.8,74.5,88.6,89.3,59.3
Southwest,4/26/1992,59.9,75.2,91.1,91.1,60.8
Southwest,4/27/1992,62.7,77.9,93.5,93.1,62.3
Southwest,4/28/1992,64.3,79.7,94.8,94.2,64.1
Southwest,4/29/1992,65.3,80.5,94.4,94,64.9
Southwest,4/30/1992,65.1,79.3,92.8,93,64.4
Southwest,5/1/1992,62.8,77.7,91.7,91.8,64.1
Southwest,5/2/1992,64.3,78.1,90.8,90.5,63.2
Southwest,5/3/1992,62.5,75.7,89,88.6,62.8
Southwest,5/4/1992,61.5,74.2,86.1,86.6,61.7
Southwest,5/5/1992,61.1,72.7,84.8,84.6,60.6
Southwest,5/6/1992,59.3,70.8,82.9,83.6,59.4
Southwest,5/7/1992,57.7,70.5,83.1,83.5,58.7
Southwest,5/8/1992,59.1,71.9,84.6,83.8,58.6
Southwest,5/9/1992,58.9,71.6,83.6,83.1,59
Southwest,5/10/1992,58.9,69.9,81.2,83,58.6
Southwest,5/11/1992,57.9,70.7,84.3,84.3,58.8
Southwest,5/12/1992,59.6,73.6,87.5,87.4,59.9
Southwest,5/13/1992,62.2,76.4,90.5,89.5,61.7
Southwest,5/14/1992,63.3,77.4,90.5,90.2,62.7
Southwest,5/15/1992,62.7,76.9,89.6,89.9,62.5
Southwest,5/16/1992,61.4,75.8,89.5,89.8,62.1
Southwest,5/17/1992,62.3,76.5,90.3,90.5,62.5
Southwest,5/18/1992,63.8,77.8,91.8,90.9,64.1
Southwest,5/19/1992,66.3,77.7,90.7,89.1,64.3
Southwest,5/20/1992,62.7,73.4,84.8,85.3,61.8
Southwest,5/21/1992,56.3,69,80.3,81.5,57.6
Southwest,5/22/1992,53.8,67.2,79.4,79.5,55.5
Southwest,5/23/1992,56.3,68.1,78.9,79,55.6
Southwest,5/24/1992,56.7,68.1,78.6,79.7,57.5
Southwest,5/25/1992,59.4,70.3,81.5,81.5,59.5
Southwest,5/26/1992,62.5,73.1,84.3,83.6,61.1
Southwest,5/27/1992,61.5,73.7,84.9,85,61.4
Southwest,5/28/1992,60.3,73.3,85.8,85.2,61
Southwest,5/29/1992,61.3,73.4,85,85.8,61
Southwest,5/30/1992,61.3,73.7,86.5,86.8,61.8
Southwest,5/31/1992,62.9,75.7,89,88.9,62.5
Southwest,6/1/1992,63.2,77.3,91.3,91.1,63.1
Southwest,6/2/1992,63.2,78.1,93.1,93.2,64.4
Southwest,6/3/1992,66.7,81,95.2,94.8,65.8
Southwest,6/4/1992,67.4,82.2,96.2,95.6,67
Southwest,6/5/1992,66.9,81.8,95.4,94.7,65.9
Southwest,6/6/1992,63.3,78.1,92.4,92,64
Southwest,6/7/1992,61.7,75.2,88.3,88.6,61.2
Southwest,6/8/1992,58.6,72,85.1,87.8,60.7
Southwest,6/9/1992,61.9,75.6,89.9,88.8,61.4
Southwest,6/10/1992,63.7,78.1,91.5,91.1,63
Southwest,6/11/1992,63.3,78.4,91.9,91.7,63.1
Southwest,6/12/1992,62.4,78,91.7,91.6,62.5
Southwest,6/13/1992,61.7,77.2,91.1,90.7,61.3
Southwest,6/14/1992,59.9,75.4,89.4,89.1,59.6
Southwest,6/15/1992,57.2,72.3,86.9,87.8,58.3
Southwest,6/16/1992,57.8,72.9,87.1,88.8,58.5
Southwest,6/17/1992,60.5,76,92.5,92.2,61.1
Southwest,6/18/1992,65,80.9,96.9,95.8,64.4
Southwest,6/19/1992,67.6,83.3,97.9,97.3,66.5
Southwest,6/20/1992,67,83.3,97,97.8,67.9
Southwest,6/21/1992,69.2,84.2,98.4,97.9,69.9
Southwest,6/22/1992,73.5,85.7,98.2,98.1,72.1
Southwest,6/23/1992,73.5,86.1,97.6,98,73.1
Southwest,6/24/1992,72.3,85.9,98.3,97.8,72.6
Southwest,6/25/1992,72,85,97.6,97.3,70.9
Southwest,6/26/1992,68.3,83.2,95.9,96.9,69.3
Southwest,6/27/1992,67.6,83,97.2,97.1,68.1
Southwest,6/28/1992,68.3,83.8,98.1,97.7,68.5
Southwest,6/29/1992,69.6,84.4,97.9,97.6,68.5
Southwest,6/30/1992,67.5,82,96.8,95.7,66.8
Southwest,7/1/1992,63.4,77.9,92.3,93.8,64.4
Southwest,7/2/1992,62.3,77.1,92.2,94.1,64.2
Southwest,7/3/1992,66.9,81.4,97.7,96.7,66.7
Southwest,7/4/1992,70.9,85.6,100.1,100.2,70.5
Southwest,7/5/1992,73.6,88.3,102.9,101.7,72.7
Southwest,7/6/1992,73.6,88.1,102.2,101,73.5
Southwest,7/7/1992,73.4,83.8,97.8,98.5,73.3
Southwest,7/8/1992,73,84.1,95.4,96.4,73.1
Southwest,7/9/1992,72.8,84.6,95.9,95.4,73.1
Southwest,7/10/1992,73.5,84.8,95,94.8,72.4
Southwest,7/11/1992,70.9,82,93.4,93,69.9
Southwest,7/12/1992,65.2,78.3,90.5,92.6,67.6
Southwest,7/13/1992,66.6,80.1,93.8,93.5,66.9
Southwest,7/14/1992,69,82.8,96.3,96.3,68.9
Southwest,7/15/1992,71.2,85,98.7,98.5,70.9
Southwest,7/16/1992,72.5,86.7,100.5,100.1,72.3
Southwest,7/17/1992,73.2,87.6,101,100.9,73.2
Southwest,7/18/1992,74,88.1,101.3,100.7,73.3
Southwest,7/19/1992,72.6,86.4,99.7,99.9,72.6
Southwest,7/20/1992,71.2,85.6,98.7,98.7,71.6
Southwest,7/21/1992,71,84.4,97.8,97.2,71
Southwest,7/22/1992,70.7,83.1,95.2,95.6,71
Southwest,7/23/1992,71.3,82.6,93.9,93.7,71
Southwest,7/24/1992,70.9,80.2,92,92.3,70.8
Southwest,7/25/1992,70.1,79.1,91,93.2,70.9
Southwest,7/26/1992,71.7,83.2,96.6,95.3,71.7
Southwest,7/27/1992,73.2,86.2,98.3,97.6,73.3
Southwest,7/28/1992,75.1,87.1,97.9,97.7,74.4
Southwest,7/29/1992,74.8,86,96.8,96.1,74.7
Southwest,7/30/1992,74.3,84.3,93.5,94.5,74.5
Southwest,7/31/1992,74.3,83.4,93.1,92.8,74.2
Southwest,8/1/1992,74,83.9,91.9,94.2,74
Southwest,8/2/1992,73.6,84.7,97.6,95.6,73.9
Southwest,8/3/1992,74.1,86.1,97.2,96.4,73.4
Southwest,8/4/1992,72.6,82.6,94.3,94,73
Southwest,8/5/1992,72.2,81.5,90.4,92.1,72
Southwest,8/6/1992,71.3,81.1,91.7,91.3,71.6
Southwest,8/7/1992,71.3,82,91.7,92.3,71.8
Southwest,8/8/1992,72.8,83.5,93.6,94.1,72.7
Southwest,8/9/1992,74,85.3,97,95.8,74.1
Southwest,8/10/1992,75.5,86.9,96.9,97.7,75.5
Southwest,8/11/1992,77,88.2,99.3,97.5,76
Southwest,8/12/1992,75.5,84.9,96.3,96.4,75.6
Southwest,8/13/1992,74.4,83.9,93.7,96,74.8
Southwest,8/14/1992,74.4,85.2,98,96.4,74.9
Southwest,8/15/1992,76,87.3,97.5,98.3,75.6
Southwest,8/16/1992,76.3,87.8,99.3,98.9,76.3
Southwest,8/17/1992,76.5,88.3,99.8,100,76.3
Southwest,8/18/1992,76.2,88.1,100.8,100.2,76.1
Southwest,8/19/1992,75.5,88,100,100,75.7
Southwest,8/20/1992,75.3,87.1,99.1,98.1,75.4
Southwest,8/21/1992,75.5,85.1,95.3,93.8,74
Southwest,8/22/1992,71.3,79.9,86.9,88.6,72.2
Southwest,8/23/1992,69.8,75,83.7,84.8,68.7
Southwest,8/24/1992,64.9,72.3,83.7,85,66.6
Southwest,8/25/1992,65.2,75.6,87.7,87.6,65.6
Southwest,8/26/1992,66.6,78.3,91.3,91.1,66.6
Southwest,8/27/1992,68.1,80.8,94.2,93.1,68.2
Southwest,8/28/1992,69.8,81.9,93.8,93.4,69.9
Southwest,8/29/1992,71.7,80.7,92.3,91.8,70
Southwest,8/30/1992,68.4,78,89.2,89.9,68.7
Southwest,8/31/1992,66,77.2,88.3,88.7,65.6
Southwest,9/1/1992,62.4,75.3,88.5,89,64.5
Southwest,9/2/1992,65,77.4,90.1,90.4,64.6
Southwest,9/3/1992,66.5,79.3,92.7,91.5,65.5
Southwest,9/4/1992,65,78.9,91.6,91.9,65.2
Southwest,9/5/1992,64,77.7,91.4,92,64.5
Southwest,9/6/1992,64.4,78.7,92.9,93,64.8
Southwest,9/7/1992,66.1,80.1,94.8,94.5,66.1
Southwest,9/8/1992,67.8,81.7,95.7,95.2,67.2
Southwest,9/9/1992,67.7,81.5,95.1,95.3,67.5
Southwest,9/10/1992,67.1,81,95.2,95.3,67.6
Southwest,9/11/1992,68.1,81.5,95.6,95.1,68.3
Southwest,9/12/1992,69.7,82.2,94.6,94.3,69.5
Southwest,9/13/1992,70.8,81.3,92.8,92.5,70.1
Southwest,9/14/1992,69.9,80.2,90,90.9,69.8
Southwest,9/15/1992,68.6,79.3,89.9,90.6,69.5
Southwest,9/16/1992,69.9,80.4,91.8,92.3,70.1
Southwest,9/17/1992,71.8,82.7,95.1,94.1,70.8
Southwest,9/18/1992,70.6,83.1,95.4,94.3,71.3
Southwest,9/19/1992,71.6,79.7,92.5,91.1,69.9
Southwest,9/20/1992,67.4,75.2,85.4,88.6,68.8
Southwest,9/21/1992,67.4,76.6,88,88.5,67.8
Southwest,9/22/1992,68.5,79.3,92.1,90.6,67.7
Southwest,9/23/1992,67.1,79.3,91.8,91.9,67
Southwest,9/24/1992,65.5,78,91.7,91.6,66.6
Southwest,9/25/1992,67.2,78.9,91.2,91.3,65.8
Southwest,9/26/1992,64.8,77.7,91.1,91.7,65.8
Southwest,9/27/1992,65.5,78.4,92.9,92.9,65.5
Southwest,9/28/1992,66.1,79.6,94.7,93.2,66
Southwest,9/29/1992,66.5,78.8,92.1,92.4,65.7
Southwest,9/30/1992,64.6,77.1,90.4,90.6,64.8
Southwest,10/1/1992,63.2,75.9,89.3,89.5,63.4
Southwest,10/2/1992,62.3,75.3,88.9,88.5,62.7
Southwest,10/3/1992,62.6,74.9,87.3,87.4,61.8
Southwest,10/4/1992,60.6,73.2,86.1,86.8,61.2
Southwest,10/5/1992,60.5,73,87,86.6,60.4
Southwest,10/6/1992,60.1,72.9,86.8,86.1,59.7
Southwest,10/7/1992,58.5,71,84.6,84.6,57.2
Southwest,10/8/1992,53.1,67.1,82.5,84.2,55.8
Southwest,10/9/1992,55.7,69,85.4,85,55.6
Southwest,10/10/1992,58.1,71.3,87,87,57.9
Southwest,10/11/1992,59.8,73,88.7,88.8,59.8
Southwest,10/12/1992,61.4,74.6,90.8,89,61.1
Southwest,10/13/1992,62.1,74.5,87.4,87.1,60.9
Southwest,10/14/1992,59.1,70.8,83.1,84,59.1
Southwest,10/15/1992,56,68.3,81.6,82.2,57.3
Southwest,10/16/1992,56.8,68.5,81.9,82.4,56.7
Southwest,10/17/1992,57.2,69.2,83.6,83.7,57.7
Southwest,10/18/1992,59.1,70.8,85.7,84.3,58.9
Southwest,10/19/1992,60.5,71.1,83.7,84.2,59.4
Southwest,10/20/1992,58.6,70,83.1,82.1,59.2
Southwest,10/21/1992,58.4,68.5,79.5,80.6,58.6
Southwest,10/22/1992,58.9,67.8,79.3,80.4,59
Southwest,10/23/1992,59.7,69.4,82.4,80.1,59.9
Southwest,10/24/1992,61,68.8,78.5,79,58.8
Southwest,10/25/1992,55.6,64.4,76,77.5,57.2
Southwest,10/26/1992,55.1,65.6,77.9,77.7,56.2
Southwest,10/27/1992,57.9,67.5,79.3,77.6,56.5
Southwest,10/28/1992,56.6,65.3,75.7,75,55.6
Southwest,10/29/1992,52.2,60.8,69.9,72.4,53.3
Southwest,10/30/1992,51,60.1,71.5,70.2,51.4
Southwest,10/31/1992,51.1,59.9,69.3,70.2,49.7
Southwest,11/1/1992,47,57.5,69.9,70.5,48.8
Southwest,11/2/1992,48.4,58.4,72.2,70.2,47.9
Southwest,11/3/1992,48.4,57.6,68.5,66.8,45.4
Southwest,11/4/1992,39.5,49.7,59.8,63.3,42.7
Southwest,11/5/1992,40.2,49.6,61.5,62,40.4
Southwest,11/6/1992,41.6,51.8,64.7,64.8,41.7
Southwest,11/7/1992,43.3,53.9,68.1,67.6,43.3
Southwest,11/8/1992,45.1,56.5,70.1,68.6,44.7
Southwest,11/9/1992,45.8,56.2,67.6,67.8,45.7
Southwest,11/10/1992,46.3,55.6,65.7,65,43.5
Southwest,11/11/1992,38.4,49.4,61.7,64.5,40.9
Southwest,11/12/1992,38,48.8,66.1,66.1,39.7
Southwest,11/13/1992,42.6,53.8,70.4,70.3,42.2
Southwest,11/14/1992,46.1,57.5,74.5,73.5,45.7
Southwest,11/15/1992,48.3,59.9,75.6,74.5,47.9
Southwest,11/16/1992,49.4,60.6,73.4,73,48.1
Southwest,11/17/1992,46.7,58.1,70,69.9,47
Southwest,11/18/1992,44.8,55.3,66.2,66.8,45
Southwest,11/19/1992,43.4,53.1,64.2,63.2,43.1
Southwest,11/20/1992,41.2,50.3,59.2,59.3,39.3
Southwest,11/21/1992,33.2,43,54.5,57.1,37.3
Southwest,11/22/1992,37.5,46.1,57.7,55.9,36.2
Southwest,11/23/1992,38,45.9,55.5,54.9,35.7
Southwest,11/24/1992,31.7,40.9,51.6,53.1,33.5
Southwest,11/25/1992,30.9,40.3,52.1,52.7,31.2
Southwest,11/26/1992,30.9,40.8,54.5,55.1,31.8
Southwest,11/27/1992,33.7,43.7,58.6,57,33
Southwest,11/28/1992,34.3,44.9,58,58.1,34.6
Southwest,11/29/1992,35.9,44.7,57.7,58.9,35.6
Southwest,11/30/1992,36.6,46.4,60.9,60.4,36.3
Southwest,12/1/1992,36.4,47.1,62.5,62.3,37.2
Southwest,12/2/1992,38.6,49.4,63.6,61.3,40.1
Southwest,12/3/1992,45.3,51,57.7,58.4,44
Southwest,12/4/1992,48,50.4,54,54.2,44.3
Southwest,12/5/1992,39.7,44.2,50.8,52.3,41.3
Southwest,12/6/1992,36.1,42.7,52.2,52.7,37.2
Southwest,12/7/1992,35.7,43.4,55.2,52.6,37.5
Southwest,12/8/1992,40.7,44.5,50.4,52.6,38
Southwest,12/9/1992,37.5,43.2,52.2,54.3,38.9
Southwest,12/10/1992,38.4,46,60.3,57.3,39.1
Southwest,12/11/1992,41.3,49.4,59.3,58.1,39.6
Southwest,12/12/1992,39.2,45.7,54.6,53.7,37.4
Southwest,12/13/1992,31.8,38.8,47.2,49.3,33.7
Southwest,12/14/1992,30.2,37.4,46,46.8,30.8
Southwest,12/15/1992,30.3,37.5,47.1,46.2,30.1
Southwest,12/16/1992,29.9,37.1,45.4,46.8,30
Southwest,12/17/1992,29.8,36.5,47.8,47,30.9
Southwest,12/18/1992,33,39.3,47.9,47.2,32.6
Southwest,12/19/1992,34.9,40.2,46,47.7,32.8
Southwest,12/20/1992,30.4,37.7,49.2,49.6,32.8
Southwest,12/21/1992,33,40.6,53.5,52.7,33.2
Southwest,12/22/1992,36.3,43.8,55.3,55.7,35
Southwest,12/23/1992,35.7,44.7,58.4,57.8,36.6
Southwest,12/24/1992,37.7,46,59.6,58.6,37.3
Southwest,12/25/1992,38.6,47.1,57.8,58.5,37.9
Southwest,12/26/1992,37.3,45.8,58,58.5,38.3
Southwest,12/27/1992,39,47.5,59.7,58,41.2
Southwest,12/28/1992,47.2,50.2,56.2,57.6,45.8
Southwest,12/29/1992,51.2,52.8,56.9,56.7,47.8
Southwest,12/30/1992,45.1,50.5,56.9,57.8,45.6
Southwest,12/31/1992,40.5,48.4,59.5,58.8,43
Southwest,1/1/1993,43.3,49.9,60,59.3,42.3
Southwest,1/2/1993,43,50,58.3,57.2,42.1
Southwest,1/3/1993,39.9,45.9,53.4,53.9,37.8
Southwest,1/4/1993,30.4,38.5,49.9,52.6,35.8
Southwest,1/5/1993,37.1,43.8,54.6,51.9,36.3
Southwest,1/6/1993,41.5,45.4,51.1,53.8,42.4
Southwest,1/7/1993,48.6,50.8,55.8,53.6,47.1
Southwest,1/8/1993,51.2,52.1,53.9,54.1,46.2
Southwest,1/9/1993,38.8,44.8,52.6,52.3,44.1
Southwest,1/10/1993,42.4,45.2,50.5,51.6,41.6
Southwest,1/11/1993,43.7,47.5,51.6,51.4,40
Southwest,1/12/1993,34,41.9,52.1,52.7,40.4
Southwest,1/13/1993,43.6,47.1,54.5,53.9,40.9
Southwest,1/14/1993,45,48.8,55,55.2,43.8
Southwest,1/15/1993,42.7,48.3,56.2,56.4,44.4
Southwest,1/16/1993,45.6,50.5,58,56.8,45.6
Southwest,1/17/1993,48.4,51.6,56.3,56.3,47.3
Southwest,1/18/1993,47.9,50.6,54.7,54.2,46.4
Southwest,1/19/1993,42.8,46.6,51.5,53.4,43
Southwest,1/20/1993,38.2,44.7,54,54.8,40.3
Southwest,1/21/1993,39.9,47.3,59,58.9,40.3
Southwest,1/22/1993,42.8,51.1,63.7,61.2,41.4
Southwest,1/23/1993,41.5,50.6,60.9,61.4,40.3
Southwest,1/24/1993,36.7,46.2,59.7,60.5,38.7
Southwest,1/25/1993,38,47.7,60.8,61.6,38.5
Southwest,1/26/1993,40.7,49.6,64.3,63,40.9
Southwest,1/27/1993,44,52.4,64,63.2,42.5
Southwest,1/28/1993,42.8,51.4,61.2,61.6,42.3
Southwest,1/29/1993,40.1,49.4,59.6,60.5,41.7
Southwest,1/30/1993,42.3,49.9,60.6,60.4,41.5
Southwest,1/31/1993,42,50.4,61.1,59.7,41
Southwest,2/1/1993,38.7,47.4,57.4,59,39.7
Southwest,2/2/1993,38.4,47.1,58.4,59,38.7
Southwest,2/3/1993,39,48.5,61.1,60.8,39.7
Southwest,2/4/1993,41.8,50.6,63,62.5,41.4
Southwest,2/5/1993,43.3,51.9,63.5,63.8,42.8
Southwest,2/6/1993,43.4,52.8,65,65.1,43.6
Southwest,2/7/1993,44,53.5,66.7,65.6,45.4
Southwest,2/8/1993,48.8,53.8,65,62.8,46.4
Southwest,2/9/1993,46.4,51.1,56.7,58.9,44.9
Southwest,2/10/1993,39.6,47.1,55,56,41.3
Southwest,2/11/1993,37.8,45.8,56.2,57,38.7
Southwest,2/12/1993,38.7,47.8,59.8,58.9,39.1
Southwest,2/13/1993,40.8,49.8,60.8,59.9,41.3
Southwest,2/14/1993,44.5,50.4,59.2,58.2,42
Southwest,2/15/1993,40.7,46.5,54.7,56.5,40.7
Southwest,2/16/1993,36.8,45,55.7,56.4,38.7
Southwest,2/17/1993,38.7,47.5,58.9,58.5,39.7
Southwest,2/18/1993,43.5,50.9,60.9,60.1,43.7
Southwest,2/19/1993,49,54.1,60.5,59.9,46.8
Southwest,2/20/1993,47.9,53,58.3,58.1,44.7
Southwest,2/21/1993,37.2,45.8,55.4,56.7,40.6
Southwest,2/22/1993,36.8,45.7,56.3,57.7,37.8
Southwest,2/23/1993,39.5,49.1,61.3,59.2,39.2
Southwest,2/24/1993,41.2,48.8,60.1,58.7,38.9
Southwest,2/25/1993,36.1,44.8,54.7,58.6,38.4
Southwest,2/26/1993,37.8,47.7,61,58.5,38.1
Southwest,2/27/1993,40.4,50,59.9,59.5,40.3
Southwest,2/28/1993,42.7,47.7,57.6,56.7,40
Southwest,3/1/1993,36.8,43.6,52.6,56.3,38.7
Southwest,3/2/1993,36.7,45.8,58.8,57.9,37.7
Southwest,3/3/1993,39.5,49.3,62.3,61.6,39.3
Southwest,3/4/1993,41.6,51.8,63.7,64,40.8
Southwest,3/5/1993,41.2,52.4,65.9,66.4,42.2
Southwest,3/6/1993,43.9,55.4,69.6,69.5,43.9
Southwest,3/7/1993,46.6,58.5,73,72.5,46.5
Southwest,3/8/1993,49,61.2,74.8,74.1,48.4
Southwest,3/9/1993,49.6,61.9,74.4,74.1,49.2
Southwest,3/10/1993,49.1,61,73.2,73,48.7
Southwest,3/11/1993,47.5,59,71.5,71.3,47.5
Southwest,3/12/1993,45.9,57.2,69.1,69.2,44.7
Southwest,3/13/1993,40.7,52.9,66.9,67.4,45.1
Southwest,3/14/1993,48.7,56.7,66.1,67.9,45.3
Southwest,3/15/1993,46.5,57,70.7,70.2,48
Southwest,3/16/1993,48.9,60.1,73.9,73.3,48.5
Southwest,3/17/1993,50.2,62.4,75.2,74.4,50.3
Southwest,3/18/1993,51.9,62.9,74.2,74.2,50.3
Southwest,3/19/1993,48.7,60.4,73.3,74.5,50.6
Southwest,3/20/1993,51.3,62.9,76,75.1,50.8
Southwest,3/21/1993,52.3,63.8,76.1,76.4,51.8
Southwest,3/22/1993,51.7,63.7,77.1,76.8,52.1
Southwest,3/23/1993,52.3,64.5,77.3,76.7,52.1
Southwest,3/24/1993,52.4,64.3,75.8,76.2,51.5
Southwest,3/25/1993,49.7,62.3,75.6,75.1,51
Southwest,3/26/1993,50.8,59.7,74,69.3,47.9
Southwest,3/27/1993,43.2,49.9,58.3,65,45.2
Southwest,3/28/1993,41.6,51.1,62.6,60.8,43
Southwest,3/29/1993,44.2,52.2,61.5,63.9,42.9
Southwest,3/30/1993,43,53.4,67.7,67.2,44.8
Southwest,3/31/1993,47.1,58.7,72.4,71.8,46.7
Southwest,4/1/1993,50,62.2,75.3,74.2,49.1
Southwest,4/2/1993,50.2,62.4,74.9,74.6,49.5
Southwest,4/3/1993,48.2,60.8,73.5,75,49.4
Southwest,4/4/1993,49.7,62.3,76.6,75.4,49.8
Southwest,4/5/1993,51.6,63.8,76,74.8,48.7
Southwest,4/6/1993,44.9,57.5,71.7,72.2,46.8
Southwest,4/7/1993,44,55.8,68.8,70.6,44.7
Southwest,4/8/1993,45.3,57.9,71.2,72.6,46
Southwest,4/9/1993,48.6,62.1,77.7,76.2,48.4
Southwest,4/10/1993,51.4,65.5,79.7,79.5,50.6
Southwest,4/11/1993,51.9,66.7,81,80.1,51.5
Southwest,4/12/1993,51.2,65,79.6,78.3,50.1
Southwest,4/13/1993,47.3,60.7,74.2,74.6,47.7
Southwest,4/14/1993,44.5,57.4,69.9,72.4,46.1
Southwest,4/15/1993,46.4,59.2,73.1,72.9,47.7
Southwest,4/16/1993,52.2,63.5,75.7,75.9,49.9
Southwest,4/17/1993,51.2,64.8,78.9,78.5,52.5
Southwest,4/18/1993,54,67.5,80.8,79.6,52.3
Southwest,4/19/1993,51.7,65.9,79.1,80.8,52.2
Southwest,4/20/1993,50.9,66.1,82.4,83,52.7
Southwest,4/21/1993,55.4,71.1,87.5,86.2,54.7
Southwest,4/22/1993,57.9,73.6,88.6,87.4,55.8
Southwest,4/23/1993,54,69,86.1,84.4,54.2
Southwest,4/24/1993,50.6,65,78.5,82.1,52.3
Southwest,4/25/1993,52.4,66.2,81.6,82.1,53.1
Southwest,4/26/1993,56.4,71.2,86.3,84.4,55.4
Southwest,4/27/1993,57.5,72.1,85.3,85.7,57.1
Southwest,4/28/1993,57.4,72,85.5,85.8,57.7
Southwest,4/29/1993,58.2,72.7,86.5,86.5,57.9
Southwest,4/30/1993,58.1,72.8,87.4,86.7,57.8
Southwest,5/1/1993,57.1,71.1,86.2,85.8,56.6
Southwest,5/2/1993,54.6,68.8,83.9,84.8,56.1
Southwest,5/3/1993,56.5,70.9,84.4,83.9,55.6
Southwest,5/4/1993,55.8,69.8,83.4,82.4,54.3
Southwest,5/5/1993,50.5,65.2,79.4,81.1,53
Southwest,5/6/1993,52.7,66.2,80.6,80.4,52.5
Southwest,5/7/1993,54.2,67.9,81.3,81.7,53.8
Southwest,5/8/1993,54.5,68.9,83.2,82.7,53.9
Southwest,5/9/1993,53,68.2,83.7,86.1,54.8
Southwest,5/10/1993,56.9,73.3,91.3,88.8,57
Southwest,5/11/1993,61.2,77,91.5,90.8,60.7
Southwest,5/12/1993,64.1,75.7,89.5,89.2,61.8
Southwest,5/13/1993,60,72.8,86.6,88.8,62.2
Southwest,5/14/1993,62.6,76.4,90.3,88.6,62.4
Southwest,5/15/1993,64.7,77.8,89,88.4,62.9
Southwest,5/16/1993,61.4,73.6,85.8,86.4,61.3
Southwest,5/17/1993,57.8,71.4,84.3,85.7,59.8
Southwest,5/18/1993,60.3,73.8,87.1,86.7,60
Southwest,5/19/1993,62,75.6,88.8,88.6,61.5
Southwest,5/20/1993,62.3,76.6,89.8,89.1,61.9
Southwest,5/21/1993,61.4,75.9,88.6,88.7,61.4
Southwest,5/22/1993,60.6,74.8,87.6,87.5,60.7
Southwest,5/23/1993,60,73.9,86.3,87,60.2
Southwest,5/24/1993,60,73.9,87.2,88,60.8
Southwest,5/25/1993,62.4,76.2,90.6,90,62
Southwest,5/26/1993,63.5,78.1,92.3,91.3,63.2
Southwest,5/27/1993,63.6,77.9,90.9,90.7,62.7
Southwest,5/28/1993,61,75.2,88.8,89.1,61.1
Southwest,5/29/1993,58.7,73.3,87.6,89.6,60.5
Southwest,5/30/1993,61.8,77,92.4,91.2,61.6
Southwest,5/31/1993,64.3,79.7,93.7,92.8,62.7
Southwest,6/1/1993,62.1,77.5,92.4,91.8,62.5
Southwest,6/2/1993,61,75.4,89.3,89.2,60.3
Southwest,6/3/1993,57.8,72.6,85.9,87.2,59
Southwest,6/4/1993,58.1,72.9,86.5,85.8,57.8
Southwest,6/5/1993,57.5,71.9,85.1,84.4,57.6
Southwest,6/6/1993,57.1,66.3,81.6,81.6,54.5
Southwest,6/7/1993,49,63.3,78,80.7,53.5
Southwest,6/8/1993,54.3,68.4,82.6,82.7,53.8
Southwest,6/9/1993,58,72.6,87.5,87.4,58.1
Southwest,6/10/1993,62,77.1,92.2,91.5,61.3
Southwest,6/11/1993,63.9,79.7,94.8,94.2,63.3
Southwest,6/12/1993,64.1,80.7,95.6,96.4,64.6
Southwest,6/13/1993,65.7,82.4,98.9,98.8,66.4
Southwest,6/14/1993,69.5,85.6,101.9,100.6,69.1
Southwest,6/15/1993,72.1,87.1,100.9,100.1,70.8
Southwest,6/16/1993,70.9,85.2,97.6,98.3,69.8
Southwest,6/17/1993,66.3,81.7,96.5,96.3,67.2
Southwest,6/18/1993,64.3,79.9,94.7,96.2,65.8
Southwest,6/19/1993,66.9,82.5,97.3,96.9,67
Southwest,6/20/1993,69.9,85.1,98.7,97.7,68.6
Southwest,6/21/1993,69.1,83.6,97.1,97.4,68.7
Southwest,6/22/1993,67,82.1,96.3,97.2,67.8
Southwest,6/23/1993,67.3,83,98.2,97.9,67.5
Southwest,6/24/1993,68.1,83.9,99.1,99.8,68.4
Southwest,6/25/1993,69.7,86.1,102,101.5,70.3
Southwest,6/26/1993,73,88.8,103.5,102.9,72.3
Southwest,6/27/1993,74.2,89.2,103.3,103.1,73.9
Southwest,6/28/1993,74.6,88.7,102.5,102.4,73.9
Southwest,6/29/1993,72.9,87.6,101.5,100.9,73.2
Southwest,6/30/1993,72.1,86.1,98.6,99.4,72.2
Southwest,7/1/1993,71.5,85.3,98,97.9,71.4
Southwest,7/2/1993,70.7,84.3,97,96.6,70.2
Southwest,7/3/1993,68.5,81.4,94.7,94.7,68.7
Southwest,7/4/1993,66.9,80,92.4,93.4,66.7
Southwest,7/5/1993,64.7,78.9,93.1,94.4,66.1
Southwest,7/6/1993,66.8,81.7,97.6,97.1,67.3
Southwest,7/7/1993,70.3,85.5,100.7,99.4,69.5
Southwest,7/8/1993,71.4,86.2,99.8,99.4,71
Southwest,7/9/1993,71.3,84.3,97.7,97.6,71.5
Southwest,7/10/1993,71.7,83,95.2,95.6,71.7
Southwest,7/11/1993,72.2,83.1,93.9,94,71.7
Southwest,7/12/1993,71.3,82,92.9,92.9,71.1
Southwest,7/13/1993,69.9,80.6,92,92.5,70.1
Southwest,7/14/1993,69.2,81.4,92.5,92.6,69.6
Southwest,7/15/1993,69.7,81.9,93.3,92.8,69.3
Southwest,7/16/1993,68.9,80.6,92.5,92.5,67.9
Southwest,7/17/1993,65.1,78.6,91.7,92.6,66.5
Southwest,7/18/1993,65.6,79.6,93.7,93.4,65.6
Southwest,7/19/1993,66.2,80.8,94.8,94.4,66
Southwest,7/20/1993,66.1,80.9,94.6,94.3,65.8
Southwest,7/21/1993,65,79.3,93.6,93.8,65.3
Southwest,7/22/1993,64.8,79.3,93.1,93.6,65.7
Southwest,7/23/1993,67.3,80.7,94.2,93.5,66.1
Southwest,7/24/1993,66.3,79.9,93.2,94,66.6
Southwest,7/25/1993,66.2,80.5,94.6,94.7,66.6
Southwest,7/26/1993,67.4,81.8,96.2,96.3,67
Southwest,7/27/1993,67.5,82.9,98,97.9,68.6
Southwest,7/28/1993,71,85.3,99.6,99,71.4
Southwest,7/29/1993,75.6,88.2,99.5,99.9,73.5
Southwest,7/30/1993,73.9,87.5,100.7,101.3,75.1
Southwest,7/31/1993,75.7,89.5,103.6,102.9,75.9
Southwest,8/1/1993,78,91.1,104.3,103.6,77.5
Southwest,8/2/1993,78.9,90.6,102.9,102,77.5
Southwest,8/3/1993,75.5,87.8,98.7,99.6,76.3
Southwest,8/4/1993,74.6,83.1,97.1,96.9,74.8
Southwest,8/5/1993,74.2,84.1,95,95.7,74.8
Southwest,8/6/1993,75.6,85.7,95,94.4,74.5
Southwest,8/7/1993,73.8,83.2,93.1,94.5,73.6
Southwest,8/8/1993,71.4,82.8,95.5,95.6,73
Southwest,8/9/1993,73.8,85.9,98.1,97.7,73.5
Southwest,8/10/1993,75.3,87.6,99.5,99.5,74.6
Southwest,8/11/1993,74.6,88,100.8,100,74.6
Southwest,8/12/1993,73.8,87.2,99.7,99.4,72.7
Southwest,8/13/1993,69.7,83.9,97.6,97,71.1
Southwest,8/14/1993,69.8,81.2,93.6,95,68.8
Southwest,8/15/1993,66.8,79.6,93.9,94.2,68.4
Southwest,8/16/1993,68.6,81.6,95,94.8,68.5
Southwest,8/17/1993,70,82.9,95.5,95.5,70.2
Southwest,8/18/1993,72.1,84.3,96,95.4,71.5
Southwest,8/19/1993,72.3,82.4,94.6,94.7,72.1
Southwest,8/20/1993,71.9,81.7,93.6,94.7,72.3
Southwest,8/21/1993,72.7,83.6,95.9,94.8,71.8
Southwest,8/22/1993,70.9,83.3,95,96.2,71.6
Southwest,8/23/1993,71.3,84.4,97.8,96.3,70.7
Southwest,8/24/1993,70,82.6,96.1,95.9,70.6
Southwest,8/25/1993,70.4,79.3,93.9,91.1,69.7
Southwest,8/26/1993,68.7,75.3,83.4,86.9,69.6
Southwest,8/27/1993,69.6,75.7,83.5,84.3,69.2
Southwest,8/28/1993,69.3,77.2,86,84.6,69.3
Southwest,8/29/1993,68.9,76.7,84.3,84.9,68.7
Southwest,8/30/1993,67.8,75.5,84.3,84.6,68.1
Southwest,8/31/1993,67.5,76.5,85.2,86.7,67.8
Southwest,9/1/1993,68,77.8,90.5,90,68.5
Southwest,9/2/1993,69.9,81.4,94.2,93.5,69.6
Southwest,9/3/1993,71,83,95.7,95.1,70.8
Southwest,9/4/1993,71.5,83.6,95.3,94.9,70.9
Southwest,9/5/1993,70.3,82,93.6,93.8,70.3
Southwest,9/6/1993,69.1,80.7,92.5,93.7,69.7
Southwest,9/7/1993,69.8,81.7,95,94.6,69.7
Southwest,9/8/1993,70.2,83.1,96.4,96,69.7
Southwest,9/9/1993,69.1,82.7,96.7,96.4,69.8
Southwest,9/10/1993,70.1,83.4,96.1,95.7,69.7
Southwest,9/11/1993,70,82.2,94.4,93.8,69.8
Southwest,9/12/1993,69.2,79.9,90.8,90.3,67.7
Southwest,9/13/1993,63.9,74.4,85.8,86.6,63.9
Southwest,9/14/1993,58.5,71.1,83.3,85.2,61.2
Southwest,9/15/1993,61.1,73,86.5,85.1,60.5
Southwest,9/16/1993,61.8,74,85.4,84.9,60.4
Southwest,9/17/1993,58.2,70.4,82.8,83.1,58.9
Southwest,9/18/1993,56.6,69,81,83,57.5
Southwest,9/19/1993,57.7,70.7,85.3,85.5,58.1
Southwest,9/20/1993,60,74.2,90.3,89.2,60.3
Southwest,9/21/1993,63.1,76.7,92.1,91.9,62.9
Southwest,9/22/1993,65.6,78.7,93.4,92.2,64.4
Southwest,9/23/1993,64.4,77.3,91.1,90.7,65.5
Southwest,9/24/1993,66.4,76.3,87.6,89.2,64.2
Southwest,9/25/1993,61.7,74.7,88.8,89.4,63.2
Southwest,9/26/1993,61.5,75.5,91.7,90.8,61.9
Southwest,9/27/1993,62.5,76.7,91.8,92.2,62.5
Southwest,9/28/1993,63.6,77.4,93,92.1,63.4
Southwest,9/29/1993,64.1,77.8,91.5,91.6,64.8
Southwest,9/30/1993,66.7,78,90.4,91.5,65.3
Southwest,10/1/1993,65,77.8,92.6,91.8,65.3
Southwest,10/2/1993,64.1,77.5,92.3,92.6,64.8
Southwest,10/3/1993,65.3,78.5,92.9,92.5,65.2
Southwest,10/4/1993,66.1,78.7,92.2,91.9,66.3
Southwest,10/5/1993,67.5,78.5,90.6,90,66.8
Southwest,10/6/1993,66.9,73.5,87.3,85.1,64.6
Southwest,10/7/1993,59.4,67,77.5,81.2,60.8
Southwest,10/8/1993,56.1,67.2,78.9,78.7,57.2
Southwest,10/9/1993,56.2,67.3,79.8,80.9,57.2
Southwest,10/10/1993,59.2,70.2,83.9,81.7,58.8
Southwest,10/11/1993,61,70.6,81.3,82.1,60.1
Southwest,10/12/1993,60.1,70,81.1,81.3,59.6
Southwest,10/13/1993,57.8,68.9,81.6,81.8,59
Southwest,10/14/1993,59.1,70.1,82.6,81.2,58
Southwest,10/15/1993,57,67.7,79.5,79.1,57
Southwest,10/16/1993,54.9,62.5,75.1,74.8,55.8
Southwest,10/17/1993,55.6,60.8,69.7,72,53.8
Southwest,10/18/1993,50.9,60.3,71.1,70.5,52.1
Southwest,10/19/1993,49.8,59.7,70.8,72.5,50.3
Southwest,10/20/1993,50.2,61.2,75.6,74.5,50.4
Southwest,10/21/1993,51.3,63,77.2,77.2,51.7
Southwest,10/22/1993,53.5,64.2,78.9,78.9,53
Southwest,10/23/1993,54.1,65.9,80.7,80.2,54
Southwest,10/24/1993,54.5,66.9,81.1,81.1,54.8
Southwest,10/25/1993,55.9,67.8,81.5,80.3,55.1
Southwest,10/26/1993,54.8,66.8,78.3,77.9,53.5
Southwest,10/27/1993,49.9,60.1,73.8,75.2,51.1
Southwest,10/28/1993,48.7,59.3,73.4,72.4,49.5
Southwest,10/29/1993,50,59.9,70.1,70.6,48.2
Southwest,10/30/1993,45.9,56.3,68.2,69.4,46.6
Southwest,10/31/1993,43.9,55.2,69.8,69.7,45.8
Southwest,11/1/1993,47.7,58.2,71.2,70.5,46.5
Southwest,11/2/1993,47.8,58.3,70.4,71.8,47.4
Southwest,11/3/1993,46.8,57.8,73.8,72.8,47.8
Southwest,11/4/1993,48.7,60.5,74.1,73.2,47.7
Southwest,11/5/1993,47.7,59.1,71.6,71.6,46.9
Southwest,11/6/1993,44.4,56.4,69,70.3,45.7
Southwest,11/7/1993,45,56.2,70.4,69.9,44.9
Southwest,11/8/1993,45.3,56.7,70.2,70.9,45.8
Southwest,11/9/1993,47.1,58.1,72.2,72.4,46.8
Southwest,11/10/1993,47.9,59.5,74.9,71.9,48.8
Southwest,11/11/1993,51.5,58.9,68.6,67.8,47.2
Southwest,11/12/1993,42.1,51,59.9,61.5,45.4
Southwest,11/13/1993,42.6,49.2,56.1,56.1,40.9
Southwest,11/14/1993,37.9,45.1,52.3,53,40.9
Southwest,11/15/1993,42.1,46.1,50.5,53.4,39.3
Southwest,11/16/1993,38,45.4,57.5,57.2,40.3
Southwest,11/17/1993,40.9,49.6,63.6,62.4,41.2
Southwest,11/18/1993,44.7,53.2,66,64.4,43.1
Southwest,11/19/1993,43.7,53.2,63.6,64.6,42.9
Southwest,11/20/1993,40.3,50.8,64.1,64.5,41.9
Southwest,11/21/1993,41.8,51.8,65.8,64.7,43.9
Southwest,11/22/1993,49.7,55.8,64.2,65.8,47.3
Southwest,11/23/1993,50.5,57.1,67.5,64.8,48.1
Southwest,11/24/1993,44.1,53.9,62.6,62.3,43.7
Southwest,11/25/1993,36.6,46.6,56.9,58.5,37.7
Southwest,11/26/1993,32.5,43,55.9,57.6,34.4
Southwest,11/27/1993,34.2,44.5,60,60.4,36.3
Southwest,11/28/1993,42.1,50.5,65.4,63.6,39.7
Southwest,11/29/1993,42.8,52.6,65.3,64.5,42.7
Southwest,11/30/1993,43.1,52.4,62.8,63.1,42.3
Southwest,12/1/1993,41,50.4,61.2,62.7,41.7
Southwest,12/2/1993,41.1,50.6,64.1,61.7,40.7
Southwest,12/3/1993,40.1,50,59.8,62.3,39.8
Southwest,12/4/1993,38.3,48.1,62.9,62.3,39.5
Southwest,12/5/1993,40.1,50.2,64.2,63.8,39.9
Southwest,12/6/1993,41.3,51.3,64.4,64.8,41
Southwest,12/7/1993,41.5,51.7,65.8,65,42.3
Southwest,12/8/1993,44.2,53.1,64.9,65.6,43.3
Southwest,12/9/1993,44.1,53.4,66.1,66.3,44.1
Southwest,12/10/1993,44.1,53.9,67.9,65.9,45
Southwest,12/11/1993,46.7,54.5,63.6,63.5,44.3
Southwest,12/12/1993,42.2,50.4,59.1,59.2,41.3
Southwest,12/13/1993,35.1,43.4,55,58.5,38.4
Southwest,12/14/1993,37.9,46.5,61.4,57.4,36.7
Southwest,12/15/1993,37.2,45.3,55.7,56.2,36.1
Southwest,12/16/1993,33.2,41.3,51.5,54.1,34.5
Southwest,12/17/1993,33.1,42.1,55,55.3,34.6
Southwest,12/18/1993,37.5,45.8,59.4,56.7,36.6
Southwest,12/19/1993,39.1,46.6,55.7,56.5,37.4
Southwest,12/20/1993,35.6,44.4,54.5,54.5,37.4
Southwest,12/21/1993,37.4,43.7,53.4,53,35.2
Southwest,12/22/1993,32.6,41.7,51.2,51.7,33.9
Southwest,12/23/1993,31.6,39.8,50.6,50.9,31.2
Southwest,12/24/1993,29.3,37.9,50.9,54.2,32
Southwest,12/25/1993,35,43.8,61,58,34.3
Southwest,12/26/1993,38.6,47.8,62,60,39.1
Southwest,12/27/1993,43.7,49.9,56.9,60.2,42.4
Southwest,12/28/1993,45,51.4,61.7,59.8,43.3
Southwest,12/29/1993,41.1,50,60.7,61,41.6
Southwest,12/30/1993,38.8,48.1,60.6,61.2,40.4
Southwest,12/31/1993,41.3,49.5,62.4,62.2,40.5
Southwest,1/1/1994,41.3,50.7,63.5,63.4,41.8
Southwest,1/2/1994,42.7,51.8,64.4,64.6,42
Southwest,1/3/1994,42,51.7,65.9,66.2,42.8
Southwest,1/4/1994,43.8,53.9,68.3,67.1,43.9
Southwest,1/5/1994,45.8,55.1,67,65.7,43.2
Southwest,1/6/1994,40.1,49.8,61.8,61.1,39.3
Southwest,1/7/1994,31.9,41.8,54.6,58.4,35.5
Southwest,1/8/1994,34.4,43.7,58.8,57.6,34.7
Southwest,1/9/1994,37.7,47.1,59.3,58.5,35.6
Southwest,1/10/1994,34.8,45,57.3,58.7,35.9
Southwest,1/11/1994,35.2,45.5,59.6,59,35.4
Southwest,1/12/1994,36.3,46.5,60.1,61,36.4
Southwest,1/13/1994,37.6,47.9,63.4,63.2,38.6
Southwest,1/14/1994,41.9,51.4,66.2,65,41.1
Southwest,1/15/1994,43.9,53.4,65.5,65.1,42.4
Southwest,1/16/1994,41.5,51.8,63.7,64.9,41.9
Southwest,1/17/1994,40.2,50.8,65.6,66.2,41.4
Southwest,1/18/1994,42.5,53.2,69.3,68.2,42.2
Southwest,1/19/1994,43.8,55,69.7,68.6,43.2
Southwest,1/20/1994,43.2,54.3,66.9,68.2,43.4
Southwest,1/21/1994,43.3,54,68.1,68,43.4
Southwest,1/22/1994,43.8,54.3,68.9,68.2,44.3
Southwest,1/23/1994,45.8,55.3,67.7,67.7,44.6
Southwest,1/24/1994,44.2,54.7,66.5,66,44
Southwest,1/25/1994,42,50.9,63.8,61.5,40.2
Southwest,1/26/1994,34.3,43.3,54.2,57,36.5
Southwest,1/27/1994,33.2,42.1,53.1,52.9,34.4
Southwest,1/28/1994,35.7,42.5,51.4,52.4,33.8
Southwest,1/29/1994,32.4,41.1,52.6,53,33.8
Southwest,1/30/1994,33.4,42.8,55,53.6,32.3
Southwest,1/31/1994,31.2,41.1,53.3,53,30.7
Southwest,2/1/1994,27.5,37.8,50.6,52.9,29.8
Southwest,2/2/1994,30.8,40.1,54.8,55.3,31.1
Southwest,2/3/1994,35,45.4,60.6,58.1,35.6
Southwest,2/4/1994,41,48.5,58.8,59.9,38.5
Southwest,2/5/1994,39.5,48.3,60.2,60.7,40
Southwest,2/6/1994,39.6,49.8,63,61.6,41.2
Southwest,2/7/1994,44.4,51.9,61.7,60,43.6
Southwest,2/8/1994,46.7,50.1,55.2,57.7,43.6
Southwest,2/9/1994,39.8,46.6,56.2,56.8,41.4
Southwest,2/10/1994,37.7,46.8,59.1,57.7,38.6
Southwest,2/11/1994,38.4,48.2,57.9,57.2,36.2
Southwest,2/12/1994,32.4,42.9,54.6,57.4,34.6
Southwest,2/13/1994,33.1,43.5,59.6,59.5,34.7
Southwest,2/14/1994,38.7,48.7,64.2,63.8,37.4
Southwest,2/15/1994,40.5,52.5,67.5,67.7,41.3
Southwest,2/16/1994,44.6,56.2,71.5,69.6,45.7
Southwest,2/17/1994,52,60,69.7,68.7,46.5
Southwest,2/18/1994,43,52.4,64.8,63.2,43.9
Southwest,2/19/1994,36.8,45.3,55.1,59.6,38.7
Southwest,2/20/1994,36.2,45.9,59,57.3,37.6
Southwest,2/21/1994,39.8,48.6,57.9,57.6,37.1
Southwest,2/22/1994,35.4,45.4,55.9,57.1,36.2
Southwest,2/23/1994,33.4,44.3,57.5,59.5,35.1
Southwest,2/24/1994,36.6,48.4,65,64,37.5
Southwest,2/25/1994,42.4,54.2,69.5,67.7,40.8
Southwest,2/26/1994,43.3,55.3,68.6,68.9,43.5
Southwest,2/27/1994,44.7,56.1,68.7,68.1,43.6
Southwest,2/28/1994,42.7,54.3,66.9,68.2,43.6
Southwest,3/1/1994,43.5,55,69.1,70.2,44
Southwest,3/2/1994,45.9,58.6,74.6,72.8,46.4
Southwest,3/3/1994,49.8,61.6,74.8,75.2,48.7
Southwest,3/4/1994,50.3,62.4,76.1,75,49.8
Southwest,3/5/1994,49.3,61.7,74.2,74.2,49.2
Southwest,3/6/1994,47.9,60,72.4,72.1,47.8
Southwest,3/7/1994,46.2,55.7,69.8,67.5,45.5
Southwest,3/8/1994,42.5,51.3,60.4,65.4,43.5
Southwest,3/9/1994,41.9,52,66,66,43
Southwest,3/10/1994,44.7,56.7,71.7,69.3,44.3
Southwest,3/11/1994,46.4,58,70.3,69.4,44.7
Southwest,3/12/1994,43.1,54.3,66.3,68.2,45
Southwest,3/13/1994,45.6,56.2,68,68.7,45.1
Southwest,3/14/1994,46.7,57.6,71.8,72.3,47.2
Southwest,3/15/1994,49.3,61.6,77.2,76,49.2
Southwest,3/16/1994,51.7,64.6,79.1,78.7,51.6
Southwest,3/17/1994,53.8,66.1,79.7,79,53.1
Southwest,3/18/1994,53.7,64.2,78.1,75.8,53.1
Southwest,3/19/1994,51.7,60.6,69.7,72,51.8
Southwest,3/20/1994,49.9,58.2,68.2,69.9,49.6
Southwest,3/21/1994,47.3,58.5,71.7,71,48.7
Southwest,3/22/1994,49,61,73.1,71.9,46.7
Southwest,3/23/1994,43.8,56.8,70.8,71.5,45.7
Southwest,3/24/1994,44.2,56.8,70.5,70,43.8
Southwest,3/25/1994,43.5,54.8,68.7,67.1,43.7
Southwest,3/26/1994,43.4,52,62,65.3,42.7
Southwest,3/27/1994,41.1,51.9,65.2,64.7,41.7
Southwest,3/28/1994,40.5,53.1,66.8,68.7,42.3
Southwest,3/29/1994,45.2,58.1,74.1,72,44.9
Southwest,3/30/1994,49,61.8,75,75.8,48
Southwest,3/31/1994,49.8,63.6,78.3,77.8,50.6
Southwest,4/1/1994,52.9,66.4,80.1,79,51.2
Southwest,4/2/1994,50.9,65,78.5,79.4,51.9
Southwest,4/3/1994,51.8,65.8,79.5,78.6,51.5
Southwest,4/4/1994,51.7,64.3,77.7,76.6,49.5
Southwest,4/5/1994,45.1,58.2,72.6,74.7,47.6
Southwest,4/6/1994,46,58.4,73.8,73.3,46.2
Southwest,4/7/1994,47.5,61,73.6,73.4,47.7
Southwest,4/8/1994,49.7,61.9,72.8,72.4,47.2
Southwest,4/9/1994,44.5,57.3,70.9,69.9,45.5
Southwest,4/10/1994,42.3,54.4,66,69.3,43.5
Southwest,4/11/1994,43.7,56.1,71,71.8,44.9
Southwest,4/12/1994,48.8,62.6,78.3,77,48.6
Southwest,4/13/1994,53.2,67.4,81.6,80.3,51.6
Southwest,4/14/1994,52.7,67.1,80.9,82,53
Southwest,4/15/1994,53.1,67.4,83.4,84.6,54.5
Southwest,4/16/1994,57.6,72.6,89.6,87.4,56.7
Southwest,4/17/1994,59.5,74.6,89.1,89.3,59.2
Southwest,4/18/1994,60.5,75.3,89.3,89.5,60.1
Southwest,4/19/1994,60.4,75.6,90,89.7,60.6
Southwest,4/20/1994,60.8,75.6,89.9,89.3,60.7
Southwest,4/21/1994,60.8,74.8,88,87.8,60.3
Southwest,4/22/1994,59.2,73.2,85.4,85.5,59.1
Southwest,4/23/1994,57.2,70.3,83,82.2,55.4
Southwest,4/24/1994,49.7,62.8,78.3,76.2,49.3
Southwest,4/25/1994,41,54.2,67.2,70.1,44.4
Southwest,4/26/1994,42.6,53.9,64.8,64.9,42.4
Southwest,4/27/1994,43.7,52.7,62.6,65.6,43.1
Southwest,4/28/1994,43,55.1,69.4,67.6,44.2
Southwest,4/29/1994,45.8,58.5,70.7,72.3,45.7
Southwest,4/30/1994,48.2,61.4,76.7,75.3,48.7
Southwest,5/1/1994,52,65.5,78.4,78.4,50.9
Southwest,5/2/1994,52.5,66.3,80,80.3,53.1
Southwest,5/3/1994,54.7,68.6,82.5,83.2,54.8
Southwest,5/4/1994,57.3,71.7,87.2,86.1,57.2
Southwest,5/5/1994,59.6,74.3,88.6,87.3,58
Southwest,5/6/1994,57,70.4,86,84.9,56.5
Southwest,5/7/1994,53,66.4,80,81.4,54.3
Southwest,5/8/1994,52.9,66.1,78.1,77.7,52.6
Southwest,5/9/1994,52,63.6,75.1,76.8,52.9
Southwest,5/10/1994,53.9,65.6,77.3,76.9,53.7
Southwest,5/11/1994,55.1,67.2,78.3,78.5,55.7
Southwest,5/12/1994,58.2,69.1,80,81.2,57.2
Southwest,5/13/1994,58.2,71.3,85.2,84.2,58.8
Southwest,5/14/1994,59.9,73.7,87.5,87.1,59.8
Southwest,5/15/1994,61.2,75.1,88.6,87.5,59.7
Southwest,5/16/1994,58.1,72.6,86.5,85.7,57.9
Southwest,5/17/1994,54.4,68.9,82.1,82.7,55.2
Southwest,5/18/1994,53.1,66.9,79.6,79.8,53.5
Southwest,5/19/1994,52.9,65.9,77.7,79.4,53
Southwest,5/20/1994,53.1,66.7,81,81.9,53.9
Southwest,5/21/1994,55.8,71.1,87.1,85.3,55.6
Southwest,5/22/1994,58,73.7,87.9,87.9,57.7
Southwest,5/23/1994,59.4,74.3,88.8,88.3,60
Southwest,5/24/1994,62.7,75.6,88.1,87.7,60.5
Southwest,5/25/1994,59.3,70.5,86.3,85.6,59.8
Southwest,5/26/1994,57.4,69.4,82.3,85.7,58.8
Southwest,5/27/1994,59.6,73.5,88.5,87.8,60.4
Southwest,5/28/1994,64.3,78.4,92.6,92,63.1
Southwest,5/29/1994,65.3,80.4,95,95,65.8
Southwest,5/30/1994,67.9,83,97.5,96.5,67.6
Southwest,5/31/1994,69.5,83.2,97,96.6,67.5
Southwest,6/1/1994,65,80.5,95.4,96.4,67
Southwest,6/2/1994,66.4,82.1,96.8,96.3,65.9
Southwest,6/3/1994,66.3,82.5,96.8,96.3,66.1
Southwest,6/4/1994,65.7,81.1,95.2,95.5,65.4
Southwest,6/5/1994,64.3,80.3,94.6,94.5,64.7
Southwest,6/6/1994,64.1,79.8,93.7,93.4,63.5
Southwest,6/7/1994,62,78,92,93.2,62.9
Southwest,6/8/1994,62.6,78.7,93.9,94.8,63.9
Southwest,6/9/1994,67,82.5,98.6,98,66.7
Southwest,6/10/1994,70.4,86.3,101.6,100.2,69.5
Southwest,6/11/1994,71.2,86.7,100.3,100.1,70.3
Southwest,6/12/1994,69.4,85,98.5,98.7,69.5
Southwest,6/13/1994,67.9,83.7,97.4,97.4,67.8
Southwest,6/14/1994,66.1,82.2,96.2,95.6,65.7
Southwest,6/15/1994,63.1,78.9,93.2,94.6,63.9
Southwest,6/16/1994,62.4,78.3,94.3,93.7,64.3
Southwest,6/17/1994,67.5,81.5,93.6,94.2,66.7
Southwest,6/18/1994,70.2,82.8,94.7,94.5,69.4
Southwest,6/19/1994,70.5,83.8,95.1,94.8,71.2
Southwest,6/20/1994,73,84.2,94.5,94.3,71.7
Southwest,6/21/1994,71.5,82.9,93.4,95.1,71.7
Southwest,6/22/1994,70.7,84.1,97.4,97.6,71.1
Southwest,6/23/1994,71.1,86.3,101.9,101.9,72.1
Southwest,6/24/1994,74.4,90.3,106.5,105.5,74
Southwest,6/25/1994,76.4,92.8,108.2,107.4,75.8
Southwest,6/26/1994,76.6,92.5,107.4,107.3,75.9
Southwest,6/27/1994,74.8,91,106.4,107.5,75.8
Southwest,6/28/1994,75.9,92.2,108.6,107.6,76.3
Southwest,6/29/1994,78.1,93.6,107.9,107.6,76.5
Southwest,6/30/1994,75.4,91.2,106.2,106.1,76.2
Southwest,7/1/1994,75.2,90.2,104.2,104.5,75
Southwest,7/2/1994,74.3,89.1,103.1,102.9,74
Southwest,7/3/1994,72.4,87.7,101.4,101.6,72.2
Southwest,7/4/1994,70,85.8,100.3,99.6,70.2
Southwest,7/5/1994,68.1,82.9,97.1,98.3,68.1
Southwest,7/6/1994,66.3,82.5,97.4,98.2,67.3
Southwest,7/7/1994,67.6,83.8,100.1,99.9,67.9
Southwest,7/8/1994,69.9,86.2,102.3,101.4,69.9
Southwest,7/9/1994,72.1,87.1,101.7,102.2,71.9
Southwest,7/10/1994,73.6,88.2,102.5,102.2,73.2
Southwest,7/11/1994,74,88.4,102.5,102,73.4
Southwest,7/12/1994,72.7,87.6,101.1,101.4,72.2
Southwest,7/13/1994,69.8,86,100.5,100.6,70.7
Southwest,7/14/1994,69.5,85.5,100.2,100.2,69.4
Southwest,7/15/1994,69,85,99.9,99.9,69.9
Southwest,7/16/1994,71.2,85.6,99.7,99.2,71.7
Southwest,7/17/1994,74.9,84.4,97.9,95.6,71.6
Southwest,7/18/1994,68.8,78.1,89.1,92.7,71
Southwest,7/19/1994,69.2,79.8,91.1,91.9,69.9
Southwest,7/20/1994,71.8,83.1,95.4,94.6,71.3
Southwest,7/21/1994,72.9,85.4,97.4,97.2,72.9
Southwest,7/22/1994,74.1,86.4,98.7,98.3,74.1
Southwest,7/23/1994,75.2,87.5,98.9,98.9,75
Southwest,7/24/1994,75.7,88,99,98.9,75.3
Southwest,7/25/1994,75.1,87.2,98.9,98.6,75.9
Southwest,7/26/1994,77,87.7,98,97.9,76.8
Southwest,7/27/1994,78.2,87.9,96.9,96.7,77
Southwest,7/28/1994,75.7,85.6,95.3,96.4,76.2
Southwest,7/29/1994,74.7,85.9,96.9,95.9,74.8
Southwest,7/30/1994,74,84.8,95.4,96.2,74.1
Southwest,7/31/1994,73.6,84.8,96.4,96.5,74.1
Southwest,8/1/1994,74.8,86.4,97.7,98.5,74.4
Southwest,8/2/1994,74.8,87.9,101.5,100.7,74.6
Southwest,8/3/1994,74.2,88.6,102.9,102.3,74.4
Southwest,8/4/1994,74.2,88.7,102.4,102.4,74.7
Southwest,8/5/1994,75.6,89.3,102,101.9,75.9
Southwest,8/6/1994,77.9,90.1,101.2,101,77.2
Southwest,8/7/1994,78,89.3,99.9,99.9,77.1
Southwest,8/8/1994,75.3,86.3,98.6,96.5,75.7
Southwest,8/9/1994,73.7,82.6,91,95.8,74.9
Southwest,8/10/1994,75.6,85.8,97.8,95.8,75.9
Southwest,8/11/1994,78.4,88.9,98.7,97.7,76.6
Southwest,8/12/1994,75.7,86.5,96.7,97.8,76.5
Southwest,8/13/1994,75.3,86.6,97.9,97.9,75.2
Southwest,8/14/1994,74.7,86.3,99.1,98.3,75.6
Southwest,8/15/1994,76.9,87.6,98,98.1,75.7
Southwest,8/16/1994,75.6,86.3,97.1,96.8,76.2
Southwest,8/17/1994,76.2,85.6,95.3,96.6,75.7
Southwest,8/18/1994,75.2,86.5,97.4,96.6,75.4
Southwest,8/19/1994,74.7,86.4,97.1,97.2,74.2
Southwest,8/20/1994,72.8,85.2,97.2,96.7,73.2
Southwest,8/21/1994,72.1,84.5,95.8,95.7,72
Southwest,8/22/1994,71.1,82.8,94.2,95.8,72.2
Southwest,8/23/1994,73.5,85,97.4,96.8,72.9
Southwest,8/24/1994,74.2,86.5,98.8,97.9,73.7
Southwest,8/25/1994,73.3,85.6,97.6,97.4,73.4
Southwest,8/26/1994,72.7,84.5,95.8,95.8,73.7
Southwest,8/27/1994,75,85.1,94.1,96,74.1
Southwest,8/28/1994,74.7,85.8,98.1,96.6,74.6
Southwest,8/29/1994,74,86.2,97.6,97.2,73.8
Southwest,8/30/1994,72.6,83.9,95.9,95.4,72.3
Southwest,8/31/1994,70.3,81.7,92.6,94,70.7
Southwest,9/1/1994,69.1,81,93.6,92.9,70.1
Southwest,9/2/1994,71,82,92.4,92.1,70.3
Southwest,9/3/1994,70.9,79.2,90.4,90.9,70.3
Southwest,9/4/1994,69.1,78.2,89.9,91.5,69.9
Southwest,9/5/1994,69.6,81,94.3,93.2,69.7
Southwest,9/6/1994,70.4,82.7,95.3,95.2,70.5
Southwest,9/7/1994,71.4,83.8,96.1,96,71.2
Southwest,9/8/1994,71.8,84.3,96.7,96.5,72.1
Southwest,9/9/1994,73,84.9,96.6,95.8,72.2
Southwest,9/10/1994,71.7,83.4,94.1,94.6,71.3
Southwest,9/11/1994,69.2,81,93,92.9,69.4
Southwest,9/12/1994,67.4,79.9,91.5,91.3,67.3
Southwest,9/13/1994,65.2,76.9,89.3,89.5,64.8
Southwest,9/14/1994,61.7,74.4,87.6,88.7,62.8
Southwest,9/15/1994,61.6,75.1,89.3,89.5,62.3
Southwest,9/16/1994,63.5,77.2,91.7,91.4,63.6
Southwest,9/17/1994,65.8,78.8,93.2,92.9,65.9
Southwest,9/18/1994,68.3,80.3,93.8,93,67.6
Southwest,9/19/1994,68.7,79.4,92,91.3,69.6
Southwest,9/20/1994,71.7,79.6,88.1,89,69.3
Southwest,9/21/1994,67.4,76.9,87,87.7,67.3
Southwest,9/22/1994,62.7,74.9,88,88.8,64.8
Southwest,9/23/1994,64.3,76.6,91.3,90,64.2
Southwest,9/24/1994,65.6,77.8,90.7,91.1,65.5
Southwest,9/25/1994,66.5,78.2,91.2,91.5,66.2
Southwest,9/26/1994,66.4,78.8,92.5,92.7,66.6
Southwest,9/27/1994,67,79.6,94.4,94.2,67.3
Southwest,9/28/1994,68.6,81.2,95.6,94.5,68.5
Southwest,9/29/1994,69.8,81.3,93.6,93.2,68.7
Southwest,9/30/1994,67.7,78.9,90.4,90,67.2
Southwest,10/1/1994,64,74.8,86.1,87.3,64
Southwest,10/2/1994,60.2,72.4,85.4,85,61.5
Southwest,10/3/1994,60.2,71.9,83.6,84.4,59.8
Southwest,10/4/1994,58.9,70.8,84.3,82.8,59.1
Southwest,10/5/1994,58.2,68.3,80.5,80.1,56.2
Southwest,10/6/1994,51.5,63,75.4,77.8,54.5
Southwest,10/7/1994,53.9,64.9,77.6,78.3,53.5
Southwest,10/8/1994,55,67.2,81.9,80.1,54.9
Southwest,10/9/1994,55.9,67.8,80.9,81.7,55.2
Southwest,10/10/1994,54.6,67.4,82.3,82.1,55.5
Southwest,10/11/1994,56.1,68.7,83.2,82.8,56.3
Southwest,10/12/1994,58.3,70,83,82.3,57.2
Southwest,10/13/1994,57.1,69.1,80.7,79.6,55.3
Southwest,10/14/1994,50.5,60,75,73.8,51.7
Southwest,10/15/1994,47.4,56.3,65.8,68.1,48.4
Southwest,10/16/1994,47.4,55.2,63.6,65.3,46.3
Southwest,10/17/1994,44,53.9,66.4,66.9,46
Southwest,10/18/1994,46.5,57.1,70.7,70.6,46.5
Southwest,10/19/1994,49,60.4,74.6,74.1,49.3
Southwest,10/20/1994,52.3,63.3,76.9,76.7,51.4
Southwest,10/21/1994,52.9,64.4,78.5,78.4,52.7
Southwest,10/22/1994,52.8,65.1,79.8,79.5,53.7
Southwest,10/23/1994,55.4,66.8,80.3,80.1,55.1
Southwest,10/24/1994,57.2,68,80.1,79.1,55.8
Southwest,10/25/1994,54.7,65.7,76.9,78.2,55.1
Southwest,10/26/1994,53.3,64.2,77.5,78.3,54.3
Southwest,10/27/1994,54.9,66.1,80.4,79.7,54.6
Southwest,10/28/1994,55.7,67.1,81.1,80.6,54.9
Southwest,10/29/1994,54.1,66.7,80.4,79.3,53.9
Southwest,10/30/1994,51.9,63.9,76.3,77.9,52
Southwest,10/31/1994,50.1,62.4,77,77.2,51.4
Southwest,11/1/1994,52.3,64.1,78.3,75.9,52.3
Southwest,11/2/1994,54.4,62.7,72.4,72.6,50.9
Southwest,11/3/1994,46,54.5,67,65.7,45.9
Southwest,11/4/1994,37.2,47.3,57.6,62.9,40.7
Southwest,11/5/1994,38.9,48.9,64.2,65.7,41
Southwest,11/6/1994,47,57.5,75.4,70.8,44.7
Southwest,11/7/1994,48.3,59.9,72.9,72,47.4
Southwest,11/8/1994,46.9,56.3,67.6,69.7,46.3
Southwest,11/9/1994,43.8,54.5,68.7,69,45.8
Southwest,11/10/1994,46.8,57,70.8,67.7,46
Southwest,11/11/1994,47.5,54.3,63.7,64.3,47.9
Southwest,11/12/1994,49.5,54.1,58.5,60.2,46.3
Southwest,11/13/1994,42,49.9,58.3,58.9,43.5
Southwest,11/14/1994,39,48.4,59.9,60.9,40
Southwest,11/15/1994,39,49.2,64.4,63.1,41
Southwest,11/16/1994,45,53.2,65.1,62.8,40.7
Southwest,11/17/1994,38,47.4,59,60.2,40
Southwest,11/18/1994,36.9,45.6,56.4,55.8,36.7
Southwest,11/19/1994,35.3,43.3,52.1,52.8,33.9
Southwest,11/20/1994,29.4,37.6,50,53.8,33.2
Southwest,11/21/1994,34.8,43.6,59.2,57.1,35
Southwest,11/22/1994,40.8,49.3,62.1,61.8,39.5
Southwest,11/23/1994,42.8,51.2,64,64.5,42.6
Southwest,11/24/1994,44.2,53.3,67.3,65.7,44.7
Southwest,11/25/1994,47.2,55.7,65.8,64.4,44.4
Southwest,11/26/1994,41.9,51,60,59.7,40.5
Southwest,11/27/1994,32.4,41.8,53.3,55.8,35.2
Southwest,11/28/1994,31.2,40.1,54,54.8,32.2
Southwest,11/29/1994,33,42.6,57.1,58.2,33.7
Southwest,11/30/1994,36.9,46.6,63.6,62.4,36.9
Southwest,12/1/1994,40.7,51,66.6,64.5,40
Southwest,12/2/1994,42.3,52.3,63.3,64.7,41.4
Southwest,12/3/1994,41.2,51.1,64.1,63.6,42.1
Southwest,12/4/1994,42.9,52.2,63.4,62.2,43.9
Southwest,12/5/1994,47.5,51.7,59,60,46.5
Southwest,12/6/1994,49,52,57.7,58.5,46.4
Southwest,12/7/1994,42.8,49.9,58.8,57.7,43.9
Southwest,12/8/1994,40,47.6,56.5,55.8,38.7
Southwest,12/9/1994,33.4,42.6,52.2,54.4,35.4
Southwest,12/10/1994,32.8,41.5,54.6,54,34
Southwest,12/11/1994,35.9,44.1,55.1,55.3,36.5
Southwest,12/12/1994,40.8,46.8,56.2,55.4,38.2
Southwest,12/13/1994,37.9,45.6,55,54.9,39
Southwest,12/14/1994,38.2,45,53.4,54.7,37.6
Southwest,12/15/1994,36.8,44.9,55.8,56.1,37.3
Southwest,12/16/1994,36.8,45.7,59,60,38
Southwest,12/17/1994,40.5,49.5,65.2,63.1,40.1
Southwest,12/18/1994,43,52.1,65.2,64.6,42.2
Southwest,12/19/1994,43,52,63.5,64.2,42.4
Southwest,12/20/1994,41.2,51,63.9,64.4,42
Southwest,12/21/1994,41.9,51.6,65.8,64.3,42.8
Southwest,12/22/1994,45.3,52.5,63.1,62,44.9
Southwest,12/23/1994,47.5,51.3,57.1,58.9,46.5
Southwest,12/24/1994,46.6,49.9,56.5,56.7,46.3
Southwest,12/25/1994,44.9,49.8,56.5,56.6,45.3
Southwest,12/26/1994,44.3,49.1,56.9,56.2,43.8
Southwest,12/27/1994,42.3,47.8,55.3,56.3,42.4
Southwest,12/28/1994,40.7,47.5,56.6,56.3,41.6
Southwest,12/29/1994,41.7,48.2,56.9,55.6,40.1
Southwest,12/30/1994,38,44.8,53.2,54.1,38.2
Southwest,12/31/1994,35,42.4,52.2,53.5,36.5
Southwest,1/1/1995,36.4,43.6,55.2,54.3,36.4
Southwest,1/2/1995,37.8,45.4,55.5,54.8,37.1
Southwest,1/3/1995,37,44.4,53.7,53.3,39
Southwest,1/4/1995,42.1,45.6,50.7,51.9,41.2
Southwest,1/5/1995,44.5,46.7,51.3,50.7,41.1
Southwest,1/6/1995,36.7,42.9,50.1,52.7,39.1
Southwest,1/7/1995,36.2,43.8,56.6,56,38.1
Southwest,1/8/1995,41.5,49.1,61.3,60.1,40.2
Southwest,1/9/1995,43,51,62.4,62.2,42.8
Southwest,1/10/1995,43.8,51.9,62.9,61.3,44.4
Southwest,1/11/1995,46.3,51.7,58.7,59.5,44.7
Southwest,1/12/1995,44.1,50.1,56.8,58.3,44.7
Southwest,1/13/1995,43.8,50.7,59.3,59.3,43.3
Southwest,1/14/1995,42.1,50.4,61.9,60.1,43.8
Southwest,1/15/1995,45.4,51.2,59.2,58.2,41.6
Southwest,1/16/1995,37.4,44.3,53.5,53.3,38.9
Southwest,1/17/1995,33.9,39.7,47.2,50.2,34.3
Southwest,1/18/1995,31.6,39.1,49.9,51,32.9
Southwest,1/19/1995,33.2,41.8,55.9,54.1,34.1
Southwest,1/20/1995,37.5,45.1,56.4,55.4,36.2
Southwest,1/21/1995,37.8,45.2,54,55,37.6
Southwest,1/22/1995,37.5,45.3,54.5,56.1,38
Southwest,1/23/1995,38.6,46.6,59.7,59,39.9
Southwest,1/24/1995,43.5,50.9,62.8,60.8,42.6
Southwest,1/25/1995,45.7,50.5,60,59,44.5
Southwest,1/26/1995,44.2,48.3,54.1,56,42.7
Southwest,1/27/1995,38.2,45.1,53.9,54.7,40.3
Southwest,1/28/1995,38.5,46.1,56.2,55.6,38.3
Southwest,1/29/1995,38.1,46.4,56.7,56.7,37.7
Southwest,1/30/1995,36.5,45.4,57.2,59,37.8
Southwest,1/31/1995,38.9,47.9,63,63,40.2
Southwest,2/1/1995,45.3,54.5,68.9,67.8,44.2
Southwest,2/2/1995,48.4,58.3,71.6,70.9,47.2
Southwest,2/3/1995,47.8,58.9,72.3,71.9,47.6
Southwest,2/4/1995,46.5,57.5,71.8,71.7,47
Southwest,2/5/1995,46.6,57.7,71,71,46.6
Southwest,2/6/1995,46.8,57.5,70.1,70.2,46.6
Southwest,2/7/1995,46.4,57.1,69.6,68.9,46.2
Southwest,2/8/1995,45.5,55.5,67,67.4,44.9
Southwest,2/9/1995,42.8,52.8,65.5,65.2,43.4
Southwest,2/10/1995,41.8,51.6,63.2,63,41.5
Southwest,2/11/1995,39.8,49.6,60.2,61.3,40.6
Southwest,2/12/1995,40.2,49.6,60.4,60.4,42.6
Southwest,2/13/1995,47.8,52,60.6,60,46
Southwest,2/14/1995,50,53.5,59,59.5,48.9
Southwest,2/15/1995,48.9,52.9,59,60.4,47.6
Southwest,2/16/1995,44,52.1,63.2,62.5,45.6
Southwest,2/17/1995,43.8,53.3,65.2,66.3,44
Southwest,2/18/1995,44.3,55.4,70.5,69.5,45.1
Southwest,2/19/1995,47.3,58.6,72.9,73.4,46.7
Southwest,2/20/1995,48.6,60.2,76.9,74.9,49.2
Southwest,2/21/1995,51.8,61.9,75,73.5,49.8
Southwest,2/22/1995,48.9,57.6,68.5,70.7,49.4
Southwest,2/23/1995,47.4,56.6,68.5,69,48.3
Southwest,2/24/1995,48.7,59,70,69,48.2
Southwest,2/25/1995,48.6,57.8,68.5,69.1,48.2
Southwest,2/26/1995,47.4,57.6,68.9,69,47.9
Southwest,2/27/1995,47.8,58.4,69.6,68.8,47.5
Southwest,2/28/1995,47.4,56.2,68,67.2,46.8
Southwest,3/1/1995,45.2,54.3,64,65.5,45.4
Southwest,3/2/1995,43.6,53.7,64.5,65.2,44.9
Southwest,3/3/1995,46,55.7,67.1,66,45.4
Southwest,3/4/1995,46.7,56.4,66.3,66.2,46.6
Southwest,3/5/1995,47.2,56.2,65.3,65.3,48.3
Southwest,3/6/1995,50.9,56.6,64.3,64.5,46.5
Southwest,3/7/1995,41.5,52.1,63.9,64.7,44.8
Southwest,3/8/1995,42,53,65.8,66.9,42.9
Southwest,3/9/1995,45.1,56.2,71.1,70.4,45.2
Southwest,3/10/1995,48.6,60.3,74.4,72.9,48.8
Southwest,3/11/1995,52.7,60.1,73.2,69.9,49
Southwest,3/12/1995,45.7,53,62,67.3,47.6
Southwest,3/13/1995,44.4,54.1,66.6,68,46
Southwest,3/14/1995,48,59.2,75.3,73,48
Southwest,3/15/1995,51.5,63.3,77.1,77,50.4
Southwest,3/16/1995,51.8,64.4,78.6,77.8,52.4
Southwest,3/17/1995,53.9,65.8,77.8,77.9,52.8
Southwest,3/18/1995,52.7,64.6,77.4,77.3,52.8
Southwest,3/19/1995,51.7,64.1,76.6,77.1,52.1
Southwest,3/20/1995,52,64.3,77.3,76.7,52.3
Southwest,3/21/1995,53.2,64.4,76.2,74.8,50
Southwest,3/22/1995,44.9,57.2,71,71.3,47.9
Southwest,3/23/1995,45.5,56.4,66.7,67.3,44.1
Southwest,3/24/1995,41.8,52.7,64.3,63.8,41.6
Southwest,3/25/1995,37.4,48.5,60.3,61.8,38.5
Southwest,3/26/1995,36.2,47.5,60.9,62.7,37.8
Southwest,3/27/1995,39.7,52.1,66.8,64.6,39.1
Southwest,3/28/1995,41.3,53.6,66.1,66.1,40.7
Southwest,3/29/1995,41.2,52.7,65.3,65.9,41.4
Southwest,3/30/1995,41.6,53.7,66.4,67,41.9
Southwest,3/31/1995,42.8,55.9,69.3,69.7,43.3
Southwest,4/1/1995,45.4,58.9,73.5,71.8,44.9
Southwest,4/2/1995,46.5,60.1,72.5,73.6,46
Southwest,4/3/1995,46,59.5,74.9,75.3,47.5
Southwest,4/4/1995,50,63.7,78.5,78,49.3
Southwest,4/5/1995,51.9,66.3,80.6,80.1,51.4
Southwest,4/6/1995,52.3,66.8,81.2,80.4,51.6
Southwest,4/7/1995,50.7,65.2,79.5,79.3,51.3
Southwest,4/8/1995,50.9,64.4,77.3,77.6,49.7
Southwest,4/9/1995,47.6,61.1,76,72.4,45.7
Southwest,4/10/1995,38.6,51.7,64,70.2,42.8
Southwest,4/11/1995,42.1,55.1,70.7,71.1,42.8
Southwest,4/12/1995,47.7,61.8,78.7,76.9,47.4
Southwest,4/13/1995,52.5,66.8,81.2,79.7,49.5
Southwest,4/14/1995,48.4,63,79.2,77.6,50.3
Southwest,4/15/1995,50,59.3,72.3,72.7,47.3
Southwest,4/16/1995,43.5,55.6,66.5,67.2,44
Southwest,4/17/1995,38.4,49.3,62.8,64.3,40.8
Southwest,4/18/1995,40.4,51.6,63.6,63.1,39.7
Southwest,4/19/1995,40.2,49.8,62.8,63.2,40.1
Southwest,4/20/1995,39.7,50.6,63.2,63.3,39.9
Southwest,4/21/1995,39.8,52,63.8,65.5,40.8
Southwest,4/22/1995,42.9,54.9,69.6,69.1,43.1
Southwest,4/23/1995,46.7,59.7,73.8,73.9,46.3
Southwest,4/24/1995,49.4,63.6,78.3,78,49.4
Southwest,4/25/1995,52.2,66.6,81.8,80.7,51.5
Southwest,4/26/1995,52.9,67.9,82.1,82.2,53.3
Southwest,4/27/1995,54.7,68.8,82.8,82.1,53.9
Southwest,4/28/1995,54.1,67.7,81.5,82.5,54.9
Southwest,4/29/1995,55.8,69.1,83.2,83.3,56.1
Southwest,4/30/1995,58.4,71.4,85.1,84.1,58
Southwest,5/1/1995,59.9,72.3,84,84.2,58.9
Southwest,5/2/1995,58.3,70.6,83.4,82.4,57.2
Southwest,5/3/1995,53.3,66.8,79.8,81.9,55.5
Southwest,5/4/1995,54.8,68.8,82.5,80.8,52.5
Southwest,5/5/1995,49.5,62.3,80.2,76.9,49.4
Southwest,5/6/1995,43.9,55.6,67.9,70.8,45.7
Southwest,5/7/1995,43.8,54.6,64.2,67.7,44.2
Southwest,5/8/1995,44.9,56.6,71,70.8,46.1
Southwest,5/9/1995,49.6,62.6,77.2,76.4,49.4
Southwest,5/10/1995,53.7,67.2,81.1,80.4,53.1
Southwest,5/11/1995,56.1,69.7,82.9,81.9,54.9
Southwest,5/12/1995,54.8,68.7,81.6,81.1,53.7
Southwest,5/13/1995,50.3,64.5,78.9,79.9,51.9
Southwest,5/14/1995,50.6,64.3,79.2,79.7,51.8
Southwest,5/15/1995,54.4,67.7,81,80.1,53.1
Southwest,5/16/1995,54.4,67,80.1,78.3,52.2
Southwest,5/17/1995,47.7,60.7,73.9,78.8,51.7
Southwest,5/18/1995,52.9,66.4,82.4,81.3,53.2
Southwest,5/19/1995,58.9,72.9,87.7,85.9,57.4
Southwest,5/20/1995,60.3,74.6,87.5,88,59.4
Southwest,5/21/1995,58.9,74.3,88.7,87.8,59.4
Southwest,5/22/1995,58.9,73.2,87.2,86,57.1
Southwest,5/23/1995,53.5,67.4,82.1,82.7,54.8
Southwest,5/24/1995,51.9,65.6,78.8,80.2,52.9
Southwest,5/25/1995,53.4,67.2,79.6,79.8,53
Southwest,5/26/1995,53.6,67.7,81,81.4,54.4
Southwest,5/27/1995,56.2,70,83.7,83.4,56.3
Southwest,5/28/1995,59,72.6,85.4,84.8,57.9
Southwest,5/29/1995,58.6,72.8,85.3,86.3,59
Southwest,5/30/1995,59.5,74.1,88.2,88.3,60.3
Southwest,5/31/1995,62.7,77.2,91.5,90.9,62.3
Southwest,6/1/1995,64.7,79.4,93.1,91.9,62
Southwest,6/2/1995,58.6,73.8,91,89.6,60.3
Southwest,6/3/1995,57.7,72,84.6,88,58.8
Southwest,6/4/1995,60.1,74.1,88.4,88.3,60.2
Southwest,6/5/1995,62.8,77.4,91.8,90.2,61
Southwest,6/6/1995,60.1,74.9,90.5,89.3,59.5
Southwest,6/7/1995,55.6,70.3,85.6,85.1,55.3
Southwest,6/8/1995,50.1,64.9,79.2,82.9,52.9
Southwest,6/9/1995,53.1,67.6,84,84.6,54
Southwest,6/10/1995,58.9,74.3,90.5,90.3,58.6
Southwest,6/11/1995,63.9,79.6,96.5,95.3,63.5
Southwest,6/12/1995,67.8,83.6,98.9,97.8,66.5
Southwest,6/13/1995,67.8,83.9,98.1,98,67.9
Southwest,6/14/1995,68.1,83.6,97,96.6,66.6
Southwest,6/15/1995,63.9,79.3,94.8,93.2,63.1
Southwest,6/16/1995,57.3,71,87.8,86.7,57.8
Southwest,6/17/1995,52.2,65.3,77.4,84.3,55.5
Southwest,6/18/1995,56.9,70.8,87.6,85.6,57.2
Southwest,6/19/1995,62.4,77,91.8,90.7,60.9
Southwest,6/20/1995,63.4,78.7,92.6,92.3,62.6
Southwest,6/21/1995,62,78.1,92.4,93,62.7
Southwest,6/22/1995,62.7,79,93.9,94.5,63.4
Southwest,6/23/1995,65.4,81.6,97.2,96.8,65.1
Southwest,6/24/1995,67.3,83.7,99.3,99,67.6
Southwest,6/25/1995,70.2,85.7,100.4,99.7,68.9
Southwest,6/26/1995,69.1,85,99.4,99.4,69.1
Southwest,6/27/1995,68.1,84.1,98.5,99,69.1
Southwest,6/28/1995,70.1,85.1,99.1,98.6,69.9
Southwest,6/29/1995,71.5,85.7,98.3,98.1,70.7
Southwest,6/30/1995,70.4,83.8,96.8,97,70.2
Southwest,7/1/1995,68.8,82.3,95.9,96.1,69.5
Southwest,7/2/1995,69.2,83.1,95.6,95.1,67.7
Southwest,7/3/1995,65.2,80,93.9,94.9,66.2
Southwest,7/4/1995,64.1,79.7,95.2,95.4,65.5
Southwest,7/5/1995,67.1,82.3,97.2,97.7,66.7
Southwest,7/6/1995,68.8,84.4,100.6,100.6,69.6
Southwest,7/7/1995,72.9,88,104,102.5,72.2
Southwest,7/8/1995,75,89.5,103,102.8,73.5
Southwest,7/9/1995,72.6,87.5,101.3,101.7,73.4
Southwest,7/10/1995,72.5,87.2,100.7,100.6,72.7
Southwest,7/11/1995,72.9,86.8,99.7,99.7,72.2
Southwest,7/12/1995,71.2,85.3,98.6,98.2,71.3
Southwest,7/13/1995,69.7,83.5,96.3,97.2,70.8
Southwest,7/14/1995,71.6,84.7,96.8,96.4,70.9
Southwest,7/15/1995,71.4,84.6,96.2,96,71.6
Southwest,7/16/1995,71.9,83.3,95,95.3,71.3
Southwest,7/17/1995,70.7,82.8,94.8,95,71.3
Southwest,7/18/1995,71.2,83.5,95.1,95.1,70.8
Southwest,7/19/1995,70.6,83.1,95.3,96,70.7
Southwest,7/20/1995,70.3,84.1,97.6,97,71.2
Southwest,7/21/1995,72.7,85.7,98.1,97.8,71.2
Southwest,7/22/1995,70.6,84.8,97.7,98,70.6
Southwest,7/23/1995,68.6,83.6,98.2,98.9,69.7
Southwest,7/24/1995,69.8,85.3,100.8,100.9,69.8
Southwest,7/25/1995,71,87.1,103.6,104,71.6
Southwest,7/26/1995,74,90.4,107.5,106.5,73.9
Southwest,7/27/1995,76.6,92.5,108.5,108.8,75.6
Southwest,7/28/1995,76.1,92.9,110.3,109.1,76.7
Southwest,7/29/1995,77.3,92.6,108.5,107.7,76
Southwest,7/30/1995,74.7,89.9,104.4,105.4,76.1
Southwest,7/31/1995,76.4,90,103.3,103.7,75.3
Southwest,8/1/1995,74.7,89.2,103.4,103.7,75.1
Southwest,8/2/1995,74.1,89.2,104.3,104.3,74.3
Southwest,8/3/1995,74,89.7,105.1,104.5,74.3
Southwest,8/4/1995,74.8,89.6,104,104.5,74.8
Southwest,8/5/1995,75.7,90.1,104.3,104.2,75.6
Southwest,8/6/1995,76.2,90,104.3,103.9,76
Southwest,8/7/1995,76.2,90.1,103.1,103.5,76.4
Southwest,8/8/1995,76.8,90.2,103,103.1,76.7
Southwest,8/9/1995,77,90.6,103.1,102.6,77.1
Southwest,8/10/1995,77.6,89.7,101.8,101.3,76.5
Southwest,8/11/1995,75,87.3,99,98.9,75.5
Southwest,8/12/1995,73.8,84.5,96,97.5,74.8
Southwest,8/13/1995,75.5,86.5,97.5,95.9,74.8
Southwest,8/14/1995,75.2,85.3,94.3,94.4,74.1
Southwest,8/15/1995,71.5,80.4,91.4,91.5,72.6
Southwest,8/16/1995,71.1,79.5,88.8,90.4,71.1
Southwest,8/17/1995,70.8,80.2,91.1,91,70.8
Southwest,8/18/1995,70.6,81.6,93.2,92.2,71.6
Southwest,8/19/1995,73.4,82.8,92.3,92.3,72
Southwest,8/20/1995,71.9,81.3,91.5,92.1,72.7
Southwest,8/21/1995,72.8,82.4,92.4,93.4,73.1
Southwest,8/22/1995,74.6,85.3,96.4,95.1,74.3
Southwest,8/23/1995,75.5,86.2,96.6,95.6,74.9
Southwest,8/24/1995,74.6,84.1,93.8,94,74.5
Southwest,8/25/1995,73.4,82.8,91.6,93,73.8
Southwest,8/26/1995,73.4,83,93.5,93.2,73.6
Southwest,8/27/1995,74,84.2,94.4,94.8,74.1
Southwest,8/28/1995,74.8,85.3,96.5,96.7,74.8
Southwest,8/29/1995,75.5,87.2,99.2,98.3,75.1
Southwest,8/30/1995,75.1,87.4,99.1,99.7,75.4
Southwest,8/31/1995,75.7,88,100.7,100.3,76.2
Southwest,9/1/1995,77.7,89.5,101.2,100.6,76.3
Southwest,9/2/1995,75.4,88.1,99.8,100.2,75.8
Southwest,9/3/1995,74.4,87.1,99.5,99.8,75.1
Southwest,9/4/1995,75.4,87.5,100,99.4,74.7
Southwest,9/5/1995,74.3,86.1,98.7,99.1,74.5
Southwest,9/6/1995,73.9,85.5,98.5,97.7,74.2
Southwest,9/7/1995,74.5,85.3,96,95.9,73.6
Southwest,9/8/1995,72.4,82.9,93.1,93.6,72.1
Southwest,9/9/1995,69.3,81.1,91.8,92.1,70.4
Southwest,9/10/1995,69.4,80.6,91.5,92.5,69.1
Southwest,9/11/1995,68.6,80.9,94.1,94,68.6
Southwest,9/12/1995,67.9,81.4,96.3,95.8,68.4
Southwest,9/13/1995,68.8,82.7,96.9,96,68.7
Southwest,9/14/1995,69.3,81.7,94.8,94,68.7
Southwest,9/15/1995,68,79,90.4,91.2,68.2
Southwest,9/16/1995,67.3,76.9,88.3,89.7,67.7
Southwest,9/17/1995,67.8,78.4,90.5,90.1,68.2
Southwest,9/18/1995,69.5,80.4,91.5,91.5,68.5
Southwest,9/19/1995,68.3,79.8,92.6,92.3,68.3
Southwest,9/20/1995,67,79.5,92.8,92.2,67.2
Southwest,9/21/1995,66.2,78.6,91.2,90.3,64.6
Southwest,9/22/1995,60.7,73.2,86.9,89.1,62.7
Southwest,9/23/1995,61.1,74.1,89.2,88.2,61.6
Southwest,9/24/1995,62.9,75.6,88.4,88.9,62.6
Southwest,9/25/1995,63.9,75.9,89,89,64
Southwest,9/26/1995,65.1,77,89.7,89.4,64.7
Southwest,9/27/1995,65.2,76.7,89.4,88.7,64.9
Southwest,9/28/1995,64.3,74.3,87.1,86.1,62.7
Southwest,9/29/1995,58.6,70.3,81.8,84,59.9
Southwest,9/30/1995,56.9,69.4,83.1,83.4,58
Southwest,10/1/1995,58.4,71,85.3,85.1,58.1
Southwest,10/2/1995,59,72.2,86.9,87,59.1
Southwest,10/3/1995,60,73.3,88.8,87.5,59.5
Southwest,10/4/1995,59.4,73,86.8,86.1,57.5
Southwest,10/5/1995,53.2,67.3,82.8,84.3,55.4
Southwest,10/6/1995,53.5,67.1,83.4,83.7,54.7
Southwest,10/7/1995,57.4,69.7,84.8,84.3,55.9
Southwest,10/8/1995,56.7,69.8,84.8,85.1,57
Southwest,10/9/1995,56.9,70.2,85.7,86.3,57.3
Southwest,10/10/1995,58.2,72,88.5,88.5,58.6
Southwest,10/11/1995,60.6,74.2,91.2,89.3,60.4
Southwest,10/12/1995,62.4,74.6,88.2,89.6,61.2
Southwest,10/13/1995,60.6,73.6,89.3,88.8,60.9
Southwest,10/14/1995,59.8,73.3,89,89.4,60.5
Southwest,10/15/1995,61.1,74.5,89.9,88.4,60.9
Southwest,10/16/1995,61.7,74.1,86.3,86.9,59.8
Southwest,10/17/1995,56.7,69.7,84.6,85.9,59.2
Southwest,10/18/1995,59.1,71.6,86.8,86,58.1
Southwest,10/19/1995,58.6,71.4,86.5,86.2,58.4
Southwest,10/20/1995,57.5,70.3,85.4,86.1,58.1
Southwest,10/21/1995,58.2,70.7,86.3,84.6,57.2
Southwest,10/22/1995,55.8,67.4,82.1,80.4,52.9
Southwest,10/23/1995,44.7,57.9,72.7,77,50
Southwest,10/24/1995,49.5,60.7,76.1,75.2,48.1
Southwest,10/25/1995,50.1,61.9,76.7,77.2,49.8
Southwest,10/26/1995,49.9,62.5,78.8,78.7,50.9
Southwest,10/27/1995,52.8,64.8,80.5,80.8,52.8
Southwest,10/28/1995,55.6,67.7,83.2,81.8,55.5
Southwest,10/29/1995,58.1,68.6,81.7,80.5,56.4
Southwest,10/30/1995,55.5,65.6,76.7,76.6,55.5
Southwest,10/31/1995,52.9,62.2,71.5,72.3,53.1
Southwest,11/1/1995,51,59.6,68.7,69.5,51.4
Southwest,11/2/1995,50.4,58,68.2,69.3,49.9
Southwest,11/3/1995,48.3,58.7,71,70,48.9
Southwest,11/4/1995,48,58.7,70.9,70.8,48.8
Southwest,11/5/1995,50.1,59.4,70.4,69.3,50.5
Southwest,11/6/1995,53.5,59.2,66.5,69.3,50.9
Southwest,11/7/1995,49.2,58.5,70.9,71.2,51.2
Southwest,11/8/1995,50.9,61.6,76.3,73.8,50.7
Southwest,11/9/1995,51.9,62.7,74.3,73.6,51
Southwest,11/10/1995,50.3,59.9,70.1,71.9,50
Southwest,11/11/1995,47.9,58.6,71.4,72.1,49.3
Southwest,11/12/1995,49.6,60.3,74.7,74.3,49.5
Southwest,11/13/1995,51.1,62.1,76.9,76.1,51.1
Southwest,11/14/1995,52.5,63.5,76.6,77.1,51.9
Southwest,11/15/1995,52.1,63.4,77.8,76.9,52.6
Southwest,11/16/1995,53.1,63.6,76.2,76.9,52.8
Southwest,11/17/1995,53.1,63.6,76.8,76.5,52.6
Southwest,11/18/1995,51.5,62.8,76.5,76.7,52
Southwest,11/19/1995,51.5,62.5,76.7,76.6,51.7
Southwest,11/20/1995,52,63,76.7,76.6,51.7
Southwest,11/21/1995,51.6,62.7,76.3,76.2,51.5
Southwest,11/22/1995,50.9,61.9,75.6,75.4,51
Southwest,11/23/1995,50.6,61.1,74.4,76.1,50.9
Southwest,11/24/1995,51.3,62.6,78.2,77.1,51.9
Southwest,11/25/1995,53.7,64,78.7,76.8,52.7
Southwest,11/26/1995,53.1,62.7,73.5,73,50.5
Southwest,11/27/1995,44.7,55.6,66.9,67.5,45.6
Southwest,11/28/1995,39.1,49.5,62.2,66.1,42.4
Southwest,11/29/1995,43.4,53.1,69.1,67.9,43.1
Southwest,11/30/1995,46.9,57.2,72.4,71.5,46.2
Southwest,12/1/1995,48.2,58.9,73.1,72.1,47.4
Southwest,12/2/1995,47,58,70.8,71.3,47.2
Southwest,12/3/1995,46.5,56.6,69.9,70.4,47
Southwest,12/4/1995,47.5,57.2,70.6,70.5,47.5
Southwest,12/5/1995,48.5,58.1,71.1,71.2,48.6
Southwest,12/6/1995,49.9,59.3,71.9,70.6,48.7
Southwest,12/7/1995,47.7,57.6,68.7,68.5,47
Southwest,12/8/1995,43.5,53.6,65,66.9,44.6
Southwest,12/9/1995,42.5,52.9,67.1,67.2,43.4
Southwest,12/10/1995,44.2,54.6,69.6,68.7,43.9
Southwest,12/11/1995,44.9,55.6,69.4,70,45.7
Southwest,12/12/1995,47.9,57,71.1,69.6,46.5
Southwest,12/13/1995,46.7,56.5,68.3,67.3,46.3
Southwest,12/14/1995,44.2,53,62.5,64.4,43.9
Southwest,12/15/1995,40.8,50,62.4,61,41.5
Southwest,12/16/1995,39.6,48.9,58,58.2,38.5
Southwest,12/17/1995,35.1,43.9,54.2,55.6,36.5
Southwest,12/18/1995,34.8,43.4,54.5,54.9,34.8
Southwest,12/19/1995,34.6,43.9,55.9,55.1,34.7
Southwest,12/20/1995,34.7,43.9,54.8,54.6,34.6
Southwest,12/21/1995,34.5,43,53,53,33.9
Southwest,12/22/1995,32.6,41,51.1,52.2,33.2
Southwest,12/23/1995,32.4,40.6,52.5,52.3,33.7
Southwest,12/24/1995,36.1,43.4,53.3,54.5,34.4
Southwest,12/25/1995,34.6,43.8,57.7,57,36
Southwest,12/26/1995,37.4,46.3,60,59.4,36.5
Southwest,12/27/1995,37.4,47.3,60.5,60.2,37.7
Southwest,12/28/1995,38.4,48,60.1,58.9,37.3
Southwest,12/29/1995,36.2,45.6,56.2,58.3,37.2
Southwest,12/30/1995,37.1,45.8,58.7,58.5,37.9
Southwest,12/31/1995,40.5,48.7,60.6,59.2,38.7
Southwest,1/1/1996,38.5,47.8,58.2,57.5,38.2
Southwest,1/2/1996,35.6,43.5,53.7,56,35.6
Southwest,1/3/1996,32.8,41.4,56.1,56.3,34.8
Southwest,1/4/1996,36.1,45.6,59.1,58.1,35.4
Southwest,1/5/1996,37.4,47.1,59.1,59.7,37.4
Southwest,1/6/1996,38.8,48,60.9,62.3,39
Southwest,1/7/1996,40.7,50.5,67,65.4,40.5
Southwest,1/8/1996,42,52.7,68.2,68.4,42.3
Southwest,1/9/1996,44.3,54.8,70,69,44.1
Southwest,1/10/1996,46.1,56,68.7,69.1,44.5
Southwest,1/11/1996,43.1,54.2,68.5,69.6,44.5
Southwest,1/12/1996,44.2,55.2,71.7,70.2,44.2
Southwest,1/13/1996,45.2,55.9,70.4,70.3,44.5
Southwest,1/14/1996,44.2,55,68.8,69.5,44.5
Southwest,1/15/1996,44.1,55,69.3,69,45
Southwest,1/16/1996,46.7,57,68.9,67.8,45.8
Southwest,1/17/1996,46.5,54.1,65.3,63.7,42.1
Southwest,1/18/1996,33.2,43.9,56.9,60.6,38.6
Southwest,1/19/1996,36.1,45.8,59.6,58.2,35.4
Southwest,1/20/1996,36.9,46.6,58,59.4,36
Southwest,1/21/1996,35,45.7,60.5,58.6,36.4
Southwest,1/22/1996,37.4,45.8,57.2,56.2,34.3
Southwest,1/23/1996,30.6,40.3,50.8,54.2,32.9
Southwest,1/24/1996,30.7,40.6,54.5,54.2,31.8
Southwest,1/25/1996,34.1,43.8,57.4,56,32.9
Southwest,1/26/1996,33.8,44,56.1,58.1,34.7
Southwest,1/27/1996,36.1,46.4,60.9,59.6,36.5
Southwest,1/28/1996,39.6,49.2,61.8,61.8,37.9
Southwest,1/29/1996,38,49,62.8,64,39.7
Southwest,1/30/1996,41.5,51.9,67.4,65.1,41.3
Southwest,1/31/1996,44.5,54.8,65,65,44.3
Southwest,2/1/1996,46.9,52.1,62.7,61.7,44.3
Southwest,2/2/1996,41.4,47.9,57.5,60,42.6
Southwest,2/3/1996,39.6,48.5,59.7,60.9,40.5
Southwest,2/4/1996,40.6,51.2,65.4,65,41.6
Southwest,2/5/1996,44.7,54.9,69.9,69,44.6
Southwest,2/6/1996,48.6,58.7,71.7,71.9,47.4
Southwest,2/7/1996,48.9,59.6,74.1,73.8,49.3
Southwest,2/8/1996,50.4,61.7,75.7,74.7,49.7
Southwest,2/9/1996,49.7,61.5,74.4,74.6,49.8
Southwest,2/10/1996,49.3,60.8,73.8,73.3,49.7
Southwest,2/11/1996,50,59.3,71.8,70.7,49.6
Southwest,2/12/1996,49.4,57.5,66.5,68.3,49.7
Southwest,2/13/1996,49.7,56.8,66.7,67.9,48.7
Southwest,2/14/1996,47,57.2,70.5,69.7,48
Southwest,2/15/1996,47.4,58.3,71.9,72.1,47.6
Southwest,2/16/1996,48.5,60,73.9,73.8,48.7
Southwest,2/17/1996,50.3,61.6,75.7,74.6,49.9
Southwest,2/18/1996,50.9,62.1,74.1,73.8,49.7
Southwest,2/19/1996,47.9,59,71.6,72.3,49.8
Southwest,2/20/1996,50.7,60.2,71.1,70.8,50.1
Southwest,2/21/1996,51.6,60.6,69.8,69.8,50.5
Southwest,2/22/1996,49.1,57.4,68.5,67.1,46.4
Southwest,2/23/1996,38.5,50.2,62.9,65.5,43.4
Southwest,2/24/1996,42.5,52.2,65,63.6,40.6
Southwest,2/25/1996,40.8,50.6,62.8,61.6,40.1
Southwest,2/26/1996,36.9,44.7,56.9,56.6,36.4
Southwest,2/27/1996,31.4,39.8,50.2,54,34.2
Southwest,2/28/1996,34.3,43.2,55,54.3,33.8
Southwest,2/29/1996,35.6,45.6,57.7,57.6,35.6
Southwest,3/1/1996,36.8,47.2,60.1,60.5,36.3
Southwest,3/2/1996,36.6,48.7,63.7,64.4,38.5
Southwest,3/3/1996,42,53.9,69.4,67.2,42
Southwest,3/4/1996,47.4,57.9,68.6,68.3,44.9
Southwest,3/5/1996,45.4,55.6,66.9,66.7,44
Southwest,3/6/1996,39.2,51.4,64.5,65.9,41.3
Southwest,3/7/1996,39.3,51.1,66.4,67.6,40.3
Southwest,3/8/1996,42.5,55.7,71.9,71.4,42.5
Southwest,3/9/1996,45.8,58.8,75.8,75.6,46.1
Southwest,3/10/1996,50.1,63,79.1,77.4,48.1
Southwest,3/11/1996,48.5,62.2,77.3,76.7,48.2
Southwest,3/12/1996,45.9,58.9,73.6,73.5,46.4
Southwest,3/13/1996,44.8,54.7,69.5,66.9,44.2
Southwest,3/14/1996,41.8,49.9,57.5,63.6,42.4
Southwest,3/15/1996,40.7,50.5,63.9,63.7,42
Southwest,3/16/1996,43.5,55.1,69.8,69.1,43.1
Southwest,3/17/1996,45.2,58.1,73.5,72.5,45.6
Southwest,3/18/1996,48,60.5,74.2,74.4,47.2
Southwest,3/19/1996,48.5,61.8,75.6,76.6,48.6
Southwest,3/20/1996,49.4,63.8,80,78.8,50.4
Southwest,3/21/1996,53.4,66.6,80.9,80,51.3
Southwest,3/22/1996,51,64.9,79.1,78.4,50.6
Southwest,3/23/1996,47.3,59.5,75.3,73,45.8
Southwest,3/24/1996,39,52,64.5,69.3,42.5
Southwest,3/25/1996,41.1,53.8,68.2,66.6,40.1
Southwest,3/26/1996,40.3,53.7,67.1,69.2,41.9
Southwest,3/27/1996,44.2,56.9,72.4,70.8,43.7
Southwest,3/28/1996,46.6,59.6,72.8,72.1,45
Southwest,3/29/1996,44.2,56.3,71.1,71.8,44.3
Southwest,3/30/1996,42.1,55.1,71.5,73.4,44.3
Southwest,3/31/1996,46.5,60.9,77.5,76.9,46.4
Southwest,4/1/1996,50.6,65.4,81.8,79.7,49.3
Southwest,4/2/1996,50.9,64.5,79.8,78.6,49.7
Southwest,4/3/1996,47.5,61.2,74.2,75.4,48.6
Southwest,4/4/1996,47.5,60.5,72.3,72.1,47.8
Southwest,4/5/1996,48.4,59.3,69.7,70.9,46.5
Southwest,4/6/1996,43.7,56.3,70.6,72.8,46.3
Southwest,4/7/1996,46.9,60.9,78.2,77.3,47.6
Southwest,4/8/1996,52.2,67,83.2,82.5,51.5
Southwest,4/9/1996,55.3,70.1,86.1,84.7,54.4
Southwest,4/10/1996,55.7,69.1,84.8,82,52.7
Southwest,4/11/1996,47,60.9,75,78.6,50.1
Southwest,4/12/1996,47.7,61.4,75.9,75,47
Southwest,4/13/1996,46.2,60.6,74.2,74.2,46.3
Southwest,4/14/1996,45.1,58.8,72.4,74.9,45.9
Southwest,4/15/1996,46.5,61.7,78,77.5,47.9
Southwest,4/16/1996,52,67.1,82,80,49.6
Southwest,4/17/1996,50.4,65,79.9,79.4,50.8
Southwest,4/18/1996,49.9,63.8,76.4,77,48.9
Southwest,4/19/1996,46.4,61.2,74.6,75.6,47.7
Southwest,4/20/1996,46.9,61,75.8,75.4,47.2
Southwest,4/21/1996,48.2,62.5,75.7,76.8,48
Southwest,4/22/1996,48.9,63.1,79,80.7,50.2
Southwest,4/23/1996,53.5,69.3,87.4,86.3,53.9
Southwest,4/24/1996,59.3,75.2,92.5,90.2,57.4
Southwest,4/25/1996,59.5,75.5,90.8,91.8,59.9
Southwest,4/26/1996,60.8,76.3,92,91.9,60.6
Southwest,4/27/1996,61.5,77.6,93,92,60.4
Southwest,4/28/1996,59,74.2,91,89.4,57.5
Southwest,4/29/1996,52,67.5,84.2,87.9,55.2
Southwest,4/30/1996,54.5,70.4,88.4,87.8,54.6
Southwest,5/1/1996,57.4,73.8,90.9,89.8,56.9
Southwest,5/2/1996,58.9,75,90.1,89.9,58.2
Southwest,5/3/1996,58.4,74.2,88.6,89.2,58.2
Southwest,5/4/1996,57.2,73.1,88.8,89.3,58.2
Southwest,5/5/1996,59,74.7,90.5,90.5,58.8
Southwest,5/6/1996,60.3,76,92.1,91.3,59.7
Southwest,5/7/1996,59.9,76,91.4,91.1,59.6
Southwest,5/8/1996,58.6,74.9,89.9,89.9,59.1
Southwest,5/9/1996,58.8,73.8,88.3,89.5,58.8
Southwest,5/10/1996,58.9,74.4,90.3,92.4,60.3
Southwest,5/11/1996,63.3,79.7,98.5,97,63.5
Southwest,5/12/1996,68.4,85,102.1,100.3,66.7
Southwest,5/13/1996,68.4,84.4,100.4,99.3,66.5
Southwest,5/14/1996,62.8,79.3,95.3,95.8,64.6
Southwest,5/15/1996,62.5,77.1,91.6,92.6,62.7
Southwest,5/16/1996,62.9,77.3,91,91,61.9
Southwest,5/17/1996,60.2,75.8,90.3,92.1,62.3
Southwest,5/18/1996,63.9,78.8,94.9,92.9,62.5
Southwest,5/19/1996,63.3,79,93.5,93.3,62.5
Southwest,5/20/1996,60.3,76.2,91.4,92.1,61.6
Southwest,5/21/1996,61.2,76.6,91.3,90.9,60.6
Southwest,5/22/1996,60.3,75.7,90.1,89.5,58.9
Southwest,5/23/1996,55.1,71.1,87,86.6,56.3
Southwest,5/24/1996,53.6,67.6,82.6,82,52.9
Southwest,5/25/1996,50,63.6,76.5,78.2,51.2
Southwest,5/26/1996,50.1,63.3,75.5,78.8,51.4
Southwest,5/27/1996,54.2,68,84.3,81.8,53.5
Southwest,5/28/1996,56.3,71.4,85.6,86,56
Southwest,5/29/1996,57.5,73.3,88.2,86.9,56.9
Southwest,5/30/1996,57,73.1,87,87.9,57.5
Southwest,5/31/1996,57.9,73.6,88.5,89.7,58.5
Southwest,6/1/1996,60.6,76.7,93.5,93.6,61.2
Southwest,6/2/1996,65.2,81.5,98.8,98,64.8
Southwest,6/3/1996,68.5,85,101.7,100.9,67.8
Southwest,6/4/1996,69.6,86.3,102.2,101.9,69.4
Southwest,6/5/1996,70.1,86.9,101.9,101.7,69.5
Southwest,6/6/1996,68.7,85.8,100.9,101,69.5
Southwest,6/7/1996,69.8,85.7,100.2,100.7,69.8
Southwest,6/8/1996,71,86.5,101.1,100.7,70.6
Southwest,6/9/1996,71,86.8,100.8,100.6,71.1
Southwest,6/10/1996,71.3,86.2,100,99.7,70.1
Southwest,6/11/1996,67.9,84.1,98.2,98.3,68.5
Southwest,6/12/1996,66.4,82.5,96.7,96.9,67
Southwest,6/13/1996,66.8,82.1,95.8,95.3,66.3
Southwest,6/14/1996,65.6,80.2,93.4,94.6,65.3
Southwest,6/15/1996,63.4,79.3,94.6,94.9,65
Southwest,6/16/1996,66.1,81.7,96.6,96.6,65.7
Southwest,6/17/1996,67.7,83.6,98.5,98.7,67.8
Southwest,6/18/1996,69.6,85.6,100.9,100.3,69.2
Southwest,6/19/1996,70.2,86.7,101.5,101.2,71
Southwest,6/20/1996,73.3,87.9,101.2,100.5,71.8
Southwest,6/21/1996,72,86.2,98.7,98.4,70.4
Southwest,6/22/1996,65.8,81.1,95.3,96.7,67.3
Southwest,6/23/1996,64,80.4,96,95.7,64.5
Southwest,6/24/1996,63.7,80.5,95.7,95.3,63.7
Southwest,6/25/1996,63.4,79.3,94.3,94,64.1
Southwest,6/26/1996,65.3,76.8,91.9,90.8,63.4
Southwest,6/27/1996,61.6,74.1,86.2,89.4,62.6
Southwest,6/28/1996,60.8,74.8,90.1,91.3,62.7
Southwest,6/29/1996,65.8,81,97.7,95.5,66.8
Southwest,6/30/1996,73.8,86.5,98.7,99.4,71.5
Southwest,7/1/1996,74.8,88.4,101.9,100.7,74.9
Southwest,7/2/1996,76,89.5,101.4,100.9,75.1
Southwest,7/3/1996,74.6,87,99.4,100.1,75.2
Southwest,7/4/1996,74.9,87.2,99.5,100,74.7
Southwest,7/5/1996,74.6,88,101.2,101,74.6
Southwest,7/6/1996,74.3,88,102.4,101.7,75.3
Southwest,7/7/1996,76.9,88.8,101.4,101.1,74.9
Southwest,7/8/1996,73.4,86.6,99.4,99.2,74.5
Southwest,7/9/1996,73.2,83.9,96.9,96.9,73.3
Southwest,7/10/1996,73.2,83.8,94.4,96.4,72.8
Southwest,7/11/1996,72,84.6,97.9,97.1,73.1
Southwest,7/12/1996,74.2,86.7,99,98.5,74.1
Southwest,7/13/1996,76.2,87.1,98.5,97.9,74.6
Southwest,7/14/1996,73.4,84.6,96.2,95.8,74.3
Southwest,7/15/1996,73.2,82.2,92.7,93.8,72.6
Southwest,7/16/1996,71.1,81.3,92.4,93.1,71.7
Southwest,7/17/1996,70.9,82.3,94.1,94.7,71
Southwest,7/18/1996,71.1,84.2,97.6,97.2,71.6
Southwest,7/19/1996,72.9,86.4,99.8,99.7,73
Southwest,7/20/1996,75.1,88.6,101.7,100.9,74.6
Southwest,7/21/1996,75.7,88.5,101.2,101.6,75.3
Southwest,7/22/1996,75,87.9,101.8,102.2,75.2
Southwest,7/23/1996,74.8,88.6,103.5,102.7,75
Southwest,7/24/1996,75.2,89.4,102.9,102.7,75
Southwest,7/25/1996,74.9,87.7,101.8,101.1,75
Southwest,7/26/1996,74.9,86.8,98.6,99,75.7
Southwest,7/27/1996,77.3,87.7,96.7,97.6,76
Southwest,7/28/1996,75.9,87,97.5,98.4,76.6
Southwest,7/29/1996,76.5,88.4,101.1,100.5,76.7
Southwest,7/30/1996,77.8,90.6,103,102.5,77.7
Southwest,7/31/1996,78.9,91.6,103.4,102.9,78.1
Southwest,8/1/1996,77.6,89,102.4,100.6,77.3
Southwest,8/2/1996,75.5,85.3,96.1,97.7,74.9
Southwest,8/3/1996,71.7,82.9,94.6,94.9,71.6
Southwest,8/4/1996,67.5,81.4,93.9,94.2,68.2
Southwest,8/5/1996,65.4,80.1,94,94.2,66.4
Southwest,8/6/1996,66.4,80.9,94.7,95.4,67
Southwest,8/7/1996,69.1,83.4,97.4,96.7,69.1
Southwest,8/8/1996,71.8,85.1,98.1,97.3,71.4
Southwest,8/9/1996,73.2,84.8,96.4,97.1,72.6
Southwest,8/10/1996,72.9,84.8,96.8,97.8,73.7
Southwest,8/11/1996,75,87.3,100.3,100.3,74.6
Southwest,8/12/1996,75.8,89.5,103.7,102.3,75.1
Southwest,8/13/1996,74.5,89.3,102.9,102.9,74.5
Southwest,8/14/1996,73.2,86.9,102,101.6,73.7
Southwest,8/15/1996,73.3,87,100,100.8,73.6
Southwest,8/16/1996,74.4,87.6,100.3,99.6,73.7
Southwest,8/17/1996,73.5,85.9,98.5,98,73.5
Southwest,8/18/1996,72.5,83.6,95.3,95,72.3
Southwest,8/19/1996,70.8,81.2,91.3,93.4,71.6
Southwest,8/20/1996,71.6,82.4,93.5,93.6,71.5
Southwest,8/21/1996,72,83.9,96.1,95.2,72.1
Southwest,8/22/1996,72.8,84.7,96,96.1,72.8
Southwest,8/23/1996,73.6,84.6,96.2,95.7,72.9
Southwest,8/24/1996,72.4,84,94.9,94.9,72.9
Southwest,8/25/1996,72.8,84,93.7,93.7,72.4
Southwest,8/26/1996,72.1,82.3,92.4,92.6,72
Southwest,8/27/1996,71.2,80.9,91.7,92.6,71.5
Southwest,8/28/1996,71.3,81.7,93.7,93.9,71.8
Southwest,8/29/1996,72.9,83.9,96.2,95.2,72.2
Southwest,8/30/1996,72.5,83.7,95.7,96.1,72.5
Southwest,8/31/1996,72,83.6,96.4,95.8,72
Southwest,9/1/1996,71.6,83.1,95.4,95.1,71.5
Southwest,9/2/1996,70.9,81.5,93.6,93,70.8
Southwest,9/3/1996,69.9,79.6,90,90.5,70.2
Southwest,9/4/1996,69.8,78.8,88,88.6,69.4
Southwest,9/5/1996,68.5,77.8,87.9,88.5,69
Southwest,9/6/1996,68.7,78.9,89.7,89.7,69
Southwest,9/7/1996,69.7,80,91.5,92.1,69.6
Southwest,9/8/1996,70.3,82,95,93.4,70.6
Southwest,9/9/1996,71.9,83,93.8,93.3,71.3
Southwest,9/10/1996,71.7,81.5,91,90.7,71.1
Southwest,9/11/1996,69.8,78.6,87.3,88.2,69.7
Southwest,9/12/1996,67.7,76.9,86.3,86.8,67.6
Southwest,9/13/1996,65.4,75.8,86.9,85.4,65.4
Southwest,9/14/1996,63,70.5,82.9,83.6,62.4
Southwest,9/15/1996,58.9,69.7,81.1,81.8,60.4
Southwest,9/16/1996,59.4,70.3,81.4,81.4,59.2
Southwest,9/17/1996,59.4,70.1,81.7,81.7,59.3
Southwest,9/18/1996,59.2,70.5,81.9,82.3,59.5
Southwest,9/19/1996,59.9,71.1,83.2,83.6,59.8
Southwest,9/20/1996,60.4,72.5,85.8,86,60.9
Southwest,9/21/1996,62.5,74.8,88.9,87.7,61.8
Southwest,9/22/1996,62.5,75.6,88.5,88.8,62.1
Southwest,9/23/1996,61.3,75,89.1,88.8,62.7
Southwest,9/24/1996,64.2,76.1,88.7,88.2,63.1
Southwest,9/25/1996,63.7,75.1,86.9,86.9,62.7
Southwest,9/26/1996,60.3,72.6,85,84.9,61
Southwest,9/27/1996,58.9,71,82.9,84.9,59.1
Southwest,9/28/1996,58.2,71.5,86.7,86.6,59.5
Southwest,9/29/1996,61.4,74.6,90.1,88.9,61.1
Southwest,9/30/1996,63.7,76.4,89.9,89.7,62.4
Southwest,10/1/1996,62.2,75.3,89,89,62.6
Southwest,10/2/1996,61.9,74.4,88,88.1,62
Southwest,10/3/1996,61.9,73.9,87.3,87.8,62.1
Southwest,10/4/1996,62.5,74.5,88.2,88.8,62.8
Southwest,10/5/1996,63.9,76,91,90.5,64
Southwest,10/6/1996,65.7,78.4,92.4,92,65.1
Southwest,10/7/1996,65.7,78.8,92.5,93.2,65.7
Southwest,10/8/1996,65.8,79.4,94.7,94.1,66
Southwest,10/9/1996,66.5,79.8,95,94.6,66.2
Southwest,10/10/1996,66.4,79.4,94.1,94,66.4
Southwest,10/11/1996,66.3,78.9,92.8,92.4,65.6
Southwest,10/12/1996,64.1,76.8,90.4,91,65
Southwest,10/13/1996,64.5,76.4,89.8,88.9,64.4
Southwest,10/14/1996,64.7,75.2,86.5,86.9,63.8
Southwest,10/15/1996,62.2,72.5,84.3,84.6,62.2
Southwest,10/16/1996,59.6,71,83,82.6,59.2
Southwest,10/17/1996,55.9,68,80.5,82,57.2
Southwest,10/18/1996,56,68.1,82.5,80.9,55.9
Southwest,10/19/1996,55.7,67,79.6,78.6,53.5
Southwest,10/20/1996,48.8,60.3,73.7,73.6,49
Southwest,10/21/1996,42.5,53.6,67.5,68.6,42.9
Southwest,10/22/1996,37.5,49,64.7,67.1,40.5
Southwest,10/23/1996,41.4,53.3,69.1,67.8,41
Southwest,10/24/1996,44.1,55.7,69.7,69,43.9
Southwest,10/25/1996,46.3,56.6,68.1,66.9,44
Southwest,10/26/1996,41.6,50.2,63,63.4,42.7
Southwest,10/27/1996,40.1,48.3,59.1,61.2,41.4
Southwest,10/28/1996,42.5,50.4,61.4,60.4,40.4
Southwest,10/29/1996,38.5,48.9,60.7,64.1,41.2
Southwest,10/30/1996,42.6,53.2,70.3,65.5,42
Southwest,10/31/1996,44.9,54.5,65.6,67.9,43.1
Southwest,11/1/1996,41.9,53.3,67.8,68.3,44.7
Southwest,11/2/1996,47.3,57,71.6,68.6,45.7
Southwest,11/3/1996,47.9,57.5,66.3,68.9,46.6
Southwest,11/4/1996,44.5,54.9,68.8,68.3,46
Southwest,11/5/1996,45.6,57,69.8,68.4,44.6
Southwest,11/6/1996,43.7,54.9,66.6,68,43.5
Southwest,11/7/1996,41.3,52.6,67.5,69.6,43.4
Southwest,11/8/1996,45.2,56.5,74.6,73.3,45.1
Southwest,11/9/1996,48.8,60.2,77.8,77.3,48.3
Southwest,11/10/1996,50.8,63,79.6,79.1,50.5
Southwest,11/11/1996,51.8,64.2,79.9,79.8,51.5
Southwest,11/12/1996,52,64.4,79.9,79.6,52.1
Southwest,11/13/1996,52.6,64.1,79,77.8,52.2
Southwest,11/14/1996,52.1,63.2,74.6,74.1,52
Southwest,11/15/1996,51.2,58.5,68.6,67.8,48
Southwest,11/16/1996,40.8,50,60.1,64.2,44
Southwest,11/17/1996,39.9,49.5,64,65.2,42.5
Southwest,11/18/1996,46.8,56.3,71.6,70.6,45.7
Southwest,11/19/1996,50.4,60.8,76.2,74.3,49.4
Southwest,11/20/1996,51,62.3,75.2,75.4,50.7
Southwest,11/21/1996,50.7,61.4,74.8,73.1,51.7
Southwest,11/22/1996,53.3,60.5,69.4,69,49.5
Southwest,11/23/1996,44.6,54,62.9,65.5,46.8
Southwest,11/24/1996,42.4,52,64.3,64.2,42.9
Southwest,11/25/1996,41.8,52.1,65.3,65.1,42.6
Southwest,11/26/1996,43.6,53.5,65.8,65,42.4
Southwest,11/27/1996,41.8,51.8,63.9,63.8,42.4
Southwest,11/28/1996,41.8,50.7,61.8,60.8,41.6
Southwest,11/29/1996,41.1,47.3,56.8,56.8,38.4
Southwest,11/30/1996,32.2,40.9,51.7,54.9,35.5
Southwest,12/1/1996,33.3,42.3,56.1,55.2,33.5
Southwest,12/2/1996,34.9,44.8,57.9,58.4,34.1
Southwest,12/3/1996,34.2,45.2,61.2,60.1,35.4
Southwest,12/4/1996,37.1,47.1,61.1,61.1,36.4
Southwest,12/5/1996,38,47.7,61.1,61.5,39.1
Southwest,12/6/1996,42.3,50.8,62.4,63.2,41.5
Southwest,12/7/1996,44.3,52.8,66,66.7,44.2
Southwest,12/8/1996,46.1,56.1,71.6,69.7,46.6
Southwest,12/9/1996,49.3,58.6,71.5,69.5,48
Southwest,12/10/1996,48.5,56.7,65.3,66.9,47.9
Southwest,12/11/1996,45.9,53.7,63.9,65.6,46.9
Southwest,12/12/1996,46.2,55,67.7,67.1,45.8
Southwest,12/13/1996,45.4,55.7,69.6,68.3,45.5
Southwest,12/14/1996,44.9,55,67.6,66.1,42.3
Southwest,12/15/1996,36.7,47.5,61.2,61.5,38.2
Southwest,12/16/1996,33.1,42,55.7,56.4,35
Southwest,12/17/1996,35.1,43.5,52.2,51.4,31.4
Southwest,12/18/1996,25.9,35.2,46.3,50.6,29.9
Southwest,12/19/1996,28.7,37.6,53.2,52.6,29
Southwest,12/20/1996,32.4,42.4,58.2,57,32.1
Southwest,12/21/1996,35.1,45.2,59.6,58.5,34.9
Southwest,12/22/1996,37.3,46.4,57.7,57.8,37.2
Southwest,12/23/1996,39.3,46,56.2,58.1,37.8
Southwest,12/24/1996,36.9,46.2,60.3,59.1,38.1
Southwest,12/25/1996,38,47.6,60.9,60.6,37.4
Southwest,12/26/1996,37.2,47.6,60.6,60.6,39.5
Southwest,12/27/1996,43.2,50.5,60.3,60.7,41.4
Southwest,12/28/1996,43.7,50.9,61.2,61.5,42.7
Southwest,12/29/1996,41.2,50.4,63,63.7,43.1
Southwest,12/30/1996,44.4,53.4,67,65.5,44.6
Southwest,12/31/1996,48.1,56,66.6,67.1,46.8
Southwest,1/1/1997,47.8,56.5,67.6,68,48.2
Southwest,1/2/1997,48.6,57.1,69.7,67.7,49.1
Southwest,1/3/1997,50.9,58.2,65.9,65.9,47.3
Southwest,1/4/1997,42.3,51.4,62,61.4,45
Southwest,1/5/1997,41.7,47.8,56.2,56.7,40
Southwest,1/6/1997,36.1,41.4,51.8,50.7,35.7
Southwest,1/7/1997,29.3,36.4,44.1,47.9,30.7
Southwest,1/8/1997,26.6,34.7,47.8,47.4,28.5
Southwest,1/9/1997,29.5,37.8,50.2,50.7,29.5
Southwest,1/10/1997,32.4,41.1,54.2,53.2,32.3
Southwest,1/11/1997,35.1,44,55.3,53.8,34
Southwest,1/12/1997,34.5,42.7,52,51.9,35.9
Southwest,1/13/1997,38.2,42,48.3,49.2,36.5
Southwest,1/14/1997,36.9,40.9,47.3,48.1,35.2
Southwest,1/15/1997,30.5,37.8,48.7,49.6,33.8
Southwest,1/16/1997,34.1,40.8,52.8,52.4,32.7
Southwest,1/17/1997,33.4,42.2,55.8,56.4,34.4
Southwest,1/18/1997,35.7,45.2,60.5,59.3,36.1
Southwest,1/19/1997,39.2,48,61.6,60.4,39.8
Southwest,1/20/1997,44.5,50.3,59,59.6,41.4
Southwest,1/21/1997,40.5,49.4,58.1,57.6,41
Southwest,1/22/1997,38,46.2,55.8,57.9,39.8
Southwest,1/23/1997,40.9,49.1,59.8,58.2,39.5
Southwest,1/24/1997,39.5,48.3,58.9,60,40.4
Southwest,1/25/1997,40.7,49.7,61.3,59.9,42.4
Southwest,1/26/1997,47.1,52.9,59.6,60.7,43.5
Southwest,1/27/1997,42.6,50.9,61.1,60.5,43.5
Southwest,1/28/1997,40.8,49.7,60.7,61.3,41.3
Southwest,1/29/1997,40.5,49.5,62.2,62.6,40.9
Southwest,1/30/1997,41.4,51.1,64.9,65.3,41.7
Southwest,1/31/1997,43.1,53.4,68.9,66.8,43
Southwest,2/1/1997,44.6,55.1,66.6,67.3,43.5
Southwest,2/2/1997,42.7,53.5,66.3,65.6,42.9
Southwest,2/3/1997,41.4,51.9,63.9,65.1,42.1
Southwest,2/4/1997,42.2,52.3,65.1,64.5,41.9
Southwest,2/5/1997,42,52.4,64.5,63.7,40.3
Southwest,2/6/1997,36.8,47,61.5,60.9,37.3
Southwest,2/7/1997,33,42.6,56.7,59.5,35.3
Southwest,2/8/1997,36,46.6,60.4,59.2,35.2
Southwest,2/9/1997,36.6,47.3,60.6,62.2,37.1
Southwest,2/10/1997,38.8,50.5,65.5,63.1,38.3
Southwest,2/11/1997,39.6,50.2,63.3,63.4,38.9
Southwest,2/12/1997,38.2,48.9,61.5,61.6,38.4
Southwest,2/13/1997,37.4,47.4,60.1,61.1,36.9
Southwest,2/14/1997,35.2,46,61.7,63.6,37.4
Southwest,2/15/1997,39.7,51.6,69.1,68.1,39.9
Southwest,2/16/1997,44.7,56.7,73.6,71.9,44.7
Southwest,2/17/1997,49.6,60,73,72.2,45.2
Southwest,2/18/1997,41.3,53.4,70.1,69.9,44
Southwest,2/19/1997,41.2,52.1,66.6,68.3,41.8
Southwest,2/20/1997,42.8,54.6,68.1,67.1,40.3
Southwest,2/21/1997,36.8,49.7,66.5,65.5,38.4
Southwest,2/22/1997,35.5,47.3,61.8,63.9,36.7
Southwest,2/23/1997,37.7,49.4,63.3,62.2,36.7
Southwest,2/24/1997,37,48.7,61.6,60.4,36
Southwest,2/25/1997,33.4,43.7,56.2,58.8,34.8
Southwest,2/26/1997,34.1,44.8,58.6,57.4,34.6
Southwest,2/27/1997,36.3,46.2,57.3,56,36.7
Southwest,2/28/1997,39.7,45.7,52.2,54.4,36.3
Southwest,3/1/1997,32.8,42.3,53.7,55.4,35.7
Southwest,3/2/1997,34.5,45,60.2,59.9,35.2
Southwest,3/3/1997,38.3,50.5,65.9,64.1,38.1
Southwest,3/4/1997,41.4,53.2,66.1,66,38.7
Southwest,3/5/1997,36.5,50.3,66.1,67.9,39.3
Southwest,3/6/1997,40.1,53.8,71.5,70.7,40.6
Southwest,3/7/1997,45.1,58.4,74.5,73.9,44.5
Southwest,3/8/1997,48.4,61.3,75.6,76.1,47.2
Southwest,3/9/1997,48,61.9,78.3,77.9,48.5
Southwest,3/10/1997,49,63.2,79.8,79.9,49.9
Southwest,3/11/1997,52.6,66,81.7,80.5,51.8
Southwest,3/12/1997,53.9,66.4,80.1,80.3,52.3
Southwest,3/13/1997,50.5,64.3,79.2,79,51.3
Southwest,3/14/1997,49.4,63.2,77.7,78.7,49.6
Southwest,3/15/1997,48.9,63,79.1,78.1,49.3
Southwest,3/16/1997,49.6,63.5,77.6,77.4,49.7
Southwest,3/17/1997,50.7,63,75.4,77.7,50
Southwest,3/18/1997,49.8,63.5,80,79.3,51
Southwest,3/19/1997,52.6,66.5,82.6,82.8,52.5
Southwest,3/20/1997,55.1,69.7,85.8,84.9,54.8
Southwest,3/21/1997,56.6,71.2,86.3,85.5,55.6
Southwest,3/22/1997,55.2,69,84.5,84.1,54.8
Southwest,3/23/1997,52.5,66.1,81.6,80.6,52.3
Southwest,3/24/1997,49.3,62.3,75.8,77.4,49.2
Southwest,3/25/1997,45.7,58.8,74.7,73.4,46.3
Southwest,3/26/1997,44,56.3,69.6,73,45.3
Southwest,3/27/1997,46.1,59.1,74.8,73.5,45.9
Southwest,3/28/1997,47.7,61.5,76.1,75.5,47
Southwest,3/29/1997,47.3,61.4,75.6,75.8,48.2
Southwest,3/30/1997,49.5,62.7,75.8,74.9,49.1
Southwest,3/31/1997,50.5,61.9,73.3,73.5,48.4
Southwest,4/1/1997,45.1,58.2,71.3,70.9,45.4
Southwest,4/2/1997,40.5,53.5,68.2,67.2,43.3
Southwest,4/3/1997,44.3,51.1,62.2,62.7,41.3
Southwest,4/4/1997,39.1,47.6,57.7,60.8,41
Southwest,4/5/1997,39.7,49.8,62.6,62.6,39.8
Southwest,4/6/1997,40.6,53,67.6,67.4,41.7
Southwest,4/7/1997,44.8,57.8,72,71.4,44.1
Southwest,4/8/1997,46.8,60.3,74.6,73.4,46
Southwest,4/9/1997,46.3,60.4,73.6,73.3,45.2
Southwest,4/10/1997,42.4,56.3,71.8,70.2,43.5
Southwest,4/11/1997,41.8,53.9,65.1,68.2,41.8
Southwest,4/12/1997,41.3,54.1,67.8,66.9,41.6
Southwest,4/13/1997,41.7,55.1,67.8,70,42.6
Southwest,4/14/1997,44.8,58.6,74.3,73.8,45.4
Southwest,4/15/1997,49.8,64.1,79.4,79,49.2
Southwest,4/16/1997,52.9,68,83.3,81.6,52.9
Southwest,4/17/1997,55.9,68.6,82.2,82.3,54.4
Southwest,4/18/1997,54.3,67.5,81.5,82.2,55.1
Southwest,4/19/1997,55.2,69.2,82.9,83,55.4
Southwest,4/20/1997,56.8,70.4,84.6,85,57.1
Southwest,4/21/1997,59.4,73.1,87.5,86,58.2
Southwest,4/22/1997,58.3,72.6,85.9,86.1,58.7
Southwest,4/23/1997,58.4,71.7,84.8,83.7,55.3
Southwest,4/24/1997,49.2,63.4,80.5,78.5,51.1
Southwest,4/25/1997,45.6,57.5,70.2,75.1,47.3
Southwest,4/26/1997,47.1,60.1,74.7,75.4,48.2
Southwest,4/27/1997,52,65.7,81.2,79.7,51.3
Southwest,4/28/1997,54.9,69.1,83.2,82.1,53.9
Southwest,4/29/1997,54.7,68.8,82,82.5,54.8
Southwest,4/30/1997,54.7,68.6,82.2,82.1,54.7
Southwest,5/1/1997,54.8,69.1,82.1,82.2,54.4
Southwest,5/2/1997,53.8,68.3,82.3,84.2,55.4
Southwest,5/3/1997,57.7,72.3,88.2,87.1,57.7
Southwest,5/4/1997,61.7,76.1,90.9,90.8,60.8
Southwest,5/5/1997,62.9,78,93.2,92.5,62.9
Southwest,5/6/1997,64,79.2,93.5,93,63.6
Southwest,5/7/1997,63.8,78.6,92.3,92.3,63.4
Southwest,5/8/1997,62.3,77.4,91,90.9,62.6
Southwest,5/9/1997,61.8,76.1,89.4,89.8,61.8
Southwest,5/10/1997,61.4,75.2,88.9,88.5,62
Southwest,5/11/1997,62.9,75.7,87.3,88,62.2
Southwest,5/12/1997,62.2,75.1,87.7,88.7,62.2
Southwest,5/13/1997,61.6,75.7,91.1,90.4,62
Southwest,5/14/1997,62.2,77.2,92.5,92.6,62.6
Southwest,5/15/1997,64.1,78.9,94.3,94.1,64.2
Southwest,5/16/1997,66.4,81.1,95.5,95.2,66.3
Southwest,5/17/1997,68.4,82.5,95.7,95.2,67.5
Southwest,5/18/1997,67.8,81.9,94.5,93.9,67.5
Southwest,5/19/1997,66.3,79,91.4,90.9,64.8
Southwest,5/20/1997,60.4,74.1,86.7,87.3,62.1
Southwest,5/21/1997,59.5,72.5,83.9,85.9,59.5
Southwest,5/22/1997,58.6,73,87.2,86,59.3
Southwest,5/23/1997,59.9,74.3,87,86.6,59.4
Southwest,5/24/1997,59.7,73,85.5,85.1,58.7
Southwest,5/25/1997,56.4,70.6,82.9,84.6,57.8
Southwest,5/26/1997,57.3,71.4,85.5,86.1,57.8
Southwest,5/27/1997,59.8,74.7,89.8,90,60.4
Southwest,5/28/1997,64,79.2,94.7,94,63.6
Southwest,5/29/1997,67,82.4,97.4,96.7,66.1
Southwest,5/30/1997,67.3,83.2,97.9,97.9,67.1
Southwest,5/31/1997,67.1,83.3,98.3,98.1,67.1
Southwest,6/1/1997,66.8,83.1,98.1,97.8,66.4
Southwest,6/2/1997,65.3,81.9,97,97.3,65.7
Southwest,6/3/1997,65.1,81.8,96.9,96.8,65.7
Southwest,6/4/1997,66.6,82.2,96.4,96.2,65.9
Southwest,6/5/1997,66.1,81.2,95.2,93.8,64.4
Southwest,6/6/1997,60.5,74.1,89.9,88.4,61.1
Southwest,6/7/1997,56.8,69,80.2,84.5,58
Southwest,6/8/1997,56.7,69.7,83.5,84.3,58.2
Southwest,6/9/1997,61,74.5,89.2,88.1,60.1
Southwest,6/10/1997,62.7,77.6,91.7,91,62.4
Southwest,6/11/1997,63.6,78.5,92.2,91.6,62.9
Southwest,6/12/1997,62.5,76.9,91,89.8,61.2
Southwest,6/13/1997,57.6,72.2,86.1,86.6,58.9
Southwest,6/14/1997,56.7,70.3,82.8,84,57.5
Southwest,6/15/1997,58.1,71,83.1,84.6,58.2
Southwest,6/16/1997,59.8,73.5,88,88.8,60.9
Southwest,6/17/1997,64.7,79.6,95.3,94.4,64.4
Southwest,6/18/1997,68.8,84.5,99.8,98.1,67.6
Southwest,6/19/1997,69.2,85.1,99.1,98.9,68.7
Southwest,6/20/1997,68,83.8,97.8,97.7,67.5
Southwest,6/21/1997,65.4,81.8,96.2,96.6,66.3
Southwest,6/22/1997,65.5,81.7,95.7,95.5,65
Southwest,6/23/1997,64.2,80.3,94.5,95.5,64.9
Southwest,6/24/1997,64.9,81,96.3,96.1,65.2
Southwest,6/25/1997,66.5,82.7,97.4,96.9,66.2
Southwest,6/26/1997,67.1,82.8,97,97.1,67.6
Southwest,6/27/1997,69.2,83.4,96.8,96.4,68.4
Southwest,6/28/1997,69,82.9,95.4,95.9,68.1
Southwest,6/29/1997,66.1,81.7,95.6,95.6,66.9
Southwest,6/30/1997,65.7,81.6,95.9,96.9,65.8
Southwest,7/1/1997,65.5,82.1,99.1,99.3,66.8
Southwest,7/2/1997,69.1,85.8,102.8,101.8,69.2
Southwest,7/3/1997,73.1,88.8,103.5,102.9,71.3
Southwest,7/4/1997,71.7,87.2,102.4,102.3,71.7
Southwest,7/5/1997,70.3,85.8,100.9,101.5,71.5
Southwest,7/6/1997,72.4,87.4,101.1,100.6,71.1
Southwest,7/7/1997,70.7,85.8,99.8,100.2,70.8
Southwest,7/8/1997,69.3,85.3,99.6,99.3,70.2
Southwest,7/9/1997,70.6,85.2,98.4,98,69.4
Southwest,7/10/1997,68.2,82.5,96.1,96,67.8
Southwest,7/11/1997,64.7,79.6,93.4,94.9,65.7
Southwest,7/12/1997,64.2,79.8,95.3,95.4,64.7
Southwest,7/13/1997,65.3,81.3,97.6,98,66.4
Southwest,7/14/1997,69.6,85.2,101.1,101,69.6
Southwest,7/15/1997,74,89.2,104.4,103,72.7
Southwest,7/16/1997,74.6,89.7,103.6,103.2,74.4
Southwest,7/17/1997,74.6,88.3,101.7,101.3,74.4
Southwest,7/18/1997,74.1,87.2,98.7,98.8,73.5
Southwest,7/19/1997,71.9,84.6,95.9,96.3,72.5
Southwest,7/20/1997,71.4,83,94.2,93.7,71.9
Southwest,7/21/1997,72.5,80.4,91.1,91.7,70.9
Southwest,7/22/1997,68.9,78.5,89.8,92.2,70.2
Southwest,7/23/1997,69.1,81.5,95.6,94.6,69.6
Southwest,7/24/1997,70.8,84.4,98.3,97.9,71.2
Southwest,7/25/1997,73.7,87,99.9,98.7,72.9
Southwest,7/26/1997,74.3,86.2,97.9,97.5,73.2
Southwest,7/27/1997,71.7,83.7,94.6,95.4,72.8
Southwest,7/28/1997,72.4,83.3,93.6,93.4,71.9
Southwest,7/29/1997,71.6,81,91.9,92.4,71.3
Southwest,7/30/1997,70,79.9,91.8,93,70.8
Southwest,7/31/1997,70.9,82.8,95.4,95.2,71.4
Southwest,8/1/1997,73.3,85.7,98.3,96.2,73.5
Southwest,8/2/1997,76.4,86.5,95,95.1,75.4
Southwest,8/3/1997,76.4,83.8,92.1,94.6,75.5
Southwest,8/4/1997,73.7,84,96.8,95.7,75.6
Southwest,8/5/1997,76.7,88.1,98.2,97.7,75.4
Southwest,8/6/1997,75.9,86.7,98.1,98,75.8
Southwest,8/7/1997,74.8,86.1,97.6,97.3,74.9
Southwest,8/8/1997,73.9,84.7,96.1,96.1,74
Southwest,8/9/1997,73.3,81.8,94.7,94,72.6
Southwest,8/10/1997,70.5,80.6,91.3,93.3,71.5
Southwest,8/11/1997,70.6,82,94,93.3,70.1
Southwest,8/12/1997,69.2,82,94.7,94.8,70.2
Southwest,8/13/1997,70.7,83.3,95.8,95.8,70.7
Southwest,8/14/1997,72.1,84.6,96.9,96.1,71
Southwest,8/15/1997,70.1,82.9,95.6,95.2,70.1
Southwest,8/16/1997,68.1,80.5,93,93.8,69.2
Southwest,8/17/1997,69.4,81.3,92.7,92.6,69.6
Southwest,8/18/1997,71.3,81.7,92.2,93.5,71.1
Southwest,8/19/1997,72.5,83.6,95.7,95.5,72.7
Southwest,8/20/1997,74.3,86.2,98.5,97.2,75.2
Southwest,8/21/1997,78.9,88.2,97.5,98.2,76.8
Southwest,8/22/1997,77.2,87.8,98.7,97.6,77.6
Southwest,8/23/1997,76.6,87,96.7,97.2,76.7
Southwest,8/24/1997,76.3,86.7,96.2,96.2,75.8
Southwest,8/25/1997,74.4,85.7,95.6,96.2,75.5
Southwest,8/26/1997,75.9,86.5,96.8,96.6,74.7
Southwest,8/27/1997,73.8,85.8,97.5,97,74.8
Southwest,8/28/1997,74.7,86.1,96.7,96.2,73.7
Southwest,8/29/1997,72.6,84,94.4,94.3,73.4
Southwest,8/30/1997,72.8,82.9,91.7,93.1,72.4
Southwest,8/31/1997,71.7,82.3,93.2,92.1,72.5
Southwest,9/1/1997,73,82.4,91.5,91.5,72.5
Southwest,9/2/1997,72.7,81.3,89.7,92,73.3
Southwest,9/3/1997,74.2,83.1,94.7,93.8,73.9
Southwest,9/4/1997,74.7,85.2,97,95.5,74.6
Southwest,9/5/1997,75,84.8,94.7,95.2,74.4
Southwest,9/6/1997,73.5,83.3,93.8,94.9,73.6
Southwest,9/7/1997,72.4,83.9,96.2,96.1,73
Southwest,9/8/1997,73,85.4,98.4,97.3,73.4
Southwest,9/9/1997,74.7,86,97.2,97,74
Southwest,9/10/1997,74.4,84.8,95.5,95.8,74.2
Southwest,9/11/1997,73.4,84.1,94.7,94.4,72.7
Southwest,9/12/1997,70.3,81.9,93,93.6,71.2
Southwest,9/13/1997,70,81.7,93.2,92.6,70.7
Southwest,9/14/1997,71.7,81,91.5,92,71.5
Southwest,9/15/1997,72.8,81.9,91.3,91.7,71.8
Southwest,9/16/1997,70.9,81.2,92.2,92.8,71.7
Southwest,9/17/1997,71.5,82.6,94.9,94,71.8
Southwest,9/18/1997,73.1,83.8,94.9,94.4,71.6
Southwest,9/19/1997,70.2,82.1,93.5,93.2,70.8
Southwest,9/20/1997,69,80.5,91.3,91,68.1
Southwest,9/21/1997,65.1,76.3,88.3,89,65.6
Southwest,9/22/1997,62.6,74.6,87.4,88.5,63.6
Southwest,9/23/1997,63,75.9,89.7,88.4,63.4
Southwest,9/24/1997,64.6,75.1,88.2,87.5,65.3
Southwest,9/25/1997,68.4,75.9,84.6,85.8,66.4
Southwest,9/26/1997,66.1,74.1,84.5,86.2,66.5
Southwest,9/27/1997,65,75.9,89.5,89,65.9
Southwest,9/28/1997,66.6,78.8,93.1,91.2,66.4
Southwest,9/29/1997,67.6,78.6,90.9,92.2,67.8
Southwest,9/30/1997,69.2,79.5,92.7,92.7,69
Southwest,10/1/1997,70.2,81.6,94.5,93.1,69.8
Southwest,10/2/1997,70,80.8,92.2,91.8,68.4
Southwest,10/3/1997,65,76.6,88.6,89.9,66.6
Southwest,10/4/1997,64.7,76.1,89,89.2,64.6
Southwest,10/5/1997,64.2,76.4,90,89.3,63.9
Southwest,10/6/1997,62.8,75.5,88.8,87.9,62.4
Southwest,10/7/1997,60.1,68.7,85,82.5,57.7
Southwest,10/8/1997,50.3,61,73.6,80.7,54.8
Southwest,10/9/1997,54.1,66.3,83.6,80.9,55.2
Southwest,10/10/1997,61.1,71.8,85.4,83.4,56.8
Southwest,10/11/1997,55.3,65.3,81.3,77.7,53.5
Southwest,10/12/1997,44,55,66.3,73.9,48
Southwest,10/13/1997,44.8,56.4,74.1,74.4,46.6
Southwest,10/14/1997,50.9,63.7,82.7,80.2,49.9
Southwest,10/15/1997,54.1,67.5,83.8,83.6,53.5
Southwest,10/16/1997,55.6,69,84.4,84.1,55.3
Southwest,10/17/1997,56.2,68.9,84.1,84,56.1
Southwest,10/18/1997,56.4,69.1,83.5,82.8,56
Southwest,10/19/1997,55.4,67.7,80.7,80.5,55.9
Southwest,10/20/1997,55.9,66.2,77.2,78.5,55.1
Southwest,10/21/1997,53.9,64.9,77.5,76.2,54
Southwest,10/22/1997,52.2,62.9,74,74.9,51.7
Southwest,10/23/1997,49,60.4,73.2,72.4,49.8
Southwest,10/24/1997,48.1,58.6,69.9,69.2,45.7
Southwest,10/25/1997,39.9,51.3,64.5,66.6,42.5
Southwest,10/26/1997,39.4,50.3,65.4,67.3,40.8
Southwest,10/27/1997,43.1,55,72,69.6,42.7
Southwest,10/28/1997,45.7,57.3,71.4,72.1,45.6
Southwest,10/29/1997,48.1,59.2,72.9,73.1,47.4
Southwest,10/30/1997,48.3,59.6,74.9,75.9,49
Southwest,10/31/1997,50.7,62.8,79.9,78.5,50.6
Southwest,11/1/1997,52.9,65.2,80.6,80.5,52.4
Southwest,11/2/1997,53.6,65.9,81,80.6,52.5
Southwest,11/3/1997,51,64.3,80.1,80,52.4
Southwest,11/4/1997,52.6,64.6,79,78.9,51.5
Southwest,11/5/1997,50.8,63.4,77.7,78.4,51.1
Southwest,11/6/1997,49.9,62.7,78.5,77.2,50.3
Southwest,11/7/1997,50.2,62.3,75.5,75.6,49.5
Southwest,11/8/1997,48.5,60.4,72.8,72,48.3
Southwest,11/9/1997,46.1,56.9,67.8,69.4,46.5
Southwest,11/10/1997,45,55.1,67.6,66.2,47
Southwest,11/11/1997,49.8,56.3,63.2,63.5,47
Southwest,11/12/1997,46.2,52.4,59.8,61,46.6
Southwest,11/13/1997,43.9,50.7,60,59.8,45
Southwest,11/14/1997,45,52.1,59.6,59.5,42.7
Southwest,11/15/1997,39.2,48.3,59,60.1,41.1
Southwest,11/16/1997,39.1,49,61.6,61.1,39.7
Southwest,11/17/1997,40.8,50.9,62.7,62.9,40
Southwest,11/18/1997,40,50.7,64.3,64.9,41.3
Southwest,11/19/1997,43.2,53.1,67.7,66.7,43.4
Southwest,11/20/1997,47,56.4,68.1,67.1,44.6
Southwest,11/21/1997,43.5,53.8,65.6,66.8,44.7
Southwest,11/22/1997,43.5,53.9,66.8,67.6,43.9
Southwest,11/23/1997,44.7,54.9,70.3,69.8,45.1
Southwest,11/24/1997,47.1,58.1,72.3,72.4,47.1
Southwest,11/25/1997,49.5,60,74.5,73.7,50.4
Southwest,11/26/1997,54.7,62.5,74.3,72,50.2
Southwest,11/27/1997,46.3,54.8,67.2,67,46.7
Southwest,11/28/1997,39,47.8,59.5,62.9,41.8
Southwest,11/29/1997,40.1,49.6,62.1,61.2,39.9
Southwest,11/30/1997,40.5,50.4,62.1,60.3,41.7
Southwest,12/1/1997,44.4,49.6,56.7,57.9,42
Southwest,12/2/1997,41.1,47.1,55,55.7,40.9
Southwest,12/3/1997,37.3,45.3,55.3,56.2,38.1
Southwest,12/4/1997,35.8,45.5,58.4,58.1,37
Southwest,12/5/1997,38,47.2,60.7,59.9,38
Southwest,12/6/1997,40.3,49,60.6,59.1,41.8
Southwest,12/7/1997,47,50.2,55.9,57.2,44.2
Southwest,12/8/1997,45.2,49.8,55,53.8,42.3
Southwest,12/9/1997,34.6,42.7,50.5,50.9,36.8
Southwest,12/10/1997,30.6,38,47.1,48.2,31.9
Southwest,12/11/1997,30.6,37.7,47.1,47.6,30
Southwest,12/12/1997,28.8,37.2,48.5,50.1,30.4
Southwest,12/13/1997,31.9,39.9,54.8,54.7,32.5
Southwest,12/14/1997,36.7,45.3,60.9,58.6,35.7
Southwest,12/15/1997,38.4,47.7,60.2,60.6,37.7
Southwest,12/16/1997,38,47.8,60.8,60.8,38.3
Southwest,12/17/1997,38.4,47.9,61.3,61.3,38.8
Southwest,12/18/1997,39.9,49.2,61.9,59.8,40.1
Southwest,12/19/1997,41.9,47.8,56.2,57,40.9
Southwest,12/20/1997,40.8,45.9,52.8,54.2,40.4
Southwest,12/21/1997,38.5,45.1,53.5,52.1,39.5
Southwest,12/22/1997,39.3,43.4,49.9,50.2,37.6
Southwest,12/23/1997,34.9,39.8,47.1,48.1,35.8
Southwest,12/24/1997,33.1,39.4,47.3,45.9,32.4
Southwest,12/25/1997,29.1,35.3,43.2,45.1,30.1
Southwest,12/26/1997,28,34.3,44.7,44.9,28.3
Southwest,12/27/1997,27.9,35,46.7,46.5,28.7
Southwest,12/28/1997,30.3,37.6,48.1,50.2,30.5
Southwest,12/29/1997,33.4,40.7,55.8,54.7,34.4
Southwest,12/30/1997,39.6,46.9,60.3,59,37.8
Southwest,12/31/1997,40.5,49,61,61.5,40.5
Southwest,1/1/1998,41.4,49.8,63.3,62.8,42.1
Southwest,1/2/1998,44.3,52.6,64.2,62.5,43.5
Southwest,1/3/1998,44.8,51.4,60,60.3,43.6
Southwest,1/4/1998,41.6,48.6,56.7,56.9,42.3
Southwest,1/5/1998,40.6,46.3,54.1,54,38.2
Southwest,1/6/1998,32.3,40.7,51.2,52.5,35.3
Southwest,1/7/1998,33.1,41,52.3,52.4,33.2
Southwest,1/8/1998,34.2,42.3,53.7,53.7,34.3
Southwest,1/9/1998,35.5,44,55.2,54.5,36.6
Southwest,1/10/1998,40,46.2,54.5,55.2,38.6
Southwest,1/11/1998,40.4,46.9,56,55.5,39.5
Southwest,1/12/1998,38.2,46.3,56,56.5,39.4
Southwest,1/13/1998,39.6,47.3,57.6,56.9,39
Southwest,1/14/1998,39.1,47.2,57.2,57.4,38.8
Southwest,1/15/1998,37.7,46.4,57.5,58.7,39.6
Southwest,1/16/1998,41.9,49.9,61.3,61.1,40.9
Southwest,1/17/1998,43,51.9,64.4,63.8,42.8
Southwest,1/18/1998,43.6,53.3,65.8,64.2,43.4
Southwest,1/19/1998,43.7,52.6,62.3,62.2,41.8
Southwest,1/20/1998,38.2,47.4,58.6,58.7,39.6
Southwest,1/21/1998,36.8,45.6,55.2,57.3,37.1
Southwest,1/22/1998,36.4,45.4,58,58,37.2
Southwest,1/23/1998,38.3,47.6,60.8,60.8,38.3
Southwest,1/24/1998,40.3,50.2,63.7,63.3,40
Southwest,1/25/1998,41.5,51.6,65.4,65.5,41.3
Southwest,1/26/1998,42,52.8,67.4,67.1,42.6
Southwest,1/27/1998,44.2,54.3,68.4,67.5,43.1
Southwest,1/28/1998,43.1,53.7,66.7,66.6,43.3
Southwest,1/29/1998,42.6,53.4,64.6,64.3,41.8
Southwest,1/30/1998,39.8,49.5,61.6,62,40.4
Southwest,1/31/1998,38.8,48,59.7,60.3,39
Southwest,2/1/1998,38.4,48.1,59.6,60.6,38.8
Southwest,2/2/1998,39.3,49.4,62.4,63.4,40.2
Southwest,2/3/1998,43,53.4,68.2,65.1,41.9
Southwest,2/4/1998,43.3,49.4,64.7,62.3,40.9
Southwest,2/5/1998,36.5,44,54.1,59.3,39.2
Southwest,2/6/1998,37.9,46.7,59,57.4,39.1
Southwest,2/7/1998,43,50.3,59.1,58.5,40.8
Southwest,2/8/1998,41.6,47.9,57.3,56.8,42.4
Southwest,2/9/1998,42.7,47.3,54.1,55.3,40.1
Southwest,2/10/1998,35.9,44.3,54.6,55.3,38.7
Southwest,2/11/1998,37.5,46.1,57.2,56.7,37.2
Southwest,2/12/1998,38.2,47.4,58.4,58.2,38.6
Southwest,2/13/1998,40.2,48.5,58.9,58.9,39.6
Southwest,2/14/1998,40.4,49.3,59.4,58.8,41
Southwest,2/15/1998,42.5,48.5,58.2,56.7,38.9
Southwest,2/16/1998,33.8,42.3,52.5,53.9,37.6
Southwest,2/17/1998,36.5,42.6,51.1,52,35.6
Southwest,2/18/1998,36.5,43,52.5,52.7,36.1
Southwest,2/19/1998,35.4,43.8,54.6,53.5,37.4
Southwest,2/20/1998,40.3,46.1,53.5,54.1,37.1
Southwest,2/21/1998,35.7,43,54.2,55.3,37.8
Southwest,2/22/1998,37.5,46.5,58.3,59.5,38.3
Southwest,2/23/1998,41.6,51.4,66.1,63.2,41.2
Southwest,2/24/1998,44.6,52,65.1,61.7,40.5
Southwest,2/25/1998,35.4,44.5,54,57.4,37.7
Southwest,2/26/1998,33,42.3,53.2,53.5,34.2
Southwest,2/27/1998,34.1,43.2,53.2,53.4,33.1
Southwest,2/28/1998,32.3,41.9,53.8,55.2,33.4
Southwest,3/1/1998,33.8,44.5,58.7,58.7,34.8
Southwest,3/2/1998,38.3,49.4,63.7,62.8,37.8
Southwest,3/3/1998,41.3,53,66,65.3,40.4
Southwest,3/4/1998,41.6,53.5,66.1,65.9,41.8
Southwest,3/5/1998,42.4,53.8,65.6,65.2,42.3
Southwest,3/6/1998,42.8,52.6,64,63.1,40
Southwest,3/7/1998,34.7,45.3,59.7,60.5,37
Southwest,3/8/1998,33.4,43.4,57.7,60.6,35.1
Southwest,3/9/1998,37.2,48.9,64.3,63.6,37
Southwest,3/10/1998,40.4,53.2,68.8,68.3,40.4
Southwest,3/11/1998,43.7,56.4,71.9,70.9,42.9
Southwest,3/12/1998,44.7,57.6,72,71.8,45.4
Southwest,3/13/1998,47.8,59.2,71.4,70.7,45.8
Southwest,3/14/1998,44.8,55.7,68.6,66.6,45.4
Southwest,3/15/1998,43.6,50.9,59.9,64.6,43.8
Southwest,3/16/1998,42.9,52.4,65.4,63.9,43.8
Southwest,3/17/1998,44.8,54.9,66.3,65.9,44.3
Southwest,3/18/1998,45.1,55.2,66.1,66.3,43.6
Southwest,3/19/1998,40.9,52.9,66.4,67.9,43.4
Southwest,3/20/1998,44.2,56.7,71.1,70.2,43.9
Southwest,3/21/1998,46.7,58.9,73.2,74.3,46.8
Southwest,3/22/1998,49.6,62.2,78.5,77.6,49.8
Southwest,3/23/1998,53.1,66.2,81,80.8,52.2
Southwest,3/24/1998,54,68.3,82.9,81.7,53.1
Southwest,3/25/1998,52.2,65.6,81.1,78.9,52.4
Southwest,3/26/1998,50.9,57.4,72.7,72.2,48.2
Southwest,3/27/1998,41.4,51,62.7,65.8,44.7
Southwest,3/28/1998,41.9,52.4,62.1,60.6,40.6
Southwest,3/29/1998,38.5,45.5,57.1,57.5,38.8
Southwest,3/30/1998,36.1,43.3,53.3,56.4,36.7
Southwest,3/31/1998,35.6,45.8,58.8,56.8,37.1
Southwest,4/1/1998,39.6,48.1,58.3,57.7,36.9
Southwest,4/2/1998,35.6,45.1,56.1,60.8,38
Southwest,4/3/1998,38.8,50.9,68,63.8,38.8
Southwest,4/4/1998,42,54.1,67.2,67.2,40.8
Southwest,4/5/1998,41.5,53.5,66.3,66.3,42
Southwest,4/6/1998,42.6,53.6,65.4,64.2,41
Southwest,4/7/1998,38.9,50.1,61,63.5,40.2
Southwest,4/8/1998,39.2,51,64.2,65.1,40.5
Southwest,4/9/1998,43.3,55.8,70.2,71.3,43.3
Southwest,4/10/1998,47.5,61.8,79.4,76,47
Southwest,4/11/1998,50.2,64.2,78.5,76,47.4
Southwest,4/12/1998,44.6,55.6,70,71.3,44.8
Southwest,4/13/1998,39.7,52.2,65.3,66.5,41.6
Southwest,4/14/1998,40.4,52.6,64.2,63.8,40.4
Southwest,4/15/1998,41.1,50.5,61.9,62.3,39.3
Southwest,4/16/1998,36.5,48.3,60.8,62.8,39.1
Southwest,4/17/1998,39.6,51.9,65.8,65.9,39.9
Southwest,4/18/1998,43.5,56.6,71.1,71.2,43.4
Southwest,4/19/1998,47.2,61.3,76.8,76.5,47.6
Southwest,4/20/1998,52.2,66.4,81.7,80.8,51.5
Southwest,4/21/1998,55.1,69.7,83.9,84.2,54.6
Southwest,4/22/1998,56.4,71.5,87,85.8,56.2
Southwest,4/23/1998,57.1,72.4,86.4,85.9,55.4
Southwest,4/24/1998,52.8,67.5,84.2,81.9,52.7
Southwest,4/25/1998,48.3,61.7,75,76.6,49.2
Southwest,4/26/1998,46.5,58.6,70.5,73.7,47.8
Southwest,4/27/1998,48.5,61.1,75.6,74.6,49.1
Southwest,4/28/1998,52.3,65.6,77.8,78.3,51.7
Southwest,4/29/1998,54.3,68,81.6,80.9,54.2
Southwest,4/30/1998,55.9,69.7,83.3,82.6,55.4
Southwest,5/1/1998,55.9,70.2,82.9,83.2,55.2
Southwest,5/2/1998,53.9,69.2,83.5,82.9,54.6
Southwest,5/3/1998,54,68.3,82.2,82,54.1
Southwest,5/4/1998,54.4,67.6,80.4,80.1,54.1
Southwest,5/5/1998,54,66,77.6,77.8,53
Southwest,5/6/1998,50.5,63.4,75.4,77,52.1
Southwest,5/7/1998,51.7,64.8,78.1,76.9,50.8
Southwest,5/8/1998,50.2,63.2,77.2,78,50.6
Southwest,5/9/1998,50,63.3,78.6,78.7,50.9
Southwest,5/10/1998,52.4,66.4,80.2,79.3,51.1
Southwest,5/11/1998,51,65.2,79.2,78.6,50.8
Southwest,5/12/1998,48.9,62.6,76.5,76.1,50.4
Southwest,5/13/1998,51.4,59.3,72.6,72.8,49
Southwest,5/14/1998,46.7,57.5,69.4,73.1,48.2
Southwest,5/15/1998,46.6,60.5,77.4,77,48.5
Southwest,5/16/1998,52.2,67.7,84.3,83.6,52
Southwest,5/17/1998,57.3,72.3,89.2,88.4,57
Southwest,5/18/1998,61.5,76.6,91.7,91.1,60.5
Southwest,5/19/1998,62.6,78.1,92.4,91.4,62.1
Southwest,5/20/1998,62.2,76.3,90.2,89.6,60.8
Southwest,5/21/1998,57.5,71.6,86.3,86.1,57.9
Southwest,5/22/1998,54,68.5,81.8,83.7,55.4
Southwest,5/23/1998,54.7,69,83,83.1,54.9
Southwest,5/24/1998,56,70.6,84.6,84.2,56.4
Southwest,5/25/1998,58.6,72.3,85,84.4,56.6
Southwest,5/26/1998,55.1,69.4,83.7,84.4,55.9
Southwest,5/27/1998,54.1,69.2,84.6,85.6,55.9
Southwest,5/28/1998,58.5,73.3,88.6,87.5,57.4
Southwest,5/29/1998,59.6,75,89.2,88.9,59.7
Southwest,5/30/1998,60.9,75.4,88.9,89.5,60.4
Southwest,5/31/1998,60.8,75.8,90.3,91,61.5
Southwest,6/1/1998,62.8,78.2,93.8,92.8,62.8
Southwest,6/2/1998,64.8,80.1,94.3,93.6,62.9
Southwest,6/3/1998,61.2,75.5,92.7,89.3,59.4
Southwest,6/4/1998,52.3,66.6,80.9,86.1,56.4
Southwest,6/5/1998,55.7,69.6,84.8,85.2,55.8
Southwest,6/6/1998,59.5,74.4,89.8,87.5,57.3
Southwest,6/7/1998,56.8,70.4,87.8,86.3,56.6
Southwest,6/8/1998,53.6,67.7,81.3,84.4,55.5
Southwest,6/9/1998,56,70.2,84.2,83,56.2
Southwest,6/10/1998,59,71,83.4,83.3,57
Southwest,6/11/1998,55.9,68.9,82.4,83.9,57.7
Southwest,6/12/1998,58.2,72.3,85.9,84.2,56.9
Southwest,6/13/1998,56.5,70.8,84.2,86.2,58
Southwest,6/14/1998,59.3,73.7,88.5,88.3,59.7
Southwest,6/15/1998,63.2,77.6,92.1,90.9,62.4
Southwest,6/16/1998,64.6,79.5,92.2,91.6,62.4
Southwest,6/17/1998,59.4,74.6,90.5,91.7,61.6
Southwest,6/18/1998,60.8,76.3,92.4,93,61.8
Southwest,6/19/1998,65.3,80.7,96.2,94.7,64.5
Southwest,6/20/1998,67.4,82.2,95.4,95.5,66.1
Southwest,6/21/1998,65.7,81.3,95,95.3,66.1
Southwest,6/22/1998,65.3,80.8,95.5,95.5,66
Southwest,6/23/1998,66.9,81.8,96,95.7,66.3
Southwest,6/24/1998,66.6,82,95.6,96.4,66.7
Southwest,6/25/1998,66.5,82.2,97.5,96.8,67
Southwest,6/26/1998,68,83.2,97.4,98.5,67.9
Southwest,6/27/1998,69.1,85,100.7,100.6,69.1
Southwest,6/28/1998,70.2,86.9,103.6,102.5,70.3
Southwest,6/29/1998,71.5,88.2,103.2,103,70.9
Southwest,6/30/1998,71,87.3,102.1,102,71
Southwest,7/1/1998,70.5,86.3,100.6,100.5,70.4
Southwest,7/2/1998,69.8,85,98.8,98.9,69.9
Southwest,7/3/1998,69.4,84,97.4,97.4,69.8
Southwest,7/4/1998,70.1,83.4,96.1,96.2,71
Southwest,7/5/1998,73.5,83,95.2,95.3,71.8
Southwest,7/6/1998,71.8,82.6,94.5,94.6,72.3
Southwest,7/7/1998,71.6,83.2,94.1,94.3,71.6
Southwest,7/8/1998,71.3,83,94.4,95.2,71.5
Southwest,7/9/1998,71.6,84.4,97,97.7,72.1
Southwest,7/10/1998,73.4,87,101.7,101,73.8
Southwest,7/11/1998,76.3,90.4,104.3,103.2,75.3
Southwest,7/12/1998,76.2,90.3,103.5,103.3,75.8
Southwest,7/13/1998,74.8,88.8,102,103,75.4
Southwest,7/14/1998,75.3,89.5,103.4,104,75.3
Southwest,7/15/1998,75.8,91.2,106.6,105.3,76.4
Southwest,7/16/1998,78.2,92.7,105.9,105.3,76.5
Southwest,7/17/1998,75.4,89.5,103.5,103.9,76.8
Southwest,7/18/1998,76.7,89.8,102.2,102,75.8
Southwest,7/19/1998,75.3,86.9,100.4,99.4,75.3
Southwest,7/20/1998,74,84.8,95.5,96.7,74.2
Southwest,7/21/1998,73.3,83.8,94.1,94.1,73.5
Southwest,7/22/1998,73.2,82.4,92.8,92.1,73.1
Southwest,7/23/1998,72.9,81.5,89.5,91.7,72.3
Southwest,7/24/1998,70.7,81.6,92.7,93,71.6
Southwest,7/25/1998,71.3,83.6,96.9,96.6,71.8
Southwest,7/26/1998,73.3,86.6,100.3,99.8,73.1
Southwest,7/27/1998,74.8,88.4,102.3,101.3,74.4
Southwest,7/28/1998,75.2,88.6,101.4,101.1,74.6
Southwest,7/29/1998,73.8,87,99.6,99.7,74.3
Southwest,7/30/1998,73.9,86.9,98.1,98.3,73.5
Southwest,7/31/1998,72.7,85.1,97.2,97,73.5
Southwest,8/1/1998,73.8,85.3,95.7,97.3,72.6
Southwest,8/2/1998,71.3,84.8,99,99.2,72.9
Southwest,8/3/1998,73.7,88,103,101.5,72.8
Southwest,8/4/1998,73.5,88.7,102.5,102.4,72.9
Southwest,8/5/1998,71.6,86.4,101.8,100.9,72.1
Southwest,8/6/1998,71.1,84.9,98.3,99.7,71.2
Southwest,8/7/1998,71,85.2,99,98.7,71.2
Southwest,8/8/1998,71.4,85.1,98.7,98.6,71.7
Southwest,8/9/1998,72.6,84.6,98.2,97.3,72.9
Southwest,8/10/1998,74.6,84.5,94.9,95.7,73.6
Southwest,8/11/1998,73.5,84.3,94.1,93.9,74.4
Southwest,8/12/1998,75.1,84.6,92.7,93.4,74.4
Southwest,8/13/1998,74.7,84.5,93.4,93.6,74.2
Southwest,8/14/1998,72.9,82.8,94.8,94.5,73.6
Southwest,8/15/1998,73.3,84.6,95.3,95.4,73
Southwest,8/16/1998,72.8,84.7,96.1,95.5,72.9
Southwest,8/17/1998,72.7,83.8,95.1,94.5,71.9
Southwest,8/18/1998,70.1,81.4,92.3,93.7,71.1
Southwest,8/19/1998,70.5,82,93.7,94,71.1
Southwest,8/20/1998,72.6,83.9,96,95.7,72.7
Southwest,8/21/1998,75.1,86,97.4,97.8,74.6
Southwest,8/22/1998,76.2,87.8,100.1,99.3,76.1
Southwest,8/23/1998,77,88.7,100.3,99.5,76.3
Southwest,8/24/1998,75.6,86.6,98.2,97.3,75.5
Southwest,8/25/1998,73.9,84.2,93.5,95.9,73.9
Southwest,8/26/1998,72.3,83.6,96,96.6,73.4
Southwest,8/27/1998,74,86.5,100.3,99.6,74.7
Southwest,8/28/1998,77.7,89.7,102.5,101.1,76.2
Southwest,8/29/1998,76.9,89.4,100.5,101.4,76.6
Southwest,8/30/1998,75.3,88.5,101.2,100.6,76.2
Southwest,8/31/1998,76.3,88.7,100,99.5,75.4
Southwest,9/1/1998,74.6,86.1,97.4,98.7,74.9
Southwest,9/2/1998,73.7,85.7,98.6,97.5,74.2
Southwest,9/3/1998,74.4,83.9,96.6,93.7,72.6
Southwest,9/4/1998,69.8,77,86,91.9,71.1
Southwest,9/5/1998,69.1,78.9,93,91.5,70.3
Southwest,9/6/1998,71.9,82.6,95.4,95.2,70.8
Southwest,9/7/1998,71.5,83.7,97.2,96,72.5
Southwest,9/8/1998,74,84.5,95.3,94.9,72.7
Southwest,9/9/1998,72.7,82.3,92.2,92.5,73.2
Southwest,9/10/1998,72.9,81.3,90,89.7,72.4
Southwest,9/11/1998,71.5,79.3,86.9,90.4,71.7
Southwest,9/12/1998,70.8,81,94.3,92.3,71.5
Southwest,9/13/1998,72.3,83.6,95.6,95.4,71.3
Southwest,9/14/1998,70.7,83.4,96.3,96.1,71.6
Southwest,9/15/1998,71.9,83.8,96.5,95.8,71.9
Southwest,9/16/1998,73,83.8,94.6,95.2,72.4
Southwest,9/17/1998,72.4,83.5,94.4,94.9,72.5
Southwest,9/18/1998,72.2,83.7,95.7,94.9,71.9
Southwest,9/19/1998,71,82.8,94.5,94.1,69.9
Southwest,9/20/1998,66.5,79.1,92,91.3,66.6
Southwest,9/21/1998,62.4,74.8,87.4,88.9,63.6
Southwest,9/22/1998,61.9,74.1,87.2,87,62.1
Southwest,9/23/1998,62.1,74,86.3,87,62
Southwest,9/24/1998,62.1,74.3,87.4,86.3,61.8
Southwest,9/25/1998,61.3,73.3,85.1,85.7,60.8
Southwest,9/26/1998,59.1,71.7,84.6,85.7,59.8
Southwest,9/27/1998,59,71.9,87.4,87,60.8
Southwest,9/28/1998,64.3,75.4,89.1,88.2,62.8
Southwest,9/29/1998,65.2,76.6,88.2,87.3,63.1
Southwest,9/30/1998,59.7,71.6,84.6,84.8,61.2
Southwest,10/1/1998,58.8,69.7,81.5,83.2,58.8
Southwest,10/2/1998,58,69.7,83.4,83,58.2
Southwest,10/3/1998,57.7,70.4,84.1,82.8,57.5
Southwest,10/4/1998,56.8,68.1,81,80.9,55.9
Southwest,10/5/1998,53.3,64.9,77.6,80.2,54
Southwest,10/6/1998,51.8,64.7,81.9,82.1,53.6
Southwest,10/7/1998,55.7,69.4,86.8,85.6,55.8
Southwest,10/8/1998,60,72.8,88.2,87.4,58.2
Southwest,10/9/1998,58.9,72.4,87.1,86.7,58.4
Southwest,10/10/1998,56.4,70.5,84.8,86.3,57.3
Southwest,10/11/1998,56.5,70.5,87,87.5,57.4
Southwest,10/12/1998,59.4,73,90.7,89.2,59.8
Southwest,10/13/1998,63.4,75.4,89.8,88.8,60.4
Southwest,10/14/1998,58.5,72,85.9,85.7,58.8
Southwest,10/15/1998,54.4,66.5,81.5,80.1,53.7
Southwest,10/16/1998,48.3,60,73,75.4,48.7
Southwest,10/17/1998,43.5,56.3,71.8,75,46.8
Southwest,10/18/1998,48.6,61.4,80.1,77.7,48.6
Southwest,10/19/1998,53.8,65.9,81.3,80,52.5
Southwest,10/20/1998,55.1,66,78.6,78.3,55.9
Southwest,10/21/1998,58.8,64.6,75.1,75.7,56.6
Southwest,10/22/1998,55.9,63.2,73.5,75.2,56.8
Southwest,10/23/1998,55.8,64.8,76.9,76.2,56.1
Southwest,10/24/1998,56.6,66.5,78.3,77.1,56.9
Southwest,10/25/1998,58.4,66.9,76,75.3,55.8
Southwest,10/26/1998,52.5,62,71.7,72.7,54
Southwest,10/27/1998,51.1,60.2,70.5,71.4,51
Southwest,10/28/1998,49.4,59.6,71.9,72.2,50.1
Southwest,10/29/1998,49.9,61,74.1,72.1,50.6
Southwest,10/30/1998,52.4,59.5,70.2,69.9,49.5
Southwest,10/31/1998,46.3,55.1,65.3,68,48.6
Southwest,11/1/1998,47.2,56.6,68.6,67.9,46.7
Southwest,11/2/1998,46.7,57.7,69.7,69.4,46.8
Southwest,11/3/1998,46.5,57.2,70,69.7,46.5
Southwest,11/4/1998,46.3,57.2,69.5,70,46.5
Southwest,11/5/1998,46.8,57.5,70.5,69.2,46.1
Southwest,11/6/1998,45.2,56.2,67.6,67.9,45.3
Southwest,11/7/1998,43.8,54.1,65.7,67.3,45.1
Southwest,11/8/1998,46.3,56.2,68.5,66.2,45.4
Southwest,11/9/1998,46.2,53.6,64.4,63.2,42.8
Southwest,11/10/1998,35.9,45.2,56.7,61.6,40.9
Southwest,11/11/1998,40.7,49.6,63.7,60.8,40
Southwest,11/12/1998,43.4,52.1,61.9,64.1,42.3
Southwest,11/13/1998,42.7,52.2,66.7,66.8,43.9
Southwest,11/14/1998,45.7,56.2,71.8,71.2,45.7
Southwest,11/15/1998,48.8,59.9,75.2,74,47.9
Southwest,11/16/1998,49.3,60.8,75.1,74.4,48.9
Southwest,11/17/1998,48.6,60.1,72.9,72.6,48
Southwest,11/18/1998,46.2,57.1,69.8,70,46.5
Southwest,11/19/1998,44.7,55,67.2,67.7,44.9
Southwest,11/20/1998,43.8,53.9,66.2,67.7,43.6
Southwest,11/21/1998,42.4,53.3,69.6,69.5,44.2
Southwest,11/22/1998,46.4,57.1,72.6,72.2,45.2
Southwest,11/23/1998,46.8,58.7,74.5,72.9,47
Southwest,11/24/1998,47.9,58.8,71.7,72.9,47.1
Southwest,11/25/1998,46.5,57.8,72.5,73.4,47.6
Southwest,11/26/1998,48.5,59.7,76,74.7,48.7
Southwest,11/27/1998,51,61.6,75.6,73.3,50.6
Southwest,11/28/1998,52.3,59.1,68.3,67.3,49.1
Southwest,11/29/1998,44.1,51,58.1,63.7,46
Southwest,11/30/1998,41.5,50.1,64.7,63.5,43.5
Southwest,12/1/1998,44.9,54.5,67.8,64.9,44.1
Southwest,12/2/1998,45.8,52.6,62.3,63.4,44
Southwest,12/3/1998,41.3,49.6,60.2,61.6,42.9
Southwest,12/4/1998,41.7,50.6,62.3,60,40.9
Southwest,12/5/1998,39.6,47.2,57.4,55.6,37.9
Southwest,12/6/1998,32.4,39.8,47.2,50.1,33.7
Southwest,12/7/1998,29.2,36.2,45.7,47.8,30.2
Southwest,12/8/1998,28.9,37.3,50.4,49.2,30
Southwest,12/9/1998,31.8,39.8,51.6,51.3,31.5
Southwest,12/10/1998,33.9,41.1,51.8,52.2,32.8
Southwest,12/11/1998,32.7,41.3,53.3,54.8,34.2
Southwest,12/12/1998,35.9,44.7,59.4,59.1,36.3
Southwest,12/13/1998,40.3,49.5,64.7,62.9,38.9
Southwest,12/14/1998,40.6,50.5,64.6,65.2,41.2
Southwest,12/15/1998,42.8,51.8,66.4,66.9,43.1
Southwest,12/16/1998,46,54.7,69.7,68,45
Southwest,12/17/1998,46.3,55.4,67.8,66.4,44.8
Southwest,12/18/1998,42,51.8,61.8,64,43.2
Southwest,12/19/1998,41.2,50.1,62.4,60.7,41.2
Southwest,12/20/1998,40.3,48.4,58,57.9,38.7
Southwest,12/21/1998,34.5,43.2,53.4,53.9,35.1
Southwest,12/22/1998,30.5,38.9,50.3,50.6,31.4
Southwest,12/23/1998,29.2,37.4,48.2,50.5,29.6
Southwest,12/24/1998,29.1,38.1,52.9,52.8,30.5
Southwest,12/25/1998,33.3,42.3,57.2,56.9,33.6
Southwest,12/26/1998,38.5,46.9,60.5,60.3,37.6
Southwest,12/27/1998,41.1,49.8,63.2,62.9,40.2
Southwest,12/28/1998,41.1,50.8,64.9,65.4,41.8
Southwest,12/29/1998,43.2,52.8,68,67.4,43.3
Southwest,12/30/1998,45.7,55.5,69.4,67.9,44.8
Southwest,12/31/1998,45.5,54.7,66.2,65.7,44
Southwest,1/1/1999,40.9,50.9,61.4,62.8,41.7
Southwest,1/2/1999,38.8,48.3,60.9,60.2,38.8
Southwest,1/3/1999,36.8,46.6,58.3,59.7,37.1
Southwest,1/4/1999,35.7,45.3,59.9,60.5,36.7
Southwest,1/5/1999,37.5,47.8,63.4,63.1,38.2
Southwest,1/6/1999,41.3,51.1,65.9,65.2,40.4
Southwest,1/7/1999,42.5,52.6,66.3,64.5,41.2
Southwest,1/8/1999,39.8,50.2,61.4,63.3,39.9
Southwest,1/9/1999,37.5,47.9,62.3,63.3,39.2
Southwest,1/10/1999,40.2,50.2,66.2,65.6,40.7
Southwest,1/11/1999,44.5,54.1,68.3,65.9,42.2
Southwest,1/12/1999,41.9,52.3,63.3,64.4,41.5
Southwest,1/13/1999,38.2,48.7,61.6,63.8,40.3
Southwest,1/14/1999,40.8,51.2,66.5,65.1,39.8
Southwest,1/15/1999,40.4,51.9,67.1,66.3,41.2
Southwest,1/16/1999,42.3,52.6,65.2,65.5,41.3
Southwest,1/17/1999,41.1,51.3,64.3,65.7,42.2
Southwest,1/18/1999,43.1,53.2,67.7,67.1,43.4
Southwest,1/19/1999,46,56.2,69.4,67.6,44.7
Southwest,1/20/1999,45.1,54.5,65.6,65.5,44.7
Southwest,1/21/1999,42.9,50.8,61.4,61.4,41
Southwest,1/22/1999,35,45.6,57.2,61.2,38.6
Southwest,1/23/1999,37.8,48.1,65.1,65,39.8
Southwest,1/24/1999,46.5,55.9,72.8,68.8,44.6
Southwest,1/25/1999,49.4,57.6,68.4,67.3,44.8
Southwest,1/26/1999,38.5,47.8,60.8,60.6,40.9
Southwest,1/27/1999,34.7,42.8,52.5,55.9,35.4
Southwest,1/28/1999,33,42.1,54.3,54.2,33.8
Southwest,1/29/1999,33.8,43.1,55.9,56.7,34.1
Southwest,1/30/1999,35.6,45.7,60,59.7,36.2
Southwest,1/31/1999,39.1,49.2,63.3,61.2,37.5
Southwest,2/1/1999,37.8,48.1,60.3,62.1,37.7
Southwest,2/2/1999,36.1,47.6,62.6,62.9,37.4
Southwest,2/3/1999,38.2,49.8,65.9,64.1,39
Southwest,2/4/1999,42.8,52.2,63.9,63.3,41
Southwest,2/5/1999,42.1,50.4,60.1,60.6,41.2
Southwest,2/6/1999,38.8,47.6,57.7,60.4,40
Southwest,2/7/1999,39,49.1,63.4,62.8,40.4
Southwest,2/8/1999,43.5,53.8,67.4,67.4,42.5
Southwest,2/9/1999,45,56.6,71.4,69.6,43.8
Southwest,2/10/1999,42.8,52.5,69.9,64.2,38.9
Southwest,2/11/1999,28.9,39.1,51.2,61.8,35
Southwest,2/12/1999,33.2,44.3,64.4,61.9,34.1
Southwest,2/13/1999,40.2,52,70.2,68.6,39.1
Southwest,2/14/1999,44,56,71.2,70.1,41.7
Southwest,2/15/1999,40.9,53.4,68.9,68.4,42
Southwest,2/16/1999,41,51.5,65,67.2,42
Southwest,2/17/1999,44,54,67.6,67.1,42.8
Southwest,2/18/1999,43.3,55,68.6,68.9,44
Southwest,2/19/1999,44.8,57,70.4,69.5,44.1
Southwest,2/20/1999,44.2,56.1,69.6,70.8,44.9
Southwest,2/21/1999,45.8,57.4,72.3,70.8,44.4
Southwest,2/22/1999,43.2,55.9,70.6,71.1,43.2
Southwest,2/23/1999,40.5,53.2,70.5,71.7,42.6
Southwest,2/24/1999,44.1,57.5,73.9,72.4,43.8
Southwest,2/25/1999,46.8,59.3,72.7,72.3,45.1
Southwest,2/26/1999,44.4,56.7,70.2,71.2,44.5
Southwest,2/27/1999,42.4,55.3,70.8,72.1,44.5
Southwest,2/28/1999,46.6,59.1,75.3,74.8,45.7
Southwest,3/1/1999,48.1,61.7,78.3,77,47.6
Southwest,3/2/1999,48.2,62,77.4,77.3,47.9
Southwest,3/3/1999,47.5,61.6,76.1,75.9,47.4
Southwest,3/4/1999,46.4,58.5,74.2,73.1,45.2
Southwest,3/5/1999,41.7,54.9,68.9,71.4,43.4
Southwest,3/6/1999,42,56,71.1,69.7,42.1
Southwest,3/7/1999,42.7,52.2,69.2,66.9,40.8
Southwest,3/8/1999,37.8,47.8,60.4,65.6,40.2
Southwest,3/9/1999,40.2,52.1,67.2,65.3,39.5
Southwest,3/10/1999,40.4,53.5,68.2,67.5,40.6
Southwest,3/11/1999,41.3,53.4,67.2,65.5,39.3
Southwest,3/12/1999,36.1,48.3,61,65.4,38.9
Southwest,3/13/1999,39.4,51.3,68,68.3,39.7
Southwest,3/14/1999,43.7,57.7,75.9,72.6,43.1
Southwest,3/15/1999,46.1,59.7,74,73.1,44.3
Southwest,3/16/1999,43.1,52.5,69.3,67.1,42.9
Southwest,3/17/1999,39.4,47.4,57.9,63.5,40.5
Southwest,3/18/1999,39.1,48.4,63.3,64.3,40.7
Southwest,3/19/1999,43.5,55.5,71.7,70.8,43.4
Southwest,3/20/1999,47.6,60.8,77.3,74.8,46
Southwest,3/21/1999,46.8,60.6,75.5,76,47.2
Southwest,3/22/1999,47.3,60.8,75.2,74.9,46.8
Southwest,3/23/1999,46.2,59.8,74.1,74.4,46.8
Southwest,3/24/1999,46.8,59.4,73.8,74.5,47.1
Southwest,3/25/1999,48.2,61.2,75.5,74.4,48.5
Southwest,3/26/1999,50.5,60.3,73.9,72.9,47
Southwest,3/27/1999,42.4,54.4,69.4,72.2,46
Southwest,3/28/1999,45.1,58.1,73.2,73.9,45.5
Southwest,3/29/1999,48.9,62.5,79.2,77,48
Southwest,3/30/1999,49.9,64.3,78.6,78.1,48.3
Southwest,3/31/1999,46.2,59.9,76.6,73.7,45.7
Southwest,4/1/1999,40.9,50,65.8,65.5,41.8
Southwest,4/2/1999,38.2,45.5,54.1,58.7,38.1
Southwest,4/3/1999,35.1,45,56.3,55.4,36.8
Southwest,4/4/1999,37.2,45.2,55.7,57.4,35.6
Southwest,4/5/1999,34.4,45.2,60.3,61.6,37.4
Southwest,4/6/1999,40.5,53,68.9,65.5,39.7
Southwest,4/7/1999,44.3,55.2,67.3,66.4,40.9
Southwest,4/8/1999,37.8,49.8,63.1,64.4,40.5
Southwest,4/9/1999,39.5,50.9,62.7,63.5,37.7
Southwest,4/10/1999,35.8,48.7,64.8,66.7,39.3
Southwest,4/11/1999,42.5,56.2,72.7,70,41.6
Southwest,4/12/1999,46.6,59.8,72.6,71.7,44.5
Southwest,4/13/1999,44.4,55.5,69.9,73.4,45.7
Southwest,4/14/1999,46.2,59.4,77.6,75.1,46.8
Southwest,4/15/1999,49.7,64.2,77.8,77.3,47.7
Southwest,4/16/1999,47.3,62.5,76.6,78.5,48.9
Southwest,4/17/1999,49.8,64.5,81.1,81.2,50.3
Southwest,4/18/1999,53.8,69.5,85.9,84.9,53.5
Southwest,4/19/1999,56.9,72.2,87.6,86.8,56.1
Southwest,4/20/1999,57.7,73.1,87,86.6,56.5
Southwest,4/21/1999,55,69.8,85.3,84.1,54.8
Southwest,4/22/1999,51.7,65.4,80.1,79.9,51.1
Southwest,4/23/1999,46.6,59.6,74.2,74.6,48.1
Southwest,4/24/1999,46.1,57.9,69.4,71.4,46.3
Southwest,4/25/1999,46.2,58,70.6,73.4,47.1
Southwest,4/26/1999,49.1,62.3,80.1,78.1,49.7
Southwest,4/27/1999,53.8,68.5,83.6,82,53.1
Southwest,4/28/1999,56.3,68.2,82.4,79.8,50.7
Southwest,4/29/1999,41.9,55.4,73.3,74.1,47.2
Southwest,4/30/1999,43.4,54.9,66.6,69,43.1
Southwest,5/1/1999,43.9,55.4,67,69.7,44.6
Southwest,5/2/1999,46.5,59.4,75.6,72.5,47.1
Southwest,5/3/1999,50.8,62.6,74.9,74.1,47.2
Southwest,5/4/1999,44.2,58,71.8,74.8,47.6
Southwest,5/5/1999,47.9,61.8,77.6,77.3,47.9
Southwest,5/6/1999,51.7,66,82.4,82.2,51.8
Southwest,5/7/1999,55.8,70.7,86.7,85.6,55.3
Southwest,5/8/1999,58.3,73.5,87.6,86.5,56.2
Southwest,5/9/1999,54.5,69.3,85.3,84.1,54.6
Southwest,5/10/1999,51.1,65.9,79.4,82.3,53.1
Southwest,5/11/1999,53.6,67.6,82.1,82.8,53.8
Southwest,5/12/1999,56.7,71.2,86.9,85.4,56.1
Southwest,5/13/1999,58.1,73.1,87.3,86.4,57.1
Southwest,5/14/1999,56.5,70.6,85.1,85,55.9
Southwest,5/15/1999,53,68.6,82.6,83.2,54.1
Southwest,5/16/1999,52.8,68.1,81.8,83.6,53.6
Southwest,5/17/1999,54.9,70.3,86.3,86.2,55.7
Southwest,5/18/1999,59.4,74.6,90.6,88.8,57.6
Southwest,5/19/1999,58.5,74.1,89.4,89.2,58.4
Southwest,5/20/1999,57.4,73,87.6,88.8,57.9
Southwest,5/21/1999,57.9,74.2,89.5,88.1,57.2
Southwest,5/22/1999,56.4,72,87.2,86.8,56.9
Southwest,5/23/1999,56.5,70.7,83.6,85.3,57.2
Southwest,5/24/1999,58.6,72.2,85.2,85,58.2
Southwest,5/25/1999,59.4,73.4,86.3,86.7,59.6
Southwest,5/26/1999,60.7,74.9,88.7,89.1,61.2
Southwest,5/27/1999,63.5,78,92.3,91.3,63.2
Southwest,5/28/1999,65.3,79.6,92.9,92.1,63.7
Southwest,5/29/1999,62.3,77.6,91,90.7,63
Southwest,5/30/1999,61.5,75.5,88.3,88.9,61.3
Southwest,5/31/1999,60.1,74.4,87.5,87.9,60.7
Southwest,6/1/1999,60.5,75,87.9,87.3,60.7
Southwest,6/2/1999,61.5,72.7,86.4,85.1,58.4
Southwest,6/3/1999,53.3,67.6,81,82.5,55
Southwest,6/4/1999,50.3,63.5,80.2,79.8,51
Southwest,6/5/1999,49.3,63,78.2,81.7,51.8
Southwest,6/6/1999,55.7,70.2,86.7,85.2,54.9
Southwest,6/7/1999,59.7,75.4,90.8,89.1,58.5
Southwest,6/8/1999,60.2,75.9,89.8,89.6,59.2
Southwest,6/9/1999,57.8,74.1,88.2,88.6,58.8
Southwest,6/10/1999,58.5,74.1,87.9,88.6,58.6
Southwest,6/11/1999,59.6,75.3,89.6,89.7,60.1
Southwest,6/12/1999,62.1,76.9,91.6,92.2,62.1
Southwest,6/13/1999,64.5,79.8,95.4,94,65.1
Southwest,6/14/1999,68.7,82.4,94.9,95.1,67.1
Southwest,6/15/1999,68,82.3,95.1,95,67.9
Southwest,6/16/1999,67,81.8,95.1,94.7,68.7
Southwest,6/17/1999,71,82.8,93.8,94.6,68.6
Southwest,6/18/1999,67.9,82,95,95.4,69.6
Southwest,6/19/1999,70,84,97.5,96.3,70.1
Southwest,6/20/1999,72.5,85.4,96.4,96.3,70.7
Southwest,6/21/1999,69.6,83.5,95.1,95.1,69.2
Southwest,6/22/1999,65.6,80.2,93.8,94.7,67.6
Southwest,6/23/1999,67.7,81.7,95.2,95.9,68
Southwest,6/24/1999,70.7,84.7,98.6,97.7,70.4
Southwest,6/25/1999,72.9,86.4,99.3,99.2,71.9
Southwest,6/26/1999,72.2,86.4,99.8,99.5,73
Southwest,6/27/1999,74,87.1,99.3,99.2,73.5
Southwest,6/28/1999,74.3,87,98.5,99.4,74.2
Southwest,6/29/1999,74.3,87.5,100.5,100.8,74.2
Southwest,6/30/1999,73.9,88.4,103.3,102.6,74
Southwest,7/1/1999,73.9,89.3,103.9,103.3,74.1
Southwest,7/2/1999,74.6,88.1,102.7,101,73.7
Southwest,7/3/1999,72.5,84.9,96.5,98.5,72.4
Southwest,7/4/1999,70.2,83.5,96.3,96.7,72.6
Southwest,7/5/1999,75.2,87,97.4,96.5,73.6
Southwest,7/6/1999,75.3,86.1,95.7,95.1,74.6
Southwest,7/7/1999,73.2,82.3,92.1,92.4,73.9
Southwest,7/8/1999,73.2,81.5,89.3,90.3,72.9
Southwest,7/9/1999,72.4,81.3,89.5,90.7,73
Southwest,7/10/1999,73.5,83.4,93.4,91.5,73.3
Southwest,7/11/1999,74,82.6,91.7,92.2,73.8
Southwest,7/12/1999,74,82.4,91.4,91.3,74.1
Southwest,7/13/1999,74.3,82.5,90.9,90.3,74.2
Southwest,7/14/1999,74.2,82.3,88.5,89.9,73
Southwest,7/15/1999,70.5,79.7,90.4,90.2,71.7
Southwest,7/16/1999,70.5,81.1,91.6,91.4,70.6
Southwest,7/17/1999,70.8,81.8,92.1,91.6,71
Southwest,7/18/1999,71.6,81.5,91,92,71.1
Southwest,7/19/1999,70.9,81.7,93,92.8,71.1
Southwest,7/20/1999,70.7,82.7,94.3,93.8,71
Southwest,7/21/1999,71.4,83.4,94.1,94.4,71.2
Southwest,7/22/1999,71.4,83.3,94.9,94.7,71.7
Southwest,7/23/1999,72.4,84,95,95.1,71.8
Southwest,7/24/1999,71.7,83.6,95.3,95.6,72.4
Southwest,7/25/1999,73.1,85,96.4,96.2,72.7
Southwest,7/26/1999,73.3,85.1,96.9,96.4,73.5
Southwest,7/27/1999,74.2,85.2,96,95.5,73.4
Southwest,7/28/1999,72.8,80.4,93.7,91.7,72.2
Southwest,7/29/1999,69.5,77.4,85.5,90.5,70.6
Southwest,7/30/1999,69.4,79.1,92.2,90.8,69.7
Southwest,7/31/1999,70.1,82.2,94.8,94,70.6
Southwest,8/1/1999,72.3,83.8,95,94.7,72.3
Southwest,8/2/1999,74.4,83.9,94.3,94.5,73.1
Southwest,8/3/1999,72.6,83.6,94.2,94.4,73
Southwest,8/4/1999,71.9,83.3,94.7,94.1,71.8
Southwest,8/5/1999,71,81.1,93.3,92.9,70.6
Southwest,8/6/1999,68.8,79.2,90.8,92.5,69.5
Southwest,8/7/1999,68.6,80.8,93.4,92.8,68.8
Southwest,8/8/1999,69.1,81.6,94.1,94,69.1
Southwest,8/9/1999,69.6,82.2,94.5,93.9,70
Southwest,8/10/1999,71.3,82,93.1,93,69
Southwest,8/11/1999,66.2,78.6,91.4,92.9,68
Southwest,8/12/1999,66.6,80.3,94.2,94.4,67.4
Southwest,8/13/1999,69.5,83.1,97.5,96,70.1
Southwest,8/14/1999,74.3,84.7,96.4,95.6,72.3
Southwest,8/15/1999,73.1,83.3,93,94.9,73.8
Southwest,8/16/1999,74,84.7,95.3,95.8,73.6
Southwest,8/17/1999,73.7,85.9,99,98.2,74.5
Southwest,8/18/1999,75.7,88.1,100.3,99.6,74.5
Southwest,8/19/1999,74,87,99.4,99.4,74
Southwest,8/20/1999,72.3,85.5,98.4,99.2,73.1
Southwest,8/21/1999,73,86.2,99.8,99.5,73.6
Southwest,8/22/1999,75.5,88.1,100.2,100.1,74.6
Southwest,8/23/1999,75.2,87.7,100.2,99.9,75.2
Southwest,8/24/1999,75,87.9,99.3,99.2,75.3
Southwest,8/25/1999,75.7,87.5,98.1,97.8,75.4
Southwest,8/26/1999,75.6,86.5,96.1,96.2,75.2
Southwest,8/27/1999,74.3,84.9,94.5,94.7,74.9
Southwest,8/28/1999,74.7,84.1,93.6,94,74.4
Southwest,8/29/1999,74.2,84,93.9,93.8,74.1
Southwest,8/30/1999,73.3,83.9,93.8,93,72.9
Southwest,8/31/1999,71.2,81.2,91.4,90.5,71.6
Southwest,9/1/1999,70.3,78,86.3,88.5,69.7
Southwest,9/2/1999,67.6,77.5,87.7,87.5,67.2
Southwest,9/3/1999,63.6,75.9,88.4,89.4,65.5
Southwest,9/4/1999,65.4,77.9,92,92,65.7
Southwest,9/5/1999,68.1,81,95.7,94.5,67.7
Southwest,9/6/1999,69.7,82.4,95.9,96.1,69.1
Southwest,9/7/1999,69.5,82.9,96.7,96.2,69.3
Southwest,9/8/1999,68.6,82.3,96.1,95.7,70.1
Southwest,9/9/1999,72.3,81.8,94.3,94.3,70.2
Southwest,9/10/1999,69.8,80.6,92.5,93.3,70.7
Southwest,9/11/1999,70,81.2,93.1,93.5,69.8
Southwest,9/12/1999,69.7,81.8,95,94.5,70
Southwest,9/13/1999,70.3,82.7,95.5,94.9,69.9
Southwest,9/14/1999,69.8,82.1,94.3,94.1,69.2
Southwest,9/15/1999,67.4,80.2,92.5,92.8,67.8
Southwest,9/16/1999,66.2,78.8,91.7,91.1,67.5
Southwest,9/17/1999,68.9,78.9,89.2,90.5,67
Southwest,9/18/1999,66,77.2,90.5,89.3,67.1
Southwest,9/19/1999,66.3,76.9,88.3,89.3,66.1
Southwest,9/20/1999,66,76.5,89.2,88.8,66.8
Southwest,9/21/1999,68,78.1,88.9,89.2,67.8
Southwest,9/22/1999,69.3,79.3,89.6,88.5,68.5
Southwest,9/23/1999,68.1,77.3,87,88.1,67.8
Southwest,9/24/1999,66,76.5,87.7,88.3,66.5
Southwest,9/25/1999,65.5,77.2,90.1,90.1,65.7
Southwest,9/26/1999,65.6,78.2,92.5,91.5,65.4
Southwest,9/27/1999,65.2,78.3,92,91.7,65.3
Southwest,9/28/1999,65,77.5,90.5,90.2,63.3
Southwest,9/29/1999,59.6,73,88.1,89.9,62
Southwest,9/30/1999,61.5,74.8,91.1,90.2,61.6
Southwest,10/1/1999,63.7,76.9,91.4,90.9,62.4
Southwest,10/2/1999,62.1,75.9,90.1,90.2,62.3
Southwest,10/3/1999,61,74.8,89.1,89.8,61.7
Southwest,10/4/1999,62,75.3,90.3,90.4,62.9
Southwest,10/5/1999,65.6,77.2,91.7,90.3,63.6
Southwest,10/6/1999,63.1,75,88.8,87.5,61.6
Southwest,10/7/1999,56,68.2,82.1,85.6,58.6
Southwest,10/8/1999,56.8,68.9,86,85.9,57.5
Southwest,10/9/1999,59.8,73.4,89.7,89.3,59.5
Southwest,10/10/1999,61.9,75.8,92.2,91.6,61.6
Southwest,10/11/1999,63.1,77.2,92.9,92.4,62.5
Southwest,10/12/1999,62.6,76.5,92,92.4,62.9
Southwest,10/13/1999,63.1,76.8,92.3,91.7,62.9
Southwest,10/14/1999,63.1,76.4,90.8,90.2,62.3
Southwest,10/15/1999,60.7,74,87.4,87.2,60.9
Southwest,10/16/1999,58.9,70.7,83.4,83.4,56
Southwest,10/17/1999,48.5,61.3,79.4,78.4,50.8
Southwest,10/18/1999,44.9,56.7,72.4,76.6,47.7
Southwest,10/19/1999,49.6,61.7,78.1,77.2,48.7
Southwest,10/20/1999,51.6,64.4,81.2,81.6,51.8
Southwest,10/21/1999,54.2,67.7,85.6,84.4,53.9
Southwest,10/22/1999,55.9,69.7,86.5,86.1,55.4
Southwest,10/23/1999,56.1,69.8,86.1,86.3,56.3
Southwest,10/24/1999,56.8,70.2,86.4,86.1,57.1
Southwest,10/25/1999,58.3,70.8,85.7,84.5,58.3
Southwest,10/26/1999,59.8,69.9,81.4,82.5,58.3
Southwest,10/27/1999,56.9,68.2,80.5,80.9,57.4
Southwest,10/28/1999,55.6,67.2,80.8,79.9,55.6
Southwest,10/29/1999,54.3,65.9,78.5,78.4,53.2
Southwest,10/30/1999,49.6,61.8,76,78.5,51.2
Southwest,10/31/1999,49.7,62.7,81.1,79.9,50.9
Southwest,11/1/1999,53.4,66,82.6,80.8,52.1
Southwest,11/2/1999,53.2,65.3,78.6,80.5,52.4
Southwest,11/3/1999,50.7,63.1,80.3,80.2,52.2
Southwest,11/4/1999,52.8,65.4,81.6,80.8,52
Southwest,11/5/1999,52.6,65.2,80.4,82.2,53.2
Southwest,11/6/1999,54.2,66.7,84.6,81.9,54.8
Southwest,11/7/1999,57.5,67.8,80.8,80.6,55
Southwest,11/8/1999,53.2,64.6,76.5,77.2,53.5
Southwest,11/9/1999,49.8,61.2,74.2,76.8,51.1
Southwest,11/10/1999,50.3,62.3,79.7,79.2,51.3
Southwest,11/11/1999,53.7,65.9,83.6,82.4,53.3
Southwest,11/12/1999,55.9,68.1,83.8,83.3,54.7
Southwest,11/13/1999,54.5,67.1,82.5,83.4,55.3
Southwest,11/14/1999,55.5,67.8,83.8,83,55.3
Southwest,11/15/1999,55.8,67.7,82.7,82.5,55.3
Southwest,11/16/1999,54.6,66.7,81.1,80.1,54.7
Southwest,11/17/1999,53.7,64.8,76.6,76.1,52.3
Southwest,11/18/1999,48.5,59.5,70.7,72.4,49.4
Southwest,11/19/1999,46.1,56.9,69.9,70.5,47.2
Southwest,11/20/1999,47,57.9,71,68.9,45.8
Southwest,11/21/1999,44.4,55.1,65.9,65.6,43.2
Southwest,11/22/1999,38.2,48.8,60,61.5,38.8
Southwest,11/23/1999,33.9,44.4,58.6,59.4,35.7
Southwest,11/24/1999,35,45.4,59.5,60,34.8
Southwest,11/25/1999,35.5,46.2,62,63.6,37.4
Southwest,11/26/1999,41.7,51.8,69.2,67.4,40.8
Southwest,11/27/1999,45.2,56,71,71.2,44.2
Southwest,11/28/1999,45.6,57,73.4,73.7,46.4
Southwest,11/29/1999,48.5,59.5,76.7,75.1,47.9
Southwest,11/30/1999,49.6,60.1,75.2,73.9,48.7
Southwest,12/1/1999,47.9,58.4,69.7,68.9,45.5
Southwest,12/2/1999,39.1,50.5,61.7,62.2,41.4
Southwest,12/3/1999,37.1,46.4,55.3,58,36.2
Southwest,12/4/1999,32.5,42.1,57,57.6,34.5
Southwest,12/5/1999,33.9,44.7,60.5,59.8,34.4
Southwest,12/6/1999,36.9,47.3,61.8,61.2,35.9
Southwest,12/7/1999,36.8,47.6,61.4,59.2,36.2
Southwest,12/8/1999,34.8,44.8,54.4,57.4,34.8
Southwest,12/9/1999,32.8,42.2,56.4,56.1,34.5
Southwest,12/10/1999,35.8,45.5,57.5,56.8,34.1
Southwest,12/11/1999,33.8,43.7,56.5,57,34.2
Southwest,12/12/1999,33,42.9,57.1,57.7,34
Southwest,12/13/1999,35.2,45.2,59.4,56.7,34.1
Southwest,12/14/1999,34,43.6,53.5,56.8,33.3
Southwest,12/15/1999,30.6,41.2,57.5,57.4,33.1
Southwest,12/16/1999,34.7,44.6,61.3,61.4,34.9
Southwest,12/17/1999,39.4,49.4,65.5,64.4,38.2
Southwest,12/18/1999,40.5,51.3,66.3,64.9,39.8
Southwest,12/19/1999,39.4,50.2,62.9,62.8,38.6
Southwest,12/20/1999,36,46.3,59.3,60,36.8
Southwest,12/21/1999,34.9,45,57.8,58,35.2
Southwest,12/22/1999,34.6,44.3,57,57.8,34.7
Southwest,12/23/1999,34.6,44.6,58.7,58.3,34.9
Southwest,12/24/1999,35.6,45.5,59.2,58.4,36
Southwest,12/25/1999,37.9,46,57.4,58.5,36.8
Southwest,12/26/1999,37,45.8,58.8,59.2,37.3
Southwest,12/27/1999,37,46.7,61.4,61.8,38.1
Southwest,12/28/1999,40.3,49.6,65.1,63.7,39.7
Southwest,12/29/1999,41.8,51.2,64.7,64.4,40.5
Southwest,12/30/1999,39.3,49.7,63.3,63.8,40.5
Southwest,12/31/1999,40.3,49.7,63.3,61.4,38.7
Southwest,1/1/2000,36.6,46.1,57.5,57,37.2
Southwest,1/2/2000,34.6,41.5,50.2,52.6,33.3
Southwest,1/3/2000,28.7,38,50,52,31
Southwest,1/4/2000,29.6,39.2,55.7,54.7,30.7
Southwest,1/5/2000,33.7,43.8,58.5,56.6,32
Southwest,1/6/2000,32.8,43.1,55.5,56.7,32.8
Southwest,1/7/2000,31.8,42.1,56.2,56.3,32.5
Southwest,1/8/2000,32.8,43.3,57.2,57,32.7
Southwest,1/9/2000,33.4,43.6,57.6,59.2,34.3
Southwest,1/10/2000,36.8,46.6,62.9,61.7,36.4
Southwest,1/11/2000,39,49.7,64.7,64.8,38.9
Southwest,1/12/2000,41,51.8,66.9,67.2,40.5
Southwest,1/13/2000,41.5,53.3,70,69.7,42.5
Southwest,1/14/2000,44.9,55.5,72.1,72,44.2
Southwest,1/15/2000,46.1,57.2,73.9,73,46
Southwest,1/16/2000,46.9,58.5,73.1,74.1,47.3
Southwest,1/17/2000,48.8,59.6,75.2,74.9,49.1
Southwest,1/18/2000,51.6,61.9,76.5,75.2,49.7
Southwest,1/19/2000,48.8,60.3,73.8,73.7,49.5
Southwest,1/20/2000,48.1,58.5,70.9,70.7,48.1
Southwest,1/21/2000,47.5,56.4,67.5,68,47
Southwest,1/22/2000,45.4,54.7,65.5,66.3,44.8
Southwest,1/23/2000,41.5,52.4,65.8,66.9,44.1
Southwest,1/24/2000,45.5,55.3,69.3,68.1,44.3
Southwest,1/25/2000,46,56.9,69.2,68.4,45.6
Southwest,1/26/2000,45.3,55.3,66.6,65.3,42.9
Southwest,1/27/2000,37.4,48,60.2,62,39.3
Southwest,1/28/2000,35.2,46.4,59.1,59.7,35.6
Southwest,1/29/2000,34.3,45.4,59.9,60,35.3
Southwest,1/30/2000,36.5,47.5,61,60.1,37
Southwest,1/31/2000,40.1,48.5,59.4,60.4,38.4
Southwest,2/1/2000,38.5,48.5,60.9,61.5,38.6
Southwest,2/2/2000,37.3,48.8,64.2,65.2,38.8
Southwest,2/3/2000,40.7,52.7,70.4,67.4,39.9
Southwest,2/4/2000,41.7,53.7,67.6,68.7,41.4
Southwest,2/5/2000,41.7,53.4,68.1,68.3,42
Southwest,2/6/2000,42.7,54.5,69.2,70.3,42.6
Southwest,2/7/2000,43.4,56.1,73.6,73,44
Southwest,2/8/2000,45.9,58.9,76.1,74.2,46.9
Southwest,2/9/2000,51.3,61.6,73,73.1,47.4
Southwest,2/10/2000,45,56.6,70.1,69.6,45.7
Southwest,2/11/2000,40.7,51.6,65.7,65.9,42.5
Southwest,2/12/2000,41.9,50.6,61.9,63,40.1
Southwest,2/13/2000,37.6,48.7,61.3,63.9,41.1
Southwest,2/14/2000,43.8,53.8,68.5,67.4,42.3
Southwest,2/15/2000,45.4,57.4,72.5,70.7,45.4
Southwest,2/16/2000,46.9,58.1,71.2,70.3,44.4
Southwest,2/17/2000,40.8,52.1,67.2,66.6,41
Southwest,2/18/2000,35.2,47.1,61.4,66.8,39.2
Southwest,2/19/2000,41.7,53.5,71.8,68.4,42.1
Southwest,2/20/2000,49.3,59.1,72.1,70.3,46.9
Southwest,2/21/2000,49.8,56.3,67,66.3,47.2
Southwest,2/22/2000,42.5,50.6,59.9,63.6,43.9
Southwest,2/23/2000,39.5,50.2,63.9,62.3,42
Southwest,2/24/2000,43.9,51.2,63.1,61,39.3
Southwest,2/25/2000,34.4,44.8,56,60.2,38
Southwest,2/26/2000,35.7,46.6,61.6,63.6,37.3
Southwest,2/27/2000,41.7,54.1,73.1,68.6,40.2
Southwest,2/28/2000,43.1,54.4,71.1,69.6,41.2
Southwest,2/29/2000,38.7,50.3,64.6,66.7,41.5
Southwest,3/1/2000,42.6,53.2,64.3,64.5,40.3
Southwest,3/2/2000,39.5,51.2,64.5,66.7,41.5
Southwest,3/3/2000,42.5,55.1,71.2,68.8,42.4
Southwest,3/4/2000,45.3,57.3,70.8,69.6,43.7
Southwest,3/5/2000,43.4,51.6,66.8,64,43.8
Southwest,3/6/2000,42.8,47.7,54.3,58.1,41.7
Southwest,3/7/2000,39,45,53.1,55,39
Southwest,3/8/2000,35.1,44.8,57.5,57,37.9
Southwest,3/9/2000,39.5,49.1,60.5,60.7,38.3
Southwest,3/10/2000,40.3,51.1,64.2,64.9,40.6
Southwest,3/11/2000,42.1,54.1,70,69.5,42.5
Southwest,3/12/2000,45.1,58.2,74.2,73,45.9
Southwest,3/13/2000,50.4,61.9,74.9,75,48.2
Southwest,3/14/2000,49.1,61.4,76,75.9,49.9
Southwest,3/15/2000,50.2,62.8,76.7,76,49.5
Southwest,3/16/2000,49.2,61.2,75.2,75.2,48.7
Southwest,3/17/2000,46.8,59.3,73.8,74.2,47.5
Southwest,3/18/2000,46.4,59.7,73.6,73.9,46.4
Southwest,3/19/2000,45.9,59.4,74.3,73.8,46.8
Southwest,3/20/2000,48.1,58.9,73.5,69.1,43.8
Southwest,3/21/2000,37.4,47.3,59.4,64.5,41.3
Southwest,3/22/2000,38.3,48.2,60.7,62.3,38.7
Southwest,3/23/2000,40.4,52.2,66.8,66.8,41.4
Southwest,3/24/2000,45.4,57.7,72.9,71.5,44.6
Southwest,3/25/2000,48,61,74.8,74.7,47.6
Southwest,3/26/2000,49.4,62.4,76.5,75.5,49
Southwest,3/27/2000,49.6,62.7,75.2,74.5,49.3
Southwest,3/28/2000,49,59.4,71.9,72.5,48.1
Southwest,3/29/2000,45.6,57.5,70.3,71.3,47.3
Southwest,3/30/2000,47.4,59.3,71.6,70.6,46
Southwest,3/31/2000,45,56,70,68.6,44.7
Southwest,4/1/2000,41.8,52.6,64.1,67.7,43.1
Southwest,4/2/2000,42.4,54.5,69.1,69.7,43.6
Southwest,4/3/2000,46.7,59.9,75.8,76.3,47
Southwest,4/4/2000,51.8,66.2,84.1,81.7,51.3
Southwest,4/5/2000,55.5,70.6,85.2,84.2,53.7
Southwest,4/6/2000,53.8,68.6,83.4,84.4,54.3
Southwest,4/7/2000,53.5,68.2,84.5,83.9,54.5
Southwest,4/8/2000,56.1,69.8,83.9,84.6,55.1
Southwest,4/9/2000,55.8,70.4,85.4,84.4,54.9
Southwest,4/10/2000,52.7,67.8,83.9,82.4,53.2
Southwest,4/11/2000,51.2,65.2,78,81.2,52.3
Southwest,4/12/2000,52.9,66.9,81.8,81.6,53.3
Southwest,4/13/2000,55.9,70.5,85,83.5,54.5
Southwest,4/14/2000,54.8,68,83.6,80.6,51.8
Southwest,4/15/2000,44.7,58.7,73.2,78.6,49.4
Southwest,4/16/2000,48.6,62.8,79.1,77.9,48.5
Southwest,4/17/2000,52.2,66.7,81.5,79.9,51.1
Southwest,4/18/2000,52.5,62.9,79.2,77.8,49.8
Southwest,4/19/2000,44.8,58.4,72.6,78.9,49.1
Southwest,4/20/2000,50,65,84.9,80.6,51.2
Southwest,4/21/2000,58.9,71.4,84.2,82.8,52.3
Southwest,4/22/2000,48.1,62,79.4,80.9,52.4
Southwest,4/23/2000,50.2,63.4,79,81.2,50.8
Southwest,4/24/2000,54.2,68.6,85.2,84.5,53.8
Southwest,4/25/2000,57.1,72.8,89.2,89.2,57.5
Southwest,4/26/2000,61.2,76.5,93.1,91.6,60
Southwest,4/27/2000,61.8,77.5,92.4,92.1,60.8
Southwest,4/28/2000,59.3,75,90.9,89.9,58.3
Southwest,4/29/2000,53.9,69.4,86.3,86.5,55.5
Southwest,4/30/2000,53.3,67.9,82.2,85.3,54.3
Southwest,5/1/2000,55.8,70.7,87.4,86.9,56.2
Southwest,5/2/2000,59.4,74.9,91.1,90.2,58.5
Southwest,5/3/2000,60.3,76.3,92,91.6,60.1
Southwest,5/4/2000,60.6,76.4,91.7,91.6,60.2
Southwest,5/5/2000,59.7,76,91,90.7,60.2
Southwest,5/6/2000,60.3,75.3,89.5,89.2,59.7
Southwest,5/7/2000,59,73.4,87.1,87.5,59.7
Southwest,5/8/2000,59.7,73,85.9,87.2,59.5
Southwest,5/9/2000,59.9,74.1,88.6,88.2,60.3
Southwest,5/10/2000,61.4,76.1,90.2,88.9,59.1
Southwest,5/11/2000,56,71,87.9,86,56.3
Southwest,5/12/2000,51.6,66,79.8,84.2,53.6
Southwest,5/13/2000,53.2,68.6,84.9,85.2,54.2
Southwest,5/14/2000,57.8,73.4,91,89.8,57.7
Southwest,5/15/2000,62.1,77.9,93.6,91.9,60.1
Southwest,5/16/2000,60.4,72.6,91,87.2,56.7
Southwest,5/17/2000,47.5,62.6,77.1,83.7,54.1
Southwest,5/18/2000,54.3,68,82.9,82,53.2
Southwest,5/19/2000,57.7,71.9,86,86.9,58.1
Southwest,5/20/2000,62.2,76.5,91.9,91.3,61.6
Southwest,5/21/2000,64.9,80.5,96.1,96,64.8
Southwest,5/22/2000,67.2,83.2,100.1,98.4,66.3
Southwest,5/23/2000,66.9,83.5,98.9,98.9,66.6
Southwest,5/24/2000,65.8,81.9,97.8,96.6,64.8
Southwest,5/25/2000,61.7,76.6,93.1,92.9,61.7
Southwest,5/26/2000,57.7,73,87.9,92.2,61.1
Southwest,5/27/2000,63.8,78.5,95.5,94.8,63.4
Southwest,5/28/2000,68.8,84.5,101,99.3,67.7
Southwest,5/29/2000,70.4,86.4,101.5,100.9,69.3
Southwest,5/30/2000,68.6,84.7,100.3,99.6,67.9
Southwest,5/31/2000,64.7,81.3,96.9,97.4,66
Southwest,6/1/2000,64.7,80.6,95.1,95.3,65
Southwest,6/2/2000,65.6,80.4,93.8,95,65.8
Southwest,6/3/2000,67.1,81.7,96.1,96.1,66.4
Southwest,6/4/2000,66.6,82.9,98.5,97.7,66.9
Southwest,6/5/2000,67.1,83.6,98.5,98.8,67.6
Southwest,6/6/2000,69,84.2,99.4,98.9,69
Southwest,6/7/2000,70.8,85.7,98.8,98.3,69.5
Southwest,6/8/2000,68.6,81.4,96.6,94.6,66.3
Southwest,6/9/2000,59.5,73.6,88.3,90.5,62.2
Southwest,6/10/2000,58.5,72.9,86.6,88.9,60.1
Southwest,6/11/2000,62.2,76.7,91.8,91.5,62
Southwest,6/12/2000,65.2,80.3,96,95.9,65.3
Southwest,6/13/2000,68.4,83.6,99.9,99,67.9
Southwest,6/14/2000,70.1,85.8,101.1,100.9,69.7
Southwest,6/15/2000,70.5,86.2,101.6,101.1,69.8
Southwest,6/16/2000,68.9,84.8,100.6,99.6,69
Southwest,6/17/2000,67.5,82.2,96.5,96.5,67.6
Southwest,6/18/2000,66.4,79.1,92.3,93.1,66.7
Southwest,6/19/2000,66.1,78.8,90.5,91.9,67.1
Southwest,6/20/2000,68.7,80.8,93,92.7,68.4
Southwest,6/21/2000,70.3,82.6,94.7,93.8,70.1
Southwest,6/22/2000,71.3,83.4,93.7,93.3,70.3
Southwest,6/23/2000,69.3,81.3,91.6,93.1,69.8
Southwest,6/24/2000,68.7,81.3,94.1,94.1,69.6
Southwest,6/25/2000,70.9,84.1,96.7,96.4,71
Southwest,6/26/2000,73.4,86.2,98.5,97.5,73.8
Southwest,6/27/2000,77,87,97.3,96.2,75.6
Southwest,6/28/2000,76.3,84.8,92.8,94.3,75.7
Southwest,6/29/2000,73.7,83.4,92.8,92.7,73.6
Southwest,6/30/2000,70.8,81.2,92.6,93,71.7
Southwest,7/1/2000,70.5,82,93.7,94,70.5
Southwest,7/2/2000,70.1,83.2,95.7,95,69.8
Southwest,7/3/2000,68.9,83,95.5,95.5,69.1
Southwest,7/4/2000,68.2,82.5,95.4,95.6,68.1
Southwest,7/5/2000,67.2,82.1,95.9,95.3,67.6
Southwest,7/6/2000,67.4,81.5,94.7,94.5,68.2
Southwest,7/7/2000,70,81.6,92.9,92.9,69.4
Southwest,7/8/2000,70.7,81.2,91,92.8,70.5
Southwest,7/9/2000,70.8,82.5,94.5,93.6,70.4
Southwest,7/10/2000,69.6,82.7,95.4,95.6,70
Southwest,7/11/2000,69.6,83.5,96.9,96.5,69.8
Southwest,7/12/2000,70.3,83.9,97.2,97.1,71.4
Southwest,7/13/2000,74.2,85.7,97.3,97.3,73.5
Southwest,7/14/2000,76.1,86.9,97.3,97.6,75
Southwest,7/15/2000,74.8,87.1,98.2,97.9,74.9
Southwest,7/16/2000,73.7,86.6,98.3,98.6,73.7
Southwest,7/17/2000,72.5,86.1,99.4,100.3,73.3
Southwest,7/18/2000,73.7,88.3,103.3,102.3,74.1
Southwest,7/19/2000,76.1,90.3,104.3,103.6,75.3
Southwest,7/20/2000,76.2,90.3,103.3,103,75.8
Southwest,7/21/2000,75,88,101.3,101.6,75
Southwest,7/22/2000,73.9,87,100.2,101.1,74.9
Southwest,7/23/2000,75.7,88.8,101.8,101.7,75.5
Southwest,7/24/2000,76.8,90.3,103.2,102.9,76.4
Southwest,7/25/2000,76.6,90.5,103.7,103,76.3
Southwest,7/26/2000,75.6,89.5,102.2,102.5,75.6
Southwest,7/27/2000,74.7,88.6,101.6,102.3,75.3
Southwest,7/28/2000,75.7,89.1,103.1,102.3,74.8
Southwest,7/29/2000,73.9,88.3,102.1,102.2,74.2
Southwest,7/30/2000,73.1,87.4,101.3,100.8,73.7
Southwest,7/31/2000,74,86.5,99.1,100.3,73.3
Southwest,8/1/2000,72.7,86.7,100.5,100.3,73.2
Southwest,8/2/2000,73,86.5,101.4,101.4,73.1
Southwest,8/3/2000,73.5,87.9,102.2,102,73.9
Southwest,8/4/2000,75.1,88.5,102.5,102.5,74.9
Southwest,8/5/2000,76.2,89.6,102.8,102.1,75.5
Southwest,8/6/2000,75.2,87,101,99.7,74.4
Southwest,8/7/2000,71.9,83.7,95.4,97.1,72.3
Southwest,8/8/2000,69.7,82.1,94.8,95.1,71.5
Southwest,8/9/2000,73,84,95.2,95.9,72.3
Southwest,8/10/2000,74.1,85.6,97.7,96.9,73.9
Southwest,8/11/2000,74.7,87,97.7,97.2,74.6
Southwest,8/12/2000,75,85.9,96.1,97.3,75
Southwest,8/13/2000,75.3,86.5,98,97.9,74.6
Southwest,8/14/2000,73.5,86.7,99.5,99,74.1
Southwest,8/15/2000,73.4,87.1,99.6,99.8,74
Southwest,8/16/2000,75.2,87.8,100.4,99.5,73.9
Southwest,8/17/2000,73,85.2,98.6,97.4,73.4
Southwest,8/18/2000,71.9,82.1,93.1,95.4,72.4
Southwest,8/19/2000,72.3,82.5,94.4,94.9,72.1
Southwest,8/20/2000,72.2,84.7,97.2,96.6,71.9
Southwest,8/21/2000,71.2,84.8,98.2,97.4,71.8
Southwest,8/22/2000,72,84.4,96.7,96.3,72
Southwest,8/23/2000,72.7,82.9,94.1,95.2,72.2
Southwest,8/24/2000,71.8,83.1,94.7,94.6,72.2
Southwest,8/25/2000,72,83.6,94.9,95.2,72
Southwest,8/26/2000,72.1,84.1,95.9,95.2,72
Southwest,8/27/2000,72,83.6,94.7,94.4,71.8
Southwest,8/28/2000,71.3,79.7,92.5,90.5,70.7
Southwest,8/29/2000,68.9,75.6,84.2,88,68.1
Southwest,8/30/2000,64,73.7,87.2,86.6,65
Southwest,8/31/2000,62.1,75,88.3,87.8,63.2
Southwest,9/1/2000,63.6,75.7,87.9,88.6,63.3
Southwest,9/2/2000,64.1,76.3,89.6,89.9,64.3
Southwest,9/3/2000,65.1,78,92.1,92.4,65.5
Southwest,9/4/2000,67.3,80.6,95.5,95,68.3
Southwest,9/5/2000,72.4,84,97.4,95.9,71
Southwest,9/6/2000,73.4,83.6,94.8,97,73
Southwest,9/7/2000,73.3,84.8,98.9,96.9,73.6
Southwest,9/8/2000,74.2,85.6,96.9,97.1,72.6
Southwest,9/9/2000,70.4,83.2,95.6,95.4,71.4
Southwest,9/10/2000,69.6,81.7,93.8,94.6,69.6
Southwest,9/11/2000,68.9,81.1,94.3,95.3,69.4
Southwest,9/12/2000,69.6,83.1,97.7,97.4,69.7
Southwest,9/13/2000,70.6,84.8,100.3,99.8,70.9
Southwest,9/14/2000,72.6,86.7,101.3,100.3,71.9
Southwest,9/15/2000,72.5,86.2,99.4,99.9,72.3
Southwest,9/16/2000,71.9,85.3,99.1,99,71.9
Southwest,9/17/2000,71.2,84.9,98.4,97.8,70.9
Southwest,9/18/2000,69.5,81.9,96,96.7,69.5
Southwest,9/19/2000,67.9,81.2,95.6,95.1,68.1
Southwest,9/20/2000,66.9,80.3,93.8,93.3,66.9
Southwest,9/21/2000,65.9,77.9,90.5,90.7,65
Southwest,9/22/2000,62.2,74.9,87.8,87.7,62.6
Southwest,9/23/2000,59.8,71.2,84.7,85.2,59.7
Southwest,9/24/2000,57.1,69.4,83,85.2,57.5
Southwest,9/25/2000,55.6,70.4,88,86.4,59.1
Southwest,9/26/2000,64.7,75.4,88.3,89.4,62.5
Southwest,9/27/2000,67.2,78.3,92,91.4,66.6
Southwest,9/28/2000,67.8,79.8,93.9,93.1,67.7
Southwest,9/29/2000,68.1,80.2,93.4,93.6,68.1
Southwest,9/30/2000,68.5,80.3,93.5,94,68.3
Southwest,10/1/2000,68.2,80.4,95,93.8,67.8
Southwest,10/2/2000,66.8,79.5,92.9,93,66.8
Southwest,10/3/2000,65.5,78.1,91.2,90.8,66.6
Southwest,10/4/2000,67.4,77.5,88.2,89.4,64.7
Southwest,10/5/2000,61.2,73.8,88.9,88.7,63.4
Southwest,10/6/2000,61.5,74.3,89,87.9,61.4
Southwest,10/7/2000,61.6,72.9,85.9,85.4,60.3
Southwest,10/8/2000,57.7,67.6,81.4,79.6,57.4
Southwest,10/9/2000,52.9,61.3,71.4,75.2,54.9
Southwest,10/10/2000,54.1,61.6,72.8,71.5,52.8
Southwest,10/11/2000,51.5,60.1,70.3,71.3,52.3
Southwest,10/12/2000,51.2,60,70.7,71.3,51
Southwest,10/13/2000,50.3,60.5,72.9,73.3,51.1
Southwest,10/14/2000,51.7,62.9,76.4,75.3,51.5
Southwest,10/15/2000,52.5,63.9,76.5,77.3,52.7
Southwest,10/16/2000,53.8,65.1,79,79.1,53.7
Southwest,10/17/2000,54.8,67,81.7,81,55.2
Southwest,10/18/2000,57,68.4,82.2,81,56.8
Southwest,10/19/2000,58.5,68.4,79,80.2,57.4
Southwest,10/20/2000,56.6,67.2,79.5,78.3,57.1
Southwest,10/21/2000,56.3,64.4,76.3,74.4,55.7
Southwest,10/22/2000,54.3,59.2,67.4,69,54.5
Southwest,10/23/2000,52.9,57.3,63.2,65.5,52.6
Southwest,10/24/2000,50.7,56.9,65.9,66,51.1
Southwest,10/25/2000,49.7,58.4,69,68.8,50.3
Southwest,10/26/2000,50.4,60.1,71.5,69.5,50.9
Southwest,10/27/2000,52.6,59.5,68.1,67.1,50.9
Southwest,10/28/2000,49.8,55.4,61.8,65,49.8
Southwest,10/29/2000,47.1,55,65.1,63.6,48.1
Southwest,10/30/2000,47.3,55.5,63.8,63,46
Southwest,10/31/2000,43.5,51.9,60.1,61.6,44
Southwest,11/1/2000,41.1,50,60.9,61.6,42.5
Southwest,11/2/2000,43,52,63.8,63.9,43.4
Southwest,11/3/2000,46,54.8,66.9,64.5,46
Southwest,11/4/2000,48.9,55.4,62.9,63.8,46.7
Southwest,11/5/2000,45.2,52.7,61.6,61.5,45.5
Southwest,11/6/2000,42.3,50.6,60,59.1,42
Southwest,11/7/2000,38.6,46.5,55.7,56.5,38.4
Southwest,11/8/2000,34.4,43.2,53.9,56.1,36.3
Southwest,11/9/2000,35.9,45.5,58.8,56,37.3
Southwest,11/10/2000,41.6,47.4,55.4,55.5,38.7
Southwest,11/11/2000,38.6,45.9,52.3,53.2,38.6
Southwest,11/12/2000,35.7,43.2,52,53.2,35.8
Southwest,11/13/2000,33.2,42.4,55.3,55.5,35.2
Southwest,11/14/2000,36.7,45.7,59.2,56.7,35.7
Southwest,11/15/2000,37.2,46.2,55.6,56.1,36.1
Southwest,11/16/2000,34.4,43.4,53.6,54.9,35.2
Southwest,11/17/2000,34.1,43.6,55.4,54,34.1
Southwest,11/18/2000,33.7,42.8,53,55.9,34.3
Southwest,11/19/2000,35,44,59.4,59.3,36
Southwest,11/20/2000,39.2,49.4,65.5,63.4,39.1
Southwest,11/21/2000,43,51.9,65.3,65.1,42.2
Southwest,11/22/2000,44.5,53.7,64.4,62.7,42
Southwest,11/23/2000,38.4,48,58.3,61.4,40.9
Southwest,11/24/2000,39.8,48.7,61.4,60.8,39.6
Southwest,11/25/2000,40.5,49.9,62.6,62.8,39.9
Southwest,11/26/2000,39.5,49.8,64.3,64.3,41.1
Southwest,11/27/2000,43.2,52.6,65.9,65.8,42.4
Southwest,11/28/2000,44.4,54.1,67.3,67.2,44.3
Southwest,11/29/2000,45.4,55.4,68.3,68.2,45.1
Southwest,11/30/2000,45.5,55.6,69,68.2,45.1
Southwest,12/1/2000,44.4,54.9,67.3,67.1,45.4
Southwest,12/2/2000,46.2,54.3,65,65.5,44.3
Southwest,12/3/2000,42.4,51.9,64.2,65.4,44
Southwest,12/4/2000,43.4,53,67.1,66.2,44
Southwest,12/5/2000,46.1,54.7,67.2,67.2,44.8
Southwest,12/6/2000,44.8,54.5,67.4,67.3,45.2
Southwest,12/7/2000,44.7,54.3,67.2,66.7,45.3
Southwest,12/8/2000,46.3,55.3,65.5,65.2,44.7
Southwest,12/9/2000,43,51.9,62.9,63.4,45.2
Southwest,12/10/2000,46.4,52.9,61.9,61.8,43.1
Southwest,12/11/2000,39.9,49.7,60.6,60.2,42
Southwest,12/12/2000,39.8,48.5,58,57.9,38.8
Southwest,12/13/2000,36.7,44.8,55.2,56.9,38.1
Southwest,12/14/2000,37.8,45.5,57.4,56.7,37.5
Southwest,12/15/2000,38,46.3,57.6,58.3,37.8
Southwest,12/16/2000,37.6,46.9,59.8,60.7,38.6
Southwest,12/17/2000,40.1,49.4,64.6,60.7,38.2
Southwest,12/18/2000,36.9,47.7,57.8,60.8,37.3
Southwest,12/19/2000,34.9,44.8,60,59.4,36.3
Southwest,12/20/2000,37.1,46.6,60.5,61.1,36.9
Southwest,12/21/2000,38.7,48.5,62.8,62.8,39.1
Southwest,12/22/2000,41.5,51.4,65.2,64.5,40.4
Southwest,12/23/2000,41.1,51.4,65.4,65,41.4
Southwest,12/24/2000,41.7,51.4,64.3,62.8,40.7
Southwest,12/25/2000,39.3,48.5,58.8,59.1,38.7
Southwest,12/26/2000,35.2,43.4,54.2,56.2,36.2
Southwest,12/27/2000,34.1,42.9,55.5,56.7,35
Southwest,12/28/2000,35.8,45.2,60.5,59.6,36.2
Southwest,12/29/2000,38.7,48.5,62.7,61.9,37.8
Southwest,12/30/2000,38.8,48.9,62.5,62.4,38.9
Southwest,12/31/2000,39.3,49.4,62.1,62.5,39.4
Southwest,1/1/2001,40.1,49.5,63,62.7,39.7
Southwest,1/2/2001,39.7,50.2,62.9,63.1,39.4
Southwest,1/3/2001,38.5,48.8,63.3,64.1,39.7
Southwest,1/4/2001,40.9,50.6,66.1,65.4,40.8
Southwest,1/5/2001,43.1,52.7,66.7,65.6,44.5
Southwest,1/6/2001,49.5,55.9,64.1,64.8,45.1
Southwest,1/7/2001,42.7,52,63.5,63.6,44.8
Southwest,1/8/2001,42.3,51.4,63.1,61.9,42.5
Southwest,1/9/2001,42.5,49.8,59,59,40.7
Southwest,1/10/2001,37.4,45.2,55,57.5,39.2
Southwest,1/11/2001,37.7,46.2,58.6,56.2,38.6
Southwest,1/12/2001,40.7,45.5,54.9,54.3,37.8
Southwest,1/13/2001,34.9,41.4,49.4,51.7,35.9
Southwest,1/14/2001,32.2,40.4,50.8,50.8,33.4
Southwest,1/15/2001,33.2,41.3,52.2,50.6,32.7
Southwest,1/16/2001,32.8,39.5,48.8,48.9,32.1
Southwest,1/17/2001,30.3,36.9,45.6,47.3,30.8
Southwest,1/18/2001,29.2,36.8,47.5,48.1,30
Southwest,1/19/2001,30.4,38.8,51.3,51.8,31.6
Southwest,1/20/2001,35.1,43,56.5,56.4,33.8
Southwest,1/21/2001,36,46.3,61.4,59.8,37.1
Southwest,1/22/2001,40.2,48.8,61.4,60.5,38.2
Southwest,1/23/2001,38.3,47.9,58.8,60.5,39
Southwest,1/24/2001,38.4,48.2,61.2,59.4,37.4
Southwest,1/25/2001,35.4,45.6,58.3,59.1,36.2
Southwest,1/26/2001,34.8,44.4,57.9,57,36.2
Southwest,1/27/2001,38.3,43.5,54.9,53,35.3
Southwest,1/28/2001,32.8,38.5,46.3,50.1,34.4
Southwest,1/29/2001,32.1,39.1,49.1,48.6,32.4
Southwest,1/30/2001,32.4,40.4,50.3,49.9,31.5
Southwest,1/31/2001,29.9,38.5,50.3,51.7,31.3
Southwest,2/1/2001,31.6,40.6,54.5,54.3,31.8
Southwest,2/2/2001,33.8,43.6,58.1,59.3,35
Southwest,2/3/2001,39.7,49.2,65.2,64.7,39.5
Southwest,2/4/2001,44.9,55.2,70.8,69.4,43.7
Southwest,2/5/2001,46.6,57.6,72.1,71.2,46
Southwest,2/6/2001,46.6,58,70.8,70.2,45.7
Southwest,2/7/2001,43.9,53.6,67.8,64.8,42.1
Southwest,2/8/2001,35.7,43.3,55.9,57.6,36.4
Southwest,2/9/2001,29.7,38,49.2,54.4,33.1
Southwest,2/10/2001,34,42.8,58.1,54.8,33.4
Southwest,2/11/2001,36.5,46,57,58.5,36
Southwest,2/12/2001,37.4,47.3,60.3,58.5,38.2
Southwest,2/13/2001,40.7,48.4,58.2,57,38.4
Southwest,2/14/2001,37.1,44.2,52.6,54.1,37.1
Southwest,2/15/2001,33.4,41.7,51.5,53.7,34.9
Southwest,2/16/2001,34.2,43.4,56.9,57.3,34.9
Southwest,2/17/2001,37.1,47.6,63.6,62.9,39
Southwest,2/18/2001,45.7,55.1,68.3,66.1,41.9
Southwest,2/19/2001,42.8,54.2,66.5,67.2,44.5
Southwest,2/20/2001,44.9,54.8,66.7,66.7,43.9
Southwest,2/21/2001,44,55,67,67.6,44.8
Southwest,2/22/2001,45.6,56,69.1,67.8,44.5
Southwest,2/23/2001,43.9,52.8,67.4,63.9,41.2
Southwest,2/24/2001,34,43.9,55.1,60.8,39
Southwest,2/25/2001,39.1,47.5,59.8,58.5,38.6
Southwest,2/26/2001,42.8,50.9,60.5,59.7,41.1
Southwest,2/27/2001,41.5,49.8,58.9,57.6,41.7
Southwest,2/28/2001,40.7,46,53.3,56.1,39.7
Southwest,3/1/2001,37,45.3,56,55.7,38.7
Southwest,3/2/2001,38.5,47.1,57.8,57.2,37.6
Southwest,3/3/2001,37.2,47.2,57.7,60.1,38.3
Southwest,3/4/2001,39.2,50,64.7,64.3,40.3
Southwest,3/5/2001,44.5,55.3,70.6,67.9,44.1
Southwest,3/6/2001,48.5,57.9,68.4,68.1,47.1
Southwest,3/7/2001,48.3,53.4,65.4,64.9,46.2
Southwest,3/8/2001,41.9,49.4,60.8,64,44.9
Southwest,3/9/2001,44.6,53.6,65.7,63.6,42.4
Southwest,3/10/2001,40.6,50.1,64.2,62.3,41
Southwest,3/11/2001,37.9,46.8,57.1,61,39.3
Southwest,3/12/2001,39.4,49.2,61.6,61.4,39.5
Southwest,3/13/2001,41.2,52.4,65.4,65,41.2
Southwest,3/14/2001,43.1,54.3,68,66.7,42.3
Southwest,3/15/2001,42.6,54.1,66.8,67.7,43.3
Southwest,3/16/2001,44.3,55.3,68.3,67.4,43.4
Southwest,3/17/2001,43.2,54.7,67,68.6,43.5
Southwest,3/18/2001,43,55,70.4,71.1,44.8
Southwest,3/19/2001,48.3,60.7,75.9,75.8,47.5
Southwest,3/20/2001,51.1,64.8,81,79.5,51.3
Southwest,3/21/2001,54.4,67.4,81.5,80.8,53.3
Southwest,3/22/2001,54.3,66.9,80,79.8,53.4
Southwest,3/23/2001,51.5,64.7,78,78.5,52.6
Southwest,3/24/2001,51.9,64.4,77.5,78.1,51.8
Southwest,3/25/2001,52.1,64.5,78.7,77.9,51.6
Southwest,3/26/2001,50.9,63.9,77.5,77.5,50.7
Southwest,3/27/2001,49.2,62.3,76.3,76.8,49.7
Southwest,3/28/2001,49.1,62.2,76.5,76.4,49.5
Southwest,3/29/2001,50.3,63.4,76.4,76.3,49.8
Southwest,3/30/2001,50.1,63,75.9,77,50.1
Southwest,3/31/2001,50,63.7,78.7,78.2,51.2
Southwest,4/1/2001,53.6,66.4,80.1,79,51.5
Southwest,4/2/2001,51,63.9,78.3,77.1,50.8
Southwest,4/3/2001,47.7,60.4,72.8,74.7,48.8
Southwest,4/4/2001,47.8,60,73,72.2,48.1
Southwest,4/5/2001,48.9,58.9,70.8,69.3,47.8
Southwest,4/6/2001,46.6,53.6,64,67,45.7
Southwest,4/7/2001,41.6,52.9,66.3,65,43.4
Southwest,4/8/2001,41.9,53.2,64.6,65.8,42
Southwest,4/9/2001,42.5,54.2,66.5,65.2,42.2
Southwest,4/10/2001,42.3,50.4,64.6,63.9,40.5
Southwest,4/11/2001,36.6,47.1,60.6,63,39.6
Southwest,4/12/2001,39.9,51.2,63.8,65.8,40
Southwest,4/13/2001,43.6,56.7,73,71.1,44.1
Southwest,4/14/2001,48.8,62.4,76.6,76.6,47.6
Southwest,4/15/2001,50.3,65,80.3,80.5,50.8
Southwest,4/16/2001,53.3,68.6,84.7,83.1,53.2
Southwest,4/17/2001,56.1,70.6,84.4,85.4,55.2
Southwest,4/18/2001,56.1,71.1,87.2,85.8,58.1
Southwest,4/19/2001,62.2,73.1,85.8,84.7,56.5
Southwest,4/20/2001,51.3,64.9,81,79.2,53.2
Southwest,4/21/2001,46.1,57.5,70.9,72.5,45.7
Southwest,4/22/2001,39.6,51.7,65.6,70.7,43.9
Southwest,4/23/2001,46.1,59.1,75.5,75.2,46.1
Southwest,4/24/2001,52.5,67.1,84.6,82.9,52.4
Southwest,4/25/2001,58.5,72.7,88.6,87.3,57
Southwest,4/26/2001,59.9,74.6,88.8,88.2,60
Southwest,4/27/2001,61.7,74.8,87.3,87,59.4
Southwest,4/28/2001,56.7,71.1,84.8,85.6,58.3
Southwest,4/29/2001,56.5,71,84.6,85.7,57
Southwest,4/30/2001,57.9,72.2,87.6,87.6,58.3
Southwest,5/1/2001,60.5,75.1,90.7,89.3,59.1
Southwest,5/2/2001,59,73.8,89.5,87.2,56.9
Southwest,5/3/2001,51.2,64.6,81.4,81.2,52.7
Southwest,5/4/2001,48,60.5,72.7,77.8,49.5
Southwest,5/5/2001,49.4,63.3,79.4,79.2,50.8
Southwest,5/6/2001,55,69.3,85.4,85.3,54.8
Southwest,5/7/2001,60,74.9,91.2,90.5,59.6
Southwest,5/8/2001,63.9,79.3,95,93.9,63.4
Southwest,5/9/2001,66.2,81.3,95.5,94.9,65.1
Southwest,5/10/2001,65.2,80.2,94.1,94.7,65.6
Southwest,5/11/2001,65.4,80.4,94.4,93.8,65.2
Southwest,5/12/2001,65.1,79,92.9,91.9,65.4
Southwest,5/13/2001,65.8,76.9,88.3,89.2,64.6
Southwest,5/14/2001,63,74.7,86.3,88.1,63.4
Southwest,5/15/2001,61.5,75.3,89.8,89.3,62.3
Southwest,5/16/2001,62.5,77.1,91.8,91.3,62.2
Southwest,5/17/2001,62.7,77.8,92.3,92.2,63
Southwest,5/18/2001,63.7,78.6,92.5,91.7,64.1
Southwest,5/19/2001,65.9,75.3,90.2,90.7,64.2
Southwest,5/20/2001,63,74.9,89.3,90,63.9
Southwest,5/21/2001,62.8,76.9,90.6,91.4,63.1
Southwest,5/22/2001,63.5,78.5,94.2,94.1,64.7
Southwest,5/23/2001,67.7,83,97.6,96.5,66.4
Southwest,5/24/2001,68,83.4,97.8,97.6,67.6
Southwest,5/25/2001,67.2,83,97.4,97.6,67.9
Southwest,5/26/2001,68.6,83.5,97.6,97.1,67.9
Southwest,5/27/2001,67.9,82.7,96.2,95.4,66.1
Southwest,5/28/2001,61.8,76.4,92.5,93.3,63.6
Southwest,5/29/2001,61.2,76,91.1,93.5,62.6
Southwest,5/30/2001,64.9,80.1,97,95.5,64.5
Southwest,5/31/2001,67.4,83.1,98.4,97.8,66.4
Southwest,6/1/2001,66.9,83.1,98.1,97.7,66.8
Southwest,6/2/2001,66.2,82.1,96.7,96.2,65.2
Southwest,6/3/2001,62.6,78.1,93.7,93,62.5
Southwest,6/4/2001,58.8,74.2,88.7,91,60.5
Southwest,6/5/2001,60.2,75.6,90.6,91.6,60.9
Southwest,6/6/2001,63.8,79.3,95.4,94.8,63.9
Southwest,6/7/2001,67.6,83.2,98.5,97.8,67
Southwest,6/8/2001,69.7,84.8,99.6,98.7,68.5
Southwest,6/9/2001,68.3,84,98,98.7,68.4
Southwest,6/10/2001,67.2,83.5,98.5,98,67.7
Southwest,6/11/2001,67.7,83.4,97.5,97.3,66.9
Southwest,6/12/2001,65.7,80.9,95.9,94.9,65
Southwest,6/13/2001,61.5,76.1,91.4,91.5,61.5
Southwest,6/14/2001,57.4,73,87.3,90.9,60.2
Southwest,6/15/2001,61.8,77.7,94.1,93.5,62
Southwest,6/16/2001,66.9,82.8,99.2,98.2,66.4
Southwest,6/17/2001,70.4,86.4,101.3,100.5,69.6
Southwest,6/18/2001,71.4,86.9,101,100.7,70.8
Southwest,6/19/2001,70.6,85.5,99.9,99.7,70.5
Southwest,6/20/2001,69.6,84.7,98.1,98.4,70.5
Southwest,6/21/2001,71.3,84.8,97.1,97.6,71.4
Southwest,6/22/2001,73.3,86.1,97.7,97.2,72.9
Southwest,6/23/2001,74,86.1,96.8,97.5,73
Southwest,6/24/2001,71.8,85.9,98.1,97,72.7
Southwest,6/25/2001,72.2,83.5,96.2,95.3,70.7
Southwest,6/26/2001,68,79.7,91.7,94.2,69.3
Southwest,6/27/2001,67.8,81.5,94.8,95.2,68.7
Southwest,6/28/2001,70.3,84.7,99.2,98.7,70.4
Southwest,6/29/2001,73,87.6,102.1,101.2,72
Southwest,6/30/2001,72.8,88,102.4,102.6,73.3
Southwest,7/1/2001,74.2,89.4,103.2,103.5,74.8
Southwest,7/2/2001,77.3,91.4,104.8,103.8,77.3
Southwest,7/3/2001,80.4,92.1,103.5,102.5,78.2
Southwest,7/4/2001,76.9,88.7,99.2,100,77.1
Southwest,7/5/2001,74.1,86,97.3,96.3,74.8
Southwest,7/6/2001,73.3,80.9,92.4,94.2,72.7
Southwest,7/7/2001,70.6,80.8,93,93,72.1
Southwest,7/8/2001,72.3,83.4,93.7,94.2,71.7
Southwest,7/9/2001,72.2,84.3,95.8,94.8,72.4
Southwest,7/10/2001,72.7,84.4,94.8,95.5,72.3
Southwest,7/11/2001,72.1,84.2,95.9,96.2,72.4
Southwest,7/12/2001,72.5,85.4,98,98.2,73.5
Southwest,7/13/2001,76,88.2,100.8,99.4,74.8
Southwest,7/14/2001,75.9,88.5,99.5,99.3,74.7
Southwest,7/15/2001,72.2,85.2,97.6,97.6,72.6
Southwest,7/16/2001,69.7,83.1,95.6,95.9,71.1
Southwest,7/17/2001,71.5,82.1,94.5,94.9,70.5
Southwest,7/18/2001,70.2,82.3,94.6,95,70.9
Southwest,7/19/2001,71,83.8,96,95.2,70.5
Southwest,7/20/2001,70.3,83.1,94.9,95.2,70.4
Southwest,7/21/2001,69.9,82.4,94.8,95.6,70.5
Southwest,7/22/2001,71.3,84.3,97.2,96.8,71.8
Southwest,7/23/2001,74.1,86.5,98.3,97.6,72.5
Southwest,7/24/2001,72.1,85.3,97.3,97.1,72.6
Southwest,7/25/2001,71.7,83.9,95.8,95.6,70.9
Southwest,7/26/2001,68.8,81.7,93.7,95.4,70.2
Southwest,7/27/2001,70.2,82.5,96.6,96.4,70.1
Southwest,7/28/2001,71.4,84.8,98.8,97.8,72
Southwest,7/29/2001,74.4,85,97.9,96.5,72.9
Southwest,7/30/2001,72.9,82.5,92.7,94.8,72.9
Southwest,7/31/2001,71.3,82.4,93.9,93.3,71.8
Southwest,8/1/2001,71.2,82.4,93.2,94.5,71.9
Southwest,8/2/2001,73.2,84.4,96.5,95.9,73.3
Southwest,8/3/2001,75.6,87.1,98,97.6,75.2
Southwest,8/4/2001,76.9,87.5,98.2,97.7,76.1
Southwest,8/5/2001,75.7,85.5,96.8,98,75.9
Southwest,8/6/2001,75,86.7,98.9,97.7,76.1
Southwest,8/7/2001,77.6,87.6,97.5,96.6,76.7
Southwest,8/8/2001,77.4,84.9,93.5,93.8,75.5
Southwest,8/9/2001,71.6,81,90.5,92.4,73.8
Southwest,8/10/2001,72.5,81.9,93.1,93.1,72.4
Southwest,8/11/2001,73.2,84.4,95.7,94.4,73.4
Southwest,8/12/2001,74.5,84.5,94.5,93.8,73.9
Southwest,8/13/2001,74,83,91.1,93.7,73.8
Southwest,8/14/2001,72.8,83.8,95.4,94.6,73.2
Southwest,8/15/2001,72.7,84.4,97.2,97,72.6
Southwest,8/16/2001,72.4,85.2,98.3,98,72.9
Southwest,8/17/2001,73.7,86.2,98.6,98.1,72.8
Southwest,8/18/2001,72.2,85,97.3,97.7,72.8
Southwest,8/19/2001,72.4,84.7,97.2,97,72.1
Southwest,8/20/2001,71.8,84.3,96.5,96,71.7
Southwest,8/21/2001,70.8,83.3,94.2,94.8,69.8
Southwest,8/22/2001,66.8,80.9,93.7,94.7,68.5
Southwest,8/23/2001,67.8,81.6,96.1,96.5,68
Southwest,8/24/2001,69.5,84.2,99.6,99.3,69.7
Southwest,8/25/2001,71.8,86.6,102.1,101.6,71.7
Southwest,8/26/2001,73.7,88.2,103.1,102.4,73.2
Southwest,8/27/2001,74,88.2,102,101.9,73.7
Southwest,8/28/2001,73.4,86.9,100.6,100.2,73
Southwest,8/29/2001,71.7,83.5,97.9,96.6,71.1
Southwest,8/30/2001,68.2,79.8,91.3,93.8,69.2
Southwest,8/31/2001,67.7,79.6,92.1,92.5,67.9
Southwest,9/1/2001,67.9,80.8,94.2,93.7,68.9
Southwest,9/2/2001,71,82.4,94.8,95.2,69.7
Southwest,9/3/2001,70.3,83.1,96.7,96.3,70.7
Southwest,9/4/2001,70.9,84.2,97.4,96.9,70.1
Southwest,9/5/2001,69.1,82.9,96.7,96.4,69.1
Southwest,9/6/2001,67.4,81.4,95.2,95.1,66.6
Southwest,9/7/2001,63.3,78.5,93.3,93.3,64.4
Southwest,9/8/2001,62.4,76.9,91.3,92.1,62.4
Southwest,9/9/2001,61.5,76.3,91.6,92.7,62.9
Southwest,9/10/2001,64.8,78.7,95.1,94.3,65
Southwest,9/11/2001,68.6,81.9,96.1,95.9,68.2
Southwest,9/12/2001,71.2,83.6,96.5,94.7,70.3
Southwest,9/13/2001,71,79.8,91.6,91.2,70.4
Southwest,9/14/2001,69.1,76.5,85.4,88.6,70
Southwest,9/15/2001,69.9,78.5,88.7,87.9,69.3
Southwest,9/16/2001,68.8,78.9,89.6,89.6,68.4
Southwest,9/17/2001,66.4,78.1,90.4,90.7,67
Southwest,9/18/2001,65.7,78.6,92.2,92.2,66.2
Southwest,9/19/2001,66.6,79.8,94,93.7,67
Southwest,9/20/2001,68.6,81.3,94.9,94.7,68
Southwest,9/21/2001,68.8,81.6,95.3,94.9,68.5
Southwest,9/22/2001,68.2,81.3,94.6,95.2,68.2
Southwest,9/23/2001,67.6,81.2,95.6,94.4,67.8
Southwest,9/24/2001,67.7,80.5,93.1,93.7,66.8
Southwest,9/25/2001,65.2,78.9,92.3,92.9,65.7
Southwest,9/26/2001,64.2,78.2,93.4,93.5,65.2
Southwest,9/27/2001,66.1,79.7,94.8,94.5,65.5
Southwest,9/28/2001,66.1,80.2,95.2,94.3,66.4
Southwest,9/29/2001,66.9,80,93,93.1,66.5
Southwest,9/30/2001,66.6,78.8,91.1,90.3,67
Southwest,10/1/2001,67.5,74.6,86.9,87.6,65.6
Southwest,10/2/2001,62.6,72.3,84.8,85.2,64.7
Southwest,10/3/2001,64,73.6,83.8,84.6,62.9
Southwest,10/4/2001,62,72.9,85.1,84,61.9
Southwest,10/5/2001,59.7,71.3,83.2,82.9,60.4
Southwest,10/6/2001,59.4,69.5,80.5,81.4,59.6
Southwest,10/7/2001,59.7,69.3,80.5,80.2,59.3
Southwest,10/8/2001,58.7,68.8,79.5,79.2,58.2
Southwest,10/9/2001,56.1,67,77.6,78.8,57
Southwest,10/10/2001,56.2,66.9,79.2,78.9,55.3
Southwest,10/11/2001,53.5,65.9,79.8,78.8,55.1
Southwest,10/12/2001,55.7,66.4,77.4,79,53.4
Southwest,10/13/2001,51.1,63.4,79.9,80.6,54.1
Southwest,10/14/2001,55.4,67.7,84.4,83.5,54.6
Southwest,10/15/2001,57.2,70.5,86.2,85.3,56.5
Southwest,10/16/2001,56.8,70.3,85.4,86.2,57.7
Southwest,10/17/2001,59,71.3,87.1,86,58
Southwest,10/18/2001,58.2,71,85.6,86.2,58.4
Southwest,10/19/2001,57.9,70.5,86,86,58.6
Southwest,10/20/2001,59.7,71.6,86.4,85.5,58.5
Southwest,10/21/2001,57.8,70.5,84.2,83.9,58.8
Southwest,10/22/2001,58.8,69.8,81,82.1,57.5
Southwest,10/23/2001,56,67.7,81.2,81,56.7
Southwest,10/24/2001,55.2,66.9,80.8,81.7,55.5
Southwest,10/25/2001,55.4,67.5,83.1,83.9,56
Southwest,10/26/2001,57.3,70,87.7,85.6,57.9
Southwest,10/27/2001,61,72.2,85.9,85.2,59.5
Southwest,10/28/2001,60.1,70.8,82,83.6,59.3
Southwest,10/29/2001,56.9,68.4,82.9,82.9,58.5
Southwest,10/30/2001,58.6,69.9,83.8,82,58
Southwest,10/31/2001,58.4,68.9,79.3,79.8,57.2
Southwest,11/1/2001,54.5,65.2,76.2,78,55.6
Southwest,11/2/2001,54,64.8,78.6,79.4,54.5
Southwest,11/3/2001,55.1,67.1,83.3,81.8,56.8
Southwest,11/4/2001,61.2,70.7,83.5,81.4,58
Southwest,11/5/2001,57.8,67.1,77.4,79.3,58.1
Southwest,11/6/2001,55.3,65.2,77.1,77,55.7
Southwest,11/7/2001,54,64.5,76.5,76.8,54.4
Southwest,11/8/2001,54,64.7,76.8,76.2,53.5
Southwest,11/9/2001,52.5,62.8,75.3,76.3,53.2
Southwest,11/10/2001,53.1,63.1,76.7,75.7,52.7
Southwest,11/11/2001,52.4,63.1,75,75.8,52.7
Southwest,11/12/2001,52.6,63.3,75.8,74,52.3
Southwest,11/13/2001,51.9,60.9,71.1,70.8,49.8
Southwest,11/14/2001,45,54.8,65.5,68.8,47.9
Southwest,11/15/2001,46.9,56.3,69.7,69,47.2
Southwest,11/16/2001,49.8,59.4,71.9,71.9,49.1
Southwest,11/17/2001,50.7,60.8,74.1,73.2,50.4
Southwest,11/18/2001,50.6,61.2,73.6,73.2,50.1
Southwest,11/19/2001,49,59.7,71.8,72,49
Southwest,11/20/2001,47.3,57.7,70.7,71,47.8
Southwest,11/21/2001,47.2,57.6,70.5,70.4,47.4
Southwest,11/22/2001,47.7,57.8,70,68.3,46.6
Southwest,11/23/2001,45,54.9,64.5,65.4,43.9
Southwest,11/24/2001,39,49,61.8,61.8,43.2
Southwest,11/25/2001,45.6,52.1,59.1,58.7,40.2
Southwest,11/26/2001,36.1,45.2,55.3,55.4,37.9
Southwest,11/27/2001,32,41.7,51.7,52.4,32.7
Southwest,11/28/2001,29.9,39,50.3,51.6,32.3
Southwest,11/29/2001,34.9,42,52.7,53.2,34.3
Southwest,11/30/2001,38.1,46.3,56.5,56.5,36.9
Southwest,12/1/2001,37.6,47.2,60.4,60.7,38.9
Southwest,12/2/2001,41.1,50.8,65.3,63.6,40.2
Southwest,12/3/2001,41.8,52.3,65.1,63,42.1
Southwest,12/4/2001,43.5,48.9,58.5,59.2,40
Southwest,12/5/2001,34.8,43.2,54,57.8,38.1
Southwest,12/6/2001,36,45.1,60.9,59.4,36.9
Southwest,12/7/2001,39.8,49.3,63.3,61,37.5
Southwest,12/8/2001,36.6,47.5,58.9,60.7,37.4
Southwest,12/9/2001,35.7,45.6,59.9,57.6,36
Southwest,12/10/2001,35.7,44.4,54.1,54.1,35.7
Southwest,12/11/2001,35.6,41.4,48.4,49.8,34.5
Southwest,12/12/2001,32.3,38.8,47,47.7,32.3
Southwest,12/13/2001,28.9,36.9,47.7,48.7,30.3
Southwest,12/14/2001,29.8,38.5,51.5,49.2,31.4
Southwest,12/15/2001,35.4,41,48.4,49.5,31.7
Southwest,12/16/2001,29.9,37.8,48.6,50.8,32.4
Southwest,12/17/2001,31.9,40.4,55.3,54.3,32.3
Southwest,12/18/2001,35,44.8,58.9,59.3,34.7
Southwest,12/19/2001,37.1,47.2,63.6,63,37.6
Southwest,12/20/2001,40.6,50.6,66.6,63.1,38.5
Southwest,12/21/2001,37.9,47.7,59.2,59.4,37.3
Southwest,12/22/2001,33.4,42.1,52.5,55.1,34.9
Southwest,12/23/2001,33.3,42.1,53.6,53.1,33.3
Southwest,12/24/2001,33.2,42.1,53.2,54,33.2
Southwest,12/25/2001,33.2,42.1,55.3,55.5,33.2
Southwest,12/26/2001,33.1,43.3,58.1,57.2,34.4
Southwest,12/27/2001,36.9,45.5,58.3,59,36.1
Southwest,12/28/2001,38.4,47.3,60.6,58.7,39.6
Southwest,12/29/2001,43.6,49.3,57.3,58.9,41.6
Southwest,12/30/2001,42.9,49.3,58.7,57.6,42.6
Southwest,12/31/2001,41.4,48.1,56.9,57.2,40.8
Southwest,1/1/2002,38.2,46.2,56,56.6,39.3
Southwest,1/2/2002,38.2,46,56.9,57.3,38.1
Southwest,1/3/2002,38,46.4,58.9,57.4,37.8
Southwest,1/4/2002,37.2,46.2,56.5,57.1,36.6
Southwest,1/5/2002,34.5,43.8,56,57.8,36.3
Southwest,1/6/2002,37.1,46.1,61,61.3,38.1
Southwest,1/7/2002,42.6,51.6,66.8,66.4,41.8
Southwest,1/8/2002,45.6,55.5,71.4,68.5,45
Southwest,1/9/2002,46.9,56.7,67.2,68,46.6
Southwest,1/10/2002,47.4,55.3,65.5,65.2,45.3
Southwest,1/11/2002,41.6,51.2,62.9,64.6,43.4
Southwest,1/12/2002,41.1,51.2,65.3,64.2,41.3
Southwest,1/13/2002,41.1,51.8,64.4,64.5,40.2
Southwest,1/14/2002,38.3,49.6,63.7,63,39.9
Southwest,1/15/2002,40.3,49.7,60.9,61.6,40.2
Southwest,1/16/2002,42.1,50,60.3,59.4,39.8
Southwest,1/17/2002,37,46.6,57.1,57.7,38
Southwest,1/18/2002,34.9,44.5,55.7,55.9,34.2
Southwest,1/19/2002,30.6,41.2,54.9,55,32.8
Southwest,1/20/2002,32.8,42.3,54.3,56.3,32.2
Southwest,1/21/2002,33.3,43.6,59.7,58.1,34
Southwest,1/22/2002,36,47.1,60.4,59,34.8
Southwest,1/23/2002,35.2,44.6,56.8,56.6,33.4
Southwest,1/24/2002,28.9,39.5,52.6,56.8,32.1
Southwest,1/25/2002,32.2,43,60.9,59.4,32.5
Southwest,1/26/2002,36.5,48,64.6,63,36.3
Southwest,1/27/2002,40.2,50.7,63.6,62.8,39.5
Southwest,1/28/2002,41.9,49.4,60.2,59.9,39.7
Southwest,1/29/2002,36.9,45.6,55.9,55.2,37.6
Southwest,1/30/2002,33.9,40,49.4,50.3,31.9
Southwest,1/31/2002,25,34.3,45.5,49.5,28.4
Southwest,2/1/2002,26.2,36.8,53.7,51.7,29.3
Southwest,2/2/2002,36.8,44,56,56.1,32.7
Southwest,2/3/2002,35.1,44.8,58.7,58.3,36.9
Southwest,2/4/2002,38.7,47.9,60.3,59.8,37.5
Southwest,2/5/2002,38.8,48.8,60.3,59.8,37
Southwest,2/6/2002,33.4,45.2,58.9,61.1,36.3
Southwest,2/7/2002,36.6,48,64,62.8,36.6
Southwest,2/8/2002,39.7,51.3,65.6,64.3,38
Southwest,2/9/2002,37.8,49.2,63.4,62.6,37.5
Southwest,2/10/2002,34.9,45.6,58.8,61.5,35.9
Southwest,2/11/2002,34.9,46.5,62.2,63.1,36.2
Southwest,2/12/2002,38.7,50.9,68.4,65.9,37.9
Southwest,2/13/2002,40.1,52.7,67,67.8,40.2
Southwest,2/14/2002,41.7,53.4,68,67.7,41.6
Southwest,2/15/2002,43,54.4,68.1,69.3,42.8
Southwest,2/16/2002,43.6,56.4,71.8,69.7,44
Southwest,2/17/2002,45.4,56.3,69.3,68.4,43
Southwest,2/18/2002,39.9,50.2,64,64.4,40.2
Southwest,2/19/2002,35.2,46.2,59.8,63.4,38.1
Southwest,2/20/2002,39.1,50.1,66.4,65.3,39.4
Southwest,2/21/2002,43.8,55.3,69.7,69.8,42
Southwest,2/22/2002,43.1,56,73.3,73.2,44.6
Southwest,2/23/2002,47,60,76.5,74.6,45.1
Southwest,2/24/2002,45.3,59,74,74.7,45.1
Southwest,2/25/2002,43,57.2,73.6,73.2,43.5
Southwest,2/26/2002,42.1,56.1,71.9,71.8,42.2
Southwest,2/27/2002,41.5,53.5,70,71.1,42.8
Southwest,2/28/2002,44.9,57,71.3,70.3,42.6
Southwest,3/1/2002,41.3,53.2,69.5,66.3,38.7
Southwest,3/2/2002,30,42.6,58.2,60.6,32.7
Southwest,3/3/2002,26.8,38.9,54.2,59.1,29.4
Southwest,3/4/2002,31.3,44.7,64.9,62.9,31.9
Southwest,3/5/2002,37.6,51.7,69.6,68.8,37
Southwest,3/6/2002,42,55.3,71.9,70.6,41.4
Southwest,3/7/2002,44.7,57.4,70.2,70,42.9
Southwest,3/8/2002,42.1,54,67.9,69.1,41.6
Southwest,3/9/2002,37.9,51.2,69.1,71,41.4
Southwest,3/10/2002,44.3,58,75.9,73,42.7
Southwest,3/11/2002,45.9,59.3,74,75.6,46
Southwest,3/12/2002,47.9,60.8,77,75.9,47.6
Southwest,3/13/2002,49.1,62.7,76.7,76,45.2
Southwest,3/14/2002,38.7,53.6,74.3,70.1,40.6
Southwest,3/15/2002,33.9,46.3,59.2,63.6,35.3
Southwest,3/16/2002,33.3,45.2,57.2,58.4,33.5
Southwest,3/17/2002,33.4,45,58.8,58,34.7
Southwest,3/18/2002,37.3,46.8,58,60.8,35.8
Southwest,3/19/2002,36.6,48.7,65.7,66.4,38.8
Southwest,3/20/2002,42.4,56.1,75.4,74.3,42.1
Southwest,3/21/2002,47.4,62.9,81.8,79,46.4
Southwest,3/22/2002,49.4,64.1,79.8,79.4,48.2
Southwest,3/23/2002,47.8,61,76.7,75.3,46.1
Southwest,3/24/2002,41.2,54,69.5,70.6,42.8
Southwest,3/25/2002,39.4,51.8,65.7,70,41.3
Southwest,3/26/2002,43.2,57.3,74.9,72.5,43.1
Southwest,3/27/2002,46.8,61.4,77,75.7,47
Southwest,3/28/2002,51.1,62.7,75.3,74.2,48.8
Southwest,3/29/2002,48.6,59.5,70.3,74.5,48.8
Southwest,3/30/2002,46.6,59.9,77.8,77.1,48.7
Southwest,3/31/2002,51,65.4,83.2,82.1,50.8
Southwest,4/1/2002,54.9,69.7,85.3,84.1,53.2
Southwest,4/2/2002,53.6,68.8,83.7,83.6,53.3
Southwest,4/3/2002,51.5,66.7,81.7,82.7,52.2
Southwest,4/4/2002,51.5,66.8,82.8,82.4,52.3
Southwest,4/5/2002,54,68.6,82.8,82.1,52
Southwest,4/6/2002,50.5,64.1,80.6,78.3,49.7
Southwest,4/7/2002,44.6,58.1,71.4,76.4,47.7
Southwest,4/8/2002,47.9,61.3,77.2,76.5,48.1
Southwest,4/9/2002,51.8,65.5,80.8,80.9,51.4
Southwest,4/10/2002,54.4,69,84.6,83.6,53.7
Southwest,4/11/2002,55,70.2,85.4,85.1,54.9
Southwest,4/12/2002,55.3,70.6,85.4,86.2,55.9
Southwest,4/13/2002,57.3,71.9,87.9,87.7,57.2
Southwest,4/14/2002,59.1,74,89.8,88.5,57.7
Southwest,4/15/2002,56.7,70.6,87.8,84.2,54.6
Southwest,4/16/2002,48,61.1,74.9,79.5,50.5
Southwest,4/17/2002,46.9,61,75.7,75.8,47.2
Southwest,4/18/2002,46.8,61.6,76.8,75.9,46.8
Southwest,4/19/2002,46.7,61.6,75.2,74.9,45.8
Southwest,4/20/2002,43.8,58.1,72.6,75.2,44.8
Southwest,4/21/2002,43.9,59.3,77.8,78.5,46.3
Southwest,4/22/2002,51.1,67,85.1,83.4,50.1
Southwest,4/23/2002,55.2,71.1,87.4,86.5,54.7
Southwest,4/24/2002,57.7,72.4,86.9,86.5,57.5
Southwest,4/25/2002,59.6,72.6,85.2,84.6,56.5
Southwest,4/26/2002,52.2,65.8,81.6,79.3,51.9
Southwest,4/27/2002,43.8,57.7,71.2,77.9,48.5
Southwest,4/28/2002,49.4,63,80.8,79,50.4
Southwest,4/29/2002,58,70.5,84.9,83,54
Southwest,4/30/2002,54.6,69.1,83.3,82.4,54.2
Southwest,5/1/2002,50,63.5,79,78.7,50.7
Southwest,5/2/2002,47.4,61.1,73.9,77.2,48.7
Southwest,5/3/2002,48.8,63,78.7,78.9,49.7
Southwest,5/4/2002,52.8,67.6,84,82.5,52.1
Southwest,5/5/2002,54.6,70,84.9,84.8,54.1
Southwest,5/6/2002,54.9,70.5,85.5,84.9,54.3
Southwest,5/7/2002,53.3,69.4,84.4,84,53.5
Southwest,5/8/2002,52.4,67.8,82.2,84,53.4
Southwest,5/9/2002,54.5,69.4,85.4,85,54.5
Southwest,5/10/2002,56.6,72.1,87.4,86.2,55
Southwest,5/11/2002,53.9,69.8,85.8,86.2,54.5
Southwest,5/12/2002,53,68.9,85.4,87.6,55.1
Southwest,5/13/2002,58.4,74.2,91.6,89.6,57.6
Southwest,5/14/2002,61.5,77.1,91.8,91.2,59.8
Southwest,5/15/2002,59.5,75.7,90.1,90.1,59.3
Southwest,5/16/2002,56.9,73.6,88.5,89.4,58.3
Southwest,5/17/2002,58.6,74.1,89.6,89.6,58.5
Southwest,5/18/2002,59.9,75.1,90.7,89.7,59.3
Southwest,5/19/2002,59.4,74.8,88.8,88.3,58.6
Southwest,5/20/2002,56.5,71.6,85.5,85.8,54.9
Southwest,5/21/2002,48.9,64.7,83,82.7,51.3
Southwest,5/22/2002,48.6,63.4,79.6,81.6,49.9
Southwest,5/23/2002,52.3,67.5,82.1,82.3,52
Southwest,5/24/2002,55.1,70.1,85.1,85.1,55
Southwest,5/25/2002,57.6,73.1,88.2,87,57.5
Southwest,5/26/2002,59.8,74.4,87.6,87.5,58.7
Southwest,5/27/2002,58.8,73.5,86.8,88.3,59.4
Southwest,5/28/2002,59.7,75.1,90.6,91.3,60.3
Southwest,5/29/2002,62.4,78.8,96.5,95.9,63
Southwest,5/30/2002,66.9,83.4,100.5,99.4,65.7
Southwest,5/31/2002,67.8,85,101.3,100.6,68.3
Southwest,6/1/2002,70.2,84.8,100,98.9,67.6
Southwest,6/2/2002,64.9,80.7,95.4,96,65.9
Southwest,6/3/2002,62.6,77.5,92.6,92.8,62.5
Southwest,6/4/2002,60,75.3,90.3,92.7,62
Southwest,6/5/2002,63.3,79,95.2,94.8,63.5
Southwest,6/6/2002,67.3,83.4,99,97.6,66.4
Southwest,6/7/2002,68.7,84.4,98.7,98.3,67.9
Southwest,6/8/2002,67.6,83.5,97.3,97.1,67.3
Southwest,6/9/2002,65.6,80.9,95.3,94.8,64.6
Southwest,6/10/2002,60.5,76.7,91.9,93.5,62.7
Southwest,6/11/2002,62.1,78.5,93.4,93.9,63
Southwest,6/12/2002,66.4,81.2,96.3,96.2,65.5
Southwest,6/13/2002,68,83.6,98.8,98.1,68
Southwest,6/14/2002,69.7,84.7,99.1,99.2,69.5
Southwest,6/15/2002,70.7,85.6,99.7,99.6,69.8
Southwest,6/16/2002,69.1,85,100,100.3,69.5
Southwest,6/17/2002,68.7,85.4,101.1,100.8,68.5
Southwest,6/18/2002,67.8,85.2,101.2,100.9,68.3
Southwest,6/19/2002,68.5,85.4,100.4,100.4,68.4
Southwest,6/20/2002,68.8,85,99.5,99.1,68.5
Southwest,6/21/2002,68.1,83.3,97.3,98.1,67.5
Southwest,6/22/2002,65.6,82.1,97.5,98.1,66.8
Southwest,6/23/2002,66.7,83.4,99.5,99.4,67.3
Southwest,6/24/2002,69.7,86,101.3,101.3,69.3
Southwest,6/25/2002,71.5,87.5,103.1,102.3,71.6
Southwest,6/26/2002,73.5,88.9,102.6,102.2,72.4
Southwest,6/27/2002,72.2,87.2,101,101.2,72.3
Southwest,6/28/2002,71.1,86.1,99.9,100.1,70.8
Southwest,6/29/2002,69,84.9,99.4,100.2,70.2
Southwest,6/30/2002,70.4,86.1,101.2,101.6,70.6
Southwest,7/1/2002,72.5,88.1,104.1,103.2,72.7
Southwest,7/2/2002,75.3,89.9,104.4,103.8,73.8
Southwest,7/3/2002,73.7,87.3,102.8,101.4,73
Southwest,7/4/2002,69.9,84.5,97.1,98.8,70.2
Southwest,7/5/2002,66.9,81.9,96.6,97.2,68.5
Southwest,7/6/2002,68.7,83.6,98,97.8,68.4
Southwest,7/7/2002,69.7,84.3,98.7,99,70.1
Southwest,7/8/2002,71.9,85.9,100.4,100,72.4
Southwest,7/9/2002,75.7,88.5,100.8,100.3,75
Southwest,7/10/2002,77.3,89.1,99.8,99.9,77
Southwest,7/11/2002,78,88.4,99,99.9,77.3
Southwest,7/12/2002,76.5,87.5,100.8,100.6,77
Southwest,7/13/2002,76.6,87.9,102.1,101.4,76.5
Southwest,7/14/2002,76.5,88.3,101.2,100,75.2
Southwest,7/15/2002,72.4,83.3,96.6,97,73.9
Southwest,7/16/2002,72.7,82.8,93.3,94.5,72.7
Southwest,7/17/2002,72.9,83.3,93.7,93.9,72.8
Southwest,7/18/2002,72.8,83.6,94.8,94.8,72.5
Southwest,7/19/2002,71.7,83.9,96,95.5,71.8
Southwest,7/20/2002,71,83.7,95.6,95.6,71.3
Southwest,7/21/2002,71.1,83,95.2,95.2,71.3
Southwest,7/22/2002,71.8,83.1,94.7,94,71.9
Southwest,7/23/2002,72.8,82.9,92.1,93.4,73.1
Southwest,7/24/2002,74.7,84.3,93.3,94.3,74.2
Southwest,7/25/2002,75.1,85.9,97.6,95.8,74.9
Southwest,7/26/2002,74.8,86.1,96.6,96.5,74.6
Southwest,7/27/2002,73.8,84.3,95.2,95.9,73.3
Southwest,7/28/2002,71.2,83.4,95.9,97,72
Southwest,7/29/2002,70.9,84.7,100,98.4,72.3
Southwest,7/30/2002,74.8,86.5,99.4,98.3,73.2
Southwest,7/31/2002,73.9,84.1,95.6,97.4,74.1
Southwest,8/1/2002,73.7,84.4,97.1,96.1,74
Southwest,8/2/2002,74.3,84.8,95.5,95.2,73.2
Southwest,8/3/2002,71.7,82.5,92.9,93.2,72.3
Southwest,8/4/2002,70.8,80.8,91.2,92.2,71.6
Southwest,8/5/2002,72.2,82.3,92.6,91.5,71.7
Southwest,8/6/2002,72.2,81.2,90.8,92.3,71.7
Southwest,8/7/2002,70.8,81.4,93.5,94.2,71.6
Southwest,8/8/2002,71.9,84.6,98.3,97.7,72.3
Southwest,8/9/2002,74.2,87.6,101.2,100.5,73.6
Southwest,8/10/2002,74.7,88.2,102.1,101.8,74.2
Southwest,8/11/2002,73.7,88.2,102.1,101.9,73.5
Southwest,8/12/2002,72,86.9,101.6,101.7,72.5
Southwest,8/13/2002,71.9,86.5,101.3,101.6,71.9
Southwest,8/14/2002,71.7,86.6,101.8,101.7,71.9
Southwest,8/15/2002,72.1,87.1,102,101.4,71.7
Southwest,8/16/2002,71.4,86.2,100.5,100.7,71.5
Southwest,8/17/2002,71.1,85.5,99.7,99.8,71.5
Southwest,8/18/2002,72.1,85.6,99.1,98.8,71.6
Southwest,8/19/2002,71.7,83,97.7,96.9,71.3
Southwest,8/20/2002,70,81.8,94,94.9,69.2
Southwest,8/21/2002,65.9,79.8,93.1,93.6,67.7
Southwest,8/22/2002,67.1,80.3,93.6,94.1,66.5
Southwest,8/23/2002,66.6,81,95.5,95.6,67.1
Southwest,8/24/2002,67.5,82.7,97.8,98,67.8
Southwest,8/25/2002,69.4,84.4,100.6,99.8,69
Southwest,8/26/2002,70.1,85.4,101.1,100.9,69.6
Southwest,8/27/2002,69.3,85.4,101,100.3,69.8
Southwest,8/28/2002,70,84.7,98.8,98.5,69.4
Southwest,8/29/2002,68.8,82.2,95.7,97.3,69.3
Southwest,8/30/2002,69,82.8,97.4,97.5,69.9
Southwest,8/31/2002,71.9,85.4,99.4,98.7,71.4
Southwest,9/1/2002,73.4,86.1,99.4,99.2,72.6
Southwest,9/2/2002,72.6,85.8,98.8,98.8,72.9
Southwest,9/3/2002,72.6,85.3,98.3,98.8,72.5
Southwest,9/4/2002,72.3,85.4,99.4,98.5,73
Southwest,9/5/2002,74.1,86.2,97.9,97.5,73.5
Southwest,9/6/2002,74.1,84.1,95.3,94.3,72.1
Southwest,9/7/2002,68,79.2,89.8,90.7,70.4
Southwest,9/8/2002,69,77.3,87,86.9,68
Southwest,9/9/2002,67,75.5,83.8,86.6,67.7
Southwest,9/10/2002,67,76.9,88.9,87,67
Southwest,9/11/2002,67.1,77.1,88.2,89.1,67
Southwest,9/12/2002,66.8,78,90.3,90.2,66.8
Southwest,9/13/2002,66.4,78.6,92.1,92.1,66.6
Southwest,9/14/2002,66.7,79.8,93.9,92.8,66.6
Southwest,9/15/2002,66.8,80.1,92.4,93.1,66.6
Southwest,9/16/2002,66.2,79.2,93.1,92.3,66.6
Southwest,9/17/2002,66.9,79.2,91.4,91.2,66.7
Southwest,9/18/2002,66.9,76.8,89.1,88.9,65.1
Southwest,9/19/2002,61.6,73.9,86.2,88.1,63.7
Southwest,9/20/2002,62.6,75.3,89,89.4,63
Southwest,9/21/2002,64.8,77.8,93.1,92.2,64.5
Southwest,9/22/2002,66,79.6,94.6,94.5,65.7
Southwest,9/23/2002,66.2,80.8,95.9,95.4,66.5
Southwest,9/24/2002,67.2,81.4,95.8,95.5,66.6
Southwest,9/25/2002,66.4,80.5,94.9,94.5,66.8
Southwest,9/26/2002,66.7,79.7,92.8,92.6,66.3
Southwest,9/27/2002,65.8,77.8,90,89.7,64.9
Southwest,9/28/2002,62.3,74.6,86.2,86.5,63.2
Southwest,9/29/2002,61.5,72.3,83.2,84.1,60.3
Southwest,9/30/2002,57,69.3,82.8,82.1,58.3
Southwest,10/1/2002,56.4,68,80.3,79.6,55
Southwest,10/2/2002,51.5,63.2,75.6,75.8,52
Southwest,10/3/2002,48.2,59.8,71.6,74.9,49.4
Southwest,10/4/2002,48.5,61.4,77.4,77.3,50.2
Southwest,10/5/2002,53.9,66.8,82.9,82.3,53.1
Southwest,10/6/2002,56.9,70.3,86.7,84.6,56.7
Southwest,10/7/2002,59.4,71.3,84.2,85.3,58.2
Southwest,10/8/2002,58.2,70.1,84.9,85.3,58.9
Southwest,10/9/2002,59.2,71.8,86.8,86.1,58.9
Southwest,10/10/2002,59.2,72.3,86.6,86.4,59.1
Southwest,10/11/2002,58.9,71.8,85.9,85.7,59.1
Southwest,10/12/2002,59.1,71.2,84.7,84,59.3
Southwest,10/13/2002,59.8,70.2,81.4,83.1,58.1
Southwest,10/14/2002,55.5,67.7,83.2,82.8,58
Southwest,10/15/2002,58.6,70.3,83.8,83.5,57
Southwest,10/16/2002,57,69.5,83.4,82.3,56.8
Southwest,10/17/2002,54.8,66,79.6,78.3,53.7
Southwest,10/18/2002,49.4,60.3,72,75.9,51.6
Southwest,10/19/2002,50.6,61.6,76.1,75.3,50.9
Southwest,10/20/2002,52.7,63.9,77.9,77.3,52.2
Southwest,10/21/2002,53.4,64.9,77.8,77.3,52.6
Southwest,10/22/2002,51.8,63.7,76.3,76,51.8
Southwest,10/23/2002,50.3,61.6,73.9,73.6,50.3
Southwest,10/24/2002,48.9,59.5,70.7,72.7,49
Southwest,10/25/2002,47.9,59.4,73.4,71.3,48.6
Southwest,10/26/2002,49,59,69.8,70.3,48.2
Southwest,10/27/2002,47.6,56.9,67.6,68.8,47.7
Southwest,10/28/2002,46.4,56.4,69,68.7,46.5
Southwest,10/29/2002,45.5,56.9,69.6,70,45.7
Southwest,10/30/2002,45.2,57,71.3,70.7,45.6
Southwest,10/31/2002,46.1,57.7,71.2,71,46.2
Southwest,11/1/2002,47.3,58.1,70.6,70.8,47.1
Southwest,11/2/2002,47.8,57.6,70.6,71.7,48.1
Southwest,11/3/2002,49.2,59.8,74,71.1,47.6
Southwest,11/4/2002,45.9,56.4,68.8,70.6,45.5
Southwest,11/5/2002,41.4,53.2,68.9,71,43.8
Southwest,11/6/2002,44.1,56.7,75.2,72.9,44.8
Southwest,11/7/2002,48.9,59.8,74.6,72.6,48
Southwest,11/8/2002,51.1,59.5,68,71.4,50.4
Southwest,11/9/2002,51.2,59.6,71.7,69.3,50.9
Southwest,11/10/2002,50.4,58.6,68.1,69.3,48.8
Southwest,11/11/2002,44.9,55.4,68.1,68.5,46.5
Southwest,11/12/2002,44.1,54.8,69.4,69.8,44.8
Southwest,11/13/2002,45.4,56.3,72,70.4,44.8
Southwest,11/14/2002,44.8,56.4,69.7,69.6,44.3
Southwest,11/15/2002,42.6,54.2,67.1,67.7,42.9
Southwest,11/16/2002,41.2,52.2,66.4,68.3,42.3
Southwest,11/17/2002,43,54.1,71.3,69.1,42.5
Southwest,11/18/2002,43.3,55.6,69.7,70.6,42.8
Southwest,11/19/2002,42.1,54.2,70.8,72.1,44.1
Southwest,11/20/2002,46.8,58.1,75.8,74.8,46
Southwest,11/21/2002,49,60.8,77.8,76.9,48.6
Southwest,11/22/2002,50,61.8,77.1,76,49.1
Southwest,11/23/2002,48.4,59.8,73,72.9,47.6
Southwest,11/24/2002,44.5,55.8,68.6,68,44.6
Southwest,11/25/2002,41,52,62.5,65.3,42.2
Southwest,11/26/2002,41.2,50.6,64.8,63.6,40.8
Southwest,11/27/2002,40.3,50.3,63.6,64.9,41.5
Southwest,11/28/2002,43.1,52.2,66.4,65.7,43.6
Southwest,11/29/2002,47.5,55.2,67,65,46.4
Southwest,11/30/2002,48.5,54.2,61.5,63.8,47
Southwest,12/1/2002,44.9,52.5,62.9,62.2,45.7
Southwest,12/2/2002,43.8,52,62.3,61,43.6
Southwest,12/3/2002,42,49.8,57.9,59.7,41.7
Southwest,12/4/2002,39.2,47.7,59,59.7,40.2
Southwest,12/5/2002,39.3,48.8,62.3,61.4,39.8
Southwest,12/6/2002,40.9,50.2,63,62.5,40.8
Southwest,12/7/2002,42.1,50.7,62.1,61.8,41
Southwest,12/8/2002,40,49.1,60.4,60.6,40.4
Southwest,12/9/2002,39.1,48.1,59.3,59.8,39.5
Southwest,12/10/2002,39.5,48.4,59.6,59,38.8
Southwest,12/11/2002,37.8,46.8,58.1,59.1,38.2
Southwest,12/12/2002,37.3,46.6,59.5,59.6,38.1
Southwest,12/13/2002,39.3,48.4,61.1,61.5,39.3
Southwest,12/14/2002,41.3,50.4,63.9,63.3,42.1
Southwest,12/15/2002,45.6,53.5,64.8,63.9,42.9
Southwest,12/16/2002,41.8,51.7,63.1,62,44.5
Southwest,12/17/2002,46.2,51.7,58.2,58.2,41.2
Southwest,12/18/2002,35.6,43.6,53.3,54.1,37.6
Southwest,12/19/2002,31.1,39.5,50.9,53.2,32.8
Southwest,12/20/2002,31.8,41.1,55.5,51.7,32.2
Southwest,12/21/2002,33.8,40.4,48.7,51.7,32.9
Southwest,12/22/2002,33,40.4,50.8,48.7,34.3
Southwest,12/23/2002,36.2,41.1,46.6,47.9,33.2
Southwest,12/24/2002,30.4,37.6,46.3,46.8,32.4
Southwest,12/25/2002,30.5,37.8,47.6,48.2,30.3
Southwest,12/26/2002,30.1,38.3,50.6,51.3,31.2
Southwest,12/27/2002,33.1,41.5,55.6,55.9,33.6
Southwest,12/28/2002,37.5,46.2,61.4,57.6,36.6
Southwest,12/29/2002,39.2,47.5,55.9,56.9,36.8
Southwest,12/30/2002,33.8,42.6,53.4,55.3,36.1
Southwest,12/31/2002,35.4,43.8,56.7,55.5,35.2
Southwest,1/1/2003,36.4,45.4,56.5,57.9,36.2
Southwest,1/2/2003,36.7,45.8,60.6,60.8,37.8
Southwest,1/3/2003,40.2,49.6,65.4,65,40.6
Southwest,1/4/2003,44.8,54,69,67.7,43.7
Southwest,1/5/2003,46,55.6,68.8,67.2,44.4
Southwest,1/6/2003,42.3,52,63.7,66.1,44.6
Southwest,1/7/2003,45.4,53.3,65.9,64,45.6
Southwest,1/8/2003,49,54.4,62.3,62.8,46.7
Southwest,1/9/2003,45.6,52.1,60.2,61.3,45.5
Southwest,1/10/2003,42,50.5,61.4,60.9,43.4
Southwest,1/11/2003,42.6,50.7,61.1,61.5,41.6
Southwest,1/12/2003,40.1,49.5,62.1,63.2,41.7
Southwest,1/13/2003,42.3,51.8,66.3,65.8,42.2
Southwest,1/14/2003,44.3,54.4,69.1,67.5,43.7
Southwest,1/15/2003,44.5,54.8,67.2,68.1,43.8
Southwest,1/16/2003,42.6,53.2,68.1,67.6,43.3
Southwest,1/17/2003,42.9,53.3,67.4,67.9,43.2
Southwest,1/18/2003,44,54.4,68.2,67.8,43.8
Southwest,1/19/2003,44.6,55,67.7,68,44.8
Southwest,1/20/2003,45.9,55.7,68.1,66.7,44.4
Southwest,1/21/2003,42.7,52.4,64.4,65.6,43.4
Southwest,1/22/2003,41.5,51.5,64.4,65.9,42.6
Southwest,1/23/2003,43.6,53.6,68.9,67.8,43.7
Southwest,1/24/2003,46.1,56.5,70.1,69.2,45.1
Southwest,1/25/2003,45.5,56.3,68.6,69.8,45.9
Southwest,1/26/2003,46,56.5,70.7,70.8,45.9
Southwest,1/27/2003,46.3,57.8,73.1,71.4,46.2
Southwest,1/28/2003,46.2,57.7,70.5,71.1,46.1
Southwest,1/29/2003,45.9,56.8,69.8,70.8,45.7
Southwest,1/30/2003,45,56.6,72,72.9,46.3
Southwest,1/31/2003,48,59.6,76.8,74.8,47.6
Southwest,2/1/2003,49.9,61.7,75.7,74.9,48.5
Southwest,2/2/2003,47.5,57.6,72.1,69.2,44.3
Southwest,2/3/2003,35.4,46.6,59.8,64.3,39.7
Southwest,2/4/2003,36.2,46.8,61.1,60,36.7
Southwest,2/5/2003,38.5,48.5,59.1,58.8,35.3
Southwest,2/6/2003,31.3,42.8,56.2,57.3,34.1
Southwest,2/7/2003,32.5,42.9,56.6,55.9,33.1
Southwest,2/8/2003,35.6,44,55,55.7,33.6
Southwest,2/9/2003,32.8,43,55.5,56.5,33.9
Southwest,2/10/2003,33.3,44.4,58.9,58.2,36.6
Southwest,2/11/2003,43.7,49.9,60.2,60.4,42.4
Southwest,2/12/2003,50.1,54.7,62,60.7,48.6
Southwest,2/13/2003,52,55.1,59.8,60.2,50.6
Southwest,2/14/2003,49.6,53.7,58.7,60.2,48.8
Southwest,2/15/2003,44.8,51.9,62,61.7,45.9
Southwest,2/16/2003,43.2,52.9,64.4,64.8,44.5
Southwest,2/17/2003,45.5,55.2,68.1,66.5,45.6
Southwest,2/18/2003,48.1,56.9,66.9,66.4,45.3
Southwest,2/19/2003,42.4,53.3,64.2,64.7,44.5
Southwest,2/20/2003,43,51.9,63.1,64,42
Southwest,2/21/2003,40.5,50.6,64.7,64.5,41.5
Southwest,2/22/2003,41,52.2,65.7,64.9,40.6
Southwest,2/23/2003,40.3,52,64.2,64.3,41.9
Southwest,2/24/2003,44.4,53.5,63,62.2,42.6
Southwest,2/25/2003,43.2,49.2,59.4,58.7,43.4
Southwest,2/26/2003,42.6,47.8,53.8,55.9,41.2
Southwest,2/27/2003,37.9,45.8,54.6,54.3,39.1
Southwest,2/28/2003,36.7,45,54.5,54.9,37
Southwest,3/1/2003,36.5,45.5,55.7,55.3,36.7
Southwest,3/2/2003,36.9,46,55.8,56.5,36.7
Southwest,3/3/2003,36.6,46.4,58,57,37.4
Southwest,3/4/2003,38.6,48.5,57.1,57.5,38.3
Southwest,3/5/2003,39.8,47.5,57.4,59,39
Southwest,3/6/2003,38.6,48.8,62.5,62.5,39.8
Southwest,3/7/2003,40.9,52.9,67.6,66.7,41.2
Southwest,3/8/2003,44.2,55.9,70,70.9,43.6
Southwest,3/9/2003,45.6,58.7,75,73.7,46.2
Southwest,3/10/2003,48.8,61.5,76.1,75.6,47.9
Southwest,3/11/2003,49.2,62.1,75.8,76.2,49.1
Southwest,3/12/2003,49.4,62.5,76.8,77.5,50
Southwest,3/13/2003,51.3,64.4,79.9,78.3,51.3
Southwest,3/14/2003,53.1,65,78.1,77.8,52.1
Southwest,3/15/2003,51.9,63,75.3,74.3,52.1
Southwest,3/16/2003,51.4,58,69.6,68.4,48.3
Southwest,3/17/2003,41.7,50.3,60.2,63.2,43.9
Southwest,3/18/2003,38.6,47.8,59.7,60.7,39.9
Southwest,3/19/2003,39.5,50,62.1,62.4,40.2
Southwest,3/20/2003,42.6,53,65.4,64.7,41.9
Southwest,3/21/2003,43.7,54.8,66.5,68,44
Southwest,3/22/2003,45.8,57.3,72.1,71.6,46.3
Southwest,3/23/2003,49.3,61.8,76.1,74.4,48.3
Southwest,3/24/2003,49.9,62.6,75.1,75.5,49.6
Southwest,3/25/2003,49.5,61.8,75.4,76.5,50.2
Southwest,3/26/2003,51.1,63.8,78.9,77.4,50.7
Southwest,3/27/2003,51.6,63.8,77.9,75.5,48.1
Southwest,3/28/2003,41.5,53.8,69.7,70.5,44.1
Southwest,3/29/2003,39.3,51,64,69.1,41.1
Southwest,3/30/2003,42.5,55.6,73.5,72.9,43.2
Southwest,3/31/2003,47.8,62.7,81.2,78.5,47
Southwest,4/1/2003,50.8,66.3,80.9,80.1,50
Southwest,4/2/2003,51.4,62.4,78.3,75.3,48
Southwest,4/3/2003,41.9,54.7,66.6,70.4,44.5
Southwest,4/4/2003,40.1,52.8,66.3,66.1,40.5
Southwest,4/5/2003,39.6,52.4,65.5,65.5,39.5
Southwest,4/6/2003,38.8,51.5,64.8,67,40.2
Southwest,4/7/2003,42.3,55.4,70.8,70.9,42.4
Southwest,4/8/2003,46,60.1,77.1,76.7,46
Southwest,4/9/2003,49.8,64.8,82.2,80.3,49.3
Southwest,4/10/2003,52,67.2,81.7,81.3,50.7
Southwest,4/11/2003,50.4,65.3,79.9,80.6,51.8
Southwest,4/12/2003,53.1,66.9,80.3,80.1,52.3
Southwest,4/13/2003,53.3,67.2,80,79.4,52.7
Southwest,4/14/2003,51.7,64.7,78,77.5,51.6
Southwest,4/15/2003,49.7,58.4,74.6,75.4,48
Southwest,4/16/2003,42.5,55.9,73.6,73.8,46.6
Southwest,4/17/2003,47.7,60.9,73.3,71.7,44.4
Southwest,4/18/2003,43.1,56,68.3,69.8,44.7
Southwest,4/19/2003,43.2,56,67.8,71.3,44.5
Southwest,4/20/2003,47.2,61.2,77.9,74.4,46.9
Southwest,4/21/2003,50.3,64.2,77.4,76.1,47.6
Southwest,4/22/2003,45.4,57.9,72.9,72.3,45.3
Southwest,4/23/2003,40.2,53.1,66.6,71.4,43.8
Southwest,4/24/2003,45.7,58.7,74.7,73.2,45.6
Southwest,4/25/2003,50.8,63.8,78.3,78,49.7
Southwest,4/26/2003,52.5,66.4,81.1,80.6,52.5
Southwest,4/27/2003,54.2,68.5,82.5,81.8,53.3
Southwest,4/28/2003,53.3,68.3,81.8,81.4,53.4
Southwest,4/29/2003,52.8,66.6,80,79.4,51.4
Southwest,4/30/2003,48.2,62.4,76.4,78.4,50.1
Southwest,5/1/2003,49.2,63.7,78.9,79,49.8
Southwest,5/2/2003,51.9,66.8,81.8,80.3,51.9
Southwest,5/3/2003,54.5,66.5,80.2,79.2,51.4
Southwest,5/4/2003,47.8,61.5,75.5,77,50.5
Southwest,5/5/2003,49.1,62.1,75.3,76.3,49.4
Southwest,5/6/2003,51.2,64.6,78,76.8,50.2
Southwest,5/7/2003,50.3,64,77.1,76.2,49.1
Southwest,5/8/2003,45.9,60.1,73.6,74.4,47.5
Southwest,5/9/2003,46.3,60.1,72.5,73.6,45.9
Southwest,5/10/2003,45.4,59.8,74.8,76.9,47.4
Southwest,5/11/2003,50.5,65.6,83.5,82.3,50.7
Southwest,5/12/2003,56.2,71.7,88.7,88,56.3
Southwest,5/13/2003,62.1,76.3,91.7,90.7,60.8
Southwest,5/14/2003,64.2,78.1,91.8,91,60.5
Southwest,5/15/2003,55.2,71.4,89.4,91,59.4
Southwest,5/16/2003,58.9,73.7,91.7,92,59.2
Southwest,5/17/2003,63.5,79.1,94.9,93.4,62.3
Southwest,5/18/2003,64.4,78.9,93.6,93.2,62.9
Southwest,5/19/2003,60.8,76.7,91.1,91.9,62.7
Southwest,5/20/2003,62.8,77.5,91.1,92.4,62
Southwest,5/21/2003,62.3,78.2,95,94,63.5
Southwest,5/22/2003,65.3,81.4,95.9,95.7,65.1
Southwest,5/23/2003,67.6,82.2,96.1,95.5,66
Southwest,5/24/2003,65,80.2,94.4,93.8,64.4
Southwest,5/25/2003,60.5,76,91,92.2,62.4
Southwest,5/26/2003,61.7,76.5,91.3,93.5,62.5
Southwest,5/27/2003,65.3,80.3,98.1,96.2,65.9
Southwest,5/28/2003,70.7,85.5,99.2,98.5,68.9
Southwest,5/29/2003,70.7,85.1,98.1,97.6,69.8
Southwest,5/30/2003,68.1,82.2,95.4,95.9,68.5
Southwest,5/31/2003,66.8,81.1,94.3,95.6,67.2
Southwest,6/1/2003,66.7,81.8,97.2,97,67.3
Southwest,6/2/2003,68.4,83.7,99.5,98.4,67.6
Southwest,6/3/2003,67.8,83.6,98.4,97.9,67.2
Southwest,6/4/2003,65.5,81.4,95.8,96.3,66.4
Southwest,6/5/2003,65.9,80.5,94.8,94.6,65
Southwest,6/6/2003,63.5,78.6,93.1,94.5,64.7
Southwest,6/7/2003,64.7,80.1,95.7,95.3,65
Southwest,6/8/2003,66.7,82.2,97.1,96.1,66.3
Southwest,6/9/2003,67.4,81.1,95.6,94,65.2
Southwest,6/10/2003,61.5,76.1,89.3,91.1,62.8
Southwest,6/11/2003,59.6,74.5,88.5,89.1,60.7
Southwest,6/12/2003,61,76.1,89.6,89.7,60.4
Southwest,6/13/2003,60.5,76.2,90.9,92,61.5
Southwest,6/14/2003,63,79.1,95.5,95,63.4
Southwest,6/15/2003,66.6,82.5,98.5,97.3,65.7
Southwest,6/16/2003,67.4,83.4,97.8,97.8,67
Southwest,6/17/2003,67,82.4,97,96.8,67
Southwest,6/18/2003,66.5,81.8,95.6,95.3,65.7
Southwest,6/19/2003,63.5,79.3,93.2,93.1,63.7
Southwest,6/20/2003,61.2,76,90.6,91.3,61.2
Southwest,6/21/2003,58.9,74.8,90,90.6,60.1
Southwest,6/22/2003,60.2,75.9,91.2,90.7,60
Southwest,6/23/2003,60.9,76.9,90.8,90.7,60.3
Southwest,6/24/2003,59.8,75.6,90.1,92.1,61.2
Southwest,6/25/2003,62.8,78.6,95.3,94.5,63.4
Southwest,6/26/2003,67.6,83,98.1,98,66.8
Southwest,6/27/2003,70.1,85.2,100.7,100.2,69.7
Southwest,6/28/2003,71.4,87,101.8,101,71.1
Southwest,6/29/2003,71.7,87.1,100.6,100.5,70.9
Southwest,6/30/2003,69.7,84.7,99.1,99.4,70.2
Southwest,7/1/2003,69.1,84.2,98.5,99,69.5
Southwest,7/2/2003,69.8,85.2,99.5,99.9,69.7
Southwest,7/3/2003,70.2,86.1,101.7,101.6,70.7
Southwest,7/4/2003,72.1,88.1,103.7,102.8,71.7
Southwest,7/5/2003,72.9,88.6,103,102.7,72.1
Southwest,7/6/2003,71.2,86.7,101.3,101.1,71
Southwest,7/7/2003,68.9,84.5,99,100.4,69.6
Southwest,7/8/2003,68.8,84.7,101,101.6,69.7
Southwest,7/9/2003,71.5,87.4,104.9,103.4,70.6
Southwest,7/10/2003,71.6,88,104.4,104.1,71.5
Southwest,7/11/2003,71.3,87.5,102.9,104,72.2
Southwest,7/12/2003,73.6,88.9,104.7,104.7,73.3
Southwest,7/13/2003,75.1,90.9,106.6,106.6,75.2
Southwest,7/14/2003,76.9,92.5,108.4,107.4,76.2
Southwest,7/15/2003,76.7,92.3,107.2,107.2,77.3
Southwest,7/16/2003,78.3,92,105.9,105.4,77.1
Southwest,7/17/2003,76.3,88.9,103.2,101.7,76.7
Southwest,7/18/2003,75.6,84.7,95.9,98.8,74.8
Southwest,7/19/2003,72.4,84.1,97.3,98.5,74
Southwest,7/20/2003,74.1,87.6,102.3,100.7,74.7
Southwest,7/21/2003,77.6,89.9,102.6,102.1,76.5
Southwest,7/22/2003,77.7,89.4,101.5,101.8,77.6
Southwest,7/23/2003,77.5,89,101.2,101.4,77.6
Southwest,7/24/2003,77.5,89.5,101.6,101,77.6
Southwest,7/25/2003,77.7,88.8,100.3,100.4,77
Southwest,7/26/2003,75.8,87.5,99.2,99.2,76.2
Southwest,7/27/2003,75,86.9,98.1,97.8,75
Southwest,7/28/2003,74.2,84.6,96.2,95.9,73.2
Southwest,7/29/2003,70.3,81.8,93.5,94,71.9
Southwest,7/30/2003,71.3,82.1,92.3,93.6,71.1
Southwest,7/31/2003,71.7,83.1,95.1,93.7,72.7
Southwest,8/1/2003,75.2,82.6,93.7,94.6,72.4
Southwest,8/2/2003,70.4,81.6,94.9,95.2,72
Southwest,8/3/2003,70.5,83.8,97,96.9,71
Southwest,8/4/2003,72,85.5,98.9,98.8,72
Southwest,8/5/2003,73.5,86.9,100.4,99.6,73.7
Southwest,8/6/2003,75.6,87.7,99.5,99.9,75.2
Southwest,8/7/2003,76.4,88.3,99.7,99.8,75.6
Southwest,8/8/2003,74.8,87.8,100.3,100.9,75.7
Southwest,8/9/2003,76,89.2,102.6,102.7,76.3
Southwest,8/10/2003,78.2,91.3,105.1,103.7,77.4
Southwest,8/11/2003,78,91.2,103.5,103.5,78.4
Southwest,8/12/2003,79.1,90.6,101.8,101.7,77.7
Southwest,8/13/2003,76,88.1,99.9,99.7,77.3
Southwest,8/14/2003,76.8,87.1,97.5,97.2,75.1
Southwest,8/15/2003,72.5,81.8,94.3,94.5,72.9
Southwest,8/16/2003,69.5,79.8,91.8,94.4,71
Southwest,8/17/2003,71.1,83.3,97.1,96,71.7
Southwest,8/18/2003,74.5,86.9,99,97.5,73.3
Southwest,8/19/2003,74.2,84.6,96.4,96.6,73.6
Southwest,8/20/2003,72.1,82.3,94.3,95.3,73
Southwest,8/21/2003,72.6,84.1,95.1,94.8,72.8
Southwest,8/22/2003,73.6,84.6,95.1,94.9,73.7
Southwest,8/23/2003,74.8,84.8,94.4,94.9,74.3
Southwest,8/24/2003,74.4,84.4,95.3,95.2,74.1
Southwest,8/25/2003,73.1,84.6,96,95.4,73.7
Southwest,8/26/2003,73.5,84.5,94.9,94.7,73.1
Southwest,8/27/2003,72.7,81.3,93.3,92.8,72.5
Southwest,8/28/2003,71.3,80.8,90.3,92.3,71.9
Southwest,8/29/2003,71.6,81.8,93.2,92.9,71.7
Southwest,8/30/2003,72.2,83.1,95.1,95.3,71.9
Southwest,8/31/2003,72,84.2,97.7,96.9,72.8
Southwest,9/1/2003,74.1,86.1,98,97.7,73.5
Southwest,9/2/2003,74.4,85.8,97.3,97.6,74.2
Southwest,9/3/2003,74.2,85.8,97.4,96.9,73.5
Southwest,9/4/2003,72,84,96.1,95.7,72.5
Southwest,9/5/2003,71.3,82.3,93.5,94.1,71.2
Southwest,9/6/2003,70.4,81.6,92.8,92.9,70.3
Southwest,9/7/2003,69.2,81,92.5,92.6,69.2
Southwest,9/8/2003,67.9,80,92.6,92,68.2
Southwest,9/9/2003,67.5,78.2,90.9,90.3,67.1
Southwest,9/10/2003,65.9,75.7,87.3,89.1,65.6
Southwest,9/11/2003,63.3,75.9,89,89.8,64.6
Southwest,9/12/2003,64.5,77.9,93,92.3,64.5
Southwest,9/13/2003,65.7,79.8,94.9,94.1,65.5
Southwest,9/14/2003,66.3,80.2,94.4,94.8,66.3
Southwest,9/15/2003,66.9,80.7,95.1,94.8,67.1
Southwest,9/16/2003,68.1,81.2,94.9,94.6,66.8
Southwest,9/17/2003,65.5,79.7,93.8,93.5,65.9
Southwest,9/18/2003,64.1,77.9,91.7,93,64.6
Southwest,9/19/2003,64.2,78.1,93.4,93.5,65.2
Southwest,9/20/2003,67.3,80.6,95.3,95.1,66
Southwest,9/21/2003,66.6,80.8,96.7,96.6,67.3
Southwest,9/22/2003,67.9,82.2,97.7,96.5,68.1
Southwest,9/23/2003,69.7,80.8,95.1,92.8,68.2
Southwest,9/24/2003,66.9,75.2,85.5,89.4,67.5
Southwest,9/25/2003,65.9,74.1,87.5,88.5,66.2
Southwest,9/26/2003,65.8,77.7,92.6,91,65.8
Southwest,9/27/2003,65.8,78.8,92.9,93.3,65.8
Southwest,9/28/2003,65.9,78.9,94.5,94.3,66.3
Southwest,9/29/2003,67.2,80.3,95.6,95.4,67.1
Southwest,9/30/2003,68.2,81.2,96,95.6,67.7
Southwest,10/1/2003,67.6,80.8,95.1,94.5,67.9
Southwest,10/2/2003,67.9,79.5,92.5,91.6,66.1
Southwest,10/3/2003,62.9,74.5,87.3,88,63.4
Southwest,10/4/2003,59.3,71.1,84.2,85.9,60.9
Southwest,10/5/2003,60.4,72.6,86.3,86,60.6
Southwest,10/6/2003,62.2,74.3,87.4,85.8,62.6
Southwest,10/7/2003,65.1,72.4,83.7,85.4,63.2
Southwest,10/8/2003,62.2,71.1,85,84.9,64
Southwest,10/9/2003,64.8,75,86.1,84.2,63.8
Southwest,10/10/2003,64.3,71.3,81.4,84,63.7
Southwest,10/11/2003,62.1,71.4,84.4,83.9,63.3
Southwest,10/12/2003,63.6,73.9,85.9,86.1,63
Southwest,10/13/2003,63.4,74.9,88,86.6,62.9
Southwest,10/14/2003,61.7,73.5,85.8,86.8,62.3
Southwest,10/15/2003,61.9,73.4,86.7,86.7,62.2
Southwest,10/16/2003,63,74.1,87.6,87.9,62.4
Southwest,10/17/2003,62.4,74.7,89.5,89.9,62.8
Southwest,10/18/2003,63.1,76.3,92.5,91.6,63.3
Southwest,10/19/2003,64.4,77.4,92.7,92.8,63.9
Southwest,10/20/2003,64.2,77.4,93.1,93,64.3
Southwest,10/21/2003,64.2,77.5,93.2,92.8,64.2
Southwest,10/22/2003,64.1,77,92.2,92,63.8
Southwest,10/23/2003,63,75.9,90.7,90.1,62.7
Southwest,10/24/2003,61.1,73.7,87.4,86.9,60.7
Southwest,10/25/2003,58,69.8,82.6,82.1,56.3
Southwest,10/26/2003,49.9,62,76.4,78.7,52.8
Southwest,10/27/2003,50.4,61.3,77.2,78.1,51.5
Southwest,10/28/2003,54.3,65.2,80.8,79.6,53.2
Southwest,10/29/2003,54.8,67,80.8,78.9,53.8
Southwest,10/30/2003,52.4,63.5,75.1,76,52.4
Southwest,10/31/2003,50.1,60.4,72,72.3,51.1
Southwest,11/1/2003,50.8,59.4,69.7,71.1,50.3
Southwest,11/2/2003,50.1,59.7,71.5,69.2,50
Southwest,11/3/2003,49,55.4,66.5,66.6,46.4
Southwest,11/4/2003,40.2,50.3,61.8,64.6,43.2
Southwest,11/5/2003,40.5,51.4,65.5,65.6,41.5
Southwest,11/6/2003,43.7,54.6,69.6,67.8,43.4
Southwest,11/7/2003,46,55.9,68.4,69.5,45.4
Southwest,11/8/2003,46.5,57.4,70.6,70.9,47.1
Southwest,11/9/2003,48.7,59.5,73.7,72.8,48.5
Southwest,11/10/2003,50.3,60.9,74.2,72,50.8
Southwest,11/11/2003,53.3,60,68,68.8,52.8
Southwest,11/12/2003,54.9,59.1,64.3,64.9,53.2
Southwest,11/13/2003,51.3,57,62.4,63.6,51.1
Southwest,11/14/2003,47.2,54.2,64,63.2,47.5
Southwest,11/15/2003,44,52.8,63.1,62.7,45
Southwest,11/16/2003,43.7,52.1,60.9,61.2,43.2
Southwest,11/17/2003,42,50.4,59.6,61.6,42.5
Southwest,11/18/2003,41.9,50.8,64.2,65.3,43
Southwest,11/19/2003,45,55.4,72,69.3,44.8
Southwest,11/20/2003,47.5,57.9,71.7,70.9,46.1
Southwest,11/21/2003,45.9,56.8,69.1,67.8,45.9
Southwest,11/22/2003,44.4,53,62.6,61.2,40.3
Southwest,11/23/2003,30.6,41.1,51.9,58.1,36.3
Southwest,11/24/2003,33.8,43.4,59.8,57.3,35.6
Southwest,11/25/2003,42.5,50,60.3,60,38.5
Southwest,11/26/2003,39.3,48.5,59.9,59.3,39.8
Southwest,11/27/2003,37.5,47.1,57.7,59.3,37.7
Southwest,11/28/2003,36.3,46.1,60.4,61.1,38.1
Southwest,11/29/2003,40.5,49.8,65.2,65.2,40.4
Southwest,11/30/2003,44.3,54.6,70,68.6,43.6
Southwest,12/1/2003,46.1,56.5,70.5,69.7,45.8
Southwest,12/2/2003,47,56.6,68.6,69.2,45.4
Southwest,12/3/2003,43,53.9,68.4,68.7,44.6
Southwest,12/4/2003,43.8,54.4,69.2,68.8,43.9
Southwest,12/5/2003,44.9,55.2,68.9,69.2,45
Southwest,12/6/2003,46.2,55.7,69.5,68.3,45.8
Southwest,12/7/2003,46.2,55.6,66.6,65.6,45.4
Southwest,12/8/2003,43.8,52.3,60.6,60.8,41.6
Southwest,12/9/2003,34.9,44.6,55.2,58.3,38.1
Southwest,12/10/2003,35.7,45.1,59.1,56.8,35.8
Southwest,12/11/2003,36.7,45.6,56.2,55.6,35.9
Southwest,12/12/2003,35.3,43.3,51.5,54.1,35.2
Southwest,12/13/2003,33.5,42.2,54.6,55.6,35.3
Southwest,12/14/2003,37.2,46,60.8,56.6,35.4
Southwest,12/15/2003,35.5,44.8,54.5,56,34.4
Southwest,12/16/2003,30.5,39.7,52.6,56.1,33.2
Southwest,12/17/2003,33.5,43.3,61.2,60.1,34.4
Southwest,12/18/2003,39.3,49.1,66.5,65.2,38.3
Southwest,12/19/2003,42,52.3,68,67.6,42.3
Southwest,12/20/2003,45.5,54.5,68.2,67.1,44.3
Southwest,12/21/2003,45.4,54.5,65.1,64.6,43.5
Southwest,12/22/2003,39.6,49.6,60.5,62.2,41.8
Southwest,12/23/2003,40.5,48.6,60.9,59.9,41.1
Southwest,12/24/2003,43.3,49.6,58.3,59.7,41.6
Southwest,12/25/2003,41,48.6,59.8,58,42.5
Southwest,12/26/2003,43.3,48.4,55.8,54.8,38
Southwest,12/27/2003,29.6,38.4,48.9,49.3,32.5
Southwest,12/28/2003,24.7,33.3,43.3,47.3,26.9
Southwest,12/29/2003,26.5,35,49.7,50.1,29.2
Southwest,12/30/2003,36.5,43.4,57.3,55,33.3
Southwest,12/31/2003,36.8,46,58,57.8,37.9
Southwest,1/1/2004,40.5,47.9,58.1,58.5,39.1
Southwest,1/2/2004,40.1,48.2,59.4,58,40.2
Southwest,1/3/2004,40,47.5,56.4,55.9,37.3
Southwest,1/4/2004,31.7,40.7,51.9,54.1,34.1
Southwest,1/5/2004,30.5,39.7,54.1,55.6,32.1
Southwest,1/6/2004,34,43.8,60.8,59,35
Southwest,1/7/2004,40.5,49.2,62.2,63,38.8
Southwest,1/8/2004,42,51.8,66.1,65.6,41.7
Southwest,1/9/2004,42.7,53.2,68.6,68.1,43
Southwest,1/10/2004,44.2,54.5,69.5,68.8,44.3
Southwest,1/11/2004,45.9,55.3,68.3,68.5,45.6
Southwest,1/12/2004,46.6,55.9,67.6,68.5,46.1
Southwest,1/13/2004,45.7,55.7,69.5,68.2,46.3
Southwest,1/14/2004,46.7,55.8,67.5,66.8,45.7
Southwest,1/15/2004,44.8,53.2,63.3,64,44.9
Southwest,1/16/2004,43.3,51.3,61.3,61.1,42
Southwest,1/17/2004,38,47.5,58.7,59.9,39.9
Southwest,1/18/2004,38.3,47.7,59.8,59.3,38.6
Southwest,1/19/2004,39.5,48.7,59.5,58.7,39.5
Southwest,1/20/2004,40.6,48.4,56.8,57.9,39
Southwest,1/21/2004,37,46,57.4,57.3,39
Southwest,1/22/2004,39.3,47.3,57.7,58.6,38.7
Southwest,1/23/2004,39.7,48.2,60.7,58.9,39.7
Southwest,1/24/2004,40.2,47.8,58.2,57.7,39
Southwest,1/25/2004,37.2,44.9,54.3,54.4,36.3
Southwest,1/26/2004,31.4,40.9,50.8,53.4,33.7
Southwest,1/27/2004,32.5,41.5,55,54.2,33.3
Southwest,1/28/2004,36,45.2,56.8,56.9,35
Southwest,1/29/2004,36.4,46,58.8,59,36.8
Southwest,1/30/2004,38.1,48,61.3,59.8,37.8
Southwest,1/31/2004,38.9,48.2,59.4,58.6,36.8
Southwest,2/1/2004,33.5,43.5,55,57.2,35.1
Southwest,2/2/2004,32.8,43.1,57.3,55.9,35.2
Southwest,2/3/2004,39.3,46,55.5,55.1,35.5
Southwest,2/4/2004,34.3,42.6,52.4,53.4,35.2
Southwest,2/5/2004,32,41.1,52.3,53,32.9
Southwest,2/6/2004,32.5,41.8,54.3,55.4,32.5
Southwest,2/7/2004,33.1,44.2,59.6,57.3,33.5
Southwest,2/8/2004,34.9,45.4,58,58.2,33.5
Southwest,2/9/2004,32.5,43.5,57,57.9,33.7
Southwest,2/10/2004,33.8,44.9,58.8,58,33.8
Southwest,2/11/2004,35,45.4,58.3,57.8,33.6
Southwest,2/12/2004,31.9,42.9,56.3,55,31.6
Southwest,2/13/2004,27.8,38.4,50.3,55,30.6
Southwest,2/14/2004,32,42.6,58.3,57.1,32.2
Southwest,2/15/2004,36.8,47.5,62.6,62.2,36.2
Southwest,2/16/2004,39.7,50.9,65.7,66.8,40.1
Southwest,2/17/2004,43.9,55.9,72.1,71,44.4
Southwest,2/18/2004,49.5,60.7,75.3,73.4,44.7
Southwest,2/19/2004,40.8,53.6,72.8,70.1,43.9
Southwest,2/20/2004,41.5,51.2,62.3,65.5,41
Southwest,2/21/2004,40.6,51.3,61.4,61.6,40.9
Southwest,2/22/2004,40.7,50.5,61,60.4,41.8
Southwest,2/23/2004,44.2,49.7,58.7,58.6,41.8
Southwest,2/24/2004,40.6,47.2,56,58.2,41.3
Southwest,2/25/2004,39,48.1,59.9,60.3,40.1
Southwest,2/26/2004,40.7,51.7,65,62.6,41.4
Southwest,2/27/2004,44.6,51.6,62.8,60.8,40.7
Southwest,2/28/2004,36.7,45.9,54.7,57.7,38.6
Southwest,2/29/2004,34.4,44,55.7,56.2,35.7
Southwest,3/1/2004,36,46.2,58.3,57.8,36.6
Southwest,3/2/2004,39.3,49,59.3,59.3,39.2
Southwest,3/3/2004,42.2,49.7,60.2,59.6,41.4
Southwest,3/4/2004,42.8,49.7,59.2,59.5,42
Southwest,3/5/2004,40.9,48,59.1,61.6,41.4
Southwest,3/6/2004,40.6,51.2,66.5,67.5,42.7
Southwest,3/7/2004,46.5,58.6,76.8,74.6,45.9
Southwest,3/8/2004,50.6,63.7,80.4,80,50.3
Southwest,3/9/2004,53.7,67.1,82.7,81.6,52.9
Southwest,3/10/2004,54.3,67.5,81.6,81.4,54.5
Southwest,3/11/2004,55.4,66,79.8,78.2,53.6
Southwest,3/12/2004,51.1,62,73.1,75.3,52.5
Southwest,3/13/2004,51.1,61.7,72.9,74.6,51.2
Southwest,3/14/2004,51.3,63,77.8,76.9,51.7
Southwest,3/15/2004,52.7,65.2,80,79.6,52.4
Southwest,3/16/2004,53.3,66.4,81.1,81,53.3
Southwest,3/17/2004,53.9,67.3,81.8,82,53.8
Southwest,3/18/2004,54.3,67.7,83,83.3,54.7
Southwest,3/19/2004,56,69.6,85,85.9,56.2
Southwest,3/20/2004,58.2,72.4,89.6,87.5,58.2
Southwest,3/21/2004,60.3,73.3,87.9,87.1,58.9
Southwest,3/22/2004,58.1,70.8,83.7,84.8,58.7
Southwest,3/23/2004,57.7,70.3,82.7,82.7,56.9
Southwest,3/24/2004,54.9,68.1,81.8,81.7,55.7
Southwest,3/25/2004,54.5,68.1,80.7,80.6,54
Southwest,3/26/2004,52.7,65.8,79.4,78.5,52.1
Southwest,3/27/2004,49.2,62.1,75.5,77.9,50.6
Southwest,3/28/2004,49.8,63.5,78.9,79.6,50.3
Southwest,3/29/2004,51.8,66.8,84.3,82.7,52.3
Southwest,3/30/2004,55.3,69.5,84.9,84.2,54.4
Southwest,3/31/2004,56,69.9,83.3,82.8,55.3
Southwest,4/1/2004,54.6,66.6,80.2,78.3,53.8
Southwest,4/2/2004,50.8,58.3,71.5,70.6,50.4
Southwest,4/3/2004,45.9,52.5,60.2,65.2,47.2
Southwest,4/4/2004,44.9,54,63.8,63.9,45.5
Southwest,4/5/2004,45.8,55.7,67.8,68.2,46.3
Southwest,4/6/2004,48.1,59.5,72.9,71.5,47.7
Southwest,4/7/2004,49.3,61.7,73.9,73.7,49.2
Southwest,4/8/2004,50.2,62.1,74.3,75.1,50.3
Southwest,4/9/2004,51.5,63.8,77.1,75.7,51.2
Southwest,4/10/2004,52,64.3,75.7,75.3,50.3
Southwest,4/11/2004,47.3,59.2,73,74.5,48.1
Southwest,4/12/2004,45,58.4,74.7,76.1,47.7
Southwest,4/13/2004,50.8,64.7,80.5,78.6,49.1
Southwest,4/14/2004,51.6,66.5,80.5,80.6,51.1
Southwest,4/15/2004,51,66,80.9,80.6,51.3
Southwest,4/16/2004,51.4,66.1,80.4,79.8,51.6
Southwest,4/17/2004,52.5,65.3,78.2,76.6,49.3
Southwest,4/18/2004,44.1,57.4,71.3,74.9,48.4
Southwest,4/19/2004,48.6,61.2,75.3,74.1,47.3
Southwest,4/20/2004,49.3,62.3,75.8,76.6,49.2
Southwest,4/21/2004,49.7,63.8,78.8,77.5,49.6
Southwest,4/22/2004,49.9,64.1,77.8,77,49.1
Southwest,4/23/2004,47.6,61.2,74.4,77.2,49.3
Southwest,4/24/2004,50.5,64.3,79.3,79.5,50.9
Southwest,4/25/2004,54.6,69,84.7,84.2,54.7
Southwest,4/26/2004,58.9,73.5,88.7,87,58.3
Southwest,4/27/2004,61.4,75.3,87.6,87.7,60.8
Southwest,4/28/2004,62.1,74.4,86.8,86.1,59.5
Southwest,4/29/2004,54.9,68.4,83.8,82.1,55.7
Southwest,4/30/2004,50,63.3,75.7,80.3,52.7
Southwest,5/1/2004,53.2,66.3,81.4,81.1,53.2
Southwest,5/2/2004,56.3,71.1,86.1,85.8,56.3
Southwest,5/3/2004,59.4,74.7,89.9,89.5,59.2
Southwest,5/4/2004,61.9,77.2,92.4,91,61.1
Southwest,5/5/2004,62,77.3,90.8,91.2,61.9
Southwest,5/6/2004,61.9,76.5,90.3,91,62.1
Southwest,5/7/2004,62.5,77.4,91.8,91.4,63
Southwest,5/8/2004,64.6,78.4,92,91.8,63.6
Southwest,5/9/2004,63.7,78.1,91.5,91.2,63.4
Southwest,5/10/2004,62,76.7,90,89.4,61.3
Southwest,5/11/2004,58.1,71.8,86.6,86.1,58
Southwest,5/12/2004,53.9,68.3,81.8,83.7,55.3
Southwest,5/13/2004,53.9,68.1,82.7,84.1,54.8
Southwest,5/14/2004,56.5,71.9,87.8,87.2,56.7
Southwest,5/15/2004,59.6,75.1,91.1,89.8,58.8
Southwest,5/16/2004,60.2,76,90.5,90.2,59.7
Southwest,5/17/2004,59.4,74.6,88.9,89.6,59.6
Southwest,5/18/2004,59.3,74.4,89.4,89.8,60.1
Southwest,5/19/2004,61.7,76.6,91.1,89.8,60.7
Southwest,5/20/2004,61.2,76,88.9,89,60.3
Southwest,5/21/2004,58.1,72.8,86.9,86.1,57.9
Southwest,5/22/2004,54.5,69.2,82.6,84.8,55.8
Southwest,5/23/2004,54.9,70,84.8,84.3,55.2
Southwest,5/24/2004,56.3,71.2,85.4,85.6,56.4
Southwest,5/25/2004,57.9,72.5,86.6,85.6,57.4
Southwest,5/26/2004,57.9,71.8,84.9,85.5,57.5
Southwest,5/27/2004,56.7,70.8,84.9,85.9,58
Southwest,5/28/2004,59.4,74.1,88,86.1,57.4
Southwest,5/29/2004,56.2,70.9,85.4,87.5,58
Southwest,5/30/2004,58.4,73.5,89.1,89.5,58.5
Southwest,5/31/2004,61,77,94.1,93.3,61.3
Southwest,6/1/2004,64.5,80.8,96.8,96.6,63.9
Southwest,6/2/2004,66.2,82.8,98.9,98.4,66.3
Southwest,6/3/2004,68.2,84.6,99.6,99.5,67.4
Southwest,6/4/2004,67.9,83.9,100,99.9,68.5
Southwest,6/5/2004,69.3,85.1,100.2,99.7,68.2
Southwest,6/6/2004,67.3,84,99,98.8,67.5
Southwest,6/7/2004,65.8,82.1,97.3,96.5,65.3
Southwest,6/8/2004,62.9,78.2,93.2,93.4,63.1
Southwest,6/9/2004,60.6,75,89.7,89.3,59.7
Southwest,6/10/2004,55.5,70.5,84.9,87.9,58.1
Southwest,6/11/2004,58.3,73.5,89.1,88.7,58.2
Southwest,6/12/2004,60.9,76.7,92,92.3,60.9
Southwest,6/13/2004,63.4,79.6,95.8,95.2,63.4
Southwest,6/14/2004,65.9,82.4,97.7,96.6,64.9
Southwest,6/15/2004,65.3,82,96.3,96.4,65.6
Southwest,6/16/2004,65.7,81.3,95.1,95.2,65.1
Southwest,6/17/2004,64.3,79.6,94.1,94.8,65.1
Southwest,6/18/2004,65.3,80.9,95.3,94.6,64.7
Southwest,6/19/2004,64.5,80.5,94.3,94.8,64.4
Southwest,6/20/2004,63.5,79.7,94.9,94.5,64.2
Southwest,6/21/2004,64.7,80.2,94.4,94.1,63.9
Southwest,6/22/2004,63.6,78.7,93,92.9,65.1
Southwest,6/23/2004,67.1,79.2,91.3,93,66.5
Southwest,6/24/2004,68.8,81.7,94.6,94.4,68.3
Southwest,6/25/2004,69.1,83.5,97.2,96.4,68.9
Southwest,6/26/2004,68.7,83.8,97.3,96.8,69
Southwest,6/27/2004,69.1,83,95.8,95.8,69.1
Southwest,6/28/2004,69.6,81.4,94.3,93.6,67.3
Southwest,6/29/2004,63.3,77.4,90.6,92.1,64.7
Southwest,6/30/2004,61.2,76.4,91.3,91.9,62.2
Southwest,7/1/2004,62,77.8,93.7,93.8,62.6
Southwest,7/2/2004,64.5,80.7,96.3,95.2,63.9
Southwest,7/3/2004,65.2,81.5,95.5,95.6,65
Southwest,7/4/2004,65.3,80.7,94.9,95.9,65.5
Southwest,7/5/2004,65.9,82,97.3,97.1,66.3
Southwest,7/6/2004,67.8,83.7,99,98.3,67.7
Southwest,7/7/2004,69.3,84.6,98.6,98.3,68.9
Southwest,7/8/2004,69.6,83.9,97.2,97,70.6
Southwest,7/9/2004,72.8,84.7,95.3,97.1,71.7
Southwest,7/10/2004,72.7,85.4,98.7,98,72.9
Southwest,7/11/2004,73.3,86.9,100.1,99.8,73.8
Southwest,7/12/2004,75.3,88.7,100.6,100,74.8
Southwest,7/13/2004,75.8,88,99.2,98.4,75.2
Southwest,7/14/2004,74.5,85.2,95.3,96.6,74
Southwest,7/15/2004,71.7,83.1,95.3,95.8,73.2
Southwest,7/16/2004,73.3,85.6,96.9,96.6,73.6
Southwest,7/17/2004,75.9,87.2,97.7,98.3,74.7
Southwest,7/18/2004,74.8,87.6,100.3,99.7,75.5
Southwest,7/19/2004,75.9,88.9,101.2,101.1,75.3
Southwest,7/20/2004,75.1,88.6,101.8,101.5,75.3
Southwest,7/21/2004,75,88.5,101.5,101.3,74.9
Southwest,7/22/2004,74.6,87.4,100.5,100.1,74.1
Southwest,7/23/2004,72.7,84.7,98.2,97.9,73
Southwest,7/24/2004,71.7,83.1,95,95.8,72.2
Southwest,7/25/2004,72.3,83,94.3,94.2,71.8
Southwest,7/26/2004,71.4,82.6,93.4,94,71.8
Southwest,7/27/2004,71.7,82.6,94.2,94.1,71.1
Southwest,7/28/2004,70.2,81.7,94.7,95,70
Southwest,7/29/2004,68.1,81.7,96,96.3,69.4
Southwest,7/30/2004,69.8,83.8,98.3,97.8,69.9
Southwest,7/31/2004,71.9,85.6,99.1,98.6,71.6
Southwest,8/1/2004,73.1,86,98.4,97.8,72.8
Southwest,8/2/2004,73.5,84.3,96,97.3,72.4
Southwest,8/3/2004,70.7,83.5,97.5,97,72.3
Southwest,8/4/2004,72.7,85.4,97.5,97.1,72.5
Southwest,8/5/2004,74,85.2,96.3,96.7,72.9
Southwest,8/6/2004,72,84.1,96.4,97.2,72.7
Southwest,8/7/2004,72,85.1,98.9,99,72.5
Southwest,8/8/2004,73.6,87.4,101.7,100.9,73.3
Southwest,8/9/2004,74.4,88.3,102.1,101.9,74.2
Southwest,8/10/2004,74.5,88.4,101.9,102,74.1
Southwest,8/11/2004,73.3,88.1,102,101.7,74
Southwest,8/12/2004,74.1,87.2,101.1,99.9,74
Southwest,8/13/2004,74.7,83.6,96.5,95.7,72.9
Southwest,8/14/2004,70,80.1,89.6,92.1,71.5
Southwest,8/15/2004,69.7,79.7,90.2,90.5,69.5
Southwest,8/16/2004,68.8,80.1,91.6,91.4,68.7
Southwest,8/17/2004,67.7,79.8,92.4,92.6,68.1
Southwest,8/18/2004,67.7,80.7,93.9,93,67.5
Southwest,8/19/2004,67.1,80.3,92.8,93.2,66.9
Southwest,8/20/2004,65.9,79.4,92.8,93.1,66.3
Southwest,8/21/2004,66,80.2,93.6,93.2,66.6
Southwest,8/22/2004,67.9,80.9,93.2,92.5,66.6
Southwest,8/23/2004,65.9,78.9,90.8,91.3,67.3
Southwest,8/24/2004,68.1,78.4,90,91,66.1
Southwest,8/25/2004,64.3,78,92.2,92.4,65.8
Southwest,8/26/2004,65.1,79.8,94.9,94.3,65.2
Southwest,8/27/2004,66.3,81.3,95.9,95.4,66.2
Southwest,8/28/2004,67.1,81.6,95.5,95.9,67
Southwest,8/29/2004,67.7,82.1,96.4,96.5,68
Southwest,8/30/2004,69.1,83.4,97.7,97.5,69
Southwest,8/31/2004,70.2,84.3,98.4,97.8,69.6
Southwest,9/1/2004,69.5,83.6,97.4,97.7,69.6
Southwest,9/2/2004,69.1,83.7,97.4,96.7,69
Southwest,9/3/2004,68.4,81.2,95.3,94.3,67.8
Southwest,9/4/2004,65.8,76.6,90.1,91.1,65.6
Southwest,9/5/2004,62.7,74.4,87.9,90,64
Southwest,9/6/2004,63.5,77.3,92,91.2,64.8
Southwest,9/7/2004,68.2,80.7,93.7,92.9,67.6
Southwest,9/8/2004,71,81.8,93.1,94.2,69.2
Southwest,9/9/2004,68.3,81.8,95.9,95,69.4
Southwest,9/10/2004,69,82.6,96,96.2,69.4
Southwest,9/11/2004,70.8,83.5,96.8,96.8,70.6
Southwest,9/12/2004,72,84.2,97.5,96.7,70.9
Southwest,9/13/2004,69.9,83.1,95.7,95.5,69.4
Southwest,9/14/2004,66.3,80.1,93.2,93.7,66.8
Southwest,9/15/2004,64.1,78.1,92.1,93.2,65.4
Southwest,9/16/2004,65.8,79.2,94.2,93.4,65.7
Southwest,9/17/2004,67.3,80.4,93.8,93.1,67.7
Southwest,9/18/2004,70.1,78.2,91.4,88.5,67.9
Southwest,9/19/2004,66.4,72.5,80.4,83.3,65.4
Southwest,9/20/2004,59.8,68.9,78.2,79.2,61
Southwest,9/21/2004,56.7,67.6,79.1,79.2,57.1
Southwest,9/22/2004,54.9,67.1,80.3,81.6,56.3
Southwest,9/23/2004,57.4,70.1,85.5,84.9,57.9
Southwest,9/24/2004,61.4,74.1,89,87.1,60.4
Southwest,9/25/2004,62.5,74.4,86.7,86.7,61.8
Southwest,9/26/2004,61.4,72.6,84.3,86,62
Southwest,9/27/2004,62.1,73.9,86.9,86,62.4
Southwest,9/28/2004,63.8,75.2,86.7,85.7,62.6
Southwest,9/29/2004,61.8,71.9,83.5,83.1,60.5
Southwest,9/30/2004,55.9,67.5,79,81,58
Southwest,10/1/2004,56.4,67.9,80.6,81.4,56.7
Southwest,10/2/2004,57.8,70.1,84.7,83.6,58.2
Southwest,10/3/2004,60.4,72.2,85.4,85.6,59.8
Southwest,10/4/2004,61.2,73.3,86.6,85.6,60.8
Southwest,10/5/2004,60.7,72.2,84.8,85.5,60.6
Southwest,10/6/2004,60,71.7,85.2,85.4,60.3
Southwest,10/7/2004,60.1,72.5,86.2,86.5,60.4
Southwest,10/8/2004,61.2,73.9,88.1,87.2,60.9
Southwest,10/9/2004,61.3,73.9,87.2,86.6,60.5
Southwest,10/10/2004,59.1,71.3,84.4,83.6,58.9
Southwest,10/11/2004,56.2,67,79.3,81.8,57
Southwest,10/12/2004,55.6,67.5,81.6,81,56.5
Southwest,10/13/2004,57.8,69.1,82,81.2,56.2
Southwest,10/14/2004,55.2,67.2,80,82.1,56.4
Southwest,10/15/2004,56.2,68.5,84.4,82.2,56.2
Southwest,10/16/2004,57.2,69.2,82.1,81.6,56.6
Southwest,10/17/2004,56.4,66.2,78.4,77.3,54.9
Southwest,10/18/2004,51.1,61.2,71.4,74.3,53.1
Southwest,10/19/2004,51.9,61.8,73.2,73,51.9
Southwest,10/20/2004,52.8,62.8,74.3,72.7,53.4
Southwest,10/21/2004,55.5,60.9,70.6,69.6,52.2
Southwest,10/22/2004,48.4,54.9,64,68,49.9
Southwest,10/23/2004,45.7,56,69.4,68.3,48.2
Southwest,10/24/2004,50.4,59.6,71.4,71,49.8
Southwest,10/25/2004,53.4,62,72.3,72.3,52.6
Southwest,10/26/2004,53.9,62.4,73.1,71.7,53.9
Southwest,10/27/2004,54.5,60.4,69.8,68.7,54.1
Southwest,10/28/2004,54,57.4,63.3,65,51.4
Southwest,10/29/2004,45.7,53,61.9,63.5,48
Southwest,10/30/2004,44.4,53.2,65.4,64,45.3
Southwest,10/31/2004,45.7,54.5,64.8,63.8,43.4
Southwest,11/1/2004,40,49.7,61.3,62.2,41.3
Southwest,11/2/2004,38.3,47.6,60.4,62.1,39.5
Southwest,11/3/2004,40.3,50.5,64.5,65.5,40.9
Southwest,11/4/2004,44,54.8,71.5,70.2,43.9
Southwest,11/5/2004,47.3,58.6,74.6,73.4,48.1
Southwest,11/6/2004,53,61.7,74.2,73.2,52.1
Southwest,11/7/2004,55.9,62.7,70.7,70.4,53.9
Southwest,11/8/2004,52.7,59.4,66.3,66.9,52
Southwest,11/9/2004,47.3,55.2,63.8,65.2,48.5
Southwest,11/10/2004,45.4,54.1,65.4,64.9,45.8
Southwest,11/11/2004,44.7,54.5,65.4,64.7,45.9
Southwest,11/12/2004,47.5,54.4,63.3,62.7,44.9
Southwest,11/13/2004,42.4,50.9,59.4,60.5,44.4
Southwest,11/14/2004,43.3,50.4,58.9,59.4,43.3
Southwest,11/15/2004,44.1,50.5,59.9,60.4,44.2
Southwest,11/16/2004,45.1,52.2,62.3,62.5,45
Southwest,11/17/2004,45.9,54.1,65.3,64.9,46.2
Southwest,11/18/2004,47.5,56,67.1,66.2,46.7
Southwest,11/19/2004,46.7,55.6,66.2,65.6,46.3
Southwest,11/20/2004,44.6,53.8,63.5,62.9,45.6
Southwest,11/21/2004,45.5,51.5,58.9,58.7,45.7
Southwest,11/22/2004,46.9,49.5,53.8,54.9,43.5
Southwest,11/23/2004,38,44.4,52.1,53.5,40.9
Southwest,11/24/2004,37.7,44.9,54.5,55.1,38.1
Southwest,11/25/2004,38.6,46.6,58.6,57.1,38.9
Southwest,11/26/2004,40.3,48.7,58.3,59.1,39.4
Southwest,11/27/2004,39.2,48.2,60.4,58.1,40.8
Southwest,11/28/2004,43,48.9,55.5,55.1,37.8
Southwest,11/29/2004,31.2,39.2,49.5,50.7,34.3
Southwest,11/30/2004,28.6,36.3,47.1,49.7,30.1
Southwest,12/1/2004,30.4,38.6,52.6,51.7,30.4
Southwest,12/2/2004,32.2,41.5,55.5,55.8,32.3
Southwest,12/3/2004,34.3,44.2,59.4,56.2,35.1
Southwest,12/4/2004,38.9,45.8,53.6,54.8,36.6
Southwest,12/5/2004,36.6,43.5,51.4,51.4,38.5
Southwest,12/6/2004,39.9,43.8,49.2,51,37.9
Southwest,12/7/2004,37.1,43.2,52.4,52.1,38.4
Southwest,12/8/2004,38.3,45.3,54.8,55.3,38.4
Southwest,12/9/2004,39.7,47.3,58.6,59.9,40.3
Southwest,12/10/2004,42.8,51.3,66.2,64.4,42.7
Southwest,12/11/2004,45.7,54.6,68.5,67.6,45.2
Southwest,12/12/2004,47.1,56,68.1,67.6,46.4
Southwest,12/13/2004,46.5,55.5,66.2,65.1,45.6
Southwest,12/14/2004,43.2,51.7,61.1,62.5,43.3
Southwest,12/15/2004,40.2,48.7,60.2,60.3,41.4
Southwest,12/16/2004,40.8,48.9,59.5,59.2,40
Southwest,12/17/2004,38.9,47.6,58,59.5,39.5
Southwest,12/18/2004,38.8,47.5,61.1,61.4,39.5
Southwest,12/19/2004,40.7,50.1,65,62.9,40.3
Southwest,12/20/2004,41.3,50.7,62.5,62.3,41
Southwest,12/21/2004,41,49.5,59.3,58.7,39.4
Southwest,12/22/2004,35.8,44.2,54.2,53.9,35.9
Southwest,12/23/2004,30.9,39.2,48.3,49.4,31.4
Southwest,12/24/2004,27.4,35.7,45.6,49.1,29.7
Southwest,12/25/2004,30.9,38.7,53.5,52.8,31.7
Southwest,12/26/2004,36.9,45.2,59.2,56.9,36.8
Southwest,12/27/2004,42.5,48.4,58,59,40.1
Southwest,12/28/2004,40.9,48.9,59.8,58.6,44.4
Southwest,12/29/2004,49.7,52.6,58.1,58.3,45
Southwest,12/30/2004,44.4,50.3,56.9,57.7,45.2
Southwest,12/31/2004,41.5,48.4,58.1,57.6,42.2
Southwest,1/1/2005,40.6,48.2,57.7,57.6,41.5
Southwest,1/2/2005,42.5,48.8,56.9,56.6,42.8
Southwest,1/3/2005,45.4,49.6,55.2,54.8,44.8
Southwest,1/4/2005,46.6,49.1,52.2,51.7,42.5
Southwest,1/5/2005,35.5,41.3,47.6,49.5,38.2
Southwest,1/6/2005,32.5,39.4,48.8,48.9,33.7
Southwest,1/7/2005,33,40.2,50.2,52.5,35.2
Southwest,1/8/2005,40.2,46.6,58.4,57.3,39.6
Southwest,1/9/2005,45.7,52.1,63.3,62.1,44.9
Southwest,1/10/2005,48.7,55.4,64.7,63.3,47.1
Southwest,1/11/2005,47,53.8,61.8,61.2,43.8
Southwest,1/12/2005,35.6,44.3,57.1,57.3,38.8
Southwest,1/13/2005,33.8,41.3,52.9,56.3,35.9
Southwest,1/14/2005,38.4,45.8,58.9,57.7,36.9
Southwest,1/15/2005,38.4,47.6,61.4,61.8,39.4
Southwest,1/16/2005,41.5,50.7,65.2,64,40.9
Southwest,1/17/2005,42.7,52.2,65.5,66,42.8
Southwest,1/18/2005,44.1,53.6,67.4,67.6,44.2
Southwest,1/19/2005,45.7,55.5,70,68.7,45.7
Southwest,1/20/2005,47.3,56.5,68.8,68,47.8
Southwest,1/21/2005,50.5,57,65.3,65.9,47.8
Southwest,1/22/2005,45.5,53.6,63.7,64.7,47.3
Southwest,1/23/2005,45.8,53.9,65,64.2,46.2
Southwest,1/24/2005,47.3,54.4,63.9,64.8,46.1
Southwest,1/25/2005,45.3,54.2,65.5,64,47.7
Southwest,1/26/2005,50.4,54.3,62.7,62,47.6
Southwest,1/27/2005,47.2,51.3,57.9,59.6,46.1
Southwest,1/28/2005,40.7,49,58.2,57.6,43
Southwest,1/29/2005,41.1,47.9,56.8,56.1,39.6
Southwest,1/30/2005,36.9,44.2,53.3,55.7,38.6
Southwest,1/31/2005,37.8,45.7,56.9,55.3,37.3
Southwest,2/1/2005,37.2,45.9,55.8,56.2,37.4
Southwest,2/2/2005,37.1,45.7,55.9,56.7,37.2
Southwest,2/3/2005,37.4,45.9,58.3,58.5,38
Southwest,2/4/2005,39.5,48.4,61.3,59.4,39.1
Southwest,2/5/2005,40.4,48.9,58.7,59.6,40.4
Southwest,2/6/2005,41.4,49.4,58.8,58.1,40.7
Southwest,2/7/2005,40.3,47.8,56.7,58.1,40.3
Southwest,2/8/2005,39.1,47.5,58.8,59.5,39.5
Southwest,2/9/2005,39.1,49.3,63.1,62.2,41.2
Southwest,2/10/2005,45.3,53,64.7,63.2,44.6
Southwest,2/11/2005,49.4,53,61.7,60.8,48
Southwest,2/12/2005,49.4,52.2,55.9,59.3,47.5
Southwest,2/13/2005,43.8,50.6,60.2,60,45.8
Southwest,2/14/2005,44.2,52.8,63.8,63.2,45
Southwest,2/15/2005,47.1,55.4,65.7,65,46.3
Southwest,2/16/2005,47.6,56.3,65.5,66.3,47.6
Southwest,2/17/2005,48,56.9,67.6,66.2,48.4
Southwest,2/18/2005,49.5,56.6,65.5,64.6,48.8
Southwest,2/19/2005,48.8,53.1,60.7,61.8,48.5
Southwest,2/20/2005,47.3,51.7,59.3,61.2,46.8
Southwest,2/21/2005,44.3,52.6,63.5,61.4,46.5
Southwest,2/22/2005,48,53.7,61.5,61.6,45.6
Southwest,2/23/2005,44.4,50.9,59.8,59.1,44.8
Southwest,2/24/2005,42,48.9,56.1,57.8,42
Southwest,2/25/2005,39.7,48,57.6,57.8,40.9
Southwest,2/26/2005,41.1,49.7,59.6,59.3,40.7
Southwest,2/27/2005,41.3,50.2,60.6,60.9,41.3
Southwest,2/28/2005,41.6,51.3,62.4,62.2,42
Southwest,3/1/2005,43,52.5,63.5,63.6,43
Southwest,3/2/2005,44.5,53.8,65,64.1,43.6
Southwest,3/3/2005,43.3,53.5,63.8,64.6,43.8
Southwest,3/4/2005,43.7,53.8,65,64.2,44.2
Southwest,3/5/2005,45.6,53.9,63.8,62.6,44.4
Southwest,3/6/2005,44,51,59.1,62.8,44.3
Southwest,3/7/2005,43.3,52.6,65.6,64.9,44.6
Southwest,3/8/2005,46.4,56.6,70,70.4,46
Southwest,3/9/2005,48.4,59.9,75.6,74.3,48.7
Southwest,3/10/2005,51.2,63.4,77.4,77.3,50.8
Southwest,3/11/2005,52.9,64.9,78.9,78.1,52.5
Southwest,3/12/2005,53.3,64.9,77.9,77.5,52.2
Southwest,3/13/2005,50.4,62.1,75.8,75.1,49.9
Southwest,3/14/2005,45.9,57.3,71.6,70.6,45.3
Southwest,3/15/2005,39.5,50,64.3,65.8,40.7
Southwest,3/16/2005,36.7,47.6,61.4,63.9,39.4
Southwest,3/17/2005,41.9,52.6,66,64.6,41.5
Southwest,3/18/2005,45.8,55.4,66.3,65.4,44.7
Southwest,3/19/2005,46.4,54.7,64,65,46
Southwest,3/20/2005,45.7,54.5,64.7,64.4,44.7
Southwest,3/21/2005,42.1,53.2,64.5,65.8,44
Southwest,3/22/2005,44.1,55,68.2,66.7,44.5
Southwest,3/23/2005,47.4,57,67.5,66.3,44
Southwest,3/24/2005,40.5,51.2,63.1,64.3,44
Southwest,3/25/2005,44,52.3,62.4,62.2,41.4
Southwest,3/26/2005,39.7,50.8,61.2,64.2,41.6
Southwest,3/27/2005,41.1,53.1,69.1,67,43.2
Southwest,3/28/2005,48.9,59.8,70.6,69.6,44
Southwest,3/29/2005,41.9,54.3,69,68.4,44.1
Southwest,3/30/2005,41.4,53.1,65.7,66.3,41.1
Southwest,3/31/2005,40.1,51.7,64.2,66.8,40.9
Southwest,4/1/2005,41.1,53.7,70.4,70.7,42.3
Southwest,4/2/2005,45.7,60.1,77.5,75.6,46.7
Southwest,4/3/2005,53.4,65.6,78.9,77.7,49.2
Southwest,4/4/2005,48.4,61.6,76.8,75.8,48.5
Southwest,4/5/2005,43.6,57.1,71.8,76.4,46.6
Southwest,4/6/2005,47.7,62.2,80.6,78.9,48.2
Southwest,4/7/2005,53.3,68.1,84.3,82.6,50.6
Southwest,4/8/2005,50.9,64.8,82.8,79.4,49.2
Southwest,4/9/2005,43.5,56.2,71,73.5,45
Southwest,4/10/2005,40.7,53.4,66.8,69.9,42.7
Southwest,4/11/2005,43.9,57.1,71.9,72.4,44.3
Southwest,4/12/2005,48.3,62.1,78.5,77.7,48.2
Southwest,4/13/2005,52.4,67.4,82.8,81.2,51.4
Southwest,4/14/2005,53.5,68.1,82.4,82.7,53.1
Southwest,4/15/2005,53.5,68.3,83,83.7,54.1
Southwest,4/16/2005,55.2,70.2,85.6,84.1,54.6
Southwest,4/17/2005,55.2,69.9,83.6,83.8,54.4
Southwest,4/18/2005,52.9,68,82.3,81.4,52.3
Southwest,4/19/2005,48.7,62.9,78.3,78,49.2
Southwest,4/20/2005,46.1,60.1,73.5,76.8,47.6
Southwest,4/21/2005,48,62.3,78.6,77.9,49
Southwest,4/22/2005,52.9,67.3,81.7,80.6,52.3
Southwest,4/23/2005,56.1,69.2,81.5,80.7,53.5
Southwest,4/24/2005,51.4,62.4,79,77.3,51.3
Southwest,4/25/2005,46.5,58.7,71.3,75.4,49
Southwest,4/26/2005,49.1,61.9,75.9,74.7,48.9
Southwest,4/27/2005,51.2,64.8,76.8,75.8,49.9
Southwest,4/28/2005,49.3,61.7,74.8,74,48.7
Southwest,4/29/2005,45.7,58.3,70.4,73.8,48
Southwest,4/30/2005,48.9,61.4,76.1,75.4,49.5
Southwest,5/1/2005,54,66.5,79.6,78.1,52.1
Southwest,5/2/2005,53.5,66.5,78.5,79.4,53.4
Southwest,5/3/2005,52.7,66,80,80.5,53.8
Southwest,5/4/2005,55.2,68.7,82.9,82.2,55
Southwest,5/5/2005,57.2,71.1,83.6,82.3,55.2
Southwest,5/6/2005,53.1,65.4,80.5,79.3,53.4
Southwest,5/7/2005,49.8,62,73.7,77.2,51.3
Southwest,5/8/2005,51.1,64,77.3,77.4,51.3
Southwest,5/9/2005,52.9,66.7,81.1,79.6,52.6
Southwest,5/10/2005,53.7,67.1,80.4,79.5,52.1
Southwest,5/11/2005,49.6,63.6,76.9,79.5,52
Southwest,5/12/2005,52.6,66.4,81.1,81.2,53
Southwest,5/13/2005,56.7,70.8,85.5,84.9,56.5
Southwest,5/14/2005,60.1,74.2,88,87.7,59.6
Southwest,5/15/2005,62.1,76.1,89.5,88.9,61.3
Southwest,5/16/2005,61.6,75.9,89.3,88.4,60.2
Southwest,5/17/2005,56.8,70.8,86.4,87.1,58.8
Southwest,5/18/2005,58.1,71.2,85.6,88.1,59
Southwest,5/19/2005,62.1,76.3,92.4,91.6,61.9
Southwest,5/20/2005,65.5,80.8,96.9,96.4,65.5
Southwest,5/21/2005,68.9,84.3,99.8,99.5,68.3
Southwest,5/22/2005,70.6,86.3,101.7,100.7,70.2
Southwest,5/23/2005,71,86.3,100.7,100.2,69.8
Southwest,5/24/2005,67.9,83.3,98.2,98.2,68.6
Southwest,5/25/2005,66.9,81.9,95.7,96.3,67.1
Southwest,5/26/2005,66.6,81.5,95,94.4,67.2
Southwest,5/27/2005,68.2,79.9,92.5,91.6,66.5
Southwest,5/28/2005,64.7,75.6,87.4,89,65.6
Southwest,5/29/2005,63.8,74.8,87.1,87.2,63.2
Southwest,5/30/2005,61,74.6,87.1,87.9,61.8
Southwest,5/31/2005,60.6,75.2,89.5,89.6,61.6
Southwest,6/1/2005,63.3,78,92.2,91,62.4
Southwest,6/2/2005,63.3,77.4,91.4,90.2,61.8
Southwest,6/3/2005,58.7,72.6,87.1,88.3,60.2
Southwest,6/4/2005,58.5,72.7,86.3,87,59.3
Southwest,6/5/2005,60.7,74.8,87.6,86.9,59.4
Southwest,6/6/2005,59,73.7,86.8,86.9,59.3
Southwest,6/7/2005,58.1,73.1,86.3,87.2,58.9
Southwest,6/8/2005,59.6,74.3,88.5,87.5,59.2
Southwest,6/9/2005,59.9,74.9,87.7,88,60
Southwest,6/10/2005,60.5,74.6,87.8,87.8,61
Southwest,6/11/2005,62.6,76.3,88,87.8,61.1
Southwest,6/12/2005,60.3,74.2,87.7,89.6,61.9
Southwest,6/13/2005,62.9,77.4,93.1,92.9,63.7
Southwest,6/14/2005,68,82.7,97.9,96,66.2
Southwest,6/15/2005,67.7,83.1,97,96.9,67.5
Southwest,6/16/2005,66.7,82.3,95.7,95.6,66
Southwest,6/17/2005,63.5,79.3,94.2,94.6,64.7
Southwest,6/18/2005,63.8,79.4,94,95.8,64.4
Southwest,6/19/2005,65.8,82.5,99.1,98.7,67.4
Southwest,6/20/2005,72.6,87.6,103,101.3,71.3
Southwest,6/21/2005,75.6,89.2,101.7,101.2,75.6
Southwest,6/22/2005,78.7,88.5,98.9,99.2,76.1
Southwest,6/23/2005,74,86.6,97.1,98.1,75.1
Southwest,6/24/2005,72.7,85.5,98.2,97.6,72.9
Southwest,6/25/2005,72.1,85.6,97.6,97.3,71.6
Southwest,6/26/2005,69.9,83.6,96.1,97.7,70.3
Southwest,6/27/2005,68.9,83.9,99.3,98,70.6
Southwest,6/28/2005,73.1,86.2,98.5,99.4,70.4
Southwest,6/29/2005,69.3,85,100.5,100.5,71.2
Southwest,6/30/2005,71.1,87.1,102.5,101.6,71.1
Southwest,7/1/2005,72.8,88,101.9,101.7,71.7
Southwest,7/2/2005,71.3,86.8,100.8,101.2,71.8
Southwest,7/3/2005,71.3,86.6,100.8,101.3,71.1
Southwest,7/4/2005,70.6,86.7,102.3,102,71.4
Southwest,7/5/2005,72.2,88.2,102.8,102.4,72.1
Southwest,7/6/2005,73.5,88.6,102,101.9,72.8
Southwest,7/7/2005,72.7,87.4,100.8,100.9,72.6
Southwest,7/8/2005,71.6,86.3,99.8,99.9,71.6
Southwest,7/9/2005,70.5,85.5,99.2,99.5,70.6
Southwest,7/10/2005,69.6,85,99.5,100.5,70.3
Southwest,7/11/2005,70.9,87,102.9,102.7,71.3
Southwest,7/12/2005,73.4,89.4,105.7,104.7,73.7
Southwest,7/13/2005,76.8,91.5,105.4,105.1,75.2
Southwest,7/14/2005,75.3,90,104.2,104.6,75.7
Southwest,7/15/2005,75,90.1,104.3,104.6,75.5
Southwest,7/16/2005,76.1,90.6,105.2,105.7,76.1
Southwest,7/17/2005,77.1,92.4,107.5,106.4,76.9
Southwest,7/18/2005,77.6,92.1,106.5,105.8,77.5
Southwest,7/19/2005,77.8,90.8,103.4,103.9,77.4
Southwest,7/20/2005,76.7,89.6,101.8,102.7,77.6
Southwest,7/21/2005,78.2,90.5,103,101.9,77.4
Southwest,7/22/2005,77.4,89.5,100.8,100.2,77.1
Southwest,7/23/2005,75.7,86.2,96.7,97.5,75.8
Southwest,7/24/2005,74.2,84.6,95.1,96.3,74.6
Southwest,7/25/2005,73.8,85.3,97.1,96.8,74.2
Southwest,7/26/2005,74.6,86.7,98.2,97.6,74.5
Southwest,7/27/2005,75,86.6,97.5,97.4,74.6
Southwest,7/28/2005,74.3,85.7,96.6,96.9,74.7
Southwest,7/29/2005,74.7,85.8,96.5,96.1,74.5
Southwest,7/30/2005,74.4,84.5,95.2,95,74.5
Southwest,7/31/2005,74.4,83.4,93.2,93.5,74.5
Southwest,8/1/2005,74.6,83.5,92,93.3,74.3
Southwest,8/2/2005,74,83.9,94.8,93.3,73.8
Southwest,8/3/2005,72.7,82.7,93.1,93.5,73.3
Southwest,8/4/2005,73.2,83.2,92.7,93.9,73.6
Southwest,8/5/2005,74.8,84.8,95.8,94.9,74.4
Southwest,8/6/2005,75.1,86.1,96.3,95.8,74.8
Southwest,8/7/2005,74.4,85.5,95.4,95.2,74.8
Southwest,8/8/2005,74.9,83.7,93.8,93.6,74.4
Southwest,8/9/2005,73.8,82.7,91.6,91.4,73.7
Southwest,8/10/2005,72.5,80.6,88.9,90.4,73.1
Southwest,8/11/2005,72.9,81.6,90.6,90.3,72.8
Southwest,8/12/2005,72.9,82.3,91.5,90.7,72
Southwest,8/13/2005,70.1,80.5,90.1,90.2,70.9
Southwest,8/14/2005,69.8,79.4,88.9,89.8,69.8
Southwest,8/15/2005,69.6,79.2,90.3,91,69.3
Southwest,8/16/2005,68.4,80.4,93.7,92.5,69.1
Southwest,8/17/2005,69.3,81.4,93.6,93.7,69.5
Southwest,8/18/2005,70.9,82.4,93.8,93.3,70.8
Southwest,8/19/2005,72.2,82.5,92.5,93.8,71.5
Southwest,8/20/2005,71.5,82.8,95,95.1,72.2
Southwest,8/21/2005,72.9,85.4,97.9,96.9,73
Southwest,8/22/2005,74.6,86.5,97.7,97.3,73.8
Southwest,8/23/2005,73.9,83,96.2,95.2,73.1
Southwest,8/24/2005,70.7,80.4,91.7,94.8,72.5
Southwest,8/25/2005,73,83.7,96.6,96.3,73
Southwest,8/26/2005,75.2,87.3,100.5,99.4,74.3
Southwest,8/27/2005,74.8,88.3,101.1,100.7,74.4
Southwest,8/28/2005,73.1,87.1,100.5,100.8,73.7
Southwest,8/29/2005,73.2,87.1,100.8,100.5,73.1
Southwest,8/30/2005,72.9,86.7,100.3,99.9,72.4
Southwest,8/31/2005,71,85.2,98.7,98.9,71.6
Southwest,9/1/2005,70.8,84.4,97.6,97.4,70.8
Southwest,9/2/2005,70.5,83.6,96,96,71.2
Southwest,9/3/2005,72.4,83.5,94.5,94.5,71.4
Southwest,9/4/2005,71.3,82.2,92.9,93.8,71.3
Southwest,9/5/2005,70.2,82,94,94.1,70.5
Southwest,9/6/2005,70,82.5,95.5,94.9,70.5
Southwest,9/7/2005,71.2,83,95.3,94.7,71.4
Southwest,9/8/2005,73,83.3,93.2,93.6,71.7
Southwest,9/9/2005,70.8,81.8,92.3,91.4,69
Southwest,9/10/2005,63.1,75.9,88.7,89.7,65.3
Southwest,9/11/2005,62.1,75,88.2,88.1,62.3
Southwest,9/12/2005,61.8,74.5,87.4,87.5,61.3
Southwest,9/13/2005,60,73.7,87,86.6,60.3
Southwest,9/14/2005,59,72.6,85.4,86.9,59.8
Southwest,9/15/2005,60.3,73.7,88.2,87.8,60
Southwest,9/16/2005,60.7,75,89.9,89.7,61
Southwest,9/17/2005,62.1,76,91,91.1,61.5
Southwest,9/18/2005,61.8,76.5,92.3,93,63.7
Southwest,9/19/2005,67.1,80.1,95.6,95.1,67.1
Southwest,9/20/2005,72.4,84.2,97.5,96,70
Southwest,9/21/2005,70.5,82.7,95,95.3,71
Southwest,9/22/2005,70,81.6,93.4,94.1,69.3
Southwest,9/23/2005,67.5,80.1,93.8,93.1,67.9
Southwest,9/24/2005,66.2,78.8,92.1,92.7,66.1
Southwest,9/25/2005,64.6,78,92.2,93.5,66.4
Southwest,9/26/2005,68.4,81,96.2,94.4,68.8
Southwest,9/27/2005,73.4,83,94.9,94.2,70.2
Southwest,9/28/2005,68.8,80.2,91.4,91.6,68
Southwest,9/29/2005,61.7,74.4,88.6,90.2,64.5
Southwest,9/30/2005,63,75.5,90.5,89.2,62.8
Southwest,10/1/2005,63.7,76.2,88.4,89.3,64.4
Southwest,10/2/2005,66.5,77.4,89,88.6,65.3
Southwest,10/3/2005,65.7,76.9,88.5,87.9,65.9
Southwest,10/4/2005,65.6,75.2,86.3,87.4,64.6
Southwest,10/5/2005,62.6,74.2,87.5,86.4,62.9
Southwest,10/6/2005,60.6,72,85.3,86.7,61.5
Southwest,10/7/2005,61.2,72.3,87.2,85.9,61.5
Southwest,10/8/2005,62.7,73.6,85.1,84.6,59.5
Southwest,10/9/2005,54.6,66.8,81.4,80.2,56.5
Southwest,10/10/2005,52.1,63,74,77.3,52.6
Southwest,10/11/2005,51.2,62.8,76.6,76.7,52.1
Southwest,10/12/2005,53,65,79.6,79.4,53.7
Southwest,10/13/2005,56.9,68.1,82,81.3,56
Southwest,10/14/2005,58.2,69.4,82.4,81.2,57.9
Southwest,10/15/2005,58.6,68.8,79.3,80.5,58.8
Southwest,10/16/2005,59.6,68.4,79.7,78.6,59.8
Southwest,10/17/2005,61.1,67.8,76.8,76.6,59.8
Southwest,10/18/2005,58.6,65.2,73.3,73.9,57.3
Southwest,10/19/2005,52.3,61,71.5,73.7,54.5
Southwest,10/20/2005,52.6,62.5,76.2,76.5,54
Southwest,10/21/2005,57.1,67.1,81.9,79.7,55.5
Southwest,10/22/2005,56.7,68.1,81.1,80.2,56.6
Southwest,10/23/2005,56.1,66.7,77.7,79.3,55.5
Southwest,10/24/2005,53.7,65.2,79,78.2,54.8
Southwest,10/25/2005,54.7,65.5,77.9,77.1,53.7
Southwest,10/26/2005,52.6,63,74.5,75.9,53.1
Southwest,10/27/2005,52.1,63,75.3,75,52.6
Southwest,10/28/2005,53.2,63.4,75.1,74.9,52.5
Southwest,10/29/2005,52.3,62.6,74.4,74.9,52.5
Southwest,10/30/2005,51.9,62.8,75.1,75.1,51.8
Southwest,10/31/2005,51.2,62.4,75.9,76.6,51.4
Southwest,11/1/2005,51,62.9,78.9,78.3,52.2
Southwest,11/2/2005,54.4,65.7,80.1,78.6,54.2
Southwest,11/3/2005,57.1,65.9,76.9,77,54.3
Southwest,11/4/2005,51.4,62.4,74.1,74.6,52.5
Southwest,11/5/2005,48.9,59.9,72.7,74.4,50
Southwest,11/6/2005,49.6,60.9,76.3,75.7,50.4
Southwest,11/7/2005,52.7,64.2,78.1,78,51.9
Southwest,11/8/2005,53.3,64.8,79.7,79.3,54.2
Southwest,11/9/2005,56.6,66.7,80,78.8,55.5
Southwest,11/10/2005,56.7,65.9,76.6,76,55.1
Southwest,11/11/2005,52,60.9,71.3,72.2,51.4
Southwest,11/12/2005,45.6,56,68.8,70.9,48.1
Southwest,11/13/2005,46.8,57.8,72.7,71.8,47.2
Southwest,11/14/2005,49.2,59.8,73.9,71.9,48.5
Southwest,11/15/2005,49.6,59.4,69.1,70.7,47.4
Southwest,11/16/2005,43.3,54.3,69,69.6,45.8
Southwest,11/17/2005,44.5,55.6,70.7,69.8,44.5
Southwest,11/18/2005,45.8,56.5,69.7,69.6,44.5
Southwest,11/19/2005,43.3,54.1,68.5,68.9,44.3
Southwest,11/20/2005,43.9,54.9,68.5,69.6,43.8
Southwest,11/21/2005,44.1,55.4,71.8,71,44.5
Southwest,11/22/2005,45.6,57.1,72.7,72.5,46.2
Southwest,11/23/2005,48.9,58.9,73.1,71.9,48.1
Southwest,11/24/2005,49.7,59.4,69.9,70.8,48.5
Southwest,11/25/2005,47,57.2,69.5,68.6,47.3
Southwest,11/26/2005,45.2,55.4,66.5,65.7,42.6
Southwest,11/27/2005,35.6,46.1,61,59.2,36.5
Southwest,11/28/2005,28.6,37.9,50,56.2,32.8
Southwest,11/29/2005,34.2,42.5,57.6,56.4,33.7
Southwest,11/30/2005,38.4,48.2,61.7,61.9,37.9
Southwest,12/1/2005,41.2,51.2,66.4,64.6,41.9
Southwest,12/2/2005,46.1,54.6,65.7,65.3,44.4
Southwest,12/3/2005,46,54.1,63.7,62.1,42.6
Southwest,12/4/2005,35.7,46.1,56.9,58.7,37.6
Southwest,12/5/2005,31.1,41.8,55.4,56.2,32.9
Southwest,12/6/2005,31.8,42.1,56.2,55.4,31.5
Southwest,12/7/2005,31.5,42,54.7,55.7,31.8
Southwest,12/8/2005,32.1,42.1,56.3,57.7,33.7
Southwest,12/9/2005,37.5,46.1,62.2,60.9,36
Southwest,12/10/2005,38.3,48.8,64.1,63.6,39.3
Southwest,12/11/2005,42.1,50.9,64.5,63.1,41.3
Southwest,12/12/2005,43.4,51.5,60.7,62,42.7
Southwest,12/13/2005,42.7,50.8,60.9,60.2,41.2
Southwest,12/14/2005,37.5,47.3,58.9,58.9,38.4
Southwest,12/15/2005,34.9,44.7,56.8,56.3,35.3
Southwest,12/16/2005,33.4,43.2,53.2,54.6,33.1
Southwest,12/17/2005,31,40.9,53.9,54.9,33.3
Southwest,12/18/2005,35.6,44.3,57.6,58.2,35.4
Southwest,12/19/2005,39.5,48.8,63.2,62.1,38.7
Southwest,12/20/2005,41,50.7,65.4,66.4,41.8
Southwest,12/21/2005,45,54.5,70.6,69,44.5
Southwest,12/22/2005,47.5,57.2,70.9,70.4,46.8
Southwest,12/23/2005,48,57.3,69.6,70.4,47.3
Southwest,12/24/2005,46.5,56.6,70.6,70.1,46.6
Southwest,12/25/2005,45.3,55.9,70.2,69.4,45.8
Southwest,12/26/2005,45.6,55.7,67.5,67.1,44.3
Southwest,12/27/2005,42.1,52,63.5,65.5,43.6
Southwest,12/28/2005,43.2,52.2,65.6,64.1,42.6
Southwest,12/29/2005,42.4,52.3,63.1,63.5,41.6
Southwest,12/30/2005,39.1,49.1,61.7,62.3,41
Southwest,12/31/2005,41.6,50.3,62.2,61.9,40.8
Southwest,1/1/2006,41.8,51.1,61.8,64,42.2
Southwest,1/2/2006,43.1,52.9,68,64.4,43
Southwest,1/3/2006,44,53.6,63.3,65.8,42.3
Southwest,1/4/2006,39.9,50.7,66,66.1,42.5
Southwest,1/5/2006,43.5,53.6,69.1,68.7,42.2
Southwest,1/6/2006,43.2,54.2,70.9,69.6,43.8
Southwest,1/7/2006,44.7,55,68.9,68.8,43.4
Southwest,1/8/2006,42.4,53.5,66.6,65.7,42.2
Southwest,1/9/2006,39.6,49.9,61.6,63.8,39.4
Southwest,1/10/2006,36.2,47.2,63.1,63.2,38.1
Southwest,1/11/2006,38.5,49.6,65,63.7,38
Southwest,1/12/2006,39.2,49.7,63.1,65.5,39.3
Southwest,1/13/2006,40.3,51.2,68.4,66.1,41.3
Southwest,1/14/2006,44.5,53.9,66.8,65.7,41.5
Southwest,1/15/2006,39.8,49.4,62,60.6,38
Southwest,1/16/2006,29.7,40.5,53,56.7,33.2
Southwest,1/17/2006,30,39.9,55.1,56.5,32.3
Southwest,1/18/2006,37.2,45.9,61.4,58,35.9
Southwest,1/19/2006,40.4,48.5,57.5,57.9,36.3
Southwest,1/20/2006,31.4,42.1,54.9,56.7,34.2
Southwest,1/21/2006,30.9,42.4,57.7,57.4,31.7
Southwest,1/22/2006,32.7,44,59.5,60.1,32.8
Southwest,1/23/2006,34.8,46.2,63,63.4,35.9
Southwest,1/24/2006,40.2,50.6,67.8,65,39.4
Southwest,1/25/2006,43.3,51.4,64.3,63.9,40
Southwest,1/26/2006,36.5,46.3,59.7,61.2,39
Southwest,1/27/2006,37.1,47.7,59.6,59,36
Southwest,1/28/2006,34.3,45,57.7,59.3,35.9
Southwest,1/29/2006,36.4,46.7,60.5,61.3,36.7
Southwest,1/30/2006,39.3,50,65.8,63.5,39.1
Southwest,1/31/2006,41.6,52.9,64.2,64.5,40.1
Southwest,2/1/2006,39.4,50.2,63.6,65,40.9
Southwest,2/2/2006,41.6,52.2,67.1,66.5,41.5
Southwest,2/3/2006,43.5,54.3,68.7,69.2,42.9
Southwest,2/4/2006,43.7,55.6,71.8,70.5,44.4
Southwest,2/5/2006,46,57,71,70,42.3
Southwest,2/6/2006,37.3,51.1,67.3,69.7,41
Southwest,2/7/2006,39.7,52.3,70.8,70.9,40.1
Southwest,2/8/2006,43.4,56.5,74.6,72.4,44.3
Southwest,2/9/2006,49.7,58.8,71.9,71.2,45.4
Southwest,2/10/2006,43,54.5,67.2,67.9,43.5
Southwest,2/11/2006,37.9,50.3,64.6,66.6,39.4
Southwest,2/12/2006,37.4,50,68,67.8,38.6
Southwest,2/13/2006,40.4,53.4,70.9,69.9,40.4
Southwest,2/14/2006,43.3,55.6,70.9,70,41.7
Southwest,2/15/2006,41.4,54,68.1,67.6,39.9
Southwest,2/16/2006,35,48,63.8,63.6,39
Southwest,2/17/2006,40.7,48.6,58.9,60.5,37.6
Southwest,2/18/2006,37,46.9,58.8,58.5,38
Southwest,2/19/2006,36.3,46.2,57.9,58.7,36.3
Southwest,2/20/2006,35.7,46.5,59.5,58.8,35.7
Southwest,2/21/2006,35.2,46.5,58.9,59.5,35.1
Southwest,2/22/2006,34.3,45.8,60.1,61.7,35.8
Southwest,2/23/2006,38,50.1,66.1,65.1,37.7
Southwest,2/24/2006,40.8,53.6,69,68.6,40.1
Southwest,2/25/2006,41.4,54.6,70.6,71.5,42.9
Southwest,2/26/2006,46.4,58.1,74.8,73.4,44.6
Southwest,2/27/2006,45.9,59.1,74.9,74.5,48.1
Southwest,2/28/2006,51.9,62.2,73.7,73.1,49.3
Southwest,3/1/2006,50.2,60.2,70.7,71.4,48.5
Southwest,3/2/2006,43.4,56.4,69.8,70.2,45.7
Southwest,3/3/2006,43.4,56.2,70.2,69.3,43.3
Southwest,3/4/2006,43.2,54.1,67.8,70.1,43
Southwest,3/5/2006,42.5,55.3,72.2,70.9,44.4
Southwest,3/6/2006,47.5,59.6,72.7,71.8,46
Southwest,3/7/2006,47.9,59.3,70.6,70,44.5
Southwest,3/8/2006,38.1,50.7,66.7,66,40.8
Southwest,3/9/2006,36.3,47.3,60.7,61.9,36.9
Southwest,3/10/2006,36.4,47.4,58.3,58,36.9
Southwest,3/11/2006,37.9,43.8,55,54.4,36.4
Southwest,3/12/2006,35,42.3,49.9,52.6,34.8
Southwest,3/13/2006,31.4,41,52.9,55.8,33.5
Southwest,3/14/2006,34.1,45.9,64.6,61.3,36.8
Southwest,3/15/2006,44.8,54.8,66.5,67,40.6
Southwest,3/16/2006,42.9,55.1,69.9,68.8,44.8
Southwest,3/17/2006,46.6,57.9,70,69.4,44.2
Southwest,3/18/2006,43.1,53.8,68.2,65.9,43.2
Southwest,3/19/2006,39.8,47.5,59.4,61,39.3
Southwest,3/20/2006,35.1,44.7,55.5,58.1,37.3
Southwest,3/21/2006,37,47.2,59.3,58.4,36.2
Southwest,3/22/2006,36.6,47.8,60.4,62.9,38.1
Southwest,3/23/2006,40.7,53.1,68.9,67.3,40.6
Southwest,3/24/2006,44.6,57.4,72.5,72.5,44.7
Southwest,3/25/2006,48.7,61.7,76.2,74.4,47.2
Southwest,3/26/2006,48.2,61.2,74.6,74.2,49.7
Southwest,3/27/2006,52.3,61.7,71.8,72.3,51.1
Southwest,3/28/2006,52.8,61.1,70.6,70.8,50.5
Southwest,3/29/2006,46.5,58.2,69.9,69.1,47.7
Southwest,3/30/2006,43.9,55.1,66.7,69.4,45.8
Southwest,3/31/2006,47,58.3,71.7,69.3,46.9
Southwest,4/1/2006,49.8,59.5,69.5,71.3,47.6
Southwest,4/2/2006,46.1,58.2,72.8,73.8,49.4
Southwest,4/3/2006,52.2,64.5,79.2,77.4,51.7
Southwest,4/4/2006,56.8,68.2,80.3,78.9,54.9
Southwest,4/5/2006,55.8,63.6,77.3,74.1,50.5
Southwest,4/6/2006,39,51.8,64.6,71.8,46.1
Southwest,4/7/2006,43.6,56.6,73.6,72.3,43.5
Southwest,4/8/2006,47.8,62.4,78.6,77.7,47.6
Southwest,4/9/2006,51.3,65.7,81,79.8,50.1
Southwest,4/10/2006,51.3,63.8,79.7,78.1,50.3
Southwest,4/11/2006,48.3,61.1,73.7,78.8,50.4
Southwest,4/12/2006,51.6,65.8,82.9,81.5,52.5
Southwest,4/13/2006,57.7,72.1,88,85.8,57.3
Southwest,4/14/2006,62.7,74.3,86.5,84.5,56.1
Southwest,4/15/2006,48,62,78.9,81.1,53.6
Southwest,4/16/2006,50.2,63.5,77.9,77.9,49.3
Southwest,4/17/2006,49.8,63.8,77,77.2,49.5
Southwest,4/18/2006,48.4,62.4,76.7,77.6,49.2
Southwest,4/19/2006,49.3,63.7,79.1,78.8,49.6
Southwest,4/20/2006,51,65.7,80.7,82,51.4
Southwest,4/21/2006,53.9,69.2,86.2,83.9,53.6
Southwest,4/22/2006,56,70.4,84.8,83.4,52.9
Southwest,4/23/2006,48.8,62.6,79.2,79.2,50.6
Southwest,4/24/2006,46.9,60,73.6,77,48.4
Southwest,4/25/2006,49.5,63.3,78.3,77.2,49.4
Southwest,4/26/2006,51.8,65.6,79.6,78.4,50.2
Southwest,4/27/2006,49.2,61.8,77.4,75.9,49.7
Southwest,4/28/2006,48,58.9,70.7,75.8,49.2
Southwest,4/29/2006,50.3,62.8,79.3,78.8,51.5
Southwest,4/30/2006,56.3,70,86.4,85,55.7
Southwest,5/1/2006,60.5,74.6,89.2,88.2,59.1
Southwest,5/2/2006,60.6,75.3,88.9,88.3,59.5
Southwest,5/3/2006,57.3,72.7,86.7,86.5,57.5
Southwest,5/4/2006,54.7,69.2,83.9,83.7,54.6
Southwest,5/5/2006,51.7,65.8,80.6,82,53.4
Southwest,5/6/2006,53.8,67.2,81.4,82,53.5
Southwest,5/7/2006,54.9,69.5,84,84,55.4
Southwest,5/8/2006,57.6,72.1,86.7,85.8,56.8
Southwest,5/9/2006,58,72.9,86.7,87.1,57.7
Southwest,5/10/2006,57.6,72.7,88,88.4,58.8
Southwest,5/11/2006,60.7,75.5,90.4,90.4,60.3
Southwest,5/12/2006,62.6,77.5,92.9,92,62.2
Southwest,5/13/2006,63.3,78.5,92.8,93.3,63.2
Southwest,5/14/2006,63.6,78.9,94.1,93.2,63.9
Southwest,5/15/2006,64.7,79.1,92.6,92.5,63.9
Southwest,5/16/2006,63.3,77.5,90.9,91.9,64.8
Southwest,5/17/2006,66.4,79.7,92.1,92.2,65.5
Southwest,5/18/2006,66.9,80.4,93.6,93.4,66.5
Southwest,5/19/2006,66.1,80.6,94.4,94.1,66.4
Southwest,5/20/2006,66.1,80.7,94.2,94,66
Southwest,5/21/2006,65.9,80.5,93.5,92.7,64.6
Southwest,5/22/2006,61.7,73.6,90.5,89.7,61
Southwest,5/23/2006,55.4,69,85,89.7,59.4
Southwest,5/24/2006,61,76.1,93.6,90.9,60.4
Southwest,5/25/2006,64.7,80.2,94.2,93.6,62.7
Southwest,5/26/2006,62.5,78.4,92.9,92,61.6
Southwest,5/27/2006,57.5,72.9,88.8,88.2,58.1
Southwest,5/28/2006,54.3,68.9,83,85.7,55.7
Southwest,5/29/2006,55.2,70.2,85.4,85.7,56
Southwest,5/30/2006,58.6,73.7,88.8,88.9,58.4
Southwest,5/31/2006,61.4,77.1,92.5,92.6,61.9
Southwest,6/1/2006,65.6,81.1,96.4,95.6,65.4
Southwest,6/2/2006,69.2,83.8,98,98.1,68.6
Southwest,6/3/2006,71.1,86,99.8,99.6,71
Southwest,6/4/2006,72.7,87.4,101.1,100.2,71.4
Southwest,6/5/2006,70.4,85.6,99.7,99.6,71.7
Southwest,6/6/2006,71.9,85.5,97.9,97.6,71.9
Southwest,6/7/2006,73.3,83.7,95.2,95.6,71.5
Southwest,6/8/2006,69.3,82,93.7,94.5,70.2
Southwest,6/9/2006,68.1,81.8,94.6,94.3,67.5
Southwest,6/10/2006,65.1,80.3,94.6,94.8,65.9
Southwest,6/11/2006,64.6,80.5,95.1,95.4,64.7
Southwest,6/12/2006,64.5,80.8,96.4,97.2,66.6
Southwest,6/13/2006,70.8,85.2,100,98.5,68.8
Southwest,6/14/2006,71,85.6,99.2,98.2,70
Southwest,6/15/2006,68.2,82.3,95.4,95.9,68.1
Southwest,6/16/2006,65.1,80.1,93.2,94.9,66.5
Southwest,6/17/2006,66.1,81.5,96.2,96.6,66.7
Southwest,6/18/2006,69,84.8,100.4,99.2,68.7
Southwest,6/19/2006,70.9,86.6,100.9,100.3,69.7
Southwest,6/20/2006,69.2,85.4,99.5,99.9,70.1
Southwest,6/21/2006,70.2,85.3,99.2,99.6,69.7
Southwest,6/22/2006,69.6,85.4,100.1,100.1,70.2
Southwest,6/23/2006,70.7,86.2,101,100.7,71.3
Southwest,6/24/2006,73.7,88,101.1,100.9,73.8
Southwest,6/25/2006,77.1,88.6,100.5,99.9,74.8
Southwest,6/26/2006,73.6,85.3,98.1,97.9,74.2
Southwest,6/27/2006,71.8,83.7,95.1,95.8,72.1
Southwest,6/28/2006,70.9,82.8,94.1,94.9,72.2
Southwest,6/29/2006,73.9,84.8,95.6,95.1,73.4
Southwest,6/30/2006,75.3,86.4,95.7,96.3,75
Southwest,7/1/2006,75.8,87.1,97.7,96.4,75.1
Southwest,7/2/2006,74.1,85.2,95.9,96.8,74.9
Southwest,7/3/2006,74.8,85.4,96.7,96.2,74.4
Southwest,7/4/2006,74.4,85.8,96.1,95.9,74.9
Southwest,7/5/2006,75.4,84.4,94.9,94.7,74.5
Southwest,7/6/2006,73.8,84.1,93.1,93.5,75.1
Southwest,7/7/2006,76.1,84.4,92.5,93.7,74.6
Southwest,7/8/2006,74,84.6,95.5,95.6,74.9
Southwest,7/9/2006,74.6,86.9,98.7,97.6,74
Southwest,7/10/2006,73.5,86.4,98.7,99.2,74.1
Southwest,7/11/2006,74.3,87.4,100.3,100.1,74.3
Southwest,7/12/2006,75,88.6,101.3,101.5,75.6
Southwest,7/13/2006,77.4,90.3,103,103.1,76.9
Southwest,7/14/2006,78.2,91.5,104.9,104.1,78.5
Southwest,7/15/2006,79.8,92.1,104.5,103.8,78.6
Southwest,7/16/2006,77.8,89.7,102.1,101.5,77.7
Southwest,7/17/2006,75.6,87.2,97.9,100.6,77.1
Southwest,7/18/2006,77.9,89.9,101.9,100.6,77.2
Southwest,7/19/2006,78.1,90.5,101.9,101.7,78.7
Southwest,7/20/2006,80.2,91,101.4,103,79.2
Southwest,7/21/2006,79.2,92.3,105.6,103.9,80.2
Southwest,7/22/2006,81.3,93.9,104.6,104.6,80.6
Southwest,7/23/2006,81.2,92.7,103.6,104.2,81
Southwest,7/24/2006,80.6,92.7,104.3,103.6,80.6
Southwest,7/25/2006,80.1,91.1,103,102,79
Southwest,7/26/2006,76.3,87.1,98.8,99.1,76.7
Southwest,7/27/2006,73.7,82.6,95.5,95.3,74.6
Southwest,7/28/2006,73.8,82,91.5,92.6,73.1
Southwest,7/29/2006,71.8,80.2,90.8,90.7,72.5
Southwest,7/30/2006,71.8,80.3,89.8,90.1,71.6
Southwest,7/31/2006,71.1,80.6,89.6,89.9,70.9
Southwest,8/1/2006,69.7,80,90.3,90.7,69.6
Southwest,8/2/2006,68.1,79.6,92.2,91.4,69.3
Southwest,8/3/2006,70.1,80.9,91.7,91.5,69.6
Southwest,8/4/2006,70.5,79.8,90.6,91.3,69.7
Southwest,8/5/2006,68.5,79.4,91.6,92.7,69.7
Southwest,8/6/2006,70.2,82.3,95.9,94.4,70.9
Southwest,8/7/2006,74,85,95.6,96,73.1
Southwest,8/8/2006,75,85.2,96.5,95.9,75.4
Southwest,8/9/2006,77.2,86.3,95.6,95.1,76.1
Southwest,8/10/2006,76.1,84.8,93.2,93.7,76.3
Southwest,8/11/2006,75.7,84.7,92.4,93,75.3
Southwest,8/12/2006,74.2,83.7,93.3,93.2,74.3
Southwest,8/13/2006,72.9,83.4,94,93.3,73.5
Southwest,8/14/2006,73.4,83,92.7,92.9,72.9
Southwest,8/15/2006,72.3,81.8,91.9,92.2,71.9
Southwest,8/16/2006,69.9,81,92,92.4,69.8
Southwest,8/17/2006,67.3,80.2,93.4,93.5,68.8
Southwest,8/18/2006,69.2,82,95.2,94.8,69.1
Southwest,8/19/2006,70.9,83.5,95.7,95.5,70.6
Southwest,8/20/2006,71.7,83.9,95.7,95.5,72.2
Southwest,8/21/2006,73.9,84.9,95.2,94.8,72.9
Southwest,8/22/2006,73.2,83.6,93.4,94.5,73.3
Southwest,8/23/2006,72.9,82.8,94.9,94.2,73.2
Southwest,8/24/2006,73.4,84.3,94.2,93.9,72.2
Southwest,8/25/2006,70.4,81.5,92.5,93.4,71
Southwest,8/26/2006,69.2,81.1,93.6,94.1,70
Southwest,8/27/2006,70.4,83.2,96.2,95.9,70
Southwest,8/28/2006,70.4,84.1,98,97,70.1
Southwest,8/29/2006,69.4,83.1,96.7,96.5,70.2
Southwest,8/30/2006,70.9,82.6,94.9,94.7,71.2
Southwest,8/31/2006,73.4,82.6,92.6,94.6,72.6
Southwest,9/1/2006,73.6,84.1,96.4,94.6,73.3
Southwest,9/2/2006,73,83.6,94.7,93.9,72.2
Southwest,9/3/2006,70,79.6,90.6,91.1,70.4
Southwest,9/4/2006,68.1,77.3,87.9,89.3,69.1
Southwest,9/5/2006,69.2,79.1,89.4,89.2,68.6
Southwest,9/6/2006,68.4,79.4,90.2,89.6,68.6
Southwest,9/7/2006,68.1,77.7,89.2,88,67.3
Southwest,9/8/2006,65.3,74.3,84.5,86.7,66.4
Southwest,9/9/2006,65.9,75.6,86.3,86.6,65.8
Southwest,9/10/2006,66.2,76.9,88.9,89,66.4
Southwest,9/11/2006,67.1,79,91.9,90.5,67.6
Southwest,9/12/2006,69.4,80.1,90.6,90.1,68.4
Southwest,9/13/2006,68.7,78.3,87.7,88.7,68.3
Southwest,9/14/2006,66.8,77,87.7,86.8,66.2
Southwest,9/15/2006,63.1,74.2,84.9,85.4,63.2
Southwest,9/16/2006,59.6,71.7,83.7,84.3,60.4
Southwest,9/17/2006,58.5,71.1,84.4,84.4,58.7
Southwest,9/18/2006,58.1,71.4,85,85.7,59
Southwest,9/19/2006,60.3,73.4,87.6,86.3,60.9
Southwest,9/20/2006,64.3,74.3,86.2,85.7,60.7
Southwest,9/21/2006,57.6,70.6,83.3,83.6,59.9
Southwest,9/22/2006,57.9,69.7,81.4,81.8,57.1
Southwest,9/23/2006,55.8,68,80.7,82,57.3
Southwest,9/24/2006,58.3,70.4,83.9,84.5,58.2
Southwest,9/25/2006,60.6,73.2,88.9,88.3,61.2
Southwest,9/26/2006,64.6,77.3,92,90.8,63.4
Southwest,9/27/2006,64.9,77.8,91.6,91.6,64.3
Southwest,9/28/2006,63.5,76.7,91.2,91.6,64.1
Southwest,9/29/2006,63.8,77.2,92,91.6,63.8
Southwest,9/30/2006,64,77.2,91.6,91.6,64
Southwest,10/1/2006,64.2,77.3,91.1,90.7,63.8
Southwest,10/2/2006,63.1,76.3,89.5,89.9,64
Southwest,10/3/2006,64.7,76.4,89.2,89.7,64
Southwest,10/4/2006,64.2,76.8,90.3,89.2,65.8
Southwest,10/5/2006,68.5,77.8,88,87,66.2
Southwest,10/6/2006,66,74,82.8,83.7,63.5
Southwest,10/7/2006,56.1,67.5,80.3,80.8,59.6
Southwest,10/8/2006,56.6,67.2,79.3,78.8,56.1
Southwest,10/9/2006,55.6,66,76.9,77.6,55
Southwest,10/10/2006,52.7,63.9,76.6,78.1,54.3
Southwest,10/11/2006,54.5,66.3,80.7,80,54.1
Southwest,10/12/2006,55.1,67.9,82.6,81,55.7
Southwest,10/13/2006,57.6,68.3,79.6,78.8,57.1
Southwest,10/14/2006,58.6,65.2,74.1,74.5,56.1
Southwest,10/15/2006,52.2,60.6,69.9,72.4,54
Southwest,10/16/2006,51.2,60.9,73.1,71.7,51.9
Southwest,10/17/2006,52.4,61.9,72.1,72,50.8
Southwest,10/18/2006,48.9,59.4,70.7,71.5,49.5
Southwest,10/19/2006,47.3,58.5,71.7,73.1,48.6
Southwest,10/20/2006,49.6,61.2,76.9,75.5,49.8
Southwest,10/21/2006,52.5,64.2,77.9,77.8,51.2
Southwest,10/22/2006,51.5,63.9,78.7,78.8,52.5
Southwest,10/23/2006,53.6,65.4,79.9,77.6,55
Southwest,10/24/2006,59.8,64.7,74.3,75.9,56
Southwest,10/25/2006,54.7,62.5,73.6,73,54.2
Southwest,10/26/2006,48.1,59.8,71.2,72.4,49.7
Southwest,10/27/2006,46.2,57,72.4,73.8,48.1
Southwest,10/28/2006,49.9,61.3,77.9,74.8,49.3
Southwest,10/29/2006,51.9,62.4,74,74.7,50.7
Southwest,10/30/2006,50.4,61,72.1,72.6,50.2
Southwest,10/31/2006,48.4,59.5,71.8,72,49.1
Southwest,11/1/2006,48.5,59.3,72,72.6,48.5
Southwest,11/2/2006,48.6,59.8,74.1,74.2,49.3
Southwest,11/3/2006,50.9,61.9,76.4,75.5,50.9
Southwest,11/4/2006,53.3,63.8,75.9,75.8,51.8
Southwest,11/5/2006,51.2,62.2,75.2,76.4,52
Southwest,11/6/2006,51.5,62.8,78,78,52.3
Southwest,11/7/2006,54.2,65.5,80.8,79.8,54.1
Southwest,11/8/2006,56.6,67.6,80.6,79,54.8
Southwest,11/9/2006,53.6,64.8,75.6,76.4,53.3
Southwest,11/10/2006,49.6,60.8,72.9,73.9,50.7
Southwest,11/11/2006,49,59.6,73.2,71.2,48.5
Southwest,11/12/2006,46.9,57.3,67.5,68.9,47
Southwest,11/13/2006,45,54.4,66,67.6,46
Southwest,11/14/2006,46.2,56,69.3,68.2,45.4
Southwest,11/15/2006,45.1,56.1,69.3,70.2,45.4
Southwest,11/16/2006,44.8,56,72.1,71.9,46.2
Southwest,11/17/2006,48.6,59.4,74.2,74.1,48.1
Southwest,11/18/2006,50.8,61.7,75.9,76,50.1
Southwest,11/19/2006,50.9,62.4,77.8,76.5,50.8
Southwest,11/20/2006,50.8,61.7,75.9,76.5,50.7
Southwest,11/21/2006,50.5,61.3,75.8,75.5,50.4
Southwest,11/22/2006,49.8,61.2,74.9,74.8,50.1
Southwest,11/23/2006,50,61,73.6,73.3,49.5
Southwest,11/24/2006,48.7,59.4,71.3,70.9,48.2
Southwest,11/25/2006,45.8,56.6,67.8,67.8,45.8
Southwest,11/26/2006,42.9,53.4,64.3,64.2,43.6
Southwest,11/27/2006,42.2,51.4,60.6,60.6,41.3
Southwest,11/28/2006,38.8,47.4,57,56.8,39.3
Southwest,11/29/2006,37,44.5,52.8,52,33.3
Southwest,11/30/2006,24.2,34.4,46.2,52.2,30.9
Southwest,12/1/2006,31.5,39.9,57.5,54.6,30.6
Southwest,12/2/2006,36.2,46.1,60,58.3,33.9
Southwest,12/3/2006,34.1,44.5,57.3,59.2,34.7
Southwest,12/4/2006,33.9,44.3,60.3,60.6,35.1
Southwest,12/5/2006,37.3,47.6,64.3,63.6,37
Southwest,12/6/2006,39.7,50.4,66.3,65.9,39.6
Southwest,12/7/2006,41.8,52.1,67.1,65.2,41
Southwest,12/8/2006,41.4,50.6,62.1,64.3,41.5
Southwest,12/9/2006,41.2,50.4,63.8,61.8,41.2
Southwest,12/10/2006,41.1,49.9,59.6,60.3,39.9
Southwest,12/11/2006,37.5,46.5,57.4,58.6,38.3
Southwest,12/12/2006,36.4,45.9,58.7,59.5,37.6
Southwest,12/13/2006,39,48.3,62.5,62.3,39.4
Southwest,12/14/2006,42.7,51.7,65.7,65.3,41.9
Southwest,12/15/2006,43.9,53.8,67.6,66.6,43.4
Southwest,12/16/2006,43.5,53.4,66.6,64.7,42.8
Southwest,12/17/2006,41,49,60,60.2,40
Southwest,12/18/2006,35.5,43.9,54.1,54.4,36.8
Southwest,12/19/2006,33.8,41.1,49,50,32.6
Southwest,12/20/2006,28.4,36.6,46.9,48.9,30.4
Southwest,12/21/2006,29,37.5,50.8,49.6,30.1
Southwest,12/22/2006,32.9,40.7,51.1,52.4,31.8
Southwest,12/23/2006,33.4,41.5,55.4,54.8,33.8
Southwest,12/24/2006,35.1,44.2,58,57.8,34.9
Southwest,12/25/2006,36.2,45.7,60.1,61,37.2
Southwest,12/26/2006,40.2,49.3,64.8,62.7,40.6
Southwest,12/27/2006,45.4,52.9,63.1,61.8,40.8
Southwest,12/28/2006,36.7,44.2,57.5,56.8,38.9
Southwest,12/29/2006,34.7,40.9,49.7,53.1,35.1
Southwest,12/30/2006,33.9,41.3,52.1,51.8,33.6
Southwest,12/31/2006,32.3,41.2,53.6,54,34
Southwest,1/1/2007,35.7,43.7,56.4,56.2,35
Southwest,1/2/2007,36.9,45.3,58.5,58.4,36.7
Southwest,1/3/2007,37.6,46.8,60.3,59.8,38
Southwest,1/4/2007,39.4,48.9,60.6,59.1,38.9
Southwest,1/5/2007,39.8,46.5,56.4,56.4,36.8
Southwest,1/6/2007,31.1,40.7,52.2,55.1,34.9
Southwest,1/7/2007,33.7,42.5,56.6,57.7,34.1
Southwest,1/8/2007,37.4,46.4,64.3,62.9,37.9
Southwest,1/9/2007,42.6,52.6,67.7,65.9,40.9
Southwest,1/10/2007,42.6,52.3,65.6,65.7,42.7
Southwest,1/11/2007,42.8,51.7,63.8,63.1,42.1
Southwest,1/12/2007,40.9,47.5,60,57.5,39.4
Southwest,1/13/2007,34.5,40.7,48.7,50.6,32.9
Southwest,1/14/2007,23.3,31.8,43,45.7,27
Southwest,1/15/2007,23.3,31.8,45.3,45.6,24.1
Southwest,1/16/2007,25.8,34.8,48.4,48.4,25.9
Southwest,1/17/2007,28.7,37.5,51.4,52.4,28.8
Southwest,1/18/2007,32,41.5,57.4,54.2,33.1
Southwest,1/19/2007,38.7,42.7,53.8,52.8,34.6
Southwest,1/20/2007,33,38.6,47.1,49.6,34.7
Southwest,1/21/2007,32.4,39.2,48,47.7,31.7
Southwest,1/22/2007,29.6,37,48,49.5,31
Southwest,1/23/2007,31,39.3,52.4,52.7,31.7
Southwest,1/24/2007,34.6,43.7,57.7,56.1,34.2
Southwest,1/25/2007,36.9,46.1,58.3,57.4,36.1
Southwest,1/26/2007,36.7,45.6,56.1,57.7,36.8
Southwest,1/27/2007,36.8,46.4,58.6,58.6,37.2
Southwest,1/28/2007,38.1,47.7,61.1,61,38.4
Southwest,1/29/2007,40.3,50.4,63.3,61.9,40.4
Southwest,1/30/2007,42.7,49.2,61.2,58.6,41.3
Southwest,1/31/2007,41,44.9,51.2,54.7,39.7
Southwest,2/1/2007,35.4,42.5,51.8,51.6,36.3
Southwest,2/2/2007,32.5,41.2,51.9,53.7,33.7
Southwest,2/3/2007,33.1,42.9,57.4,58.3,34.5
Southwest,2/4/2007,37.8,48.4,65.7,64.5,38.1
Southwest,2/5/2007,43.4,54.2,70.3,69.3,42.3
Southwest,2/6/2007,45.7,57.1,72,71.2,45.2
Southwest,2/7/2007,46.6,58.5,71.4,71.2,45.9
Southwest,2/8/2007,45.5,57.2,70.1,70.6,46.3
Southwest,2/9/2007,46.8,57.4,70.3,70.3,46.6
Southwest,2/10/2007,47.6,58.1,70.6,69.8,48.2
Southwest,2/11/2007,50.2,58.8,68.6,67.8,46.5
Southwest,2/12/2007,41.6,52.2,64.1,64.4,43.8
Southwest,2/13/2007,39.6,49.1,60.4,59.5,39.6
Southwest,2/14/2007,37.7,45.1,54,57.9,37.9
Southwest,2/15/2007,36.3,46.1,59.2,59.6,38.1
Southwest,2/16/2007,40.2,50.2,65.6,65.4,40.6
Southwest,2/17/2007,45.2,56.1,71.5,68.9,44.1
Southwest,2/18/2007,47,56.9,69.7,69.3,45.2
Southwest,2/19/2007,43.5,52.4,66.7,64.6,42.9
Southwest,2/20/2007,38.3,46.8,57.5,62.8,40.1
Southwest,2/21/2007,38.6,49.6,64.3,63.7,40
Southwest,2/22/2007,43,54.6,69.4,67,41
Southwest,2/23/2007,41.3,50.9,67.2,63.5,38.9
Southwest,2/24/2007,32.5,43,54,60.9,36.1
Southwest,2/25/2007,34.4,45.5,61.5,59.9,35.3
Southwest,2/26/2007,39.1,50.3,64.1,63.3,38.1
Southwest,2/27/2007,40.7,52.4,64.3,63.6,38.3
Southwest,2/28/2007,35.1,47,62.3,60.2,35.7
Southwest,3/1/2007,31.4,41.7,54,58,33.2
Southwest,3/2/2007,33,44,57.7,56.3,33
Southwest,3/3/2007,34.6,45.3,57.2,59.7,34.4
Southwest,3/4/2007,35.5,46.9,64.3,63.9,37.1
Southwest,3/5/2007,41.2,52.9,70.2,70.1,40.5
Southwest,3/6/2007,44.8,57.9,75.7,74.9,46
Southwest,3/7/2007,52.1,64.1,78.9,77.3,49.6
Southwest,3/8/2007,51.8,64.2,77.4,77.9,51.1
Southwest,3/9/2007,49.5,62.6,77.4,77.8,50.6
Southwest,3/10/2007,50.4,64.1,78.7,77.8,49.9
Southwest,3/11/2007,49.9,63.4,77.4,78.4,50.3
Southwest,3/12/2007,50.6,64,79.2,79.6,51.1
Southwest,3/13/2007,52.7,66.1,82.1,81.3,52.3
Southwest,3/14/2007,53.5,67.2,82.7,82.9,53.2
Southwest,3/15/2007,53.5,67.7,84,84.6,54.4
Southwest,3/16/2007,56.3,70.2,87.1,86.8,55.6
Southwest,3/17/2007,56.9,72.1,89.3,88,56.5
Southwest,3/18/2007,56.3,70.9,87.5,86.2,55.1
Southwest,3/19/2007,52.1,66.5,81.7,82.9,53.2
Southwest,3/20/2007,51.2,65.2,79.6,79.8,51.7
Southwest,3/21/2007,51.8,63.4,78.1,75.7,51.2
Southwest,3/22/2007,50.6,59.4,69.5,70.6,50.1
Southwest,3/23/2007,48,55.7,64.1,66.7,48.4
Southwest,3/24/2007,46.5,55.1,66.6,68.1,47.7
Southwest,3/25/2007,48.5,59.4,73.6,72,48.9
Southwest,3/26/2007,51.6,63.1,75.7,74.6,50.3
Southwest,3/27/2007,50.7,62,74.4,71.7,46.8
Southwest,3/28/2007,38,49.9,65,67.5,42.6
Southwest,3/29/2007,39.1,50.3,63.1,64.9,39.6
Southwest,3/30/2007,41.8,53.7,66.5,68,41.8
Southwest,3/31/2007,44.5,57.4,74.4,73.8,45.7
Southwest,4/1/2007,50.7,64.3,80.5,79.2,49.4
Southwest,4/2/2007,52.9,67.6,82.6,82,52.1
Southwest,4/3/2007,52.6,67.5,82.8,83.3,53.4
Southwest,4/4/2007,54.7,69.2,84.6,84.6,55.3
Southwest,4/5/2007,58.6,71.8,86.4,85.4,57.1
Southwest,4/6/2007,58,71.6,85.1,83.9,55.9
Southwest,4/7/2007,51.1,64.7,80.3,80.7,53.6
Southwest,4/8/2007,51.6,64,76.7,77.4,51.2
Southwest,4/9/2007,50.9,63,75.1,75.8,50.6
Southwest,4/10/2007,49.3,62.5,75.6,75.4,49.5
Southwest,4/11/2007,48.4,62.4,75.6,75.2,48.7
Southwest,4/12/2007,48.4,60.8,74.5,72.7,46.4
Southwest,4/13/2007,42.3,54.9,68.1,72.2,45.2
Southwest,4/14/2007,44.9,58.5,73.9,71.7,45
Southwest,4/15/2007,47.8,60.6,73.2,71.5,45
Southwest,4/16/2007,42.4,55.5,67.5,71.3,44.9
Southwest,4/17/2007,44.4,57.3,73.3,72.7,45.2
Southwest,4/18/2007,48.9,62.6,77.3,75.3,46
Southwest,4/19/2007,44.7,59.9,75.4,75,46.4
Southwest,4/20/2007,45.7,59.8,72.2,72.1,45.5
Southwest,4/21/2007,46.1,56.1,68.8,71.2,45.5
Southwest,4/22/2007,44.7,57.4,72.5,70.9,45.7
Southwest,4/23/2007,46.4,59.3,71.5,73,45.7
Southwest,4/24/2007,46.1,59.5,75,75.6,48.1
Southwest,4/25/2007,51.8,65.3,80.4,79.3,50.9
Southwest,4/26/2007,54.8,68.7,82.4,83.4,54.3
Southwest,4/27/2007,56.4,71,87.5,86.6,57.1
Southwest,4/28/2007,60.1,74.8,89.9,88.6,59.1
Southwest,4/29/2007,60.8,74.1,88.3,88.6,60.1
Southwest,4/30/2007,59.5,72.9,87.5,87.3,60.2
Southwest,5/1/2007,60.4,73.9,86.1,85.5,58.5
Southwest,5/2/2007,55.7,69.2,83,83.1,56.8
Southwest,5/3/2007,54.3,67.7,80.1,80.6,54.1
Southwest,5/4/2007,52.4,65.8,78.8,78.4,51.5
Southwest,5/5/2007,47.8,61.3,76.4,76.4,49.4
Southwest,5/6/2007,48,60.4,74,77.5,49.3
Southwest,5/7/2007,52.2,66.5,82.2,79.9,52.6
Southwest,5/8/2007,57.6,71.1,83.4,84.3,56.1
Southwest,5/9/2007,58.4,72.3,87.2,87.4,58.9
Southwest,5/10/2007,60.7,75.7,91.5,90.6,60.7
Southwest,5/11/2007,63.1,78.3,93.2,92.9,62.6
Southwest,5/12/2007,64,79.2,93.9,93.2,63.5
Southwest,5/13/2007,63.3,78.5,92.4,92.2,63.3
Southwest,5/14/2007,62.7,77.2,90.4,90.7,63
Southwest,5/15/2007,63,76.6,89.2,89.5,62.3
Southwest,5/16/2007,61.2,75.2,88.9,88.5,61.7
Southwest,5/17/2007,60.8,74.4,87.3,88.4,60.8
Southwest,5/18/2007,60.5,74.5,89,88.3,60.8
Southwest,5/19/2007,61.1,75.3,88.7,88.4,61.1
Southwest,5/20/2007,61.7,75.3,87.5,87.3,60.4
Southwest,5/21/2007,58.4,72.4,85.6,85.2,58.5
Southwest,5/22/2007,55.3,69,82.5,83,56.1
Southwest,5/23/2007,54.5,67.8,80.9,83.2,55.6
Southwest,5/24/2007,56.9,71.3,86.3,85.1,57.2
Southwest,5/25/2007,60.2,74.4,88.1,87.7,58.9
Southwest,5/26/2007,59.7,74.5,88.8,89,60.6
Southwest,5/27/2007,62,76.4,90.1,89.8,60.8
Southwest,5/28/2007,60.8,76.3,90.4,90.2,61.1
Southwest,5/29/2007,60.5,75.9,90,90.3,60.9
Southwest,5/30/2007,61.4,76.4,90.5,90.7,61.4
Southwest,5/31/2007,62.4,77.6,91.6,91.9,62.2
Southwest,6/1/2007,62.7,78.2,93.5,92.6,63.4
Southwest,6/2/2007,65,79.6,92.8,93.3,64.1
Southwest,6/3/2007,64.6,79.6,93.5,94.1,65.3
Southwest,6/4/2007,66.3,81.1,96,95.1,65.7
Southwest,6/5/2007,66.3,81.6,95.8,95.3,64.6
Southwest,6/6/2007,61.3,75.4,94.2,90.5,59.9
Southwest,6/7/2007,52.1,67.6,81.4,88.1,56.7
Southwest,6/8/2007,56.8,72,88.6,86.8,56.8
Southwest,6/9/2007,61.6,76.4,90.4,90.1,60.5
Southwest,6/10/2007,63.2,77.4,91.4,90.8,63
Southwest,6/11/2007,64.1,77,90.7,90.3,62.6
Southwest,6/12/2007,60.6,73.2,88.7,91.4,63.2
Southwest,6/13/2007,64.9,79.4,94.8,94.3,64.6
Southwest,6/14/2007,68.3,83.5,99.3,98.4,67.9
Southwest,6/15/2007,70.6,86.4,101.1,100,69.7
Southwest,6/16/2007,70.1,85.5,99.7,99.4,70
Southwest,6/17/2007,69.3,84,97.5,98.2,69.5
Southwest,6/18/2007,69,84.1,97.5,97.6,68.6
Southwest,6/19/2007,67.5,83.5,97.7,98.4,69.1
Southwest,6/20/2007,70.7,85.8,100.1,99.6,70
Southwest,6/21/2007,71.7,86.9,101,100.7,71.3
Southwest,6/22/2007,71.6,87.1,100.9,100.4,71
Southwest,6/23/2007,69.8,85.2,99.4,99.7,69.7
Southwest,6/24/2007,67.6,84,98.8,99.5,68.7
Southwest,6/25/2007,68.7,85,100.4,100.6,69.5
Southwest,6/26/2007,72.2,87.9,102.5,101.3,71.4
Southwest,6/27/2007,73.3,87.7,100.9,100.7,72.3
Southwest,6/28/2007,71.5,85.9,98.7,99.7,71.8
Southwest,6/29/2007,70.6,85.4,99.4,99.9,71.3
Southwest,6/30/2007,71.7,86.6,101.5,101.3,71.3
Southwest,7/1/2007,71.6,87.6,102.9,102.3,71.9
Southwest,7/2/2007,72.3,87.9,102.5,103.1,72.3
Southwest,7/3/2007,72.9,88.4,104,104,73
Southwest,7/4/2007,73.7,89.5,105.6,104.8,73.6
Southwest,7/5/2007,74.3,89.6,104.8,104,74.7
Southwest,7/6/2007,76.2,89.2,101.5,102.1,75.6
Southwest,7/7/2007,76.4,88.5,100.1,100.8,75.7
Southwest,7/8/2007,74.6,87.7,100.8,100.2,74.4
Southwest,7/9/2007,72.3,86,99.6,99.6,73.2
Southwest,7/10/2007,72.7,86,98.3,98.3,73.3
Southwest,7/11/2007,75,86.1,97.1,97.9,73.6
Southwest,7/12/2007,73.1,86,98.4,97.7,73.3
Southwest,7/13/2007,71.7,85.1,97.7,98.1,72.6
Southwest,7/14/2007,72.9,85,98.1,98.7,73
Southwest,7/15/2007,74.5,87,100.3,100.2,74.5
Southwest,7/16/2007,76.1,89.2,102.2,101.3,75.5
Southwest,7/17/2007,76,89.6,101.4,101.7,75.9
Southwest,7/18/2007,75.5,89.1,101.4,101,75.3
Southwest,7/19/2007,74.3,87.4,100.3,99.9,74.7
Southwest,7/20/2007,74.2,84.8,98,97,73.8
Southwest,7/21/2007,73,82.6,92.7,94.5,73.3
Southwest,7/22/2007,72.8,82.1,92.9,92.9,73.5
Southwest,7/23/2007,74.8,83.4,93.1,92.7,73.8
Southwest,7/24/2007,73.8,81.2,92.1,91.6,73.6
Southwest,7/25/2007,72.3,81.1,89.5,90.9,72.6
Southwest,7/26/2007,71.7,80.4,91,90.4,72.3
Southwest,7/27/2007,73,81.9,90.8,91.3,72.6
Southwest,7/28/2007,73.1,82.3,92.1,91.8,73
Southwest,7/29/2007,72.9,82.6,92.5,92.9,73.4
Southwest,7/30/2007,74.2,84.1,94.1,92.8,73.8
Southwest,7/31/2007,74.3,83.2,91.8,92.1,74.2
Southwest,8/1/2007,74.1,82.2,90.5,91.2,74.1
Southwest,8/2/2007,73.9,82.6,91.4,92.4,74.2
Southwest,8/3/2007,74.6,84.4,95.4,94.2,74.8
Southwest,8/4/2007,76,85.8,95.9,95.5,74.6
Southwest,8/5/2007,73.2,82.7,95.2,92.5,73.1
Southwest,8/6/2007,70.2,78,86.5,91.1,70.7
Southwest,8/7/2007,68.7,79.3,91.7,91.4,69.7
Southwest,8/8/2007,70.3,82.5,95.9,94.9,70.3
Southwest,8/9/2007,71.8,84.5,97,96.3,71.2
Southwest,8/10/2007,71.4,83.7,96,97.1,71.9
Southwest,8/11/2007,72.6,85,98.4,98.9,73.1
Southwest,8/12/2007,75.3,88.1,102.2,101,74.6
Southwest,8/13/2007,75.8,89.6,102.4,102,75
Southwest,8/14/2007,74,87.1,101.4,100.8,74.6
Southwest,8/15/2007,74,86.3,98.6,100,74.2
Southwest,8/16/2007,74.6,87.2,100,99.3,75.1
Southwest,8/17/2007,76.6,88.2,99.3,99.7,76.2
Southwest,8/18/2007,77.4,88.3,99.8,99.3,76.6
Southwest,8/19/2007,75.8,87.4,98.8,99.1,75.6
Southwest,8/20/2007,73.7,85.6,98.6,99.7,74.4
Southwest,8/21/2007,73.8,87.3,101.8,100.4,74.1
Southwest,8/22/2007,74.7,88.2,100.9,100.7,73.9
Southwest,8/23/2007,73.3,86.5,99.4,99.4,74.2
Southwest,8/24/2007,74.6,86.7,98,98,74.4
Southwest,8/25/2007,75.3,84.9,96.6,95.4,74.7
Southwest,8/26/2007,74.1,82.8,91.6,94.8,74.4
Southwest,8/27/2007,73.8,84.5,96.3,96,74.4
Southwest,8/28/2007,75.3,87.2,100.1,99,75.6
Southwest,8/29/2007,77.6,89.6,100.7,100.1,77.2
Southwest,8/30/2007,78.8,89,99.6,99.9,77.7
Southwest,8/31/2007,76.8,88.4,99.3,99.2,77.6
Southwest,9/1/2007,77.3,88.4,98.6,98.9,76.3
Southwest,9/2/2007,74.7,86.5,98.8,98.6,75.1
Southwest,9/3/2007,73.2,86.6,98.4,98,73.2
Southwest,9/4/2007,71.8,84.3,96.7,96.7,71.9
Southwest,9/5/2007,70.7,83.4,95,95,71.5
Southwest,9/6/2007,72,81.8,93.4,93.1,70.6
Southwest,9/7/2007,69.1,79.2,91,93.6,70.4
Southwest,9/8/2007,70.1,82.3,96.3,94.1,70.1
Southwest,9/9/2007,71,83.3,95,95.4,70.8
Southwest,9/10/2007,71.2,82.7,94.8,94.9,71.5
Southwest,9/11/2007,72.3,83.5,94.8,95.1,71.7
Southwest,9/12/2007,71.5,83.2,95.6,95.8,71.1
Southwest,9/13/2007,69.6,83,96.9,96.3,70.6
Southwest,9/14/2007,70.8,83.6,96.4,96.1,70.5
Southwest,9/15/2007,71.1,83.4,94.9,94.7,71
Southwest,9/16/2007,71.2,82.1,92.7,92.2,69.7
Southwest,9/17/2007,66.7,77.6,89,89.5,65.9
Southwest,9/18/2007,59.7,73.3,86.9,87.8,62.3
Southwest,9/19/2007,60.4,74,87.6,86.5,60
Southwest,9/20/2007,59.9,72.4,85.1,87.2,61.2
Southwest,9/21/2007,63.2,74.2,89,86.8,63.7
Southwest,9/22/2007,68,75.5,86.4,84.8,63.7
Southwest,9/23/2007,59.8,69.5,78.9,81.9,61.5
Southwest,9/24/2007,56.8,67.9,80.4,81.2,58
Southwest,9/25/2007,57.5,70.1,84.2,84.1,58.1
Southwest,9/26/2007,60.1,73,87.7,87.3,59.9
Southwest,9/27/2007,62.2,75.4,90.1,88.5,62.1
Southwest,9/28/2007,64.1,75.8,87.7,87,62.5
Southwest,9/29/2007,61.2,71.9,83.3,85.7,61.1
Southwest,9/30/2007,58.1,70.9,86.2,84.7,61.6
Southwest,10/1/2007,65.6,72.9,84.5,85.5,62.1
Southwest,10/2/2007,62.6,71.9,85.7,85.9,64.6
Southwest,10/3/2007,65.6,75.8,87.4,87,64.8
Southwest,10/4/2007,66.1,76.8,87.8,86.6,64.7
Southwest,10/5/2007,62.3,72.8,84.7,83.5,59.9
Southwest,10/6/2007,51.4,63,78.1,79.6,54.2
Southwest,10/7/2007,48.9,61,76.1,79.9,50.8
Southwest,10/8/2007,52,65.8,85.4,83,53.7
Southwest,10/9/2007,60.3,72.2,87.4,86.6,57.9
Southwest,10/10/2007,61.4,73,87.1,87,60.1
Southwest,10/11/2007,58.5,71.5,86.4,86.1,59.5
Southwest,10/12/2007,58.7,71.4,84.7,83.9,56.9
Southwest,10/13/2007,53.4,65.3,80.5,80.3,54.8
Southwest,10/14/2007,52.2,63.1,75.8,78.3,52.9
Southwest,10/15/2007,53.2,64.9,78.6,77,52.9
Southwest,10/16/2007,53.3,65.2,76.7,75.9,51.6
Southwest,10/17/2007,48.3,60.5,72.5,74.9,50.3
Southwest,10/18/2007,49.4,60.8,75.5,77.3,50.4
Southwest,10/19/2007,53.5,65.7,84,81.7,53.4
Southwest,10/20/2007,57.4,70.2,85.7,83.6,55
Southwest,10/21/2007,54,65.7,81.2,78.7,52.1
Southwest,10/22/2007,45,56.3,69.2,76.6,49.4
Southwest,10/23/2007,49.1,60.6,79.4,77.9,50
Southwest,10/24/2007,55.9,67.9,85.1,83.1,54.1
Southwest,10/25/2007,57.3,69.8,84.7,84.6,56.5
Southwest,10/26/2007,56.2,69.1,84,84.3,56.9
Southwest,10/27/2007,57.1,69.3,84.1,84.8,56.8
Southwest,10/28/2007,57,70,86.4,85,57.5
Southwest,10/29/2007,58.4,70.6,84.5,83.7,57
Southwest,10/30/2007,55.5,67.4,80.1,80.8,55.9
Southwest,10/31/2007,53.7,64.7,77.8,78.7,53.7
Southwest,11/1/2007,52,64,78.1,78.2,52.6
Southwest,11/2/2007,52.2,64,78.7,79.3,52.1
Southwest,11/3/2007,52.2,64.8,81.2,81.1,53.3
Southwest,11/4/2007,55.6,67.4,83.3,82.7,54.8
Southwest,11/5/2007,56.7,68.7,83.7,82.8,55.9
Southwest,11/6/2007,55.5,67.6,81.5,82.8,56.1
Southwest,11/7/2007,56,67.5,83.3,81.7,55.7
Southwest,11/8/2007,55.7,67.3,80.4,80.6,55.4
Southwest,11/9/2007,54.4,65.4,78.1,77.8,54.1
Southwest,11/10/2007,52.1,63.3,74.8,75.2,52.1
Southwest,11/11/2007,49.9,60.7,72.6,73.7,50.5
Southwest,11/12/2007,49.5,60,73.8,75.1,50.5
Southwest,11/13/2007,52.2,63.4,78.8,76.9,51.3
Southwest,11/14/2007,52.1,64,78.1,76.9,52.3
Southwest,11/15/2007,52.7,62.3,73.9,75.5,51.9
Southwest,11/16/2007,50.8,61.3,74.5,74.3,51.3
Southwest,11/17/2007,50.3,61.1,74.6,75.9,50.6
Southwest,11/18/2007,50.7,62.3,78.7,77.8,51.2
Southwest,11/19/2007,52.6,64.3,80.2,78.6,51.3
Southwest,11/20/2007,50.7,63.1,76.9,75.9,50.1
Southwest,11/21/2007,47,58.9,70.5,71.1,47.4
Southwest,11/22/2007,44.5,54.7,65.8,65.4,43.1
Southwest,11/23/2007,37.9,48.9,59.8,61.5,39.9
Southwest,11/24/2007,37.4,46.4,59,59.1,37
Southwest,11/25/2007,35.6,45.7,58.5,59.8,37.8
Southwest,11/26/2007,40.5,49.1,61.8,62.3,39.2
Southwest,11/27/2007,41.5,51.2,66.7,65.3,42.4
Southwest,11/28/2007,45.3,54.3,67.5,66.8,45
Southwest,11/29/2007,48.3,55.1,66.2,64.8,48.4
Southwest,11/30/2007,51.6,55.7,60.8,61.5,50.7
Southwest,12/1/2007,52.3,54.8,57.6,57.8,47.5
Southwest,12/2/2007,38.7,46.2,55,59,43.7
Southwest,12/3/2007,40.1,48.7,64.5,62.9,41.5
Southwest,12/4/2007,45.7,54.3,69.1,67.6,44.5
Southwest,12/5/2007,47.7,56.8,69.3,67.8,46.4
Southwest,12/6/2007,45.9,55.1,65.1,65,47.2
Southwest,12/7/2007,48,53.9,60.7,60.8,46.5
Southwest,12/8/2007,45.6,49.9,56.5,57.1,44.3
Southwest,12/9/2007,39.3,45.1,54.1,54,42.1
Southwest,12/10/2007,41.4,45.7,51.4,51.3,39.8
Southwest,12/11/2007,38.6,43.4,48.3,50.4,38.5
Southwest,12/12/2007,35.5,42,51.4,50.9,36.1
Southwest,12/13/2007,34.1,42,53,51.1,34.5
Southwest,12/14/2007,34,41.1,49,50.2,33.1
Southwest,12/15/2007,31.1,38.5,48.7,50.4,32.4
Southwest,12/16/2007,32.1,40.1,53.6,52.8,33.6
Southwest,12/17/2007,37.5,44.8,56.2,55.9,35.6
Southwest,12/18/2007,37.3,46,57.9,56.7,38.1
Southwest,12/19/2007,39.6,47,56,57.1,38.4
Southwest,12/20/2007,38.3,46.5,57.4,55.5,39.2
Southwest,12/21/2007,39.6,46.3,53.2,52.6,35.9
Southwest,12/22/2007,29.7,37.7,47.2,51.2,33.7
Southwest,12/23/2007,31.8,39.2,53.2,52.5,32.6
Southwest,12/24/2007,36.4,44.4,57.2,54.5,35.1
Southwest,12/25/2007,37,44.4,53,52.1,34.1
Southwest,12/26/2007,28.8,36.2,46.1,47.4,31.6
Southwest,12/27/2007,29,36,43,44.3,28.4
Southwest,12/28/2007,27.4,33.5,43.7,44.9,29
Southwest,12/29/2007,30.6,37.4,47.9,48.2,30.1
Southwest,12/30/2007,32.3,40.2,53.1,52.7,32.8
Southwest,12/31/2007,35.6,44.1,57.2,55.8,34
Southwest,1/1/2008,34.1,43.6,57.2,57.3,36.2
Southwest,1/2/2008,38.9,45.5,57.5,58.6,37.6
Southwest,1/3/2008,39.9,47.5,61,60.2,41.1
Southwest,1/4/2008,44.4,51.1,62.1,60.6,42.9
Southwest,1/5/2008,44.4,51.2,58.8,59.3,45.3
Southwest,1/6/2008,47.2,50.9,57,56.7,44.8
Southwest,1/7/2008,42.7,47,54.4,54.9,42.1
Southwest,1/8/2008,36.4,43.9,53.2,54.3,39.3
Southwest,1/9/2008,38.8,45.6,55.2,54.5,37.1
Southwest,1/10/2008,36.2,44.4,55.2,56.2,37.5
Southwest,1/11/2008,37.6,46.1,58.2,57.1,37.2
Southwest,1/12/2008,37.9,46.8,58,57.6,37.5
Southwest,1/13/2008,37,45.7,56.5,57.3,37.2
Southwest,1/14/2008,36.8,45.4,57.5,56.8,36.4
Southwest,1/15/2008,35.5,44.5,56.3,55.5,35.6
Southwest,1/16/2008,34.6,43.5,52.7,52.3,32.3
Southwest,1/17/2008,26.8,36.5,48,50.1,30.2
Southwest,1/18/2008,29.3,37,49.5,50.5,28.8
Southwest,1/19/2008,30.2,39.7,53.9,53.3,30.4
Southwest,1/20/2008,31.8,42.1,56.4,54.5,31.9
Southwest,1/21/2008,33.8,42.8,53.3,54.9,33.5
Southwest,1/22/2008,34.9,43.5,55.1,55.2,35.1
Southwest,1/23/2008,36.6,45.6,57.2,55.6,36.5
Southwest,1/24/2008,38.1,44.2,54.5,56.3,37.6
Southwest,1/25/2008,38,44.7,57.1,57.8,38.4
Southwest,1/26/2008,39.1,48.2,61.8,59.2,41.2
Southwest,1/27/2008,46.6,50.4,58.8,58.7,43.7
Southwest,1/28/2008,45.4,50.8,55.5,55.8,42.3
Southwest,1/29/2008,35,43.3,53.2,53.1,38.2
Southwest,1/30/2008,34.2,41.9,50.6,50.6,32.8
Southwest,1/31/2008,29.1,37.8,48,51.1,31.8
Southwest,2/1/2008,32,40.5,54.7,53,32.2
Southwest,2/2/2008,35.5,44.8,56.4,55.8,34.9
Southwest,2/3/2008,37.1,45.4,56.3,55.5,37.2
Southwest,2/4/2008,38.9,45.2,53.7,52.3,35.2
Southwest,2/5/2008,29.5,37.8,47,50.6,32.7
Southwest,2/6/2008,29.8,38.3,51.2,51.6,30.9
Southwest,2/7/2008,33.5,42.7,56.6,56.9,34
Southwest,2/8/2008,38.8,48.5,62.9,62.1,37.6
Southwest,2/9/2008,40.5,51.2,66.7,66.5,40.8
Southwest,2/10/2008,43.2,54.8,69.9,68.6,43.1
Southwest,2/11/2008,45.6,56.3,69.1,68.9,44.4
Southwest,2/12/2008,44.3,55.2,67.7,68.6,44.8
Southwest,2/13/2008,44.6,55.7,68.9,67.5,43.7
Southwest,2/14/2008,42.3,52.4,66,63.8,42.2
Southwest,2/15/2008,39.6,46.5,56.4,59.8,39.6
Southwest,2/16/2008,36.8,45.1,57,57.8,38
Southwest,2/17/2008,37.6,47.4,60,60.3,37.8
Southwest,2/18/2008,39,49.3,63.8,63.4,39.9
Southwest,2/19/2008,43.1,53.5,66.3,65,41.8
Southwest,2/20/2008,43.4,52.8,64.8,63.9,42.1
Southwest,2/21/2008,39.8,49.4,60.6,60.6,41.6
Southwest,2/22/2008,41.5,48.4,56.3,58.7,40.8
Southwest,2/23/2008,41,48.8,59.2,61.9,42
Southwest,2/24/2008,43.4,53.2,70.1,65.9,42.6
Southwest,2/25/2008,43.5,55.3,68.4,68.7,42.9
Southwest,2/26/2008,41.8,53.8,67.6,69.1,42.5
Southwest,2/27/2008,42.3,55,71.3,71.2,43.5
Southwest,2/28/2008,46.3,58.9,74.6,73.3,45.5
Southwest,2/29/2008,47.8,60.4,74.1,74.3,47.9
Southwest,3/1/2008,49.5,61.1,74.2,73.4,47.2
Southwest,3/2/2008,44.2,55.9,71.8,68.2,42.8
Southwest,3/3/2008,34.8,45.9,58.5,65.2,38.9
Southwest,3/4/2008,37.8,49.2,65.3,62.8,37.3
Southwest,3/5/2008,39.4,52,64.7,64.2,37.8
Southwest,3/6/2008,36.2,48,62.6,63.7,37.6
Southwest,3/7/2008,37.3,48.8,63.9,64.8,38.3
Southwest,3/8/2008,41.5,53.1,67.8,66.3,40
Southwest,3/9/2008,41.3,53.8,67.2,68.6,42.4
Southwest,3/10/2008,44.4,56.4,70.7,70.4,44.1
Southwest,3/11/2008,46.6,59.2,73.4,73.5,47
Southwest,3/12/2008,50.1,61.9,76.5,75.4,48.7
Southwest,3/13/2008,49.5,62,76.2,75.9,49.3
Southwest,3/14/2008,48.3,61.2,75.1,74.3,46.6
Southwest,3/15/2008,42.1,56,71.5,71,43.4
Southwest,3/16/2008,39.9,49.6,66.4,65,39.3
Southwest,3/17/2008,35.8,45.2,57.2,63.5,38
Southwest,3/18/2008,38.3,50.2,67,65.4,39.1
Southwest,3/19/2008,43.3,56.3,72.1,71.8,42.7
Southwest,3/20/2008,46.6,60.5,76.3,75,46.1
Southwest,3/21/2008,48.4,62,76.7,76.8,48
Southwest,3/22/2008,48.9,62.6,77.4,76.6,48.4
Southwest,3/23/2008,47.9,61.5,75.8,77,48.1
Southwest,3/24/2008,47.4,61.2,77.9,77.9,48.7
Southwest,3/25/2008,50.7,64.9,80.1,78.9,49.6
Southwest,3/26/2008,50.7,64.6,78.8,78.8,50.3
Southwest,3/27/2008,49.4,63.6,77.4,77.7,50
Southwest,3/28/2008,50,63.4,76.9,76.7,49.4
Southwest,3/29/2008,48.7,62.3,75.8,75.7,49
Southwest,3/30/2008,48.4,61.6,74.4,73.9,46.4
Southwest,3/31/2008,42.2,56.5,71.4,73.6,45.2
Southwest,4/1/2008,44.9,58.9,75.1,74.3,45
Southwest,4/2/2008,47.8,62.1,76.4,75.4,46.4
Southwest,4/3/2008,46.4,60.2,74.8,75.2,46.8
Southwest,4/4/2008,46.1,60,74.4,74.8,46.5
Southwest,4/5/2008,47,61.3,75.3,75.1,46.7
Southwest,4/6/2008,47,61.6,75.6,75.4,47.3
Southwest,4/7/2008,48,61.8,75.3,75.5,47.4
Southwest,4/8/2008,47.1,61.6,75.6,74.9,46.9
Southwest,4/9/2008,45.5,57.6,73.9,72.5,44.2
Southwest,4/10/2008,40.1,54.1,67.9,71.4,43
Southwest,4/11/2008,43.5,57.1,72.5,72.3,43.6
Southwest,4/12/2008,47.1,60.6,76.4,77.5,46.8
Southwest,4/13/2008,49.7,65.2,83.5,82.3,50
Southwest,4/14/2008,53.3,69.6,87.1,85.4,52.2
Southwest,4/15/2008,53.5,69.7,85.7,84.8,51.7
Southwest,4/16/2008,48.4,64,81.6,80.3,48.2
Southwest,4/17/2008,42.8,57.4,73.5,78.4,45.6
Southwest,4/18/2008,45.7,60.7,80,78.6,46.5
Southwest,4/19/2008,50.9,66.9,82.4,80.6,47.8
Southwest,4/20/2008,46.9,62.7,79.3,79.3,47.8
Southwest,4/21/2008,45.6,61,76.2,79.1,47.3
Southwest,4/22/2008,49.3,64.8,81.7,79.5,49
Southwest,4/23/2008,52,66.9,80.7,80.6,50.5
Southwest,4/24/2008,50.3,65.2,79.3,80.1,50.3
Southwest,4/25/2008,48.6,64.4,80.2,81.7,50.3
Southwest,4/26/2008,52,67.9,85.5,83.4,51.5
Southwest,4/27/2008,54,69.3,84.4,85.2,52.9
Southwest,4/28/2008,52.6,68.5,85.6,86.2,54.5
Southwest,4/29/2008,57,72.6,88.7,87.1,54.8
Southwest,4/30/2008,54.7,70.2,87,85.3,53.6
Southwest,5/1/2008,49.1,63.7,80.3,81.2,50
Southwest,5/2/2008,46.3,61.2,76.4,79.3,48.3
Southwest,5/3/2008,49.5,64.5,81.2,80.7,50.1
Southwest,5/4/2008,54.4,69.2,84.6,83.1,52.8
Southwest,5/5/2008,54.6,69.4,83.4,82.9,53.4
Southwest,5/6/2008,51.2,64.7,80.6,81.5,51.9
Southwest,5/7/2008,50,64.2,80.6,81.1,51.3
Southwest,5/8/2008,52.8,67.5,82,82.4,52.5
Southwest,5/9/2008,54.6,69.7,84.6,84,53.8
Southwest,5/10/2008,54.1,69.8,85.3,85.7,55.2
Southwest,5/11/2008,57,72.1,87.3,86.3,55.4
Southwest,5/12/2008,55,70.7,86.3,85.5,54.8
Southwest,5/13/2008,52.5,66.1,82.9,83.2,53
Southwest,5/14/2008,51.5,64.9,80.4,82.3,53.4
Southwest,5/15/2008,56.3,70.1,83.7,82.3,55
Southwest,5/16/2008,57.1,70.5,82.7,85.1,57.4
Southwest,5/17/2008,58.8,73.1,89,88.8,59.7
Southwest,5/18/2008,63.1,78.5,94.8,94.2,62.9
Southwest,5/19/2008,66.8,82.6,98.9,97.2,65.7
Southwest,5/20/2008,67.3,83.3,97.8,97.5,65.7
Southwest,5/21/2008,62.9,78.1,95.9,92.2,60.8
Southwest,5/22/2008,52.2,66,82.9,82.9,54.2
Southwest,5/23/2008,47.4,57.7,69.9,74.3,48.8
Southwest,5/24/2008,46.8,57.1,70,72.5,47.9
Southwest,5/25/2008,49.6,62.7,77.7,74.9,49.1
Southwest,5/26/2008,50.8,64.7,77.1,79.2,51
Southwest,5/27/2008,52.7,67.2,82.9,81.5,53.4
Southwest,5/28/2008,56.7,71,84.5,84.7,55.9
Southwest,5/29/2008,58.3,72.5,86.6,86.6,57.8
Southwest,5/30/2008,58.4,73.6,88.7,89.1,59
Southwest,5/31/2008,60.3,76.2,91.9,91.8,60.5
Southwest,6/1/2008,62.7,78.9,94.8,93.6,62.6
Southwest,6/2/2008,64.9,80.1,94.1,93.8,63.6
Southwest,6/3/2008,63.3,78.7,92.6,92.4,62.9
Southwest,6/4/2008,60.4,76.1,90.6,89.8,59.2
Southwest,6/5/2008,53.9,69.6,86.2,89,57.6
Southwest,6/6/2008,58.5,73.2,90.1,89.7,58.3
Southwest,6/7/2008,62.6,78.3,92.9,91.7,60.9
Southwest,6/8/2008,61.7,77.7,92.2,93.5,62.8
Southwest,6/9/2008,64,79.7,95.4,95.4,64.3
Southwest,6/10/2008,67.1,83.1,98.5,97,65.2
Southwest,6/11/2008,64.4,80.2,97,96.1,64.2
Southwest,6/12/2008,61.2,77.5,92.7,95.6,63.7
Southwest,6/13/2008,65.6,81.1,97.1,96.8,65.3
Southwest,6/14/2008,69.2,84.6,100.7,99.9,68.9
Southwest,6/15/2008,72,87.3,101.9,101.8,71.2
Southwest,6/16/2008,72.4,87.9,102.7,102.6,72.7
Southwest,6/17/2008,73.8,89,103.2,102.8,73.3
Southwest,6/18/2008,73.6,89.1,102.6,102.9,73
Southwest,6/19/2008,71.5,87.8,102.9,102.9,72
Southwest,6/20/2008,70.9,87.4,103.1,103,71.7
Southwest,6/21/2008,72.6,88.4,102.9,102.3,71.3
Southwest,6/22/2008,70.5,86.5,101,101.7,71.6
Southwest,6/23/2008,71.6,87.3,101.3,101,71.1
Southwest,6/24/2008,71.1,86.9,100.6,100.3,70.8
Southwest,6/25/2008,69.7,85.1,99,99.2,69.9
Southwest,6/26/2008,69,84.1,98,98.1,69.4
Southwest,6/27/2008,69.5,84.2,97.4,98.2,69.9
Southwest,6/28/2008,71.1,85.4,99.2,98.5,70.8
Southwest,6/29/2008,71.9,86.1,99,99,71.8
Southwest,6/30/2008,72.4,86,98.9,99.2,72.3
Southwest,7/1/2008,72.5,86.7,99.8,99.8,72.5
Southwest,7/2/2008,72.6,86.9,100.7,100.1,72.5
Southwest,7/3/2008,72.4,86.8,99.7,99.7,72.5
Southwest,7/4/2008,72.4,85.4,98.8,98.5,73
Southwest,7/5/2008,74.3,85.9,96.9,97.3,73.7
Southwest,7/6/2008,74.5,86.2,96.3,95.9,74.6
Southwest,7/7/2008,75,84.2,94.5,96.2,74.7
Southwest,7/8/2008,74.7,86.1,97.8,96.1,74.9
Southwest,7/9/2008,74.9,84.9,96,94.9,74.2
Southwest,7/10/2008,72.9,81.7,90.8,91.8,72.6
Southwest,7/11/2008,69.9,77.4,88.7,89.6,71.2
Southwest,7/12/2008,70.8,78.8,89.2,89.7,71
Southwest,7/13/2008,72.2,81.4,91.2,90.2,71.9
Southwest,7/14/2008,72.6,81.5,90.3,92,72.5
Southwest,7/15/2008,72.8,83,94.4,93.8,72.8
Southwest,7/16/2008,73.1,85,96.7,96.3,73.2
Southwest,7/17/2008,73.7,85.8,97.9,98,73.7
Southwest,7/18/2008,74.2,86.9,99.4,98.6,73.5
Southwest,7/19/2008,72.7,84.7,98.5,97.1,73.2
Southwest,7/20/2008,72.7,80.9,93.4,94.7,72.8
Southwest,7/21/2008,72.9,81.1,92.1,93.8,73.1
Southwest,7/22/2008,73.6,84.6,96,95,73.2
Southwest,7/23/2008,73.1,85.1,96.9,97.1,73.6
Southwest,7/24/2008,74.2,86.4,98.4,97.6,74.2
Southwest,7/25/2008,75.3,86.1,97.5,96.4,74.8
Southwest,7/26/2008,74.9,84,93.2,94.5,73.8
Southwest,7/27/2008,71.3,82.1,92.9,93.6,71.6
Southwest,7/28/2008,68.7,81.5,94.7,94.9,69.7
Southwest,7/29/2008,69.1,82.8,97.1,96.9,69.9
Southwest,7/30/2008,71.9,85,99,99.2,71.5
Southwest,7/31/2008,73.4,87.1,101.6,101.3,73.5
Southwest,8/1/2008,75.1,89.1,103.2,102.3,74.3
Southwest,8/2/2008,74.5,88.2,102.2,101.6,74.1
Southwest,8/3/2008,72.7,85.3,99.4,98.8,74
Southwest,8/4/2008,74.9,84,94.8,96.5,74.1
Southwest,8/5/2008,74.6,84.8,95.4,95.6,75.3
Southwest,8/6/2008,76.3,86.4,96.7,96.1,76.1
Southwest,8/7/2008,77.5,87.1,96.3,95.6,75.9
Southwest,8/8/2008,74,84.4,93.9,94.4,75
Southwest,8/9/2008,73.4,83.4,92.9,94.5,73.5
Southwest,8/10/2008,73.1,84.2,96.6,95.9,73
Southwest,8/11/2008,72.4,85.1,98.3,97.9,72.6
Southwest,8/12/2008,72.3,85.5,98.8,98.4,72.6
Southwest,8/13/2008,73,85.3,98.1,97.8,73.7
Southwest,8/14/2008,75.7,86.4,96.4,97.1,74.3
Southwest,8/15/2008,74.1,85.6,96.9,96.3,74.4
Southwest,8/16/2008,73.5,83.8,95.6,95.1,72.6
Southwest,8/17/2008,70.2,81.5,92.9,94.2,71.2
Southwest,8/18/2008,69.9,81.7,94,93.9,69.7
Southwest,8/19/2008,69,81.8,94.9,95,69.5
Southwest,8/20/2008,69.5,82.7,96.1,96.1,69.5
Southwest,8/21/2008,70,83.6,97.2,96.7,70
Southwest,8/22/2008,70.5,83.8,96.8,97,70.8
Southwest,8/23/2008,71.8,84.4,97.1,96.7,71.6
Southwest,8/24/2008,72.6,84.3,96.2,96,72.5
Southwest,8/25/2008,73.1,83.3,94.8,92.8,72
Southwest,8/26/2008,70.2,77.6,87.4,89.4,71.2
Southwest,8/27/2008,70.2,77.5,86.1,88.3,70.8
Southwest,8/28/2008,72,80.8,91.4,89.8,71.9
Southwest,8/29/2008,73.5,82.6,91.9,91.1,72.4
Southwest,8/30/2008,71.7,80.6,90,88.8,71.6
Southwest,8/31/2008,69.6,76.7,84.5,87.6,69.6
Southwest,9/1/2008,67.4,76.3,88.2,88.4,68.8
Southwest,9/2/2008,69.5,80.3,92.4,90.9,68.9
Southwest,9/3/2008,69.7,80.7,92.1,93,69.4
Southwest,9/4/2008,69,81.1,94.6,94.6,69.8
Southwest,9/5/2008,70.6,83.6,97,96.8,70.5
Southwest,9/6/2008,71.8,84.9,98.7,97.6,72.1
Southwest,9/7/2008,73.8,85.2,97.2,96.5,72.1
Southwest,9/8/2008,70.8,82.3,93.6,94.1,71.2
Southwest,9/9/2008,69,79.2,91.4,90.6,69.2
Southwest,9/10/2008,67.8,76.8,86.7,87.7,68
Southwest,9/11/2008,67.3,75.9,84.9,85.5,66.9
Southwest,9/12/2008,65.5,74.6,84.8,86.1,65.9
Southwest,9/13/2008,64.9,75.7,88.6,88.3,65.2
Southwest,9/14/2008,65.2,77.4,91.5,90,65.4
Southwest,9/15/2008,66.2,77.7,89.8,89.6,65.3
Southwest,9/16/2008,64.6,75.8,87.5,88.1,65.4
Southwest,9/17/2008,65.5,76.3,87.1,87.7,65.4
Southwest,9/18/2008,66,76.8,88.6,88.5,66.5
Southwest,9/19/2008,68.1,78.2,89.8,89.7,67.5
Southwest,9/20/2008,68.4,79,90.8,90.5,67.9
Southwest,9/21/2008,67.2,78.8,91,90.6,67.4
Southwest,9/22/2008,66.6,78.3,90.1,90.6,66.4
Southwest,9/23/2008,65.4,77.4,90.8,92,66.4
Southwest,9/24/2008,67.2,79.8,95.2,93.1,67.6
Southwest,9/25/2008,70.1,81.4,93.3,93,68.7
Southwest,9/26/2008,68.9,79.5,90.6,90.6,69.3
Southwest,9/27/2008,68.8,78.4,87.9,89.7,68.6
Southwest,9/28/2008,68,78.2,90.6,89.5,67.6
Southwest,9/29/2008,66,77.8,89.9,90,66.9
Southwest,9/30/2008,66.8,77.7,89.5,90.2,66.2
Southwest,10/1/2008,65.8,78,91.2,90.4,66.2
Southwest,10/2/2008,65.9,78,90.4,89.8,65.3
Southwest,10/3/2008,64.3,75.7,87.8,87,64.1
Southwest,10/4/2008,62,71.6,82.7,82.1,60.5
Southwest,10/5/2008,55.3,65.6,75.7,79.6,57.5
Southwest,10/6/2008,55.2,66.4,80.4,80.5,56.1
Southwest,10/7/2008,57.9,70.2,85.5,85,57.8
Southwest,10/8/2008,60.4,73.2,89,87.4,60.3
Southwest,10/9/2008,62.5,75,87.7,86.8,60.8
Southwest,10/10/2008,59.4,71.2,83.8,83.6,59.2
Southwest,10/11/2008,55.6,65,79.4,76.9,53.7
Southwest,10/12/2008,46.2,56.4,67.4,72.2,48.2
Southwest,10/13/2008,42.8,54.7,69.8,69.7,45.4
Southwest,10/14/2008,47.2,58,71.8,73.7,46.8
Southwest,10/15/2008,50.4,62.6,79.6,78.1,50.9
Southwest,10/16/2008,55.2,67.3,82.8,83,54.6
Southwest,10/17/2008,58.1,70.7,86.6,85.5,57.9
Southwest,10/18/2008,60.4,72.8,87,86.7,59.5
Southwest,10/19/2008,60.1,72.5,86.5,86,60.2
Southwest,10/20/2008,60,71.9,84.5,85,59.6
Southwest,10/21/2008,58.7,70.3,83.9,82.8,58.4
Southwest,10/22/2008,56.4,67.7,80.1,80.9,54.9
Southwest,10/23/2008,49.5,62.1,78.6,79.8,52.5
Southwest,10/24/2008,51.5,64.2,80.6,80.6,51.7
Southwest,10/25/2008,54.1,66.3,82.6,82.9,54.1
Southwest,10/26/2008,56.8,68.9,85.6,83.2,56.4
Southwest,10/27/2008,58.2,69.1,81.4,83.6,57.2
Southwest,10/28/2008,56.5,68,83.8,83.3,57.7
Southwest,10/29/2008,58.3,70.2,84.8,84.4,58
Southwest,10/30/2008,59.2,70.8,84.7,84.6,59.6
Southwest,10/31/2008,61.2,71.8,84.2,84.3,60.2
Southwest,11/1/2008,60.2,71.1,84,82.9,60.3
Southwest,11/2/2008,59.4,69.7,80.6,80.5,58
Southwest,11/3/2008,54.5,65.5,76.9,76.7,55
Southwest,11/4/2008,51,61.5,72.5,71.9,50.3
Southwest,11/5/2008,45.5,55.6,66.4,68.2,45.8
Southwest,11/6/2008,40.8,51.8,65.6,67.1,43.4
Southwest,11/7/2008,43.8,54.5,69.3,69,43.2
Southwest,11/8/2008,45,56.7,72.2,70,45.2
Southwest,11/9/2008,46.7,57.4,68.6,67.3,44.1
Southwest,11/10/2008,40.5,50.6,61.2,64.5,43.3
Southwest,11/11/2008,42.6,51.7,63.8,64,42
Southwest,11/12/2008,42.9,53,67,67.9,44.3
Southwest,11/13/2008,47.5,57.6,72.9,72.1,46.9
Southwest,11/14/2008,50.2,61.1,76.4,73.8,48.6
Southwest,11/15/2008,48.1,59.5,72,74.1,48.2
Southwest,11/16/2008,46.3,57.7,74,74.6,47.8
Southwest,11/17/2008,49,60.5,77.7,76.8,48.8
Southwest,11/18/2008,51,62.9,78.8,78,50.2
Southwest,11/19/2008,50.6,62.4,77.5,76.9,50.5
Southwest,11/20/2008,49.9,61.6,74.4,73.4,48.4
Southwest,11/21/2008,44.7,56.3,68.3,71.8,47
Southwest,11/22/2008,46.4,56.5,72.6,71.1,46.4
Southwest,11/23/2008,48.1,59,72.5,72.6,47.2
Southwest,11/24/2008,47.1,58.3,72.7,71.9,49
Southwest,11/25/2008,51.8,59,70.4,70.8,50
Southwest,11/26/2008,51.1,59.3,69.2,67.8,51.8
Southwest,11/27/2008,52.4,56.6,63.7,64.1,49.7
Southwest,11/28/2008,45.5,51.6,59.5,61.6,46.9
Southwest,11/29/2008,42.9,50.8,61.6,62.1,44.3
Southwest,11/30/2008,44.6,52.8,65.1,65.1,44.3
Southwest,12/1/2008,45.3,54.9,68.5,68,46
Southwest,12/2/2008,48.1,57.4,70.4,67.9,46.1
Southwest,12/3/2008,44.8,54.5,64.7,65.8,45.1
Southwest,12/4/2008,42.4,51.8,62.4,63.8,43
Southwest,12/5/2008,41.7,51.3,64.4,64,42.3
Southwest,12/6/2008,42.8,52.4,65.2,64.6,43.1
Southwest,12/7/2008,44.8,53.4,64.2,63.1,43.5
Southwest,12/8/2008,42.8,51.6,59.9,59.9,42
Southwest,12/9/2008,38.5,46.9,55.5,57.5,39.1
Southwest,12/10/2008,36.1,44.6,57,59,38.7
Southwest,12/11/2008,41.5,49.7,64.5,62.2,41
Southwest,12/12/2008,45.3,53.3,65.2,63.5,43.3
Southwest,12/13/2008,43,52.3,60.9,60.8,42.2
Southwest,12/14/2008,38.4,45.7,56.3,55.9,39.4
Southwest,12/15/2008,36.8,41.8,50.5,52.4,39.3
Southwest,12/16/2008,42.8,45.4,50.5,53.1,41.4
Southwest,12/17/2008,44.7,49,58.4,54.5,43.5
Southwest,12/18/2008,43,48.5,54.6,55.1,41
Southwest,12/19/2008,35.3,42.3,52.3,53.4,37.6
Southwest,12/20/2008,34.6,42.6,53.2,53.7,35.3
Southwest,12/21/2008,35.9,43.8,55.7,54.1,36.2
Southwest,12/22/2008,38.1,44.8,53.3,53.3,38
Southwest,12/23/2008,40,45.5,50.8,52.6,38
Southwest,12/24/2008,35.9,42.6,53.6,52.4,39.5
Southwest,12/25/2008,42.7,46.4,52.8,52.6,39.5
Southwest,12/26/2008,39.9,45.8,51.4,48.9,36.8
Southwest,12/27/2008,27.8,34.6,42.4,48.3,32.4
Southwest,12/28/2008,29.6,36.5,51,51.5,31.2
Southwest,12/29/2008,36.3,44.4,61.2,58.8,35.5
Southwest,12/30/2008,40.6,49.6,64.2,63,39.5
Southwest,12/31/2008,41.6,50.9,63.5,63.4,41.3
Southwest,1/1/2009,41.6,50.7,62.5,62.8,41.5
Southwest,1/2/2009,41.4,50.6,62.3,60.9,41
Southwest,1/3/2009,40,48.9,57.9,57.9,40.5
Southwest,1/4/2009,40,46.2,53.4,53.9,38.6
Southwest,1/5/2009,35.7,42.3,50.5,51.5,36.4
Southwest,1/6/2009,33.5,40.9,50.6,52,34.5
Southwest,1/7/2009,34.2,42.6,54.9,55.9,35.8
Southwest,1/8/2009,39.6,47.5,62.3,59.3,38.4
Southwest,1/9/2009,41.3,49.9,60.7,59.7,38.9
Southwest,1/10/2009,35.7,45.1,56,58.9,38.2
Southwest,1/11/2009,37.5,45.7,60,60.4,37.9
Southwest,1/12/2009,40.6,50.1,65.3,62.9,39.7
Southwest,1/13/2009,40.9,50.8,63.3,64.3,40.7
Southwest,1/14/2009,40.6,50.7,64.2,64.7,41.1
Southwest,1/15/2009,41.8,52,66.7,66.3,41.8
Southwest,1/16/2009,43,53.2,68.1,67.6,42.8
Southwest,1/17/2009,43.6,54.1,67.9,68.2,43.4
Southwest,1/18/2009,43.6,54.3,68.6,68.6,44
Southwest,1/19/2009,44.7,54.9,69.4,69.6,44.5
Southwest,1/20/2009,45.2,55.8,70.7,70.2,46.9
Southwest,1/21/2009,50.8,58.4,70.5,70,49.5
Southwest,1/22/2009,52.4,60,68.7,68.4,51.5
Southwest,1/23/2009,51.3,57.7,66,66.4,50.6
Southwest,1/24/2009,48.1,55.7,64.6,64.9,48.3
Southwest,1/25/2009,45.4,54.3,64.1,63.4,44.2
Southwest,1/26/2009,39,48.7,61.5,59.7,39.6
Southwest,1/27/2009,34.3,43.3,53.4,57.2,35.3
Southwest,1/28/2009,32.6,42.1,56.6,57.3,34.5
Southwest,1/29/2009,36.7,46.8,61.9,61.5,36.2
Southwest,1/30/2009,39.3,49.9,65.9,64.9,38.8
Southwest,1/31/2009,40.4,51.8,67,65.8,40.3
Southwest,2/1/2009,41.2,52.2,64.5,65.7,40.4
Southwest,2/2/2009,39.7,51.1,65.6,66.9,41
Southwest,2/3/2009,42.2,53.8,70.7,69.6,41.8
Southwest,2/4/2009,43.6,56,72.5,71.9,43.7
Southwest,2/5/2009,45.3,57.1,72.4,71.3,44.1
Southwest,2/6/2009,43.5,54.9,69,68.2,44.5
Southwest,2/7/2009,44.7,52.7,63.1,64,44.3
Southwest,2/8/2009,44.6,49.8,59.9,58.5,42.4
Southwest,2/9/2009,37.9,44.2,52.6,54.4,38.7
Southwest,2/10/2009,33.7,41.7,50.6,51.9,34.2
Southwest,2/11/2009,30.9,40,52.6,53.6,34
Southwest,2/12/2009,37.5,45.6,57.7,55.1,34.3
Southwest,2/13/2009,34.4,44.1,55.1,55.5,35.7
Southwest,2/14/2009,35.1,43.9,53.8,56.1,35.1
Southwest,2/15/2009,35.8,45.6,59.4,58.3,37.2
Southwest,2/16/2009,40.8,50.5,61.6,60.3,40.1
Southwest,2/17/2009,43.8,50.2,59.8,59.6,40.4
Southwest,2/18/2009,36.5,46.3,57.5,60.2,38.9
Southwest,2/19/2009,36.5,48,63.4,62.8,37.3
Southwest,2/20/2009,38.8,51.3,67.6,66.9,39.2
Southwest,2/21/2009,42.2,54.5,69.8,70.4,42.7
Southwest,2/22/2009,47,58.4,73.9,74.4,47.7
Southwest,2/23/2009,53.8,64.2,79.6,77,51.3
Southwest,2/24/2009,53.1,64.6,77.4,78.2,52.4
Southwest,2/25/2009,50.4,63,77.6,76.8,50.3
Southwest,2/26/2009,47.5,60.3,75.5,74.5,47.6
Southwest,2/27/2009,45,57.2,70.3,73.1,46
Southwest,2/28/2009,45.4,58.1,73.6,73.4,46
Southwest,3/1/2009,47.6,60.1,76.2,77,47.5
Southwest,3/2/2009,49.6,63.1,81.3,79.2,50.6
Southwest,3/3/2009,54.6,66.6,80,79.5,52.5
Southwest,3/4/2009,53.3,64.5,77.2,76.3,51.8
Southwest,3/5/2009,47.6,58.7,71.6,72.6,49.6
Southwest,3/6/2009,47.9,58.1,68.9,68.4,45.3
Southwest,3/7/2009,40.4,52.2,64.6,67.3,42.8
Southwest,3/8/2009,40.1,52.4,68.3,66.5,41.9
Southwest,3/9/2009,45.3,55.2,66.7,66.9,42.1
Southwest,3/10/2009,41,52.4,65.8,66.9,43.5
Southwest,3/11/2009,44.1,55.2,68.2,67.5,42.6
Southwest,3/12/2009,42.8,55.1,68.5,67.7,42.8
Southwest,3/13/2009,41.4,53.3,66.3,67.2,42.3
Southwest,3/14/2009,42.6,54,66.8,67.2,42.2
Southwest,3/15/2009,42.5,54.8,68.5,69.6,43.4
Southwest,3/16/2009,45.2,57.7,73.5,73.6,45.6
Southwest,3/17/2009,49.1,62.5,78.9,77.8,48.8
Southwest,3/18/2009,52,65.8,81,80.5,51.3
Southwest,3/19/2009,52.8,67,81.5,81.3,53.2
Southwest,3/20/2009,54.9,67.3,81.4,80.7,53.1
Southwest,3/21/2009,51.7,65.3,79.1,79.2,52.7
Southwest,3/22/2009,51.4,63.2,77.1,75,47.3
Southwest,3/23/2009,38.9,52.3,68.7,70.9,43
Southwest,3/24/2009,38.6,51.6,67,69,40.1
Southwest,3/25/2009,42.8,55.7,71.2,69.9,41.9
Southwest,3/26/2009,44.4,57.7,71.6,70.8,41.4
Southwest,3/27/2009,37.1,50.9,69.5,70.2,40.2
Southwest,3/28/2009,39,52.2,69.6,71,40.7
Southwest,3/29/2009,46,59,74,71.8,42.6
Southwest,3/30/2009,42.7,55.8,71.7,71.8,42.7
Southwest,3/31/2009,39.3,53.1,69.6,70.3,41.6
Southwest,4/1/2009,42.8,56.5,69.7,70.7,41.9
Southwest,4/2/2009,43.5,57.1,72.8,71.4,44.2
Southwest,4/3/2009,46.4,59.2,71.8,71.1,43
Southwest,4/4/2009,39,53.6,68.8,70.2,41.2
Southwest,4/5/2009,38.3,52.4,69.9,72.2,40.5
Southwest,4/6/2009,44.3,59.7,77.9,76.6,43.8
Southwest,4/7/2009,48.8,64.5,82.1,80.1,47.1
Southwest,4/8/2009,48.2,62.4,80.3,77.2,46
Southwest,4/9/2009,41.1,55.6,69.1,74.2,45.2
Southwest,4/10/2009,46.3,59.4,73.1,70.1,44.6
Southwest,4/11/2009,46.3,53.8,68,70.3,44.9
Southwest,4/12/2009,42.2,53.5,69.7,71.3,45.5
Southwest,4/13/2009,47.9,60.7,76.1,74.7,47.9
Southwest,4/14/2009,53.7,66.3,78.3,76.1,49.2
Southwest,4/15/2009,46.1,58.4,74,71.3,45.6
Southwest,4/16/2009,37,49.6,61.7,67.7,41.2
Southwest,4/17/2009,40.4,53,67.3,68.5,41.3
Southwest,4/18/2009,46.6,59.7,76.5,75.9,47.1
Southwest,4/19/2009,54.2,68,83.9,82.9,52.4
Southwest,4/20/2009,56.4,72.1,88.2,87.8,56.9
Southwest,4/21/2009,60.1,75.7,91.3,89.9,59
Southwest,4/22/2009,60.6,76.1,90.1,89.3,59.2
Southwest,4/23/2009,57,71.7,86.5,86.5,57.6
Southwest,4/24/2009,55.2,69.3,83,83.1,54.9
Southwest,4/25/2009,52.6,66.2,79.9,79.1,51.5
Southwest,4/26/2009,46.6,61.1,74.5,77.4,49.4
Southwest,4/27/2009,48.9,63,77.9,77.7,48.9
Southwest,4/28/2009,51.3,66,80.6,79.7,50.5
Southwest,4/29/2009,51.3,66.3,80.5,81.8,51.9
Southwest,4/30/2009,53.1,68,84.2,83.8,54.1
Southwest,5/1/2009,57.9,71.9,86.6,85.4,57.1
Southwest,5/2/2009,60.4,72.4,85.3,85.5,58.7
Southwest,5/3/2009,57.7,70.3,84.7,85.3,58.9
Southwest,5/4/2009,58.6,72.5,85.9,86.7,59.4
Southwest,5/5/2009,61.8,75.2,89.4,89,60.7
Southwest,5/6/2009,61.6,76.4,91.7,91.8,62.3
Southwest,5/7/2009,63.6,78.7,94.2,93.5,63.4
Southwest,5/8/2009,64.9,79.9,94.6,94,63.9
Southwest,5/9/2009,63.1,78.6,93.3,93.8,63.2
Southwest,5/10/2009,61.5,77.6,93.5,93.2,62.1
Southwest,5/11/2009,61.8,77.7,92.9,92.7,61.4
Southwest,5/12/2009,61,76.8,91.7,92,61.1
Southwest,5/13/2009,60.4,76.5,91.3,91.3,61
Southwest,5/14/2009,61.7,76.6,90.8,91.3,61.5
Southwest,5/15/2009,62.5,77.5,91.8,91.7,62.5
Southwest,5/16/2009,63.4,78.1,92.6,92.9,63.3
Southwest,5/17/2009,64,78.9,94.3,93.9,65.6
Southwest,5/18/2009,69.4,82.9,94.9,94.3,67.5
Southwest,5/19/2009,69.2,81.7,93.6,93.5,68.6
Southwest,5/20/2009,67.1,79.3,91.9,90.6,67
Southwest,5/21/2009,64.8,74.8,86.2,85.4,65.4
Southwest,5/22/2009,64.2,71.2,78.2,83,63.5
Southwest,5/23/2009,61.6,71.8,84.6,83,62.2
Southwest,5/24/2009,60.7,73.8,86.1,85.8,60.7
Southwest,5/25/2009,59.9,73.8,86.6,86.8,60.2
Southwest,5/26/2009,60.1,74.4,87.7,87.7,60.5
Southwest,5/27/2009,61.5,75.5,88.8,88.9,61.6
Southwest,5/28/2009,63.1,76.9,90.3,89.7,62.3
Southwest,5/29/2009,62.4,77,90.1,89.8,62.6
Southwest,5/30/2009,62.3,76.4,89,89.4,62.2
Southwest,5/31/2009,61.8,76,89,89.2,62
Southwest,6/1/2009,62,76.4,89.6,90.3,62.4
Southwest,6/2/2009,63.3,77.7,92.3,92.1,63.5
Southwest,6/3/2009,65.3,80.2,94.3,93.6,65
Southwest,6/4/2009,66.5,81.2,94.2,93.6,65.6
Southwest,6/5/2009,64.9,77.4,92.3,90.1,63.5
Southwest,6/6/2009,59,72.3,83.9,86.4,60.2
Southwest,6/7/2009,56.8,70.5,83.1,84.4,58.6
Southwest,6/8/2009,59.9,73.1,86.1,84.5,60
Southwest,6/9/2009,63.4,73.9,84.4,84.8,61.2
Southwest,6/10/2009,60.2,73.1,83.8,84,61
Southwest,6/11/2009,59.4,72.5,83.9,84.7,59.4
Southwest,6/12/2009,58.7,72.8,86.4,85.8,59.7
Southwest,6/13/2009,61.1,74.7,87.2,86.9,60.5
Southwest,6/14/2009,61.8,75.1,87.2,87.3,61.2
Southwest,6/15/2009,60.6,74.9,87.4,87.5,61.2
Southwest,6/16/2009,61.3,75.1,88,88,62.1
Southwest,6/17/2009,64.4,77,88.5,88.7,63.1
Southwest,6/18/2009,63.7,77.3,89.6,89.2,64.5
Southwest,6/19/2009,65.5,78.6,89.5,89.1,64.9
Southwest,6/20/2009,65.6,77.4,88.3,89.8,64.5
Southwest,6/21/2009,62.3,76.8,91.6,91.7,64.4
Southwest,6/22/2009,65.2,80.2,95.1,94.2,65.4
Southwest,6/23/2009,68.7,82.6,95.9,96.1,67.9
Southwest,6/24/2009,69.8,83.9,97.2,96.5,69.9
Southwest,6/25/2009,71.2,84.2,96.4,96.2,71
Southwest,6/26/2009,72,83.1,94.9,96.7,71.7
Southwest,6/27/2009,71.9,85.2,98.9,97.5,72.9
Southwest,6/28/2009,74.9,87.6,98.8,98.6,73.4
Southwest,6/29/2009,73.4,86.1,98.2,98.2,73.4
Southwest,6/30/2009,71.9,85,97.5,97.1,73.2
Southwest,7/1/2009,74.2,85,95.7,95.3,73.5
Southwest,7/2/2009,74.4,84.5,92.7,94.3,74.1
Southwest,7/3/2009,73.8,84.4,94.6,94.3,73.9
Southwest,7/4/2009,73.5,84.9,95.7,96.2,73.7
Southwest,7/5/2009,73.9,86,98.4,97.3,73.5
Southwest,7/6/2009,73,86,97.9,98.1,73
Southwest,7/7/2009,72.1,85.1,98,98,72.4
Southwest,7/8/2009,72.1,85.5,98.2,98.5,72
Southwest,7/9/2009,71.7,85.9,99.2,99.6,72.9
Southwest,7/10/2009,75,88.2,101.3,101.4,74.4
Southwest,7/11/2009,76.6,90.2,103.8,102.7,76
Southwest,7/12/2009,76.5,90.5,103,103.4,76.2
Southwest,7/13/2009,75.6,90,103.4,103.2,76.5
Southwest,7/14/2009,77.4,90.9,103.2,103,76.7
Southwest,7/15/2009,77.2,89.9,102.3,102.8,77.2
Southwest,7/16/2009,76.9,90,102.8,103.3,77.4
Southwest,7/17/2009,78.2,91.6,104.7,104.2,78.5
Southwest,7/18/2009,80.5,93,105.1,104.8,79.2
Southwest,7/19/2009,78.9,92,104.5,104.3,79
Southwest,7/20/2009,77.7,90.7,103.2,102.6,77.5
Southwest,7/21/2009,75.9,88.1,100.2,100.9,75.9
Southwest,7/22/2009,74.1,87.1,99.4,99.4,74.7
Southwest,7/23/2009,74,86.4,98.6,98.4,74.1
Southwest,7/24/2009,74.3,85.8,97.1,97.5,74.9
Southwest,7/25/2009,76.4,86.7,96.7,98.1,75.9
Southwest,7/26/2009,77,88.5,100.6,100.6,76.9
Southwest,7/27/2009,77.4,90.6,104.4,102.9,77.3
Southwest,7/28/2009,77.4,91,103.7,103.5,76.2
Southwest,7/29/2009,73.8,87.4,102.3,101.6,74
Southwest,7/30/2009,70.9,85,98.7,100,71.9
Southwest,7/31/2009,71.1,85.6,99.1,99.7,71.6
Southwest,8/1/2009,72.8,86.9,101.3,100.4,72.9
Southwest,8/2/2009,74.9,88.1,100.9,101.4,73.9
Southwest,8/3/2009,74.1,88.2,102,101.9,74.6
Southwest,8/4/2009,74.8,88.9,102.8,102.4,75.5
Southwest,8/5/2009,77.5,90.4,102.5,102.2,76.4
Southwest,8/6/2009,77,88.5,101.4,100.2,74
Southwest,8/7/2009,67.6,82.4,96.7,97.5,70.1
Southwest,8/8/2009,65.8,80.4,94.3,95.6,66.5
Southwest,8/9/2009,66.1,81.2,95.7,95.8,66.8
Southwest,8/10/2009,68.6,83.2,97.5,97,68.7
Southwest,8/11/2009,71.3,84.9,97.9,98.3,71.5
Southwest,8/12/2009,74.5,86.7,99.6,98.4,73.6
Southwest,8/13/2009,75.1,85.4,97.8,97.5,73.3
Southwest,8/14/2009,70.4,82.2,95,96.5,71.1
Southwest,8/15/2009,67.7,82.2,96.8,96.5,68.4
Southwest,8/16/2009,67,82.6,97.7,98,67.9
Southwest,8/17/2009,68.9,84.1,99.4,99.2,68.8
Southwest,8/18/2009,70.5,85.6,100.5,99.5,69.8
Southwest,8/19/2009,70,84.6,98.7,99.8,70.1
Southwest,8/20/2009,69.8,84.5,100.1,99.3,70.5
Southwest,8/21/2009,71.7,85.1,99.2,97.7,71.7
Southwest,8/22/2009,73.7,81.6,93.7,95.4,71.9
Southwest,8/23/2009,70.3,81.1,93.4,93.2,71.3
Southwest,8/24/2009,69.8,81.4,92.6,93.1,69.6
Southwest,8/25/2009,68.8,81.1,93.2,94.1,69.3
Southwest,8/26/2009,69.4,82.5,96.5,96.7,70
Southwest,8/27/2009,71.9,85.6,100.5,99.9,71.7
Southwest,8/28/2009,73.7,87.9,102.7,101.8,73.2
Southwest,8/29/2009,74.1,88.5,102.1,101.7,73.6
Southwest,8/30/2009,73.1,86.8,100.3,100,73.7
Southwest,8/31/2009,74,85.7,97.6,98.3,73.6
Southwest,9/1/2009,73.8,85.5,97.1,96.9,73.6
Southwest,9/2/2009,73,84.5,95.9,95.8,73.7
Southwest,9/3/2009,74.3,84,94.3,94.5,72.5
Southwest,9/4/2009,70.3,81,93.4,92.7,71.3
Southwest,9/5/2009,69.3,79.5,90.5,91.3,69.5
Southwest,9/6/2009,69,78.6,89.9,90.4,69.5
Southwest,9/7/2009,70.2,80.7,90.9,90.3,69.6
Southwest,9/8/2009,69.6,79.9,90.1,91.2,69.9
Southwest,9/9/2009,69.9,80.8,92.7,92.3,70.3
Southwest,9/10/2009,71.4,82.5,94.1,93.9,71
Southwest,9/11/2009,71.6,83.2,94.8,94,71.3
Southwest,9/12/2009,70.8,82.5,93.2,92.8,70.4
Southwest,9/13/2009,68.7,79.9,90.4,91,68.5
Southwest,9/14/2009,65.9,77.6,89.4,89.7,66.3
Southwest,9/15/2009,64.3,76.6,89.4,89.1,64.9
Southwest,9/16/2009,64.6,76.8,88.4,89.1,64.8
Southwest,9/17/2009,65.5,77.1,89.4,89.3,65.3
Southwest,9/18/2009,65.7,77.4,90,89.6,66.1
Southwest,9/19/2009,67.1,78.4,89.3,90.6,66.2
Southwest,9/20/2009,65.7,78.3,92.5,91.9,66.7
Southwest,9/21/2009,67.4,79.9,93.9,92.8,65.8
Southwest,9/22/2009,64.3,77.6,92,91,63.8
Southwest,9/23/2009,59.6,72.6,87.2,88.8,61.2
Southwest,9/24/2009,59.8,72.7,87.3,88.9,60.6
Southwest,9/25/2009,62.4,76.2,92.3,91.8,62.8
Southwest,9/26/2009,66.3,80.3,95.9,95.1,65.6
Southwest,9/27/2009,68,82.1,97.1,96.1,67.3
Southwest,9/28/2009,67.5,81.5,95.3,95.3,67.1
Southwest,9/29/2009,65.9,79.5,93.4,93.2,66.2
Southwest,9/30/2009,65.2,77.2,91,89.6,62.5
Southwest,10/1/2009,56.4,69.8,84.3,86.1,58.8
Southwest,10/2/2009,54.8,67.8,82.9,82.5,57.1
Southwest,10/3/2009,60.2,69.9,80.2,80.7,57.8
Southwest,10/4/2009,58.4,67.8,79,78.3,56.6
Southwest,10/5/2009,51.2,62.7,75.6,77.6,53.5
Southwest,10/6/2009,51,63,78.1,76.5,52
Southwest,10/7/2009,53.8,64.5,75.9,76.1,52
Southwest,10/8/2009,51.3,62.4,74.3,76,51.9
Southwest,10/9/2009,50.5,62.5,77.7,77.8,52.2
Southwest,10/10/2009,54.8,66.6,81.5,79.3,53.3
Southwest,10/11/2009,54.6,66.9,78.6,79.3,54.2
Southwest,10/12/2009,53.3,64.9,77.9,77.4,53.7
Southwest,10/13/2009,53.1,63.7,75.7,78,54
Southwest,10/14/2009,55.7,66.4,80.3,80.1,55.9
Southwest,10/15/2009,58.8,69.9,84.3,84.8,58.4
Southwest,10/16/2009,60.8,73.3,89.7,88.5,61.1
Southwest,10/17/2009,63.6,76.2,91.5,90.2,63.1
Southwest,10/18/2009,64.8,76.7,89.4,88.8,63.1
Southwest,10/19/2009,60.9,72.6,85.6,85.1,60.4
Southwest,10/20/2009,55.6,66.4,80.2,79.8,55.4
Southwest,10/21/2009,49.8,60.8,73.6,76.9,52.2
Southwest,10/22/2009,51.1,62.5,77,76.3,51
Southwest,10/23/2009,52,64,78.4,78.5,52
Southwest,10/24/2009,53,65.3,80.1,79.4,53.2
Southwest,10/25/2009,54.6,66.2,79.8,78.4,53.1
Southwest,10/26/2009,51.6,62.9,75.3,76.8,51.4
Southwest,10/27/2009,48.1,60.5,75.3,73.8,46.8
Southwest,10/28/2009,40.6,52.2,70.7,67.3,40.7
Southwest,10/29/2009,33.5,43.7,55.8,62.8,36.7
Southwest,10/30/2009,36,46.3,61.8,63.7,37.7
Southwest,10/31/2009,43.7,54.6,73.5,71.5,43.2
Southwest,11/1/2009,49.8,61.7,79.2,78.4,48.8
Southwest,11/2/2009,53,65.4,82.6,82.4,52.3
Southwest,11/3/2009,54.1,67.6,85.4,84.3,54.2
Southwest,11/4/2009,55.6,68.5,84.9,84.4,55.4
Southwest,11/5/2009,56.4,68.4,83,82.6,56.1
Southwest,11/6/2009,56.3,67.1,79.8,80.5,56
Southwest,11/7/2009,55.2,66.4,78.7,77.9,54.4
Southwest,11/8/2009,51.6,63,75.3,77,52.9
Southwest,11/9/2009,52,63.2,76.9,77.5,52.3
Southwest,11/10/2009,53.3,64.6,80.4,79.3,53.6
Southwest,11/11/2009,55.5,66.3,80.7,78.8,54.4
Southwest,11/12/2009,54.4,64.6,75.2,75.2,53.9
Southwest,11/13/2009,51.9,60,69.7,69.5,51
Southwest,11/14/2009,46.8,54.9,63.6,64.7,46.2
Southwest,11/15/2009,39.9,50.2,60.9,63.1,41
Southwest,11/16/2009,36.2,47.9,64.7,64.9,38.7
Southwest,11/17/2009,40.1,51.7,69.1,68.2,39.8
Southwest,11/18/2009,43.2,54.8,70.7,69.4,42.3
Southwest,11/19/2009,43.7,55.1,68.5,69.9,43.4
Southwest,11/20/2009,43.2,54.7,70.4,69.2,43.5
Southwest,11/21/2009,43.6,55.3,68.7,68.8,42.8
Southwest,11/22/2009,41.7,53.2,67.3,67.5,42.5
Southwest,11/23/2009,42.2,53.2,66.6,66.4,41.3
Southwest,11/24/2009,40.1,51.4,65.3,66.7,40.9
Southwest,11/25/2009,40.4,51.6,68.2,68.5,41.6
Southwest,11/26/2009,44.2,54.9,72.1,70.7,43.8
Southwest,11/27/2009,46.8,57.4,71.7,69.5,45.7
Southwest,11/28/2009,46,54.8,64.7,65.1,44.3
Southwest,11/29/2009,40.1,48.5,59,60.7,42.5
Southwest,11/30/2009,41.4,48.8,58.5,58.9,40
Southwest,12/1/2009,38.5,47.3,59.3,58.8,39
Southwest,12/2/2009,37.1,46.8,58.6,58,37.5
Southwest,12/3/2009,36.8,46,56.2,55.4,34.6
Southwest,12/4/2009,30,40.4,51.5,53.8,32.6
Southwest,12/5/2009,31.1,40.1,53.7,52.7,31.6
Southwest,12/6/2009,33.6,41.9,52.8,52.5,34.6
Southwest,12/7/2009,39,43.9,51.1,50.5,36.7
Southwest,12/8/2009,37.4,44.2,47.6,49,35.7
Southwest,12/9/2009,30.7,38,48.2,48.8,32.9
Southwest,12/10/2009,30.6,38.5,50.6,51.1,32.3
Southwest,12/11/2009,35.5,42.5,54.6,54.1,35.1
Southwest,12/12/2009,39.3,46.7,57.2,56.5,38.7
Southwest,12/13/2009,41.3,48.5,57.6,57.4,40.3
Southwest,12/14/2009,40.3,48,57.5,58.1,39.3
Southwest,12/15/2009,36.3,46,59.3,59.9,38.7
Southwest,12/16/2009,39.6,48.2,62.9,62.2,39
Southwest,12/17/2009,41,50.6,64.4,63.8,40.6
Southwest,12/18/2009,41.2,51,64.2,63.8,41
Southwest,12/19/2009,40.8,50.5,62.7,63.2,40.7
Southwest,12/20/2009,40.1,49.6,62.8,62.4,41.6
Southwest,12/21/2009,43.8,51.9,61.7,60.5,41.9
Southwest,12/22/2009,41.7,49.9,57,57,39.3
Southwest,12/23/2009,32.4,41.1,52.2,53.1,35.4
Southwest,12/24/2009,32.1,39.7,50.1,51.1,31.8
Southwest,12/25/2009,30.9,39.1,51,50.5,31
Southwest,12/26/2009,30,38.7,50.3,51.3,30.6
Southwest,12/27/2009,31,39.8,52.6,52.8,32.3
Southwest,12/28/2009,35.8,42.9,55.5,54,34.7
Southwest,12/29/2009,37.3,44.8,53.9,53.9,36
Southwest,12/30/2009,35,42.9,52.4,53.3,35.9
Southwest,12/31/2009,35.5,43.7,53.6,54.3,34.6
Southwest,1/1/2010,33.4,42.3,56.9,57.1,36
Southwest,1/2/2010,39.1,47.3,60.9,60,37
Southwest,1/3/2010,38.6,48.6,62.1,61.7,38.7
Southwest,1/4/2010,38.5,48.5,62.1,62.3,38.6
Southwest,1/5/2010,38.8,48.7,62.7,62.4,39.1
Southwest,1/6/2010,40.1,49.6,62.4,61.3,39.4
Southwest,1/7/2010,39.2,48.8,58.9,59.6,38.9
Southwest,1/8/2010,37.4,46.7,57.5,58.8,37.4
Southwest,1/9/2010,35.5,45.6,59.9,59.7,37.4
Southwest,1/10/2010,39.3,48.1,61.8,61.7,38
Southwest,1/11/2010,39.3,49.1,63.5,63.6,39.6
Southwest,1/12/2010,40.3,50.4,65.4,64.2,41.2
Southwest,1/13/2010,43.9,52,63.8,63,41
Southwest,1/14/2010,38.8,48.6,59.8,62.3,40.7
Southwest,1/15/2010,39.3,49.2,63.4,62.1,40.1
Southwest,1/16/2010,42.1,50.8,63.2,62.7,40.6
Southwest,1/17/2010,40.3,50.4,61.6,61.7,41.9
Southwest,1/18/2010,43.3,50.4,60.4,59.9,42.9
Southwest,1/19/2010,45.2,50.5,57.6,57.6,43.2
Southwest,1/20/2010,41.2,48,54.8,55.1,43.1
Southwest,1/21/2010,42.8,46.7,52.8,53,42.5
Southwest,1/22/2010,43.6,47.6,51.5,50.8,41.1
Southwest,1/23/2010,36.8,42.1,48,49.3,37.6
Southwest,1/24/2010,32.4,39.2,48.4,49.6,33.9
Southwest,1/25/2010,32.6,40.3,52.4,53.1,34.4
Southwest,1/26/2010,38.2,45.3,58.5,56.7,37.5
Southwest,1/27/2010,41.6,49,59.2,58.3,40.2
Southwest,1/28/2010,40.9,47.2,57.1,57.2,40.1
Southwest,1/29/2010,37.9,45.4,55.3,56.4,39.1
Southwest,1/30/2010,38.4,46.4,56.9,57,38.2
Southwest,1/31/2010,38.4,47.1,58.8,57.9,38.8
Southwest,2/1/2010,39.7,48.4,58,59.6,40
Southwest,2/2/2010,41.8,50,61.9,59.8,42
Southwest,2/3/2010,44.4,49.7,59.6,59.8,42.4
Southwest,2/4/2010,40.9,47.9,58,58.8,41.8
Southwest,2/5/2010,40,48.5,58.7,58.5,41.3
Southwest,2/6/2010,43,50.1,58.9,58.2,41.9
Southwest,2/7/2010,42.8,48.8,57.1,56.5,40.8
Southwest,2/8/2010,36.6,44.3,53.6,55.8,39.1
Southwest,2/9/2010,37.9,46,56.6,55.1,38
Southwest,2/10/2010,39.6,45.3,55.2,55.5,38.1
Southwest,2/11/2010,36.9,43.9,54.7,55.9,38.2
Southwest,2/12/2010,38.2,46.4,57.9,58.6,38.3
Southwest,2/13/2010,39.7,49.4,63.1,62,40
Southwest,2/14/2010,42.1,52.2,64.9,63.7,41.1
Southwest,2/15/2010,41.4,51.6,63.2,64.3,41.8
Southwest,2/16/2010,41.8,52.1,64.8,64.8,41.8
Southwest,2/17/2010,42.3,53.2,66.3,65.8,42.7
Southwest,2/18/2010,44.1,54.7,66.4,66.1,43.1
Southwest,2/19/2010,42.9,53.8,65.6,65.2,43.2
Southwest,2/20/2010,42.5,49.8,63.6,62.1,42
Southwest,2/21/2010,40.7,47.5,57,58.7,41.2
Southwest,2/22/2010,40.4,47,55.5,55.2,37.5
Southwest,2/23/2010,31.5,41.4,53,55.8,35.6
Southwest,2/24/2010,35,45,59,57.8,35.5
Southwest,2/25/2010,40,49.7,61.3,60.8,37.9
Southwest,2/26/2010,38.7,49.6,62.2,63,40.8
Southwest,2/27/2010,43.8,52.4,65.4,63.6,41.9
Southwest,2/28/2010,43.1,50.3,63.3,63.1,42.1
Southwest,3/1/2010,39.5,48.6,60.6,63,41.7
Southwest,3/2/2010,42.4,52.3,65,63.5,41.6
Southwest,3/3/2010,43,53.7,64.9,64.7,42.7
Southwest,3/4/2010,42.8,53.3,64.1,64,41.9
Southwest,3/5/2010,40,50.7,63.1,65.5,42.4
Southwest,3/6/2010,44.4,55,69.4,65.9,43.4
Southwest,3/7/2010,45.8,52,65.1,63.2,44
Southwest,3/8/2010,41.8,47.5,55,58.4,42.2
Southwest,3/9/2010,39.1,46.9,55.1,54.8,38.5
Southwest,3/10/2010,34.5,43.6,54.2,55.1,36
Southwest,3/11/2010,34.3,44.1,56,57.6,35.5
Southwest,3/12/2010,37.7,48.1,62.6,61.9,38.1
Southwest,3/13/2010,42.3,53.4,67,65.2,40.2
Southwest,3/14/2010,40.6,52.1,66,65.9,41.1
Southwest,3/15/2010,40.5,51.1,64.6,66.7,41.5
Southwest,3/16/2010,43.4,54.9,69.4,69.9,43.6
Southwest,3/17/2010,46.8,59.2,75.6,73.5,46.4
Southwest,3/18/2010,49,61.7,75.4,74.8,47.8
Southwest,3/19/2010,47.7,59.5,73.4,72.5,46.1
Southwest,3/20/2010,41.6,54.1,68.6,70.6,43.6
Southwest,3/21/2010,41.6,53.7,69.8,71,43.6
Southwest,3/22/2010,47.6,59.8,74.6,72.6,46.5
Southwest,3/23/2010,50.2,58.6,73.5,71.1,47.1
Southwest,3/24/2010,43.4,53.5,65.2,70,45.8
Southwest,3/25/2010,43.8,56.1,71.4,69.1,44.2
Southwest,3/26/2010,45.4,57.4,70.7,69.2,44
Southwest,3/27/2010,42.9,54.2,65.5,69.2,43.7
Southwest,3/28/2010,42.9,55.6,71.3,71.3,43.9
Southwest,3/29/2010,46,60.1,77,76.2,46.7
Southwest,3/30/2010,51.3,65.1,80.3,78.6,49.5
Southwest,3/31/2010,51.1,63.7,78.5,76.9,49
Southwest,4/1/2010,44.5,54.3,71.9,70.9,44.7
Southwest,4/2/2010,38.4,48.8,62.2,68.4,42
Southwest,4/3/2010,43.1,55.3,71.1,69.3,42.7
Southwest,4/4/2010,46.6,59.9,74.5,73,45.9
Southwest,4/5/2010,48,60.7,73.5,72.4,45.9
Southwest,4/6/2010,43,56.2,69.1,70.1,44.2
Southwest,4/7/2010,41.6,54.3,67.8,70.9,42.8
Southwest,4/8/2010,43.8,58.2,75.8,73.9,44.6
Southwest,4/9/2010,48.5,63.1,78.2,77.7,47.5
Southwest,4/10/2010,50.2,65,79.2,78.9,49.8
Southwest,4/11/2010,50.6,65.1,79.4,78.6,50.2
Southwest,4/12/2010,49.8,62.9,77.3,75.8,48.3
Southwest,4/13/2010,44.4,57.7,70.8,74.1,46.9
Southwest,4/14/2010,46.5,59.8,74.3,75,46.8
Southwest,4/15/2010,49.5,63.5,79.9,78.5,50.3
Southwest,4/16/2010,54.9,68,81.3,80.2,52.3
Southwest,4/17/2010,52.6,65.8,79.4,81.5,54.4
Southwest,4/18/2010,55.6,68.8,83.7,81.8,54.9
Southwest,4/19/2010,56.4,67.5,82.4,82,55.7
Southwest,4/20/2010,55.2,67,79.8,80.1,54.5
Southwest,4/21/2010,51.8,62.1,78.2,74.2,49.3
Southwest,4/22/2010,40.8,51.5,64.5,68.9,44.3
Southwest,4/23/2010,40.3,50.3,64.1,67.5,41.6
Southwest,4/24/2010,43.8,56.9,73.8,72.7,44.6
Southwest,4/25/2010,49.6,63.5,80.1,79.1,49.3
Southwest,4/26/2010,54.6,68.5,83.3,82.3,53.3
Southwest,4/27/2010,55.8,69.9,83.4,82.9,55.2
Southwest,4/28/2010,55.2,68.8,81.9,81.4,52.6
Southwest,4/29/2010,46.8,60.2,78.9,75,47.3
Southwest,4/30/2010,40,52.6,64.1,71.1,43.3
Southwest,5/1/2010,43.1,55.8,70.3,68.4,43
Southwest,5/2/2010,45.8,58.9,70.8,72.6,45
Southwest,5/3/2010,46.2,60,76.6,77.5,48.3
Southwest,5/4/2010,52.9,67.7,85.1,83.3,52.1
Southwest,5/5/2010,57.1,72.8,88.3,86.7,55.6
Southwest,5/6/2010,56.9,72,86.8,87.1,56.9
Southwest,5/7/2010,56.8,71.6,86.1,86.6,57.3
Southwest,5/8/2010,58.2,72.8,86.9,86.2,57.4
Southwest,5/9/2010,57.1,71.9,85.6,85.2,54.8
Southwest,5/10/2010,49.1,64.4,83.2,81.3,52.2
Southwest,5/11/2010,50.3,62.8,75.1,77.5,48.6
Southwest,5/12/2010,46.3,60.4,74.2,76.4,49.6
Southwest,5/13/2010,52.2,65.2,79.8,78.5,51.4
Southwest,5/14/2010,55.7,69.2,81.6,81.8,54.6
Southwest,5/15/2010,55.9,70,84.1,84.1,56.4
Southwest,5/16/2010,57.6,72.4,86.7,85.6,57.2
Southwest,5/17/2010,58.1,73,85.9,85.5,57.4
Southwest,5/18/2010,56.6,69.7,83.8,84.5,56.7
Southwest,5/19/2010,55.3,69.1,83.8,85.3,57
Southwest,5/20/2010,59,73.4,88.4,87.6,58.7
Southwest,5/21/2010,61.8,76.7,90.6,89.3,59.2
Southwest,5/22/2010,56.9,72.4,88.8,87.1,57.1
Southwest,5/23/2010,52.5,65.7,82,81,51.1
Southwest,5/24/2010,43.8,58.1,72.3,78.2,49
Southwest,5/25/2010,50.7,64.8,80.2,79.3,50.1
Southwest,5/26/2010,55.7,70.3,85.4,84.7,55
Southwest,5/27/2010,58.7,73.5,88.5,87.5,58.2
Southwest,5/28/2010,60.1,74.9,88.6,88.3,59.3
Southwest,5/29/2010,59.2,74.2,87.9,89,59.7
Southwest,5/30/2010,59.9,75.5,90.4,90,60.5
Southwest,5/31/2010,62.4,77.5,91.6,90.7,61.5
Southwest,6/1/2010,62.1,76.9,90.2,90.3,61.3
Southwest,6/2/2010,59.4,74.7,89,90.3,61.2
Southwest,6/3/2010,62.2,77.1,91.7,91.9,62
Southwest,6/4/2010,64.5,79.6,95.1,95.3,64.8
Southwest,6/5/2010,67.8,83.4,99.1,98.2,67.6
Southwest,6/6/2010,70.5,85.8,100.4,99.7,69.5
Southwest,6/7/2010,70.1,85.4,99.5,99.4,69.3
Southwest,6/8/2010,67.2,83.4,98.2,98.2,68
Southwest,6/9/2010,66.8,82.5,96.8,96.8,66.4
Southwest,6/10/2010,65.1,80.3,95.5,94.6,65
Southwest,6/11/2010,63,76.8,91.5,90.8,61.8
Southwest,6/12/2010,57.4,71.2,85.5,87.5,59.4
Southwest,6/13/2010,57.9,71.9,85.5,87.2,58.9
Southwest,6/14/2010,61.5,76.1,90.7,90.3,61.4
Southwest,6/15/2010,64.8,80,94.7,93.5,64.1
Southwest,6/16/2010,66.1,81.5,95,95.1,64.6
Southwest,6/17/2010,63,79.5,95.7,95.9,64.7
Southwest,6/18/2010,65,81.6,96.9,96.1,64
Southwest,6/19/2010,64.1,80.8,95.6,95.9,64.7
Southwest,6/20/2010,65.1,80.8,95.2,95.5,64.8
Southwest,6/21/2010,65.3,81.2,95.7,95.7,65.2
Southwest,6/22/2010,65.1,81.2,96.1,97.4,65.9
Southwest,6/23/2010,67.4,83.6,100.3,99.3,67.7
Southwest,6/24/2010,70.7,86.1,101.5,100.6,70.2
Southwest,6/25/2010,72.4,86.3,100,99.2,70.4
Southwest,6/26/2010,68,82.9,96.2,97.9,69.5
Southwest,6/27/2010,68,83,97.6,97.4,68.7
Southwest,6/28/2010,70,84.6,98.4,98.2,69.2
Southwest,6/29/2010,69.5,84.2,98.6,98.6,70.5
Southwest,6/30/2010,72,85.9,98.9,99.1,71.8
Southwest,7/1/2010,73.8,86.9,99.9,99.8,73.6
Southwest,7/2/2010,75.1,88,100.6,100,73.4
Southwest,7/3/2010,71.3,84.6,99.4,97.8,70.8
Southwest,7/4/2010,65.9,80.2,93.5,96.1,67.9
Southwest,7/5/2010,66.6,81.1,95.4,94.8,66.3
Southwest,7/6/2010,66.5,81.7,95.4,95.6,67.4
Southwest,7/7/2010,69.1,82.6,96.1,96.4,69.3
Southwest,7/8/2010,72.4,84.4,97.8,97.8,72.6
Southwest,7/9/2010,76.2,86.8,99.4,99,75.4
Southwest,7/10/2010,77.7,88.6,99.7,99.1,76.3
Southwest,7/11/2010,75.1,86.4,98.3,98.7,74.9
Southwest,7/12/2010,71.9,84.4,98.2,99.1,73.8
Southwest,7/13/2010,74.4,87.6,100.8,100.2,74.4
Southwest,7/14/2010,76.9,89.6,101.5,101.9,77.2
Southwest,7/15/2010,80.4,91.9,103.4,102.5,79.1
Southwest,7/16/2010,79.9,91.1,102.6,102.4,79.7
Southwest,7/17/2010,78.7,89.6,101.3,101.7,78.8
Southwest,7/18/2010,77.8,89.6,101.3,101.7,78.3
Southwest,7/19/2010,78.3,90.2,102.5,101.8,77.7
Southwest,7/20/2010,76.9,89.4,101.5,101.3,77.4
Southwest,7/21/2010,76.9,88.1,99.8,99.6,76.1
Southwest,7/22/2010,74.6,84.6,97.4,97.4,75.3
Southwest,7/23/2010,74.3,84,95,96.2,74.1
Southwest,7/24/2010,73.4,84.6,96.2,96.2,73.9
Southwest,7/25/2010,74,85.7,97.3,96.4,73.5
Southwest,7/26/2010,73,84.3,95.6,95.6,73.2
Southwest,7/27/2010,72.7,83.2,93.9,94.1,73.1
Southwest,7/28/2010,73.6,83,92.8,93.2,73.4
Southwest,7/29/2010,73.8,83.8,93,92.5,73.4
Southwest,7/30/2010,72.8,81.8,91.7,91.8,73.5
Southwest,7/31/2010,73.9,81.1,90.6,89.6,72.8
Southwest,8/1/2010,71.7,78.9,86.5,89.4,72.9
Southwest,8/2/2010,73,81.2,91.1,91.6,72.9
Southwest,8/3/2010,74,84.7,97.2,96,74.2
Southwest,8/4/2010,75.5,87.5,99.7,98.9,74.7
Southwest,8/5/2010,74.6,87.5,99.8,99.4,75.1
Southwest,8/6/2010,75.1,86.9,98.7,98.6,74.7
Southwest,8/7/2010,74.4,84.8,97.3,96.3,73.3
Southwest,8/8/2010,70.3,81.6,92.8,94.9,71.5
Southwest,8/9/2010,69.7,81.9,94.5,94.9,70.5
Southwest,8/10/2010,71.6,84.1,97.4,97,71.7
Southwest,8/11/2010,73.9,86.1,99,98.8,73.4
Southwest,8/12/2010,74.7,87.2,99.9,99.7,74.5
Southwest,8/13/2010,75,87.7,100.3,100.2,74.6
Southwest,8/14/2010,74.1,87.1,100.3,100.4,75
Southwest,8/15/2010,76,88.3,100.5,100,75.5
Southwest,8/16/2010,76.4,85.5,99.1,98.3,75.9
Southwest,8/17/2010,75.3,85.1,95.2,97.4,75.7
Southwest,8/18/2010,75.5,86.8,98,97.7,75.7
Southwest,8/19/2010,76.2,87.9,100,99.4,75.5
Southwest,8/20/2010,74.8,87.9,100.1,99.8,75
Southwest,8/21/2010,74.1,86.5,99.4,99,75.1
Southwest,8/22/2010,76.3,86.6,97.6,98.9,75.3
Southwest,8/23/2010,75.6,87.5,99.7,99.4,76.5
Southwest,8/24/2010,77.7,89.3,100.8,99.6,76.2
Southwest,8/25/2010,75.3,86.6,98.2,98.3,76
Southwest,8/26/2010,74.9,85.2,95.8,95.5,74.3
Southwest,8/27/2010,72.8,83.3,92.6,93.5,72.8
Southwest,8/28/2010,70.6,81.1,92,91.5,70.3
Southwest,8/29/2010,67.5,79,89.9,90.3,67.2
Southwest,8/30/2010,63.6,76.1,89,90.1,65.4
Southwest,8/31/2010,65.2,77.8,91.5,92.3,66.1
Southwest,9/1/2010,69.4,81.7,96.4,95.9,68.7
Southwest,9/2/2010,71.5,84.9,99.7,98.5,71.1
Southwest,9/3/2010,72.4,86,99.4,99.2,72.4
Southwest,9/4/2010,73.2,85.5,98.5,98.7,72.8
Southwest,9/5/2010,72.7,85.4,98.3,97.8,72.9
Southwest,9/6/2010,72.8,84.5,96.5,96.1,72.1
Southwest,9/7/2010,70.8,82.5,93.5,93.5,70.9
Southwest,9/8/2010,69,79.1,90.5,90.1,66.7
Southwest,9/9/2010,60.3,73.4,86.3,87.8,62.9
Southwest,9/10/2010,59.4,72.8,86.7,88.2,60.5
Southwest,9/11/2010,61.9,75.8,91.5,90.9,62.5
Southwest,9/12/2010,66.3,79.6,94.5,94,65.9
Southwest,9/13/2010,69.6,82.3,95.9,95,69.2
Southwest,9/14/2010,71.7,82.6,94.7,95.5,70.6
Southwest,9/15/2010,70.5,83,96,95.5,70.9
Southwest,9/16/2010,70.6,83.3,95.8,96.3,70.2
Southwest,9/17/2010,69.6,82.8,97.2,97.2,70
Southwest,9/18/2010,69.9,83.4,98.6,98.3,70.6
Southwest,9/19/2010,72.2,85,99,98.2,71.4
Southwest,9/20/2010,72.2,84.5,97,96.5,71.2
Southwest,9/21/2010,69.3,80.9,93.6,93.1,70.4
Southwest,9/22/2010,69.8,77.4,88.8,89.1,67.9
Southwest,9/23/2010,64.7,72.9,85,88.2,66.5
Southwest,9/24/2010,64.9,76.6,90.9,90.4,65.9
Southwest,9/25/2010,68,80.5,95.4,93.6,67.8
Southwest,9/26/2010,70.4,82.3,94.5,95.1,69.3
Southwest,9/27/2010,69.4,81.8,95.3,94.7,69.7
Southwest,9/28/2010,69.2,81.5,94.3,94.4,69.3
Southwest,9/29/2010,69.2,80.8,93.7,94.9,69.3
Southwest,9/30/2010,69.6,82.1,96.8,95,69.6
Southwest,10/1/2010,69.9,81.9,94.5,94.9,69.6
Southwest,10/2/2010,69.3,81,93.5,93,68.9
Southwest,10/3/2010,67.5,78.7,90.9,90.4,67.3
Southwest,10/4/2010,65.2,75.7,86.8,86.8,64.7
Southwest,10/5/2010,61.3,71.4,82.8,83.3,61.6
Southwest,10/6/2010,58.4,68.1,80.4,81.2,58.9
Southwest,10/7/2010,57,67.6,80.5,80.8,57.2
Southwest,10/8/2010,56.2,67.4,81.5,81.9,56.6
Southwest,10/9/2010,56.7,69.1,83.6,83.1,57.2
Southwest,10/10/2010,58.6,70.5,84.2,84.3,58.2
Southwest,10/11/2010,59.2,71.3,85,85.4,59.4
Southwest,10/12/2010,60.3,72.4,86.9,87.1,60.6
Southwest,10/13/2010,62.3,74.8,89.5,88.3,62.4
Southwest,10/14/2010,64.7,75.8,88.6,87.6,64
Southwest,10/15/2010,64.9,74.5,84.6,85.6,63.7
Southwest,10/16/2010,61.5,71.9,83.6,83.1,62.4
Southwest,10/17/2010,60.8,70.9,81.2,81,59.8
Southwest,10/18/2010,57.1,67.5,78.3,79.2,57.9
Southwest,10/19/2010,55.8,66,78,76.9,56.4
Southwest,10/20/2010,56.2,63.7,74.4,73.7,54.6
Southwest,10/21/2010,51.8,59.9,68.7,70.5,52.9
Southwest,10/22/2010,50.6,58.9,68.4,69.3,51
Southwest,10/23/2010,50.7,59.7,70.8,70.6,50.9
Southwest,10/24/2010,51.3,60.8,72.7,71.9,51.6
Southwest,10/25/2010,52.9,62.6,72.2,72.3,51.3
Southwest,10/26/2010,49.7,60.2,72.1,72.2,50.6
Southwest,10/27/2010,49.1,59.8,72.3,74.6,49.8
Southwest,10/28/2010,50.7,62.2,79.5,78.2,51.6
Southwest,10/29/2010,54.9,66.7,82.9,80.2,53.8
Southwest,10/30/2010,55.7,67,78.3,78.2,53.7
Southwest,10/31/2010,50.6,61.4,73.5,76.2,52.3
Southwest,11/1/2010,50.7,61.6,76.9,76.8,51.3
Southwest,11/2/2010,52.6,64.3,80.1,80.1,53.3
Southwest,11/3/2010,56.7,67.8,83.3,81,55.3
Southwest,11/4/2010,56.6,67.6,79.6,80.9,55.7
Southwest,11/5/2010,53.9,65.5,79.8,79.6,54.6
Southwest,11/6/2010,53.2,65.1,79.3,78.3,53.2
Southwest,11/7/2010,52.6,64.1,75.8,75.7,52
Southwest,11/8/2010,50.2,61.1,71.9,71.3,48.7
Southwest,11/9/2010,43.2,54.1,66.2,67,44.2
Southwest,11/10/2010,39.1,49.7,63,64.3,41.3
Southwest,11/11/2010,41.7,51.6,63.6,63.4,40.4
Southwest,11/12/2010,40.4,51.2,63.6,64.5,41
Southwest,11/13/2010,40.8,51.7,66.2,65.1,41.2
Southwest,11/14/2010,42.4,52.7,65.4,66.1,41.9
Southwest,11/15/2010,42.6,53,66.8,66.7,42.8
Southwest,11/16/2010,43.4,54.5,68,67.8,43.6
Southwest,11/17/2010,44.9,55.5,68.6,69.6,44.5
Southwest,11/18/2010,45.1,56.6,72.2,70.5,45.5
Southwest,11/19/2010,46.4,57.4,70.7,69.5,45.9
Southwest,11/20/2010,46.3,55.9,65.7,65.8,46.7
Southwest,11/21/2010,47.4,53.3,61.1,61.3,44
Southwest,11/22/2010,38.3,47.7,57,58.8,40.4
Southwest,11/23/2010,35.5,45.6,58.2,56.9,36.9
Southwest,11/24/2010,36.8,45.8,55.6,55.6,35.6
Southwest,11/25/2010,34.4,43.5,53.1,55.4,33.8
Southwest,11/26/2010,30.2,40.9,57.4,57.3,33.4
Southwest,11/27/2010,35.5,45.8,61.5,57.6,33.7
Southwest,11/28/2010,35.3,44.6,54,54.6,33.3
Southwest,11/29/2010,29.1,38.8,48.4,51.5,30.9
Southwest,11/30/2010,28.2,37.7,52,54.5,30.6
Southwest,12/1/2010,34.4,44.3,63,61.2,34.8
Southwest,12/2/2010,41.9,52.1,68.6,67.4,40.8
Southwest,12/3/2010,46.2,56.2,70.5,69.3,44.6
Southwest,12/4/2010,45.7,55.8,68.7,69.9,45.9
Southwest,12/5/2010,45.7,56.3,70.4,70.2,46.7
Southwest,12/6/2010,48.6,58.2,71.5,69.8,46.4
Southwest,12/7/2010,45,55.6,67.4,69.2,45.5
Southwest,12/8/2010,43,53.7,68.6,68.4,44.3
Southwest,12/9/2010,44.8,54.8,69.1,68.6,44.9
Southwest,12/10/2010,47,56.2,68,68.2,45.8
Southwest,12/11/2010,45.7,55.2,67.5,68.7,46.4
Southwest,12/12/2010,46.4,56.1,70.5,70.2,46.4
Southwest,12/13/2010,47,57.3,72.6,71.2,46.7
Southwest,12/14/2010,46.7,57.3,70.5,69.6,46.3
Southwest,12/15/2010,45.2,55,65.8,65.4,45.6
Southwest,12/16/2010,45,52,59.9,60.7,43.4
Southwest,12/17/2010,40.1,47.3,56.3,59,42.9
Southwest,12/18/2010,43.5,50,60.9,60.9,43
Southwest,12/19/2010,45.5,53.2,65.4,63,45.4
Southwest,12/20/2010,47.2,54.3,62.6,63.4,46.7
Southwest,12/21/2010,47.4,53.7,62.1,62.8,48.3
Southwest,12/22/2010,50.2,55.5,63.8,61.8,47.3
Southwest,12/23/2010,44.4,51.7,59.4,60.9,44.8
Southwest,12/24/2010,39.7,47.7,59.6,60.9,41.9
Southwest,12/25/2010,41.7,50.2,63.8,61,41
Southwest,12/26/2010,41.6,49.8,59.5,60.4,41
Southwest,12/27/2010,39.6,47.9,57.9,58.3,40.1
Southwest,12/28/2010,39.1,47.4,57.5,56.1,38.9
Southwest,12/29/2010,38,44.9,53,52.1,38.2
Southwest,12/30/2010,37.6,42,45.7,46.2,34
Southwest,12/31/2010,26.5,32,40,41.8,29.1
Southwest,1/1/2011,23.2,29.9,39.7,42.7,25.2
Southwest,1/2/2011,25.8,33.3,48.3,46.6,27.1
Southwest,1/3/2011,32.2,39.9,51.9,50.9,30.4
Southwest,1/4/2011,33.1,41.2,52.4,52.8,32.4
Southwest,1/5/2011,32,41.1,54,54.8,33.6
Southwest,1/6/2011,35.7,43.9,57.9,56.9,35
Southwest,1/7/2011,37.3,46,58.7,56.9,36.2
Southwest,1/8/2011,35.6,44.3,54,55.8,36
Southwest,1/9/2011,35,43.4,54.6,53.4,35
Southwest,1/10/2011,34.3,42.8,51.6,53.3,33.6
Southwest,1/11/2011,31.4,40.9,53.7,54.7,34.4
Southwest,1/12/2011,37.6,45.3,58.7,57.8,35.7
Southwest,1/13/2011,38.2,47.3,61.1,61,38.9
Southwest,1/14/2011,40.9,50,63.3,63.1,40.4
Southwest,1/15/2011,42,51.6,65,64.5,41.9
Southwest,1/16/2011,42.8,52.3,65.1,66.5,43.6
Southwest,1/17/2011,45.9,55.2,69.4,67.8,44.9
Southwest,1/18/2011,45.9,56.4,69,68.7,45.9
Southwest,1/19/2011,45.8,55.9,67.7,66.9,44.7
Southwest,1/20/2011,42.5,52.2,64.1,64.8,42.4
Southwest,1/21/2011,38.9,48.8,62.5,63.7,41
Southwest,1/22/2011,41.5,51.1,64.4,62.8,40.3
Southwest,1/23/2011,40.4,50,61.4,62.3,39.7
Southwest,1/24/2011,37.1,47.4,61.1,60.6,38.1
Southwest,1/25/2011,36.7,47.2,59.3,60.6,37.2
Southwest,1/26/2011,37.7,48.1,61.5,61.4,37.7
Southwest,1/27/2011,38.7,49.4,63.5,63.6,38.8
Southwest,1/28/2011,40,51.1,65.8,64.7,39.9
Southwest,1/29/2011,41.1,51.9,64.7,64.5,40.4
Southwest,1/30/2011,40,50.6,63.1,62.6,40.1
Southwest,1/31/2011,39.2,48.1,60,58.8,37.1
Southwest,2/1/2011,32.2,41.9,53.2,53.4,30.3
Southwest,2/2/2011,19.5,29.8,46.9,45.9,22.5
Southwest,2/3/2011,15.9,24.8,37.5,44.4,19.5
Southwest,2/4/2011,23.2,32,48.8,48.3,23.8
Southwest,2/5/2011,32.4,42.1,58.6,56.4,30.9
Southwest,2/6/2011,37,47.7,61.8,61.1,35.5
Southwest,2/7/2011,37.2,48.5,62.8,61.9,37.9
Southwest,2/8/2011,39.6,50.3,61.2,60.4,36.2
Southwest,2/9/2011,31.8,43.2,57.1,57.9,33.6
Southwest,2/10/2011,29.5,41,55.3,58.2,31.2
Southwest,2/11/2011,32.2,44.3,62.2,61.6,32.9
Southwest,2/12/2011,37.1,49.7,67.3,67,36.9
Southwest,2/13/2011,41.3,54.1,71.4,70,41
Southwest,2/14/2011,44.6,56.9,71.3,71.6,43.5
Southwest,2/15/2011,44.6,56.9,72.2,71,44.9
Southwest,2/16/2011,45.6,57.1,69.6,68.9,44.5
Southwest,2/17/2011,43.4,53.9,65,66.7,44
Southwest,2/18/2011,43.1,53,65.5,64.8,45.3
Southwest,2/19/2011,49.3,54.5,63.8,61.2,43.9
Southwest,2/20/2011,39.4,46.9,54.3,58,40.9
Southwest,2/21/2011,34,43.6,55.9,56.9,36.8
Southwest,2/22/2011,36.9,47.1,60.4,58.6,36.1
Southwest,2/23/2011,37.3,47.9,59.5,59.1,36.6
Southwest,2/24/2011,35.5,46.1,57.5,59.7,36.6
Southwest,2/25/2011,36.9,47.5,62,60.4,37.7
Southwest,2/26/2011,40.8,49.8,61.6,60.8,37.8
Southwest,2/27/2011,35.8,44.6,58.9,59.7,35.9
Southwest,2/28/2011,31.1,41.8,58.5,61.8,35.1
Southwest,3/1/2011,38.4,50.3,67.9,65.8,38.3
Southwest,3/2/2011,45.3,56.8,71.1,70.4,43.9
Southwest,3/3/2011,48.1,59.3,72.1,71.2,46.2
Southwest,3/4/2011,45.2,57.6,70.4,70.6,45
Southwest,3/5/2011,41.6,54.8,69.3,70.8,44.1
Southwest,3/6/2011,45.5,57.2,72.6,70.9,44.5
Southwest,3/7/2011,46.5,57.4,70.9,68.9,43.9
Southwest,3/8/2011,39.8,51.4,63.3,68.8,42.6
Southwest,3/9/2011,41.6,53.6,72.1,71.2,43.1
Southwest,3/10/2011,47.8,60.9,78.2,76.2,46.3
Southwest,3/11/2011,49.4,63.6,78.4,77.8,48.8
Southwest,3/12/2011,49.3,62.8,76.9,77,49.4
Southwest,3/13/2011,49.4,61.8,75.7,76.7,49.9
Southwest,3/14/2011,51.1,63.3,77.4,77.4,51.1
Southwest,3/15/2011,52.8,64.8,79,79,52.6
Southwest,3/16/2011,53.8,66.2,80.5,79.8,53.1
Southwest,3/17/2011,52.6,66.2,79.8,79.3,53
Southwest,3/18/2011,52.5,64.8,77.5,77.7,51.1
Southwest,3/19/2011,48.3,61.1,75.7,75.7,49.3
Southwest,3/20/2011,47.2,59.2,73.9,73.6,48.3
Southwest,3/21/2011,49.3,56.5,71.2,68.5,45.1
Southwest,3/22/2011,38.8,49.6,60.4,66.3,42.7
Southwest,3/23/2011,40,52,67.4,64.9,40.4
Southwest,3/24/2011,42.5,54.2,66.8,66.9,41.6
Southwest,3/25/2011,42.4,54,66.5,67,42.6
Southwest,3/26/2011,42.9,54.7,67.8,67.7,42.7
Southwest,3/27/2011,42.7,55.2,68.7,70.1,44.1
Southwest,3/28/2011,46.8,59.1,73.8,73.1,46.1
Southwest,3/29/2011,48.9,62.1,76.8,76.3,48.4
Southwest,3/30/2011,49.5,63.3,78.2,79.9,50.6
Southwest,3/31/2011,53.3,67.3,84.7,84.2,53.6
Southwest,4/1/2011,58,73,89.8,87.7,56.8
Southwest,4/2/2011,59,74,88.6,87.5,57.2
Southwest,4/3/2011,54.7,68.2,84,83,54
Southwest,4/4/2011,48.4,62.3,76.3,80.8,51.2
Southwest,4/5/2011,50.6,64.8,82.1,79.8,51.3
Southwest,4/6/2011,54.8,67.6,80.9,79,52.1
Southwest,4/7/2011,51,62.8,73.9,75.2,50
Southwest,4/8/2011,44.2,56.5,70.9,68.9,46.4
Southwest,4/9/2011,43.9,50.5,62,64.4,41.7
Southwest,4/10/2011,37,47.5,60.3,65.2,40.5
Southwest,4/11/2011,40.7,53.9,73.4,69.9,42
Southwest,4/12/2011,48.2,61.7,76.1,74.9,45.9
Southwest,4/13/2011,48.9,62.5,75.2,74.9,47.1
Southwest,4/14/2011,44.3,58.7,73.4,75.5,46.5
Southwest,4/15/2011,46.2,60.4,78,79,48.1
Southwest,4/16/2011,53.7,68,85.7,83.7,52.7
Southwest,4/17/2011,58.3,72.9,87.3,85.9,55.8
Southwest,4/18/2011,55.4,69.9,84.8,84.2,55.5
Southwest,4/19/2011,52.7,67.3,80.6,82.4,54.2
Southwest,4/20/2011,54.6,68.3,81.8,81.6,54.1
Southwest,4/21/2011,54.9,68.8,82.3,81.5,54.1
Southwest,4/22/2011,52.9,67.1,80.5,80.7,54.2
Southwest,4/23/2011,54.9,67.2,79.4,79.1,53.2
Southwest,4/24/2011,51.8,65.2,77.5,78,52
Southwest,4/25/2011,49.2,62.9,77,77.2,50.6
Southwest,4/26/2011,50.9,64.4,77.2,77.2,49.4
Southwest,4/27/2011,48.2,62.6,77.3,79.5,50.7
Southwest,4/28/2011,53.1,67.2,83.9,81.5,52.3
Southwest,4/29/2011,55.5,69.9,83.4,82.7,52.9
Southwest,4/30/2011,50,64.7,80.8,78.8,50.1
Southwest,5/1/2011,44.9,58.3,72.2,75.4,46.6
Southwest,5/2/2011,45,58.4,73.2,75.9,46.1
Southwest,5/3/2011,48.3,64,82.4,81.6,49.4
Southwest,5/4/2011,55,71.1,89.1,87.1,54
Southwest,5/5/2011,58.6,74.3,89.8,89.6,57.8
Southwest,5/6/2011,59.7,75,89.9,89.7,59
Southwest,5/7/2011,58.8,74.7,89.5,89.1,58.4
Southwest,5/8/2011,56.6,72.1,88,86.9,55.6
Southwest,5/9/2011,51.5,64.6,83.2,80.8,51.1
Southwest,5/10/2011,45.3,59,71.3,76.8,48
Southwest,5/11/2011,47.2,61,75.9,77,48.5
Southwest,5/12/2011,53.1,67.1,83.9,83,52.9
Southwest,5/13/2011,58.4,73.3,89.1,87.1,56.5
Southwest,5/14/2011,58,72.9,88.2,87,57.2
Southwest,5/15/2011,55.3,69.8,83.6,84,55
Southwest,5/16/2011,51.8,65.9,80.2,80.2,52.6
Southwest,5/17/2011,50.6,63.1,76.9,76.6,50.5
Southwest,5/18/2011,49,61.1,72.7,73.5,47.9
Southwest,5/19/2011,44,57.6,71,73.8,47.1
Southwest,5/20/2011,48.2,62.2,77.7,77.5,48.7
Southwest,5/21/2011,53.8,68,83.7,82.3,52.9
Southwest,5/22/2011,56.8,71.5,85.4,84.2,55.2
Southwest,5/23/2011,55,69.7,83.6,83.4,53.8
Southwest,5/24/2011,49.6,66.2,81.1,84.2,53.4
Southwest,5/25/2011,55.7,70.8,87.9,86.3,55
Southwest,5/26/2011,59.7,75,89.9,90.1,58.7
Southwest,5/27/2011,60.6,76.2,92.4,91.4,60.9
Southwest,5/28/2011,62.3,78,91.9,91.6,60.2
Southwest,5/29/2011,57.6,72.3,90.4,86.8,56.1
Southwest,5/30/2011,48.4,63.7,78,86.2,53.4
Southwest,5/31/2011,54.1,70.5,90.2,86.8,55.5
Southwest,6/1/2011,64,77.8,92.2,90.7,59.3
Southwest,6/2/2011,59.9,74.9,89.8,90.4,60.7
Southwest,6/3/2011,58.2,73.9,89.2,90.4,59.2
Southwest,6/4/2011,59.6,76.1,92.3,92.3,60.6
Southwest,6/5/2011,63.9,79.3,95.5,93.8,62.4
Southwest,6/6/2011,63.8,78.2,93.6,93.1,62.5
Southwest,6/7/2011,59.7,75.1,90.2,91.1,61.2
Southwest,6/8/2011,60.1,75.5,89.4,90,59.8
Southwest,6/9/2011,59.6,75.1,90.3,90.4,60.4
Southwest,6/10/2011,61.4,76.9,91.6,91.2,60.3
Southwest,6/11/2011,60,76.9,91.6,92.1,60.8
Southwest,6/12/2011,61.1,77.6,93.2,92.7,60.8
Southwest,6/13/2011,61.4,77.9,93.2,94.2,62.6
Southwest,6/14/2011,65.4,80.8,96.3,96.3,64.9
Southwest,6/15/2011,67.9,83.8,99.3,98,66.5
Southwest,6/16/2011,66.2,82.9,98.3,97.6,65.8
Southwest,6/17/2011,63.4,80.4,95.3,96.4,64.6
Southwest,6/18/2011,64.3,80.7,95.7,95.3,64.2
Southwest,6/19/2011,64.8,80.5,94.9,94.8,64.1
Southwest,6/20/2011,63.1,79.1,93.8,95.7,64.6
Southwest,6/21/2011,65.9,81.8,98.3,98,66.2
Southwest,6/22/2011,69.6,85.7,101.8,100.3,68.7
Southwest,6/23/2011,70.5,86.3,100.9,101.1,69.9
Southwest,6/24/2011,69.6,85.6,100.6,101,70
Southwest,6/25/2011,70,86.1,101.6,101.8,70.8
Southwest,6/26/2011,72.9,88.1,103.1,103.2,72.2
Southwest,6/27/2011,73.8,89.6,104.8,103.8,74.1
Southwest,6/28/2011,75.6,90,103.4,102.6,74.4
Southwest,6/29/2011,73.9,87.5,99.7,100.2,73.1
Southwest,6/30/2011,69.8,84.2,97.6,99.6,71.2
Southwest,7/1/2011,69.8,85.5,101.5,101.3,71.4
Southwest,7/2/2011,74.7,90,104.7,102.6,74.1
Southwest,7/3/2011,77.8,89.1,101.6,100.7,75.8
Southwest,7/4/2011,74.9,85.6,95.7,98,76
Southwest,7/5/2011,75.3,86.5,96.6,96.3,74.7
Southwest,7/6/2011,73.8,84.3,96.6,97.2,74.7
Southwest,7/7/2011,75,86.9,98.4,98.3,74.6
Southwest,7/8/2011,75,87.8,99.9,99.3,75.3
Southwest,7/9/2011,75.8,88.4,99.7,99.2,75
Southwest,7/10/2011,74.1,86.1,98.1,96.6,74.4
Southwest,7/11/2011,73.3,82.8,92,94.4,72.4
Southwest,7/12/2011,69.8,81.5,93.2,92.5,70.3
Southwest,7/13/2011,67.7,80.9,92.3,92.4,67.8
Southwest,7/14/2011,65.9,79.4,91.6,92.6,66.6
Southwest,7/15/2011,66.2,80.2,94,94.3,67
Southwest,7/16/2011,68.9,82.9,97.2,96.7,69.3
Southwest,7/17/2011,72.9,85.9,98.9,98.6,72.4
Southwest,7/18/2011,75.5,88,99.7,99.2,74.9
Southwest,7/19/2011,76.2,88.1,99,99.6,76.1
Southwest,7/20/2011,76.7,88.6,100.1,99.1,75.8
Southwest,7/21/2011,74.6,86.9,98.3,98.6,74.9
Southwest,7/22/2011,73.3,85.8,97.4,97.2,72.9
Southwest,7/23/2011,70.8,83.5,96,96.1,72
Southwest,7/24/2011,71.9,83.2,94.9,94.9,72
Southwest,7/25/2011,73.2,83.6,93.7,94.4,73.4
Southwest,7/26/2011,75.2,84.8,94.7,94.9,73.3
Southwest,7/27/2011,71.4,83.6,96.4,95.9,73.4
Southwest,7/28/2011,73.7,85.3,96.7,96.8,73.6
Southwest,7/29/2011,75.6,86.4,97.2,97.3,75.3
Southwest,7/30/2011,76.7,86.9,97.9,97.5,76.2
Southwest,7/31/2011,76.4,87.7,97.5,97.8,76
Southwest,8/1/2011,74.8,86.1,98.1,99.2,75.7
Southwest,8/2/2011,75.8,88.6,101.9,100.7,76.3
Southwest,8/3/2011,78.4,90.6,102.2,101.6,76.5
Southwest,8/4/2011,75.4,88.5,100.8,101.1,75.8
Southwest,8/5/2011,73.6,87.4,100.3,100.2,74.1
Southwest,8/6/2011,73.2,86.6,99.6,99.7,73.4
Southwest,8/7/2011,73.3,86.4,99.1,99.2,73.1
Southwest,8/8/2011,72.9,86.1,98.8,98.8,73.1
Southwest,8/9/2011,73,86.2,98.4,98.2,72.7
Southwest,8/10/2011,72.1,85.2,97.3,96.9,72
Southwest,8/11/2011,70.8,82.6,94.9,95.9,72.2
Southwest,8/12/2011,73.6,83.6,95.4,95.5,73
Southwest,8/13/2011,74.6,85.2,96.3,96.1,73.4
Southwest,8/14/2011,72,84.4,96.6,96.9,73.2
Southwest,8/15/2011,72.9,84.9,97.9,97.5,72.1
Southwest,8/16/2011,71.5,84.9,97.9,98.3,72.9
Southwest,8/17/2011,74.2,86.7,99.1,98.9,73.9
Southwest,8/18/2011,76.1,88.4,99.7,98.4,74.4
Southwest,8/19/2011,73,85.1,96.3,97.2,73.1
Southwest,8/20/2011,70.3,83.4,95.7,96.4,71.5
Southwest,8/21/2011,71.1,83.6,97.1,97.5,71.8
Southwest,8/22/2011,74.1,86.6,99.6,99.7,74.1
Southwest,8/23/2011,77.1,89.7,102.3,100.9,76.6
Southwest,8/24/2011,78.5,89.9,100.7,101.4,77.2
Southwest,8/25/2011,75.9,88.5,101.1,100.3,77.8
Southwest,8/26/2011,78.9,89.1,99.2,100.1,77.6
Southwest,8/27/2011,78,88.4,100.1,100.1,77.8
Southwest,8/28/2011,76.5,87.9,100.9,101.2,76.8
Southwest,8/29/2011,76,88.8,102.5,101.9,76
Southwest,8/30/2011,75.6,89.1,102.2,101.9,75.9
Southwest,8/31/2011,76.2,89.1,101.1,101.3,75.7
Southwest,9/1/2011,75.4,88,100.6,100.1,75.3
Southwest,9/2/2011,74.3,86.4,98.7,99.5,74.1
Southwest,9/3/2011,72.7,85.7,99.3,98.6,73.1
Southwest,9/4/2011,72.2,85.2,97.9,97.7,72.3
Southwest,9/5/2011,72.1,83.7,95.8,95.8,72.2
Southwest,9/6/2011,72.4,82.8,93.6,95.5,72.5
Southwest,9/7/2011,73.1,83.9,97,96.2,72.8
Southwest,9/8/2011,72.9,85.1,97.9,97,72.6
Southwest,9/9/2011,71.9,81.6,96,94.3,70.7
Southwest,9/10/2011,67.3,77.3,88.9,91.7,68.7
Southwest,9/11/2011,66.9,77.4,90.2,90.1,67.7
Southwest,9/12/2011,68.8,79.6,91.3,90.6,68.1
Southwest,9/13/2011,68.6,79.3,90.2,89.8,67.5
Southwest,9/14/2011,65.2,76.3,87.9,87.8,65.5
Southwest,9/15/2011,62.6,74,85.3,86.7,63.6
Southwest,9/16/2011,63,74.3,86.9,86.5,62.6
Southwest,9/17/2011,62.3,74.7,87.2,88.2,63.1
Southwest,9/18/2011,63.9,76.5,90.6,90.6,64.1
Southwest,9/19/2011,66,79.3,93.9,93.2,65.8
Southwest,9/20/2011,67.4,80.7,95.2,94.8,66.9
Southwest,9/21/2011,67.3,80.9,95.4,95.4,67.6
Southwest,9/22/2011,68.2,81.2,95.5,96.2,68.1
Southwest,9/23/2011,68.7,82.2,97.8,96.4,68.8
Southwest,9/24/2011,69.5,82.7,95.9,95.7,68.6
Southwest,9/25/2011,67.6,80.2,93.4,93,66.6
Southwest,9/26/2011,62.8,76.2,89.6,91.9,65.1
Southwest,9/27/2011,64.9,77.7,92.7,91.5,64.4
Southwest,9/28/2011,65.4,78.4,92.3,92.8,65.4
Southwest,9/29/2011,65.9,78.6,93.3,92.6,66.2
Southwest,9/30/2011,67.2,79.2,92.2,91.9,66.5
Southwest,10/1/2011,66.5,78.2,90.2,90.8,66.7
Southwest,10/2/2011,66.4,77.7,90.1,89.6,66
Southwest,10/3/2011,65.2,76.9,88.4,87.9,64.9
Southwest,10/4/2011,63.2,73.5,85.2,83.1,60.7
Southwest,10/5/2011,53.8,64.9,75.7,78.2,57.4
Southwest,10/6/2011,55.3,62.6,73.7,72.9,52.2
Southwest,10/7/2011,47.4,58,69.4,71.5,49.6
Southwest,10/8/2011,46.2,57.9,71.3,72.2,47.8
Southwest,10/9/2011,49.7,61.3,75.9,75.4,49.4
Southwest,10/10/2011,52.2,64.6,79,79.4,52.5
Southwest,10/11/2011,55.6,67.6,83.2,83.4,55.3
Southwest,10/12/2011,58.1,71.2,88,87.3,58
Southwest,10/13/2011,60.4,74.1,90.7,89.9,60.1
Southwest,10/14/2011,61.9,75.2,90.9,91.1,61.7
Southwest,10/15/2011,62.8,75.9,91.8,91,62.6
Southwest,10/16/2011,63.1,75.6,90.4,90.2,62.7
Southwest,10/17/2011,62.2,74.5,88.3,88.4,61.7
Southwest,10/18/2011,59.8,72.4,86.6,87.3,59.9
Southwest,10/19/2011,57.8,71.2,87,86.5,58.6
Southwest,10/20/2011,58.1,71.2,85.9,85.7,57.9
Southwest,10/21/2011,57.9,70.2,84.2,85.3,58.4
Southwest,10/22/2011,59.2,71.2,85.9,85.6,58.9
Southwest,10/23/2011,59.5,71.9,86.7,86.1,59.8
Southwest,10/24/2011,60.6,71.9,85.7,85.2,60.5
Southwest,10/25/2011,61.4,72.3,83.1,82.5,58.7
Southwest,10/26/2011,54,65.4,78.8,77.2,53.5
Southwest,10/27/2011,45.2,57.1,69.7,74.6,48.7
Southwest,10/28/2011,47,58.6,75.4,74.6,47.6
Southwest,10/29/2011,50.7,62.5,78.7,78.4,50.2
Southwest,10/30/2011,52.8,65.2,81.2,80.7,52.5
Southwest,10/31/2011,53.9,66.6,82.1,81.3,53.3
Southwest,11/1/2011,53.3,66.2,80.5,78.9,51.4
Southwest,11/2/2011,47.1,60.5,74.2,75.7,48
Southwest,11/3/2011,43.6,55.7,72.5,72.9,46.8
Southwest,11/4/2011,49.6,59.2,72,69.8,45.3
Southwest,11/5/2011,42.7,51.6,64.8,65.2,44
Southwest,11/6/2011,39.6,48,58.9,59.9,41.6
Southwest,11/7/2011,42.4,48.7,55.9,57.2,39.6
Southwest,11/8/2011,36.9,45.9,56.9,58.9,39
Southwest,11/9/2011,37.7,48.3,63.8,62.3,38.5
Southwest,11/10/2011,41,51.4,66.1,65.8,41.6
Southwest,11/11/2011,46.1,55,67.5,67.4,44.9
Southwest,11/12/2011,47.5,56.9,68.5,66.4,48.1
Southwest,11/13/2011,50.8,56.5,63.1,65.4,48.8
Southwest,11/14/2011,48.1,55.1,64.5,64.1,48.3
Southwest,11/15/2011,45.9,54.5,64.6,64.9,46.3
Southwest,11/16/2011,45,54,65.5,66.4,45.3
Southwest,11/17/2011,45.1,55.2,69,67.3,45.2
Southwest,11/18/2011,45.4,55.9,67.3,67.1,45
Southwest,11/19/2011,44.5,54.3,65.1,65.5,44.9
Southwest,11/20/2011,44.9,53.5,64,63,45.1
Southwest,11/21/2011,45.8,52.3,59.8,62.6,44.1
Southwest,11/22/2011,41.7,51,64,65.3,43.9
Southwest,11/23/2011,44.1,54.9,72,67.7,43.9
Southwest,11/24/2011,45.9,56,67,67,45
Southwest,11/25/2011,45.1,53,61.9,64.6,44.5
Southwest,11/26/2011,42.4,51.7,64.8,64.2,43
Southwest,11/27/2011,41.4,51.7,65.9,66.9,42.8
Southwest,11/28/2011,44.5,54.2,69.9,68.6,44.3
Southwest,11/29/2011,46.9,56.4,70.1,69.6,45.6
Southwest,11/30/2011,45.3,55.8,68.7,66.9,44.9
Southwest,12/1/2011,42.4,50.9,61.8,60.8,41.8
Southwest,12/2/2011,37.8,44.6,52,54.4,39.2
Southwest,12/3/2011,37.3,43,49.5,49.9,36.1
Southwest,12/4/2011,33.3,39.9,48.2,47.5,33.8
Southwest,12/5/2011,30.9,37.7,44.8,46.1,30.1
Southwest,12/6/2011,26,34.4,45.3,47.4,28.5
Southwest,12/7/2011,28.7,37.3,52.2,51.1,29.1
Southwest,12/8/2011,32.5,41.5,55.7,55.2,31.8
Southwest,12/9/2011,34.3,43.9,57.8,57.8,34.3
Southwest,12/10/2011,36.1,45.8,59.8,58.7,35.8
Southwest,12/11/2011,37.1,46.2,58.4,58,38.4
Southwest,12/12/2011,42.1,47.9,55.7,54.6,40.9
Southwest,12/13/2011,43.6,46.2,49.6,51.7,41.8
Southwest,12/14/2011,39.7,43.7,49.7,50.3,39.3
Southwest,12/15/2011,34.6,41.8,51.7,52.4,36.4
Southwest,12/16/2011,35,42.8,55.9,55.6,36.2
Southwest,12/17/2011,39.1,46.5,59.3,56.4,39.1
Southwest,12/18/2011,43.2,47.3,54,54.4,40
Southwest,12/19/2011,37.6,43.2,50,52.1,38.9
Southwest,12/20/2011,35.8,43.2,52.4,52,36.7
Southwest,12/21/2011,36.7,43.6,53.7,52.1,35.6
Southwest,12/22/2011,34.4,42.1,50.2,50.4,33.8
Southwest,12/23/2011,30.3,37.7,47.4,49.4,32
Southwest,12/24/2011,31.2,38.5,50.7,50.6,31.6
Southwest,12/25/2011,33.2,41.1,53.6,53.3,32.8
Southwest,12/26/2011,34.1,42.7,55.5,55.6,34.4
Southwest,12/27/2011,36,44.9,57.6,57.7,35.9
Southwest,12/28/2011,37.6,46.4,59.9,60.4,38.3
Southwest,12/29/2011,41.4,49.9,63.6,63.6,41.4
Southwest,12/30/2011,45.1,53.8,67.3,66.2,44
Southwest,12/31/2011,45.4,54.9,67.7,68.1,45
Southwest,1/1/2012,44.6,54.9,69.3,68.3,44.8
Southwest,1/2/2012,44.5,54.2,67.9,68.3,44.5
Southwest,1/3/2012,44.3,53.8,67.6,68.3,44.8
Southwest,1/4/2012,45.7,55.5,69.4,68.1,44.7
Southwest,1/5/2012,44,54.3,67.3,67.5,44.5
Southwest,1/6/2012,43.9,53.5,65.8,65.5,43.4
Southwest,1/7/2012,42.3,52.4,63.3,62.6,41.5
Southwest,1/8/2012,38.3,48,58.8,59.8,39.3
Southwest,1/9/2012,37.2,45.6,57.3,58.7,38
Southwest,1/10/2012,38.4,47.2,59.9,59.1,38.5
Southwest,1/11/2012,40,48.6,60,59.8,39.1
Southwest,1/12/2012,38.9,47.7,59.5,59.7,38.2
Southwest,1/13/2012,35.7,45.8,59.7,60.9,37.5
Southwest,1/14/2012,37.9,48,63.5,61.7,39.1
Southwest,1/15/2012,43.6,50.9,61.9,61.3,41.8
Southwest,1/16/2012,43.9,51,58.5,59.4,42.2
Southwest,1/17/2012,39.1,47.6,57.8,59,40.4
Southwest,1/18/2012,38.2,47.7,60.6,60.8,39.3
Southwest,1/19/2012,40.6,50,63.9,63.1,40
Southwest,1/20/2012,41.2,51.7,64.8,64.3,41.8
Southwest,1/21/2012,43.7,52.8,64.2,63.2,41.1
Southwest,1/22/2012,38.3,47.8,60.7,61.4,40
Southwest,1/23/2012,38,47,59.4,59.3,38.5
Southwest,1/24/2012,39.1,47.8,57.7,59.4,38.4
Southwest,1/25/2012,38.2,47.3,61.2,61.9,39.6
Southwest,1/26/2012,41.6,51.2,66.9,64.4,41.1
Southwest,1/27/2012,43.4,53.7,65,65.4,41.9
Southwest,1/28/2012,40.7,52,64.2,65.5,41.6
Southwest,1/29/2012,40.6,51.6,67.3,66.1,41.1
Southwest,1/30/2012,42.1,53.3,66.9,66.7,41.8
Southwest,1/31/2012,42.6,53.2,65.9,66.5,42.2
Southwest,2/1/2012,42,53.1,66.7,65.5,41.8
Southwest,2/2/2012,40.7,51.2,63.9,63,39.5
Southwest,2/3/2012,35.7,46.4,58.5,61.2,37.8
Southwest,2/4/2012,37,47.5,61.1,60.2,36.8
Southwest,2/5/2012,37.6,48.3,61,61.4,37.8
Southwest,2/6/2012,38.7,49.1,62.2,62.8,38.8
Southwest,2/7/2012,40.1,50.9,65.1,64,40.4
Southwest,2/8/2012,42.4,52.5,64.6,66.3,42.2
Southwest,2/9/2012,44.1,54.5,69.2,67.6,43.5
Southwest,2/10/2012,43.9,55.5,69.1,69.5,44.7
Southwest,2/11/2012,46,56.9,70.2,68.6,42.9
Southwest,2/12/2012,38.7,49.6,66.5,65.3,40.7
Southwest,2/13/2012,37.5,47.2,59.1,61,37.9
Southwest,2/14/2012,37.6,46.3,57.4,57.8,36.3
Southwest,2/15/2012,33.7,43.7,56.8,58,36
Southwest,2/16/2012,36.8,46.7,59.7,58.6,36.6
Southwest,2/17/2012,39.4,48.5,59.4,59.9,37.7
Southwest,2/18/2012,36.8,47.8,60.7,60.3,38.4
Southwest,2/19/2012,38.9,48.8,60.7,60.5,37.5
Southwest,2/20/2012,36.8,47.8,60,62.3,37.9
Southwest,2/21/2012,37.9,50.2,66.2,65.5,39.2
Southwest,2/22/2012,42.9,54.5,70.4,69.2,41.8
Southwest,2/23/2012,44.6,57,70.9,70.4,43.4
Southwest,2/24/2012,42.8,55.8,69.9,70.7,43.5
Southwest,2/25/2012,43.2,56,71.2,70.3,42.9
Southwest,2/26/2012,42.8,56.2,69.7,69.5,43
Southwest,2/27/2012,43.1,54.7,67.7,66.7,41.5
Southwest,2/28/2012,38.6,48,62.7,63.9,38.8
Southwest,2/29/2012,34.6,45.9,61.2,62.6,37.1
Southwest,3/1/2012,38.2,49.9,64,62.5,37.1
Southwest,3/2/2012,38.5,49.6,62.4,62.9,36.7
Southwest,3/3/2012,33.4,45.8,62.2,66.1,37.6
Southwest,3/4/2012,40.8,53.8,73.6,71.4,40.3
Southwest,3/5/2012,46.6,60.8,78.4,76.2,44.9
Southwest,3/6/2012,47.2,61.8,76.6,75.6,44.4
Southwest,3/7/2012,39.5,52.4,71.9,70.2,40.5
Southwest,3/8/2012,34.9,46.2,62.1,65.8,38
Southwest,3/9/2012,39.5,51.1,63.5,62.5,37.9
Southwest,3/10/2012,39.2,50.1,61.9,65.4,39.9
Southwest,3/11/2012,40.9,53.6,70.8,69.1,41.1
Southwest,3/12/2012,43.1,57.4,74.5,73.5,43.2
Southwest,3/13/2012,45.7,59.7,75.1,74.9,45
Southwest,3/14/2012,46.3,60.2,75.2,76,46.8
Southwest,3/15/2012,48.5,62.1,77.7,77,48.3
Southwest,3/16/2012,50,63.5,78.1,77.4,49.2
Southwest,3/17/2012,49.2,61.5,76.3,74.3,47.8
Southwest,3/18/2012,44.3,52.5,68.6,65.2,42.4
Southwest,3/19/2012,33.7,42.1,50.6,58.9,37
Southwest,3/20/2012,33,43.2,57.6,58.8,35.1
Southwest,3/21/2012,38.6,50.3,68.3,67.4,39.4
Southwest,3/22/2012,46.7,59.5,76.2,74,44.8
Southwest,3/23/2012,49.1,63.2,77.6,77.6,48.6
Southwest,3/24/2012,50,64,79.1,78.4,50.7
Southwest,3/25/2012,52.9,65.5,78.6,77.5,50
Southwest,3/26/2012,47,59.3,74.7,76.3,48.9
Southwest,3/27/2012,46.9,59.8,75.7,76.4,48.2
Southwest,3/28/2012,50.6,63.9,78.9,77.6,49.5
Southwest,3/29/2012,51,64.7,78.3,79.4,51.3
Southwest,3/30/2012,52.2,65.9,81.1,80.9,52.4
Southwest,3/31/2012,54,68.3,83.2,81.8,52
Southwest,4/1/2012,49.8,62.9,81.2,77.5,48.5
Southwest,4/2/2012,41.7,54.5,68.1,73.4,44.9
Southwest,4/3/2012,43.1,55.2,70.9,71.8,43.8
Southwest,4/4/2012,46.5,60.3,76.4,75.7,46.8
Southwest,4/5/2012,50.8,64.8,79.9,77.8,48.1
Southwest,4/6/2012,46.9,62,77.2,79.5,48.5
Southwest,4/7/2012,47.9,62.7,81.5,81.1,49.4
Southwest,4/8/2012,53.3,68,84.5,83.7,52.8
Southwest,4/9/2012,57.3,70.7,85.1,84.9,55.5
Southwest,4/10/2012,56,70.5,85.2,84.2,55.2
Southwest,4/11/2012,52.2,64.9,82.2,79.2,51
Southwest,4/12/2012,44.8,57.5,70.3,74.7,48
Southwest,4/13/2012,46.9,58.4,71.5,70.6,45.2
Southwest,4/14/2012,44,54.3,70.1,69.5,42.9
Southwest,4/15/2012,37.8,50.3,66.8,70.6,42.4
Southwest,4/16/2012,45.5,58.8,75,74.9,44.8
Southwest,4/17/2012,51.2,66.3,82.9,81.4,50.8
Southwest,4/18/2012,55.7,70.7,86.2,85,54.2
Southwest,4/19/2012,55.6,71.2,85.8,86.6,56.5
Southwest,4/20/2012,58.1,72.5,87.9,88.8,58.3
Southwest,4/21/2012,61.1,76.3,92.7,91.7,61
Southwest,4/22/2012,63.9,79.3,94.6,93.5,62.8
Southwest,4/23/2012,63.3,77.8,93.2,91.9,61.9
Southwest,4/24/2012,58.6,73.5,87.9,90.7,61.2
Southwest,4/25/2012,61.6,75.6,90.9,89.3,60.8
Southwest,4/26/2012,62.1,72.3,89,86.4,58.1
Southwest,4/27/2012,50.6,63.9,79.3,84.1,55.8
Southwest,4/28/2012,54.6,68.8,84,82.6,53.8
Southwest,4/29/2012,56.1,70.5,84.4,84.8,56.1
Southwest,4/30/2012,57.6,71.6,86,85.1,56.8
Southwest,5/1/2012,56.8,71.4,85,84.7,56.5
Southwest,5/2/2012,55.1,69.6,83.2,84.3,55.7
Southwest,5/3/2012,55.1,69.7,84.6,84.8,55.5
Southwest,5/4/2012,56.2,71.4,86.7,85.9,56.3
Southwest,5/5/2012,57.6,72.5,86.5,86.2,56.8
Southwest,5/6/2012,56.6,71.7,85.4,85.3,56.4
Southwest,5/7/2012,55.1,69.9,84.1,83.7,56.1
Southwest,5/8/2012,56.7,69.1,81.7,82.5,56.5
Southwest,5/9/2012,57.7,70.1,81.8,83.2,56.7
Southwest,5/10/2012,55.7,69.1,86,85.4,57.4
Southwest,5/11/2012,58.7,73.5,88.4,87.9,57.7
Southwest,5/12/2012,58.8,74.2,89.3,89.7,59.8
Southwest,5/13/2012,61.9,76.5,91.3,90.4,60.9
Southwest,5/14/2012,61.9,77,90.7,91.9,62.1
Southwest,5/15/2012,62.4,78.2,93.6,92.5,62.6
Southwest,5/16/2012,63.4,79.1,93.3,93.4,62.8
Southwest,5/17/2012,62.5,78.5,93.4,92.8,62.7
Southwest,5/18/2012,62.3,76.8,91.6,91.3,61.1
Southwest,5/19/2012,58.5,74.1,88.8,91.4,61.2
Southwest,5/20/2012,62.9,77.8,93.8,93.5,62.5
Southwest,5/21/2012,66.2,82.1,97.9,96.6,65.7
Southwest,5/22/2012,67.9,83.2,98.2,97.5,66.2
Southwest,5/23/2012,64.4,80.6,96.5,95.3,64.6
Southwest,5/24/2012,61.5,75.8,91.2,91.2,61.5
Southwest,5/25/2012,58.5,72.3,85.9,86.2,57.7
Southwest,5/26/2012,53.1,66.1,81.6,82.4,53.9
Southwest,5/27/2012,50.2,64.6,79.6,82.8,52.9
Southwest,5/28/2012,55.3,70.3,87.1,86.1,55
Southwest,5/29/2012,59.6,75.6,91.5,90.6,58.7
Southwest,5/30/2012,61.3,77.6,93.1,94.4,61.3
Southwest,5/31/2012,63.1,80,98.6,97.7,64.3
Southwest,6/1/2012,68.6,85.1,101.3,100,66.4
Southwest,6/2/2012,67.4,84.1,100.2,99.1,66.8
Southwest,6/3/2012,64.5,80.7,95.9,96.4,65.3
Southwest,6/4/2012,64,79.2,93.1,93.5,63.9
Southwest,6/5/2012,63.1,77.8,91.4,92.7,63.4
Southwest,6/6/2012,63,78.4,93.7,93.1,62.8
Southwest,6/7/2012,62.2,79,94.2,94.5,63.1
Southwest,6/8/2012,64,80.3,95.6,94.8,63.3
Southwest,6/9/2012,63.6,79.9,94.6,94.5,63.6
Southwest,6/10/2012,63.3,78.7,93.2,94.5,63.9
Southwest,6/11/2012,64.7,80.5,95.7,95.5,64.7
Southwest,6/12/2012,66.2,82.5,97.5,97.1,65.9
Southwest,6/13/2012,66.8,83.1,98,97.4,66.1
Southwest,6/14/2012,65.4,82,96.8,96.4,65.4
Southwest,6/15/2012,64.1,80.2,94.5,96,64.9
Southwest,6/16/2012,65.2,81,96.7,97.3,66.2
Southwest,6/17/2012,69.4,84.4,100.7,99.9,68.8
Southwest,6/18/2012,71.9,87.6,102.3,101.3,69.9
Southwest,6/19/2012,68.5,85.3,100.9,101.4,69.2
Southwest,6/20/2012,67.2,84.5,100.9,100.5,68.3
Southwest,6/21/2012,69.1,85.1,99.7,99.7,68.7
Southwest,6/22/2012,69.8,84.6,98.5,98.8,69.1
Southwest,6/23/2012,68.4,84.2,98.3,98.1,69.9
Southwest,6/24/2012,71.5,84.9,97.6,97.9,70.8
Southwest,6/25/2012,72.5,85.6,97.9,98.2,72.6
Southwest,6/26/2012,73.8,87,99.2,99.5,73.7
Southwest,6/27/2012,74.8,88.5,101.5,100.8,74.3
Southwest,6/28/2012,74.4,88.3,101.7,101.6,75
Southwest,6/29/2012,75.9,89.2,101.6,101.9,75
Southwest,6/30/2012,74.6,88.8,102.3,101.7,74.5
Southwest,7/1/2012,73.1,87.7,101.3,101.2,73.3
Southwest,7/2/2012,72.2,86.1,100.1,99.1,71.9
Southwest,7/3/2012,70.5,82.6,95.8,95.6,71.3
Southwest,7/4/2012,71.3,79.5,90.9,92.5,69.6
Southwest,7/5/2012,67.1,78.6,90.8,91.9,69.2
Southwest,7/6/2012,69.2,81.4,93.9,94.3,69.2
Southwest,7/7/2012,71.3,84.5,98.3,97.1,71.5
Southwest,7/8/2012,73.9,86.7,99.2,99.6,74.1
Southwest,7/9/2012,77,89.1,101.3,100.4,75.5
Southwest,7/10/2012,75.5,88.9,100.8,100.7,76.9
Southwest,7/11/2012,78.1,89,100,99.3,76.9
Southwest,7/12/2012,77.2,87,97.2,97,76.7
Southwest,7/13/2012,74.7,83.1,93.9,94.1,75.1
Southwest,7/14/2012,73.5,81.8,91.2,92.3,73.6
Southwest,7/15/2012,72.6,82.9,91.9,92,73
Southwest,7/16/2012,72.9,83,92.9,92.4,71.2
Southwest,7/17/2012,68,80.5,92.4,93.4,70.4
Southwest,7/18/2012,70.3,82.7,95,94.4,70.7
Southwest,7/19/2012,73.7,84.7,95.9,96,72.9
Southwest,7/20/2012,74.7,85.9,97.2,96.5,74.6
Southwest,7/21/2012,75.3,86.8,96.5,96.2,75
Southwest,7/22/2012,75,85.8,94.8,95.2,75.4
Southwest,7/23/2012,75.9,85.6,94.4,94.6,75.5
Southwest,7/24/2012,75.6,85.4,94.7,95.1,74.6
Southwest,7/25/2012,72.4,84.5,96.2,95.7,73.3
Southwest,7/26/2012,72,84.5,96.3,96.6,72.7
Southwest,7/27/2012,73.6,85.1,97.4,96.6,73.5
Southwest,7/28/2012,75,84.8,96.1,95.2,74
Southwest,7/29/2012,73.5,82,92,92.7,73.4
Southwest,7/30/2012,71.7,80.4,90.1,91.8,72.4
Southwest,7/31/2012,71.9,82.3,93.2,92.5,71.7
Southwest,8/1/2012,71.4,82.5,94.3,95,72.2
Southwest,8/2/2012,73.2,85,97.4,96.6,72.8
Southwest,8/3/2012,73.7,86.2,98,98.1,73.5
Southwest,8/4/2012,73.7,86.3,98.9,98.2,74.3
Southwest,8/5/2012,75.6,86.6,97.7,99.3,75.3
Southwest,8/6/2012,76.6,88.1,101.2,100.2,76.2
Southwest,8/7/2012,76.5,89.3,101.7,102,76.7
Southwest,8/8/2012,77,89.9,103,102.2,77.5
Southwest,8/9/2012,78.9,90.7,101.9,103.1,78
Southwest,8/10/2012,78.2,91.4,104.3,103.3,78.8
Southwest,8/11/2012,79.4,91.7,103.8,104.1,79.1
Southwest,8/12/2012,79.8,92.2,104.2,104,80.4
Southwest,8/13/2012,81.9,93,103.9,103.5,80.6
Southwest,8/14/2012,80.1,91.3,102.4,101.7,79.4
Southwest,8/15/2012,76.2,88,98.8,99.7,76.9
Southwest,8/16/2012,74.3,85.1,97.9,96.2,74.7
Southwest,8/17/2012,73.5,81.9,92,93.9,73.3
Southwest,8/18/2012,72.1,80.8,91.7,92.7,73.1
Southwest,8/19/2012,73.8,83.4,94.4,93.3,73.5
Southwest,8/20/2012,74.5,84.4,93.8,93.6,74.5
Southwest,8/21/2012,75.1,83.1,92.5,91.6,74.3
Southwest,8/22/2012,73.4,80.2,88.4,89.2,73.2
Southwest,8/23/2012,71.1,77.8,86.8,88.8,71.6
Southwest,8/24/2012,70.4,80,91.1,90.6,70.6
Southwest,8/25/2012,70.4,82,93.9,93.3,70.6
Southwest,8/26/2012,71.1,83.2,95,95.6,71.2
Southwest,8/27/2012,72.1,84.3,97.8,97.2,72.6
Southwest,8/28/2012,74.7,86.9,98.8,98.1,73.2
Southwest,8/29/2012,72.9,85.1,97.7,97.3,73
Southwest,8/30/2012,71.5,83.6,95.4,95.5,71.9
Southwest,8/31/2012,71.3,82.7,93.4,94.1,72.2
Southwest,9/1/2012,73.9,84,93.6,93.8,73.8
Southwest,9/2/2012,76.1,85.5,94.3,93.7,75.3
Southwest,9/3/2012,75.8,85,93.3,93.5,75
Southwest,9/4/2012,73.1,82.6,93,93.3,73.6
Southwest,9/5/2012,72,82.4,93.6,93.3,72.3
Southwest,9/6/2012,71.9,82.6,93.3,92.9,72.5
Southwest,9/7/2012,73.6,81.8,91.7,91.1,72.3
Southwest,9/8/2012,71.5,79.4,88.2,90.4,71.4
Southwest,9/9/2012,69,79.2,91.2,89.6,69.9
Southwest,9/10/2012,69.2,79.7,89.5,89.3,68.7
Southwest,9/11/2012,67.8,77.5,87.1,87.9,68.2
Southwest,9/12/2012,67.7,76.5,87.1,87.3,67.6
Southwest,9/13/2012,67.2,77.6,87.7,87,66.6
Southwest,9/14/2012,64.9,75.5,86.1,87.2,64.7
Southwest,9/15/2012,61.9,74.6,87.8,88.6,63.5
Southwest,9/16/2012,63.7,77.2,91.9,90.1,63.7
Southwest,9/17/2012,65.5,78.1,90.7,91.6,65
Southwest,9/18/2012,65.8,78.3,92.1,92.3,66.2
Southwest,9/19/2012,67.4,80.4,94.2,93.7,67.2
Southwest,9/20/2012,68.3,81.3,94.8,94.7,68.2
Southwest,9/21/2012,68.8,81.6,95.2,95.6,68.9
Southwest,9/22/2012,69.7,82.7,96.9,96,69.7
Southwest,9/23/2012,70.6,83.2,96,95.4,70
Southwest,9/24/2012,69.7,81.1,93.3,93,68.7
Southwest,9/25/2012,65.7,78.1,89.7,90.6,66.3
Southwest,9/26/2012,63.4,76,88.8,89.1,64.6
Southwest,9/27/2012,64.8,76.8,88.7,88,64.5
Southwest,9/28/2012,65.3,75.5,86.5,88.2,64.9
Southwest,9/29/2012,64.7,76,89.5,89.6,65.2
Southwest,9/30/2012,65.7,78.1,92.9,92.1,65.5
Southwest,10/1/2012,66.2,79.5,93.8,93.9,65.9
Southwest,10/2/2012,65.7,79.8,94.9,94.1,65.6
Southwest,10/3/2012,65,78.6,93.6,93,64.6
Southwest,10/4/2012,63.2,76.6,90.4,90.7,63.5
Southwest,10/5/2012,62.4,75,88.2,88.1,62.2
Southwest,10/6/2012,60.9,73,85.7,85.7,60.7
Southwest,10/7/2012,58.8,70.7,83.1,84.6,59.4
Southwest,10/8/2012,58.5,70.7,85,84.3,58.6
Southwest,10/9/2012,58.5,71.3,84.8,84.6,58.7
Southwest,10/10/2012,59.1,71.2,84,83.2,59.6
Southwest,10/11/2012,61.2,69.8,80.7,80.4,58
Southwest,10/12/2012,53.6,63.6,76.4,77.1,54.8
Southwest,10/13/2012,49.5,60.5,74.1,77.9,52.5
Southwest,10/14/2012,54.4,66.2,83.2,81.2,54
Southwest,10/15/2012,58,70.7,86.2,85.3,57
Southwest,10/16/2012,58.6,71.1,86.4,86,58.5
Southwest,10/17/2012,59,71.5,85.4,84.7,58.8
Southwest,10/18/2012,58.9,69.9,82.3,84.4,58.5
Southwest,10/19/2012,57.6,69.8,85.4,84,58.7
Southwest,10/20/2012,59.6,71.1,84.3,83.4,58
Southwest,10/21/2012,56.9,68.8,80.4,80.7,56.8
Southwest,10/22/2012,53.8,64.8,77.3,78.6,54.6
Southwest,10/23/2012,53.1,64.9,78.2,77.3,53.8
Southwest,10/24/2012,54.4,65.1,76.4,76.6,52.2
Southwest,10/25/2012,49,60.8,75.1,75.1,50.8
Southwest,10/26/2012,49,60.8,73.8,75.2,48.6
Southwest,10/27/2012,47.8,60,76.7,77.2,49.6
Southwest,10/28/2012,52.1,64.3,81.1,79.8,51.5
Southwest,10/29/2012,54.7,66.7,81.7,81.5,53.8
Southwest,10/30/2012,54.7,66.8,81.8,81.6,54.5
Southwest,10/31/2012,54.1,66.5,81.4,81.4,54.2
Southwest,11/1/2012,53.7,66.1,80.9,80,53.7
Southwest,11/2/2012,53.3,65,77.7,78.9,53.4
Southwest,11/3/2012,53.1,64.2,78,78.9,53.3
Southwest,11/4/2012,53.5,65.5,81,80.7,53.8
Southwest,11/5/2012,54.8,67.1,83,82.4,54.6
Southwest,11/6/2012,55.5,67.8,83.2,83.2,55.3
Southwest,11/7/2012,55.7,68.2,83.4,81.3,55.3
Southwest,11/8/2012,54.8,66.1,77.3,77.5,54.9
Southwest,11/9/2012,54.2,61.6,71.9,71,50.7
Southwest,11/10/2012,43,52.3,63.7,63.1,44
Southwest,11/11/2012,34.8,44.1,53.8,59.9,37.5
Southwest,11/12/2012,34.6,45.1,62.2,61.3,36.3
Southwest,11/13/2012,39.5,50.8,67.8,67.5,39.2
Southwest,11/14/2012,43.4,55,72.5,70.3,43.5
Southwest,11/15/2012,47.5,57.8,70.7,71.8,48.1
Southwest,11/16/2012,53.3,61.2,72.1,71.5,50.7
Southwest,11/17/2012,51.2,60.5,71.7,71,51.4
Southwest,11/18/2012,49.6,58.9,69.1,70.3,49.4
Southwest,11/19/2012,47.3,57.7,70.2,70.7,47.9
Southwest,11/20/2012,46.8,58.2,72.9,72.1,48.1
Southwest,11/21/2012,50.2,60,73.3,73,48.4
Southwest,11/22/2012,48.2,59.2,72.9,73.6,48.9
Southwest,11/23/2012,48.3,59.5,74.7,74.2,48.5
Southwest,11/24/2012,48.9,59.9,74.9,74.6,48.9
Southwest,11/25/2012,49.6,60.5,74.1,73.4,48.8
Southwest,11/26/2012,47.9,58.7,71.3,72.7,48.2
Southwest,11/27/2012,47.1,58.1,72.6,72,47.9
Southwest,11/28/2012,48.8,59.1,72.1,71.6,47.7
Southwest,11/29/2012,47.3,57.7,70.1,70.5,47.9
Southwest,11/30/2012,47.7,57.6,69.3,70,47.7
Southwest,12/1/2012,48.1,58.1,70.6,70.3,48.1
Southwest,12/2/2012,48.4,58.4,71.1,70.1,47.9
Southwest,12/3/2012,47.3,57.3,68.6,70,47.7
Southwest,12/4/2012,47.4,56.8,70.3,70.6,47.7
Southwest,12/5/2012,48.5,58.4,73,71.1,48
Southwest,12/6/2012,48.1,58.4,70,70,47.4
Southwest,12/7/2012,45.6,55.7,66.9,67.2,45.4
Southwest,12/8/2012,42.6,52.9,64.8,65,43.2
Southwest,12/9/2012,41.5,51.3,63.2,61.7,39.2
Southwest,12/10/2012,33.5,45,57.1,59.9,36.8
Southwest,12/11/2012,35.3,45.1,59.3,59.8,35.3
Southwest,12/12/2012,37.1,47.5,63.1,61.5,37.4
Southwest,12/13/2012,39.8,49.7,62.1,60.6,40
Southwest,12/14/2012,43.1,48.2,56.5,55.8,41.3
Southwest,12/15/2012,41.1,44.2,48.7,52.1,40.6
Southwest,12/16/2012,37.7,43.1,51.1,51.2,37.9
Southwest,12/17/2012,34.8,42.3,53.7,53.7,36.4
Southwest,12/18/2012,36.6,44.4,56.3,54.2,35.8
Southwest,12/19/2012,36,44.1,52.6,54.1,34.1
Southwest,12/20/2012,29.6,38.2,53.3,54.8,33.2
Southwest,12/21/2012,34.1,43.1,58.4,57.5,34.9
Southwest,12/22/2012,41,48.1,60.7,59.1,37.7
Southwest,12/23/2012,38.1,47.3,58.1,58.4,39.6
Southwest,12/24/2012,39.8,47.1,56.3,55.6,37.6
Southwest,12/25/2012,35,43.1,52.5,54.3,36.4
Southwest,12/26/2012,34.5,42.6,54.1,52.1,34.6
Southwest,12/27/2012,34.2,41.6,49.7,50.9,33.2
Southwest,12/28/2012,30.9,38.6,48.9,50.5,32
Southwest,12/29/2012,30.9,39.6,53,50.7,32.7
Southwest,12/30/2012,36.2,41.9,50.1,49.8,33.7
Southwest,12/31/2012,33.9,39.6,46.4,47.5,32.8
Southwest,1/1/2013,28.4,36,46.1,47.9,30.5
Southwest,1/2/2013,29.2,37.5,51.1,49.2,29.4
Southwest,1/3/2013,30.7,39,50.4,50.2,29.9
Southwest,1/4/2013,29.8,38,49.1,50.7,30.3
Southwest,1/5/2013,30.4,39.2,52.6,52.4,31.6
Southwest,1/6/2013,34.6,42.6,55.5,53.9,32.6
Southwest,1/7/2013,32.8,42,53.7,55.6,34.4
Southwest,1/8/2013,35.9,44.2,57.6,58.1,35.6
Southwest,1/9/2013,38.2,48,63,59.6,37.7
Southwest,1/10/2013,38.9,48.1,58.2,57.9,36.2
Southwest,1/11/2013,31.5,40.2,52.6,51,32.3
Southwest,1/12/2013,26.4,33.5,42.2,45.3,27.2
Southwest,1/13/2013,23.8,31.6,41,40.6,24.1
Southwest,1/14/2013,22.1,29.8,38.7,40,22.4
Southwest,1/15/2013,21.2,29,40.2,43,23.4
Southwest,1/16/2013,26.9,34.6,50.2,50.2,27.2
Southwest,1/17/2013,33.6,42.9,60.1,57.8,32.6
Southwest,1/18/2013,37.3,47.5,63,62.9,36.6
Southwest,1/19/2013,38.9,49.9,65.6,65.1,38.7
Southwest,1/20/2013,39.8,51,66.6,66.5,39.7
Southwest,1/21/2013,40.3,52,67.2,67.9,40.8
Southwest,1/22/2013,42.2,53.4,70,69.7,42.6
Southwest,1/23/2013,45.4,56.3,71.8,69.8,45.7
Southwest,1/24/2013,49.5,55.7,67.5,69.3,47.9
Southwest,1/25/2013,48.7,55.9,68.7,67.4,50.1
Southwest,1/26/2013,52,56.2,66.1,65.4,49.7
Southwest,1/27/2013,48.3,52.8,61.3,62.3,47.3
Southwest,1/28/2013,41.6,48.5,59.4,56.8,40.4
Southwest,1/29/2013,31.3,40.1,49.7,53.9,35.2
Southwest,1/30/2013,32.8,40.5,52.7,54.1,33.2
Southwest,1/31/2013,35.4,45,59.8,58.9,35.9
Southwest,2/1/2013,39.5,49.5,64.1,63.8,39.1
Southwest,2/2/2013,42.5,52.9,67.5,65.6,43.3
Southwest,2/3/2013,47.9,54.8,65.1,65.8,44.7
Southwest,2/4/2013,43.7,53.6,64.8,65.4,45.2
Southwest,2/5/2013,43.9,53.8,66.2,65.2,43.9
Southwest,2/6/2013,44.2,53.8,64.7,64.7,43.2
Southwest,2/7/2013,41.4,51.6,63.3,63.3,42.3
Southwest,2/8/2013,41.4,50.5,61.8,60.2,39.6
Southwest,2/9/2013,36,44.1,55.6,56,36.4
Southwest,2/10/2013,31.9,40.2,50.7,51.9,33.5
Southwest,2/11/2013,32.6,40.8,49.4,50.2,31.7
Southwest,2/12/2013,30.5,39.2,50.6,51.9,31.8
Southwest,2/13/2013,32.3,41.5,55.6,55.7,33.1
Southwest,2/14/2013,36.5,46.8,61,60.5,36
Southwest,2/15/2013,39.2,50.1,64.9,64.9,38.5
Southwest,2/16/2013,39.7,52,68.9,67,40
Southwest,2/17/2013,41.1,53.4,67.3,67.1,40.1
Southwest,2/18/2013,39.4,51.5,65.1,65.2,40.1
Southwest,2/19/2013,39.8,51.6,63.2,62.8,39.4
Southwest,2/20/2013,38.9,45.4,60.1,57.8,36.6
Southwest,2/21/2013,31,39.3,50.1,54.6,34.4
Southwest,2/22/2013,33.3,42.3,53.5,53.5,32.8
Southwest,2/23/2013,34,43.8,57,55.6,34
Southwest,2/24/2013,34.8,44.5,56.2,55.9,33.3
Southwest,2/25/2013,31.2,40.5,54.4,56.8,33.3
Southwest,2/26/2013,33.8,45.2,59.7,57.2,32.7
Southwest,2/27/2013,33,45.2,57.6,59.9,33.9
Southwest,2/28/2013,35,46.7,62.3,63,36
Southwest,3/1/2013,39.9,51.9,69.2,68.8,40.2
Southwest,3/2/2013,45.7,58.2,75,72.6,44.7
Southwest,3/3/2013,48.5,60.9,73.7,73,46.8
Southwest,3/4/2013,46.3,58,70.3,71.8,46.4
Southwest,3/5/2013,44.4,56.6,71.3,71.2,45.8
Southwest,3/6/2013,46.7,58.5,72,71.4,45.5
Southwest,3/7/2013,45.5,58.2,71,70.7,46.9
Southwest,3/8/2013,48.4,54.9,69,64.5,43.5
Southwest,3/9/2013,36.6,45,53.6,61.4,40.8
Southwest,3/10/2013,37.5,47.3,61.6,61.2,38.4
Southwest,3/11/2013,41,52.4,68.3,68.1,41.5
Southwest,3/12/2013,46.1,58.2,74.4,74.1,45.7
Southwest,3/13/2013,50,63,79.7,79.4,49.8
Southwest,3/14/2013,53.3,67.2,84.1,83,53.1
Southwest,3/15/2013,55.9,70.2,85.2,84.1,54.4
Southwest,3/16/2013,54,67.7,83.1,82.2,53.5
Southwest,3/17/2013,50.7,64,78.3,79,51.2
Southwest,3/18/2013,48.9,61.9,75.7,76.3,50.1
Southwest,3/19/2013,50.6,62.5,75,75.8,50.4
Southwest,3/20/2013,51.6,63.2,76.6,76.2,51.9
Southwest,3/21/2013,53.4,64.8,76.9,76.3,51.6
Southwest,3/22/2013,49.8,62.7,75.3,75,49.6
Southwest,3/23/2013,45.6,58.5,72.9,72.6,45.7
Southwest,3/24/2013,41.6,54.7,69.7,71.5,44.1
Southwest,3/25/2013,45,57.5,71.9,73.4,45.3
Southwest,3/26/2013,49.4,62.3,78.6,76.3,48.4
Southwest,3/27/2013,50.8,64.1,78.3,78.5,50.4
Southwest,3/28/2013,51,64.7,78.7,79,51.5
Southwest,3/29/2013,52.6,66.1,80,79.7,53
Southwest,3/30/2013,55.5,67.6,80.3,80.1,54.2
Southwest,3/31/2013,54.4,67.5,80.1,79.5,53.6
Southwest,4/1/2013,50.8,64.7,78.2,77.8,51
Southwest,4/2/2013,47.8,61.8,75.1,77,49.2
Southwest,4/3/2013,49,62.5,77.7,78.4,49.7
Southwest,4/4/2013,52.4,66.6,82.3,80.3,52.4
Southwest,4/5/2013,55.7,68.6,80.9,80.9,53.4
Southwest,4/6/2013,52.1,66.3,79.5,80.2,53.5
Southwest,4/7/2013,52.8,66.6,80.3,79.6,52.2
Southwest,4/8/2013,51.8,65,79.1,76.5,49.2
Southwest,4/9/2013,43,54.5,70.1,72,45.1
Southwest,4/10/2013,40.5,53,66.9,71,42.5
Southwest,4/11/2013,44.1,58.2,76,74,44.9
Southwest,4/12/2013,50.2,64.4,79.2,78.6,48.8
Southwest,4/13/2013,52,66.1,80.7,79.6,51
Southwest,4/14/2013,50.9,65.5,78.9,78.9,50.9
Southwest,4/15/2013,49.7,63.5,77,76.9,49.6
Southwest,4/16/2013,48.2,61.7,74.7,74.8,47
Southwest,4/17/2013,43,56.8,72.6,71,43.5
Southwest,4/18/2013,39.4,52.5,65.7,70.9,41.4
Southwest,4/19/2013,41.9,56.6,74.3,73.6,43.3
Southwest,4/20/2013,48.5,63.4,80.7,79.9,47.8
Southwest,4/21/2013,52.9,67.9,84.6,84,52.1
Southwest,4/22/2013,55,70.8,86.7,85.5,53.7
Southwest,4/23/2013,53.3,68.9,85.1,84.3,52.9
Southwest,4/24/2013,50.5,66.2,81.2,82.2,52.5
Southwest,4/25/2013,53.7,66.2,80.2,81.3,52.1
Southwest,4/26/2013,52,66.1,82.5,83.1,53.9
Southwest,4/27/2013,56.1,70.8,86.5,86.3,55.3
Southwest,4/28/2013,57.9,73.7,90,89.6,58.1
Southwest,4/29/2013,60.4,76,92.4,91.1,59.5
Southwest,4/30/2013,60.3,76.1,91,90.3,59.1
Southwest,5/1/2013,56.7,71.8,87.5,87.6,56.8
Southwest,5/2/2013,53.5,68.7,84.4,84.5,53.6
Southwest,5/3/2013,50.6,66.1,81.6,84.1,53.1
Southwest,5/4/2013,55.2,70.5,86.4,84.1,53.8
Southwest,5/5/2013,55.6,69.3,84.4,83.1,55
Southwest,5/6/2013,54.1,66,78.6,79.6,53.7
Southwest,5/7/2013,51.5,64.2,75.7,76.7,52.1
Southwest,5/8/2013,50.8,63.4,75.7,76.4,51.4
Southwest,5/9/2013,51.9,65.2,77.8,77.9,52.3
Southwest,5/10/2013,54.3,67.4,80.3,81,54.5
Southwest,5/11/2013,57.2,70.9,84.8,84.5,57.1
Southwest,5/12/2013,59.8,74.1,88.3,88.5,60
Southwest,5/13/2013,63,77.7,92.3,90.8,62.7
Southwest,5/14/2013,65.3,79.3,91.7,91.6,63.6
Southwest,5/15/2013,62.6,77.6,90.8,91,62.9
Southwest,5/16/2013,60.7,76,90.5,89.9,60.8
Southwest,5/17/2013,59.1,74.3,88.5,88.2,59.2
Southwest,5/18/2013,57.9,72.3,85.6,86.6,58
Southwest,5/19/2013,56.9,71.6,85.8,86.2,57.7
Southwest,5/20/2013,58.4,73.3,87.2,87.2,57.8
Southwest,5/21/2013,58,73.3,88.7,89.2,58.9
Southwest,5/22/2013,60.4,76.4,91.6,89.9,59.2
Southwest,5/23/2013,59.2,75,89.5,90.1,59
Southwest,5/24/2013,57.5,74,89.2,89.4,58.3
Southwest,5/25/2013,58.2,74.3,89.6,89,57.9
Southwest,5/26/2013,57.9,73.9,88.1,88.8,58.3
Southwest,5/27/2013,58.7,73.6,88.7,88.2,58.7
Southwest,5/28/2013,59.6,74.4,87.8,88.3,59.2
Southwest,5/29/2013,59.2,74.1,88.3,88.7,59.7
Southwest,5/30/2013,60.4,75.7,90.1,90.4,60.5
Southwest,5/31/2013,61.9,77.3,92.7,93.4,62.5
Southwest,6/1/2013,65.2,80.9,97.4,95.9,65.2
Southwest,6/2/2013,68.5,83.7,97.6,96.8,66.3
Southwest,6/3/2013,65.3,81,95.3,96.1,65.9
Southwest,6/4/2013,64,80.4,95.3,95.6,64.8
Southwest,6/5/2013,65,81,96.1,96.6,65.1
Southwest,6/6/2013,66.3,82.2,98.3,98.4,66.6
Southwest,6/7/2013,68.5,84.4,100.7,99.6,67.9
Southwest,6/8/2013,69,85,99.9,100,68.2
Southwest,6/9/2013,67.1,83.5,99.3,99.8,68.3
Southwest,6/10/2013,68.8,84.9,100.2,100.1,68.1
Southwest,6/11/2013,68.5,84.9,100.8,100.9,69.4
Southwest,6/12/2013,70.9,86.6,101.8,101,69.7
Southwest,6/13/2013,69.7,85.2,100.5,99.8,69.4
Southwest,6/14/2013,67.6,83.2,97.2,98.5,68.3
Southwest,6/15/2013,67.5,83,97.7,97.6,67.9
Southwest,6/16/2013,68.5,83.7,97.8,97.8,68
Southwest,6/17/2013,67.9,83.7,97.9,97.9,67.7
Southwest,6/18/2013,66.8,83.2,98,97.7,66.6
Southwest,6/19/2013,65,82,97.1,97.3,65.7
Southwest,6/20/2013,65.2,82,96.8,96.9,65.2
Southwest,6/21/2013,65.5,81.8,96.9,96.8,65.3
Southwest,6/22/2013,65.1,81.6,96.6,96.4,65.3
Southwest,6/23/2013,65.4,81.6,95.7,95.4,65.1
Southwest,6/24/2013,64.9,80.2,93.9,95.2,65.2
Southwest,6/25/2013,65.3,80.7,96,96.2,66
Southwest,6/26/2013,67.8,83.5,98.6,99.1,68.5
Southwest,6/27/2013,72.4,87.3,102.8,102.9,71.8
Southwest,6/28/2013,75.1,91,107.2,105.8,75.7
Southwest,6/29/2013,79.6,93.9,107.5,106.9,79.1
Southwest,6/30/2013,82.6,93.7,105.9,105.2,80.1
Southwest,7/1/2013,78,89.8,102.2,102.3,79
Southwest,7/2/2013,76.5,87.5,98.8,99.9,76.6
Southwest,7/3/2013,75.4,87,98.6,98.8,76
Southwest,7/4/2013,76.1,87.5,99.1,98.4,75.2
Southwest,7/5/2013,74.2,85.4,97.4,98.3,75
Southwest,7/6/2013,74.7,85.7,98.3,99.2,74.9
Southwest,7/7/2013,75.7,88.7,101.9,100.3,76.4
Southwest,7/8/2013,78.8,90.2,100.6,100.5,76.8
Southwest,7/9/2013,75.8,87.2,99,98.2,76.3
Southwest,7/10/2013,74.4,84.8,95.1,95.7,74.8
Southwest,7/11/2013,74.3,83.1,93,94,74
Southwest,7/12/2013,73.4,83.7,93.9,94.2,74.2
Southwest,7/13/2013,74.8,85.2,95.7,95.1,74.8
Southwest,7/14/2013,76.3,86.4,95.7,95.6,75.3
Southwest,7/15/2013,74.9,85.9,95.3,94.8,75
Southwest,7/16/2013,73.8,83.5,93.4,93.9,73.7
Southwest,7/17/2013,72.4,82.2,93.1,93.7,73.5
Southwest,7/18/2013,74.2,84,94.5,93.8,73.6
Southwest,7/19/2013,74.2,83.9,93.7,92.8,73.8
Southwest,7/20/2013,72.9,81.6,90.3,91,72.7
Southwest,7/21/2013,71.1,78.8,89,90.3,71.6
Southwest,7/22/2013,70.7,79.8,91.5,91.5,71.2
Southwest,7/23/2013,71.8,82.6,93.9,93.6,72.1
Southwest,7/24/2013,73.7,84.8,95.5,94.6,73.7
Southwest,7/25/2013,75.5,84.7,94.5,94.6,75.1
Southwest,7/26/2013,76,84.5,93.9,94.7,75.2
Southwest,7/27/2013,74,84.7,95.6,95.2,74
Southwest,7/28/2013,71.9,84.4,96.2,96,72.4
Southwest,7/29/2013,71.2,84.1,96.2,96.8,71.9
Southwest,7/30/2013,72.7,85.1,98,98,72.9
Southwest,7/31/2013,74.7,87,99.8,98.9,74.8
Southwest,8/1/2013,76.9,87.9,98.9,98.3,75.5
Southwest,8/2/2013,74.9,85.7,96.1,97.2,75.2
Southwest,8/3/2013,73.9,85.2,96.6,96.7,74
Southwest,8/4/2013,73.3,85.8,97.5,96.9,73.5
Southwest,8/5/2013,73.4,84.5,96.6,95.6,73.4
Southwest,8/6/2013,73.4,82.8,92.7,93.9,72
Southwest,8/7/2013,69.2,80.8,92.3,93.4,70.2
Southwest,8/8/2013,68,81.6,95.3,94.7,68.7
Southwest,8/9/2013,68.8,83,96.6,95.8,68.7
Southwest,8/10/2013,69.4,82.6,95.4,95.8,69
Southwest,8/11/2013,68.9,82.1,95.3,95.9,69.4
Southwest,8/12/2013,69.8,83.3,97,96.6,69.5
Southwest,8/13/2013,69.7,83.5,97.6,97.6,70.9
Southwest,8/14/2013,73.1,85.5,98.2,98.1,72.5
Southwest,8/15/2013,74.7,86.9,98.5,99.2,74.4
Southwest,8/16/2013,75.3,88.1,101,99.7,75.9
Southwest,8/17/2013,77.6,89.5,99.7,99.4,77.2
Southwest,8/18/2013,78.6,88.7,97.6,98.7,77.6
Southwest,8/19/2013,76.5,87.8,98.7,98.1,77
Southwest,8/20/2013,76,87.6,98,97.5,76.4
Southwest,8/21/2013,76.7,87,95.9,96.5,76.2
Southwest,8/22/2013,76,85.8,95.7,95.6,75.1
Southwest,8/23/2013,72.7,83.9,95.1,94.8,73.7
Southwest,8/24/2013,72.4,82.3,93.6,92.1,72.4
Southwest,8/25/2013,72.1,79.6,87.6,91.3,72.1
Southwest,8/26/2013,71.7,80.7,92.6,92,72.6
Southwest,8/27/2013,74.1,83.9,95.8,94.7,73.2
Southwest,8/28/2013,73.8,85,95.8,95.1,73.5
Southwest,8/29/2013,72.5,81.9,93.6,93.3,72.6
Southwest,8/30/2013,71.6,80.4,90.5,92.2,72.4
Southwest,8/31/2013,73.1,82.4,92.5,92.7,72.6
Southwest,9/1/2013,73.1,83.6,95,93.8,73.7
Southwest,9/2/2013,74.9,84.9,94,95.4,74.4
Southwest,9/3/2013,75.3,85.7,97.1,96.5,75.6
Southwest,9/4/2013,76.5,87.2,98.5,98.2,75.4
Southwest,9/5/2013,74.3,86.5,99,98.5,75.1
Southwest,9/6/2013,74.4,86.4,98,97.8,74
Southwest,9/7/2013,73.4,84.4,96.3,95.4,73.9
Southwest,9/8/2013,73.8,81,91.8,91.1,72.3
Southwest,9/9/2013,69.6,77.5,85.2,86.6,70.5
Southwest,9/10/2013,68,74.7,82.9,84.5,68.1
Southwest,9/11/2013,66.6,74.7,85.3,85.4,67.1
Southwest,9/12/2013,66.8,76.6,88.1,87.7,67.2
Southwest,9/13/2013,68.3,78.2,89.7,89.9,68.2
Southwest,9/14/2013,69.5,79.9,91.8,91.8,69.2
Southwest,9/15/2013,69.8,81.5,93.9,93.5,70
Southwest,9/16/2013,70.7,82.6,94.7,94.5,70.8
Southwest,9/17/2013,71.9,83.1,95,94.4,71.2
Southwest,9/18/2013,71,82.4,93.4,93.3,70.3
Southwest,9/19/2013,68,79.8,91.5,92.2,69.3
Southwest,9/20/2013,68.8,79.8,91.7,91,68.1
Southwest,9/21/2013,67.6,78.7,89.8,89.7,67.2
Southwest,9/22/2013,65.3,75.8,87.7,87.4,63.8
Southwest,9/23/2013,58.5,70.7,84.8,87,61.5
Southwest,9/24/2013,60.7,73.9,88.4,86.8,59.8
Southwest,9/25/2013,60.3,74.1,87.3,86.9,60.3
Southwest,9/26/2013,59.9,72.2,85.1,84.5,59
Southwest,9/27/2013,56.7,68.2,81,82.2,56.6
Southwest,9/28/2013,53.2,65.9,80.6,82.2,55.7
Southwest,9/29/2013,57.1,70,85,84.2,56.5
Southwest,9/30/2013,59.2,72.2,86.9,86.3,58.3
Southwest,10/1/2013,58.7,72.6,87,86.4,58.9
Southwest,10/2/2013,58.9,72.1,85.4,85.5,58.8
Southwest,10/3/2013,58.8,71.3,84,83.7,57.7
Southwest,10/4/2013,55.4,68,81.6,80.9,55.1
Southwest,10/5/2013,51,64.1,77,80.6,52.8
Southwest,10/6/2013,51.9,65.5,83.3,82.4,52.9
Southwest,10/7/2013,55.8,70,87,84.6,55.1
Southwest,10/8/2013,57.6,71,83.5,83.6,56.1
Southwest,10/9/2013,54.9,66.9,80.2,78.9,55.3
Southwest,10/10/2013,53.4,60.3,73.1,74.9,51.7
Southwest,10/11/2013,46.8,57.6,71.4,74,50.2
Southwest,10/12/2013,50.4,62.3,77.6,75.8,50.3
Southwest,10/13/2013,53.7,65.4,78.4,77.4,52.4
Southwest,10/14/2013,53,64.1,76.1,76.5,52.8
Southwest,10/15/2013,51.6,62.9,74.9,74.8,51.1
Southwest,10/16/2013,48.7,60.4,73.3,74.2,49.9
Southwest,10/17/2013,49.4,60.9,74.5,74.8,49.4
Southwest,10/18/2013,50.2,62.1,76.5,76.6,50.1
Southwest,10/19/2013,50.6,63.3,78.9,78.1,51
Southwest,10/20/2013,52.3,64.6,79,78.8,51.6
Southwest,10/21/2013,51.8,64,78.6,79.8,52.2
Southwest,10/22/2013,52.6,65.5,81.8,81.3,53.1
Southwest,10/23/2013,54.9,67.5,83.6,82.3,54.6
Southwest,10/24/2013,56.2,67.8,81.6,81.5,55.2
Southwest,10/25/2013,54.4,65.8,79.2,80.7,55
Southwest,10/26/2013,54.5,66.2,81.2,80.6,54.6
Southwest,10/27/2013,55,67.4,81.3,79.6,54.3
Southwest,10/28/2013,53.3,63.8,76.2,75.7,52.6
Southwest,10/29/2013,49.5,59.3,69.5,70.4,49.7
Southwest,10/30/2013,46.4,55.8,65.6,67.6,46.4
Southwest,10/31/2013,43.4,54.3,67.8,68.5,44.8
Southwest,11/1/2013,44.7,56.5,72,72.7,45.4
Southwest,11/2/2013,48.2,60.4,78.2,74.7,48.4
Southwest,11/3/2013,52.4,63.1,73.9,74.5,49.5
Southwest,11/4/2013,47.8,59.1,71.3,70.8,48.8
Southwest,11/5/2013,46.1,56.2,67.1,69.1,45.3
Southwest,11/6/2013,42,54,68.8,70.2,44.5
Southwest,11/7/2013,45.3,57,74.7,73,45.5
Southwest,11/8/2013,49.3,60.3,75.5,75.4,48
Southwest,11/9/2013,49.3,61.3,75.9,76.5,49.9
Southwest,11/10/2013,51,62.7,78,78.2,50.9
Southwest,11/11/2013,52.5,64.6,80.7,79.4,52.4
Southwest,11/12/2013,53.8,65.4,79.4,77.9,52.8
Southwest,11/13/2013,52.2,62.2,73.5,75.9,52.1
Southwest,11/14/2013,50.2,61.1,74.9,73.3,51.3
Southwest,11/15/2013,51.6,60.6,71.4,70.8,50.8
Southwest,11/16/2013,50.6,57.4,66.1,67.9,48.9
Southwest,11/17/2013,44.5,54.2,66.2,67.3,47.4
Southwest,11/18/2013,47.2,56.6,69.7,68.6,46.4
Southwest,11/19/2013,47.5,57.6,69.8,69,47.8
Southwest,11/20/2013,48.8,57.4,67.6,67.3,47.8
Southwest,11/21/2013,47.1,55.6,64.6,64.4,47.9
Southwest,11/22/2013,47.8,51.9,61,58.4,45.9
Southwest,11/23/2013,42.8,46.1,49.7,53.3,43.2
Southwest,11/24/2013,39,43.2,49.3,51.1,39.5
Southwest,11/25/2013,36.7,43.4,54.2,54.2,38.2
Southwest,11/26/2013,39,47,59.1,57.3,38.5
Southwest,11/27/2013,39.9,47.9,58.7,60.1,39.5
Southwest,11/28/2013,39.6,48.7,62.4,61.9,40.8
Southwest,11/29/2013,42.9,51.6,64.5,64,42.3
Southwest,11/30/2013,44.4,53.3,65.2,65,44.6
Southwest,12/1/2013,46.4,54.5,65.3,65,45
Southwest,12/2/2013,44.2,53.1,64.6,64.7,44.7
Southwest,12/3/2013,43.4,52.9,64.1,62.5,43.9
Southwest,12/4/2013,44,50.3,58.7,57.8,41.2
Southwest,12/5/2013,36.2,42.1,50.7,52,36.8
Southwest,12/6/2013,30.1,37.3,46.6,48.5,32.6
Southwest,12/7/2013,31.4,38.3,48.3,47.7,31.6
Southwest,12/8/2013,33.3,39.8,48.3,47.4,31.1
Southwest,12/9/2013,28.5,36.4,45.5,48.4,30
Southwest,12/10/2013,28.1,36.2,51.5,52.1,30.3
Southwest,12/11/2013,34.4,42.8,59.4,56.8,34.1
Southwest,12/12/2013,39.7,47.6,59.6,58.4,37.5
Southwest,12/13/2013,38.5,46.7,56.1,57.7,38
Southwest,12/14/2013,35.9,45.1,57.3,58,37.2
Southwest,12/15/2013,37.1,46.1,60.6,61.4,38.5
Southwest,12/16/2013,42.4,51,66.4,65.6,41.5
Southwest,12/17/2013,45,54.5,69.8,68.1,45.1
Southwest,12/18/2013,47.9,56,68.1,66.6,45.2
Southwest,12/19/2013,42.7,52.4,62,61.6,44.7
Southwest,12/20/2013,43.4,47.5,54.8,55.8,41.1
Southwest,12/21/2013,37.2,42.9,50.6,52.9,38.6
Southwest,12/22/2013,35.2,42.6,53.2,53.8,36.3
Southwest,12/23/2013,36.4,44.8,57.5,57,36.6
Southwest,12/24/2013,38.1,46.7,60.2,59.5,37.8
Southwest,12/25/2013,39,48.6,60.7,60.2,38.2
Southwest,12/26/2013,37.6,46.9,59.8,61,38.7
Southwest,12/27/2013,39.5,48.3,62.4,60.8,38.6
Southwest,12/28/2013,38.7,48.4,60.2,60.2,39.2
Southwest,12/29/2013,39.4,48.2,58,59.4,38.4
Southwest,12/30/2013,37.2,46.1,60,60.2,38.5
Southwest,12/31/2013,38.8,48.5,62.5,61.8,39.1
Southwest,1/1/2014,41.3,50.2,62.9,63.6,40.4
Southwest,1/2/2014,41.2,51.1,65.4,64.6,41.5
Southwest,1/3/2014,41.9,51.6,65.4,64.4,42
Southwest,1/4/2014,42.8,51.7,62.5,62,40.5
Southwest,1/5/2014,36.8,47.3,58,59.4,38
Southwest,1/6/2014,34.3,44.2,57.6,58.5,35.7
Southwest,1/7/2014,36,45.6,59.9,59.3,36.7
Southwest,1/8/2014,39.7,49,60.4,60,38.4
Southwest,1/9/2014,39.5,48.4,59.8,60.1,39.2
Southwest,1/10/2014,38.3,47.9,60,61.1,39.4
Southwest,1/11/2014,40.3,49.8,63.5,62.4,40.4
Southwest,1/12/2014,42.6,52,63.8,63.3,40.5
Southwest,1/13/2014,38.6,49.4,62.6,63.5,40.3
Southwest,1/14/2014,39.7,49.8,64,64.7,40.3
Southwest,1/15/2014,42.6,52.5,67.6,66.3,41.5
Southwest,1/16/2014,42.1,53.2,67.2,67.6,42.4
Southwest,1/17/2014,42.4,53.4,68.1,68,42.2
Southwest,1/18/2014,42.2,53.6,68.7,68.8,42.8
Southwest,1/19/2014,43.8,54.9,69.5,69.3,43.4
Southwest,1/20/2014,44.3,55.6,69.6,69.6,44.1
Southwest,1/21/2014,44.2,55.3,69.6,69.5,44.8
Southwest,1/22/2014,45.8,55.9,69.3,68.1,43.9
Southwest,1/23/2014,41.8,52.8,65.4,65.7,42.9
Southwest,1/24/2014,41.2,49.9,62.5,64.2,43.6
Southwest,1/25/2014,47.8,53.6,64.6,64.6,44.5
Southwest,1/26/2014,44.5,54.6,66.8,65.4,45.8
Southwest,1/27/2014,45.1,54.1,64.8,65.3,43.5
Southwest,1/28/2014,41,51.4,64.2,65.3,42.6
Southwest,1/29/2014,41.8,52.3,66.8,67.3,42.6
Southwest,1/30/2014,45,56,71,68.6,44.2
Southwest,1/31/2014,45.8,54.9,68,65.5,43.2
Southwest,2/1/2014,38.8,47.9,57.5,60.2,39.2
Southwest,2/2/2014,33,43.3,55,56,35.7
Southwest,2/3/2014,35.2,44.5,55.6,54.8,34.1
Southwest,2/4/2014,34.1,43.4,53.8,54.8,35.3
Southwest,2/5/2014,36.6,44.6,55,54.8,35.5
Southwest,2/6/2014,35.7,44.1,55.7,56.4,36.6
Southwest,2/7/2014,37.4,46.7,58.5,59.3,37.6
Southwest,2/8/2014,39.7,49.5,63.7,63.8,40.4
Southwest,2/9/2014,44,54.8,69.2,67.5,43.1
Southwest,2/10/2014,45.5,57,69.5,68.7,44.3
Southwest,2/11/2014,43.4,55.1,67.5,69,44.1
Southwest,2/12/2014,43.4,55.1,70,71.1,44.7
Southwest,2/13/2014,47.3,59.1,75.7,74.8,47
Southwest,2/14/2014,50.2,62.6,78.7,78.3,49.6
Southwest,2/15/2014,51.2,64.4,80.5,79,50.9
Southwest,2/16/2014,51.2,64.1,77.9,78.6,50.8
Southwest,2/17/2014,49.9,62.8,77.3,77.2,50.2
Southwest,2/18/2014,49.4,62.3,76.4,75.9,49.6
Southwest,2/19/2014,49.5,60.9,74,74,47.8
Southwest,2/20/2014,44.5,56.6,71.5,72,45.9
Southwest,2/21/2014,43.6,54.8,70.4,71.4,44.1
Southwest,2/22/2014,44.1,57.1,72.3,71.9,44.6
Southwest,2/23/2014,46.2,58.7,73,73.6,46
Southwest,2/24/2014,47.7,60.5,75.4,74.2,48
Southwest,2/25/2014,50.1,61.4,74.1,73.8,48.1
Southwest,2/26/2014,46.5,59.2,71.8,72.3,47.8
Southwest,2/27/2014,46.9,58.8,70.9,71.8,47.4
Southwest,2/28/2014,48.8,59.1,72.8,71.4,49.5
Southwest,3/1/2014,52.7,58.4,70.6,68.2,48.9
Southwest,3/2/2014,45.2,52.8,61.3,66.2,47.5
Southwest,3/3/2014,44.5,54.1,66.6,65.7,45.6
Southwest,3/4/2014,47.1,56.9,69.1,69.1,46.2
Southwest,3/5/2014,47.1,58.4,71.6,72,47.7
Southwest,3/6/2014,49,60.7,75.2,73.6,48.5
Southwest,3/7/2014,49.4,61.3,73.9,73.2,48.1
Southwest,3/8/2014,45.9,57.8,70.4,71.3,46.8
Southwest,3/9/2014,45,56.5,69.7,71.2,46
Southwest,3/10/2014,47.1,59,73.6,72,46.7
Southwest,3/11/2014,48,59.9,72.7,72.3,46.6
Southwest,3/12/2014,44.7,57.6,70.7,72.3,46.4
Southwest,3/13/2014,46.6,58.8,73.5,72.3,46.1
Southwest,3/14/2014,46.9,59.2,72.6,73.4,46.7
Southwest,3/15/2014,46.6,59.3,74,72.8,46.1
Southwest,3/16/2014,44.8,58.2,71.9,74.5,46.4
Southwest,3/17/2014,47.7,61.2,77.6,75.3,46.4
Southwest,3/18/2014,46.8,60.2,76.4,75.3,45.8
Southwest,3/19/2014,42.9,56.8,72,74.9,45.4
Southwest,3/20/2014,46.6,60.1,76.3,74.6,46
Southwest,3/21/2014,48.5,62,75.6,75.3,47.4
Southwest,3/22/2014,47.1,60.6,74,74.7,47.9
Southwest,3/23/2014,48.1,61,74.4,75.5,48.6
Southwest,3/24/2014,50.7,63.2,78.2,76.8,49.8
Southwest,3/25/2014,50.7,64.3,77.7,77.1,49.9
Southwest,3/26/2014,48.4,60.8,75.5,73.7,47.3
Southwest,3/27/2014,42.7,55.3,68,71.3,45.1
Southwest,3/28/2014,44.3,56.5,70.3,71.8,45
Southwest,3/29/2014,48,61.2,77.1,74.7,48.4
Southwest,3/30/2014,53,65,76.7,75.9,49
Southwest,3/31/2014,46.1,60.3,74,74.3,48.3
Southwest,4/1/2014,45.8,58.9,72.2,71.5,44.7
Southwest,4/2/2014,42.1,54.5,68.4,68.3,42.2
Southwest,4/3/2014,38.7,51.4,64.4,67.9,41
Southwest,4/4/2014,42.1,55.5,70.9,68.4,41.8
Southwest,4/5/2014,44.6,57.6,69.8,71.2,43.6
Southwest,4/6/2014,44.1,57.5,72.8,73.7,45.6
Southwest,4/7/2014,48.2,62.2,78.4,78.8,48.3
Southwest,4/8/2014,52.5,68,85.3,83.9,52.4
Southwest,4/9/2014,56.5,72.2,88,87.5,55.4
Southwest,4/10/2014,57.1,73.3,89.2,88.2,57.5
Southwest,4/11/2014,58.8,73.4,87.5,87.4,57.7
Southwest,4/12/2014,57.3,70.5,85.6,84,55.2
Southwest,4/13/2014,49.4,64.6,78.9,80.6,51.6
Southwest,4/14/2014,48,62.4,77.2,78.9,48
Southwest,4/15/2014,46.5,62.4,80.6,80.4,48.7
Southwest,4/16/2014,51.6,67.5,83.3,82.4,50.1
Southwest,4/17/2014,52.3,68.3,83.4,82.9,53.3
Southwest,4/18/2014,55.9,68.6,82.1,81.3,54.8
Southwest,4/19/2014,56.1,67,78.5,81,55.3
Southwest,4/20/2014,53.9,67.1,82.5,82.7,56
Southwest,4/21/2014,57.9,71.9,87,85.2,57
Southwest,4/22/2014,59.3,73.4,86,85.3,56.5
Southwest,4/23/2014,52.2,67.6,82.9,83.3,54.1
Southwest,4/24/2014,50.8,65.6,81.1,82,52.5
Southwest,4/25/2014,54.4,68.7,81.9,80.7,52.1
Southwest,4/26/2014,51.1,62.4,79.2,77.1,49.3
Southwest,4/27/2014,42.3,55.7,70.3,75.7,47.1
Southwest,4/28/2014,47.8,61.1,77.5,74.8,46.6
Southwest,4/29/2014,49.8,64,76.6,77.1,49.2
Southwest,4/30/2014,49.9,63.2,77.2,77.5,50.7
Southwest,5/1/2014,52.4,65.5,78.8,80.6,52
Southwest,5/2/2014,53.8,69.1,85.7,84.9,55
Southwest,5/3/2014,58.8,74.2,90.3,88.9,57.4
Southwest,5/4/2014,59.7,75.8,90.6,89.8,59.1
Southwest,5/5/2014,58.9,74.2,88.6,87.8,57.6
Southwest,5/6/2014,54.1,67.8,84.2,82.2,52.9
Southwest,5/7/2014,45.8,59.5,73.7,77.5,49.3
Southwest,5/8/2014,47.9,60.9,74.5,76.3,48.5
Southwest,5/9/2014,51.7,65.3,80.7,79.7,51.5
Southwest,5/10/2014,54.8,69.1,84,82.4,53.3
Southwest,5/11/2014,53.5,66.9,82.5,81.4,52.1
Southwest,5/12/2014,48,62.4,77.6,79.2,51.2
Southwest,5/13/2014,52.2,65.3,77.6,79.2,50.8
Southwest,5/14/2014,52.3,66.6,82.4,83,53.3
Southwest,5/15/2014,55.5,71.5,88.9,88.5,56.5
Southwest,5/16/2014,61.8,77.9,94.1,92.4,60
Southwest,5/17/2014,62.7,79,94.2,94,62
Southwest,5/18/2014,61.5,78.4,93.7,93.1,61
Southwest,5/19/2014,58.9,75.5,91.5,91.1,59.3
Southwest,5/20/2014,57.6,73.1,88.1,87.9,57.3
Southwest,5/21/2014,55.5,70.3,84.2,85,56
Southwest,5/22/2014,55,69.9,82.8,82.6,55.5
Southwest,5/23/2014,56,69.4,80.7,82,55.8
Southwest,5/24/2014,56.4,69.8,82.5,83.1,57.7
Southwest,5/25/2014,60.7,72.6,86.1,87,59.6
Southwest,5/26/2014,61.7,76.4,92.4,91.8,62.6
Southwest,5/27/2014,65.3,81,96.8,95.3,64.8
Southwest,5/28/2014,67.4,82.9,96.8,96.2,67
Southwest,5/29/2014,68.3,81,95,95.8,67.3
Southwest,5/30/2014,66.2,80.4,95.5,96.2,67.4
Southwest,5/31/2014,67.7,83.3,98,96.9,66.9
Southwest,6/1/2014,66.7,82.7,97.1,98.3,67
Southwest,6/2/2014,66.6,83.3,99.9,98.7,67.6
Southwest,6/3/2014,69.4,84.7,99.1,99.5,68.2
Southwest,6/4/2014,68.5,84.8,99.5,99.3,68.7
Southwest,6/5/2014,68.1,84.3,99.2,98.9,67.4
Southwest,6/6/2014,65.7,82.8,98.1,98,66.2
Southwest,6/7/2014,64.9,81.7,96.8,97.1,65.3
Southwest,6/8/2014,65.2,81.5,96.4,97.1,65.8
Southwest,6/9/2014,67.2,82.9,98,97.6,66.3
Southwest,6/10/2014,66.6,83.2,98.3,97.5,66.9
Southwest,6/11/2014,66.8,81.7,96.1,97.4,66.8
Southwest,6/12/2014,67.1,82.8,97.7,97.4,67.7
Southwest,6/13/2014,69.2,84.2,98.3,97.7,67.9
Southwest,6/14/2014,67.5,82.9,97,96.6,66.8
Southwest,6/15/2014,63.6,79.8,94.6,95.5,65.1
Southwest,6/16/2014,64.1,80.1,94.8,94.6,64.7
Southwest,6/17/2014,66.5,81.4,94.4,94.1,65.2
Southwest,6/18/2014,65.1,79.6,93,93.8,65
Southwest,6/19/2014,63.3,79.1,94.1,94.9,65
Southwest,6/20/2014,66.6,82.2,97.5,96.8,66.5
Southwest,6/21/2014,69.6,84.6,98.9,98.2,68.2
Southwest,6/22/2014,68.5,84.2,98.2,98.3,68.1
Southwest,6/23/2014,66.3,82.6,97.7,97.6,67.1
Southwest,6/24/2014,66.5,82.7,97,97.4,66.5
Southwest,6/25/2014,66.6,82.9,97.5,97.4,66.5
Southwest,6/26/2014,66.3,82.6,97.8,97.3,66.4
Southwest,6/27/2014,66.3,81.5,96.5,97.4,66.6
Southwest,6/28/2014,67.3,82.8,97.8,98.1,68
Southwest,6/29/2014,70.5,85.3,99.9,99.7,69.7
Southwest,6/30/2014,71.2,86.8,101.3,100.6,70.8
Southwest,7/1/2014,70.6,86.4,100.7,100.5,71.1
Southwest,7/2/2014,71.5,86,99.4,99.5,71.1
Southwest,7/3/2014,71.2,85.2,98.3,98.1,72
Southwest,7/4/2014,73.4,83.6,96.5,94.7,72.7
Southwest,7/5/2014,73.4,81.5,89.2,92.8,73.7
Southwest,7/6/2014,74.2,83.6,92.8,92.5,74.2
Southwest,7/7/2014,75,85.6,95.5,94.3,74.5
Southwest,7/8/2014,74.2,83.9,94.6,94.4,74.3
Southwest,7/9/2014,73.6,83.1,93.2,92.4,74.1
Southwest,7/10/2014,74.4,81.9,89.4,92.5,73.7
Southwest,7/11/2014,73,83.6,94.9,93.5,73.5
Southwest,7/12/2014,73.2,85.1,96.3,95.5,73.7
Southwest,7/13/2014,75,85.6,95.3,94.8,74.4
Southwest,7/14/2014,74.9,84.2,92.9,93.3,74.6
Southwest,7/15/2014,73.9,82.5,91.7,93.3,74
Southwest,7/16/2014,73.2,83.8,95.2,94.3,72.9
Southwest,7/17/2014,71.6,84.1,96.1,95.7,72
Southwest,7/18/2014,71.2,83.6,95.7,96.2,72.3
Southwest,7/19/2014,74.1,85.3,96.8,96.7,72.6
Southwest,7/20/2014,72.6,85.5,97.5,97.4,73.1
Southwest,7/21/2014,72.5,85.3,97.8,98.6,73.4
Southwest,7/22/2014,75.2,88,100.6,99.8,75.3
Southwest,7/23/2014,78.2,90.2,101.1,101,78
Southwest,7/24/2014,80.5,91.1,101.4,100.8,79
Southwest,7/25/2014,78.4,89.6,100,100.3,78.6
Southwest,7/26/2014,76.9,87.8,99.4,99.3,76.8
Southwest,7/27/2014,75,86.1,98.6,97.7,76
Southwest,7/28/2014,76,85.5,95.2,97.1,75.5
Southwest,7/29/2014,75.4,86.1,97.4,97.8,76
Southwest,7/30/2014,76.5,88.6,100.7,99.2,76.4
Southwest,7/31/2014,77.3,88.4,99.6,98.7,76.5
Southwest,8/1/2014,75.7,84.7,95.9,95.6,75.6
Southwest,8/2/2014,73.7,81.9,91.4,92.7,73.5
Southwest,8/3/2014,71,79.6,90.9,91.4,71.4
Southwest,8/4/2014,69.4,80.7,91.9,92.4,70.3
Southwest,8/5/2014,70.5,82.2,94.4,94.3,70.6
Southwest,8/6/2014,72,84.6,96.7,95.6,70.8
Southwest,8/7/2014,69.8,83.3,95.7,95.6,70.3
Southwest,8/8/2014,69,82,94.5,94.9,69.8
Southwest,8/9/2014,70.5,82.5,94.5,94.7,70.1
Southwest,8/10/2014,70.9,82.9,95,94.9,71.5
Southwest,8/11/2014,73.2,84.6,95.2,94.2,73.4
Southwest,8/12/2014,76,83.5,92.4,92,73.4
Southwest,8/13/2014,70.9,79.5,88.5,91.4,73.2
Southwest,8/14/2014,72.6,82.4,93.4,92,71.4
Southwest,8/15/2014,70.8,82.6,94.2,94.7,71.7
Southwest,8/16/2014,71.8,83.8,96.6,96.2,71.8
Southwest,8/17/2014,72.7,85.4,97.9,97.2,72.5
Southwest,8/18/2014,73,84.2,97,95.4,72.6
Southwest,8/19/2014,72.2,81.1,91.3,93.1,71.2
Southwest,8/20/2014,68.3,79.2,91,90.6,70.3
Southwest,8/21/2014,70.5,78.9,89.6,88.9,68.6
Southwest,8/22/2014,67.1,75.9,86.2,88.4,68.4
Southwest,8/23/2014,67.5,78.1,89.4,89.2,67.7
Southwest,8/24/2014,68.6,80.5,92,90.8,68.5
Southwest,8/25/2014,69.4,80.4,91,90.8,69.3
Southwest,8/26/2014,69.8,79.8,89.5,90.9,69.8
Southwest,8/27/2014,70.2,80.8,92.3,92.4,70.1
Southwest,8/28/2014,70.2,82.7,95.3,95,70.4
Southwest,8/29/2014,70.9,84.1,97.4,97.2,71.2
Southwest,8/30/2014,72.4,85.9,98.9,98.1,71.8
Southwest,8/31/2014,72.2,85.7,98,98.3,71.4
Southwest,9/1/2014,69.6,83.8,97.9,98.1,70.8
Southwest,9/2/2014,70.6,84.7,98.5,98.2,70.1
Southwest,9/3/2014,70.2,84.4,98.1,97.8,71.2
Southwest,9/4/2014,72.9,83.6,96.8,94.8,71.2
Southwest,9/5/2014,70.6,79.8,89.4,91.9,71.8
Southwest,9/6/2014,71.8,80.1,89.6,89.2,71.2
Southwest,9/7/2014,71.2,79.9,88.5,88.3,71.2
Southwest,9/8/2014,70.6,77.1,86.8,87.4,70.2
Southwest,9/9/2014,68.8,76.1,87,88,69.3
Southwest,9/10/2014,68.6,78.3,90.1,89.6,68.8
Southwest,9/11/2014,69.1,80.2,91.8,91.2,69.2
Southwest,9/12/2014,70,80.9,91.7,91,69.3
Southwest,9/13/2014,68.8,79.1,89.4,90.7,69.1
Southwest,9/14/2014,68.4,79.1,91,91,69.4
Southwest,9/15/2014,71,81.7,92.6,91.5,70.3
Southwest,9/16/2014,71.5,79.2,90.8,88.7,70.5
Southwest,9/17/2014,69.1,75.3,82.6,86.7,69.7
Southwest,9/18/2014,68.5,76.1,86.7,85.7,68.8
Southwest,9/19/2014,68.7,77.5,87.9,87.5,69.1
Southwest,9/20/2014,70.1,79.1,88,88.2,69.5
Southwest,9/21/2014,69.6,78.8,88.6,88.3,69.9
Southwest,9/22/2014,70,78.7,88.3,89.5,69.7
Southwest,9/23/2014,69.6,79.6,91.6,91.4,69.8
Southwest,9/24/2014,69.9,81.3,94.2,92.6,70
Southwest,9/25/2014,70.5,81.1,92.1,91.9,69.9
Southwest,9/26/2014,69.4,79.2,89.4,88.9,69.1
Southwest,9/27/2014,67.3,75.5,85.3,85.1,66.1
Southwest,9/28/2014,61.6,70.4,80.5,82.4,62.5
Southwest,9/29/2014,58.7,69.7,81.3,81.3,59.8
Southwest,9/30/2014,59,70,82,82.2,58.9
Southwest,10/1/2014,58.9,70.8,83.2,82.9,58.9
Southwest,10/2/2014,58.9,70.9,83.5,84.9,58.5
Southwest,10/3/2014,57.7,71.3,88.1,87.2,59.3
Southwest,10/4/2014,61.2,74.4,90,88.6,60.1
Southwest,10/5/2014,61.5,74.2,87.6,88.2,61.2
Southwest,10/6/2014,60.9,73.1,87.1,87,61.9
Southwest,10/7/2014,63.2,74.2,86.2,85.6,63.1
Southwest,10/8/2014,65.2,71.3,83.5,82.6,63.4
Southwest,10/9/2014,61.7,68.6,78.2,80.8,62.1
Southwest,10/10/2014,59.4,69.3,80.6,80.9,60.3
Southwest,10/11/2014,59.7,70.6,83.9,82.9,59.7
Southwest,10/12/2014,59.9,71.5,84.2,82.9,58.4
Southwest,10/13/2014,55.6,67.9,80.7,82.9,57.3
Southwest,10/14/2014,56.3,68.5,83.7,82.9,57.1
Southwest,10/15/2014,59.5,70.6,84.2,83.7,58.3
Southwest,10/16/2014,59.1,70.5,83.1,83,59.9
Southwest,10/17/2014,61.1,70.5,81.7,82.6,60.2
Southwest,10/18/2014,60.3,70.5,82.9,82.2,60.5
Southwest,10/19/2014,60,70.3,82.1,81.7,59.8
Southwest,10/20/2014,59.1,69.2,80.2,80.9,59.3
Southwest,10/21/2014,58.8,68.9,80.3,80.9,59.1
Southwest,10/22/2014,59.5,69.8,82.1,82.3,59.3
Southwest,10/23/2014,59.6,70.9,84.5,84.5,59.9
Southwest,10/24/2014,60.6,72.6,86.8,86,61.2
Southwest,10/25/2014,63.5,74.1,86.8,85.6,61.9
Southwest,10/26/2014,61.6,72,83.1,82.8,61
Southwest,10/27/2014,57.8,68.1,78.6,80,58
Southwest,10/28/2014,54.7,65.8,78.3,79.5,55.9
Southwest,10/29/2014,55.1,66.7,81.5,81.4,55.6
Southwest,10/30/2014,57.1,69,84.3,82.2,57
Southwest,10/31/2014,58.7,69.2,80.8,80.3,57.2
Southwest,11/1/2014,55.7,64.6,75.9,75.3,54.8
Southwest,11/2/2014,50.1,58.9,69.1,70.1,50.3
Southwest,11/3/2014,45.2,54.7,65.2,67.5,46.8
Southwest,11/4/2014,45.1,54.7,68.2,68.6,46
Southwest,11/5/2014,47.7,57.9,72.5,71.6,47.7
Southwest,11/6/2014,50.2,60.6,74.2,74.1,49.3
Southwest,11/7/2014,49.9,61.1,75.7,76.2,50.8
Southwest,11/8/2014,52.3,63.5,78.8,77.4,51.6
Southwest,11/9/2014,52.6,64,77.7,77.5,52.3
Southwest,11/10/2014,52.1,63.4,76,75.4,51.3
Southwest,11/11/2014,49.1,60.6,72.6,72.2,49.8
Southwest,11/12/2014,48.2,58.1,67.9,68.8,47.8
Southwest,11/13/2014,46.1,55.3,65.9,67.3,47.6
Southwest,11/14/2014,48.5,56.7,68.1,67.3,47.2
Southwest,11/15/2014,46.9,56.7,67.8,66.6,46.7
Southwest,11/16/2014,44.6,53.5,63.9,63.8,41.9
Southwest,11/17/2014,34.3,45.2,59.7,62.1,38.5
Southwest,11/18/2014,36.5,47.3,62.8,62.6,36.9
Southwest,11/19/2014,39.8,50.3,65.2,64.6,39.5
Southwest,11/20/2014,42.3,52.8,65.7,64.6,42.2
Southwest,11/21/2014,44.6,53.3,63,64.9,43.7
Southwest,11/22/2014,44.2,53.2,65.9,64,43.9
Southwest,11/23/2014,42.9,52.6,63.1,63.2,41.2
Southwest,11/24/2014,36.5,47.6,60.7,61.2,38.6
Southwest,11/25/2014,36.5,47,59.9,63.1,38
Southwest,11/26/2014,40.9,50.9,68.6,67.9,41.6
Southwest,11/27/2014,47.5,58.2,75.1,72.8,45.6
Southwest,11/28/2014,48.3,59.6,74.7,74.2,47.7
Southwest,11/29/2014,47.2,58.8,72.8,72.2,47.5
Southwest,11/30/2014,47,57.1,69,69.4,46.1
Southwest,12/1/2014,44.1,54.3,66.3,66.7,46.4
Southwest,12/2/2014,48.1,55.2,64.8,65.2,48.1
Southwest,12/3/2014,52,56.5,64.5,64.1,51
Southwest,12/4/2014,52.8,57.6,63.1,64.5,51.1
Southwest,12/5/2014,48.5,55.6,65.8,65.6,50.7
Southwest,12/6/2014,50.7,57.3,67.8,67.4,48.9
Southwest,12/7/2014,47.5,56.8,68.6,68.5,48.8
Southwest,12/8/2014,48.1,56.7,69.2,69.6,48.5
Southwest,12/9/2014,49.8,58.4,70.9,69.9,49.1
Southwest,12/10/2014,49.3,58.1,69.6,69.7,49.3
Southwest,12/11/2014,48.9,57.7,68.6,68.7,48.7
Southwest,12/12/2014,48,56.9,67.9,66.2,48.8
Southwest,12/13/2014,49.4,54.7,62,61.6,45.1
Southwest,12/14/2014,37.8,46.1,55,58.5,41.7
Southwest,12/15/2014,37.9,46.1,58.4,57.9,39.3
Southwest,12/16/2014,42.1,49.9,60.3,57.9,41.4
Southwest,12/17/2014,44.2,48.5,55.1,56.1,43.1
Southwest,12/18/2014,43,47,52.9,54.3,41.8
Southwest,12/19/2014,38.2,45.3,54.8,54.8,39.9
Southwest,12/20/2014,38.5,46.1,56.6,56.5,39
Southwest,12/21/2014,40.2,47.6,58.1,58.3,40.2
Southwest,12/22/2014,41.8,49.3,60.1,58.2,41.5
Southwest,12/23/2014,42.6,49.5,56.4,57.3,40
Southwest,12/24/2014,35.6,44,55.4,56.3,39.2
Southwest,12/25/2014,39.3,47.1,57.2,54.9,36
Southwest,12/26/2014,33,41.4,52.2,52.4,34.1
Southwest,12/27/2014,30.1,37.5,47.7,49.9,31.2
Southwest,12/28/2014,30.6,38.3,49.7,49.9,30.8
Southwest,12/29/2014,31.8,40.4,52.3,51.4,31.3
Southwest,12/30/2014,31.4,40.8,52.1,50.4,32.5
Southwest,12/31/2014,34.4,37.5,46.8,46.3,31.4
Southwest,1/1/2015,28.3,33.8,39.9,43.5,30.2
Southwest,1/2/2015,28,33.6,43.7,43.1,28.4
Southwest,1/3/2015,28.9,35.4,45.7,47.6,29.3
Southwest,1/4/2015,31.1,38.9,53.4,53,32.1
Southwest,1/5/2015,36.4,44.7,60,59.6,36.1
Southwest,1/6/2015,40.7,49.8,65.3,63.7,40.2
Southwest,1/7/2015,43.5,52.4,65.8,64.2,42.3
Southwest,1/8/2015,42.7,50.8,61.5,63,43.1
Southwest,1/9/2015,43,51,61.6,60.9,42.5
Southwest,1/10/2015,41.9,49.7,59.7,61.2,42.8
Southwest,1/11/2015,43.5,51.1,62.4,60.5,43.9
Southwest,1/12/2015,46.4,52.3,59.3,59.6,44.9
Southwest,1/13/2015,44.8,49.9,57.1,57.3,43.4
Southwest,1/14/2015,39,46.1,55.4,57.4,40.6
Southwest,1/15/2015,38.1,46.8,59.6,59.1,38.7
Southwest,1/16/2015,39.1,48.8,62.3,62.1,39.6
Southwest,1/17/2015,41.6,50.9,64.4,64.6,41.5
Southwest,1/18/2015,43.7,53.3,67.2,66.6,43.8
Southwest,1/19/2015,46,55.5,68.2,67.3,45.1
Southwest,1/20/2015,45.7,55.1,66.4,65.9,45.3
Southwest,1/21/2015,44.3,53.2,63.1,62.8,42.7
Southwest,1/22/2015,38.1,46.9,58.9,58.8,38.6
Southwest,1/23/2015,33.3,42.2,54.3,58.6,36.5
Southwest,1/24/2015,38,47,62.6,61.5,37.7
Southwest,1/25/2015,41.7,51.5,67.6,64.6,42.2
Southwest,1/26/2015,46.9,54.4,63.7,66,45.6
Southwest,1/27/2015,48.2,55.2,66.8,66.1,47.3
Southwest,1/28/2015,46.7,56.1,67.7,67.1,47.5
Southwest,1/29/2015,47.5,56.5,66.9,65.9,47.5
Southwest,1/30/2015,48.4,52.6,63,61.7,47.5
Southwest,1/31/2015,46.7,49.7,55.2,59.8,46
Southwest,2/1/2015,42.8,50,61.1,60.3,44
Southwest,2/2/2015,42.4,52,64.6,64.9,43.5
Southwest,2/3/2015,45.4,55.2,68.9,67.7,44.9
Southwest,2/4/2015,46.8,57,69.5,70.5,46.4
Southwest,2/5/2015,47,57.9,73,72.4,47.7
Southwest,2/6/2015,49.2,60.2,74.6,73.6,48.8
Southwest,2/7/2015,50.1,61,73.2,73.9,49.6
Southwest,2/8/2015,49.4,60.5,74,74.5,50.3
Southwest,2/9/2015,51.3,62.6,76.3,74.9,50.5
Southwest,2/10/2015,50.8,62.4,74.4,74.3,49.8
Southwest,2/11/2015,47.4,58.6,72.2,71,47.7
Southwest,2/12/2015,45,55,66.5,69.8,46
Southwest,2/13/2015,45.7,56.1,70.8,70.6,46.8
Southwest,2/14/2015,49.7,60.6,74.6,72.9,49.1
Southwest,2/15/2015,51.8,61.8,73.2,72.6,50
Southwest,2/16/2015,48.5,58.2,70,70.1,48.2
Southwest,2/17/2015,44.4,55.3,67.2,69.3,46.1
Southwest,2/18/2015,45.3,56.2,70.6,70.7,46.2
Southwest,2/19/2015,48.9,59.8,74.2,72.4,47.8
Southwest,2/20/2015,49.1,60,72.5,72.5,48.2
Southwest,2/21/2015,46.6,58.8,70.8,70.8,47.8
Southwest,2/22/2015,47.7,56.2,69.2,67,46.1
Southwest,2/23/2015,44.1,50.7,61,62.7,44.1
Southwest,2/24/2015,40.6,48.6,58,60.8,41
Southwest,2/25/2015,38.2,48.4,63.3,61.5,39.8
Southwest,2/26/2015,40.7,51.6,63.2,63.1,39.6
Southwest,2/27/2015,39.8,51.1,62.9,62.7,40.9
Southwest,2/28/2015,42.1,50.8,62,63,43.2
Southwest,3/1/2015,47.6,53.5,64,62.9,45.9
Southwest,3/2/2015,47.9,51.7,62.8,61.7,46.1
Southwest,3/3/2015,42.8,48.7,58.3,60,43.7
Southwest,3/4/2015,40.5,49.3,58.9,60,40.4
Southwest,3/5/2015,37.9,49.3,62.8,63.6,39.8
Southwest,3/6/2015,41.1,52.7,69.1,68,41.6
Southwest,3/7/2015,45.7,57.2,72.1,71.4,45.1
Southwest,3/8/2015,48.4,59.7,72.9,72.7,47.4
Southwest,3/9/2015,48.1,59.9,73.1,73.7,48.5
Southwest,3/10/2015,48.9,60.8,75.1,75.2,49.4
Southwest,3/11/2015,51.2,63.6,77.3,76,51.8
Southwest,3/12/2015,55.2,65.1,75.6,76.4,52.7
Southwest,3/13/2015,51.7,63.5,76.4,76.3,53.3
Southwest,3/14/2015,53,64.7,77,76.8,52.4
Southwest,3/15/2015,52.6,64.7,77,77.7,52.8
Southwest,3/16/2015,52.8,65,79,78.1,53.9
Southwest,3/17/2015,56.2,66.9,78.2,77.1,54.9
Southwest,3/18/2015,55.6,64,74.1,73.8,54.6
Southwest,3/19/2015,51.9,59.6,69.2,71.5,52.9
Southwest,3/20/2015,51.3,60,71.3,71.9,51.8
Southwest,3/21/2015,52.1,62.8,75.2,74.8,51.7
Southwest,3/22/2015,51.8,64,77.8,76.8,52.3
Southwest,3/23/2015,52.9,65,77.5,77.5,51.9
Southwest,3/24/2015,51.1,64,77.2,77.5,52
Southwest,3/25/2015,52.1,64.5,77.9,78.1,51.9
Southwest,3/26/2015,52.4,65.2,79.1,80.3,52.8
Southwest,3/27/2015,53.9,68.1,84,83.3,54.6
Southwest,3/28/2015,57.6,71.6,86.9,85.8,56.5
Southwest,3/29/2015,58,72.4,86.6,86.7,58.4
Southwest,3/30/2015,59.7,73.1,86.6,86,59.1
Southwest,3/31/2015,59.5,72.2,84.9,84.7,58.3
Southwest,4/1/2015,55.7,69.1,82.6,82.2,55.8
Southwest,4/2/2015,52.1,65.8,79,79.4,52.5
Southwest,4/3/2015,49.6,63.5,76.7,78.3,50.9
Southwest,4/4/2015,51,64.7,79.3,78.3,50.8
Southwest,4/5/2015,51.7,65.6,78.9,78.5,50.8
Southwest,4/6/2015,49.6,63.5,77.2,76.9,49.8
Southwest,4/7/2015,48.1,61.7,74.6,74.9,48.3
Southwest,4/8/2015,47.3,59.9,72.9,74,46.9
Southwest,4/9/2015,45.3,58.9,74.6,75,47.1
Southwest,4/10/2015,48.6,62.9,77.5,76.9,48.3
Southwest,4/11/2015,51.1,65,78.6,77.9,50.9
Southwest,4/12/2015,53,64.8,77.5,78.5,51.6
Southwest,4/13/2015,50.8,64.3,79.4,79.3,52.1
Southwest,4/14/2015,52.5,66.9,81.1,80.1,51.6
Southwest,4/15/2015,51.6,65.3,79.7,77.9,49.2
Southwest,4/16/2015,43.5,57.7,72.8,74.6,46.7
Southwest,4/17/2015,44.9,57.4,71.4,74.2,45.9
Southwest,4/18/2015,49.2,62.5,78.5,77.1,48.7
Southwest,4/19/2015,52.1,66.5,81.5,80.6,51.4
Southwest,4/20/2015,52.9,67.9,81.9,81.2,52.5
Southwest,4/21/2015,52.6,67.3,80.3,79.8,52
Southwest,4/22/2015,50.5,64.4,77.3,77.8,51.1
Southwest,4/23/2015,50.2,63.4,75.7,75.3,49.9
Southwest,4/24/2015,48.9,60.8,72.8,73.8,49
Southwest,4/25/2015,47.8,60.5,72.9,72.4,47.8
Southwest,4/26/2015,46.8,58.6,71.6,73.9,47.4
Southwest,4/27/2015,47.7,60.8,77.1,76.4,49.3
Southwest,4/28/2015,53.5,67,80.6,80.6,52.5
Southwest,4/29/2015,56.3,70,84.2,84.8,56.4
Southwest,4/30/2015,59.5,74.1,89.6,88.3,59.3
Southwest,5/1/2015,62,76.7,91,90.1,61.3
Southwest,5/2/2015,62.5,76,89.7,88.9,61.5
Southwest,5/3/2015,60.1,73.2,86,86,60.2
Southwest,5/4/2015,58,69.7,82.2,81.9,57.4
Southwest,5/5/2015,54,65.9,77.5,79.7,55.3
Southwest,5/6/2015,54,66.8,79.4,78,53.1
Southwest,5/7/2015,51.2,64.1,77.2,76.8,51.1
Southwest,5/8/2015,48.1,60.3,73.9,73.4,48
Southwest,5/9/2015,44.7,56.8,69.2,73.5,47.5
Southwest,5/10/2015,49.6,62.3,77.5,77.2,49.8
Southwest,5/11/2015,55.1,69.1,84.9,82.1,53.8
Southwest,5/12/2015,56.8,70.6,84,83,55.4
Southwest,5/13/2015,54.3,66.3,80,81,56.1
Southwest,5/14/2015,57.3,67.9,79,77.3,54.3
Southwest,5/15/2015,51.2,60.4,72.8,73.8,52.7
Southwest,5/16/2015,49.6,58.5,69.5,73.4,51.2
Southwest,5/17/2015,52.7,63.8,77.9,76.4,52.4
Southwest,5/18/2015,54.8,68.6,81.7,79.7,53.6
Southwest,5/19/2015,53.3,66.7,79.6,81.4,54.4
Southwest,5/20/2015,55.2,68.9,82.8,81.4,55.6
Southwest,5/21/2015,58.2,69.4,81.7,79.8,55.2
Southwest,5/22/2015,52.2,64.1,74.8,77.2,53.7
Southwest,5/23/2015,50.8,63.2,75,75.6,52.1
Southwest,5/24/2015,53.4,65.6,76.9,77.6,53.2
Southwest,5/25/2015,55.3,67.9,80.8,80.9,55.3
Southwest,5/26/2015,57.3,70.9,84.9,84.4,57.8
Southwest,5/27/2015,60.8,74.1,87.6,87.2,59.7
Southwest,5/28/2015,60.9,75.3,89.1,89.5,61.4
Southwest,5/29/2015,62.4,77.3,91.7,91.6,62.6
Southwest,5/30/2015,64.5,79.6,94.1,93.8,64.3
Southwest,5/31/2015,66.1,81.1,95.7,94.8,65.5
Southwest,6/1/2015,65.9,81.2,94.5,94.6,65.6
Southwest,6/2/2015,64.9,80,93.5,93.4,64.7
Southwest,6/3/2015,63.2,78.5,92.3,91.9,63.4
Southwest,6/4/2015,62.2,77.3,89.9,89.7,63.4
Southwest,6/5/2015,64.9,76,86.8,88.6,63.6
Southwest,6/6/2015,63.7,75.8,89,89.4,64.1
Southwest,6/7/2015,63.6,77.9,92.4,92.5,65
Southwest,6/8/2015,67.8,81.8,96,94.4,68.1
Southwest,6/9/2015,72.9,81,94.7,93.3,69.5
Southwest,6/10/2015,67.7,76.6,89.1,91.9,69.3
Southwest,6/11/2015,67.4,80.1,91.8,91.7,67.4
Southwest,6/12/2015,67.2,80.8,94.1,93.6,67.4
Southwest,6/13/2015,67.7,82,94.8,95.3,67.7
Southwest,6/14/2015,68.1,82.3,96.9,96.8,68.7
Southwest,6/15/2015,70.4,84.9,98.7,98.3,70
Southwest,6/16/2015,71.5,85.7,99.2,99.9,71.5
Southwest,6/17/2015,72.7,87.3,101.9,101.5,73.2
Southwest,6/18/2015,75.3,89.7,103.5,102.8,74.2
Southwest,6/19/2015,74.6,89.5,102.9,102.8,74.1
Southwest,6/20/2015,72.4,87.9,102.1,102.1,72.9
Southwest,6/21/2015,71.6,86.7,101.4,101.3,71.6
Southwest,6/22/2015,70.8,85.9,100.5,101.2,71.7
Southwest,6/23/2015,72.6,87.4,101.6,101.1,72.6
Southwest,6/24/2015,74.4,88.5,101.2,101.2,73.7
Southwest,6/25/2015,74.2,87.5,100.7,100.6,74.3
Southwest,6/26/2015,74.2,87.3,99.9,99.7,74.3
Southwest,6/27/2015,74.4,86.6,98.4,99.3,74.9
Southwest,6/28/2015,76.1,88.1,99.5,99.1,75.4
Southwest,6/29/2015,75.8,87.8,99.3,98.9,75.7
Southwest,6/30/2015,75.1,86.5,97.8,98.1,75.1
Southwest,7/1/2015,74.5,85.5,97.1,97.4,74.5
Southwest,7/2/2015,73.9,85.3,97.2,97.1,74.7
Southwest,7/3/2015,75.6,86.5,96.9,96.6,75.4
Southwest,7/4/2015,76.7,86.2,95.7,95.3,75.4
Southwest,7/5/2015,73.8,84.1,93.2,94.4,74.7
Southwest,7/6/2015,73.5,83.2,94.2,94.2,72.8
Southwest,7/7/2015,71.2,83.7,95.3,94.8,71.1
Southwest,7/8/2015,68.7,82.4,94.9,94.5,69.1
Southwest,7/9/2015,67.5,80.1,93.4,92.8,66.9
Southwest,7/10/2015,64.5,77.3,90,92.2,66.1
Southwest,7/11/2015,66.4,79,93.3,93,67.2
Southwest,7/12/2015,70.8,83,95.8,95.5,69.9
Southwest,7/13/2015,72.5,85.2,97.3,96.7,72.1
Southwest,7/14/2015,73,86,97,96.6,72.2
Southwest,7/15/2015,71.2,84,95.4,96.5,72.3
Southwest,7/16/2015,72.7,85,97.1,96.1,72.9
Southwest,7/17/2015,74.7,85.4,95.7,94.8,73.4
Southwest,7/18/2015,72.9,81.9,91.7,91.9,72.6
Southwest,7/19/2015,70.1,78.4,88.2,90.7,71.8
Southwest,7/20/2015,72.3,81.6,92.2,91.6,71.3
Southwest,7/21/2015,71.5,82.9,94.5,93.6,71.6
Southwest,7/22/2015,71,82.9,94.1,93.9,70.8
Southwest,7/23/2015,69.9,82.2,93.1,94.1,71.5
Southwest,7/24/2015,73.7,83.7,95,95.4,72.2
Southwest,7/25/2015,73,85.5,98,97,73.6
Southwest,7/26/2015,74.2,86.3,98.1,97.7,73.3
Southwest,7/27/2015,72.6,84.9,97.1,97.6,73.9
Southwest,7/28/2015,74.8,86.1,97.7,96.9,74
Southwest,7/29/2015,74.6,83.5,95.9,95.8,74.5
Southwest,7/30/2015,74.1,82.7,93.9,94.7,74.9
Southwest,7/31/2015,75.9,85.5,94.3,94.4,75.3
Southwest,8/1/2015,75.8,85.1,95.1,95.5,75.4
Southwest,8/2/2015,74.6,86,97.1,97,75
Southwest,8/3/2015,74.5,86.6,98.8,98.7,74.6
Southwest,8/4/2015,74.7,87.6,100.3,100.3,74.7
Southwest,8/5/2015,74.9,88.4,101.7,101.1,75.2
Southwest,8/6/2015,75.9,88.3,101.2,100.2,75.8
Southwest,8/7/2015,76.5,87.7,97.7,97.6,74.7
Southwest,8/8/2015,71.6,83.6,94,96.2,73.2
Southwest,8/9/2015,71.5,84.1,97,95.8,72
Southwest,8/10/2015,72.8,84.9,96.4,96.7,73.5
Southwest,8/11/2015,76.1,85.9,96.6,97.3,74.9
Southwest,8/12/2015,75.9,86.5,98.9,99,76.8
Southwest,8/13/2015,78.4,89.3,101.4,101.3,78.3
Southwest,8/14/2015,80.7,91.8,103.6,103.1,80.1
Southwest,8/15/2015,81.2,93.1,104.2,103.6,80.4
Southwest,8/16/2015,79.3,91.6,103.1,103,79.2
Southwest,8/17/2015,77.1,89.3,101.6,101.5,76.9
Southwest,8/18/2015,74.4,87.2,99.7,99.7,74.3
Southwest,8/19/2015,71.5,84.9,97.8,98.4,72.1
Southwest,8/20/2015,70.5,83.8,97.7,97.2,71.6
Southwest,8/21/2015,72.8,84.4,96.2,96.4,71.7
Southwest,8/22/2015,71.9,83.7,95.3,95.8,72.7
Southwest,8/23/2015,73.4,84.6,95.8,95,73.4
Southwest,8/24/2015,74.9,84.5,94,94.2,74.6
Southwest,8/25/2015,75.4,83.7,92.9,93.5,74.7
Southwest,8/26/2015,73.8,83.2,93.5,94.1,74.8
Southwest,8/27/2015,75.3,85.4,95.8,95.9,74.8
Southwest,8/28/2015,75.2,86.3,98.4,97.5,75.5
Southwest,8/29/2015,76.1,87.7,98.4,97.9,75.7
Southwest,8/30/2015,75.7,86.9,96.8,97,74.9
Southwest,8/31/2015,72.9,84.3,95.7,95.7,73.4
Southwest,9/1/2015,71.6,83.1,94.5,94.4,72.1
Southwest,9/2/2015,71.8,82.7,93.1,93.1,71.6
Southwest,9/3/2015,71.5,82,91.8,91.5,71
Southwest,9/4/2015,69.7,79.4,89.6,90.2,69.7
Southwest,9/5/2015,67.8,78,89.3,90.8,69
Southwest,9/6/2015,69.6,80.8,93.4,92,70.5
Southwest,9/7/2015,74,83.3,93.2,93.7,72.8
Southwest,9/8/2015,74.8,84.5,94.6,93.7,74
Southwest,9/9/2015,73.2,83.3,93.3,93,74
Southwest,9/10/2015,73.9,81.8,91,92.9,72.8
Southwest,9/11/2015,71.3,81.2,94.4,93.2,72.5
Southwest,9/12/2015,72.2,83.2,94.3,93.9,72.5
Southwest,9/13/2015,73.9,83.8,93,92.5,71.7
Southwest,9/14/2015,69.1,79.6,90.2,90.6,70.5
Southwest,9/15/2015,68.5,78.3,88.7,89.2,68.2
Southwest,9/16/2015,67,77.5,88.7,88.7,67.1
Southwest,9/17/2015,65.7,77.1,88.8,89.8,66.2
Southwest,9/18/2015,66,78.2,91.9,90.8,66.7
Southwest,9/19/2015,68.3,80,91.6,92.1,67.5
Southwest,9/20/2015,68.3,79.8,92.8,91.8,68.9
Southwest,9/21/2015,70.1,78.2,91.1,88.6,68.9
Southwest,9/22/2015,68.2,74,81.8,87.2,68.3
Southwest,9/23/2015,66.6,75.6,88.6,88.3,68.2
Southwest,9/24/2015,69.9,80.7,94.4,92.2,68.7
Southwest,9/25/2015,69.7,81.8,93.5,93.7,69.1
Southwest,9/26/2015,67.8,80.2,93.1,93.6,68.7
Southwest,9/27/2015,68.7,81,94.2,93.6,68.3
Southwest,9/28/2015,68.4,80.7,93.4,93.8,68.5
Southwest,9/29/2015,68.3,80.5,93.7,93.8,68.5
Southwest,9/30/2015,68.7,81.2,94.4,94,68.6
Southwest,10/1/2015,68.9,81.3,94,93.2,68
Southwest,10/2/2015,66.5,78.2,91.3,90.3,65.8
Southwest,10/3/2015,62,73.8,85.6,86.3,63.4
Southwest,10/4/2015,61.7,71.4,82,81.8,61.6
Southwest,10/5/2015,61.1,67.8,77.8,77.6,60.8
Southwest,10/6/2015,59.7,65.7,73.1,75.4,59.5
Southwest,10/7/2015,57.8,65.3,75.2,76.8,59
Southwest,10/8/2015,59.5,68.9,82,80.4,59.8
Southwest,10/9/2015,62.1,72.3,83.9,84.1,61.8
Southwest,10/10/2015,63.8,73.8,86.3,86.3,63.9
Southwest,10/11/2015,65.8,76.1,88.6,87.5,65.1
Southwest,10/12/2015,65.7,76.3,87.5,88.3,65.9
Southwest,10/13/2015,66.1,76.5,88.9,89.2,66.1
Southwest,10/14/2015,66.6,77.8,91.2,89.6,67.1
Southwest,10/15/2015,68.6,78.1,88.6,87.2,67.1
Southwest,10/16/2015,66.1,73.8,81.9,83.1,65.6
Southwest,10/17/2015,62.2,69.7,78.9,79,63.4
Southwest,10/18/2015,62,68.5,76.3,77.8,61.3
Southwest,10/19/2015,59.7,67.6,78.1,76.7,60
Southwest,10/20/2015,58.2,66.2,75.7,74.8,58
Southwest,10/21/2015,56.2,62.6,70.7,72.8,55.9
Southwest,10/22/2015,53.2,61.5,71.9,72.8,54.6
Southwest,10/23/2015,54.3,63.7,75.7,75.6,54.4
Southwest,10/24/2015,55.8,66.1,79.2,78.1,55.9
Southwest,10/25/2015,57.5,67.2,79.4,79.5,57.1
Southwest,10/26/2015,58.1,68.3,80,79.7,57.7
Southwest,10/27/2015,57.4,67.9,79.7,79,57.6
Southwest,10/28/2015,57.3,66.7,77.2,76.8,56.9
Southwest,10/29/2015,55.9,64.8,73.4,73.3,54.9
Southwest,10/30/2015,51.6,60,69.2,72.2,52.6
Southwest,10/31/2015,50.3,60.1,73.9,73.4,51.8
Southwest,11/1/2015,53.4,63.4,77.1,76.5,52.2
Southwest,11/2/2015,52.9,64.7,78.4,76.4,53.1
Southwest,11/3/2015,52.9,62,73.7,72.1,51.4
Southwest,11/4/2015,48.4,55.8,64.1,65.7,47.4
Southwest,11/5/2015,41,50,59.2,62.7,43.3
Southwest,11/6/2015,40.6,50.6,64.8,64.2,41.7
Southwest,11/7/2015,43.6,54.2,68.6,67.6,43.6
Southwest,11/8/2015,46.6,56.3,69.5,69.5,45.8
Southwest,11/9/2015,47.2,57.6,70.4,68.3,46.3
Southwest,11/10/2015,45,55,64.9,64.9,43.7
Southwest,11/11/2015,38.9,49.1,59.5,63.5,41
Southwest,11/12/2015,39.1,49.9,66,65.1,40.2
Southwest,11/13/2015,42.5,53.6,69.7,68.9,42.5
Southwest,11/14/2015,45.8,56.5,71,68.7,45.9
Southwest,11/15/2015,49.3,56.1,65.3,65,46.5
Southwest,11/16/2015,44.5,51.1,58.6,59.7,42.8
Southwest,11/17/2015,34.5,42.9,55.1,58.3,39.2
Southwest,11/18/2015,38.6,47.2,61.3,61.4,38.5
Southwest,11/19/2015,42.4,52.4,67.8,66.7,42.3
Southwest,11/20/2015,46,56.1,70.9,69.4,45.2
Southwest,11/21/2015,47.1,57.5,69.4,69.7,45.9
Southwest,11/22/2015,44.5,54.9,68.8,69.4,45.9
Southwest,11/23/2015,46.1,56.1,70,69.5,45.5
Southwest,11/24/2015,45.9,56.8,69.6,68.8,46.6
Southwest,11/25/2015,47.8,56.9,66.8,65.7,45.8
Southwest,11/26/2015,43.7,51.4,60.8,61,43.4
Southwest,11/27/2015,38.7,46.8,55.3,56.7,39.4
Southwest,11/28/2015,35.7,43.7,54,54.6,37.1
Southwest,11/29/2015,36.8,44.4,54.6,54.2,35.2
Southwest,11/30/2015,33,42.4,54,55,34.6
Southwest,12/1/2015,34.1,43.2,56.3,57.6,34.4
Southwest,12/2/2015,36.2,46.2,62.4,61.5,36.6
Southwest,12/3/2015,39.5,49.8,65.8,64.8,39.5
Southwest,12/4/2015,42.7,52.7,66.2,65.9,41.6
Southwest,12/5/2015,42.7,53,65.8,66.6,42.4
Southwest,12/6/2015,41.8,52.5,67.7,67.7,42.9
Southwest,12/7/2015,44.2,54.5,69.5,68.5,43.7
Southwest,12/8/2015,45.2,54.9,68.4,69.2,45.5
Southwest,12/9/2015,47,56.5,69.8,69.5,46.2
Southwest,12/10/2015,46.4,56.8,70.2,67.8,47.3
Southwest,12/11/2015,48.5,55.4,63.5,63.5,44.7
Southwest,12/12/2015,39.2,47.3,56.8,57.5,40.5
Southwest,12/13/2015,33.8,42.1,52.3,53,36.8
Southwest,12/14/2015,37.3,42.6,49.9,49.6,33.8
Southwest,12/15/2015,30.2,38,46.5,47.9,31.8
Southwest,12/16/2015,27.9,36.1,47.2,47.9,29
Southwest,12/17/2015,28.9,37.3,50.1,52.2,30.2
Southwest,12/18/2015,33.7,42.5,59.3,57.3,34.6
Southwest,12/19/2015,41.2,49,62.5,59.3,38
Southwest,12/20/2015,39.1,47.4,56.1,57.8,38.8
Southwest,12/21/2015,36,44.8,54.9,54.7,38
Southwest,12/22/2015,39,45.6,53.2,55.3,40
Southwest,12/23/2015,45.1,49.9,57.9,56.2,41.7
Southwest,12/24/2015,41,48.5,57.5,56.3,41.4
Southwest,12/25/2015,38,45.8,53.5,53,36.4
Southwest,12/26/2015,30.2,38.4,48.1,49.6,32
Southwest,12/27/2015,27.9,35.1,47.3,48,29.4
Southwest,12/28/2015,30,37.6,48.7,47.6,29.7
Southwest,12/29/2015,31.2,37.9,46.8,48.2,30.2
Southwest,12/30/2015,29.3,37.6,49.1,49.2,30.1
Southwest,12/31/2015,29.9,38.8,51.8,51.3,30.5
Southwest,1/1/2016,32.3,40.6,53,54,32.4
Southwest,1/2/2016,35.1,43.3,57.2,56.9,35
Southwest,1/3/2016,37.7,46.2,60.5,57.9,38
Southwest,1/4/2016,41.2,46.3,56.1,56.5,40.7
Southwest,1/5/2016,43.2,46.3,52.9,53.7,42.6
Southwest,1/6/2016,43.4,46.9,52,51.5,42.3
Southwest,1/7/2016,40.4,44.1,49.5,49.6,39.7
Southwest,1/8/2016,35.2,41,47.4,48.4,36.2
Southwest,1/9/2016,33,39.4,48.4,48.4,34.3
Southwest,1/10/2016,34.6,40.6,49.3,49.1,33.4
Southwest,1/11/2016,32.7,40,49.7,50.9,33.1
Southwest,1/12/2016,31.9,40.5,53.6,53.2,33
Southwest,1/13/2016,34.5,43.1,56.4,55,34.1
Southwest,1/14/2016,35.9,44.4,54.9,55.4,35.5
Southwest,1/15/2016,36.1,44.1,54.8,54.6,35.8
Southwest,1/16/2016,35.3,43.5,54,56.1,36.6
Southwest,1/17/2016,38.3,46.7,59.4,58.2,38.1
Southwest,1/18/2016,40.6,49.1,61.2,60.7,40
Southwest,1/19/2016,41.2,50.4,61.6,61.5,41.7
Southwest,1/20/2016,43.3,51.4,61.8,61.2,41.3
Southwest,1/21/2016,39.3,49.2,60.2,61.9,40.5
Southwest,1/22/2016,39,48.8,63.7,63.1,40.7
Southwest,1/23/2016,43.7,52.5,65.4,63.5,41.4
Southwest,1/24/2016,41.5,50.8,61.3,61.2,41
Southwest,1/25/2016,37.8,46.5,56.9,58.2,38.3
Southwest,1/26/2016,35.7,45.4,56.5,57.3,36.6
Southwest,1/27/2016,36.4,45.6,58.6,59.5,37.4
Southwest,1/28/2016,40.1,49.4,63.3,62.5,39.6
Southwest,1/29/2016,42.2,52.1,65.5,65.1,42
Southwest,1/30/2016,43.8,53.8,66.5,65.9,43.1
Southwest,1/31/2016,43.4,53.5,65.6,64.9,41.9
Southwest,2/1/2016,38.6,46.8,62.7,57.9,36.8
Southwest,2/2/2016,28.5,36.6,45.3,51.7,31.6
Southwest,2/3/2016,27.8,35.9,47.2,48.4,28.5
Southwest,2/4/2016,29.2,38.7,52.7,52.3,30.2
Southwest,2/5/2016,33.6,43.3,56.9,57.3,32.6
Southwest,2/6/2016,35.1,45.7,62.3,62.5,36.2
Southwest,2/7/2016,39.8,50.9,68.2,67.4,40
Southwest,2/8/2016,45,55.9,71.8,71.1,43.7
Southwest,2/9/2016,46.2,57.7,73.4,73.1,45.9
Southwest,2/10/2016,46.6,58.6,74.1,74.4,47.1
Southwest,2/11/2016,48.5,60.6,75.7,75.6,48.1
Southwest,2/12/2016,49.3,61.7,77,76.7,49.1
Southwest,2/13/2016,49.4,62.1,77.4,76.5,49.1
Southwest,2/14/2016,48.7,61.2,75,75.8,48.9
Southwest,2/15/2016,48.5,60.6,75,75.8,49
Southwest,2/16/2016,49.8,62,77.3,77.2,50
Southwest,2/17/2016,51.6,64,79.3,77.9,50.7
Southwest,2/18/2016,50.6,62.9,77.1,77.5,51.8
Southwest,2/19/2016,53.2,63.1,76,76.4,51.7
Southwest,2/20/2016,51.3,62.9,76.1,76.1,51.8
Southwest,2/21/2016,50.9,62.8,76.2,75.5,49.6
Southwest,2/22/2016,46.7,59.5,74.2,73.6,46.9
Southwest,2/23/2016,43,54.6,70.3,70.2,43.1
Southwest,2/24/2016,39.5,51.2,66,69.5,41.7
Southwest,2/25/2016,42.7,55.2,72.3,71.8,43.1
Southwest,2/26/2016,47,60.1,77.1,75.8,46.6
Southwest,2/27/2016,50,63.1,78,77.5,48.7
Southwest,2/28/2016,49.2,62.5,77.3,77.9,50.1
Southwest,2/29/2016,51.2,63.6,78.4,78.4,50.7
Southwest,3/1/2016,51.6,64.4,79.5,79.4,51.8
Southwest,3/2/2016,52.6,65.8,80.4,80.3,52.1
Southwest,3/3/2016,52.1,65.6,80.9,80.7,52.2
Southwest,3/4/2016,52,66.1,80.7,80.2,51.9
Southwest,3/5/2016,51.5,65,79.1,78.3,52
Southwest,3/6/2016,52.6,63.7,75.1,75.1,48.9
Southwest,3/7/2016,42.7,55,71,69.7,45.1
Southwest,3/8/2016,40,50.2,62.9,68.2,41.9
Southwest,3/9/2016,43,54.6,70.6,70.2,43.9
Southwest,3/10/2016,48.7,60.8,77.2,75.5,47.5
Southwest,3/11/2016,50.8,64.4,78.8,77.1,48.1
Southwest,3/12/2016,44.9,57.6,75.4,74.6,46.4
Southwest,3/13/2016,43.5,55,69.7,72.6,45.1
Southwest,3/14/2016,46.8,58.5,72.7,72.7,46.3
Southwest,3/15/2016,48.7,61.2,75.8,75.7,48.6
Southwest,3/16/2016,50.3,63.6,78.5,78,50
Southwest,3/17/2016,51,64.6,79.6,79.2,50.7
Southwest,3/18/2016,50.7,64.4,79.4,79.3,50.7
Southwest,3/19/2016,50.5,63.9,78.8,79.3,50.9
Southwest,3/20/2016,51.6,65.1,79.7,80.3,51.8
Southwest,3/21/2016,53.2,67.2,82.5,81,52.1
Southwest,3/22/2016,51.5,64.6,80.7,78.4,49.4
Southwest,3/23/2016,43.6,56.6,71.9,74.7,46
Southwest,3/24/2016,42.8,55.6,71.4,73.2,44.3
Southwest,3/25/2016,46.6,60.2,76.4,74.5,45.8
Southwest,3/26/2016,47.9,61.9,75.7,76.1,46.8
Southwest,3/27/2016,45.9,60.8,76.3,75.7,47.9
Southwest,3/28/2016,49.8,62.7,75,74.4,46.4
Southwest,3/29/2016,43.4,55.9,72,69.6,43.8
Southwest,3/30/2016,38.2,50.6,61.8,66.5,40.4
Southwest,3/31/2016,39.5,51.8,65.7,65.6,39.9
Southwest,4/1/2016,42,55,69.2,69.6,42.3
Southwest,4/2/2016,45.5,58.9,74,74.3,45.5
Southwest,4/3/2016,49.1,63.7,79.8,79.1,49.3
Southwest,4/4/2016,53.3,67.8,83.5,82.8,52.6
Southwest,4/5/2016,55.4,69.9,85,85.3,54.8
Southwest,4/6/2016,55.6,71,87.5,86.4,56.8
Southwest,4/7/2016,59.5,73,86.6,85.4,57.7
Southwest,4/8/2016,57.9,67.5,82.2,81.4,55.9
Southwest,4/9/2016,50.2,62.1,75.4,77.4,53.2
Southwest,4/10/2016,51.5,59.6,74.6,73.6,49.8
Southwest,4/11/2016,47.6,57.4,70.7,72.7,49.9
Southwest,4/12/2016,50.7,61.7,72.8,73.9,49.9
Southwest,4/13/2016,51.5,64,78.2,77.4,52.4
Southwest,4/14/2016,54.9,68,81.2,79.7,52.6
Southwest,4/15/2016,51.4,65.3,79.7,77.5,50.5
Southwest,4/16/2016,45.1,58.5,71.7,74.5,48.3
Southwest,4/17/2016,48.5,60.4,72.2,73.5,47.6
Southwest,4/18/2016,49.2,62.8,76.6,76.6,49.8
Southwest,4/19/2016,51.6,65.9,81.1,81.1,52.2
Southwest,4/20/2016,55.8,70.4,85.5,84.6,54.8
Southwest,4/21/2016,56.9,72.1,87.1,86.3,57
Southwest,4/22/2016,58.4,72.8,86.4,85.8,57
Southwest,4/23/2016,55.7,69.3,83.9,83.5,55.4
Southwest,4/24/2016,52.2,66.4,80.1,81,53.2
Southwest,4/25/2016,51.8,64.4,78.9,76.6,49.2
Southwest,4/26/2016,43.6,57.5,70.7,75,47.7
Southwest,4/27/2016,47.8,61,75.3,73.4,46.5
Southwest,4/28/2016,48.2,60.8,74.3,74,47.8
Southwest,4/29/2016,47.5,59.5,72.4,73.4,48.4
Southwest,4/30/2016,49.5,61.9,73.5,72.4,48.4
Southwest,5/1/2016,48.3,59.9,71.3,74,49.3
Southwest,5/2/2016,50.2,62.7,77.2,77.5,51.1
Southwest,5/3/2016,54.7,68.7,83.9,83.8,54.7
Southwest,5/4/2016,59.2,74.3,90.2,87.6,57.7
Southwest,5/5/2016,59.1,73.5,88.6,86.8,57.5
Southwest,5/6/2016,54.1,65.9,81.6,80.7,54.6
Southwest,5/7/2016,50.7,61,72,75.5,52
Southwest,5/8/2016,51.3,62.4,72.8,74.2,51.2
Southwest,5/9/2016,51.5,64,77.9,77.9,52.9
Southwest,5/10/2016,55.8,68.8,83.1,82.4,55.1
Southwest,5/11/2016,58.1,72,86.1,86.7,58.3
Southwest,5/12/2016,60.9,75.4,90.8,90.2,60.7
Southwest,5/13/2016,63,78.2,93.8,92.2,63.5
Southwest,5/14/2016,66.7,79.1,92,91,63.2
Southwest,5/15/2016,60,72.9,87.1,87.5,61.1
Southwest,5/16/2016,56.7,70.6,83.5,84.2,57.8
Southwest,5/17/2016,56.6,69.2,81.9,81.1,56.4
Southwest,5/18/2016,55.9,67.5,78,81.4,56.5
Southwest,5/19/2016,57,69.8,84.2,82.7,57.6
Southwest,5/20/2016,59.8,73.5,85.8,84.5,57.9
Southwest,5/21/2016,56.8,70.2,83.5,83,57
Southwest,5/22/2016,54.5,67.8,79.8,81.9,55.4
Southwest,5/23/2016,54.8,68.7,82.3,81.2,54.8
Southwest,5/24/2016,55,69,81.5,81.7,55.1
Southwest,5/25/2016,55.4,69.1,81.4,80.8,54.2
Southwest,5/26/2016,52.2,66.3,79.4,81.4,54.2
Southwest,5/27/2016,55,68.8,83.3,83.4,55.4
Southwest,5/28/2016,58.9,73.3,87.6,86.3,57.8
Southwest,5/29/2016,59.5,74.6,88.1,87.7,59
Southwest,5/30/2016,58.7,73.7,87.4,88.3,59.6
Southwest,5/31/2016,60.7,75.4,89.3,89,60.8
Southwest,6/1/2016,63,77,90.3,92.2,62.3
Southwest,6/2/2016,63.3,79,97,96.4,65
Southwest,6/3/2016,68.6,84.7,102,100.9,67.9
Southwest,6/4/2016,71.7,87.9,103.6,102.9,70.9
Southwest,6/5/2016,72.4,88.6,103.2,103,71.6
Southwest,6/6/2016,70.6,87.1,102.3,101.6,70.2
Southwest,6/7/2016,67.6,83.6,99.4,99.4,69.1
Southwest,6/8/2016,69,83.4,96.4,97.1,68.7
Southwest,6/9/2016,69.4,82.9,95.5,95.4,68.6
Southwest,6/10/2016,67.5,81.6,94.2,94.3,68.2
Southwest,6/11/2016,67.8,81,93.1,93.5,66.6
Southwest,6/12/2016,64.4,78.9,93.1,92.6,65.6
Southwest,6/13/2016,64.5,78.8,91.5,92.2,63.9
Southwest,6/14/2016,62.9,78.1,92.1,92.2,63.4
Southwest,6/15/2016,62.7,78.7,93.1,92.9,62.6
Southwest,6/16/2016,62.3,78.5,93.4,94.3,63.3
Southwest,6/17/2016,65,81,96.3,97.4,65.2
Southwest,6/18/2016,68.3,84.8,102.4,102.3,69.5
Southwest,6/19/2016,75.1,91.2,108.1,106,73.1
Southwest,6/20/2016,76,92,107.6,106.4,75.4
Southwest,6/21/2016,75.1,89.4,103.4,104.6,75.5
Southwest,6/22/2016,75.4,89.3,102.9,102.6,74.8
Southwest,6/23/2016,73.8,88.8,101.6,101.4,74.9
Southwest,6/24/2016,75.5,87.6,99.7,99.9,73.7
Southwest,6/25/2016,71.7,85.6,98.4,98.3,73.9
Southwest,6/26/2016,74.4,86.2,96.9,98.3,73.8
Southwest,6/27/2016,75.4,87.4,99.6,98.4,75.5
Southwest,6/28/2016,76.6,88.2,98.7,98.7,76
Southwest,6/29/2016,76,87.5,97.7,97.7,76.2
Southwest,6/30/2016,76.1,84.8,96.6,94.2,74.8
Southwest,7/1/2016,72.3,80.8,88.2,93.1,72.9
Southwest,7/2/2016,70.4,81,94.6,93.3,71.3
Southwest,7/3/2016,71.3,84.2,97,97,71.4
Southwest,7/4/2016,72.6,86,99.4,98.6,72.3
Southwest,7/5/2016,73,86.9,99.5,99.2,72.5
Southwest,7/6/2016,71.9,85.5,98.8,98.1,72.1
Southwest,7/7/2016,71.3,84.1,96.1,97.8,71.6
Southwest,7/8/2016,71.7,85.2,98.5,98.2,72
Southwest,7/9/2016,72.9,86.7,100.1,99.8,72.8
Southwest,7/10/2016,73.8,87.8,100.7,100.2,73
Southwest,7/11/2016,72.2,86.8,99.9,99.9,72.4
Southwest,7/12/2016,71.2,85.6,99.1,99.9,71.7
Southwest,7/13/2016,71.8,86.6,100.8,100.7,72.3
Southwest,7/14/2016,73.9,88.4,102.3,101.9,73.6
Southwest,7/15/2016,75.2,89.1,102.7,102.2,74.4
Southwest,7/16/2016,74.2,87.7,101.6,101.2,74.7
Southwest,7/17/2016,74.7,87.4,99.4,99.6,74.7
Southwest,7/18/2016,75.2,86.4,97.9,98.4,75.1
Southwest,7/19/2016,75.5,87.2,98,98.1,75.9
Southwest,7/20/2016,77,88.2,98.3,98.8,76.7
Southwest,7/21/2016,77.6,89.2,100,100.8,77.7
Southwest,7/22/2016,78.4,91.1,104.1,102.6,78
Southwest,7/23/2016,77.9,91.4,103.7,103.5,78.1
Southwest,7/24/2016,77.9,90,102.7,101.9,77.4
Southwest,7/25/2016,76.4,88,99.2,100.8,77.4
Southwest,7/26/2016,77.8,88.8,100.5,100.6,77.4
Southwest,7/27/2016,78,90,102.2,101.8,77.7
Southwest,7/28/2016,77.4,90.2,102.8,102.4,77.3
Southwest,7/29/2016,76.4,89.3,102.3,101.4,76.2
Southwest,7/30/2016,74.8,86,99.2,98.4,75
Southwest,7/31/2016,73.9,83.9,93.6,95.2,74.3
Southwest,8/1/2016,74.3,83.5,92.7,92.6,74
Southwest,8/2/2016,73.8,82.4,91.5,91.7,73.9
Southwest,8/3/2016,73.7,82.6,90.9,91.7,73.9
Southwest,8/4/2016,74.1,83.2,92.6,93.1,73.8
Southwest,8/5/2016,73.6,84.1,95.9,95.6,73.3
Southwest,8/6/2016,72.2,85.3,98.2,98,73.1
Southwest,8/7/2016,73.4,86.7,100,99.3,73.8
Southwest,8/8/2016,75.8,88.2,99.8,99.1,74.2
Southwest,8/9/2016,73.5,84.7,97.6,96.7,73.8
Southwest,8/10/2016,72,82.1,92.6,94,72.2
Southwest,8/11/2016,71.1,80.6,91.9,93.8,71.6
Southwest,8/12/2016,71.8,83.7,96.8,95.5,71.8
Southwest,8/13/2016,72.5,85,97.8,97.7,72.1
Southwest,8/14/2016,72.1,85.6,98.5,98.7,72.6
Southwest,8/15/2016,73.2,86.7,99.7,99.5,73.5
Southwest,8/16/2016,75.1,88.1,100.3,99.8,74.5
Southwest,8/17/2016,75.3,87.6,99.3,99.1,75.4
Southwest,8/18/2016,75.7,85.9,97.6,97.2,74.6
Southwest,8/19/2016,72.8,83.9,94.7,95.1,73.4
Southwest,8/20/2016,71.7,82.3,92.9,92.8,71.9
Southwest,8/21/2016,71.3,81.2,90.9,91.3,71.2
Southwest,8/22/2016,70.7,79.9,90,91,70.4
Southwest,8/23/2016,69.2,80.2,92.2,91.9,69.3
Southwest,8/24/2016,68.1,80.5,93.4,92.9,68.9
Southwest,8/25/2016,69.3,81.7,93.2,92.7,69.2
Southwest,8/26/2016,70.1,80,91.4,91.6,69.1
Southwest,8/27/2016,68,79.4,90.2,91,67.9
Southwest,8/28/2016,65.5,78.2,91.4,92.1,67.3
Southwest,8/29/2016,68.3,81,94.7,93.9,68.2
Southwest,8/30/2016,70.9,83.2,95.6,94.8,70.3
Southwest,8/31/2016,71.8,83.4,94.1,94.3,71.6
Southwest,9/1/2016,72.1,83.2,93.3,93.9,72.2
Southwest,9/2/2016,72.8,83.2,94.4,94,71.6
Southwest,9/3/2016,69.8,82.5,94.4,93.8,69.4
Southwest,9/4/2016,65.7,79.4,92.6,93.6,66.9
Southwest,9/5/2016,65.1,79.2,93.7,92.7,65.7
Southwest,9/6/2016,66.4,79.1,91.7,91.2,67.3
Southwest,9/7/2016,70.4,77.7,88.1,90,68.3
Southwest,9/8/2016,68,77.2,90.2,90.8,68.8
Southwest,9/9/2016,68.1,80.2,94.2,92.9,68.4
Southwest,9/10/2016,69,81.6,94.2,94.1,68.7
Southwest,9/11/2016,69.1,81.5,93.9,93.5,68.5
Southwest,9/12/2016,67.3,79.7,92.5,91.6,67
Southwest,9/13/2016,64.5,76.6,88.5,89.9,65.3
Southwest,9/14/2016,64,75.8,88.7,88.7,63.9
Southwest,9/15/2016,63.1,75.8,88.9,89,63
Southwest,9/16/2016,61.8,75.1,89.3,90.1,62.7
Southwest,9/17/2016,63.2,76.8,92,92.5,63.5
Southwest,9/18/2016,65.6,79.7,96.2,94.3,65.5
Southwest,9/19/2016,67.8,81,94.6,92.7,68.2
Southwest,9/20/2016,71.1,76.4,87.4,89.8,68.9
Southwest,9/21/2016,67.9,76,87.5,87,68.8
Southwest,9/22/2016,67.3,75.6,86.2,84.6,65.2
Southwest,9/23/2016,60.3,70.9,80.2,82.8,61.6
Southwest,9/24/2016,57.1,68.6,82.1,82.7,59.4
Southwest,9/25/2016,60.9,72,85.8,84,60.6
Southwest,9/26/2016,63.9,73.2,84.2,83.3,62
Southwest,9/27/2016,61.3,70,79.8,83.8,62.7
Southwest,9/28/2016,62.9,73.3,87.4,84.5,64
Southwest,9/29/2016,67.7,76.2,86.2,86.6,65.5
Southwest,9/30/2016,65.8,75.5,86.1,86.5,66
Southwest,10/1/2016,64.5,75.3,87.2,86.5,64.5
Southwest,10/2/2016,63.1,74.7,86.3,85.5,62.5
Southwest,10/3/2016,60,70.4,82.9,82.6,59.1
Southwest,10/4/2016,54.2,65.8,78.6,80.7,56.4
Southwest,10/5/2016,54.9,67,80.6,80.1,55.4
Southwest,10/6/2016,57,68.6,81.2,82.2,56.5
Southwest,10/7/2016,57.5,69.9,84.7,83.6,58.8
Southwest,10/8/2016,61.9,72.3,84.8,85.4,60.5
Southwest,10/9/2016,62.2,73.2,86.7,86.3,62.4
Southwest,10/10/2016,63,74.5,87.5,87.1,62.5
Southwest,10/11/2016,62.2,74.1,87.1,86.9,61.7
Southwest,10/12/2016,59.8,72.6,86.1,86.1,60.5
Southwest,10/13/2016,59.5,71.7,85.1,86.2,60
Southwest,10/14/2016,60.6,72.9,87.4,86.4,60.2
Southwest,10/15/2016,60.6,73.1,86.7,86.4,60.3
Southwest,10/16/2016,59.7,72,85.1,85,59.5
Southwest,10/17/2016,58.1,70.2,83.2,83.8,58.7
Southwest,10/18/2016,58.2,69.9,83.2,83.3,58.2
Southwest,10/19/2016,58.3,69.9,83.5,83.9,57.9
Southwest,10/20/2016,57.1,70,85.1,85.3,58.1
Southwest,10/21/2016,58.8,71,87.2,87,59.4
Southwest,10/22/2016,62.4,74.1,88.6,87.6,61.1
Southwest,10/23/2016,62.2,74.1,87.1,86.4,62.8
Southwest,10/24/2016,63.7,73.4,83.4,84.3,62.6
Southwest,10/25/2016,62,71.7,82.3,83.8,61.9
Southwest,10/26/2016,60,71.5,85.6,85.4,61.5
Southwest,10/27/2016,62.5,73.7,88.2,86.6,62.5
Southwest,10/28/2016,65,75.1,85.9,86.6,62.9
Southwest,10/29/2016,61.1,72.4,85.6,85.3,62.7
Southwest,10/30/2016,61.9,72.7,84.3,83,60.6
Southwest,10/31/2016,58.9,69.2,79.2,79.5,58.6
Southwest,11/1/2016,54.9,64.9,74.9,76.3,55
Southwest,11/2/2016,51.2,61.9,74.7,75.2,53.7
Southwest,11/3/2016,55.1,64.1,76,74.5,54.1
Southwest,11/4/2016,55.9,63.7,72.9,74.5,55.4
Southwest,11/5/2016,55.2,63.8,74.5,74.7,55.6
Southwest,11/6/2016,55.7,65,76.7,76.3,55.1
Southwest,11/7/2016,54.4,65,77.8,77.9,55.2
Southwest,11/8/2016,55.5,66.1,79.1,77.2,54.4
Southwest,11/9/2016,53.4,64,74.8,75.4,53.1
Southwest,11/10/2016,50.3,60.5,72.3,73.7,51.6
Southwest,11/11/2016,51.2,61,73.9,73.4,51.1
Southwest,11/12/2016,51.7,61.7,73.9,74.5,51.3
Southwest,11/13/2016,51.1,61.7,75.6,75.7,51.6
Southwest,11/14/2016,51.9,63.2,77.7,77.8,52.2
Southwest,11/15/2016,53.7,64.9,80,78,53.2
Southwest,11/16/2016,54,64.9,76.3,75.3,51.7
Southwest,11/17/2016,47.5,58.4,69.7,71.1,47.4
Southwest,11/18/2016,40.8,51.7,67.2,69.9,45.1
Southwest,11/19/2016,46.9,56.4,72.7,71,46.3
Southwest,11/20/2016,51.1,60,73,69.8,50.3
Southwest,11/21/2016,52.8,58,63.8,66.7,49.1
Southwest,11/22/2016,43.4,52.4,63.4,64.5,46.4
Southwest,11/23/2016,43.1,53.2,66.3,65.7,43.3
Southwest,11/24/2016,43.5,53.8,67.3,67.4,43.2
Southwest,11/25/2016,43,53.5,68.5,67.8,44.2
Southwest,11/26/2016,46,54.9,67.5,66,43.6
Southwest,11/27/2016,41.7,51.3,62,61.1,41.6
Southwest,11/28/2016,37.1,45.7,53.8,56.3,38.5
Southwest,11/29/2016,36.6,44.8,53.2,53.6,35.5
Southwest,11/30/2016,32.8,41.9,53.8,54.3,34.8
Southwest,12/1/2016,35.1,43.6,55.8,55.2,35
Southwest,12/2/2016,37.2,45.3,56.1,56.5,36.7
Southwest,12/3/2016,37.8,45.9,57.5,58.2,37.6
Southwest,12/4/2016,37.7,47.2,61,59.8,38.3
Southwest,12/5/2016,39.5,49,60.8,60.2,38.8
Southwest,12/6/2016,39.1,48.1,58.9,59.2,39.6
Southwest,12/7/2016,40.3,48.1,58,58.1,39
Southwest,12/8/2016,37.7,46.6,57.3,59.1,39.2
Southwest,12/9/2016,39.5,48.3,61.9,61.3,39.9
Southwest,12/10/2016,42.6,51.7,64.6,64.2,42.5
Southwest,12/11/2016,45.4,54.3,66.1,65.9,44.6
Southwest,12/12/2016,45.9,55.2,67,66.9,46.4
Southwest,12/13/2016,47.9,56.4,67.7,68.3,47.3
Southwest,12/14/2016,48,57.2,70.3,69.8,48.1
Southwest,12/15/2016,48.4,58.2,71.5,69.4,49.7
Southwest,12/16/2016,52.6,58.8,66.3,66.7,47.1
Southwest,12/17/2016,40.3,49.4,62.4,60.4,41
Southwest,12/18/2016,30,39.4,52.5,57.8,34.8
Southwest,12/19/2016,34,42.8,58.6,58.5,35.1
Southwest,12/20/2016,41.2,49.1,64.4,61.7,41.8
Southwest,12/21/2016,50.3,54.5,62,61.4,47.7
Southwest,12/22/2016,51.6,54.1,57.8,59.1,48.9
Southwest,12/23/2016,44.9,50.1,57.4,56.7,46.6
Southwest,12/24/2016,43.2,48.6,54.9,53.4,40.7
Southwest,12/25/2016,33.9,40.6,47.8,51.2,36.3
Southwest,12/26/2016,31.8,39.1,50.9,53.1,34.3
Southwest,12/27/2016,37.3,44.8,60.5,57.6,37.1
Southwest,12/28/2016,42.1,49.7,61.3,62,41.1
Southwest,12/29/2016,43.9,51.7,64.3,62.3,43.2
Southwest,12/30/2016,43.5,51.1,61.2,61.2,44.1
Southwest,12/31/2016,45,50.4,58.2,57.4,44.2
Southwest,1/1/2017,44,47.2,52.9,54.5,42.2
Southwest,1/2/2017,37.6,43.9,52.4,53.8,40.1
Southwest,1/3/2017,38.6,45.6,56,56.3,39.5
Southwest,1/4/2017,42.3,49.5,60.5,58.8,41.3
Southwest,1/5/2017,42.9,50.5,60,59.1,42
Southwest,1/6/2017,40.7,48.3,56.7,57.5,39.8
Southwest,1/7/2017,35.7,43.6,55.8,59.5,39.8
Southwest,1/8/2017,43.1,50.4,66,61.6,42.9
Southwest,1/9/2017,49.9,55.5,63.1,64,46.1
Southwest,1/10/2017,45.2,53.3,63,62.4,46.4
Southwest,1/11/2017,44.2,52.3,61.1,61.8,44
Southwest,1/12/2017,42.5,50.6,61.2,61.9,44.3
Southwest,1/13/2017,46.2,53.1,63.4,61.5,45.4
Southwest,1/14/2017,47.5,52.8,59.8,59.6,46.1
Southwest,1/15/2017,44.7,48.7,55.6,56.6,44.1
Southwest,1/16/2017,40.1,45.8,54.5,55.7,41.3
Southwest,1/17/2017,39.2,46.5,56.9,56.2,39.8
Southwest,1/18/2017,40.1,47.4,57.2,56.4,39.8
Southwest,1/19/2017,40.2,46.1,55.1,54.1,40
Southwest,1/20/2017,39.8,44.6,50.1,51.8,40.2
Southwest,1/21/2017,40.7,45.7,50.3,50.9,38.6
Southwest,1/22/2017,35.4,42.1,52.4,52.7,39.8
Southwest,1/23/2017,43.3,47.2,55.3,53.5,38.1
Southwest,1/24/2017,35.6,43.1,52.9,52.1,36.8
Southwest,1/25/2017,31.6,39,48,49.8,32.6
Southwest,1/26/2017,30.5,38.2,48.4,47.8,30.7
Southwest,1/27/2017,30,37.9,47,50,30.5
Southwest,1/28/2017,31,39.1,54.6,53.9,32.4
Southwest,1/29/2017,36.2,45.3,60.1,59.8,35.4
Southwest,1/30/2017,39.1,49,64.6,63.4,39.2
Southwest,1/31/2017,42.2,52.2,65.4,65.2,41.1
Southwest,2/1/2017,42,52.7,65.6,65.3,42.3
Southwest,2/2/2017,42.6,52.8,64.8,65.7,43.1
Southwest,2/3/2017,44.7,54.5,66.7,66.1,43.7
Southwest,2/4/2017,43.9,54.5,66.8,67.3,44.3
Southwest,2/5/2017,44.2,55.3,68.5,66.9,44.7
Southwest,2/6/2017,45.9,55.5,65.4,66.1,45.3
Southwest,2/7/2017,45.7,53.5,64.5,66.3,46
Southwest,2/8/2017,46.5,55.9,69,69.5,47.5
Southwest,2/9/2017,50.4,60.5,75,73.8,50.1
Southwest,2/10/2017,53.4,64,77.3,75.7,52.4
Southwest,2/11/2017,53.3,63,74.7,73.4,52.7
Southwest,2/12/2017,51.5,58.6,68.1,68.4,50.4
Southwest,2/13/2017,46.3,53.1,62.3,64.7,47.6
Southwest,2/14/2017,45,52.9,63.7,63.2,44.9
Southwest,2/15/2017,43.4,53.1,63.7,64.6,43.8
Southwest,2/16/2017,43,53.2,66.3,65.1,44.3
Southwest,2/17/2017,46.6,55.3,65.2,64.5,46
Southwest,2/18/2017,48.4,54.1,62.1,60.7,46.8
Southwest,2/19/2017,45.5,49.1,54.8,59.7,45.6
Southwest,2/20/2017,42.9,50.1,62.3,62.3,44.9
Southwest,2/21/2017,46.4,55.8,69.8,67.8,46.5
Southwest,2/22/2017,50.1,59.7,71.3,70.1,45.7
Southwest,2/23/2017,40.7,52.5,69.2,65.3,42
Southwest,2/24/2017,35.2,44.8,55.3,60.8,37.2
Southwest,2/25/2017,35.6,45.4,57.9,57.4,36.8
Southwest,2/26/2017,39.7,48.7,58.9,59,38.2
Southwest,2/27/2017,39.4,48.6,60.1,59,41.6
Southwest,2/28/2017,45.7,51.3,58.1,59.8,41.2
Southwest,3/1/2017,38.5,48.7,61.1,62,40.9
Southwest,3/2/2017,38.4,50.5,66.8,66.4,40.1
Southwest,3/3/2017,43.5,55,71.2,69.9,42.9
Southwest,3/4/2017,46.9,58.6,71.6,70.9,46.5
Southwest,3/5/2017,49.1,58.7,70,69.1,45.6
Southwest,3/6/2017,40.7,51.8,65.7,67.9,43.1
Southwest,3/7/2017,39.6,51.3,67.9,70.2,42.3
Southwest,3/8/2017,46.7,59,77,75.1,46
Southwest,3/9/2017,51.6,64.7,80.4,79.9,50.9
Southwest,3/10/2017,54.3,66.9,82.3,81.5,54.1
Southwest,3/11/2017,56.3,68.3,81.9,81.7,54.9
Southwest,3/12/2017,54.1,67.1,80.8,81.5,54.9
Southwest,3/13/2017,54.4,67.1,81.8,82.6,55
Southwest,3/14/2017,56.6,69.4,85.1,84,56.2
Southwest,3/15/2017,57.6,70.9,85.2,84.6,57.1
Southwest,3/16/2017,57,70,83.4,84.4,57
Southwest,3/17/2017,56.4,69.9,84.5,84.8,57.1
Southwest,3/18/2017,57.9,71.6,86.6,86.1,57.6
Southwest,3/19/2017,58.4,72.2,87.3,86.8,59
Southwest,3/20/2017,60.6,73.3,86.6,86.1,59
Southwest,3/21/2017,58,70.9,84.4,84.1,58
Southwest,3/22/2017,55.4,67.3,81.3,80.5,54.2
Southwest,3/23/2017,49.2,60,75.9,75.9,49.3
Southwest,3/24/2017,43.4,55,70.5,73.5,47
Southwest,3/25/2017,48.5,60.3,74.2,72.5,46.4
Southwest,3/26/2017,47.2,60.1,72.8,73.8,48.5
Southwest,3/27/2017,49.9,61.8,74.4,73.2,48.1
Southwest,3/28/2017,47.3,59.1,72.5,73.9,47.8
Southwest,3/29/2017,46.2,59,74.9,75.5,47.9
Southwest,3/30/2017,50.1,63.6,79,77,47.6
Southwest,3/31/2017,46.4,58.6,77.1,74.2,46.9
Southwest,4/1/2017,44.1,54.7,66.5,72.3,45.3
Southwest,4/2/2017,45.3,57.5,73.4,71.8,46.1
Southwest,4/3/2017,48.9,62.3,75.4,74.1,46.5
Southwest,4/4/2017,45.4,59.7,73.4,74.9,47.1
Southwest,4/5/2017,46.9,60.1,75.9,77,47.9
Southwest,4/6/2017,51.5,65.5,81.6,80.3,51.1
Southwest,4/7/2017,54.8,68.7,83.4,82.4,53.5
Southwest,4/8/2017,54.2,68.1,82.2,81.3,52.3
Southwest,4/9/2017,47.9,62.8,78.3,79.1,49.5
Southwest,4/10/2017,46.5,61.1,76.8,78.9,48.4
Southwest,4/11/2017,50.9,65.4,81.6,80.1,50.8
Southwest,4/12/2017,55.1,68.3,82,82.5,53.9
Southwest,4/13/2017,55.7,69.5,84,82.7,54.3
Southwest,4/14/2017,52.2,67,82.2,82.4,53.2
Southwest,4/15/2017,51.6,66.3,81.1,82.1,52.6
Southwest,4/16/2017,54,68.7,83.1,82.9,53.7
Southwest,4/17/2017,55.6,69.9,84.5,84.4,55.5
Southwest,4/18/2017,57,71.1,85.6,84.9,56.3
Southwest,4/19/2017,56.3,70.7,84.6,84.8,56.3
Southwest,4/20/2017,55.6,69.8,84.2,84.9,55.8
Southwest,4/21/2017,55.5,70.7,86,85.2,55.4
Southwest,4/22/2017,55,70.5,85.4,86.6,55.7
Southwest,4/23/2017,56.6,72.4,88.5,86.8,56
Southwest,4/24/2017,56.4,71.5,86.6,85.9,55.8
Southwest,4/25/2017,54.3,67.5,82.6,83.1,54
Southwest,4/26/2017,51.3,65.1,80.1,81.9,53.7
Southwest,4/27/2017,55.6,68.8,83,81.6,54.3
Southwest,4/28/2017,56,67.7,81.8,79.2,52.4
Southwest,4/29/2017,45.6,58.9,72.8,77.4,49.6
Southwest,4/30/2017,47.3,61,77.5,78.2,48.9
Southwest,5/1/2017,53.7,67.9,84.2,83.2,52.8
Southwest,5/2/2017,57.4,72.3,88,87.2,57.1
Southwest,5/3/2017,60.1,74.8,89.4,89.8,59.8
Southwest,5/4/2017,61.8,76.8,91.9,92.3,62.2
Southwest,5/5/2017,64.7,79.9,95.6,93.7,63.4
Southwest,5/6/2017,63.6,77.1,93.7,90.1,60
Southwest,5/7/2017,51.6,63.6,80.9,83.8,54.6
Southwest,5/8/2017,48.7,61.9,76.7,77.4,50.8
Southwest,5/9/2017,52.2,60.8,74.7,73.8,50.2
Southwest,5/10/2017,49.7,59.2,70.1,75.6,51.7
Southwest,5/11/2017,53.3,65.3,82,79.8,54.2
Southwest,5/12/2017,59.6,73,87.2,85.4,57.8
Southwest,5/13/2017,60.6,74.3,86.9,86.5,59.4
Southwest,5/14/2017,57.9,72,85.4,84.5,57.8
Southwest,5/15/2017,54.9,67.5,81.3,80.4,53.8
Southwest,5/16/2017,48.7,61.1,74.4,77.4,50.7
Southwest,5/17/2017,48.5,61.7,76.6,76,49.6
Southwest,5/18/2017,51.7,64.7,77,77.2,50.4
Southwest,5/19/2017,51.1,64.7,78,79.8,52.5
Southwest,5/20/2017,54.8,69.3,84.3,84.4,55.5
Southwest,5/21/2017,60.6,75.6,90.8,89.4,59.5
Southwest,5/22/2017,63.2,78.2,93,92.6,62.8
Southwest,5/23/2017,64.6,79.7,93.9,94.4,64.2
Southwest,5/24/2017,64.7,80.6,96.2,94.9,64.2
Southwest,5/25/2017,63.4,78.8,94.7,93.2,62.2
Southwest,5/26/2017,58.5,73.4,88.7,90.5,60.2
Southwest,5/27/2017,58.6,73.4,88.2,89.2,59.5
Southwest,5/28/2017,61.3,76.3,90.7,90.7,61.3
Southwest,5/29/2017,64,79,93.3,92.1,63.6
Southwest,5/30/2017,65.5,79.3,92.2,91.9,64.3
Southwest,5/31/2017,63.3,77.3,90.1,89.9,63.8
Southwest,6/1/2017,62.6,75.4,87.5,89.3,62.5
Southwest,6/2/2017,61.5,75.5,90.3,91.1,63.1
Southwest,6/3/2017,65.3,79.9,95.6,94.3,64.8
Southwest,6/4/2017,67.5,82.3,97,96.7,67.4
Southwest,6/5/2017,69.4,84.1,97.6,97.2,69
Southwest,6/6/2017,70.1,84.1,97.1,97.1,69.3
Southwest,6/7/2017,68.3,82.7,96.5,96.2,68.5
Southwest,6/8/2017,67.1,81.4,95,95.9,68.2
Southwest,6/9/2017,69.1,83,96.1,95.2,67.1
Southwest,6/10/2017,65.2,80.5,94.5,94.2,65.8
Southwest,6/11/2017,63.1,77.5,92.1,91.1,62.3
Southwest,6/12/2017,58.7,73.2,86.8,89.3,60.3
Southwest,6/13/2017,59.2,73.9,89,90.6,60.2
Southwest,6/14/2017,62.6,78.8,95.9,95,62.7
Southwest,6/15/2017,66.3,83.3,100,99.1,66
Southwest,6/16/2017,69.1,85.6,101.4,101,68.1
Southwest,6/17/2017,69,85.9,101.7,102.5,69.6
Southwest,6/18/2017,70.8,87.3,104.5,104.5,71.1
Southwest,6/19/2017,73.6,90.2,107.3,106.9,73.7
Southwest,6/20/2017,76.6,93.3,108.9,108,75.8
Southwest,6/21/2017,77.3,93.1,107.7,107.5,76.7
Southwest,6/22/2017,76.2,91.4,105.8,106,75.7
Southwest,6/23/2017,73.6,89.4,104.6,105.6,74.6
Southwest,6/24/2017,74.1,89.9,106.3,105.5,74.8
Southwest,6/25/2017,76.6,91.3,105.6,104.8,74.5
Southwest,6/26/2017,72.9,87.9,102.4,102.9,73.7
Southwest,6/27/2017,71.7,87.2,100.8,101,71.3
Southwest,6/28/2017,69.2,85.3,99.7,99.8,69.7
Southwest,6/29/2017,68.3,84.4,99,99.6,68.7
Southwest,6/30/2017,68.6,84.8,100.1,100,68.8
Southwest,7/1/2017,69.4,86,100.8,100.1,69.3
Southwest,7/2/2017,69.8,85.3,99.4,99.9,70.3
Southwest,7/3/2017,71.6,85.8,99.5,100.6,71.4
Southwest,7/4/2017,72.9,87.7,102.8,101.8,72.8
Southwest,7/5/2017,73.9,88.8,103.1,103.6,73.6
Southwest,7/6/2017,74,89.4,104.8,104.6,74.8
Southwest,7/7/2017,76.5,91.9,105.9,105.2,77
Southwest,7/8/2017,80.5,92.6,105,103.3,77.9
Southwest,7/9/2017,76.6,88.2,99,100.3,77.7
Southwest,7/10/2017,75.9,86.1,97,97.5,75.8
Southwest,7/11/2017,75,86.3,96.4,97.2,74.9
Southwest,7/12/2017,73.7,85.9,98.3,97.7,73.9
Southwest,7/13/2017,73.1,86,98.4,98.4,73.7
Southwest,7/14/2017,74.4,86.8,98.4,98.2,74.1
Southwest,7/15/2017,74.9,86.9,97.9,97.3,74.5
Southwest,7/16/2017,74.3,84.8,95.5,96.1,74.7
Southwest,7/17/2017,75,85,94.8,95,74.4
Southwest,7/18/2017,74,84.2,94.6,94.9,74.7
Southwest,7/19/2017,75.1,85.5,95.3,94.8,74.3
Southwest,7/20/2017,73.7,84.1,94.6,94.9,74
Southwest,7/21/2017,73.2,83.8,94.9,95.6,73.3
Southwest,7/22/2017,72.9,84.8,97.2,96,73.1
Southwest,7/23/2017,73.2,84.5,95.8,95.6,73.4
Southwest,7/24/2017,74.2,81.2,93.7,94.9,73.1
Southwest,7/25/2017,71.8,82.1,95.3,95.7,73.1
Southwest,7/26/2017,73.3,85.2,98.1,97.3,73.2
Southwest,7/27/2017,74.5,86.8,98.6,98.1,74.7
Southwest,7/28/2017,76.3,85.5,97.7,96.7,74.4
Southwest,7/29/2017,72.4,82.5,93.9,95.9,74.2
Southwest,7/30/2017,73.9,83.9,96,96,73.7
Southwest,7/31/2017,74.9,86,98,97.3,75.5
Southwest,8/1/2017,77.8,87.5,97.8,96.8,76.4
Southwest,8/2/2017,76.4,85.9,94.5,96.1,76.9
Southwest,8/3/2017,76.5,86.2,96,95.6,75.7
Southwest,8/4/2017,74.3,85,96.4,96.1,74.4
Southwest,8/5/2017,72.3,84.2,95.9,96.1,72
Southwest,8/6/2017,69.5,83,95.9,96.4,71
Southwest,8/7/2017,71.1,84.5,97.4,97.3,70.7
Southwest,8/8/2017,71.6,85.4,98.5,98.7,72.7
Southwest,8/9/2017,75.5,87.8,100.1,99.1,74.8
Southwest,8/10/2017,77.3,88,98.8,97.9,76
Southwest,8/11/2017,75.2,85.3,94.8,96.4,75.7
Southwest,8/12/2017,74.7,85.1,95.6,95.4,74.6
Southwest,8/13/2017,73.9,84.6,95.7,95.6,73.5
Southwest,8/14/2017,71.9,83.9,95.4,95.1,71.1
Southwest,8/15/2017,67.5,81.2,94.1,94.4,68.6
Southwest,8/16/2017,66.3,80.4,93.6,94.7,67.3
Southwest,8/17/2017,68.1,82.1,96.3,95.8,67.9
Southwest,8/18/2017,69.4,83.8,97.6,96.8,69.4
Southwest,8/19/2017,70.8,84,96.4,96.3,70.3
Southwest,8/20/2017,70.6,82.5,94.8,95.3,70.6
Southwest,8/21/2017,70.3,82.2,94.8,95.7,70.9
Southwest,8/22/2017,71.9,84.3,97.5,96.3,71.7
Southwest,8/23/2017,72.8,85.2,96.7,96.2,71.9
Southwest,8/24/2017,71.1,82.3,94.4,96.4,71.8
Southwest,8/25/2017,71.4,84,98.1,97.7,71.7
Southwest,8/26/2017,72.7,86,100.7,99.8,72.9
Southwest,8/27/2017,74.7,87.7,100.6,101,74.5
Southwest,8/28/2017,76.1,89,101.7,100.9,75.2
Southwest,8/29/2017,74.7,88.2,100.4,100.7,75.3
Southwest,8/30/2017,75.1,88.2,100.1,99.8,74.2
Southwest,8/31/2017,72.9,86.6,99,99.3,73.2
Southwest,9/1/2017,71.5,85,98.9,98.7,72.3
Southwest,9/2/2017,72.5,85.4,98.1,97.8,72.1
Southwest,9/3/2017,72.3,83.8,96.4,97.2,71.9
Southwest,9/4/2017,70.8,83,97.2,97.4,72.2
Southwest,9/5/2017,73.4,85.5,98.5,97.7,71.9
Southwest,9/6/2017,71.4,84.5,97.4,97.6,72.1
Southwest,9/7/2017,71.5,84.1,96.8,96.5,70.8
Southwest,9/8/2017,69.5,81.9,95.3,94.5,70.6
Southwest,9/9/2017,70.7,80.4,91.3,93.9,69.9
Southwest,9/10/2017,69.5,80.7,95,94.9,70.8
Southwest,9/11/2017,72.3,85,98.4,97.5,71.8
Southwest,9/12/2017,73.7,86.1,99.1,98.2,72.9
Southwest,9/13/2017,72.8,84.9,97.2,96.9,72.8
Southwest,9/14/2017,72,82.2,94.4,93.1,69.6
Southwest,9/15/2017,64,76.3,87.7,90.2,66.1
Southwest,9/16/2017,62.2,74.9,88.6,88.4,63
Southwest,9/17/2017,62.8,76,89,89.4,62.7
Southwest,9/18/2017,63,76.5,90.7,89.7,62.6
Southwest,9/19/2017,62,75.7,89.5,90,62.1
Southwest,9/20/2017,61.2,74.8,89.8,89.1,61.6
Southwest,9/21/2017,61.7,74.8,87.9,87.4,60.6
Southwest,9/22/2017,58.9,71.4,84.6,84.4,59.2
Southwest,9/23/2017,57,68.6,80.7,81.5,56.4
Southwest,9/24/2017,53.2,66,79.1,80.4,54.3
Southwest,9/25/2017,52.8,66.2,81.5,80.9,53.8
Southwest,9/26/2017,55.5,68.3,82.1,81.6,55.4
Southwest,9/27/2017,58,69.1,81.1,82.6,57.4
Southwest,9/28/2017,58.8,70.4,84.5,84.4,59.5
Southwest,9/29/2017,61.7,73.4,87.6,86.9,61.4
Southwest,9/30/2017,63.7,75,88.5,88.2,62.1
Southwest,10/1/2017,60.8,73.9,88.5,87.5,61.3
Southwest,10/2/2017,59.4,71.6,85.5,86.5,58.9
Southwest,10/3/2017,56.4,69.9,85.4,86.5,58.9
Southwest,10/4/2017,61,73,88.6,87.8,60.6
Southwest,10/5/2017,64.4,75.3,89.5,89,62.6
Southwest,10/6/2017,62.5,75,88.9,88.9,61.3
Southwest,10/7/2017,57.1,71.5,88.2,88.2,59.1
Southwest,10/8/2017,57.8,72,87.4,86.4,56.8
Southwest,10/9/2017,55.6,68.3,83.5,84,55.3
Southwest,10/10/2017,52.4,65.5,81.1,83.9,54.8
Southwest,10/11/2017,56.4,69.3,87,84.8,55.8
Southwest,10/12/2017,58.5,71.7,86.3,86.8,58.1
Southwest,10/13/2017,59.4,71.9,87,86.5,59.1
Southwest,10/14/2017,59.3,71.9,86.1,86.6,58.3
Southwest,10/15/2017,56.3,70.3,86.7,87.2,58.2
Southwest,10/16/2017,59,71.7,88.7,88.5,59.1
Southwest,10/17/2017,62.1,74.5,90.2,89.4,61.6
Southwest,10/18/2017,63.8,75.7,89.3,88.5,62.5
Southwest,10/19/2017,61.7,73.7,86.1,86,61
Southwest,10/20/2017,57.6,69.4,82.6,81.9,57
Southwest,10/21/2017,51.8,63.9,77.1,80.9,54.2
Southwest,10/22/2017,53.1,65.4,82.9,83.3,54.4
Southwest,10/23/2017,58.3,71.1,89.9,86.6,57.8
Southwest,10/24/2017,62,73.7,87.1,87.7,59.6
Southwest,10/25/2017,58.6,70.9,86.2,86.6,59.8
Southwest,10/26/2017,58.9,71.3,86.4,84.5,57.4
Southwest,10/27/2017,54.7,67.6,80.9,82.8,56
Southwest,10/28/2017,54.5,66.6,81.1,81.7,54.7
Southwest,10/29/2017,55,67.6,83.2,81,54.5
Southwest,10/30/2017,54.1,66.4,78.6,78.7,53.3
Southwest,10/31/2017,50.7,61.9,74.3,76,52.2
Southwest,11/1/2017,51.7,62.6,75.1,74.3,50.9
Southwest,11/2/2017,50.2,60.8,73.6,74.3,50.7
Southwest,11/3/2017,50.3,61,74.3,74.4,52.3
Southwest,11/4/2017,56.3,64.5,75.2,74.4,52.7
Southwest,11/5/2017,51.5,61.9,73.8,74.6,53
Southwest,11/6/2017,51.2,61.7,74.7,74.3,52.7
Southwest,11/7/2017,55.4,64,74.4,73.9,52.6
Southwest,11/8/2017,51.3,62.1,72.5,74.3,53
Southwest,11/9/2017,52.3,62.3,75.9,75.1,51.9
Southwest,11/10/2017,52,63.3,77,76.8,52
Southwest,11/11/2017,51.8,63.4,77.4,77.7,52
Southwest,11/12/2017,52.1,63.7,78.8,78.9,53.3
Southwest,11/13/2017,56.1,66.1,80.4,79.8,54.4
Southwest,11/14/2017,55,66.5,80.2,79.5,54.4
Southwest,11/15/2017,52.1,64.2,77.9,79.2,53.6
Southwest,11/16/2017,53.8,64.6,79.4,77.9,53.7
Southwest,11/17/2017,55.1,65.2,76.4,75.3,52.6
Southwest,11/18/2017,48.9,60.2,70.2,72.4,49.2
Southwest,11/19/2017,43.5,54.9,70.5,70.8,45.9
Southwest,11/20/2017,45.4,56.3,71.8,72.6,46
Southwest,11/21/2017,49,59.6,75.4,75.5,49.1
Southwest,11/22/2017,52.8,63.5,79.3,78.5,52
Southwest,11/23/2017,54.1,65.4,80.8,80.2,53.8
Southwest,11/24/2017,54.5,65.9,80.4,80.4,54.3
Southwest,11/25/2017,54.2,65.4,79.9,80.9,54.5
Southwest,11/26/2017,54.7,66.1,82.5,80.3,54.4
Southwest,11/27/2017,54.2,65.8,78.6,76.9,51.5
Southwest,11/28/2017,45.7,57.7,69.6,73.4,49.7
Southwest,11/29/2017,49.1,58,72.1,71.6,49.3
Southwest,11/30/2017,53.2,61.2,73.2,73.3,52.4
Southwest,12/1/2017,55,62.9,74.5,74.4,53.8
Southwest,12/2/2017,53.2,62.3,75.4,74.3,53.2
Southwest,12/3/2017,51.5,61.6,72.9,71.5,50.2
Southwest,12/4/2017,45.9,56.4,66.2,67.2,46.4
Southwest,12/5/2017,41.9,50.1,62.6,64.4,43.2
Southwest,12/6/2017,41.8,51.1,64.3,61.5,40.3
Southwest,12/7/2017,37.1,47.3,57.7,60.6,38
Southwest,12/8/2017,35.1,44.2,59.7,61.4,37
Southwest,12/9/2017,38.7,49.4,66.9,65.6,39.6
Southwest,12/10/2017,44.9,54.1,70.1,68.9,43
Southwest,12/11/2017,45.3,54.9,69.7,69.7,44.5
Southwest,12/12/2017,43.4,54.1,69.2,69.2,44
Southwest,12/13/2017,43.3,54.1,68.8,67.6,42.8
Southwest,12/14/2017,41.6,52.6,64.8,65.7,41.8
Southwest,12/15/2017,40.6,50.5,63.4,63.3,40.6
Southwest,12/16/2017,39.7,49.1,61.8,60.8,40.8
Southwest,12/17/2017,42.1,48.8,57.2,59.5,40.6
Southwest,12/18/2017,40,47.7,59.4,59.2,40.4
Southwest,12/19/2017,39.1,48.2,60.9,61.1,39.7
Southwest,12/20/2017,39.9,49.3,62.9,60.4,38.7
Southwest,12/21/2017,37.2,46.5,57.3,56.8,35.4
Southwest,12/22/2017,29.2,38.4,50.3,55.6,33.7
Southwest,12/23/2017,34.6,42.9,59.3,58.4,34.5
Southwest,12/24/2017,39.7,49.1,65.6,63.8,38.9
Southwest,12/25/2017,42.3,52.4,66.4,66.2,41.4
Southwest,12/26/2017,42.2,52.3,66.5,67.2,42.8
Southwest,12/27/2017,43.9,54.2,68.8,68.8,43.5
Southwest,12/28/2017,44.5,55.2,71.1,70.9,44.6
Southwest,12/29/2017,45.4,56.5,72.8,72,45.2
Southwest,12/30/2017,45.7,57,72.1,71,45.3
Southwest,12/31/2017,44.9,55.5,68,69.1,44.4
Southwest,1/1/2018,42.6,53.1,67.3,67.7,44
Southwest,1/2/2018,44.5,53.6,67.9,67.8,43.5
Southwest,1/3/2018,43.5,53.6,68.1,68.1,45.5
Southwest,1/4/2018,48.4,56.5,68.4,68.9,45.9
Southwest,1/5/2018,45.9,56,70.3,69.7,47.4
Southwest,1/6/2018,47.8,57.2,70.4,69.7,47.3
Southwest,1/7/2018,48.3,57.4,68.4,69.2,47.4
Southwest,1/8/2018,46.1,55.4,68.8,68.3,49
Southwest,1/9/2018,52.5,58.5,67.7,67.1,47.7
Southwest,1/10/2018,44.5,52.5,64.8,64.4,45.9
Southwest,1/11/2018,40.8,48.9,60.7,63.9,42.4
Southwest,1/12/2018,41.8,51.5,66.2,65.1,42
Southwest,1/13/2018,43.5,54,68.4,68.3,43.2
Southwest,1/14/2018,44.4,54.9,70.2,68.7,44.3
Southwest,1/15/2018,45.1,55.3,67.4,67,44.6
Southwest,1/16/2018,44.2,52.8,63.4,64.4,43
Southwest,1/17/2018,39.7,49.3,62.3,63.9,41.9
Southwest,1/18/2018,41.7,51.5,65.9,65.5,41.6
Southwest,1/19/2018,43.5,54.1,68.4,66.6,43.6
Southwest,1/20/2018,45.7,52.9,65.5,62.9,40.7
Southwest,1/21/2018,32.8,42.9,54.7,58,36.9
Southwest,1/22/2018,32.3,40.7,53.8,56.3,32.9
Southwest,1/23/2018,33.6,44,60.4,59.9,34.4
Southwest,1/24/2018,37.2,48.3,65.4,64,36.9
Southwest,1/25/2018,39.8,51,66.1,64.7,38.7
Southwest,1/26/2018,39.1,49.5,62.6,63.9,38.7
Southwest,1/27/2018,37.2,48.3,63,65,39.2
Southwest,1/28/2018,41.2,52,69.4,68.2,41.4
Southwest,1/29/2018,45.9,56.5,72.1,71.7,44.3
Southwest,1/30/2018,45.8,57.4,73.5,73,45.9
Southwest,1/31/2018,46.1,58.4,73.4,73.6,46.1
Southwest,2/1/2018,46.5,58.8,73.9,73.4,46.5
Southwest,2/2/2018,46.8,58.8,73,73.3,47.2
Southwest,2/3/2018,48.4,59.4,72.9,72.9,47.2
Southwest,2/4/2018,46.5,58.3,72.8,73.2,47.5
Southwest,2/5/2018,47.7,59.6,73.8,73,47
Southwest,2/6/2018,46.8,59,72.4,72.2,45.9
Southwest,2/7/2018,43.2,56.1,70.3,72.5,45
Southwest,2/8/2018,45,57.5,74.7,73.5,45.4
Southwest,2/9/2018,48,60.3,75.5,74.4,46.2
Southwest,2/10/2018,45.6,58.8,73.1,72.6,45.6
Southwest,2/11/2018,43.1,54.4,69.3,68.6,43.2
Southwest,2/12/2018,40.9,51.9,63.4,65.7,42.7
Southwest,2/13/2018,44.2,52.1,64.4,63.9,43.5
Southwest,2/14/2018,45.5,54.3,64,62.6,46
Southwest,2/15/2018,48.4,52.5,59.3,61.4,46.5
Southwest,2/16/2018,45.5,52.1,61,62,46.1
Southwest,2/17/2018,44.4,53.6,65.8,64.6,45.2
Southwest,2/18/2018,45.6,55.8,67.1,66.1,44.8
Southwest,2/19/2018,44.5,52.8,65.3,62.3,41.1
Southwest,2/20/2018,33.2,42.8,54.5,58,36.8
Southwest,2/21/2018,32.8,42.4,54.3,54,33.2
Southwest,2/22/2018,33.5,43,53.3,54.3,33.7
Southwest,2/23/2018,34.7,43.9,55.4,54,32.9
Southwest,2/24/2018,30.5,41.5,53.3,55,32.6
Southwest,2/25/2018,32.6,42.9,56.2,57.4,32.5
Southwest,2/26/2018,34.3,46.3,62.6,60.1,35
Southwest,2/27/2018,38.1,49.5,61.4,60.3,36.9
Southwest,2/28/2018,38.2,45.6,57,59.8,37.1
Southwest,3/1/2018,34.9,45.9,61.1,62.1,38
Southwest,3/2/2018,40.9,52.7,68.3,65.6,39.5
Southwest,3/3/2018,42.8,54.8,67.4,67.1,41.6
Southwest,3/4/2018,41.2,52.5,65.5,65.2,40.3
Southwest,3/5/2018,36.8,48.7,62.7,65.8,39.6
Southwest,3/6/2018,40.7,52.6,69.3,68.4,40.5
Southwest,3/7/2018,43.9,57,73.3,72.5,44.8
Southwest,3/8/2018,49.7,61.4,74.9,74.6,47.4
Southwest,3/9/2018,48.6,61.3,75.7,75,50
Southwest,3/10/2018,51.7,61.8,74.3,72.2,50.8
Southwest,3/11/2018,52.1,58.9,66.5,71.1,50.9
Southwest,3/12/2018,48.8,59.3,72.4,70.9,50.5
Southwest,3/13/2018,50.5,61.8,73.9,74,50.6
Southwest,3/14/2018,52.4,63.7,75.8,74.3,49.4
Southwest,3/15/2018,45.2,56.8,73.1,72,46.7
Southwest,3/16/2018,42.5,53.7,67.1,68.7,43.3
Southwest,3/17/2018,42.2,53.6,65.9,65.4,42
Southwest,3/18/2018,41.2,51.5,63.1,64.7,40.6
Southwest,3/19/2018,38.5,50.3,65,66.3,40.7
Southwest,3/20/2018,42.4,55.1,70.8,71.1,43.4
Southwest,3/21/2018,49.4,61.8,77.4,76.1,49
Southwest,3/22/2018,55.1,67,80.2,78.7,53.4
Southwest,3/23/2018,55.7,66.8,78.6,77.6,53.7
Southwest,3/24/2018,50.4,62.5,73.9,74.5,50.2
Southwest,3/25/2018,44.5,57.5,71.1,71.1,46.3
Southwest,3/26/2018,44,55.8,68.2,68.5,43.1
Southwest,3/27/2018,40.7,53.5,66.2,68.7,42.5
Southwest,3/28/2018,42.9,55.8,71.7,71.8,43.8
Southwest,3/29/2018,47.9,61.2,77.6,76.9,47.6
Southwest,3/30/2018,52.1,65.9,81.5,81.1,51.8
Southwest,3/31/2018,55.3,69,84.3,83,54.5
Southwest,4/1/2018,56,69.6,83.3,83,54.4
Southwest,4/2/2018,52,66.6,81.4,81.1,52.7
Southwest,4/3/2018,50.2,64.7,78.6,80.5,51.4
Southwest,4/4/2018,51.9,66.1,81.5,81.2,52.5
Southwest,4/5/2018,55.5,68.8,83.6,82.8,54.5
Southwest,4/6/2018,56.2,69.5,83.2,84.1,56.5
Southwest,4/7/2018,57.9,70.9,85.6,84.4,57.6
Southwest,4/8/2018,58.7,71.9,84.4,85,57
Southwest,4/9/2018,54.5,69.5,84.9,85.8,56.6
Southwest,4/10/2018,56.5,71.7,88,87.2,56.7
Southwest,4/11/2018,59,74,88.8,87.9,57.1
Southwest,4/12/2018,55.8,69.9,87,83.7,52.7
Southwest,4/13/2018,43.2,57.9,75.2,78.5,47.1
Southwest,4/14/2018,42.4,56.4,73.4,77,44.8
Southwest,4/15/2018,48.8,63.9,82.3,79,48.6
Southwest,4/16/2018,54.7,68.5,81.3,80.5,49.9
Southwest,4/17/2018,46.2,61.5,78,78.7,48.5
Southwest,4/18/2018,44.6,59.4,76.8,76.9,46.7
Southwest,4/19/2018,49.4,63.4,76,74.4,45.7
Southwest,4/20/2018,43.1,57,70.3,75.6,46.8
Southwest,4/21/2018,48,62.1,80.5,78.8,49
Southwest,4/22/2018,55.8,70.4,85.5,84.5,53.5
Southwest,4/23/2018,56.6,72.1,87.5,87.4,57.1
Southwest,4/24/2018,58.8,74.2,89.3,88.3,57.8
Southwest,4/25/2018,57.9,73.6,88,89,58.6
Southwest,4/26/2018,59.2,74.1,89.7,88.7,58.7
Southwest,4/27/2018,58.9,74.1,88.4,88.6,59
Southwest,4/28/2018,58.9,73.8,87.7,87.2,57.7
Southwest,4/29/2018,55.3,70.5,85.5,85.1,55.4
Southwest,4/30/2018,52,66.2,82.2,81.4,52.2
Southwest,5/1/2018,49.2,63,76.6,76.5,49.3
Southwest,5/2/2018,46.8,58.4,70.8,74.2,47.5
Southwest,5/3/2018,46.4,59.3,75.2,76.9,49
Southwest,5/4/2018,53.7,67.8,84.7,83.9,53.3
Southwest,5/5/2018,59.7,75.3,91.9,90.9,58.9
Southwest,5/6/2018,63.4,79.5,96.1,94.3,63
Southwest,5/7/2018,65.9,80.8,94.9,95.5,64.4
Southwest,5/8/2018,63.8,79.9,95.4,95.5,64.5
Southwest,5/9/2018,63.9,80.1,96.1,95.9,64.1
Southwest,5/10/2018,64.7,81,96.2,95.4,63.8
Southwest,5/11/2018,62.9,77.9,93.9,92.5,61.4
Southwest,5/12/2018,56.7,71.4,87.5,87.6,57.9
Southwest,5/13/2018,54.2,68.3,81.3,84.8,55.6
Southwest,5/14/2018,55.9,70.3,85.6,84.9,55.8
Southwest,5/15/2018,57.4,72.6,87.7,88,57.7
Southwest,5/16/2018,59.9,75.4,90.8,89.5,59.6
Southwest,5/17/2018,61.4,76.4,90,89.5,59.3
Southwest,5/18/2018,56.7,72.6,87.8,88.4,58.6
Southwest,5/19/2018,57.8,72.7,87.5,87.6,57.7
Southwest,5/20/2018,58.5,73.5,87.4,87,58.4
Southwest,5/21/2018,58.8,72.9,86,85.7,58.1
Southwest,5/22/2018,56.9,70.8,83.7,85.2,57.4
Southwest,5/23/2018,56.5,71.4,86,86.5,57.5
Southwest,5/24/2018,59.1,74.5,89.9,88.7,58.7
Southwest,5/25/2018,60.6,76.1,90.1,89.6,60.2
Southwest,5/26/2018,61,75,88.8,88.5,59.7
Southwest,5/27/2018,57.4,72.3,86.7,88.8,59.7
Southwest,5/28/2018,60.8,75.6,90.9,90.5,60.7
Southwest,5/29/2018,63.9,79,93.8,92.6,62.8
Southwest,5/30/2018,63.6,79.2,93.2,92.9,62.9
Southwest,5/31/2018,61.3,77.3,91.6,92.6,62.1
Southwest,6/1/2018,61.4,77.5,92.9,93.8,62.6
Southwest,6/2/2018,65.1,81.2,96.9,96.4,64.8
Southwest,6/3/2018,68,83.8,99.4,98.6,67
Southwest,6/4/2018,68,84.3,99.6,99.1,67.7
Southwest,6/5/2018,67.2,83.3,98.2,98.1,66.9
Southwest,6/6/2018,65.4,81.3,96.4,97,66
Southwest,6/7/2018,65.4,81.6,96.4,97.4,65.9
Southwest,6/8/2018,66.8,83,99.3,98,67.1
Southwest,6/9/2018,69,84.7,98.2,97.9,67.4
Southwest,6/10/2018,66.4,82.4,96.3,97.9,67.1
Southwest,6/11/2018,65.8,82.6,99.1,99.1,67.2
Southwest,6/12/2018,69.5,86.2,101.9,101,69.7
Southwest,6/13/2018,73.7,88.3,102,101.3,72.7
Southwest,6/14/2018,75,87.4,99.9,99.7,74.5
Southwest,6/15/2018,74.7,84.7,97.2,94.4,72.7
Southwest,6/16/2018,68.4,75.6,86.1,90.5,68.2
Southwest,6/17/2018,61.6,74.2,88.2,88.7,64
Southwest,6/18/2018,62.1,76.5,91.7,91.7,63.3
Southwest,6/19/2018,66.1,80.9,95.2,95.5,65.3
Southwest,6/20/2018,67.6,83.2,99.7,98.8,67.8
Southwest,6/21/2018,69.8,85.6,101.5,101.4,69.8
Southwest,6/22/2018,72.1,87.9,102.9,102.2,71.2
Southwest,6/23/2018,71.8,86.5,102.2,100.8,70.8
Southwest,6/24/2018,68.5,83.3,97.4,99.4,69.1
Southwest,6/25/2018,66.9,82.5,98.5,99.2,68.6
Southwest,6/26/2018,70.3,86.3,101.6,100.5,69.5
Southwest,6/27/2018,71.3,87,101.3,101,70.8
Southwest,6/28/2018,70.8,86.1,100.2,100,70.7
Southwest,6/29/2018,69.9,83.8,98.5,97.7,69.2
Southwest,6/30/2018,66.9,81.5,94.3,96.6,67.8
Southwest,7/1/2018,66.5,82,97.1,97.1,67.8
Southwest,7/2/2018,70,85.4,99.9,98.7,69
Southwest,7/3/2018,70.6,85.6,99,99,70.1
Southwest,7/4/2018,69.7,84.2,98,99.8,71.1
Southwest,7/5/2018,73.1,87.3,102.5,100.7,73.9
Southwest,7/6/2018,78.8,90.7,101.6,101.8,76.9
Southwest,7/7/2018,78.9,91.1,101.3,100.7,78.8
Southwest,7/8/2018,78.8,89.1,99.2,99.2,77.5
Southwest,7/9/2018,74.9,86.3,97.2,96.6,75.6
Southwest,7/10/2018,73.1,83,93.5,93.9,73.8
Southwest,7/11/2018,73.4,82.6,91.1,91.8,73.2
Southwest,7/12/2018,73,81.4,90.8,92.1,73.9
Southwest,7/13/2018,75.3,84.4,94.5,93.6,74.8
Southwest,7/14/2018,76.1,85.9,95.4,94.8,76.3
Southwest,7/15/2018,77.4,86.1,94.5,95.3,76.5
Southwest,7/16/2018,76.1,85.6,95.9,95.5,76.5
Southwest,7/17/2018,76.1,85.9,96,96.1,75.3
Southwest,7/18/2018,73.6,85,96.3,96.7,74.7
Southwest,7/19/2018,74.4,85.9,97.7,98,74.6
Southwest,7/20/2018,75.9,87.7,100,98.8,76.1
Southwest,7/21/2018,78,87.3,98.7,100,76.5
Southwest,7/22/2018,75.7,87.5,101.3,101.8,77.2
Southwest,7/23/2018,77.8,91.3,105.4,103.8,78
Southwest,7/24/2018,80.6,92.8,104.7,104.8,79.7
Southwest,7/25/2018,80.7,92.7,104.3,104.1,80.3
Southwest,7/26/2018,79.6,91.8,103.3,103.1,79.2
Southwest,7/27/2018,77.4,89.4,101.6,101.5,77.8
Southwest,7/28/2018,76.3,87.8,99.7,100,77
Southwest,7/29/2018,77.4,87.7,98.7,99.4,77.2
Southwest,7/30/2018,78,88.8,99.8,99,77.6
Southwest,7/31/2018,77.4,88.5,98.5,99.3,77.6
Southwest,8/1/2018,77.5,87.9,99.7,98.9,77.5
Southwest,8/2/2018,77.6,88.3,98.5,99.4,77.3
Southwest,8/3/2018,76.8,87.8,99.9,100.3,76.9
Southwest,8/4/2018,76.4,89.4,102.4,101.7,76.9
Southwest,8/5/2018,77.4,90.2,102.8,103.1,76.8
Southwest,8/6/2018,76.7,90.4,104.2,103.6,76.9
Southwest,8/7/2018,76.6,90,103.8,103,76.4
Southwest,8/8/2018,75.8,86.9,101,100,76
Southwest,8/9/2018,75.5,84.7,95.3,95.8,74.5
Southwest,8/10/2018,72.2,81.1,91,92.1,73.3
Southwest,8/11/2018,72.2,80.4,90,91.7,72.3
Southwest,8/12/2018,72.5,82.5,94.2,92.8,72.2
Southwest,8/13/2018,71.8,82.6,94.1,94.3,72.2
Southwest,8/14/2018,72.3,83.2,94.5,94,72.6
Southwest,8/15/2018,73.6,83.1,93.5,93.3,73
Southwest,8/16/2018,73.1,82.3,91.8,92.8,73.9
Southwest,8/17/2018,74.9,83.5,93.1,93.9,74.5
Southwest,8/18/2018,75.5,85.9,96.7,96.5,74.9
Southwest,8/19/2018,74.2,86.2,99.7,98.6,74.9
Southwest,8/20/2018,75,87.3,99.4,98.7,75.1
Southwest,8/21/2018,76.1,84.5,97,96.4,74.6
Southwest,8/22/2018,72.6,82.3,92.9,93.9,73.6
Southwest,8/23/2018,72,81.9,91.8,92.6,71.7
Southwest,8/24/2018,70.6,81.8,93.2,92.7,71.4
Southwest,8/25/2018,71.6,82.5,93.2,93.6,71.2
Southwest,8/26/2018,71.5,82.8,94.4,94.4,70.6
Southwest,8/27/2018,68.7,82.2,95.5,95.3,69.3
Southwest,8/28/2018,67.8,82,95.9,96.2,68.5
Southwest,8/29/2018,69,83,97.2,96.5,69.1
Southwest,8/30/2018,70.4,83.5,96.3,96.8,70.3
Southwest,8/31/2018,71.6,84.1,96.8,96.2,71.4
Southwest,9/1/2018,72.1,83.6,95.6,94.8,70.6
Southwest,9/2/2018,68,80,92,92.9,69
Southwest,9/3/2018,66.9,79.2,91,91.7,67.2
Southwest,9/4/2018,66.7,79.1,92.1,92.3,67
Southwest,9/5/2018,67.3,80.1,93.8,93.4,67.8
Southwest,9/6/2018,69.4,81.7,94.2,94.9,68.9
Southwest,9/7/2018,69.9,82.8,96.8,96.5,70.2
Southwest,9/8/2018,71.3,84.2,98.5,97.4,70
Southwest,9/9/2018,68.7,82.8,96.9,97.5,69.7
Southwest,9/10/2018,69.1,82.9,97.1,97.2,69.2
Southwest,9/11/2018,69.8,83.4,97.7,97.2,69
Southwest,9/12/2018,68,82.5,96.7,96.8,68.3
Southwest,9/13/2018,67.1,81.5,96,96.9,68.1
Southwest,9/14/2018,69.3,83.2,98.1,97.6,69.5
Southwest,9/15/2018,72.2,85.4,98.7,97.8,70.8
Southwest,9/16/2018,71,83.3,96.7,97.7,72
Southwest,9/17/2018,72.7,84.4,97.6,96.8,71.6
Southwest,9/18/2018,71.2,83.8,96,95.9,72.1
Southwest,9/19/2018,72.3,80.4,94.2,92.8,70.3
Southwest,9/20/2018,67.4,75.7,88.1,91.4,69.4
Southwest,9/21/2018,68.6,79.2,91.9,91.1,68.3
Southwest,9/22/2018,68.9,80.4,93.2,92.6,68.5
Southwest,9/23/2018,68.1,80.6,92.7,92.7,68.4
Southwest,9/24/2018,68.2,79.8,92.1,92.2,68.2
Southwest,9/25/2018,68.3,80,91.8,91.9,68.1
Southwest,9/26/2018,67.7,79.1,91.7,92.7,67.6
Southwest,9/27/2018,66.9,79.6,94.5,93.6,67.5
Southwest,9/28/2018,67.9,81,94.5,94,67.3
Southwest,9/29/2018,67.2,80.2,92.9,92.5,67.6
Southwest,9/30/2018,67.6,78.7,90,89.7,67.3
Southwest,10/1/2018,67.2,73.6,86.1,83.7,67.1
Southwest,10/2/2018,66.5,70.9,74.9,81.3,66.7
Southwest,10/3/2018,66.3,72.5,82.9,79.7,65.1
Southwest,10/4/2018,62.4,71.7,81.2,81.4,62.6
Southwest,10/5/2018,59.1,69.6,80,80.3,60
Southwest,10/6/2018,58.6,69.1,79.7,79,58
Southwest,10/7/2018,56.2,65.2,77.3,76,55.5
Southwest,10/8/2018,51.8,61,70.9,73.7,53
Southwest,10/9/2018,51.1,61.3,72.8,72.9,51.3
Southwest,10/10/2018,51,62.3,74.9,74.6,52.3
Southwest,10/11/2018,54.7,64.7,76.1,74.6,54.6
Southwest,10/12/2018,58.2,64.3,72.7,72.9,56.7
Southwest,10/13/2018,57.2,62.6,69.8,70.9,56.8
Southwest,10/14/2018,54.9,61.3,70.3,69.4,53.7
Southwest,10/15/2018,48.9,58.7,68.2,67.7,51.1
Southwest,10/16/2018,49.4,55.6,64.6,66.7,48.5
Southwest,10/17/2018,47.3,55.3,67.4,67.5,48.8
Southwest,10/18/2018,49.7,58.5,70.6,71.7,49.7
Southwest,10/19/2018,52,62.3,77.1,76.4,53.2
Southwest,10/20/2018,57.9,67.6,81.4,78.8,56
Southwest,10/21/2018,58.1,67.2,78,78.7,58.3
Southwest,10/22/2018,58.8,66.5,76.8,76.8,59
Southwest,10/23/2018,60.1,67.2,75.6,76.3,59
Southwest,10/24/2018,58,65.9,76.4,76.8,58.3
Southwest,10/25/2018,56.8,66.6,78.3,78,57
Southwest,10/26/2018,56.2,66.5,79.3,79.8,56.6
Southwest,10/27/2018,56.8,67.9,81.9,81.5,56.8
Southwest,10/28/2018,57.5,69.2,83.4,82.2,57.4
Southwest,10/29/2018,58,69.3,81.4,80.6,57.5
Southwest,10/30/2018,56.9,67.1,77.1,77.2,54.8
Southwest,10/31/2018,49.4,60,73.1,73.2,50.9
Southwest,11/1/2018,46.5,56.4,69.5,71.9,48.6
Southwest,11/2/2018,49.9,59.7,73.2,72.7,49.4
Southwest,11/3/2018,51.7,62.1,75.4,74.2,50.8
Southwest,11/4/2018,50.8,61.4,73.9,74.8,51.2
Southwest,11/5/2018,51,62.1,75.1,74.9,51.2
Southwest,11/6/2018,51.8,62.8,75.7,75.2,51.6
Southwest,11/7/2018,52.1,62.7,74.7,74.2,51.6
Southwest,11/8/2018,50.9,61.6,72.2,72,50
Southwest,11/9/2018,46.9,57.6,69.2,70.4,48
Southwest,11/10/2018,46.3,56.4,69.9,68.6,46.3
Southwest,11/11/2018,45.7,56.2,66.7,65.6,43.5
Southwest,11/12/2018,38.5,48.4,60.3,61.2,39.6
Southwest,11/13/2018,34.5,44.3,56.7,59.9,37.2
Southwest,11/14/2018,38.5,47.9,62.8,61.9,37.8
Southwest,11/15/2018,40.5,51.2,66.3,65.8,40.9
Southwest,11/16/2018,43.6,54.1,68.4,67.2,42.5
Southwest,11/17/2018,43.5,54.4,67,67,43.5
Southwest,11/18/2018,43.4,53.2,65.6,66.7,43.2
Southwest,11/19/2018,42.7,53.3,67.4,67.2,43.8
Southwest,11/20/2018,45.2,54.9,68.5,67.8,44.1
Southwest,11/21/2018,44.4,54.7,67.4,66.7,45.9
Southwest,11/22/2018,48.1,55.3,64.2,64.8,45.4
Southwest,11/23/2018,43.7,52.8,62.9,64,44.9
Southwest,11/24/2018,42.9,52.7,64.8,63.6,43.2
Southwest,11/25/2018,43,52.8,63.2,64.3,42.4
Southwest,11/26/2018,41.2,51.3,65,65.2,42.2
Southwest,11/27/2018,42.5,52.8,67.5,67,42.8
Southwest,11/28/2018,44.6,55,68.6,66.4,44.1
Southwest,11/29/2018,45.2,54.3,63.1,63.3,44.8
Southwest,11/30/2018,44.6,51.4,58.2,59.5,43.1
Southwest,12/1/2018,39.6,47.7,57.2,56.7,40.7
Southwest,12/2/2018,38,45.8,54.7,55.6,37.5
Southwest,12/3/2018,35,43.8,55,56.4,36.3
Southwest,12/4/2018,35.9,45.3,59.5,59.2,37.3
Southwest,12/5/2018,41.1,49.7,63.1,60,40.2
Southwest,12/6/2018,43.7,49.5,57.3,58.9,44
Southwest,12/7/2018,47.3,50.7,56.4,57.4,44.6
Southwest,12/8/2018,42.9,49.2,58.4,58.5,43.8
Southwest,12/9/2018,41.3,49.4,60.8,60.7,41.8
Southwest,12/10/2018,41.2,49.7,62.8,62.6,42.7
Southwest,12/11/2018,45.6,53,64.3,62.7,43.2
Southwest,12/12/2018,42.9,51.5,61.1,61,42.1
Southwest,12/13/2018,37.9,47.3,57.7,59.6,39.4
Southwest,12/14/2018,37.3,46.4,60,60.5,39.2
Southwest,12/15/2018,42.3,50.1,63.7,63.1,41.4
Southwest,12/16/2018,44.5,52.9,65.5,64.2,43.8
Southwest,12/17/2018,44.7,53.7,63.4,63.3,44
Southwest,12/18/2018,42.8,51.4,61.1,62.3,42.9
Southwest,12/19/2018,41.1,49.8,62.4,63.4,42.3
Southwest,12/20/2018,42.9,52.4,66.6,65.1,43.3
Southwest,12/21/2018,46,54.3,66.2,66.4,44.4
Southwest,12/22/2018,44.2,54.1,66.3,65.9,44.6
Southwest,12/23/2018,43.7,53.5,65.1,65.2,44
Southwest,12/24/2018,44.1,52.8,64.1,63.2,43.6
Southwest,12/25/2018,43.1,51.6,60.3,59.9,42.4
Southwest,12/26/2018,40,46.9,55.2,55.7,39.2
Southwest,12/27/2018,34.5,42.5,51.7,51.9,35.4
Southwest,12/28/2018,31.8,39.6,48.8,48.7,31.5
Southwest,12/29/2018,28.3,35.9,45.5,47.1,29.6
Southwest,12/30/2018,28.7,36,47.1,46.5,29.3
Southwest,12/31/2018,30.8,37.9,46.9,45.8,29.5
Southwest,1/1/2019,29,35.9,43.5,44.6,28.5
Southwest,1/2/2019,25.8,32.9,43.4,45,27.4
Southwest,1/3/2019,27.4,35,48.1,49.2,28.4
Southwest,1/4/2019,31.9,40.3,56.1,53.9,32.4
Southwest,1/5/2019,38,45.5,57.5,55.7,37.8
Southwest,1/6/2019,43.5,47.4,53.5,55.5,40
Southwest,1/7/2019,38.4,44.9,55.4,57,40.4
Southwest,1/8/2019,39.2,47.7,62.1,60.4,40.3
Southwest,1/9/2019,43.3,51.4,63.6,62.7,42.8
Southwest,1/10/2019,45.9,52.8,62.4,61.7,43.5
Southwest,1/11/2019,41.2,49.4,59.1,60.2,42.1
Southwest,1/12/2019,39.2,48,59,57.9,40.7
Southwest,1/13/2019,41.6,48.1,55.7,57.5,41.1
Southwest,1/14/2019,42.5,48.4,57.9,56.6,43.3
Southwest,1/15/2019,45.8,50.7,56.3,58.4,44.7
Southwest,1/16/2019,45.7,51.4,61,59.9,45
Southwest,1/17/2019,43.5,51.8,62.4,61.5,45
Southwest,1/18/2019,45.7,53,61.1,61.5,42.9
Southwest,1/19/2019,39.6,49.1,61.1,62.6,42.6
Southwest,1/20/2019,42.5,51.4,65.6,63,42.2
Southwest,1/21/2019,44.5,52.4,62.3,61.1,40.8
Southwest,1/22/2019,35.3,44,55.3,57.1,37.6
Southwest,1/23/2019,33,41.8,53.6,55.6,34.6
Southwest,1/24/2019,35.4,44.7,57.9,57.3,35.4
Southwest,1/25/2019,37.9,47.1,60.5,59.9,37.3
Southwest,1/26/2019,38.6,48.1,61.4,61.9,39.1
Southwest,1/27/2019,40.7,50.1,63.9,63.3,40.7
Southwest,1/28/2019,42.7,52.2,64.7,64.3,42.7
Southwest,1/29/2019,44.7,53.4,64.4,64.5,43.6
Southwest,1/30/2019,43.4,53,64.5,64.8,44
Southwest,1/31/2019,43.9,53.7,65.4,64.6,44.3
Southwest,2/1/2019,45.7,54.1,63.8,64.1,45.4
Southwest,2/2/2019,46.5,53.8,63.2,63,47
Southwest,2/3/2019,48.9,53.4,61.9,61.5,46.7
Southwest,2/4/2019,44.7,50.7,59.3,59.5,46.2
Southwest,2/5/2019,44.9,50.2,57.3,56.8,42.8
Southwest,2/6/2019,38.7,45.5,53.9,53.2,37.9
Southwest,2/7/2019,30.1,38.5,48.4,53,33.5
Southwest,2/8/2019,31.8,41.2,56.8,54.6,32.9
Southwest,2/9/2019,36.9,46.2,58.6,57.8,35.3
Southwest,2/10/2019,37.3,46.5,57.9,57.4,36.3
Southwest,2/11/2019,34.7,43.7,55.6,57.6,34.8
Southwest,2/12/2019,32.4,43,59.3,59.6,36
Southwest,2/13/2019,40.8,49.8,63.9,61.6,40.6
Southwest,2/14/2019,48.6,54.1,61.6,62.5,45.8
Southwest,2/15/2019,48,54.2,61.9,61.2,45.8
Southwest,2/16/2019,40.7,49.2,60.1,58.4,40.7
Southwest,2/17/2019,33.3,42.5,53.3,54.3,36.4
Southwest,2/18/2019,35.3,41.6,49.5,50.2,33
Southwest,2/19/2019,30.3,38.4,47.8,48.6,31.6
Southwest,2/20/2019,29.1,37.2,48.6,48,31.2
Southwest,2/21/2019,34.3,40.5,47.7,47.5,32.8
Southwest,2/22/2019,35,40.3,46.2,47.2,32.9
Southwest,2/23/2019,29.5,37.4,47.8,49.7,31.6
Southwest,2/24/2019,30.3,39.7,55.2,54.4,32
Southwest,2/25/2019,36.3,45.7,60.1,60.1,35.6
Southwest,2/26/2019,40.1,50.7,65.1,64.5,40.8
Southwest,2/27/2019,46.1,55.4,68.2,67.5,44
Southwest,2/28/2019,45.7,56.6,69.1,69.6,46.4
Southwest,3/1/2019,47.3,58.2,71.5,70.2,47.6
Southwest,3/2/2019,49.8,59.6,70.1,69.9,47.6
Southwest,3/3/2019,45.6,56.2,68,68.2,46.4
Southwest,3/4/2019,43.8,54.6,66.5,68.5,44.5
Southwest,3/5/2019,44,56.2,71.1,70.5,45.7
Southwest,3/6/2019,49.2,60.2,73.8,72.3,48
Southwest,3/7/2019,50.7,60.3,72.1,71.3,48.6
Southwest,3/8/2019,45.8,55.5,68,66.7,44.4
Southwest,3/9/2019,36.7,48.1,59.9,63.8,41.3
Southwest,3/10/2019,41.4,51.5,63.4,63.2,39.9
Southwest,3/11/2019,41.6,52.9,66.3,63.8,43.7
Southwest,3/12/2019,48.2,52.9,61.8,61.4,43.8
Southwest,3/13/2019,41.5,48.2,56.1,57.9,41.5
Southwest,3/14/2019,34.7,44.8,55.8,58.4,38.2
Southwest,3/15/2019,38.5,48.9,63.3,62.1,38.7
Southwest,3/16/2019,42.8,53.6,67.1,67.1,42.1
Southwest,3/17/2019,44.9,56.4,71,70.4,45.2
Southwest,3/18/2019,47.8,59.9,73.2,73,47.2
Southwest,3/19/2019,49,61.4,74.7,73.9,48.8
Southwest,3/20/2019,49.5,61.4,73.7,72.9,47.8
Southwest,3/21/2019,45,56.1,70.4,69.8,45.9
Southwest,3/22/2019,43.3,54,65.2,68.5,44.5
Southwest,3/23/2019,45.2,56.3,69.9,68.9,45.2
Southwest,3/24/2019,47,58.7,71.6,73,46.9
Southwest,3/25/2019,48.4,61.8,77.4,76.6,49.5
Southwest,3/26/2019,53,65.8,80.9,79.3,52.3
Southwest,3/27/2019,55.5,67.6,79.6,79.5,53.7
Southwest,3/28/2019,52.5,65.5,78.1,77.8,52.4
Southwest,3/29/2019,49.3,62.3,75.8,75.4,49.5
Southwest,3/30/2019,46.8,59.6,72.4,73.1,47.4
Southwest,3/31/2019,46.2,59.1,71.2,72.6,47
Southwest,4/1/2019,48,60,74.1,74.1,48.3
Southwest,4/2/2019,50.8,63.7,77.1,75.4,49.2
Southwest,4/3/2019,48.7,61.2,75.1,76,49.8
Southwest,4/4/2019,49.9,61.9,75.8,75.1,49.3
Southwest,4/5/2019,49.3,61.1,74.3,74.3,49.8
Southwest,4/6/2019,50.1,61.3,72.7,76,50.6
Southwest,4/7/2019,52.4,65,81,80.3,53.1
Southwest,4/8/2019,56.7,70.5,87.1,85.2,56.3
Southwest,4/9/2019,59.7,73.9,87.4,86.4,55.4
Southwest,4/10/2019,49.8,62.9,84.7,80,50.7
Southwest,4/11/2019,42.6,55.1,68,73.1,46.7
Southwest,4/12/2019,47.7,57.4,66.5,68.6,44.9
Southwest,4/13/2019,44.3,57.1,71.3,72,46.9
Southwest,4/14/2019,48.7,62.2,78.3,76.6,48.3
Southwest,4/15/2019,51.8,66.2,80.3,78.9,50.6
Southwest,4/16/2019,51.4,63.8,78,76.8,50.2
Southwest,4/17/2019,47.4,59.3,72.1,77.6,50
Southwest,4/18/2019,51.2,64.9,82.8,81.6,52
Southwest,4/19/2019,57.4,72.6,89.8,87.1,55.7
Southwest,4/20/2019,58.4,72.9,88.8,87.1,56.3
Southwest,4/21/2019,53.2,68,82.7,83.4,54.7
Southwest,4/22/2019,52.4,66.4,78.8,79.7,53.2
Southwest,4/23/2019,54,66.3,77.6,80.4,53.9
Southwest,4/24/2019,55.2,68.3,84.7,83.8,56.4
Southwest,4/25/2019,59.9,73.8,89.1,88.4,59.2
Southwest,4/26/2019,62.5,77.1,91.3,89.9,61.3
Southwest,4/27/2019,61.5,75.8,89.3,89.3,61.1
Southwest,4/28/2019,59.2,73.7,87.2,87.6,60.8
Southwest,4/29/2019,61.8,72.2,86.3,83.1,57.4
Southwest,4/30/2019,51.1,63.3,75.9,80.5,54.8
Southwest,5/1/2019,51.5,65.1,79.3,79,52.4
Southwest,5/2/2019,54.5,68,81.9,81.9,54.2
Southwest,5/3/2019,56.5,70.5,84.4,84.3,56.1
Southwest,5/4/2019,57.4,72,86.6,85.8,57.3
Southwest,5/5/2019,58,72.8,86.4,86,57.1
Southwest,5/6/2019,55.9,69.6,85,83.1,55.7
Southwest,5/7/2019,53.1,65,78,80.5,54.2
Southwest,5/8/2019,53.5,65.4,78.6,78.7,53.4
Southwest,5/9/2019,53.7,66.9,79.6,78.6,53.3
Southwest,5/10/2019,52.8,64.4,77.7,77.9,52.7
Southwest,5/11/2019,51.5,63.5,76.4,76.6,53.3
Southwest,5/12/2019,55.7,66.2,75.8,78.4,54.3
Southwest,5/13/2019,55.8,68.2,83,82.3,57.2
Southwest,5/14/2019,60,73.5,88,86.8,59.7
Southwest,5/15/2019,63.3,76.5,89.3,88.4,61.9
Southwest,5/16/2019,62.4,74.7,87.8,86.2,58.8
Southwest,5/17/2019,50.8,64.3,81.5,82.1,54.6
Southwest,5/18/2019,50.5,63.8,77.1,78.4,52.1
Southwest,5/19/2019,55,66.1,76.5,76.1,51.6
Southwest,5/20/2019,49.3,60.8,74.6,74.3,50.1
Southwest,5/21/2019,45.9,58.2,71.8,72.5,47.2
Southwest,5/22/2019,46.5,59,71.1,71.2,47.1
Southwest,5/23/2019,48.8,60,70.6,73.9,48.8
Southwest,5/24/2019,51,64.3,79.9,78.2,51.8
Southwest,5/25/2019,55.7,69.8,84,82.3,54.3
Southwest,5/26/2019,56.2,68.3,83,80.7,54.2
Southwest,5/27/2019,50.8,63,75,78.5,52.4
Southwest,5/28/2019,50.2,63.6,77.4,78.1,51.9
Southwest,5/29/2019,54.7,68.2,81.8,81.7,54.6
Southwest,5/30/2019,59,72.6,85.9,85.6,58
Southwest,5/31/2019,60.2,74.8,89.1,88,59.9
Southwest,6/1/2019,60.6,75.4,88.9,88.6,60.5
Southwest,6/2/2019,60.6,74.7,87.7,88.2,60.5
Southwest,6/3/2019,60.2,74.6,88.1,88.6,60.9
Southwest,6/4/2019,62,76,90,90.1,61.8
Southwest,6/5/2019,63.2,77.5,92.3,91.8,63.2
Southwest,6/6/2019,64.3,79.3,93.2,92.6,64.2
Southwest,6/7/2019,65,79.5,92.4,92.7,64.3
Southwest,6/8/2019,63.5,78.7,92.5,93.5,64.7
Southwest,6/9/2019,65.5,80.6,95.6,94.5,65.8
Southwest,6/10/2019,68.3,82.8,95.4,96.7,67.6
Southwest,6/11/2019,68.9,83.9,99,98.5,69.9
Southwest,6/12/2019,72.5,87.1,101.1,100.5,71.1
Southwest,6/13/2019,71.9,87.5,101.3,100.5,70.7
Southwest,6/14/2019,67.8,83.6,99.1,98.3,68.3
Southwest,6/15/2019,65.1,80.8,94.5,96.3,66.6
Southwest,6/16/2019,66.8,81.6,95.3,94.7,66.4
Southwest,6/17/2019,67.2,81.5,94.2,94.7,66.3
Southwest,6/18/2019,64.8,80.3,94.5,94.7,65.9
Southwest,6/19/2019,65.7,81.1,95.3,95,65.5
Southwest,6/20/2019,66,81.4,95.1,94.7,65.3
Southwest,6/21/2019,64.1,79.7,93.7,93.6,64
Southwest,6/22/2019,61.8,77.6,92,92.4,62.6
Southwest,6/23/2019,62,77.5,91.4,92.7,62.7
Southwest,6/24/2019,64.4,79.6,94.7,93.9,64.1
Southwest,6/25/2019,65.9,81.7,95.7,94.8,65.2
Southwest,6/26/2019,65.2,80.4,94.1,95.1,65.5
Southwest,6/27/2019,65.3,80.9,95.5,96.7,66.4
Southwest,6/28/2019,68.6,83.7,100.5,98.8,69.3
Southwest,6/29/2019,74,87.2,100.5,100.2,72.9
Southwest,6/30/2019,76,88.7,99.7,100,74.6
Southwest,7/1/2019,73.7,87.6,99.8,99.2,73.7
Southwest,7/2/2019,71.4,85.3,98.2,98.4,71.2
Southwest,7/3/2019,68.4,83.6,97.3,97.6,68.9
Southwest,7/4/2019,67,82.7,97.2,97.3,67.6
Southwest,7/5/2019,67.3,83,97.4,97.1,67.8
Southwest,7/6/2019,69.2,83.5,96.6,96.4,69
Southwest,7/7/2019,70.4,83,95.1,95.2,68.4
Southwest,7/8/2019,65.5,80.1,93.8,95.4,67.2
Southwest,7/9/2019,65.7,81.3,97.3,97.7,67.8
Southwest,7/10/2019,72.3,86.6,102,100.8,71.3
Southwest,7/11/2019,76,89.9,103,102.3,75.8
Southwest,7/12/2019,79,90.6,101.9,102,77.4
Southwest,7/13/2019,77.1,89.8,101.1,101.5,77.9
Southwest,7/14/2019,77.5,89.5,101.6,102,77.1
Southwest,7/15/2019,76.8,90.3,103.4,102.7,77.4
Southwest,7/16/2019,77.8,91.2,103.2,102.5,76.4
Southwest,7/17/2019,74.7,87.5,101,101.3,74.7
Southwest,7/18/2019,71.6,85.8,99.8,100,73.3
Southwest,7/19/2019,73.6,86.7,99.2,99.8,72.5
Southwest,7/20/2019,72.2,86.4,100.3,99.9,72.9
Southwest,7/21/2019,73,86.8,100.3,99.7,73.6
Southwest,7/22/2019,75.6,86.8,98.6,98.1,74.8
Southwest,7/23/2019,75.8,85.6,95.3,95.7,75.6
Southwest,7/24/2019,75.4,84.5,93.1,93.8,75.7
Southwest,7/25/2019,76,85.4,93,95.2,76.1
Southwest,7/26/2019,76.8,87.1,99.4,98,77.1
Southwest,7/27/2019,78.4,89.9,101.7,100.6,77.7
Southwest,7/28/2019,77.9,89.9,100.8,101,77.6
Southwest,7/29/2019,76.5,88.8,100.5,100,76.9
Southwest,7/30/2019,76.4,86.7,98.6,97.7,75.6
Southwest,7/31/2019,73.8,81.8,94,96.4,74.9
Southwest,8/1/2019,74.4,84.1,96.7,96.7,75.2
Southwest,8/2/2019,77.5,88.5,99.3,99,76.7
Southwest,8/3/2019,78.1,89.8,100.9,100,78.1
Southwest,8/4/2019,78.8,90,99.9,101.2,78.9
Southwest,8/5/2019,79.7,90.7,102.8,101.3,79.4
Southwest,8/6/2019,79.8,89.9,101.3,100.2,78.6
Southwest,8/7/2019,76.2,86.6,96.6,98.8,77.1
Southwest,8/8/2019,75.4,86.2,98.5,97.6,75.5
Southwest,8/9/2019,74.8,85.8,97.6,96.3,75
Southwest,8/10/2019,74.8,84,92.8,94.8,73.7
Southwest,8/11/2019,71.5,82.3,94,94.6,72.6
Southwest,8/12/2019,71.4,84.2,97.1,97,71.7
Southwest,8/13/2019,72.2,85.7,99.8,99.8,72.9
Southwest,8/14/2019,75,88.7,102.6,102.2,74.5
Southwest,8/15/2019,76.4,90.2,104.1,103.1,75.4
Southwest,8/16/2019,74.7,88.9,102.7,102.1,74.2
Southwest,8/17/2019,71.4,85.8,99.6,100.2,72.1
Southwest,8/18/2019,70.3,84.6,98.2,99.3,71.3
Southwest,8/19/2019,72.3,85.8,100,100.3,72.5
Southwest,8/20/2019,74.8,88.4,102.7,102.2,74.7
Southwest,8/21/2019,76.9,90.2,103.9,102.9,75.1
Southwest,8/22/2019,73.6,87.7,102.1,101.3,74.2
Southwest,8/23/2019,72,84.1,98,98,72.6
Southwest,8/24/2019,72.2,82.8,93.9,96.3,72.2
Southwest,8/25/2019,72.4,83.9,97.1,97.1,72.8
Southwest,8/26/2019,73.7,86.4,100.3,99.8,73.6
Southwest,8/27/2019,74.8,88.3,101.9,101,74.9
Southwest,8/28/2019,76.3,88.3,100.9,100,75
Southwest,8/29/2019,73.9,85.8,97.3,99.4,74.8
Southwest,8/30/2019,74.2,86.6,99.9,99,74.1
Southwest,8/31/2019,74.3,86.9,99.7,99.3,74.5
Southwest,9/1/2019,75.1,86.4,98.4,98.5,75.1
Southwest,9/2/2019,75.8,86.4,97.5,98.4,75.4
Southwest,9/3/2019,75.4,86.5,99.4,98.8,76
Southwest,9/4/2019,76.9,87.7,99.5,97.9,76.1
Southwest,9/5/2019,75.9,85.3,94.8,97.1,76.2
Southwest,9/6/2019,75.8,85.8,96.9,96.2,75.8
Southwest,9/7/2019,75.6,86.5,96.8,95.9,74.4
Southwest,9/8/2019,71.8,82.4,94,93.7,72.2
Southwest,9/9/2019,69.1,79.2,90.2,91,69.7
Southwest,9/10/2019,68.1,78.1,88.8,89.1,67.8
Southwest,9/11/2019,66.1,76.5,88.3,89.9,67.1
Southwest,9/12/2019,67.2,78.7,92.6,92.3,67.6
Southwest,9/13/2019,69.4,82,96,94.4,69.9
Southwest,9/14/2019,73.1,83.7,94.6,93.4,71.2
Southwest,9/15/2019,71.2,80.1,89.7,90.6,71.4
Southwest,9/16/2019,70,78.4,87.6,89.2,69.3
Southwest,9/17/2019,66.8,78.2,90.4,90.1,68.3
Southwest,9/18/2019,68,79.5,92.3,91.3,67.3
Southwest,9/19/2019,67,79.4,91.1,90.8,65.9
Southwest,9/20/2019,62.7,75.9,88.9,88.7,64
Southwest,9/21/2019,62.2,74.4,86.2,87.8,62.4
Southwest,9/22/2019,62.2,74.7,88.3,87.2,64
Southwest,9/23/2019,67.5,75.8,87,86.4,64.7
Southwest,9/24/2019,64.3,72.9,83.9,84.8,65.8
Southwest,9/25/2019,65.5,74.4,83.6,83.2,64.9
Southwest,9/26/2019,65,73.7,82.2,82.4,64.4
Southwest,9/27/2019,62.7,71.9,81.5,82.8,63.2
Southwest,9/28/2019,61.9,72.6,84.7,82.9,61.7
Southwest,9/29/2019,60.6,71.4,82.5,83.3,60.5
Southwest,9/30/2019,59.1,70.4,82.7,82.2,59.3
Southwest,10/1/2019,58.2,69.8,81.5,81.9,58.5
Southwest,10/2/2019,58.2,69.2,81.6,82.9,59.1
Southwest,10/3/2019,60.8,72.1,85.7,84,60.8
Southwest,10/4/2019,63.4,73.3,84.7,85.5,62.1
Southwest,10/5/2019,62,73.2,86.1,85.9,62.2
Southwest,10/6/2019,61.2,73.3,86.9,87.1,61.2
Southwest,10/7/2019,60.4,73.3,88.2,87.8,61.5
Southwest,10/8/2019,62.8,74.8,88.2,87.3,61.1
Southwest,10/9/2019,60,72.6,85.5,85.3,59.8
Southwest,10/10/2019,56.5,68.8,82.3,81.7,55.4
Southwest,10/11/2019,49.8,62.8,77.3,80.1,53.1
Southwest,10/12/2019,52.9,65,80.7,80.2,52.7
Southwest,10/13/2019,55.3,67.5,82.5,81.5,55.2
Southwest,10/14/2019,57.5,68.7,81.3,82.2,56.7
Southwest,10/15/2019,57.4,68.8,82.7,83.5,58
Southwest,10/16/2019,59,71.4,86.5,84.9,58.9
Southwest,10/17/2019,60.4,71.9,85.4,84.2,58.2
Southwest,10/18/2019,55.3,67,80.7,81.3,56
Southwest,10/19/2019,52.2,63.8,77.7,78.6,53.5
Southwest,10/20/2019,52.9,64.6,77.5,77.7,52
Southwest,10/21/2019,51,62.9,77.9,79.1,52.9
Southwest,10/22/2019,54.7,66.3,82,80.9,53.9
Southwest,10/23/2019,55.9,68.2,82.8,81.1,55.1
Southwest,10/24/2019,54.6,66.2,78.4,78.6,53
Southwest,10/25/2019,48.5,59.9,74.6,77,50.8
Southwest,10/26/2019,49.2,61.6,78,77,49.6
Southwest,10/27/2019,51.2,63.8,78.4,76.5,48.5
Southwest,10/28/2019,45.2,58,73.2,73.2,46
Southwest,10/29/2019,41.7,53.2,67.9,68.2,41.8
Southwest,10/30/2019,38.5,50.7,63.5,66.2,38.6
Southwest,10/31/2019,35.7,48,67.2,67.8,38.7
Southwest,11/1/2019,41.9,54.1,72.8,72.4,41.6
Southwest,11/2/2019,47.1,59.3,77.3,75.9,46.7
Southwest,11/3/2019,51.1,62.5,77.6,77.9,50.1
Southwest,11/4/2019,52,64,78.9,79.1,52.4
Southwest,11/5/2019,54,65.6,80.7,79,54
Southwest,11/6/2019,56.1,66,77.3,77.8,54.4
Southwest,11/7/2019,53.1,63.4,75.4,76.9,53.9
Southwest,11/8/2019,52.5,63.6,78,77.3,52.7
Southwest,11/9/2019,52.6,64,78.6,78.6,53.7
Southwest,11/10/2019,55.9,65.8,79.1,77.3,53.8
Southwest,11/11/2019,52.9,63.6,74.3,74.7,52.3
Southwest,11/12/2019,48.2,58.7,70.7,72.6,49.3
Southwest,11/13/2019,46.8,57.7,72.8,72.3,48.2
Southwest,11/14/2019,49.5,60.2,73.4,73.8,48.9
Southwest,11/15/2019,50.3,60.9,75.2,75.1,50.9
Southwest,11/16/2019,53,63.1,76.6,76.4,51.5
Southwest,11/17/2019,51.3,62.8,77.3,77.5,52
Southwest,11/18/2019,51.8,63.3,78.6,76,52.3
Southwest,11/19/2019,53.9,62.5,72.2,72.1,53.4
Southwest,11/20/2019,54.5,58.7,65.5,65.1,52.2
Southwest,11/21/2019,48.3,52.5,57.6,60.7,48.9
Southwest,11/22/2019,43.9,50.4,59,60.2,44.7
Southwest,11/23/2019,42,50.9,64.1,63,43.1
Southwest,11/24/2019,43.3,53,65.9,64.3,43.4
Southwest,11/25/2019,45,53.1,62.9,62.1,42.6
Southwest,11/26/2019,39.5,47.9,57.6,59.6,40.6
Southwest,11/27/2019,37.3,45.5,58.3,57.1,41.1
Southwest,11/28/2019,46.5,49.7,55.5,55.7,42.9
Southwest,11/29/2019,44.8,48.9,53.4,52.6,42.2
Southwest,11/30/2019,35.3,41.5,48.8,53,38.5
Southwest,12/1/2019,35.5,42.9,56.7,55.7,37.4
Southwest,12/2/2019,41.3,48.6,61.5,60.5,40.1
Southwest,12/3/2019,43.4,51.5,63.2,62.7,45.1
Southwest,12/4/2019,50.5,55.4,63.3,62.9,47.4
Southwest,12/5/2019,48.2,54.5,62.2,63,47.8
Southwest,12/6/2019,44.8,52.7,63.6,63.7,46.7
Southwest,12/7/2019,47,54.4,65.2,63.9,47.2
Southwest,12/8/2019,49.9,56,62.9,62.4,48
Southwest,12/9/2019,47.2,53,59,60.6,46.4
Southwest,12/10/2019,42.2,49.6,59.9,59.9,43.8
Southwest,12/11/2019,42,50,60.8,60.6,42.1
Southwest,12/12/2019,42.2,50.2,61.2,61.9,42.7
Southwest,12/13/2019,44,51.9,63.8,63,43.4
Southwest,12/14/2019,44,53.1,64,62.2,43.4
Southwest,12/15/2019,42.2,50.8,58.9,58.7,40.5
Southwest,12/16/2019,35.3,43.7,53.1,54.4,36.4
Southwest,12/17/2019,31.6,40,51.1,53,34
Southwest,12/18/2019,35.1,41.8,54.9,53.5,34
Southwest,12/19/2019,35.3,43.3,54.6,56.1,35.7
Southwest,12/20/2019,36.7,45.3,58.8,58.7,37
Southwest,12/21/2019,38.9,48.2,62.8,61.8,39.7
Southwest,12/22/2019,43.4,51,63.7,62.7,42.4
Southwest,12/23/2019,45,51.9,61.6,60.5,45.1
Southwest,12/24/2019,46.8,49.7,56.2,56.5,44.2
Southwest,12/25/2019,40.9,45.7,51.8,54.1,41.8
Southwest,12/26/2019,37.7,44.4,54.3,51.7,39.8
Southwest,12/27/2019,40.7,44.4,48.9,49.9,37.6
Southwest,12/28/2019,34.5,40.4,46.5,46.2,34.9
Southwest,12/29/2019,29.6,35.5,43.2,46.4,31.8
Southwest,12/30/2019,31.2,37.6,49.6,49.4,32.8
Southwest,12/31/2019,37.7,43.6,55.3,53.1,35.2
Southwest,1/1/2020,36.6,43.8,54.4,54.4,37
Southwest,1/2/2020,36.7,43.9,53.4,54.3,36.3
Southwest,1/3/2020,35.6,43.4,55,56,37
Southwest,1/4/2020,38.8,46.6,59.5,59,38.3
Southwest,1/5/2020,40.4,49.2,62.4,60.8,39.7
Southwest,1/6/2020,39.8,49.2,60.6,61.6,39.7
Southwest,1/7/2020,38.8,48,61.8,60.8,39.4
Southwest,1/8/2020,39.5,48.4,60.1,59,38.9
Southwest,1/9/2020,38.3,46.6,55.2,56.2,38.1
Southwest,1/10/2020,36.5,44.2,53.4,53.9,36
Southwest,1/11/2020,33.1,41.8,53.1,54.2,34.9
Southwest,1/12/2020,35.1,44,56,56.2,35.2
Southwest,1/13/2020,37.5,46.6,59.4,58.9,37.3
Southwest,1/14/2020,39.3,48.8,61.4,61.4,39.4
Southwest,1/15/2020,41.3,50.5,63.3,61.5,41.8
Southwest,1/16/2020,44.7,51.8,59.8,60.3,42.2
Southwest,1/17/2020,40.6,47.9,57.8,59.5,41.1
Southwest,1/18/2020,37.9,47.4,60.9,61.4,39.8
Southwest,1/19/2020,41,50.6,65.4,64.4,41.6
Southwest,1/20/2020,45.9,53.8,66.8,64.9,45
Southwest,1/21/2020,48.2,52.4,62.5,62.3,45.4
Southwest,1/22/2020,42,48.4,57.5,60.7,43.6
Southwest,1/23/2020,40.7,49.3,62.1,61.3,41.8
Southwest,1/24/2020,42.8,52,64.4,63.8,42.5
Southwest,1/25/2020,44,53.4,64.8,64.9,43.8
Southwest,1/26/2020,44.7,53.8,65.4,64.5,44.5
Southwest,1/27/2020,44.9,53.6,63.3,63.4,43.5
Southwest,1/28/2020,40.8,50.1,61.6,61.6,42.2
Southwest,1/29/2020,41,50,59.8,60.9,40.6
Southwest,1/30/2020,40.1,49.1,61.4,61.3,40.3
Southwest,1/31/2020,39.8,49.8,62.8,63.8,40.7
Southwest,2/1/2020,42.2,52.3,67.3,66.5,42.5
Southwest,2/2/2020,45.6,56.1,69.5,67.7,43.4
Southwest,2/3/2020,42.5,52,66.2,63.2,39.4
Southwest,2/4/2020,30.1,39.6,54,55.5,33.2
Southwest,2/5/2020,27,35.9,46.4,51.6,29.7
Southwest,2/6/2020,32,40,54.5,54.4,32.3
Southwest,2/7/2020,38,47,62.4,61.3,37.3
Southwest,2/8/2020,41.9,52.3,67,64.9,40.5
Southwest,2/9/2020,41.6,52.4,65.2,64.3,43.1
Southwest,2/10/2020,45.8,52.1,60.6,60.9,43.1
Southwest,2/11/2020,42,47.4,56.9,57.7,41.4
Southwest,2/12/2020,36.5,44.4,55.6,57.3,38.3
Southwest,2/13/2020,36.3,46.3,59.5,59.8,38
Southwest,2/14/2020,41.1,50.5,64.2,62.8,39.9
Southwest,2/15/2020,42.2,52.6,64.8,65.3,42.1
Southwest,2/16/2020,43.1,53.7,66.8,66.6,43.5
Southwest,2/17/2020,45.1,55.8,68.3,67.7,44.3
Southwest,2/18/2020,44.7,55.7,68,68.2,45.2
Southwest,2/19/2020,45.7,56,68.4,68.3,44.9
Southwest,2/20/2020,44.4,55.9,68.6,68,45
Southwest,2/21/2020,44.8,55.1,66.9,67,46.8
Southwest,2/22/2020,51.1,56.2,65.5,64.4,46.2
Southwest,2/23/2020,42.7,51.4,60.7,63.7,45.1
Southwest,2/24/2020,41.6,51.5,64.9,63.1,41.6
Southwest,2/25/2020,40.4,51.2,63.8,62.3,39
Southwest,2/26/2020,35.1,45.6,58.2,63.3,38.3
Southwest,2/27/2020,39.3,50.3,68,66.3,39.8
Southwest,2/28/2020,45,56.8,72.8,70.8,43.3
Southwest,2/29/2020,45.7,58.2,71.7,71.3,45.2
Southwest,3/1/2020,44.9,56,69.5,68.4,44.4
Southwest,3/2/2020,42.7,52.2,64,65.8,43.8
Southwest,3/3/2020,43.8,51.8,63.8,64.7,43
Southwest,3/4/2020,42.6,53,66.2,68,44.1
Southwest,3/5/2020,46,57.8,73.9,71.6,46
Southwest,3/6/2020,49.3,61,74.6,73.9,48.1
Southwest,3/7/2020,48.9,60.6,73.1,72.8,49.1
Southwest,3/8/2020,49.2,57.8,70.8,70.8,47.4
Southwest,3/9/2020,44.1,54.9,68.4,68.9,47.9
Southwest,3/10/2020,50.4,57.9,67.6,67.2,49.7
Southwest,3/11/2020,54.6,58.6,65.5,66,53.2
Southwest,3/12/2020,54.7,59.5,64.8,64.5,52.8
Southwest,3/13/2020,49.2,55.6,63.2,64.5,49.6
Southwest,3/14/2020,44.9,53.4,65.4,65.6,47.3
Southwest,3/15/2020,47.9,57,68.3,67.8,46.5
Southwest,3/16/2020,46.6,57.2,69.7,68.7,47.6
Southwest,3/17/2020,48.2,57.1,68,67.3,46.9
Southwest,3/18/2020,46,53.5,64.1,63,45.1
Southwest,3/19/2020,41,48.4,56.9,61.6,42.7
Southwest,3/20/2020,41,50.9,63.8,62.6,42.4
Southwest,3/21/2020,45.3,55.6,67.1,66.3,44.3
Southwest,3/22/2020,46.5,56.3,68,67.7,46.9
Southwest,3/23/2020,48.9,58.8,68.1,68.5,47.2
Southwest,3/24/2020,46.2,57.1,69.5,70,47.6
Southwest,3/25/2020,47.6,59.1,72.3,70.7,47.3
Southwest,3/26/2020,48,58,70.4,68.6,46.2
Southwest,3/27/2020,43.1,51.2,63.2,65.3,43
Southwest,3/28/2020,37.8,48.7,62.2,64.8,41.8
Southwest,3/29/2020,44.4,55.4,68.9,66.7,42.3
Southwest,3/30/2020,44.8,56.6,69.1,71.3,45.9
Southwest,3/31/2020,48.4,60.4,76,74.2,48.7
Southwest,4/1/2020,52.9,65.2,77.5,76.6,50.6
Southwest,4/2/2020,50.5,63.2,76.2,75.8,50.7
Southwest,4/3/2020,48.6,61.8,73.8,74.5,48.7
Southwest,4/4/2020,47.1,60.7,73.5,73.6,48.1
Southwest,4/5/2020,48.7,61.4,73.5,73.1,48
Southwest,4/6/2020,48.3,60.7,72.2,73.3,48.5
Southwest,4/7/2020,48.6,60.9,74.1,73.1,49.2
Southwest,4/8/2020,50.6,62.4,73,71.5,48.4
Southwest,4/9/2020,46.1,56.9,67.4,70.4,47.7
Southwest,4/10/2020,46.5,58.3,70.7,69.1,46.9
Southwest,4/11/2020,48.2,57,69.3,69.8,46.3
Southwest,4/12/2020,44.1,55.7,69.4,69.2,46.2
Southwest,4/13/2020,46.2,57.6,68.8,69.6,45.8
Southwest,4/14/2020,47.2,59,70.7,71.2,46.4
Southwest,4/15/2020,45.7,59.6,74,74,47.4
Southwest,4/16/2020,49.3,63.1,77.3,75.8,48.5
Southwest,4/17/2020,50.4,63.8,76.2,75.6,49.2
Southwest,4/18/2020,47.9,60.8,73.4,74.9,49.1
Southwest,4/19/2020,49.1,61.8,75.1,75.3,49.5
Southwest,4/20/2020,51.6,64.2,77.4,76.3,50.6
Southwest,4/21/2020,51.2,64.6,76.3,78.7,52
Southwest,4/22/2020,53.2,66.5,82.3,81.8,53.8
Southwest,4/23/2020,56.9,71,86.7,86,56.9
Southwest,4/24/2020,60.5,74.4,89,88.3,59.3
Southwest,4/25/2020,60.4,75,89.3,90.4,61.3
Southwest,4/26/2020,62.9,77.8,93,91.5,62.5
Southwest,4/27/2020,64.1,78.4,92.2,92.6,63.4
Southwest,4/28/2020,63.1,77.8,92.5,92.6,63.9
Southwest,4/29/2020,64.6,78.6,93,93.5,64.5
Southwest,4/30/2020,65.9,80.2,95.1,93.8,64.8
Southwest,5/1/2020,64,79.3,93.2,93.2,64.1
Southwest,5/2/2020,62.3,76.8,91.4,91.3,62.5
Southwest,5/3/2020,61.2,75.8,89.4,90.2,61.4
Southwest,5/4/2020,60.6,75.4,89.8,90.3,61.3
Southwest,5/5/2020,62.1,76.8,91.8,92.8,62.5
Southwest,5/6/2020,64.7,80,96.7,95.1,64.3
Southwest,5/7/2020,66.1,81.8,96.8,96.2,65.1
Southwest,5/8/2020,64.5,79.4,95.2,94.7,65.1
Southwest,5/9/2020,64.8,78.8,92.1,92.7,65.7
Southwest,5/10/2020,67.9,80,90.9,90.5,65.1
Southwest,5/11/2020,62.5,75.8,88.4,88.4,62.9
Southwest,5/12/2020,58.4,72.9,85.8,86.1,58.9
Southwest,5/13/2020,55.8,70.2,84,84.5,56.9
Southwest,5/14/2020,56.6,70.3,83.8,84.5,57
Southwest,5/15/2020,58.5,72.3,85.8,86.4,58.7
Southwest,5/16/2020,61.1,75.2,89.6,88.9,60.8
Southwest,5/17/2020,62.9,77.4,91.3,90.5,62.1
Southwest,5/18/2020,62.2,77.1,90.7,90.2,61.7
Southwest,5/19/2020,59.9,73.3,88.5,86.7,58.1
Southwest,5/20/2020,52.3,67,80.9,84.5,55.8
Southwest,5/21/2020,55.3,69.7,84.1,84.1,55
Southwest,5/22/2020,57.4,72.5,87.2,85.7,56.4
Southwest,5/23/2020,56.6,71.7,85.7,86.6,57.3
Southwest,5/24/2020,58,72.8,86.8,87.1,57.9
Southwest,5/25/2020,59.1,74.2,88.9,89.9,59.6
Southwest,5/26/2020,61.6,77.5,94,93.7,62.4
Southwest,5/27/2020,66.5,82.1,98.2,97.1,65.5
Southwest,5/28/2020,68.5,84.1,99.1,99,68.3
Southwest,5/29/2020,70,85.1,99.8,99.2,70
Southwest,5/30/2020,71.5,85.6,98.8,98.2,69.9
Southwest,5/31/2020,68.3,83.2,95.9,96.7,69.5
Southwest,6/1/2020,68.7,82.4,95.3,96.3,69.4
Southwest,6/2/2020,71.2,84.2,97.6,97.9,71.2
Southwest,6/3/2020,73.8,87.3,100.7,100,72.6
Southwest,6/4/2020,72.8,87.7,101.7,101.1,73.1
Southwest,6/5/2020,72.7,86.4,101,98.9,69
Southwest,6/6/2020,61.5,75.7,93.9,94.3,65.2
Southwest,6/7/2020,61.3,75.1,87.9,89.5,60.4
Southwest,6/8/2020,58.5,73,86.8,87,58.2
Southwest,6/9/2020,54.8,70.1,86.4,89.6,58.5
Southwest,6/10/2020,62.1,77.9,95.7,93.6,61.4
Southwest,6/11/2020,67.3,83.3,98.8,97.7,66.1
Southwest,6/12/2020,68.9,84,98.6,97.9,67.6
Southwest,6/13/2020,66.5,81.9,96.3,96.1,66.4
Southwest,6/14/2020,63.8,79.5,93.4,94.9,65.6
Southwest,6/15/2020,66.4,81.3,95,94.5,65.6
Southwest,6/16/2020,66.5,81.3,95,94.6,65.8
Southwest,6/17/2020,64.5,79.4,93.7,94.1,65.1
Southwest,6/18/2020,64.2,79.7,93.6,93.9,64.2
Southwest,6/19/2020,64,79.9,94.3,94.8,64.6
Southwest,6/20/2020,65.5,81.4,96.5,96.6,65.7
Southwest,6/21/2020,67.6,83.5,99,98.6,67.3
Southwest,6/22/2020,68.9,85.1,100.3,100.2,68.8
Southwest,6/23/2020,69.8,85.8,101.3,101.1,69.7
Southwest,6/24/2020,70.3,86.2,101.7,101.5,70.3
Southwest,6/25/2020,70.9,86.9,101.5,101.4,70.8
Southwest,6/26/2020,71.2,86.6,101,100.6,70.8
Southwest,6/27/2020,70.4,85.3,99.2,98.9,69.8
Southwest,6/28/2020,67.9,82.5,96.6,96.1,67.7
Southwest,6/29/2020,64.7,78.5,92.5,93.3,64.8
Southwest,6/30/2020,61.9,76.8,90.8,92.3,63.6
Southwest,7/1/2020,64.1,79.4,93.7,93,64.9
Southwest,7/2/2020,68.6,81.6,94.6,94.9,67.7
Southwest,7/3/2020,70.5,83.6,96.3,96.8,70
Southwest,7/4/2020,71,85.2,99.5,99.3,71.2
Southwest,7/5/2020,72.1,87.3,102.1,101.3,71.7
Southwest,7/6/2020,72.1,87.8,102.2,102.2,72.8
Southwest,7/7/2020,74.1,88.4,102.2,102.1,73.3
Southwest,7/8/2020,73.6,88.4,101.9,102.1,73.6
Southwest,7/9/2020,73.2,88.3,102.3,102.6,74.1
Southwest,7/10/2020,75.5,89.5,103.7,104,75.7
Southwest,7/11/2020,78.5,91.7,106.1,105.3,77.8
Southwest,7/12/2020,79.4,93,106.2,105.9,79.2
Southwest,7/13/2020,79.8,92.9,105.5,104.4,77.6
Southwest,7/14/2020,73.7,88,101.5,102.7,75.6
Southwest,7/15/2020,73.3,87.8,101.1,100.8,73.8
Southwest,7/16/2020,74.3,87.7,99.9,100,73.7
Southwest,7/17/2020,73.5,87.1,99.1,100,74.1
Southwest,7/18/2020,74.6,87.8,101,100.4,74.8
Southwest,7/19/2020,76.4,89,101,100.5,76.3
Southwest,7/20/2020,77.8,88.7,99.5,99.8,76.3
Southwest,7/21/2020,74.6,86.9,99,98.2,75.3
Southwest,7/22/2020,73.5,85.4,96.2,96.5,73.2
Southwest,7/23/2020,71.5,82,94.2,94.4,71.9
Southwest,7/24/2020,70.8,81.6,92.7,93.7,70.6
Southwest,7/25/2020,69.6,81.9,94.3,95.1,70.7
Southwest,7/26/2020,71.7,84.6,98.2,97.3,71.7
Southwest,7/27/2020,73.7,86.8,99.5,99.9,73.7
Southwest,7/28/2020,75.7,88.6,102,101.5,74.8
Southwest,7/29/2020,74.9,88.8,102.9,103.8,75.6
Southwest,7/30/2020,76.3,90.6,106.6,105.2,75.8
Southwest,7/31/2020,76.2,91,106.1,105.9,76.1
Southwest,8/1/2020,75.9,89.5,104.9,104.1,76.3
Southwest,8/2/2020,76.7,89.6,101.3,103.1,76.1
Southwest,8/3/2020,75.6,89.1,103.1,102.1,75.9
Southwest,8/4/2020,75.3,89.1,102,101.9,75.6
Southwest,8/5/2020,75.8,88.6,100.7,100.5,74.3
Southwest,8/6/2020,71.7,85.8,98.9,99.3,72.9
Southwest,8/7/2020,71.2,85.1,98.2,99.2,71.8
Southwest,8/8/2020,72.5,86.6,100.5,100.2,72.8
Southwest,8/9/2020,74.7,88.5,102,101.3,74.5
Southwest,8/10/2020,76.3,89.2,101.5,101.3,75.2
Southwest,8/11/2020,74.6,87.3,100.5,101.3,75.3
Southwest,8/12/2020,75.1,88.4,101.9,102.3,76.1
Southwest,8/13/2020,78.7,91.6,104.4,103.2,77.8
Southwest,8/14/2020,79.6,91.7,103.4,103.6,78.9
Southwest,8/15/2020,78.5,90.8,103,103.2,79.1
Southwest,8/16/2020,79.2,90.6,103.3,103.6,78.9
Southwest,8/17/2020,79,90.9,104.6,103.7,79
Southwest,8/18/2020,78.9,91.3,103.2,104.2,78.5
Southwest,8/19/2020,77.7,90.7,104.9,104,78.7
Southwest,8/20/2020,79.4,91.2,103.8,103.1,77.6
Southwest,8/21/2020,75.6,87.5,100.6,100.4,76.9
Southwest,8/22/2020,75.7,85.8,96.7,99,75.5
Southwest,8/23/2020,75.2,87,99.8,99.5,76.6
Southwest,8/24/2020,78.8,90.4,101.9,100.4,77.6
Southwest,8/25/2020,78.7,89.4,99.4,99.5,78.5
Southwest,8/26/2020,78.1,87.1,97.3,99.7,78.1
Southwest,8/27/2020,77.5,88.8,102.4,100.6,77.6
Southwest,8/28/2020,77.2,88.8,102.2,101.5,76.7
Southwest,8/29/2020,75.4,87.2,99.8,99.1,75.5
Southwest,8/30/2020,73.9,84.2,95.4,95.2,74.3
Southwest,8/31/2020,73.5,82.3,90.5,92.7,72.4
Southwest,9/1/2020,69.9,80.3,92.3,92.3,71.1
Southwest,9/2/2020,69.8,81.4,94.2,95.4,70.4
Southwest,9/3/2020,71.6,84.3,99.6,99.3,72
Southwest,9/4/2020,74.7,88.4,104,102.8,74.4
Southwest,9/5/2020,76.8,91.1,104.7,104.3,76.3
Southwest,9/6/2020,77.3,90.8,104.3,104,76.4
Southwest,9/7/2020,75.1,88.9,102.9,102.5,74.6
Southwest,9/8/2020,71.5,83.6,100.3,96.9,68
Southwest,9/9/2020,57.5,69.8,87.6,89.4,61.8
Southwest,9/10/2020,56.4,67.6,80.4,85.1,57.9
Southwest,9/11/2020,59.8,72.2,87.3,86.4,60
Southwest,9/12/2020,63.8,76.8,91.4,90.8,63.4
Southwest,9/13/2020,66.6,79.7,93.7,92.8,66.6
Southwest,9/14/2020,69.4,81.1,93.4,93.8,68.2
Southwest,9/15/2020,68.7,81.2,94.3,95.2,69.4
Southwest,9/16/2020,70.2,83.5,97.9,96.7,69.7
Southwest,9/17/2020,70.3,84.2,97.9,97.3,70
Southwest,9/18/2020,69.4,83.1,96.2,96.1,69.3
Southwest,9/19/2020,68.3,81.4,94.3,95.3,68.7
Southwest,9/20/2020,68.3,81.6,95.5,94.8,68.8
Southwest,9/21/2020,69.9,82.1,94.7,94.5,70.3
Southwest,9/22/2020,72.6,82.4,93.3,94.2,70.5
Southwest,9/23/2020,68.9,81.1,94.5,94.8,70.2
Southwest,9/24/2020,69.1,81.9,96.7,95.9,69
Southwest,9/25/2020,69,82.4,96.5,96.2,69
Southwest,9/26/2020,68.9,82,95.5,95.6,68.5
Southwest,9/27/2020,67.7,80.8,94.8,94.2,67.5
Southwest,9/28/2020,66,79.1,92.2,93.2,66.1
Southwest,9/29/2020,64.5,77.7,92.7,93.6,65.5
Southwest,9/30/2020,65.9,79.8,96,95.2,66.2
Southwest,10/1/2020,68.2,81.7,96.9,96.6,67
Southwest,10/2/2020,67,81.3,97,96.7,67.2
Southwest,10/3/2020,66.4,80.4,96.3,96.2,66.2
Southwest,10/4/2020,65.3,79.3,95.3,95.9,66.1
Southwest,10/5/2020,66.7,80.3,96.1,95.7,66.2
Southwest,10/6/2020,66.5,80.1,95.6,95.5,66.5
Southwest,10/7/2020,66.2,79.5,94.7,94.2,65.8
Southwest,10/8/2020,64.6,78,92.2,92.2,64.7
Southwest,10/9/2020,63.2,76.2,89.7,89.8,62.9
Southwest,10/10/2020,61,74.2,87.6,87.9,61.5
Southwest,10/11/2020,60.3,72.9,86.3,88,61
Southwest,10/12/2020,61.6,74.1,90,89.8,61.8
Southwest,10/13/2020,63.6,76.8,93,92.4,63.2
Southwest,10/14/2020,64.4,77.9,94.2,92.7,63.5
Southwest,10/15/2020,62.6,76,91,92.2,63
Southwest,10/16/2020,61.9,75.1,91.3,91.1,62.2
Southwest,10/17/2020,62,74.9,91.1,90.7,61.3
Southwest,10/18/2020,60.1,73.7,89.6,90.1,61
Southwest,10/19/2020,61,73.9,89.6,89.7,60.7
Southwest,10/20/2020,60.9,74.1,89.9,89.4,60.9
Southwest,10/21/2020,60.8,73.8,88.8,88.1,60.4
Southwest,10/22/2020,59.6,72.1,85.6,85.5,59.1
Southwest,10/23/2020,56.8,69.3,82.2,83.2,57.6
Southwest,10/24/2020,56.3,67.7,81.8,80.8,57
Southwest,10/25/2020,57.8,68.1,78.5,78.2,52.8
Southwest,10/26/2020,44.3,55.4,74.3,69.8,45.7
Southwest,10/27/2020,34.9,44.3,56.7,64.7,38.9
Southwest,10/28/2020,37.6,47.8,63.2,64.9,39.1
Southwest,10/29/2020,44.7,55.9,74.9,72.3,44.1
Southwest,10/30/2020,50.1,62,78.9,78.6,49.4
Southwest,10/31/2020,53.3,65.4,81.9,82,53.7
Southwest,11/1/2020,57.7,69.2,85.3,84.4,56.9
Southwest,11/2/2020,59.6,70.7,86.1,85.3,58.7
Southwest,11/3/2020,58.9,70.3,84.6,84.9,58.9
Southwest,11/4/2020,58.3,69.9,84.1,85.4,58.6
Southwest,11/5/2020,58.7,70.9,87.6,85.2,59.6
Southwest,11/6/2020,61.8,71.6,83.8,82.7,59.9
Southwest,11/7/2020,59.2,66.5,76.8,75,54.3
Southwest,11/8/2020,41.9,52.5,64.5,66.1,47.5
Southwest,11/9/2020,41.5,48.7,57,59.9,39.5
Southwest,11/10/2020,35,45.2,58.1,59.4,38.1
Southwest,11/11/2020,37.7,47.9,63.1,62.7,38.1
Southwest,11/12/2020,41.5,52.3,67,66.2,41.2
Southwest,11/13/2020,44.5,55,68.6,67.9,43.6
Southwest,11/14/2020,44.7,55.6,68.1,70.2,44.8
Southwest,11/15/2020,45.3,56.6,73.8,74.1,46.7
Southwest,11/16/2020,50,61.9,80.4,78.6,49.8
Southwest,11/17/2020,54.2,65.5,81.5,80.9,53.5
Southwest,11/18/2020,56.3,67,80.7,80.2,55
Southwest,11/19/2020,54.6,65.9,78.4,79,54.7
Southwest,11/20/2020,53.2,64.3,78,77.4,53.6
Southwest,11/21/2020,53.1,63.5,75.9,76.4,52.7
Southwest,11/22/2020,51.7,61.9,75.2,74.5,52
Southwest,11/23/2020,51.1,60.5,72.5,71.2,48.9
Southwest,11/24/2020,43.8,54.3,65.8,67.3,45.1
Southwest,11/25/2020,40.4,50.5,63.6,64.6,41.8
Southwest,11/26/2020,41.1,51.6,64.3,62,39.4
Southwest,11/27/2020,36.7,47.6,58.2,61.4,38.3
Southwest,11/28/2020,37.2,47.2,61.6,62,37.5
Southwest,11/29/2020,38.7,49.8,66.2,64,38.7
Southwest,11/30/2020,40.2,50.6,64.1,64.9,39.3
Southwest,12/1/2020,38.9,49.8,64.5,62.8,39
Southwest,12/2/2020,37.9,48.6,59.7,60,37.2
Southwest,12/3/2020,34.9,44.6,55.9,58.3,35.8
Southwest,12/4/2020,34.5,44.4,59.2,59.7,35.8
Southwest,12/5/2020,37.9,47.8,64,63.3,37.6
Southwest,12/6/2020,40.5,50.9,66.7,67.3,40.3
Southwest,12/7/2020,42.5,53.7,71.1,69.7,42.9
Southwest,12/8/2020,45.7,55.8,71.2,71.2,44.6
Southwest,12/9/2020,45.6,56.4,71.2,68.9,46.5
Southwest,12/10/2020,48.3,54,64.3,64.5,45.1
Southwest,12/11/2020,41.5,48.8,58.1,60.4,43.3
Southwest,12/12/2020,40,48.7,58.7,56.9,38.6
Southwest,12/13/2020,34.2,44.3,53.9,56,36.7
Southwest,12/14/2020,35.9,43.3,55.4,54,34.6
Southwest,12/15/2020,33.8,42.2,52.7,54.7,34.4
Southwest,12/16/2020,33.4,42.4,55.9,56.3,35
Southwest,12/17/2020,37.7,46.3,60.2,57.9,36.4
Southwest,12/18/2020,38.2,47.4,57.7,58.9,37.5
Southwest,12/19/2020,36.5,46,58.7,59.7,37.6
Southwest,12/20/2020,38.1,47.8,62.8,62.9,38.8
Southwest,12/21/2020,41.8,51.4,67.2,65.1,40.8
Southwest,12/22/2020,42.6,52.6,65.2,64.1,41.3
Southwest,12/23/2020,39.6,49.6,60,60.4,38.6
Southwest,12/24/2020,33.7,42.9,56,59,36.9
Southwest,12/25/2020,37.5,45.9,61.1,60.1,37.2
Southwest,12/26/2020,40.5,49.7,63.2,63,39.8
Southwest,12/27/2020,41.4,51.3,64.7,62.7,42
Southwest,12/28/2020,44,52.1,60.2,59.9,41.3
Southwest,12/29/2020,38.5,45.8,54.8,56.4,38.7
Southwest,12/30/2020,33.5,42.6,54.3,54.4,35.1
Southwest,12/31/2020,33.4,42.6,54.2,54.9,33.9
Southwest,1/1/2021,34.9,43.7,56.1,55.5,34.6
Southwest,1/2/2021,35.4,44.4,56.3,56.7,35.5
Southwest,1/3/2021,36.1,45.2,57.8,58.9,36.9
Southwest,1/4/2021,39.2,48.3,62.7,61.4,39
Southwest,1/5/2021,41.6,51.3,63.7,63.1,39.7
Southwest,1/6/2021,38.2,49.3,63,63.7,40
Southwest,1/7/2021,40.2,50.1,64.3,63.9,40
Southwest,1/8/2021,41.7,51.9,64.5,62.7,40.3
Southwest,1/9/2021,39.1,49,59.4,59.9,39
Southwest,1/10/2021,36.1,44.9,55.9,57,36.3
Southwest,1/11/2021,33.7,43.4,55.7,56.5,34.4
Southwest,1/12/2021,33.4,43.6,57.9,58.7,34.4
Southwest,1/13/2021,36.2,46.5,62.6,63,37.6
Southwest,1/14/2021,43.2,52.8,68.4,66.9,41.4
Southwest,1/15/2021,44.9,55.1,69.6,69.9,44.7
Southwest,1/16/2021,46,56.2,71.8,70.6,44.8
Southwest,1/17/2021,43.5,55.3,70.5,70,44.5
Southwest,1/18/2021,44,55,67.6,67.2,44.7
Southwest,1/19/2021,46.6,53.3,63.6,64.2,44.7
Southwest,1/20/2021,43.5,50.9,61.4,61.9,45.4
Southwest,1/21/2021,46.1,51.8,60.6,60.7,44.5
Southwest,1/22/2021,43.8,50.9,60.2,59.6,44
Southwest,1/23/2021,42.1,49,57.9,57.6,42.5
Southwest,1/24/2021,41.6,45.9,54.7,53.2,39.8
Southwest,1/25/2021,35.8,40.9,46.9,48.4,36.7
Southwest,1/26/2021,32.7,37.7,43.7,46.8,32.7
Southwest,1/27/2021,29.6,37.1,49.7,51.2,33.3
Southwest,1/28/2021,37.5,44.4,60.3,55.9,36.3
Southwest,1/29/2021,41.9,49.2,57.7,57.5,38.4
Southwest,1/30/2021,35.8,44.9,54.6,58.1,38.2
Southwest,1/31/2021,36.8,46.6,62.1,61.4,38.7
Southwest,2/1/2021,43.5,52.2,67.6,67.4,43.1
Southwest,2/2/2021,49.1,58,72.6,70.2,47.5
Southwest,2/3/2021,50,59.8,70.5,70.5,48
Southwest,2/4/2021,45,55.6,68.5,66.8,44.6
Southwest,2/5/2021,38.9,49.2,61.5,64.8,41.5
Southwest,2/6/2021,40.7,50.8,64.4,64.3,40.6
Southwest,2/7/2021,42.1,53,67.1,66.6,41.7
Southwest,2/8/2021,42.4,54.2,68.2,67.7,42.7
Southwest,2/9/2021,43.5,55,67.8,67.4,43.5
Southwest,2/10/2021,44.6,55,66.1,67,44.1
Southwest,2/11/2021,44.2,54.5,67.2,66.3,44.9
Southwest,2/12/2021,46,55.1,65.7,65.2,43.8
Southwest,2/13/2021,41.1,51.2,62.6,62.8,40.8
Southwest,2/14/2021,35.3,45.7,60.2,59.3,36.4
Southwest,2/15/2021,32.8,42,55.1,58,35.6
Southwest,2/16/2021,38.7,46.9,58.6,56.9,35.8
Southwest,2/17/2021,36,46.4,57,56.7,35.7
Southwest,2/18/2021,32.5,43.2,54.6,57.6,34.5
Southwest,2/19/2021,35.1,45.6,61.3,61.4,36.3
Southwest,2/20/2021,41.3,52.5,68.2,65.3,38
Southwest,2/21/2021,37.7,50.1,66.3,67.3,39.1
Southwest,2/22/2021,38.4,50.3,67.3,68.4,39.9
Southwest,2/23/2021,43.7,55.6,71.7,70,42
Southwest,2/24/2021,43.9,56.7,71,70.7,43.3
Southwest,2/25/2021,42.4,54.1,69.5,68.4,41.3
Southwest,2/26/2021,37.7,49.3,64.6,66.4,39.5
Southwest,2/27/2021,38.5,51.5,65,64.3,37.5
Southwest,2/28/2021,36.3,48.1,63.3,63,36.1
Southwest,3/1/2021,33.6,44.8,60.8,64.2,36.2
Southwest,3/2/2021,38.7,50.9,68.5,67,38.1
Southwest,3/3/2021,42,55.5,71.7,68.5,40.9
Southwest,3/4/2021,42,52.8,65.3,70.2,42.3
Southwest,3/5/2021,43,55.5,73.5,71.2,44
Southwest,3/6/2021,47,60.1,74.8,75.4,46
Southwest,3/7/2021,48.1,61.6,78,76.4,49.3
Southwest,3/8/2021,52.8,63.6,76.3,75.9,50.2
Southwest,3/9/2021,49.8,60.4,73.4,72.1,47.1
Southwest,3/10/2021,38.8,51.1,66.6,67,42
Southwest,3/11/2021,37.5,49.2,60.9,62.2,39.1
Southwest,3/12/2021,41.1,49.4,59.2,59.1,39
Southwest,3/13/2021,38.3,47.1,57.3,59.2,38.3
Southwest,3/14/2021,35.6,46.1,61,61.6,38.3
Southwest,3/15/2021,40.9,51.5,66.4,64.1,38
Southwest,3/16/2021,37.5,49,65,65.4,38.4
Southwest,3/17/2021,36.7,48.2,64.8,67.3,39.4
Southwest,3/18/2021,43.9,56.3,72.2,71.3,42.9
Southwest,3/19/2021,48.1,61.2,77,75.3,47.4
Southwest,3/20/2021,50.1,63.2,76.8,76.2,48.2
Southwest,3/21/2021,46.3,60,74.9,73.6,46.1
Southwest,3/22/2021,42,54.4,69.2,69.2,43.2
Southwest,3/23/2021,41.3,52.7,63.5,64.7,41
Southwest,3/24/2021,39.7,50.5,61.4,62.9,40
Southwest,3/25/2021,39,50.8,63.7,62.4,39.2
Southwest,3/26/2021,38.9,50.5,62,65,39.8
Southwest,3/27/2021,41.5,53.6,69.3,69.4,42.1
Southwest,3/28/2021,46,59.7,76.9,75.9,45.8
Southwest,3/29/2021,50,64.8,81.5,79.6,48.7
Southwest,3/30/2021,50,64.7,80.4,79.8,48.7
Southwest,3/31/2021,46.2,61.4,77.6,80.7,49.1
Southwest,4/1/2021,51,65.6,84,81.9,51.2
Southwest,4/2/2021,56.5,69.8,84,85,54.8
Southwest,4/3/2021,57,71.3,87.1,86.7,57.4
Southwest,4/4/2021,58.6,73.1,88.9,87.8,57.8
Southwest,4/5/2021,57.9,72.8,87.5,87.4,56.7
Southwest,4/6/2021,53.7,69.1,85.8,85.4,54.7
Southwest,4/7/2021,52.6,67.3,82.8,84.3,53.9
Southwest,4/8/2021,55.4,69.5,84.4,83.9,53.8
Southwest,4/9/2021,53.5,69.4,84.4,84.4,54.1
Southwest,4/10/2021,53.3,68.6,84.3,84.5,53.7
Southwest,4/11/2021,54.2,69.5,84.7,84,53.9
Southwest,4/12/2021,54.3,69.2,83.1,83.2,53.7
Southwest,4/13/2021,52.7,67.1,81.7,81.2,52.2
Southwest,4/14/2021,49.5,64,78.8,79.1,50.3
Southwest,4/15/2021,48.7,63.3,76.9,77.2,49.2
Southwest,4/16/2021,49.4,62.4,75.9,75.9,48.8
Southwest,4/17/2021,48.4,62.2,74.8,74.6,48.8
Southwest,4/18/2021,48.6,61.4,73.1,75.4,48.7
Southwest,4/19/2021,49.2,62.8,78.4,77.8,49.9
Southwest,4/20/2021,52,66.9,82,80.1,50.7
Southwest,4/21/2021,51,65.7,79.8,79.5,50.2
Southwest,4/22/2021,47.6,61.9,76.6,77.4,49.3
Southwest,4/23/2021,49.2,62.3,75.8,78.1,49.3
Southwest,4/24/2021,51.2,65.6,81.9,80.7,51.3
Southwest,4/25/2021,53.4,68.5,84.3,82.7,52.6
Southwest,4/26/2021,53.2,65.6,82,79.4,52.1
Southwest,4/27/2021,49.7,59.9,71.8,75.6,49.9
Southwest,4/28/2021,46.8,59.2,72.9,75.9,49
Southwest,4/29/2021,50.5,65,83,81.1,51.5
Southwest,4/30/2021,57.3,72.1,87.4,86.9,55.8
Southwest,5/1/2021,59.6,74.6,90.4,88.8,58.1
Southwest,5/2/2021,57.3,73.2,88.6,87.3,56.7
Southwest,5/3/2021,53.2,67.7,83,85.3,54.9
Southwest,5/4/2021,54.2,68.7,84.4,85.9,55.5
Southwest,5/5/2021,59,74,90.2,88.9,58.3
Southwest,5/6/2021,61.6,76.7,92,90.6,60.4
Southwest,5/7/2021,60.6,75.4,89.7,89.4,59.7
Southwest,5/8/2021,56.8,72.1,86.6,87.5,58.1
Southwest,5/9/2021,56.9,72.1,86.2,86.2,56.7
Southwest,5/10/2021,56.3,71.6,85.9,86.2,56.5
Southwest,5/11/2021,56.2,71.5,86.5,87.1,56.9
Southwest,5/12/2021,58.1,73.3,88.9,89.1,58.3
Southwest,5/13/2021,60.6,75.9,91.8,90.8,60.1
Southwest,5/14/2021,61.6,77,91.6,91,60.6
Southwest,5/15/2021,59.7,74.7,89.6,88.9,59
Southwest,5/16/2021,55.6,70.4,85.4,85.6,56.3
Southwest,5/17/2021,53.6,67.8,81.9,84.3,55.4
Southwest,5/18/2021,56.9,70.8,85.7,85.7,56.7
Southwest,5/19/2021,59.6,74.2,89.5,88.2,58.4
Southwest,5/20/2021,58.8,74.4,89.4,88.5,59.5
Southwest,5/21/2021,60.1,71.4,86.7,84.5,56.6
Southwest,5/22/2021,50.8,64.9,77.5,81.7,54.1
Southwest,5/23/2021,51.3,65.5,80.9,81.8,52.5
Southwest,5/24/2021,55.4,70.7,86.9,86,55.3
Southwest,5/25/2021,59.1,74.9,90.3,89.4,58.9
Southwest,5/26/2021,62.3,77.3,90.9,90.8,60.6
Southwest,5/27/2021,60.5,76.2,91.3,91.7,61.7
Southwest,5/28/2021,62.4,78,92.8,92.2,61.4
Southwest,5/29/2021,61.4,77.5,92.4,92.3,61.9
Southwest,5/30/2021,62,77.5,91.8,91.9,62.1
Southwest,5/31/2021,62.9,77.7,91.5,92.4,62.8
Southwest,6/1/2021,63.6,78.9,93.8,93.7,63.9
Southwest,6/2/2021,65.2,80.5,95.8,95.3,65.1
Southwest,6/3/2021,66.4,81.8,96.3,96.5,66.3
Southwest,6/4/2021,67.3,82.2,97.4,97.3,67.2
Southwest,6/5/2021,67.8,83.4,98.1,96.9,67.1
Southwest,6/6/2021,66.3,81.4,95.3,95.6,65.8
Southwest,6/7/2021,63.4,79.2,93.5,93.4,63.5
Southwest,6/8/2021,60.7,76.7,91.5,93.3,62.6
Southwest,6/9/2021,63.8,79.3,94.9,93.6,63
Southwest,6/10/2021,64.5,80.3,94.3,95.6,64.3
Southwest,6/11/2021,64.5,80.8,97.6,98,65.8
Southwest,6/12/2021,68.4,85.1,102,101.4,68.3
Southwest,6/13/2021,72.1,88.5,104.7,104.3,71.1
Southwest,6/14/2021,72.9,89.4,106.1,106.2,73.4
Southwest,6/15/2021,75.2,91.8,107.7,106.8,74.7
Southwest,6/16/2021,75.9,91.8,106.6,107.1,76.6
Southwest,6/17/2021,78.7,93.2,107.1,106.5,77.1
Southwest,6/18/2021,76.8,92.4,105.8,106,77.2
Southwest,6/19/2021,76,91,105,104.8,76.4
Southwest,6/20/2021,76.3,90.4,103.7,103.5,74.8
Southwest,6/21/2021,72.1,86.9,101.7,102,73
Southwest,6/22/2021,70.7,85.6,100.6,100.4,72.3
Southwest,6/23/2021,74.1,84.2,98.8,98.2,71.3
Southwest,6/24/2021,69.1,79.9,95.2,97,71.3
Southwest,6/25/2021,70.6,84.1,97.1,97.1,70.1
Southwest,6/26/2021,70.5,85.1,98.9,98.7,71.2
Southwest,6/27/2021,72.6,87,100.1,99.3,71.8
Southwest,6/28/2021,72.3,85.9,98.8,98.1,72.6
Southwest,6/29/2021,72.9,83,95.3,95.5,72.3
Southwest,6/30/2021,71.6,82.3,92.5,94.2,72
Southwest,7/1/2021,71.5,82.5,94.8,94.1,72.7
Southwest,7/2/2021,75,85.1,95,94.6,74.2
Southwest,7/3/2021,76.1,85.4,94.1,94,75.1
Southwest,7/4/2021,74.1,83.8,93,94.5,75.1
Southwest,7/5/2021,75,84.8,96.3,96.1,74.3
Southwest,7/6/2021,73.8,86.2,99.1,98.4,74.5
Southwest,7/7/2021,74.7,87.4,99.9,99.9,75.1
Southwest,7/8/2021,76.8,89,100.8,101.1,76.6
Southwest,7/9/2021,78.2,90.2,102.7,102.1,78.3
Southwest,7/10/2021,79.9,91.5,102.7,102.3,78.6
Southwest,7/11/2021,77.7,89.8,101.4,101.1,78.4
Southwest,7/12/2021,77.6,88.4,99.1,99.4,77.3
Southwest,7/13/2021,76.7,85.8,97.8,96.6,77
Southwest,7/14/2021,76.7,84.9,92.9,95.4,75.6
Southwest,7/15/2021,73.5,84,95.5,95.2,74.9
Southwest,7/16/2021,74.6,86,97.1,96.3,74.5
Southwest,7/17/2021,75.4,85.7,96.2,95.8,75.7
Southwest,7/18/2021,77.1,85.1,94.1,94.5,76.5
Southwest,7/19/2021,77,85.7,93.3,94.4,76.9
Southwest,7/20/2021,76.7,86.3,95.7,95.7,77.2
Southwest,7/21/2021,77.9,88.1,98.2,96.7,77.4
Southwest,7/22/2021,77.7,87.5,96.1,95.8,76.5
Southwest,7/23/2021,73.9,82.3,93.2,91.2,74.3
Southwest,7/24/2021,71.2,77.1,84.3,86.7,71.7
Southwest,7/25/2021,70,76,82.7,86.2,70.6
Southwest,7/26/2021,70.5,79.1,91.7,90.2,71.3
Southwest,7/27/2021,73.4,84.1,96.1,94.6,73.5
Southwest,7/28/2021,76.6,86.5,95.9,95.9,75.6
Southwest,7/29/2021,76.8,86.9,95.7,95,76.2
Southwest,7/30/2021,75.2,84.7,93.4,94.3,75.3
Southwest,7/31/2021,73.8,83.6,93.7,94.2,74.9
Southwest,8/1/2021,75.6,85.7,95.6,96,74.9
Southwest,8/2/2021,75.4,86.8,98.8,98.7,75.5
Southwest,8/3/2021,75.5,88.6,101.8,101.4,75.8
Southwest,8/4/2021,76.4,89.9,103.6,102.8,75.7
Southwest,8/5/2021,75.3,88.8,103.1,102.1,75.8
Southwest,8/6/2021,75.6,87.9,99.7,100.6,75.6
Southwest,8/7/2021,75.8,87.8,98.9,99.1,75.7
Southwest,8/8/2021,75.7,87.2,98.6,98.4,75.4
Southwest,8/9/2021,74.7,84.2,97.6,95.7,74.9
Southwest,8/10/2021,74.2,82.4,90.9,92.8,73.8
Southwest,8/11/2021,72.4,81.3,90,91.1,72.9
Southwest,8/12/2021,72.2,82,92.3,91.2,72.3
Southwest,8/13/2021,72.2,81.4,91.4,91.3,72.4
Southwest,8/14/2021,72.7,81.3,90.2,91.5,72.7
Southwest,8/15/2021,73.1,82,92.8,92.3,73.2
Southwest,8/16/2021,73.8,83.9,93.8,93,73.2
Southwest,8/17/2021,72.6,81.1,92.5,92.4,72.5
Southwest,8/18/2021,71,80.5,90.8,91.1,70.5
Southwest,8/19/2021,67.8,78.7,90.1,90.9,69.2
Southwest,8/20/2021,68.7,79.6,91.7,91.7,68.7
Southwest,8/21/2021,69.7,81.3,93.4,93.4,69.5
Southwest,8/22/2021,70,81.9,95,94.9,69.9
Southwest,8/23/2021,70.1,83.3,96.3,96.2,70.7
Southwest,8/24/2021,71.9,84.3,97.2,98,72.5
Southwest,8/25/2021,75.6,87.7,100.6,99.9,75.1
Southwest,8/26/2021,77.9,90,101.8,101.2,77.1
Southwest,8/27/2021,77.7,89.9,101.3,100.8,77.7
Southwest,8/28/2021,77.5,89,99.3,99.8,77.1
Southwest,8/29/2021,76.2,87.8,98.8,98.4,77.1
Southwest,8/30/2021,77.6,87.3,97.1,96.2,75.6
Southwest,8/31/2021,73.1,82.7,92.6,92.1,73.9
Southwest,9/1/2021,70.9,78.5,86.6,89.9,70.9
Southwest,9/2/2021,68.6,78.5,90.6,90.2,69.9
Southwest,9/3/2021,70.2,81.3,93.3,93.3,70
Southwest,9/4/2021,71.3,83.1,96,95.7,71.6
Southwest,9/5/2021,73.2,85,97.7,96.9,72.4
Southwest,9/6/2021,72.6,84.7,97,97.7,72.9
Southwest,9/7/2021,72.8,85,98.4,98,73
Southwest,9/8/2021,73.7,86,98.6,99.4,73.4
Southwest,9/9/2021,73.8,87.1,101.1,99.8,74
Southwest,9/10/2021,74.5,86.9,99.7,99.7,73.8
Southwest,9/11/2021,73.1,85.3,98.2,99.1,73.7
Southwest,9/12/2021,73.6,86.6,99.5,99.2,73.4
Southwest,9/13/2021,73.5,86.8,99.8,99.2,73.1
Southwest,9/14/2021,72.3,85.5,98.3,98.3,72.3
Southwest,9/15/2021,71,84,96.9,97.2,71.3
Southwest,9/16/2021,70.6,83.3,96.4,95.9,70.8
Southwest,9/17/2021,70.8,82.4,94.4,94.9,71.4
Southwest,9/18/2021,72.8,82.9,93.8,93.7,71.4
Southwest,9/19/2021,70.5,81.6,92.9,92.9,70.2
Southwest,9/20/2021,67.3,79.6,92,92.5,68.1
Southwest,9/21/2021,66.6,79.1,92.5,92.9,67
Southwest,9/22/2021,67,80.1,94.3,93.2,67.2
Southwest,9/23/2021,68.1,80.3,92.8,91.3,68
Southwest,9/24/2021,69,77.7,86.7,89,67.8
Southwest,9/25/2021,66.4,76.8,87.6,86.4,67.2
Southwest,9/26/2021,66.3,72.8,84.9,84.5,65
Southwest,9/27/2021,62.3,70.5,81,83.1,63.8
Southwest,9/28/2021,62.7,72.3,83.3,82.1,61.6
Southwest,9/29/2021,59.8,70.9,82.1,82,60.8
Southwest,9/30/2021,59.9,70.1,80.5,81.6,59.8
Southwest,10/1/2021,59.6,69.9,82.1,82.7,59.9
Southwest,10/2/2021,60.2,72.1,85.5,85.2,60.7
Southwest,10/3/2021,62.3,74.6,88.1,86.9,62.3
Southwest,10/4/2021,64.5,75.8,87,85.8,64
Southwest,10/5/2021,65.2,73,82.4,84.1,64.1
Southwest,10/6/2021,62.5,71.8,83,83.4,63.6
Southwest,10/7/2021,63.1,73.3,84.7,83.6,63.2
Southwest,10/8/2021,64,73.4,83.2,82.8,62.2
Southwest,10/9/2021,59.5,70.3,80.6,80.5,59
Southwest,10/10/2021,53.6,65.1,77.6,78.8,55.5
Southwest,10/11/2021,53.5,65.2,78.2,76.7,51.6
Southwest,10/12/2021,47.7,59,74.3,73.6,48.4
Southwest,10/13/2021,43.9,54.5,68.3,71.7,46.4
Southwest,10/14/2021,47.6,58.4,72.4,72.1,47
Southwest,10/15/2021,49.4,61.2,75.7,76.8,49.6
Southwest,10/16/2021,51.7,64.2,82.3,80.2,52.6
Southwest,10/17/2021,56.7,68.6,82.5,80.9,54.6
Southwest,10/18/2021,55.3,66,78,77.6,53.9
Southwest,10/19/2021,49.7,60.8,72.4,76,52.3
Southwest,10/20/2021,51.9,63,77.7,77.5,52.4
Southwest,10/21/2021,55.5,67.1,82.5,81.1,55
Southwest,10/22/2021,57.7,69.3,83.2,81.5,56
Southwest,10/23/2021,54.8,67.2,78.9,80.3,55.6
Southwest,10/24/2021,54.4,65.5,78.9,79.7,55.1
Southwest,10/25/2021,56,67.3,81.2,78.9,54.1
Southwest,10/26/2021,51.8,62.1,76.7,76.5,51.3
Southwest,10/27/2021,46.1,56.8,71.5,75.6,49.5
Southwest,10/28/2021,50.7,61.8,78.6,77.8,50.5
Southwest,10/29/2021,54.8,66.8,83.2,80.9,53.7
Southwest,10/30/2021,55.7,67.8,80.9,81.1,55.2
Southwest,10/31/2021,55,66.4,79.3,79.1,54.8
Southwest,11/1/2021,53.6,64.7,77.1,77.8,54.1
Southwest,11/2/2021,53.8,64.9,77,77.2,53.5
Southwest,11/3/2021,53.1,64,77.5,78.1,53.4
Southwest,11/4/2021,53.3,64.8,79.7,79.6,53.6
Southwest,11/5/2021,54.3,66.3,81.5,81,54.4
Southwest,11/6/2021,55.6,67.4,81.8,81.4,54.7
Southwest,11/7/2021,54.3,66.8,81,80.5,54.5
Southwest,11/8/2021,53.5,65.5,78.8,78.5,53.2
Southwest,11/9/2021,51.9,63.4,75.8,76.4,52
Southwest,11/10/2021,50.7,61.7,74.7,75.5,51
Southwest,11/11/2021,50.4,61.7,76,76.6,50.6
Southwest,11/12/2021,50.8,62.8,79.1,78.5,51.3
Southwest,11/13/2021,52.7,64.4,80.3,79.8,52.3
Southwest,11/14/2021,53.4,65.4,80,80,53.1
Southwest,11/15/2021,53.3,65.2,79.7,78.9,52.9
Southwest,11/16/2021,51.9,63.7,77,76.5,51.7
Southwest,11/17/2021,49.8,60.6,72.9,74.1,49.5
Southwest,11/18/2021,46.7,58.4,72.4,73.1,48.2
Southwest,11/19/2021,48,58.5,74,73.6,48
Southwest,11/20/2021,49.4,60.8,74.3,73.8,49.1
Southwest,11/21/2021,50,60.2,73.2,73.7,49.2
Southwest,11/22/2021,48.3,58.8,73.5,73.4,50.3
Southwest,11/23/2021,52.6,60.8,73.5,71.6,49.9
Southwest,11/24/2021,48.9,58.6,67.7,68.4,48.9
Southwest,11/25/2021,45.3,54.1,64.1,66.5,46.2
Southwest,11/26/2021,44.3,53.5,67.7,66.6,45.1
Southwest,11/27/2021,45.8,55.4,68.1,69.3,45.4
Southwest,11/28/2021,46.1,56.7,72.2,71.4,46.6
Southwest,11/29/2021,48,58.9,74,73.6,47.6
Southwest,11/30/2021,48.8,59.8,74.7,75,49
Southwest,12/1/2021,50.1,61,76.2,75.6,50.4
Southwest,12/2/2021,52.3,62.3,76,75.1,51.2
Southwest,12/3/2021,51.3,61.3,73,73.2,50.7
Southwest,12/4/2021,48.4,58.4,70.5,71.3,49.1
Southwest,12/5/2021,47.5,57.2,70.3,70.1,47.1
Southwest,12/6/2021,45.3,56.2,69.5,69.1,46.4
Southwest,12/7/2021,46.4,55.8,67.5,67.5,46.6
Southwest,12/8/2021,48.1,55.7,65.5,65.9,46.2
Southwest,12/9/2021,44,53.6,64.6,63.3,45.5
Southwest,12/10/2021,44.5,51,59.8,60.7,41.2
Southwest,12/11/2021,35.2,45,57.7,60.3,39.3
Southwest,12/12/2021,38.2,47.6,63.5,61.8,38.3
Southwest,12/13/2021,41.6,51.3,64.2,64,42.6
Southwest,12/14/2021,47.9,54.7,64.2,62.7,43
Southwest,12/15/2021,39.5,49.1,59.8,60.3,40.8
Southwest,12/16/2021,35,44,57,57.8,37.2
Southwest,12/17/2021,37.1,45.7,56.6,56.8,35.4
Southwest,12/18/2021,34,44.1,56.9,57.6,35.5
Southwest,12/19/2021,35.5,45.1,59.4,59.6,36.1
Southwest,12/20/2021,38.8,48.3,62.4,62.4,39.1
Southwest,12/21/2021,43,51.3,65.4,64.9,42
Southwest,12/22/2021,44.3,53.8,66.8,67,45.9
Southwest,12/23/2021,50.3,57.1,68.8,66.3,48.1
Southwest,12/24/2021,49.8,54.5,63.3,63.5,47.7
Southwest,12/25/2021,43.1,49.6,58.5,60.2,45.6
Southwest,12/26/2021,44,50.4,58.7,57.3,42.5
Southwest,12/27/2021,40.3,47.1,54.8,54.9,40.3
Southwest,12/28/2021,36.5,42.7,51.1,52.4,37.7
Southwest,12/29/2021,36.2,42.9,51.2,51.7,37.7
Southwest,12/30/2021,40.3,45,52.9,52.3,40.5
Southwest,12/31/2021,45,48.4,52.8,51.8,41.6
Southwest,1/1/2022,39.6,45,49.6,50.7,37.8
Southwest,1/2/2022,28.9,36.9,49.7,52,33.5
Southwest,1/3/2022,32,40.8,56.6,54.9,32.6
Southwest,1/4/2022,36.9,45.5,58.3,58.3,35.8
Southwest,1/5/2022,38.4,47.3,59.9,60.4,38.8
Southwest,1/6/2022,41.2,50.1,63.1,62.7,41.2
Southwest,1/7/2022,44,52.9,65,63.1,42.8
Southwest,1/8/2022,43.3,51.9,61.3,62.9,42.8
Southwest,1/9/2022,41.1,50.3,62.4,61.8,42
Southwest,1/10/2022,41.5,50.2,61.7,62.2,40.9
Southwest,1/11/2022,40.1,49.4,62.5,62.7,40.8
Southwest,1/12/2022,40.7,50.4,64,64.3,41.1
Southwest,1/13/2022,42.4,52.1,66.3,65.5,43.7
Southwest,1/14/2022,48,55.3,66.1,64.8,44.3
Southwest,1/15/2022,42.5,51.8,62.1,64.1,43.6
Southwest,1/16/2022,40.3,50.2,64,63.4,41.9
Southwest,1/17/2022,42.8,51.9,64,63.6,42.3
Southwest,1/18/2022,43.9,53,62.7,62.4,42.8
Southwest,1/19/2022,41.7,50.6,60.6,61.4,42
Southwest,1/20/2022,40.5,49.7,60.9,60.8,40.4
Southwest,1/21/2022,39.1,48.9,61,60.8,40
Southwest,1/22/2022,40.5,49.2,60.4,60.9,39.9
Southwest,1/23/2022,40,49.4,61.4,61.1,40
Southwest,1/24/2022,39.6,49.3,61.4,61.6,39.5
Southwest,1/25/2022,38.8,49.3,62,61,38.2
Southwest,1/26/2022,36.3,47.1,59.6,60.6,37.1
Southwest,1/27/2022,36.1,46.9,60.2,59.8,36.1
Southwest,1/28/2022,35.9,47,59.6,61.1,36.3
Southwest,1/29/2022,36.9,47.7,63.4,62.2,38.5
Southwest,1/30/2022,42.6,51.6,63.7,63.6,40
Southwest,1/31/2022,40.5,50.8,63.6,63.6,40.9
Southwest,2/1/2022,39.7,50.9,63.5,62.7,39.4
Southwest,2/2/2022,38,47.2,61.1,57.5,35
Southwest,2/3/2022,27.4,37.4,48,54,31.3
Southwest,2/4/2022,28.5,38.5,52.8,52.8,29
Southwest,2/5/2022,31,41.7,57.5,57.4,31.8
Southwest,2/6/2022,35.8,46.8,61.8,60.3,34.6
Southwest,2/7/2022,37,48.2,61.7,63,37.1
Southwest,2/8/2022,38.4,49.8,65.6,65.8,39.4
Southwest,2/9/2022,42.8,54.5,70.1,68.8,42.3
Southwest,2/10/2022,45.6,56.6,70.7,71.1,44.9
Southwest,2/11/2022,46.2,57.8,72.6,71.3,46.1
Southwest,2/12/2022,46.6,58,70.5,71.7,45.3
Southwest,2/13/2022,43.2,55.9,72.1,71.9,45
Southwest,2/14/2022,45.3,58,73.2,72.2,43.9
Southwest,2/15/2022,43.2,56.7,71.3,70.3,43.2
Southwest,2/16/2022,41.2,49.9,66.3,64.8,40
Southwest,2/17/2022,35.6,45.5,56.9,62,37.7
Southwest,2/18/2022,36.3,47.4,62.7,63,37.3
Southwest,2/19/2022,40,52.5,69.5,67.8,40
Southwest,2/20/2022,43.6,56.3,71.1,69.6,41.7
Southwest,2/21/2022,41.6,52.9,68.1,66.3,40.8
Southwest,2/22/2022,37.1,47.9,59.7,61.9,38.9
Southwest,2/23/2022,37.9,44.8,57.9,56,34.9
Southwest,2/24/2022,29.8,39.3,50.3,55.5,33.1
Southwest,2/25/2022,31.7,42.3,58.3,56.4,32.3
Southwest,2/26/2022,35.4,46.7,60.6,61.6,34.5
Southwest,2/27/2022,36.4,49.1,65.9,66.2,38.7
Southwest,2/28/2022,44.4,55.3,72,71.3,42.4
Southwest,3/1/2022,46.5,59.4,76,75.6,46.9
Southwest,3/2/2022,49.8,62.7,78.9,77.7,49.2
Southwest,3/3/2022,51.4,64.5,78.2,77.6,49.7
Southwest,3/4/2022,47.9,59.2,75.6,71.9,46.3
Southwest,3/5/2022,39.5,50.4,61.9,65.8,41
Southwest,3/6/2022,35.5,46.7,60,60.6,37.2
Southwest,3/7/2022,36.7,47.3,59.8,59.5,35.6
Southwest,3/8/2022,34.7,46.3,58.7,60.6,36.2
Southwest,3/9/2022,37.3,48.8,63.3,62,37.3
Southwest,3/10/2022,39.8,51.5,63.9,63.1,37.3
Southwest,3/11/2022,34.9,47.9,62,64.5,37.3
Southwest,3/12/2022,37.3,50,67.7,67,38.4
Southwest,3/13/2022,42.9,55.7,71.4,70.4,41.6
Southwest,3/14/2022,44.5,57.5,72.2,73.6,45.1
Southwest,3/15/2022,48,61.2,77.3,75.4,47.8
Southwest,3/16/2022,50.9,64,76.7,76,48.6
Southwest,3/17/2022,46.8,59.4,74,74.5,47.6
Southwest,3/18/2022,45.1,58,72.7,74.2,46.4
Southwest,3/19/2022,47.4,60.8,76,74.6,46.9
Southwest,3/20/2022,48.1,59.8,75,72.6,45.9
Southwest,3/21/2022,42.3,54.6,66.7,70.4,45
Southwest,3/22/2022,44.5,56.1,69.6,68.6,43.9
Southwest,3/23/2022,44.8,56.8,69.6,72.7,45.5
Southwest,3/24/2022,47.1,60.4,78.9,77.9,48.5
Southwest,3/25/2022,53.6,67.4,85.1,83.7,52.5
Southwest,3/26/2022,56.8,71.3,87,85.8,55.3
Southwest,3/27/2022,55.6,70.6,85.4,84.8,55.4
Southwest,3/28/2022,53.9,66.8,82,80.2,52.9
Southwest,3/29/2022,49.1,57.8,73.1,75.4,49.1
Southwest,3/30/2022,44.3,55.7,71.2,72.8,46.8
Southwest,3/31/2022,46.9,60,74,74,46.7
Southwest,4/1/2022,49,62.5,76.8,76.8,49.1
Southwest,4/2/2022,51.3,65,79.5,78.1,50.6
Southwest,4/3/2022,51.6,65.2,78,78.7,51.3
Southwest,4/4/2022,50.9,64.2,78.5,80.1,51.8
Southwest,4/5/2022,52.9,67.1,83.8,81.8,52.9
Southwest,4/6/2022,54.9,69.1,83.2,83.4,53.6
Southwest,4/7/2022,52.9,68.1,83.2,84.1,53.9
Southwest,4/8/2022,54,69.6,86,85.2,54.1
Southwest,4/9/2022,55.4,71.3,86.4,85.6,54.4
Southwest,4/10/2022,53.7,68.4,84.3,83.1,53.2
Southwest,4/11/2022,50.5,64.3,78.5,79.3,50.5
Southwest,4/12/2022,47.3,60,75,73.5,45.6
Southwest,4/13/2022,39.1,53.2,67.1,72.6,43.6
Southwest,4/14/2022,44.5,58.2,75.6,74.6,44.5
Southwest,4/15/2022,49.8,64.5,81,79.5,48.8
Southwest,4/16/2022,52.1,67,82,82.5,51.2
Southwest,4/17/2022,51.7,67.3,84.5,85.1,53.1
Southwest,4/18/2022,55.4,71.6,88.7,87.5,56.3
Southwest,4/19/2022,61.7,74.9,89.3,88.3,57.1
Southwest,4/20/2022,54.2,69.9,86.9,87,57
Southwest,4/21/2022,55.2,69.9,84.7,84.9,54.2
Southwest,4/22/2022,53.3,66.5,83.2,80.6,51.2
Southwest,4/23/2022,45,58.9,73.9,78.3,49.1
Southwest,4/24/2022,48.9,62.8,77.8,78.1,48.1
Southwest,4/25/2022,50.5,65.9,82.7,82.8,51.7
Southwest,4/26/2022,55.6,70.8,87.9,85.7,54.4
Southwest,4/27/2022,57,72.1,86.4,85.9,55.5
Southwest,4/28/2022,54,69.2,83.5,84,53.9
Southwest,4/29/2022,50.6,66.3,82,84.1,52.9
Southwest,4/30/2022,54,69.7,86.8,85,53.6
Southwest,5/1/2022,56.2,71.5,86.1,85.7,54.8
Southwest,5/2/2022,54.3,69.4,84.2,84.8,55
Southwest,5/3/2022,54.5,69.8,84,83.7,54.4
Southwest,5/4/2022,54.3,68.9,82.8,84.4,54.5
Southwest,5/5/2022,54.6,69.9,86.4,86.8,55.8
Southwest,5/6/2022,58.6,74.3,91.2,89.7,58.2
Southwest,5/7/2022,61.5,76.6,91.5,90.6,59.1
Southwest,5/8/2022,57.2,72.8,89.1,88.1,56.7
Southwest,5/9/2022,51.3,67,83.6,85.4,54
Southwest,5/10/2022,53.4,68.1,83.4,83.1,52.8
Southwest,5/11/2022,53.8,68.9,82.2,82.2,52.3
Southwest,5/12/2022,49.6,65.3,81.1,84.1,52.5
Southwest,5/13/2022,54.2,70,88.9,88.4,54.6
Southwest,5/14/2022,60,76.8,95.2,93.9,59.5
Southwest,5/15/2022,64.2,81.4,97.7,96.4,62.7
Southwest,5/16/2022,64,80.3,96.2,95.7,63.5
Southwest,5/17/2022,62.4,78.4,93.3,93.9,62.5
Southwest,5/18/2022,61,77.3,92.3,92.5,62.2
Southwest,5/19/2022,63.3,78.4,91.9,91.3,61
Southwest,5/20/2022,58.6,74,89.8,88.8,59.2
Southwest,5/21/2022,55.7,70.3,84.8,86.9,57.4
Southwest,5/22/2022,57.9,72,86,86.1,57.3
Southwest,5/23/2022,58.2,72.9,87.6,87.2,58.2
Southwest,5/24/2022,58.6,73.5,88.1,89.6,59
Southwest,5/25/2022,60.1,75.9,93.1,92.4,61
Southwest,5/26/2022,64.4,80.3,96,95.1,63.4
Southwest,5/27/2022,65.6,81.5,96.1,95.5,64.4
Southwest,5/28/2022,63.3,79.2,94.4,93.5,62.7
Southwest,5/29/2022,59.2,74.4,90,90.1,59.6
Southwest,5/30/2022,56.3,72.2,85.8,88.2,57.7
Southwest,5/31/2022,57.7,73.3,88.8,89.2,58.3
Southwest,6/1/2022,61,77,92.9,92,60.7
Southwest,6/2/2022,63.4,78.9,94.2,93.6,62.6
Southwest,6/3/2022,63.5,79.1,93.6,93.4,63.3
Southwest,6/4/2022,62.9,78.2,92.5,93.2,63.4
Southwest,6/5/2022,63.8,78.9,93.4,94.1,64.4
Southwest,6/6/2022,66.4,81.4,96.4,96.2,66.2
Southwest,6/7/2022,68.5,83.7,98.7,98.3,68
Southwest,6/8/2022,69.1,84.9,99.8,99.5,70
Southwest,6/9/2022,72.3,86.4,100.1,101.1,71.6
Southwest,6/10/2022,73.4,88.3,103.5,102.7,73.2
Southwest,6/11/2022,73.9,89.9,104.5,103.7,73.8
Southwest,6/12/2022,74,89.5,103,102.8,73
Southwest,6/13/2022,71.2,86.3,100.9,100.2,70.4
Southwest,6/14/2022,65.9,82.1,96.6,98.7,67.7
Southwest,6/15/2022,66,82.6,98.5,99.3,67.3
Southwest,6/16/2022,70.1,86.6,102.8,100.8,69.8
Southwest,6/17/2022,73.2,87.4,101.1,99.9,71.2
Southwest,6/18/2022,70.3,82.2,95.9,95.9,69.8
Southwest,6/19/2022,65.9,79.1,90.6,93.3,66.7
Southwest,6/20/2022,63.9,78.9,93.5,93.1,66.5
Southwest,6/21/2022,69.7,82.5,95.2,94.1,69.3
Southwest,6/22/2022,74.2,84,93.7,95.6,72.4
Southwest,6/23/2022,73.4,85.7,97.8,96.4,73.9
Southwest,6/24/2022,74.2,86.2,97.6,97.8,73.4
Southwest,6/25/2022,72.6,86,97.9,96.9,73.7
Southwest,6/26/2022,74.2,85,95.3,95.5,73
Southwest,6/27/2022,72.2,81.6,93.4,94.9,73.4
Southwest,6/28/2022,73.8,85.2,96.1,95.1,73.9
Southwest,6/29/2022,75.6,86.9,95.7,95.8,74.7
Southwest,6/30/2022,74.6,85.3,95.5,96,74.6
Southwest,7/1/2022,73.5,85,96.8,96.3,73.5
Southwest,7/2/2022,72.3,85.1,96.6,96.3,72.7
Southwest,7/3/2022,72.3,84.6,95.6,95.2,71.7
Southwest,7/4/2022,70.6,82.6,93.3,94.4,71.2
Southwest,7/5/2022,70.8,82.6,94.3,94.1,70.6
Southwest,7/6/2022,70.3,82.9,94.7,95.4,70.8
Southwest,7/7/2022,71.2,84.1,97.1,97.2,71.7
Southwest,7/8/2022,73.5,86.6,99.7,99.3,73.3
Southwest,7/9/2022,75.3,88.5,101.1,100.9,75.2
Southwest,7/10/2022,76.9,89.8,102,102,76.6
Southwest,7/11/2022,77.6,90.7,103,102.3,77.2
Southwest,7/12/2022,77.2,89.8,101.8,101.9,77.7
Southwest,7/13/2022,78.2,89.4,100.9,101.4,78.4
Southwest,7/14/2022,79.9,90.5,101.5,101.7,79.3
Southwest,7/15/2022,79.8,91.3,102.8,102.8,80.1
Southwest,7/16/2022,80.5,92.4,104.2,103.2,79.4
Southwest,7/17/2022,78,89.9,102.5,102.7,79.1
Southwest,7/18/2022,78.9,90.1,101.4,101.7,78.4
Southwest,7/19/2022,78.4,89.8,101.2,101.5,78.5
Southwest,7/20/2022,78.2,89.7,102,101.6,77.9
Southwest,7/21/2022,77.2,89.6,101.5,102.6,77.9
Southwest,7/22/2022,78.3,91.3,104.3,103,78.7
Southwest,7/23/2022,80.7,91.1,103.1,102,78.7
Southwest,7/24/2022,77,87.3,98.6,98.5,77.4
Southwest,7/25/2022,74.5,83,93.9,94.2,75.2
Southwest,7/26/2022,74,81.8,90.2,91.6,74.4
Southwest,7/27/2022,74.8,82.2,90.7,90.6,74.7
Southwest,7/28/2022,75.4,82.8,91,90.8,75.1
Southwest,7/29/2022,75.1,83,90.7,92.3,74.7
Southwest,7/30/2022,73.5,83.3,95.1,93.8,74.2
Southwest,7/31/2022,74.1,84.7,95.7,96.1,73.9
Southwest,8/1/2022,74.2,85.5,97.4,97.3,74.7
Southwest,8/2/2022,75.9,87.4,98.8,98,75.3
Southwest,8/3/2022,75.7,86.8,97.9,97.7,76.1
Southwest,8/4/2022,76.8,86.4,96.4,96.9,75.4
Southwest,8/5/2022,73.7,84.8,96.4,97.6,75.2
Southwest,8/6/2022,75.2,87.3,100,98.5,75.3
Southwest,8/7/2022,77,88.2,99.2,98.4,75.8
Southwest,8/8/2022,75.2,85,95.9,95.6,76
Southwest,8/9/2022,75.7,84.6,91.8,93.9,75.5
Southwest,8/10/2022,75.6,85,93.9,92.9,75.8
Southwest,8/11/2022,76.1,85,93.1,93.2,75.8
Southwest,8/12/2022,75.7,85.2,92.6,93.9,75.6
Southwest,8/13/2022,75,85.1,95.9,94.5,75.4
Southwest,8/14/2022,75.5,85.4,94.9,95.7,75
Southwest,8/15/2022,74.5,85.2,96.4,95.9,74.8
Southwest,8/16/2022,74.5,85.8,96.5,96.3,74.8
Southwest,8/17/2022,75.5,86.1,96.1,95.9,75.1
Southwest,8/18/2022,75.3,85.1,95,94.8,74.9
Southwest,8/19/2022,73.8,82.5,93.2,92.6,73.7
Southwest,8/20/2022,72,80.1,89.7,90.6,72.1
Southwest,8/21/2022,70.4,78.4,88.9,90.5,71.2
Southwest,8/22/2022,71.3,81.1,92.9,92,71.6
Southwest,8/23/2022,73,83.1,94.1,93.2,72.9
Southwest,8/24/2022,74.4,83.7,92.6,92.7,73.5
Southwest,8/25/2022,73.1,81.4,91.3,93,74
Southwest,8/26/2022,74.4,84.3,95.1,93.9,74
Southwest,8/27/2022,74.4,84.8,95.3,94.9,74.1
Southwest,8/28/2022,73.6,83.6,94.3,95.8,74
Southwest,8/29/2022,74,84.8,97.9,97.4,74.2
Southwest,8/30/2022,74.9,87.2,100.1,99.1,74.5
Southwest,8/31/2022,74.7,87.1,99.2,99,74.5
Southwest,9/1/2022,73.9,85.9,97.6,98.4,73.9
Southwest,9/2/2022,73,85.3,98.5,98.3,73.7
Southwest,9/3/2022,74.3,86,98.9,98.8,73.9
Southwest,9/4/2022,74.3,86.3,99,99.6,74.5
Southwest,9/5/2022,74.9,87.8,100.9,100.6,74.8
Southwest,9/6/2022,75.1,88.6,101.9,100.9,74.3
Southwest,9/7/2022,72.8,85.2,99.9,99.9,73.5
Southwest,9/8/2022,72.7,84.8,97.9,98,72.9
Southwest,9/9/2022,73.1,82.4,96.3,93.9,71.6
Southwest,9/10/2022,68.9,77.3,87.4,91.7,70.8
Southwest,9/11/2022,70.5,79.8,91.4,89.6,69.4
Southwest,9/12/2022,68.9,79.3,90,89.8,69.3
Southwest,9/13/2022,68.5,78.2,88,88.6,67.9
Southwest,9/14/2022,66.2,76.9,87.8,88.1,66.6
Southwest,9/15/2022,65.2,76.5,88.4,88.7,65.7
Southwest,9/16/2022,65.8,77.6,89.9,89.8,65.6
Southwest,9/17/2022,65.7,78.1,91.1,91,65.5
Southwest,9/18/2022,65.1,78.1,91.9,92,65.8
Southwest,9/19/2022,66.7,79.3,93,92,67.6
Southwest,9/20/2022,70.9,80,91.2,90.2,69.3
Southwest,9/21/2022,70.4,78.5,86.5,89.3,70.5
Southwest,9/22/2022,70.2,78.8,90.3,89.7,70.7
Southwest,9/23/2022,71.4,81.4,92.3,92.3,70.9
Southwest,9/24/2022,71,82,94.4,93.7,70.6
Southwest,9/25/2022,69.5,81.8,94.5,94.6,70.1
Southwest,9/26/2022,69.7,82.1,95,94.3,69.9
Southwest,9/27/2022,70.5,82,93.4,93.3,70
Southwest,9/28/2022,69.8,80.5,91.4,91.2,69.4
Southwest,9/29/2022,67.9,78.2,88.8,89.6,67.8
Southwest,9/30/2022,65.7,76.6,88.6,88.3,66.5
Southwest,10/1/2022,65.8,76.1,87.4,87.8,65.8
Southwest,10/2/2022,65.9,76.3,87.3,87.5,65.8
Southwest,10/3/2022,65.8,76.3,87.7,86.9,65.4
Southwest,10/4/2022,64.5,75.1,85.6,85.8,64.7
Southwest,10/5/2022,63.7,73.8,84.2,84,63.6
Southwest,10/6/2022,62.6,72.3,82.1,82.8,62.7
Southwest,10/7/2022,61.9,71.4,82,81.2,62.2
Southwest,10/8/2022,62,70.7,79.4,80.6,61.6
Southwest,10/9/2022,60.8,70.1,80.3,80.5,61
Southwest,10/10/2022,60.2,70.4,81.9,82.1,60.6
Southwest,10/11/2022,60.9,71.7,84.1,84.1,61
Southwest,10/12/2022,61.8,73,86.3,85.8,61.6
Southwest,10/13/2022,62.2,73.8,87,87.1,62
Southwest,10/14/2022,62.1,74.3,88,86.6,62.2
Southwest,10/15/2022,62.3,72.8,84.9,83.6,61.1
Southwest,10/16/2022,59,66.3,77.8,79.1,59.2
Southwest,10/17/2022,56.2,64.5,74.5,76.9,57.1
Southwest,10/18/2022,56.1,65.8,78.3,77.8,56.4
Southwest,10/19/2022,56.9,67.3,80.6,80.6,56.7
Southwest,10/20/2022,57.1,68.6,82.8,81.9,57.8
Southwest,10/21/2022,59.3,70.1,82.2,81.6,58.8
Southwest,10/22/2022,60,69.6,79.8,79.3,57.7
Southwest,10/23/2022,53.9,63.3,75.8,74.2,53
Southwest,10/24/2022,45.1,55.5,66.9,70.8,47.7
Southwest,10/25/2022,44,54.4,69.6,69.5,45.4
Southwest,10/26/2022,47.2,58.3,72,70.6,46.6
Southwest,10/27/2022,48.6,59.1,70.2,71.2,46.7
Southwest,10/28/2022,44.3,56.2,71.3,71.8,46.9
Southwest,10/29/2022,47.7,59.1,73.8,72.9,47.2
Southwest,10/30/2022,49.7,60.4,73.7,74.2,49.2
Southwest,10/31/2022,50.1,61.2,75,74.7,50.6
Southwest,11/1/2022,52.1,62.5,75.5,73.7,50.7
Southwest,11/2/2022,49.9,60.1,70.6,70.8,49
Southwest,11/3/2022,45.1,54.1,66.2,64.6,43.8
Southwest,11/4/2022,36.5,46.1,57.1,62.6,40.5
Southwest,11/5/2022,39.9,49.4,64.4,64.4,40.3
Southwest,11/6/2022,44.6,55.6,71.7,69.9,44.3
Southwest,11/7/2022,48.5,59.7,73.5,72.4,47.5
Southwest,11/8/2022,49.3,59.7,72.1,71.1,49
Southwest,11/9/2022,49.3,57.2,67.6,67.1,46.6
Southwest,11/10/2022,41.3,51.5,61.7,63.2,42.8
Southwest,11/11/2022,37.8,48.6,60.4,62.3,39.2
Southwest,11/12/2022,38.6,49.5,64.7,62.6,38.7
Southwest,11/13/2022,39.6,50.7,62.6,62,38.2
Southwest,11/14/2022,36.5,47,58.7,61.1,37.7
Southwest,11/15/2022,37.1,47.9,62.1,60.5,37
Southwest,11/16/2022,37.4,48.3,60.7,61.4,36.9
Southwest,11/17/2022,36.2,47.1,61.5,61.3,37.1
Southwest,11/18/2022,37.8,48.4,61.8,62,37.4
Southwest,11/19/2022,38.3,48.9,62.8,62.1,38.4
Southwest,11/20/2022,39,49,61.6,63.1,38.6
Southwest,11/21/2022,38.5,49.5,64.8,64,39.3
Southwest,11/22/2022,40.4,50.9,65.6,65.3,40
Southwest,11/23/2022,41,51.8,65.4,63.8,40.3
Southwest,11/24/2022,39.6,49.8,60.3,62.5,39.9
Southwest,11/25/2022,39,48.7,61.9,61.4,39.2
Southwest,11/26/2022,39,49.1,62.1,61.8,39.1
Southwest,11/27/2022,39.3,49.1,61.4,62.3,39.8
Southwest,11/28/2022,41,49.9,63.5,61.5,39.8
Southwest,11/29/2022,39.2,48.8,59.7,62.5,39.9
Southwest,11/30/2022,39.5,49.6,64.3,62.9,40.1
Southwest,12/1/2022,41.7,51.6,64.8,64.5,41.3
Southwest,12/2/2022,42.7,52.2,64.4,63.4,44.1
Southwest,12/3/2022,47.8,53.3,61,62.6,48
Southwest,12/4/2022,53.4,56.2,62.5,62.8,51.4
Southwest,12/5/2022,53,57.5,65,63.4,51.1
Southwest,12/6/2022,47,54.2,62.8,62.8,47.8
Southwest,12/7/2022,43.5,51.5,60.7,61,43.6
Southwest,12/8/2022,40.4,49.1,59.4,59.9,41.6
Southwest,12/9/2022,40.8,48.8,59.5,60,40.2
Southwest,12/10/2022,39.5,48.4,61,60.8,40.3
Southwest,12/11/2022,40.6,49.8,61.8,59.6,40.6
Southwest,12/12/2022,41.8,47.2,55.9,55.1,38.7
Southwest,12/13/2022,33.8,40.3,47.7,50.6,35.5
Southwest,12/14/2022,30.8,38.5,48.2,48.7,31.9
Southwest,12/15/2022,31.1,39.1,50.3,49.9,31.5
Southwest,12/16/2022,32.5,40.8,51.1,51.3,31.4
Southwest,12/17/2022,30.6,39.5,52.4,53,33.1
Southwest,12/18/2022,36.3,43.2,55.6,54.4,34
Southwest,12/19/2022,35.1,43.8,55.2,56.1,35.7
Southwest,12/20/2022,35.8,44.6,57.6,57.1,35.9
Southwest,12/21/2022,36.9,45.8,58.6,58.3,36.6
Southwest,12/22/2022,37.1,46.6,58.8,58.6,37.4
Southwest,12/23/2022,38.2,47.1,58.5,59.5,38.1
Southwest,12/24/2022,38.9,47.9,61.3,61.3,39.9
Southwest,12/25/2022,42.5,51.2,64.2,64.3,41.8
Southwest,12/26/2022,44,53.3,67.5,66.4,44.2
Southwest,12/27/2022,46.1,54.9,67.6,65.7,45.9
Southwest,12/28/2022,47.5,53.1,62.1,62.2,44.7
Southwest,12/29/2022,40.5,47.8,56.9,58.5,44.3
Southwest,12/30/2022,44.9,49.6,56.6,58.2,42.7
Southwest,12/31/2022,42.8,50.1,61.2,58.9,43.8
