{"type": "FeatureCollection", "features": [{"type": "Feature", "geometry": {"type": "Point", "coordinates": [-121.744545, 37.225264]}, "properties": {"osm_id": "", "name": "Metcalf Substation", "operator": "Pacific Gas and Electric Company", "nominal_kv": 500, "sub_type": "transmission", "ref": ""}}, {"type": "Feature", "geometry": {"type": "Point", "coordinates": [-121.565268, 37.712094]}, "properties": {"osm_id": "", "name": "Tesla Substation", "operator": "Pacific Gas and Electric Company", "nominal_kv": 500, "sub_type": "", "ref": ""}}, {"type": "Feature", "geometry": {"type": "Point", "coordinates": [-121.020666, 37.053092]}, "properties": {"osm_id": "", "name": "Los Banos Substation", "operator": "Pacific Gas and Electric Company", "nominal_kv": 500, "sub_type": "", "ref": ""}}, {"type": "Feature", "geometry": {"type": "Point", "coordinates": [-121.581133, 37.797143]}, "properties": {"osm_id": "", "name": "Tracy Substation", "operator": "Western Area Power Administration", "nominal_kv": 500, "sub_type": "", "ref": ""}}, {"type": "Feature", "geometry": {"type": "Point", "coordinates": [-121.830333, 38.12477]}, "properties": {"osm_id": "", "name": "Birds Landing Substation", "operator": "Pacific Gas and Electric Company", "nominal_kv": 230, "sub_type": "transmission", "ref": ""}}, {"type": "Feature", "geometry": {"type": "Point", "coordinates": [-121.376973, 38.058848]}, "properties": {"osm_id": "", "name": "Eight Mile Substation", "operator": "Pacific Gas and Electric Company", "nominal_kv": 230, "sub_type": "", "ref": ""}}, {"type": "Feature", "geometry": {"type": "Point", "coordinates": [-121.695651, 37.69338]}, "properties": {"osm_id": "", "name": "Livermore Substation", "operator": "Western Area Power Administration", "nominal_kv": 230, "sub_type": "", "ref": ""}}, {"type": "Feature", "geometry": {"type": "Point", "coordinates": [-122.319022, 37.582267]}, "properties": {"osm_id": "", "name": "San Mateo Substation", "operator": "Pacific Gas and Electric Company", "nominal_kv": 230, "sub_type": "", "ref": ""}}, {"type": "Feature", "geometry": {"type": "Point", "coordinates": [-119.452339, 35.40329]}, "properties": {"osm_id": "", "name": "Midway Substation", "operator": "Pacific Gas and Electric Company", "nominal_kv": 500, "sub_type": "", "ref": ""}}, {"type": "Feature", "geometry": {"type": "Point", "coordinates": [-121.922788, 38.403305]}, "properties": {"osm_id": "", "name": "Vaca Dixon Substation", "operator": "Pacific Gas and Electric Company", "nominal_kv": 500, "sub_type": "", "ref": ""}}, {"type": "Feature", "geometry": {"type": "Point", "coordinates": [-122.223529, 39.12055]}, "properties": {"osm_id": "", "name": "Cortina Substation", "operator": "", "nominal_kv": 230, "sub_type": "", "ref": ""}}, {"type": "Feature", "geometry": {"type": "Point", "coordinates": [-120.847728, 35.215372]}, "properties": {"osm_id": "", "name": "Diablo Canyon", "operator": "Pacific Gas and Electric Company", "nominal_kv": 500, "sub_type": "generation", "ref": ""}}, {"type": "Feature", "geometry": {"type": "Point", "coordinates": [-120.851309, 35.216097]}, "properties": {"osm_id": "", "name": "Diablo Canyon", "operator": "", "nominal_kv": 230, "sub_type": "generation", "ref": ""}}, {"type": "Feature", "geometry": {"type": "Point", "coordinates": [-121.776293, 49.176663]}, "properties": {"osm_id": "", "name": "Rosedale Substation", "operator": "BC Hydro", "nominal_kv": 360, "sub_type": "", "ref": "ROS"}}, {"type": "Feature", "geometry": {"type": "Point", "coordinates": [-121.680039, 49.236867]}, "properties": {"osm_id": "", "name": "Wahleach Substation", "operator": "BC Hydro", "nominal_kv": 360, "sub_type": "", "ref": ""}}, {"type": "Feature", "geometry": {"type": "Point", "coordinates": [-122.009466, 49.113581]}, "properties": {"osm_id": "", "name": "Atchelitz Field Office Substation", "operator": "BC Hydro", "nominal_kv": 230, "sub_type": "", "ref": "ALZ"}}, {"type": "Feature", "geometry": {"type": "Point", "coordinates": [-117.219465, 32.917933]}, "properties": {"osm_id": "", "name": "Pe\u00f1asquitos Substation", "operator": "San Diego Gas & Electric", "nominal_kv": 230, "sub_type": "transmission", "ref": ""}}, {"type": "Feature", "geometry": {"type": "Point", "coordinates": [-122.297005, 49.06929]}, "properties": {"osm_id": "", "name": "Clayburn Substation", "operator": "BC Hydro", "nominal_kv": 500, "sub_type": "transmission", "ref": "CBN"}}, {"type": "Feature", "geometry": {"type": "Point", "coordinates": [-122.682387, 49.098823]}, "properties": {"osm_id": "", "name": "McLellan Substation", "operator": "BC Hydro", "nominal_kv": 230, "sub_type": "distribution", "ref": "MLN"}}, {"type": "Feature", "geometry": {"type": "Point", "coordinates": [-122.876097, 49.158345]}, "properties": {"osm_id": "", "name": "Ingledow Substation", "operator": "BC Hydro", "nominal_kv": 500, "sub_type": "transmission", "ref": "ING"}}, {"type": "Feature", "geometry": {"type": "Point", "coordinates": [-122.87816, 49.159618]}, "properties": {"osm_id": "", "name": "High Power Lab", "operator": "Powertech Labs", "nominal_kv": 230, "sub_type": "testing", "ref": ""}}, {"type": "Feature", "geometry": {"type": "Point", "coordinates": [-122.875117, 49.136247]}, "properties": {"osm_id": "", "name": "Strawberry Hill Substation", "operator": "BC Hydro", "nominal_kv": 230, "sub_type": "distribution", "ref": "SYH"}}, {"type": "Feature", "geometry": {"type": "Point", "coordinates": [-123.042252, 49.091943]}, "properties": {"osm_id": "", "name": "Arnott Substation", "operator": "BC Hydro", "nominal_kv": 280, "sub_type": "", "ref": "ARN"}}, {"type": "Feature", "geometry": {"type": "Point", "coordinates": [-123.420564, 48.490282]}, "properties": {"osm_id": "", "name": "Goward Substation", "operator": "", "nominal_kv": 230, "sub_type": "", "ref": ""}}, {"type": "Feature", "geometry": {"type": "Point", "coordinates": [-122.83653, 49.190196]}, "properties": {"osm_id": "", "name": "Whalley Substation", "operator": "BC Hydro", "nominal_kv": 230, "sub_type": "distribution", "ref": "WHY"}}, {"type": "Feature", "geometry": {"type": "Point", "coordinates": [-123.458617, 48.49092]}, "properties": {"osm_id": "", "name": "Pike Lake Substation", "operator": "BC Hydro", "nominal_kv": 230, "sub_type": "transmission", "ref": ""}}, {"type": "Feature", "geometry": {"type": "Point", "coordinates": [-122.137972, 37.493341]}, "properties": {"osm_id": "", "name": "Ravenswood Substation", "operator": "Pacific Gas and Electric Company", "nominal_kv": 230, "sub_type": "transmission", "ref": ""}}, {"type": "Feature", "geometry": {"type": "Point", "coordinates": [-122.807188, 49.310074]}, "properties": {"osm_id": "", "name": "Meridian Substation", "operator": "BC Hydro", "nominal_kv": 500, "sub_type": "transmission", "ref": "MDN"}}, {"type": "Feature", "geometry": {"type": "Point", "coordinates": [-115.21345, 36.114308]}, "properties": {"osm_id": "", "name": "Decatur substation", "operator": "", "nominal_kv": 230, "sub_type": "", "ref": ""}}, {"type": "Feature", "geometry": {"type": "Point", "coordinates": [-122.286528, 37.456856]}, "properties": {"osm_id": "", "name": "Jefferson Substation", "operator": "Pacific Gas and Electric Company", "nominal_kv": 230, "sub_type": "yes", "ref": ""}}, {"type": "Feature", "geometry": {"type": "Point", "coordinates": [-122.07574, 37.325822]}, "properties": {"osm_id": "", "name": "Monta Vista Substation", "operator": "Pacific Gas and Electric Company", "nominal_kv": 230, "sub_type": "distribution", "ref": ""}}, {"type": "Feature", "geometry": {"type": "Point", "coordinates": [-121.418189, 38.587311]}, "properties": {"osm_id": "", "name": "Hurley Substation", "operator": "Sacramento Municipal Utility District", "nominal_kv": 230, "sub_type": "distribution", "ref": ""}}, {"type": "Feature", "geometry": {"type": "Point", "coordinates": [-111.599833, 33.355587]}, "properties": {"osm_id": "", "name": "Greenbone Substation", "operator": "Salt River Project", "nominal_kv": 500, "sub_type": "distribution", "ref": ""}}, {"type": "Feature", "geometry": {"type": "Point", "coordinates": [-121.986677, 37.501106]}, "properties": {"osm_id": "", "name": "Newark Substation", "operator": "Pacific Gas and Electric Company", "nominal_kv": 230, "sub_type": "transmission", "ref": ""}}, {"type": "Feature", "geometry": {"type": "Point", "coordinates": [-121.981602, 37.502844]}, "properties": {"osm_id": "", "name": "Newark Distribution Substation", "operator": "Pacific Gas and Electric Company", "nominal_kv": 230, "sub_type": "minor_distribution", "ref": ""}}, {"type": "Feature", "geometry": {"type": "Point", "coordinates": [-122.409712, 37.703674]}, "properties": {"osm_id": "", "name": "Martin Substation", "operator": "Pacific Gas and Electric Company", "nominal_kv": 230, "sub_type": "transmission", "ref": ""}}, {"type": "Feature", "geometry": {"type": "Point", "coordinates": [-122.581114, 38.250301]}, "properties": {"osm_id": "", "name": "Lakeville Substation", "operator": "Pacific Gas and Electric Company", "nominal_kv": 230, "sub_type": "transmission", "ref": ""}}, {"type": "Feature", "geometry": {"type": "Point", "coordinates": [-121.264499, 38.761814]}, "properties": {"osm_id": "", "name": "Berry Street Receiving Station", "operator": "Roseville Electric", "nominal_kv": 230, "sub_type": "", "ref": ""}}, {"type": "Feature", "geometry": {"type": "Point", "coordinates": [-121.264568, 38.763216]}, "properties": {"osm_id": "", "name": "Atlantic Substation", "operator": "Pacific Gas and Electric Company", "nominal_kv": 230, "sub_type": "", "ref": ""}}, {"type": "Feature", "geometry": {"type": "Point", "coordinates": [-118.119547, 34.485783]}, "properties": {"osm_id": "", "name": "Vincent Substation", "operator": "Southern California Edison", "nominal_kv": 500, "sub_type": "", "ref": "Vincent"}}, {"type": "Feature", "geometry": {"type": "Point", "coordinates": [-111.912268, 33.43978]}, "properties": {"osm_id": "", "name": "Brandow Substation", "operator": "Salt River Project", "nominal_kv": 230, "sub_type": "distribution", "ref": ""}}, {"type": "Feature", "geometry": {"type": "Point", "coordinates": [-123.147116, 49.13282]}, "properties": {"osm_id": "", "name": "Steveston Substation", "operator": "BC Hydro", "nominal_kv": 230, "sub_type": "distribution", "ref": "STV"}}, {"type": "Feature", "geometry": {"type": "Point", "coordinates": [-117.437157, 34.550651]}, "properties": {"osm_id": "", "name": "Adelanto Converter Station", "operator": "Intermountain Power Agency", "nominal_kv": 500, "sub_type": "converter", "ref": ""}}, {"type": "Feature", "geometry": {"type": "Point", "coordinates": [-111.830147, 33.357933]}, "properties": {"osm_id": "", "name": "Corbell Substation", "operator": "Salt River Project", "nominal_kv": 230, "sub_type": "distribution", "ref": ""}}, {"type": "Feature", "geometry": {"type": "Point", "coordinates": [-117.322176, 34.563814]}, "properties": {"osm_id": "", "name": "Victorville Substation", "operator": "", "nominal_kv": 500, "sub_type": "transmission", "ref": ""}}, {"type": "Feature", "geometry": {"type": "Point", "coordinates": [-121.645057, 39.554537]}, "properties": {"osm_id": "", "name": "Table Mountain Substation", "operator": "Pacific Gas and Electric Company", "nominal_kv": 500, "sub_type": "", "ref": ""}}, {"type": "Feature", "geometry": {"type": "Point", "coordinates": [-122.015364, 37.28087]}, "properties": {"osm_id": "", "name": "Saratoga Substation", "operator": "Pacific Gas and Electric Company", "nominal_kv": 230, "sub_type": "", "ref": ""}}, {"type": "Feature", "geometry": {"type": "Point", "coordinates": [-118.280342, 34.157804]}, "properties": {"osm_id": "", "name": "Airway Substation", "operator": "Glendale Water and Power", "nominal_kv": 230, "sub_type": "transmission", "ref": ""}}, {"type": "Feature", "geometry": {"type": "Point", "coordinates": [-121.137208, 38.657154]}, "properties": {"osm_id": "", "name": "Gold Hill Substation", "operator": "Pacific Gas and Electric Company", "nominal_kv": 230, "sub_type": "", "ref": ""}}, {"type": "Feature", "geometry": {"type": "Point", "coordinates": [-121.408137, 38.548248]}, "properties": {"osm_id": "", "name": "Brighton Substation", "operator": "Pacific Gas and Electric Company", "nominal_kv": 230, "sub_type": "transmission", "ref": ""}}, {"type": "Feature", "geometry": {"type": "Point", "coordinates": [-122.999152, 45.014843]}, "properties": {"osm_id": "", "name": "Chemawa Substation", "operator": "Bonneville Power Administration", "nominal_kv": 230, "sub_type": "", "ref": ""}}, {"type": "Feature", "geometry": {"type": "Point", "coordinates": [-121.486716, 38.650336]}, "properties": {"osm_id": "", "name": "Natomas Substation", "operator": "Sacramento Municipal Utility District", "nominal_kv": 230, "sub_type": "transmission", "ref": ""}}, {"type": "Feature", "geometry": {"type": "Point", "coordinates": [-121.479445, 38.71388]}, "properties": {"osm_id": "", "name": "Elverta Substation", "operator": "Western Area Power Administration", "nominal_kv": 230, "sub_type": "transmission", "ref": ""}}, {"type": "Feature", "geometry": {"type": "Point", "coordinates": [-118.544216, 34.179]}, "properties": {"osm_id": "", "name": "Receiving Station U - Tarzana", "operator": "Los Angeles Department of Water and Power", "nominal_kv": 230, "sub_type": "yes", "ref": ""}}, {"type": "Feature", "geometry": {"type": "Point", "coordinates": [-121.230679, 37.516159]}, "properties": {"osm_id": "", "name": "Westley Substation", "operator": "Modesto Irrigation District;Turlock Irrigation District", "nominal_kv": 230, "sub_type": "", "ref": ""}}, {"type": "Feature", "geometry": {"type": "Point", "coordinates": [-120.917402, 37.668035]}, "properties": {"osm_id": "", "name": "Parker Substation", "operator": "Modesto Irrigation District", "nominal_kv": 230, "sub_type": "transmission", "ref": ""}}, {"type": "Feature", "geometry": {"type": "Point", "coordinates": [-121.353546, 38.37297]}, "properties": {"osm_id": "", "name": "Elk Grove Substation", "operator": "Sacramento Municipal Utility District", "nominal_kv": 230, "sub_type": "transmission", "ref": ""}}, {"type": "Feature", "geometry": {"type": "Point", "coordinates": [-121.470346, 38.489453]}, "properties": {"osm_id": "", "name": "Pocket Substation", "operator": "Sacramento Municipal Utility District", "nominal_kv": 230, "sub_type": "transmission", "ref": ""}}, {"type": "Feature", "geometry": {"type": "Point", "coordinates": [-121.124023, 38.344146]}, "properties": {"osm_id": "", "name": "Rancho Seco Substation", "operator": "Sacramento Municipal Utility District", "nominal_kv": 230, "sub_type": "", "ref": ""}}, {"type": "Feature", "geometry": {"type": "Point", "coordinates": [-121.723141, 39.023933]}, "properties": {"osm_id": "", "name": "O'Banion Substation", "operator": "Western Area Power Administration", "nominal_kv": 230, "sub_type": "transmission", "ref": ""}}, {"type": "Feature", "geometry": {"type": "Point", "coordinates": [-122.540054, 38.076225]}, "properties": {"osm_id": "", "name": "Ignacio Substation", "operator": "Pacific Gas and Electric Company", "nominal_kv": 230, "sub_type": "", "ref": ""}}, {"type": "Feature", "geometry": {"type": "Point", "coordinates": [-122.137358, 38.080982]}, "properties": {"osm_id": "", "name": "Bahia Substation", "operator": "", "nominal_kv": 230, "sub_type": "", "ref": ""}}, {"type": "Feature", "geometry": {"type": "Point", "coordinates": [-122.208338, 37.905399]}, "properties": {"osm_id": "", "name": "Sobrante Substation", "operator": "Pacific Gas and Electric Company", "nominal_kv": 230, "sub_type": "transmission", "ref": ""}}, {"type": "Feature", "geometry": {"type": "Point", "coordinates": [-122.161336, 37.848258]}, "properties": {"osm_id": "", "name": "Moraga Substation", "operator": "Pacific Gas and Electric Company", "nominal_kv": 230, "sub_type": "transmission", "ref": ""}}, {"type": "Feature", "geometry": {"type": "Point", "coordinates": [-122.117314, 37.62445]}, "properties": {"osm_id": "", "name": "Eastshore Substation", "operator": "Pacific Gas and Electric Company", "nominal_kv": 230, "sub_type": "", "ref": ""}}, {"type": "Feature", "geometry": {"type": "Point", "coordinates": [-122.267985, 38.247962]}, "properties": {"osm_id": "", "name": "Tulucay Substation", "operator": "Pacific Gas and Electric Company", "nominal_kv": 230, "sub_type": "transmission", "ref": ""}}, {"type": "Feature", "geometry": {"type": "Point", "coordinates": [-111.916053, 40.589711]}, "properties": {"osm_id": "", "name": "90th South Substation", "operator": "", "nominal_kv": 345, "sub_type": "transmission", "ref": ""}}, {"type": "Feature", "geometry": {"type": "Point", "coordinates": [-111.929143, 40.707181]}, "properties": {"osm_id": "", "name": "Mid-Valley Substation", "operator": "Rocky Mountain Power", "nominal_kv": 345, "sub_type": "transmission", "ref": ""}}, {"type": "Feature", "geometry": {"type": "Point", "coordinates": [-111.94778, 40.467939]}, "properties": {"osm_id": "", "name": "Camp Williams Substation", "operator": "", "nominal_kv": 345, "sub_type": "transmission", "ref": ""}}, {"type": "Feature", "geometry": {"type": "Point", "coordinates": [-112.007979, 40.756176]}, "properties": {"osm_id": "", "name": "Terminal substation", "operator": "", "nominal_kv": 345, "sub_type": "transmission", "ref": ""}}, {"type": "Feature", "geometry": {"type": "Point", "coordinates": [-111.586933, 40.091579]}, "properties": {"osm_id": "", "name": "Spanish Fork Substation", "operator": "", "nominal_kv": 345, "sub_type": "distribution", "ref": ""}}, {"type": "Feature", "geometry": {"type": "Point", "coordinates": [-112.043802, 41.09524]}, "properties": {"osm_id": "", "name": "Syracuse Substation", "operator": "", "nominal_kv": 345, "sub_type": "transmission", "ref": ""}}, {"type": "Feature", "geometry": {"type": "Point", "coordinates": [-112.047653, 41.339745]}, "properties": {"osm_id": "", "name": "Ben Lomond substation", "operator": "PacifiCorp", "nominal_kv": 345, "sub_type": "", "ref": ""}}, {"type": "Feature", "geometry": {"type": "Point", "coordinates": [-111.904287, 39.824357]}, "properties": {"osm_id": "", "name": "Mona Substation", "operator": "", "nominal_kv": 345, "sub_type": "transmission", "ref": ""}}, {"type": "Feature", "geometry": {"type": "Point", "coordinates": [-122.185898, 47.812845]}, "properties": {"osm_id": "", "name": "Sno-King Substation", "operator": "Bonneville Power Administration", "nominal_kv": 500, "sub_type": "transmission", "ref": ""}}, {"type": "Feature", "geometry": {"type": "Point", "coordinates": [-121.889624, 47.89727]}, "properties": {"osm_id": "", "name": "Monroe Substation", "operator": "Bonneville Power Administration", "nominal_kv": 500, "sub_type": "transmission", "ref": ""}}, {"type": "Feature", "geometry": {"type": "Point", "coordinates": [-118.99841, 47.95496]}, "properties": {"osm_id": "", "name": "Grand Coulee 230 kV Switchyard", "operator": "Bonneville Power Administration", "nominal_kv": 230, "sub_type": "transmission", "ref": ""}}, {"type": "Feature", "geometry": {"type": "Point", "coordinates": [-122.191492, 47.468346]}, "properties": {"osm_id": "", "name": "Talbot Substation", "operator": "Puget Sound Energy", "nominal_kv": 230, "sub_type": "transmission", "ref": ""}}, {"type": "Feature", "geometry": {"type": "Point", "coordinates": [-122.186957, 47.469089]}, "properties": {"osm_id": "", "name": "Maple Valley Substation", "operator": "Bonneville Power Administration", "nominal_kv": 500, "sub_type": "transmission", "ref": ""}}, {"type": "Feature", "geometry": {"type": "Point", "coordinates": [-122.121367, 47.347754]}, "properties": {"osm_id": "", "name": "Covington Substation", "operator": "Bonneville Power Administration", "nominal_kv": 500, "sub_type": "transmission", "ref": ""}}, {"type": "Feature", "geometry": {"type": "Point", "coordinates": [-122.370244, 47.256863]}, "properties": {"osm_id": "", "name": "Tacoma Substation", "operator": "Bonneville Power Administration", "nominal_kv": 500, "sub_type": "transmission", "ref": ""}}, {"type": "Feature", "geometry": {"type": "Point", "coordinates": [-122.336051, 47.58879]}, "properties": {"osm_id": "", "name": "Massachusetts Substation", "operator": "", "nominal_kv": 230, "sub_type": "distribution", "ref": ""}}, {"type": "Feature", "geometry": {"type": "Point", "coordinates": [-122.372231, 47.091999]}, "properties": {"osm_id": "", "name": "South Tacoma Substation", "operator": "Bonneville Power Administration", "nominal_kv": 230, "sub_type": "", "ref": ""}}, {"type": "Feature", "geometry": {"type": "Point", "coordinates": [-121.933695, 47.336936]}, "properties": {"osm_id": "", "name": "Raver Substation", "operator": "", "nominal_kv": 500, "sub_type": "transmission", "ref": ""}}, {"type": "Feature", "geometry": {"type": "Point", "coordinates": [-114.234241, 48.38555]}, "properties": {"osm_id": "", "name": "FEC Trumbull Creek Substation", "operator": "Flathead Electric Cooperative", "nominal_kv": 230, "sub_type": "distribution", "ref": ""}}, {"type": "Feature", "geometry": {"type": "Point", "coordinates": [-122.307529, 47.514537]}, "properties": {"osm_id": "", "name": "Duwamish Substation", "operator": "", "nominal_kv": 230, "sub_type": "distribution", "ref": ""}}, {"type": "Feature", "geometry": {"type": "Point", "coordinates": [-121.896287, 38.037623]}, "properties": {"osm_id": "", "name": "Pittsburg Substation", "operator": "Pacific Gas and Electric Company", "nominal_kv": 230, "sub_type": "", "ref": ""}}, {"type": "Feature", "geometry": {"type": "Point", "coordinates": [-121.782914, 37.99941]}, "properties": {"osm_id": "", "name": "Contra Costa Substation", "operator": "Pacific Gas and Electric Company", "nominal_kv": 230, "sub_type": "", "ref": ""}}, {"type": "Feature", "geometry": {"type": "Point", "coordinates": [-121.763027, 38.015444]}, "properties": {"osm_id": "", "name": "Contra Costa Power Plant Substation", "operator": "Pacific Gas and Electric Company", "nominal_kv": 230, "sub_type": "", "ref": ""}}, {"type": "Feature", "geometry": {"type": "Point", "coordinates": [-121.970511, 38.285508]}, "properties": {"osm_id": "", "name": "Peabody Substation", "operator": "Pacific Gas and Electric Company", "nominal_kv": 230, "sub_type": "transmission", "ref": ""}}, {"type": "Feature", "geometry": {"type": "Point", "coordinates": [-121.388535, 38.087976]}, "properties": {"osm_id": "", "name": "Lodi Energy Center", "operator": "Northern California Power Agency", "nominal_kv": 230, "sub_type": "generation", "ref": ""}}, {"type": "Feature", "geometry": {"type": "Point", "coordinates": [-121.6202, 37.799114]}, "properties": {"osm_id": "", "name": "Delta Switching Station", "operator": "", "nominal_kv": 230, "sub_type": "minor_distribution", "ref": ""}}, {"type": "Feature", "geometry": {"type": "Point", "coordinates": [-121.614531, 37.764306]}, "properties": {"osm_id": "", "name": "JRWG Substation", "operator": "Pacific Gas and Electric Company", "nominal_kv": 230, "sub_type": "generation", "ref": ""}}, {"type": "Feature", "geometry": {"type": "Point", "coordinates": [-122.303207, 47.614746]}, "properties": {"osm_id": "", "name": "East Pine Substation", "operator": "", "nominal_kv": 230, "sub_type": "distribution", "ref": ""}}, {"type": "Feature", "geometry": {"type": "Point", "coordinates": [-122.26713, 47.506453]}, "properties": {"osm_id": "", "name": "Creston-Nelson Substation", "operator": "", "nominal_kv": 230, "sub_type": "distribution", "ref": ""}}, {"type": "Feature", "geometry": {"type": "Point", "coordinates": [-122.179813, 47.855371]}, "properties": {"osm_id": "", "name": "Bothell Substation", "operator": "", "nominal_kv": 230, "sub_type": "transmission", "ref": ""}}, {"type": "Feature", "geometry": {"type": "Point", "coordinates": [-121.347251, 38.693611]}, "properties": {"osm_id": "", "name": "Foothill Substation", "operator": "Sacramento Municipal Utility District", "nominal_kv": 230, "sub_type": "transmission", "ref": ""}}, {"type": "Feature", "geometry": {"type": "Point", "coordinates": [-121.266924, 38.68496]}, "properties": {"osm_id": "", "name": "Orangevale Substation", "operator": "Sacramento Municipal Utility District", "nominal_kv": 230, "sub_type": "transmission", "ref": ""}}, {"type": "Feature", "geometry": {"type": "Point", "coordinates": [-123.079425, 49.226608]}, "properties": {"osm_id": "", "name": "Mainwaring Substation", "operator": "BC Hydro", "nominal_kv": 230, "sub_type": "distribution", "ref": "MAN"}}, {"type": "Feature", "geometry": {"type": "Point", "coordinates": [-113.37208, 53.539996]}, "properties": {"osm_id": "", "name": "East Edmonton Substation", "operator": "AltaLink", "nominal_kv": 240, "sub_type": "transmission", "ref": "38S"}}, {"type": "Feature", "geometry": {"type": "Point", "coordinates": [-113.383107, 53.513003]}, "properties": {"osm_id": "", "name": "East Industrial Substation", "operator": "EPCOR", "nominal_kv": 240, "sub_type": "distribution", "ref": "38S"}}, {"type": "Feature", "geometry": {"type": "Point", "coordinates": [-113.417133, 53.497111]}, "properties": {"osm_id": "", "name": "Lambton Substation", "operator": "EPCOR", "nominal_kv": 240, "sub_type": "distribution", "ref": "803S"}}, {"type": "Feature", "geometry": {"type": "Point", "coordinates": [-113.459034, 53.433802]}, "properties": {"osm_id": "", "name": "Ellerslie Substation", "operator": "AltaLink", "nominal_kv": 500, "sub_type": "transmission", "ref": "89S"}}, {"type": "Feature", "geometry": {"type": "Point", "coordinates": [-121.348742, 37.9923]}, "properties": {"osm_id": "", "name": "Stagg Substation", "operator": "Pacific Gas and Electric Company", "nominal_kv": 230, "sub_type": "", "ref": ""}}, {"type": "Feature", "geometry": {"type": "Point", "coordinates": [-117.420498, 46.652033]}, "properties": {"osm_id": "", "name": "Lower Granite Substation", "operator": "Bonneville Power Administration", "nominal_kv": 500, "sub_type": "transmission", "ref": ""}}, {"type": "Feature", "geometry": {"type": "Point", "coordinates": [-118.544461, 46.550643]}, "properties": {"osm_id": "", "name": "Lower Monumental Substation", "operator": "Bonneville Power Administration", "nominal_kv": 500, "sub_type": "transmission", "ref": ""}}, {"type": "Feature", "geometry": {"type": "Point", "coordinates": [-121.933465, 37.427019]}, "properties": {"osm_id": "", "name": "Los Esteros Substation", "operator": "Pacific Gas and Electric Company", "nominal_kv": 230, "sub_type": "", "ref": ""}}, {"type": "Feature", "geometry": {"type": "Point", "coordinates": [-122.113113, 47.971623]}, "properties": {"osm_id": "", "name": "Horse Ranch Substation", "operator": "Puget Sound Energy", "nominal_kv": 230, "sub_type": "transmission", "ref": ""}}, {"type": "Feature", "geometry": {"type": "Point", "coordinates": [-119.020748, 47.966434]}, "properties": {"osm_id": "", "name": "Grand Coulee 500kV Switchyard", "operator": "Bureau of Reclamation", "nominal_kv": 500, "sub_type": "transmission", "ref": ""}}, {"type": "Feature", "geometry": {"type": "Point", "coordinates": [-122.103721, 47.924193]}, "properties": {"osm_id": "", "name": "Snohomish Substation", "operator": "Bonneville Power Administration", "nominal_kv": 345, "sub_type": "transmission", "ref": ""}}, {"type": "Feature", "geometry": {"type": "Point", "coordinates": [-122.204032, 48.505674]}, "properties": {"osm_id": "", "name": "Sedro-Woolley Substation", "operator": "", "nominal_kv": 230, "sub_type": "transmission", "ref": ""}}, {"type": "Feature", "geometry": {"type": "Point", "coordinates": [-120.51092, 47.120616]}, "properties": {"osm_id": "", "name": "Schultz Substation", "operator": "Bonneville Power Administration", "nominal_kv": 500, "sub_type": "transmission", "ref": ""}}, {"type": "Feature", "geometry": {"type": "Point", "coordinates": [-117.373692, 47.7501]}, "properties": {"osm_id": "", "name": "Bell Substation", "operator": "Bonneville Power Administration", "nominal_kv": 500, "sub_type": "distribution", "ref": ""}}, {"type": "Feature", "geometry": {"type": "Point", "coordinates": [-119.782975, 46.620401]}, "properties": {"osm_id": "", "name": "Midway Substation", "operator": "Bonneville Power Administration", "nominal_kv": 230, "sub_type": "", "ref": ""}}, {"type": "Feature", "geometry": {"type": "Point", "coordinates": [-119.571342, 46.669901]}, "properties": {"osm_id": "", "name": "Hanford Substation", "operator": "", "nominal_kv": 500, "sub_type": "transmission", "ref": ""}}, {"type": "Feature", "geometry": {"type": "Point", "coordinates": [-122.011731, 47.688028]}, "properties": {"osm_id": "", "name": "Novelty Hill Substation", "operator": "Puget Sound Energy", "nominal_kv": 230, "sub_type": "transmission", "ref": ""}}, {"type": "Feature", "geometry": {"type": "Point", "coordinates": [-120.07695, 47.295501]}, "properties": {"osm_id": "", "name": "Columbia Substation", "operator": "Bonneville Power Administration", "nominal_kv": 500, "sub_type": "transmission", "ref": ""}}, {"type": "Feature", "geometry": {"type": "Point", "coordinates": [-119.939704, 46.877193]}, "properties": {"osm_id": "", "name": "Vantage Substation", "operator": "", "nominal_kv": 500, "sub_type": "", "ref": ""}}, {"type": "Feature", "geometry": {"type": "Point", "coordinates": [-119.651976, 47.986189]}, "properties": {"osm_id": "", "name": "Chief Joseph Substation", "operator": "Bonneville Power Administration", "nominal_kv": 500, "sub_type": "", "ref": ""}}, {"type": "Feature", "geometry": {"type": "Point", "coordinates": [-122.953749, 47.001252]}, "properties": {"osm_id": "", "name": "Olympia Substation", "operator": "", "nominal_kv": 500, "sub_type": "", "ref": ""}}, {"type": "Feature", "geometry": {"type": "Point", "coordinates": [-123.123311, 47.227738]}, "properties": {"osm_id": "", "name": "Shelton Substation", "operator": "Bonneville Power Administration", "nominal_kv": 230, "sub_type": "transmission", "ref": ""}}, {"type": "Feature", "geometry": {"type": "Point", "coordinates": [-122.70426, 47.531441]}, "properties": {"osm_id": "", "name": "Kitsap Substation", "operator": "Bonneville Power Administration", "nominal_kv": 230, "sub_type": "transmission", "ref": ""}}, {"type": "Feature", "geometry": {"type": "Point", "coordinates": [-123.463391, 46.967774]}, "properties": {"osm_id": "", "name": "Satsop Substation", "operator": "Bonneville Power Administration", "nominal_kv": 500, "sub_type": "", "ref": ""}}, {"type": "Feature", "geometry": {"type": "Point", "coordinates": [-123.851449, 46.979414]}, "properties": {"osm_id": "", "name": "Aberdeen Substation", "operator": "", "nominal_kv": 230, "sub_type": "transmission", "ref": ""}}, {"type": "Feature", "geometry": {"type": "Point", "coordinates": [-123.017207, 49.266988]}, "properties": {"osm_id": "", "name": "Horne Payne Substation", "operator": "BC Hydro", "nominal_kv": 230, "sub_type": "transmission", "ref": "HPN"}}, {"type": "Feature", "geometry": {"type": "Point", "coordinates": [-123.026342, 49.309641]}, "properties": {"osm_id": "", "name": "Walters Substation", "operator": "", "nominal_kv": 230, "sub_type": "transmission", "ref": "WLT"}}, {"type": "Feature", "geometry": {"type": "Point", "coordinates": [-105.071918, 39.497087]}, "properties": {"osm_id": "", "name": "Waterton Substation", "operator": "Public Service Company of Colorado", "nominal_kv": 345, "sub_type": "transmission", "ref": ""}}, {"type": "Feature", "geometry": {"type": "Point", "coordinates": [-111.800199, 33.425194]}, "properties": {"osm_id": "", "name": "Rogers Substation", "operator": "Salt River Project", "nominal_kv": 230, "sub_type": "transmission", "ref": ""}}, {"type": "Feature", "geometry": {"type": "Point", "coordinates": [-122.210555, 47.239169]}, "properties": {"osm_id": "", "name": "White River Substation", "operator": "Puget Sound Energy", "nominal_kv": 230, "sub_type": "transmission", "ref": ""}}, {"type": "Feature", "geometry": {"type": "Point", "coordinates": [-118.255269, 33.948355]}, "properties": {"osm_id": "", "name": "Receiving Station B", "operator": "Los Angeles Department of Water and Power", "nominal_kv": 287, "sub_type": "transmission", "ref": "B"}}, {"type": "Feature", "geometry": {"type": "Point", "coordinates": [-118.42537, 33.919142]}, "properties": {"osm_id": "", "name": "Scattergood Substation", "operator": "", "nominal_kv": 230, "sub_type": "", "ref": "L"}}, {"type": "Feature", "geometry": {"type": "Point", "coordinates": [-122.946778, 46.599917]}, "properties": {"osm_id": "", "name": "Chehalis Substation", "operator": "", "nominal_kv": 230, "sub_type": "", "ref": ""}}, {"type": "Feature", "geometry": {"type": "Point", "coordinates": [-122.875625, 46.75493]}, "properties": {"osm_id": "", "name": "Paul Substation", "operator": "Bonneville Power Administration", "nominal_kv": 500, "sub_type": "", "ref": ""}}, {"type": "Feature", "geometry": {"type": "Point", "coordinates": [-122.917647, 46.622514]}, "properties": {"osm_id": "", "name": "Napavine Substation", "operator": "", "nominal_kv": 500, "sub_type": "generation", "ref": ""}}, {"type": "Feature", "geometry": {"type": "Point", "coordinates": [-116.883685, 32.51519]}, "properties": {"osm_id": "", "name": "Tijuana 1", "operator": "Comisi\u00f3n Federal de Electricidad", "nominal_kv": 230, "sub_type": "transmission", "ref": ""}}, {"type": "Feature", "geometry": {"type": "Point", "coordinates": [-123.417803, 48.100651]}, "properties": {"osm_id": "", "name": "Port Angeles Substation", "operator": "Bonneville Power Administration", "nominal_kv": 230, "sub_type": "", "ref": ""}}, {"type": "Feature", "geometry": {"type": "Point", "coordinates": [-122.884823, 47.975284]}, "properties": {"osm_id": "", "name": "Fairmount Substation", "operator": "Bonneville Power Administration", "nominal_kv": 230, "sub_type": "transmission", "ref": ""}}, {"type": "Feature", "geometry": {"type": "Point", "coordinates": [-122.626502, 48.904302]}, "properties": {"osm_id": "", "name": "Custer Substation", "operator": "", "nominal_kv": 500, "sub_type": "transmission", "ref": ""}}, {"type": "Feature", "geometry": {"type": "Point", "coordinates": [-122.423343, 48.797355]}, "properties": {"osm_id": "", "name": "Bellingham Substation", "operator": "", "nominal_kv": 230, "sub_type": "transmission", "ref": ""}}, {"type": "Feature", "geometry": {"type": "Point", "coordinates": [-122.499751, 45.65319]}, "properties": {"osm_id": "", "name": "Sifton Substation", "operator": "Bonneville Power Administration", "nominal_kv": 230, "sub_type": "transmission", "ref": ""}}, {"type": "Feature", "geometry": {"type": "Point", "coordinates": [-122.962709, 49.217698]}, "properties": {"osm_id": "", "name": "Newell Substation", "operator": "BC Hydro", "nominal_kv": 230, "sub_type": "distribution", "ref": "NEL"}}, {"type": "Feature", "geometry": {"type": "Point", "coordinates": [-118.99525, 47.959512]}, "properties": {"osm_id": "", "name": "500kV Spreader Yard", "operator": "Bonneville Power Administration", "nominal_kv": 500, "sub_type": "transmission", "ref": ""}}, {"type": "Feature", "geometry": {"type": "Point", "coordinates": [-104.902049, 39.633414]}, "properties": {"osm_id": "", "name": "Tech Center Substation", "operator": "Public Service Company of Colorado", "nominal_kv": 230, "sub_type": "distribution", "ref": ""}}, {"type": "Feature", "geometry": {"type": "Point", "coordinates": [-123.197955, 49.249159]}, "properties": {"osm_id": "", "name": "Camosun Substation", "operator": "BC Hydro", "nominal_kv": 230, "sub_type": "distribution", "ref": "CSN"}}, {"type": "Feature", "geometry": {"type": "Point", "coordinates": [-111.222093, 47.542291]}, "properties": {"osm_id": "", "name": "Great Falls Substation", "operator": "Northwest Energy", "nominal_kv": 230, "sub_type": "distribution", "ref": ""}}, {"type": "Feature", "geometry": {"type": "Point", "coordinates": [-122.831111, 45.437996]}, "properties": {"osm_id": "", "name": "Murrayhill Substation", "operator": "Portland General Electric", "nominal_kv": 230, "sub_type": "distribution", "ref": ""}}, {"type": "Feature", "geometry": {"type": "Point", "coordinates": [-122.369903, 47.182669]}, "properties": {"osm_id": "", "name": "Cowlitz Substation", "operator": "Tacoma Power", "nominal_kv": 230, "sub_type": "transmission", "ref": ""}}, {"type": "Feature", "geometry": {"type": "Point", "coordinates": [-122.89632, 45.549999]}, "properties": {"osm_id": "", "name": "Keeler Substation", "operator": "Bonneville Power Administration", "nominal_kv": 500, "sub_type": "distribution", "ref": ""}}, {"type": "Feature", "geometry": {"type": "Point", "coordinates": [-122.764202, 45.613709]}, "properties": {"osm_id": "", "name": "Saint Johns Substation", "operator": "Bonneville Power Administration", "nominal_kv": 230, "sub_type": "transmission", "ref": ""}}, {"type": "Feature", "geometry": {"type": "Point", "coordinates": [-122.768031, 45.614337]}, "properties": {"osm_id": "", "name": "Rivergate North Substation", "operator": "Portland General Electric", "nominal_kv": 230, "sub_type": "transmission", "ref": ""}}, {"type": "Feature", "geometry": {"type": "Point", "coordinates": [-122.843665, 45.507337]}, "properties": {"osm_id": "", "name": "Saint Mary's Substation", "operator": "Portland General Electric", "nominal_kv": 230, "sub_type": "distribution", "ref": ""}}, {"type": "Feature", "geometry": {"type": "Point", "coordinates": [-122.658468, 45.660915]}, "properties": {"osm_id": "", "name": "Ross Substation", "operator": "Bonneville Power Administration", "nominal_kv": 230, "sub_type": "distribution", "ref": ""}}, {"type": "Feature", "geometry": {"type": "Point", "coordinates": [-122.727669, 45.651789]}, "properties": {"osm_id": "", "name": "Alcoa Substation", "operator": "Bonneville Power Administration", "nominal_kv": 230, "sub_type": "distribution", "ref": ""}}, {"type": "Feature", "geometry": {"type": "Point", "coordinates": [-110.231263, 31.524654]}, "properties": {"osm_id": "", "name": "San Rafael Substation", "operator": "", "nominal_kv": 230, "sub_type": "distribution", "ref": ""}}, {"type": "Feature", "geometry": {"type": "Point", "coordinates": [-115.347936, 32.514188]}, "properties": {"osm_id": "", "name": "Subestaci\u00f3n Sider\u00fargica", "operator": "", "nominal_kv": 230, "sub_type": "industrial", "ref": ""}}, {"type": "Feature", "geometry": {"type": "Point", "coordinates": [-115.676991, 32.59716]}, "properties": {"osm_id": "", "name": "La Rosita", "operator": "", "nominal_kv": 230, "sub_type": "transmission", "ref": ""}}, {"type": "Feature", "geometry": {"type": "Point", "coordinates": [-115.459576, 32.604795]}, "properties": {"osm_id": "", "name": "Mexicali 2", "operator": "", "nominal_kv": 230, "sub_type": "transmission", "ref": ""}}, {"type": "Feature", "geometry": {"type": "Point", "coordinates": [-115.398169, 32.639363]}, "properties": {"osm_id": "", "name": "Cetys", "operator": "", "nominal_kv": 230, "sub_type": "transmission", "ref": ""}}, {"type": "Feature", "geometry": {"type": "Point", "coordinates": [-115.245423, 32.41161]}, "properties": {"osm_id": "", "name": "Cerro Prieto 3", "operator": "Comisi\u00f3n Federal de Electricidad", "nominal_kv": 230, "sub_type": "generation", "ref": ""}}, {"type": "Feature", "geometry": {"type": "Point", "coordinates": [-115.226703, 32.39101]}, "properties": {"osm_id": "", "name": "Cerro Prieto 2", "operator": "Comisi\u00f3n Federal de Electricidad", "nominal_kv": 230, "sub_type": "generation", "ref": ""}}, {"type": "Feature", "geometry": {"type": "Point", "coordinates": [-115.715634, 32.71782]}, "properties": {"osm_id": "", "name": "Imperial Valley Substation", "operator": "", "nominal_kv": 500, "sub_type": "transmission", "ref": ""}}, {"type": "Feature", "geometry": {"type": "Point", "coordinates": [-115.569225, 32.631847]}, "properties": {"osm_id": "", "name": "Santa Isabel", "operator": "", "nominal_kv": 230, "sub_type": "transmission", "ref": ""}}, {"type": "Feature", "geometry": {"type": "Point", "coordinates": [-115.521575, 32.603066]}, "properties": {"osm_id": "", "name": "Wisteria", "operator": "", "nominal_kv": 230, "sub_type": "distribution", "ref": ""}}, {"type": "Feature", "geometry": {"type": "Point", "coordinates": [-115.060938, 32.361971]}, "properties": {"osm_id": "", "name": "Chapultepec", "operator": "", "nominal_kv": 230, "sub_type": "distribution", "ref": ""}}, {"type": "Feature", "geometry": {"type": "Point", "coordinates": [-114.711748, 32.436284]}, "properties": {"osm_id": "", "name": "CFE Subestaci\u00f3n El\u00e9ctrica Parque Industrial", "operator": "", "nominal_kv": 230, "sub_type": "transmission", "ref": ""}}, {"type": "Feature", "geometry": {"type": "Point", "coordinates": [-121.967321, 37.401981]}, "properties": {"osm_id": "", "name": "Northern Receiving Station", "operator": "Silicon Valley Power", "nominal_kv": 230, "sub_type": "", "ref": ""}}, {"type": "Feature", "geometry": {"type": "Point", "coordinates": [-122.408863, 45.559331]}, "properties": {"osm_id": "", "name": "Troutdale Substation", "operator": "PacifiCorp", "nominal_kv": 230, "sub_type": "distribution", "ref": ""}}, {"type": "Feature", "geometry": {"type": "Point", "coordinates": [-122.429503, 45.554609]}, "properties": {"osm_id": "", "name": "Blue Lake Substation", "operator": "Portland General Electric", "nominal_kv": 230, "sub_type": "", "ref": ""}}, {"type": "Feature", "geometry": {"type": "Point", "coordinates": [-121.960594, 45.648014]}, "properties": {"osm_id": "", "name": "North Bonneville Substation", "operator": "Bonneville Power Administration", "nominal_kv": 230, "sub_type": "transmission", "ref": ""}}, {"type": "Feature", "geometry": {"type": "Point", "coordinates": [-115.520914, 32.629435]}, "properties": {"osm_id": "", "name": "Substacion Orizaba", "operator": "", "nominal_kv": 230, "sub_type": "transmission", "ref": ""}}, {"type": "Feature", "geometry": {"type": "Point", "coordinates": [-122.777579, 45.329329]}, "properties": {"osm_id": "", "name": "Pearl Substation", "operator": "Bonneville Power Administration", "nominal_kv": 500, "sub_type": "transmission", "ref": ""}}, {"type": "Feature", "geometry": {"type": "Point", "coordinates": [-122.836572, 45.371477]}, "properties": {"osm_id": "", "name": "Sherwood Substation", "operator": "Bonneville Power Administration", "nominal_kv": 230, "sub_type": "transmission", "ref": ""}}, {"type": "Feature", "geometry": {"type": "Point", "coordinates": [-122.699396, 44.799066]}, "properties": {"osm_id": "", "name": "Marion Substation", "operator": "", "nominal_kv": 500, "sub_type": "", "ref": ""}}, {"type": "Feature", "geometry": {"type": "Point", "coordinates": [-122.674102, 44.772542]}, "properties": {"osm_id": "", "name": "Santiam Substation", "operator": "", "nominal_kv": 500, "sub_type": "", "ref": ""}}, {"type": "Feature", "geometry": {"type": "Point", "coordinates": [-122.660619, 44.770872]}, "properties": {"osm_id": "", "name": "Lyons UHV Transformer", "operator": "Bonneville Power Administration", "nominal_kv": 1100, "sub_type": "transmission", "ref": ""}}, {"type": "Feature", "geometry": {"type": "Point", "coordinates": [-123.033766, 46.108136]}, "properties": {"osm_id": "", "name": "Alston Substation", "operator": "", "nominal_kv": 500, "sub_type": "", "ref": ""}}, {"type": "Feature", "geometry": {"type": "Point", "coordinates": [-122.913212, 46.181678]}, "properties": {"osm_id": "", "name": "Lexington Substation", "operator": "", "nominal_kv": 230, "sub_type": "", "ref": ""}}, {"type": "Feature", "geometry": {"type": "Point", "coordinates": [-119.041617, 46.231031]}, "properties": {"osm_id": "", "name": "Franklin Substation", "operator": "Franklin Public Utility District", "nominal_kv": 230, "sub_type": "distribution", "ref": ""}}, {"type": "Feature", "geometry": {"type": "Point", "coordinates": [-118.053431, 46.582009]}, "properties": {"osm_id": "", "name": "Little Goose Substation", "operator": "Bonneville Power Administration", "nominal_kv": 500, "sub_type": "switching", "ref": ""}}, {"type": "Feature", "geometry": {"type": "Point", "coordinates": [-116.367659, 46.52844]}, "properties": {"osm_id": "", "name": "Dworshak Substation", "operator": "", "nominal_kv": 500, "sub_type": "transmission", "ref": ""}}, {"type": "Feature", "geometry": {"type": "Point", "coordinates": [-120.737074, 45.677747]}, "properties": {"osm_id": "", "name": "John Day Substation", "operator": "Bonneville Power Administration", "nominal_kv": 500, "sub_type": "", "ref": ""}}, {"type": "Feature", "geometry": {"type": "Point", "coordinates": [-120.706171, 45.728844]}, "properties": {"osm_id": "", "name": "Harvalum Substation", "operator": "", "nominal_kv": 230, "sub_type": "transmission", "ref": ""}}, {"type": "Feature", "geometry": {"type": "Point", "coordinates": [-121.113373, 45.596579]}, "properties": {"osm_id": "", "name": "Celilo Converter Station", "operator": "Bonneville Power Administration", "nominal_kv": 500, "sub_type": "converter", "ref": ""}}, {"type": "Feature", "geometry": {"type": "Point", "coordinates": [-121.108824, 45.603596]}, "properties": {"osm_id": "", "name": "Big Eddy Substation", "operator": "", "nominal_kv": 500, "sub_type": "transmission", "ref": ""}}, {"type": "Feature", "geometry": {"type": "Point", "coordinates": [-121.115525, 45.606691]}, "properties": {"osm_id": "", "name": "Big Eddy Substation", "operator": "Bonneville Power Administration", "nominal_kv": 230, "sub_type": "transmission", "ref": ""}}, {"type": "Feature", "geometry": {"type": "Point", "coordinates": [-119.314284, 45.923956]}, "properties": {"osm_id": "", "name": "McNary Substation", "operator": "Bonneville Power Administration", "nominal_kv": 500, "sub_type": "transmission", "ref": ""}}, {"type": "Feature", "geometry": {"type": "Point", "coordinates": [-120.900518, 45.230987]}, "properties": {"osm_id": "", "name": "Buckley Substation", "operator": "Bonneville Power Administration", "nominal_kv": 500, "sub_type": "", "ref": ""}}, {"type": "Feature", "geometry": {"type": "Point", "coordinates": [-119.336216, 46.479701]}, "properties": {"osm_id": "", "name": "Ashe Substation", "operator": "Bonneville Power Administration", "nominal_kv": 500, "sub_type": "generation", "ref": ""}}, {"type": "Feature", "geometry": {"type": "Point", "coordinates": [-105.20302, 40.017751]}, "properties": {"osm_id": "", "name": "Valmont Substation", "operator": "Public Service Company of Colorado", "nominal_kv": 230, "sub_type": "transmission", "ref": ""}}, {"type": "Feature", "geometry": {"type": "Point", "coordinates": [-101.842355, 47.370848]}, "properties": {"osm_id": "", "name": "Antelope Valley Substation", "operator": "Basin Electric Power Cooperative", "nominal_kv": 345, "sub_type": "transmission", "ref": ""}}, {"type": "Feature", "geometry": {"type": "Point", "coordinates": [-101.842105, 47.364357]}, "properties": {"osm_id": "", "name": "Dakota Gasification Company Substation", "operator": "Dakota Gasification Company", "nominal_kv": 345, "sub_type": "industrial", "ref": ""}}, {"type": "Feature", "geometry": {"type": "Point", "coordinates": [-120.38437, 45.980083]}, "properties": {"osm_id": "", "name": "Spring Creek Substation", "operator": "Bonneville Power Administration", "nominal_kv": 230, "sub_type": "transmission", "ref": ""}}, {"type": "Feature", "geometry": {"type": "Point", "coordinates": [-101.315655, 47.282276]}, "properties": {"osm_id": "", "name": "345/230kV Leland Olds Switchyard Addition", "operator": "Basin Electric Power Cooperative", "nominal_kv": 345, "sub_type": "transmission", "ref": ""}}, {"type": "Feature", "geometry": {"type": "Point", "coordinates": [-101.319174, 47.283212]}, "properties": {"osm_id": "", "name": "230kV Leland Olds Switchyard", "operator": "Basin Electric Power Cooperative", "nominal_kv": 230, "sub_type": "transmission", "ref": ""}}, {"type": "Feature", "geometry": {"type": "Point", "coordinates": [-119.834172, 46.515457]}, "properties": {"osm_id": "", "name": "Wautoma Substation", "operator": "", "nominal_kv": 500, "sub_type": "transmission", "ref": ""}}, {"type": "Feature", "geometry": {"type": "Point", "coordinates": [-101.802427, 47.229246]}, "properties": {"osm_id": "", "name": "Coyote Substation", "operator": "Montana-Dakota Utilities", "nominal_kv": 345, "sub_type": "transmission", "ref": ""}}, {"type": "Feature", "geometry": {"type": "Point", "coordinates": [-101.331358, 47.276949]}, "properties": {"osm_id": "", "name": "Basin Electric Substation", "operator": "Basin Electric Power Cooperative", "nominal_kv": 230, "sub_type": "distribution", "ref": ""}}, {"type": "Feature", "geometry": {"type": "Point", "coordinates": [-101.199433, 47.076341]}, "properties": {"osm_id": "", "name": "Center 345kV Switchyard", "operator": "", "nominal_kv": 345, "sub_type": "transmission", "ref": ""}}, {"type": "Feature", "geometry": {"type": "Point", "coordinates": [-101.156778, 47.373453]}, "properties": {"osm_id": "", "name": "Underwood Substation", "operator": "", "nominal_kv": 400, "sub_type": "converter", "ref": ""}}, {"type": "Feature", "geometry": {"type": "Point", "coordinates": [-101.036981, 47.304686]}, "properties": {"osm_id": "", "name": "Washburn Substation", "operator": "Western Area Power Administration", "nominal_kv": 230, "sub_type": "", "ref": "WB"}}, {"type": "Feature", "geometry": {"type": "Point", "coordinates": [-102.620302, 46.032809]}, "properties": {"osm_id": "", "name": "Hettinger Substation", "operator": "Montana-Dakota Utilities", "nominal_kv": 230, "sub_type": "transmission", "ref": ""}}, {"type": "Feature", "geometry": {"type": "Point", "coordinates": [-102.75031, 46.838737]}, "properties": {"osm_id": "", "name": "Dickinson Substation", "operator": "Montana-Dakota Utilities", "nominal_kv": 230, "sub_type": "transmission", "ref": "DK"}}, {"type": "Feature", "geometry": {"type": "Point", "coordinates": [-114.837816, 32.500996]}, "properties": {"osm_id": "", "name": "Ruiz Cortinez", "operator": "Comisi\u00f3n Federal de Electricidad", "nominal_kv": 230, "sub_type": "transmission", "ref": ""}}, {"type": "Feature", "geometry": {"type": "Point", "coordinates": [-111.993563, 33.669161]}, "properties": {"osm_id": "", "name": "Reach Substation", "operator": "Arizona Public Service", "nominal_kv": 230, "sub_type": "distribution", "ref": ""}}, {"type": "Feature", "geometry": {"type": "Point", "coordinates": [-115.51568, 35.252165]}, "properties": {"osm_id": "", "name": "Cima Substation", "operator": "", "nominal_kv": 230, "sub_type": "", "ref": ""}}, {"type": "Feature", "geometry": {"type": "Point", "coordinates": [-116.577134, 33.937674]}, "properties": {"osm_id": "", "name": "Devers Substation", "operator": "Southern California Edison", "nominal_kv": 500, "sub_type": "distribution", "ref": ""}}, {"type": "Feature", "geometry": {"type": "Point", "coordinates": [-117.156821, 33.738997]}, "properties": {"osm_id": "", "name": "Valley Substation", "operator": "Southern California Edison", "nominal_kv": 500, "sub_type": "transmission", "ref": "Valley"}}, {"type": "Feature", "geometry": {"type": "Point", "coordinates": [-120.220071, 47.026684]}, "properties": {"osm_id": "", "name": "Wild Horse Substation", "operator": "Puget Sound Energy", "nominal_kv": 230, "sub_type": "", "ref": ""}}, {"type": "Feature", "geometry": {"type": "Point", "coordinates": [-120.297718, 46.956931]}, "properties": {"osm_id": "", "name": "Wind Ridge Substation", "operator": "Puget Sound Energy", "nominal_kv": 230, "sub_type": "", "ref": ""}}, {"type": "Feature", "geometry": {"type": "Point", "coordinates": [-123.101449, 49.278162]}, "properties": {"osm_id": "", "name": "Murrin #2 Substation", "operator": "BC Hydro", "nominal_kv": 230, "sub_type": "distribution", "ref": "MUR"}}, {"type": "Feature", "geometry": {"type": "Point", "coordinates": [-116.384638, 34.781722]}, "properties": {"osm_id": "", "name": "Pisgah Switchyard", "operator": "", "nominal_kv": 230, "sub_type": "", "ref": ""}}, {"type": "Feature", "geometry": {"type": "Point", "coordinates": [-115.009551, 35.796383]}, "properties": {"osm_id": "", "name": "Eldorado Substation", "operator": "Southern California Edison", "nominal_kv": 500, "sub_type": "transmission", "ref": "Eldorado"}}, {"type": "Feature", "geometry": {"type": "Point", "coordinates": [-117.790095, 33.828687]}, "properties": {"osm_id": "", "name": "Serrano Substation", "operator": "Southern California Edison", "nominal_kv": 500, "sub_type": "transmission", "ref": "Serrano"}}, {"type": "Feature", "geometry": {"type": "Point", "coordinates": [-105.122815, 39.789066]}, "properties": {"osm_id": "", "name": "Ridge Substation", "operator": "Public Service Company of Colorado", "nominal_kv": 230, "sub_type": "transmission", "ref": ""}}, {"type": "Feature", "geometry": {"type": "Point", "coordinates": [-105.206265, 40.018786]}, "properties": {"osm_id": "", "name": "Leggett Substation", "operator": "Public Service Company of Colorado", "nominal_kv": 230, "sub_type": "", "ref": ""}}, {"type": "Feature", "geometry": {"type": "Point", "coordinates": [-105.179305, 40.070101]}, "properties": {"osm_id": "", "name": "Niwot Substation", "operator": "Public Service Company of Colorado", "nominal_kv": 230, "sub_type": "", "ref": ""}}, {"type": "Feature", "geometry": {"type": "Point", "coordinates": [-104.874482, 40.243451]}, "properties": {"osm_id": "", "name": "Fort Saint Vrain Switching Station", "operator": "Public Service Company of Colorado", "nominal_kv": 230, "sub_type": "generation", "ref": ""}}, {"type": "Feature", "geometry": {"type": "Point", "coordinates": [-112.056183, 33.655688]}, "properties": {"osm_id": "", "name": "Lone Peak Substation", "operator": "Arizona Public Service", "nominal_kv": 230, "sub_type": "distribution", "ref": ""}}, {"type": "Feature", "geometry": {"type": "Point", "coordinates": [-118.110683, 34.036704]}, "properties": {"osm_id": "", "name": "Mesa Substation", "operator": "Southern California Edison", "nominal_kv": 500, "sub_type": "transmission", "ref": "Mesa"}}, {"type": "Feature", "geometry": {"type": "Point", "coordinates": [-104.966727, 39.808336]}, "properties": {"osm_id": "", "name": "Cherokee Switchyard", "operator": "Public Service Company of Colorado", "nominal_kv": 230, "sub_type": "transmission", "ref": ""}}, {"type": "Feature", "geometry": {"type": "Point", "coordinates": [-105.003177, 39.668757]}, "properties": {"osm_id": "", "name": "Arapahoe Switchyard", "operator": "Public Service Company of Colorado", "nominal_kv": 230, "sub_type": "transmission", "ref": ""}}, {"type": "Feature", "geometry": {"type": "Point", "coordinates": [-121.907677, 37.8001]}, "properties": {"osm_id": "", "name": "Tassajara Substation", "operator": "Pacific Gas and Electric Company", "nominal_kv": 230, "sub_type": "", "ref": ""}}, {"type": "Feature", "geometry": {"type": "Point", "coordinates": [-121.936932, 37.744697]}, "properties": {"osm_id": "", "name": "San Ramon Substation", "operator": "Pacific Gas and Electric Company", "nominal_kv": 230, "sub_type": "", "ref": ""}}, {"type": "Feature", "geometry": {"type": "Point", "coordinates": [-121.854391, 37.66943]}, "properties": {"osm_id": "", "name": "Vineyard Substation", "operator": "Pacific Gas and Electric Company", "nominal_kv": 230, "sub_type": "", "ref": ""}}, {"type": "Feature", "geometry": {"type": "Point", "coordinates": [-119.898125, 47.159732]}, "properties": {"osm_id": "", "name": "Ancient Lake Substation", "operator": "", "nominal_kv": 230, "sub_type": "", "ref": ""}}, {"type": "Feature", "geometry": {"type": "Point", "coordinates": [-118.359819, 34.175575]}, "properties": {"osm_id": "", "name": "Receiving Station E - Toluca", "operator": "Los Angeles Department of Water and Power", "nominal_kv": 500, "sub_type": "transmission", "ref": ""}}, {"type": "Feature", "geometry": {"type": "Point", "coordinates": [-114.830496, 36.481409]}, "properties": {"osm_id": "", "name": "Crystal Substation", "operator": "", "nominal_kv": 500, "sub_type": "transmission", "ref": "Crystal"}}, {"type": "Feature", "geometry": {"type": "Point", "coordinates": [-114.90712, 36.427895]}, "properties": {"osm_id": "", "name": "Harry Allen Substation", "operator": "", "nominal_kv": 500, "sub_type": "transmission", "ref": ""}}, {"type": "Feature", "geometry": {"type": "Point", "coordinates": [-114.599674, 35.146691]}, "properties": {"osm_id": "", "name": "Mohave Substation", "operator": "Southern California Edison", "nominal_kv": 500, "sub_type": "", "ref": ""}}, {"type": "Feature", "geometry": {"type": "Point", "coordinates": [-114.21152, 34.417255]}, "properties": {"osm_id": "", "name": "Black Mesa Substation", "operator": "", "nominal_kv": 230, "sub_type": "distribution", "ref": ""}}, {"type": "Feature", "geometry": {"type": "Point", "coordinates": [-118.543293, 34.229236]}, "properties": {"osm_id": "", "name": "LADWP Receiving Station J - Northridge", "operator": "Los Angeles Department of Water and Power", "nominal_kv": 230, "sub_type": "transmission", "ref": ""}}, {"type": "Feature", "geometry": {"type": "Point", "coordinates": [-114.171345, 34.291081]}, "properties": {"osm_id": "", "name": "Gene Substation", "operator": "", "nominal_kv": 230, "sub_type": "", "ref": ""}}, {"type": "Feature", "geometry": {"type": "Point", "coordinates": [-114.141603, 34.291205]}, "properties": {"osm_id": "", "name": "Havasu Tap", "operator": "", "nominal_kv": 230, "sub_type": "distribution", "ref": ""}}, {"type": "Feature", "geometry": {"type": "Point", "coordinates": [-117.563435, 34.007061]}, "properties": {"osm_id": "", "name": "Mira Loma Substation", "operator": "Southern California Edison", "nominal_kv": 500, "sub_type": "distribution", "ref": "Mira Loma"}}, {"type": "Feature", "geometry": {"type": "Point", "coordinates": [-117.534728, 34.087378]}, "properties": {"osm_id": "", "name": "Rancho Vista Substation", "operator": "Southern California Edison", "nominal_kv": 500, "sub_type": "", "ref": ""}}, {"type": "Feature", "geometry": {"type": "Point", "coordinates": [-120.406963, 37.292599]}, "properties": {"osm_id": "", "name": "Wilson Substation", "operator": "Pacific Gas and Electric Company", "nominal_kv": 230, "sub_type": "", "ref": ""}}, {"type": "Feature", "geometry": {"type": "Point", "coordinates": [-120.802559, 37.741672]}, "properties": {"osm_id": "", "name": "Warnerville Substation", "operator": "San Francisco Public Utilities Commission", "nominal_kv": 230, "sub_type": "", "ref": ""}}, {"type": "Feature", "geometry": {"type": "Point", "coordinates": [-120.826613, 37.77263]}, "properties": {"osm_id": "", "name": "Cottle Substation", "operator": "Pacific Gas and Electric Company", "nominal_kv": 230, "sub_type": "yes", "ref": ""}}, {"type": "Feature", "geometry": {"type": "Point", "coordinates": [-122.788572, 55.07064]}, "properties": {"osm_id": "", "name": "Kennedy Substation", "operator": "BC Hydro", "nominal_kv": 500, "sub_type": "transmission", "ref": "KDY"}}, {"type": "Feature", "geometry": {"type": "Point", "coordinates": [-115.011367, 35.8192]}, "properties": {"osm_id": "", "name": "Marketplace Substation", "operator": "", "nominal_kv": 500, "sub_type": "", "ref": "Marketplace"}}, {"type": "Feature", "geometry": {"type": "Point", "coordinates": [-115.012635, 35.804824]}, "properties": {"osm_id": "", "name": "McCullough Substation", "operator": "Los Angeles Department of Water and Power", "nominal_kv": 500, "sub_type": "transmission", "ref": "McCullough"}}, {"type": "Feature", "geometry": {"type": "Point", "coordinates": [-114.994309, 35.789836]}, "properties": {"osm_id": "", "name": "Merchant Substation", "operator": "", "nominal_kv": 230, "sub_type": "", "ref": ""}}, {"type": "Feature", "geometry": {"type": "Point", "coordinates": [-114.833204, 35.928407]}, "properties": {"osm_id": "", "name": "Mead Substation", "operator": "Western Area Power Administration", "nominal_kv": 500, "sub_type": "distribution", "ref": "Mead"}}, {"type": "Feature", "geometry": {"type": "Point", "coordinates": [-105.479525, 39.742696]}, "properties": {"osm_id": "", "name": "Idaho Springs Substation", "operator": "Public Service Company of Colorado", "nominal_kv": 230, "sub_type": "distribution", "ref": ""}}, {"type": "Feature", "geometry": {"type": "Point", "coordinates": [-103.588194, 40.254648]}, "properties": {"osm_id": "", "name": "Story Substation", "operator": "", "nominal_kv": 345, "sub_type": "transmission", "ref": ""}}, {"type": "Feature", "geometry": {"type": "Point", "coordinates": [-103.596666, 40.256459]}, "properties": {"osm_id": "", "name": "Beaver Creek Substation", "operator": "Public Service Company of Colorado", "nominal_kv": 230, "sub_type": "transmission", "ref": ""}}, {"type": "Feature", "geometry": {"type": "Point", "coordinates": [-114.086871, 35.143755]}, "properties": {"osm_id": "", "name": "Harris Substation", "operator": "", "nominal_kv": 230, "sub_type": "transmission", "ref": ""}}, {"type": "Feature", "geometry": {"type": "Point", "coordinates": [-114.086453, 35.13822]}, "properties": {"osm_id": "", "name": "McConnico Substation", "operator": "", "nominal_kv": 230, "sub_type": "transmission", "ref": ""}}, {"type": "Feature", "geometry": {"type": "Point", "coordinates": [-113.980384, 35.177796]}, "properties": {"osm_id": "", "name": "Cheyenne Substation", "operator": "", "nominal_kv": 230, "sub_type": "distribution", "ref": ""}}, {"type": "Feature", "geometry": {"type": "Point", "coordinates": [-118.994053, 50.560699]}, "properties": {"osm_id": "", "name": "Ashton Creek Substation", "operator": "BC Hydro", "nominal_kv": 500, "sub_type": "transmission", "ref": "ACK"}}, {"type": "Feature", "geometry": {"type": "Point", "coordinates": [-115.030156, 36.035584]}, "properties": {"osm_id": "", "name": "Faulkner Substation", "operator": "", "nominal_kv": 230, "sub_type": "", "ref": ""}}, {"type": "Feature", "geometry": {"type": "Point", "coordinates": [-104.732324, 39.751418]}, "properties": {"osm_id": "", "name": "Picadilly Substation", "operator": "Public Service Company of Colorado", "nominal_kv": 230, "sub_type": "distribution", "ref": ""}}, {"type": "Feature", "geometry": {"type": "Point", "coordinates": [-112.055843, 33.837973]}, "properties": {"osm_id": "", "name": "Gavilan Peak Substation", "operator": "Arizona Public Service", "nominal_kv": 230, "sub_type": "distribution", "ref": ""}}, {"type": "Feature", "geometry": {"type": "Point", "coordinates": [-119.362074, 46.362169]}, "properties": {"osm_id": "", "name": "White Bluffs Substation", "operator": "", "nominal_kv": 230, "sub_type": "", "ref": ""}}, {"type": "Feature", "geometry": {"type": "Point", "coordinates": [-112.109054, 33.571527]}, "properties": {"osm_id": "", "name": "Alexander Substation", "operator": "Salt River Project", "nominal_kv": 230, "sub_type": "distribution", "ref": ""}}, {"type": "Feature", "geometry": {"type": "Point", "coordinates": [-122.526993, 45.402813]}, "properties": {"osm_id": "", "name": "Carver Substation", "operator": "Portland General Electric", "nominal_kv": 230, "sub_type": "transmission", "ref": ""}}, {"type": "Feature", "geometry": {"type": "Point", "coordinates": [-112.133744, 33.663124]}, "properties": {"osm_id": "", "name": "Deer Valley Substation", "operator": "Arizona Public Service", "nominal_kv": 230, "sub_type": "distribution", "ref": ""}}, {"type": "Feature", "geometry": {"type": "Point", "coordinates": [-117.369566, 34.366385]}, "properties": {"osm_id": "", "name": "Lugo Substation", "operator": "Southern California Edison", "nominal_kv": 500, "sub_type": "", "ref": "Lugo"}}, {"type": "Feature", "geometry": {"type": "Point", "coordinates": [-112.188012, 33.4204]}, "properties": {"osm_id": "", "name": "Orme Substation", "operator": "Salt River Project", "nominal_kv": 230, "sub_type": "distribution", "ref": ""}}, {"type": "Feature", "geometry": {"type": "Point", "coordinates": [-118.226244, 34.067108]}, "properties": {"osm_id": "", "name": "Receiving Station A", "operator": "Los Angeles Department of Water and Power", "nominal_kv": 230, "sub_type": "transmission", "ref": "A"}}, {"type": "Feature", "geometry": {"type": "Point", "coordinates": [-121.467024, 38.9352]}, "properties": {"osm_id": "", "name": "Rio Oso Substation", "operator": "Pacific Gas and Electric Company", "nominal_kv": 230, "sub_type": "", "ref": ""}}, {"type": "Feature", "geometry": {"type": "Point", "coordinates": [-123.232145, 49.356945]}, "properties": {"osm_id": "", "name": "Cypress Substation", "operator": "BC Hydro", "nominal_kv": 230, "sub_type": "transmission", "ref": "CYP"}}, {"type": "Feature", "geometry": {"type": "Point", "coordinates": [-114.921449, 36.381943]}, "properties": {"osm_id": "", "name": "Chuck Lenzie Substation", "operator": "", "nominal_kv": 500, "sub_type": "transmission", "ref": ""}}, {"type": "Feature", "geometry": {"type": "Point", "coordinates": [-112.58115, 39.499567]}, "properties": {"osm_id": "", "name": "Delta Static Inverter", "operator": "Intermountain Power Agency", "nominal_kv": 500, "sub_type": "converter", "ref": ""}}, {"type": "Feature", "geometry": {"type": "Point", "coordinates": [-113.647376, 37.41403]}, "properties": {"osm_id": "", "name": "Red Butte Substation", "operator": "", "nominal_kv": 345, "sub_type": "transmission", "ref": ""}}, {"type": "Feature", "geometry": {"type": "Point", "coordinates": [-112.907923, 37.883701]}, "properties": {"osm_id": "", "name": "Parowan Substation", "operator": "", "nominal_kv": 230, "sub_type": "", "ref": ""}}, {"type": "Feature", "geometry": {"type": "Point", "coordinates": [-123.043835, 44.095619]}, "properties": {"osm_id": "", "name": "McKenzie Substation", "operator": "Eugene Water & Electric Board", "nominal_kv": 230, "sub_type": "transmission", "ref": ""}}, {"type": "Feature", "geometry": {"type": "Point", "coordinates": [-118.298545, 34.687056]}, "properties": {"osm_id": "", "name": "Antelope Substation", "operator": "Southern California Edison", "nominal_kv": 500, "sub_type": "", "ref": ""}}, {"type": "Feature", "geometry": {"type": "Point", "coordinates": [-121.210713, 44.270354]}, "properties": {"osm_id": "", "name": "Redmond Substation", "operator": "Bonneville Power Administration", "nominal_kv": 230, "sub_type": "distribution", "ref": ""}}, {"type": "Feature", "geometry": {"type": "Point", "coordinates": [-125.015427, 54.074488]}, "properties": {"osm_id": "", "name": "Glenannan Substation", "operator": "BC Hydro", "nominal_kv": 500, "sub_type": "transmission", "ref": "GLN"}}, {"type": "Feature", "geometry": {"type": "Point", "coordinates": [-113.099299, 46.932132]}, "properties": {"osm_id": "", "name": "Ovando Substation", "operator": "Bonneville Power Administration", "nominal_kv": 230, "sub_type": "transmission", "ref": ""}}, {"type": "Feature", "geometry": {"type": "Point", "coordinates": [-123.412132, 48.56697]}, "properties": {"osm_id": "", "name": "Keating Substation", "operator": "", "nominal_kv": 230, "sub_type": "", "ref": ""}}, {"type": "Feature", "geometry": {"type": "Point", "coordinates": [-105.11108, 39.594602]}, "properties": {"osm_id": "", "name": "Chatfield Substation", "operator": "Public Service Company of Colorado", "nominal_kv": 230, "sub_type": "distribution", "ref": ""}}, {"type": "Feature", "geometry": {"type": "Point", "coordinates": [-115.53741, 32.802197]}, "properties": {"osm_id": "", "name": "El Centro Substation", "operator": "Imperial Irrigation District", "nominal_kv": 230, "sub_type": "", "ref": "El Centro"}}, {"type": "Feature", "geometry": {"type": "Point", "coordinates": [-114.492256, 32.745463]}, "properties": {"osm_id": "", "name": "North Gila Substation", "operator": "Arizona Public Service", "nominal_kv": 500, "sub_type": "transmission", "ref": ""}}, {"type": "Feature", "geometry": {"type": "Point", "coordinates": [-112.852213, 33.347265]}, "properties": {"osm_id": "", "name": "Hassayampa Switch Yard", "operator": "", "nominal_kv": 500, "sub_type": "transmission", "ref": ""}}, {"type": "Feature", "geometry": {"type": "Point", "coordinates": [-112.861325, 33.384839]}, "properties": {"osm_id": "", "name": "Palo Verde Generating Switchyard", "operator": "Arizona Public Service", "nominal_kv": 500, "sub_type": "transmission", "ref": ""}}, {"type": "Feature", "geometry": {"type": "Point", "coordinates": [-113.113774, 33.477554]}, "properties": {"osm_id": "", "name": "Harquahala Substation", "operator": "", "nominal_kv": 500, "sub_type": "transmission", "ref": ""}}, {"type": "Feature", "geometry": {"type": "Point", "coordinates": [-128.632312, 54.451993]}, "properties": {"osm_id": "", "name": "Skeena Substation", "operator": "BC Hydro", "nominal_kv": 500, "sub_type": "transmission", "ref": "SKA"}}, {"type": "Feature", "geometry": {"type": "Point", "coordinates": [-121.676721, 37.918993]}, "properties": {"osm_id": "", "name": "Brentwood Substation", "operator": "Pacific Gas and Electric Company", "nominal_kv": 230, "sub_type": "distribution", "ref": ""}}, {"type": "Feature", "geometry": {"type": "Point", "coordinates": [-121.486731, 39.53245]}, "properties": {"osm_id": "", "name": "Hyatt Switchyard", "operator": "California Department of Water Resources", "nominal_kv": 230, "sub_type": "switchyard", "ref": ""}}, {"type": "Feature", "geometry": {"type": "Point", "coordinates": [-122.276473, 39.237435]}, "properties": {"osm_id": "", "name": "Maxwell Capacitor Station", "operator": "Western Area Power Administration", "nominal_kv": 500, "sub_type": "transmission", "ref": ""}}, {"type": "Feature", "geometry": {"type": "Point", "coordinates": [-121.936076, 40.807499]}, "properties": {"osm_id": "", "name": "Round Mountain Substation", "operator": "", "nominal_kv": 500, "sub_type": "", "ref": ""}}, {"type": "Feature", "geometry": {"type": "Point", "coordinates": [-122.264728, 40.397559]}, "properties": {"osm_id": "", "name": "Cottonwood Substation", "operator": "Pacific Gas and Electric Company", "nominal_kv": 230, "sub_type": "transmission", "ref": ""}}, {"type": "Feature", "geometry": {"type": "Point", "coordinates": [-122.381279, 40.382293]}, "properties": {"osm_id": "", "name": "Olinda Substation", "operator": "Western Area Power Administration", "nominal_kv": 500, "sub_type": "transmission", "ref": ""}}, {"type": "Feature", "geometry": {"type": "Point", "coordinates": [-104.847909, 39.521167]}, "properties": {"osm_id": "", "name": "Surrey Ridge Substation", "operator": "Public Service Company of Colorado", "nominal_kv": 230, "sub_type": "distribution", "ref": ""}}, {"type": "Feature", "geometry": {"type": "Point", "coordinates": [-122.559144, 45.338403]}, "properties": {"osm_id": "", "name": "McLoughlin Substation", "operator": "Portland General Electric", "nominal_kv": 230, "sub_type": "transmission", "ref": ""}}, {"type": "Feature", "geometry": {"type": "Point", "coordinates": [-120.829963, 36.925167]}, "properties": {"osm_id": "", "name": "Dos Amigos Substation", "operator": "", "nominal_kv": 230, "sub_type": "transmission", "ref": ""}}, {"type": "Feature", "geometry": {"type": "Point", "coordinates": [-120.126838, 36.141529]}, "properties": {"osm_id": "", "name": "Gates Substation", "operator": "Pacific Gas and Electric Company", "nominal_kv": 500, "sub_type": "transmission", "ref": ""}}, {"type": "Feature", "geometry": {"type": "Point", "coordinates": [-122.954466, 50.132874]}, "properties": {"osm_id": "", "name": "Rainbow Substation", "operator": "BC Hydro", "nominal_kv": 230, "sub_type": "", "ref": ""}}, {"type": "Feature", "geometry": {"type": "Point", "coordinates": [-120.581763, 36.653379]}, "properties": {"osm_id": "", "name": "Panoche Substation", "operator": "Pacific Gas and Electric Company", "nominal_kv": 230, "sub_type": "", "ref": ""}}, {"type": "Feature", "geometry": {"type": "Point", "coordinates": [-123.015772, 43.996923]}, "properties": {"osm_id": "", "name": "Alvey Substation", "operator": "", "nominal_kv": 500, "sub_type": "", "ref": ""}}, {"type": "Feature", "geometry": {"type": "Point", "coordinates": [-120.855635, 35.373568]}, "properties": {"osm_id": "", "name": "Morro Bay", "operator": "Pacific Gas and Electric Company", "nominal_kv": 230, "sub_type": "", "ref": ""}}, {"type": "Feature", "geometry": {"type": "Point", "coordinates": [-104.783058, 39.508948]}, "properties": {"osm_id": "", "name": "Sulphur Substation", "operator": "Core (IREA)", "nominal_kv": 230, "sub_type": "transmission", "ref": ""}}, {"type": "Feature", "geometry": {"type": "Point", "coordinates": [-104.904821, 39.494301]}, "properties": {"osm_id": "", "name": "Daniels Park Substation", "operator": "Public Service Company of Colorado", "nominal_kv": 345, "sub_type": "transmission", "ref": ""}}, {"type": "Feature", "geometry": {"type": "Point", "coordinates": [-104.81536, 39.481444]}, "properties": {"osm_id": "", "name": "Lemon Gulch Substation", "operator": "Public Service Company of Colorado", "nominal_kv": 230, "sub_type": "distribution", "ref": ""}}, {"type": "Feature", "geometry": {"type": "Point", "coordinates": [-121.477683, 38.713262]}, "properties": {"osm_id": "", "name": "Elverta Substation", "operator": "Sacramento Municipal Utility District", "nominal_kv": 230, "sub_type": "transmission", "ref": ""}}, {"type": "Feature", "geometry": {"type": "Point", "coordinates": [-121.390211, 42.079866]}, "properties": {"osm_id": "", "name": "Captain Jack Substation", "operator": "", "nominal_kv": 500, "sub_type": "", "ref": ""}}, {"type": "Feature", "geometry": {"type": "Point", "coordinates": [-120.955988, 43.013869]}, "properties": {"osm_id": "", "name": "Summer Lake Substation", "operator": "PacifiCorp", "nominal_kv": 500, "sub_type": "transmission", "ref": ""}}, {"type": "Feature", "geometry": {"type": "Point", "coordinates": [-120.988455, 42.85344]}, "properties": {"osm_id": "", "name": "Sycan Capacitor Station", "operator": "Bonneville Power Administration;Portland General Electric;PacifiCorp", "nominal_kv": 500, "sub_type": "capacitor", "ref": ""}}, {"type": "Feature", "geometry": {"type": "Point", "coordinates": [-120.902399, 45.161231]}, "properties": {"osm_id": "", "name": "Bakeoven Capacitor Station", "operator": "Bonneville Power Administration", "nominal_kv": 500, "sub_type": "capacitor", "ref": ""}}, {"type": "Feature", "geometry": {"type": "Point", "coordinates": [-121.019953, 44.482221]}, "properties": {"osm_id": "", "name": "Grizzly Substation", "operator": "Bonneville Power Administration", "nominal_kv": 500, "sub_type": "compensation", "ref": ""}}, {"type": "Feature", "geometry": {"type": "Point", "coordinates": [-120.932997, 44.226196]}, "properties": {"osm_id": "", "name": "Ponderosa Substation", "operator": "Bonneville Power Administration", "nominal_kv": 500, "sub_type": "transmission", "ref": ""}}, {"type": "Feature", "geometry": {"type": "Point", "coordinates": [-117.141662, 47.69664]}, "properties": {"osm_id": "", "name": "Boulder Park Substation", "operator": "Avista", "nominal_kv": 230, "sub_type": "", "ref": ""}}, {"type": "Feature", "geometry": {"type": "Point", "coordinates": [-115.738148, 47.959543]}, "properties": {"osm_id": "", "name": "Noxon Substation", "operator": "Avista", "nominal_kv": 230, "sub_type": "transmission", "ref": ""}}, {"type": "Feature", "geometry": {"type": "Point", "coordinates": [-122.735889, 47.035454]}, "properties": {"osm_id": "", "name": "St Clair Substation", "operator": "Puget Sound Energy", "nominal_kv": 230, "sub_type": "transmission", "ref": ""}}, {"type": "Feature", "geometry": {"type": "Point", "coordinates": [-104.702882, 39.608941]}, "properties": {"osm_id": "", "name": "Murphy Creek Substation", "operator": "Public Service Company of Colorado", "nominal_kv": 230, "sub_type": "distribution", "ref": ""}}, {"type": "Feature", "geometry": {"type": "Point", "coordinates": [-122.40717, 45.361144]}, "properties": {"osm_id": "", "name": "Ostrander Substation", "operator": "Bonneville Power Administration", "nominal_kv": 500, "sub_type": "transmission", "ref": ""}}, {"type": "Feature", "geometry": {"type": "Point", "coordinates": [-121.204112, 45.635592]}, "properties": {"osm_id": "", "name": "Chenoweth Substation", "operator": "Bonneville Power Administration", "nominal_kv": 230, "sub_type": "transmission", "ref": "Chenoweth Substation"}}, {"type": "Feature", "geometry": {"type": "Point", "coordinates": [-104.77141, 39.668536]}, "properties": {"osm_id": "", "name": "Buckley Substation", "operator": "Public Service Company of Colorado", "nominal_kv": 230, "sub_type": "distribution", "ref": ""}}, {"type": "Feature", "geometry": {"type": "Point", "coordinates": [-104.827805, 39.683328]}, "properties": {"osm_id": "", "name": "Tollgate Substation", "operator": "Public Service Company of Colorado", "nominal_kv": 230, "sub_type": "distribution", "ref": ""}}, {"type": "Feature", "geometry": {"type": "Point", "coordinates": [-104.893781, 39.652164]}, "properties": {"osm_id": "", "name": "Sullivan Substation", "operator": "Public Service Company of Colorado", "nominal_kv": 230, "sub_type": "distribution", "ref": ""}}, {"type": "Feature", "geometry": {"type": "Point", "coordinates": [-104.717589, 39.525205]}, "properties": {"osm_id": "", "name": "Homestead substation", "operator": "Public Service Company of Colorado", "nominal_kv": 230, "sub_type": "distribution", "ref": ""}}, {"type": "Feature", "geometry": {"type": "Point", "coordinates": [-104.922419, 39.601401]}, "properties": {"osm_id": "", "name": "Greenwood Substation", "operator": "Public Service Company of Colorado", "nominal_kv": 230, "sub_type": "distribution", "ref": ""}}, {"type": "Feature", "geometry": {"type": "Point", "coordinates": [-104.905019, 39.550284]}, "properties": {"osm_id": "", "name": "Praire Substation", "operator": "Public Service Company of Colorado", "nominal_kv": 230, "sub_type": "distribution", "ref": ""}}, {"type": "Feature", "geometry": {"type": "Point", "coordinates": [-105.018995, 39.737382]}, "properties": {"osm_id": "", "name": "Denver Terminal/Zuni Switchyard", "operator": "Public Service Company of Colorado", "nominal_kv": 230, "sub_type": "transmission", "ref": ""}}, {"type": "Feature", "geometry": {"type": "Point", "coordinates": [-122.889161, 46.039531]}, "properties": {"osm_id": "", "name": "Trojan Substation", "operator": "Portland General Electric", "nominal_kv": 230, "sub_type": "", "ref": ""}}, {"type": "Feature", "geometry": {"type": "Point", "coordinates": [-122.463505, 45.49161]}, "properties": {"osm_id": "", "name": "Gresham Substation", "operator": "Portland General Electric", "nominal_kv": 230, "sub_type": "distribution", "ref": ""}}, {"type": "Feature", "geometry": {"type": "Point", "coordinates": [-108.591436, 45.857807]}, "properties": {"osm_id": "", "name": "Alkali Creek Substation", "operator": "NorthWestern Energy", "nominal_kv": 230, "sub_type": "transmission", "ref": ""}}, {"type": "Feature", "geometry": {"type": "Point", "coordinates": [-108.851896, 46.051259]}, "properties": {"osm_id": "", "name": "Broadview Substation", "operator": "Northwest Energy", "nominal_kv": 500, "sub_type": "transmission", "ref": ""}}, {"type": "Feature", "geometry": {"type": "Point", "coordinates": [-109.80301, 46.673196]}, "properties": {"osm_id": "", "name": "Judith Gap Substation", "operator": "Northwest Energy", "nominal_kv": 230, "sub_type": "distribution", "ref": ""}}, {"type": "Feature", "geometry": {"type": "Point", "coordinates": [-108.01549, 37.184175]}, "properties": {"osm_id": "", "name": "Hesperus Substation", "operator": "", "nominal_kv": 345, "sub_type": "transmission", "ref": ""}}, {"type": "Feature", "geometry": {"type": "Point", "coordinates": [-117.026244, 46.43122]}, "properties": {"osm_id": "", "name": "North Lewiston Substation", "operator": "Avista", "nominal_kv": 230, "sub_type": "", "ref": ""}}, {"type": "Feature", "geometry": {"type": "Point", "coordinates": [-116.910008, 46.468898]}, "properties": {"osm_id": "", "name": "Hatwai Substation", "operator": "", "nominal_kv": 500, "sub_type": "transmission", "ref": ""}}, {"type": "Feature", "geometry": {"type": "Point", "coordinates": [-117.373183, 48.328655]}, "properties": {"osm_id": "", "name": "Cusick Substation", "operator": "Bonneville Power Administration", "nominal_kv": 230, "sub_type": "transmission", "ref": ""}}, {"type": "Feature", "geometry": {"type": "Point", "coordinates": [-117.277262, 48.176051]}, "properties": {"osm_id": "", "name": "Sacheen Substation", "operator": "", "nominal_kv": 230, "sub_type": "transmission", "ref": ""}}, {"type": "Feature", "geometry": {"type": "Point", "coordinates": [-117.341604, 49.006451]}, "properties": {"osm_id": "", "name": "Nelway Substation", "operator": "BC Hydro", "nominal_kv": 230, "sub_type": "", "ref": "NLY"}}, {"type": "Feature", "geometry": {"type": "Point", "coordinates": [-123.232331, 44.051046]}, "properties": {"osm_id": "", "name": "Lane Substation", "operator": "Bonneville Power Administration", "nominal_kv": 500, "sub_type": "transmission", "ref": ""}}, {"type": "Feature", "geometry": {"type": "Point", "coordinates": [-115.589496, 47.45598]}, "properties": {"osm_id": "", "name": "Taft Substation", "operator": "Bonneville Power Administration", "nominal_kv": 500, "sub_type": "transmission", "ref": ""}}, {"type": "Feature", "geometry": {"type": "Point", "coordinates": [-121.268554, 44.601666]}, "properties": {"osm_id": "", "name": "Round Butte Substation", "operator": "Portland General Electric", "nominal_kv": 500, "sub_type": "", "ref": ""}}, {"type": "Feature", "geometry": {"type": "Point", "coordinates": [-123.923557, 44.621285]}, "properties": {"osm_id": "", "name": "Toledo Substation", "operator": "Bonneville Power Administration", "nominal_kv": 230, "sub_type": "distribution", "ref": ""}}, {"type": "Feature", "geometry": {"type": "Point", "coordinates": [-123.127199, 44.62125]}, "properties": {"osm_id": "", "name": "Albany Substation", "operator": "Bonneville Power Administration", "nominal_kv": 230, "sub_type": "distribution", "ref": ""}}, {"type": "Feature", "geometry": {"type": "Point", "coordinates": [-116.919995, 47.785241]}, "properties": {"osm_id": "", "name": "Lancaster", "operator": "Bonneville Power Administration", "nominal_kv": 230, "sub_type": "", "ref": ""}}, {"type": "Feature", "geometry": {"type": "Point", "coordinates": [-122.196076, 56.013836]}, "properties": {"osm_id": "", "name": "Williston Forebay", "operator": "BC Hydro", "nominal_kv": 500, "sub_type": "generation", "ref": "GMS"}}, {"type": "Feature", "geometry": {"type": "Point", "coordinates": [-118.281302, 35.034443]}, "properties": {"osm_id": "", "name": "Windhub Substation", "operator": "Southern California Edison", "nominal_kv": 500, "sub_type": "transmission", "ref": ""}}, {"type": "Feature", "geometry": {"type": "Point", "coordinates": [-117.030906, 32.917175]}, "properties": {"osm_id": "", "name": "Sycamore Canyon Substation", "operator": "San Diego Gas & Electric", "nominal_kv": 230, "sub_type": "transmission", "ref": ""}}, {"type": "Feature", "geometry": {"type": "Point", "coordinates": [-117.116996, 33.125788]}, "properties": {"osm_id": "", "name": "Escondido Substation", "operator": "San Diego Gas & Electric", "nominal_kv": 230, "sub_type": "transmission", "ref": ""}}, {"type": "Feature", "geometry": {"type": "Point", "coordinates": [-106.091872, 38.50941]}, "properties": {"osm_id": "", "name": "Poncha Substation", "operator": "", "nominal_kv": 230, "sub_type": "transmission", "ref": ""}}, {"type": "Feature", "geometry": {"type": "Point", "coordinates": [-124.010971, 44.00731]}, "properties": {"osm_id": "", "name": "Wendson Substation", "operator": "Bonneville Power Administration", "nominal_kv": 230, "sub_type": "distribution", "ref": ""}}, {"type": "Feature", "geometry": {"type": "Point", "coordinates": [-120.834556, 45.812011]}, "properties": {"osm_id": "", "name": "E. E. Clouse Substation", "operator": "Klickitat Public Utility District", "nominal_kv": 230, "sub_type": "transmission", "ref": ""}}, {"type": "Feature", "geometry": {"type": "Point", "coordinates": [-117.032508, 47.346842]}, "properties": {"osm_id": "", "name": "Benewah Substation", "operator": "Avista", "nominal_kv": 230, "sub_type": "", "ref": ""}}, {"type": "Feature", "geometry": {"type": "Point", "coordinates": [-116.850574, 44.970462]}, "properties": {"osm_id": "", "name": "Oxbow Substation", "operator": "Idaho Power", "nominal_kv": 230, "sub_type": "transmission", "ref": ""}}, {"type": "Feature", "geometry": {"type": "Point", "coordinates": [-121.813586, 42.173931]}, "properties": {"osm_id": "", "name": "Klamath Substation", "operator": "PacifiCorp", "nominal_kv": 500, "sub_type": "transmission", "ref": ""}}, {"type": "Feature", "geometry": {"type": "Point", "coordinates": [-122.754508, 42.364068]}, "properties": {"osm_id": "", "name": "Meridian Substation", "operator": "PacifiCorp", "nominal_kv": 500, "sub_type": "distribution", "ref": ""}}, {"type": "Feature", "geometry": {"type": "Point", "coordinates": [-123.239963, 43.206467]}, "properties": {"osm_id": "", "name": "Dixonville Substation", "operator": "PacifiCorp", "nominal_kv": 230, "sub_type": "", "ref": ""}}, {"type": "Feature", "geometry": {"type": "Point", "coordinates": [-123.224935, 43.218184]}, "properties": {"osm_id": "", "name": "Dixonville Substation", "operator": "PacifiCorp", "nominal_kv": 500, "sub_type": "", "ref": ""}}, {"type": "Feature", "geometry": {"type": "Point", "coordinates": [-112.122023, 43.309144]}, "properties": {"osm_id": "", "name": "Goshen Substation", "operator": "", "nominal_kv": 345, "sub_type": "transmission", "ref": ""}}, {"type": "Feature", "geometry": {"type": "Point", "coordinates": [-103.753374, 44.323002]}, "properties": {"osm_id": "", "name": "Yellow Creek Substation", "operator": "Black Hills Energy", "nominal_kv": 230, "sub_type": "distribution", "ref": ""}}, {"type": "Feature", "geometry": {"type": "Point", "coordinates": [-106.394813, 41.96005]}, "properties": {"osm_id": "", "name": "Freezeout Substation", "operator": "", "nominal_kv": 230, "sub_type": "transmission", "ref": ""}}, {"type": "Feature", "geometry": {"type": "Point", "coordinates": [-106.613881, 45.89106]}, "properties": {"osm_id": "", "name": "Colstrip Substation", "operator": "NorthWestern Energy", "nominal_kv": 500, "sub_type": "transmission", "ref": ""}}, {"type": "Feature", "geometry": {"type": "Point", "coordinates": [-117.271455, 48.289185]}, "properties": {"osm_id": "", "name": "Usk Substation", "operator": "", "nominal_kv": 230, "sub_type": "transmission", "ref": ""}}, {"type": "Feature", "geometry": {"type": "Point", "coordinates": [-119.89719, 46.642159]}, "properties": {"osm_id": "", "name": "Priest Rapids", "operator": "Grant County Public Utility District", "nominal_kv": 230, "sub_type": "transmission", "ref": ""}}, {"type": "Feature", "geometry": {"type": "Point", "coordinates": [-112.889522, 46.515984]}, "properties": {"osm_id": "", "name": "Garrison Substation", "operator": "Bonneville Power Administration", "nominal_kv": 500, "sub_type": "transmission", "ref": ""}}, {"type": "Feature", "geometry": {"type": "Point", "coordinates": [-119.951007, 46.293474]}, "properties": {"osm_id": "", "name": "Wine Country Substation", "operator": "", "nominal_kv": 230, "sub_type": "transmission", "ref": ""}}, {"type": "Feature", "geometry": {"type": "Point", "coordinates": [-120.735748, 45.675957]}, "properties": {"osm_id": "", "name": "John Day Substation", "operator": "Bonneville Power Administration", "nominal_kv": 230, "sub_type": "", "ref": ""}}, {"type": "Feature", "geometry": {"type": "Point", "coordinates": [-120.283065, 50.680038]}, "properties": {"osm_id": "", "name": "Valley View Substation", "operator": "BC Hydro", "nominal_kv": 230, "sub_type": "transmission", "ref": "VVW"}}, {"type": "Feature", "geometry": {"type": "Point", "coordinates": [-103.037231, 40.964795]}, "properties": {"osm_id": "", "name": "Spring Canyon II Substation", "operator": "Western Area Power Administration", "nominal_kv": 230, "sub_type": "switching", "ref": ""}}, {"type": "Feature", "geometry": {"type": "Point", "coordinates": [-103.033636, 40.96281]}, "properties": {"osm_id": "", "name": "Spring Canyon II Substation", "operator": "Invenergy", "nominal_kv": 230, "sub_type": "switching", "ref": ""}}, {"type": "Feature", "geometry": {"type": "Point", "coordinates": [-104.648858, 41.144866]}, "properties": {"osm_id": "", "name": "Archer Substation", "operator": "Western Area Power Administration", "nominal_kv": 230, "sub_type": "transmission", "ref": ""}}, {"type": "Feature", "geometry": {"type": "Point", "coordinates": [-102.991755, 41.161913]}, "properties": {"osm_id": "", "name": "Sidney Tri-State Substation", "operator": "Tri-State Generation and Transmission Association", "nominal_kv": 230, "sub_type": "transmission", "ref": ""}}, {"type": "Feature", "geometry": {"type": "Point", "coordinates": [-102.98808, 41.164459]}, "properties": {"osm_id": "", "name": "Virginia Smith Converter Station", "operator": "Western Area Power Administration", "nominal_kv": 230, "sub_type": "converter", "ref": ""}}, {"type": "Feature", "geometry": {"type": "Point", "coordinates": [-122.083637, 48.154555]}, "properties": {"osm_id": "", "name": "Murray Substation", "operator": "", "nominal_kv": 230, "sub_type": "transmission", "ref": ""}}, {"type": "Feature", "geometry": {"type": "Point", "coordinates": [-109.893056, 32.060033]}, "properties": {"osm_id": "", "name": "Apache Substation", "operator": "SWTC", "nominal_kv": 230, "sub_type": "transmission", "ref": ""}}, {"type": "Feature", "geometry": {"type": "Point", "coordinates": [-112.273296, 33.802222]}, "properties": {"osm_id": "", "name": "Raceway Substation", "operator": "Arizona Public Service", "nominal_kv": 230, "sub_type": "transmission", "ref": ""}}, {"type": "Feature", "geometry": {"type": "Point", "coordinates": [-114.426156, 42.834272]}, "properties": {"osm_id": "", "name": "Midpoint Substation", "operator": "Idaho Power", "nominal_kv": 500, "sub_type": "transmission", "ref": ""}}, {"type": "Feature", "geometry": {"type": "Point", "coordinates": [-112.929973, 42.749567]}, "properties": {"osm_id": "", "name": "Borah Substation", "operator": "Idaho Power", "nominal_kv": 345, "sub_type": "transmission", "ref": ""}}, {"type": "Feature", "geometry": {"type": "Point", "coordinates": [-111.596385, 42.710308]}, "properties": {"osm_id": "", "name": "Three Mile Knoll Substation", "operator": "", "nominal_kv": 345, "sub_type": "transmission", "ref": ""}}, {"type": "Feature", "geometry": {"type": "Point", "coordinates": [-112.156119, 42.424902]}, "properties": {"osm_id": "", "name": "Populus Substation", "operator": "Idaho Power", "nominal_kv": 345, "sub_type": "", "ref": ""}}, {"type": "Feature", "geometry": {"type": "Point", "coordinates": [-120.215836, 45.67478]}, "properties": {"osm_id": "", "name": "Jones Canyon Substation", "operator": "", "nominal_kv": 230, "sub_type": "", "ref": ""}}, {"type": "Feature", "geometry": {"type": "Point", "coordinates": [-112.870533, 42.772759]}, "properties": {"osm_id": "", "name": "Brady Substation", "operator": "Idaho Power", "nominal_kv": 230, "sub_type": "transmission", "ref": ""}}, {"type": "Feature", "geometry": {"type": "Point", "coordinates": [-118.747059, 45.63803]}, "properties": {"osm_id": "", "name": "Roundup Substation", "operator": "", "nominal_kv": 230, "sub_type": "", "ref": ""}}, {"type": "Feature", "geometry": {"type": "Point", "coordinates": [-118.07198, 45.312327]}, "properties": {"osm_id": "", "name": "La Grande Substation", "operator": "", "nominal_kv": 230, "sub_type": "", "ref": ""}}, {"type": "Feature", "geometry": {"type": "Point", "coordinates": [-122.592322, 46.522725]}, "properties": {"osm_id": "", "name": "Silver Creek Substation", "operator": "Bonneville Power Administration", "nominal_kv": 230, "sub_type": "", "ref": ""}}, {"type": "Feature", "geometry": {"type": "Point", "coordinates": [-122.431462, 46.533004]}, "properties": {"osm_id": "", "name": "Mossyrock Substation", "operator": "", "nominal_kv": 230, "sub_type": "", "ref": ""}}, {"type": "Feature", "geometry": {"type": "Point", "coordinates": [-112.559226, 42.892522]}, "properties": {"osm_id": "", "name": "Kinport Substation", "operator": "", "nominal_kv": 345, "sub_type": "transmission", "ref": ""}}, {"type": "Feature", "geometry": {"type": "Point", "coordinates": [-122.061515, 37.691473]}, "properties": {"osm_id": "", "name": "Castro Valley Substation", "operator": "Pacific Gas and Electric Company", "nominal_kv": 230, "sub_type": "distribution", "ref": ""}}, {"type": "Feature", "geometry": {"type": "Point", "coordinates": [-116.662973, 43.350258]}, "properties": {"osm_id": "", "name": "Hemingway Substation", "operator": "Idaho Power", "nominal_kv": 500, "sub_type": "transmission", "ref": ""}}, {"type": "Feature", "geometry": {"type": "Point", "coordinates": [-113.668869, 42.705678]}, "properties": {"osm_id": "", "name": "Adelaide Substation", "operator": "Idaho Power", "nominal_kv": 345, "sub_type": "transmission", "ref": ""}}, {"type": "Feature", "geometry": {"type": "Point", "coordinates": [-108.760696, 41.6296]}, "properties": {"osm_id": "", "name": "Point of Rocks Substation", "operator": "PacifiCorp", "nominal_kv": 230, "sub_type": "distribution", "ref": ""}}, {"type": "Feature", "geometry": {"type": "Point", "coordinates": [-107.930866, 42.204746]}, "properties": {"osm_id": "", "name": "Mustang Substation", "operator": "PacifiCorp", "nominal_kv": 230, "sub_type": "", "ref": ""}}, {"type": "Feature", "geometry": {"type": "Point", "coordinates": [-111.849992, 42.222851]}, "properties": {"osm_id": "", "name": "Treasureton Substation", "operator": "PacifiCorp", "nominal_kv": 230, "sub_type": "", "ref": ""}}, {"type": "Feature", "geometry": {"type": "Point", "coordinates": [-116.560774, 31.873998]}, "properties": {"osm_id": "", "name": "Lomas", "operator": "CFE", "nominal_kv": 230, "sub_type": "transmission", "ref": ""}}, {"type": "Feature", "geometry": {"type": "Point", "coordinates": [-107.185794, 40.480378]}, "properties": {"osm_id": "", "name": "Hayden Substation", "operator": "", "nominal_kv": 230, "sub_type": "transmission", "ref": ""}}, {"type": "Feature", "geometry": {"type": "Point", "coordinates": [-106.290955, 40.812365]}, "properties": {"osm_id": "", "name": "North Park Substation", "operator": "Western Area Power Administration", "nominal_kv": 230, "sub_type": "minor_distribution", "ref": ""}}, {"type": "Feature", "geometry": {"type": "Point", "coordinates": [-103.678524, 40.216714]}, "properties": {"osm_id": "", "name": "Pawnee Substation", "operator": "Public Service Company of Colorado", "nominal_kv": 345, "sub_type": "transmission", "ref": ""}}, {"type": "Feature", "geometry": {"type": "Point", "coordinates": [-104.813065, 40.606052]}, "properties": {"osm_id": "", "name": "Ault substation", "operator": "Western Area Power Administration", "nominal_kv": 345, "sub_type": "transmission", "ref": ""}}, {"type": "Feature", "geometry": {"type": "Point", "coordinates": [-105.021148, 40.861198]}, "properties": {"osm_id": "", "name": "Rawhide Substation", "operator": "Platte River Power Authority", "nominal_kv": 230, "sub_type": "transmission", "ref": ""}}, {"type": "Feature", "geometry": {"type": "Point", "coordinates": [-116.585565, 31.777097]}, "properties": {"osm_id": "", "name": "Cipr\u00e9s", "operator": "", "nominal_kv": 230, "sub_type": "transmission", "ref": ""}}, {"type": "Feature", "geometry": {"type": "Point", "coordinates": [-104.577339, 39.638572]}, "properties": {"osm_id": "", "name": "Quincy Substation", "operator": "Public Service Company of Colorado", "nominal_kv": 230, "sub_type": "distribution", "ref": ""}}, {"type": "Feature", "geometry": {"type": "Point", "coordinates": [-102.609833, 37.704313]}, "properties": {"osm_id": "", "name": "Colorado Green Substation", "operator": "", "nominal_kv": 230, "sub_type": "generation", "ref": ""}}, {"type": "Feature", "geometry": {"type": "Point", "coordinates": [-102.738109, 40.262534]}, "properties": {"osm_id": "", "name": "North Yuma Substation", "operator": "", "nominal_kv": 230, "sub_type": "", "ref": ""}}, {"type": "Feature", "geometry": {"type": "Point", "coordinates": [-104.808276, 40.426661]}, "properties": {"osm_id": "", "name": "Weld Substation", "operator": "Public Service Company of Colorado", "nominal_kv": 230, "sub_type": "transmission", "ref": ""}}, {"type": "Feature", "geometry": {"type": "Point", "coordinates": [-104.88557, 40.475325]}, "properties": {"osm_id": "", "name": "Windsor Substation", "operator": "Public Service Company of Colorado", "nominal_kv": 230, "sub_type": "distribution", "ref": ""}}, {"type": "Feature", "geometry": {"type": "Point", "coordinates": [-104.887647, 42.107659]}, "properties": {"osm_id": "", "name": "Larimer River Station Substation", "operator": "Western Area Power Administration", "nominal_kv": 345, "sub_type": "transmission", "ref": ""}}, {"type": "Feature", "geometry": {"type": "Point", "coordinates": [-103.049234, 41.191608]}, "properties": {"osm_id": "", "name": "Sidney Substation", "operator": "Basin Electric Power Cooperative", "nominal_kv": 345, "sub_type": "transmission", "ref": ""}}, {"type": "Feature", "geometry": {"type": "Point", "coordinates": [-103.942369, 41.819916]}, "properties": {"osm_id": "", "name": "Stegall Substation", "operator": "Western Area Power Administration", "nominal_kv": 230, "sub_type": "transmission", "ref": ""}}, {"type": "Feature", "geometry": {"type": "Point", "coordinates": [-103.942412, 41.820932]}, "properties": {"osm_id": "", "name": "David A. Hamil DC Tie", "operator": "", "nominal_kv": 230, "sub_type": "converter", "ref": ""}}, {"type": "Feature", "geometry": {"type": "Point", "coordinates": [-104.576509, 38.211191]}, "properties": {"osm_id": "", "name": "Comanche Substation", "operator": "Public Service Company of Colorado", "nominal_kv": 345, "sub_type": "generation", "ref": ""}}, {"type": "Feature", "geometry": {"type": "Point", "coordinates": [-104.687361, 38.557668]}, "properties": {"osm_id": "", "name": "Fountain Valley Substation", "operator": "", "nominal_kv": 230, "sub_type": "generation", "ref": ""}}, {"type": "Feature", "geometry": {"type": "Point", "coordinates": [-104.690042, 38.560944]}, "properties": {"osm_id": "", "name": "Midway Substation", "operator": "Public Service Company of Colorado", "nominal_kv": 345, "sub_type": "transmission", "ref": ""}}, {"type": "Feature", "geometry": {"type": "Point", "coordinates": [-104.702823, 38.632298]}, "properties": {"osm_id": "", "name": "Nixon Substation", "operator": "Colorado Springs Utilities", "nominal_kv": 230, "sub_type": "generation", "ref": ""}}, {"type": "Feature", "geometry": {"type": "Point", "coordinates": [-104.706802, 38.628625]}, "properties": {"osm_id": "", "name": "Front Range Substation", "operator": "Colorado Springs Utilities", "nominal_kv": 230, "sub_type": "generation", "ref": ""}}, {"type": "Feature", "geometry": {"type": "Point", "coordinates": [-105.222945, 39.85788]}, "properties": {"osm_id": "", "name": "Plains End Switching Station", "operator": "Public Service Company of Colorado", "nominal_kv": 230, "sub_type": "transmission", "ref": ""}}, {"type": "Feature", "geometry": {"type": "Point", "coordinates": [-105.224882, 39.857209]}, "properties": {"osm_id": "", "name": "Plains End NUG Substation", "operator": "Pacific Gas and Electric Company", "nominal_kv": 230, "sub_type": "generation", "ref": ""}}, {"type": "Feature", "geometry": {"type": "Point", "coordinates": [-107.592314, 40.472446]}, "properties": {"osm_id": "", "name": "Craig Substation", "operator": "", "nominal_kv": 345, "sub_type": "transmission", "ref": ""}}, {"type": "Feature", "geometry": {"type": "Point", "coordinates": [-106.851476, 40.48787]}, "properties": {"osm_id": "", "name": "Steamboat Substation", "operator": "Yampa Valley Electric", "nominal_kv": 230, "sub_type": "", "ref": ""}}, {"type": "Feature", "geometry": {"type": "Point", "coordinates": [-107.593896, 40.480374]}, "properties": {"osm_id": "", "name": "Bears Ears Switching Station", "operator": "", "nominal_kv": 345, "sub_type": "transmission", "ref": ""}}, {"type": "Feature", "geometry": {"type": "Point", "coordinates": [-109.290653, 40.085907]}, "properties": {"osm_id": "", "name": "Bonanza Substation", "operator": "", "nominal_kv": 345, "sub_type": "transmission", "ref": ""}}, {"type": "Feature", "geometry": {"type": "Point", "coordinates": [-104.766933, 39.768499]}, "properties": {"osm_id": "", "name": "Tower Substation", "operator": "Public Service Company of Colorado", "nominal_kv": 230, "sub_type": "distribution", "ref": ""}}, {"type": "Feature", "geometry": {"type": "Point", "coordinates": [-104.683573, 39.741644]}, "properties": {"osm_id": "", "name": "Spruce Switching Station", "operator": "Public Service Company of Colorado", "nominal_kv": 230, "sub_type": "transmission", "ref": ""}}, {"type": "Feature", "geometry": {"type": "Point", "coordinates": [-104.67632, 39.792288]}, "properties": {"osm_id": "", "name": "Sky Ranch Substation", "operator": "Public Service Company of Colorado", "nominal_kv": 230, "sub_type": "", "ref": ""}}, {"type": "Feature", "geometry": {"type": "Point", "coordinates": [-104.682159, 39.942214]}, "properties": {"osm_id": "", "name": "Knutson Substation", "operator": "Tri-State Generation and Transmission Association", "nominal_kv": 230, "sub_type": "generation", "ref": ""}}, {"type": "Feature", "geometry": {"type": "Point", "coordinates": [-104.679592, 39.944318]}, "properties": {"osm_id": "", "name": "Barr Lake Substation", "operator": "United Power;Tri-State Generation and Transmission Association", "nominal_kv": 230, "sub_type": "distribution", "ref": ""}}, {"type": "Feature", "geometry": {"type": "Point", "coordinates": [-104.544789, 39.916668]}, "properties": {"osm_id": "", "name": "Green Valley Switching Station", "operator": "Public Service Company of Colorado", "nominal_kv": 230, "sub_type": "transmission", "ref": ""}}, {"type": "Feature", "geometry": {"type": "Point", "coordinates": [-111.109933, 41.53504]}, "properties": {"osm_id": "", "name": "Birch Creek Substation", "operator": "", "nominal_kv": 230, "sub_type": "transmission", "ref": ""}}, {"type": "Feature", "geometry": {"type": "Point", "coordinates": [-110.600253, 41.758745]}, "properties": {"osm_id": "", "name": "Naughton Substation", "operator": "PacifiCorp", "nominal_kv": 230, "sub_type": "generation", "ref": ""}}, {"type": "Feature", "geometry": {"type": "Point", "coordinates": [-111.993373, 38.844341]}, "properties": {"osm_id": "", "name": "Sigurd Substation", "operator": "", "nominal_kv": 345, "sub_type": "transmission", "ref": ""}}, {"type": "Feature", "geometry": {"type": "Point", "coordinates": [-122.610119, 53.85034]}, "properties": {"osm_id": "", "name": "Williston Substation", "operator": "BC Hydro", "nominal_kv": 500, "sub_type": "transmission", "ref": "WSN"}}, {"type": "Feature", "geometry": {"type": "Point", "coordinates": [-104.75508, 40.016508]}, "properties": {"osm_id": "", "name": "Henry Lake Substation", "operator": "United Power;Tri-State Generation and Transmission Association", "nominal_kv": 230, "sub_type": "transmission", "ref": ""}}, {"type": "Feature", "geometry": {"type": "Point", "coordinates": [-111.487314, 36.931176]}, "properties": {"osm_id": "", "name": "Glen Canyon Substation", "operator": "", "nominal_kv": 345, "sub_type": "transmission", "ref": ""}}, {"type": "Feature", "geometry": {"type": "Point", "coordinates": [-111.394267, 36.902408]}, "properties": {"osm_id": "", "name": "Navajo Generating Station Unit", "operator": "", "nominal_kv": 500, "sub_type": "transmission", "ref": ""}}, {"type": "Feature", "geometry": {"type": "Point", "coordinates": [-109.161338, 34.311433]}, "properties": {"osm_id": "", "name": "Springerville Substation", "operator": "", "nominal_kv": 345, "sub_type": "transmission", "ref": ""}}, {"type": "Feature", "geometry": {"type": "Point", "coordinates": [-109.277543, 34.576943]}, "properties": {"osm_id": "", "name": "Coronado Substation", "operator": "", "nominal_kv": 500, "sub_type": "transmission", "ref": ""}}, {"type": "Feature", "geometry": {"type": "Point", "coordinates": [-108.4428, 36.802405]}, "properties": {"osm_id": "", "name": "San Juan Substation", "operator": "", "nominal_kv": 345, "sub_type": "transmission", "ref": ""}}, {"type": "Feature", "geometry": {"type": "Point", "coordinates": [-108.442315, 36.816833]}, "properties": {"osm_id": "", "name": "Waterflow Substation", "operator": "", "nominal_kv": 345, "sub_type": "", "ref": ""}}, {"type": "Feature", "geometry": {"type": "Point", "coordinates": [-108.476736, 36.79687]}, "properties": {"osm_id": "", "name": "Shiprock Substation", "operator": "", "nominal_kv": 345, "sub_type": "transmission", "ref": ""}}, {"type": "Feature", "geometry": {"type": "Point", "coordinates": [-111.446861, 35.832291]}, "properties": {"osm_id": "", "name": "Moenkopi Substation", "operator": "", "nominal_kv": 500, "sub_type": "transmission", "ref": ""}}, {"type": "Feature", "geometry": {"type": "Point", "coordinates": [-112.501472, 33.412216]}, "properties": {"osm_id": "", "name": "Liberty Substation", "operator": "Arizona Public Service", "nominal_kv": 345, "sub_type": "distribution", "ref": ""}}, {"type": "Feature", "geometry": {"type": "Point", "coordinates": [-112.313439, 33.467088]}, "properties": {"osm_id": "", "name": "White Tanks Substation", "operator": "Arizona Public Service", "nominal_kv": 230, "sub_type": "distribution", "ref": ""}}, {"type": "Feature", "geometry": {"type": "Point", "coordinates": [-112.592567, 33.43661]}, "properties": {"osm_id": "", "name": "Buckeye Substation", "operator": "Arizona Public Service", "nominal_kv": 230, "sub_type": "distribution", "ref": ""}}, {"type": "Feature", "geometry": {"type": "Point", "coordinates": [-112.317891, 33.409199]}, "properties": {"osm_id": "", "name": "Rudd Substation", "operator": "Arizona Public Service", "nominal_kv": 500, "sub_type": "transmission", "ref": ""}}, {"type": "Feature", "geometry": {"type": "Point", "coordinates": [-112.313453, 33.466089]}, "properties": {"osm_id": "", "name": "White Tanks Substation", "operator": "Salt River Project", "nominal_kv": 230, "sub_type": "distribution", "ref": ""}}, {"type": "Feature", "geometry": {"type": "Point", "coordinates": [-110.135044, 34.636311]}, "properties": {"osm_id": "", "name": "Sugarloaf Substation", "operator": "", "nominal_kv": 500, "sub_type": "transmission", "ref": ""}}, {"type": "Feature", "geometry": {"type": "Point", "coordinates": [-104.595364, 40.089617]}, "properties": {"osm_id": "", "name": "RMEC Substation", "operator": "Public Service Company of Colorado", "nominal_kv": 230, "sub_type": "generation", "ref": ""}}, {"type": "Feature", "geometry": {"type": "Point", "coordinates": [-104.909113, 39.628866]}, "properties": {"osm_id": "", "name": "Monaco Substation", "operator": "Public Service Company of Colorado", "nominal_kv": 230, "sub_type": "distribution", "ref": ""}}, {"type": "Feature", "geometry": {"type": "Point", "coordinates": [-116.984743, 32.679399]}, "properties": {"osm_id": "", "name": "Miguel Substation", "operator": "San Diego Gas & Electric", "nominal_kv": 500, "sub_type": "transmission", "ref": ""}}, {"type": "Feature", "geometry": {"type": "Point", "coordinates": [-112.321152, 33.707268]}, "properties": {"osm_id": "", "name": "Westwing Substation", "operator": "Arizona Public Service", "nominal_kv": 500, "sub_type": "transmission", "ref": ""}}, {"type": "Feature", "geometry": {"type": "Point", "coordinates": [-112.326658, 33.705081]}, "properties": {"osm_id": "", "name": "Perkins Substation", "operator": "Arizona Public Service", "nominal_kv": 500, "sub_type": "transmission", "ref": ""}}, {"type": "Feature", "geometry": {"type": "Point", "coordinates": [-109.316511, 37.868422]}, "properties": {"osm_id": "", "name": "Pinto Substation", "operator": "", "nominal_kv": 345, "sub_type": "transmission", "ref": ""}}, {"type": "Feature", "geometry": {"type": "Point", "coordinates": [-104.918396, 39.881427]}, "properties": {"osm_id": "", "name": "Riverdale Substation", "operator": "Public Service Company of Colorado", "nominal_kv": 230, "sub_type": "distribution", "ref": ""}}, {"type": "Feature", "geometry": {"type": "Point", "coordinates": [-104.857666, 39.882463]}, "properties": {"osm_id": "", "name": "Silver Saddle Substation", "operator": "United Power", "nominal_kv": 230, "sub_type": "minor_distribution", "ref": ""}}, {"type": "Feature", "geometry": {"type": "Point", "coordinates": [-113.53789, 33.942455]}, "properties": {"osm_id": "", "name": "Harcuvar Substation", "operator": "", "nominal_kv": 230, "sub_type": "distribution", "ref": ""}}, {"type": "Feature", "geometry": {"type": "Point", "coordinates": [-105.319802, 38.504377]}, "properties": {"osm_id": "", "name": "West Canon Substation 230", "operator": "", "nominal_kv": 230, "sub_type": "distribution", "ref": ""}}, {"type": "Feature", "geometry": {"type": "Point", "coordinates": [-107.535369, 38.429565]}, "properties": {"osm_id": "", "name": "Curecanti Substation", "operator": "", "nominal_kv": 230, "sub_type": "", "ref": ""}}, {"type": "Feature", "geometry": {"type": "Point", "coordinates": [-107.952743, 38.438449]}, "properties": {"osm_id": "", "name": "Montrose Substation", "operator": "", "nominal_kv": 345, "sub_type": "transmission", "ref": ""}}, {"type": "Feature", "geometry": {"type": "Point", "coordinates": [-107.980542, 40.008364]}, "properties": {"osm_id": "", "name": "Meeker Switching Station", "operator": "", "nominal_kv": 345, "sub_type": "transmission", "ref": ""}}, {"type": "Feature", "geometry": {"type": "Point", "coordinates": [-104.970078, 39.524954]}, "properties": {"osm_id": "", "name": "Marcy Substation", "operator": "Public Service Company of Colorado", "nominal_kv": 230, "sub_type": "", "ref": ""}}, {"type": "Feature", "geometry": {"type": "Point", "coordinates": [-105.157906, 39.632459]}, "properties": {"osm_id": "", "name": "Soda Lakes Substation", "operator": "Public Service Company of Colorado", "nominal_kv": 230, "sub_type": "transmission", "ref": ""}}, {"type": "Feature", "geometry": {"type": "Point", "coordinates": [-105.030106, 39.797433]}, "properties": {"osm_id": "", "name": "Arvada Substation", "operator": "Public Service Company of Colorado", "nominal_kv": 230, "sub_type": "distribution", "ref": ""}}, {"type": "Feature", "geometry": {"type": "Point", "coordinates": [-105.090006, 39.789552]}, "properties": {"osm_id": "", "name": "Russell Substation", "operator": "Public Service Company of Colorado", "nominal_kv": 230, "sub_type": "distribution", "ref": ""}}, {"type": "Feature", "geometry": {"type": "Point", "coordinates": [-112.262346, 33.81688]}, "properties": {"osm_id": "", "name": "Morgan Substation (TS-9)", "operator": "", "nominal_kv": 500, "sub_type": "transmission", "ref": ""}}, {"type": "Feature", "geometry": {"type": "Point", "coordinates": [-112.229605, 34.75651]}, "properties": {"osm_id": "", "name": "Yavapai Substation", "operator": "Arizona Public Service", "nominal_kv": 500, "sub_type": "transmission", "ref": ""}}, {"type": "Feature", "geometry": {"type": "Point", "coordinates": [-112.271366, 33.845218]}, "properties": {"osm_id": "", "name": "Waddell Substation", "operator": "", "nominal_kv": 230, "sub_type": "distribution", "ref": ""}}, {"type": "Feature", "geometry": {"type": "Point", "coordinates": [-117.334463, 33.211354]}, "properties": {"osm_id": "", "name": "San Luis Rey Substation", "operator": "San Diego Gas & Electric", "nominal_kv": 230, "sub_type": "transmission", "ref": ""}}, {"type": "Feature", "geometry": {"type": "Point", "coordinates": [-111.037153, 33.339106]}, "properties": {"osm_id": "", "name": "Silverking Substation", "operator": "", "nominal_kv": 500, "sub_type": "transmission", "ref": ""}}, {"type": "Feature", "geometry": {"type": "Point", "coordinates": [-111.509537, 33.452699]}, "properties": {"osm_id": "", "name": "Goldfield Substation", "operator": "", "nominal_kv": 230, "sub_type": "transmission", "ref": ""}}, {"type": "Feature", "geometry": {"type": "Point", "coordinates": [-111.286168, 32.5445]}, "properties": {"osm_id": "", "name": "Tortolita Substation", "operator": "Tucson Electric Power", "nominal_kv": 500, "sub_type": "transmission", "ref": ""}}, {"type": "Feature", "geometry": {"type": "Point", "coordinates": [-111.296699, 32.556103]}, "properties": {"osm_id": "", "name": "Saguaro Substation", "operator": "Tucson Electric Power", "nominal_kv": 500, "sub_type": "generation", "ref": ""}}, {"type": "Feature", "geometry": {"type": "Point", "coordinates": [-107.742922, 39.521245]}, "properties": {"osm_id": "", "name": "Rifle Substation UTE", "operator": "UTE", "nominal_kv": 345, "sub_type": "transmission", "ref": ""}}, {"type": "Feature", "geometry": {"type": "Point", "coordinates": [-107.67989, 39.520939]}, "properties": {"osm_id": "", "name": "Rifle Switching Station", "operator": "Public Service Company of Colorado", "nominal_kv": 230, "sub_type": "transmission", "ref": ""}}, {"type": "Feature", "geometry": {"type": "Point", "coordinates": [-111.748407, 33.330507]}, "properties": {"osm_id": "", "name": "Santan Substation", "operator": "", "nominal_kv": 230, "sub_type": "distribution", "ref": ""}}, {"type": "Feature", "geometry": {"type": "Point", "coordinates": [-111.668078, 33.425397]}, "properties": {"osm_id": "", "name": "Thunderstone Substation II", "operator": "Salt River Project", "nominal_kv": 230, "sub_type": "distribution", "ref": ""}}, {"type": "Feature", "geometry": {"type": "Point", "coordinates": [-111.674937, 33.4268]}, "properties": {"osm_id": "", "name": "Thunderstone Substation", "operator": "Salt River Project", "nominal_kv": 230, "sub_type": "distribution", "ref": ""}}, {"type": "Feature", "geometry": {"type": "Point", "coordinates": [-104.224253, 38.255448]}, "properties": {"osm_id": "", "name": "Boone Substation", "operator": "Public Service Company of Colorado", "nominal_kv": 230, "sub_type": "transmission", "ref": ""}}, {"type": "Feature", "geometry": {"type": "Point", "coordinates": [-105.994114, 37.692094]}, "properties": {"osm_id": "", "name": "San Luis Valley Substation", "operator": "", "nominal_kv": 230, "sub_type": "transmission", "ref": ""}}, {"type": "Feature", "geometry": {"type": "Point", "coordinates": [-123.106139, 48.042369]}, "properties": {"osm_id": "", "name": "Happy Valley Substaton", "operator": "Bonneville Power Administration", "nominal_kv": 230, "sub_type": "transmission", "ref": ""}}, {"type": "Feature", "geometry": {"type": "Point", "coordinates": [-113.14644, 37.663724]}, "properties": {"osm_id": "", "name": "Cedar City Substation", "operator": "", "nominal_kv": 230, "sub_type": "transmission", "ref": ""}}, {"type": "Feature", "geometry": {"type": "Point", "coordinates": [-111.942327, 33.351915]}, "properties": {"osm_id": "", "name": "Kyrene Substation", "operator": "Salt River Project", "nominal_kv": 500, "sub_type": "distribution", "ref": ""}}, {"type": "Feature", "geometry": {"type": "Point", "coordinates": [-111.936379, 33.354153]}, "properties": {"osm_id": "", "name": "Kyrene Substation II", "operator": "Salt River Project", "nominal_kv": 230, "sub_type": "transmission", "ref": ""}}, {"type": "Feature", "geometry": {"type": "Point", "coordinates": [-112.621823, 33.231054]}, "properties": {"osm_id": "", "name": "Jojoba Switchyard", "operator": "", "nominal_kv": 500, "sub_type": "transmission", "ref": ""}}, {"type": "Feature", "geometry": {"type": "Point", "coordinates": [-111.966068, 33.291878]}, "properties": {"osm_id": "", "name": "Knox Substation", "operator": "SRP", "nominal_kv": 230, "sub_type": "distribution", "ref": ""}}, {"type": "Feature", "geometry": {"type": "Point", "coordinates": [-112.30622, 33.567736]}, "properties": {"osm_id": "", "name": "El Sol Substation", "operator": "Arizona Public Service", "nominal_kv": 230, "sub_type": "transmission", "ref": ""}}, {"type": "Feature", "geometry": {"type": "Point", "coordinates": [-117.613067, 49.321981]}, "properties": {"osm_id": "", "name": "Brilliant Terminal Station", "operator": "BC Hydro", "nominal_kv": 230, "sub_type": "transmission", "ref": ""}}, {"type": "Feature", "geometry": {"type": "Point", "coordinates": [-122.900991, 49.262001]}, "properties": {"osm_id": "", "name": "Barnard Substation", "operator": "BC Hydro", "nominal_kv": 230, "sub_type": "transmission", "ref": "BND"}}, {"type": "Feature", "geometry": {"type": "Point", "coordinates": [-122.79679, 49.262253]}, "properties": {"osm_id": "", "name": "Como Lake Substation", "operator": "BC Hydro", "nominal_kv": 230, "sub_type": "distribution", "ref": "COK"}}, {"type": "Feature", "geometry": {"type": "Point", "coordinates": [-110.967514, 31.997739]}, "properties": {"osm_id": "", "name": "South Substation", "operator": "", "nominal_kv": 345, "sub_type": "distribution", "ref": ""}}, {"type": "Feature", "geometry": {"type": "Point", "coordinates": [-121.900766, 37.233677]}, "properties": {"osm_id": "", "name": "Hicks Substation", "operator": "Pacific Gas and Electric Company", "nominal_kv": 230, "sub_type": "", "ref": ""}}, {"type": "Feature", "geometry": {"type": "Point", "coordinates": [-122.429858, 53.020303]}, "properties": {"osm_id": "", "name": "Barlow Substation", "operator": "BC Hydro", "nominal_kv": 230, "sub_type": "transmission", "ref": "BLW"}}, {"type": "Feature", "geometry": {"type": "Point", "coordinates": [-120.389504, 50.180344]}, "properties": {"osm_id": "", "name": "Nicola Substation", "operator": "BC Hydro", "nominal_kv": 500, "sub_type": "transmission", "ref": "NIC"}}, {"type": "Feature", "geometry": {"type": "Point", "coordinates": [-121.966061, 37.253922]}, "properties": {"osm_id": "", "name": "Vasona Substation", "operator": "Pacific Gas and Electric Company", "nominal_kv": 230, "sub_type": "", "ref": ""}}, {"type": "Feature", "geometry": {"type": "Point", "coordinates": [-108.044198, 39.465989]}, "properties": {"osm_id": "", "name": "Parachute Substation", "operator": "Public Service Company of Colorado", "nominal_kv": 230, "sub_type": "transmission", "ref": ""}}, {"type": "Feature", "geometry": {"type": "Point", "coordinates": [-117.571651, 33.453753]}, "properties": {"osm_id": "", "name": "Talega Substation", "operator": "San Diego Gas & Electric", "nominal_kv": 230, "sub_type": "transmission", "ref": ""}}, {"type": "Feature", "geometry": {"type": "Point", "coordinates": [-123.044365, 49.327935]}, "properties": {"osm_id": "", "name": "Lynn Valley Substation", "operator": "BC Hydro", "nominal_kv": 230, "sub_type": "distribution", "ref": "LYN"}}, {"type": "Feature", "geometry": {"type": "Point", "coordinates": [-104.687969, 38.900072]}, "properties": {"osm_id": "", "name": "Stetson Substation", "operator": "Colorado Springs Utilities", "nominal_kv": 230, "sub_type": "", "ref": ""}}, {"type": "Feature", "geometry": {"type": "Point", "coordinates": [-117.192792, 32.765957]}, "properties": {"osm_id": "", "name": "Old Town Substation", "operator": "San Diego Gas & Electric", "nominal_kv": 230, "sub_type": "transmission", "ref": ""}}, {"type": "Feature", "geometry": {"type": "Point", "coordinates": [-103.164853, 44.010696]}, "properties": {"osm_id": "", "name": "Rapid City DC Tie", "operator": "Western Area Power Administration", "nominal_kv": 230, "sub_type": "converter", "ref": ""}}, {"type": "Feature", "geometry": {"type": "Point", "coordinates": [-106.456697, 30.177293]}, "properties": {"osm_id": "", "name": "Moctezuma", "operator": "Comisi\u00f3n Federal de Electricidad", "nominal_kv": 400, "sub_type": "transmission", "ref": "MCZ"}}, {"type": "Feature", "geometry": {"type": "Point", "coordinates": [-108.762244, 42.525136]}, "properties": {"osm_id": "", "name": "Atlantic City Substation", "operator": "", "nominal_kv": 230, "sub_type": "transmission", "ref": ""}}, {"type": "Feature", "geometry": {"type": "Point", "coordinates": [-106.463288, 31.586429]}, "properties": {"osm_id": "", "name": "Reforma", "operator": "", "nominal_kv": 230, "sub_type": "transmission", "ref": ""}}, {"type": "Feature", "geometry": {"type": "Point", "coordinates": [-112.084284, 33.376782]}, "properties": {"osm_id": "", "name": "Anderson Substation", "operator": "Salt River Project", "nominal_kv": 230, "sub_type": "distribution", "ref": ""}}, {"type": "Feature", "geometry": {"type": "Point", "coordinates": [-123.115276, 49.197824]}, "properties": {"osm_id": "", "name": "Kidd #2 Substation", "operator": "BC Hydro", "nominal_kv": 230, "sub_type": "", "ref": "KI2"}}, {"type": "Feature", "geometry": {"type": "Point", "coordinates": [-114.167257, 51.010296]}, "properties": {"osm_id": "", "name": "Sarcee Substation", "operator": "AltaLink", "nominal_kv": 240, "sub_type": "transmission", "ref": "42S"}}, {"type": "Feature", "geometry": {"type": "Point", "coordinates": [-112.066205, 33.475218]}, "properties": {"osm_id": "", "name": "Country Club Substation", "operator": "Arizona Public Service", "nominal_kv": 269, "sub_type": "distribution", "ref": ""}}, {"type": "Feature", "geometry": {"type": "Point", "coordinates": [-106.084297, 38.520644]}, "properties": {"osm_id": "", "name": "Poncha Junction Substation", "operator": "", "nominal_kv": 230, "sub_type": "distribution", "ref": ""}}, {"type": "Feature", "geometry": {"type": "Point", "coordinates": [-105.041282, 40.564624]}, "properties": {"osm_id": "", "name": "Timberline Substation", "operator": "Platte River Power Authority/Fort Collins Utilities", "nominal_kv": 230, "sub_type": "transmission", "ref": ""}}, {"type": "Feature", "geometry": {"type": "Point", "coordinates": [-112.077135, 33.441899]}, "properties": {"osm_id": "", "name": "Lincoln Street South Substation", "operator": "Arizona Public Service", "nominal_kv": 230, "sub_type": "distribution", "ref": ""}}, {"type": "Feature", "geometry": {"type": "Point", "coordinates": [-105.135022, 40.552268]}, "properties": {"osm_id": "", "name": "Dixon Creek Substation", "operator": "Platte River Power Authority", "nominal_kv": 230, "sub_type": "transmission", "ref": ""}}, {"type": "Feature", "geometry": {"type": "Point", "coordinates": [-122.252454, 50.725276]}, "properties": {"osm_id": "", "name": "Bridge River Substation", "operator": "", "nominal_kv": 360, "sub_type": "", "ref": "BRT"}}, {"type": "Feature", "geometry": {"type": "Point", "coordinates": [-105.708011, 39.653395]}, "properties": {"osm_id": "", "name": "Cabin Creek Substation", "operator": "Public Service Company of Colorado", "nominal_kv": 230, "sub_type": "transmission", "ref": ""}}, {"type": "Feature", "geometry": {"type": "Point", "coordinates": [-123.009906, 44.388146]}, "properties": {"osm_id": "", "name": "Calapooya Substation", "operator": "Pacific Power", "nominal_kv": 230, "sub_type": "distribution", "ref": ""}}, {"type": "Feature", "geometry": {"type": "Point", "coordinates": [-106.033495, 39.484895]}, "properties": {"osm_id": "", "name": "Breckenridge Substation", "operator": "Public Service Company of Colorado", "nominal_kv": 230, "sub_type": "distribution", "ref": ""}}, {"type": "Feature", "geometry": {"type": "Point", "coordinates": [-105.044692, 40.524451]}, "properties": {"osm_id": "", "name": "Harmony Substation", "operator": "Platte River Power Authority", "nominal_kv": 230, "sub_type": "distribution", "ref": ""}}, {"type": "Feature", "geometry": {"type": "Point", "coordinates": [-113.617226, 53.549423]}, "properties": {"osm_id": "", "name": "Jasper Substation", "operator": "EPCOR", "nominal_kv": 240, "sub_type": "transmission", "ref": "805S"}}, {"type": "Feature", "geometry": {"type": "Point", "coordinates": [-108.815468, 35.593389]}, "properties": {"osm_id": "", "name": "Yah-Ta-Hey Substation", "operator": "", "nominal_kv": 345, "sub_type": "distribution", "ref": ""}}, {"type": "Feature", "geometry": {"type": "Point", "coordinates": [-108.817483, 35.592621]}, "properties": {"osm_id": "", "name": "McKinley Substation", "operator": "", "nominal_kv": 345, "sub_type": "transmission", "ref": ""}}, {"type": "Feature", "geometry": {"type": "Point", "coordinates": [-115.096963, 36.274597]}, "properties": {"osm_id": "", "name": "Pecos Substation", "operator": "", "nominal_kv": 230, "sub_type": "distribution", "ref": ""}}, {"type": "Feature", "geometry": {"type": "Point", "coordinates": [-105.991818, 39.609015]}, "properties": {"osm_id": "", "name": "Dillon Substation", "operator": "Public Service Company of Colorado", "nominal_kv": 230, "sub_type": "transmission", "ref": ""}}, {"type": "Feature", "geometry": {"type": "Point", "coordinates": [-112.161096, 33.442488]}, "properties": {"osm_id": "", "name": "West Phoenix Substation", "operator": "Arizona Public Service", "nominal_kv": 230, "sub_type": "distribution", "ref": ""}}, {"type": "Feature", "geometry": {"type": "Point", "coordinates": [-106.13754, 39.791988]}, "properties": {"osm_id": "", "name": "Blue River Substation", "operator": "Public Service Company of Colorado", "nominal_kv": 230, "sub_type": "transmission", "ref": ""}}, {"type": "Feature", "geometry": {"type": "Point", "coordinates": [-106.325438, 39.188659]}, "properties": {"osm_id": "", "name": "Malta Substation", "operator": "Public Service Company of Colorado", "nominal_kv": 230, "sub_type": "transmission", "ref": ""}}, {"type": "Feature", "geometry": {"type": "Point", "coordinates": [-107.050664, 39.371381]}, "properties": {"osm_id": "", "name": "Basalt Substation", "operator": "Public Service Company of Colorado", "nominal_kv": 230, "sub_type": "transmission", "ref": ""}}, {"type": "Feature", "geometry": {"type": "Point", "coordinates": [-105.419185, 39.072934]}, "properties": {"osm_id": "", "name": "Terryall Substation", "operator": "Public Service Company of Colorado", "nominal_kv": 230, "sub_type": "transmission", "ref": ""}}, {"type": "Feature", "geometry": {"type": "Point", "coordinates": [-105.202614, 40.083444]}, "properties": {"osm_id": "", "name": "Gunbarrel Substation", "operator": "Poudre Valley Rural Electric Association", "nominal_kv": 230, "sub_type": "", "ref": ""}}, {"type": "Feature", "geometry": {"type": "Point", "coordinates": [-113.968288, 46.910987]}, "properties": {"osm_id": "", "name": "Rattlesnake Substation", "operator": "NorthWestern Energy", "nominal_kv": 230, "sub_type": "transmission", "ref": ""}}, {"type": "Feature", "geometry": {"type": "Point", "coordinates": [-105.034855, 40.234558]}, "properties": {"osm_id": "", "name": "Longs Peak Substation", "operator": "Platte River Power Authority", "nominal_kv": 230, "sub_type": "transmission", "ref": ""}}, {"type": "Feature", "geometry": {"type": "Point", "coordinates": [-113.481325, 53.456708]}, "properties": {"osm_id": "", "name": "Dome Substation", "operator": "EPCOR", "nominal_kv": 240, "sub_type": "distribution", "ref": ""}}, {"type": "Feature", "geometry": {"type": "Point", "coordinates": [-106.724005, 35.113845]}, "properties": {"osm_id": "", "name": "West Mesa Switching Station", "operator": "Public Service Company of New Mexico", "nominal_kv": 345, "sub_type": "transmission", "ref": "West Mesa"}}, {"type": "Feature", "geometry": {"type": "Point", "coordinates": [-106.530829, 35.051448]}, "properties": {"osm_id": "", "name": "Sandia Substation", "operator": "Public Service Company of New Mexico", "nominal_kv": 345, "sub_type": "", "ref": ""}}, {"type": "Feature", "geometry": {"type": "Point", "coordinates": [-106.855477, 35.327545]}, "properties": {"osm_id": "", "name": "Rio Puerco Substation", "operator": "Public Service Company of New Mexico", "nominal_kv": 345, "sub_type": "", "ref": ""}}, {"type": "Feature", "geometry": {"type": "Point", "coordinates": [-106.483238, 35.348802]}, "properties": {"osm_id": "", "name": "BA Substation", "operator": "Public Service Company of New Mexico", "nominal_kv": 345, "sub_type": "transmission", "ref": ""}}, {"type": "Feature", "geometry": {"type": "Point", "coordinates": [-106.10874, 35.76433]}, "properties": {"osm_id": "", "name": "Norton Substation", "operator": "Public Service Company of New Mexico", "nominal_kv": 345, "sub_type": "transmission", "ref": ""}}, {"type": "Feature", "geometry": {"type": "Point", "coordinates": [-111.94211, 33.483765]}, "properties": {"osm_id": "", "name": "Papago Buttes Substation", "operator": "Salt River Project", "nominal_kv": 230, "sub_type": "distribution", "ref": ""}}, {"type": "Feature", "geometry": {"type": "Point", "coordinates": [-104.76984, 47.10618]}, "properties": {"osm_id": "", "name": "Dawson County Substation", "operator": "", "nominal_kv": 230, "sub_type": "transmission", "ref": "DC"}}, {"type": "Feature", "geometry": {"type": "Point", "coordinates": [-107.504952, 46.123788]}, "properties": {"osm_id": "", "name": "Custer Substation", "operator": "Western Area Power Administration", "nominal_kv": 230, "sub_type": "", "ref": "CU"}}, {"type": "Feature", "geometry": {"type": "Point", "coordinates": [-103.070463, 46.841897]}, "properties": {"osm_id": "", "name": "Belfield Substation", "operator": "Basin Electric Power Cooperative", "nominal_kv": 345, "sub_type": "transmission", "ref": ""}}, {"type": "Feature", "geometry": {"type": "Point", "coordinates": [-105.792191, 46.412608]}, "properties": {"osm_id": "", "name": "Miles City Substation", "operator": "", "nominal_kv": 230, "sub_type": "transmission", "ref": "MC"}}, {"type": "Feature", "geometry": {"type": "Point", "coordinates": [-105.151181, 40.663539]}, "properties": {"osm_id": "", "name": "Laporte Substation", "operator": "Platte River Power Authority", "nominal_kv": 230, "sub_type": "transmission", "ref": ""}}, {"type": "Feature", "geometry": {"type": "Point", "coordinates": [-117.541868, 34.989446]}, "properties": {"osm_id": "", "name": "Kramer Substation", "operator": "Southern California Edison", "nominal_kv": 230, "sub_type": "yes", "ref": "Kramer"}}, {"type": "Feature", "geometry": {"type": "Point", "coordinates": [-119.228433, 50.251938]}, "properties": {"osm_id": "", "name": "Vernon Terminal Substation", "operator": "BC Hydro", "nominal_kv": 230, "sub_type": "transmission", "ref": ""}}, {"type": "Feature", "geometry": {"type": "Point", "coordinates": [-105.045049, 40.389316]}, "properties": {"osm_id": "", "name": "Boyd Substation", "operator": "Platte River Power Authority", "nominal_kv": 230, "sub_type": "transmission", "ref": ""}}, {"type": "Feature", "geometry": {"type": "Point", "coordinates": [-113.868832, 52.236857]}, "properties": {"osm_id": "", "name": "Red Deer Substation", "operator": "AltaLink", "nominal_kv": 240, "sub_type": "transmission", "ref": "63S"}}, {"type": "Feature", "geometry": {"type": "Point", "coordinates": [-119.251743, 50.691872]}, "properties": {"osm_id": "", "name": "Salmon Arm Substation", "operator": "BC Hydro", "nominal_kv": 230, "sub_type": "transmission", "ref": "SAM"}}, {"type": "Feature", "geometry": {"type": "Point", "coordinates": [-101.391764, 36.4955]}, "properties": {"osm_id": "", "name": "Hitchland Substation", "operator": "Southwestern Public Service Company", "nominal_kv": 345, "sub_type": "transmission", "ref": ""}}, {"type": "Feature", "geometry": {"type": "Point", "coordinates": [-121.208301, 38.552981]}, "properties": {"osm_id": "", "name": "Cordova Substation", "operator": "Sacramento Municipal Utility District", "nominal_kv": 230, "sub_type": "transmission", "ref": ""}}, {"type": "Feature", "geometry": {"type": "Point", "coordinates": [-121.400184, 38.531735]}, "properties": {"osm_id": "", "name": "Procter Substation", "operator": "Sacramento Municipal Utility District", "nominal_kv": 230, "sub_type": "generation", "ref": ""}}, {"type": "Feature", "geometry": {"type": "Point", "coordinates": [-120.442847, 38.863585]}, "properties": {"osm_id": "", "name": "Union Valley Substation", "operator": "", "nominal_kv": 230, "sub_type": "", "ref": ""}}, {"type": "Feature", "geometry": {"type": "Point", "coordinates": [-122.424997, 40.679078]}, "properties": {"osm_id": "", "name": "Flanagan Substation", "operator": "Redding Electric Utility", "nominal_kv": 230, "sub_type": "distribution", "ref": ""}}, {"type": "Feature", "geometry": {"type": "Point", "coordinates": [-122.444192, 40.610024]}, "properties": {"osm_id": "", "name": "Keswick Substation", "operator": "Western Area Power Administration", "nominal_kv": 230, "sub_type": "transmission", "ref": ""}}, {"type": "Feature", "geometry": {"type": "Point", "coordinates": [-121.518172, 39.453975]}, "properties": {"osm_id": "", "name": "Palermo Substation", "operator": "Pacific Gas and Electric Company", "nominal_kv": 230, "sub_type": "transmission", "ref": ""}}, {"type": "Feature", "geometry": {"type": "Point", "coordinates": [-111.885277, 33.583508]}, "properties": {"osm_id": "", "name": "Cactus Substation", "operator": "Arizona Public Service", "nominal_kv": 230, "sub_type": "distribution", "ref": ""}}, {"type": "Feature", "geometry": {"type": "Point", "coordinates": [-121.160311, 38.117952]}, "properties": {"osm_id": "", "name": "Lockeford Substation", "operator": "Pacific Gas and Electric Company", "nominal_kv": 230, "sub_type": "transmission", "ref": ""}}, {"type": "Feature", "geometry": {"type": "Point", "coordinates": [-106.537806, 31.731083]}, "properties": {"osm_id": "", "name": "Paso del Norte", "operator": "", "nominal_kv": 230, "sub_type": "transmission", "ref": ""}}, {"type": "Feature", "geometry": {"type": "Point", "coordinates": [-112.196126, 32.997637]}, "properties": {"osm_id": "", "name": "Pinal West Substation", "operator": "", "nominal_kv": 500, "sub_type": "transmission", "ref": ""}}, {"type": "Feature", "geometry": {"type": "Point", "coordinates": [-111.794888, 32.625341]}, "properties": {"osm_id": "", "name": "Tat Momoli Substation", "operator": "", "nominal_kv": 230, "sub_type": "transmission", "ref": ""}}, {"type": "Feature", "geometry": {"type": "Point", "coordinates": [-120.905574, 37.489689]}, "properties": {"osm_id": "", "name": "Walnut Substation", "operator": "Turlock Irrigation District", "nominal_kv": 230, "sub_type": "distribution", "ref": ""}}, {"type": "Feature", "geometry": {"type": "Point", "coordinates": [-111.51635, 33.276792]}, "properties": {"osm_id": "", "name": "Dinosaur Substation", "operator": "Salt River Project", "nominal_kv": 230, "sub_type": "distribution", "ref": ""}}, {"type": "Feature", "geometry": {"type": "Point", "coordinates": [-111.469457, 33.14903]}, "properties": {"osm_id": "", "name": "Abel Substation", "operator": "Salt River Project", "nominal_kv": 230, "sub_type": "transmission", "ref": ""}}, {"type": "Feature", "geometry": {"type": "Point", "coordinates": [-123.366683, 48.442232]}, "properties": {"osm_id": "", "name": "Horsey Substation", "operator": "", "nominal_kv": 230, "sub_type": "", "ref": ""}}, {"type": "Feature", "geometry": {"type": "Point", "coordinates": [-112.106057, 33.473498]}, "properties": {"osm_id": "", "name": "Grand Terminal Substation", "operator": "", "nominal_kv": 230, "sub_type": "", "ref": ""}}, {"type": "Feature", "geometry": {"type": "Point", "coordinates": [-123.80094, 48.806654]}, "properties": {"osm_id": "", "name": "Sahtlam Substation", "operator": "", "nominal_kv": 230, "sub_type": "", "ref": ""}}, {"type": "Feature", "geometry": {"type": "Point", "coordinates": [-109.242964, 41.630616]}, "properties": {"osm_id": "", "name": "Rock Springs Substation", "operator": "PacifiCorp", "nominal_kv": 230, "sub_type": "distribution", "ref": ""}}, {"type": "Feature", "geometry": {"type": "Point", "coordinates": [-124.671261, 49.393497]}, "properties": {"osm_id": "", "name": "Dunsmuir Substation", "operator": "BC Hydro", "nominal_kv": 500, "sub_type": "transmission", "ref": ""}}, {"type": "Feature", "geometry": {"type": "Point", "coordinates": [-124.643139, 49.421872]}, "properties": {"osm_id": "", "name": "Nile Creek Cable Terminal", "operator": "", "nominal_kv": 500, "sub_type": "transition", "ref": ""}}, {"type": "Feature", "geometry": {"type": "Point", "coordinates": [-124.666071, 49.393572]}, "properties": {"osm_id": "", "name": "Dunsmuir Substation - 138 kV Adjunct", "operator": "BC Hydro", "nominal_kv": 230, "sub_type": "transmission", "ref": ""}}, {"type": "Feature", "geometry": {"type": "Point", "coordinates": [-113.363528, 35.192514]}, "properties": {"osm_id": "", "name": "Round Valley Substation", "operator": "Arizona Public Service", "nominal_kv": 230, "sub_type": "transmission", "ref": ""}}, {"type": "Feature", "geometry": {"type": "Point", "coordinates": [-122.330072, 47.56791]}, "properties": {"osm_id": "", "name": "South Substation", "operator": "Seattle City Light", "nominal_kv": 230, "sub_type": "", "ref": ""}}, {"type": "Feature", "geometry": {"type": "Point", "coordinates": [-121.996531, 55.983743]}, "properties": {"osm_id": "", "name": "Peace Canyon Tailrace", "operator": "BC Hydro", "nominal_kv": 500, "sub_type": "generation", "ref": "PCN"}}, {"type": "Feature", "geometry": {"type": "Point", "coordinates": [-109.752937, 41.549983]}, "properties": {"osm_id": "", "name": "South Trona Substation", "operator": "", "nominal_kv": 230, "sub_type": "", "ref": ""}}, {"type": "Feature", "geometry": {"type": "Point", "coordinates": [-117.284814, 45.4373]}, "properties": {"osm_id": "", "name": "Hurricane Substation", "operator": "PacifiCorp", "nominal_kv": 230, "sub_type": "", "ref": ""}}, {"type": "Feature", "geometry": {"type": "Point", "coordinates": [-124.073221, 54.000973]}, "properties": {"osm_id": "", "name": "Tachick Substation", "operator": "", "nominal_kv": 230, "sub_type": "", "ref": "TAC"}}, {"type": "Feature", "geometry": {"type": "Point", "coordinates": [-115.580497, 49.501446]}, "properties": {"osm_id": "", "name": "Cranbrook Substation", "operator": "BC Hydro", "nominal_kv": 500, "sub_type": "transmission", "ref": "CBK / B2S"}}, {"type": "Feature", "geometry": {"type": "Point", "coordinates": [-101.211654, 48.117417]}, "properties": {"osm_id": "", "name": "Logan Substation", "operator": "Basin Electric Power Cooperative", "nominal_kv": 230, "sub_type": "transmission", "ref": ""}}, {"type": "Feature", "geometry": {"type": "Point", "coordinates": [-102.8625, 48.408249]}, "properties": {"osm_id": "", "name": "Neset Substation", "operator": "Basin Electric Power Cooperative", "nominal_kv": 230, "sub_type": "transmission", "ref": ""}}, {"type": "Feature", "geometry": {"type": "Point", "coordinates": [-102.662046, 45.530064]}, "properties": {"osm_id": "", "name": "Bison Substation", "operator": "Western Area Power Administration", "nominal_kv": 230, "sub_type": "transmission", "ref": ""}}, {"type": "Feature", "geometry": {"type": "Point", "coordinates": [-103.159891, 47.342189]}, "properties": {"osm_id": "", "name": "Charlie Creek Substation", "operator": "Basin Electric Power Cooperative", "nominal_kv": 345, "sub_type": "transmission", "ref": ""}}, {"type": "Feature", "geometry": {"type": "Point", "coordinates": [-103.782061, 40.948793]}, "properties": {"osm_id": "", "name": "Cedar Creek II Substation", "operator": "AE Power Services LLC, a subsidiary of BP Wind Energy", "nominal_kv": 230, "sub_type": "generation", "ref": ""}}, {"type": "Feature", "geometry": {"type": "Point", "coordinates": [-101.135877, 31.982558]}, "properties": {"osm_id": "", "name": "Panther Creek Wind 3 Substation", "operator": "E.ON", "nominal_kv": 345, "sub_type": "transmission", "ref": ""}}, {"type": "Feature", "geometry": {"type": "Point", "coordinates": [-118.254344, 34.109336]}, "properties": {"osm_id": "", "name": "Receiving Station G - Atwater", "operator": "Los Angeles Department of Water and Power", "nominal_kv": 230, "sub_type": "transmission", "ref": "G"}}, {"type": "Feature", "geometry": {"type": "Point", "coordinates": [-123.161427, 49.790065]}, "properties": {"osm_id": "", "name": "Cheekye Substation", "operator": "", "nominal_kv": 500, "sub_type": "", "ref": ""}}, {"type": "Feature", "geometry": {"type": "Point", "coordinates": [-109.272857, 41.536755]}, "properties": {"osm_id": "", "name": "Firehole Substation", "operator": "", "nominal_kv": 230, "sub_type": "transmission", "ref": ""}}, {"type": "Feature", "geometry": {"type": "Point", "coordinates": [-122.149339, 47.68503]}, "properties": {"osm_id": "", "name": "Sammamish Substation", "operator": "Puget Sound Energy", "nominal_kv": 230, "sub_type": "transmission", "ref": ""}}, {"type": "Feature", "geometry": {"type": "Point", "coordinates": [-105.37197, 44.285838]}, "properties": {"osm_id": "", "name": "Donkey Creek Substation", "operator": "Black Hills Energy", "nominal_kv": 230, "sub_type": "transmission", "ref": ""}}, {"type": "Feature", "geometry": {"type": "Point", "coordinates": [-108.466985, 37.430534]}, "properties": {"osm_id": "", "name": "Lost Canyon Substation", "operator": "", "nominal_kv": 230, "sub_type": "transmission", "ref": ""}}, {"type": "Feature", "geometry": {"type": "Point", "coordinates": [-108.415672, 39.047117]}, "properties": {"osm_id": "", "name": "Grand Junction Substation", "operator": "UTE", "nominal_kv": 345, "sub_type": "transmission", "ref": ""}}, {"type": "Feature", "geometry": {"type": "Point", "coordinates": [-105.365818, 43.562244]}, "properties": {"osm_id": "", "name": "Teckla Substation", "operator": "Powder River Energy Corporation", "nominal_kv": 230, "sub_type": "distribution", "ref": ""}}, {"type": "Feature", "geometry": {"type": "Point", "coordinates": [-106.047665, 39.267943]}, "properties": {"osm_id": "", "name": "Alma Substation", "operator": "Public Service Company of Colorado", "nominal_kv": 230, "sub_type": "distribution", "ref": ""}}, {"type": "Feature", "geometry": {"type": "Point", "coordinates": [-107.19217, 39.485861]}, "properties": {"osm_id": "", "name": "Hopkins Substation", "operator": "Public Service Company of Colorado", "nominal_kv": 230, "sub_type": "transmission", "ref": ""}}, {"type": "Feature", "geometry": {"type": "Point", "coordinates": [-106.904441, 39.635117]}, "properties": {"osm_id": "", "name": "Cooley Mesa Switching Station", "operator": "Public Service Company of Colorado", "nominal_kv": 230, "sub_type": "transmission", "ref": ""}}, {"type": "Feature", "geometry": {"type": "Point", "coordinates": [-106.688454, 39.694576]}, "properties": {"osm_id": "", "name": "Wolcott Substation", "operator": "", "nominal_kv": 230, "sub_type": "transmission", "ref": ""}}, {"type": "Feature", "geometry": {"type": "Point", "coordinates": [-107.042245, 40.369999]}, "properties": {"osm_id": "", "name": "Foidel Creek Switching Station", "operator": "Public Service Company of Colorado", "nominal_kv": 230, "sub_type": "transmission", "ref": ""}}, {"type": "Feature", "geometry": {"type": "Point", "coordinates": [-106.436814, 40.111367]}, "properties": {"osm_id": "", "name": "Gore Pass Substation", "operator": "Mountain Parks Electric", "nominal_kv": 230, "sub_type": "distribution", "ref": ""}}, {"type": "Feature", "geometry": {"type": "Point", "coordinates": [-104.800655, 37.618084]}, "properties": {"osm_id": "", "name": "Walsenburg Substation", "operator": "Tri-State Generation and Transmission Association", "nominal_kv": 230, "sub_type": "transmission", "ref": ""}}, {"type": "Feature", "geometry": {"type": "Point", "coordinates": [-115.940255, 41.227357]}, "properties": {"osm_id": "", "name": "Humboldt", "operator": "", "nominal_kv": 345, "sub_type": "transmission", "ref": ""}}, {"type": "Feature", "geometry": {"type": "Point", "coordinates": [-114.232509, 42.632431]}, "properties": {"osm_id": "", "name": "Hunt Substation", "operator": "Idaho Power", "nominal_kv": 230, "sub_type": "transmission", "ref": ""}}, {"type": "Feature", "geometry": {"type": "Point", "coordinates": [-114.807605, 39.336858]}, "properties": {"osm_id": "", "name": "Gonder Substation", "operator": "", "nominal_kv": 345, "sub_type": "distribution", "ref": ""}}, {"type": "Feature", "geometry": {"type": "Point", "coordinates": [-119.974458, 40.07497]}, "properties": {"osm_id": "", "name": "Fort Sage Substation", "operator": "", "nominal_kv": 345, "sub_type": "transmission", "ref": ""}}, {"type": "Feature", "geometry": {"type": "Point", "coordinates": [-120.634682, 41.512724]}, "properties": {"osm_id": "", "name": "Hilltop Substation", "operator": "", "nominal_kv": 345, "sub_type": "transmission", "ref": ""}}, {"type": "Feature", "geometry": {"type": "Point", "coordinates": [-109.173018, 32.966593]}, "properties": {"osm_id": "", "name": "Greenlee Substation", "operator": "Tucson Electric Power", "nominal_kv": 345, "sub_type": "distribution", "ref": ""}}, {"type": "Feature", "geometry": {"type": "Point", "coordinates": [-109.169466, 32.9707]}, "properties": {"osm_id": "", "name": "Greenlee Substation", "operator": "Arizona Electric Power Cooperative", "nominal_kv": 345, "sub_type": "distribution", "ref": ""}}, {"type": "Feature", "geometry": {"type": "Point", "coordinates": [-108.599649, 32.403473]}, "properties": {"osm_id": "", "name": "Hidalgo Substation", "operator": "", "nominal_kv": 345, "sub_type": "transmission", "ref": ""}}, {"type": "Feature", "geometry": {"type": "Point", "coordinates": [-110.813838, 32.070011]}, "properties": {"osm_id": "", "name": "Vail Substation", "operator": "", "nominal_kv": 345, "sub_type": "distribution", "ref": ""}}, {"type": "Feature", "geometry": {"type": "Point", "coordinates": [-110.204272, 32.190676]}, "properties": {"osm_id": "", "name": "Winchester Substation", "operator": "", "nominal_kv": 345, "sub_type": "distribution", "ref": ""}}, {"type": "Feature", "geometry": {"type": "Point", "coordinates": [-111.060629, 31.922058]}, "properties": {"osm_id": "", "name": "Bicknell Substation", "operator": "SWTC", "nominal_kv": 345, "sub_type": "distribution", "ref": ""}}, {"type": "Feature", "geometry": {"type": "Point", "coordinates": [-107.779097, 32.302719]}, "properties": {"osm_id": "", "name": "Luna Substation", "operator": "", "nominal_kv": 345, "sub_type": "transmission", "ref": ""}}, {"type": "Feature", "geometry": {"type": "Point", "coordinates": [-106.587676, 31.804917]}, "properties": {"osm_id": "", "name": "Diablo Substation", "operator": "", "nominal_kv": 345, "sub_type": "transmission", "ref": ""}}, {"type": "Feature", "geometry": {"type": "Point", "coordinates": [-106.434448, 31.984232]}, "properties": {"osm_id": "", "name": "Newman Substation", "operator": "", "nominal_kv": 345, "sub_type": "transmission", "ref": ""}}, {"type": "Feature", "geometry": {"type": "Point", "coordinates": [-106.848457, 32.114182]}, "properties": {"osm_id": "", "name": "Afton", "operator": "", "nominal_kv": 345, "sub_type": "generation", "ref": ""}}, {"type": "Feature", "geometry": {"type": "Point", "coordinates": [-102.528711, 38.207164]}, "properties": {"osm_id": "", "name": "Lamar HVDC Tie", "operator": "", "nominal_kv": 345, "sub_type": "converter", "ref": ""}}, {"type": "Feature", "geometry": {"type": "Point", "coordinates": [-102.525242, 38.20704]}, "properties": {"osm_id": "", "name": "Lamar Substation", "operator": "", "nominal_kv": 230, "sub_type": "transmission", "ref": ""}}, {"type": "Feature", "geometry": {"type": "Point", "coordinates": [-106.158695, 36.111451]}, "properties": {"osm_id": "", "name": "Ojo Substation", "operator": "", "nominal_kv": 345, "sub_type": "transmission", "ref": ""}}, {"type": "Feature", "geometry": {"type": "Point", "coordinates": [-106.712592, 32.332814]}, "properties": {"osm_id": "", "name": "Arroyo Substation", "operator": "El Paso Electric", "nominal_kv": 345, "sub_type": "", "ref": "EPE"}}, {"type": "Feature", "geometry": {"type": "Point", "coordinates": [-106.710317, 32.33205]}, "properties": {"osm_id": "", "name": "Cox Substation", "operator": "", "nominal_kv": 345, "sub_type": "", "ref": ""}}, {"type": "Feature", "geometry": {"type": "Point", "coordinates": [-106.250465, 31.826265]}, "properties": {"osm_id": "", "name": "Caliente Substation", "operator": "", "nominal_kv": 345, "sub_type": "", "ref": ""}}, {"type": "Feature", "geometry": {"type": "Point", "coordinates": [-105.019412, 35.100889]}, "properties": {"osm_id": "", "name": "Guadalupe Substation", "operator": "", "nominal_kv": 345, "sub_type": "", "ref": ""}}, {"type": "Feature", "geometry": {"type": "Point", "coordinates": [-102.571016, 34.181171]}, "properties": {"osm_id": "", "name": "Tolk Substation", "operator": "", "nominal_kv": 345, "sub_type": "transmission", "ref": ""}}, {"type": "Feature", "geometry": {"type": "Point", "coordinates": [-103.338013, 34.302852]}, "properties": {"osm_id": "", "name": "Oasis Substation", "operator": "", "nominal_kv": 230, "sub_type": "transmission", "ref": ""}}, {"type": "Feature", "geometry": {"type": "Point", "coordinates": [-106.13838, 32.519495]}, "properties": {"osm_id": "", "name": "Amrad Substation", "operator": "", "nominal_kv": 345, "sub_type": "", "ref": ""}}, {"type": "Feature", "geometry": {"type": "Point", "coordinates": [-104.240082, 32.814301]}, "properties": {"osm_id": "", "name": "Eddy HVDC Tie", "operator": "Southwestern Public Service Company", "nominal_kv": 345, "sub_type": "converter", "ref": ""}}, {"type": "Feature", "geometry": {"type": "Point", "coordinates": [-119.922756, 36.844537]}, "properties": {"osm_id": "", "name": "Herndon Substation", "operator": "Pacific Gas and Electric Company", "nominal_kv": 230, "sub_type": "distribution", "ref": ""}}, {"type": "Feature", "geometry": {"type": "Point", "coordinates": [-101.148025, 41.080877]}, "properties": {"osm_id": "", "name": "Gentleman Substation", "operator": "Nebraska Public Power District", "nominal_kv": 345, "sub_type": "transmission", "ref": ""}}, {"type": "Feature", "geometry": {"type": "Point", "coordinates": [-101.923272, 35.310081]}, "properties": {"osm_id": "", "name": "Potter County Interchange", "operator": "Xcel Energy", "nominal_kv": 345, "sub_type": "transmission", "ref": ""}}, {"type": "Feature", "geometry": {"type": "Point", "coordinates": [-101.656563, 41.157908]}, "properties": {"osm_id": "", "name": "Keystone Substation", "operator": "Nebraska Public Power District", "nominal_kv": 345, "sub_type": "transmission", "ref": ""}}, {"type": "Feature", "geometry": {"type": "Point", "coordinates": [-101.70979, 41.101889]}, "properties": {"osm_id": "", "name": "Ogallala Substation", "operator": "", "nominal_kv": 230, "sub_type": "transmission", "ref": ""}}, {"type": "Feature", "geometry": {"type": "Point", "coordinates": [-112.362783, 39.154225]}, "properties": {"osm_id": "", "name": "Pavant Substation", "operator": "", "nominal_kv": 230, "sub_type": "generation", "ref": ""}}, {"type": "Feature", "geometry": {"type": "Point", "coordinates": [-119.447025, 49.81209]}, "properties": {"osm_id": "", "name": "DG Bell Substation", "operator": "FortisBC", "nominal_kv": 230, "sub_type": "transmission", "ref": "DGB"}}, {"type": "Feature", "geometry": {"type": "Point", "coordinates": [-117.335931, 38.323955]}, "properties": {"osm_id": "", "name": "Anaconda Moly Substation", "operator": "", "nominal_kv": 230, "sub_type": "", "ref": ""}}, {"type": "Feature", "geometry": {"type": "Point", "coordinates": [-115.213133, 36.008064]}, "properties": {"osm_id": "", "name": "Arden Substation", "operator": "", "nominal_kv": 230, "sub_type": "", "ref": ""}}, {"type": "Feature", "geometry": {"type": "Point", "coordinates": [-115.208258, 36.322549]}, "properties": {"osm_id": "", "name": "Iron Mountain Substation", "operator": "", "nominal_kv": 230, "sub_type": "", "ref": ""}}, {"type": "Feature", "geometry": {"type": "Point", "coordinates": [-115.32979, 36.334479]}, "properties": {"osm_id": "", "name": "Northwest Substation", "operator": "", "nominal_kv": 500, "sub_type": "", "ref": ""}}, {"type": "Feature", "geometry": {"type": "Point", "coordinates": [-122.205748, 37.415801]}, "properties": {"osm_id": "", "name": "S. L. A. C. Substation", "operator": "", "nominal_kv": 230, "sub_type": "yes", "ref": ""}}, {"type": "Feature", "geometry": {"type": "Point", "coordinates": [-124.33093, 49.615704]}, "properties": {"osm_id": "", "name": "Texada Island Reactor Station", "operator": "", "nominal_kv": 500, "sub_type": "compensation", "ref": ""}}, {"type": "Feature", "geometry": {"type": "Point", "coordinates": [-126.064504, 49.789249]}, "properties": {"osm_id": "", "name": "Gold River Substation", "operator": "", "nominal_kv": 230, "sub_type": "", "ref": ""}}, {"type": "Feature", "geometry": {"type": "Point", "coordinates": [-123.960629, 49.668933]}, "properties": {"osm_id": "", "name": "Malaspina Substation", "operator": "BC Hydro", "nominal_kv": 500, "sub_type": "transmission", "ref": "MSA"}}, {"type": "Feature", "geometry": {"type": "Point", "coordinates": [-117.138199, 32.786052]}, "properties": {"osm_id": "", "name": "Mission Substation", "operator": "San Diego Gas & Electric", "nominal_kv": 230, "sub_type": "transmission", "ref": ""}}, {"type": "Feature", "geometry": {"type": "Point", "coordinates": [-105.778774, 42.837079]}, "properties": {"osm_id": "", "name": "Dave Johnston Substation", "operator": "Rocky Mountain Power", "nominal_kv": 230, "sub_type": "transmission", "ref": ""}}, {"type": "Feature", "geometry": {"type": "Point", "coordinates": [-105.779475, 42.861707]}, "properties": {"osm_id": "", "name": "Windstar Substation", "operator": "Black Hills Energy;Rocky Mountain Power", "nominal_kv": 230, "sub_type": "transmission", "ref": ""}}, {"type": "Feature", "geometry": {"type": "Point", "coordinates": [-106.918798, 42.624339]}, "properties": {"osm_id": "", "name": "Spence Substation", "operator": "Western Area Power Administration", "nominal_kv": 230, "sub_type": "transmission", "ref": ""}}, {"type": "Feature", "geometry": {"type": "Point", "coordinates": [-106.359528, 42.872151]}, "properties": {"osm_id": "", "name": "Casper Substation", "operator": "Rocky Mountain Power", "nominal_kv": 230, "sub_type": "transmission", "ref": ""}}, {"type": "Feature", "geometry": {"type": "Point", "coordinates": [-116.535437, 43.438346]}, "properties": {"osm_id": "", "name": "Bowmont Substation", "operator": "Idaho Power", "nominal_kv": 230, "sub_type": "transmission", "ref": ""}}, {"type": "Feature", "geometry": {"type": "Point", "coordinates": [-108.229226, 43.650013]}, "properties": {"osm_id": "", "name": "Thermopolis Substation", "operator": "PacifiCorp", "nominal_kv": 230, "sub_type": "", "ref": ""}}, {"type": "Feature", "geometry": {"type": "Point", "coordinates": [-123.490382, 49.523393]}, "properties": {"osm_id": "", "name": "Port Mellon Substation", "operator": "", "nominal_kv": 230, "sub_type": "industrial", "ref": ""}}, {"type": "Feature", "geometry": {"type": "Point", "coordinates": [-116.89666, 44.839984]}, "properties": {"osm_id": "", "name": "Brownlee Substation", "operator": "Idaho Power", "nominal_kv": 230, "sub_type": "", "ref": ""}}, {"type": "Feature", "geometry": {"type": "Point", "coordinates": [-120.969192, 47.201435]}, "properties": {"osm_id": "", "name": "Cascade Substation", "operator": "Puget Sound Energy", "nominal_kv": 230, "sub_type": "distribution", "ref": ""}}, {"type": "Feature", "geometry": {"type": "Point", "coordinates": [-102.259845, 40.086199]}, "properties": {"osm_id": "", "name": "Wray substation", "operator": "", "nominal_kv": 230, "sub_type": "", "ref": ""}}, {"type": "Feature", "geometry": {"type": "Point", "coordinates": [-121.475001, 38.51106]}, "properties": {"osm_id": "", "name": "Campbell Substation", "operator": "Sacramento Municipal Utility District", "nominal_kv": 230, "sub_type": "generation", "ref": ""}}, {"type": "Feature", "geometry": {"type": "Point", "coordinates": [-110.328897, 41.823718]}, "properties": {"osm_id": "", "name": "Craven Creek Substation", "operator": "", "nominal_kv": 230, "sub_type": "transmission", "ref": ""}}, {"type": "Feature", "geometry": {"type": "Point", "coordinates": [-110.033101, 41.694569]}, "properties": {"osm_id": "", "name": "Monument Substation", "operator": "", "nominal_kv": 230, "sub_type": "transmission", "ref": ""}}, {"type": "Feature", "geometry": {"type": "Point", "coordinates": [-109.704419, 41.6667]}, "properties": {"osm_id": "", "name": "West Vaco Substation", "operator": "PacifiCorp", "nominal_kv": 230, "sub_type": "distribution", "ref": ""}}, {"type": "Feature", "geometry": {"type": "Point", "coordinates": [-120.533677, 41.499753]}, "properties": {"osm_id": "", "name": "Warner Substation", "operator": "", "nominal_kv": 230, "sub_type": "", "ref": ""}}, {"type": "Feature", "geometry": {"type": "Point", "coordinates": [-101.843399, 33.869641]}, "properties": {"osm_id": "", "name": "TUCO Interchange", "operator": "Xcel Energy", "nominal_kv": 345, "sub_type": "transmission", "ref": ""}}, {"type": "Feature", "geometry": {"type": "Point", "coordinates": [-101.842701, 33.865634]}, "properties": {"osm_id": "", "name": "Antelope Station Switchyard", "operator": "Golden Spread Electric Cooperative", "nominal_kv": 230, "sub_type": "transmission", "ref": ""}}, {"type": "Feature", "geometry": {"type": "Point", "coordinates": [-102.409933, 34.164982]}, "properties": {"osm_id": "", "name": "Plant X Substation", "operator": "Southwestern Public Service Company", "nominal_kv": 230, "sub_type": "transmission", "ref": ""}}, {"type": "Feature", "geometry": {"type": "Point", "coordinates": [-102.360905, 34.821028]}, "properties": {"osm_id": "", "name": "Deaf Smith Interchange", "operator": "Xcel Energy", "nominal_kv": 230, "sub_type": "transmission", "ref": ""}}, {"type": "Feature", "geometry": {"type": "Point", "coordinates": [-112.454796, 34.60243]}, "properties": {"osm_id": "", "name": "Willow Lake Substation", "operator": "", "nominal_kv": 230, "sub_type": "transmission", "ref": ""}}, {"type": "Feature", "geometry": {"type": "Point", "coordinates": [-121.460436, 49.426864]}, "properties": {"osm_id": "", "name": "American Creek Capacitor Station", "operator": "", "nominal_kv": 500, "sub_type": "compensation", "ref": ""}}, {"type": "Feature", "geometry": {"type": "Point", "coordinates": [-111.65362, 35.175621]}, "properties": {"osm_id": "", "name": "Coconino Substation", "operator": "", "nominal_kv": 230, "sub_type": "transmission", "ref": ""}}, {"type": "Feature", "geometry": {"type": "Point", "coordinates": [-119.52076, 49.251151]}, "properties": {"osm_id": "", "name": "Vaseaux Lake Substation", "operator": "BC Hydro", "nominal_kv": 500, "sub_type": "transmission", "ref": "VAS"}}, {"type": "Feature", "geometry": {"type": "Point", "coordinates": [-117.775795, 44.717439]}, "properties": {"osm_id": "", "name": "Quartz Substation", "operator": "Idaho Power", "nominal_kv": 230, "sub_type": "transmission", "ref": ""}}, {"type": "Feature", "geometry": {"type": "Point", "coordinates": [-116.977967, 44.052846]}, "properties": {"osm_id": "", "name": "Ontario Substation", "operator": "Idaho Power", "nominal_kv": 230, "sub_type": "", "ref": ""}}, {"type": "Feature", "geometry": {"type": "Point", "coordinates": [-116.335654, 43.506879]}, "properties": {"osm_id": "", "name": "Mora Substation", "operator": "Idaho Power", "nominal_kv": 230, "sub_type": "transmission", "ref": ""}}, {"type": "Feature", "geometry": {"type": "Point", "coordinates": [-103.284598, 47.776363]}, "properties": {"osm_id": "", "name": "Watford City Substation", "operator": "MDU", "nominal_kv": 230, "sub_type": "transmission", "ref": ""}}, {"type": "Feature", "geometry": {"type": "Point", "coordinates": [-117.116949, 46.380872]}, "properties": {"osm_id": "", "name": "Dry Gulch Substation", "operator": "Avista", "nominal_kv": 230, "sub_type": "", "ref": ""}}, {"type": "Feature", "geometry": {"type": "Point", "coordinates": [-118.846216, 46.063828]}, "properties": {"osm_id": "", "name": "Wallula Substation", "operator": "PacifiCorp", "nominal_kv": 230, "sub_type": "", "ref": ""}}, {"type": "Feature", "geometry": {"type": "Point", "coordinates": [-110.986427, 41.299919]}, "properties": {"osm_id": "", "name": "Railroad Substation", "operator": "", "nominal_kv": 230, "sub_type": "transmission", "ref": ""}}, {"type": "Feature", "geometry": {"type": "Point", "coordinates": [-121.740709, 51.024835]}, "properties": {"osm_id": "", "name": "Kelly Lake Substation", "operator": "BC Hydro", "nominal_kv": 500, "sub_type": "transmission", "ref": "KLY"}}, {"type": "Feature", "geometry": {"type": "Point", "coordinates": [-117.850215, 48.358345]}, "properties": {"osm_id": "", "name": "Addy Substation", "operator": "Bonneville Power Administration", "nominal_kv": 230, "sub_type": "", "ref": ""}}, {"type": "Feature", "geometry": {"type": "Point", "coordinates": [-117.269029, 46.823444]}, "properties": {"osm_id": "", "name": "Shawnee Substation", "operator": "Avista", "nominal_kv": 230, "sub_type": "transmission", "ref": ""}}, {"type": "Feature", "geometry": {"type": "Point", "coordinates": [-116.93783, 46.722436]}, "properties": {"osm_id": "", "name": "Moscow Substation", "operator": "Avista", "nominal_kv": 230, "sub_type": "", "ref": ""}}, {"type": "Feature", "geometry": {"type": "Point", "coordinates": [-116.915316, 46.356961]}, "properties": {"osm_id": "", "name": "Lolo Substation", "operator": "Avista", "nominal_kv": 230, "sub_type": "", "ref": ""}}, {"type": "Feature", "geometry": {"type": "Point", "coordinates": [-122.391663, 49.068588]}, "properties": {"osm_id": "", "name": "Mount Lehman Substation", "operator": "BC Hydro", "nominal_kv": 230, "sub_type": "distribution", "ref": "MLE"}}, {"type": "Feature", "geometry": {"type": "Point", "coordinates": [-122.731972, 50.354333]}, "properties": {"osm_id": "", "name": "Creekside Capacitor Station", "operator": "BC Hydro", "nominal_kv": 500, "sub_type": "compensation", "ref": "CRK"}}, {"type": "Feature", "geometry": {"type": "Point", "coordinates": [-111.566978, 32.733024]}, "properties": {"osm_id": "", "name": "Milligan Substation", "operator": "Arizona Public Service", "nominal_kv": 230, "sub_type": "distribution", "ref": ""}}, {"type": "Feature", "geometry": {"type": "Point", "coordinates": [-116.870496, 47.804127]}, "properties": {"osm_id": "", "name": "Rathdrum", "operator": "Avista", "nominal_kv": 230, "sub_type": "", "ref": ""}}, {"type": "Feature", "geometry": {"type": "Point", "coordinates": [-120.218434, 46.972469]}, "properties": {"osm_id": "", "name": "Poison Spring Substation", "operator": "Puget Sound Energy", "nominal_kv": 230, "sub_type": "transmission", "ref": ""}}, {"type": "Feature", "geometry": {"type": "Point", "coordinates": [-120.490328, 46.65027]}, "properties": {"osm_id": "", "name": "Pomona Heights Substation", "operator": "PacifiCorp", "nominal_kv": 230, "sub_type": "", "ref": ""}}, {"type": "Feature", "geometry": {"type": "Point", "coordinates": [-120.489737, 46.559574]}, "properties": {"osm_id": "", "name": "Union Gap Substation", "operator": "PacifiCorp", "nominal_kv": 230, "sub_type": "transmission", "ref": ""}}, {"type": "Feature", "geometry": {"type": "Point", "coordinates": [-118.230046, 34.037739]}, "properties": {"osm_id": "", "name": "River Switching Station", "operator": "Los Angeles Department of Water and Power", "nominal_kv": 230, "sub_type": "transmission", "ref": ""}}, {"type": "Feature", "geometry": {"type": "Point", "coordinates": [-118.204322, 34.015275]}, "properties": {"osm_id": "", "name": "Receiving Station F", "operator": "Los Angeles Department of Water and Power", "nominal_kv": 230, "sub_type": "transmission", "ref": "F"}}, {"type": "Feature", "geometry": {"type": "Point", "coordinates": [-105.615855, 43.069808]}, "properties": {"osm_id": "", "name": "Yellow Cake Substation", "operator": "Rocky Mountain Power", "nominal_kv": 230, "sub_type": "distribution", "ref": ""}}, {"type": "Feature", "geometry": {"type": "Point", "coordinates": [-105.330114, 43.462214]}, "properties": {"osm_id": "", "name": "Antelope Mine Substation", "operator": "Rocky Mountain Power", "nominal_kv": 230, "sub_type": "industrial", "ref": ""}}, {"type": "Feature", "geometry": {"type": "Point", "coordinates": [-105.780386, 43.772842]}, "properties": {"osm_id": "", "name": "Pumpkin Buttes Substation", "operator": "Power River Energy Corporation", "nominal_kv": 230, "sub_type": "generation", "ref": ""}}, {"type": "Feature", "geometry": {"type": "Point", "coordinates": [-105.404661, 43.847837]}, "properties": {"osm_id": "", "name": "Reno Substation", "operator": "Powder River Energy Corporation", "nominal_kv": 230, "sub_type": "distribution", "ref": ""}}, {"type": "Feature", "geometry": {"type": "Point", "coordinates": [-107.620122, 43.31073]}, "properties": {"osm_id": "", "name": "Badwater Substation", "operator": "", "nominal_kv": 230, "sub_type": "transmission", "ref": ""}}, {"type": "Feature", "geometry": {"type": "Point", "coordinates": [-108.411481, 43.017967]}, "properties": {"osm_id": "", "name": "Riverton Substation", "operator": "", "nominal_kv": 230, "sub_type": "transmission", "ref": ""}}, {"type": "Feature", "geometry": {"type": "Point", "coordinates": [-112.926468, 43.53362]}, "properties": {"osm_id": "", "name": "Antelope Substation", "operator": "PacifiCorp", "nominal_kv": 230, "sub_type": "transmission", "ref": ""}}, {"type": "Feature", "geometry": {"type": "Point", "coordinates": [-112.876729, 46.104621]}, "properties": {"osm_id": "", "name": "Anaconda Mill Creek Substation", "operator": "", "nominal_kv": 230, "sub_type": "transmission", "ref": ""}}, {"type": "Feature", "geometry": {"type": "Point", "coordinates": [-117.504523, 47.727873]}, "properties": {"osm_id": "", "name": "West Side Substation", "operator": "Avista", "nominal_kv": 230, "sub_type": "", "ref": ""}}, {"type": "Feature", "geometry": {"type": "Point", "coordinates": [-105.949388, 42.882169]}, "properties": {"osm_id": "", "name": "Latigo Substation", "operator": "", "nominal_kv": 230, "sub_type": "transmission", "ref": ""}}, {"type": "Feature", "geometry": {"type": "Point", "coordinates": [-119.717396, 39.455619]}, "properties": {"osm_id": "", "name": "Mira Loma Substation", "operator": "", "nominal_kv": 345, "sub_type": "transmission", "ref": ""}}, {"type": "Feature", "geometry": {"type": "Point", "coordinates": [-106.322787, 43.389724]}, "properties": {"osm_id": "", "name": "Claim Jumper Substation", "operator": "", "nominal_kv": 230, "sub_type": "transmission", "ref": ""}}, {"type": "Feature", "geometry": {"type": "Point", "coordinates": [-106.331807, 43.450024]}, "properties": {"osm_id": "", "name": "Midwest Substation", "operator": "Rocky Mountain Power", "nominal_kv": 230, "sub_type": "distribution", "ref": ""}}, {"type": "Feature", "geometry": {"type": "Point", "coordinates": [-106.558764, 43.703466]}, "properties": {"osm_id": "", "name": "Kaycee Substation", "operator": "Rocky Mountain Power", "nominal_kv": 230, "sub_type": "distribution", "ref": ""}}, {"type": "Feature", "geometry": {"type": "Point", "coordinates": [-106.653331, 44.354647]}, "properties": {"osm_id": "", "name": "Buffalo Substation", "operator": "Rocky Mountain Power", "nominal_kv": 230, "sub_type": "distribution", "ref": ""}}, {"type": "Feature", "geometry": {"type": "Point", "coordinates": [-105.89703, 44.319847]}, "properties": {"osm_id": "", "name": "Carr Draw Substation", "operator": "Basin Electric Power Cooperative;Rocky Mountain Power", "nominal_kv": 230, "sub_type": "", "ref": ""}}, {"type": "Feature", "geometry": {"type": "Point", "coordinates": [-105.891359, 44.16781]}, "properties": {"osm_id": "", "name": "Barber Creek Substation", "operator": "Power River Energy Corporation", "nominal_kv": 230, "sub_type": "generation", "ref": ""}}, {"type": "Feature", "geometry": {"type": "Point", "coordinates": [-105.385778, 44.290961]}, "properties": {"osm_id": "", "name": "Wyodak Substation", "operator": "Black Hills Energy;Rocky Mountain Power", "nominal_kv": 230, "sub_type": "distribution", "ref": ""}}, {"type": "Feature", "geometry": {"type": "Point", "coordinates": [-108.688623, 42.853783]}, "properties": {"osm_id": "", "name": "Wyopo Substation", "operator": "PacifiCorp", "nominal_kv": 230, "sub_type": "distribution", "ref": ""}}, {"type": "Feature", "geometry": {"type": "Point", "coordinates": [-106.941951, 44.827551]}, "properties": {"osm_id": "", "name": "Sheridan Substation", "operator": "Rocky Mountain Power", "nominal_kv": 230, "sub_type": "distribution", "ref": ""}}, {"type": "Feature", "geometry": {"type": "Point", "coordinates": [-112.875477, 46.099678]}, "properties": {"osm_id": "", "name": "Anaconda Substation", "operator": "NorthWestern Energy", "nominal_kv": 230, "sub_type": "transmission", "ref": ""}}, {"type": "Feature", "geometry": {"type": "Point", "coordinates": [-107.952742, 45.308527]}, "properties": {"osm_id": "", "name": "Yellowtail", "operator": "", "nominal_kv": 230, "sub_type": "transmission", "ref": ""}}, {"type": "Feature", "geometry": {"type": "Point", "coordinates": [-122.760794, 38.497221]}, "properties": {"osm_id": "", "name": "Fulton Substation", "operator": "Pacific Gas and Electric Company", "nominal_kv": 230, "sub_type": "transmission", "ref": ""}}, {"type": "Feature", "geometry": {"type": "Point", "coordinates": [-108.4863, 43.916354]}, "properties": {"osm_id": "", "name": "Grass Creek Substation", "operator": "", "nominal_kv": 230, "sub_type": "distribution", "ref": ""}}, {"type": "Feature", "geometry": {"type": "Point", "coordinates": [-108.918927, 44.40934]}, "properties": {"osm_id": "", "name": "Oregon Basin Substation", "operator": "", "nominal_kv": 230, "sub_type": "transmission", "ref": ""}}, {"type": "Feature", "geometry": {"type": "Point", "coordinates": [-108.584295, 44.796982]}, "properties": {"osm_id": "", "name": "Garland Substation", "operator": "", "nominal_kv": 230, "sub_type": "distribution", "ref": ""}}, {"type": "Feature", "geometry": {"type": "Point", "coordinates": [-108.524335, 41.61611]}, "properties": {"osm_id": "", "name": "Bitter Creek Substation", "operator": "PacifiCorp", "nominal_kv": 230, "sub_type": "", "ref": ""}}, {"type": "Feature", "geometry": {"type": "Point", "coordinates": [-108.405833, 41.616678]}, "properties": {"osm_id": "", "name": "Bar X Substation", "operator": "PacifiCorp", "nominal_kv": 230, "sub_type": "distribution", "ref": ""}}, {"type": "Feature", "geometry": {"type": "Point", "coordinates": [-107.824767, 41.650068]}, "properties": {"osm_id": "", "name": "Echo Springs Substation", "operator": "PacifiCorp", "nominal_kv": 230, "sub_type": "distribution", "ref": ""}}, {"type": "Feature", "geometry": {"type": "Point", "coordinates": [-107.741462, 41.666394]}, "properties": {"osm_id": "", "name": "Latham Substation", "operator": "PacifiCorp", "nominal_kv": 230, "sub_type": "distribution", "ref": ""}}, {"type": "Feature", "geometry": {"type": "Point", "coordinates": [-107.111294, 41.790709]}, "properties": {"osm_id": "", "name": "Platte Substation", "operator": "PacifiCorp", "nominal_kv": 230, "sub_type": "transmission", "ref": ""}}, {"type": "Feature", "geometry": {"type": "Point", "coordinates": [-103.641602, 39.300977]}, "properties": {"osm_id": "", "name": "Big Sandy Substation", "operator": "", "nominal_kv": 230, "sub_type": "transmission", "ref": ""}}, {"type": "Feature", "geometry": {"type": "Point", "coordinates": [-103.702133, 39.203707]}, "properties": {"osm_id": "", "name": "Lincoln Substation", "operator": "", "nominal_kv": 230, "sub_type": "", "ref": ""}}, {"type": "Feature", "geometry": {"type": "Point", "coordinates": [-122.215522, 52.30522]}, "properties": {"osm_id": "", "name": "Soda Creek Substation", "operator": "BC Hydro", "nominal_kv": 230, "sub_type": "", "ref": "SCK"}}, {"type": "Feature", "geometry": {"type": "Point", "coordinates": [-119.500978, 48.429356]}, "properties": {"osm_id": "", "name": "Omak Substation", "operator": "Bonneville Power Administration", "nominal_kv": 230, "sub_type": "", "ref": ""}}, {"type": "Feature", "geometry": {"type": "Point", "coordinates": [-108.673173, 44.9578]}, "properties": {"osm_id": "", "name": "Frannie Substation", "operator": "", "nominal_kv": 230, "sub_type": "distribution", "ref": ""}}, {"type": "Feature", "geometry": {"type": "Point", "coordinates": [-106.190987, 41.652731]}, "properties": {"osm_id": "", "name": "Foote Creek Substation", "operator": "PacifiCorp", "nominal_kv": 230, "sub_type": "", "ref": ""}}, {"type": "Feature", "geometry": {"type": "Point", "coordinates": [-106.551929, 41.857043]}, "properties": {"osm_id": "", "name": "Miners Substation", "operator": "", "nominal_kv": 230, "sub_type": "distribution", "ref": ""}}, {"type": "Feature", "geometry": {"type": "Point", "coordinates": [-106.229989, 42.348967]}, "properties": {"osm_id": "", "name": "Difficulty Substation", "operator": "", "nominal_kv": 230, "sub_type": "transmission", "ref": ""}}, {"type": "Feature", "geometry": {"type": "Point", "coordinates": [-106.846373, 42.2316]}, "properties": {"osm_id": "", "name": "Miracle Mile Substation", "operator": "", "nominal_kv": 230, "sub_type": "transmission", "ref": ""}}, {"type": "Feature", "geometry": {"type": "Point", "coordinates": [-104.411216, 43.971813]}, "properties": {"osm_id": "", "name": "Osage Substation", "operator": "Black Hills Energy", "nominal_kv": 230, "sub_type": "distribution", "ref": ""}}, {"type": "Feature", "geometry": {"type": "Point", "coordinates": [-105.465037, 44.391933]}, "properties": {"osm_id": "", "name": "Dry Fork Substation", "operator": "Basin Power Electric Cooperative", "nominal_kv": 230, "sub_type": "transmission", "ref": ""}}, {"type": "Feature", "geometry": {"type": "Point", "coordinates": [-105.204378, 44.307357]}, "properties": {"osm_id": "", "name": "Hughes Substation", "operator": "Power River Energy Corporation", "nominal_kv": 230, "sub_type": "distribution", "ref": ""}}, {"type": "Feature", "geometry": {"type": "Point", "coordinates": [-106.861303, 44.972109]}, "properties": {"osm_id": "", "name": "Tongue River Substation", "operator": "Basin Electric Power Cooperative", "nominal_kv": 230, "sub_type": "transmission", "ref": ""}}, {"type": "Feature", "geometry": {"type": "Point", "coordinates": [-106.870801, 45.110496]}, "properties": {"osm_id": "", "name": "Wyomont Substation", "operator": "Basin Electric Power Cooperative", "nominal_kv": 230, "sub_type": "industrial", "ref": ""}}, {"type": "Feature", "geometry": {"type": "Point", "coordinates": [-103.852557, 44.536574]}, "properties": {"osm_id": "", "name": "Lookout Substation", "operator": "Black Hills Energy", "nominal_kv": 230, "sub_type": "distribution", "ref": ""}}, {"type": "Feature", "geometry": {"type": "Point", "coordinates": [-122.286011, 52.444655]}, "properties": {"osm_id": "", "name": "McLeese Capacitor Station", "operator": "BC Hydro", "nominal_kv": 500, "sub_type": "compensation", "ref": ""}}, {"type": "Feature", "geometry": {"type": "Point", "coordinates": [-103.684408, 43.444579]}, "properties": {"osm_id": "", "name": "Minnekahta Substation", "operator": "Black Hills Energy", "nominal_kv": 230, "sub_type": "distribution", "ref": ""}}, {"type": "Feature", "geometry": {"type": "Point", "coordinates": [-109.347191, 41.064396]}, "properties": {"osm_id": "", "name": "Little Mountain Substation", "operator": "", "nominal_kv": 230, "sub_type": "distribution", "ref": ""}}, {"type": "Feature", "geometry": {"type": "Point", "coordinates": [-103.228003, 44.025007]}, "properties": {"osm_id": "", "name": "Rapid City South Substation", "operator": "Black Hills Energy", "nominal_kv": 230, "sub_type": "distribution", "ref": ""}}, {"type": "Feature", "geometry": {"type": "Point", "coordinates": [-103.502157, 43.434609]}, "properties": {"osm_id": "", "name": "West Hill Substation", "operator": "Black Hills Energy", "nominal_kv": 230, "sub_type": "distribution", "ref": ""}}, {"type": "Feature", "geometry": {"type": "Point", "coordinates": [-103.260992, 44.119887]}, "properties": {"osm_id": "", "name": "Lange Substation", "operator": "Black Hills Energy", "nominal_kv": 230, "sub_type": "distribution", "ref": ""}}, {"type": "Feature", "geometry": {"type": "Point", "coordinates": [-101.450981, 32.100466]}, "properties": {"osm_id": "", "name": "Panther Creek Wind 1 Substation", "operator": "E.ON", "nominal_kv": 345, "sub_type": "transmission", "ref": ""}}, {"type": "Feature", "geometry": {"type": "Point", "coordinates": [-102.316359, 31.840177]}, "properties": {"osm_id": "", "name": "Quail Substation", "operator": "Oncor", "nominal_kv": 345, "sub_type": "transmission", "ref": ""}}, {"type": "Feature", "geometry": {"type": "Point", "coordinates": [-101.396207, 32.124036]}, "properties": {"osm_id": "", "name": "Elbow Creek Wind Farm", "operator": "NRG Energy", "nominal_kv": 345, "sub_type": "transmission", "ref": ""}}, {"type": "Feature", "geometry": {"type": "Point", "coordinates": [-101.452217, 32.100348]}, "properties": {"osm_id": "", "name": "Longshore Substation", "operator": "Oncor", "nominal_kv": 345, "sub_type": "transmission", "ref": ""}}, {"type": "Feature", "geometry": {"type": "Point", "coordinates": [-102.495547, 31.812965]}, "properties": {"osm_id": "", "name": "Moss Substation", "operator": "Oncor", "nominal_kv": 345, "sub_type": "transmission", "ref": ""}}, {"type": "Feature", "geometry": {"type": "Point", "coordinates": [-101.422982, 32.275192]}, "properties": {"osm_id": "", "name": "Falcon Seaboard Substation", "operator": "Oncor", "nominal_kv": 345, "sub_type": "transmission", "ref": ""}}, {"type": "Feature", "geometry": {"type": "Point", "coordinates": [-102.251526, 32.036016]}, "properties": {"osm_id": "", "name": "Gardendale Substation", "operator": "Sharyland Utilities", "nominal_kv": 345, "sub_type": "transmission", "ref": ""}}, {"type": "Feature", "geometry": {"type": "Point", "coordinates": [-116.230407, 47.539174]}, "properties": {"osm_id": "", "name": "Pine Creek Substation", "operator": "Avista", "nominal_kv": 230, "sub_type": "", "ref": ""}}, {"type": "Feature", "geometry": {"type": "Point", "coordinates": [-116.057614, 48.087271]}, "properties": {"osm_id": "", "name": "Cabinet Gorge Substation", "operator": "", "nominal_kv": 230, "sub_type": "generation", "ref": ""}}, {"type": "Feature", "geometry": {"type": "Point", "coordinates": [-130.231682, 54.256564]}, "properties": {"osm_id": "", "name": "Prince Rupert Substation", "operator": "", "nominal_kv": 287, "sub_type": "", "ref": ""}}, {"type": "Feature", "geometry": {"type": "Point", "coordinates": [-102.827037, 44.07157]}, "properties": {"osm_id": "", "name": "New Underwood Substation", "operator": "Western Area Power Administration", "nominal_kv": 230, "sub_type": "transmission", "ref": ""}}, {"type": "Feature", "geometry": {"type": "Point", "coordinates": [-101.686544, 44.083266]}, "properties": {"osm_id": "", "name": "Philip Substation", "operator": "Western Area Power Administration", "nominal_kv": 230, "sub_type": "transmission", "ref": ""}}, {"type": "Feature", "geometry": {"type": "Point", "coordinates": [-101.696075, 44.304303]}, "properties": {"osm_id": "", "name": "Philip Tap", "operator": "Western Area Power Administration", "nominal_kv": 230, "sub_type": "switching", "ref": ""}}, {"type": "Feature", "geometry": {"type": "Point", "coordinates": [-108.479957, 45.773913]}, "properties": {"osm_id": "", "name": "Billings Steam Plant Substation", "operator": "Northwestern Energy", "nominal_kv": 230, "sub_type": "transmission", "ref": ""}}, {"type": "Feature", "geometry": {"type": "Point", "coordinates": [-108.496154, 45.799562]}, "properties": {"osm_id": "", "name": "Rimrock", "operator": "", "nominal_kv": 230, "sub_type": "", "ref": ""}}, {"type": "Feature", "geometry": {"type": "Point", "coordinates": [-103.213832, 42.997165]}, "properties": {"osm_id": "", "name": "Wayside Substation", "operator": "Nebraska Public Power District", "nominal_kv": 230, "sub_type": "transmission", "ref": ""}}, {"type": "Feature", "geometry": {"type": "Point", "coordinates": [-102.592448, 45.007628]}, "properties": {"osm_id": "", "name": "Maurine Substation", "operator": "Western Area Power Administration", "nominal_kv": 230, "sub_type": "transmission", "ref": ""}}, {"type": "Feature", "geometry": {"type": "Point", "coordinates": [-113.204796, 35.239343]}, "properties": {"osm_id": "", "name": "Fort Rock Substation", "operator": "", "nominal_kv": 230, "sub_type": "distribution", "ref": ""}}, {"type": "Feature", "geometry": {"type": "Point", "coordinates": [-111.938769, 48.129627]}, "properties": {"osm_id": "", "name": "Conrad Substation", "operator": "Northwest Energy", "nominal_kv": 230, "sub_type": "distribution", "ref": ""}}, {"type": "Feature", "geometry": {"type": "Point", "coordinates": [-111.862601, 48.466428]}, "properties": {"osm_id": "", "name": "Shelby Substation", "operator": "", "nominal_kv": 230, "sub_type": "", "ref": ""}}, {"type": "Feature", "geometry": {"type": "Point", "coordinates": [-102.098636, 35.147787]}, "properties": {"osm_id": "", "name": "Bushland Interchange", "operator": "Xcel Energy", "nominal_kv": 230, "sub_type": "transmission", "ref": ""}}, {"type": "Feature", "geometry": {"type": "Point", "coordinates": [-103.330296, 46.119696]}, "properties": {"osm_id": "", "name": "Bowman Substation", "operator": "", "nominal_kv": 230, "sub_type": "transmission", "ref": ""}}, {"type": "Feature", "geometry": {"type": "Point", "coordinates": [-103.66308, 46.166404]}, "properties": {"osm_id": "", "name": "Rhame Substation", "operator": "Basin Electric Power Cooperative", "nominal_kv": 230, "sub_type": "transmission", "ref": ""}}, {"type": "Feature", "geometry": {"type": "Point", "coordinates": [-104.044696, 46.322318]}, "properties": {"osm_id": "", "name": "Little Missouri Substation", "operator": "", "nominal_kv": 230, "sub_type": "transmission", "ref": ""}}, {"type": "Feature", "geometry": {"type": "Point", "coordinates": [-111.775095, 32.885646]}, "properties": {"osm_id": "", "name": "Casa Grande Substation", "operator": "", "nominal_kv": 230, "sub_type": "distribution", "ref": ""}}, {"type": "Feature", "geometry": {"type": "Point", "coordinates": [-111.995144, 32.959904]}, "properties": {"osm_id": "", "name": "Santa Rosa Substation", "operator": "Arizona Public Service", "nominal_kv": 230, "sub_type": "distribution", "ref": ""}}, {"type": "Feature", "geometry": {"type": "Point", "coordinates": [-111.570061, 32.603568]}, "properties": {"osm_id": "", "name": "Electrical District No. 5 Substation", "operator": "", "nominal_kv": 230, "sub_type": "transmission", "ref": ""}}, {"type": "Feature", "geometry": {"type": "Point", "coordinates": [-106.41204, 48.013391]}, "properties": {"osm_id": "", "name": "Fort Peck Station", "operator": "", "nominal_kv": 230, "sub_type": "transmission", "ref": ""}}, {"type": "Feature", "geometry": {"type": "Point", "coordinates": [-104.066203, 40.863399]}, "properties": {"osm_id": "", "name": "Cedar Creek Wind Farm Substation", "operator": "", "nominal_kv": 230, "sub_type": "transmission", "ref": ""}}, {"type": "Feature", "geometry": {"type": "Point", "coordinates": [-104.067199, 40.862708]}, "properties": {"osm_id": "", "name": "Cedar Creek Wind Farm Substation", "operator": "", "nominal_kv": 230, "sub_type": "transmission", "ref": ""}}, {"type": "Feature", "geometry": {"type": "Point", "coordinates": [-102.075969, 48.35108]}, "properties": {"osm_id": "", "name": "Blaisdell Substation", "operator": "Basin Electric Power Cooperative", "nominal_kv": 230, "sub_type": "transmission", "ref": ""}}, {"type": "Feature", "geometry": {"type": "Point", "coordinates": [-101.863205, 35.966813]}, "properties": {"osm_id": "", "name": "Moore County Substation", "operator": "Xcel Energy", "nominal_kv": 230, "sub_type": "transmission", "ref": ""}}, {"type": "Feature", "geometry": {"type": "Point", "coordinates": [-101.747546, 35.296544]}, "properties": {"osm_id": "", "name": "Harrington Switchyard", "operator": "Xcel Energy", "nominal_kv": 230, "sub_type": "generation", "ref": ""}}, {"type": "Feature", "geometry": {"type": "Point", "coordinates": [-101.745087, 35.283412]}, "properties": {"osm_id": "", "name": "Nichols Switchyard", "operator": "Xcel Energy", "nominal_kv": 230, "sub_type": "generation", "ref": ""}}, {"type": "Feature", "geometry": {"type": "Point", "coordinates": [-101.795389, 34.398996]}, "properties": {"osm_id": "", "name": "Swisher", "operator": "", "nominal_kv": 230, "sub_type": "transmission", "ref": ""}}, {"type": "Feature", "geometry": {"type": "Point", "coordinates": [-101.776107, 35.148612]}, "properties": {"osm_id": "", "name": "Randall County Interchange", "operator": "Xcel Energy", "nominal_kv": 230, "sub_type": "transmission", "ref": ""}}, {"type": "Feature", "geometry": {"type": "Point", "coordinates": [-117.73975, 49.104994]}, "properties": {"osm_id": "", "name": "Trail Substation", "operator": "Fortis BC", "nominal_kv": 230, "sub_type": "transmission", "ref": ""}}, {"type": "Feature", "geometry": {"type": "Point", "coordinates": [-123.037261, 44.589445]}, "properties": {"osm_id": "", "name": "Fry Substation", "operator": "PacifiCorp", "nominal_kv": 230, "sub_type": "", "ref": ""}}, {"type": "Feature", "geometry": {"type": "Point", "coordinates": [-111.884846, 32.516808]}, "properties": {"osm_id": "", "name": "Lakeshore Substation", "operator": "Arizona Public Service", "nominal_kv": 230, "sub_type": "transmission", "ref": ""}}, {"type": "Feature", "geometry": {"type": "Point", "coordinates": [-104.413759, 32.580842]}, "properties": {"osm_id": "", "name": "Seven Rivers Substation", "operator": "", "nominal_kv": 230, "sub_type": "transmission", "ref": ""}}, {"type": "Feature", "geometry": {"type": "Point", "coordinates": [-103.732697, 48.14416]}, "properties": {"osm_id": "", "name": "Williston Substation", "operator": "Western Area Power Administration", "nominal_kv": 230, "sub_type": "transmission", "ref": ""}}, {"type": "Feature", "geometry": {"type": "Point", "coordinates": [-123.278145, 42.446807]}, "properties": {"osm_id": "", "name": "Grants Pass Substation", "operator": "PacifiCorp", "nominal_kv": 230, "sub_type": "", "ref": ""}}, {"type": "Feature", "geometry": {"type": "Point", "coordinates": [-123.41044, 42.93118]}, "properties": {"osm_id": "", "name": "Nickel Mountain Substation", "operator": "", "nominal_kv": 230, "sub_type": "", "ref": ""}}, {"type": "Feature", "geometry": {"type": "Point", "coordinates": [-124.075765, 43.212981]}, "properties": {"osm_id": "", "name": "Fairview Substation", "operator": "", "nominal_kv": 230, "sub_type": "distribution", "ref": ""}}, {"type": "Feature", "geometry": {"type": "Point", "coordinates": [-123.56484, 43.177688]}, "properties": {"osm_id": "", "name": "Reston Substation", "operator": "Bonneville Power Administration", "nominal_kv": 230, "sub_type": "minor_distribution", "ref": ""}}, {"type": "Feature", "geometry": {"type": "Point", "coordinates": [-123.113211, 43.741894]}, "properties": {"osm_id": "", "name": "Martin Creek Substation", "operator": "Bonneville Power Administration", "nominal_kv": 230, "sub_type": "transmission", "ref": ""}}, {"type": "Feature", "geometry": {"type": "Point", "coordinates": [-124.083166, 43.743066]}, "properties": {"osm_id": "", "name": "Tahkenitch Substation", "operator": "Bonneville Power Administration", "nominal_kv": 230, "sub_type": "distribution", "ref": ""}}, {"type": "Feature", "geometry": {"type": "Point", "coordinates": [-123.048145, 44.247695]}, "properties": {"osm_id": "", "name": "Diamond Hill Substation", "operator": "PacifiCorp", "nominal_kv": 230, "sub_type": "", "ref": ""}}, {"type": "Feature", "geometry": {"type": "Point", "coordinates": [-122.824687, 42.346162]}, "properties": {"osm_id": "", "name": "Lone Pine Substation", "operator": "PacifiCorp", "nominal_kv": 230, "sub_type": "distribution", "ref": ""}}, {"type": "Feature", "geometry": {"type": "Point", "coordinates": [-123.84095, 46.142213]}, "properties": {"osm_id": "", "name": "Clatsop Substation", "operator": "Bonneville Power Administration", "nominal_kv": 230, "sub_type": "transmission", "ref": "CLSO"}}, {"type": "Feature", "geometry": {"type": "Point", "coordinates": [-123.829306, 45.457929]}, "properties": {"osm_id": "", "name": "Tillamook Substation", "operator": "Bonneville Power Administration", "nominal_kv": 230, "sub_type": "distribution", "ref": ""}}, {"type": "Feature", "geometry": {"type": "Point", "coordinates": [-123.152826, 45.280913]}, "properties": {"osm_id": "", "name": "Carlton Substation", "operator": "Bonneville Power Administration", "nominal_kv": 230, "sub_type": "", "ref": ""}}, {"type": "Feature", "geometry": {"type": "Point", "coordinates": [-119.965478, 37.875007]}, "properties": {"osm_id": "", "name": "Early Intake Switchyard", "operator": "San Francisco Public Utilities Commission", "nominal_kv": 230, "sub_type": "switching", "ref": ""}}, {"type": "Feature", "geometry": {"type": "Point", "coordinates": [-122.14264, 39.777946]}, "properties": {"osm_id": "", "name": "Glenn Substation", "operator": "Pacific Gas and Electric Company", "nominal_kv": 230, "sub_type": "transmission", "ref": ""}}, {"type": "Feature", "geometry": {"type": "Point", "coordinates": [-109.604755, 32.874987]}, "properties": {"osm_id": "", "name": "Hackberry Substation", "operator": "", "nominal_kv": 230, "sub_type": "distribution", "ref": ""}}, {"type": "Feature", "geometry": {"type": "Point", "coordinates": [-109.275057, 32.988596]}, "properties": {"osm_id": "", "name": "Morenci Substation", "operator": "", "nominal_kv": 230, "sub_type": "distribution", "ref": ""}}, {"type": "Feature", "geometry": {"type": "Point", "coordinates": [-110.92835, 31.971601]}, "properties": {"osm_id": "", "name": "Sahuarita Substation", "operator": "Southwest Transmission Cooperative", "nominal_kv": 230, "sub_type": "distribution", "ref": ""}}, {"type": "Feature", "geometry": {"type": "Point", "coordinates": [-110.570486, 31.964708]}, "properties": {"osm_id": "", "name": "Pantano Substation", "operator": "SWTC", "nominal_kv": 230, "sub_type": "distribution", "ref": ""}}, {"type": "Feature", "geometry": {"type": "Point", "coordinates": [-110.130612, 32.00089]}, "properties": {"osm_id": "", "name": "Butterfield Substation", "operator": "Arizona Electric Power Cooperative", "nominal_kv": 230, "sub_type": "distribution", "ref": ""}}, {"type": "Feature", "geometry": {"type": "Point", "coordinates": [-112.691734, 32.975714]}, "properties": {"osm_id": "", "name": "Gila River Substation", "operator": "", "nominal_kv": 500, "sub_type": "transmission", "ref": ""}}, {"type": "Feature", "geometry": {"type": "Point", "coordinates": [-120.453225, 35.008238]}, "properties": {"osm_id": "", "name": "Mesa Substation", "operator": "Pacific Gas and Electric Company", "nominal_kv": 230, "sub_type": "", "ref": ""}}, {"type": "Feature", "geometry": {"type": "Point", "coordinates": [-112.030241, 34.846444]}, "properties": {"osm_id": "", "name": "Verde Substation", "operator": "Arizona Public Service", "nominal_kv": 230, "sub_type": "transmission", "ref": ""}}, {"type": "Feature", "geometry": {"type": "Point", "coordinates": [-107.848601, 35.402452]}, "properties": {"osm_id": "", "name": "Ambrosia Sub", "operator": "", "nominal_kv": 230, "sub_type": "transmission", "ref": ""}}, {"type": "Feature", "geometry": {"type": "Point", "coordinates": [-101.439747, 35.631791]}, "properties": {"osm_id": "", "name": "Hutchinson County Interchange", "operator": "Xcel Energy", "nominal_kv": 230, "sub_type": "transmission", "ref": ""}}, {"type": "Feature", "geometry": {"type": "Point", "coordinates": [-102.316387, 35.281993]}, "properties": {"osm_id": "", "name": "Wildorado Wind Substation", "operator": "NRG Energy", "nominal_kv": 230, "sub_type": "transmission", "ref": ""}}, {"type": "Feature", "geometry": {"type": "Point", "coordinates": [-119.903405, 36.242377]}, "properties": {"osm_id": "", "name": "Henrietta Substation", "operator": "Pacific Gas and Electric Company", "nominal_kv": 230, "sub_type": "", "ref": ""}}, {"type": "Feature", "geometry": {"type": "Point", "coordinates": [-119.639514, 36.610559]}, "properties": {"osm_id": "", "name": "McCall Substation", "operator": "Pacific Gas and Electric Company", "nominal_kv": 230, "sub_type": "", "ref": ""}}, {"type": "Feature", "geometry": {"type": "Point", "coordinates": [-109.257111, 45.85238]}, "properties": {"osm_id": "", "name": "Columbus-Rapelje Auto Substation", "operator": "NorthWestern Energy", "nominal_kv": 230, "sub_type": "transmission", "ref": ""}}, {"type": "Feature", "geometry": {"type": "Point", "coordinates": [-108.715911, 45.848915]}, "properties": {"osm_id": "", "name": "Shorey Road Substation", "operator": "", "nominal_kv": 230, "sub_type": "transmission", "ref": ""}}, {"type": "Feature", "geometry": {"type": "Point", "coordinates": [-110.666065, 45.954986]}, "properties": {"osm_id": "", "name": "Wilsall Substation", "operator": "Northwest Energy", "nominal_kv": 230, "sub_type": "transmission", "ref": ""}}, {"type": "Feature", "geometry": {"type": "Point", "coordinates": [-111.513237, 45.935458]}, "properties": {"osm_id": "", "name": "Three Rivers Substation", "operator": "NorthWestern Energy", "nominal_kv": 230, "sub_type": "distribution", "ref": ""}}, {"type": "Feature", "geometry": {"type": "Point", "coordinates": [-114.300586, 47.309663]}, "properties": {"osm_id": "", "name": "Dixon Substation", "operator": "Bonneville Power Administration", "nominal_kv": 230, "sub_type": "", "ref": ""}}, {"type": "Feature", "geometry": {"type": "Point", "coordinates": [-114.643013, 48.111017]}, "properties": {"osm_id": "", "name": "FEC Haskill Substation", "operator": "Flathead Electric Cooperative", "nominal_kv": 230, "sub_type": "distribution", "ref": ""}}, {"type": "Feature", "geometry": {"type": "Point", "coordinates": [-114.143801, 48.362569]}, "properties": {"osm_id": "", "name": "Columbia Falls Substation", "operator": "Bonneville Power Administration", "nominal_kv": 230, "sub_type": "", "ref": ""}}, {"type": "Feature", "geometry": {"type": "Point", "coordinates": [-114.251411, 48.029853]}, "properties": {"osm_id": "", "name": "FEC Lakeside Substation", "operator": "Flathead Electric Cooperative", "nominal_kv": 230, "sub_type": "", "ref": ""}}, {"type": "Feature", "geometry": {"type": "Point", "coordinates": [-114.252554, 48.102145]}, "properties": {"osm_id": "", "name": "FEC Lion Mountain Substation", "operator": "Flathead Electric Cooperative", "nominal_kv": 230, "sub_type": "", "ref": ""}}, {"type": "Feature", "geometry": {"type": "Point", "coordinates": [-103.858486, 33.990613]}, "properties": {"osm_id": "", "name": "San Juan Tap", "operator": "", "nominal_kv": 230, "sub_type": "switching", "ref": ""}}, {"type": "Feature", "geometry": {"type": "Point", "coordinates": [-103.82975, 33.961254]}, "properties": {"osm_id": "", "name": "San Juan Substation", "operator": "NextEra Energy Resources", "nominal_kv": 230, "sub_type": "generation", "ref": ""}}, {"type": "Feature", "geometry": {"type": "Point", "coordinates": [-103.353088, 32.713622]}, "properties": {"osm_id": "", "name": "Cunningham substation", "operator": "", "nominal_kv": 230, "sub_type": "transmission", "ref": ""}}, {"type": "Feature", "geometry": {"type": "Point", "coordinates": [-104.200418, 32.445269]}, "properties": {"osm_id": "", "name": "Carlsbad Sub", "operator": "", "nominal_kv": 230, "sub_type": "distribution", "ref": ""}}, {"type": "Feature", "geometry": {"type": "Point", "coordinates": [-102.055756, 33.491594]}, "properties": {"osm_id": "", "name": "Wolfforth Interchange", "operator": "Xcel Energy", "nominal_kv": 230, "sub_type": "transmission", "ref": ""}}, {"type": "Feature", "geometry": {"type": "Point", "coordinates": [-103.965494, 32.505891]}, "properties": {"osm_id": "", "name": "Kiowa 2 Sub", "operator": "", "nominal_kv": 230, "sub_type": "transmission", "ref": ""}}, {"type": "Feature", "geometry": {"type": "Point", "coordinates": [-103.31131, 32.731677]}, "properties": {"osm_id": "", "name": "Hobbs Substation", "operator": "", "nominal_kv": 345, "sub_type": "transmission", "ref": ""}}, {"type": "Feature", "geometry": {"type": "Point", "coordinates": [-101.966845, 33.591165]}, "properties": {"osm_id": "", "name": "Carlisle Interchange", "operator": "Xcel Energy", "nominal_kv": 230, "sub_type": "transmission", "ref": ""}}, {"type": "Feature", "geometry": {"type": "Point", "coordinates": [-101.958054, 33.585856]}, "properties": {"osm_id": "", "name": "McDonald Substation", "operator": "Lubbock Power & Light", "nominal_kv": 230, "sub_type": "distribution", "ref": ""}}, {"type": "Feature", "geometry": {"type": "Point", "coordinates": [-101.739027, 33.522713]}, "properties": {"osm_id": "", "name": "Jones Station", "operator": "Xcel Energy", "nominal_kv": 230, "sub_type": "transmission", "ref": ""}}, {"type": "Feature", "geometry": {"type": "Point", "coordinates": [-101.826415, 33.511609]}, "properties": {"osm_id": "", "name": "Lubbock South Interchange", "operator": "Xcel Energy", "nominal_kv": 230, "sub_type": "transmission", "ref": ""}}, {"type": "Feature", "geometry": {"type": "Point", "coordinates": [-101.791477, 33.571121]}, "properties": {"osm_id": "", "name": "Lubbock East Interchange", "operator": "Xcel Energy", "nominal_kv": 230, "sub_type": "transmission", "ref": ""}}, {"type": "Feature", "geometry": {"type": "Point", "coordinates": [-101.685209, 33.179874]}, "properties": {"osm_id": "", "name": "Grassland Interchange", "operator": "Xcel Energy", "nominal_kv": 230, "sub_type": "transmission", "ref": ""}}, {"type": "Feature", "geometry": {"type": "Point", "coordinates": [-101.792243, 33.520945]}, "properties": {"osm_id": "", "name": "Holly Substation", "operator": "Lubbock Power & Light", "nominal_kv": 230, "sub_type": "transmission", "ref": ""}}, {"type": "Feature", "geometry": {"type": "Point", "coordinates": [-101.855036, 33.518477]}, "properties": {"osm_id": "", "name": "Southeast Substation", "operator": "Lubbock Power & Light", "nominal_kv": 230, "sub_type": "transmission", "ref": ""}}, {"type": "Feature", "geometry": {"type": "Point", "coordinates": [-101.596923, 32.561649]}, "properties": {"osm_id": "", "name": "Vealmoor Substation", "operator": "Sharyland Utilities", "nominal_kv": 345, "sub_type": "transmission", "ref": ""}}, {"type": "Feature", "geometry": {"type": "Point", "coordinates": [-101.863924, 35.099697]}, "properties": {"osm_id": "", "name": "Amarillo South Interchange", "operator": "Xcel Energy", "nominal_kv": 230, "sub_type": "transmission", "ref": ""}}, {"type": "Feature", "geometry": {"type": "Point", "coordinates": [-101.803984, 35.214754]}, "properties": {"osm_id": "", "name": "East Plant Substation", "operator": "Xcel Energy", "nominal_kv": 230, "sub_type": "transmission", "ref": ""}}, {"type": "Feature", "geometry": {"type": "Point", "coordinates": [-123.063163, 49.19128]}, "properties": {"osm_id": "", "name": "Cambie Substation", "operator": "", "nominal_kv": 230, "sub_type": "distribution", "ref": "CAM"}}, {"type": "Feature", "geometry": {"type": "Point", "coordinates": [-124.407445, 42.483558]}, "properties": {"osm_id": "", "name": "Rogue", "operator": "Bonneville Power Administration", "nominal_kv": 230, "sub_type": "distribution", "ref": ""}}, {"type": "Feature", "geometry": {"type": "Point", "coordinates": [-124.177239, 49.787401]}, "properties": {"osm_id": "", "name": "Saltery Bay Substation", "operator": "", "nominal_kv": 230, "sub_type": "", "ref": ""}}, {"type": "Feature", "geometry": {"type": "Point", "coordinates": [-123.152617, 49.249944]}, "properties": {"osm_id": "", "name": "Sperling Substation", "operator": "BC Hydro", "nominal_kv": 230, "sub_type": "distribution", "ref": "SPG"}}, {"type": "Feature", "geometry": {"type": "Point", "coordinates": [-123.116667, 49.204999]}, "properties": {"osm_id": "", "name": "Kidd #1 Substation", "operator": "BC Hydro", "nominal_kv": 230, "sub_type": "", "ref": "KI1"}}, {"type": "Feature", "geometry": {"type": "Point", "coordinates": [-118.488412, 34.068156]}, "properties": {"osm_id": "", "name": "Kenter Canyon", "operator": "Los Angeles Department of Water and Power", "nominal_kv": 230, "sub_type": "transition", "ref": ""}}, {"type": "Feature", "geometry": {"type": "Point", "coordinates": [-112.18535, 33.5361]}, "properties": {"osm_id": "", "name": "Glendale Substation", "operator": "Arizona Public Service", "nominal_kv": 230, "sub_type": "distribution", "ref": ""}}, {"type": "Feature", "geometry": {"type": "Point", "coordinates": [-111.590457, 32.930032]}, "properties": {"osm_id": "", "name": "Sundance Substation", "operator": "Arizona Public Service", "nominal_kv": 230, "sub_type": "generation", "ref": ""}}, {"type": "Feature", "geometry": {"type": "Point", "coordinates": [-111.591785, 32.926092]}, "properties": {"osm_id": "", "name": "Sundance Substation", "operator": "", "nominal_kv": 230, "sub_type": "transmission", "ref": ""}}, {"type": "Feature", "geometry": {"type": "Point", "coordinates": [-111.525562, 33.008173]}, "properties": {"osm_id": "", "name": "Coolidge Substation", "operator": "", "nominal_kv": 230, "sub_type": "distribution", "ref": ""}}, {"type": "Feature", "geometry": {"type": "Point", "coordinates": [-111.508962, 32.916257]}, "properties": {"osm_id": "", "name": "Randolph Substation", "operator": "", "nominal_kv": 230, "sub_type": "generation", "ref": ""}}, {"type": "Feature", "geometry": {"type": "Point", "coordinates": [-105.633909, 36.394841]}, "properties": {"osm_id": "", "name": "Taos Substation", "operator": "", "nominal_kv": 345, "sub_type": "transmission", "ref": ""}}, {"type": "Feature", "geometry": {"type": "Point", "coordinates": [-115.969032, 36.197029]}, "properties": {"osm_id": "", "name": "Pahrump Substation", "operator": "", "nominal_kv": 230, "sub_type": "", "ref": ""}}, {"type": "Feature", "geometry": {"type": "Point", "coordinates": [-115.174931, 35.927132]}, "properties": {"osm_id": "", "name": "Magnolia Substation", "operator": "NV Energy", "nominal_kv": 230, "sub_type": "yes", "ref": ""}}, {"type": "Feature", "geometry": {"type": "Point", "coordinates": [-105.000255, 39.757888]}, "properties": {"osm_id": "", "name": "Lacombe Substation", "operator": "Public Service Company of Colorado", "nominal_kv": 230, "sub_type": "distribution", "ref": ""}}, {"type": "Feature", "geometry": {"type": "Point", "coordinates": [-123.395058, 48.43521]}, "properties": {"osm_id": "", "name": "Esquimalt Substation", "operator": "", "nominal_kv": 230, "sub_type": "", "ref": ""}}, {"type": "Feature", "geometry": {"type": "Point", "coordinates": [-119.347817, 49.906456]}, "properties": {"osm_id": "", "name": "Lee Terminal", "operator": "FortisBC", "nominal_kv": 230, "sub_type": "transmission", "ref": ""}}, {"type": "Feature", "geometry": {"type": "Point", "coordinates": [-104.95673, 40.027409]}, "properties": {"osm_id": "", "name": "Erie Substation", "operator": "Tri-State Generation and Transmission Association", "nominal_kv": 230, "sub_type": "transmission", "ref": ""}}, {"type": "Feature", "geometry": {"type": "Point", "coordinates": [-122.393542, 37.787541]}, "properties": {"osm_id": "", "name": "Embarcadero Substation", "operator": "Pacific Gas and Electric Company", "nominal_kv": 230, "sub_type": "transmission", "ref": ""}}, {"type": "Feature", "geometry": {"type": "Point", "coordinates": [-104.756718, 38.792285]}, "properties": {"osm_id": "", "name": "Kelker Substation", "operator": "Colorado Springs Utilities", "nominal_kv": 230, "sub_type": "transmission", "ref": ""}}, {"type": "Feature", "geometry": {"type": "Point", "coordinates": [-110.298757, 31.004471]}, "properties": {"osm_id": "", "name": "Cananea", "operator": "", "nominal_kv": 230, "sub_type": "transmission;distribution", "ref": ""}}, {"type": "Feature", "geometry": {"type": "Point", "coordinates": [-115.477279, 32.644915]}, "properties": {"osm_id": "", "name": "Centro", "operator": "", "nominal_kv": 230, "sub_type": "transmission", "ref": ""}}, {"type": "Feature", "geometry": {"type": "Point", "coordinates": [-115.428646, 32.662773]}, "properties": {"osm_id": "", "name": "Aeropuerto Dos", "operator": "", "nominal_kv": 230, "sub_type": "transmission", "ref": ""}}, {"type": "Feature", "geometry": {"type": "Point", "coordinates": [-112.425775, 33.505262]}, "properties": {"osm_id": "", "name": "Palm Valley Substation", "operator": "Arizona Public Service", "nominal_kv": 230, "sub_type": "distribution", "ref": ""}}, {"type": "Feature", "geometry": {"type": "Point", "coordinates": [-103.735111, 39.401253]}, "properties": {"osm_id": "", "name": "Cedar Point Wind Farm Elbert County Substation", "operator": "", "nominal_kv": 230, "sub_type": "distribution", "ref": ""}}, {"type": "Feature", "geometry": {"type": "Point", "coordinates": [-113.490099, 53.624283]}, "properties": {"osm_id": "", "name": "Castle Downs Substation", "operator": "EPCOR", "nominal_kv": 240, "sub_type": "transmission", "ref": ""}}, {"type": "Feature", "geometry": {"type": "Point", "coordinates": [-103.679324, 39.448678]}, "properties": {"osm_id": "", "name": "Cedar Point Wind Farm Lincoln County Substation", "operator": "", "nominal_kv": 230, "sub_type": "distribution", "ref": ""}}, {"type": "Feature", "geometry": {"type": "Point", "coordinates": [-101.040737, 50.372356]}, "properties": {"osm_id": "", "name": "Birtle", "operator": "Manitoba Hydro", "nominal_kv": 230, "sub_type": "", "ref": ""}}, {"type": "Feature", "geometry": {"type": "Point", "coordinates": [-114.488395, 53.557715]}, "properties": {"osm_id": "", "name": "Wabamun Substation", "operator": "AltaLink", "nominal_kv": 240, "sub_type": "transmission", "ref": "19S"}}, {"type": "Feature", "geometry": {"type": "Point", "coordinates": [-122.492819, 47.18776]}, "properties": {"osm_id": "", "name": "Southwest Substation", "operator": "Tacoma Power", "nominal_kv": 230, "sub_type": "transmission", "ref": ""}}, {"type": "Feature", "geometry": {"type": "Point", "coordinates": [-111.549545, 57.049901]}, "properties": {"osm_id": "", "name": "Mildred Lake", "operator": "", "nominal_kv": 240, "sub_type": "", "ref": ""}}, {"type": "Feature", "geometry": {"type": "Point", "coordinates": [-111.547891, 56.985409]}, "properties": {"osm_id": "", "name": "Ruth Lake Substation", "operator": "ATCO Electric", "nominal_kv": 240, "sub_type": "transmission", "ref": "848S"}}, {"type": "Feature", "geometry": {"type": "Point", "coordinates": [-113.812153, 55.951331]}, "properties": {"osm_id": "", "name": "Wabasca Substation", "operator": "ATCO Electric", "nominal_kv": 240, "sub_type": "distribution", "ref": "820S"}}, {"type": "Feature", "geometry": {"type": "Point", "coordinates": [-113.489413, 32.954011]}, "properties": {"osm_id": "", "name": "Hoodoo Wash Switchyard", "operator": "Arizona Public Service", "nominal_kv": 500, "sub_type": "transmission", "ref": ""}}, {"type": "Feature", "geometry": {"type": "Point", "coordinates": [-104.783009, 38.941601]}, "properties": {"osm_id": "", "name": "Cottonwood Substation", "operator": "Colorado Springs Utilities", "nominal_kv": 230, "sub_type": "transmission", "ref": ""}}, {"type": "Feature", "geometry": {"type": "Point", "coordinates": [-112.218984, 33.556927]}, "properties": {"osm_id": "", "name": "Agua Fria Substation", "operator": "Salt River Project", "nominal_kv": 230, "sub_type": "transmission", "ref": ""}}, {"type": "Feature", "geometry": {"type": "Point", "coordinates": [-118.570805, 52.075317]}, "properties": {"osm_id": "", "name": "Kinbasket Mica Forebay", "operator": "BC Hydro", "nominal_kv": 500, "sub_type": "generation", "ref": "MCA"}}, {"type": "Feature", "geometry": {"type": "Point", "coordinates": [-104.870971, 39.594041]}, "properties": {"osm_id": "", "name": "Clark Substation", "operator": "Public Service Company of Colorado", "nominal_kv": 230, "sub_type": "distribution", "ref": ""}}, {"type": "Feature", "geometry": {"type": "Point", "coordinates": [-104.812898, 39.762004]}, "properties": {"osm_id": "", "name": "Chambers Substation", "operator": "Public Service Company of Colorado", "nominal_kv": 230, "sub_type": "transmission", "ref": ""}}, {"type": "Feature", "geometry": {"type": "Point", "coordinates": [-106.346973, 39.106202]}, "properties": {"osm_id": "", "name": "Mount Elbert Switching Station", "operator": "Sangre De Cristo Electric Associaton", "nominal_kv": 230, "sub_type": "transmission", "ref": ""}}, {"type": "Feature", "geometry": {"type": "Point", "coordinates": [-104.67157, 38.857641]}, "properties": {"osm_id": "", "name": "Claremont Substation", "operator": "Colorado Springs Utilities", "nominal_kv": 230, "sub_type": "", "ref": ""}}, {"type": "Feature", "geometry": {"type": "Point", "coordinates": [-108.653358, 39.117141]}, "properties": {"osm_id": "", "name": "Adobe Substation", "operator": "Grand Valley Power", "nominal_kv": 230, "sub_type": "distribution", "ref": ""}}, {"type": "Feature", "geometry": {"type": "Point", "coordinates": [-108.58072, 39.098544]}, "properties": {"osm_id": "", "name": "Horizon Substation", "operator": "Public Service Company of Colorado", "nominal_kv": 230, "sub_type": "minor_distribution", "ref": ""}}, {"type": "Feature", "geometry": {"type": "Point", "coordinates": [-108.563719, 39.062746]}, "properties": {"osm_id": "", "name": "Grand Junction Substation", "operator": "Public Service Company of Colorado", "nominal_kv": 230, "sub_type": "minor_distribution", "ref": ""}}, {"type": "Feature", "geometry": {"type": "Point", "coordinates": [-105.865462, 39.077296]}, "properties": {"osm_id": "", "name": "Hartsel Substation", "operator": "Public Service Company of Colorado", "nominal_kv": 230, "sub_type": "transmission", "ref": ""}}, {"type": "Feature", "geometry": {"type": "Point", "coordinates": [-113.456315, 53.43513]}, "properties": {"osm_id": "", "name": "Summerside Substation", "operator": "EPCOR", "nominal_kv": 240, "sub_type": "transmission", "ref": "657S"}}, {"type": "Feature", "geometry": {"type": "Point", "coordinates": [-115.469056, 35.544706]}, "properties": {"osm_id": "", "name": "Ivanpah Substation", "operator": "", "nominal_kv": 230, "sub_type": "", "ref": ""}}, {"type": "Feature", "geometry": {"type": "Point", "coordinates": [-105.144346, 40.582518]}, "properties": {"osm_id": "", "name": "College Lake Substation", "operator": "Public Service Company of Colorado", "nominal_kv": 230, "sub_type": "industrial", "ref": ""}}, {"type": "Feature", "geometry": {"type": "Point", "coordinates": [-121.873124, 47.493289]}, "properties": {"osm_id": "", "name": "Echo Lake Substation", "operator": "Bonneville Power Administration", "nominal_kv": 500, "sub_type": "transmission", "ref": ""}}, {"type": "Feature", "geometry": {"type": "Point", "coordinates": [-123.951414, 49.12263]}, "properties": {"osm_id": "", "name": "Harewood West Substation", "operator": "", "nominal_kv": 230, "sub_type": "transmission", "ref": ""}}, {"type": "Feature", "geometry": {"type": "Point", "coordinates": [-104.550134, 40.106915]}, "properties": {"osm_id": "", "name": "Keensburg Switching Station", "operator": "Public Service Company of Colorado", "nominal_kv": 230, "sub_type": "transmission", "ref": ""}}, {"type": "Feature", "geometry": {"type": "Point", "coordinates": [-118.976217, 35.089397]}, "properties": {"osm_id": "", "name": "Wheeler Ridge Substation", "operator": "Pacific Gas and Electric Company", "nominal_kv": 230, "sub_type": "", "ref": ""}}, {"type": "Feature", "geometry": {"type": "Point", "coordinates": [-104.768374, 39.882625]}, "properties": {"osm_id": "", "name": "Reunion Substation", "operator": "United Power;Tri-State Generation and Transmission Association", "nominal_kv": 230, "sub_type": "transmission", "ref": ""}}, {"type": "Feature", "geometry": {"type": "Point", "coordinates": [-113.478889, 53.499267]}, "properties": {"osm_id": "", "name": "Argyll Substation", "operator": "EPCOR", "nominal_kv": 240, "sub_type": "transition", "ref": ""}}, {"type": "Feature", "geometry": {"type": "Point", "coordinates": [-105.066937, 40.495828]}, "properties": {"osm_id": "", "name": "Portner Substation", "operator": "Platte River Power Authority/Fort Collins Utilities", "nominal_kv": 230, "sub_type": "", "ref": ""}}, {"type": "Feature", "geometry": {"type": "Point", "coordinates": [-106.493535, 31.309417]}, "properties": {"osm_id": "", "name": "Samalayuca Sur", "operator": "", "nominal_kv": 230, "sub_type": "transmission", "ref": ""}}, {"type": "Feature", "geometry": {"type": "Point", "coordinates": [-118.46026, 34.033217]}, "properties": {"osm_id": "", "name": "Receiving Station K - Olympic", "operator": "Los Angeles Department of Water and Power", "nominal_kv": 230, "sub_type": "transmission", "ref": "K"}}, {"type": "Feature", "geometry": {"type": "Point", "coordinates": [-105.146109, 39.899488]}, "properties": {"osm_id": "", "name": "Simms Substation", "operator": "Public Service Company of Colorado", "nominal_kv": 230, "sub_type": "minor_distribution", "ref": ""}}, {"type": "Feature", "geometry": {"type": "Point", "coordinates": [-114.446706, 53.450105]}, "properties": {"osm_id": "", "name": "Keephills Substation", "operator": "AltaLink", "nominal_kv": 500, "sub_type": "generation", "ref": "320P"}}, {"type": "Feature", "geometry": {"type": "Point", "coordinates": [-114.304542, 53.346742]}, "properties": {"osm_id": "", "name": "Genesee Substation", "operator": "AltaLink", "nominal_kv": 500, "sub_type": "transmission", "ref": "330P"}}, {"type": "Feature", "geometry": {"type": "Point", "coordinates": [-113.72859, 52.301941]}, "properties": {"osm_id": "", "name": "Gaetz Substation", "operator": "AltaLink", "nominal_kv": 240, "sub_type": "", "ref": "87S"}}, {"type": "Feature", "geometry": {"type": "Point", "coordinates": [-113.891468, 51.007166]}, "properties": {"osm_id": "", "name": "Janet Substation", "operator": "AltaLink", "nominal_kv": 240, "sub_type": "transmission", "ref": "74S"}}, {"type": "Feature", "geometry": {"type": "Point", "coordinates": [-113.901381, 50.908742]}, "properties": {"osm_id": "", "name": "Substation No. 65", "operator": "ENMAX", "nominal_kv": 240, "sub_type": "transmission", "ref": "SS-65"}}, {"type": "Feature", "geometry": {"type": "Point", "coordinates": [-114.289594, 52.260052]}, "properties": {"osm_id": "", "name": "Benalto", "operator": "AltaLink", "nominal_kv": 240, "sub_type": "transmission", "ref": "17S"}}, {"type": "Feature", "geometry": {"type": "Point", "coordinates": [-115.373391, 52.91149]}, "properties": {"osm_id": "", "name": "Brazeau Switchyard", "operator": "Transalta", "nominal_kv": 240, "sub_type": "generation", "ref": "62S"}}, {"type": "Feature", "geometry": {"type": "Point", "coordinates": [-112.735564, 49.827657]}, "properties": {"osm_id": "", "name": "Picture Butte Substation", "operator": "AltaLink", "nominal_kv": 240, "sub_type": "transmission", "ref": "120S"}}, {"type": "Feature", "geometry": {"type": "Point", "coordinates": [-113.586459, 49.643021]}, "properties": {"osm_id": "", "name": "Peigan", "operator": "", "nominal_kv": 240, "sub_type": "", "ref": "59S"}}, {"type": "Feature", "geometry": {"type": "Point", "coordinates": [-113.923543, 49.5155]}, "properties": {"osm_id": "", "name": "Goose Lake", "operator": "AltaLink", "nominal_kv": 240, "sub_type": "transmission", "ref": "103S"}}, {"type": "Feature", "geometry": {"type": "Point", "coordinates": [-113.96136, 49.557458]}, "properties": {"osm_id": "", "name": "Castle Rock Ridge", "operator": "", "nominal_kv": 240, "sub_type": "", "ref": "205S"}}, {"type": "Feature", "geometry": {"type": "Point", "coordinates": [-106.709841, 52.091882]}, "properties": {"osm_id": "", "name": "Queen Elizabeth Switch Station", "operator": "SaskPower", "nominal_kv": 230, "sub_type": "transmission", "ref": ""}}, {"type": "Feature", "geometry": {"type": "Point", "coordinates": [-104.575079, 50.395797]}, "properties": {"osm_id": "", "name": "Regina South 230 kV Substation", "operator": "SaskPower", "nominal_kv": 230, "sub_type": "transmission", "ref": ""}}, {"type": "Feature", "geometry": {"type": "Point", "coordinates": [-104.757832, 50.519164]}, "properties": {"osm_id": "", "name": "Regina North 230 kV Substation", "operator": "SaskPower", "nominal_kv": 230, "sub_type": "transmission", "ref": ""}}, {"type": "Feature", "geometry": {"type": "Point", "coordinates": [-105.400076, 50.390884]}, "properties": {"osm_id": "", "name": "Pasqua Substation", "operator": "SaskPower", "nominal_kv": 230, "sub_type": "transmission", "ref": ""}}, {"type": "Feature", "geometry": {"type": "Point", "coordinates": [-106.870919, 51.273206]}, "properties": {"osm_id": "", "name": "Coteau Creek Station", "operator": "", "nominal_kv": 230, "sub_type": "transmission", "ref": ""}}, {"type": "Feature", "geometry": {"type": "Point", "coordinates": [-113.837149, 51.431358]}, "properties": {"osm_id": "", "name": "East Crossfield Substation", "operator": "AltaLink", "nominal_kv": 240, "sub_type": "distribution", "ref": "64S"}}, {"type": "Feature", "geometry": {"type": "Point", "coordinates": [-111.799208, 51.429098]}, "properties": {"osm_id": "", "name": "Anderson", "operator": "", "nominal_kv": 240, "sub_type": "", "ref": "801S"}}, {"type": "Feature", "geometry": {"type": "Point", "coordinates": [-112.017403, 50.556752]}, "properties": {"osm_id": "", "name": "West Brooks Substation", "operator": "", "nominal_kv": 240, "sub_type": "transmission", "ref": "28S"}}, {"type": "Feature", "geometry": {"type": "Point", "coordinates": [-112.026077, 50.554754]}, "properties": {"osm_id": "", "name": "Cassils Substation", "operator": "AltaLink", "nominal_kv": 240, "sub_type": "transmission", "ref": "324S"}}, {"type": "Feature", "geometry": {"type": "Point", "coordinates": [-112.76787, 50.521674]}, "properties": {"osm_id": "", "name": "Milo", "operator": "", "nominal_kv": 240, "sub_type": "", "ref": ""}}, {"type": "Feature", "geometry": {"type": "Point", "coordinates": [-110.02394, 50.599044]}, "properties": {"osm_id": "", "name": "McNeill HVDC Back-to-back station", "operator": "", "nominal_kv": 230, "sub_type": "converter", "ref": "840S"}}, {"type": "Feature", "geometry": {"type": "Point", "coordinates": [-110.026752, 50.678254]}, "properties": {"osm_id": "", "name": "Amoco Empress", "operator": "", "nominal_kv": 240, "sub_type": "", "ref": "163S"}}, {"type": "Feature", "geometry": {"type": "Point", "coordinates": [-110.05503, 50.657611]}, "properties": {"osm_id": "", "name": "Cypress", "operator": "", "nominal_kv": 240, "sub_type": "", "ref": "562S"}}, {"type": "Feature", "geometry": {"type": "Point", "coordinates": [-111.919857, 50.872345]}, "properties": {"osm_id": "", "name": "Ware Junction Substation", "operator": "AltaLink", "nominal_kv": 240, "sub_type": "transmission", "ref": "132S"}}, {"type": "Feature", "geometry": {"type": "Point", "coordinates": [-107.926143, 50.298591]}, "properties": {"osm_id": "", "name": "Swift Current", "operator": "SaskPower", "nominal_kv": 230, "sub_type": "transmission", "ref": ""}}, {"type": "Feature", "geometry": {"type": "Point", "coordinates": [-107.492942, 50.132557]}, "properties": {"osm_id": "", "name": "Centennial Wind Farm Substation", "operator": "", "nominal_kv": 230, "sub_type": "", "ref": ""}}, {"type": "Feature", "geometry": {"type": "Point", "coordinates": [-111.507579, 57.297184]}, "properties": {"osm_id": "", "name": "Aurora", "operator": "", "nominal_kv": 240, "sub_type": "", "ref": ""}}, {"type": "Feature", "geometry": {"type": "Point", "coordinates": [-111.091779, 50.710823]}, "properties": {"osm_id": "", "name": "Jenner", "operator": "", "nominal_kv": 240, "sub_type": "", "ref": "275S"}}, {"type": "Feature", "geometry": {"type": "Point", "coordinates": [-104.991688, 39.708116]}, "properties": {"osm_id": "", "name": "Dakota Substation", "operator": "Public Service Company of Colorado", "nominal_kv": 230, "sub_type": "distribution", "ref": ""}}, {"type": "Feature", "geometry": {"type": "Point", "coordinates": [-104.799225, 40.944742]}, "properties": {"osm_id": "", "name": "Owl Creek Substation", "operator": "", "nominal_kv": 230, "sub_type": "industrial", "ref": ""}}, {"type": "Feature", "geometry": {"type": "Point", "coordinates": [-107.900181, 30.524911]}, "properties": {"osm_id": "", "name": "Nuevo casas grandes", "operator": "Comisi\u00f3n Federal de Electricidad", "nominal_kv": 230, "sub_type": "transmission", "ref": ""}}, {"type": "Feature", "geometry": {"type": "Point", "coordinates": [-103.643986, 41.928511]}, "properties": {"osm_id": "", "name": "Victory Hill Substation", "operator": "Nebraska Public Power District", "nominal_kv": 230, "sub_type": "transmission", "ref": ""}}, {"type": "Feature", "geometry": {"type": "Point", "coordinates": [-104.800778, 40.020444]}, "properties": {"osm_id": "", "name": "Sipres Substation", "operator": "United Power", "nominal_kv": 230, "sub_type": "minor_distribution", "ref": ""}}, {"type": "Feature", "geometry": {"type": "Point", "coordinates": [-105.139391, 40.142829]}, "properties": {"osm_id": "", "name": "Fordham Substation", "operator": "Platte River Power Authority", "nominal_kv": 230, "sub_type": "transmission", "ref": ""}}, {"type": "Feature", "geometry": {"type": "Point", "coordinates": [-113.587832, 53.614704]}, "properties": {"osm_id": "", "name": "North Calder Substation", "operator": "AltaLink", "nominal_kv": 240, "sub_type": "distribution", "ref": "37S"}}, {"type": "Feature", "geometry": {"type": "Point", "coordinates": [-112.343524, 33.635493]}, "properties": {"osm_id": "", "name": "Surprise Substation", "operator": "Arizona Public Service", "nominal_kv": 230, "sub_type": "distribution", "ref": ""}}, {"type": "Feature", "geometry": {"type": "Point", "coordinates": [-111.939517, 33.708377]}, "properties": {"osm_id": "", "name": "Pinnacle Peak Substation", "operator": "", "nominal_kv": 500, "sub_type": "transmission", "ref": ""}}, {"type": "Feature", "geometry": {"type": "Point", "coordinates": [-111.131424, 30.525662]}, "properties": {"osm_id": "", "name": "Santa Ana", "operator": "Comisi\u00f3n Federal de Electricidad", "nominal_kv": 230, "sub_type": "transmission", "ref": ""}}, {"type": "Feature", "geometry": {"type": "Point", "coordinates": [-112.677979, 30.802364]}, "properties": {"osm_id": "", "name": "Subestaci\u00f3n Seis de Abril", "operator": "Comisi\u00f3n Federal de Electricidad", "nominal_kv": 230, "sub_type": "transmission", "ref": ""}}, {"type": "Feature", "geometry": {"type": "Point", "coordinates": [-107.969238, 31.045364]}, "properties": {"osm_id": "", "name": "Ascenci\u00f3n 2", "operator": "Comisi\u00f3n Federal de Electricidad", "nominal_kv": 230, "sub_type": "transmission", "ref": ""}}, {"type": "Feature", "geometry": {"type": "Point", "coordinates": [-113.562455, 53.462335]}, "properties": {"osm_id": "", "name": "Petrolia Substation", "operator": "EPCOR", "nominal_kv": 240, "sub_type": "transmission", "ref": "816S"}}, {"type": "Feature", "geometry": {"type": "Point", "coordinates": [-109.951466, 53.239346]}, "properties": {"osm_id": "", "name": "Lloydminster Switch Station", "operator": "SaskPower", "nominal_kv": 230, "sub_type": "transmission", "ref": ""}}, {"type": "Feature", "geometry": {"type": "Point", "coordinates": [-108.173476, 52.701958]}, "properties": {"osm_id": "", "name": "North Battleford Switching Station", "operator": "SaskPower", "nominal_kv": 230, "sub_type": "transmission", "ref": ""}}, {"type": "Feature", "geometry": {"type": "Point", "coordinates": [-108.770467, 39.172899]}, "properties": {"osm_id": "", "name": "Uintah Substation", "operator": "Public Service Company of Colorado", "nominal_kv": 230, "sub_type": "transmission", "ref": ""}}, {"type": "Feature", "geometry": {"type": "Point", "coordinates": [-108.094032, 39.473964]}, "properties": {"osm_id": "", "name": "Wheeler Substation", "operator": "", "nominal_kv": 230, "sub_type": "industrial", "ref": ""}}, {"type": "Feature", "geometry": {"type": "Point", "coordinates": [-123.111603, 49.265375]}, "properties": {"osm_id": "", "name": "Mount Pleasant Substation", "operator": "BC Hydro", "nominal_kv": 230, "sub_type": "distribution", "ref": "MPT"}}, {"type": "Feature", "geometry": {"type": "Point", "coordinates": [-105.041073, 39.548046]}, "properties": {"osm_id": "", "name": "Santa Fe Substation", "operator": "Public Service Company of Colorado", "nominal_kv": 230, "sub_type": "distribution", "ref": ""}}, {"type": "Feature", "geometry": {"type": "Point", "coordinates": [-115.485217, 32.601421]}, "properties": {"osm_id": "", "name": "Xochimilco", "operator": "", "nominal_kv": 230, "sub_type": "distribution", "ref": ""}}, {"type": "Feature", "geometry": {"type": "Point", "coordinates": [-104.993844, 39.736433]}, "properties": {"osm_id": "", "name": "Elati Substation", "operator": "Public Service Company of Colorado", "nominal_kv": 230, "sub_type": "distribution", "ref": ""}}, {"type": "Feature", "geometry": {"type": "Point", "coordinates": [-105.095266, 40.459754]}, "properties": {"osm_id": "", "name": "Horseshoe Substation", "operator": "Platte River Power Authority", "nominal_kv": 230, "sub_type": "transmission", "ref": ""}}, {"type": "Feature", "geometry": {"type": "Point", "coordinates": [-102.453243, 51.186969]}, "properties": {"osm_id": "", "name": "Yorkton Switch Station", "operator": "SaskPower", "nominal_kv": 230, "sub_type": "transmission", "ref": ""}}, {"type": "Feature", "geometry": {"type": "Point", "coordinates": [-113.208912, 53.740453]}, "properties": {"osm_id": "", "name": "Lamoureux Substation", "operator": "AltaLink", "nominal_kv": 240, "sub_type": "transmission", "ref": "71S"}}, {"type": "Feature", "geometry": {"type": "Point", "coordinates": [-105.151376, 39.733118]}, "properties": {"osm_id": "", "name": "West Substation", "operator": "Public Service Company of Colorado", "nominal_kv": 230, "sub_type": "transition", "ref": ""}}, {"type": "Feature", "geometry": {"type": "Point", "coordinates": [-111.152264, 55.660046]}, "properties": {"osm_id": "", "name": "Leismer", "operator": "", "nominal_kv": 240, "sub_type": "", "ref": "72S"}}, {"type": "Feature", "geometry": {"type": "Point", "coordinates": [-111.649067, 55.043826]}, "properties": {"osm_id": "", "name": "Hearthlake Substation", "operator": "AltaLink", "nominal_kv": 240, "sub_type": "transmission", "ref": "898S"}}, {"type": "Feature", "geometry": {"type": "Point", "coordinates": [-104.98119, 39.956203]}, "properties": {"osm_id": "", "name": "Washington Substation", "operator": "Public Service Company of Colorado", "nominal_kv": 230, "sub_type": "", "ref": ""}}, {"type": "Feature", "geometry": {"type": "Point", "coordinates": [-104.979471, 39.978196]}, "properties": {"osm_id": "", "name": "Green Substation", "operator": "United Power;Tri-State Generation and Transmission Association", "nominal_kv": 230, "sub_type": "distribution", "ref": ""}}, {"type": "Feature", "geometry": {"type": "Point", "coordinates": [-105.312099, 51.878899]}, "properties": {"osm_id": "", "name": "Guernsey Substation", "operator": "SaskPower", "nominal_kv": 230, "sub_type": "transmission", "ref": ""}}, {"type": "Feature", "geometry": {"type": "Point", "coordinates": [-109.679043, 30.369434]}, "properties": {"osm_id": "", "name": "Nacozari", "operator": "CFE", "nominal_kv": 230, "sub_type": "distribution", "ref": ""}}, {"type": "Feature", "geometry": {"type": "Point", "coordinates": [-109.542948, 30.340473]}, "properties": {"osm_id": "", "name": "La caridad", "operator": "", "nominal_kv": 230, "sub_type": "industrial", "ref": ""}}, {"type": "Feature", "geometry": {"type": "Point", "coordinates": [-109.62086, 30.520892]}, "properties": {"osm_id": "", "name": "La Caridad Generaci\u00f3n", "operator": "", "nominal_kv": 230, "sub_type": "generation", "ref": ""}}, {"type": "Feature", "geometry": {"type": "Point", "coordinates": [-109.631875, 30.486575]}, "properties": {"osm_id": "", "name": "La caridad fundici\u00f3n", "operator": "", "nominal_kv": 230, "sub_type": "industrial", "ref": ""}}, {"type": "Feature", "geometry": {"type": "Point", "coordinates": [-109.611448, 31.222929]}, "properties": {"osm_id": "", "name": "El Fresnal", "operator": "", "nominal_kv": 230, "sub_type": "transmission;generation", "ref": ""}}, {"type": "Feature", "geometry": {"type": "Point", "coordinates": [-110.414263, 31.01667]}, "properties": {"osm_id": "", "name": "Observatorio", "operator": "", "nominal_kv": 230, "sub_type": "transmission", "ref": ""}}, {"type": "Feature", "geometry": {"type": "Point", "coordinates": [-113.486052, 53.01898]}, "properties": {"osm_id": "", "name": "Bigstone Substation", "operator": "AltaLink", "nominal_kv": 240, "sub_type": "transmission", "ref": "86S"}}, {"type": "Feature", "geometry": {"type": "Point", "coordinates": [-112.208028, 30.713227]}, "properties": {"osm_id": "", "name": "Subesatcion Industrial Caborca", "operator": "", "nominal_kv": 230, "sub_type": "transmission", "ref": ""}}, {"type": "Feature", "geometry": {"type": "Point", "coordinates": [-112.904122, 33.343243]}, "properties": {"osm_id": "", "name": "Mesquite Solar 1", "operator": "Sempra Generation", "nominal_kv": 230, "sub_type": "transmission", "ref": ""}}, {"type": "Feature", "geometry": {"type": "Point", "coordinates": [-111.562685, 32.870423]}, "properties": {"osm_id": "", "name": "Pinal Central Substation", "operator": "Salt River Project", "nominal_kv": 500, "sub_type": "distribution", "ref": ""}}, {"type": "Feature", "geometry": {"type": "Point", "coordinates": [-111.396808, 35.182746]}, "properties": {"osm_id": "", "name": "Flagstaff Substation", "operator": "", "nominal_kv": 345, "sub_type": "transmission", "ref": ""}}, {"type": "Feature", "geometry": {"type": "Point", "coordinates": [-102.329442, 31.836152]}, "properties": {"osm_id": "", "name": "Odessa EHV Substation", "operator": "Oncor", "nominal_kv": 345, "sub_type": "transmission", "ref": ""}}, {"type": "Feature", "geometry": {"type": "Point", "coordinates": [-102.289377, 30.975613]}, "properties": {"osm_id": "", "name": "Bakersfield Substation", "operator": "Lower Colorado River Authority", "nominal_kv": 345, "sub_type": "transmission", "ref": ""}}, {"type": "Feature", "geometry": {"type": "Point", "coordinates": [-102.223411, 31.153769]}, "properties": {"osm_id": "", "name": "North McCamey Subsation", "operator": "Lower Colorado River Authority", "nominal_kv": 345, "sub_type": "transmission", "ref": ""}}, {"type": "Feature", "geometry": {"type": "Point", "coordinates": [-112.060087, 33.57425]}, "properties": {"osm_id": "", "name": "Sunnyslope Substation", "operator": "Arizona Public Service", "nominal_kv": 230, "sub_type": "distribution", "ref": ""}}, {"type": "Feature", "geometry": {"type": "Point", "coordinates": [-115.939503, 32.568056]}, "properties": {"osm_id": "", "name": "Rumurosa", "operator": "", "nominal_kv": 230, "sub_type": "transmission", "ref": ""}}, {"type": "Feature", "geometry": {"type": "Point", "coordinates": [-112.843382, 33.346524]}, "properties": {"osm_id": "", "name": "Sun Streams Project", "operator": "", "nominal_kv": 500, "sub_type": "transmission", "ref": ""}}, {"type": "Feature", "geometry": {"type": "Point", "coordinates": [-112.689359, 33.668115]}, "properties": {"osm_id": "", "name": "Sun Valley Substation (TS-5)", "operator": "", "nominal_kv": 230, "sub_type": "distribution", "ref": ""}}, {"type": "Feature", "geometry": {"type": "Point", "coordinates": [-102.884811, 40.979518]}, "properties": {"osm_id": "", "name": "Northeast Colorado Wind Energy Center Substation", "operator": "NextEra Energy", "nominal_kv": 230, "sub_type": "generation", "ref": ""}}, {"type": "Feature", "geometry": {"type": "Point", "coordinates": [-103.684636, 40.216885]}, "properties": {"osm_id": "", "name": "Manchief Substation", "operator": "", "nominal_kv": 230, "sub_type": "generation", "ref": ""}}, {"type": "Feature", "geometry": {"type": "Point", "coordinates": [-109.753013, 46.572737]}, "properties": {"osm_id": "", "name": "Judith Gap South Substation", "operator": "Northwest Energy", "nominal_kv": 230, "sub_type": "transmission", "ref": ""}}, {"type": "Feature", "geometry": {"type": "Point", "coordinates": [-102.610009, 37.705076]}, "properties": {"osm_id": "", "name": "Colorado Green Switching Station", "operator": "", "nominal_kv": 230, "sub_type": "transmission", "ref": ""}}, {"type": "Feature", "geometry": {"type": "Point", "coordinates": [-113.230506, 53.857796]}, "properties": {"osm_id": "", "name": "Heartland Substation", "operator": "AltaLink", "nominal_kv": 500, "sub_type": "transmission", "ref": "12S"}}, {"type": "Feature", "geometry": {"type": "Point", "coordinates": [-113.048785, 53.824835]}, "properties": {"osm_id": "", "name": "Amelia Substation", "operator": "AltaLink", "nominal_kv": 240, "sub_type": "industrial", "ref": "108S"}}, {"type": "Feature", "geometry": {"type": "Point", "coordinates": [-113.109728, 53.782796]}, "properties": {"osm_id": "", "name": "Josephburg Substation", "operator": "AltaLink", "nominal_kv": 240, "sub_type": "transmission", "ref": "410S"}}, {"type": "Feature", "geometry": {"type": "Point", "coordinates": [-113.204887, 53.851606]}, "properties": {"osm_id": "", "name": "Heathfield Converter Station", "operator": "ATCO Electric", "nominal_kv": 500, "sub_type": "converter", "ref": "2029S"}}, {"type": "Feature", "geometry": {"type": "Point", "coordinates": [-112.895396, 53.857491]}, "properties": {"osm_id": "", "name": "Deerland Substation", "operator": "AltaLink", "nominal_kv": 240, "sub_type": "transmission", "ref": "13S"}}, {"type": "Feature", "geometry": {"type": "Point", "coordinates": [-114.473025, 54.155573]}, "properties": {"osm_id": "", "name": "North Barrhead Substation", "operator": "AltaLink", "nominal_kv": 240, "sub_type": "transmission", "ref": "69S"}}, {"type": "Feature", "geometry": {"type": "Point", "coordinates": [-113.365576, 53.587897]}, "properties": {"osm_id": "", "name": "Clover Bar Substation", "operator": "AltaLink", "nominal_kv": 240, "sub_type": "transmission", "ref": ""}}, {"type": "Feature", "geometry": {"type": "Point", "coordinates": [-113.112139, 53.838694]}, "properties": {"osm_id": "", "name": "Bannerman Substation", "operator": "AltaLink", "nominal_kv": 240, "sub_type": "industrial", "ref": "681S"}}, {"type": "Feature", "geometry": {"type": "Point", "coordinates": [-104.816126, 39.595695]}, "properties": {"osm_id": "", "name": "Jordan Substation", "operator": "Public Service Company of Colorado", "nominal_kv": 230, "sub_type": "distribution", "ref": ""}}, {"type": "Feature", "geometry": {"type": "Point", "coordinates": [-104.715016, 39.63082]}, "properties": {"osm_id": "", "name": "Smoky Hill Substation", "operator": "Public Service Company of Colorado", "nominal_kv": 345, "sub_type": "transmission", "ref": ""}}, {"type": "Feature", "geometry": {"type": "Point", "coordinates": [-104.877077, 39.682548]}, "properties": {"osm_id": "", "name": "Jewell Substation", "operator": "Public Service Company of Colorado", "nominal_kv": 230, "sub_type": "distribution", "ref": ""}}, {"type": "Feature", "geometry": {"type": "Point", "coordinates": [-104.918497, 39.706581]}, "properties": {"osm_id": "", "name": "Leetsdale Substation", "operator": "Public Service Company of Colorado", "nominal_kv": 230, "sub_type": "transmission", "ref": ""}}, {"type": "Feature", "geometry": {"type": "Point", "coordinates": [-104.790854, 39.624582]}, "properties": {"osm_id": "", "name": "Meadow Hills Substation", "operator": "Public Service Company of Colorado", "nominal_kv": 230, "sub_type": "", "ref": ""}}, {"type": "Feature", "geometry": {"type": "Point", "coordinates": [-122.262165, 46.059608]}, "properties": {"osm_id": "", "name": "Beaver Bay Substation", "operator": "Cowlitz Public Utility District", "nominal_kv": 230, "sub_type": "yes", "ref": ""}}, {"type": "Feature", "geometry": {"type": "Point", "coordinates": [-122.917069, 45.551649]}, "properties": {"osm_id": "", "name": "Sunset Substation", "operator": "Portland General Electric", "nominal_kv": 230, "sub_type": "distribution", "ref": ""}}, {"type": "Feature", "geometry": {"type": "Point", "coordinates": [-115.168941, 39.357596]}, "properties": {"osm_id": "", "name": "Robinson Summit Substation", "operator": "", "nominal_kv": 500, "sub_type": "distribution", "ref": ""}}, {"type": "Feature", "geometry": {"type": "Point", "coordinates": [-111.506241, 57.25293]}, "properties": {"osm_id": "", "name": "Muskeg River", "operator": "", "nominal_kv": 240, "sub_type": "", "ref": "847SS"}}, {"type": "Feature", "geometry": {"type": "Point", "coordinates": [-111.394159, 57.239226]}, "properties": {"osm_id": "", "name": "Jack Pine", "operator": "", "nominal_kv": 240, "sub_type": "", "ref": "920S"}}, {"type": "Feature", "geometry": {"type": "Point", "coordinates": [-111.919821, 57.029906]}, "properties": {"osm_id": "", "name": "Dover", "operator": "", "nominal_kv": 240, "sub_type": "", "ref": "888S"}}, {"type": "Feature", "geometry": {"type": "Point", "coordinates": [-111.872784, 57.30433]}, "properties": {"osm_id": "", "name": "Joslyn Creek", "operator": "", "nominal_kv": 240, "sub_type": "", "ref": "849S"}}, {"type": "Feature", "geometry": {"type": "Point", "coordinates": [-118.4368, 34.858043]}, "properties": {"osm_id": "", "name": "Whirlwind Substation", "operator": "Southern California Edison", "nominal_kv": 500, "sub_type": "transmission", "ref": ""}}, {"type": "Feature", "geometry": {"type": "Point", "coordinates": [-119.529759, 39.561603]}, "properties": {"osm_id": "", "name": "West Tracy Substation", "operator": "", "nominal_kv": 345, "sub_type": "transmission", "ref": ""}}, {"type": "Feature", "geometry": {"type": "Point", "coordinates": [-118.347295, 34.088421]}, "properties": {"osm_id": "", "name": "Receiving Station H - Hollywood", "operator": "Los Angeles Department and Power", "nominal_kv": 230, "sub_type": "transmission", "ref": "H"}}, {"type": "Feature", "geometry": {"type": "Point", "coordinates": [-103.656544, 39.375338]}, "properties": {"osm_id": "", "name": "Limon Wind Energy Center I Substation", "operator": "NextEra Energy", "nominal_kv": 345, "sub_type": "generation", "ref": ""}}, {"type": "Feature", "geometry": {"type": "Point", "coordinates": [-103.594836, 39.359601]}, "properties": {"osm_id": "", "name": "Limon Wind Energy Center II Substation", "operator": "NextEra Energy", "nominal_kv": 345, "sub_type": "generation", "ref": ""}}, {"type": "Feature", "geometry": {"type": "Point", "coordinates": [-112.132902, 52.468038]}, "properties": {"osm_id": "", "name": "Battle River", "operator": "ATCO Electric", "nominal_kv": 240, "sub_type": "transmission", "ref": "757S"}}, {"type": "Feature", "geometry": {"type": "Point", "coordinates": [-113.88757, 50.970934]}, "properties": {"osm_id": "", "name": "Substation No. 25", "operator": "ENMAX", "nominal_kv": 240, "sub_type": "transmission", "ref": "SS-25"}}, {"type": "Feature", "geometry": {"type": "Point", "coordinates": [-113.025656, 52.384064]}, "properties": {"osm_id": "", "name": "Nevis Substation", "operator": "AltaLink", "nominal_kv": 240, "sub_type": "transmission", "ref": "766S"}}, {"type": "Feature", "geometry": {"type": "Point", "coordinates": [-113.651043, 53.54942]}, "properties": {"osm_id": "", "name": "Poundmaker Substation", "operator": "EPCOR", "nominal_kv": 240, "sub_type": "transmission", "ref": ""}}, {"type": "Feature", "geometry": {"type": "Point", "coordinates": [-114.552828, 53.508099]}, "properties": {"osm_id": "", "name": "Sundance", "operator": "AltaLink", "nominal_kv": 240, "sub_type": "generation", "ref": "310P"}}, {"type": "Feature", "geometry": {"type": "Point", "coordinates": [-113.939038, 51.178848]}, "properties": {"osm_id": "", "name": "Substation 162", "operator": "ENMAX", "nominal_kv": 240, "sub_type": "transmission", "ref": "SS-162"}}, {"type": "Feature", "geometry": {"type": "Point", "coordinates": [-111.904402, 57.040938]}, "properties": {"osm_id": "", "name": "Mackay River", "operator": "", "nominal_kv": 240, "sub_type": "", "ref": "874S"}}, {"type": "Feature", "geometry": {"type": "Point", "coordinates": [-111.803476, 57.344659]}, "properties": {"osm_id": "", "name": "Horizon Mining", "operator": "", "nominal_kv": 240, "sub_type": "", "ref": "838S"}}, {"type": "Feature", "geometry": {"type": "Point", "coordinates": [-111.758358, 57.340204]}, "properties": {"osm_id": "", "name": "Horizon Upgrading", "operator": "", "nominal_kv": 240, "sub_type": "", "ref": "842S"}}, {"type": "Feature", "geometry": {"type": "Point", "coordinates": [-110.718939, 55.663841]}, "properties": {"osm_id": "", "name": "MEG-Conklin", "operator": "", "nominal_kv": 240, "sub_type": "", "ref": "762S"}}, {"type": "Feature", "geometry": {"type": "Point", "coordinates": [-111.969588, 55.29541]}, "properties": {"osm_id": "", "name": "Round Hill Substation", "operator": "ATCO Electric", "nominal_kv": 240, "sub_type": "industrial", "ref": "852S"}}, {"type": "Feature", "geometry": {"type": "Point", "coordinates": [-110.914713, 55.560439]}, "properties": {"osm_id": "", "name": "Christina Lake", "operator": "", "nominal_kv": 240, "sub_type": "", "ref": "723S"}}, {"type": "Feature", "geometry": {"type": "Point", "coordinates": [-112.234178, 55.753743]}, "properties": {"osm_id": "", "name": "Mc Millan", "operator": "", "nominal_kv": 240, "sub_type": "", "ref": "885S"}}, {"type": "Feature", "geometry": {"type": "Point", "coordinates": [-110.951908, 56.304642]}, "properties": {"osm_id": "", "name": "Kinosis", "operator": "", "nominal_kv": 240, "sub_type": "", "ref": "856S"}}, {"type": "Feature", "geometry": {"type": "Point", "coordinates": [-113.463564, 56.153669]}, "properties": {"osm_id": "", "name": "Brintnell", "operator": "", "nominal_kv": 240, "sub_type": "", "ref": "876S"}}, {"type": "Feature", "geometry": {"type": "Point", "coordinates": [-116.975741, 56.27685]}, "properties": {"osm_id": "", "name": "Wesley Creek", "operator": "", "nominal_kv": 240, "sub_type": "", "ref": "834S"}}, {"type": "Feature", "geometry": {"type": "Point", "coordinates": [-117.203633, 54.942138]}, "properties": {"osm_id": "", "name": "Little Smoky Substation", "operator": "ATCO Electric", "nominal_kv": 240, "sub_type": "transmission", "ref": "813S"}}, {"type": "Feature", "geometry": {"type": "Point", "coordinates": [-115.567384, 54.613675]}, "properties": {"osm_id": "", "name": "Louise Creek", "operator": "", "nominal_kv": 240, "sub_type": "", "ref": "809S"}}, {"type": "Feature", "geometry": {"type": "Point", "coordinates": [-115.809039, 54.179041]}, "properties": {"osm_id": "", "name": "Alberta Newsprint Substation", "operator": "AltaLink", "nominal_kv": 240, "sub_type": "industrial", "ref": "122S"}}, {"type": "Feature", "geometry": {"type": "Point", "coordinates": [-115.575148, 54.0828]}, "properties": {"osm_id": "", "name": "Sagithwah Substation", "operator": "AltaLink", "nominal_kv": 240, "sub_type": "transmission", "ref": "77S"}}, {"type": "Feature", "geometry": {"type": "Point", "coordinates": [-104.600625, 38.238917]}, "properties": {"osm_id": "", "name": "CF&I East Substation", "operator": "", "nominal_kv": 230, "sub_type": "industrial", "ref": ""}}, {"type": "Feature", "geometry": {"type": "Point", "coordinates": [-111.750922, 54.412226]}, "properties": {"osm_id": "", "name": "Whitefish Lake", "operator": "", "nominal_kv": 240, "sub_type": "", "ref": "825S"}}, {"type": "Feature", "geometry": {"type": "Point", "coordinates": [-110.810927, 54.586035]}, "properties": {"osm_id": "", "name": "Marguerite Lake", "operator": "", "nominal_kv": 240, "sub_type": "", "ref": "826S"}}, {"type": "Feature", "geometry": {"type": "Point", "coordinates": [-110.586939, 52.407315]}, "properties": {"osm_id": "", "name": "Hansman Lake", "operator": "", "nominal_kv": 240, "sub_type": "", "ref": "650S"}}, {"type": "Feature", "geometry": {"type": "Point", "coordinates": [-110.58006, 52.405594]}, "properties": {"osm_id": "", "name": "Metiskow", "operator": "", "nominal_kv": 240, "sub_type": "", "ref": "648S"}}, {"type": "Feature", "geometry": {"type": "Point", "coordinates": [-110.603785, 51.984863]}, "properties": {"osm_id": "", "name": "Pemukan", "operator": "", "nominal_kv": 240, "sub_type": "", "ref": "932S"}}, {"type": "Feature", "geometry": {"type": "Point", "coordinates": [-111.793991, 51.442585]}, "properties": {"osm_id": "", "name": "Sheerness", "operator": "", "nominal_kv": 240, "sub_type": "", "ref": "807S"}}, {"type": "Feature", "geometry": {"type": "Point", "coordinates": [-116.604514, 53.516546]}, "properties": {"osm_id": "", "name": "Bickerdike", "operator": "", "nominal_kv": 240, "sub_type": "", "ref": "39S"}}, {"type": "Feature", "geometry": {"type": "Point", "coordinates": [-114.818334, 33.580532]}, "properties": {"osm_id": "", "name": "Colorado River Substation", "operator": "Southern California Edison", "nominal_kv": 500, "sub_type": "transmission", "ref": ""}}, {"type": "Feature", "geometry": {"type": "Point", "coordinates": [-114.310611, 53.352625]}, "properties": {"osm_id": "", "name": "Sunnybrook Converter Station", "operator": "AltaLink", "nominal_kv": 500, "sub_type": "converter", "ref": "510S"}}, {"type": "Feature", "geometry": {"type": "Point", "coordinates": [-116.683462, 32.808758]}, "properties": {"osm_id": "", "name": "Suncrest Substation", "operator": "San Diego Gas & Electric", "nominal_kv": 500, "sub_type": "transmission", "ref": ""}}, {"type": "Feature", "geometry": {"type": "Point", "coordinates": [-104.978554, 39.900484]}, "properties": {"osm_id": "", "name": "Glenn Substation", "operator": "Public Service Company of Colorado", "nominal_kv": 230, "sub_type": "", "ref": ""}}, {"type": "Feature", "geometry": {"type": "Point", "coordinates": [-110.561335, 51.405645]}, "properties": {"osm_id": "", "name": "Lanfine Substation", "operator": "ATCO Electric", "nominal_kv": 240, "sub_type": "transmission", "ref": "959S"}}, {"type": "Feature", "geometry": {"type": "Point", "coordinates": [-110.480396, 50.177231]}, "properties": {"osm_id": "", "name": "Bowmanton", "operator": "", "nominal_kv": 240, "sub_type": "", "ref": "244S"}}, {"type": "Feature", "geometry": {"type": "Point", "coordinates": [-111.174614, 49.610331]}, "properties": {"osm_id": "", "name": "Whitla", "operator": "", "nominal_kv": 240, "sub_type": "", "ref": "251S"}}, {"type": "Feature", "geometry": {"type": "Point", "coordinates": [-115.899798, 36.161495]}, "properties": {"osm_id": "", "name": "Gamebird Switchard", "operator": "", "nominal_kv": 230, "sub_type": "", "ref": ""}}, {"type": "Feature", "geometry": {"type": "Point", "coordinates": [-108.11437, 39.490505]}, "properties": {"osm_id": "", "name": "Starky Gulch Substation", "operator": "Public Service Company of Colorado", "nominal_kv": 230, "sub_type": "", "ref": ""}}, {"type": "Feature", "geometry": {"type": "Point", "coordinates": [-101.301825, 31.956567]}, "properties": {"osm_id": "", "name": "Panther Creek Wind 2 Substation", "operator": "E.ON", "nominal_kv": 345, "sub_type": "transmission", "ref": ""}}, {"type": "Feature", "geometry": {"type": "Point", "coordinates": [-101.88174, 32.166485]}, "properties": {"osm_id": "", "name": "Grelton Substation", "operator": "Wind Energy Transmission Texas", "nominal_kv": 345, "sub_type": "transmission", "ref": ""}}, {"type": "Feature", "geometry": {"type": "Point", "coordinates": [-101.633271, 32.721295]}, "properties": {"osm_id": "", "name": "Long Draw Substation", "operator": "Wind Energy Transmission Texas", "nominal_kv": 345, "sub_type": "transmission", "ref": ""}}, {"type": "Feature", "geometry": {"type": "Point", "coordinates": [-101.531764, 31.766084]}, "properties": {"osm_id": "", "name": "Bearkat Substation", "operator": "Wind Energy Transmission Texas", "nominal_kv": 345, "sub_type": "transmission", "ref": ""}}, {"type": "Feature", "geometry": {"type": "Point", "coordinates": [-101.27347, 32.00324]}, "properties": {"osm_id": "", "name": "Sand Bluff Substation", "operator": "Wind Energy Transmission Texas", "nominal_kv": 345, "sub_type": "transmission", "ref": ""}}, {"type": "Feature", "geometry": {"type": "Point", "coordinates": [-104.684986, 39.696013]}, "properties": {"osm_id": "", "name": "Powhaton Substation", "operator": "Public Service Company of Colorado", "nominal_kv": 230, "sub_type": "distribution", "ref": ""}}, {"type": "Feature", "geometry": {"type": "Point", "coordinates": [-101.396263, 32.650498]}, "properties": {"osm_id": "", "name": "Willow Valley Substation", "operator": "Oncor", "nominal_kv": 345, "sub_type": "transmission", "ref": ""}}, {"type": "Feature", "geometry": {"type": "Point", "coordinates": [-101.396001, 32.648109]}, "properties": {"osm_id": "", "name": "Faraday Substation", "operator": "Wind Energy Transmission Texas", "nominal_kv": 345, "sub_type": "transmission", "ref": ""}}, {"type": "Feature", "geometry": {"type": "Point", "coordinates": [-101.683862, 33.032855]}, "properties": {"osm_id": "", "name": "Cirrus Substation", "operator": "Cirrus Wind Energy", "nominal_kv": 230, "sub_type": "transmission", "ref": ""}}, {"type": "Feature", "geometry": {"type": "Point", "coordinates": [-101.739806, 32.706269]}, "properties": {"osm_id": "", "name": "Mesquite Creek Wind Substation", "operator": "Sumitomo;Duke Energy", "nominal_kv": 345, "sub_type": "transmission", "ref": ""}}, {"type": "Feature", "geometry": {"type": "Point", "coordinates": [-101.658063, 32.898186]}, "properties": {"osm_id": "", "name": "Stephens Ranch Wind Project I Substation", "operator": "Starwood Energy Group", "nominal_kv": 345, "sub_type": "transmission", "ref": ""}}, {"type": "Feature", "geometry": {"type": "Point", "coordinates": [-101.360029, 35.255119]}, "properties": {"osm_id": "", "name": "Alibates Substation", "operator": "Sharyland Utilities", "nominal_kv": 345, "sub_type": "transmission", "ref": ""}}, {"type": "Feature", "geometry": {"type": "Point", "coordinates": [-102.434849, 35.283215]}, "properties": {"osm_id": "", "name": "Spinning Spur 1 Substation", "operator": "\u00c9lectricit\u00e9 de France", "nominal_kv": 345, "sub_type": "generation", "ref": ""}}, {"type": "Feature", "geometry": {"type": "Point", "coordinates": [-102.582662, 35.29207]}, "properties": {"osm_id": "", "name": "Spinning Spur 2 Substation", "operator": "\u00c9lectricit\u00e9 de France", "nominal_kv": 345, "sub_type": "transmission", "ref": ""}}, {"type": "Feature", "geometry": {"type": "Point", "coordinates": [-102.050489, 35.313529]}, "properties": {"osm_id": "", "name": "AJ Swope Substation", "operator": "Sharyland Utilities", "nominal_kv": 345, "sub_type": "transmission", "ref": ""}}, {"type": "Feature", "geometry": {"type": "Point", "coordinates": [-102.29829, 34.772926]}, "properties": {"osm_id": "", "name": "Hereford Wind Substation", "operator": "EDF", "nominal_kv": 345, "sub_type": "transmission", "ref": ""}}, {"type": "Feature", "geometry": {"type": "Point", "coordinates": [-102.30475, 34.773136]}, "properties": {"osm_id": "", "name": "Windmill Substation", "operator": "Sharyland Utilities", "nominal_kv": 345, "sub_type": "transmission", "ref": ""}}, {"type": "Feature", "geometry": {"type": "Point", "coordinates": [-102.038984, 34.519581]}, "properties": {"osm_id": "", "name": "Ogallala Substation", "operator": "Sharyland Utilities", "nominal_kv": 345, "sub_type": "transmission", "ref": ""}}, {"type": "Feature", "geometry": {"type": "Point", "coordinates": [-101.240917, 34.31687]}, "properties": {"osm_id": "", "name": "Longhorn Wind Substation", "operator": "", "nominal_kv": 345, "sub_type": "transmission", "ref": ""}}, {"type": "Feature", "geometry": {"type": "Point", "coordinates": [-101.359967, 34.432387]}, "properties": {"osm_id": "", "name": "Tule Canyon Substation", "operator": "Sharyland Utilities", "nominal_kv": 345, "sub_type": "transmission", "ref": ""}}, {"type": "Feature", "geometry": {"type": "Point", "coordinates": [-101.009125, 32.860062]}, "properties": {"osm_id": "", "name": "Dermott Substation", "operator": "Oncor", "nominal_kv": 345, "sub_type": "transmission", "ref": ""}}, {"type": "Feature", "geometry": {"type": "Point", "coordinates": [-101.25641, 35.414701]}, "properties": {"osm_id": "", "name": "Pattern Panhandle Wind 1 Substation", "operator": "Pattern Energy", "nominal_kv": 345, "sub_type": "transmission", "ref": ""}}, {"type": "Feature", "geometry": {"type": "Point", "coordinates": [-101.15404, 35.40238]}, "properties": {"osm_id": "", "name": "Railhead Substation", "operator": "LS Power", "nominal_kv": 345, "sub_type": "transmission", "ref": ""}}, {"type": "Feature", "geometry": {"type": "Point", "coordinates": [-101.373071, 35.443141]}, "properties": {"osm_id": "", "name": "Pattern Panhandle Wind 2 Substation", "operator": "Pattern Energy", "nominal_kv": 345, "sub_type": "transmission", "ref": ""}}, {"type": "Feature", "geometry": {"type": "Point", "coordinates": [-101.435053, 35.206016]}, "properties": {"osm_id": "", "name": "Route 66 Wind Substation", "operator": "", "nominal_kv": 345, "sub_type": "transmission", "ref": ""}}, {"type": "Feature", "geometry": {"type": "Point", "coordinates": [-101.185906, 35.254028]}, "properties": {"osm_id": "", "name": "Grandview Wind Farm 1 Substation", "operator": "BlackRock; E.ON Climate and Renewables", "nominal_kv": 345, "sub_type": "transmission", "ref": ""}}, {"type": "Feature", "geometry": {"type": "Point", "coordinates": [-122.788314, 49.137055]}, "properties": {"osm_id": "", "name": "Fleetwood Substation", "operator": "BC Hydro", "nominal_kv": 230, "sub_type": "distribution", "ref": "FLW"}}, {"type": "Feature", "geometry": {"type": "Point", "coordinates": [-102.246616, 32.037477]}, "properties": {"osm_id": "", "name": "Midland County Northwest Substation", "operator": "Oncor", "nominal_kv": 345, "sub_type": "transmission", "ref": ""}}, {"type": "Feature", "geometry": {"type": "Point", "coordinates": [-103.061976, 32.426767]}, "properties": {"osm_id": "", "name": "Andrews Substation", "operator": "Southwestern Public Service Company", "nominal_kv": 230, "sub_type": "transmission", "ref": ""}}, {"type": "Feature", "geometry": {"type": "Point", "coordinates": [-102.777513, 32.164984]}, "properties": {"osm_id": "", "name": "Andrews County South Switching Station", "operator": "Sharyland Utilities", "nominal_kv": 345, "sub_type": "transmission", "ref": ""}}, {"type": "Feature", "geometry": {"type": "Point", "coordinates": [-102.777137, 32.163895]}, "properties": {"osm_id": "", "name": "Andrews County South Switching Station", "operator": "Oncor", "nominal_kv": 345, "sub_type": "transmission", "ref": ""}}, {"type": "Feature", "geometry": {"type": "Point", "coordinates": [-102.326839, 35.689002]}, "properties": {"osm_id": "", "name": "Channing Substation", "operator": "Xcel Energy", "nominal_kv": 230, "sub_type": "distribution", "ref": ""}}, {"type": "Feature", "geometry": {"type": "Point", "coordinates": [-101.841135, 35.29583]}, "properties": {"osm_id": "", "name": "Rolling Hills Interchange", "operator": "Xcel Energy", "nominal_kv": 230, "sub_type": "transmission", "ref": ""}}, {"type": "Feature", "geometry": {"type": "Point", "coordinates": [-102.710297, 35.29729]}, "properties": {"osm_id": "", "name": "Spinning Spur 3 Substation", "operator": "\u00c9lectricit\u00e9 de France", "nominal_kv": 345, "sub_type": "transmission", "ref": ""}}, {"type": "Feature", "geometry": {"type": "Point", "coordinates": [-102.822744, 37.673346]}, "properties": {"osm_id": "", "name": "Twin Buttes 1 Substation", "operator": "", "nominal_kv": 230, "sub_type": "generation", "ref": ""}}, {"type": "Feature", "geometry": {"type": "Point", "coordinates": [-115.279351, 36.158479]}, "properties": {"osm_id": "", "name": "Westside Substation", "operator": "", "nominal_kv": 230, "sub_type": "", "ref": ""}}, {"type": "Feature", "geometry": {"type": "Point", "coordinates": [-101.392148, 35.994933]}, "properties": {"osm_id": "", "name": "Pringle Interchange", "operator": "Xcel Energy", "nominal_kv": 230, "sub_type": "transmission", "ref": ""}}, {"type": "Feature", "geometry": {"type": "Point", "coordinates": [-101.004336, 36.410648]}, "properties": {"osm_id": "", "name": "Palo Duro Wind Substation", "operator": "NextEra Energy", "nominal_kv": 345, "sub_type": "generation", "ref": ""}}, {"type": "Feature", "geometry": {"type": "Point", "coordinates": [-101.799281, 33.556823]}, "properties": {"osm_id": "", "name": "Wadsworth Substation", "operator": "Lubbock Power & Light", "nominal_kv": 230, "sub_type": "transmission", "ref": ""}}, {"type": "Feature", "geometry": {"type": "Point", "coordinates": [-110.269444, 30.954432]}, "properties": {"osm_id": "", "name": "Cananea Sur", "operator": "", "nominal_kv": 230, "sub_type": "transmission", "ref": ""}}, {"type": "Feature", "geometry": {"type": "Point", "coordinates": [-101.667626, 32.982761]}, "properties": {"osm_id": "", "name": "Stephens Ranch Wind Project II Substation", "operator": "Starwood Energy Group", "nominal_kv": 345, "sub_type": "transmission", "ref": ""}}, {"type": "Feature", "geometry": {"type": "Point", "coordinates": [-105.053935, 40.055214]}, "properties": {"osm_id": "", "name": "Isabelle Substation", "operator": "Public Service Company of Colorado", "nominal_kv": 230, "sub_type": "", "ref": ""}}, {"type": "Feature", "geometry": {"type": "Point", "coordinates": [-126.76652, 54.515328]}, "properties": {"osm_id": "", "name": "Telkwa Substation", "operator": "BC Hydro", "nominal_kv": 500, "sub_type": "transmission", "ref": "TKW"}}, {"type": "Feature", "geometry": {"type": "Point", "coordinates": [-122.205171, 49.759394]}, "properties": {"osm_id": "", "name": "Upper Harrison Terminal", "operator": "BC Hydro", "nominal_kv": 360, "sub_type": "yes", "ref": "UHT"}}, {"type": "Feature", "geometry": {"type": "Point", "coordinates": [-122.458628, 49.992755]}, "properties": {"osm_id": "", "name": "Sachteen Substation", "operator": "BC Hydro", "nominal_kv": 360, "sub_type": "", "ref": "SAC"}}, {"type": "Feature", "geometry": {"type": "Point", "coordinates": [-113.615656, 50.165738]}, "properties": {"osm_id": "", "name": "Series Capacitor SC1 266S", "operator": "AltaLink", "nominal_kv": 240, "sub_type": "compensation", "ref": "SC1 266S"}}, {"type": "Feature", "geometry": {"type": "Point", "coordinates": [-113.714506, 50.598383]}, "properties": {"osm_id": "", "name": "Foot Hills", "operator": "", "nominal_kv": 240, "sub_type": "transmission", "ref": "237S"}}, {"type": "Feature", "geometry": {"type": "Point", "coordinates": [-101.839842, 33.866314]}, "properties": {"osm_id": "", "name": "Elk Station Switchyard", "operator": "Golden Spread Electric Cooperative", "nominal_kv": 345, "sub_type": "transmission", "ref": ""}}, {"type": "Feature", "geometry": {"type": "Point", "coordinates": [-101.381419, 34.196105]}, "properties": {"osm_id": "", "name": "South Plains Wind 2 Substation", "operator": "SunEdison", "nominal_kv": 345, "sub_type": "transmission", "ref": ""}}, {"type": "Feature", "geometry": {"type": "Point", "coordinates": [-101.323938, 34.08074]}, "properties": {"osm_id": "", "name": "South Plains Wind 1 Substation", "operator": "SunEdison", "nominal_kv": 345, "sub_type": "transmission", "ref": ""}}, {"type": "Feature", "geometry": {"type": "Point", "coordinates": [-101.179758, 34.05919]}, "properties": {"osm_id": "", "name": "White River Substation", "operator": "Sharyland Utilities", "nominal_kv": 345, "sub_type": "transmission", "ref": ""}}, {"type": "Feature", "geometry": {"type": "Point", "coordinates": [-121.327641, 39.910997]}, "properties": {"osm_id": "", "name": "Bucks Creek Switchyard", "operator": "Pacific Gas and Electric Company", "nominal_kv": 230, "sub_type": "generation", "ref": ""}}, {"type": "Feature", "geometry": {"type": "Point", "coordinates": [-116.158563, 43.559508]}, "properties": {"osm_id": "", "name": "Boise Bench Substation", "operator": "Idaho Power", "nominal_kv": 230, "sub_type": "transmission", "ref": ""}}, {"type": "Feature", "geometry": {"type": "Point", "coordinates": [-102.291574, 30.994593]}, "properties": {"osm_id": "", "name": "Bootleg Substation", "operator": "Southern Power", "nominal_kv": 345, "sub_type": "transmission", "ref": ""}}, {"type": "Feature", "geometry": {"type": "Point", "coordinates": [-101.466473, 31.749353]}, "properties": {"osm_id": "", "name": "Rattlesnake Den Wind Substation", "operator": "Invenergy", "nominal_kv": 345, "sub_type": "transmission", "ref": ""}}, {"type": "Feature", "geometry": {"type": "Point", "coordinates": [-101.069855, 33.803007]}, "properties": {"osm_id": "", "name": "Wake Wind Wind Energy Substation", "operator": "Southern Company", "nominal_kv": 345, "sub_type": "transmission", "ref": ""}}, {"type": "Feature", "geometry": {"type": "Point", "coordinates": [-101.314942, 34.392433]}, "properties": {"osm_id": "", "name": "Briscoe Wind Farm Substation", "operator": "Capital Dynamics", "nominal_kv": 345, "sub_type": "transmission", "ref": ""}}, {"type": "Feature", "geometry": {"type": "Point", "coordinates": [-102.664788, 34.686097]}, "properties": {"osm_id": "", "name": "Mariah del Norte Wind Substation", "operator": "First Reserve", "nominal_kv": 345, "sub_type": "transmission", "ref": ""}}, {"type": "Feature", "geometry": {"type": "Point", "coordinates": [-102.255755, 34.719315]}, "properties": {"osm_id": "", "name": "Hereford Wind Substation", "operator": "EDF", "nominal_kv": 345, "sub_type": "transmission", "ref": ""}}, {"type": "Feature", "geometry": {"type": "Point", "coordinates": [-112.07632, 33.712189]}, "properties": {"osm_id": "", "name": "Scatterwash Substation", "operator": "Arizona Public Service", "nominal_kv": 230, "sub_type": "distribution", "ref": ""}}, {"type": "Feature", "geometry": {"type": "Point", "coordinates": [-101.151278, 35.335351]}, "properties": {"osm_id": "", "name": "Colbeck's Corner Wind Farm Substation", "operator": "E.ON Climate and Renewables", "nominal_kv": 345, "sub_type": "transmission", "ref": ""}}, {"type": "Feature", "geometry": {"type": "Point", "coordinates": [-102.216144, 31.858335]}, "properties": {"osm_id": "", "name": "Midessa South Substation", "operator": "Oncor", "nominal_kv": 345, "sub_type": "transmission", "ref": ""}}, {"type": "Feature", "geometry": {"type": "Point", "coordinates": [-103.36201, 30.948403]}, "properties": {"osm_id": "", "name": "Solstice Substation", "operator": "American Electric Power", "nominal_kv": 345, "sub_type": "transmission", "ref": ""}}, {"type": "Feature", "geometry": {"type": "Point", "coordinates": [-112.214534, 51.440903]}, "properties": {"osm_id": "", "name": "Coyote Lake", "operator": "", "nominal_kv": 240, "sub_type": "", "ref": "963S"}}, {"type": "Feature", "geometry": {"type": "Point", "coordinates": [-114.858397, 49.735711]}, "properties": {"osm_id": "", "name": "Natal", "operator": "BC Hydro", "nominal_kv": 230, "sub_type": "", "ref": "NTL"}}, {"type": "Feature", "geometry": {"type": "Point", "coordinates": [-111.805522, 51.352023]}, "properties": {"osm_id": "", "name": "Oakland", "operator": "", "nominal_kv": 240, "sub_type": "", "ref": "846S"}}, {"type": "Feature", "geometry": {"type": "Point", "coordinates": [-114.270384, 51.677248]}, "properties": {"osm_id": "", "name": "Johnson Substation", "operator": "AltaLink", "nominal_kv": 240, "sub_type": "transmission", "ref": "281S"}}, {"type": "Feature", "geometry": {"type": "Point", "coordinates": [-114.578553, 55.26779]}, "properties": {"osm_id": "", "name": "Mitsue", "operator": "", "nominal_kv": 240, "sub_type": "", "ref": "732S"}}, {"type": "Feature", "geometry": {"type": "Point", "coordinates": [-112.109139, 56.785146]}, "properties": {"osm_id": "", "name": "AMR02 Substation", "operator": "ATCO Electric", "nominal_kv": 240, "sub_type": "industrial", "ref": "937S"}}, {"type": "Feature", "geometry": {"type": "Point", "coordinates": [-112.133982, 56.763302]}, "properties": {"osm_id": "", "name": "Birchwood Creek Substation", "operator": "ATCO Electric", "nominal_kv": 240, "sub_type": "transmission", "ref": "960S"}}, {"type": "Feature", "geometry": {"type": "Point", "coordinates": [-111.719559, 56.29518]}, "properties": {"osm_id": "", "name": "Dawes Substation", "operator": "ATCO Electric", "nominal_kv": 240, "sub_type": "transmission", "ref": "2011S"}}, {"type": "Feature", "geometry": {"type": "Point", "coordinates": [-111.312597, 56.592921]}, "properties": {"osm_id": "", "name": "Salt Creek", "operator": "", "nominal_kv": 240, "sub_type": "", "ref": "977S"}}, {"type": "Feature", "geometry": {"type": "Point", "coordinates": [-111.131511, 57.177348]}, "properties": {"osm_id": "", "name": "Black Fly", "operator": "", "nominal_kv": 240, "sub_type": "", "ref": "934S"}}, {"type": "Feature", "geometry": {"type": "Point", "coordinates": [-111.07101, 57.242739]}, "properties": {"osm_id": "", "name": "Green Stocking", "operator": "", "nominal_kv": 240, "sub_type": "", "ref": "925S"}}, {"type": "Feature", "geometry": {"type": "Point", "coordinates": [-111.139354, 57.429194]}, "properties": {"osm_id": "", "name": "Kearl", "operator": "", "nominal_kv": 240, "sub_type": "", "ref": "9900S"}}, {"type": "Feature", "geometry": {"type": "Point", "coordinates": [-111.143739, 57.429177]}, "properties": {"osm_id": "", "name": "McClelland", "operator": "", "nominal_kv": 240, "sub_type": "", "ref": "957S"}}, {"type": "Feature", "geometry": {"type": "Point", "coordinates": [-110.855475, 55.569474]}, "properties": {"osm_id": "", "name": "Black Spruce", "operator": "", "nominal_kv": 240, "sub_type": "", "ref": "154S"}}, {"type": "Feature", "geometry": {"type": "Point", "coordinates": [-111.063522, 55.356699]}, "properties": {"osm_id": "", "name": "Ipiatik Substation", "operator": "ATCO Electric", "nominal_kv": 240, "sub_type": "", "ref": "167S"}}, {"type": "Feature", "geometry": {"type": "Point", "coordinates": [-110.904291, 55.532885]}, "properties": {"osm_id": "", "name": "Jackfish", "operator": "", "nominal_kv": 240, "sub_type": "", "ref": "698S"}}, {"type": "Feature", "geometry": {"type": "Point", "coordinates": [-110.883002, 55.918696]}, "properties": {"osm_id": "", "name": "Kettle River", "operator": "", "nominal_kv": 240, "sub_type": "", "ref": "2049S"}}, {"type": "Feature", "geometry": {"type": "Point", "coordinates": [-111.239563, 52.607749]}, "properties": {"osm_id": "", "name": "Nilrem", "operator": "AltaLink", "nominal_kv": 240, "sub_type": "", "ref": "574S"}}, {"type": "Feature", "geometry": {"type": "Point", "coordinates": [-110.741976, 55.405826]}, "properties": {"osm_id": "", "name": "Pike", "operator": "", "nominal_kv": 240, "sub_type": "", "ref": "170S"}}, {"type": "Feature", "geometry": {"type": "Point", "coordinates": [-110.869584, 55.581353]}, "properties": {"osm_id": "", "name": "Sunday Creek", "operator": "", "nominal_kv": 240, "sub_type": "", "ref": "539S"}}, {"type": "Feature", "geometry": {"type": "Point", "coordinates": [-116.977968, 44.052845]}, "properties": {"osm_id": "", "name": "Ontario Substation", "operator": "Idaho Power", "nominal_kv": 230, "sub_type": "transmission", "ref": ""}}, {"type": "Feature", "geometry": {"type": "Point", "coordinates": [-115.312606, 33.697933]}, "properties": {"osm_id": "", "name": "Red Bluff Substation", "operator": "Southern California Edison", "nominal_kv": 500, "sub_type": "transmission", "ref": ""}}, {"type": "Feature", "geometry": {"type": "Point", "coordinates": [-121.355741, 38.508722]}, "properties": {"osm_id": "", "name": "Hedge Substation", "operator": "Sacramento Municipal Utility District", "nominal_kv": 230, "sub_type": "transmission", "ref": ""}}, {"type": "Feature", "geometry": {"type": "Point", "coordinates": [-121.132574, 38.657055]}, "properties": {"osm_id": "", "name": "Lake Substation", "operator": "Sacramento Municipal Utility District", "nominal_kv": 230, "sub_type": "transmission", "ref": ""}}, {"type": "Feature", "geometry": {"type": "Point", "coordinates": [-101.52077, 31.769705]}, "properties": {"osm_id": "", "name": "Einstein Substation", "operator": "Sharyland Utilities", "nominal_kv": 345, "sub_type": "transmission", "ref": ""}}, {"type": "Feature", "geometry": {"type": "Point", "coordinates": [-121.638613, 49.366001]}, "properties": {"osm_id": "", "name": "Ruby Creek Series Capacitor Station", "operator": "", "nominal_kv": 500, "sub_type": "compensation", "ref": "RYC"}}, {"type": "Feature", "geometry": {"type": "Point", "coordinates": [-116.122177, 32.627032]}, "properties": {"osm_id": "", "name": "Jacumba Substation", "operator": "", "nominal_kv": 500, "sub_type": "", "ref": ""}}, {"type": "Feature", "geometry": {"type": "Point", "coordinates": [-104.582477, 39.787265]}, "properties": {"osm_id": "", "name": "Imboden Substation", "operator": "Public Service Company of Colorado", "nominal_kv": 230, "sub_type": "", "ref": ""}}, {"type": "Feature", "geometry": {"type": "Point", "coordinates": [-112.489112, 33.676438]}, "properties": {"osm_id": "", "name": "TS1 Substation", "operator": "Arizona Public Service", "nominal_kv": 230, "sub_type": "distribution", "ref": ""}}, {"type": "Feature", "geometry": {"type": "Point", "coordinates": [-112.689496, 33.661094]}, "properties": {"osm_id": "", "name": "Sun Valley Substation", "operator": "", "nominal_kv": 500, "sub_type": "distribution", "ref": ""}}, {"type": "Feature", "geometry": {"type": "Point", "coordinates": [-113.03435, 33.480785]}, "properties": {"osm_id": "", "name": "Delaney Substation", "operator": "Arizona Public Service", "nominal_kv": 500, "sub_type": "transmission", "ref": ""}}, {"type": "Feature", "geometry": {"type": "Point", "coordinates": [-114.958433, 35.884665]}, "properties": {"osm_id": "", "name": "Copper Mountain Substation", "operator": "Western Area Power Administration", "nominal_kv": 500, "sub_type": "transmission", "ref": ""}}, {"type": "Feature", "geometry": {"type": "Point", "coordinates": [-110.971797, 31.162549]}, "properties": {"osm_id": "", "name": "Nogales Aeropuerto", "operator": "Comisi\u00f3n Federal de Electricidad", "nominal_kv": 230, "sub_type": "transmission", "ref": ""}}, {"type": "Feature", "geometry": {"type": "Point", "coordinates": [-114.037657, 51.026066]}, "properties": {"osm_id": "", "name": "East Calgary Substation", "operator": "AltaLink", "nominal_kv": 240, "sub_type": "transmission", "ref": "5S"}}, {"type": "Feature", "geometry": {"type": "Point", "coordinates": [-115.349553, 35.640892]}, "properties": {"osm_id": "", "name": "Primm Substation", "operator": "", "nominal_kv": 230, "sub_type": "", "ref": ""}}, {"type": "Feature", "geometry": {"type": "Point", "coordinates": [-123.95995, 50.675262]}, "properties": {"osm_id": "", "name": "East Toba River Substation", "operator": "", "nominal_kv": 230, "sub_type": "", "ref": ""}}, {"type": "Feature", "geometry": {"type": "Point", "coordinates": [-112.015756, 50.507001]}, "properties": {"osm_id": "", "name": "Newell Converter Station", "operator": "AltaLink;ATCO Electric", "nominal_kv": 500, "sub_type": "converter", "ref": "2075S"}}, {"type": "Feature", "geometry": {"type": "Point", "coordinates": [-123.324712, 49.913814]}, "properties": {"osm_id": "", "name": "Ashlu Creek Substation", "operator": "", "nominal_kv": 230, "sub_type": "", "ref": ""}}, {"type": "Feature", "geometry": {"type": "Point", "coordinates": [-104.900127, 52.924297]}, "properties": {"osm_id": "", "name": "Kinistino", "operator": "SaskPower", "nominal_kv": 230, "sub_type": "transmission", "ref": ""}}, {"type": "Feature", "geometry": {"type": "Point", "coordinates": [-103.1755, 34.300863]}, "properties": {"osm_id": "", "name": "Blackwater HVDC Tie", "operator": "", "nominal_kv": 345, "sub_type": "converter", "ref": ""}}, {"type": "Feature", "geometry": {"type": "Point", "coordinates": [-121.069157, 37.120055]}, "properties": {"osm_id": "", "name": "Quinto Substation", "operator": "Pacific Gas and Electric Company", "nominal_kv": 230, "sub_type": "transmission", "ref": ""}}, {"type": "Feature", "geometry": {"type": "Point", "coordinates": [-121.329297, 38.643319]}, "properties": {"osm_id": "", "name": "Carmichael Substation", "operator": "Sacramento Municipal Utility District", "nominal_kv": 230, "sub_type": "", "ref": ""}}, {"type": "Feature", "geometry": {"type": "Point", "coordinates": [-121.284595, 51.6575]}, "properties": {"osm_id": "", "name": "100 Mile House Substation", "operator": "", "nominal_kv": 230, "sub_type": "", "ref": "HMH"}}, {"type": "Feature", "geometry": {"type": "Point", "coordinates": [-122.691412, 47.53748]}, "properties": {"osm_id": "", "name": "South Bremerton Substation", "operator": "Puget Sound Energy", "nominal_kv": 230, "sub_type": "transmission", "ref": ""}}, {"type": "Feature", "geometry": {"type": "Point", "coordinates": [-103.247134, 40.920847]}, "properties": {"osm_id": "", "name": "Peetz Table Wind Energy Center South Substation", "operator": "NextEra Energy", "nominal_kv": 230, "sub_type": "generation", "ref": ""}}, {"type": "Feature", "geometry": {"type": "Point", "coordinates": [-103.395726, 40.992501]}, "properties": {"osm_id": "", "name": "Peetz Table Wind Energy Center Main Substation", "operator": "", "nominal_kv": 230, "sub_type": "", "ref": ""}}, {"type": "Feature", "geometry": {"type": "Point", "coordinates": [-119.620777, 45.848797]}, "properties": {"osm_id": "", "name": "Morrow Flat Substation", "operator": "Bonneville Power Administration", "nominal_kv": 230, "sub_type": "", "ref": ""}}, {"type": "Feature", "geometry": {"type": "Point", "coordinates": [-110.708065, 31.991958]}, "properties": {"osm_id": "", "name": "New Tucson Substation", "operator": "Southwest Transmission Cooperative", "nominal_kv": 230, "sub_type": "distribution", "ref": ""}}, {"type": "Feature", "geometry": {"type": "Point", "coordinates": [-101.009654, 32.863709]}, "properties": {"osm_id": "", "name": "Dermott Wind Substation", "operator": "Lincoln Clean Energy", "nominal_kv": 345, "sub_type": "transmission", "ref": ""}}, {"type": "Feature", "geometry": {"type": "Point", "coordinates": [-111.995056, 32.962157]}, "properties": {"osm_id": "", "name": "Duke Substation", "operator": "Salt River Project", "nominal_kv": 500, "sub_type": "transmission", "ref": ""}}, {"type": "Feature", "geometry": {"type": "Point", "coordinates": [-104.944627, 39.716565]}, "properties": {"osm_id": "", "name": "Monroe Substation", "operator": "Public Service Company of Colorado", "nominal_kv": 230, "sub_type": "distribution", "ref": ""}}, {"type": "Feature", "geometry": {"type": "Point", "coordinates": [-123.715571, 48.826902]}, "properties": {"osm_id": "", "name": "Vancouver Island Terminal Substation", "operator": "BC Hydro", "nominal_kv": 280, "sub_type": "converter", "ref": ""}}, {"type": "Feature", "geometry": {"type": "Point", "coordinates": [-120.922008, 43.243545]}, "properties": {"osm_id": "", "name": "Fort Rock Capacitor Station", "operator": "Bonneville Power Administration", "nominal_kv": 500, "sub_type": "capacitor", "ref": ""}}, {"type": "Feature", "geometry": {"type": "Point", "coordinates": [-122.080454, 37.864765]}, "properties": {"osm_id": "", "name": "Rossmoor Substation", "operator": "Pacific Gas and Electric", "nominal_kv": 230, "sub_type": "distribution", "ref": ""}}, {"type": "Feature", "geometry": {"type": "Point", "coordinates": [-115.94764, 36.58212]}, "properties": {"osm_id": "", "name": "Innovation Substation", "operator": "", "nominal_kv": 230, "sub_type": "", "ref": ""}}, {"type": "Feature", "geometry": {"type": "Point", "coordinates": [-101.080566, 53.357051]}, "properties": {"osm_id": "", "name": "Overflowing River", "operator": "Manitoba Hydro", "nominal_kv": 230, "sub_type": "yes", "ref": ""}}, {"type": "Feature", "geometry": {"type": "Point", "coordinates": [-117.072408, 32.475806]}, "properties": {"osm_id": "", "name": "El Rubi", "operator": "", "nominal_kv": 230, "sub_type": "transmission", "ref": ""}}, {"type": "Feature", "geometry": {"type": "Point", "coordinates": [-116.878433, 32.44506]}, "properties": {"osm_id": "", "name": "Metropoli", "operator": "", "nominal_kv": 230, "sub_type": "transmission", "ref": ""}}, {"type": "Feature", "geometry": {"type": "Point", "coordinates": [-116.74969, 32.524218]}, "properties": {"osm_id": "", "name": "Herradura", "operator": "", "nominal_kv": 230, "sub_type": "transmission", "ref": ""}}, {"type": "Feature", "geometry": {"type": "Point", "coordinates": [-122.993786, 46.139792]}, "properties": {"osm_id": "", "name": "Longview Substation", "operator": "Bonneville Power Administration", "nominal_kv": 230, "sub_type": "yes", "ref": ""}}, {"type": "Feature", "geometry": {"type": "Point", "coordinates": [-104.042983, 36.322506]}, "properties": {"osm_id": "", "name": "Gladstone", "operator": "Springer Electric Cooperative", "nominal_kv": 230, "sub_type": "transmission", "ref": ""}}, {"type": "Feature", "geometry": {"type": "Point", "coordinates": [-117.513953, 49.059258]}, "properties": {"osm_id": "", "name": "Selkirk Substation", "operator": "BC Hydro", "nominal_kv": 500, "sub_type": "transmission", "ref": "SEL"}}, {"type": "Feature", "geometry": {"type": "Point", "coordinates": [-104.451799, 33.452555]}, "properties": {"osm_id": "", "name": "Chaves County Substation", "operator": "Southwestern Public Service Company", "nominal_kv": 230, "sub_type": "transmission", "ref": ""}}, {"type": "Feature", "geometry": {"type": "Point", "coordinates": [-103.146401, 34.488484]}, "properties": {"osm_id": "", "name": "Pleasant Hill Substation", "operator": "", "nominal_kv": 230, "sub_type": "distribution", "ref": ""}}, {"type": "Feature", "geometry": {"type": "Point", "coordinates": [-117.344861, 47.679561]}, "properties": {"osm_id": "", "name": "Beacon Substation", "operator": "Avista", "nominal_kv": 230, "sub_type": "", "ref": ""}}, {"type": "Feature", "geometry": {"type": "Point", "coordinates": [-105.224907, 39.858673]}, "properties": {"osm_id": "", "name": "Plains End NUG Substation", "operator": "Cogentrix", "nominal_kv": 230, "sub_type": "generation", "ref": ""}}, {"type": "Feature", "geometry": {"type": "Point", "coordinates": [-106.406401, 31.555087]}, "properties": {"osm_id": "", "name": "Terranova", "operator": "CFE", "nominal_kv": 230, "sub_type": "transmission", "ref": ""}}, {"type": "Feature", "geometry": {"type": "Point", "coordinates": [-103.471018, 47.865704]}, "properties": {"osm_id": "", "name": "Patent Gate Substation", "operator": "Basin Electric Power Cooperative", "nominal_kv": 345, "sub_type": "transmission", "ref": ""}}, {"type": "Feature", "geometry": {"type": "Point", "coordinates": [-102.765472, 47.410741]}, "properties": {"osm_id": "", "name": "Roundup Substation", "operator": "Basin Electric Power Cooperative", "nominal_kv": 345, "sub_type": "transmission", "ref": ""}}, {"type": "Feature", "geometry": {"type": "Point", "coordinates": [-106.372868, 31.702468]}, "properties": {"osm_id": "", "name": "Valle de Ju\u00e1rez", "operator": "", "nominal_kv": 230, "sub_type": "transmission", "ref": ""}}, {"type": "Feature", "geometry": {"type": "Point", "coordinates": [-106.484539, 31.329828]}, "properties": {"osm_id": "", "name": "Samalayuca y Samalayuca 2", "operator": "", "nominal_kv": 230, "sub_type": "transmission;generation", "ref": ""}}, {"type": "Feature", "geometry": {"type": "Point", "coordinates": [-108.31766, 39.148299]}, "properties": {"osm_id": "", "name": "Cameo Substation", "operator": "Public Service Company of Colorado", "nominal_kv": 230, "sub_type": "transmission", "ref": ""}}, {"type": "Feature", "geometry": {"type": "Point", "coordinates": [-104.771046, 40.096976]}, "properties": {"osm_id": "", "name": "Greenhouse Substation", "operator": "Tri-State Generation and Transmission Association", "nominal_kv": 230, "sub_type": "transmission", "ref": ""}}, {"type": "Feature", "geometry": {"type": "Point", "coordinates": [-103.967932, 32.501147]}, "properties": {"osm_id": "", "name": "Kiowa 1 Sub", "operator": "Xcel Energy", "nominal_kv": 345, "sub_type": "transmission", "ref": ""}}, {"type": "Feature", "geometry": {"type": "Point", "coordinates": [-104.887938, 40.092616]}, "properties": {"osm_id": "", "name": "Sprindle NUG Substation", "operator": "Invenergy Services LLC", "nominal_kv": 230, "sub_type": "generation", "ref": ""}}, {"type": "Feature", "geometry": {"type": "Point", "coordinates": [-103.53288, 32.211948]}, "properties": {"osm_id": "", "name": "Roadrunner Substation", "operator": "Xcel Energy", "nominal_kv": 345, "sub_type": "transmission", "ref": ""}}, {"type": "Feature", "geometry": {"type": "Point", "coordinates": [-102.743296, 32.972777]}, "properties": {"osm_id": "", "name": "Denver City Substation", "operator": "", "nominal_kv": 230, "sub_type": "", "ref": ""}}, {"type": "Feature", "geometry": {"type": "Point", "coordinates": [-121.753008, 40.859124]}, "properties": {"osm_id": "", "name": "Carberry Switching Station", "operator": "Pacific Gas and Electric Company", "nominal_kv": 230, "sub_type": "generation", "ref": ""}}, {"type": "Feature", "geometry": {"type": "Point", "coordinates": [-121.796995, 40.89025]}, "properties": {"osm_id": "", "name": "Hatchet Ridge Collector Substation", "operator": "", "nominal_kv": 230, "sub_type": "generation", "ref": ""}}, {"type": "Feature", "geometry": {"type": "Point", "coordinates": [-118.055044, 35.23711]}, "properties": {"osm_id": "", "name": "Barren Ridge Switching Station", "operator": "Los Angeles Department of Water and Power", "nominal_kv": 230, "sub_type": "transmission", "ref": ""}}, {"type": "Feature", "geometry": {"type": "Point", "coordinates": [-122.621186, 54.144236]}, "properties": {"osm_id": "", "name": "Salmon Valley Substation", "operator": "BC Hydro", "nominal_kv": 230, "sub_type": "", "ref": "SVY"}}, {"type": "Feature", "geometry": {"type": "Point", "coordinates": [-104.128791, 32.296234]}, "properties": {"osm_id": "", "name": "North Loving Sub", "operator": "", "nominal_kv": 345, "sub_type": "transmission", "ref": ""}}, {"type": "Feature", "geometry": {"type": "Point", "coordinates": [-104.115649, 32.06266]}, "properties": {"osm_id": "", "name": "China Draw Substation", "operator": "Xcel Energy", "nominal_kv": 345, "sub_type": "transmission", "ref": ""}}, {"type": "Feature", "geometry": {"type": "Point", "coordinates": [-113.020121, 38.491911]}, "properties": {"osm_id": "", "name": "Hickory Substation", "operator": "", "nominal_kv": 345, "sub_type": "transmission", "ref": ""}}, {"type": "Feature", "geometry": {"type": "Point", "coordinates": [-111.894033, 39.78829]}, "properties": {"osm_id": "", "name": "Clover Substation", "operator": "", "nominal_kv": 500, "sub_type": "transmission", "ref": ""}}, {"type": "Feature", "geometry": {"type": "Point", "coordinates": [-119.371712, 45.798603]}, "properties": {"osm_id": "", "name": "Cottonwood", "operator": "", "nominal_kv": 230, "sub_type": "distribution", "ref": ""}}, {"type": "Feature", "geometry": {"type": "Point", "coordinates": [-111.71364, 56.769857]}, "properties": {"osm_id": "", "name": "Thickwood Hills Substation", "operator": "ATCO Electric", "nominal_kv": 500, "sub_type": "transmission", "ref": "951S"}}, {"type": "Feature", "geometry": {"type": "Point", "coordinates": [-113.00785, 56.38078]}, "properties": {"osm_id": "", "name": "Livock Substation", "operator": "ATCO Electric", "nominal_kv": 500, "sub_type": "transmission", "ref": "839S"}}, {"type": "Feature", "geometry": {"type": "Point", "coordinates": [-113.850553, 53.481421]}, "properties": {"osm_id": "", "name": "Harry Smith Substation", "operator": "AltaLink", "nominal_kv": 240, "sub_type": "transmission", "ref": ""}}, {"type": "Feature", "geometry": {"type": "Point", "coordinates": [-114.136508, 48.39096]}, "properties": {"osm_id": "", "name": "BPA Conkelly Substation", "operator": "Bonneville Power Administration", "nominal_kv": 230, "sub_type": "transmission", "ref": ""}}, {"type": "Feature", "geometry": {"type": "Point", "coordinates": [-104.703448, 39.633748]}, "properties": {"osm_id": "", "name": "Harvest Mile Substation", "operator": "Public Service Company of Colorado", "nominal_kv": 345, "sub_type": "transmission", "ref": ""}}, {"type": "Feature", "geometry": {"type": "Point", "coordinates": [-103.415775, 39.361037]}, "properties": {"osm_id": "", "name": "Limon Wind Energy Center III Substation", "operator": "NextEra Energy", "nominal_kv": 345, "sub_type": "generation", "ref": ""}}, {"type": "Feature", "geometry": {"type": "Point", "coordinates": [-105.202292, 39.863283]}, "properties": {"osm_id": "", "name": "Moon Gulch substation", "operator": "Public Service Company of Colorado", "nominal_kv": 230, "sub_type": "minor_distribution", "ref": ""}}, {"type": "Feature", "geometry": {"type": "Point", "coordinates": [-117.77441, 33.970049]}, "properties": {"osm_id": "", "name": "Mesa-Mira Loma western transition station", "operator": "Southern California Edison", "nominal_kv": 500, "sub_type": "transition", "ref": ""}}, {"type": "Feature", "geometry": {"type": "Point", "coordinates": [-117.714484, 33.986725]}, "properties": {"osm_id": "", "name": "Mesa-Mira Loma eastern transition station", "operator": "Southern California Edison", "nominal_kv": 500, "sub_type": "transition", "ref": ""}}, {"type": "Feature", "geometry": {"type": "Point", "coordinates": [-121.316991, 42.006724]}, "properties": {"osm_id": "", "name": "Malin Substation", "operator": "PacifiCorp", "nominal_kv": 500, "sub_type": "transmission", "ref": ""}}, {"type": "Feature", "geometry": {"type": "Point", "coordinates": [-111.182094, 34.261974]}, "properties": {"osm_id": "", "name": "Preacher Canyon Substation", "operator": "Arizona Public Service", "nominal_kv": 345, "sub_type": "distribution", "ref": ""}}, {"type": "Feature", "geometry": {"type": "Point", "coordinates": [-111.334826, 34.060526]}, "properties": {"osm_id": "", "name": "Mazatal Power Substation", "operator": "Arizona Public Service", "nominal_kv": 345, "sub_type": "yes", "ref": ""}}, {"type": "Feature", "geometry": {"type": "Point", "coordinates": [-112.755356, 35.286904]}, "properties": {"osm_id": "", "name": "Seligman Corp Substation", "operator": "", "nominal_kv": 230, "sub_type": "distribution", "ref": ""}}, {"type": "Feature", "geometry": {"type": "Point", "coordinates": [-125.010915, 54.072409]}, "properties": {"osm_id": "", "name": "Glenannan", "operator": "", "nominal_kv": 500, "sub_type": "transmission", "ref": "GLN"}}, {"type": "Feature", "geometry": {"type": "Point", "coordinates": [-122.466247, 52.979903]}, "properties": {"osm_id": "", "name": "Red Bluff Substation", "operator": "", "nominal_kv": 230, "sub_type": "", "ref": ""}}, {"type": "Feature", "geometry": {"type": "Point", "coordinates": [-120.800352, 50.755007]}, "properties": {"osm_id": "", "name": "Savona Substation", "operator": "BC Hydro", "nominal_kv": 230, "sub_type": "transmission", "ref": ""}}, {"type": "Feature", "geometry": {"type": "Point", "coordinates": [-116.118052, 50.495131]}, "properties": {"osm_id": "", "name": "Invermere", "operator": "", "nominal_kv": 230, "sub_type": "transmission", "ref": ""}}, {"type": "Feature", "geometry": {"type": "Point", "coordinates": [-119.552662, 49.480286]}, "properties": {"osm_id": "", "name": "Carmi Substation", "operator": "FortisBC", "nominal_kv": 230, "sub_type": "transmission", "ref": ""}}, {"type": "Feature", "geometry": {"type": "Point", "coordinates": [-122.859478, 50.2794]}, "properties": {"osm_id": "", "name": "Upper Lillooet Substation", "operator": "BC Hydro", "nominal_kv": 230, "sub_type": "transmission", "ref": ""}}, {"type": "Feature", "geometry": {"type": "Point", "coordinates": [-121.618179, 55.502144]}, "properties": {"osm_id": "", "name": "Sukunka Switching Station", "operator": "BC Hydro", "nominal_kv": 230, "sub_type": "yes", "ref": "SNK"}}, {"type": "Feature", "geometry": {"type": "Point", "coordinates": [-122.149552, 55.82308]}, "properties": {"osm_id": "", "name": "Dokie Terminal Station", "operator": "BC Hydro", "nominal_kv": 230, "sub_type": "", "ref": "DKT"}}, {"type": "Feature", "geometry": {"type": "Point", "coordinates": [-121.133886, 55.148409]}, "properties": {"osm_id": "", "name": "Tumbler Ridge Substation", "operator": "BC Hydro", "nominal_kv": 230, "sub_type": "transmission", "ref": "TLR"}}, {"type": "Feature", "geometry": {"type": "Point", "coordinates": [-120.854888, 55.184286]}, "properties": {"osm_id": "", "name": "Quality Wind IPP Substation", "operator": "", "nominal_kv": 230, "sub_type": "generation", "ref": "QTY"}}, {"type": "Feature", "geometry": {"type": "Point", "coordinates": [-121.351964, 55.714298]}, "properties": {"osm_id": "", "name": "Sundance Lakes Substation", "operator": "BC Hydro", "nominal_kv": 230, "sub_type": "transmission", "ref": "SLS"}}, {"type": "Feature", "geometry": {"type": "Point", "coordinates": [-121.13899, 55.745488]}, "properties": {"osm_id": "", "name": "Shell Groundbirch Substation", "operator": "BC Hydro", "nominal_kv": 230, "sub_type": "transmission", "ref": "SGB"}}, {"type": "Feature", "geometry": {"type": "Point", "coordinates": [-119.829953, 45.694653]}, "properties": {"osm_id": "", "name": "Grassland Switchyard", "operator": "Portland General Electric", "nominal_kv": 500, "sub_type": "transmission", "ref": ""}}, {"type": "Feature", "geometry": {"type": "Point", "coordinates": [-122.944301, 45.558447]}, "properties": {"osm_id": "", "name": "Evergreen Substation West", "operator": "Portland General Electric", "nominal_kv": 230, "sub_type": "distribution", "ref": ""}}, {"type": "Feature", "geometry": {"type": "Point", "coordinates": [-117.806974, 46.596191]}, "properties": {"osm_id": "", "name": "Central Ferry Substation", "operator": "", "nominal_kv": 500, "sub_type": "transmission", "ref": ""}}, {"type": "Feature", "geometry": {"type": "Point", "coordinates": [-111.892411, 33.274322]}, "properties": {"osm_id": "", "name": "Henshaw Substation", "operator": "Salt River Project", "nominal_kv": 230, "sub_type": "", "ref": ""}}, {"type": "Feature", "geometry": {"type": "Point", "coordinates": [-118.358783, 34.105605]}, "properties": {"osm_id": "", "name": "Nichols Canyon", "operator": "Los Angeles Department of Water and Power", "nominal_kv": 230, "sub_type": "transition", "ref": ""}}, {"type": "Feature", "geometry": {"type": "Point", "coordinates": [-104.680813, 39.7433]}, "properties": {"osm_id": "", "name": "Blue Spruce Substation", "operator": "Public Service Company of Colorado", "nominal_kv": 230, "sub_type": "generation", "ref": ""}}, {"type": "Feature", "geometry": {"type": "Point", "coordinates": [-107.4932, 32.53788]}, "properties": {"osm_id": "", "name": "Macho Springs", "operator": "", "nominal_kv": 345, "sub_type": "", "ref": ""}}, {"type": "Feature", "geometry": {"type": "Point", "coordinates": [-106.314788, 31.880282]}, "properties": {"osm_id": "", "name": "Picante Substation", "operator": "", "nominal_kv": 345, "sub_type": "", "ref": ""}}, {"type": "Feature", "geometry": {"type": "Point", "coordinates": [-104.020857, 39.685484]}, "properties": {"osm_id": "", "name": "Missile Site substation", "operator": "Public Service Company of Colorado", "nominal_kv": 345, "sub_type": "transmission", "ref": ""}}, {"type": "Feature", "geometry": {"type": "Point", "coordinates": [-103.848228, 39.170845]}, "properties": {"osm_id": "", "name": "Pronghorn Switching Station", "operator": "Public Service Company of Colorado", "nominal_kv": 345, "sub_type": "transmission", "ref": ""}}, {"type": "Feature", "geometry": {"type": "Point", "coordinates": [-103.236802, 39.105779]}, "properties": {"osm_id": "", "name": "Shortgrass Switching Station", "operator": "Public Service Company of Colorado", "nominal_kv": 345, "sub_type": "transmission", "ref": ""}}, {"type": "Feature", "geometry": {"type": "Point", "coordinates": [-102.352963, 39.022661]}, "properties": {"osm_id": "", "name": "Cheyenne Ridge West Substation", "operator": "Public Service Company of Colorado", "nominal_kv": 345, "sub_type": "generation", "ref": ""}}, {"type": "Feature", "geometry": {"type": "Point", "coordinates": [-102.241938, 39.001161]}, "properties": {"osm_id": "", "name": "Cheyenne Ridge East Substation", "operator": "Public Service Company of Colorado", "nominal_kv": 345, "sub_type": "generation", "ref": ""}}, {"type": "Feature", "geometry": {"type": "Point", "coordinates": [-116.859288, 39.505965]}, "properties": {"osm_id": "", "name": "Frontier Substation", "operator": "", "nominal_kv": 230, "sub_type": "transmission", "ref": ""}}, {"type": "Feature", "geometry": {"type": "Point", "coordinates": [-111.588055, 57.390462]}, "properties": {"osm_id": "", "name": "Fort Hills", "operator": "", "nominal_kv": 240, "sub_type": "", "ref": "505S"}}, {"type": "Feature", "geometry": {"type": "Point", "coordinates": [-111.624773, 57.39499]}, "properties": {"osm_id": "", "name": "Second", "operator": "", "nominal_kv": 240, "sub_type": "", "ref": "2005S"}}, {"type": "Feature", "geometry": {"type": "Point", "coordinates": [-113.492657, 49.641321]}, "properties": {"osm_id": "", "name": "Windy Flats", "operator": "", "nominal_kv": 240, "sub_type": "", "ref": "138S"}}, {"type": "Feature", "geometry": {"type": "Point", "coordinates": [-113.720665, 50.960878]}, "properties": {"osm_id": "", "name": "Langdon Sub / Crossings Converter Station", "operator": "", "nominal_kv": 500, "sub_type": "converter", "ref": "511S"}}, {"type": "Feature", "geometry": {"type": "Point", "coordinates": [-102.166677, 39.360039]}, "properties": {"osm_id": "", "name": "Carousel Wind Farm Substation", "operator": "", "nominal_kv": 230, "sub_type": "generation", "ref": ""}}, {"type": "Feature", "geometry": {"type": "Point", "coordinates": [-116.495174, 40.815762]}, "properties": {"osm_id": "", "name": "Falcon Substation", "operator": "", "nominal_kv": 345, "sub_type": "distribution", "ref": ""}}, {"type": "Feature", "geometry": {"type": "Point", "coordinates": [-121.454797, 43.661313]}, "properties": {"osm_id": "", "name": "La Pine Substation", "operator": "Bonneville Power Administration", "nominal_kv": 230, "sub_type": "transmission", "ref": ""}}, {"type": "Feature", "geometry": {"type": "Point", "coordinates": [-105.669903, 57.212496]}, "properties": {"osm_id": "", "name": "Key Lake", "operator": "", "nominal_kv": 230, "sub_type": "", "ref": ""}}, {"type": "Feature", "geometry": {"type": "Point", "coordinates": [-118.490607, 34.312298]}, "properties": {"osm_id": "", "name": "Sylmar Converter Station", "operator": "Los Angeles Department of Water and Power", "nominal_kv": 500, "sub_type": "converter", "ref": ""}}, {"type": "Feature", "geometry": {"type": "Point", "coordinates": [-121.733439, 37.700716]}, "properties": {"osm_id": "", "name": "Las Positas Substation", "operator": "Pacific Gas and Electric Company", "nominal_kv": 230, "sub_type": "", "ref": ""}}, {"type": "Feature", "geometry": {"type": "Point", "coordinates": [-109.593752, 31.263728]}, "properties": {"osm_id": "", "name": "Agua Prieta 2", "operator": "", "nominal_kv": 230, "sub_type": "generation", "ref": ""}}, {"type": "Feature", "geometry": {"type": "Point", "coordinates": [-121.014275, 38.015866]}, "properties": {"osm_id": "", "name": "Bellota Substation", "operator": "Pacific Gas and Electric Company", "nominal_kv": 230, "sub_type": "transmission", "ref": ""}}, {"type": "Feature", "geometry": {"type": "Point", "coordinates": [-103.216626, 40.977527]}, "properties": {"osm_id": "", "name": "Peetz Table Wind Energy Center County Road 76 Substation", "operator": "", "nominal_kv": 230, "sub_type": "generation", "ref": ""}}, {"type": "Feature", "geometry": {"type": "Point", "coordinates": [-115.011752, 35.833497]}, "properties": {"osm_id": "", "name": "Sloan Canyon Switchyard", "operator": "", "nominal_kv": 230, "sub_type": "transmission", "ref": ""}}, {"type": "Feature", "geometry": {"type": "Point", "coordinates": [-103.305455, 48.340156]}, "properties": {"osm_id": "", "name": "Wheelock Substation", "operator": "Basin Electric Power Cooperative", "nominal_kv": 230, "sub_type": "transmission", "ref": ""}}, {"type": "Feature", "geometry": {"type": "Point", "coordinates": [-104.806929, 41.042886]}, "properties": {"osm_id": "", "name": "Terry Ranch Road Substation", "operator": "Western Area Power Administration", "nominal_kv": 230, "sub_type": "transmission", "ref": ""}}, {"type": "Feature", "geometry": {"type": "Point", "coordinates": [-102.354708, 55.52625]}, "properties": {"osm_id": "", "name": "Island Falls", "operator": "", "nominal_kv": 230, "sub_type": "", "ref": ""}}, {"type": "Feature", "geometry": {"type": "Point", "coordinates": [-129.987342, 57.713065]}, "properties": {"osm_id": "", "name": "Tatogga Substation", "operator": "", "nominal_kv": 287, "sub_type": "", "ref": ""}}, {"type": "Feature", "geometry": {"type": "Point", "coordinates": [-122.227044, 55.781713]}, "properties": {"osm_id": "", "name": "Dokie Ridge Wind Farm Substation", "operator": "", "nominal_kv": 230, "sub_type": "", "ref": "DKW"}}, {"type": "Feature", "geometry": {"type": "Point", "coordinates": [-120.908323, 56.180311]}, "properties": {"osm_id": "", "name": "Site C Southbank Substation", "operator": "BC Hydro", "nominal_kv": 500, "sub_type": "transmission", "ref": "SBK"}}, {"type": "Feature", "geometry": {"type": "Point", "coordinates": [-120.446969, 55.763824]}, "properties": {"osm_id": "", "name": "Bear Mountain Terminal", "operator": "BC Hydro", "nominal_kv": 230, "sub_type": "transmission", "ref": "BMT"}}, {"type": "Feature", "geometry": {"type": "Point", "coordinates": [-127.945885, 53.563128]}, "properties": {"osm_id": "", "name": "Kemano Substation", "operator": "", "nominal_kv": 287, "sub_type": "", "ref": ""}}, {"type": "Feature", "geometry": {"type": "Point", "coordinates": [-123.100328, 49.278092]}, "properties": {"osm_id": "", "name": "Murrin #1 Substation", "operator": "BC Hydro", "nominal_kv": 230, "sub_type": "distribution", "ref": "MUR"}}, {"type": "Feature", "geometry": {"type": "Point", "coordinates": [-114.019526, 48.342264]}, "properties": {"osm_id": "", "name": "Hungry Horse Substation", "operator": "Bonneville Power Administration", "nominal_kv": 230, "sub_type": "transmission", "ref": ""}}, {"type": "Feature", "geometry": {"type": "Point", "coordinates": [-117.094509, 32.608392]}, "properties": {"osm_id": "", "name": "Bay Boulevard Substation", "operator": "San Diego Gas & Electric", "nominal_kv": 230, "sub_type": "transmission", "ref": ""}}, {"type": "Feature", "geometry": {"type": "Point", "coordinates": [-117.153141, 40.878286]}, "properties": {"osm_id": "", "name": "Valmy Substation", "operator": "", "nominal_kv": 345, "sub_type": "transmission", "ref": ""}}, {"type": "Feature", "geometry": {"type": "Point", "coordinates": [-122.26296, 39.539365]}, "properties": {"osm_id": "", "name": "Logan Creek Substation", "operator": "Pacific Gas and Electric Company", "nominal_kv": 230, "sub_type": "distribution", "ref": ""}}, {"type": "Feature", "geometry": {"type": "Point", "coordinates": [-121.453182, 38.374333]}, "properties": {"osm_id": "", "name": "Franklin Substation", "operator": "Sacramento Municipal Utility District", "nominal_kv": 230, "sub_type": "transmission", "ref": ""}}, {"type": "Feature", "geometry": {"type": "Point", "coordinates": [-121.790818, 42.161557]}, "properties": {"osm_id": "", "name": "Snow Goose Substation", "operator": "", "nominal_kv": 500, "sub_type": "transmission", "ref": ""}}, {"type": "Feature", "geometry": {"type": "Point", "coordinates": [-120.8874, 45.877852]}, "properties": {"osm_id": "", "name": "Knight Substation", "operator": "Bonneville Power Administration", "nominal_kv": 500, "sub_type": "transmission", "ref": ""}}, {"type": "Feature", "geometry": {"type": "Point", "coordinates": [-110.256867, 31.023633]}, "properties": {"osm_id": "", "name": "Buena Vista", "operator": "", "nominal_kv": 230, "sub_type": "transmission", "ref": ""}}, {"type": "Feature", "geometry": {"type": "Point", "coordinates": [-106.471224, 31.477397]}, "properties": {"osm_id": "", "name": "Norte Cereso", "operator": "", "nominal_kv": 230, "sub_type": "transmission", "ref": ""}}, {"type": "Feature", "geometry": {"type": "Point", "coordinates": [-113.852425, 52.047304]}, "properties": {"osm_id": "", "name": "East Innisfail", "operator": "AltaLink", "nominal_kv": 240, "sub_type": "transmission", "ref": ""}}, {"type": "Feature", "geometry": {"type": "Point", "coordinates": [-123.163092, 45.229908]}, "properties": {"osm_id": "", "name": "Cascade Steel Substation", "operator": "Bonneville Power Administration", "nominal_kv": 230, "sub_type": "transmission", "ref": ""}}, {"type": "Feature", "geometry": {"type": "Point", "coordinates": [-122.797417, 45.614271]}, "properties": {"osm_id": "", "name": "Harborton Substation", "operator": "Portland General Electric", "nominal_kv": 230, "sub_type": "", "ref": ""}}, {"type": "Feature", "geometry": {"type": "Point", "coordinates": [-112.884322, 50.136458]}, "properties": {"osm_id": "", "name": "Blackspring Ridge Wind Substation", "operator": "", "nominal_kv": 240, "sub_type": "yes", "ref": ""}}, {"type": "Feature", "geometry": {"type": "Point", "coordinates": [-112.046651, 52.384447]}, "properties": {"osm_id": "", "name": "Tinchebray Substation", "operator": "", "nominal_kv": 240, "sub_type": "", "ref": ""}}, {"type": "Feature", "geometry": {"type": "Point", "coordinates": [-112.049045, 52.27938]}, "properties": {"osm_id": "", "name": "Halkirk Wind Substation", "operator": "", "nominal_kv": 240, "sub_type": "", "ref": ""}}, {"type": "Feature", "geometry": {"type": "Point", "coordinates": [-102.309823, 31.013663]}, "properties": {"osm_id": "", "name": "Nevill Road Switching Station", "operator": "", "nominal_kv": 345, "sub_type": "switching", "ref": ""}}, {"type": "Feature", "geometry": {"type": "Point", "coordinates": [-103.465087, 31.510486]}, "properties": {"osm_id": "", "name": "Sand Lake Switching Station", "operator": "Oncor", "nominal_kv": 345, "sub_type": "transmission", "ref": ""}}, {"type": "Feature", "geometry": {"type": "Point", "coordinates": [-103.861219, 31.806859]}, "properties": {"osm_id": "", "name": "Riverton Switching Station", "operator": "Oncor", "nominal_kv": 345, "sub_type": "transmission", "ref": ""}}, {"type": "Feature", "geometry": {"type": "Point", "coordinates": [-103.638066, 31.782847]}, "properties": {"osm_id": "", "name": "Quarry Field Switching Station", "operator": "Oncor", "nominal_kv": 345, "sub_type": "transmission", "ref": ""}}, {"type": "Feature", "geometry": {"type": "Point", "coordinates": [-102.933608, 31.601996]}, "properties": {"osm_id": "", "name": "Wolf Switching Station", "operator": "Oncor", "nominal_kv": 345, "sub_type": "transmission", "ref": ""}}, {"type": "Feature", "geometry": {"type": "Point", "coordinates": [-121.857915, 37.744742]}, "properties": {"osm_id": "", "name": "North Dublin Substation", "operator": "Pacific Gas and Electric Company", "nominal_kv": 230, "sub_type": "", "ref": "SS2376"}}, {"type": "Feature", "geometry": {"type": "Point", "coordinates": [-121.770944, 37.738552]}, "properties": {"osm_id": "", "name": "Cayetano Substation", "operator": "Pacific Gas and Electric Company", "nominal_kv": 230, "sub_type": "", "ref": ""}}, {"type": "Feature", "geometry": {"type": "Point", "coordinates": [-111.290491, 49.64846]}, "properties": {"osm_id": "", "name": "Shamrock", "operator": "", "nominal_kv": 240, "sub_type": "", "ref": ""}}, {"type": "Feature", "geometry": {"type": "Point", "coordinates": [-104.547638, 50.47872]}, "properties": {"osm_id": "", "name": "Ross 230 kV Substation", "operator": "SaskPower", "nominal_kv": 230, "sub_type": "transmission", "ref": ""}}, {"type": "Feature", "geometry": {"type": "Point", "coordinates": [-104.452459, 39.62294]}, "properties": {"osm_id": "", "name": "Brick Center substation", "operator": "Public Service Company of Colorado", "nominal_kv": 230, "sub_type": "transmission", "ref": ""}}, {"type": "Feature", "geometry": {"type": "Point", "coordinates": [-102.766486, 33.125187]}, "properties": {"osm_id": "", "name": "Yoakum Substation", "operator": "", "nominal_kv": 345, "sub_type": "transmission", "ref": ""}}, {"type": "Feature", "geometry": {"type": "Point", "coordinates": [-102.848093, 48.399539]}, "properties": {"osm_id": "", "name": "Tande Substation", "operator": "Basin Electric Power Cooperative", "nominal_kv": 345, "sub_type": "transmission", "ref": ""}}, {"type": "Feature", "geometry": {"type": "Point", "coordinates": [-113.505105, 53.30263]}, "properties": {"osm_id": "", "name": "Saunders Lake Substation", "operator": "AltaLink", "nominal_kv": 240, "sub_type": "transmission", "ref": ""}}, {"type": "Feature", "geometry": {"type": "Point", "coordinates": [-105.717465, 35.092175]}, "properties": {"osm_id": "", "name": "Los Cavos Sub", "operator": "Public Service Company of New Mexico", "nominal_kv": 345, "sub_type": "transmission", "ref": ""}}, {"type": "Feature", "geometry": {"type": "Point", "coordinates": [-113.634586, 53.462836]}, "properties": {"osm_id": "", "name": "Riverview Substation", "operator": "EPCOR", "nominal_kv": 240, "sub_type": "distribution", "ref": ""}}, {"type": "Feature", "geometry": {"type": "Point", "coordinates": [-106.379455, 42.010942]}, "properties": {"osm_id": "", "name": "Aeolus Substation", "operator": "PacifiCorp", "nominal_kv": 500, "sub_type": "transmission", "ref": ""}}, {"type": "Feature", "geometry": {"type": "Point", "coordinates": [-108.745819, 41.712092]}, "properties": {"osm_id": "", "name": "Anticline Substation", "operator": "", "nominal_kv": 500, "sub_type": "transmission", "ref": ""}}, {"type": "Feature", "geometry": {"type": "Point", "coordinates": [-104.630667, 38.630337]}, "properties": {"osm_id": "", "name": "Williams Creek Switching Station", "operator": "Colorado Springs Utilities", "nominal_kv": 230, "sub_type": "transmission", "ref": ""}}, {"type": "Feature", "geometry": {"type": "Point", "coordinates": [-104.637401, 38.629673]}, "properties": {"osm_id": "", "name": "Palmer Solar Substation", "operator": "", "nominal_kv": 230, "sub_type": "generation", "ref": ""}}, {"type": "Feature", "geometry": {"type": "Point", "coordinates": [-114.49103, 53.785929]}, "properties": {"osm_id": "", "name": "Cherhill Substation", "operator": "AltaLink", "nominal_kv": 240, "sub_type": "distribution", "ref": "338S"}}, {"type": "Feature", "geometry": {"type": "Point", "coordinates": [-106.338378, 35.36126]}, "properties": {"osm_id": "", "name": "Hagan Substation", "operator": "", "nominal_kv": 345, "sub_type": "", "ref": ""}}, {"type": "Feature", "geometry": {"type": "Point", "coordinates": [-120.976136, 37.01861]}, "properties": {"osm_id": "", "name": "Padre Flat Substation", "operator": "", "nominal_kv": 230, "sub_type": "generation", "ref": ""}}, {"type": "Feature", "geometry": {"type": "Point", "coordinates": [-120.669799, 38.331592]}, "properties": {"osm_id": "", "name": "Electra Substation", "operator": "Pacific Gas and Electric Company", "nominal_kv": 230, "sub_type": "generation", "ref": ""}}, {"type": "Feature", "geometry": {"type": "Point", "coordinates": [-103.772021, 48.148996]}, "properties": {"osm_id": "", "name": "Judson Substation", "operator": "Basin Electric Power Cooperative", "nominal_kv": 345, "sub_type": "transmission", "ref": ""}}, {"type": "Feature", "geometry": {"type": "Point", "coordinates": [-104.772876, 40.100533]}, "properties": {"osm_id": "", "name": "Fort Lupton Substation", "operator": "", "nominal_kv": 230, "sub_type": "transmission", "ref": ""}}, {"type": "Feature", "geometry": {"type": "Point", "coordinates": [-104.01793, 39.687242]}, "properties": {"osm_id": "", "name": "Titan Solar Substation", "operator": "NextEra Energy", "nominal_kv": 230, "sub_type": "generation", "ref": ""}}, {"type": "Feature", "geometry": {"type": "Point", "coordinates": [-117.357569, 48.980976]}, "properties": {"osm_id": "", "name": "Boundary Substation", "operator": "Seattle City Light", "nominal_kv": 230, "sub_type": "", "ref": ""}}, {"type": "Feature", "geometry": {"type": "Point", "coordinates": [-106.472965, 34.41801]}, "properties": {"osm_id": "", "name": "Scholle Substation", "operator": "", "nominal_kv": 345, "sub_type": "transmission", "ref": ""}}, {"type": "Feature", "geometry": {"type": "Point", "coordinates": [-112.109312, 34.406081]}, "properties": {"osm_id": "", "name": "Dugas Substation", "operator": "Arizona Public Service", "nominal_kv": 500, "sub_type": "transmission", "ref": ""}}, {"type": "Feature", "geometry": {"type": "Point", "coordinates": [-122.386371, 37.757444]}, "properties": {"osm_id": "", "name": "Potrero Switchyard", "operator": "Pacific Gas and Electric", "nominal_kv": 230, "sub_type": "transmission", "ref": ""}}, {"type": "Feature", "geometry": {"type": "Point", "coordinates": [-103.263616, 44.08736]}, "properties": {"osm_id": "", "name": "West Rapid City Substation", "operator": "Black Hills Energy", "nominal_kv": 230, "sub_type": "distribution", "ref": ""}}, {"type": "Feature", "geometry": {"type": "Point", "coordinates": [-105.026687, 41.039841]}, "properties": {"osm_id": "", "name": "Roundhouse Substation", "operator": "", "nominal_kv": 230, "sub_type": "generation", "ref": ""}}, {"type": "Feature", "geometry": {"type": "Point", "coordinates": [-105.660883, 34.630576]}, "properties": {"osm_id": "", "name": "Western Spirit Switchyard", "operator": "", "nominal_kv": 345, "sub_type": "transmission", "ref": ""}}, {"type": "Feature", "geometry": {"type": "Point", "coordinates": [-111.126539, 49.690604]}, "properties": {"osm_id": "", "name": "Forty Mile Wind Power Project Substation", "operator": "", "nominal_kv": 240, "sub_type": "", "ref": ""}}, {"type": "Feature", "geometry": {"type": "Point", "coordinates": [-113.504868, 52.701393]}, "properties": {"osm_id": "", "name": "Wolf Creek", "operator": "AltaLink", "nominal_kv": 240, "sub_type": "", "ref": "288S"}}, {"type": "Feature", "geometry": {"type": "Point", "coordinates": [-110.440282, 31.110241]}, "properties": {"osm_id": "", "name": "Milpillas", "operator": "", "nominal_kv": 230, "sub_type": "industrial", "ref": ""}}, {"type": "Feature", "geometry": {"type": "Point", "coordinates": [-102.181974, 31.207815]}, "properties": {"osm_id": "", "name": "Roadrunner", "operator": "Enel Green Power", "nominal_kv": 345, "sub_type": "generation", "ref": ""}}, {"type": "Feature", "geometry": {"type": "Point", "coordinates": [-106.744572, 35.003567]}, "properties": {"osm_id": "", "name": "Pajarito Substation", "operator": "Public Service Company of New Mexico", "nominal_kv": 345, "sub_type": "", "ref": ""}}, {"type": "Feature", "geometry": {"type": "Point", "coordinates": [-102.822321, 39.079563]}, "properties": {"osm_id": "", "name": "Crossing Trails Wind Farm", "operator": "EDP Renewables", "nominal_kv": 230, "sub_type": "generation", "ref": ""}}, {"type": "Feature", "geometry": {"type": "Point", "coordinates": [-113.499073, 53.529967]}, "properties": {"osm_id": "", "name": "Bellamy Substation", "operator": "EPCOR", "nominal_kv": 240, "sub_type": "transmission", "ref": "B"}}, {"type": "Feature", "geometry": {"type": "Point", "coordinates": [-113.499891, 53.548676]}, "properties": {"osm_id": "", "name": "Victoria Substation", "operator": "EPCOR", "nominal_kv": 240, "sub_type": "transmission", "ref": "511S"}}, {"type": "Feature", "geometry": {"type": "Point", "coordinates": [-101.152596, 47.020163]}, "properties": {"osm_id": "", "name": "Roughrider Substation", "operator": "", "nominal_kv": 230, "sub_type": "switching", "ref": ""}}, {"type": "Feature", "geometry": {"type": "Point", "coordinates": [-112.836786, 49.729185]}, "properties": {"osm_id": "", "name": "North Lethbridge", "operator": "AltaLink", "nominal_kv": 240, "sub_type": "transmission", "ref": "370S"}}, {"type": "Feature", "geometry": {"type": "Point", "coordinates": [-103.050102, 39.111281]}, "properties": {"osm_id": "", "name": "Bronco Plains Substation", "operator": "NextEra Energy", "nominal_kv": 345, "sub_type": "generation", "ref": ""}}, {"type": "Feature", "geometry": {"type": "Point", "coordinates": [-103.2346, 39.104477]}, "properties": {"osm_id": "", "name": "Rush Creek ll Substation", "operator": "Public Service Company of Colorado", "nominal_kv": 345, "sub_type": "generation", "ref": ""}}, {"type": "Feature", "geometry": {"type": "Point", "coordinates": [-102.546751, 37.775298]}, "properties": {"osm_id": "", "name": "Twin Buttes 2 Substation", "operator": "", "nominal_kv": 230, "sub_type": "generation", "ref": ""}}, {"type": "Feature", "geometry": {"type": "Point", "coordinates": [-106.650014, 52.255972]}, "properties": {"osm_id": "", "name": "Martensville 230 kV Substation", "operator": "SaskPower", "nominal_kv": 230, "sub_type": "distribution", "ref": ""}}, {"type": "Feature", "geometry": {"type": "Point", "coordinates": [-110.521807, 49.841461]}, "properties": {"osm_id": "", "name": "Cypress (1&2) Wind Project Substation", "operator": "", "nominal_kv": 240, "sub_type": "", "ref": ""}}, {"type": "Feature", "geometry": {"type": "Point", "coordinates": [-108.440275, 39.081886]}, "properties": {"osm_id": "", "name": "Clifton Substation", "operator": "Public Service Company of Colorado", "nominal_kv": 230, "sub_type": "minor_distribution", "ref": ""}}, {"type": "Feature", "geometry": {"type": "Point", "coordinates": [-109.595879, 31.259635]}, "properties": {"osm_id": "", "name": "CEGEN 43", "operator": "", "nominal_kv": 230, "sub_type": "generation", "ref": ""}}, {"type": "Feature", "geometry": {"type": "Point", "coordinates": [-111.096195, 30.171337]}, "properties": {"osm_id": "", "name": "Subestaci\u00f3n Don Diego Solar", "operator": "", "nominal_kv": 230, "sub_type": "transmission", "ref": ""}}, {"type": "Feature", "geometry": {"type": "Point", "coordinates": [-121.4579, 55.284411]}, "properties": {"osm_id": "", "name": "Meikle Wind IPP Substation", "operator": "", "nominal_kv": 230, "sub_type": "generation", "ref": "MKL"}}, {"type": "Feature", "geometry": {"type": "Point", "coordinates": [-103.863971, 32.159992]}, "properties": {"osm_id": "", "name": "Phantom Substation", "operator": "", "nominal_kv": 345, "sub_type": "transmission", "ref": ""}}, {"type": "Feature", "geometry": {"type": "Point", "coordinates": [-106.486642, 31.535199]}, "properties": {"osm_id": "", "name": "Maniobras Border Solar", "operator": "", "nominal_kv": 230, "sub_type": "transmission", "ref": ""}}, {"type": "Feature", "geometry": {"type": "Point", "coordinates": [-107.631954, 30.198471]}, "properties": {"osm_id": "", "name": "Santa Mar\u00eda solar", "operator": "", "nominal_kv": 230, "sub_type": "transmission", "ref": ""}}, {"type": "Feature", "geometry": {"type": "Point", "coordinates": [-102.675742, 32.783008]}, "properties": {"osm_id": "", "name": "Seminole", "operator": "", "nominal_kv": 230, "sub_type": "transmission", "ref": ""}}, {"type": "Feature", "geometry": {"type": "Point", "coordinates": [-102.069219, 34.467021]}, "properties": {"osm_id": "", "name": "Newhart", "operator": "", "nominal_kv": 230, "sub_type": "transmission", "ref": ""}}, {"type": "Feature", "geometry": {"type": "Point", "coordinates": [-119.277853, 47.073084]}, "properties": {"osm_id": "", "name": "Sand Dunes Substation", "operator": "", "nominal_kv": 230, "sub_type": "transmission", "ref": ""}}, {"type": "Feature", "geometry": {"type": "Point", "coordinates": [-104.9345, 40.572215]}, "properties": {"osm_id": "", "name": "Carey Substation", "operator": "Tri-State Generation & Transmission/Poudre Valley Rural Electric Association", "nominal_kv": 230, "sub_type": "", "ref": ""}}, {"type": "Feature", "geometry": {"type": "Point", "coordinates": [-104.279239, 43.863205]}, "properties": {"osm_id": "", "name": "Sagebrush Substation", "operator": "Black Hills Energy", "nominal_kv": 230, "sub_type": "", "ref": ""}}, {"type": "Feature", "geometry": {"type": "Point", "coordinates": [-111.834816, 51.972161]}, "properties": {"osm_id": "", "name": "Garden Plain", "operator": "", "nominal_kv": 240, "sub_type": "", "ref": "1045S"}}, {"type": "Feature", "geometry": {"type": "Point", "coordinates": [-119.3128, 46.468127]}, "properties": {"osm_id": "", "name": "WNP 1 Substation", "operator": "", "nominal_kv": 230, "sub_type": "generation", "ref": ""}}, {"type": "Feature", "geometry": {"type": "Point", "coordinates": [-108.330977, 39.949957]}, "properties": {"osm_id": "", "name": "Mcbryde Substation", "operator": "Western Area Power Administration", "nominal_kv": 345, "sub_type": "transmission", "ref": ""}}, {"type": "Feature", "geometry": {"type": "Point", "coordinates": [-118.514336, 34.486852]}, "properties": {"osm_id": "", "name": "Haskell Canyon Switching Station", "operator": "Los Angeles Department of Water and Power", "nominal_kv": 230, "sub_type": "transmission", "ref": ""}}, {"type": "Feature", "geometry": {"type": "Point", "coordinates": [-111.085079, 39.383092]}, "properties": {"osm_id": "", "name": "Huntington Substation", "operator": "", "nominal_kv": 345, "sub_type": "transmission", "ref": ""}}, {"type": "Feature", "geometry": {"type": "Point", "coordinates": [-104.645099, 41.146468]}, "properties": {"osm_id": "", "name": "Archer Substation", "operator": "", "nominal_kv": 345, "sub_type": "transmission", "ref": ""}}, {"type": "Feature", "geometry": {"type": "Point", "coordinates": [-113.491452, 32.948669]}, "properties": {"osm_id": "", "name": "McFarland Substation", "operator": "AES Corporation", "nominal_kv": 500, "sub_type": "generation", "ref": ""}}, {"type": "Feature", "geometry": {"type": "Point", "coordinates": [-122.393874, 37.787393]}, "properties": {"osm_id": "", "name": "Embarcadero Substation", "operator": "Pacific Gas and Electric Company", "nominal_kv": 230, "sub_type": "transmission", "ref": ""}}, {"type": "Feature", "geometry": {"type": "Point", "coordinates": [-121.603341, 37.797353]}, "properties": {"osm_id": "", "name": "Kelso Substation", "operator": "Pacific Gas and Electric Company", "nominal_kv": 230, "sub_type": "transmission", "ref": ""}}, {"type": "Feature", "geometry": {"type": "Point", "coordinates": [-121.846533, 38.017495]}, "properties": {"osm_id": "", "name": "Delta Energy Center", "operator": "", "nominal_kv": 230, "sub_type": "generation", "ref": ""}}, {"type": "Feature", "geometry": {"type": "Point", "coordinates": [-121.760016, 37.946234]}, "properties": {"osm_id": "", "name": "Lone Tree Substation", "operator": "Pacific Gas and Electric Company", "nominal_kv": 230, "sub_type": "", "ref": ""}}, {"type": "Feature", "geometry": {"type": "Point", "coordinates": [-121.546837, 55.555]}, "properties": {"osm_id": "", "name": "Sukunka & Zonnebeke IPP Substation", "operator": "", "nominal_kv": 230, "sub_type": "", "ref": "ZBw"}}, {"type": "Feature", "geometry": {"type": "Point", "coordinates": [-111.065805, 50.833061]}, "properties": {"osm_id": "", "name": "Halsbury 306S", "operator": "", "nominal_kv": 240, "sub_type": "", "ref": ""}}, {"type": "Feature", "geometry": {"type": "Point", "coordinates": [-120.156115, 47.359505]}, "properties": {"osm_id": "", "name": "Jumpoff Ridge", "operator": "", "nominal_kv": 230, "sub_type": "", "ref": ""}}, {"type": "Feature", "geometry": {"type": "Point", "coordinates": [-118.478254, 34.28018]}, "properties": {"osm_id": "", "name": "Rinaldi Receiving Station", "operator": "Los Angeles Department of Water and Power", "nominal_kv": 500, "sub_type": "transmission", "ref": ""}}, {"type": "Feature", "geometry": {"type": "Point", "coordinates": [-103.848856, 39.169149]}, "properties": {"osm_id": "", "name": "Rush Creek l Substation", "operator": "Public Service Company of Colorado", "nominal_kv": 345, "sub_type": "generation", "ref": ""}}, {"type": "Feature", "geometry": {"type": "Point", "coordinates": [-101.466577, 31.79932]}, "properties": {"osm_id": "", "name": "Bernoulli Substation", "operator": "Wind Energy Transmission Texas", "nominal_kv": 345, "sub_type": "transmission", "ref": ""}}, {"type": "Feature", "geometry": {"type": "Point", "coordinates": [-114.5361, 32.627656]}, "properties": {"osm_id": "", "name": "Orchard Substation", "operator": "", "nominal_kv": 230, "sub_type": "", "ref": ""}}, {"type": "Feature", "geometry": {"type": "Point", "coordinates": [-114.310688, 53.347114]}, "properties": {"osm_id": "", "name": "Genesee Expansion", "operator": "EPCOR", "nominal_kv": 500, "sub_type": "industrial", "ref": "330P"}}, {"type": "Feature", "geometry": {"type": "Point", "coordinates": [-111.633435, 33.343888]}, "properties": {"osm_id": "", "name": "Prickly Pear Substation", "operator": "Salt River Project", "nominal_kv": 230, "sub_type": "", "ref": ""}}, {"type": "Feature", "geometry": {"type": "Point", "coordinates": [-111.645609, 33.329885]}, "properties": {"osm_id": "", "name": "Scott Substation", "operator": "Salt River Project", "nominal_kv": 230, "sub_type": "", "ref": ""}}, {"type": "Feature", "geometry": {"type": "Point", "coordinates": [-106.378489, 46.817859]}, "properties": {"osm_id": "", "name": "Clearwater Wind West Collection Substation", "operator": "", "nominal_kv": 345, "sub_type": "", "ref": ""}}, {"type": "Feature", "geometry": {"type": "Point", "coordinates": [-106.597103, 45.92605]}, "properties": {"osm_id": "", "name": "Clearwater Wind Autoyard", "operator": "", "nominal_kv": 500, "sub_type": "transmission", "ref": ""}}, {"type": "Feature", "geometry": {"type": "Point", "coordinates": [-117.449878, 34.604758]}, "properties": {"osm_id": "", "name": "Hamlin Substation", "operator": "AES", "nominal_kv": 230, "sub_type": "generation", "ref": ""}}, {"type": "Feature", "geometry": {"type": "Point", "coordinates": [-104.60269, 38.239917]}, "properties": {"osm_id": "", "name": "CF&I Substation", "operator": "", "nominal_kv": 230, "sub_type": "industrial", "ref": ""}}, {"type": "Feature", "geometry": {"type": "Point", "coordinates": [-121.696241, 39.051862]}, "properties": {"osm_id": "", "name": "Sutter Substation", "operator": "Western Area Power Administration", "nominal_kv": 230, "sub_type": "generation", "ref": ""}}, {"type": "Feature", "geometry": {"type": "Point", "coordinates": [-115.008038, 36.057755]}, "properties": {"osm_id": "", "name": "Google Data Center", "operator": "", "nominal_kv": 230, "sub_type": "industrial", "ref": ""}}, {"type": "Feature", "geometry": {"type": "Point", "coordinates": [-121.043137, 37.642388]}, "properties": {"osm_id": "", "name": "Rosemore Substation", "operator": "Modesto Irrigation District", "nominal_kv": 230, "sub_type": "distribution", "ref": ""}}, {"type": "Feature", "geometry": {"type": "Point", "coordinates": [-110.12997, 31.777569]}, "properties": {"osm_id": "", "name": "Schieffelin Substation", "operator": "", "nominal_kv": 230, "sub_type": "", "ref": ""}}, {"type": "Feature", "geometry": {"type": "Point", "coordinates": [-122.316045, 40.51949]}, "properties": {"osm_id": "", "name": "Airport Substation", "operator": "Redding Electric Utility", "nominal_kv": 230, "sub_type": "transmission", "ref": ""}}, {"type": "Feature", "geometry": {"type": "Point", "coordinates": [-122.42128, 40.715186]}, "properties": {"osm_id": "", "name": "Shasta Substation", "operator": "Western Area Power Administration", "nominal_kv": 230, "sub_type": "generation", "ref": ""}}, {"type": "Feature", "geometry": {"type": "Point", "coordinates": [-102.566953, 48.209642]}, "properties": {"osm_id": "", "name": "North Shore Substation", "operator": "Basin Electric Power Cooperative", "nominal_kv": 230, "sub_type": "transmission", "ref": ""}}, {"type": "Feature", "geometry": {"type": "Point", "coordinates": [-104.667005, 38.774611]}, "properties": {"osm_id": "", "name": "Horizon Substation", "operator": "Colorado Springs Utilities", "nominal_kv": 230, "sub_type": "", "ref": ""}}, {"type": "Feature", "geometry": {"type": "Point", "coordinates": [-104.6293, 38.936754]}, "properties": {"osm_id": "", "name": "Fuller Substation", "operator": "Colorado Springs Utilities", "nominal_kv": 230, "sub_type": "transmission", "ref": ""}}, {"type": "Feature", "geometry": {"type": "Point", "coordinates": [-104.632278, 38.633804]}, "properties": {"osm_id": "", "name": "Pike Solar Substation", "operator": "", "nominal_kv": 230, "sub_type": "generation", "ref": ""}}, {"type": "Feature", "geometry": {"type": "Point", "coordinates": [-102.403466, 38.352832]}, "properties": {"osm_id": "", "name": "May Valley Substation", "operator": "Public Service Company of Colorado", "nominal_kv": 345, "sub_type": "transmission", "ref": ""}}, {"type": "Feature", "geometry": {"type": "Point", "coordinates": [-102.500027, 38.99524]}, "properties": {"osm_id": "", "name": "Goose Creek Substation", "operator": "Public Service Company of Colorado", "nominal_kv": 345, "sub_type": "transmission", "ref": ""}}, {"type": "Feature", "geometry": {"type": "Point", "coordinates": [-103.713188, 40.143016]}, "properties": {"osm_id": "", "name": "Canal Crossing Substation", "operator": "Public Service Company of Colorado", "nominal_kv": 345, "sub_type": "transmission", "ref": ""}}, {"type": "Feature", "geometry": {"type": "Point", "coordinates": [-104.394796, 44.322024]}, "properties": {"osm_id": "", "name": "Bill Durfee Substation", "operator": "Powder River Energy Corporation", "nominal_kv": 230, "sub_type": "", "ref": ""}}, {"type": "Feature", "geometry": {"type": "Point", "coordinates": [-110.679745, 47.279557]}, "properties": {"osm_id": "", "name": "South Peak", "operator": "", "nominal_kv": 230, "sub_type": "distribution", "ref": ""}}, {"type": "Feature", "geometry": {"type": "Point", "coordinates": [-104.227006, 40.742965]}, "properties": {"osm_id": "", "name": "Keota Substation", "operator": "", "nominal_kv": 345, "sub_type": "transmission", "ref": ""}}, {"type": "Feature", "geometry": {"type": "Point", "coordinates": [-104.413426, 38.343829]}, "properties": {"osm_id": "", "name": "Tundra Switching Station", "operator": "Public Service Company of Colorado", "nominal_kv": 345, "sub_type": "transmission", "ref": ""}}, {"type": "Feature", "geometry": {"type": "Point", "coordinates": [-120.852918, 43.720311]}, "properties": {"osm_id": "", "name": "Sand Springs Capacitor Station", "operator": "Portland General Electric;Bonneville Power Administration", "nominal_kv": 500, "sub_type": "capacitor", "ref": ""}}, {"type": "Feature", "geometry": {"type": "Point", "coordinates": [-104.903309, 40.094508]}, "properties": {"osm_id": "", "name": "Sprindle Switching Station", "operator": "Public Service Company of Colorado", "nominal_kv": 230, "sub_type": "transmission", "ref": ""}}, {"type": "Feature", "geometry": {"type": "Point", "coordinates": [-104.937117, 40.542842]}, "properties": {"osm_id": "", "name": "Avery Substation", "operator": "Public Service Company of Colorado", "nominal_kv": 230, "sub_type": "minor_distribution", "ref": ""}}, {"type": "Feature", "geometry": {"type": "Point", "coordinates": [-103.345145, 43.158158]}, "properties": {"osm_id": "", "name": "Fall River Substation", "operator": "Black Hills Energy", "nominal_kv": 230, "sub_type": "switching", "ref": ""}}, {"type": "Feature", "geometry": {"type": "Point", "coordinates": [-105.040197, 40.333865]}, "properties": {"osm_id": "", "name": "Gateway Substation", "operator": "Tri-State Generation & Transmission;Poudre Valley Rural Electric Association", "nominal_kv": 230, "sub_type": "transmission", "ref": ""}}, {"type": "Feature", "geometry": {"type": "Point", "coordinates": [-104.813746, 41.112466]}, "properties": {"osm_id": "", "name": "Cheyenne Substation", "operator": "Western Area Power Administration", "nominal_kv": 230, "sub_type": "transmission", "ref": ""}}, {"type": "Feature", "geometry": {"type": "Point", "coordinates": [-106.826282, 45.027034]}, "properties": {"osm_id": "", "name": "Decker Substation", "operator": "Basin Electric Power Cooperative", "nominal_kv": 230, "sub_type": "", "ref": ""}}, {"type": "Feature", "geometry": {"type": "Point", "coordinates": [-111.886222, 33.237106]}, "properties": {"osm_id": "", "name": "Intel Substation", "operator": "", "nominal_kv": 230, "sub_type": "", "ref": ""}}, {"type": "Feature", "geometry": {"type": "Point", "coordinates": [-104.723671, 39.804453]}, "properties": {"osm_id": "", "name": "High Point Substation", "operator": "Public Service Company of Colorado", "nominal_kv": 230, "sub_type": "", "ref": ""}}, {"type": "Feature", "geometry": {"type": "Point", "coordinates": [-108.49872, 45.799442]}, "properties": {"osm_id": "", "name": "Rimrock Substation", "operator": "NorthWestern Energy", "nominal_kv": 230, "sub_type": "transmission", "ref": ""}}, {"type": "Feature", "geometry": {"type": "Point", "coordinates": [-102.052018, 32.020034]}, "properties": {"osm_id": "", "name": "Midland East Substation", "operator": "Oncor", "nominal_kv": 345, "sub_type": "transmission", "ref": ""}}, {"type": "Feature", "geometry": {"type": "Point", "coordinates": [-108.191458, 39.324223]}, "properties": {"osm_id": "", "name": "Bluestone Valley Substation", "operator": "Public Service Company of Colorado", "nominal_kv": 230, "sub_type": "transmission", "ref": ""}}, {"type": "Feature", "geometry": {"type": "Point", "coordinates": [-108.103786, 39.579082]}, "properties": {"osm_id": "", "name": "Middle Fork Substation", "operator": "", "nominal_kv": 230, "sub_type": "industrial", "ref": ""}}, {"type": "Feature", "geometry": {"type": "Point", "coordinates": [-122.269669, 39.368051]}, "properties": {"osm_id": "", "name": "Delevan Substation", "operator": "Pacific Gas and Electric", "nominal_kv": 230, "sub_type": "generation", "ref": ""}}, {"type": "Feature", "geometry": {"type": "Point", "coordinates": [-105.016317, 39.735064]}, "properties": {"osm_id": "", "name": "Denver Terminal Transition Site", "operator": "Public Service Company of Colorado", "nominal_kv": 230, "sub_type": "transition", "ref": ""}}, {"type": "Feature", "geometry": {"type": "Point", "coordinates": [-111.210071, 49.814346]}, "properties": {"osm_id": "", "name": "Forty Mile Bow Island Substation", "operator": "", "nominal_kv": 240, "sub_type": "", "ref": ""}}, {"type": "Feature", "geometry": {"type": "Point", "coordinates": [-113.218239, 31.330405]}, "properties": {"osm_id": "", "name": "Subestaci\u00f3n Pe\u00f1asco Fotovoltaico", "operator": "Comisi\u00f3n Federal de Electricidad", "nominal_kv": 400, "sub_type": "generation", "ref": ""}}, {"type": "Feature", "geometry": {"type": "Point", "coordinates": [-114.460592, 31.76454]}, "properties": {"osm_id": "", "name": "Subestaci\u00f3n Golfo de Santa Clara", "operator": "Comisi\u00f3n Federal de Electricidad", "nominal_kv": 400, "sub_type": "", "ref": ""}}, {"type": "Feature", "geometry": {"type": "Point", "coordinates": [-115.511291, 32.533307]}, "properties": {"osm_id": "", "name": "Subestaci\u00f3n Cucap\u00e1h", "operator": "Comisi\u00f3n Federal de Electricidad", "nominal_kv": 400, "sub_type": "", "ref": ""}}, {"type": "Feature", "geometry": {"type": "Point", "coordinates": [-114.716188, 32.418483]}, "properties": {"osm_id": "", "name": "Subestaci\u00f3n maniobras combusti\u00f3n interna", "operator": "Comisi\u00f3n Federal de Electricidad", "nominal_kv": 230, "sub_type": "generation", "ref": ""}}, {"type": "Feature", "geometry": {"type": "Point", "coordinates": [-104.792407, 39.609218]}, "properties": {"osm_id": "", "name": "Orchard Substation", "operator": "Core Electric Cooperative", "nominal_kv": 230, "sub_type": "", "ref": ""}}, {"type": "Feature", "geometry": {"type": "Point", "coordinates": [-108.358988, 36.83259]}, "properties": {"osm_id": "", "name": "San Juan Solar Substation", "operator": "", "nominal_kv": 345, "sub_type": "", "ref": ""}}, {"type": "Feature", "geometry": {"type": "Point", "coordinates": [-115.307438, 48.395076]}, "properties": {"osm_id": "", "name": "BPA Libby Substation", "operator": "Bonneville Power Administration", "nominal_kv": 230, "sub_type": "transmission", "ref": ""}}, {"type": "Feature", "geometry": {"type": "Point", "coordinates": [-114.312331, 48.245037]}, "properties": {"osm_id": "", "name": "BPA Flathead Substation", "operator": "Bonneville Power Administration", "nominal_kv": 230, "sub_type": "transmission", "ref": ""}}, {"type": "Feature", "geometry": {"type": "Point", "coordinates": [-119.616712, 45.84503]}, "properties": {"osm_id": "", "name": "Longhorn", "operator": "Bonneville Power Administration", "nominal_kv": 500, "sub_type": "transmission", "ref": ""}}, {"type": "Feature", "geometry": {"type": "Point", "coordinates": [-121.395064, 55.283682]}, "properties": {"osm_id": "", "name": "Meikle Switching Station", "operator": "", "nominal_kv": 230, "sub_type": "generation", "ref": "MKT"}}, {"type": "Feature", "geometry": {"type": "Point", "coordinates": [-121.392206, 55.282467]}, "properties": {"osm_id": "", "name": "Mooselake Wind Substation", "operator": "", "nominal_kv": 230, "sub_type": "generation", "ref": ""}}, {"type": "Feature", "geometry": {"type": "Point", "coordinates": [-114.628226, 47.57664]}, "properties": {"osm_id": "", "name": "BPA Hot Springs Substation", "operator": "Bonneville Power Administration", "nominal_kv": 500, "sub_type": "transmission", "ref": ""}}, {"type": "Feature", "geometry": {"type": "Point", "coordinates": [-102.930223, 47.799498]}, "properties": {"osm_id": "", "name": "Kummer Ridge Substation", "operator": "Basin Electric Power Cooperative", "nominal_kv": 345, "sub_type": "transmission", "ref": ""}}, {"type": "Feature", "geometry": {"type": "Point", "coordinates": [-119.014921, 51.230409]}, "properties": {"osm_id": "", "name": "Seymour Arm Capacitor Station", "operator": "", "nominal_kv": 500, "sub_type": "compensation", "ref": ""}}, {"type": "Feature", "geometry": {"type": "Point", "coordinates": [-122.40417, 45.558897]}, "properties": {"osm_id": "", "name": "Troutdale Substation", "operator": "Bonneville Power Administration", "nominal_kv": 500, "sub_type": "distribution", "ref": ""}}, {"type": "Feature", "geometry": {"type": "Point", "coordinates": [-104.747164, 40.602207]}, "properties": {"osm_id": "", "name": "Husky Substation", "operator": "Public Service Company of Colorado", "nominal_kv": 230, "sub_type": "transmission", "ref": ""}}, {"type": "Feature", "geometry": {"type": "Point", "coordinates": [-101.008011, 32.906556]}, "properties": {"osm_id": "", "name": "Mhos Substation", "operator": "Wind Energy Transmission of Texas", "nominal_kv": 345, "sub_type": "switching", "ref": ""}}, {"type": "Feature", "geometry": {"type": "Point", "coordinates": [-105.203091, 39.7341]}, "properties": {"osm_id": "", "name": "Lookout Substation", "operator": "Public Service Company of Colorado", "nominal_kv": 230, "sub_type": "transmission", "ref": ""}}, {"type": "Feature", "geometry": {"type": "Point", "coordinates": [-115.608199, 47.843134]}, "properties": {"osm_id": "", "name": "NLEC Trout Creek Substation", "operator": "Northern Lights Electric Cooperative", "nominal_kv": 230, "sub_type": "", "ref": ""}}, {"type": "Feature", "geometry": {"type": "Point", "coordinates": [-113.030765, 35.299774]}, "properties": {"osm_id": "", "name": "Juniper Mountain Substation", "operator": "", "nominal_kv": 230, "sub_type": "", "ref": ""}}, {"type": "Feature", "geometry": {"type": "Point", "coordinates": [-104.773387, 40.098122]}, "properties": {"osm_id": "", "name": "JM Shafer Substation", "operator": "Tri-State Generation and Transmission Association", "nominal_kv": 230, "sub_type": "generation", "ref": ""}}, {"type": "Feature", "geometry": {"type": "Point", "coordinates": [-104.721387, 38.946274]}, "properties": {"osm_id": "", "name": "Briargate Substation", "operator": "Colorado Springs Utilities", "nominal_kv": 230, "sub_type": "transmission", "ref": ""}}, {"type": "Feature", "geometry": {"type": "Point", "coordinates": [-104.927836, 40.022724]}, "properties": {"osm_id": "", "name": "Arnold Substation", "operator": "United Power", "nominal_kv": 230, "sub_type": "industrial", "ref": ""}}, {"type": "Feature", "geometry": {"type": "Point", "coordinates": [-101.576726, 34.405608]}, "properties": {"osm_id": "", "name": "Frye Substation", "operator": "", "nominal_kv": 345, "sub_type": "switching", "ref": ""}}, {"type": "Feature", "geometry": {"type": "Point", "coordinates": [-104.446232, 37.395276]}, "properties": {"osm_id": "", "name": "Spanish Peaks Solar Substation", "operator": "", "nominal_kv": 230, "sub_type": "generation", "ref": ""}}, {"type": "Feature", "geometry": {"type": "Point", "coordinates": [-104.423776, 37.409386]}, "properties": {"osm_id": "", "name": "Valent Switching Station", "operator": "Tri-State Generation and Transmission Association", "nominal_kv": 230, "sub_type": "transmission", "ref": ""}}, {"type": "Feature", "geometry": {"type": "Point", "coordinates": [-108.443505, 36.803183]}, "properties": {"osm_id": "", "name": "San Juan North", "operator": "", "nominal_kv": 345, "sub_type": "transmission", "ref": ""}}, {"type": "Feature", "geometry": {"type": "Point", "coordinates": [-113.306916, 53.588994]}, "properties": {"osm_id": "", "name": "Aurum Substation", "operator": "AltaLink", "nominal_kv": 240, "sub_type": "industrial", "ref": ""}}, {"type": "Feature", "geometry": {"type": "Point", "coordinates": [-121.250706, 40.007432]}, "properties": {"osm_id": "", "name": "Belden Switchyard", "operator": "Pacific Gas and Electric Company", "nominal_kv": 230, "sub_type": "generation", "ref": ""}}]}